date,target_open,target_close,benchmark_close,buy_amount,buy_shares,sell_value,realized_pnl_before_tax,realized_pnl_after_tax,tax,interest,gross_exposure,cash,equity,unrealized_pnl,margin_ratio,maintenance_ratio,selected_params_id,events
2014-01-06,5770.0,5625.0,15908.8798828125,0.0,0,0.0,0.0,0.0,0.0,0.0,0.0,5000000.0,5000000.0,0.0,inf,inf,-1,
2014-01-07,5560.0,5555.0,15814.3701171875,0.0,0,0.0,0.0,0.0,0.0,0.0,0.0,5000000.0,5000000.0,0.0,inf,inf,-1,
2014-01-08,5635.0,5755.0,16121.4501953125,0.0,0,0.0,0.0,0.0,0.0,0.0,0.0,5000000.0,5000000.0,0.0,inf,inf,-1,
2014-01-09,5670.0,5590.0,15880.330078125,0.0,0,0.0,0.0,0.0,0.0,0.0,0.0,5000000.0,5000000.0,0.0,inf,inf,-1,
2014-01-10,5570.0,5620.0,15912.0595703125,0.0,0,0.0,0.0,0.0,0.0,0.0,0.0,5000000.0,5000000.0,0.0,inf,inf,-1,
2014-01-14,5350.0,5265.0,15422.400390625,0.0,0,0.0,0.0,0.0,0.0,0.0,0.0,5000000.0,5000000.0,0.0,inf,inf,-1,
2014-01-15,5415.0,5510.0,15808.73046875,0.0,0,0.0,0.0,0.0,0.0,0.0,0.0,5000000.0,5000000.0,0.0,inf,inf,-1,
2014-01-16,5540.0,5490.0,15747.2001953125,0.0,0,0.0,0.0,0.0,0.0,0.0,0.0,5000000.0,5000000.0,0.0,inf,inf,-1,
2014-01-17,5440.0,5475.0,15734.4599609375,0.0,0,0.0,0.0,0.0,0.0,0.0,0.0,5000000.0,5000000.0,0.0,inf,inf,-1,
2014-01-20,5465.0,5415.0,15641.6796875,0.0,0,0.0,0.0,0.0,0.0,0.0,0.0,5000000.0,5000000.0,0.0,inf,inf,-1,
2014-01-21,5460.0,5520.0,15795.9599609375,0.0,0,0.0,0.0,0.0,0.0,0.0,0.0,5000000.0,5000000.0,0.0,inf,inf,-1,
2014-01-22,5475.0,5550.0,15820.9599609375,0.0,0,0.0,0.0,0.0,0.0,0.0,0.0,5000000.0,5000000.0,0.0,inf,inf,-1,
2014-01-23,5600.0,5455.0,15695.8896484375,0.0,0,0.0,0.0,0.0,0.0,0.0,0.0,5000000.0,5000000.0,0.0,inf,inf,-1,
2014-01-24,5255.0,5240.0,15391.5595703125,0.0,0,0.0,0.0,0.0,0.0,0.0,0.0,5000000.0,5000000.0,0.0,inf,inf,-1,
2014-01-27,4970.0,4990.0,15005.73046875,0.0,0,0.0,0.0,0.0,0.0,0.0,0.0,5000000.0,5000000.0,0.0,inf,inf,-1,
2014-01-28,4995.0,4955.0,14980.16015625,0.0,0,0.0,0.0,0.0,0.0,0.0,0.0,5000000.0,5000000.0,0.0,inf,inf,-1,
2014-01-29,5100.0,5220.0,15383.91015625,0.0,0,0.0,0.0,0.0,0.0,0.0,0.0,5000000.0,5000000.0,0.0,inf,inf,-1,
2014-01-30,4955.0,4955.0,15007.0595703125,0.0,0,0.0,0.0,0.0,0.0,0.0,0.0,5000000.0,5000000.0,0.0,inf,inf,-1,
2014-01-31,5050.0,4890.0,14914.5302734375,0.0,0,0.0,0.0,0.0,0.0,0.0,0.0,5000000.0,5000000.0,0.0,inf,inf,-1,
2014-02-03,4815.0,4715.0,14619.1298828125,0.0,0,0.0,0.0,0.0,0.0,0.0,0.0,5000000.0,5000000.0,0.0,inf,inf,-1,
2014-02-04,4425.0,4335.0,14008.4697265625,0.0,0,0.0,0.0,0.0,0.0,0.0,0.0,5000000.0,5000000.0,0.0,inf,inf,-1,
2014-02-05,4460.0,4415.0,14180.3798828125,0.0,0,0.0,0.0,0.0,0.0,0.0,0.0,5000000.0,5000000.0,0.0,inf,inf,-1,
2014-02-06,4450.0,4405.0,14155.1201171875,0.0,0,0.0,0.0,0.0,0.0,0.0,0.0,5000000.0,5000000.0,0.0,inf,inf,-1,
2014-02-07,4545.0,4585.0,14462.41015625,0.0,0,0.0,0.0,0.0,0.0,0.0,0.0,5000000.0,5000000.0,0.0,inf,inf,-1,
2014-02-10,4705.0,4750.0,14718.33984375,0.0,0,0.0,0.0,0.0,0.0,0.0,0.0,5000000.0,5000000.0,0.0,inf,inf,-1,
2014-02-12,4825.0,4790.0,14800.0595703125,0.0,0,0.0,0.0,0.0,0.0,0.0,0.0,5000000.0,5000000.0,0.0,inf,inf,-1,
2014-02-13,4785.0,4635.0,14534.740234375,0.0,0,0.0,0.0,0.0,0.0,0.0,0.0,5000000.0,5000000.0,0.0,inf,inf,-1,
2014-02-14,4635.0,4490.0,14313.0302734375,0.0,0,0.0,0.0,0.0,0.0,0.0,0.0,5000000.0,5000000.0,0.0,inf,inf,-1,
2014-02-17,4500.0,4545.0,14393.1103515625,0.0,0,0.0,0.0,0.0,0.0,0.0,0.0,5000000.0,5000000.0,0.0,inf,inf,-1,
2014-02-18,4610.0,4825.0,14843.240234375,0.0,0,0.0,0.0,0.0,0.0,0.0,0.0,5000000.0,5000000.0,0.0,inf,inf,-1,
2014-02-19,4750.0,4780.0,14766.5302734375,0.0,0,0.0,0.0,0.0,0.0,0.0,0.0,5000000.0,5000000.0,0.0,inf,inf,-1,
2014-02-20,4725.0,4565.0,14449.1796875,0.0,0,0.0,0.0,0.0,0.0,0.0,0.0,5000000.0,5000000.0,0.0,inf,inf,-1,
2014-02-21,4700.0,4835.0,14865.669921875,0.0,0,0.0,0.0,0.0,0.0,0.0,0.0,5000000.0,5000000.0,0.0,inf,inf,-1,
2014-02-24,4790.0,4815.0,14837.6796875,0.0,0,0.0,0.0,0.0,0.0,0.0,0.0,5000000.0,5000000.0,0.0,inf,inf,-1,
2014-02-25,4920.0,4950.0,15051.599609375,0.0,0,0.0,0.0,0.0,0.0,0.0,0.0,5000000.0,5000000.0,0.0,inf,inf,-1,
2014-02-26,4865.0,4910.0,14970.9697265625,0.0,0,0.0,0.0,0.0,0.0,0.0,0.0,5000000.0,5000000.0,0.0,inf,inf,-1,
2014-02-27,4885.0,4870.0,14923.1103515625,0.0,0,0.0,0.0,0.0,0.0,0.0,0.0,5000000.0,5000000.0,0.0,inf,inf,-1,
2014-02-28,4870.0,4810.0,14841.0703125,0.0,0,0.0,0.0,0.0,0.0,0.0,0.0,5000000.0,5000000.0,0.0,inf,inf,-1,
2014-03-03,4705.0,4690.0,14652.23046875,0.0,0,0.0,0.0,0.0,0.0,0.0,0.0,5000000.0,5000000.0,0.0,inf,inf,-1,
2014-03-04,4630.0,4735.0,14721.48046875,0.0,0,0.0,0.0,0.0,0.0,0.0,0.0,5000000.0,5000000.0,0.0,inf,inf,-1,
2014-03-05,4900.0,4850.0,14897.6298828125,0.0,0,0.0,0.0,0.0,0.0,0.0,0.0,5000000.0,5000000.0,0.0,inf,inf,-1,
2014-03-06,4870.0,5015.0,15134.75,0.0,0,0.0,0.0,0.0,0.0,0.0,0.0,5000000.0,5000000.0,0.0,inf,inf,-1,
2014-03-07,5090.0,5100.0,15274.0703125,0.0,0,0.0,0.0,0.0,0.0,0.0,0.0,5000000.0,5000000.0,0.0,inf,inf,-1,
2014-03-10,5050.0,4990.0,15120.1396484375,0.0,0,0.0,0.0,0.0,0.0,0.0,0.0,5000000.0,5000000.0,0.0,inf,inf,-1,
2014-03-11,5035.0,5065.0,15224.1103515625,0.0,0,0.0,0.0,0.0,0.0,0.0,0.0,5000000.0,5000000.0,0.0,inf,inf,-1,
2014-03-12,4920.0,4810.0,14830.3896484375,0.0,0,0.0,0.0,0.0,0.0,0.0,0.0,5000000.0,5000000.0,0.0,inf,inf,-1,
2014-03-13,4815.0,4790.0,14815.98046875,0.0,0,0.0,0.0,0.0,0.0,0.0,0.0,5000000.0,5000000.0,0.0,inf,inf,-1,
2014-03-14,4555.0,4460.0,14327.66015625,0.0,0,0.0,0.0,0.0,0.0,0.0,0.0,5000000.0,5000000.0,0.0,inf,inf,-1,
2014-03-17,4450.0,4440.0,14277.669921875,0.0,0,0.0,0.0,0.0,0.0,0.0,0.0,5000000.0,5000000.0,0.0,inf,inf,-1,
2014-03-18,4590.0,4520.0,14411.26953125,0.0,0,0.0,0.0,0.0,0.0,0.0,0.0,5000000.0,5000000.0,0.0,inf,inf,-1,
2014-03-19,4575.0,4555.0,14462.51953125,0.0,0,0.0,0.0,0.0,0.0,0.0,0.0,5000000.0,5000000.0,0.0,inf,inf,-1,
2014-03-20,4605.0,4410.0,14224.23046875,0.0,0,0.0,0.0,0.0,0.0,0.0,0.0,5000000.0,5000000.0,0.0,inf,inf,-1,
2014-03-24,4435.0,4550.0,14475.2998046875,0.0,0,0.0,0.0,0.0,0.0,0.0,0.0,5000000.0,5000000.0,0.0,inf,inf,-1,
2014-03-25,4495.0,4520.0,14423.1904296875,0.0,0,0.0,0.0,0.0,0.0,0.0,0.0,5000000.0,5000000.0,0.0,inf,inf,-1,
2014-03-26,4570.0,4540.0,14477.16015625,0.0,0,0.0,0.0,0.0,0.0,0.0,0.0,5000000.0,5000000.0,0.0,inf,inf,-1,
2014-03-27,4490.0,4710.0,14622.8896484375,0.0,0,0.0,0.0,0.0,0.0,0.0,0.0,5000000.0,5000000.0,0.0,inf,inf,-1,
2014-03-28,4665.0,4755.0,14696.0302734375,0.0,0,0.0,0.0,0.0,0.0,0.0,0.0,5000000.0,5000000.0,0.0,inf,inf,-1,
2014-03-31,4830.0,4815.0,14827.830078125,0.0,0,0.0,0.0,0.0,0.0,0.0,0.0,5000000.0,5000000.0,0.0,inf,inf,-1,
2014-04-01,4855.0,4820.0,14791.990234375,0.0,0,0.0,0.0,0.0,0.0,0.0,0.0,5000000.0,5000000.0,0.0,inf,inf,-1,
2014-04-02,4885.0,4925.0,14946.3203125,0.0,0,0.0,0.0,0.0,0.0,0.0,0.0,5000000.0,5000000.0,0.0,inf,inf,-1,
2014-04-03,4960.0,5000.0,15071.8798828125,0.0,0,0.0,0.0,0.0,0.0,0.0,0.0,5000000.0,5000000.0,0.0,inf,inf,-1,
2014-04-04,4960.0,5000.0,15063.76953125,0.0,0,0.0,0.0,0.0,0.0,0.0,0.0,5000000.0,5000000.0,0.0,inf,inf,-1,
2014-04-07,4865.0,4830.0,14808.849609375,0.0,0,0.0,0.0,0.0,0.0,0.0,0.0,5000000.0,5000000.0,0.0,inf,inf,-1,
2014-04-08,4775.0,4705.0,14606.8798828125,0.0,0,0.0,0.0,0.0,0.0,0.0,0.0,5000000.0,5000000.0,0.0,inf,inf,-1,
2014-04-09,4605.0,4505.0,14299.6904296875,0.0,0,0.0,0.0,0.0,0.0,0.0,0.0,5000000.0,5000000.0,0.0,inf,inf,-1,
2014-04-10,4625.0,4500.0,14300.1201171875,0.0,0,0.0,0.0,0.0,0.0,0.0,0.0,5000000.0,5000000.0,0.0,inf,inf,-1,
2014-04-11,4280.0,4285.0,13960.0498046875,0.0,0,0.0,0.0,0.0,0.0,0.0,0.0,5000000.0,5000000.0,0.0,inf,inf,-1,
2014-04-14,4240.0,4270.0,13910.16015625,0.0,0,0.0,0.0,0.0,0.0,0.0,0.0,5000000.0,5000000.0,0.0,inf,inf,-1,
2014-04-15,4345.0,4305.0,13996.8095703125,0.0,0,0.0,0.0,0.0,0.0,0.0,0.0,5000000.0,5000000.0,0.0,inf,inf,-1,
2014-04-16,4405.0,4560.0,14417.6796875,0.0,0,0.0,0.0,0.0,0.0,0.0,0.0,5000000.0,5000000.0,0.0,inf,inf,-1,
2014-04-17,4545.0,4570.0,14417.5302734375,0.0,0,0.0,0.0,0.0,0.0,0.0,0.0,5000000.0,5000000.0,0.0,inf,inf,-1,
2014-04-18,4615.0,4625.0,14516.26953125,0.0,0,0.0,0.0,0.0,0.0,0.0,0.0,5000000.0,5000000.0,0.0,inf,inf,-1,
2014-04-21,4645.0,4625.0,14512.3798828125,0.0,0,0.0,0.0,0.0,0.0,0.0,0.0,5000000.0,5000000.0,0.0,inf,inf,-1,
2014-04-22,4660.0,4540.0,14388.76953125,0.0,0,0.0,0.0,0.0,0.0,0.0,0.0,5000000.0,5000000.0,0.0,inf,inf,-1,
2014-04-23,4610.0,4645.0,14546.26953125,0.0,0,0.0,0.0,0.0,0.0,0.0,0.0,5000000.0,5000000.0,0.0,inf,inf,-1,
2014-04-24,4650.0,4565.0,14404.990234375,0.0,0,0.0,0.0,0.0,0.0,0.0,0.0,5000000.0,5000000.0,0.0,inf,inf,-1,
2014-04-25,4535.0,4580.0,14429.259765625,0.0,0,0.0,0.0,0.0,0.0,0.0,0.0,5000000.0,5000000.0,0.0,inf,inf,-1,
2014-04-28,4495.0,4485.0,14288.23046875,0.0,0,0.0,0.0,0.0,0.0,0.0,0.0,5000000.0,5000000.0,0.0,inf,inf,-1,
2014-04-30,4560.0,4480.0,14304.1103515625,0.0,0,0.0,0.0,0.0,0.0,0.0,0.0,5000000.0,5000000.0,0.0,inf,inf,-1,
2014-05-01,4515.0,4595.0,14485.1298828125,0.0,0,0.0,0.0,0.0,0.0,0.0,0.0,5000000.0,5000000.0,0.0,inf,inf,-1,
2014-05-02,4575.0,4580.0,14457.509765625,0.0,0,0.0,0.0,0.0,0.0,0.0,0.0,5000000.0,5000000.0,0.0,inf,inf,-1,
2014-05-07,4465.0,4330.0,14033.4501953125,0.0,0,0.0,0.0,0.0,0.0,0.0,0.0,5000000.0,5000000.0,0.0,inf,inf,-1,
2014-05-08,4380.0,4390.0,14163.7802734375,0.0,0,0.0,0.0,0.0,0.0,0.0,0.0,5000000.0,5000000.0,0.0,inf,inf,-1,
2014-05-09,4350.0,4415.0,14199.58984375,0.0,0,0.0,0.0,0.0,0.0,0.0,0.0,5000000.0,5000000.0,0.0,inf,inf,-1,
2014-05-12,4405.0,4390.0,14149.51953125,0.0,0,0.0,0.0,0.0,0.0,0.0,0.0,5000000.0,5000000.0,0.0,inf,inf,-1,
2014-05-13,4530.0,4545.0,14425.4404296875,0.0,0,0.0,0.0,0.0,0.0,0.0,0.0,5000000.0,5000000.0,0.0,inf,inf,-1,
2014-05-14,4535.0,4545.0,14405.759765625,0.0,0,0.0,0.0,0.0,0.0,0.0,0.0,5000000.0,5000000.0,0.0,inf,inf,-1,
2014-05-15,4450.0,4470.0,14298.2099609375,0.0,0,0.0,0.0,0.0,0.0,0.0,0.0,5000000.0,5000000.0,0.0,inf,inf,-1,
2014-05-16,4340.0,4355.0,14096.58984375,0.0,0,0.0,0.0,0.0,0.0,0.0,0.0,5000000.0,5000000.0,0.0,inf,inf,-1,
2014-05-19,4380.0,4300.0,14006.4404296875,0.0,0,0.0,0.0,0.0,0.0,0.0,0.0,5000000.0,5000000.0,0.0,inf,inf,-1,
2014-05-20,4340.0,4335.0,14075.25,0.0,0,0.0,0.0,0.0,0.0,0.0,0.0,5000000.0,5000000.0,0.0,inf,inf,-1,
2014-05-21,4270.0,4320.0,14042.169921875,0.0,0,0.0,0.0,0.0,0.0,0.0,0.0,5000000.0,5000000.0,0.0,inf,inf,-1,
2014-05-22,4400.0,4495.0,14337.7900390625,0.0,0,0.0,0.0,0.0,0.0,0.0,0.0,5000000.0,5000000.0,0.0,inf,inf,-1,
2014-05-23,4525.0,4575.0,14462.169921875,0.0,0,0.0,0.0,0.0,0.0,0.0,0.0,5000000.0,5000000.0,0.0,inf,inf,-1,
2014-05-26,4645.0,4655.0,14602.51953125,0.0,0,0.0,0.0,0.0,0.0,0.0,0.0,5000000.0,5000000.0,0.0,inf,inf,-1,
2014-05-27,4655.0,4680.0,14636.51953125,0.0,0,0.0,0.0,0.0,0.0,0.0,0.0,5000000.0,5000000.0,0.0,inf,inf,-1,
2014-05-28,4680.0,4700.0,14670.9501953125,0.0,0,0.0,0.0,0.0,0.0,0.0,0.0,5000000.0,5000000.0,0.0,inf,inf,-1,
2014-05-29,4650.0,4710.0,14681.7197265625,0.0,0,0.0,0.0,0.0,0.0,0.0,0.0,5000000.0,5000000.0,0.0,inf,inf,-1,
2014-05-30,4730.0,4680.0,14632.3798828125,0.0,0,0.0,0.0,0.0,0.0,0.0,0.0,5000000.0,5000000.0,0.0,inf,inf,-1,
2014-06-02,4785.0,4880.0,14935.919921875,0.0,0,0.0,0.0,0.0,0.0,0.0,0.0,5000000.0,5000000.0,0.0,inf,inf,-1,
2014-06-03,4965.0,4945.0,15034.25,0.0,0,0.0,0.0,0.0,0.0,0.0,0.0,5000000.0,5000000.0,0.0,inf,inf,-1,
2014-06-04,4960.0,4955.0,15067.9599609375,0.0,0,0.0,0.0,0.0,0.0,0.0,0.0,5000000.0,5000000.0,0.0,inf,inf,-1,
2014-06-05,4990.0,4975.0,15079.3701171875,0.0,0,0.0,0.0,0.0,0.0,0.0,0.0,5000000.0,5000000.0,0.0,inf,inf,-1,
2014-06-06,4995.0,4965.0,15077.240234375,0.0,0,0.0,0.0,0.0,0.0,0.0,0.0,5000000.0,5000000.0,0.0,inf,inf,-1,
2014-06-09,5045.0,4990.0,15124.0,0.0,0,0.0,0.0,0.0,0.0,0.0,0.0,5000000.0,5000000.0,0.0,inf,inf,-1,
2014-06-10,5000.0,4900.0,14994.7998046875,0.0,0,0.0,0.0,0.0,0.0,0.0,0.0,5000000.0,5000000.0,0.0,inf,inf,-1,
2014-06-11,4900.0,4950.0,15069.48046875,0.0,0,0.0,0.0,0.0,0.0,0.0,0.0,5000000.0,5000000.0,0.0,inf,inf,-1,
2014-06-12,4880.0,4885.0,14973.5302734375,0.0,0,0.0,0.0,0.0,0.0,0.0,0.0,5000000.0,5000000.0,0.0,inf,inf,-1,
2014-06-13,4810.0,4980.0,15097.83984375,0.0,0,0.0,0.0,0.0,0.0,0.0,0.0,5000000.0,5000000.0,0.0,inf,inf,-1,
2014-06-16,4945.0,4865.0,14933.2900390625,0.0,0,0.0,0.0,0.0,0.0,0.0,0.0,5000000.0,5000000.0,0.0,inf,inf,-1,
2014-06-17,4890.0,4885.0,14975.9697265625,0.0,0,0.0,0.0,0.0,0.0,0.0,0.0,5000000.0,5000000.0,0.0,inf,inf,-1,
2014-06-18,4920.0,4995.0,15115.7998046875,0.0,0,0.0,0.0,0.0,0.0,0.0,0.0,5000000.0,5000000.0,0.0,inf,inf,-1,
2014-06-19,5000.0,5145.0,15361.16015625,0.0,0,0.0,0.0,0.0,0.0,0.0,0.0,5000000.0,5000000.0,0.0,inf,inf,-1,
2014-06-20,5140.0,5130.0,15349.419921875,0.0,0,0.0,0.0,0.0,0.0,0.0,0.0,5000000.0,5000000.0,0.0,inf,inf,-1,
2014-06-23,5180.0,5150.0,15369.2802734375,0.0,0,0.0,0.0,0.0,0.0,0.0,0.0,5000000.0,5000000.0,0.0,inf,inf,-1,
2014-06-24,5105.0,5165.0,15376.240234375,0.0,0,0.0,0.0,0.0,0.0,0.0,0.0,5000000.0,5000000.0,0.0,inf,inf,-1,
2014-06-25,5105.0,5085.0,15266.6103515625,0.0,0,0.0,0.0,0.0,0.0,0.0,0.0,5000000.0,5000000.0,0.0,inf,inf,-1,
2014-06-26,5120.0,5120.0,15308.490234375,0.0,0,0.0,0.0,0.0,0.0,0.0,0.0,5000000.0,5000000.0,0.0,inf,inf,-1,
2014-06-27,5100.0,4965.0,15095.0,0.0,0,0.0,0.0,0.0,0.0,0.0,0.0,5000000.0,5000000.0,0.0,inf,inf,-1,
2014-06-30,5010.0,5015.0,15162.099609375,0.0,0,0.0,0.0,0.0,0.0,0.0,0.0,5000000.0,5000000.0,0.0,inf,inf,-1,
2014-07-01,5020.0,5125.0,15326.2001953125,0.0,0,0.0,0.0,0.0,0.0,0.0,0.0,5000000.0,5000000.0,0.0,inf,inf,-1,
2014-07-02,5175.0,5155.0,15369.9697265625,0.0,0,0.0,0.0,0.0,0.0,0.0,0.0,5000000.0,5000000.0,0.0,inf,inf,-1,
2014-07-03,5180.0,5135.0,15348.2900390625,0.0,0,0.0,0.0,0.0,0.0,0.0,0.0,5000000.0,5000000.0,0.0,inf,inf,-1,
2014-07-04,5230.0,5200.0,15437.1298828125,0.0,0,0.0,0.0,0.0,0.0,0.0,0.0,5000000.0,5000000.0,0.0,inf,inf,-1,
2014-07-07,5195.0,5170.0,15379.4404296875,0.0,0,0.0,0.0,0.0,0.0,0.0,0.0,5000000.0,5000000.0,0.0,inf,inf,-1,
2014-07-08,5110.0,5120.0,15314.41015625,0.0,0,0.0,0.0,0.0,0.0,0.0,0.0,5000000.0,5000000.0,0.0,inf,inf,-1,
2014-07-09,5035.0,5115.0,15302.650390625,0.0,0,0.0,0.0,0.0,0.0,0.0,0.0,5000000.0,5000000.0,0.0,inf,inf,-1,
2014-07-10,5115.0,5055.0,15216.4697265625,0.0,0,0.0,0.0,0.0,0.0,0.0,0.0,5000000.0,5000000.0,0.0,inf,inf,-1,
2014-07-11,4990.0,5025.0,15164.0400390625,0.0,0,0.0,0.0,0.0,0.0,0.0,0.0,5000000.0,5000000.0,0.0,inf,inf,-1,
2014-07-14,5045.0,5110.0,15296.8203125,0.0,0,0.0,0.0,0.0,0.0,0.0,0.0,5000000.0,5000000.0,0.0,inf,inf,-1,
2014-07-15,5140.0,5170.0,15395.16015625,0.0,0,0.0,0.0,0.0,0.0,0.0,0.0,5000000.0,5000000.0,0.0,inf,inf,-1,
2014-07-16,5145.0,5155.0,15379.2998046875,0.0,0,0.0,0.0,0.0,0.0,0.0,0.0,5000000.0,5000000.0,0.0,inf,inf,-1,
2014-07-17,5185.0,5155.0,15370.259765625,0.0,0,0.0,0.0,0.0,0.0,0.0,0.0,5000000.0,5000000.0,0.0,inf,inf,-1,
2014-07-18,5030.0,5055.0,15215.7099609375,0.0,0,0.0,0.0,0.0,0.0,0.0,0.0,5000000.0,5000000.0,0.0,inf,inf,-1,
2014-07-22,5095.0,5125.0,15343.2802734375,0.0,0,0.0,0.0,0.0,0.0,0.0,0.0,5000000.0,5000000.0,0.0,inf,inf,-1,
2014-07-23,5145.0,5115.0,15328.5595703125,0.0,0,0.0,0.0,0.0,0.0,0.0,0.0,5000000.0,5000000.0,0.0,inf,inf,-1,
2014-07-24,5130.0,5090.0,15284.419921875,0.0,0,0.0,0.0,0.0,0.0,0.0,0.0,5000000.0,5000000.0,0.0,inf,inf,-1,
2014-07-25,5140.0,5205.0,15457.8701171875,0.0,0,0.0,0.0,0.0,0.0,0.0,0.0,5000000.0,5000000.0,0.0,inf,inf,-1,
2014-07-28,5190.0,5260.0,15529.400390625,0.0,0,0.0,0.0,0.0,0.0,0.0,0.0,5000000.0,5000000.0,0.0,inf,inf,-1,
2014-07-29,5285.0,5315.0,15618.0703125,0.0,0,0.0,0.0,0.0,0.0,0.0,0.0,5000000.0,5000000.0,0.0,inf,inf,-1,
2014-07-30,5335.0,5335.0,15646.23046875,0.0,0,0.0,0.0,0.0,0.0,0.0,0.0,5000000.0,5000000.0,0.0,inf,inf,-1,
2014-07-31,5400.0,5320.0,15620.76953125,0.0,0,0.0,0.0,0.0,0.0,0.0,0.0,5000000.0,5000000.0,0.0,inf,inf,-1,
2014-08-01,5250.0,5265.0,15523.1103515625,0.0,0,0.0,0.0,0.0,0.0,0.0,0.0,5000000.0,5000000.0,0.0,inf,inf,-1,
2014-08-04,5240.0,5230.0,15474.5,0.0,0,0.0,0.0,0.0,0.0,0.0,0.0,5000000.0,5000000.0,0.0,inf,inf,-1,
2014-08-05,5245.0,5115.0,15320.3095703125,0.0,0,0.0,0.0,0.0,0.0,0.0,0.0,5000000.0,5000000.0,0.0,inf,inf,-1,
2014-08-06,5080.0,5025.0,15159.7900390625,0.0,0,0.0,0.0,0.0,0.0,0.0,0.0,5000000.0,5000000.0,0.0,inf,inf,-1,
2014-08-07,5005.0,5050.0,15232.3701171875,0.0,0,0.0,0.0,0.0,0.0,0.0,0.0,5000000.0,5000000.0,0.0,inf,inf,-1,
2014-08-08,4930.0,4760.0,14778.3701171875,0.0,0,0.0,0.0,0.0,0.0,0.0,0.0,5000000.0,5000000.0,0.0,inf,inf,-1,
2014-08-11,4925.0,4980.0,15130.51953125,0.0,0,0.0,0.0,0.0,0.0,0.0,0.0,5000000.0,5000000.0,0.0,inf,inf,-1,
2014-08-12,4990.0,5000.0,15161.3095703125,0.0,0,0.0,0.0,0.0,0.0,0.0,0.0,5000000.0,5000000.0,0.0,inf,inf,-1,
2014-08-13,4980.0,5035.0,15213.6298828125,0.0,0,0.0,0.0,0.0,0.0,0.0,0.0,5000000.0,5000000.0,0.0,inf,inf,-1,
2014-08-14,5075.0,5090.0,15314.5703125,0.0,0,0.0,0.0,0.0,0.0,0.0,0.0,5000000.0,5000000.0,0.0,inf,inf,-1,
2014-08-15,5100.0,5100.0,15318.33984375,0.0,0,0.0,0.0,0.0,0.0,0.0,0.0,5000000.0,5000000.0,0.0,inf,inf,-1,
2014-08-18,5115.0,5100.0,15322.599609375,0.0,0,0.0,0.0,0.0,0.0,0.0,0.0,5000000.0,5000000.0,0.0,inf,inf,-1,
2014-08-19,5185.0,5190.0,15449.7900390625,0.0,0,0.0,0.0,0.0,0.0,0.0,0.0,5000000.0,5000000.0,0.0,inf,inf,-1,
2014-08-20,5210.0,5190.0,15454.4501953125,0.0,0,0.0,0.0,0.0,0.0,0.0,0.0,5000000.0,5000000.0,0.0,inf,inf,-1,
2014-08-21,5230.0,5280.0,15586.2001953125,0.0,0,0.0,0.0,0.0,0.0,0.0,0.0,5000000.0,5000000.0,0.0,inf,inf,-1,
2014-08-22,5295.0,5250.0,15539.1904296875,0.0,0,0.0,0.0,0.0,0.0,0.0,0.0,5000000.0,5000000.0,0.0,inf,inf,-1,
2014-08-25,5285.0,5300.0,15613.25,0.0,0,0.0,0.0,0.0,0.0,0.0,0.0,5000000.0,5000000.0,0.0,inf,inf,-1,
2014-08-26,5285.0,5235.0,15521.2197265625,0.0,0,0.0,0.0,0.0,0.0,0.0,0.0,5000000.0,5000000.0,0.0,inf,inf,-1,
2014-08-27,5250.0,5250.0,15534.8203125,0.0,0,0.0,0.0,0.0,0.0,0.0,0.0,5000000.0,5000000.0,0.0,inf,inf,-1,
2014-08-28,5215.0,5190.0,15459.8603515625,0.0,0,0.0,0.0,0.0,0.0,0.0,0.0,5000000.0,5000000.0,0.0,inf,inf,-1,
2014-08-29,5170.0,5175.0,15424.58984375,0.0,0,0.0,0.0,0.0,0.0,0.0,0.0,5000000.0,5000000.0,0.0,inf,inf,-1,
2014-09-01,5200.0,5205.0,15476.599609375,0.0,0,0.0,0.0,0.0,0.0,0.0,0.0,5000000.0,5000000.0,0.0,inf,inf,-1,
2014-09-02,5235.0,5340.0,15668.599609375,0.0,0,0.0,0.0,0.0,0.0,0.0,0.0,5000000.0,5000000.0,0.0,inf,inf,-1,
2014-09-03,5415.0,5375.0,15728.349609375,0.0,0,0.0,0.0,0.0,0.0,0.0,0.0,5000000.0,5000000.0,0.0,inf,inf,-1,
2014-09-04,5360.0,5345.0,15676.1796875,0.0,0,0.0,0.0,0.0,0.0,0.0,0.0,5000000.0,5000000.0,0.0,inf,inf,-1,
2014-09-05,5420.0,5345.0,15668.6796875,0.0,0,0.0,0.0,0.0,0.0,0.0,0.0,5000000.0,5000000.0,0.0,inf,inf,-1,
2014-09-08,5375.0,5360.0,15705.1103515625,0.0,0,0.0,0.0,0.0,0.0,0.0,0.0,5000000.0,5000000.0,0.0,inf,inf,-1,
2014-09-09,5420.0,5390.0,15749.150390625,0.0,0,0.0,0.0,0.0,0.0,0.0,0.0,5000000.0,5000000.0,0.0,inf,inf,-1,
2014-09-10,5325.0,5415.0,15788.7802734375,0.0,0,0.0,0.0,0.0,0.0,0.0,0.0,5000000.0,5000000.0,0.0,inf,inf,-1,
2014-09-11,5480.0,5490.0,15909.2001953125,0.0,0,0.0,0.0,0.0,0.0,0.0,0.0,5000000.0,5000000.0,0.0,inf,inf,-1,
2014-09-12,5520.0,5525.0,15948.2900390625,0.0,0,0.0,0.0,0.0,0.0,0.0,0.0,5000000.0,5000000.0,0.0,inf,inf,-1,
2014-09-16,5510.0,5505.0,15911.5302734375,0.0,0,0.0,0.0,0.0,0.0,0.0,0.0,5000000.0,5000000.0,0.0,inf,inf,-1,
2014-09-17,5525.0,5485.0,15888.669921875,0.0,0,0.0,0.0,0.0,0.0,0.0,0.0,5000000.0,5000000.0,0.0,inf,inf,-1,
2014-09-18,5575.0,5605.0,16067.5703125,0.0,0,0.0,0.0,0.0,0.0,0.0,0.0,5000000.0,5000000.0,0.0,inf,inf,-1,
2014-09-19,5680.0,5785.0,16321.169921875,0.0,0,0.0,0.0,0.0,0.0,0.0,0.0,5000000.0,5000000.0,0.0,inf,inf,-1,
2014-09-22,5750.0,5705.0,16205.900390625,0.0,0,0.0,0.0,0.0,0.0,0.0,0.0,5000000.0,5000000.0,0.0,inf,inf,-1,
2014-09-24,5615.0,5680.0,16167.4501953125,0.0,0,0.0,0.0,0.0,0.0,0.0,0.0,5000000.0,5000000.0,0.0,inf,inf,-1,
2014-09-25,5795.0,5805.0,16374.1396484375,0.0,0,0.0,0.0,0.0,0.0,0.0,0.0,5000000.0,5000000.0,0.0,inf,inf,-1,
2014-09-26,5695.0,5780.0,16229.8603515625,0.0,0,0.0,0.0,0.0,0.0,0.0,0.0,5000000.0,5000000.0,0.0,inf,inf,-1,
2014-09-29,5860.0,5835.0,16310.6396484375,0.0,0,0.0,0.0,0.0,0.0,0.0,0.0,5000000.0,5000000.0,0.0,inf,inf,-1,
2014-09-30,5780.0,5735.0,16173.51953125,0.0,0,0.0,0.0,0.0,0.0,0.0,0.0,5000000.0,5000000.0,0.0,inf,inf,-1,
2014-10-01,5735.0,5680.0,16082.25,0.0,0,0.0,0.0,0.0,0.0,0.0,0.0,5000000.0,5000000.0,0.0,inf,inf,-1,
2014-10-02,5560.0,5405.0,15661.990234375,0.0,0,0.0,0.0,0.0,0.0,0.0,0.0,5000000.0,5000000.0,0.0,inf,inf,-1,
2014-10-03,5375.0,5410.0,15708.650390625,0.0,0,0.0,0.0,0.0,0.0,0.0,0.0,5000000.0,5000000.0,0.0,inf,inf,-1,
2014-10-06,5540.0,5545.0,15890.9501953125,0.0,0,0.0,0.0,0.0,0.0,0.0,0.0,5000000.0,5000000.0,0.0,inf,inf,-1,
2014-10-07,5475.0,5460.0,15783.830078125,0.0,0,0.0,0.0,0.0,0.0,0.0,0.0,5000000.0,5000000.0,0.0,inf,inf,-1,
2014-10-08,5310.0,5360.0,15595.98046875,0.0,0,0.0,0.0,0.0,0.0,0.0,0.0,5000000.0,5000000.0,0.0,inf,inf,-1,
2014-10-09,5390.0,5260.0,15478.9296875,0.0,0,0.0,0.0,0.0,0.0,0.0,0.0,5000000.0,5000000.0,0.0,inf,inf,-1,
2014-10-10,5135.0,5140.0,15300.5498046875,0.0,0,0.0,0.0,0.0,0.0,0.0,0.0,5000000.0,5000000.0,0.0,inf,inf,-1,
2014-10-14,4930.0,4905.0,14936.509765625,0.0,0,0.0,0.0,0.0,0.0,0.0,0.0,5000000.0,5000000.0,0.0,inf,inf,-1,
2014-10-15,4940.0,4970.0,15073.51953125,0.0,0,0.0,0.0,0.0,0.0,0.0,0.0,5000000.0,5000000.0,0.0,inf,inf,-1,
2014-10-16,4745.0,4755.0,14738.3798828125,0.0,0,0.0,0.0,0.0,0.0,0.0,0.0,5000000.0,5000000.0,0.0,inf,inf,-1,
2014-10-17,4795.0,4625.0,14532.509765625,0.0,0,0.0,0.0,0.0,0.0,0.0,0.0,5000000.0,5000000.0,0.0,inf,inf,-1,
2014-10-20,4855.0,4980.0,15111.23046875,0.0,0,0.0,0.0,0.0,0.0,0.0,0.0,5000000.0,5000000.0,0.0,inf,inf,-1,
2014-10-21,4975.0,4775.0,14804.2802734375,0.0,0,0.0,0.0,0.0,0.0,0.0,0.0,5000000.0,5000000.0,0.0,inf,inf,-1,
2014-10-22,4975.0,5030.0,15195.76953125,0.0,0,0.0,0.0,0.0,0.0,0.0,0.0,5000000.0,5000000.0,0.0,inf,inf,-1,
2014-10-23,4970.0,5000.0,15138.9599609375,0.0,0,0.0,0.0,0.0,0.0,0.0,0.0,5000000.0,5000000.0,0.0,inf,inf,-1,
2014-10-24,5140.0,5095.0,15291.6396484375,0.0,0,0.0,0.0,0.0,0.0,0.0,0.0,5000000.0,5000000.0,0.0,inf,inf,-1,
2014-10-27,5165.0,5150.0,15388.7197265625,10332.065999999999,2,0.0,0.0,0.0,0.0,0.7901369863013699,10300.0,5000000.0,4999967.143863014,-32.856136986300264,485.4337032876713,485.4336265753425,0,
2014-10-28,5125.0,5115.0,15329.91015625,20504.1,4,0.0,0.0,0.0,0.0,2.3543013698630135,30690.0,5000000.0,4999850.689561644,-149.31043835616182,162.91465264130477,162.91455018322867,0,
2014-10-29,5175.0,5265.0,15553.91015625,10352.07,2,0.0,0.0,0.0,0.0,3.231123287671232,42120.0,5000000.0,5000925.388438356,925.3884383561673,118.7304223275963,118.73027096098558,0,
2014-10-30,5295.0,5350.0,15658.2001953125,5296.059,1,21175.764,668.4789041095897,532.6774147397266,135.80148936986316,2.052054794520549,26750.0,5000532.6774147395,5001297.239894192,764.562479452056,186.96438279978287,186.93907788312688,0,
2014-10-31,5455.0,5870.0,16413.759765625,0.0,0,21815.636000000002,1126.6678904109626,897.7853084739754,228.88258193698704,0.4503013698630145,5870.0,5001430.462723213,5002003.543010885,573.0802876712327,852.1300754703382,851.8227458770964,0,
2014-11-04,6365.0,6185.0,16862.470703125,0.0,0,6363.727,1066.8072876712326,850.0853871808217,216.72190049041092,0.0,0.0,5002280.548110395,5002280.548110395,0.0,inf,inf,0,
2014-11-05,6120.0,6260.0,16937.3203125,0.0,0,0.0,0.0,0.0,0.0,0.0,0.0,5002280.548110395,5002280.548110395,0.0,inf,inf,0,
2014-11-06,6285.0,6140.0,16792.48046875,0.0,0,0.0,0.0,0.0,0.0,0.0,0.0,5002280.548110395,5002280.548110395,0.0,inf,inf,0,
2014-11-07,6230.0,6205.0,16880.380859375,0.0,0,0.0,0.0,0.0,0.0,0.0,0.0,5002280.548110395,5002280.548110395,0.0,inf,inf,0,
2014-11-10,6100.0,6105.0,16780.529296875,0.0,0,0.0,0.0,0.0,0.0,0.0,0.0,5002280.548110395,5002280.548110395,0.0,inf,inf,0,
2014-11-11,6185.0,6360.0,17124.109375,0.0,0,0.0,0.0,0.0,0.0,0.0,0.0,5002280.548110395,5002280.548110395,0.0,inf,inf,0,
2014-11-12,6465.0,6435.0,17197.05078125,0.0,0,0.0,0.0,0.0,0.0,0.0,0.0,5002280.548110395,5002280.548110395,0.0,inf,inf,0,
2014-11-13,6415.0,6565.0,17392.7890625,0.0,0,0.0,0.0,0.0,0.0,0.0,0.0,5002280.548110395,5002280.548110395,0.0,inf,inf,0,
2014-11-14,6610.0,6640.0,17490.830078125,0.0,0,0.0,0.0,0.0,0.0,0.0,0.0,5002280.548110395,5002280.548110395,0.0,inf,inf,0,
2014-11-17,6580.0,6255.0,16973.80078125,0.0,0,0.0,0.0,0.0,0.0,0.0,0.0,5002280.548110395,5002280.548110395,0.0,inf,inf,0,
2014-11-18,6405.0,6520.0,17344.060546875,0.0,0,0.0,0.0,0.0,0.0,0.0,0.0,5002280.548110395,5002280.548110395,0.0,inf,inf,0,
2014-11-19,6540.0,6490.0,17288.75,0.0,0,0.0,0.0,0.0,0.0,0.0,0.0,5002280.548110395,5002280.548110395,0.0,inf,inf,0,
2014-11-20,6575.0,6495.0,17300.859375,0.0,0,0.0,0.0,0.0,0.0,0.0,0.0,5002280.548110395,5002280.548110395,0.0,inf,inf,0,
2014-11-21,6480.0,6545.0,17357.509765625,0.0,0,0.0,0.0,0.0,0.0,0.0,0.0,5002280.548110395,5002280.548110395,0.0,inf,inf,0,
2014-11-25,6635.0,6570.0,17407.619140625,0.0,0,0.0,0.0,0.0,0.0,0.0,0.0,5002280.548110395,5002280.548110395,0.0,inf,inf,0,
2014-11-26,6515.0,6555.0,17383.580078125,0.0,0,0.0,0.0,0.0,0.0,0.0,0.0,5002280.548110395,5002280.548110395,0.0,inf,inf,0,
2014-11-27,6510.0,6455.0,17248.5,0.0,0,0.0,0.0,0.0,0.0,0.0,0.0,5002280.548110395,5002280.548110395,0.0,inf,inf,0,
2014-11-28,6510.0,6605.0,17459.849609375,0.0,0,0.0,0.0,0.0,0.0,0.0,0.0,5002280.548110395,5002280.548110395,0.0,inf,inf,0,
2014-12-01,6595.0,6705.0,17590.099609375,0.0,0,0.0,0.0,0.0,0.0,0.0,0.0,5002280.548110395,5002280.548110395,0.0,inf,inf,0,
2014-12-02,6610.0,6765.0,17663.220703125,0.0,0,0.0,0.0,0.0,0.0,0.0,0.0,5002280.548110395,5002280.548110395,0.0,inf,inf,0,
2014-12-03,6850.0,6795.0,17720.4296875,0.0,0,0.0,0.0,0.0,0.0,0.0,0.0,5002280.548110395,5002280.548110395,0.0,inf,inf,0,
2014-12-04,6925.0,6930.0,17887.2109375,0.0,0,0.0,0.0,0.0,0.0,0.0,0.0,5002280.548110395,5002280.548110395,0.0,inf,inf,0,
2014-12-05,6870.0,6960.0,17920.44921875,0.0,0,0.0,0.0,0.0,0.0,0.0,0.0,5002280.548110395,5002280.548110395,0.0,inf,inf,0,
2014-12-08,7005.0,6970.0,17935.640625,0.0,0,0.0,0.0,0.0,0.0,0.0,0.0,5002280.548110395,5002280.548110395,0.0,inf,inf,0,
2014-12-09,6870.0,6865.0,17813.380859375,0.0,0,0.0,0.0,0.0,0.0,0.0,0.0,5002280.548110395,5002280.548110395,0.0,inf,inf,0,
2014-12-10,6720.0,6580.0,17412.580078125,6721.344,1,0.0,0.0,0.0,0.0,0.5047671232876709,6580.0,5002280.548110395,5002138.699343272,-141.84876712328773,760.2034497482175,759.7670763793539,0,
2014-12-11,6375.0,6460.0,17257.400390625,82891.575,13,0.0,0.0,0.0,0.0,6.93786301369863,90440.0,5002280.548110395,5003100.186480258,819.6383698630165,55.31955093410281,55.28772569493721,0,
2014-12-12,6500.0,6555.0,17371.580078125,143028.6,22,0.0,0.0,0.0,0.0,18.10257534246575,235980.0,5002280.548110395,5005593.483904915,3312.935794520545,21.211939502944805,21.199665678021166,0,
2014-12-15,6330.0,6335.0,17099.400390625,113962.788,18,0.0,0.0,0.0,0.0,26.242520547945205,342090.0,5002280.548110395,4997714.453384368,-4566.094726027401,14.609355588834424,14.60081216539022,0,
2014-12-16,6140.0,6060.0,16755.3203125,178095.612,29,0.0,0.0,0.0,0.0,38.58476712328766,502980.0,5002280.548110395,4980470.256617244,-21810.291493150682,9.901925039996112,9.896037719440322,0,
2014-12-17,6020.0,6140.0,16819.73046875,192678.528,32,0.0,0.0,0.0,0.0,54.16657534246576,706100.0,5002280.548110395,4990857.562041902,-11422.986068493137,7.0682021838859965,7.063931724930475,0,
2014-12-18,6400.0,6390.0,17210.05078125,185637.12,29,204759.04,12065.439561643852,9614.345514695904,2451.0940469479488,54.90147945205484,715680.0,5011894.893625091,5017053.4865155015,5158.592890410966,7.010190988312516,6.989042273650111,0,
2014-12-19,6645.0,6700.0,17621.400390625,73109.61899999999,11,192666.459,14529.490616438365,11577.82459770891,2951.6660187294538,48.31342465753423,629800.0,5023472.7182228,5047730.347072115,24257.62884931508,8.014814777821714,7.967635488919387,0,
2014-12-22,6740.0,6700.0,17635.140625,6741.348,1,552569.4639999999,26867.638753424664,21409.477940666446,5458.160812758221,6.681643835616455,87100.0,5044882.196163466,5045393.620615521,511.42445205480294,57.92644799788199,57.276759863003164,0,
2014-12-24,6865.0,6870.0,17854.23046875,6866.373,1,0.0,0.0,0.0,0.0,7.378191780821908,96180.0,5044882.196163466,5047599.869423741,2717.6732602739817,52.48076387423311,51.892333693949,0,
2014-12-25,6840.0,6840.0,17808.75,0.0,0,88902.216,2306.789273972617,1838.16503296508,468.6242410075372,0.5247123287671229,6840.0,5046720.36119643,5046692.936470403,-27.424726027396854,737.820604747135,729.2091239392364,0,
2014-12-26,6830.0,6880.0,17818.9609375,0.0,0,0.0,0.0,0.0,0.0,0.5277808219178155,6880.0,5046720.36119643,5046732.408689581,12.047493150685339,733.5366873095321,724.9751965381878,0,
2014-12-29,6930.0,6790.0,17729.83984375,0.0,0,0.0,0.0,0.0,0.0,0.520876712328743,6790.0,5046720.36119643,5046641.887812869,-78.47338356164343,743.2462279547672,734.5711797392206,0,
2014-12-30,6790.0,6585.0,17450.76953125,13582.716,2,0.0,0.0,0.0,0.0,1.5154520547944799,19755.0,5046720.36119643,5046022.656360814,-697.7048356164382,255.43015218227356,252.44837071754992,0,
2015-01-05,6510.0,6540.0,17408.7109375,71624.322,11,0.0,0.0,0.0,0.0,7.023780821917853,91560.0,5046720.36119643,5046196.310579992,-524.0506164383562,55.11354642398418,54.470120073870184,0,
2015-01-06,6290.0,6165.0,16883.189453125,106951.386,17,0.0,0.0,0.0,0.0,14.660876712328786,191115.0,5046720.36119643,5038785.26370328,-7935.097493150684,26.365200343789237,26.0568688287687,0,
2015-01-07,6080.0,6160.0,16885.330078125,188517.696,31,0.0,0.0,0.0,0.0,29.29797260273972,381920.0,5046720.36119643,5041043.269730677,-5677.0914657534195,13.199212583081998,13.04484497869953,0,
2015-01-08,6280.0,6360.0,17167.099609375,188437.68000000002,30,0.0,0.0,0.0,0.0,44.88591780821923,585120.0,5046720.36119643,5055760.703812868,9040.342616438338,8.640553568178952,8.539717908171498,0,
2015-01-09,6475.0,6375.0,17197.73046875,129525.9,20,200684.855,12137.385410958917,9671.675564722613,2465.709846236304,39.612328767123245,516375.0,5056392.0367611535,5055669.336637866,-722.7001232876858,9.790693462382698,9.652851856721526,0,
2015-01-13,6180.0,6290.0,17087.7109375,92718.54,15,0.0,0.0,0.0,0.0,46.32197260273972,603840.0,5056392.0367611535,5050369.474665263,-6022.56209589042,8.363754429427104,8.245802188608526,0,
2015-01-14,6200.0,6065.0,16795.9609375,117823.56,19,0.0,0.0,0.0,0.0,53.5049315068494,697475.0,5056392.0367611535,5026127.409733756,-30264.627027397262,7.206175719178116,7.103981682076574,0,
2015-01-15,6115.0,6300.0,17108.69921875,146789.352,24,0.0,0.0,0.0,0.0,67.17698630136994,875700.0,5056392.0367611535,5057495.880747455,1103.843986301349,5.775374992288975,5.693903069240329,0,
2015-01-16,6055.0,6110.0,16864.16015625,30281.055,5,0.0,0.0,0.0,0.0,67.49457534246585,879840.0,5056392.0367611535,5031287.331172112,-25104.705589041117,5.718411678455301,5.637246401144607,0,
2015-01-19,6225.0,6225.0,17014.2890625,124524.9,20,0.0,0.0,0.0,0.0,78.31561643835607,1020900.0,5056392.0367611535,5047744.115555674,-8647.921205479466,4.944406029538323,4.874378824909584,0,
2015-01-20,6270.0,6485.0,17366.30078125,62712.54,10,31343.73,1057.943767123287,843.0224908321912,214.92127629109575,84.07402739726035,1095965.0,5057235.0592519855,5091141.310251986,33906.25099999999,4.645350271452086,4.579077360364597,0,
2015-01-21,6435.0,6415.0,17280.48046875,0.0,0,868551.255,28236.894205479384,22500.56914763625,5736.325057843136,16.731726027397258,218110.0,5079735.628399622,5076084.508468115,-3651.119931506844,23.27304804212606,22.810499709030346,0,
2015-01-22,6440.0,6445.0,17329.01953125,6441.288,1,0.0,0.0,0.0,0.0,17.30438356164393,225575.0,5079735.628399622,5077090.916084553,-2644.712315068487,22.50732978426046,22.060011946224027,0,
2015-01-23,6590.0,6575.0,17511.75,19773.954,3,0.0,0.0,0.0,0.0,19.166575342465762,249850.0,5079735.628399622,5081572.795509211,1837.1671095890456,20.338494278604006,19.93456036669522,0,
2015-01-26,6435.0,6555.0,17468.51953125,0.0,0,0.0,0.0,0.0,0.0,19.10827397260266,249090.0,5079735.628399622,5080793.687235238,1058.0588356164428,20.397421362701184,19.992178293270925,0,
2015-01-27,6680.0,6770.0,17768.30078125,6681.336,1,0.0,0.0,0.0,0.0,20.25435616438358,264030.0,5079735.628399622,5089032.096879073,9296.46847945206,19.274446452596575,18.892057138804404,0,
2015-01-28,6660.0,6810.0,17795.73046875,0.0,0,233053.38000000006,5477.8446575342805,4365.020515356192,1112.824142178089,2.089643835616357,27240.0,5084100.648914978,5084180.56309306,79.9141780821916,186.64392669210937,182.7363574989406,0,
2015-01-29,6690.0,6645.0,17606.220703125,0.0,0,6688.662,6.284246575342488,5.007601883561661,1.2766446917808263,1.5292602739726817,19935.0,5084105.656516862,5083561.419188095,-544.2373287671232,255.00684319980414,249.66698875642476,0,
2015-01-30,6785.0,6720.0,17674.390625,6786.357,1,0.0,0.0,0.0,0.0,2.0620273972602945,26880.0,5084105.656516862,5083718.000160698,-387.6563561643835,189.12641369645453,185.16614359391863,0,
2015-02-02,6605.0,6620.0,17558.0390625,6606.321,1,0.0,0.0,0.0,0.0,2.539178082191711,33100.0,5084105.656516862,5083329.139982616,-776.5165342465751,153.57489848890077,150.35874744557006,0,
2015-02-03,6695.0,6450.0,17335.849609375,20089.017,3,0.0,0.0,0.0,0.0,3.9583561643837584,51600.0,5084105.656516862,5081736.164626451,-2369.4918904109586,98.48325900438859,96.42010865767519,0,
2015-02-04,6630.0,6695.0,17678.740234375,92838.564,14,0.0,0.0,0.0,0.0,11.298958904109554,147290.0,5084105.656516862,5084576.301667547,470.64515068493336,34.52085207188232,33.79799337917191,0,
2015-02-05,6655.0,6585.0,17504.619140625,19968.993000000002,3,0.0,0.0,0.0,0.0,12.628767123287844,164625.0,5084105.656516862,5081929.679900424,-2175.9766164383564,30.869732300078503,30.22291386049497,0,
2015-02-06,6715.0,6675.0,17648.5,33581.715,5,0.0,0.0,0.0,0.0,15.361643835616405,200250.0,5084105.656516862,5083957.603256588,-148.05326027396933,25.38805295009532,24.85622849436361,0,
2015-02-09,6785.0,6720.0,17711.9296875,13572.714,2,0.0,0.0,0.0,0.0,16.496219178082242,215040.0,5084105.656516862,5085158.39303741,1052.7365205479484,23.647499967621886,23.152176569744967,0,
2015-02-10,6675.0,6680.0,17652.6796875,6676.335,1,0.0,0.0,0.0,0.0,16.91046575342466,220440.0,5084105.656516862,5083865.147571657,-240.5089452054762,23.062353237033463,22.579086797434453,0,
2015-02-12,6870.0,6925.0,17979.720703125,6871.374,1,0.0,0.0,0.0,0.0,18.061917808219278,235450.0,5084105.656516862,5091985.711653848,7880.055136986304,21.626611644314497,21.174076856193818,0,
2015-02-13,6880.0,6885.0,17913.359375,0.0,0,220115.968,6300.359178082192,5020.441211054795,1279.9179670273973,1.0563287671232047,13770.0,5089126.097727916,5089140.705358054,14.60763013698691,369.5817505706647,361.3863452424249,0,
2015-02-16,6955.0,6955.0,18004.76953125,0.0,0,0.0,0.0,0.0,0.0,1.0670684931506003,13910.0,5089126.097727916,5089279.63828956,153.5405616438362,365.87200850392236,357.7590107729119,0,
2015-02-17,6910.0,6940.0,17987.08984375,0.0,0,0.0,0.0,0.0,0.0,1.0647671232877656,13880.0,5089126.097727916,5089248.573522436,122.47579452054855,366.6605600520487,358.52995031102,0,
2015-02-18,7015.0,7100.0,18199.169921875,0.0,0,0.0,0.0,0.0,0.0,1.0893150684930788,14200.0,5089126.097727916,5089567.484207368,441.38647945205537,358.4202453667161,350.4727839216071,0,
2015-02-19,7130.0,7155.0,18264.7890625,0.0,0,14257.148000000001,498.5344794520564,397.25719995137115,101.27727950068527,0.0,0.0,5089523.354927868,5089523.354927868,0.0,inf,inf,0,
2015-02-20,7215.0,7210.0,18332.30078125,0.0,0,0.0,0.0,0.0,0.0,0.0,0.0,5089523.354927868,5089523.354927868,0.0,inf,inf,0,
2015-02-23,7345.0,7315.0,18466.919921875,0.0,0,0.0,0.0,0.0,0.0,0.0,0.0,5089523.354927868,5089523.354927868,0.0,inf,inf,0,
2015-02-24,7310.0,7425.0,18603.48046875,0.0,0,0.0,0.0,0.0,0.0,0.0,0.0,5089523.354927868,5089523.354927868,0.0,inf,inf,0,
2015-02-25,7445.0,7410.0,18585.19921875,0.0,0,0.0,0.0,0.0,0.0,0.0,0.0,5089523.354927868,5089523.354927868,0.0,inf,inf,0,
2015-02-26,7410.0,7580.0,18785.7890625,0.0,0,0.0,0.0,0.0,0.0,0.0,0.0,5089523.354927868,5089523.354927868,0.0,inf,inf,0,
2015-02-27,7625.0,7580.0,18797.939453125,0.0,0,0.0,0.0,0.0,0.0,0.0,0.0,5089523.354927868,5089523.354927868,0.0,inf,inf,0,
2015-03-02,7635.0,7605.0,18826.880859375,0.0,0,0.0,0.0,0.0,0.0,0.0,0.0,5089523.354927868,5089523.354927868,0.0,inf,inf,0,
2015-03-03,7675.0,7595.0,18815.16015625,0.0,0,0.0,0.0,0.0,0.0,0.0,0.0,5089523.354927868,5089523.354927868,0.0,inf,inf,0,
2015-03-04,7515.0,7515.0,18703.599609375,0.0,0,0.0,0.0,0.0,0.0,0.0,0.0,5089523.354927868,5089523.354927868,0.0,inf,inf,0,
2015-03-05,7480.0,7545.0,18751.83984375,7481.496,1,0.0,0.0,0.0,0.0,0.5787945205479446,7545.0,5089523.354927868,5089586.280133347,62.92520547945196,674.5641193019678,659.5405187990493,0,
2015-03-06,7600.0,7715.0,18971.0,15203.039999999999,2,0.0,0.0,0.0,0.0,1.775506849315093,23145.0,5089523.354927868,5089981.464626498,458.1096986301378,219.9171079985525,215.0195127813838,0,
2015-03-09,7645.0,7570.0,18790.55078125,7646.5289999999995,1,22930.413,243.52269863013922,194.05106240342644,49.47163622671279,0.5807123287671629,7570.0,5089717.405990271,5089640.296277942,-77.10971232876666,672.3435001688167,657.3370345529213,0,
2015-03-10,7645.0,7460.0,18665.109375,22939.587,3,0.0,0.0,0.0,0.0,2.2890958904109766,29840.0,5089717.405990271,5088968.420182052,-748.9858082191772,170.54183713746824,166.73482528062445,0,
2015-03-11,7395.0,7515.0,18723.51953125,44378.874,6,0.0,0.0,0.0,0.0,5.76493150684928,75150.0,5089717.405990271,5089893.781250545,176.37526027397007,67.72979083500393,66.21805432482795,0,
2015-03-12,7565.0,7740.0,18991.109375,30266.052,4,45380.922,998.5890410958856,795.7256773972565,202.86336369862914,4.750027397260283,61920.0,5090513.131667669,5091571.03785945,1057.906191780823,82.22821443571463,80.37727228764906,0,
2015-03-13,7855.0,7950.0,19254.25,7856.571,1,31413.716,1145.2889863013706,912.6235287342472,232.66545756712344,3.049315068493229,39750.0,5091425.755196403,5092722.468086814,1296.7128904109597,128.1188042285991,125.20663627615657,0,
2015-03-16,7930.0,7940.0,19246.060546875,0.0,0,31713.656,1117.5497534246565,890.5195210164377,227.03023240821898,0.6090958904110266,7940.0,5092316.274717419,5092398.484758515,82.2100410958905,641.360010674876,626.6400062719913,0,
2015-03-17,8075.0,8115.0,19437.0,0.0,0,0.0,0.0,0.0,0.0,0.6225205479452143,8115.0,5092316.274717419,5092572.862237968,256.5875205479453,627.550568359577,613.1479241846598,0,
2015-03-18,8075.0,8205.0,19544.48046875,0.0,0,8073.385,214.97252054794552,171.30085299863038,43.67166754931513,0.0,0.0,5092487.575570418,5092487.575570418,0.0,inf,inf,0,
2015-03-19,8150.0,8140.0,19476.560546875,0.0,0,0.0,0.0,0.0,0.0,0.0,0.0,5092487.575570418,5092487.575570418,0.0,inf,inf,0,
2015-03-20,8145.0,8200.0,19560.220703125,0.0,0,0.0,0.0,0.0,0.0,0.0,0.0,5092487.575570418,5092487.575570418,0.0,inf,inf,0,
2015-03-23,8270.0,8375.0,19754.359375,0.0,0,0.0,0.0,0.0,0.0,0.0,0.0,5092487.575570418,5092487.575570418,0.0,inf,inf,0,
2015-03-24,8335.0,8335.0,19713.44921875,0.0,0,0.0,0.0,0.0,0.0,0.0,0.0,5092487.575570418,5092487.575570418,0.0,inf,inf,0,
2015-03-25,8345.0,8350.0,19746.19921875,0.0,0,0.0,0.0,0.0,0.0,0.0,0.0,5092487.575570418,5092487.575570418,0.0,inf,inf,0,
2015-03-26,8240.0,8090.0,19471.119140625,0.0,0,0.0,0.0,0.0,0.0,0.0,0.0,5092487.575570418,5092487.575570418,0.0,inf,inf,0,
2015-03-27,8140.0,8040.0,19285.630859375,24424.884,3,0.0,0.0,0.0,0.0,1.8503013698630184,24120.0,5092487.575570418,5092180.841269048,-306.7343013698612,211.11860867616284,206.26395360562512,0,
2015-03-30,8055.0,8150.0,19411.400390625,80566.11,10,0.0,0.0,0.0,0.0,8.127671232876764,105950.0,5092487.575570418,5093436.603597815,949.0280273972616,48.07396511182459,46.96870406441918,0,
2015-03-31,8295.0,8025.0,19206.990234375,66373.272,8,0.0,0.0,0.0,0.0,12.927945205479546,168525.0,5092487.575570418,5089625.403652609,-2862.171917808215,30.201011147619695,29.50606775098532,0,
2015-04-01,7975.0,7850.0,19034.83984375,111672.33,14,0.0,0.0,0.0,0.0,21.076712328767144,274750.0,5092487.575570418,5084156.99694028,-8330.578630136984,18.504666048918217,18.07832787737996,0,
2015-04-02,7905.0,8060.0,19312.7890625,158131.62,20,0.0,0.0,0.0,0.0,34.00657534246602,443300.0,5092487.575570418,5094541.370364938,2053.794794520555,11.492310783588852,11.22799673169289,0,
2015-04-03,8065.0,8160.0,19435.080078125,48399.678,6,161267.74000000002,3123.753972602764,2489.1633530685126,634.5906195342515,25.664876712328578,334560.0,5094976.738923486,5098009.176868692,3032.437945205482,15.23795186773282,14.87831581424527,0,
2015-04-06,8040.0,8125.0,19397.98046875,24124.824,3,112537.488,839.3074794520506,668.8021650013666,170.5053144506841,18.698630136986367,243750.0,5095645.541088488,5095422.636924105,-222.90416438355814,20.904297997637354,20.40715812414244,0,
2015-04-07,8250.0,8335.0,19640.5390625,41258.25,5,0.0,0.0,0.0,0.0,22.378904109588802,291725.0,5095645.541088488,5102117.008019995,6471.466931506852,17.4894747039849,17.074014174141748,0,
2015-04-08,8415.0,8465.0,19789.810546875,8416.682999999999,1,185092.97400000002,7503.958054794538,5979.528975963028,1524.4290788315104,9.091178082191618,118510.0,5101625.070064451,5104044.778763081,2419.7086986301406,43.06847336733677,41.98237706912253,0,
2015-04-09,8520.0,8580.0,19937.720703125,0.0,0,110737.848,3064.889068493159,2442.2568542287736,622.6322142643852,0.6581917808218805,8580.0,5104067.326918679,5104229.336357036,162.0094383561653,594.8985240509365,579.5396872721902,0,
2015-04-10,8640.0,8610.0,19907.630859375,0.0,0,8638.272,220.28143835616615,175.531264154111,44.75017420205515,0.0,0.0,5104242.8581828335,5104242.8581828335,0.0,inf,inf,0,
2015-04-13,8625.0,8565.0,19905.4609375,0.0,0,0.0,0.0,0.0,0.0,0.0,0.0,5104242.8581828335,5104242.8581828335,0.0,inf,inf,0,
2015-04-14,8485.0,8565.0,19908.6796875,8486.697,1,0.0,0.0,0.0,0.0,0.6570410958904631,8565.0,5104242.8581828335,5104320.504141738,77.64595890410948,595.9510220830983,580.5394916638228,0,
2015-04-15,8510.0,8525.0,19869.759765625,8511.702,1,0.0,0.0,0.0,0.0,1.3079452054794274,17050.0,5104242.8581828335,5104292.494196532,49.636013698630705,299.371993794518,291.6299957894564,0,
2015-04-16,8520.0,8550.0,19885.76953125,25565.112,3,0.0,0.0,0.0,0.0,3.2794520547943193,42750.0,5104242.8581828335,5104424.102744478,181.2445616438352,119.40173339753164,116.3139124516052,0,
2015-04-17,8485.0,8350.0,19652.880859375,33946.788,4,0.0,0.0,0.0,0.0,5.76493150684928,75150.0,5104242.8581828335,5102871.549812971,-1371.3083698630146,67.90248236610739,66.1458608042995,0,
2015-04-20,8250.0,8325.0,19634.490234375,82516.5,10,0.0,0.0,0.0,0.0,12.133972602739505,158175.0,5104242.8581828335,5103367.915840368,-874.9423424657542,32.26406142462695,31.429402064156168,0,
2015-04-21,8400.0,8555.0,19909.08984375,92418.48000000001,11,0.0,0.0,0.0,0.0,19.688219178082136,256650.0,5104242.8581828335,5109404.74762119,5161.889438356153,19.908064475438106,19.393581979581324,0,
2015-04-22,8635.0,8750.0,20133.900390625,25910.180999999997,3,181298.733,6343.584945205491,5054.885663586995,1288.6992816184954,8.054794520548057,105000.0,5109297.74384642,5111846.54554505,2548.801698630139,48.68425281471476,47.36621879279695,0,
2015-04-23,8840.0,8815.0,20187.650390625,8841.768,1,79544.088,3005.084397260273,2394.6015019568486,610.4828953034245,2.704876712328769,35260.0,5111692.345348378,5112195.677773035,503.33242465753733,144.98569704404525,140.9754485592085,0,
2015-04-24,8750.0,8660.0,20020.0390625,8751.75,1,26244.75,330.5266438356196,263.3801561404135,67.14648769520612,1.3286575342467586,17320.0,5111955.725504518,5111680.202627805,-275.5228767123288,295.1316514219287,286.9484402858598,0,
2015-04-27,8700.0,8605.0,19983.3203125,17403.48,2,0.0,0.0,0.0,0.0,2.640438356164168,34420.0,5111955.725504518,5111374.082189449,-581.6433150684927,148.50011859934483,144.38228427874432,0,
2015-04-28,8700.0,8695.0,20058.94921875,17403.48,2,0.0,0.0,0.0,0.0,4.002082191781028,52170.0,5111955.725504518,5111716.600107257,-239.1253972602731,97.98191681248336,95.26503240770552,0,
2015-04-30,8450.0,8225.0,19520.009765625,25355.07,3,0.0,0.0,0.0,0.0,5.678630136986158,74025.0,5111955.725504518,5108210.85147712,-3744.874027397259,69.00656334315596,67.09173000269804,0,
2015-05-01,8225.0,8235.0,19531.630859375,164532.90000000002,20,0.0,0.0,0.0,0.0,18.320054794520274,238815.0,5111955.725504518,5108449.631422326,-3506.094082191803,21.39082399104883,20.797210281348047,0,
2015-05-07,8075.0,8020.0,19291.990234375,161532.3,20,0.0,0.0,0.0,0.0,30.14641095890397,392980.0,5111955.725504518,5101052.185011367,-10903.540493150696,12.98043713423423,12.619619778406577,0,
2015-05-08,8085.0,8115.0,19379.189453125,185992.191,23,0.0,0.0,0.0,0.0,44.821479452054746,584280.0,5111955.725504518,5106315.172531915,-5640.552972602742,8.739500192599293,8.496741881562457,0,
2015-05-11,8315.0,8290.0,19620.91015625,166333.26,20,0.0,0.0,0.0,0.0,58.50695890410907,762680.0,5111955.725504518,5118323.40557301,6367.680068493139,6.710971056764318,6.52492011412585,0,
2015-05-12,8260.0,8295.0,19624.83984375,90878.172,11,355108.964,7518.054315068492,5990.761580962328,1527.292734106164,38.179726027397464,497700.0,5117946.48708548,5116008.725112878,-1937.761972602777,10.279302240532203,9.979013779667017,0,
2015-05-13,8240.0,8420.0,19764.720703125,57691.53599999999,7,0.0,0.0,0.0,0.0,43.27649315068493,564140.0,5117946.48708548,5124713.912619727,6767.425534246545,9.084117262771167,8.819117717506245,0,
2015-05-14,8325.0,8250.0,19570.240234375,33306.659999999996,4,316286.73000000004,3089.7424383561747,2462.061262004118,627.6811763520568,20.884931506849625,272250.0,5120408.548347484,5115155.416511868,-5253.131835616443,18.788449647426514,18.22790797309918,0,
2015-05-15,8355.0,8355.0,19732.919921875,66853.368,8,0.0,0.0,0.0,0.0,26.278191780822,342555.0,5120408.548347484,5118580.770320087,-1827.778027397267,14.942361869831375,14.496787439367957,0,
2015-05-18,8395.0,8505.0,19890.26953125,33586.716,4,0.0,0.0,0.0,0.0,29.3597260273973,382725.0,5120408.548347484,5125134.69459406,4726.146246575335,13.391167795660227,12.992283195089518,0,
2015-05-19,8585.0,8655.0,20026.380859375,17173.434,2,274665.056,8076.827287671193,6436.019824180789,1640.8074634904028,9.959178082191556,129825.0,5126844.568171665,5128075.5499524865,1230.9817808219177,39.49990795264769,38.26170348340696,0,
2015-05-20,8750.0,8790.0,20196.560546875,8751.75,1,61237.75,2269.672,1808.5881332,461.0838668,6.068712328767106,79110.0,5128653.156304865,5129379.397373359,726.2410684931505,64.83857157594942,62.77782532476112,0,
2015-05-21,8800.0,8760.0,20202.869140625,0.0,0,17596.48,420.36950684931355,334.9714415328755,85.39806531643805,4.704000000000178,61320.0,5128988.127746398,5129095.775308042,107.64756164383645,83.64474519419507,80.97920851059502,0,
2015-05-22,8795.0,8850.0,20264.41015625,0.0,0,0.0,0.0,0.0,0.0,4.752328767123117,61950.0,5128988.127746398,5129721.022979274,732.8952328767132,82.80421344599313,80.16570720277888,0,
2015-05-25,8900.0,8965.0,20413.76953125,0.0,0,35592.88,745.7956164383544,594.2872369589027,151.5083794794517,2.0631780821918255,26895.0,5129582.414983357,5130105.331421713,522.9164383561643,190.74568995804847,184.640342474812,0,
2015-05-26,8975.0,9005.0,20437.48046875,0.0,0,17946.41,428.4838630136985,341.4373662424656,87.04649677123285,0.6907945205480246,9005.0,5129923.8523496,5130074.004130422,150.15178082191778,569.6917272771152,551.4093846653241,0,
2015-05-27,8930.0,9015.0,20472.580078125,0.0,0,8928.214,73.36578082191772,58.46152244794514,14.904258373972585,0.0,0.0,5129982.313872048,5129982.313872048,0.0,inf,inf,0,
2015-05-28,9145.0,9085.0,20551.4609375,0.0,0,0.0,0.0,0.0,0.0,0.0,0.0,5129982.313872048,5129982.313872048,0.0,inf,inf,0,
2015-05-29,9035.0,9115.0,20563.150390625,0.0,0,0.0,0.0,0.0,0.0,0.0,0.0,5129982.313872048,5129982.313872048,0.0,inf,inf,0,
2015-06-01,9005.0,9080.0,20569.869140625,0.0,0,0.0,0.0,0.0,0.0,0.0,0.0,5129982.313872048,5129982.313872048,0.0,inf,inf,0,
2015-06-02,9140.0,9075.0,20543.189453125,9141.828,1,0.0,0.0,0.0,0.0,0.6961643835616087,9075.0,5129982.313872048,5129914.789707664,-67.52416438356116,565.2798666344534,547.1303837513257,0,
2015-06-03,8995.0,9015.0,20473.509765625,17993.597999999998,2,0.0,0.0,0.0,0.0,2.0746849315069085,27045.0,5129982.313872048,5129889.117022732,-93.19684931506615,189.67976028924875,183.58959087348555,0,
2015-06-04,9090.0,9020.0,20488.189453125,27275.453999999998,3,0.0,0.0,0.0,0.0,4.151671232876652,54120.0,5129982.313872048,5129684.5113515,-297.80252054794073,94.78352755638396,91.74005409887197,0,
2015-06-05,8975.0,9005.0,20460.900390625,44883.975,5,0.0,0.0,0.0,0.0,7.598739726027361,99055.0,5129982.313872048,5129727.937611774,-254.3762602739667,51.78666334472539,50.123744943228495,0,
2015-06-08,9085.0,8995.0,20457.189453125,45434.08499999999,5,0.0,0.0,0.0,0.0,11.040438356164486,143920.0,5129982.313872048,5129147.812173418,-834.501698630123,35.63888140754182,34.49427730318779,0,
2015-06-09,8885.0,8695.0,20096.30078125,53320.662,6,0.0,0.0,0.0,0.0,14.674301369863088,191290.0,5129982.313872048,5123182.475872048,-6799.8379999999825,26.782280704020327,25.92104333144465,0,
2015-06-10,8710.0,8655.0,20046.359375,139387.872,16,0.0,0.0,0.0,0.0,25.22991780821917,328890.0,5129982.313872048,5121369.373954239,-8612.939917808204,15.571678597568303,15.070686390697285,0,
2015-06-11,8765.0,8920.0,20382.970703125,149034.801,17,0.0,0.0,0.0,0.0,37.63506849315104,490600.0,5129982.313872048,5134006.937885746,4024.624013698638,10.464751198299524,10.12881772502944,0,
2015-06-12,8960.0,8935.0,20407.080078125,44808.96,5,295620.86400000006,7164.986835616459,5709.419759960976,1455.5670756554837,18.506465753424663,241245.0,5135691.733632009,5133989.768344337,-1701.9652876712146,21.281227666249404,20.568290795899046,0,
2015-06-15,8785.0,8920.0,20387.7890625,52720.542,6,0.0,0.0,0.0,0.0,22.581041095890896,294360.0,5135691.733632009,5134361.645303241,-1330.0883287671063,17.44245700945523,16.858087406490263,0,
2015-06-16,8870.0,8805.0,20257.939453125,62102.418,7,53209.356,484.70835616438205,386.23985360958784,98.46850255479421,22.965369863013166,299370.0,5136077.973485618,5130357.1494308235,-5720.8240547945,17.13717857310627,16.560892672532415,0,
2015-06-17,8850.0,8775.0,20219.26953125,61962.39,7,0.0,0.0,0.0,0.0,27.599178082191656,359775.0,5136077.973485618,5128772.160252742,-7305.8132328766915,14.25549902092347,13.775892852532458,0,
2015-06-18,8755.0,8585.0,19990.8203125,70054.008,8,0.0,0.0,0.0,0.0,32.27019178082173,420665.0,5136077.973485618,5119575.88206096,-16502.091424657516,12.170196907422676,11.75993558445866,0,
2015-06-19,8705.0,8730.0,20174.240234375,165428.079,19,0.0,0.0,0.0,0.0,45.53950684931556,593640.0,5136077.973485618,5127077.263554111,-9000.709931506828,8.636677554669683,8.345881585847659,0,
2015-06-22,8725.0,8945.0,20428.189453125,104720.93999999999,12,0.0,0.0,0.0,0.0,54.895342465753174,715600.0,5136077.973485618,5144261.428211645,8183.454726027431,7.188738720251042,6.947426514725645,0,
2015-06-23,9050.0,9265.0,20809.419921875,36207.24,4,352879.41000000003,12626.271054794552,10061.244090013039,2565.026964781513,31.98328767123303,416925.0,5146139.217575631,5159661.587959193,13522.370383561667,12.375514991807142,11.930971564052896,0,
2015-06-24,9345.0,9340.0,20868.029296875,0.0,0,411097.76399999997,16847.88161643835,13425.2344660589,3422.6471503794505,0.7164931506849825,9340.0,5159564.452041689,5159750.988315662,186.53627397260323,552.4358659866876,530.7881286498539,0,
2015-06-25,9265.0,9265.0,20771.400390625,0.0,0,9263.147,109.68327397260407,87.40111686506955,22.282157107534516,0.0,0.0,5159651.853158555,5159651.853158555,0.0,inf,inf,0,
2015-06-26,9270.0,9220.0,20706.150390625,0.0,0,0.0,0.0,0.0,0.0,0.0,0.0,5159651.853158555,5159651.853158555,0.0,inf,inf,0,
2015-06-29,8800.0,8685.0,20109.94921875,8801.76,1,0.0,0.0,0.0,0.0,0.666246575342484,8685.0,5159651.853158555,5159534.42691198,-117.42624657534269,594.0741999898653,570.7811411243988,0,
2015-06-30,8730.0,8790.0,20235.73046875,157171.42799999999,18,0.0,0.0,0.0,0.0,12.811726027397299,167010.0,5159651.853158555,5160675.187185952,1023.3340273972748,30.900396306723863,29.689013587290276,0,
2015-07-01,8820.0,8880.0,20329.3203125,141148.224,16,0.0,0.0,0.0,0.0,23.842191780822077,310800.0,5159651.853158555,5163293.120994171,3641.2678356164656,16.612912229710975,15.961892698937538,0,
2015-07-02,9045.0,9020.0,20522.5,108561.70799999998,12,162777.43800000002,5581.610876712367,4447.706627108249,1133.9042496041172,20.06641095890427,261580.0,5164099.559785663,5167134.880333608,3035.3205479452336,19.753554860209526,18.958621962235465,0,
2015-07-03,8975.0,9050.0,20539.7890625,44883.975,5,152544.485,2569.81689041097,2047.7585891239812,522.0583012869886,11.802191780821886,153850.0,5166147.318374787,5166531.529840541,384.2114657534419,33.581615403578425,32.213268529777665,0,
2015-07-06,8760.0,8680.0,20112.119140625,43808.76,5,0.0,0.0,0.0,0.0,14.648986301369632,190960.0,5166147.318374787,5159818.12085424,-6329.19752054793,27.020413284741515,25.91790587208678,0,
2015-07-07,8875.0,8890.0,20376.58984375,97644.525,11,0.0,0.0,0.0,0.0,22.505095890410985,293370.0,5166147.318374787,5164561.090758349,-1586.2276164383352,17.60425773173245,16.886538399092988,0,
2015-07-08,8825.0,8365.0,19737.640625,35307.06,4,0.0,0.0,0.0,0.0,23.742849315067815,309505.0,5166147.318374787,5145365.287909034,-20782.0304657534,16.624498111206712,15.944117944599538,0,
2015-07-09,8030.0,8410.0,19855.5,176695.332,22,0.0,0.0,0.0,0.0,38.06389041095872,496190.0,5166147.318374787,5155316.892018623,-10830.426356164353,10.389804091212284,9.965331354244256,0,
2015-07-10,8395.0,8390.0,19779.830078125,167933.58000000002,20,184653.062,7943.536684931517,6329.807207387679,1613.7294775438377,36.686136986301335,478230.0,5172477.125582174,5152425.958404092,-20051.167178082185,10.773949686142844,10.316848813805093,0,
2015-07-13,8500.0,8635.0,20089.76953125,170033.99999999997,20,0.0,0.0,0.0,0.0,51.005643835616866,664895.0,5172477.125582174,5169005.952760257,-3471.1728219177717,7.774168782680358,7.445319331531052,0,
2015-07-14,8850.0,8870.0,20385.330078125,44258.850000000006,5,176964.59999999998,9004.899452054755,7175.554128369831,1829.3453236849234,42.18717808219162,549940.0,5179652.679710545,5184885.170258489,5232.490547945252,9.428092465102537,9.014051947133206,0,
2015-07-15,8940.0,8950.0,20463.330078125,17883.576,2,178764.24,8703.38301369865,6935.29075446577,1768.092259232881,30.209315068493197,393800.0,5186587.97046501,5187827.532684188,1239.562219178099,13.173762144957308,12.573378613264008,0,
2015-07-16,9050.0,9070.0,20600.119140625,0.0,0,45240.950000000004,1405.651369863016,1120.0932940753444,285.5580757876717,27.13545205479477,353730.0,5187708.063759086,5192685.789156346,4977.725397260293,14.679800382089011,14.007355801186232,0,
2015-07-17,9105.0,9110.0,20650.919921875,0.0,0,182063.58000000002,4765.494260273976,3797.384101299318,968.1101589746582,13.278136986300979,173090.0,5191505.447860385,5193127.980860385,1622.5330000000165,30.002472591486423,28.600643519905162,0,
2015-07-21,9200.0,9285.0,20841.970703125,0.0,0,0.0,0.0,0.0,0.0,13.533205479452135,176415.0,5191505.447860385,5196439.447654906,4933.999794520564,29.45576877054052,28.080284105373273,0,
2015-07-22,9115.0,9065.0,20593.669921875,0.0,0,173150.36299999998,1669.3627945205549,1330.231742813704,339.1310517068507,0.0,0.0,5192835.679603199,5192835.679603199,0.0,inf,inf,0,
2015-07-23,9140.0,9130.0,20683.94921875,9141.828,1,0.0,0.0,0.0,0.0,0.7003835616437755,9130.0,5192835.679603199,5192823.151219637,-12.528383561643356,568.764857745853,542.0040482843457,0,
2015-07-24,9065.0,9020.0,20544.529296875,9066.813,1,0.0,0.0,0.0,0.0,1.3838904109588839,18040.0,5192835.679603199,5192664.954329226,-170.72527397260237,287.8417380448573,274.2980809343267,0,
2015-07-27,8885.0,8850.0,20350.099609375,26660.331,3,0.0,0.0,0.0,0.0,3.3945205479449214,44250.0,5192835.679603199,5192211.228808678,-624.450794520546,117.33810686573283,111.8165030511674,0,
2015-07-28,8685.0,8845.0,20328.890625,69493.896,8,0.0,0.0,0.0,0.0,8.820767123287169,114985.0,5192835.679603199,5193443.512041555,607.8324383561732,45.166269618137626,43.04129862573302,0,
2015-07-29,8830.0,8790.0,20302.91015625,105981.192,12,70625.872,1126.547835616448,897.6896428109667,228.85819280548142,11.463123287670896,149430.0,5193733.36924601,5192292.870725462,-1440.4985205479386,34.74732564227707,33.10456447972237,0,
2015-07-30,8930.0,9000.0,20522.830078125,89317.86,10,0.0,0.0,0.0,0.0,18.641095890410725,243000.0,5193733.36924601,5196526.369629571,2793.00038356165,21.38488217954556,20.374608757255686,0,
2015-07-31,8975.0,9035.0,20585.240234375,35907.18,4,107678.45999999999,1680.891452054791,1339.4183535698603,341.4730984849308,13.168821917808145,171665.0,5195072.787599579,5196608.007709169,1535.2201095890423,30.27179685846951,28.83183820708215,0,
2015-08-03,9000.0,9010.0,20548.109375,18003.6,2,0.0,0.0,0.0,0.0,14.514739726027983,189210.0,5195072.787599579,5196134.8929694425,1062.1053698630164,27.462263585272673,26.1557522136214,0,
2015-08-04,8925.0,8970.0,20520.359375,17853.57,2,0.0,0.0,0.0,0.0,15.826520547945165,206310.0,5195072.787599579,5195365.496448895,292.70884931507146,25.182325124564464,23.984027208076242,0,
2015-08-05,8960.0,9080.0,20614.060546875,17923.584,2,0.0,0.0,0.0,0.0,17.413698630137333,227000.0,5195072.787599579,5198114.498750265,3041.711150684935,22.899182813877818,21.810027497361013,0,
2015-08-06,9205.0,9115.0,20664.439453125,9206.841,1,138047.385,4161.788054794517,3316.3208114630106,845.4672433315061,7.691561643835939,100265.0,5198389.108411043,5199366.883945289,977.7755342465775,51.8562497775424,49.3488171094553,0,
2015-08-07,9080.0,9180.0,20724.560546875,36327.263999999996,4,54469.10400000001,621.6757808219252,495.3823459479511,126.29343487397412,6.337972602739228,82620.0,5198884.49075699,5199731.092537812,846.6017808219237,62.93550099900523,59.88495935994473,0,
2015-08-10,9075.0,9230.0,20808.689453125,27230.445,3,18146.37,135.81142465753467,108.2213337383565,27.59009091917817,7.080547945205581,92300.0,5198992.712090729,5200292.346898948,1299.6348082191828,56.34119552436563,53.60903255370711,0,
2015-08-11,9330.0,9160.0,20720.75,18663.732,2,74625.072,1984.4822191780886,1581.33465635206,403.1475628260288,2.810739726027805,36640.0,5200574.046747081,5200187.728596396,-386.3181506849313,141.92652097697587,134.98967776871478,0,
2015-08-12,9095.0,8870.0,20392.76953125,36387.276,4,0.0,0.0,0.0,0.0,5.443506849314872,70960.0,5200574.046747081,5198115.009089546,-2459.0376575342443,73.25415739979631,69.67226085727187,0,
2015-08-13,8895.0,9050.0,20595.55078125,124554.906,14,0.0,0.0,0.0,0.0,15.273424657534179,199100.0,5200574.046747081,5201684.829664889,1110.7829178082186,26.125991108311847,24.8493127954932,0,
2015-08-14,8975.0,8990.0,20519.44921875,62837.565,7,125624.87,1060.244547945198,844.8558680301311,215.38867991506697,10.344657534246835,134850.0,5201418.902615111,5199996.4013274405,-1422.501287671233,38.561337792565375,36.66844019310174,0,
2015-08-17,9050.0,9065.0,20620.259765625,90518.09999999999,10,0.0,0.0,0.0,0.0,17.38493150684917,226625.0,5201418.902615111,5201235.916395933,-182.98621917807367,22.950847948796177,21.824429300283533,0,
2015-08-18,9085.0,9005.0,20554.470703125,72694.536,8,0.0,0.0,0.0,0.0,22.796219178082538,297165.0,5201418.902615111,5199058.5841767555,-2360.3184383561484,17.495528020381794,16.63641802277657,0,
2015-08-19,8945.0,8725.0,20222.630859375,653115.5970000001,73,0.0,0.0,0.0,0.0,70.94739726027456,924850.0,5201418.902615111,5173557.0397794945,-27861.86283561649,5.593941763290798,5.31782307395132,1,
2015-08-20,8700.0,8570.0,20033.51953125,652630.5,75,0.0,0.0,0.0,0.0,118.9938630136985,1551170.0,5201418.902615111,5147127.545916481,-54291.35669863019,3.3182227260174457,3.1535164954310946,1,
2015-08-21,8260.0,8070.0,19435.830078125,652670.508,79,0.0,0.0,0.0,0.0,160.95780821917833,2098200.0,5201418.902615111,5041326.080108262,-160092.8225068494,2.4026909160748553,2.280849184349162,1,
2015-08-24,7745.0,7350.0,18540.6796875,650710.116,84,0.0,0.0,0.0,0.0,193.95945205479393,2528400.0,5201418.902615111,4820622.004656207,-380796.8979589043,1.9065899401424644,1.805402516887084,1,
2015-08-25,6900.0,6750.0,17806.69921875,648729.72,94,0.0,0.0,0.0,0.0,226.8000000000011,2956500.0,5201418.902615111,4599765.484656207,-601653.417958904,1.5558144713871833,1.4692022336199233,1,
2015-08-26,6735.0,7145.0,18376.830078125,94308.858,14,0.0,0.0,0.0,0.0,247.7455342465746,3229540.0,5201418.902615111,4778248.8811219605,-423170.02149315085,1.4795447280795284,1.4001783704889272,2,
2015-08-27,7430.0,7280.0,18574.439453125,96609.318,13,103999.196,9682.664465753429,7715.63117953562,1967.033286217809,251.86805479452005,3283280.0,5209134.533794647,4837159.857780948,-371974.6760136987,1.4732705884910664,1.392177486771536,2,
2015-08-28,7625.0,7740.0,19136.3203125,99144.825,13,716606.65,67724.23794520553,53966.05900663703,13758.178938568504,219.68876712328756,2863800.0,5263100.592801284,5021163.815075257,-241936.7777260275,1.7533220947954664,1.6366256475135235,2,
2015-08-31,7630.0,7520.0,18890.48046875,99209.838,13,0.0,0.0,0.0,0.0,220.94378082191815,2880160.0,5263100.592801284,4938093.033294435,-325007.55950684944,1.7145203854280437,1.5984100896434865,2,
2015-09-01,7410.0,6980.0,18165.689453125,96349.266,13,0.0,0.0,0.0,0.0,212.0390136986316,2764080.0,5263100.592801284,4725451.728280736,-537648.864520548,1.7095929670200343,1.588529803681582,2,
2015-09-02,6750.0,6920.0,18095.400390625,0.0,0,0.0,0.0,0.0,0.0,210.21632876712556,2740320.0,5263100.592801284,4701481.511951969,-561619.0808493153,1.7156687948677414,1.5934792385935412,3,
2015-09-03,7150.0,6985.0,18182.390625,0.0,0,0.0,0.0,0.0,0.0,212.19090410958597,2766060.0,5263100.592801284,4727009.321047859,-536091.2717534248,1.7089323156575993,1.5878031009068616,3,
2015-09-04,7060.0,6670.0,17792.16015625,0.0,0,0.0,0.0,0.0,0.0,202.621808219179,2641320.0,5263100.592801284,4602066.6992396405,-661033.8935616439,1.7423359150877744,1.615409492858872,3,
2015-09-07,6610.0,6735.0,17860.470703125,0.0,0,0.0,0.0,0.0,0.0,204.59638356164214,2667060.0,5263100.592801284,4627602.102856078,-635498.4899452057,1.7350948620788726,1.6093167041277183,3,
2015-09-08,6780.0,6410.0,17427.080078125,0.0,0,0.0,0.0,0.0,0.0,194.72350684931553,2538360.0,5263100.592801284,4498707.379349229,-764393.213452055,1.772288950089518,1.640056872113165,3,
2015-09-09,6850.0,7325.0,18770.509765625,6851.37,1,0.0,0.0,0.0,0.0,223.0813698630136,2908025.0,5263100.592801284,4861297.927979366,-401802.6648219179,1.6716836780905824,1.5561840868484442,3,
2015-09-10,6915.0,7020.0,18299.619140625,0.0,0,0.0,0.0,0.0,0.0,213.79265753424625,2786940.0,5263100.592801284,4739999.135321832,-523101.4574794522,1.7007898036275744,1.5801953554229295,3,
2015-09-11,6870.0,6985.0,18264.220703125,0.0,0,0.0,0.0,0.0,0.0,212.72673972602388,2773045.0,5263100.592801284,4725891.408582106,-537209.1842191782,1.7042245649032404,1.5829491372707358,3,
2015-09-14,7045.0,6760.0,17965.69921875,0.0,0,0.0,0.0,0.0,0.0,205.87441095890154,2683720.0,5263100.592801284,4636360.534171147,-626740.058630137,1.7275872796607497,1.6021986054957333,3,
2015-09-15,6835.0,6800.0,18026.48046875,0.0,0,0.0,0.0,0.0,0.0,207.0926027397254,2699600.0,5263100.592801284,4652033.441568407,-611067.1512328769,1.7232306421575074,1.5985028360999887,3,
2015-09-16,6960.0,6920.0,18171.599609375,0.0,0,0.0,0.0,0.0,0.0,210.7471780821943,2747240.0,5263100.592801284,4699462.694390325,-563637.8984109589,1.7106123579994195,1.5879707495447666,3,
2015-09-17,7065.0,7115.0,18432.26953125,0.0,0,0.0,0.0,0.0,0.0,216.6858630136976,2824655.0,5263100.592801284,4776661.0085273115,-486439.58427397284,1.6910599731745333,1.5717028770782053,3,
2015-09-18,6990.0,6865.0,18070.2109375,0.0,0,0.0,0.0,0.0,0.0,209.07216438356227,2725405.0,5263100.592801284,4677201.936362928,-585898.6564383563,1.7161493195921076,1.5923689308284716,3,
2015-09-24,6630.0,6480.0,17571.830078125,0.0,0,0.0,0.0,0.0,0.0,197.34706849315353,2572560.0,5263100.592801284,4524159.5892944345,-738941.0035068495,1.7586216023316985,1.627410265178493,3,
2015-09-25,6495.0,6650.0,17880.509765625,0.0,0,0.0,0.0,0.0,0.0,202.52438356164657,2640050.0,5263100.592801284,4591447.064910873,-671653.5278904111,1.7391515558079857,1.6112177811103807,3,
2015-09-28,6690.0,6615.0,17645.109375,0.0,0,0.0,0.0,0.0,0.0,201.4584657534242,2626155.0,5263100.592801284,4577350.60644512,-685749.9863561644,1.7429856982718537,1.6142983129666584,3,
2015-09-29,6345.0,6055.0,16930.83984375,0.0,0,0.0,0.0,0.0,0.0,184.40378082191728,2403835.0,5263100.592801284,4354846.202664297,-908254.3901369866,1.8116244262456853,1.670958605115289,3,
2015-09-30,6250.0,6335.0,17388.150390625,0.0,0,0.0,0.0,0.0,0.0,192.93112328767256,2514995.0,5263100.592801284,4465813.27154101,-797287.321260274,1.7756748110994296,1.6411495515023826,3,
2015-10-01,6450.0,6640.0,17722.419921875,0.0,0,0.0,0.0,0.0,0.0,202.21983561643538,2636080.0,5263100.592801284,4586696.051705394,-676404.5410958905,1.7399684575981738,1.611545733289393,3,
2015-10-02,6495.0,6615.0,17725.130859375,0.0,0,0.0,0.0,0.0,0.0,201.45846575342512,2626155.0,5263100.592801284,4576569.59323964,-686530.999561644,1.7426883002867843,1.6137035169965195,3,
2015-10-05,6765.0,6825.0,18005.490234375,0.0,0,0.0,0.0,0.0,0.0,207.8539726027393,2709525.0,5263100.592801284,4659731.739267037,-603368.8535342468,1.7197596402568853,1.594666907200631,3,
2015-10-06,7075.0,6920.0,18186.099609375,0.0,0,0.0,0.0,0.0,0.0,210.7471780821943,2747240.0,5263100.592801284,4697235.992088955,-565864.6007123289,1.709801834600892,1.5863497027477123,3,
2015-10-07,6950.0,7090.0,18322.98046875,0.0,0,0.0,0.0,0.0,0.0,215.92449315068916,2814730.0,5263100.592801284,4764510.067595804,-498590.5252054796,1.6927058963367017,1.5721371173754939,3,
2015-10-08,7065.0,6915.0,18141.169921875,0.0,0,0.0,0.0,0.0,0.0,210.59490410959006,2745255.0,5263100.592801284,4694824.472691695,-568276.1201095892,1.7101597019918715,1.586462940084657,3,
2015-10-09,6975.0,7160.0,18438.669921875,0.0,0,0.0,0.0,0.0,0.0,218.05632876712298,2842520.0,5263100.592801284,4791871.416362928,-471229.1764383562,1.6857828322625446,1.5662419986225502,3,
2015-10-13,7090.0,7035.0,18234.740234375,0.0,0,0.0,0.0,0.0,0.0,214.24947945205713,2792895.0,5263100.592801284,4742032.166883476,-521068.4259178084,1.6978913159583429,1.576149732433789,3,
2015-10-14,6915.0,6750.0,17891.0,0.0,0,0.0,0.0,0.0,0.0,205.5698630136976,2679750.0,5263100.592801284,4628681.597020462,-634418.9957808221,1.727281125858928,1.6003226298123479,3,
2015-10-15,6665.0,6885.0,18096.900390625,0.0,0,0.0,0.0,0.0,0.0,209.6812602739774,2733345.0,5263100.592801284,4682066.915760187,-581033.6770410961,1.7129439992976325,1.5883981731977086,3,
2015-10-16,7035.0,7025.0,18291.80078125,0.0,0,0.0,0.0,0.0,0.0,213.94493150684866,2788925.0,5263100.592801284,4737432.970828681,-525667.6219726028,1.6986591503280588,1.5765186639497575,3,
2015-10-19,7050.0,6930.0,18131.23046875,0.0,0,0.0,0.0,0.0,0.0,211.05172602740276,2751210.0,5263100.592801284,4699506.919102654,-563593.6736986304,1.7081600165391424,1.5842684533001925,3,
2015-10-20,7015.0,6990.0,18207.150390625,0.0,0,0.0,0.0,0.0,0.0,212.87901369862993,2775030.0,5263100.592801284,4723114.040088955,-539986.5527123288,1.7020046774589663,1.5790998487860044,3,
2015-10-21,6950.0,7230.0,18554.279296875,0.0,0,0.0,0.0,0.0,0.0,220.18816438356043,2870310.0,5263100.592801284,4818173.851924571,-444926.7408767124,1.6786249052975362,1.559723192633499,3,
2015-10-22,7145.0,7160.0,18435.869140625,0.0,0,0.0,0.0,0.0,0.0,218.05632876712298,2842520.0,5263100.592801284,4790165.795595804,-472934.7972054796,1.6851827939982142,1.5650419220938898,3,
2015-10-23,7460.0,7460.0,18825.30078125,0.0,0,0.0,0.0,0.0,0.0,227.19276712328792,2961620.0,5263100.592801284,4909038.6028286815,-354061.9899726029,1.6575518138142913,1.5421656319366015,3,
2015-10-26,7625.0,7545.0,18947.119140625,0.0,0,7623.475,756.7966712328772,603.0534274719182,153.743243760959,229.20263013698968,2987820.0,5263703.646228756,4942479.131954783,-321224.5142739728,1.6542091330651723,1.5395047588813282,3,
2015-10-27,7555.0,7420.0,18777.0390625,0.0,0,0.0,0.0,0.0,0.0,225.40536986301777,2938320.0,5263703.646228756,4892753.72658492,-370949.9196438357,1.6651534640831902,1.5484400262534659,3,
2015-10-28,7465.0,7505.0,18903.01953125,0.0,0,0.0,0.0,0.0,0.0,227.98750684931656,2971980.0,5263703.646228756,4926185.739078071,-337517.9071506851,1.6575433680839275,1.542075088973474,3,
2015-10-29,7650.0,7525.0,18935.7109375,0.0,0,0.0,0.0,0.0,0.0,228.59506849314675,2979900.0,5263703.646228756,4933877.144009578,-329826.5022191782,1.6557190321855022,1.5404809331824556,3,
2015-10-30,7520.0,7665.0,19083.099609375,0.0,0,0.0,0.0,0.0,0.0,232.84799999999996,3035340.0,5263703.646228756,4989084.296009578,-274619.3502191782,1.643665716529146,1.530455710658575,3,
2015-11-02,7465.0,7410.0,18683.240234375,0.0,0,0.0,0.0,0.0,0.0,225.10158904109267,2934360.0,5263703.646228756,4887879.194420537,-375824.4518082193,1.6657394438380215,1.548556834748401,3,
2015-11-04,7585.0,7550.0,18926.91015625,0.0,0,0.0,0.0,0.0,0.0,229.35452054794587,2989800.0,5263703.646228756,4943089.839899989,-320613.8063287672,1.6533178941400726,1.5382314952743399,3,
2015-11-05,7605.0,7685.0,19116.41015625,0.0,0,0.0,0.0,0.0,0.0,233.4555616438356,3043260.0,5263703.646228756,4996316.384338344,-267387.2618904111,1.6417645499688966,1.5286231256770482,3,
2015-11-06,7740.0,7800.0,19265.599609375,0.0,0,0.0,0.0,0.0,0.0,236.94904109589334,3088800.0,5263703.646228756,5041619.435297249,-222084.21093150694,1.6322259244034087,1.5206758985255573,3,
2015-11-09,7945.0,8100.0,19642.740234375,0.0,0,206528.686,12932.593397260258,10305.337048606838,2627.256348653422,229.90684931506985,2997000.0,5274008.983277363,5153490.9580992805,-120518.0251780823,1.7195498692356626,1.6001911037441434,3,
2015-11-10,7960.0,8125.0,19671.259765625,0.0,0,875424.88,23384.837876712292,18634.20806205819,4750.629814654103,162.05479452054897,2112500.0,5292643.191339421,5139503.153490106,-153140.03784931515,2.432900901060405,2.2524203742678295,3,
2015-11-11,8080.0,8150.0,19691.390625,0.0,0,0.0,0.0,0.0,0.0,162.55342465753347,2119000.0,5292643.191339421,5145840.600065448,-146802.59127397268,2.428428787194643,2.2484251693211306,4,
2015-11-12,8095.0,8145.0,19697.76953125,0.0,0,0.0,0.0,0.0,0.0,162.4536986301373,2117700.0,5292643.191339421,5144378.146366818,-148265.0449726028,2.4292289495050374,2.249038119844272,4,
2015-11-13,8000.0,8055.0,19596.91015625,0.0,0,0.0,0.0,0.0,0.0,160.65863013698436,2094300.0,5292643.191339421,5120817.4877366815,-171825.70360273978,2.4451212757182264,2.2628404283693557,4,
2015-11-16,7790.0,7885.0,19393.689453125,0.0,0,0.0,0.0,0.0,0.0,157.26794520547992,2050100.0,5292643.191339421,5076460.219791476,-216182.9715479453,2.476201268129104,2.2899137472530757,4,
2015-11-17,8110.0,8110.0,19630.630859375,0.0,0,0.0,0.0,0.0,0.0,161.755616438355,2108600.0,5292643.191339421,5134798.464175037,-157844.72716438363,2.4351695267831914,2.2539735663523914,4,
2015-11-18,8215.0,8115.0,19649.1796875,0.0,0,0.0,0.0,0.0,0.0,161.85534246575298,2109900.0,5292643.191339421,5135936.608832572,-156706.58250684937,2.4342085448753834,2.2530475147285283,4,
2015-11-19,8280.0,8280.0,19859.810546875,0.0,0,0.0,0.0,0.0,0.0,165.14630136986307,2152800.0,5292643.191339421,5178671.462531202,-113971.72880821927,2.4055515898045345,2.2279239403209687,4,
2015-11-20,8230.0,8265.0,19879.810546875,0.0,0,0.0,0.0,0.0,0.0,164.8471232876691,2148900.0,5292643.191339421,5174606.615407914,-118036.57593150693,2.4080257878020914,2.229999052760206,4,
2015-11-24,8300.0,8335.0,19924.890625,0.0,0,0.0,0.0,0.0,0.0,166.2432876712337,2167100.0,5292643.191339421,5192640.372120243,-100002.81921917817,2.396124023866108,2.2195157020446974,4,
2015-11-25,8285.0,8265.0,19847.580078125,0.0,0,0.0,0.0,0.0,0.0,164.8471232876691,2148900.0,5292643.191339421,5174275.524996955,-118367.66634246583,2.4078717134333636,2.2296909040227506,4,
2015-11-26,8325.0,8345.0,19944.41015625,0.0,0,0.0,0.0,0.0,0.0,166.44273972602423,2169700.0,5292643.191339421,5194909.082257229,-97734.10908219186,2.3942983279979853,2.2177489506268317,4,
2015-11-27,8385.0,8290.0,19883.939453125,0.0,0,0.0,0.0,0.0,0.0,165.34575342466087,2155400.0,5292643.191339421,5180443.736503804,-112199.45483561653,2.403472087085369,2.2256746806477627,4,
2015-11-30,8285.0,8190.0,19747.470703125,0.0,0,0.0,0.0,0.0,0.0,163.35123287671195,2129400.0,5292643.191339421,5154280.385270928,-138362.80606849326,2.420531786076326,2.2404867588064405,4,
2015-12-01,8245.0,8365.0,20012.400390625,0.0,0,0.0,0.0,0.0,0.0,166.8416438356162,2174900.0,5292643.191339421,5199613.543627093,-93029.64771232884,2.390736835545125,2.2143817283161358,4,
2015-12-02,8345.0,8355.0,19938.130859375,0.0,0,0.0,0.0,0.0,0.0,166.6421917808202,2172300.0,5292643.191339421,5196846.901435312,-95796.28990410967,2.392324679572486,2.215681782687107,4,
2015-12-03,8310.0,8330.0,19939.900390625,0.0,0,0.0,0.0,0.0,0.0,166.14356164383935,2165800.0,5292643.191339421,5190180.757873667,-102462.4334657535,2.396426612740635,2.2191768627795336,4,
2015-12-04,8075.0,8015.0,19504.48046875,0.0,0,0.0,0.0,0.0,0.0,159.86082191780588,2083900.0,5292643.191339421,5108120.89705175,-184522.2942876713,2.451231295672417,2.2669386860041643,4,
2015-12-07,8165.0,8140.0,19698.150390625,122499.495,15,0.0,0.0,0.0,0.0,171.72054794519863,2238500.0,5292643.191339421,5140049.681503804,-152593.5098356165,2.2962026721035533,2.1245613543302158,4,
2015-12-08,8140.0,7995.0,19492.599609375,0.0,0,0.0,0.0,0.0,0.0,168.6616438356141,2198625.0,5292643.191339421,5100006.019859969,-192637.17147945214,2.3196343259355134,2.14480335135847,4,
2015-12-09,7915.0,7860.0,19301.0703125,269163.822,34,0.0,0.0,0.0,0.0,186.3143013698609,2428740.0,5292643.191339421,5060770.883558599,-231872.30778082198,2.083702200959592,1.9253591647429438,4,
2015-12-10,7720.0,7735.0,19046.55078125,0.0,0,0.0,0.0,0.0,0.0,183.35128767123388,2390115.0,5292643.191339421,5021962.532270928,-270680.6590684932,2.101138452447237,1.9401598313062067,3,
2015-12-11,7755.0,7870.0,19230.48046875,15513.101999999999,2,0.0,0.0,0.0,0.0,187.75879452055233,2447570.0,5292643.191339421,5063716.671476407,-228926.51986301376,2.068875117555946,1.9115986450289035,3,
2015-12-14,7445.0,7500.0,18883.419921875,0.0,0,0.0,0.0,0.0,0.0,178.93150684931607,2332500.0,5292643.191339421,4948467.739969558,-344175.451369863,2.1215295776932726,1.956417420192795,3,
2015-12-15,7480.0,7240.0,18565.900390625,22444.488,3,0.0,0.0,0.0,0.0,174.39473972603082,2273360.0,5292643.191339421,4866708.857229832,-425934.33410958917,2.140755910735577,1.9712717541965383,3,
2015-12-16,7470.0,7580.0,19049.91015625,112072.40999999999,15,0.0,0.0,0.0,0.0,191.30673972602744,2493820.0,5292643.191339421,4974905.140490106,-317738.0508493151,1.9948934327618297,1.840315392306097,3,
2015-12-17,7865.0,7810.0,19353.560546875,0.0,0,0.0,0.0,0.0,0.0,197.11156164383283,2569490.0,5292643.191339421,5050378.028928462,-242265.16241095893,1.9655176820802815,1.8154151635217508,3,
2015-12-18,7785.0,7545.0,18986.80078125,0.0,0,140101.97400000002,5562.158958904125,4432.206366402752,1129.952592501373,180.00509589041758,2346495.0,5297075.397705823,4966175.04524007,-330900.35246575344,2.1164225984884135,1.9496082287728362,3,
2015-12-21,7415.0,7485.0,18916.01953125,0.0,0,0.0,0.0,0.0,0.0,178.573643835618,2327835.0,5297075.397705823,4947336.471596234,-349738.92610958917,2.1252951655062464,1.957066894125505,3,
2015-12-22,7470.0,7450.0,18886.69921875,0.0,0,0.0,0.0,0.0,0.0,177.73863013698792,2316950.0,5297075.397705823,4936273.732966097,-360801.66473972605,2.130505074760395,1.961409756890037,3,
2015-12-24,7595.0,7365.0,18789.689453125,0.0,0,0.0,0.0,0.0,0.0,175.71073972602971,2290515.0,5297075.397705823,4909663.022226371,-387412.3754794522,2.1434756036203084,1.9723520320744106,3,
2015-12-25,7385.0,7335.0,18769.060546875,0.0,0,0.0,0.0,0.0,0.0,174.99501369863356,2281185.0,5297075.397705823,4900158.027212673,-396917.3704931507,2.1480756831263896,1.9761755073435616,3,
2015-12-28,7420.0,7440.0,18873.349609375,0.0,0,0.0,0.0,0.0,0.0,177.50005479451647,2313840.0,5297075.397705823,4932635.527157878,-364439.87054794526,2.1317962897857576,1.962245412219485,3,
2015-12-29,7425.0,7525.0,18982.23046875,0.0,0,0.0,0.0,0.0,0.0,179.52794520548196,2340275.0,5297075.397705823,4958890.999212672,-338184.3984931508,2.118935167539145,1.951222770281066,3,
2015-12-30,7600.0,7550.0,19033.7109375,0.0,0,0.0,0.0,0.0,0.0,180.1243835616442,2348050.0,5297075.397705823,4966485.874829111,-330589.5228767124,2.1151533718741553,1.9479196013510778,3,
2016-01-04,7405.0,7110.0,18450.98046875,0.0,0,0.0,0.0,0.0,0.0,169.62706849315146,2211210.0,5297075.397705823,4829476.247760618,-467599.14994520554,2.184087557382889,2.006427867916395,3,
2016-01-05,7075.0,7040.0,18374.0,0.0,0,0.0,0.0,0.0,0.0,167.95704109589497,2189440.0,5297075.397705823,4807538.290719522,-489537.10698630137,2.195784442925827,2.016281538536439,3,
2016-01-06,7055.0,6910.0,18191.3203125,0.0,0,0.0,0.0,0.0,0.0,164.85556164383524,2149010.0,5297075.397705823,4766943.435157878,-530131.9625479453,2.2182043988431315,2.035247737614033,3,
2016-01-07,6860.0,6585.0,17767.33984375,61752.348000000005,9,0.0,0.0,0.0,0.0,161.64821917808513,2107200.0,5297075.397705823,4663219.4389387,-633855.9587671234,2.212993279678578,2.026329772290991,3,
2016-01-08,6460.0,6550.0,17697.9609375,142148.424,22,0.0,0.0,0.0,0.0,171.84328767123225,2240100.0,5297075.397705823,4653799.171651028,-643276.2260547947,2.077496170550881,1.9018302690041669,3,
2016-01-12,6390.0,6190.0,17218.9609375,146999.394,23,0.0,0.0,0.0,0.0,173.32000000000335,2259350.0,5297075.397705823,4525876.457651028,-771198.9400547947,2.0031763372877283,1.82893042317314,3,
2016-01-13,6355.0,6525.0,17715.630859375,146194.233,23,0.0,0.0,0.0,0.0,194.2126027397244,2531700.0,5297075.397705823,4651838.012048289,-645237.3856575345,1.837436509874112,1.681858550930503,3,
2016-01-14,6125.0,6180.0,17240.94921875,24504.899999999998,4,0.0,0.0,0.0,0.0,185.8402191780806,2422560.0,5297075.397705823,4518007.2718291115,-779068.1258767121,1.8649722903990453,1.7023085962586681,3,
2016-01-15,6410.0,6100.0,17147.109375,115403.076,18,0.0,0.0,0.0,0.0,191.85753424657378,2501000.0,5297075.397705823,4480852.338294865,-816223.0594109589,1.7916242856037043,1.6339855745237528,3,
2016-01-18,5800.0,5970.0,16955.5703125,87017.4,15,0.0,0.0,0.0,0.0,194.6383561643852,2537250.0,5297075.397705823,4429890.2999387,-867185.0977671234,1.7459415902803035,1.5904783703504097,3,
2016-01-19,5935.0,6045.0,17048.369140625,118723.73999999999,20,0.0,0.0,0.0,0.0,206.35808219177852,2690025.0,5297075.397705823,4463735.201856508,-833340.195849315,1.659365694317528,1.5126550084133765,3,
2016-01-20,6010.0,5595.0,16416.189453125,42078.414000000004,7,0.0,0.0,0.0,0.0,194.00087671233268,2528940.0,5297075.397705823,4260377.786979796,-1036697.6107260273,1.6846496108961844,1.528517233803004,3,
2016-01-21,5645.0,5325.0,16017.259765625,141153.225,25,0.0,0.0,0.0,0.0,194.85123287671013,2540025.0,5297075.397705823,4130114.7107469193,-1166960.686958904,1.6260134096108974,1.4704857022226219,3,
2016-01-22,5675.0,5930.0,16958.529296875,141903.375,25,0.0,0.0,0.0,0.0,228.36186301368434,2976860.0,5297075.397705823,4424817.973883905,-872257.4238219181,1.486404457678193,1.3536227256444668,3,
2016-01-25,6080.0,6045.0,17110.91015625,0.0,0,0.0,0.0,0.0,0.0,232.79046575342,3034590.0,5297075.397705823,4482315.183418152,-814760.2142876714,1.4770743933836703,1.346741986934143,3,
2016-01-26,5800.0,5755.0,16708.900390625,0.0,0,144971.0,3784.596917808213,3015.7560539554747,768.8408638527385,210.58569863012963,2745135.0,5300091.1537597785,4336851.7568556685,-963239.3969041095,1.5798318686897614,1.4343014667590337,3,
2016-01-27,5990.0,6060.0,17163.919921875,0.0,0,0.0,0.0,0.0,0.0,221.74619178082867,2890620.0,5300091.1537597785,4482115.0106638875,-817976.1430958905,1.5505721992734733,1.4122896349461356,3,
2016-01-28,5975.0,6000.0,17041.44921875,0.0,0,0.0,0.0,0.0,0.0,219.55068493150975,2862000.0,5300091.1537597785,4453275.459978957,-846815.6937808221,1.5560012089374413,1.4162591066380625,3,
2016-01-29,6030.0,6355.0,17518.30078125,0.0,0,0.0,0.0,0.0,0.0,232.54076712329334,3031335.0,5300091.1537597785,4622377.919211834,-677713.2345479451,1.5248654204209808,1.3928528129236424,3,
2016-02-01,6525.0,6575.0,17865.23046875,0.0,0,260947.8,31889.72335616438,25411.326056359587,6478.397299804794,220.4156164383494,2873275.0,5325502.479816139,4718566.906295591,-606935.573520548,1.642225998658531,1.4917758758820658,3,
2016-02-02,6435.0,6490.0,17750.6796875,0.0,0,173710.251,12787.721547945199,10189.895915480132,2597.825632465067,204.12383561643946,2660900.0,5335692.375731618,4677100.207827508,-658592.1679041098,1.757713633668123,1.5903731015533842,3,
2016-02-03,6240.0,6085.0,17191.25,0.0,0,0.0,0.0,0.0,0.0,191.38575342465265,2494850.0,5335692.375731618,4510858.822074084,-824833.5536575343,1.8080681492170205,1.6295132029647275,3,
2016-02-04,5975.0,5965.0,17044.990234375,0.0,0,0.0,0.0,0.0,0.0,187.61150684932,2445650.0,5335692.375731618,4461471.210567234,-874221.1651643836,1.8242476276520492,1.6420239165059807,3,
2016-02-05,5790.0,5820.0,16819.58984375,0.0,0,0.0,0.0,0.0,0.0,183.05095890411394,2386200.0,5335692.375731618,4401838.159608331,-933854.2161232879,1.8447062943627235,1.6578659330672378,3,
2016-02-08,5670.0,5945.0,17004.30078125,0.0,0,0.0,0.0,0.0,0.0,186.98246575342637,2437450.0,5335692.375731618,4452901.177142577,-882791.198589041,1.8268687263913423,1.6438801717177938,3,
2016-02-09,5485.0,5310.0,16085.4404296875,0.0,0,0.0,0.0,0.0,0.0,167.01041095890469,2177100.0,5335692.375731618,4192384.1667316183,-1143308.2089999998,1.9256736790830087,1.7207255999869637,3,
2016-02-10,5345.0,5025.0,15713.3896484375,0.0,0,0.0,0.0,0.0,0.0,158.04657534246144,2060250.0,5335692.375731618,4075376.1201562756,-1260316.2555753426,1.9780978619858152,1.7614491496570484,3,
2016-02-12,4605.0,4565.0,14952.6103515625,0.0,0,0.0,0.0,0.0,0.0,143.5786301369808,1871650.0,5335692.375731618,3886632.5415261383,-1449059.8342054798,2.076580846593187,1.8380244454468833,3,
2016-02-15,4940.0,5200.0,16022.580078125,0.0,0,0.0,0.0,0.0,0.0,163.55068493150247,2132000.0,5335692.375731618,4146818.990841207,-1188873.384890411,1.9450370501131364,1.7355353433165086,3,
2016-02-16,5095.0,5210.0,16054.4296875,0.0,0,0.0,0.0,0.0,0.0,163.86520547945474,2136100.0,5335692.375731618,4150755.1256357282,-1184937.2500958901,1.9431464470931736,1.7339701425681562,3,
2016-02-17,5175.0,5080.0,15836.3603515625,0.0,0,0.0,0.0,0.0,0.0,159.77643835616618,2082800.0,5335692.375731618,4097295.349197372,-1238397.0265342463,1.9672053721900191,1.7525994184094131,3,
2016-02-18,5375.0,5300.0,16196.7998046875,0.0,0,0.0,0.0,0.0,0.0,166.69589041095605,2173000.0,5335692.375731618,4187328.6533069606,-1148363.7224246575,1.9269805123363832,1.721206017893375,3,
2016-02-19,5175.0,5170.0,15967.169921875,0.0,0,0.0,0.0,0.0,0.0,162.6071232876675,2119700.0,5335692.375731618,4133866.0461836727,-1201826.3295479454,1.9502127877452813,1.7391873673801617,3,
2016-02-22,5065.0,5240.0,16111.0498046875,0.0,0,0.0,0.0,0.0,0.0,164.8087671232861,2148400.0,5335692.375731618,4162401.237416549,-1173291.138315069,1.937442393137474,1.7291593023186933,3,
2016-02-23,5325.0,5210.0,16052.0498046875,0.0,0,0.0,0.0,0.0,0.0,163.86520547945474,2136100.0,5335692.375731618,4149937.37221107,-1185755.0035205483,1.942763621652109,1.7332044916860272,3,
2016-02-24,5080.0,5115.0,15915.7900390625,0.0,0,0.0,0.0,0.0,0.0,160.87726027397366,2097150.0,5335692.375731618,4110826.494950796,-1224865.8807808221,1.960196693107692,1.7466687457597094,3,
2016-02-25,5165.0,5295.0,16140.33984375,0.0,0,0.0,0.0,0.0,0.0,166.53863013697992,2170950.0,5335692.375731618,4184459.9563206593,-1151232.419410959,1.9274787334211563,1.721132814164168,3,
2016-02-26,5400.0,5310.0,16188.41015625,0.0,0,0.0,0.0,0.0,0.0,167.01041095890469,2177100.0,5335692.375731618,4190442.9459097004,-1145249.4298219178,1.9247820246702956,1.7189422911615373,3,
2016-02-29,5410.0,5215.0,16026.759765625,0.0,0,0.0,0.0,0.0,0.0,164.02246575342724,2138150.0,5335692.375731618,4151328.9234439465,-1184363.4522876716,1.9415517730018692,1.7318856100630338,3,
2016-03-01,5185.0,5235.0,16085.509765625,0.0,0,0.0,0.0,0.0,0.0,164.6515068493136,2146350.0,5335692.375731618,4159364.2719370974,-1176328.1037945205,1.937877919228969,1.7289360608207318,3,
2016-03-02,5520.0,5655.0,16746.55078125,0.0,0,0.0,0.0,0.0,0.0,177.8613698630179,2318550.0,5335692.375731618,4331386.410567234,-1004305.9651643835,1.8681444914137,1.6746441488873873,3,
2016-03-03,5635.0,5810.0,16960.16015625,0.0,0,0.0,0.0,0.0,0.0,182.73643835616895,2382100.0,5335692.375731618,4394753.674128878,-940938.7016027399,1.8449072978165812,1.6564924724092773,3,
2016-03-04,5785.0,5845.0,17014.779296875,0.0,0,0.0,0.0,0.0,0.0,183.8372602739837,2396450.0,5335692.375731618,4408919.836868605,-926772.5388630138,1.839771260351188,1.6524079551025854,3,
2016-03-07,5860.0,5775.0,16911.3203125,0.0,0,0.0,0.0,0.0,0.0,181.63561643835783,2367750.0,5335692.375731618,4380038.201252166,-955654.174479452,1.8498735936024353,1.660162505658416,3,
2016-03-08,5760.0,5675.0,16783.150390625,0.0,0,0.0,0.0,0.0,0.0,178.4904109589006,2326750.0,5335692.375731618,4338859.710841207,-996832.6648904112,1.8647726274164422,1.6716419004838494,3,
2016-03-09,5580.0,5595.0,16642.19921875,0.0,0,0.0,0.0,0.0,0.0,175.9742465753443,2293950.0,5335692.375731618,4305883.736594632,-1029808.6391369863,1.8770608498854082,1.6810919346357358,3,
2016-03-10,5705.0,5725.0,16852.349609375,0.0,0,0.0,0.0,0.0,0.0,180.06301369863286,2347250.0,5335692.375731618,4359003.673580933,-976688.7021506848,1.8570683453321688,1.665472666920971,3,
2016-03-11,5575.0,5790.0,16938.869140625,0.0,0,0.0,0.0,0.0,0.0,182.10739726026077,2373900.0,5335692.375731618,4385471.566183673,-950220.8095479452,1.8473699676412962,1.6578484782997298,3,
2016-03-14,5940.0,5990.0,17233.75,0.0,0,0.0,0.0,0.0,0.0,188.3978082191752,2455900.0,5335692.375731618,4467283.168375454,-868409.2073561645,1.819000435024005,1.6357301628809358,3,
2016-03-15,5990.0,5900.0,17117.0703125,0.0,0,0.0,0.0,0.0,0.0,185.56712328766662,2419000.0,5335692.375731618,4430197.601252166,-905494.7744794522,1.83141694967018,1.6452743169792123,3,
2016-03-16,5825.0,5815.0,16974.44921875,0.0,0,0.0,0.0,0.0,0.0,182.8936986301378,2384150.0,5335692.375731618,4395164.707553536,-940527.6681780822,1.8434933655825076,1.6545531050376254,3,
2016-03-17,5900.0,5780.0,16936.380859375,0.0,0,0.0,0.0,0.0,0.0,181.79287671233396,2369800.0,5335692.375731618,4380632.914676824,-955059.4610547947,1.84852431204187,1.6583632372445056,3,
2016-03-18,5750.0,5635.0,16724.810546875,0.0,0,0.0,0.0,0.0,0.0,177.23232876712063,2310350.0,5335692.375731618,4321005.682348056,-1014686.6933835619,1.870281854415156,1.6751508364379835,3,
2016-03-22,5820.0,5840.0,17048.55078125,0.0,0,0.0,0.0,0.0,0.0,183.6800000000003,2394400.0,5335692.375731618,4404872.002348056,-930820.3733835617,1.8396558646625694,1.6512977676931573,3,
2016-03-23,5865.0,5830.0,17000.98046875,0.0,0,0.0,0.0,0.0,0.0,183.36547945204802,2390300.0,5335692.375731618,4400588.636868604,-935103.7388630137,1.8410193853778205,1.6522614918652851,3,
2016-03-24,5790.0,5745.0,16892.330078125,0.0,0,0.0,0.0,0.0,0.0,180.69205479451557,2355450.0,5335692.375731618,4365557.94481381,-970134.4309178083,1.8533859537726594,1.6617585853641563,3,
2016-03-25,5795.0,5820.0,17002.75,0.0,0,0.0,0.0,0.0,0.0,183.05095890411394,2386200.0,5335692.375731618,4396124.893854906,-939567.4818767126,1.842311999771564,1.653077343884919,3,
2016-03-28,5900.0,5890.0,17134.369140625,0.0,0,0.0,0.0,0.0,0.0,185.2526027397289,2414900.0,5335692.375731618,4424639.641252166,-911052.7344794524,1.8322247882944078,1.6451623888246778,3,
2016-03-29,5875.0,5980.0,17103.529296875,0.0,0,0.0,0.0,0.0,0.0,188.08328767123385,2451800.0,5335692.375731618,4461351.557964494,-874340.8177671233,1.8196229537337851,1.6352991623286453,3,
2016-03-30,5950.0,5825.0,16878.9609375,0.0,0,0.0,0.0,0.0,0.0,183.20821917808644,2388250.0,5335692.375731618,4397618.349745316,-938074.0259863015,1.8413559509035136,1.652050693921916,3,
2016-03-31,5920.0,5745.0,16758.669921875,0.0,0,0.0,0.0,0.0,0.0,180.69205479451557,2355450.0,5335692.375731618,4364637.657690522,-971054.7180410959,1.8529952483349348,1.6609771744887079,3,
2016-04-01,5720.0,5335.0,16164.16015625,0.0,0,0.0,0.0,0.0,0.0,167.79671232876717,2187350.0,5335692.375731618,4196369.860978194,-1139322.5147534246,1.9184720602455911,1.7116204961367725,3,
2016-04-04,5275.0,5295.0,16123.26953125,110797.155,21,0.0,0.0,0.0,0.0,175.06865753424063,2282145.0,5335692.375731618,4180192.637320659,-1155499.738410959,1.831694584402244,1.6333584412514106,3,
2016-04-05,5260.0,5035.0,15732.8203125,115743.144,22,0.0,0.0,0.0,0.0,174.9696986301351,2280855.0,5335692.375731618,4062984.5236220295,-1272707.852109589,1.7813427524424084,1.5828177225261757,3,
2016-04-06,5040.0,5045.0,15715.3603515625,131066.208,26,0.0,0.0,0.0,0.0,185.37956164382922,2416555.0,5335692.375731618,4067432.9360603853,-1268259.4396712328,1.6831534709784737,1.4956997665640357,3,
2016-04-07,5045.0,5050.0,15749.83984375,131196.234,26,0.0,0.0,0.0,0.0,195.63561643836147,2550250.0,5335692.375731618,4069736.0664439467,-1265956.3092876715,1.5958184752255453,1.4181151824943736,3,
2016-04-08,4900.0,5105.0,15821.51953125,127425.47999999998,26,0.0,0.0,0.0,0.0,207.94832876711735,2710755.0,5335692.375731618,4102607.6381151797,-1233084.7376164384,1.513455711827583,1.346197597163426,3,
2016-04-11,5065.0,5070.0,15751.1298828125,40528.104,8,131663.662,4227.99997260277,3369.0817781685173,858.9181944342527,199.5218630137024,2600910.0,5339061.457509787,4082839.7560577323,-1256221.7014520545,1.5697735623523046,1.3937492891356016,3,
2016-04-12,5040.0,5170.0,15928.7900390625,60492.096,12,0.0,0.0,0.0,0.0,208.21643835616123,2714250.0,5339061.457509787,4135479.4436193756,-1203582.0138904112,1.523617737356314,1.3548670663089122,3,
2016-04-13,5330.0,5465.0,16381.2197265625,0.0,0,0.0,0.0,0.0,0.0,220.09726027397846,2869125.0,5339061.457509787,4290134.346359102,-1048927.1111506848,1.4952762066341139,1.335557962866176,3,
2016-04-14,5635.0,5810.0,16911.05078125,0.0,0,405638.856,42223.56687671236,33645.84926570824,8577.717611004115,201.90147945205172,2631930.0,5372707.306775495,4449798.583268646,-922908.7235068493,1.690697922539219,1.5004660111635937,3,
2016-04-15,5700.0,5760.0,16848.029296875,0.0,0,245050.97999999998,18364.433164383558,14633.698567039039,3730.73459734452,181.1638356164476,2361600.0,5387341.005342535,4420607.664835686,-966733.3405068493,1.8718697767766286,1.6520092282049608,3,
2016-04-18,5410.0,5390.0,16275.9501953125,0.0,0,0.0,0.0,0.0,0.0,169.52657534246828,2209900.0,5387341.005342535,4268738.138260343,-1118602.8670821919,1.9316431233360527,1.696613394351849,3,
2016-04-19,5690.0,5790.0,16874.439453125,0.0,0,0.0,0.0,0.0,0.0,182.10739726026077,2373900.0,5387341.005342535,4432556.030863083,-954784.974479452,1.867204191778543,1.6483346920188846,3,
2016-04-20,5900.0,5810.0,16906.5390625,0.0,0,0.0,0.0,0.0,0.0,182.7364383561653,2382100.0,5387341.005342535,4440573.294424727,-946767.7109178082,1.86414226708565,1.6459494784043147,3,
2016-04-21,6030.0,6105.0,17363.619140625,0.0,0,0.0,0.0,0.0,0.0,192.01479452056083,2503050.0,5387341.005342535,4561331.279630206,-826009.7257123288,1.8223092945127766,1.6145830977878495,3,
2016-04-22,6005.0,6260.0,17572.490234375,0.0,0,0.0,0.0,0.0,0.0,196.88986301369005,2566600.0,5387341.005342535,4624684.389767192,-762656.6155753427,1.801871888789524,1.5992123600061754,3,
2016-04-25,6300.0,6170.0,17439.30078125,0.0,0,0.0,0.0,0.0,0.0,194.0591780821851,2529700.0,5387341.005342535,4587590.33058911,-799750.6747534247,1.8134918490687078,1.6077994722044848,3,
2016-04-26,6130.0,6095.0,17353.279296875,0.0,0,0.0,0.0,0.0,0.0,191.70027397260128,2498950.0,5387341.005342535,4556648.630315137,-830692.3750273974,1.8234252907481692,1.6151251222664476,3,
2016-04-27,6135.0,6080.0,17290.490234375,0.0,0,0.0,0.0,0.0,0.0,191.22849315070198,2492800.0,5387341.005342535,4550307.401821987,-837033.603520548,1.8253800552880242,1.6164892760355578,3,
2016-04-28,6185.0,5615.0,16666.05078125,0.0,0,0.0,0.0,0.0,0.0,176.60328767121973,2302150.0,5387341.005342535,4359480.798534316,-1027860.2068082191,1.8936562771905896,1.6673897273097302,3,
2016-05-02,5180.0,5275.0,16147.3798828125,0.0,0,0.0,0.0,0.0,0.0,165.90958904108993,2162750.0,5387341.005342535,4219914.888945275,-1167426.11639726,1.951180159031453,1.7102528917110225,3,
2016-05-06,5315.0,5255.0,16106.7197265625,0.0,0,0.0,0.0,0.0,0.0,165.28054794520722,2154550.0,5387341.005342535,4211549.608397329,-1175791.3969452057,1.954723542455422,1.7128026179258422,3,
2016-05-09,5345.0,5325.0,16216.0302734375,0.0,0,0.0,0.0,0.0,0.0,167.4821917808149,2183250.0,5387341.005342535,4240082.126205549,-1147258.879136986,1.9420964737000108,1.7032790180091892,3,
2016-05-10,5365.0,5555.0,16565.189453125,0.0,0,0.0,0.0,0.0,0.0,174.7161643835716,2277550.0,5387341.005342535,4334207.410041165,-1053133.59530137,1.903013066690595,1.6740069301397529,3,
2016-05-11,5665.0,5555.0,16579.009765625,0.0,0,0.0,0.0,0.0,0.0,174.7161643835716,2277550.0,5387341.005342535,4334032.6938767815,-1053308.3114657535,1.902936354361828,1.673853505482219,3,
2016-05-12,5475.0,5605.0,16646.33984375,0.0,0,0.0,0.0,0.0,0.0,176.28876712327474,2298050.0,5387341.005342535,4354356.405109658,-1032984.6002328767,1.894804902029833,1.667688898795405,3,
2016-05-13,5650.0,5445.0,16412.2109375,0.0,0,0.0,0.0,0.0,0.0,171.2564383561621,2232450.0,5387341.005342535,4288585.148671302,-1098755.856671233,1.9210218140031365,1.6871553499518777,3,
2016-05-16,5455.0,5470.0,16466.400390625,0.0,0,0.0,0.0,0.0,0.0,172.04273972602095,2242700.0,5387341.005342535,4298663.105931576,-1088677.8994109589,1.9167356783928196,1.6838613615377074,3,
2016-05-17,5590.0,5595.0,16652.80078125,0.0,0,0.0,0.0,0.0,0.0,175.97424657533702,2293950.0,5387341.005342535,4349737.131685,-1037603.8736575344,1.896177829370736,1.6684295329137362,3,
2016-05-18,5570.0,5600.0,16644.689453125,0.0,0,0.0,0.0,0.0,0.0,176.13150684932043,2296000.0,5387341.005342535,4351611.000178151,-1035730.0051643837,1.8953009582657452,1.6676792961732434,3,
2016-05-19,5710.0,5595.0,16646.66015625,0.0,0,0.0,0.0,0.0,0.0,175.97424657533702,2293950.0,5387341.005342535,4349385.025931575,-1037955.9794109591,1.8960243361588418,1.668122546489948,3,
2016-05-20,5570.0,5655.0,16736.349609375,0.0,0,0.0,0.0,0.0,0.0,177.86136986302154,2318550.0,5387341.005342535,4373807.164561713,-1013533.840780822,1.8864407343217584,1.6608802884479048,3,
2016-05-23,5620.0,5605.0,16654.599609375,0.0,0,0.0,0.0,0.0,0.0,176.28876712327474,2298050.0,5387341.005342535,4353130.8757945895,-1034210.1295479452,1.8942716110591977,1.6666223168541345,3,
2016-05-24,5575.0,5490.0,16498.759765625,0.0,0,0.0,0.0,0.0,0.0,172.67178082191094,2250900.0,5387341.005342535,4305808.204013768,-1081532.8013287673,1.9129273641715614,1.680432747649829,3,
2016-05-25,5685.0,5675.0,16757.349609375,0.0,0,0.0,0.0,0.0,0.0,178.49041095890425,2326750.0,5387341.005342535,4381479.713602808,-1005861.2917397261,1.8830900241120911,1.6580978149191283,3,
2016-05-26,5800.0,5680.0,16772.4609375,0.0,0,0.0,0.0,0.0,0.0,178.64767123288038,2328800.0,5387341.005342535,4383351.065931575,-1003989.939410959,1.882235943804352,1.657365078804799,5,
2016-05-27,5725.0,5725.0,16834.83984375,0.0,0,0.0,0.0,0.0,0.0,180.06301369862194,2347250.0,5387341.005342535,4401621.002917877,-985720.0024246576,1.8752246258037608,1.6520445923924676,5,
2016-05-30,5820.0,5885.0,17068.01953125,0.0,0,0.0,0.0,0.0,0.0,185.09534246574185,2412850.0,5387341.005342535,4467035.907575412,-920305.0977671233,1.8513525115839824,1.6341635322578232,5,
2016-05-31,5840.0,5995.0,17234.98046875,0.0,0,0.0,0.0,0.0,0.0,188.55506849315134,2457950.0,5387341.005342535,4511947.352506918,-875393.6528356166,1.8356546522536739,1.622374079485466,5,
2016-06-01,5900.0,5795.0,16955.73046875,0.0,0,0.0,0.0,0.0,0.0,182.26465753425146,2375950.0,5387341.005342535,4429765.087849384,-957575.9174931507,1.8644184801234809,1.643700346958578,5,
2016-06-02,5715.0,5525.0,16562.55078125,0.0,0,0.0,0.0,0.0,0.0,173.77260273972206,2265250.0,5387341.005342535,4318891.315246644,-1068449.6900958905,1.906584842841472,1.6750037718356712,5,
2016-06-03,5565.0,5575.0,16642.23046875,50095.017,9,0.0,0.0,0.0,0.0,179.19424657535274,2335925.0,5387341.005342535,4339292.104000069,-1048048.9013424658,1.8576333161381762,1.6329821756510177,5,
2016-06-06,5380.0,5540.0,16580.029296875,43048.608,8,0.0,0.0,0.0,0.0,181.469150684934,2365580.0,5387341.005342535,4325717.0268493835,-1061623.9784931508,1.8286073719127587,1.6066957542574052,5,
2016-06-07,5580.0,5595.0,16675.44921875,50230.044,9,0.0,0.0,0.0,0.0,187.1335890410919,2439420.0,5387341.005342535,4349139.849260343,-1038201.1560821919,1.7828581586034153,1.5675869801748574,5,
2016-06-08,5620.0,5695.0,16830.919921875,39347.868,7,44951.008,1895.5664657534262,1510.4821382356176,385.0843275178085,190.04136986303638,2477325.0,5388851.48748077,4392072.863562962,-996778.6239178083,1.7729094339914877,1.5600901931095652,5,
2016-06-09,5645.0,5595.0,16668.41015625,0.0,0,0.0,0.0,0.0,0.0,186.70438356163504,2433825.0,5388851.48748077,4348386.1591794,-1040465.3283013699,1.7866470100271794,1.5699473170330773,5,
2016-06-10,5595.0,5540.0,16601.359375,16788.357,3,0.0,0.0,0.0,0.0,186.14400000000023,2426520.0,5388851.48748077,4324106.6581794005,-1064744.8293013698,1.7820197889073244,1.564591012593356,5,
2016-06-13,5355.0,5170.0,16019.1796875,42848.568,8,0.0,0.0,0.0,0.0,176.88482191781804,2305820.0,5388851.48748077,4160381.2053574827,-1228470.2821232874,1.8042957409327192,1.5754087683488716,5,
2016-06-14,5145.0,5065.0,15859.0,56606.318999999996,11,0.0,0.0,0.0,0.0,177.5664109588979,2314705.0,5388851.48748077,4112482.3199465233,-1276369.1675342466,1.7766766477570677,1.5485915459690445,5,
2016-06-15,5025.0,5110.0,15919.580078125,55286.055,11,0.0,0.0,0.0,0.0,183.45599999999104,2391480.0,5388851.48748077,4133787.8089465233,-1255063.6785342465,1.728547932220434,1.5077084597873605,5,
2016-06-16,5060.0,4780.0,15434.1396484375,106281.252,21,0.0,0.0,0.0,0.0,179.3089315068646,2337420.0,5388851.48748077,3973267.2480150163,-1415584.2394657535,1.6998516518276632,1.4738278775527132,3,
2016-06-17,4960.0,4895.0,15599.66015625,128985.792,26,0.0,0.0,0.0,0.0,193.38602739724593,2520925.0,5388851.48748077,4027593.0699876193,-1361258.4174931508,1.5976647738380234,1.388017173654301,3,
2016-06-20,5045.0,5115.0,15965.2998046875,90828.162,18,0.0,0.0,0.0,0.0,209.14043835619668,2726295.0,5388851.48748077,4141925.767549263,-1246925.719931507,1.5192507661677341,1.3253190687793346,3,
2016-06-21,5040.0,5235.0,16169.1103515625,0.0,0,0.0,0.0,0.0,0.0,214.0469589040731,2790255.0,5388851.48748077,4205671.720590359,-1183179.766890411,1.5072714574798212,1.3177084734907551,3,
2016-06-22,5200.0,5175.0,16065.7197265625,0.0,0,135172.96,6156.761534246566,4906.015428564377,1250.7461056821899,201.27205479454278,2623725.0,5393757.502909334,4172862.662429882,-1220894.8404794522,1.5904344633793108,1.3864164746497556,3,
2016-06-23,5205.0,5285.0,16238.349609375,0.0,0,0.0,0.0,0.0,0.0,205.5503013698908,2679495.0,5393757.502909334,4228427.112128513,-1165330.390780822,1.5780686704504068,1.3782203229891044,3,
2016-06-24,5355.0,4430.0,14952.01953125,0.0,0,58893.219,3577.1276712328736,2850.4341848219156,726.6934864109583,168.55846575341275,2197280.0,5396607.937094157,3804210.0791763486,-1592397.857917808,1.7313269493083943,1.485915197543572,3,
2016-06-27,4565.0,4660.0,15309.2099609375,0.0,0,0.0,0.0,0.0,0.0,177.30980821916455,2311360.0,5396607.937094157,3918112.769368129,-1478495.1677260275,1.6951547008549637,1.4617788339514832,3,
2016-06-28,4515.0,4685.0,15323.1396484375,0.0,0,0.0,0.0,0.0,0.0,178.26104109589505,2323760.0,5396607.937094157,3930334.5083270334,-1466273.4287671235,1.6913685184042386,1.4591612746410598,3,
2016-06-29,4800.0,4830.0,15566.830078125,0.0,0,0.0,0.0,0.0,0.0,183.77819178082427,2395680.0,5396607.937094157,4002070.7301352527,-1394537.206958904,1.6705364364753443,1.4452235052996845,3,
2016-06-30,4950.0,4850.0,15575.919921875,54460.89,11,0.0,0.0,0.0,0.0,188.63178082191007,2458950.0,5396607.937094157,4010691.2083544303,-1385916.7287397264,1.631058463309311,1.4114662329916037,5,
2016-07-01,4915.0,4895.0,15682.48046875,54075.813,11,0.0,0.0,0.0,0.0,194.51254794519627,2535610.0,5396607.937094157,4033080.8828064855,-1363527.0542876709,1.5905761859302043,1.3775462533744596,5,
2016-07-04,4820.0,4955.0,15775.7998046875,33746.748,7,0.0,0.0,0.0,0.0,199.55753424655268,2601375.0,5396607.937094157,4064899.5772722387,-1331708.359821918,1.5625965411646683,1.3548754764116362,5,
2016-07-05,4895.0,4890.0,15669.330078125,9791.958,2,0.0,0.0,0.0,0.0,197.68997260276956,2577030.0,5396607.937094157,4030564.929299636,-1366043.0077945206,1.5640349275327163,1.3542748258674189,5,
2016-07-06,4740.0,4710.0,15378.990234375,33186.636,7,0.0,0.0,0.0,0.0,192.94224657534505,2515140.0,5396607.937094157,3935295.3510530605,-1461312.5860410961,1.5646426644453433,1.3496442877978816,5,
2016-07-07,4705.0,4650.0,15276.240234375,56471.292,12,0.0,0.0,0.0,0.0,194.76493150686292,2538900.0,5396607.937094157,3902389.2941215537,-1494218.642972603,1.5370393848208097,1.3239763331162904,5,
2016-07-08,4660.0,4560.0,15106.98046875,55931.183999999994,12,0.0,0.0,0.0,0.0,195.19298630135017,2544480.0,5396607.937094157,3851842.9171352526,-1544765.0199589042,1.5138035736713407,1.301131053172494,5,
2016-07-11,4785.0,4915.0,15708.8203125,52645.527,11,0.0,0.0,0.0,0.0,214.53638356162992,2796635.0,5396607.937094157,4051137.85375169,-1345470.0833424663,1.4485758255016081,1.2550019371170078,5,
2016-07-12,5135.0,5145.0,16095.650390625,0.0,0,61607.676,5667.769808219184,4516.362371679456,1151.407436539727,219.83950684929005,2865765.0,5401124.299465836,4180504.282808301,-1220620.0166575348,1.458774282890712,1.2678154566584374,5,
2016-07-13,5370.0,5240.0,16231.4296875,0.0,0,198650.262,22542.79056164385,17963.222659045903,4579.567902597948,209.02575342467026,2724800.0,5419087.522124882,4233400.95115228,-1185686.5709726023,1.5536556632238256,1.3444678560553718,5,
2016-07-14,5250.0,5350.0,16385.890625,0.0,0,125974.79999999999,7562.623054794512,6026.276181213007,1536.3468735815052,203.5638356164418,2653600.0,5425113.7983060945,4286435.84044308,-1138677.9578630137,1.6153285500614563,1.3976012649156113,5,
2016-07-15,5395.0,5420.0,16497.849609375,0.0,0,210362.919,12957.9630821918,10325.552882044536,2632.410200147264,190.0118356164312,2476940.0,5435439.351188139,4317316.337407317,-1118123.0137808223,1.7430040038948529,1.5044398486142154,5,
2016-07-19,5495.0,5565.0,16723.310546875,0.0,0,0.0,0.0,0.0,0.0,195.0951780821997,2543205.0,5435439.351188139,4383386.242229235,-1052053.108958904,1.7235677982031474,1.4911428879191142,5,
2016-07-20,5495.0,5530.0,16681.890625,0.0,0,60432.911,3721.6104109589082,2965.565255972606,756.0451549863022,189.20175342465518,2466380.0,5438404.916444112,4366048.906320823,-1072356.0101232878,1.7702255558027649,1.5289752188217292,5,
2016-07-21,5670.0,5610.0,16810.220703125,0.0,0,0.0,0.0,0.0,0.0,191.93884931506182,2502060.0,5438404.916444112,4401536.967471508,-1036867.9489726028,1.7591652348350992,1.521278475535721,5,
2016-07-22,5460.0,5485.0,16627.25,0.0,0,0.0,0.0,0.0,0.0,187.662136986306,2446310.0,5438404.916444112,4345599.305334522,-1092805.6111095892,1.7763894622245433,1.5330046879687913,5,
2016-07-25,5515.0,5490.0,16620.2890625,0.0,0,0.0,0.0,0.0,0.0,187.8332054794446,2448540.0,5438404.916444112,4347641.472129043,-1090763.4443150684,1.775605655667885,1.532365830990703,5,
2016-07-26,5440.0,5340.0,16383.0400390625,0.0,0,0.0,0.0,0.0,0.0,182.7011506849376,2381640.0,5438404.916444112,4280558.770978358,-1157846.1454657537,1.7973156190601256,1.5471665027093113,5,
2016-07-27,5455.0,5530.0,16664.8203125,0.0,0,0.0,0.0,0.0,0.0,189.20175342465518,2466380.0,5438404.916444112,4365109.569224933,-1073295.3472191782,1.7698446992048804,1.52821350562596,5,
2016-07-28,5450.0,5390.0,16476.83984375,0.0,0,0.0,0.0,0.0,0.0,184.4118356164472,2403940.0,5438404.916444112,4302485.157389317,-1135919.7590547944,1.789763953089227,1.541779912283386,5,
2016-07-29,5375.0,5445.0,16569.26953125,0.0,0,0.0,0.0,0.0,0.0,186.29358904108813,2428470.0,5438404.916444112,4326828.863800276,-1111576.0526438355,1.7817098270928922,1.536153963259353,5,
2016-08-01,5320.0,5485.0,16635.76953125,0.0,0,0.0,0.0,0.0,0.0,187.662136986306,2446310.0,5438404.916444112,4344481.201663289,-1093923.7147808222,1.775932404994988,1.5320905735096808,5,
2016-08-02,5375.0,5330.0,16391.44921875,0.0,0,0.0,0.0,0.0,0.0,182.35901369862404,2377180.0,5438404.916444112,4275168.84264959,-1163236.0737945212,1.7984203310853997,1.547410702115561,5,
2016-08-03,5200.0,5130.0,16083.1103515625,0.0,0,0.0,0.0,0.0,0.0,175.51627397260745,2287980.0,5438404.916444112,4185793.3263756186,-1252611.5900684933,1.8294711170445628,1.56859882529879,5,
2016-08-04,5180.0,5240.0,16254.8896484375,46629.324,9,0.0,0.0,0.0,0.0,182.89753424658556,2384200.0,5438404.916444112,4235201.104841372,-1203203.81160274,1.7763615069379128,1.525940617917386,5,
2016-08-05,5240.0,5235.0,16254.4501953125,0.0,0,0.0,0.0,0.0,0.0,182.72301369859633,2381925.0,5438404.916444112,4232743.381827673,-1205661.5346164382,1.7770263051219803,1.526289524318035,5,
2016-08-08,5410.0,5485.0,16650.5703125,0.0,0,0.0,0.0,0.0,0.0,191.44904109589697,2495675.0,5438404.916444112,4346301.932786577,-1092102.9836575345,1.7415336262881094,1.5021484276314199,5,
2016-08-09,5490.0,5565.0,16764.970703125,0.0,0,49400.118,2759.775041095892,2199.1267414972617,560.6482995986305,190.3992328767199,2481990.0,5440604.043185609,4381266.003254103,-1059338.0399315068,1.7652230682855703,1.523329333850094,5,
2016-08-10,5520.0,5530.0,16735.119140625,0.0,0,44151.168,1173.1893698630122,934.8559493753412,238.33342048767094,185.80799999999726,2422140.0,5441538.899134984,4365143.029833615,-1076395.8693013699,1.8021844442656556,1.5537525504439236,5,
2016-08-12,5620.0,5665.0,16919.919921875,0.0,0,0.0,0.0,0.0,0.0,190.34399999999005,2481270.0,5441538.899134984,4424082.685833614,-1017456.2133013702,1.7829912447390306,1.5404029043724563,5,
2016-08-15,5640.0,5635.0,16869.560546875,0.0,0,0.0,0.0,0.0,0.0,189.3359999999957,2468130.0,5441538.899134984,4410753.349833614,-1030785.5493013702,1.787083074973204,1.54312651381096,5,
2016-08-16,5655.0,5455.0,16596.509765625,0.0,0,0.0,0.0,0.0,0.0,183.28800000000774,2389290.0,5441538.899134984,4331730.0618336145,-1109808.83730137,1.8129779398204549,1.5608947706357308,5,
2016-08-17,5455.0,5560.0,16745.640625,0.0,0,0.0,0.0,0.0,0.0,186.81600000001345,2435280.0,5441538.899134984,4377533.245833614,-1064005.65330137,1.7975482268296106,1.5501489087629532,5,
2016-08-18,5470.0,5385.0,16486.009765625,0.0,0,0.0,0.0,0.0,0.0,180.93600000001607,2358630.0,5441538.899134984,4300702.309833614,-1140836.58930137,1.823389980553802,1.5678740466000367,5,
2016-08-19,5435.0,5420.0,16545.8203125,10872.173999999999,2,0.0,0.0,0.0,0.0,182.9435616438277,2384800.0,5441538.899134984,4315817.19227197,-1125721.7068630136,1.809718715310286,1.556930015686413,5,
2016-08-22,5455.0,5445.0,16598.189453125,5456.090999999999,1,0.0,0.0,0.0,0.0,184.20509589040012,2401245.0,5441538.899134984,4326621.89617608,-1114917.0029589038,1.8018244269852015,1.5506902461919447,5,
2016-08-23,5420.0,5375.0,16497.359375,0.0,0,0.0,0.0,0.0,0.0,181.83698630136496,2370375.0,5441538.899134984,4295570.059189779,-1145968.8399452055,1.8121900792869392,1.5577086014848172,5,
2016-08-24,5450.0,5435.0,16597.30078125,5451.09,1,0.0,0.0,0.0,0.0,184.28372602741,2402270.0,5441538.899134984,4321829.685463751,-1119709.2136712333,1.7990607573102735,1.547881324244368,5,
2016-08-25,5445.0,5425.0,16555.94921875,0.0,0,0.0,0.0,0.0,0.0,183.94465753422992,2397850.0,5441538.899134984,4317225.740806216,-1124313.1583287674,1.8004569680364562,1.5487378190785286,5,
2016-08-26,5400.0,5310.0,16360.7099609375,0.0,0,0.0,0.0,0.0,0.0,180.0453698630372,2347020.0,5441538.899134984,4266215.695436355,-1175323.2036986297,1.8177159527555602,1.5604685468115844,5,
2016-08-29,5510.0,5555.0,16737.490234375,44088.816,8,0.0,0.0,0.0,0.0,191.76164383563446,2499750.0,5441538.899134984,4374665.117792519,-1066873.7813424657,1.7500410512221298,1.508434263206342,5,
2016-08-30,5525.0,5555.0,16725.359375,0.0,0,0.0,0.0,0.0,0.0,191.76164383563446,2499750.0,5441538.899134984,4374473.356148683,-1067065.5429863012,1.7499643388933623,1.5082808385488076,5,
2016-08-31,5630.0,5655.0,16887.400390625,0.0,0,0.0,0.0,0.0,0.0,195.21369863013388,2544750.0,5441538.899134984,4419278.142450053,-1022260.7566849313,1.736625657707065,1.4991392469850167,5,
2016-09-01,5650.0,5670.0,16926.83984375,0.0,0,22595.48,802.6972739726036,639.6293227650692,163.0679512075344,193.9916712328486,2528820.0,5442178.52845775,4425586.562827613,-1016591.9656301369,1.7500599342094785,1.5106833741418826,5,
2016-09-02,5660.0,5675.0,16925.6796875,0.0,0,0.0,0.0,0.0,0.0,194.16273972603085,2531050.0,5442178.52845775,4427622.4000878865,-1014556.1283698629,1.7493223761236982,1.5100800081855448,5,
2016-09-05,5815.0,5745.0,17037.630859375,0.0,0,0.0,0.0,0.0,0.0,196.55769863015303,2562270.0,5442178.52845775,4458645.842389257,-983532.686068493,1.7401155391076104,1.5037115094509022,5,
2016-09-06,5755.0,5780.0,17081.98046875,0.0,0,46030.792,1921.1992328767146,1530.90760871781,390.2916241589046,194.208000000006,2531640.0,5443709.436066467,4473462.134765097,-970247.3013013701,1.7670214306793608,1.5269215901406705,5,
2016-09-07,5665.0,5735.0,17012.439453125,0.0,0,118941.207,1278.5785890410966,1018.8353486773979,259.7432403636988,183.45715068492427,2391495.0,5444728.271415144,4451815.141374048,-992913.130041096,1.8615197361374571,1.606738356272103,5,
2016-09-08,5725.0,5695.0,16958.76953125,0.0,0,0.0,0.0,0.0,0.0,182.17758904111543,2374815.0,5444728.271415144,4434952.963785008,-1009775.307630137,1.8674940842907795,1.6108464828438724,5,
2016-09-09,5715.0,5705.0,16965.759765625,0.0,0,0.0,0.0,0.0,0.0,182.49747945205308,2378985.0,5444728.271415144,4438940.466305555,-1005787.8051095891,1.8658967863629048,1.609622336919302,5,
2016-09-12,5570.0,5495.0,16672.919921875,0.0,0,0.0,0.0,0.0,0.0,175.77978082190384,2291415.0,5444728.271415144,4351194.686524733,-1093533.584890411,1.898911670965204,1.63276658118862,5,
2016-09-13,5565.0,5540.0,16729.0390625,0.0,0,0.0,0.0,0.0,0.0,177.2192876712288,2310180.0,5444728.271415144,4369782.467237062,-1074945.8041780824,1.891533329540149,1.6274733557813588,5,
2016-09-14,5475.0,5455.0,16614.240234375,0.0,0,0.0,0.0,0.0,0.0,174.50021917808772,2274735.0,5444728.271415144,4334162.967017883,-1110565.3043972605,1.9053485206047664,1.637097242808777,5,
2016-09-15,5400.0,5315.0,16405.009765625,10802.16,2,0.0,0.0,0.0,0.0,170.83720547945995,2226985.0,5444728.271415144,4275439.969812404,-1169288.3016027396,1.9198333036874538,1.6457535916091328,5,
2016-09-16,5360.0,5390.0,16519.2890625,53610.72,10,0.0,0.0,0.0,0.0,177.38268493151554,2312310.0,5444728.271415144,4306976.867127473,-1137751.4042876714,1.8626295207508823,1.5985867279213435,5,
2016-09-20,5325.0,5370.0,16492.150390625,15978.195,3,0.0,0.0,0.0,0.0,177.96032876713434,2319840.0,5444728.271415144,4298350.711798706,-1146377.5596164383,1.8528651595794132,1.589602714489908,6,
2016-09-21,5355.0,5580.0,16807.619140625,10712.142,2,0.0,0.0,0.0,0.0,185.77578082192485,2421720.0,5444728.271415144,4389332.794017883,-1055395.4773972607,1.8124856688708368,1.560221771146385,6,
2016-09-23,5565.0,5540.0,16754.01953125,0.0,0,94586.079,3463.6286849315006,2759.992517587666,703.6361673438344,177.2192876712288,2310180.0,5447488.263932732,4371498.017562869,-1075990.246369863,1.892275934153559,1.6262562411556702,6,
2016-09-26,5510.0,5390.0,16544.560546875,5511.102,1,0.0,0.0,0.0,0.0,172.83441095890885,2253020.0,5447488.263932732,4308654.08115191,-1138834.1827808223,1.912390516352234,1.6395450872034372,6,
2016-09-27,5320.0,5480.0,16683.9296875,5321.064,1,0.0,0.0,0.0,0.0,176.1407123287645,2296120.0,5447488.263932732,4346256.876439582,-1101231.3874931505,1.8928700923469077,1.6250694767461766,6,
2016-09-28,5450.0,5420.0,16465.400390625,0.0,0,0.0,0.0,0.0,0.0,174.21216438355623,2270980.0,5447488.263932732,4320942.664275197,-1126545.5996575342,1.902677550782128,1.6318356403921055,5,
2016-09-29,5525.0,5585.0,16693.7109375,27630.524999999998,5,0.0,0.0,0.0,0.0,181.65786301365733,2368040.0,5447488.263932732,4390190.4814121835,-1057297.7825205484,1.853934258463617,1.5941167640291702,5,
2016-09-30,5445.0,5420.0,16449.83984375,0.0,0,5443.911,121.58239726027372,96.88293325684911,24.699464003424605,175.8752876712315,2292660.0,5447585.146865989,4320053.81766051,-1127531.3292054795,1.884297635785729,1.615807900192366,5,
2016-10-03,5510.0,5515.0,16598.669921875,33066.612,6,0.0,0.0,0.0,0.0,181.49638356163632,2365935.0,5447585.146865989,4360080.709276948,-1087504.4375890407,1.8428573520730485,1.5826062574364497,5,
2016-10-04,5560.0,5585.0,16735.650390625,0.0,0,0.0,0.0,0.0,0.0,183.800054794483,2395965.0,5447585.146865989,4389926.909222154,-1057658.2376438356,1.8322166263789972,1.575150695264045,5,
2016-10-05,5640.0,5670.0,16819.240234375,0.0,0,0.0,0.0,0.0,0.0,186.59736986299686,2432430.0,5447585.146865989,4426205.31185229,-1021379.8350136988,1.8196640034255005,1.5663750820531699,5,
2016-10-06,5745.0,5715.0,16899.099609375,0.0,0,0.0,0.0,0.0,0.0,188.0783013698674,2451735.0,5447585.146865989,4445322.233550921,-1002262.9133150683,1.8131332438256667,1.5617620110802564,5,
2016-10-07,5710.0,5695.0,16860.08984375,0.0,0,68506.296,2271.043520547949,1809.681029348633,461.36249119931574,182.17758904111543,2374815.0,5449394.827895338,4436264.98947068,-1013129.8384246576,1.8680465591933184,1.6075004238418664,5,
2016-10-11,5750.0,5805.0,17024.759765625,0.0,0,0.0,0.0,0.0,0.0,185.6963835616334,2420685.0,5449394.827895338,4481949.293087118,-967445.5348082193,1.8515210748557198,1.5958353632458988,5,
2016-10-12,5695.0,5690.0,16840.0,0.0,0,0.0,0.0,0.0,0.0,182.01764383560658,2372730.0,5449394.827895338,4433812.275443283,-1015582.5524520548,1.868654366676058,1.6077243053323502,5,
2016-10-13,5740.0,5630.0,16774.240234375,0.0,0,0.0,0.0,0.0,0.0,180.0983013698642,2347710.0,5449394.827895338,4408612.177141912,-1040782.650753425,1.87783507210938,1.6140475162556225,5,
2016-10-14,5625.0,5685.0,16856.369140625,0.0,0,0.0,0.0,0.0,0.0,181.8576986301341,2370645.0,5449394.827895338,4431365.319443283,-1018029.5084520549,1.8692656721876462,1.607953438406521,5,
2016-10-17,5685.0,5720.0,16900.119140625,0.0,0,0.0,0.0,0.0,0.0,182.97731506848504,2385240.0,5449394.827895338,4445777.342128214,-1003617.4857671232,1.8638700265500387,1.6040800189335624,5,
2016-10-18,5700.0,5755.0,16963.609375,0.0,0,0.0,0.0,0.0,0.0,184.09693150684325,2399835.0,5449394.827895338,4460188.245196708,-989206.5826986302,1.858539543425572,1.600252780086163,5,
2016-10-19,5755.0,5790.0,16998.91015625,0.0,0,0.0,0.0,0.0,0.0,185.21654794519418,2414430.0,5449394.827895338,4474598.028648762,-974796.7992465753,1.8532730411106397,1.5964708843918387,5,
2016-10-20,5785.0,5940.0,17235.5,0.0,0,0.0,0.0,0.0,0.0,190.01490410959377,2476980.0,5449394.827895338,4536958.013744653,-912436.8141506849,1.8316490297639276,1.5812550636638034,5,
2016-10-21,5970.0,5920.0,17184.58984375,0.0,0,41781.64200000001,2167.8127397260323,1727.421581650689,440.39115807534347,186.19616438355297,2427200.0,5451122.249476989,4528333.068422195,-922789.1810547946,1.865661283957727,1.6091620852700228,5,
2016-10-24,5945.0,5950.0,17234.419921875,0.0,0,0.0,0.0,0.0,0.0,187.13972602738795,2439500.0,5451122.249476989,4540445.928696167,-910676.3207808222,1.8612198928863155,1.6059372551405386,5,
2016-10-25,6000.0,6045.0,17365.25,0.0,0,0.0,0.0,0.0,0.0,190.1276712328763,2478450.0,5451122.249476989,4579205.801024934,-871916.4484520548,1.847608707468351,1.596261243346801,5,
2016-10-26,6005.0,6055.0,17391.83984375,0.0,0,0.0,0.0,0.0,0.0,190.44219178081403,2482550.0,5451122.249476989,4583115.358833153,-868006.8906438356,1.846132145911725,1.5951230767514517,5,
2016-10-27,6035.0,6025.0,17336.419921875,0.0,0,0.0,0.0,0.0,0.0,189.49863013698632,2470250.0,5451122.249476989,4570625.860203016,-880496.3892739728,1.85026853970368,1.5979329205258752,5,
2016-10-28,6090.0,6100.0,17446.41015625,0.0,0,0.0,0.0,0.0,0.0,191.85753424657014,2501000.0,5451122.249476989,4601184.002668769,-849938.2468082194,1.8397377059851137,1.5904278615995802,5,
2016-10-31,6040.0,6085.0,17425.01953125,0.0,0,0.0,0.0,0.0,0.0,191.38575342466356,2494850.0,5451122.249476989,4594842.616915345,-856279.6325616437,1.8417310126522015,1.5917298877101633,5,
2016-11-01,6065.0,6090.0,17442.400390625,0.0,0,0.0,0.0,0.0,0.0,191.5430136986106,2496900.0,5451122.249476989,4596701.073901646,-854421.1755753425,1.8409632239583666,1.5910906421267585,5,
2016-11-02,5955.0,5880.0,17134.6796875,0.0,0,0.0,0.0,0.0,0.0,184.93808219178754,2410800.0,5451122.249476989,4510416.135819455,-940706.1136575342,1.8709209124852557,1.61204759754518,5,
2016-11-04,5770.0,5705.0,16905.359375,0.0,0,0.0,0.0,0.0,0.0,179.43397260273923,2339050.0,5451122.249476989,4438486.701846852,-1012635.5476301372,1.897559565570147,1.6306686390700131,5,
2016-11-07,5900.0,5905.0,17177.2109375,0.0,0,0.0,0.0,0.0,0.0,185.72438356163912,2421050.0,5451122.249476989,4520300.97746329,-930821.2720136988,1.867082867955346,1.6091547185930033,5,
2016-11-08,5945.0,5895.0,17171.380859375,0.0,0,0.0,0.0,0.0,0.0,185.4098630137014,2416950.0,5451122.249476989,4516015.567600276,-935106.6818767125,1.8684770341133563,1.6100346352732011,5,
2016-11-09,5980.0,5290.0,16251.5400390625,0.0,0,0.0,0.0,0.0,0.0,166.3813698630256,2168900.0,5451122.249476989,4267799.186230413,-1183323.0632465759,1.967725199977137,1.679648876842564,5,
2016-11-10,5905.0,5970.0,17344.419921875,53155.62899999999,9,0.0,0.0,0.0,0.0,191.8905205479532,2501430.0,5451122.249476989,4546981.666709865,-904140.5827671232,1.8177529120182718,1.5678955793057336,5,
2016-11-11,6095.0,5995.0,17374.7890625,0.0,0,0.0,0.0,0.0,0.0,192.6940821917815,2511905.0,5451122.249476989,4557263.972627673,-893858.2768493152,1.8142660541014384,1.565373949563522,5,
2016-11-14,6070.0,6195.0,17672.619140625,0.0,0,0.0,0.0,0.0,0.0,199.12257534245873,2595705.0,5451122.249476989,4640864.850052332,-810257.3994246575,1.7879014949897356,1.5469679357352524,5,
2016-11-15,6205.0,6190.0,17668.150390625,0.0,0,0.0,0.0,0.0,0.0,198.96186301369744,2593610.0,5451122.249476989,4638570.888189318,-812551.3612876711,1.7884612135939164,1.547256326857795,5,
2016-11-16,6310.0,6340.0,17862.2109375,0.0,0,0.0,0.0,0.0,0.0,203.7832328767181,2656460.0,5451122.249476989,4701217.104956441,-749905.1445205479,1.7697300561485738,1.534155197306149,5,
2016-11-17,6265.0,6335.0,17862.630859375,0.0,0,56373.723000000005,3196.905287671245,2547.453978480831,649.4513091904134,199.24876712328114,2597350.0,5453669.70345547,4697632.127880127,-756037.5755753424,1.8086249938899752,1.566381421181121,5,
2016-11-18,6470.0,6415.0,17967.41015625,0.0,0,0.0,0.0,0.0,0.0,201.7649315068411,2630150.0,5453669.70345547,4730230.362948621,-723439.3405068493,1.7984641039289093,1.5591647831651316,5,
2016-11-21,6450.0,6500.0,18106.01953125,0.0,0,0.0,0.0,0.0,0.0,204.43835616439173,2665000.0,5453669.70345547,4764875.924592456,-688793.7788630137,1.7879459379333793,1.5516992036508226,5,
2016-11-22,6480.0,6545.0,18162.939453125,0.0,0,25914.816,1049.360383561645,836.1828216410968,213.1775619205482,203.84536986301828,2657270.0,5454505.88627711,4782643.717660672,-671862.1686164383,1.7998335576214204,1.5624279674418606,5,
2016-11-24,6675.0,6670.0,18333.41015625,0.0,0,0.0,0.0,0.0,0.0,207.73852054794406,2708020.0,5454505.88627711,4833185.979140124,-621319.9071369863,1.7847674607795083,1.5517342885219227,5,
2016-11-25,6705.0,6710.0,18381.220703125,0.0,0,0.0,0.0,0.0,0.0,208.98432876712468,2724260.0,5454505.88627711,4849216.994811357,-605288.8914657534,1.780012551963233,1.5482918368091163,5,
2016-11-28,6640.0,6680.0,18356.890625,0.0,0,305378.912,7934.637986301373,6322.716279384249,1611.9217069171239,184.47780821916967,2404800.0,5460828.602556495,4833339.507296221,-627489.095260274,2.0098717179375503,1.7439923968878688,5,
2016-11-29,6600.0,6650.0,18307.0390625,0.0,0,0.0,0.0,0.0,0.0,183.64931506849098,2394000.0,5460828.602556495,4822355.857981153,-638472.7445753424,2.014350817870156,1.7471953289080244,5,
2016-11-30,6675.0,6645.0,18308.48046875,0.0,0,0.0,0.0,0.0,0.0,183.51123287670634,2392200.0,5460828.602556495,4820372.346748276,-640456.2558082192,2.0150373491966707,1.7476041279742731,5,
2016-12-01,6825.0,6790.0,18513.119140625,0.0,0,0.0,0.0,0.0,0.0,187.51561643835885,2444400.0,5460828.602556495,4872384.831131837,-588443.7714246577,1.9932845815463252,1.7314856667105136,5,
2016-12-02,6740.0,6735.0,18426.080078125,0.0,0,269546.08,8221.77638356166,6551.52251124111,1670.2538723205516,165.33041095890076,2155200.0,5467380.125067736,4850895.326848558,-616484.7982191781,2.2507866215889747,1.9499661064538696,5,
2016-12-05,6680.0,6615.0,18274.990234375,0.0,0,0.0,0.0,0.0,0.0,162.3846575342468,2116800.0,5467380.125067736,4812332.942191023,-655047.1828767124,2.2733999160010505,1.967045627038129,5,
2016-12-06,6755.0,6680.0,18360.5390625,0.0,0,0.0,0.0,0.0,0.0,163.98027397259284,2137600.0,5467380.125067736,4832968.961917051,-634411.163150685,2.2609323362261655,1.9574823272671995,5,
2016-12-07,6740.0,6780.0,18496.689453125,0.0,0,0.0,0.0,0.0,0.0,166.43506849314872,2169600.0,5467380.125067736,4864802.526848557,-602577.5982191783,2.2422578018291657,1.9432067443903847,5,
2016-12-08,6910.0,6975.0,18765.470703125,0.0,0,0.0,0.0,0.0,0.0,171.22191780820867,2232000.0,5467380.125067736,4927031.304930749,-540348.8201369864,2.2074513014922714,1.9166840989219365,5,
2016-12-09,7010.0,7170.0,18996.369140625,0.0,0,0.0,0.0,0.0,0.0,176.00876712329773,2294400.0,5467380.125067736,4989255.296163626,-478124.82890410966,2.174535955440911,1.8915999351723833,5,
2016-12-12,7315.0,7280.0,19155.029296875,0.0,0,65821.833,3179.87667123287,2533.8847254719126,645.9919457609576,173.68284931506787,2264080.0,5469914.009793207,5023937.454368549,-445976.5554246576,2.2189752369035323,1.9307690054873912,5,
2016-12-13,7220.0,7350.0,19250.51953125,0.0,0,0.0,0.0,0.0,0.0,175.35287671234255,2285850.0,5469914.009793207,5045532.101491837,-424381.9083013698,2.207289236604255,1.9217511141109291,5,
2016-12-14,7365.0,7340.0,19253.609375,0.0,0,0.0,0.0,0.0,0.0,175.1143013698529,2282740.0,5469914.009793207,5042246.987190467,-427667.02260273974,2.2088573324997447,1.9228534811619933,5,
2016-12-15,7400.0,7370.0,19273.7890625,0.0,0,0.0,0.0,0.0,0.0,175.83002739724907,2292070.0,5469914.009793207,5051401.15716307,-418512.85263013706,2.2038598983290516,1.9189435294440977,5,
2016-12-16,7480.0,7470.0,19401.150390625,0.0,0,0.0,0.0,0.0,0.0,178.21578082191263,2323170.0,5469914.009793207,5082322.941382248,-387591.06841095904,2.187667256973122,1.9064883172438047,5,
2016-12-19,7400.0,7450.0,19391.599609375,0.0,0,0.0,0.0,0.0,0.0,177.73863013699156,2316950.0,5469914.009793207,5075925.2027521115,-393988.8070410959,2.1907789131194506,1.9087684182701465,5,
2016-12-20,7445.0,7540.0,19494.529296875,0.0,0,0.0,0.0,0.0,0.0,179.8858082191946,2344940.0,5469914.009793207,5103735.316943892,-366178.6928493152,2.176488659387401,1.8977676252247724,5,
2016-12-21,7585.0,7500.0,19444.490234375,0.0,0,0.0,0.0,0.0,0.0,178.9315068493088,2332500.0,5469914.009793207,5091116.385437042,-378797.6243561645,2.1826865532420334,1.9024022945684367,5,
2016-12-22,7455.0,7475.0,19427.669921875,0.0,0,0.0,0.0,0.0,0.0,178.33506849315017,2324725.0,5469914.009793207,5083163.050368549,-386750.9594246576,2.18656531433548,1.9052669377857134,5,
2016-12-26,7475.0,7455.0,19396.640625,0.0,0,0.0,0.0,0.0,0.0,177.85791780822183,2318505.0,5469914.009793207,5076765.192450741,-393148.8173424657,2.189671875821161,1.9075421299968198,5,
2016-12-27,7430.0,7460.0,19403.060546875,0.0,0,0.0,0.0,0.0,0.0,177.97720547945937,2320060.0,5469914.009793207,5078142.215245262,-391771.7945479453,2.1887977962833984,1.9067804331341938,5,
2016-12-28,7480.0,7485.0,19401.720703125,0.0,0,0.0,0.0,0.0,0.0,178.573643835618,2327835.0,5469914.009793207,5085738.6416014265,-384175.36819178093,2.184750483432643,1.9035983497153561,5,
2016-12-29,7410.0,7280.0,19145.140625,0.0,0,0.0,0.0,0.0,0.0,173.68284931506787,2264080.0,5469914.009793207,5021809.9587521115,-448104.05104109587,2.2180355635631743,1.9288896588066746,5,
2016-12-30,7170.0,7240.0,19114.369140625,0.0,0,0.0,0.0,0.0,0.0,172.7285479452039,2251640.0,5469914.009793207,5009197.230204166,-460716.7795890411,2.224688329486137,1.9338682212143707,5,
2017-01-04,7380.0,7620.0,19594.16015625,0.0,0,0.0,0.0,0.0,0.0,181.79441095889342,2369820.0,5469914.009793207,5127195.435793207,-342718.5740000001,2.1635379209362764,1.8871439403807917,5,
2017-01-05,7630.0,7570.0,19520.689453125,38157.63,5,0.0,0.0,0.0,0.0,183.50509589039575,2392120.0,5469914.009793207,5111154.300697316,-358759.70909589046,2.1366630021476,1.8627689299037784,7,
2017-01-06,7425.0,7520.0,19454.330078125,96544.305,13,0.0,0.0,0.0,0.0,189.7924383561549,2474080.0,5469914.009793207,5096380.2032589605,-373533.8065342466,2.0599092200975555,1.7950118519711225,7,
2017-01-10,7475.0,7395.0,19301.439453125,194388.87,26,0.0,0.0,0.0,0.0,201.38712328769907,2625225.0,5469914.009793207,5052934.946135673,-416979.0636575343,1.924762618874829,1.6750397693447758,7,
2017-01-11,7440.0,7445.0,19364.669921875,305101.00800000003,41,0.0,0.0,0.0,0.0,226.16482191781688,2948220.0,5469914.009793207,5070602.773313755,-399311.23647945205,1.7198861595517823,1.497445218075416,7,
2017-01-12,7370.0,7260.0,19134.69921875,302230.434,41,0.0,0.0,0.0,0.0,243.3790684931446,3172620.0,5469914.009793207,4992528.960245262,-477385.0495479452,1.573629668931439,1.3668453041011268,7,
2017-01-13,7295.0,7380.0,19287.279296875,299154.819,41,0.0,0.0,0.0,0.0,270.61347945209127,3527640.0,5469914.009793207,5048123.52776581,-421790.48202739726,1.431020038259519,1.2449696405354325,7,
2017-01-16,7325.0,7230.0,19095.240234375,300385.065,41,0.0,0.0,0.0,0.0,287.8530410958774,3752370.0,5469914.009793207,4972180.6097247135,-497733.4000684932,1.325077380355539,1.1500928564230661,7,
2017-01-17,7200.0,7020.0,18813.529296875,302460.48,42,0.0,0.0,0.0,0.0,302.1100273973134,3938220.0,5469914.009793207,4855268.019697317,-614645.9900958905,1.2328585045267448,1.066055027804802,7,
2017-01-18,6980.0,7075.0,18894.369140625,300200.028,43,0.0,0.0,0.0,0.0,327.8147945205419,4273300.0,5469914.009793207,4889820.176902796,-580093.8328904111,1.1442726176263769,0.9904719008757601,7,
2017-01-19,7205.0,7215.0,19072.25,302670.522,42,0.0,0.0,0.0,0.0,357.54772602739104,4660890.0,5469914.009793207,4974382.107176769,-495531.9026164385,1.067260138552244,0.9261724598864874,7,
2017-01-20,7195.0,7260.0,19137.91015625,100750.146,14,309323.123,9075.957575342496,7232.176793911668,1843.780781430828,343.62673972603807,4479420.0,5477146.1865871195,4999297.676655613,-477848.50993150694,1.1160591497684105,0.9671528773198552,8,
2017-01-23,7125.0,7065.0,18891.029296875,92643.52500000001,13,0.0,0.0,0.0,0.0,341.4427397260297,4450950.0,5477146.1865871195,4877842.7089158865,-599303.4776712329,1.0959104705548,0.9459750235892682,8,
2017-01-24,7000.0,6995.0,18787.990234375,196039.19999999998,28,0.0,0.0,0.0,0.0,353.08460273972014,4602710.0,5477146.1865871195,4833210.424313147,-643935.7622739725,1.050079284663415,0.9050107788757437,8,
2017-01-25,7225.0,7185.0,19057.5,216793.34999999998,30,0.0,0.0,0.0,0.0,379.2105205479311,4943280.0,5477146.1865871195,4956607.863792599,-520538.32279452065,1.0026961579745834,0.8675455145162885,8,
2017-01-26,7330.0,7440.0,19402.390625,58651.727999999996,8,205198.95200000002,9129.294136986338,7274.678033057564,1854.6161039287747,381.2541369863029,4969920.0,5484420.864620177,5127559.217551684,-356861.64706849307,1.0317186629868658,0.8953788383883825,8,
2017-01-27,7495.0,7490.0,19467.400390625,22489.497,3,1056583.641,40841.22123287679,32544.327139417866,8296.894093458919,304.5249315068795,3969700.0,5516965.191759595,5152831.942526718,-364133.24923287664,1.2980406435062393,1.1169831914990656,1,
2017-01-30,7440.0,7415.0,19368.849609375,81856.368,11,669466.08,10789.341534246496,8597.486801564322,2191.8547326821754,256.53868493148184,3344165.0,5525562.6785611585,5112458.261109103,-413104.41745205485,1.5287697410591592,1.3105419779397993,1,
2017-01-31,7250.0,7185.0,19041.33984375,137777.55,19,0.0,0.0,0.0,0.0,259.05369863014494,3376950.0,5525562.6785611585,5007206.657410474,-518356.021150685,1.482760081555982,1.2665742626511465,1,
2017-02-01,7095.0,7255.0,19148.080078125,652870.548,92,0.0,0.0,0.0,0.0,312.77994520546054,4077310.0,5525562.6785611585,5054383.329465268,-471179.3490958904,1.239636753022279,1.0605084843608599,1,
2017-02-02,7265.0,7065.0,18914.580078125,646714.3169999999,89,668246.324,15324.573589041167,12211.386464427454,3113.187124613713,302.96268493152456,3949335.0,5537774.065025587,4944524.1866557235,-593249.878369863,1.2519890530065754,1.063099273494363,1,
2017-02-03,7155.0,7075.0,18918.19921875,193223.637,27,0.0,0.0,0.0,0.0,318.04547945203376,4145950.0,5537774.065025587,4947597.504176271,-590176.5608493151,1.193356770867056,1.0133480725351138,8,
2017-02-06,7205.0,7120.0,18976.7109375,194573.907,27,0.0,0.0,0.0,0.0,334.8155616438453,4364560.0,5537774.065025587,4971298.781614628,-566475.2834109588,1.1390148793038994,0.967945658486461,8,
2017-02-07,7025.0,7065.0,18910.779296875,126475.29,18,0.0,0.0,0.0,0.0,341.98471232877637,4458015.0,5537774.065025587,4937936.506902299,-599837.5581232875,1.1076536321439696,0.9400938856820829,8,
2017-02-08,7090.0,7145.0,19007.599609375,120554.106,17,0.0,0.0,0.0,0.0,355.1750136986375,4629960.0,5537774.065025587,4988972.225888601,-548801.8391369864,1.0775411074585095,0.9161273937035338,8,
2017-02-09,7095.0,7075.0,18907.669921875,78060.609,11,127684.458,1189.5465205479504,947.8901448986343,241.65637564931612,347.89616438355006,4535075.0,5538721.955170485,4943121.522348567,-595600.4328219179,1.089975694414881,0.9248457945076208,8,
2017-02-10,7295.0,7420.0,19378.9296875,102150.42599999999,14,0.0,0.0,0.0,0.0,372.82958904111,4860100.0,5538721.955170485,5165623.266759526,-373098.6884109588,1.0628635762143837,0.9087002235239123,8,
2017-02-13,7530.0,7480.0,19459.150390625,0.0,0,1535812.7759999998,62111.74158904129,49493.74128522755,12618.000303813737,258.78750684931583,3373480.0,5588215.696455712,5201939.254948863,-386276.4415068494,1.5420098103290556,1.3014215040379706,8,
2017-02-14,7510.0,7325.0,19238.98046875,0.0,0,307848.418,5096.147232876709,4060.864922517805,1035.2823103589033,230.3863013698574,3003250.0,5592276.56137823,5138292.004337134,-453984.55704109604,1.7109105150544024,1.438889746539928,8,
2017-02-15,7475.0,7465.0,19437.98046875,14952.99,2,0.0,0.0,0.0,0.0,235.93490410958475,3075580.0,5592276.56137823,5195433.079433025,-396843.48194520554,1.68925310979816,1.423552881566345,8,
2017-02-16,7450.0,7395.0,19347.529296875,7451.49,1,0.0,0.0,0.0,0.0,234.2898082192114,3054135.0,5592276.56137823,5166302.299624805,-425974.2617534247,1.6915762727007173,1.4239336839633416,8,
2017-02-17,7305.0,7310.0,19234.619140625,102290.454,14,0.0,0.0,0.0,0.0,239.44756164381397,3121370.0,5592276.56137823,5131007.398063161,-461269.1633150685,1.6438318424483997,1.3818776219250177,1,
2017-02-20,7260.0,7330.0,19251.080078125,653530.68,90,0.0,0.0,0.0,0.0,290.70980821918056,3789610.0,5592276.56137823,5145426.0082549425,-446850.55312328786,1.3577719101055101,1.1419326139448793,1,
2017-02-21,7340.0,7420.0,19381.439453125,653390.652,89,0.0,0.0,0.0,0.0,344.9385205479339,4496520.0,5592276.56137823,5198600.417734395,-393676.1436438357,1.1561386178054127,0.974155285440865,1,
2017-02-22,7455.0,7420.0,19379.869140625,283346.658,38,670815.81,17183.29438356165,13692.5081295411,3490.786254020549,315.33983561642526,4110680.0,5605969.069507771,5196423.443644757,-409545.6258630138,1.2641274542520355,1.0608057829317155,1,
2017-02-23,7415.0,7415.0,19371.4609375,645234.0210000001,87,0.0,0.0,0.0,0.0,364.6148493150249,4753015.0,5605969.069507771,5193159.807795443,-412809.26171232876,1.0926032860816646,0.9166823300753552,1,
2017-02-24,7315.0,7355.0,19283.5390625,570684.114,78,0.0,0.0,0.0,0.0,405.67358904107823,5288245.0,5605969.069507771,5157300.020206401,-448669.0493013699,0.9752384808582811,0.8170459961490119,1,
2017-02-27,7250.0,7220.0,19107.470703125,565613.1,78,0.0,0.0,0.0,0.0,441.4288219178561,5754340.0,5605969.069507771,5057340.491384484,-548628.5781232876,0.8788741178631231,0.7334183322954841,1,
2017-02-28,7295.0,7225.0,19118.990234375,649384.851,89,0.0,0.0,0.0,0.0,491.06246575347905,6401350.0,5605969.069507771,5054474.57791873,-551494.4915890412,0.7895950975839049,0.658764396624101,1,
2017-03-01,7305.0,7440.0,19393.5390625,650275.029,89,0.0,0.0,0.0,0.0,556.4712328767346,7254000.0,5605969.069507771,5256293.0776858535,-349675.9918219178,0.7246061590413363,0.6090768539928226,1,
2017-03-02,7610.0,7560.0,19564.80078125,15223.044,2,2054289.06,86372.72895890413,68826.10907090276,17546.619888001376,410.0212602739339,5344920.0,5674795.178578675,5368322.4525375785,-306472.726041096,1.0043784476732258,0.8313482939869039,1,
2017-03-03,7550.0,7490.0,19469.169921875,0.0,0,2015446.8299999998,48391.884794520505,38561.07339851366,9830.81139600684,252.81315068494587,3295600.0,5713356.251977188,5324365.657990886,-388990.59398630133,1.6155982698115323,1.3202113821472825,1,
2017-03-06,7440.0,7415.0,19379.140625,572994.576,77,0.0,0.0,0.0,0.0,294.0809315068036,3833555.0,5713356.251977188,5289032.001059379,-424324.25091780815,1.379667697752968,1.1256551407614006,1,
2017-03-07,7385.0,7390.0,19344.150390625,457961.57399999996,62,0.0,0.0,0.0,0.0,328.2374794520438,4278810.0,5713356.251977188,5275997.189579927,-437359.0623972603,1.2330524584124856,1.00539585636723,1,
2017-03-08,7380.0,7320.0,19254.029296875,524084.796,71,0.0,0.0,0.0,0.0,364.9972602739581,4758000.0,5713356.251977188,5230737.396319653,-482618.8556575344,1.0993563254139667,0.8945508729848924,1,
2017-03-09,7390.0,7380.0,19318.580078125,650450.064,88,0.0,0.0,0.0,0.0,417.8090958904504,5446440.0,5713356.251977188,5268309.523223763,-445046.7287534247,0.967294145023862,0.7882997648868505,1,
2017-03-10,7480.0,7605.0,19604.609375,650890.152,87,0.0,0.0,0.0,0.0,481.30273972597206,6274125.0,5713356.251977188,5444623.068484037,-268733.1834931507,0.8677900214745542,0.7123319369618689,1,
2017-03-13,7545.0,7610.0,19633.75,0.0,0,3801919.4639999997,55683.21794520547,44371.172219636974,11312.04572556849,187.39364383563225,2442810.0,5757727.424196825,5403728.093114633,-353999.33108219196,2.2120951253329704,1.789944378413565,1,
2017-03-14,7630.0,7600.0,19609.5,557101.398,73,0.0,0.0,0.0,0.0,229.7073972602957,2994400.0,5757727.424196825,5397986.987717373,-359740.43647945224,1.802694024751995,1.4582297669776654,1,
2017-03-15,7540.0,7575.0,19577.380859375,512822.544,68,0.0,0.0,0.0,0.0,268.46630136983003,3499650.0,5757727.424196825,5390145.977416003,-367581.44678082195,1.5401957274058844,1.2453856064564115,1,
2017-03-16,7480.0,7585.0,19590.140625,351630.312,47,0.0,0.0,0.0,0.0,296.16827397259476,3860765.0,5757727.424196825,5399334.497142031,-358392.9270547946,1.398514153837913,1.131202258901341,1,
2017-03-17,7505.0,7525.0,19521.58984375,397844.553,53,0.0,0.0,0.0,0.0,324.420273972617,4229050.0,5757727.424196825,5369450.523868058,-388276.90032876725,1.2696587942606632,1.0255489283738168,1,
2017-03-21,7435.0,7475.0,19455.880859375,646974.3690000001,87,0.0,0.0,0.0,0.0,372.15260273974854,4851275.0,5757727.424196825,5344329.002265318,-413398.42193150695,1.1016339008333518,0.8887568775906974,1,
2017-03-22,7205.0,7155.0,19041.380859375,648579.69,90,0.0,0.0,0.0,0.0,405.61989041097695,5287545.0,5757727.424196825,5131613.692374907,-626113.7318219178,0.9705096963477204,0.7751202290577175,1,
2017-03-23,7175.0,7185.0,19085.310546875,653055.585,91,0.0,0.0,0.0,0.0,457.47780821920605,5963550.0,5757727.424196825,5154105.629566688,-603621.794630137,0.8642680332296515,0.6909504491345843,1,
2017-03-24,7175.0,7320.0,19262.529296875,653055.585,91,0.0,0.0,0.0,0.0,517.1730410958698,6741720.0,5757727.424196825,5278702.871525592,-479024.55267123296,0.782990523416219,0.629601588297105,1,
2017-03-27,7170.0,7090.0,18985.58984375,652600.4940000001,91,0.0,0.0,0.0,0.0,550.4170958904288,7175080.0,5757727.424196825,5058911.960429702,-698815.4637671234,0.7050669763165989,0.5608657034712613,1,
2017-03-28,7225.0,7255.0,19202.869140625,650380.0499999999,90,0.0,0.0,0.0,0.0,613.3158356164204,7995010.0,5757727.424196825,5227848.594594086,-529878.8296027395,0.653888937549057,0.5243995454654022,1,
2017-03-29,7365.0,7365.0,19217.48046875,633516.678,86,0.0,0.0,0.0,0.0,671.2037260273792,8749620.0,5757727.424196825,5348270.712868058,-409456.7113287672,0.6112574846528258,0.49285917840309523,1,margin_warning
2017-03-30,7330.0,7250.0,19063.220703125,0.0,0,3319825.9020000002,61147.11131506887,48725.075651412626,12422.035663656241,408.78082191782596,5328750.0,5806452.499848237,5234395.798382483,-572056.7014657535,0.9822933705620424,0.7763358607397102,1,
2017-03-31,7345.0,7155.0,18909.259765625,653835.741,89,0.0,0.0,0.0,0.0,452.2744109589257,5895720.0,5806452.499848237,5147077.782971525,-659374.7168767125,0.8730193738799544,0.6867913381393301,1,
2017-04-03,7190.0,7210.0,18983.23046875,654420.858,91,0.0,0.0,0.0,0.0,506.0827397260291,6597150.0,5806452.499848237,5193580.842231799,-612871.6576164385,0.7872461354117761,0.6207417452408025,1,
2017-04-04,7155.0,7075.0,18810.25,651235.221,91,0.0,0.0,0.0,0.0,545.9961643835268,7117450.0,5806452.499848237,5062099.625067416,-744352.874780822,0.7112237704609679,0.5568144758707955,1,
2017-04-05,7130.0,7110.0,18861.26953125,648959.766,91,0.0,0.0,0.0,0.0,598.330849315098,7799670.0,5806452.499848237,5094761.5282181,-711690.9716301372,0.6532021903770415,0.5122220252379861,1,
2017-04-06,7020.0,6905.0,18597.060546875,652990.5719999999,93,0.0,0.0,0.0,0.0,630.3413698630466,8216950.0,5806452.499848237,4858420.6148482375,-948031.8850000001,0.5912681244072603,0.45737061912853755,1,margin_warning
2017-04-07,7000.0,6955.0,18664.630859375,651130.2,93,0.0,0.0,0.0,0.0,684.5244383561949,8923265.0,5806452.499848237,4912920.890409881,-893531.6094383562,0.5505743570778052,0.4271987058516725,1,margin_warning
2017-04-10,7050.0,7050.0,18797.880859375,648729.72,92,0.0,0.0,0.0,0.0,743.6301369862922,9693750.0,5806452.499848237,5033932.540272895,-772519.9595753425,0.5192967159533612,0.405650576886917,1,margin_warning
2017-04-11,6985.0,7005.0,18747.869140625,300415.071,43,0.0,0.0,0.0,0.0,761.9904657534789,9933090.0,5806452.499848237,4972095.478807141,-834357.021041096,0.5005587867226755,0.389574264178221,1,exposure_limit_hit;margin_warning
2017-04-12,6895.0,6855.0,18552.609375,62067.411,9,0.0,0.0,0.0,0.0,750.4065205479565,9782085.0,5806452.499848237,4758272.661286593,-1048179.8385616438,0.48642724544783583,0.3736527543693343,1,exposure_limit_hit;margin_warning
2017-04-13,6755.0,6775.0,18426.83984375,216203.232,32,0.0,0.0,0.0,0.0,758.280273972603,9884725.0,5806452.499848237,4643951.1490126215,-1162501.3508356162,0.46981085958512975,0.3581306724443021,1,exposure_limit_hit;margin_warning
2017-04-14,6720.0,6705.0,18335.630859375,114262.848,17,0.0,0.0,0.0,0.0,759.189698630129,9896580.0,5806452.499848237,4540784.111313991,-1265668.3885342465,0.45882356443478367,0.34720044538413714,1,exposure_limit_hit;margin_warning
2017-04-17,6635.0,6725.0,18355.259765625,99544.905,15,0.0,0.0,0.0,0.0,769.1926027397276,10026975.0,5806452.499848237,4570865.013711251,-1235587.4861369864,0.4558568275787315,0.3456085901854013,9,exposure_limit_hit;margin_warning
2017-04-18,6825.0,6770.0,18418.58984375,68263.65,10,102354.52500000001,2801.881643835626,2232.6793878904186,569.2022559452074,771.7429041095602,10060220.0,5808685.179236128,4636859.943551196,-1171825.2356849317,0.4609103919746482,0.3506712575735186,9,exposure_limit_hit;margin_warning
2017-04-19,6705.0,6785.0,18432.19921875,0.0,0,0.0,0.0,0.0,0.0,773.4528219177737,10082510.0,5808685.179236128,4658376.490729279,-1150308.688506849,0.46202547686332857,0.3519533422949671,9,exposure_limit_hit;margin_warning
2017-04-20,6785.0,6785.0,18430.490234375,27145.428,4,115321.931,1023.8916027397247,815.8880236431496,208.00357909657507,766.6864109588641,9994305.0,5809501.067259772,4657373.303739224,-1152127.7635205477,0.4660027189223486,0.35477998002048916,9,exposure_limit_hit;margin_warning
2017-04-21,6880.0,6920.0,18620.75,0.0,0,0.0,0.0,0.0,0.0,781.9410410959099,10193160.0,5809501.067259772,4855446.3626981275,-954054.7045616439,0.47634358360882467,0.36721394014579223,9,exposure_limit_hit;margin_warning
2017-04-24,7110.0,7105.0,18875.880859375,14222.844,2,326994.588,15240.644027397291,12144.507193231533,3096.13683416576,778.8637260273972,10153045.0,5821645.574453003,5124228.106137934,-697417.4683150683,0.5046986501229862,0.3935600287227,9,margin_warning
2017-04-25,7090.0,7255.0,19079.330078125,0.0,0,2339232.06,21872.76435616464,17429.312277209792,4443.452078954846,611.6461917808047,7973245.0,5839074.886730213,5278605.067867199,-560469.8188630138,0.6620397426477174,0.5176970271205994,9,
2017-04-26,7350.0,7415.0,19289.4296875,0.0,0,2020845.75,49683.90905479449,39590.622930312995,10093.286124481501,468.7092602739431,6109960.0,5878665.509660525,5425603.8224824425,-453061.68717808253,0.887993345698244,0.6914237358844181,9,
2017-04-27,7350.0,7390.0,19251.869140625,0.0,0,0.0,0.0,0.0,0.0,467.12898630136624,6089360.0,5878665.509660525,5404536.693496142,-474128.81616438366,0.887537720465885,0.6902264131750722,9,
2017-04-28,7375.0,7345.0,19196.740234375,0.0,0,0.0,0.0,0.0,0.0,464.2844931506843,6052280.0,5878665.509660525,5366992.40900299,-511673.1006575345,0.8867719948520212,0.6881751244730013,9,
2017-05-01,7355.0,7425.0,19310.51953125,0.0,0,0.0,0.0,0.0,0.0,469.34136986301746,6118200.0,5878665.509660525,5432443.067633128,-446222.44202739734,0.8879152475618854,0.6913814291140743,9,
2017-05-02,7455.0,7535.0,19445.69921875,0.0,0,1304364.075,14838.17402739722,11823.798973731475,3014.375053665745,375.139780821919,4890215.0,5890489.308634257,5505432.62779864,-385056.68083561654,1.125805844487132,0.8768093235088892,9,
2017-05-08,7750.0,7885.0,19895.69921875,0.0,0,1038292.3,37368.06294520543,29776.74095788695,7591.321987318483,311.51150684930326,4060775.0,5920266.049592144,5706382.094304472,-213883.95528767136,1.4052445886079559,1.096109978518091,9,
2017-05-09,7900.0,7850.0,19843.0,0.0,0,1611277.68,63530.38950684936,50624.190878532914,12906.198628316448,187.28164383562398,2441350.0,5970890.240470678,5685141.294032321,-285748.94643835624,2.328687526996261,1.7883947515079623,9,
2017-05-10,7885.0,7895.0,19900.08984375,0.0,0,0.0,0.0,0.0,0.0,188.3552328767255,2455345.0,5970890.240470678,5698947.938799445,-271942.3016712329,2.3210375482058305,1.7837476265568424,9,
2017-05-11,7925.0,7950.0,19961.55078125,0.0,0,0.0,0.0,0.0,0.0,189.667397260273,2472450.0,5970890.240470678,5715863.271402185,-255026.9690684932,2.31182158239891,1.7781720485080343,9,
2017-05-12,7890.0,7885.0,19883.900390625,0.0,0,0.0,0.0,0.0,0.0,188.11665753423586,2452235.0,5970890.240470678,5695460.15474465,-275430.0857260275,2.322558871700571,1.7844334853791017,9,
2017-05-15,7785.0,7855.0,19869.849609375,0.0,0,0.0,0.0,0.0,0.0,187.4009315068688,2442905.0,5970890.240470678,5685942.753813143,-284947.4866575343,2.327533307194976,1.7872759874639443,9,
2017-05-16,7920.0,7895.0,19919.8203125,0.0,0,0.0,0.0,0.0,0.0,188.3552328767255,2455345.0,5970890.240470678,5698194.398580266,-272695.84189041104,2.3207306503079064,1.7831338307609943,9,
2017-05-17,7815.0,7815.0,19814.880859375,0.0,0,0.0,0.0,0.0,0.0,186.44663013699756,2430465.0,5970890.240470678,5673127.951950129,-297762.288520548,2.3341738934525407,1.790997131178429,9,
2017-05-18,7600.0,7615.0,19553.859375,0.0,0,0.0,0.0,0.0,0.0,181.67512328765588,2368265.0,5970890.240470678,5610746.276826842,-360143.9636438356,2.369137861188187,1.8116184177796846,9,
2017-05-19,7645.0,7650.0,19590.759765625,45879.174,6,0.0,0.0,0.0,0.0,186.0312328767177,2425050.0,5970890.240470678,5621466.071593965,-349424.16887671244,2.318082543285279,1.773541269547948,9,
2017-05-22,7710.0,7710.0,19678.279296875,38557.71,5,0.0,0.0,0.0,0.0,190.44756164384307,2482620.0,5970890.240470678,5640287.914032321,-330602.3264383562,2.271909480320114,1.7399189769654493,9,
2017-05-23,7680.0,7655.0,19613.279296875,23044.608,3,46070.784,184.5401917808225,147.05085182054842,37.489339960274094,187.3272876712581,2441945.0,5971037.291322498,5622414.2734046895,-348623.0179178082,2.3024328039348507,1.7614287555562798,9,
2017-05-24,7785.0,7765.0,19742.98046875,46719.342,6,0.0,0.0,0.0,0.0,193.5931506849447,2523625.0,5971037.291322498,5657181.338254005,-313855.95306849317,2.2416885782372598,1.7181180302879826,9,
2017-05-25,7745.0,7815.0,19813.130859375,15493.098,2,23230.353,182.19628767123186,145.1831118308211,37.01317584041075,194.24021917808568,2532060.0,5971182.474434328,5673122.3398589855,-298060.13457534247,2.2405165516847885,1.7185414955742129,9,
2017-05-26,7800.0,7715.0,19686.83984375,7801.5599999999995,1,54589.08,525.203671232883,418.5085454219228,106.69512581096018,188.2037260273937,2453370.0,5971600.98297975,5640924.961007147,-330676.0219726028,2.299255701751936,1.7602479010644716,9,
2017-05-29,7715.0,7720.0,19682.5703125,23149.629,3,0.0,0.0,0.0,0.0,190.1023561643815,2478120.0,5971600.98297975,5642335.229650983,-329265.7533287672,2.276861180915768,1.7431599596961462,9,
2017-05-30,7710.0,7710.0,19677.849609375,46269.25199999999,6,0.0,0.0,0.0,0.0,193.40482191780757,2521170.0,5971600.98297975,5638922.572829065,-332678.410150685,2.2366292526204363,1.7119644838223438,9,
2017-05-31,7660.0,7685.0,19650.5703125,45969.192,6,0.0,0.0,0.0,0.0,196.31490410960396,2559105.0,5971600.98297975,5630692.0659249555,-340908.91705479455,2.2002583191877454,1.6832942282048449,9,
2017-06-01,7705.0,7850.0,19860.029296875,92478.492,12,0.0,0.0,0.0,0.0,207.75616438357974,2708250.0,5971600.98297975,5687150.817760572,-284450.1652191781,2.0999356845788135,1.6113644130126066,9,
2017-06-02,7920.0,8125.0,20177.279296875,23764.752,3,261307.728,6664.64461643836,5310.722062608907,1353.9225538294527,196.33561643832945,2559375.0,5976911.705042359,5774268.535590305,-202643.1694520548,2.2561244583503024,1.7364530047915014,9,
2017-06-05,8055.0,8105.0,20170.8203125,0.0,0,48320.334,887.307616438359,707.0510741589063,180.25654227945262,192.12180821917718,2504445.0,5977618.756116519,5767286.491239807,-210332.26487671238,2.3028201822119496,1.771319767598447,9,
2017-06-06,8070.0,7930.0,19979.900390625,0.0,0,0.0,0.0,0.0,0.0,187.9735890410957,2450370.0,5977618.756116519,5713023.517650765,-264595.23846575344,2.331494230524682,1.7881879014944722,9,
2017-06-07,7930.0,7950.0,19984.619140625,15863.172,2,0.0,0.0,0.0,0.0,189.667397260273,2472450.0,5977618.756116519,5719050.678253505,-258568.07786301375,2.313110751786085,1.7745796604139579,9,
2017-06-08,8000.0,7890.0,19909.259765625,16003.199999999999,2,0.0,0.0,0.0,0.0,189.44646575338265,2469570.0,5977618.756116519,5699978.031787751,-277640.7243287672,2.308085226087032,1.7688493901606284,9,
2017-06-09,7935.0,7965.0,20013.259765625,55556.109,7,0.0,0.0,0.0,0.0,195.52438356165658,2548800.0,5977618.756116519,5723456.39840419,-254162.35771232878,2.2455494344021463,1.7229991488904035,9,
2017-06-12,7890.0,7890.0,19908.580078125,63132.623999999996,8,0.0,0.0,0.0,0.0,198.52536986296764,2587920.0,5977618.756116519,5699245.2490343265,-278373.50708219176,2.2022493929620417,1.6875214674148094,9,
2017-06-13,7850.0,7880.0,19898.75,117773.54999999999,15,0.0,0.0,0.0,0.0,207.34115068493702,2702840.0,5977618.756116519,5696184.357883642,-281434.39823287673,2.1074811523744073,1.6145618400093102,9,
2017-06-14,7940.0,7865.0,19883.51953125,79415.88,10,0.0,0.0,0.0,0.0,212.97989041091932,2776345.0,5977618.756116519,5690060.497993231,-287558.25812328776,2.0494789004944383,1.5695331393864747,9,
2017-06-15,7815.0,7820.0,19831.8203125,367378.461,47,0.0,0.0,0.0,0.0,239.95616438353318,3128000.0,5977618.756116519,5674097.080828847,-303521.67528767127,1.8139696549964346,1.3879034880246723,10,
2017-06-16,7895.0,7905.0,19943.259765625,371139.213,47,0.0,0.0,0.0,0.0,271.0656986301474,3533535.0,5977618.756116519,5708221.802130218,-269396.9539863014,1.615442270171434,1.2381979423279847,10,
2017-06-19,7925.0,8005.0,20067.75,293283.645,37,0.0,0.0,0.0,0.0,297.21578082193446,3874420.0,5977618.756116519,5755525.941349396,-222092.81476712332,1.4855193658275034,1.1413895988515108,10,
2017-06-20,8130.0,8135.0,20230.41015625,138237.642,17,382033.578,14569.558972602708,11609.753067318468,2959.80590528424,283.3208767122851,3693290.0,5989228.509183837,5814948.750567399,-174279.75861643834,1.5744630804966302,1.2094345743093446,10,
2017-06-21,8100.0,8060.0,20138.7890625,64812.96,8,1020395.8799999999,23933.61280821917,19071.499366229447,4862.113441989725,207.74926027395122,2708160.0,6008300.0085500665,5780331.807865135,-227968.20068493154,2.1344129622567114,1.6276860725290245,10,
2017-06-22,8065.0,8045.0,20110.509765625,40333.064999999995,5,0.0,0.0,0.0,0.0,210.4483835616702,2743345.0,6008300.0085500665,5774973.294481574,-233326.71406849317,2.1050845936189484,1.6047800595306383,8,
2017-06-23,8065.0,8060.0,20132.669921875,48399.678,6,0.0,0.0,0.0,0.0,214.55057534245134,2796820.0,6008300.0085500665,5779834.065906231,-228465.94264383562,2.066573489143467,1.5757580299277016,8,
2017-06-26,8045.0,8070.0,20153.349609375,48279.653999999995,6,0.0,0.0,0.0,0.0,218.5311780821503,2848710.0,6008300.0085500665,5783225.880728149,-225074.12782191788,2.030120960269086,1.5481691210780422,8,
2017-06-27,8145.0,8130.0,20225.08984375,57026.403,7,0.0,0.0,0.0,0.0,224.52164383565832,2926800.0,6008300.0085500665,5804064.956084313,-204235.05246575337,1.9830753574157143,1.513905771019051,8,
2017-06-28,8085.0,8075.0,20130.41015625,48519.702000000005,6,64667.064,359.61295890411054,286.55758630274045,73.05537260137005,221.763835616468,2890850.0,6008586.5661363695,5783967.498876096,-224619.06726027397,2.0007843709898805,1.5255791814227027,8,
2017-06-29,8180.0,8140.0,20220.30078125,81816.36,10,0.0,0.0,0.0,0.0,229.79331506854214,2995520.0,6008586.5661363695,5806591.345561027,-201995.2205753425,1.9384251634310659,1.47974796695922,8,
2017-06-30,8000.0,7990.0,20033.4296875,56011.2,7,0.0,0.0,0.0,0.0,229.84931506852445,2996250.0,6008586.5661363695,5751080.296245959,-257506.26989041094,1.9194260479752887,1.460783890314742,8,
2017-07-03,8005.0,8015.0,20055.80078125,168138.62099999998,21,0.0,0.0,0.0,0.0,243.48032876715297,3173940.0,6008586.5661363695,5760388.194917192,-248198.37121917808,1.8149014143043636,1.3818591875391506,8,
2017-07-04,8120.0,7990.0,20032.349609375,162432.47999999998,20,0.0,0.0,0.0,0.0,254.97950684935495,3323840.0,6008586.5661363695,5747600.735410342,-260985.83072602743,1.7292049964530007,1.3156155863953476,8,
2017-07-05,7985.0,8030.0,20081.630859375,215638.119,27,0.0,0.0,0.0,0.0,272.88800000002084,3557290.0,6008586.5661363695,5765139.728410342,-243446.83772602747,1.6206549728614597,1.2341309861395369,8,
2017-07-06,8015.0,7960.0,19994.060546875,160332.06,20,0.0,0.0,0.0,0.0,282.72175342471746,3685480.0,6008586.5661363695,5732714.946656917,-275871.619479452,1.555486652120461,1.1823302018129154,8,
2017-07-07,7855.0,7910.0,19929.08984375,259266.843,33,0.0,0.0,0.0,0.0,300.9700821918086,3923360.0,6008586.5661363695,5711027.133574726,-297559.4325616439,1.4556469795213098,1.1050389281159723,8,
2017-07-10,8020.0,8035.0,20080.98046875,280756.14,35,0.0,0.0,0.0,0.0,327.2996712329041,4266585.0,6008586.5661363695,5773168.693903493,-235417.8722328767,1.353112312048979,1.0306321776480756,8,
2017-07-11,8025.0,8120.0,20195.48046875,136452.285,17,264772.03500000003,5464.8271232877105,4354.647493191812,1110.1796300958983,320.79561643836496,4181800.0,6012941.213629561,5815272.468656958,-197668.74497260276,1.390614679960055,1.060212813067185,8,
2017-07-12,8065.0,8040.0,20098.380859375,80666.12999999999,10,1024050.1490000001,6410.957753424747,5108.571685816511,1302.3860676082375,245.4733150684624,3199920.0,6018049.785315378,5775228.6282742815,-242821.15704109584,1.804804066437374,1.370939795442756,8,
2017-07-13,8090.0,8045.0,20099.810546875,153740.742,19,0.0,0.0,0.0,0.0,257.35183561647136,3354765.0,6018049.785315378,5776075.534438665,-241974.25087671232,1.721752651657766,1.3078374266340416,8,
2017-07-14,8070.0,8065.0,20118.859375,137217.438,17,0.0,0.0,0.0,0.0,268.5092602739751,3500210.0,6018049.785315378,5784034.587178391,-234015.19813698632,1.652482161692696,1.255689735199146,8,
2017-07-18,8025.0,7955.0,19999.91015625,120399.075,15,0.0,0.0,0.0,0.0,274.0007123287505,3571795.0,6018049.785315378,5734946.511466063,-283103.27384931507,1.6056202865690956,1.2167035598674465,8,
2017-07-19,7935.0,7975.0,20020.859375,246034.197,31,0.0,0.0,0.0,0.0,293.6547945205384,3828000.0,6018049.785315378,5744823.659671542,-273226.12564383564,1.5007376331430362,1.1377740817731725,8,
2017-07-20,7990.0,8070.0,20144.58984375,263722.734,33,0.0,0.0,0.0,0.0,317.58213698626787,4139910.0,6018049.785315378,5792693.343534556,-225356.44178082183,1.399231708789456,1.0635379239533544,8,
2017-07-21,8030.0,8030.0,20099.75,0.0,0,248880.214,2807.8606712328983,2237.443775871935,570.4168953609633,296.9120000000112,3870460.0,6020287.229091249,5771256.228639195,-249031.0004520548,1.4911034421332852,1.1312374754388725,11,
2017-07-24,7940.0,7930.0,19975.669921875,7941.588,1,0.0,0.0,0.0,0.0,293.8227945205581,3830190.0,6020287.229091249,5722750.817844674,-297536.4112465752,1.494116693387188,1.1303904416225037,11,
2017-07-25,7935.0,7925.0,19955.19921875,79365.87,10,0.0,0.0,0.0,0.0,299.71698630138417,3907025.0,6020287.229091249,5719920.2308583725,-300366.99823287665,1.4640091196903968,1.1073591445218534,11,
2017-07-26,8030.0,8000.0,20050.16015625,32126.424,4,0.0,0.0,0.0,0.0,305.00821917805297,3976000.0,6020287.229091249,5756463.798639195,-263823.4304520548,1.4478027662573427,1.0972631844032037,11,
2017-07-27,7985.0,8015.0,20079.640625,0.0,0,0.0,0.0,0.0,0.0,305.58010958907835,3983455.0,6020287.229091249,5763613.218529605,-256674.01056164378,1.4468879951021425,1.0969277325758569,11,
2017-07-28,7980.0,7925.0,19959.83984375,7981.596,1,0.0,0.0,0.0,0.0,302.7567123287881,3946650.0,6020287.229091249,5718523.865817277,-301763.3632739725,1.4489564227426492,1.0956558477552614,11,
2017-07-31,7915.0,7910.0,19925.1796875,55416.081,7,0.0,0.0,0.0,0.0,306.4312328767119,3994550.0,6020287.229091249,5710701.3535844,-309585.8755068492,1.4296232000061084,1.0804824593702793,11,
2017-08-01,7905.0,7940.0,19985.7890625,31626.324,4,0.0,0.0,0.0,0.0,310.02980821921665,4041460.0,6020287.229091249,5725674.999776181,-294612.22931506846,1.416734298935578,1.0715693893942069,11,
2017-08-02,8005.0,8025.0,20080.0390625,0.0,0,0.0,0.0,0.0,0.0,313.3487671232724,4084725.0,6020287.229091249,5768626.651009058,-251660.57808219173,1.4122435784560914,1.0706579088988524,11,
2017-08-03,8005.0,7970.0,20029.259765625,0.0,0,32013.596,382.37315068493234,304.69404512328833,77.67910556164401,308.75561643837136,4024850.0,6020591.923136372,5740378.812287057,-280213.11084931507,1.4262342229616152,1.0793952965794353,11,
2017-08-04,7930.0,7925.0,19952.330078125,0.0,0,0.0,0.0,0.0,0.0,307.01232876714494,4002125.0,6020591.923136372,5717346.79995829,-303245.1231780821,1.4285777680502956,1.0796926969497969,11,
2017-08-07,8000.0,8000.0,20055.890625,8001.599999999999,1,0.0,0.0,0.0,0.0,310.5315068492928,4048000.0,6020591.923136372,5754909.6684514405,-265682.2546849315,1.4216674082142886,1.0766594544877734,11,
2017-08-08,8000.0,7945.0,19996.009765625,0.0,0,0.0,0.0,0.0,0.0,308.39660273968184,4020170.0,6020591.923136372,5726771.271848701,-293820.6512876711,1.4245097276604475,1.0770367120198967,11,
2017-08-09,7895.0,7740.0,19738.7109375,0.0,0,0.0,0.0,0.0,0.0,300.43923287672806,3916440.0,6020591.923136372,5622740.832615824,-397851.09052054776,1.4356764900306973,1.0789236653938972,11,
2017-08-10,7790.0,7740.0,19729.740234375,436327.248,56,0.0,0.0,0.0,0.0,333.6894246575539,4349880.0,6020591.923136372,5619519.895191167,-401072.02794520557,1.2918792921163724,0.9705980793139026,11,
2017-08-14,7610.0,7590.0,19537.099609375,327295.446,43,0.0,0.0,0.0,0.0,352.25917808219674,4591950.0,6020591.923136372,5533942.190013085,-486649.7331232877,1.2051399057073977,0.9007186944304262,11,
2017-08-15,7695.0,7765.0,19753.310546875,454095.801,59,0.0,0.0,0.0,0.0,395.525698630212,5155960.0,6020591.923136372,5643460.863314454,-377131.0598219178,1.0945509397502027,0.823353625026675,11,
2017-08-16,7745.0,7735.0,19729.279296875,38732.745,5,332968.393,5622.296534246561,4480.126993314372,1142.169540932189,371.44953424653795,4842110.0,6025072.050129687,5622332.892239276,-402739.1578904111,1.1611328309846898,0.871119540726845,11,
2017-08-17,7715.0,7715.0,19702.630859375,54015.801,7,0.0,0.0,0.0,0.0,374.63194520547404,4883595.0,6025072.050129687,5609427.459294071,-415644.59083561646,1.1486266693479028,0.8610002619911054,11,
2017-08-18,7535.0,7525.0,19470.41015625,0.0,0,0.0,0.0,0.0,0.0,365.4057534246822,4763325.0,6025072.050129687,5488792.053540646,-536279.996589041,1.1523026569760926,0.8573372093971341,11,
2017-08-21,7550.0,7470.0,19393.130859375,264302.85000000003,35,0.0,0.0,0.0,0.0,382.791452054822,4989960.0,6025072.050129687,5450741.412088592,-574330.6380410959,1.0923417045604757,0.8106963442687904,11,
2017-08-22,7455.0,7475.0,19383.83984375,111847.365,15,0.0,0.0,0.0,0.0,391.64904109589406,5105425.0,6025072.050129687,5453967.398047496,-571104.6520821918,1.0682690271715862,0.7929166850879803,11,
2017-08-23,7590.0,7500.0,19434.640625,356801.346,47,0.0,0.0,0.0,0.0,420.0000000000582,5475000.0,6025072.050129687,5466321.052047496,-558750.9980821916,0.9984148040269398,0.7415726613635255,11,
2017-08-24,7450.0,7440.0,19353.76953125,81966.39,11,0.0,0.0,0.0,0.0,422.9181369863072,5513040.0,6025072.050129687,5421971.74391051,-603100.3062191778,0.9834812995934203,0.728334656503731,11,
2017-08-25,7480.0,7520.0,19452.609375,187037.4,25,0.0,0.0,0.0,0.0,441.88756164380175,5760320.0,6025072.050129687,5481772.456348865,-543299.593780822,0.9516437379084609,0.7073733611271668,11,
2017-08-28,7540.0,7515.0,19449.900390625,0.0,0,0.0,0.0,0.0,0.0,441.59375342473504,5756490.0,6025072.050129687,5477500.862595441,-547571.1875342466,0.9515348524179562,0.7070252414337891,11,
2017-08-29,7410.0,7450.0,19362.55078125,0.0,0,0.0,0.0,0.0,0.0,437.7742465754127,5706700.0,6025072.050129687,5427273.0883488655,-597798.9617808217,0.9510352898082719,0.7043156611646033,11,
2017-08-30,7540.0,7570.0,19506.5390625,0.0,0,0.0,0.0,0.0,0.0,444.82564383557474,5798620.0,6025072.050129687,5518748.26270503,-506323.78742465767,0.9517347683940368,0.7088494387078944,11,
2017-08-31,7625.0,7675.0,19646.240234375,0.0,0,83858.225,1860.1953835616503,1482.296691391101,377.8986921705492,444.5191780822206,5794625.0,6026554.346821078,5597789.069834777,-428765.2769863013,0.9660312910386396,0.7225807752612936,11,
2017-09-01,7740.0,7710.0,19691.470703125,0.0,0,580383.9,16873.176506849304,13445.390699482869,3427.7858073664356,402.18739726024796,5242800.0,6039999.737520561,5622517.99663015,-417481.7408904109,1.0724265653143645,0.8000568756656248,11,
2017-09-04,7650.0,7565.0,19508.25,0.0,0,0.0,0.0,0.0,0.0,394.6235616438498,5144200.0,6039999.737520561,5523523.373068506,-516476.36445205484,1.0737380687120457,0.7960710976665856,11,
2017-09-05,7595.0,7465.0,19385.810546875,0.0,0,0.0,0.0,0.0,0.0,389.4071232876595,5076200.0,6039999.737520561,5455133.965945218,-584865.7715753424,1.0746491402910086,0.7931858725759178,11,
2017-09-06,7400.0,7450.0,19357.970703125,0.0,0,0.0,0.0,0.0,0.0,388.62465753431024,5066000.0,6039999.737520561,5444545.341287684,-595454.3962328768,1.0747227282447067,0.7926160436349793,11,
2017-09-07,7500.0,7470.0,19396.51953125,0.0,0,0.0,0.0,0.0,0.0,389.6679452055105,5079600.0,6039999.737520561,5457755.673342478,-582244.0641780822,1.0744459550638787,0.7930178638405375,11,
2017-09-08,7435.0,7385.0,19274.8203125,7436.487,1,0.0,0.0,0.0,0.0,385.8004931507312,5029185.0,6039999.737520561,5399518.385849328,-640481.351671233,1.0736368588249046,0.7893108830114806,11,
2017-09-11,7510.0,7585.0,19545.76953125,503270.63399999996,67,0.0,0.0,0.0,0.0,435.2335342465667,5673580.0,6039999.737520561,5540207.5183150815,-499792.21920547925,0.9764923590246514,0.7243829032303413,9,
2017-09-12,7735.0,7765.0,19776.619140625,38682.735,5,525874.804,15127.549794520612,12054.388053763749,3073.1617407568624,408.0347945206304,5319025.0,6052054.125574324,5669363.3907798035,-382690.7347945206,1.0658651521246476,0.7940298532128127,9,
2017-09-13,7845.0,7845.0,19865.8203125,0.0,0,886307.703,20191.67132876718,16089.733298328127,4101.938030439052,344.2343013698119,4487340.0,6068143.858872653,5719539.921447995,-348603.93742465746,1.2745947312768802,0.9478009834385928,9,
2017-09-14,7840.0,7800.0,19807.439453125,0.0,0,517336.51199999993,2745.345643835565,2187.62867629037,557.7169675451951,302.7682191780623,3946800.0,6070331.487548944,5695475.948261272,-374855.5392876712,1.4430617077787757,1.0707391248539573,9,
2017-09-15,7770.0,7875.0,19909.5,7771.554,1,0.0,0.0,0.0,0.0,306.28356164386787,3992625.0,6070331.487548944,5733223.1106996285,-337108.376849315,1.4359533166023928,1.0678273208353681,9,
2017-09-19,8050.0,8195.0,20299.380859375,0.0,0,0.0,0.0,0.0,0.0,318.7293698630965,4154865.0,6070331.487548944,5895144.381329766,-175187.10621917804,1.4188534119230747,1.0650253613801133,11,
2017-09-20,8190.0,8205.0,20310.4609375,0.0,0,876154.7339999998,15044.322164383606,11988.068116689075,3056.2540476945296,251.76986301367288,3282000.0,6082319.555665633,5895126.091419057,-187193.46424657534,1.7961992965932532,1.3436082316186713,11,
2017-09-21,8330.0,8245.0,20347.48046875,0.0,0,174895.01400000002,4803.272945205512,3827.488046387012,975.7848988184998,239.71490410958359,3124855.0,6086147.04371202,5911660.60561613,-174486.43809589042,1.8918191742068449,1.4148540468342488,11,
2017-09-22,8265.0,8195.0,20296.44921875,0.0,0,413167.35,7334.269917808213,5844.312984005475,1489.9569338027386,206.82832876716566,2696155.0,6091991.3566960255,5894431.17035356,-197560.18634246578,2.1862360177191444,1.6306344438695441,11,
2017-09-25,8295.0,8270.0,20397.580078125,0.0,0,0.0,0.0,0.0,0.0,208.72120547943632,2720830.0,6091991.3566960255,5918897.44914808,-173093.90754794524,2.175401421311909,1.624761843481633,11,
2017-09-26,8235.0,8205.0,20330.189453125,0.0,0,304634.06100000005,2592.2393287671944,2065.625909128139,526.6134196390556,183.79199999998673,2395860.0,6094056.982605154,5897851.104728442,-196205.87787671233,2.461684365834582,1.83519838006049,11,
2017-09-27,8265.0,8275.0,20267.05078125,0.0,0,0.0,0.0,0.0,0.0,185.36000000000058,2416300.0,6094056.982605154,5918105.744728441,-175951.23787671234,2.4492429519217156,1.8279798331547101,11,
2017-09-28,8375.0,8355.0,20363.109375,0.0,0,0.0,0.0,0.0,0.0,187.15200000000186,2439660.0,6094056.982605154,5941278.592728442,-152778.38987671238,2.4352895865524053,1.8198984148822897,11,
2017-09-29,8305.0,8325.0,20356.279296875,0.0,0,141156.763,1659.5487123287671,1322.411391419178,337.13732090958905,175.62328767123108,2289375.0,6095379.393996572,5931637.59511986,-163741.79887671236,2.5909418924902474,1.934352038107844,11,
2017-10-02,8370.0,8380.0,20400.779296875,0.0,0,0.0,0.0,0.0,0.0,176.78356164383877,2304500.0,6095379.393996572,5946585.811558216,-148793.58243835618,2.5804234374303388,1.9280662313386232,11,
2017-10-03,8430.0,8560.0,20614.0703125,0.0,0,0.0,0.0,0.0,0.0,180.58082191779977,2354000.0,6095379.393996572,5995905.2307362985,-99474.163260274,2.5471135219780368,1.9083973952744357,11,
2017-10-04,8585.0,8570.0,20626.66015625,0.0,0,806828.602,7150.352808219126,5697.758635229411,1452.5941729897156,118.9938630136894,1551170.0,6101077.1526318025,5998332.244700296,-102744.90793150688,3.866972829993035,2.892993763268233,11,
2017-10-05,8585.0,8575.0,20628.560546875,0.0,0,0.0,0.0,0.0,0.0,119.06328767124796,1552075.0,6101077.1526318025,5999118.181412624,-101958.97121917811,3.865224413390219,2.8917365521598137,11,
2017-10-06,8630.0,8625.0,20690.7109375,0.0,0,0.0,0.0,0.0,0.0,119.7575342465716,1561125.0,6101077.1526318025,6008048.423878378,-93028.72875342469,3.8485377044620885,2.880616538794107,11,
2017-10-10,8600.0,8725.0,20823.509765625,0.0,0,0.0,0.0,0.0,0.0,121.14602739726251,1579225.0,6101077.1526318025,6026027.277850981,-75049.87478082195,3.8158129955205755,2.858908769852399,11,
2017-10-11,8710.0,8775.0,20881.26953125,0.0,0,0.0,0.0,0.0,0.0,121.84027397261525,1588275.0,6101077.1526318025,6034955.437577008,-66121.71505479453,3.7996917646988138,2.8481632724321733,11,
2017-10-12,8850.0,8840.0,20954.720703125,0.0,0,0.0,0.0,0.0,0.0,122.7427945205709,1600040.0,6101077.1526318025,6046597.694782487,-54479.45784931509,3.7790290835119666,2.8344204119479315,11,
2017-10-13,8835.0,9020.0,21155.1796875,0.0,0,0.0,0.0,0.0,0.0,125.24208219179127,1632620.0,6101077.1526318025,6079052.4527002955,-22024.699931506875,3.7234950280532493,2.7976599280719245,11,
2017-10-16,9065.0,9105.0,21255.560546875,0.0,0,679739.025,6679.379794520584,5322.463789263727,1356.9160052568566,74.03736986301374,965130.0,6106399.616421066,6089870.524325176,-16529.09209589045,6.309896619445231,4.736750703251668,11,
2017-10-17,9190.0,9175.0,21336.119140625,0.0,0,0.0,0.0,0.0,0.0,74.6065753424773,972550.0,6106399.616421066,6097215.917749833,-9183.698671232918,6.2693084342705605,4.708088008923548,11,
2017-10-18,9195.0,9195.0,21363.05078125,0.0,0,0.0,0.0,0.0,0.0,74.76920547946065,974670.0,6106399.616421066,6099261.148544353,-7138.467876712369,6.257770474667686,4.699869139983418,11,
2017-10-19,9265.0,9265.0,21448.51953125,0.0,0,0.0,0.0,0.0,0.0,75.33841095890966,982090.0,6106399.616421066,6106605.810133395,206.1937123287289,6.21796964650225,4.671762035908848,11,
2017-10-20,9200.0,9260.0,21457.640625,0.0,0,0.0,0.0,0.0,0.0,75.29775342466019,981560.0,6106399.616421066,6106000.51237997,-399.1040410959281,6.220710412384338,4.673591204143273,11,
2017-10-23,9490.0,9475.0,21696.650390625,9491.898,1,759048.1600000001,20953.532356164444,16696.822258009637,4256.710098154807,19.624931506827124,255825.0,6123096.438679075,6125545.439350308,2449.0006712328986,23.9442800326407,17.926246269995264,11,
2017-10-24,9440.0,9575.0,21805.169921875,0.0,0,217076.57600000003,1910.2862465753865,1522.2115955835968,388.0746509917897,2.9380821917875437,38300.0,6124618.650274659,6124706.0026171245,87.35234246575443,159.91399484640013,119.66656112166024,11,
2017-10-25,9665.0,9500.0,21707.619140625,0.0,0,9663.067000000001,171.9132328767131,136.98905961780883,34.92417325890427,2.1863013698603027,28500.0,6124755.639334276,6124531.959142496,-223.68019178082082,214.89585821552618,160.80284729651623,11,
2017-10-26,9490.0,9515.0,21739.779296875,56951.38799999999,6,0.0,0.0,0.0,0.0,6.569260273972759,85635.0,6124755.639334276,6124709.001882222,-46.63745205478514,71.52109536850845,53.518440140481864,11,
2017-10-27,9615.0,9755.0,22008.44921875,96169.23000000001,10,0.0,0.0,0.0,0.0,14.218246575328521,185345.0,6124755.639334276,6128235.553635647,3479.914301369862,33.06393781130134,24.746089481437394,11,
2017-10-30,9790.0,9740.0,22011.669921875,0.0,0,185972.798,4107.712301369852,3273.2305473465663,834.4817540232854,0.0,0.0,6128028.869881623,6128028.869881623,0.0,inf,inf,11,
2017-10-31,9625.0,9740.0,22011.609375,38507.7,4,0.0,0.0,0.0,0.0,2.988712328762631,38960.0,6128028.869881623,6128478.181169295,449.3112876712358,157.30180136471495,117.6256643084436,11,
2017-11-01,9900.0,10120.0,22420.080078125,138627.72,14,0.0,0.0,0.0,0.0,13.97391780820908,182160.0,6128028.869881623,6133036.487251487,5007.6173698630155,33.668404080212376,25.18247811605921,11,
2017-11-02,10190.0,10205.0,22539.119140625,0.0,0,183383.316,6230.933369863007,4965.119255775337,1265.8141140876699,0.0,0.0,6132993.989137398,6132993.989137398,0.0,inf,inf,11,
2017-11-06,10285.0,10220.0,22548.349609375,0.0,0,0.0,0.0,0.0,0.0,0.0,0.0,6132993.989137398,6132993.989137398,0.0,inf,inf,11,
2017-11-07,10205.0,10595.0,22937.599609375,0.0,0,0.0,0.0,0.0,0.0,0.0,0.0,6132993.989137398,6132993.989137398,0.0,inf,inf,11,
2017-11-08,10485.0,10555.0,22913.8203125,0.0,0,0.0,0.0,0.0,0.0,0.0,0.0,6132993.989137398,6132993.989137398,0.0,inf,inf,11,
2017-11-09,10645.0,10515.0,22868.7109375,0.0,0,0.0,0.0,0.0,0.0,0.0,0.0,6132993.989137398,6132993.989137398,0.0,inf,inf,11,
2017-11-10,10270.0,10340.0,22681.419921875,0.0,0,0.0,0.0,0.0,0.0,0.0,0.0,6132993.989137398,6132993.989137398,0.0,inf,inf,11,
2017-11-13,10275.0,10065.0,22380.990234375,174709.935,17,0.0,0.0,0.0,0.0,13.125863013701746,171105.0,6132993.989137398,6129375.928274385,-3618.0608630136962,35.82230752037862,26.751617985513974,11,
2017-11-14,10035.0,10070.0,22380.009765625,451665.315,45,0.0,0.0,0.0,0.0,47.894575342477765,624340.0,6132993.989137398,6130897.718699042,-2096.2704383561645,9.819806065123236,7.333839720762218,11,
2017-11-15,9955.0,9755.0,22028.3203125,458021.586,46,0.0,0.0,0.0,0.0,80.81950684932235,1053540.0,6132993.989137398,6101995.313192192,-30998.67594520549,5.791897140300503,4.31860799423561,11,
2017-11-16,9710.0,10040.0,22351.119140625,456461.274,47,0.0,0.0,0.0,0.0,119.37972602740047,1556200.0,6132993.989137398,6148074.659466165,15080.670328767137,3.950696992331426,2.9532105338612835,11,
2017-11-17,10265.0,10075.0,22396.80078125,451750.332,44,482358.509,25861.035986301413,20607.36652568428,5253.669460617132,117.47726027396857,1531400.0,6153601.355663083,6148511.689745274,-5089.665917808225,4.014961270566328,2.9843572873367266,11,
2017-11-20,9990.0,9950.0,22261.759765625,459631.908,46,0.0,0.0,0.0,0.0,151.13095890411932,1970100.0,6153601.355663083,6127428.65078637,-26172.704876712327,3.1102119947141618,2.309025216948203,11,
2017-11-21,10135.0,10095.0,22416.48046875,395344.053,39,0.0,0.0,0.0,0.0,183.53539726028976,2392515.0,6153601.355663083,6154316.06238911,714.7067260273807,2.572320784776317,1.912512337901804,11,
2017-11-22,10280.0,10190.0,22523.150390625,82256.448,8,0.0,0.0,0.0,0.0,191.5161643835745,2496550.0,6153601.355663083,6175903.0982247265,22301.742561643816,2.4737750488573136,1.8413851017549687,11,
2017-11-24,10085.0,10210.0,22550.849609375,0.0,0,927634.436,9662.153178082173,7699.286759954779,1962.8664181273934,119.83463013696019,1562130.0,6161300.642423037,6167034.833176462,5734.190753424645,3.9478371410679407,2.9309082617515085,11,
2017-11-27,10305.0,10145.0,22495.990234375,72149.427,7,0.0,0.0,0.0,0.0,124.51945205481024,1623200.0,6161300.642423037,6155830.886724407,-5469.755698630146,3.7924044398252876,2.8136589804249468,11,
2017-11-28,10125.0,10150.0,22486.240234375,212667.525,21,0.0,0.0,0.0,0.0,140.9320547945099,1837150.0,6161300.642423037,6156972.429669613,-4328.21275342466,3.3513716515633525,2.4865317845119805,11,
2017-11-29,10275.0,10260.0,22597.19921875,71939.38500000001,7,0.0,0.0,0.0,0.0,147.96887671231525,1928880.0,6161300.642423037,6176615.0757929,15314.433369863,3.202176950247242,2.378388777509622,11,
2017-11-30,10230.0,10370.0,22724.9609375,61392.276,6,460257.93,8209.64404109588,6541.854854147252,1667.789186948628,118.53052054793807,1545130.0,6167842.497277184,6189944.410085403,22101.91280821917,4.006099428582322,2.9723244677752807,11,
2017-12-01,10565.0,10455.0,22819.029296875,73969.791,7,633773.2200000001,25498.383698630187,20318.387050253463,5179.996648376722,76.99463013702189,1003680.0,6188160.884327438,6203040.84780689,14879.963479452055,6.180297353545841,4.563355615620854,11,
2017-12-04,10485.0,10355.0,22707.16015625,104870.97,10,524145.15,10649.009397260304,8485.663138206874,2163.346259053431,44.48394520551665,579880.0,6196646.547465645,6196307.1976026315,-339.3498630137044,10.6854990646386,7.8683893576940305,11,
2017-12-05,10235.0,10265.0,22622.380859375,358296.645,35,0.0,0.0,0.0,0.0,71.65813698634156,934115.0,6196646.547465645,6192173.894465645,-4472.653000000024,6.62892030902581,4.880037960492704,11,
2017-12-06,10180.0,9855.0,22177.0390625,407281.44,40,0.0,0.0,0.0,0.0,99.03599999996368,1291005.0,6196646.547465645,6141683.418465645,-54963.12900000003,4.757288638282303,3.4917968152452104,11,
2017-12-07,10000.0,10155.0,22498.029296875,450090.0,45,0.0,0.0,0.0,0.0,137.1064109588915,1787280.0,6196646.547465645,6187731.312054686,-8915.235410958932,3.4620939707570644,2.5479152313256592,11,
2017-12-08,10270.0,10440.0,22811.080078125,451970.376,44,0.0,0.0,0.0,0.0,176.19287671227357,2296800.0,6196646.547465645,6245104.743177974,48458.19571232875,2.719045952271845,2.0075910714430076,11,
2017-12-11,10505.0,10540.0,22938.73046875,115578.111,11,1260347.88,44405.94732876699,35384.879128927976,9021.068199839014,89.748821917834,1169940.0,6232031.426594573,6253903.695156217,21872.268561643832,5.345490961208452,3.910746216658852,11,
2017-12-12,10540.0,10495.0,22866.169921875,84336.864,8,874645.0360000001,21091.030972602763,16806.388030518512,4284.642942084251,28.98345205478836,377820.0,6248837.814625092,6247778.240762078,-1059.5738630137032,16.536388335085697,12.037724207027319,11,
2017-12-13,10495.0,10390.0,22758.0703125,314912.97000000003,30,0.0,0.0,0.0,0.0,52.60471232875716,685740.0,6248837.814625092,6240732.66604975,-8105.1485753425,9.100727194052775,6.622035728518687,11,
2017-12-14,10335.0,10325.0,22694.44921875,20674.134,2,0.0,0.0,0.0,0.0,53.85972602738184,702100.0,6248837.814625092,6236364.672323722,-12473.142301369897,8.882445053872273,6.4614341646807425,11,
2017-12-15,10265.0,10195.0,22553.220703125,390148.01399999997,38,0.0,0.0,0.0,0.0,82.90071232878836,1080670.0,6248837.814625092,6224703.757611393,-24134.05701369863,5.760041231468804,4.187059057434453,11,
2017-12-18,10390.0,10520.0,22901.76953125,457251.432,44,0.0,0.0,0.0,0.0,121.05205479453434,1578000.0,6248837.814625092,6264661.273556598,15823.458931506879,3.970000807070088,2.8926904787630554,11,
2017-12-19,10565.0,10480.0,22868.0,306446.277,29,401389.706,11181.306356164423,8909.823969909621,2271.4823862548023,113.35627397257485,1477680.0,6257747.638595001,6256899.863896371,-847.7746986301436,4.234272551497192,3.0761798922620174,11,
2017-12-20,10455.0,10510.0,22891.720703125,324169.821,31,0.0,0.0,0.0,0.0,138.6744109589199,1807720.0,6257747.638595001,6262631.368485412,4883.729890410957,3.4643813026826122,2.517647828964563,11,
2017-12-21,10465.0,10460.0,22866.099609375,94203.83699999998,9,0.0,0.0,0.0,0.0,145.236383561627,1893260.0,6257747.638595001,6253822.29510185,-3925.343493150672,3.303203096828671,2.3991675858617922,11,
2017-12-22,10455.0,10495.0,22902.759765625,83656.728,8,0.0,0.0,0.0,0.0,152.163123287668,1983555.0,6257747.638595001,6260308.403978563,2560.7653835616534,3.1561052776346323,2.2931463807971655,11,
2017-12-25,10500.0,10535.0,22939.1796875,10502.1,1,0.0,0.0,0.0,0.0,153.55123287675087,2001650.0,6257747.638595001,6267747.752745686,10000.114150684942,3.131290561659474,2.2760561371350474,11,
2017-12-26,10520.0,10500.0,22892.689453125,157831.56,15,21035.792,348.84397260274284,277.9763195684956,70.86765303424721,163.51232876710128,2131500.0,6258025.61491457,6260567.604763885,2541.989849315078,2.937165191069146,2.1337908808881987,11,
2017-12-27,10500.0,10535.0,22911.2109375,189037.80000000002,18,0.0,0.0,0.0,0.0,178.60432876716368,2328235.0,6258025.61491457,6268086.200435118,10060.585520547938,2.6922051255286163,1.956638936342621,11,
2017-12-28,10550.0,10420.0,22783.98046875,147729.54,14,0.0,0.0,0.0,0.0,187.84547945208033,2448700.0,6258025.61491457,6240633.814955666,-17391.799958904125,2.5485497672053192,1.849093405887515,11,
2017-12-29,10470.0,10410.0,22764.939453125,314162.81999999995,30,0.0,0.0,0.0,0.0,211.62246575346217,2758650.0,6258025.61491457,6236209.372489912,-21816.242424657503,2.2606018786326327,1.639656700946206,11,
2018-01-04,10760.0,11065.0,23506.330078125,312102.408,29,0.0,0.0,0.0,0.0,249.55364383556298,3253110.0,6258025.61491457,6418317.410846077,160291.7959315069,1.9729789065989398,1.4463382556315587,11,
2018-01-05,11200.0,11285.0,23714.529296875,0.0,0,3292141.4400000004,199323.23593150685,158830.7205520212,40492.515379485616,0.0,0.0,6416856.335466591,6416856.335466591,0.0,inf,inf,11,
2018-01-09,11525.0,11400.0,23849.990234375,0.0,0,0.0,0.0,0.0,0.0,0.0,0.0,6416856.335466591,6416856.335466591,0.0,inf,inf,11,
2018-01-10,11380.0,11345.0,23788.19921875,0.0,0,0.0,0.0,0.0,0.0,0.0,0.0,6416856.335466591,6416856.335466591,0.0,inf,inf,11,
2018-01-11,11225.0,11250.0,23710.4296875,0.0,0,0.0,0.0,0.0,0.0,0.0,0.0,6416856.335466591,6416856.335466591,0.0,inf,inf,11,
2018-01-12,11305.0,11205.0,23653.8203125,0.0,0,0.0,0.0,0.0,0.0,0.0,0.0,6416856.335466591,6416856.335466591,0.0,inf,inf,11,
2018-01-15,11360.0,11260.0,23714.880859375,318143.616,28,0.0,0.0,0.0,0.0,24.185863013699418,315280.0,6416856.335466591,6413968.533603577,-2887.8018630136785,20.34372156052898,14.277471275502919,11,
2018-01-16,11275.0,11490.0,23951.810546875,372149.415,33,0.0,0.0,0.0,0.0,53.766904109565075,700890.0,6416856.335466591,6427375.351699468,10519.016232876753,9.170305399848004,6.441458994895548,11,
2018-01-17,11320.0,11400.0,23868.33984375,90578.112,8,373485.288,1306.7859863013912,1041.3124131842635,265.4735731171276,31.482739726023283,410400.0,6417897.647879775,6419495.571386624,1597.9235068493413,15.64204573924616,10.978401914945103,11,
2018-01-18,11650.0,11305.0,23763.369140625,256351.26,22,0.0,0.0,0.0,0.0,50.29950684931828,655690.0,6417897.647879775,6408384.011879775,-9513.635999999982,9.773496639997216,6.854419446506387,11,
2018-01-19,11375.0,11350.0,23808.060546875,318563.7,28,0.0,0.0,0.0,0.0,74.87890410958789,976100.0,6417897.647879775,6410155.432975665,-7742.214904109584,6.567109346353513,4.606158005400627,11,
2018-01-22,11340.0,11340.0,23816.330078125,124764.948,11,0.0,0.0,0.0,0.0,84.38202739728149,1099980.0,6417897.647879775,6409186.102948268,-8711.544931506847,5.826638759748603,4.086453496442443,11,
2018-01-23,11465.0,11650.0,24124.150390625,172009.395,15,0.0,0.0,0.0,0.0,100.09424657537602,1304800.0,6417897.647879775,6441896.613701693,23998.96582191782,4.9370758841981095,3.4699781832645678,11,
2018-01-24,11540.0,11480.0,23940.779296875,11542.307999999999,1,865326.9000000001,12976.960054794643,10340.690619663108,2636.2694351315313,33.464986301376484,436240.0,6428238.338499438,6424451.47128026,-3786.86721917808,14.726873902623005,10.308939955210615,11,
2018-01-25,11290.0,11225.0,23669.490234375,350059.998,31,0.0,0.0,0.0,0.0,59.41561643834575,774525.0,6428238.338499438,6412617.057663822,-15621.280835616459,8.279419073191725,5.791004986060104,11,
2018-01-26,11295.0,11160.0,23631.880859375,451890.36,40,0.0,0.0,0.0,0.0,93.31594520548242,1216440.0,6428238.338499438,6402548.381718616,-25689.95678082192,5.263349102067193,3.6788630305956653,11,
2018-01-29,11260.0,11175.0,23629.33984375,450490.08,40,0.0,0.0,0.0,0.0,127.73178082192317,1665075.0,6428238.338499438,6400565.5699377945,-27672.768561643858,3.8440103718678102,2.686368843070821,11,
2018-01-30,11120.0,10855.0,23291.970703125,456011.184,41,0.0,0.0,0.0,0.0,158.21534246575902,2062450.0,6428238.338499438,6341771.170595328,-86467.1679041096,3.074872685687085,2.140198786245104,11,
2018-01-31,10765.0,10680.0,23098.2890625,452220.42600000004,42,0.0,0.0,0.0,0.0,190.07473972602747,2477760.0,6428238.338499438,6304670.669855602,-123567.66864383568,2.544504177101738,1.7664190281592094,11,
2018-02-01,10845.0,11030.0,23486.109375,455581.098,42,0.0,0.0,0.0,0.0,231.84153424660326,3022220.0,6428238.338499438,6393317.730321356,-34920.60817808226,2.115437569178073,1.4774495669220873,11,
2018-02-02,10900.0,10830.0,23274.529296875,283456.68,26,457708.44,5418.066164383528,4317.386023089015,1100.6801412945138,214.34498630135204,2794140.0,6432555.724522527,6338174.465193761,-94381.25932876713,2.2683811352307903,1.576299667828022,11,
2018-02-05,10435.0,10285.0,22682.080078125,459231.828,44,0.0,0.0,0.0,0.0,238.27386301365914,3106070.0,6432555.724522527,6190634.363330746,-241921.36119178083,1.9930762549880543,1.3704210072982776,11,
2018-02-06,9400.0,9300.0,21610.240234375,451290.24,48,0.0,0.0,0.0,0.0,249.69863013696158,3255000.0,6432555.724522527,5888024.424700609,-544531.2998219178,1.80891687394796,1.2146740217753267,11,
2018-02-07,9825.0,9320.0,21645.369140625,452040.39,46,0.0,0.0,0.0,0.0,283.1237260273774,3690720.0,6432555.724522527,5871420.910974582,-561134.8135479452,1.5908605667659919,1.0666962824128172,11,
2018-02-08,9390.0,9525.0,21890.859375,741958.3620000001,79,0.0,0.0,0.0,0.0,347.07534246577416,4524375.0,6432555.724522527,5962770.473632116,-469785.2508904111,1.3179213645270598,0.8902621446590308,12,
2018-02-09,8875.0,9110.0,21382.619140625,745649.1,84,0.0,0.0,0.0,0.0,390.6567671232624,5092490.0,6432555.724522527,5784845.716864993,-647710.0076575342,1.1359562251207156,0.7559296880715436,12,
2018-02-13,9310.0,8965.0,21244.6796875,744948.96,80,781883.5920000001,36175.78865753433,28826.67719175623,7349.111465778099,381.68794520545634,4975575.0,6461382.401714283,5697134.549454009,-764247.8522602742,1.1450203342234835,0.7487166273634166,12,
2018-02-14,8975.0,8885.0,21154.169921875,745073.985,83,0.0,0.0,0.0,0.0,434.85380821916624,5668630.0,6461382.401714283,5644680.71064579,-816701.6910684931,0.9957751186169833,0.6478473706305217,12,
2018-02-15,9085.0,9155.0,21464.98046875,745118.994,82,0.0,0.0,0.0,0.0,505.6569863013283,6591600.0,6461382.401714283,5822026.0596594885,-639356.3420547944,0.8832492960221325,0.5839624268166592,12,
2018-02-16,9245.0,9360.0,21720.25,739747.92,80,767181.5329999999,21992.685095890363,17524.871118660238,4467.813977230127,514.8256438356475,6711120.0,6478907.272832943,5963997.033038422,-514910.23979452066,0.8886738775403245,0.5913633186776425,12,
2018-02-19,9515.0,9740.0,22149.2109375,742318.434,78,1541121.7140000002,56080.89084931512,44688.057873276746,11392.832976038366,472.963726027403,6165420.0,6523595.33070622,6205234.516336357,-318360.81436986313,1.0064577135598802,0.6736595112687362,12,
2018-02-20,9665.0,9535.0,21925.099609375,0.0,0,2753974.095,72417.58371232892,57705.9515811693,14711.632131159622,254.54531506847707,3318180.0,6581301.282287389,6097002.4338901285,-484298.8483972603,1.8374537951196526,1.1971893063344559,12,
2018-02-21,9570.0,9595.0,21970.810546875,76575.312,8,0.0,0.0,0.0,0.0,262.0355068493227,3415820.0,6581301.282287389,6117805.086383279,-463496.1959041096,1.7910209221748452,1.1689814537883045,12,
2018-02-22,9415.0,9375.0,21736.439453125,0.0,0,0.0,0.0,0.0,0.0,256.02739726024447,3337500.0,6581301.282287389,6039229.058986019,-542072.2233013698,1.8095068341531144,1.1727934605796693,12,
2018-02-23,9430.0,9510.0,21892.779296875,745118.9940000001,79,0.0,0.0,0.0,0.0,317.34739726028056,4136850.0,6581301.282287389,6093142.717588759,-488158.56469863025,1.4728942837155707,0.9591342412439721,12,
2018-02-26,9745.0,9760.0,22153.630859375,321649.31700000004,33,0.0,0.0,0.0,0.0,350.39736986297066,4567680.0,6581301.282287389,6201973.003218896,-379328.2790684932,1.3577949863429346,0.8924168011223204,12,
2018-02-27,9950.0,9960.0,22389.859375,0.0,0,865476.87,43642.31468493148,34776.37845668765,8865.936228243829,291.10487671237206,3794760.0,6616077.660744077,6285372.832113939,-330704.82863013697,1.6563294733036975,1.084585265862347,12,
2018-02-28,9870.0,9710.0,22068.240234375,0.0,0,779574.054,5369.351821917759,4278.567999295166,1090.7838226225927,224.9527671232354,2932420.0,6620356.2287433725,6201291.149524194,-419065.07921917806,2.1147349798201467,1.3729495762220325,12,
2018-03-01,9550.0,9375.0,21724.470703125,0.0,0,0.0,0.0,0.0,0.0,217.1917808218859,2831250.0,6620356.2287433725,6099903.957743373,-520452.2709999999,2.1544914641036197,1.386122883088166,12,
2018-03-02,8925.0,8900.0,21181.640625,607021.38,68,0.0,0.0,0.0,0.0,252.61369863012806,3293000.0,6620356.2287433725,5954379.964044742,-665976.2646986302,1.8081931260384885,1.1474897677941418,12,
2018-03-05,8775.0,8795.0,21042.08984375,746024.1749999999,85,0.0,0.0,0.0,0.0,306.9816438356356,4001725.0,6620356.2287433725,5916773.807400906,-703582.4213424658,1.478555824650846,0.9347895387760123,12,
2018-03-06,9120.0,9105.0,21417.759765625,738867.7440000001,81,0.0,0.0,0.0,0.0,374.37764383564354,4880280.0,6620356.2287433725,6056086.685757071,-564269.5429863014,1.2409301691208436,0.7949767570243443,12,
2018-03-07,8970.0,8950.0,21252.720703125,744658.902,83,1372135.5180000002,18833.444643835723,15007.430364440495,3826.0142793952264,319.9441095890943,4170700.0,6635363.659107813,5969837.343368087,-665526.3157397261,1.431375391029824,0.9049575458863879,12,
2018-03-08,9150.0,9025.0,21368.0703125,741298.23,81,0.0,0.0,0.0,0.0,378.7038356164994,4936675.0,6635363.659107813,5994135.409532471,-641228.2495753425,1.2142049880805341,0.7693894775242699,12,
2018-03-09,9200.0,9115.0,21469.19921875,745349.04,81,0.0,0.0,0.0,0.0,439.1182465753518,5724220.0,6635363.659107813,6035892.251285895,-599471.4078219178,1.0544479861511078,0.6707540105837955,12,
2018-03-12,9515.0,9455.0,21824.029296875,0.0,0,789587.051,44755.663630136965,35663.55056367464,9092.113066462325,395.29671232876717,5152975.0,6671027.209671487,6244746.892507103,-426280.3171643836,1.2118721500700282,0.7768807734061811,12,
2018-03-13,9360.0,9555.0,21968.099609375,0.0,0,2274025.1040000003,47939.57926027394,38200.65373354929,9738.92552672465,221.36186301367707,2885610.0,6709227.863405037,6241446.709117365,-467781.15428767126,2.1629557386886535,1.3694803105165603,12,
2018-03-14,9380.0,9390.0,21777.2890625,0.0,0,0.0,0.0,0.0,0.0,217.53928767124307,2835780.0,6709227.863405037,6191399.169829695,-517828.6935753425,2.183314350841636,1.375819351379285,12,
2018-03-15,9325.0,9420.0,21803.94921875,0.0,0,0.0,0.0,0.0,0.0,218.23430136987008,2844840.0,6709227.863405037,6200240.935528325,-508986.9278767123,2.179469121471972,1.3744690498065302,12,
2018-03-16,9450.0,9300.0,21676.509765625,0.0,0,0.0,0.0,0.0,0.0,215.45424657530384,2808600.0,6709227.863405037,6163785.481281749,-545442.3821232875,2.1946113655492945,1.379147483856177,12,
2018-03-19,9180.0,9130.0,21480.900390625,0.0,0,0.0,0.0,0.0,0.0,211.51583561644657,2757260.0,6709227.863405037,6112233.965446132,-596993.8979589042,2.216778238340284,1.386053760431452,12,
2018-03-20,8970.0,9045.0,21380.970703125,717743.52,80,0.0,0.0,0.0,0.0,265.055671232898,3455190.0,6709227.863405037,6092155.3897749,-617072.4736301369,1.763189691384526,1.1001904266175695,12,
2018-03-22,9035.0,9225.0,21591.990234375,741018.1740000001,82,0.0,0.0,0.0,0.0,328.35945205474854,4280400.0,6709227.863405037,6176018.8563228445,-533209.0070821919,1.4428602131396235,0.9076025762173279,12,
2018-03-23,8690.0,8375.0,20617.859375,78225.64199999999,9,0.0,0.0,0.0,0.0,303.88630136990105,3961375.0,6709227.863405037,5778464.328021475,-930763.5353835619,1.4587016700063677,0.8802609327917479,12,
2018-03-26,8200.0,8500.0,20766.099609375,746349.24,91,0.0,0.0,0.0,0.0,367.75890410956345,4794000.0,6709227.863405037,5864372.329117365,-844855.5342876713,1.2232733268913987,0.745219836218125,12,
2018-03-27,8670.0,8935.0,21317.3203125,745769.1240000001,86,788812.206,42403.62901369864,33789.331779565764,8614.297234132879,383.15238356165355,4994665.0,6743017.195184602,6099082.9614996705,-643934.2336849315,1.2211195268350672,0.7537057532016134,12,
2018-03-28,8705.0,8860.0,21031.310546875,235082.007,27,826809.605,2738.07297260266,2181.8334482184296,556.2395243842303,333.718575342471,4350260.0,6745199.028632821,6045515.601399944,-699683.4272328768,1.389690639501994,0.8523326408460792,12,
2018-03-29,9060.0,8955.0,21159.080078125,743068.584,82,244571.076,9470.717876712317,7546.7415400582095,1923.9763366541072,375.0795616438263,4889430.0,6752745.770172879,6083889.037501646,-668856.7326712332,1.2442941278434596,0.7641782851642033,12,
2018-03-30,9155.0,9220.0,21454.30078125,741703.311,81,0.0,0.0,0.0,0.0,443.46936986298533,5780940.0,6752745.770172879,6233252.257131783,-519493.51304109604,1.0782419912906522,0.6720906951275545,12,
2018-04-02,9200.0,9170.0,21388.580078125,0.0,0,2244351.04,41579.55619178069,33132.669351420445,8446.886840360248,269.42213698630803,3512110.0,6785878.439524299,6200056.988154436,-585821.451369863,1.765336788470303,1.0848953295268573,12,
2018-04-03,8885.0,9075.0,21292.2890625,0.0,0,0.0,0.0,0.0,0.0,266.6309589041048,3475725.0,6785878.439524299,6163405.357195532,-622473.0823287672,1.7732718662136768,1.0856306163078964,12,
2018-04-04,9195.0,9105.0,21319.55078125,82771.551,9,0.0,0.0,0.0,0.0,273.7985753424873,3569160.0,6785878.439524299,6173795.00762019,-612083.4319041094,1.729761346540976,1.0600447516267353,12,
2018-04-05,9305.0,9395.0,21645.419921875,0.0,0,0.0,0.0,0.0,0.0,282.51923287665704,3682840.0,6785878.439524299,6287192.488387314,-498685.9511369862,1.7071587384701246,1.0580378966369228,12,
2018-04-06,9365.0,9340.0,21567.51953125,0.0,0,842681.43,17908.182739726057,14270.135416150708,3638.047323575348,216.38093150686473,2820680.0,6800148.5749404505,6263859.490132231,-536289.0848082191,2.220691283708975,1.3667366469518023,12,
2018-04-09,9290.0,9420.0,21678.259765625,0.0,0,0.0,0.0,0.0,0.0,218.23430136987008,2844840.0,6800148.5749404505,6287801.255830862,-512347.31910958904,2.210247766423019,1.3634686860144223,12,
2018-04-10,9335.0,9515.0,21794.3203125,0.0,0,0.0,0.0,0.0,0.0,220.43517808214528,2873530.0,6800148.5749404505,6316270.820652779,-483877.7542876712,2.1980876554804647,1.359686304428736,12,
2018-04-11,9565.0,9425.0,21687.099609375,0.0,0,0.0,0.0,0.0,0.0,218.35013698626426,2846350.0,6800148.5749404505,6288872.470515793,-511276.10442465753,2.2094515679785665,1.3629675500522187,12,
2018-04-12,9415.0,9400.0,21660.279296875,0.0,0,0.0,0.0,0.0,0.0,217.77095890408964,2838800.0,6800148.5749404505,6281104.699556889,-519043.8753835616,2.2125914821603807,1.363779464623547,12,
2018-04-13,9525.0,9505.0,21778.740234375,0.0,0,0.0,0.0,0.0,0.0,220.20350684929872,2870510.0,6800148.5749404505,6312594.496050039,-487554.07889041083,2.1991194930691895,1.3596074346229854,12,
2018-04-16,9560.0,9555.0,21835.529296875,0.0,0,0.0,0.0,0.0,0.0,221.36186301367707,2885610.0,6800148.5749404505,6327473.134187026,-472675.4407534247,2.192767953461149,1.3575722337507836,12,
2018-04-17,9530.0,9565.0,21847.58984375,0.0,0,0.0,0.0,0.0,0.0,221.59353424658184,2888630.0,6800148.5749404505,6330271.540652779,-469877.03428767127,2.1914442281125583,1.3570449750799187,12,
2018-04-18,9620.0,9840.0,22158.19921875,0.0,0,0.0,0.0,0.0,0.0,227.9644931507064,2971680.0,6800148.5749404505,6413093.576159628,-387054.9987808219,2.158070039896499,1.346913159350537,12,
2018-04-19,9910.0,9860.0,22191.1796875,0.0,0,0.0,0.0,0.0,0.0,228.42783561642864,2977720.0,6800148.5749404505,6418905.148324012,-381243.4266164383,2.1556443011176376,1.3460560568849895,12,
2018-04-20,9825.0,9840.0,22162.240234375,0.0,0,0.0,0.0,0.0,0.0,227.9644931507064,2971680.0,6800148.5749404505,6412637.183830862,-387511.39110958896,2.1579164593195976,1.3466059981967338,12,
2018-04-23,9845.0,9775.0,22088.0390625,0.0,0,0.0,0.0,0.0,0.0,226.4586301370291,2952050.0,6800148.5749404505,6392780.725200725,-407367.849739726,2.1655394472318306,1.3487573704581546,12,
2018-04-24,9910.0,9945.0,22278.119140625,0.0,0,0.0,0.0,0.0,0.0,230.39704109585728,3003390.0,6800148.5749404505,6443890.328159628,-356258.24678082194,2.145538983668331,1.3426422813483443,12,
2018-04-25,9795.0,9895.0,22215.3203125,0.0,0,0.0,0.0,0.0,0.0,229.23868493150803,2988290.0,6800148.5749404505,6428561.089474697,-371587.4854657535,2.151250745233795,1.3442202477031817,12,
2018-04-26,9980.0,9975.0,22319.609375,0.0,0,0.0,0.0,0.0,0.0,231.0920547945134,3012450.0,6800148.5749404505,6452489.997419902,-347658.57752054796,2.1419409442214485,1.3413061594049203,12,
2018-04-27,10035.0,10115.0,22467.869140625,0.0,0,0.0,0.0,0.0,0.0,234.33545205480186,3054730.0,6800148.5749404505,6494535.6619678475,-305612.9129726027,2.126058820899997,1.336428774063581,12,
2018-05-01,10100.0,10145.0,22508.029296875,0.0,0,0.0,0.0,0.0,0.0,235.03046575339977,3063790.0,6800148.5749404505,6503360.631502095,-296787.94343835616,2.122652215557233,1.3352804885660359,12,
2018-05-02,10190.0,10095.0,22472.779296875,0.0,0,0.0,0.0,0.0,0.0,233.87210958905052,3048690.0,6800148.5749404505,6488026.7593925055,-312121.8155479452,2.128135940155446,1.336787690399666,12,
2018-05-07,10145.0,10105.0,22467.16015625,0.0,0,0.0,0.0,0.0,0.0,234.1037808219553,3051710.0,6800148.5749404505,6490812.655611684,-309335.9193287671,2.1269428142292957,1.336300977577461,12,
2018-05-08,10065.0,10140.0,22508.689453125,0.0,0,0.0,0.0,0.0,0.0,234.91463013697648,3062280.0,6800148.5749404505,6501147.740981546,-299000.8339589041,2.122976259839579,1.3349867507290776,12,
2018-05-09,10090.0,10055.0,22408.880859375,0.0,0,0.0,0.0,0.0,0.0,232.94542465751874,3036610.0,6800148.5749404505,6475244.795556889,-324903.77938356163,2.1323926337451597,1.3376651384844696,12,
2018-05-10,10130.0,10130.0,22497.1796875,0.0,0,0.0,0.0,0.0,0.0,234.68295890410081,3059260.0,6800148.5749404505,6497660.112597985,-302488.4623424657,2.123931968056976,1.335011725141216,12,
2018-05-11,10190.0,10380.0,22758.48046875,0.0,0,0.0,0.0,0.0,0.0,240.47473972602165,3134760.0,6800148.5749404505,6572919.637858259,-227228.93708219178,2.096785603318359,1.3267896173155407,12,
2018-05-14,10365.0,10460.0,22865.859375,0.0,0,0.0,0.0,0.0,0.0,242.328109589027,3158920.0,6800148.5749404505,6596837.30974867,-203311.2651917808,2.08832047337339,1.3241368456804496,12,
2018-05-15,10475.0,10410.0,22818.01953125,0.0,0,0.0,0.0,0.0,0.0,241.16975342464866,3143820.0,6800148.5749404505,6581496.139995245,-218652.43494520552,2.093471044778405,1.3255402742682587,12,
2018-05-16,10330.0,10330.0,22717.23046875,0.0,0,0.0,0.0,0.0,0.0,239.3163835616724,3119660.0,6800148.5749404505,6557096.823611683,-243051.75132876713,2.1018626464459857,1.3279079746776614,12,
2018-05-17,10410.0,10440.0,22838.369140625,0.0,0,0.0,0.0,0.0,0.0,241.86476712333388,3152880.0,6800148.5749404505,6590074.95884456,-210073.6160958904,2.090176270217883,1.3242995809382747,12,
2018-05-18,10500.0,10505.0,22930.359375,0.0,0,0.0,0.0,0.0,0.0,243.37063013695297,3172510.0,6800148.5749404505,6609461.5882144235,-190686.9867260274,2.083354059786864,1.3221395429765055,12,
2018-05-21,10515.0,10580.0,23002.369140625,0.0,0,0.0,0.0,0.0,0.0,245.10816438356414,3195160.0,6800148.5749404505,6631866.4800500395,-168282.09489041095,2.0755976164104584,1.3197025204245252,12,
2018-05-22,10595.0,10540.0,22960.33984375,0.0,0,466086.76399999997,4569.120328767111,3640.903533978072,928.2167947890385,208.60536986301304,2719320.0,6803789.478474429,6620976.421885388,-182813.05658904114,2.4347912058475605,1.5448689088802874,12,
2018-05-23,10455.0,10290.0,22689.740234375,0.0,0,0.0,0.0,0.0,0.0,203.65742465751828,2654820.0,6803789.478474429,6556272.76446073,-247516.7140136987,2.469573366352796,1.5579533099972984,12,
2018-05-24,10225.0,10065.0,22437.009765625,0.0,0,0.0,0.0,0.0,0.0,199.2042739726021,2596770.0,6803789.478474429,6498023.560186758,-305765.9182876713,2.502348517653376,1.570272761122118,12,
2018-05-25,9990.0,10085.0,22450.7890625,359711.92799999996,36,0.0,0.0,0.0,0.0,227.45128767128335,2964990.0,6803789.478474429,6506304.180899086,-297485.29757534235,2.1943764332760267,1.377977789916236,12,
2018-05-28,10110.0,10100.0,22481.08984375,475265.0339999999,47,0.0,0.0,0.0,0.0,264.20493150682887,3444100.0,6803789.478474429,6509884.94196758,-293904.5365068492,1.8901556116162654,1.1872497672717768,12,
2018-05-29,10050.0,9980.0,22358.4296875,422184.42,42,0.0,0.0,0.0,0.0,293.22060273971874,3822340.0,6803789.478474429,6465647.30136484,-338142.1771095889,1.691541647620264,1.0581152022727562,12,
2018-05-30,9655.0,9685.0,22018.51953125,743583.687,77,0.0,0.0,0.0,0.0,341.761095890397,4455100.0,6803789.478474429,6354481.853268949,-449307.6252054794,1.426338769784954,0.8828014754020036,12,
2018-05-31,9835.0,9860.0,22201.8203125,737772.525,75,0.0,0.0,0.0,0.0,404.6652054794249,5275100.0,6803789.478474429,6436304.66306347,-367484.8154109589,1.2201294123454476,0.7610068051131745,12,
2018-06-01,9780.0,9810.0,22171.349609375,684736.92,70,752909.388,9210.251630136987,7339.189011474658,1871.0626186623288,397.34531506855274,5179680.0,6811128.667485903,6406788.723129738,-404339.94435616443,1.2369082111500591,0.7674727899742014,12,
2018-06-04,10000.0,10090.0,22475.939453125,740148.0,74,0.0,0.0,0.0,0.0,465.9644931507355,6074180.0,6811128.667485903,6560674.758636588,-250453.90884931502,1.0800922525569852,0.6797104352829964,12,
2018-06-05,10165.0,10140.0,22539.5390625,0.0,0,1473630.215,50842.6878082192,40513.995779979465,10328.69202823973,355.48339726027916,4633980.0,6851642.663265883,6583420.798211088,-268221.86505479435,1.4206839041625317,0.8848185361517077,12,
2018-06-06,10140.0,10230.0,22625.73046875,0.0,0,1115176.92,14981.9110136986,11938.33579126573,3043.5752224328708,272.3141917808389,3549810.0,6863580.999057149,6611111.828796875,-252469.1702602739,1.8623846991238615,1.1585600935082716,12,
2018-06-07,10360.0,10400.0,22823.259765625,0.0,0,435032.976,12623.682246575383,10059.181198183594,2564.501048391789,243.331506849383,3172000.0,6873640.180255332,6665526.972241634,-208113.20801369855,2.1013641148302753,1.3096520602862332,12,
2018-06-08,10385.0,10275.0,22694.5,0.0,0,487997.38100000005,12406.790232876838,9886.35079706791,2520.4394358089294,203.36054794522352,2650950.0,6883526.5310524,6629750.55325788,-253775.9777945206,2.500896113943258,1.548814487434073,12,
2018-06-11,10270.0,10395.0,22804.0390625,0.0,0,0.0,0.0,0.0,0.0,205.73556164387264,2681910.0,6883526.5310524,6660504.817696236,-223021.7133561644,2.483493039548768,1.5423255419980788,12,
2018-06-12,10550.0,10465.0,22878.349609375,0.0,0,0.0,0.0,0.0,0.0,207.1209863013646,2699970.0,6883526.5310524,6678357.696709935,-205168.83434246577,2.473493296855126,1.5385445217418952,12,
2018-06-13,10465.0,10530.0,22966.380859375,0.0,0,0.0,0.0,0.0,0.0,208.40745205475832,2716740.0,6883526.5310524,6694919.289257879,-188607.24179452058,2.4643209468914504,1.5350667481847198,12,
2018-06-14,10420.0,10325.0,22738.609375,0.0,0,0.0,0.0,0.0,0.0,204.35013698635157,2663850.0,6883526.5310524,6641824.939120893,-241701.59193150687,2.493317919222514,1.5455369248228628,12,
2018-06-15,10460.0,10435.0,22851.75,0.0,0,0.0,0.0,0.0,0.0,206.52723287668778,2692230.0,6883526.5310524,6669998.411888016,-213528.1191643836,2.477499475114688,1.5396327515567503,12,
2018-06-18,10385.0,10265.0,22680.330078125,0.0,0,0.0,0.0,0.0,0.0,203.1626301369688,2648370.0,6883526.5310524,6625935.249257879,-257591.28179452056,2.5018918237473917,1.5484162550789184,12,
2018-06-19,10170.0,9915.0,22278.48046875,10172.034,1,0.0,0.0,0.0,0.0,196.99610958906123,2567985.0,6883526.5310524,6535181.21914829,-348345.3119041096,2.544867364547803,1.5614686733934107,12,
2018-06-20,9975.0,10150.0,22555.4296875,738297.6299999999,74,0.0,0.0,0.0,0.0,259.2838356164284,3379950.0,6883526.5310524,6608589.3053126745,-274937.22573972604,1.9552328600460582,1.2079992111045856,12,
2018-06-21,10120.0,10285.0,22693.0390625,212562.504,21,748730.224,10374.97536986317,8267.299123475466,2107.676246387703,220.91616438352503,2879800.0,6891793.830175876,6642278.432901903,-249515.39727397266,2.3065068521778955,1.425817824025254,12,
2018-06-22,10050.0,10130.0,22516.830078125,0.0,0,0.0,0.0,0.0,0.0,217.58684931506286,2836400.0,6891793.830175876,6598660.846052588,-293132.9841232877,2.326421113401702,1.4321798744638612,12,
2018-06-25,10155.0,9955.0,22338.150390625,243768.74399999998,24,0.0,0.0,0.0,0.0,232.15605479446822,3026320.0,6891793.830175876,6544579.945997793,-347213.8841780821,2.162553842950446,1.3243549723161159,12,
2018-06-26,9815.0,9975.0,22342.0,736272.225,75,0.0,0.0,0.0,0.0,290.01287671233877,3780525.0,6891793.830175876,6562222.708121081,-329571.12205479445,1.7357966706002688,1.0647396033794996,12,
2018-06-27,9975.0,9920.0,22271.76953125,79815.95999999999,8,747975.3750000001,11645.759589041236,9279.92352852751,2365.836060513727,237.42772602743935,3095040.0,6901073.7537044035,6542293.859334541,-358779.8943698629,2.11379945310385,1.2902782041474983,12,
2018-06-28,9875.0,9925.0,22270.390625,740773.125,75,0.0,0.0,0.0,0.0,294.6501369861944,3840975.0,6901073.7537044035,6547161.084197555,-353912.66950684926,1.704557067983404,1.0408907185521126,12,
2018-06-29,9970.0,9950.0,22304.509765625,737927.5560000001,74,0.0,0.0,0.0,0.0,351.8756164383376,4586950.0,6901073.7537044035,6554856.652581116,-346217.1011232877,1.4290229133914947,0.8732118118701585,12,
2018-07-02,9885.0,9500.0,21811.9296875,464687.91899999994,47,0.0,0.0,0.0,0.0,370.2136986301048,4826000.0,6901073.7537044035,6328848.519882485,-572225.2338219179,1.3114066555910662,0.7830502639992879,12,
2018-07-03,9570.0,9475.0,21785.5390625,746609.292,78,0.0,0.0,0.0,0.0,425.93369863025146,5552350.0,6901073.7537044035,6308163.294183856,-592910.4595205479,1.1361249370417672,0.6768106143638826,12,
2018-07-04,9370.0,9420.0,21717.0390625,740378.046,79,0.0,0.0,0.0,0.0,480.54904109585914,6264300.0,6901073.7537044035,6279254.69914276,-621819.0545616439,1.0023872897439075,0.595198229743325,12,
2018-07-05,9395.0,9280.0,21546.990234375,742353.4409999999,79,0.0,0.0,0.0,0.0,529.6464657534088,6904320.0,6901073.7537044035,6176391.611677006,-724682.1420273972,0.8945691410127291,0.525049177420746,12,
2018-07-06,9375.0,9500.0,21788.140625,740773.125,79,0.0,0.0,0.0,0.0,599.7753424657276,7818500.0,6901073.7537044035,6349198.7113345405,-551875.0423698628,0.812073762401297,0.48568329743105115,12,margin_warning
2018-07-09,9560.0,9700.0,22052.1796875,745829.136,78,2265266.8559999997,41419.959726027344,33005.494907684886,8414.464818342454,494.0887671233795,6440800.0,6934079.248612088,6482027.877749074,-452051.3708630139,1.0064010492095818,0.6036874268547473,12,
2018-07-10,9840.0,9850.0,22196.890625,59051.80799999999,6,1534732.992,41953.05221917809,33430.28966085207,8522.76255832603,388.3868493150221,5062900.0,6967509.538272941,6570897.912341434,-396611.6259315068,1.2978525968005359,0.777174855203524,12,
2018-07-11,9660.0,9590.0,21932.2109375,0.0,0,0.0,0.0,0.0,0.0,378.13501369865844,4929260.0,6967509.538272941,6436879.777327735,-530629.7609452055,1.305851137356872,0.7709802900197037,12,
2018-07-12,9680.0,9825.0,22187.9609375,416323.24799999996,43,0.0,0.0,0.0,0.0,419.8101369863143,5472525.0,6967509.538272941,6563401.719190748,-404107.81908219174,1.1993370005967534,0.7174867974305376,12,
2018-07-13,10025.0,10195.0,22597.349609375,0.0,0,430988.78500000003,14633.127958904179,11660.408014052795,2972.719944851384,401.9902465753257,5240230.0,6979169.946286993,6758720.793999322,-220449.1522876712,1.2897756003074907,0.7836962104166509,12,
2018-07-16,10195.0,10195.0,22597.349609375,0.0,0,2140521.8099999996,56550.58506849298,45062.33371182863,11488.251356664348,237.75298630134785,3099280.0,7024232.279998822,6746566.5996563565,-277665.6803424657,2.176817389734505,1.302820610049394,12,
2018-07-17,10185.0,10275.0,22697.359375,0.0,0,0.0,0.0,0.0,0.0,239.6186301370035,3123600.0,7024232.279998822,6770646.981026219,-253585.2989726027,2.167578108921187,1.3003094580143464,12,
2018-07-18,10475.0,10375.0,22794.189453125,0.0,0,219931.005,7067.340287671252,5631.610108230837,1435.7301794404148,225.2369863013737,2936125.0,7029863.890107052,6801442.018860477,-228421.87124657532,2.3164688216136837,1.3913403154204598,12,
2018-07-19,10440.0,10350.0,22764.6796875,0.0,0,260947.80000000002,6664.646821917838,5310.723820045229,1353.923001872609,204.84493150681374,2670300.0,7035174.613927098,6795006.050927098,-240168.56300000002,2.544660169616559,1.5248637321376228,12,
2018-07-20,10300.0,10275.0,22697.880859375,0.0,0,0.0,0.0,0.0,0.0,203.36054794522352,2650950.0,7035174.613927098,6775452.690379153,-259721.92354794522,2.5558583490368183,1.5285414296124802,12,
2018-07-23,10060.0,9985.0,22396.990234375,0.0,0,0.0,0.0,0.0,0.0,197.6209315068554,2576130.0,7035174.613927098,6700435.069447646,-334739.5444794521,2.6009693103405676,1.5437387325050327,12,
2018-07-24,10135.0,10100.0,22510.48046875,20274.054,2,0.0,0.0,0.0,0.0,201.4465753424447,2626000.0,7035174.613927098,6729829.568872304,-305345.0450547945,2.5627683049780288,1.5255387333653865,12,
2018-07-25,10180.0,10190.0,22614.25,0.0,0,0.0,0.0,0.0,0.0,203.24164383555762,2649400.0,7035174.613927098,6753026.327228468,-282148.28669863014,2.548888928522861,1.5207436515927506,12,
2018-07-26,10210.0,10165.0,22586.869140625,0.0,0,0.0,0.0,0.0,0.0,202.74301369860768,2642900.0,7035174.613927098,6746323.584214769,-288851.0297123288,2.55262158394747,1.5218709540665316,12,
2018-07-27,10215.0,10270.0,22712.75,0.0,0,0.0,0.0,0.0,0.0,204.8372602739837,2670200.0,7035174.613927098,6773418.746954495,-261755.86697260276,2.536670941110964,1.5163819451658636,12,
2018-07-30,10190.0,10135.0,22544.83984375,0.0,0,20375.924,95.62178082191679,76.19621604794439,19.425564773972393,200.58969863012317,2614830.0,7035250.810143146,6738204.655691091,-297046.1544520548,2.5769188267272027,1.5349115495994128,12,
2018-07-31,10065.0,10145.0,22553.720703125,0.0,0,0.0,0.0,0.0,0.0,200.78761643831967,2617410.0,7035250.810143146,6740583.868074653,-294666.94206849317,2.5752877340862352,1.534230858752032,12,
2018-08-01,10230.0,10315.0,22746.69921875,0.0,0,0.0,0.0,0.0,0.0,204.15221917803865,2661270.0,7035250.810143146,6784239.715855475,-251011.09428767124,2.5492489359799926,1.5252728537757536,12,
2018-08-02,10250.0,10080.0,22512.529296875,0.0,0,0.0,0.0,0.0,0.0,199.50115068495506,2600640.0,7035250.810143146,6723410.214704789,-311840.59543835616,2.5852906264245683,1.5373653736258879,12,
2018-08-03,10185.0,10105.0,22525.1796875,0.0,0,0.0,0.0,0.0,0.0,199.99594520550454,2607090.0,7035250.810143146,6729660.218759584,-305590.59138356167,2.5812918690032123,1.5358824948030252,12,
2018-08-06,10120.0,10095.0,22507.3203125,10122.024,1,0.0,0.0,0.0,0.0,200.57243835617555,2614605.0,7035250.810143146,6726852.622321228,-308398.1878219178,2.5727988060610407,1.5303174760620843,12,
2018-08-07,10140.0,10220.0,22662.740234375,0.0,0,0.0,0.0,0.0,0.0,203.0560000000114,2646980.0,7035250.810143146,6759024.566321228,-276226.2438219178,2.5534853177285917,1.5236777809047692,12,
2018-08-08,10225.0,10225.0,22644.310546875,0.0,0,0.0,0.0,0.0,0.0,203.15534246576135,2648275.0,7035250.810143146,6760116.410978762,-275134.39916438353,2.552648954877708,1.5232682790927583,12,
2018-08-09,10160.0,10185.0,22598.390625,0.0,0,0.0,0.0,0.0,0.0,202.3606027396745,2637915.0,7035250.810143146,6749554.050376022,-285696.7597671233,2.5586700293133107,1.5251699090413813,12,
2018-08-10,10185.0,9920.0,22298.080078125,0.0,0,0.0,0.0,0.0,0.0,197.09545205481118,2569280.0,7035250.810143146,6680721.954923968,-354528.85521917813,2.6002311756305145,1.5390457208652955,12,
2018-08-13,9755.0,9520.0,21857.4296875,741528.276,76,0.0,0.0,0.0,0.0,244.6509589040652,3189200.0,7035250.810143146,6558869.027965063,-476381.78217808215,2.056587554234624,1.2015997152223057,12,
2018-08-14,9680.0,9930.0,22356.080078125,745509.0719999999,77,0.0,0.0,0.0,0.0,313.8424109588668,4091160.0,7035250.810143146,6715006.113554105,-320244.696589041,1.6413452696922401,0.974776116056341,12,
2018-08-15,9950.0,9825.0,22204.220703125,527455.47,53,1522045.53,34836.130821917955,27759.170845445322,7076.959976472633,235.1539726027404,3065400.0,7063009.980988591,6676524.059605029,-386485.9213835616,2.1780270306012364,1.276966045612796,12,
2018-08-16,9575.0,9825.0,22192.0390625,746999.3699999999,78,0.0,0.0,0.0,0.0,293.94246575341094,3831750.0,7063009.980988591,6695580.747139276,-367429.233849315,1.7473949884880997,1.0264694881685803,12,
2018-08-17,9925.0,9885.0,22270.380859375,744523.875,75,773995.1699999999,26937.01150684936,21464.757619232914,5472.253887616448,293.46263013701537,3825495.0,7084474.738607824,6713031.325621523,-371443.4129863013,1.7548137758960665,1.0255913458611805,12,
2018-08-20,9845.0,9815.0,22199.0,374184.822,38,0.0,0.0,0.0,0.0,319.99589041090803,4171375.0,7084474.738607824,6684406.507731112,-400068.2308767123,1.6024467969748852,0.9336129578027378,12,
2018-08-21,9740.0,9845.0,22219.73046875,68193.636,7,0.0,0.0,0.0,0.0,326.2606027396978,4253040.0,7084474.738607824,6697551.611128372,-386923.127479452,1.574768074395814,0.9187001755565233,12,
2018-08-22,9825.0,9940.0,22362.55078125,619098.795,63,0.0,0.0,0.0,0.0,377.44767123289057,4920300.0,7084474.738607824,6745335.368457139,-339139.370150685,1.37091953101582,0.8037467033120848,12,
2018-08-23,9995.0,9985.0,22410.8203125,0.0,0,699510.07,12158.975931506773,9688.879971021172,2470.0959604856007,325.5383561643539,4243625.0,7094163.618578846,6765374.80414049,-328788.8144383562,1.5942442614841061,0.9336899056118599,12,
2018-08-24,10070.0,10160.0,22601.76953125,0.0,0,382583.46800000005,8283.253013698697,6600.510163965807,1682.7428497328904,301.6267397259944,3931920.0,7100764.12874281,6834268.90255103,-266495.2261917808,1.7381505479641066,1.023047021393936,12,
2018-08-27,10235.0,10350.0,22799.640625,0.0,0,1309817.984,37173.22935616435,29621.487812459563,7551.741543704788,205.638904109539,2680650.0,7130385.61655527,6885059.506103215,-245326.11045205483,2.5684291146189224,1.5055866225173584,12,
2018-08-28,10490.0,10365.0,22813.470703125,0.0,0,10487.902,353.62512328767184,281.7861794917813,71.83894379589053,205.1418082191958,2674170.0,7130667.402734762,6888790.4273512,-241876.97538356166,2.576048055041826,1.5104211527193991,12,
2018-08-29,10375.0,10410.0,22848.220703125,0.0,0,0.0,0.0,0.0,0.0,206.0324383561674,2685780.0,7130667.402734762,6900194.3949128445,-230473.00782191782,2.569158454867057,1.5080612965659594,12,
2018-08-30,10565.0,10420.0,22869.5,0.0,0,0.0,0.0,0.0,0.0,206.23035616442212,2688360.0,7130667.402734762,6902568.16455668,-228099.2381780822,2.56757583231289,1.5074202890902237,12,
2018-08-31,10280.0,10410.0,22865.150390625,0.0,0,0.0,0.0,0.0,0.0,206.0324383561674,2685780.0,7130667.402734762,6899782.132118324,-230885.2706164384,2.569004956518525,1.5077542998688953,12,
2018-09-03,10375.0,10280.0,22707.380859375,0.0,0,0.0,0.0,0.0,0.0,203.45950684932177,2652240.0,7130667.402734762,6866038.672611474,-264628.73012328765,2.5887697465581825,1.5140218926221543,12,
2018-09-04,10320.0,10270.0,22696.900390625,0.0,0,0.0,0.0,0.0,0.0,203.26158904109616,2649660.0,7130667.402734762,6863255.411022433,-267411.99171232875,2.5902400349563464,1.5143689761365988,12,
2018-09-05,10240.0,10175.0,22580.830078125,0.0,0,0.0,0.0,0.0,0.0,201.3813698630256,2625150.0,7130667.402734762,6838544.02965257,-292123.3730821918,2.605010772585403,1.5190180136641238,12,
2018-09-06,10065.0,10075.0,22487.939453125,60402.077999999994,6,0.0,0.0,0.0,0.0,204.03945205474156,2659800.0,7130667.402734762,6812587.912200515,-318079.4905342466,2.5613158554028557,1.4893939325010397,12,
2018-09-07,9950.0,9915.0,22307.060546875,427935.57,43,0.0,0.0,0.0,0.0,233.50504109592293,3043905.0,7130667.402734762,6768523.837159419,-362143.5655753425,2.2236317615560997,1.2868970620252842,12,
2018-09-10,9880.0,9990.0,22373.08984375,741148.2000000001,75,0.0,0.0,0.0,0.0,292.7480547945597,3816180.0,7130667.402734762,6799357.889104625,-331309.5136301372,1.7817183385229798,1.0344726154097774,12,
2018-09-11,10050.0,10230.0,22664.689453125,673484.67,67,0.0,0.0,0.0,0.0,352.360438356176,4593270.0,7130667.402734762,6902610.858666269,-228056.54406849327,1.5027661902449168,0.8818628808229806,12,
2018-09-12,10275.0,10175.0,22604.609375,0.0,0,1962132.4949999999,58875.15152054779,46914.664489148505,11960.487031399283,201.3813698630256,2625150.0,7177582.06722391,6884461.485265006,-293120.58195890416,2.622502137121691,1.5135929026174118,12,
2018-09-13,10205.0,10375.0,22821.3203125,0.0,0,0.0,0.0,0.0,0.0,205.33972602739232,2676750.0,7177582.06722391,6935856.145538978,-241725.92168493153,2.591148275161662,1.503538891885325,12,
2018-09-14,10530.0,10620.0,23094.669921875,0.0,0,0.0,0.0,0.0,0.0,210.18871232875972,2739960.0,7177582.06722391,6998855.95682665,-178726.11039726032,2.5543642815320844,1.4917689862003045,12,
2018-09-18,10590.0,10935.0,23420.5390625,0.0,0,0.0,0.0,0.0,0.0,216.4231232876482,2821230.0,7177582.06722391,7079909.533703363,-97672.53352054795,2.5095116433978664,1.4774493767551071,12,
2018-09-19,11250.0,11175.0,23672.51953125,0.0,0,0.0,0.0,0.0,0.0,221.17315068491735,2883150.0,7177582.06722391,7141608.360552677,-35973.706671232896,2.4770158890632388,1.4670420057511544,12,
2018-09-20,11245.0,11175.0,23674.9296875,0.0,0,764507.068,17311.496904109626,13794.666308039756,3516.830596069871,162.87945205479627,2123250.0,7191376.73353195,7142535.718504553,-48841.01502739729,3.3639636022628294,1.984295368174804,12,
2018-09-21,11350.0,11375.0,23869.9296875,0.0,0,0.0,0.0,0.0,0.0,165.79452054793364,2161250.0,7191376.73353195,7180369.923984005,-11006.809547945239,3.3223226947294413,1.9668356513295808,8,
2018-09-25,11350.0,11415.0,23940.259765625,0.0,0,465256.93,4175.155808219163,3326.97290577944,848.182902439723,130.47501369862584,1700835.0,7194703.706437729,7184233.196067866,-10470.510369863037,4.223944824787746,2.498996782579145,8,
2018-09-26,11480.0,11650.0,24033.7890625,0.0,0,459108.16,3601.845479452011,2870.130570301335,731.714909150676,97.41315068493714,1269850.0,7197573.837008031,7211527.228008031,13953.390999999994,5.679038648665615,3.365732933817401,8,
2018-09-27,11560.0,11445.0,23796.740234375,0.0,0,820595.848,9590.743369863005,7642.383854275335,1948.3595155876692,33.36295890409383,434910.0,7205216.220862307,7195201.35353354,-10014.86732876712,16.544115687230782,9.767597859798048,8,
2018-09-28,11695.0,11750.0,24120.0390625,11697.339,1,0.0,0.0,0.0,0.0,35.153424657532014,458250.0,7205216.220862307,7206808.861108882,1592.6402465753438,15.726806025333076,9.295359169351782,8,
2018-10-01,11800.0,11890.0,24245.759765625,0.0,0,188762.24,3106.3032465753295,2475.257742033551,631.0455045417781,20.978520547942026,273470.0,7207691.478604339,7210139.077083791,2447.5984794520455,26.365374911631225,15.576850380528908,8,
2018-10-02,11995.0,11890.0,24270.619140625,0.0,0,275829.82300000003,4807.421479452055,3830.79380590137,976.6276735506849,0.0,0.0,7211522.272410241,7211522.272410241,0.0,inf,inf,8,
2018-10-03,11835.0,11735.0,24110.9609375,0.0,0,0.0,0.0,0.0,0.0,0.0,0.0,7211522.272410241,7211522.272410241,0.0,inf,inf,8,
2018-10-04,11870.0,11590.0,23975.619140625,11872.374,1,0.0,0.0,0.0,0.0,0.8890958904230502,11590.0,7211522.272410241,7211239.009314351,-283.26309589041074,622.1949102083132,367.2211298721706,8,
2018-10-05,11415.0,11425.0,23783.720703125,22834.566,2,0.0,0.0,0.0,0.0,2.6293150684796274,34275.0,7211522.272410241,7211086.813999282,-435.4584109589028,210.3891120058142,124.17033028704068,8,
2018-10-09,11195.0,11140.0,23469.390625,89577.912,8,0.0,0.0,0.0,0.0,9.40032876713667,122540.0,7211522.272410241,7209764.501670515,-1757.7707397260228,58.836008663869066,34.72014328326086,8,
2018-10-10,11170.0,11160.0,23506.0390625,301650.318,27,0.0,0.0,0.0,0.0,32.53216438356321,424080.0,7211522.272410241,7209621.6515061315,-1900.6209041096126,17.00061698619631,10.032142462747638,8,
2018-10-11,10385.0,10280.0,22590.859375,290838.15599999996,28,0.0,0.0,0.0,0.0,52.047780821914785,678480.0,7211522.272410241,7173131.447725309,-38390.82468493149,10.572355040274303,6.216673629348507,8,
2018-10-12,10200.0,10400.0,22694.66015625,714142.7999999999,70,0.0,0.0,0.0,0.0,108.50191780822934,1414400.0,7211522.272410241,7194800.145807501,-16722.12660273964,5.086821370056208,2.9973479356651285,8,
2018-10-15,10205.0,9985.0,22271.30078125,694078.788,68,714207.13,8.48342465760875,6.760016938415533,1.7234077191932178,102.64032876709825,1337990.0,7211529.032427179,7138414.124071014,-73114.9083561643,5.335177485684508,3.126295244893346,8,
2018-10-16,9995.0,10220.0,22549.240234375,739777.926,74,0.0,0.0,0.0,0.0,163.07200000001467,2125760.0,7211529.032427179,7186243.126071014,-25285.906356164287,3.38055242645972,1.9901671424407494,8,
2018-10-17,10490.0,10470.0,22841.119140625,692478.468,66,776104.748,36268.80600000004,28900.79806110003,7368.007938900008,160.63561643834691,2094000.0,7240429.830488279,7230580.762515677,-9849.067972602656,3.4529994090332745,2.02412889185438,8,
2018-10-18,10495.0,10305.0,22658.16015625,556346.247,53,713517.268,19278.465753424756,15362.045435616517,3916.4203178082394,146.24630136985797,1906425.0,7255791.875923896,7196114.116896499,-59677.75902739721,3.774664157727946,2.195016610603144,8,
2018-10-19,10000.0,10195.0,22532.080078125,570114.0,57,0.0,0.0,0.0,0.0,189.26389041097718,2467190.0,7255791.875923896,7186575.853006088,-69216.02291780816,2.9128586987650276,1.6921708559487822,8,
2018-10-22,10060.0,10275.0,22614.8203125,654030.78,65,573305.316,3146.737315068485,2507.477629512322,639.2596855561627,197.05479452054715,2568750.0,7258299.353553409,7206574.074526012,-51725.279027397235,2.8054789584529485,1.6317514135274394,8,
2018-10-23,10085.0,9720.0,22010.779296875,544698.918,54,655393.895,1311.8807534246482,1045.372178366431,266.5085750582173,178.20887671233504,2323080.0,7259344.725731775,7071154.334074241,-188190.39165753417,3.04387035060103,1.7453775218316643,8,
2018-10-24,9875.0,9800.0,22091.1796875,730896.15,74,0.0,0.0,0.0,0.0,235.3073972602433,3067400.0,7259344.725731775,7084342.87667698,-175001.84905479444,2.309559521639493,1.3260757803423688,8,
2018-10-25,9200.0,9050.0,21268.73046875,736147.2,80,0.0,0.0,0.0,0.0,272.83890410957974,3556650.0,7259344.725731775,6837172.837772871,-422171.88795890403,1.9223631332216753,1.0740899359830074,8,
2018-10-26,9230.0,8985.0,21184.599609375,747779.526,81,0.0,0.0,0.0,0.0,326.7093698629469,4258890.0,7259344.725731775,6791306.602403008,-468038.12332876696,1.5946189270920377,0.8861391174870065,8,
2018-10-29,9105.0,8955.0,21149.80078125,746759.322,82,0.0,0.0,0.0,0.0,381.949150684959,4978980.0,7259344.725731775,6764255.331252323,-495089.394479452,1.358562462844262,0.7524705473355721,8,
2018-10-30,8845.0,9210.0,21457.2890625,743128.596,84,0.0,0.0,0.0,0.0,452.17315068491735,5894400.0,7259344.725731775,6936094.562101638,-323250.16363013687,1.1767261404216949,0.6646856106595238,8,
2018-10-31,9380.0,9585.0,21920.4609375,731786.328,78,787762.416,44574.472273972555,35519.16823151503,9055.304042457525,466.1723835616722,6076890.0,7294863.89396329,7165039.173675619,-129824.72028767104,1.179063496899832,0.6749878359469965,8,
2018-11-01,9505.0,9395.0,21687.650390625,627455.466,66,3050494.779,87281.24952054811,69550.06368044877,17731.185840099348,273.14997260275413,3560705.0,7364413.957643739,7053889.150862917,-310524.8067808218,1.9810372246122376,1.0961656211570718,8,
2018-11-02,9505.0,9880.0,22243.66015625,655976.169,69,0.0,0.0,0.0,0.0,339.5471780822263,4426240.0,7364413.957643739,7263108.434684835,-101305.52295890404,1.6409206086169832,0.9290056898690371,8,
2018-11-05,9605.0,9560.0,21898.990234375,115283.052,12,1296415.665,12834.144082191808,10226.887711894542,2607.2563702972657,238.34520547944703,3107000.0,7374640.845355634,7122155.446109058,-252485.39924657525,2.2922933524650975,1.273890140605883,8,
2018-11-06,9705.0,9785.0,22147.75,359156.817,37,0.0,0.0,0.0,0.0,271.7281095890503,3542170.0,7374640.845355634,7197896.90099947,-176743.94435616425,2.0320585688997053,1.1386936238642698,8,
2018-11-07,9815.0,9750.0,22085.80078125,147254.445,15,0.0,0.0,0.0,0.0,281.97534246573923,3675750.0,7374640.845355634,7183940.480657004,-190700.36469863006,1.9544148760544118,1.093438889467012,8,
2018-11-08,10115.0,10080.0,22486.919921875,232691.52899999998,23,0.0,0.0,0.0,0.0,309.3041095890803,4032000.0,7374640.845355634,7307189.6475474145,-67451.19780821905,1.8122990197290214,1.0273184178420616,8,
2018-11-09,10055.0,9885.0,22250.25,30171.033000000003,3,1387312.4819999998,33931.73564383557,27038.503547790377,6893.232096045196,200.9498630137241,2619525.0,7401679.348903424,7244761.914588355,-156917.43431506836,2.7656777143139903,1.5443973400800848,8,
2018-11-12,9755.0,9895.0,22269.880859375,165868.167,17,0.0,0.0,0.0,0.0,214.05731506846496,2790390.0,7401679.348903424,7249544.690273288,-152134.65863013684,2.5980399479188527,1.4514659816882753,8,
2018-11-13,9400.0,9490.0,21810.51953125,94018.79999999999,10,0.0,0.0,0.0,0.0,212.57600000000093,2771080.0,7401679.348903424,7136003.314273288,-265676.03463013686,2.5751704441132293,1.4205299769920556,8,
2018-11-14,9520.0,9515.0,21846.48046875,476095.2,50,0.0,0.0,0.0,0.0,249.63189041099395,3254130.0,7401679.348903424,7142708.482382876,-258970.86652054783,2.1949671593891074,1.2116472743443945,8,
2018-11-15,9350.0,9480.0,21803.619140625,392778.54,42,0.0,0.0,0.0,0.0,279.2574246575241,3640320.0,7401679.348903424,7135840.684958219,-265838.66394520534,1.9602234652333363,1.0811441549130318,8,
2018-11-16,9500.0,9380.0,21680.33984375,494098.8,52,0.0,0.0,0.0,0.0,313.72887671235367,4089680.0,7401679.348903424,7090788.156081506,-310891.1928219177,1.7338246894821858,0.9512588838881243,8,
2018-11-19,9360.0,9495.0,21821.16015625,524264.83199999994,56,0.0,0.0,0.0,0.0,358.3647123288247,4671540.0,7401679.348903424,7148024.959369178,-253654.3895342464,1.530121749866035,0.8449511019567265,8,
2018-11-20,9250.0,9285.0,21583.119140625,370074.0,40,0.0,0.0,0.0,0.0,378.929753424658,4939620.0,7401679.348903424,7045652.029615753,-356027.319287671,1.4263550697453962,0.7782928669266213,8,
2018-11-21,9000.0,9235.0,21507.5390625,504100.79999999993,56,0.0,0.0,0.0,0.0,416.5617534246703,5430180.0,7401679.348903424,7031694.667862329,-369984.6810410957,1.29492846790757,0.705335198431954,8,
2018-11-22,9295.0,9355.0,21646.55078125,539217.822,58,520415.89599999995,16275.423452054814,12969.071177769878,3306.3522742849354,423.40986301368685,5519450.0,7414648.4200811945,7098432.97972503,-316215.4403561642,1.286076145218279,0.7029933356346848,8,
2018-11-26,9360.0,9495.0,21812.0,468093.6,50,0.0,0.0,0.0,0.0,466.1654794521164,6076800.0,7414648.4200811945,7187223.214245578,-227425.2058356162,1.1827315715912285,0.6530510524305484,8,
2018-11-27,9630.0,9620.0,21952.400390625,250430.076,26,943551.2520000001,34060.8908219178,27141.4208514452,6919.469970472601,419.1684383561369,5464160.0,7441789.840932639,7260365.751836749,-181424.08909589014,1.3287249553155012,0.7333465919264542,8,
2018-11-28,9710.0,9815.0,22177.01953125,155391.072,16,1533873.164,54086.28734246598,43098.658068844015,10987.629273621964,320.7488219177758,4181190.0,7484888.499001484,7344569.465741211,-140319.03326027383,1.7565739575913102,0.9654954191225298,8,
2018-11-29,9975.0,9860.0,22262.599609375,49884.97499999999,5,1276544.6400000001,55216.77287671249,43999.48546680834,11217.287409904142,229.18421917813248,2987580.0,7528887.984468292,7366172.659112128,-162715.32535616422,2.465598464011718,1.339906221006955,8,
2018-11-30,9895.0,9965.0,22351.060546875,39587.916,4,158288.336,2873.1149589041343,2289.4416550027595,583.6733039013749,222.45156164382934,2899815.0,7531177.426123295,7396301.954246582,-134875.4718767122,2.5506116611737584,1.3897820227738202,8,
2018-12-03,10185.0,10160.0,22574.759765625,40748.148,4,173110.37099999998,7067.603287671231,5631.8196797808205,1435.7836078904104,216.67243835612317,2824480.0,7536809.245803076,7451676.721200336,-85132.5246027396,2.6382472955022997,1.4438768366558061,8,
2018-12-04,10125.0,9680.0,22036.05078125,20254.05,2,91106.775,1616.2075616438483,1287.8749954959007,328.3325661479478,201.23791780823376,2623280.0,7538097.120798571,7320799.875716379,-217297.24508219166,2.790704719174613,1.5040357707275558,8,
2018-12-05,9395.0,9555.0,21919.330078125,291303.24899999995,31,0.0,0.0,0.0,0.0,221.36186301367707,2885610.0,7538097.120798571,7291605.264853366,-246491.8559452053,2.52688522179136,1.357110276131617,8,
2018-12-06,9445.0,9200.0,21501.619140625,472344.44999999995,50,292736.44100000005,1410.4694246576316,1123.9325610384337,286.53686361919785,226.54684931505471,2953200.0,7539221.05335961,7179074.1721404325,-360146.881219178,2.4309475051267886,1.2873909233784535,8,
2018-12-07,9305.0,9345.0,21678.6796875,707321.4359999999,76,0.0,0.0,0.0,0.0,284.6000547944859,3709965.0,7539221.05335961,7228233.136085638,-310987.9172739723,1.9483291988160638,1.0379605303046417,8,
2018-12-10,9000.0,8960.0,21219.5,648129.6,72,0.0,0.0,0.0,0.0,322.3636164383788,4202240.0,7539221.05335961,7072056.1724692,-467164.8808904106,1.6829253380266713,0.879125873719441,8,
2018-12-11,9000.0,8895.0,21148.01953125,738147.6,82,0.0,0.0,0.0,0.0,375.97824657536694,4901145.0,7539221.05335961,7032437.594222624,-506783.4591369859,1.434856057966582,0.7456019675169033,8,
2018-12-12,9070.0,9285.0,21602.75,734816.934,81,0.0,0.0,0.0,0.0,450.1571506849141,5868120.0,7539221.05335961,7264145.50307194,-275075.55028767086,1.2378999582612387,0.6621475202934267,8,
2018-12-13,9400.0,9445.0,21816.189453125,545309.0399999999,58,2208558.2,87142.11010958927,69439.1904408262,17702.91966876306,329.6693150685169,4297475.0,7608660.243800436,7338717.074088108,-269943.16971232835,1.70768115558278,0.9011479760500697,8,
2018-12-14,9340.0,9070.0,21374.830078125,270914.172,29,709698.032,2108.817808219314,1680.4114704795604,428.4063377397536,283.8785753424454,3700560.0,7610340.6552709155,7179873.6491750255,-430467.00609589013,1.9402127378491432,1.0029359818727785,8,
2018-12-17,9080.0,9190.0,21506.880859375,644808.9359999999,71,0.0,0.0,0.0,0.0,337.68843835615553,4402010.0,7610340.6552709155,7236177.024736669,-374163.6305342463,1.6438347538366949,0.8558341449025372,8,
2018-12-18,8930.0,8860.0,21115.44921875,446589.3,50,0.0,0.0,0.0,0.0,359.54608219180955,4686940.0,7610340.6552709155,7074158.178654478,-536182.4766164379,1.5093340598886433,0.7691611311512487,8,
2018-12-19,8830.0,8750.0,20987.919921875,671214.216,76,0.0,0.0,0.0,0.0,406.09589041097206,5293750.0,7610340.6552709155,7009347.866764067,-600992.788506849,1.3240798803804612,0.6686745056448099,8,
2018-12-20,8550.0,8225.0,20392.580078125,726895.35,85,0.0,0.0,0.0,0.0,435.3616438356112,5675250.0,7610340.6552709155,6663517.155120231,-946823.5001506845,1.1741363208881073,0.5627117027390055,8,
2018-12-21,8160.0,8065.0,20166.189453125,750870.144,92,0.0,0.0,0.0,0.0,483.81161643835367,6306830.0,7610340.6552709155,6543743.199503792,-1066597.455767123,1.0375645450255981,0.4872926373053759,8,margin_warning
2018-12-25,7465.0,7240.0,19155.740234375,754115.793,101,0.0,0.0,0.0,0.0,490.41578082193155,6392920.0,7610340.6552709155,5875226.990722971,-1735113.6645479447,0.9190208841535591,0.3760824786130627,8,margin_warning
2018-12-26,7470.0,7400.0,19327.060546875,747149.4,100,0.0,0.0,0.0,0.0,558.020821917773,7274200.0,7610340.6552709155,6008799.569901053,-1601541.0853698628,0.8260426672212825,0.3488053335804879,8,margin_warning
2018-12-27,7990.0,7965.0,20077.619140625,0.0,0,0.0,0.0,0.0,0.0,600.6264657534484,7829595.0,7610340.6552709155,6563593.943435299,-1046746.7118356162,0.8383056778077664,0.39484462537330184,6,margin_warning
2018-12-28,7900.0,7910.0,20014.76953125,0.0,0,1587582.42,86024.21620547952,68548.39668333635,17475.819522143163,474.51331506847055,6185620.0,7678889.051954252,6489251.030598088,-1189638.0213561638,1.049086596104851,0.4737814256682302,6,margin_warning
2019-01-04,7450.0,7530.0,19561.9609375,0.0,0,0.0,0.0,0.0,0.0,451.71747945199604,5888460.0,7678889.051954252,6191639.313118636,-1487249.7388356158,1.0514870293962488,0.4470724819873132,6,margin_warning
2019-01-07,8020.0,7925.0,20038.970703125,0.0,0,0.0,0.0,0.0,0.0,475.41315068496624,6197350.0,7678889.051954252,6500053.899967951,-1178835.1519863012,1.048844086580224,0.47447822068814,6,margin_warning
2019-01-08,8050.0,8085.0,20204.0390625,0.0,0,0.0,0.0,0.0,0.0,485.0113972602703,6322470.0,7678889.051954252,6624688.8885706905,-1054200.1633835614,1.047800762766876,0.48472473229404395,6,margin_warning
2019-01-09,8190.0,8240.0,20427.060546875,0.0,0,0.0,0.0,0.0,0.0,494.30969863012433,6443680.0,7678889.051954252,6745404.57887206,-933484.4730821912,1.0468248856045086,0.49426398560913387,6,margin_warning
2019-01-10,8115.0,8025.0,20163.80078125,0.0,0,0.0,0.0,0.0,0.0,481.4120547945786,6275550.0,7678889.051954252,6576793.166817266,-1102095.885136986,1.0480026717685726,0.4805612471704112,6,margin_warning
2019-01-11,8140.0,8190.0,20359.69921875,0.0,0,0.0,0.0,0.0,0.0,491.3102465753618,6404580.0,7678889.051954252,6705331.856570691,-973557.1953835611,1.0469588726459331,0.4908727058116416,6,margin_warning
2019-01-15,8065.0,8330.0,20555.2890625,0.0,0,0.0,0.0,0.0,0.0,499.70871232866193,6514060.0,7678889.051954252,6814312.147858362,-864576.9040958901,1.0460929355668143,0.49927604240097057,6,margin_warning
2019-01-16,8360.0,8250.0,20442.75,0.0,0,0.0,0.0,0.0,0.0,494.90958904111176,6451500.0,7678889.051954252,6751257.238269321,-927631.813684931,1.0464631850374828,0.4942671127000518,6,margin_warning
2019-01-17,8330.0,8215.0,20402.26953125,0.0,0,0.0,0.0,0.0,0.0,492.8099726027285,6424130.0,7678889.051954252,6723394.428296718,-955494.6236575339,1.0465844290661488,0.49195901353789206,6,margin_warning
2019-01-18,8285.0,8440.0,20666.0703125,0.0,0,0.0,0.0,0.0,0.0,506.3075068493199,6600080.0,7678889.051954252,6898838.120789869,-780050.9311643832,1.045265833261092,0.505349335557369,6,
2019-01-21,8600.0,8465.0,20719.330078125,0.0,0,791041.76,39326.052821917845,31336.965191145235,7989.08763077261,448.0652054794191,5840850.0,7710226.017145397,6922212.7279536165,-788013.2891917804,1.185137904235448,0.5682300575707013,6,
2019-01-22,8520.0,8375.0,20622.91015625,0.0,0,0.0,0.0,0.0,0.0,443.3013698630384,5778750.0,7710226.017145397,6859669.426583754,-850556.5905616435,1.1870507335641365,0.5634367171139268,6,
2019-01-23,8260.0,8370.0,20593.720703125,0.0,0,0.0,0.0,0.0,0.0,443.03671232878696,5775300.0,7710226.017145397,6855776.389871425,-854449.6272739723,1.1870857600248341,0.5630225019648238,6,
2019-01-24,8315.0,8365.0,20574.630859375,0.0,0,0.0,0.0,0.0,0.0,442.7720547944773,5771850.0,7710226.017145397,6851883.617816631,-858342.3993287666,1.187120874211324,0.5626078833455233,6,
2019-01-25,8380.0,8530.0,20773.560546875,0.0,0,0.0,0.0,0.0,0.0,451.5057534246298,5885700.0,7710226.017145397,6965282.112063206,-744943.9050821915,1.183424590458774,0.5709151502762643,6,
2019-01-28,8505.0,8410.0,20649.0,0.0,0,0.0,0.0,0.0,0.0,445.1539726027404,5802900.0,7710226.017145397,6882036.958090603,-828189.0590547943,1.185965113665685,0.5646392307356327,6,
2019-01-29,8330.0,8425.0,20664.640625,0.0,0,0.0,0.0,0.0,0.0,445.94794520549476,5813250.0,7710226.017145397,6891941.010145398,-818285.0069999996,1.185557306179056,0.5652609291094297,6,
2019-01-30,8460.0,8350.0,20556.5390625,0.0,0,0.0,0.0,0.0,0.0,441.97808219178114,5761500.0,7710226.017145397,6839749.032063206,-870476.9850821913,1.1871472762411188,0.5612026624977885,6,
2019-01-31,8575.0,8520.0,20773.490234375,0.0,0,0.0,0.0,0.0,0.0,450.9764383561269,5878800.0,7710226.017145397,6956598.05562485,-753627.9615205475,1.18333640464463,0.5698045837763313,6,
2019-02-01,8530.0,8510.0,20788.390625,0.0,0,0.0,0.0,0.0,0.0,450.4471232876822,5871900.0,7710226.017145397,6949247.608501562,-760978.4086438351,1.1834751287490526,0.5691456415909196,6,
2019-02-04,8545.0,8595.0,20883.76953125,0.0,0,0.0,0.0,0.0,0.0,454.9463013698987,5930550.0,7710226.017145397,7007442.662200192,-702783.354945205,1.1815839445245706,0.5732531384534286,6,
2019-02-05,8665.0,8555.0,20844.44921875,0.0,0,0.0,0.0,0.0,0.0,452.829041095858,5902950.0,7710226.017145397,6979389.833159097,-730836.1839863011,1.1823562512233876,0.5711044040984237,6,
2019-02-06,8640.0,8590.0,20874.060546875,0.0,0,0.0,0.0,0.0,0.0,454.68164383558906,5927100.0,7710226.017145397,7003085.15151526,-707140.8656301367,1.1815365273937104,0.5726985167932239,6,
2019-02-07,8610.0,8495.0,20751.279296875,0.0,0,0.0,0.0,0.0,0.0,449.6531506849569,5861550.0,7710226.017145397,6937085.498364575,-773140.5187808216,1.1834899469192577,0.5677665587743427,6,
2019-02-08,8295.0,8150.0,20333.169921875,0.0,0,0.0,0.0,0.0,0.0,431.39178082189756,5623500.0,7710226.017145397,6698604.106583754,-1011621.9105616435,1.191180600441674,0.5493161356845566,6,
2019-02-12,8240.0,8575.0,20864.2109375,0.0,0,0.0,0.0,0.0,0.0,453.8876712328929,5916750.0,7710226.017145397,6991400.21891252,-718825.7982328763,1.1816284647674011,0.5714998121738519,6,
2019-02-13,8710.0,8810.0,21144.48046875,0.0,0,0.0,0.0,0.0,0.0,466.32657534244936,6078900.0,7710226.017145397,7153083.892337179,-557142.1248082187,1.1767069523001166,0.5827763017205341,6,
2019-02-14,8810.0,8800.0,21139.7109375,0.0,0,748700.23,20030.475890410962,15961.284713273975,4069.191177136987,408.4164383561292,5324000.0,7726187.301858671,7142406.514721685,-583780.7871369862,1.3415489321415637,0.6595647240016327,6,
2019-02-15,8680.0,8595.0,20900.630859375,0.0,0,0.0,0.0,0.0,0.0,398.9021917808568,5199975.0,7726187.301858671,7017982.612529905,-708204.6893287667,1.3496185294217578,0.6512915516326774,6,
2019-02-18,8900.0,8920.0,21281.849609375,0.0,0,0.0,0.0,0.0,0.0,413.9857534246403,5396600.0,7726187.301858671,7214193.626776479,-511993.67508219136,1.3368034738124892,0.6638433114728315,6,
2019-02-19,8895.0,8940.0,21302.650390625,0.0,0,0.0,0.0,0.0,0.0,414.9139726026915,5408700.0,7726187.301858671,7225878.712803877,-500308.58905479417,1.3359732861508082,0.664441915201264,6,
2019-02-20,8975.0,9035.0,21431.490234375,0.0,0,0.0,0.0,0.0,0.0,419.323013698624,5466175.0,7726187.301858671,7282934.389790178,-443252.9120684928,1.332363927205071,0.6678167714574962,6,
2019-02-21,9015.0,9075.0,21464.23046875,0.0,0,685002.9720000001,11892.999506849368,9476.936657032918,2416.062849816449,368.27095890411874,4800675.0,7735664.238515704,7299653.027981457,-436011.21053424623,1.520547220543248,0.7613222533179618,6,
2019-02-22,8995.0,9040.0,21425.509765625,0.0,0,449660.05000000005,1754.750000000058,1398.2725375000462,356.47746250001177,332.1766575341753,4330160.0,7737062.511053205,7278109.423861424,-458953.08719178045,1.6807945719930497,0.838590300974938,13,
2019-02-25,9150.0,9135.0,21528.23046875,0.0,0,0.0,0.0,0.0,0.0,335.66745205476764,4375665.0,7737062.511053205,7323278.756409369,-413783.75464383524,1.673637894219363,0.8401154665097826,13,
2019-02-26,9150.0,9050.0,21449.390625,0.0,0,0.0,0.0,0.0,0.0,332.5441095890419,4334950.0,7737062.511053205,7282231.21229978,-454831.2987534244,1.6798881676374076,0.8384603639133899,13,
2019-02-27,9110.0,9170.0,21556.509765625,0.0,0,0.0,0.0,0.0,0.0,336.95353424656787,4392430.0,7737062.511053205,7339374.258765534,-397688.25228767097,1.6709143364300703,0.840420871243903,13,
2019-02-28,9150.0,8990.0,21385.16015625,0.0,0,0.0,0.0,0.0,0.0,330.33939726030803,4306210.0,7737062.511053205,7252823.919368274,-484238.5916849312,1.684270836621594,0.8370723138637772,13,
2019-03-01,9100.0,9205.0,21602.689453125,0.0,0,0.0,0.0,0.0,0.0,338.2396164383681,4409195.0,7737062.511053205,7355470.679751835,-381591.8313013695,1.6682116984510404,0.8407243701969316,13,
2019-03-04,9375.0,9395.0,21822.0390625,0.0,0,0.0,0.0,0.0,0.0,345.22120547949453,4500205.0,7737062.511053205,7446135.458546355,-290927.0525068489,1.6546213913691388,0.843792059926048,13,
2019-03-05,9295.0,9290.0,21726.279296875,0.0,0,659813.0109999999,12736.801849315138,10149.320553626767,2587.48129568837,290.76427397259977,3790320.0,7747211.831606831,7393185.223976695,-354026.60763013683,1.9505438126534687,0.9844180560867029,13,
2019-03-06,9255.0,9205.0,21596.810546875,0.0,0,0.0,0.0,0.0,0.0,288.1038904109737,3755640.0,7747211.831606831,7358217.120086283,-388994.71152054775,1.959244528252517,0.9841207460155204,13,
2019-03-07,9075.0,9060.0,21456.009765625,0.0,0,0.0,0.0,0.0,0.0,283.5655890410417,3696480.0,7747211.831606831,7298773.554497243,-448438.2771095888,1.9745199634509703,0.9837131831871531,13,
2019-03-08,8945.0,8700.0,21025.560546875,0.0,0,0.0,0.0,0.0,0.0,272.298082191759,3549600.0,7747211.831606831,7151621.2564150505,-595590.5751917807,2.014768215127071,0.9828858212821904,13,
2019-03-11,8740.0,8770.0,21125.08984375,43708.74,5,0.0,0.0,0.0,0.0,277.8528219178261,3622010.0,7747211.831606831,7180044.663593133,-567167.1680136984,1.9823370624578984,0.9710070004167377,13,
2019-03-12,9035.0,9135.0,21503.689453125,45184.035,5,0.0,0.0,0.0,0.0,292.9206575342105,3818430.0,7747211.831606831,7330987.707935599,-416224.12367123255,1.9198957969468076,0.9605118305859633,13,
2019-03-13,9045.0,8890.0,21290.240234375,9046.809,1,45215.955,1500.347328767127,1195.551768928085,304.79555983904186,282.336657534237,3680460.0,7748407.383375759,7228599.721718226,-519807.66165753396,1.9640478966537405,0.968214983741349,13,
2019-03-14,9090.0,8955.0,21287.01953125,18183.636,2,0.0,0.0,0.0,0.0,285.774904109654,3725280.0,7748407.383375759,7254950.310814115,-493457.0725616437,1.9474912787264622,0.9635628283652413,13,
2019-03-15,9005.0,9070.0,21450.849609375,9006.801,1,0.0,0.0,0.0,0.0,290.14060273973155,3782190.0,7748407.383375759,7302563.369211376,-445844.01416438335,1.9307764467706212,0.9615762960208204,13,
2019-03-18,9170.0,9155.0,21584.5,0.0,0,0.0,0.0,0.0,0.0,292.85967123287264,3817635.0,7748407.383375759,7337715.509540143,-410691.8738356162,1.9220578996001827,0.9617796179321807,13,
2019-03-19,9165.0,9150.0,21566.849609375,0.0,0,9163.167,154.96791780821917,123.48618530547944,31.481732502739725,291.9978082192538,3806400.0,7748530.869561065,7335320.196999421,-413210.67256164365,1.9271017751679858,0.9638717038245512,13,
2019-03-20,9135.0,9175.0,21608.919921875,0.0,0,0.0,0.0,0.0,0.0,292.7956164384086,3816800.0,7748530.869561065,7345427.401382983,-403103.46817808185,1.9244988999641015,0.9638167213909283,13,
2019-03-22,9190.0,9145.0,21627.33984375,0.0,0,55128.971999999994,869.5875616438308,692.9308484958866,176.65671314794423,287.62904109590454,3749450.0,7749223.80040956,7332742.087628738,-416481.7127808217,1.95568472379382,0.9774375259965891,13,
2019-03-25,8795.0,8615.0,20977.109375,0.0,0,0.0,0.0,0.0,0.0,270.95945205472526,3532150.0,7749223.80040956,7115171.128176684,-634052.6722328766,2.014402312522595,0.9758960443196925,13,
2019-03-26,8805.0,9035.0,21428.390625,44033.805,5,0.0,0.0,0.0,0.0,287.63479452053434,3749525.0,7749223.80040956,7288224.688382163,-460999.11202739703,1.94377279478925,0.9653961870782996,13,
2019-03-27,9100.0,9080.0,21378.73046875,0.0,0,45490.9,1453.6295205479464,1158.324683448631,295.3048370993153,285.58465753425844,3722800.0,7750382.125093009,7306409.69888753,-443972.4262054792,1.9626113943503625,0.9767440997856572,13,
2019-03-28,8960.0,8830.0,21033.759765625,0.0,0,0.0,0.0,0.0,0.0,277.7216438356263,3620300.0,7750382.125093009,7203631.9772436945,-546750.147849315,1.9897886852591482,0.9759322408072186,13,
2019-03-29,9015.0,8960.0,21205.810546875,36067.212,4,0.0,0.0,0.0,0.0,284.5597808219609,3709440.0,7750382.125093009,7256420.205462873,-493961.9196301367,1.9562036872042339,0.9666340902758178,13,
2019-04-01,9260.0,9225.0,21509.029296875,18523.703999999998,2,0.0,0.0,0.0,0.0,294.3912328767183,3837600.0,7750382.125093009,7365762.110229996,-384620.01486301346,1.919366820468521,0.96276805122133,13,
2019-04-02,9425.0,9255.0,21505.310546875,0.0,0,56538.69,2265.6314794520554,1805.3684444013702,460.26303505068506,291.0887671232922,3794550.0,7752187.49353741,7378499.4484278215,-373688.0451095889,1.944499202389696,0.9763738233303626,13,
2019-04-03,9270.0,9390.0,21713.2109375,0.0,0,0.0,0.0,0.0,0.0,295.334794520546,3849900.0,7752187.49353741,7433554.113633301,-318633.3799041094,1.9308434280457418,0.9765600721393245,13,
2019-04-04,9405.0,9400.0,21724.94921875,0.0,0,0.0,0.0,0.0,0.0,295.64931506849825,3854000.0,7752187.49353741,7437358.464318233,-314829.02921917784,1.9297764567509685,0.976431583575259,13,
2019-04-05,9425.0,9485.0,21807.5,0.0,0,18846.23,316.8078630137003,252.44834564246707,64.35951737123321,296.8675068492885,3869880.0,7752439.941883053,7471723.467294012,-280716.47458904085,1.9307377663633012,0.9811463535574657,13,
2019-04-08,9570.0,9445.0,21761.650390625,0.0,0,277474.494,5149.177232876698,4103.121878017797,1046.0553548589012,274.6036712329078,3579655.0,7756543.06376107,7457652.30226792,-298890.76149315044,2.083343870364021,1.0552479791417788,13,
2019-04-09,9445.0,9450.0,21802.58984375,0.0,0,0.0,0.0,0.0,0.0,274.7490410958417,3581550.0,7756543.06376107,7459272.553226824,-297270.5105342464,2.0826939602202463,1.055065322749249,13,
2019-04-10,9280.0,9365.0,21687.5703125,0.0,0,0.0,0.0,0.0,0.0,272.2777534246561,3549335.0,7756543.06376107,7426785.275473399,-329757.78828767093,2.092444155165235,1.0554116901294817,13,
2019-04-11,9355.0,9395.0,21711.380859375,0.0,0,0.0,0.0,0.0,0.0,273.14997260278324,3560705.0,7756543.06376107,7437882.125500796,-318660.9382602736,2.088879063416036,1.0550813255353977,13,
2019-04-12,9480.0,9535.0,21870.560546875,0.0,0,0.0,0.0,0.0,0.0,277.22032876711455,3613765.0,7756543.06376107,7490664.9051720295,-265878.1585890408,2.072814614445607,1.0541191556681142,13,
2019-04-15,9725.0,9805.0,22169.109375,0.0,0,563937.1900000001,15553.873506849455,12394.104103932988,3159.769402916467,241.44476712329197,3147405.0,7768937.167865003,7584840.88100199,-184096.28686301355,2.409871268871337,1.2352142695773092,13,
2019-04-16,9770.0,9850.0,22221.66015625,0.0,0,488402.3,13194.773287671269,10514.25509428085,2680.518193390418,204.7720547945064,2669350.0,7779451.422959285,7592302.890753806,-187148.53220547934,2.844251555904548,1.4542049684561111,13,
2019-04-17,9875.0,9895.0,22277.970703125,0.0,0,0.0,0.0,0.0,0.0,205.70756164379418,2681545.0,7779451.422959285,7604292.183192162,-175159.23976712316,2.835787645999661,1.4519859325221216,13,
2019-04-18,9900.0,9720.0,22090.119140625,0.0,0,0.0,0.0,0.0,0.0,202.06947945203865,2634120.0,7779451.422959285,7556665.113712709,-222786.30924657526,2.868762665980559,1.4599701146743989,13,
2019-04-19,9860.0,9825.0,22200.560546875,0.0,0,0.0,0.0,0.0,0.0,204.25232876715017,2662575.0,7779451.422959285,7584915.861383943,-194535.56157534235,2.848714444244366,1.4549009788676728,13,
2019-04-22,9830.0,9855.0,22217.900390625,0.0,0,0.0,0.0,0.0,0.0,204.8760000000184,2670705.0,7779451.422959285,7592840.985383943,-186610.43757534234,2.8430099862710194,1.4533627719304807,13,
2019-04-23,9870.0,9875.0,22259.740234375,0.0,0,0.0,0.0,0.0,0.0,205.29178082189173,2676125.0,7779451.422959285,7598055.693603121,-181395.72935616426,2.839200595489045,1.4522911441905555,13,
2019-04-24,9960.0,9820.0,22200.0,0.0,0,0.0,0.0,0.0,0.0,204.14838356160908,2661220.0,7779451.422959285,7582946.545219559,-196504.8777397259,2.8494249048254408,1.454670918405779,13,
2019-04-25,9820.0,9935.0,22307.580078125,9821.964,1,0.0,0.0,0.0,0.0,207.30126027399092,2702320.0,7779451.422959285,7614017.279959285,-165434.1429999999,2.8175853636724315,1.4439676925601999,13,
2019-04-26,9795.0,9870.0,22258.73046875,0.0,0,0.0,0.0,0.0,0.0,205.94498630135786,2684640.0,7779451.422959285,7596131.334972983,-183320.08798630122,2.829478565086188,1.4467380672964256,13,
2019-05-07,9770.0,9575.0,21923.720703125,39087.816,4,0.0,0.0,0.0,0.0,202.7276712328894,2642700.0,7779451.422959285,7514900.791301751,-264550.63165753416,2.843645056685114,1.4388835712128543,14,
2019-05-08,9295.0,9290.0,21602.58984375,92968.59,10,0.0,0.0,0.0,0.0,203.82005479454529,2656940.0,7779451.422959285,7435968.381246956,-343483.0417123286,2.798696388042995,1.4013870781931925,14,
2019-05-09,9210.0,9125.0,21402.130859375,138177.63,15,0.0,0.0,0.0,0.0,210.70000000001164,2746625.0,7779451.422959285,7387265.051246956,-392186.37171232863,2.689579047466238,1.3378190883482897,14,
2019-05-10,9125.0,9090.0,21344.919921875,164282.84999999998,18,0.0,0.0,0.0,0.0,222.4435068492603,2899710.0,7779451.422959285,7375844.757740107,-403606.66521917784,2.5436491089592086,1.263176185384374,14,
2019-05-13,8940.0,8955.0,21191.279296875,169893.972,19,0.0,0.0,0.0,0.0,232.19210958911572,3026790.0,7779451.422959285,7332798.593630518,-446652.8293287669,2.422632093283815,1.1958432069293687,14,
2019-05-14,8650.0,8925.0,21067.23046875,77865.56999999999,9,0.0,0.0,0.0,0.0,237.57616438358673,3096975.0,7779451.422959285,7324880.447466134,-454570.9754931506,2.3651726111661007,1.166109038004174,13,
2019-05-15,8960.0,8950.0,21188.560546875,71694.336,8,80623.872,2752.1400821917914,2193.0428244945288,559.0972576972624,237.55506849309313,3096700.0,7781644.465783779,7332738.331139943,-448906.1346438355,2.367920150850887,1.1677846502716125,13,
2019-05-16,8905.0,8825.0,21062.98046875,71254.24799999999,8,0.0,0.0,0.0,0.0,239.65315068492782,3124050.0,7781644.465783779,7288594.429989258,-493050.0357945204,2.333059467674736,1.143354034728872,13,
2019-05-17,8995.0,9000.0,21250.08984375,71974.39199999999,8,0.0,0.0,0.0,0.0,249.9287671232887,3258000.0,7781644.465783779,7350320.109222135,-431324.35656164365,2.2560835203260083,1.115215138938148,13,
2019-05-20,9035.0,9050.0,21301.73046875,45184.035,5,0.0,0.0,0.0,0.0,254.78849315067055,3321350.0,7781644.465783779,7368231.2857289845,-413413.18005479436,2.2184446943950453,1.0992600330209656,13,
2019-05-21,8950.0,9000.0,21272.44921875,143228.63999999998,16,0.0,0.0,0.0,0.0,264.42739726029686,3447000.0,7781644.465783779,7350388.218331724,-431256.24745205464,2.132401571897802,1.0539367031852813,14,
2019-05-22,9100.0,9020.0,21283.369140625,154730.94,17,0.0,0.0,0.0,0.0,276.7780821917695,3608000.0,7781644.465783779,7356380.500249532,-425263.96553424635,2.038908120911733,1.0084909422714192,14,
2019-05-23,8930.0,8895.0,21151.140625,151840.362,17,0.0,0.0,0.0,0.0,284.54252054789686,3709215.0,7781644.465783779,7305470.595728984,-476173.8700547943,1.969546277508579,0.9671698385437847,14,
2019-05-24,8720.0,8865.0,21117.220703125,156991.39200000002,18,0.0,0.0,0.0,0.0,295.82383561643655,3856275.0,7781644.465783779,7295243.379893368,-486401.08589041093,1.8917850464226147,0.9275577683134506,14,
2019-05-27,8920.0,8930.0,21182.580078125,160592.112,18,160527.888,3524.2550136986147,2808.302607665741,715.9524060328736,297.9928767122328,3884550.0,7784452.768391445,7322440.2106106235,-462012.5577808217,1.8850163366697876,0.9268235486297759,14,
2019-05-28,8945.0,8980.0,21260.140625,44733.94500000001,5,0.0,0.0,0.0,0.0,303.1057534245774,3951200.0,7784452.768391445,7344053.159857199,-440399.6085342464,1.8586892994171893,0.9165828759169232,13,
2019-05-29,8810.0,8775.0,21003.369140625,26435.286,3,0.0,0.0,0.0,0.0,298.20575342458324,3887325.0,7784452.768391445,7253444.668103774,-531008.1002876711,1.8659218532290904,0.9082583940926207,13,
2019-05-30,8680.0,8710.0,20942.529296875,60772.151999999995,7,0.0,0.0,0.0,0.0,300.67397260281723,3919500.0,7784452.768391445,7224546.842131171,-559905.9262602739,1.8432317494913053,0.8933529944816663,13,
2019-05-31,8595.0,8425.0,20601.189453125,60177.032999999996,7,0.0,0.0,0.0,0.0,295.35972602741094,3850225.0,7784452.768391445,7094799.449405144,-689653.3189863013,1.8426973616879907,0.8756512436075388,13,
2019-06-03,8210.0,8260.0,20410.880859375,73904.77799999999,9,0.0,0.0,0.0,0.0,295.2780273972021,3849160.0,7784452.768391445,7019534.393377747,-764918.3750136984,1.8236535746442724,0.856263178294496,13,
2019-06-04,8300.0,8275.0,20408.5390625,33206.64,4,0.0,0.0,0.0,0.0,298.35342465748545,3889250.0,7784452.768391445,7026119.39995309,-758333.3684383557,1.8065486661832204,0.8490533209525559,6,
2019-06-05,8550.0,8575.0,20776.099609375,34206.84,4,0.0,0.0,0.0,0.0,311.801095890376,4064550.0,7784452.768391445,7166900.758857199,-617552.0095342463,1.7632704134177706,0.8469941780327334,6,
2019-06-06,8555.0,8580.0,20774.0390625,8556.711,1,111192.75700000001,4058.8323698630356,3234.28057392536,824.5517959376756,304.0846027396328,3963960.0,7787687.04896537,7167818.168458521,-619868.8805068491,1.8082468461988823,0.867618411626673,6,
2019-06-07,8655.0,8680.0,20884.7109375,8656.731,1,0.0,0.0,0.0,0.0,308.29457534241374,4018840.0,7787687.04896537,7213733.142883179,-573953.9060821915,1.7949789349372403,0.8671187105734446,6,
2019-06-10,8860.0,8865.0,21134.419921875,0.0,0,0.0,0.0,0.0,0.0,314.86536986302235,4104495.0,7787687.04896537,7299073.277513316,-488613.77145205456,1.7783121376718247,0.8697383303089066,6,
2019-06-11,8835.0,8935.0,21204.279296875,79530.90299999999,9,176664.66000000003,4212.444945205497,3356.6867545870005,855.7581906184967,309.81194520549616,4038620.0,7791043.735719956,7329166.464377491,-461877.2713424654,1.814770011632065,0.8902564633550618,14,
2019-06-12,8885.0,8885.0,21129.720703125,71094.216,8,0.0,0.0,0.0,0.0,313.53095890406985,4087100.0,7791043.735719956,7306238.717418587,-484805.0183013696,1.7876339500914062,0.8740100022307289,14,
2019-06-13,8810.0,8770.0,21032.0,88117.62000000001,10,0.0,0.0,0.0,0.0,316.2005479452491,4121900.0,7791043.735719956,7252604.896870642,-538438.8388493148,1.7595295608507344,0.8535423612948693,14,
2019-06-14,8795.0,8850.0,21116.890625,105561.10800000001,12,0.0,0.0,0.0,0.0,327.23178082189406,4265700.0,7791043.735719956,7290516.55708982,-500527.1786301367,1.7091020364980705,0.8335796440114582,14,
2019-06-17,8825.0,8870.0,21124.0,97094.415,11,0.0,0.0,0.0,0.0,335.4561095889949,4372910.0,7791043.735719956,7300296.685980231,-490747.0497397259,1.6694367562973467,0.8153027069481191,14,
2019-06-18,8845.0,8725.0,20972.7109375,0.0,0,0.0,0.0,0.0,0.0,329.972328767064,4301425.0,7791043.735719956,7228481.713651463,-562562.0220684928,1.6804853539586215,0.8120798143831324,6,
2019-06-19,8995.0,9045.0,21333.869140625,0.0,0,0.0,0.0,0.0,0.0,342.0744657535397,4459185.0,7791043.735719956,7385899.63918571,-405144.0965342464,1.6563339801299364,0.8185747545014298,6,
2019-06-20,9110.0,9145.0,21462.859375,0.0,0,482733.43399999995,14703.266547945197,11716.29794873013,2986.9685992150667,308.6750684931758,4023800.0,7802760.033668688,7429952.429518003,-372807.60415068484,1.8465014239072526,0.9143638141476494,6,
2019-06-21,9165.0,8960.0,21258.640625,0.0,0,833848.1969999999,19173.336246575305,15278.272988083527,3895.0632584917726,239.88252054803888,3127040.0,7818038.30665677,7362905.680738962,-455132.62591780804,2.3545927396959945,1.1489322643206192,6,
2019-06-24,8935.0,8990.0,21285.990234375,0.0,0,0.0,0.0,0.0,0.0,240.68569863017183,3137510.0,7818038.30665677,7373134.995040332,-444903.31161643815,2.349995695644104,1.1482818465674656,6,
2019-06-25,8950.0,8905.0,21193.810546875,62662.52999999999,7,0.0,0.0,0.0,0.0,243.1918904109043,3170180.0,7818038.30665677,7342899.273149922,-475139.0335068491,2.3162404889154313,1.1268340796557508,14,
2019-06-26,8835.0,8840.0,21086.58984375,70694.136,8,0.0,0.0,0.0,0.0,246.84186301377486,3217760.0,7818038.30665677,7319538.295286908,-498500.0113698629,2.2747309604466794,1.1028352154657401,14,
2019-06-27,8895.0,9045.0,21338.169921875,106761.348,12,0.0,0.0,0.0,0.0,260.89249315077905,3400920.0,7818038.30665677,7395676.054793756,-422362.2518630136,2.1746104156503994,1.0657515936660487,14,
2019-06-28,9005.0,8985.0,21275.919921875,63047.606999999996,7,72025.592,1320.4800000000055,1052.2244880000044,268.2555120000011,258.4726027396973,3369375.0,7819090.531144771,7372582.311679018,-446508.21946575324,2.1881156925777088,1.0684068155706203,14,
2019-07-01,9320.0,9405.0,21729.970703125,74574.912,8,0.0,0.0,0.0,0.0,276.32663013690035,3602115.0,7819090.531144771,7530471.07304888,-288619.4580958902,2.090569310821248,1.0431303967122052,14,
2019-07-02,9355.0,9390.0,21754.26953125,18713.742,2,832428.4810000003,24093.849493150792,19199.18396861721,4894.665524533583,213.21731506846845,2779440.0,7838289.715113388,7516402.929209279,-321886.78590410954,2.704286809288662,1.338075453438521,14,
2019-07-03,9355.0,9285.0,21638.16015625,18713.742,2,0.0,0.0,0.0,0.0,212.2576438356482,2766930.0,7838289.715113388,7484966.929565444,-353322.7855479451,2.705152255230687,1.332687195200996,14,
2019-07-04,9380.0,9345.0,21702.44921875,28145.628,3,0.0,0.0,0.0,0.0,215.77989041092223,2812845.0,7838289.715113388,7502520.521675033,-335769.193438356,2.667235671242117,1.317097100350951,14,
2019-07-05,9355.0,9375.0,21746.380859375,28070.612999999998,3,0.0,0.0,0.0,0.0,218.630136986234,2850000.0,7838289.715113388,7511386.278538046,-326903.4365753423,2.6355741328203672,1.3029603929693676,14,
2019-07-08,9325.0,9215.0,21534.349609375,18653.73,2,0.0,0.0,0.0,0.0,216.31265753414482,2819790.0,7838289.715113388,7462306.235880512,-375983.4792328765,2.646404957773633,1.2994374633031642,14,
2019-07-09,9270.0,9220.0,21565.150390625,64902.977999999996,7,0.0,0.0,0.0,0.0,221.38104109585402,2885860.0,7838289.715113388,7463251.876839416,-375037.83827397256,2.586144815354666,1.269938605672291,14,
2019-07-10,9210.0,9245.0,21533.48046875,64482.894,7,0.0,0.0,0.0,0.0,226.94575342454482,2958400.0,7838289.715113388,7471082.037085991,-367207.67802739714,2.525379271594778,1.2413697400819999,14,
2019-07-11,9240.0,9310.0,21643.529296875,64692.936,7,0.0,0.0,0.0,0.0,233.54071232871502,3044370.0,7838289.715113388,7492125.560373663,-346164.1547397258,2.4609773320501986,1.213150248371233,14,
2019-07-12,9365.0,9335.0,21685.900390625,56201.238,6,0.0,0.0,0.0,0.0,238.4644931507646,3108555.0,7838289.715113388,7499870.857880511,-338418.85723287676,2.4126550303534957,1.1905161898848915,14,
2019-07-16,9305.0,9220.0,21535.25,46534.30499999999,5,0.0,0.0,0.0,0.0,239.06323287665145,3116360.0,7838289.715113388,7460902.489647635,-377387.22546575335,2.3941080265590737,1.1749533504415008,14,
2019-07-17,9180.0,9165.0,21469.1796875,64272.852,7,0.0,0.0,0.0,0.0,242.5586301369476,3161925.0,7838289.715113388,7441952.079017498,-396337.63609589037,2.3536143580311037,1.1519516288089067,14,
2019-07-18,9045.0,8780.0,21046.240234375,81421.28099999999,9,0.0,0.0,0.0,0.0,238.43112328767893,3108120.0,7838289.715113388,7306487.366894211,-531802.348219178,2.35077389769192,1.1282323432412606,14,
2019-07-19,8885.0,9145.0,21466.990234375,151075.209,17,0.0,0.0,0.0,0.0,260.2692054795625,3392795.0,7838289.715113388,7439826.888688731,-398462.82642465725,2.1928312464174025,1.0727912424016388,14,
2019-07-22,9080.0,9080.0,21416.7890625,72654.52799999999,8,154329.12800000003,3241.9929178082425,2583.382056555498,658.6108612527445,252.1503561643185,3286960.0,7840873.097169943,7414755.727471313,-426117.36969862983,2.255809540569801,1.0986429584700388,14,
2019-07-23,9115.0,9275.0,21620.880859375,82051.407,9,0.0,0.0,0.0,0.0,263.96904109604657,3441025.0,7840873.097169943,7486505.351430217,-354367.74573972606,2.175661423974024,1.0702279447811296,14,
2019-07-24,9375.0,9330.0,21709.5703125,46884.375,5,159343.125,5231.003452054816,4168.32510076988,1062.6783512849358,256.94564383567194,3349470.0,7845041.422270713,7506089.477435097,-338951.9448356163,2.2409782674378627,1.1036902228112135,14,
2019-07-25,9415.0,9405.0,21756.55078125,37667.532,4,84718.053,2653.8009041095825,2114.6812504397208,539.1196536698617,255.40372602723073,3329370.0,7847156.103521153,7532245.4750554,-314910.62846575317,2.262363592828493,1.1173357372685047,14,
2019-07-26,9325.0,9300.0,21658.150390625,27980.595,3,195785.835,2198.870972602738,1752.170334518492,446.7006380842463,239.71068493140046,3124800.0,7848908.273855671,7494794.303732384,-354113.9701232876,2.3984876804059088,1.1777183597699346,14,
2019-07-29,9300.0,9250.0,21616.80078125,46509.3,5,0.0,0.0,0.0,0.0,241.96986301374272,3154250.0,7848908.273855671,7477493.03386937,-371415.2399863013,2.3706088717981677,1.1611606850703222,14,
2019-07-30,9325.0,9340.0,21709.310546875,55961.19,6,0.0,0.0,0.0,0.0,248.62312328768894,3240980.0,7848908.273855671,7508013.220746082,-340895.053109589,2.316587334925264,1.1394277825338288,14,
2019-07-31,9200.0,9205.0,21521.529296875,55211.04,6,0.0,0.0,0.0,0.0,249.266356164444,3249365.0,7848908.273855671,7460937.914389918,-387970.35946575325,2.2961218313085534,1.1219232317465597,14,
2019-08-01,9050.0,9195.0,21540.990234375,81466.29,9,0.0,0.0,0.0,0.0,255.34389041093527,3328590.0,7848908.273855671,7458441.280499507,-390466.9933561642,2.2407209300332895,1.0943931526992925,14,
2019-08-02,8825.0,8815.0,21087.16015625,88267.65,10,0.0,0.0,0.0,0.0,251.5535342466319,3279180.0,7848908.273855671,7320512.07696526,-528396.1968904109,2.232421543485036,1.0687444260683598,14,
2019-08-05,8680.0,8505.0,20720.2890625,147589.512,17,0.0,0.0,0.0,0.0,253.7985205478617,3308445.0,7848908.273855671,7201933.766444713,-646974.5074109586,2.176833456939654,1.023372985808665,14,
2019-08-06,8005.0,8385.0,20585.310546875,168138.62099999998,21,0.0,0.0,0.0,0.0,263.725479452085,3437850.0,7848908.273855671,7162936.419965261,-685971.8538904109,2.083551178778964,0.973431698903339,14,
2019-08-07,8370.0,8330.0,20516.560546875,50230.043999999994,6,175734.84600000002,7582.717109589076,6042.288128776056,1540.4289808130209,252.4104109586915,3290350.0,7854950.561984448,7139148.382573489,-715802.1794109587,2.1697230940700805,1.0074578695769525,5,
2019-08-08,8350.0,8420.0,20593.349609375,50110.020000000004,6,0.0,0.0,0.0,0.0,259.01304109589546,3376420.0,7854950.561984448,7174849.349532394,-680101.2124520544,2.124987220053309,0.9922731636112609,5,
2019-08-09,8535.0,8480.0,20684.8203125,51220.242,6,0.0,0.0,0.0,0.0,264.76186301361304,3451360.0,7854950.561984448,7198304.345669379,-656646.2163150682,2.085642861269001,0.9774469163907289,5,
2019-08-13,8280.0,8270.0,20455.439453125,49689.935999999994,6,0.0,0.0,0.0,0.0,262.0117260272964,3415510.0,7854950.561984448,7112502.397943352,-742448.1640410958,2.0824129918938468,0.9625084481972681,5,
2019-08-14,8470.0,8435.0,20655.130859375,50830.164,6,0.0,0.0,0.0,0.0,271.121698630217,3534265.0,7854950.561984448,7180156.1122447215,-674794.4497397258,2.0315839678815033,0.9492326756779673,5,
2019-08-15,8120.0,8235.0,20405.650390625,40608.119999999995,5,0.0,0.0,0.0,0.0,267.851835616515,3491640.0,7854950.561984448,7096655.140409105,-758295.4215753423,2.0324704552614548,0.9368293978857379,5,
2019-08-16,8175.0,8260.0,20418.810546875,49059.81,6,0.0,0.0,0.0,0.0,272.46684931515483,3551800.0,7854950.561984448,7107482.86355979,-747467.6984246575,2.001093210079337,0.9239332887930424,5,
2019-08-19,8410.0,8375.0,20563.16015625,50470.092000000004,6,0.0,0.0,0.0,0.0,280.1150684929744,3651500.0,7854950.561984448,7156432.656491297,-698517.9054931507,1.9598610588775291,0.9120350357382287,5,
2019-08-20,8410.0,8460.0,20677.220703125,50470.092000000004,6,42041.59,1423.9308219178095,1134.6592754452065,289.271546472603,283.6070136985509,3697020.0,7856085.221259892,7192951.275931125,-663133.9453287671,1.9456078884969854,0.9102214796247665,5,
2019-08-21,8310.0,8420.0,20618.5703125,8311.662,1,49850.028,778.667424657535,620.4811373383568,158.18628731917823,279.03649315072107,3637440.0,7856705.702397231,7174472.419150656,-682233.283246575,1.972396086024967,0.9197596259743325,5,
2019-08-22,8490.0,8420.0,20628.009765625,33966.792,4,0.0,0.0,0.0,0.0,281.62016438361024,3671120.0,7856705.702397231,7173904.006986272,-682801.6954109591,1.95414587564184,0.9110899184922608,5,
2019-08-23,8405.0,8500.0,20710.91015625,16813.362,2,0.0,0.0,0.0,0.0,285.60000000006403,3723000.0,7856705.702397231,7208685.044986272,-648020.6574109589,1.936257062848851,0.9076593767325569,5,
2019-08-26,8085.0,8130.0,20261.0390625,0.0,0,0.0,0.0,0.0,0.0,273.16800000006333,3560940.0,7856705.702397231,7046351.876986273,-810353.8254109587,1.9787898355451854,0.9033034882854832,5,
2019-08-27,8285.0,8265.0,20456.080078125,49719.941999999995,6,0.0,0.0,0.0,0.0,281.508164383471,3669660.0,7856705.702397231,7105070.426821888,-751635.2755753424,1.9361658646364754,0.8924659410535423,5,
2019-08-28,8290.0,8305.0,20479.419921875,41458.28999999999,5,0.0,0.0,0.0,0.0,286.0560547945497,3728945.0,7856705.702397231,7122611.080767094,-734094.6216301371,1.9100874592591455,0.8829041895595008,5,
2019-08-29,8310.0,8280.0,20460.9296875,24934.986,3,0.0,0.0,0.0,0.0,287.1004931506468,3742560.0,7856705.702397231,7111003.994273944,-745701.7081232874,1.9000374060199285,0.876514197808626,5,
2019-08-30,8455.0,8500.0,20704.369140625,25370.073000000004,3,0.0,0.0,0.0,0.0,296.68493150692666,3867500.0,7856705.702397231,7210277.236342437,-646428.4660547944,1.864325077270184,0.8737901831383678,5,
2019-09-02,8410.0,8420.0,20620.189453125,0.0,0,0.0,0.0,0.0,0.0,293.89260273976834,3831100.0,7856705.702397231,7173583.343739697,-683122.358657534,1.8724604796898272,0.872437615327754,5,
2019-09-03,8385.0,8420.0,20625.16015625,0.0,0,0.0,0.0,0.0,0.0,293.89260273976834,3831100.0,7856705.702397231,7173289.451136958,-683416.2512602735,1.8723837673610602,0.8722841906702197,5,
2019-09-04,8390.0,8455.0,20649.140625,0.0,0,0.0,0.0,0.0,0.0,295.1142465755984,3847025.0,7856705.702397231,7188919.336890382,-667786.3655068491,1.8686957680000473,0.8726594535734828,5,
2019-09-05,8555.0,8825.0,21085.939453125,0.0,0,0.0,0.0,0.0,0.0,308.02876712338184,4015375.0,7856705.702397231,7356961.308123259,-499744.39427397243,1.832197816672978,0.8778449526754738,5,
2019-09-06,8900.0,8880.0,21199.5703125,0.0,0,587282.52,33091.0010273972,26368.56416868145,6722.43685871574,264.98893150681397,3454320.0,7883074.266565912,7376201.402333036,-506872.8642328765,2.135355555458972,1.0163391871917349,5,
2019-09-09,8900.0,8995.0,21318.419921875,0.0,0,0.0,0.0,0.0,0.0,268.4206575342396,3499055.0,7883074.266565912,7420667.981675502,-462406.2848904109,2.1207634580409573,1.0159768679786643,5,
2019-09-10,9040.0,9060.0,21392.099609375,0.0,0,153649.26400000002,5784.624000000037,4609.477634400029,1175.1463656000076,258.5450958903821,3370320.0,7887683.7442003125,7444148.554214011,-443535.1899863012,2.2087364268716354,1.059957613291232,5,
2019-09-11,9120.0,9225.0,21597.759765625,0.0,0,0.0,0.0,0.0,0.0,263.253698630142,3431700.0,7887683.7442003125,7505265.300515382,-382418.4436849314,2.1870400386150832,1.0587317760382449,5,
2019-09-12,9390.0,9385.0,21759.609375,0.0,0,178374.318,8287.034493150697,6603.523435867133,1683.5110572835642,254.14065753426985,3312905.0,7894287.26763618,7562906.966800564,-331380.30083561625,2.282862613567417,1.1115170302091193,14,
2019-09-13,9485.0,9585.0,21988.2890625,0.0,0,56898.618,1565.2118630137,1247.2390730424668,317.9727899712331,255.1448219178419,3325995.0,7895534.506709222,7632322.467188674,-263212.03952054784,2.2947486292639265,1.127465757064614,14,
2019-09-17,9535.0,9580.0,22001.3203125,0.0,0,676849.603,11976.309657534328,9543.32235060623,2432.987306928099,202.83353424654342,2644080.0,7905077.829059828,7624621.2493475,-280456.5797123287,2.883657547936333,1.410723241972696,14,
2019-09-18,9590.0,9555.0,21960.7109375,0.0,0,0.0,0.0,0.0,0.0,202.30421917806962,2637180.0,7905077.829059828,7617518.945128322,-287558.8839315067,2.888509295963234,1.411644446415038,14,
2019-09-19,9645.0,9640.0,22044.44921875,0.0,0,0.0,0.0,0.0,0.0,204.1038904109737,2660640.0,7905077.829059828,7640774.84123791,-264302.9878219177,2.8717807900497285,1.4078613767424335,14,
2019-09-20,9705.0,9640.0,22079.08984375,0.0,0,0.0,0.0,0.0,0.0,204.1038904109737,2660640.0,7905077.829059828,7640570.7373474995,-264507.0917123286,2.8717040777209615,1.407707952084899,14,
2019-09-24,9660.0,9690.0,22098.83984375,0.0,0,0.0,0.0,0.0,0.0,205.1625205478922,2674440.0,7905077.829059828,7654165.574826951,-250912.25423287658,2.8619694496144805,1.4054507712246564,14,
2019-09-25,9555.0,9595.0,22020.150390625,0.0,0,0.0,0.0,0.0,0.0,203.151123287651,2648220.0,7905077.829059828,7627742.423703664,-277335.40535616426,2.8803280783710052,1.4093117106386535,14,
2019-09-26,9735.0,9610.0,22048.240234375,9736.947,1,0.0,0.0,0.0,0.0,204.20591780819814,2661970.0,7905077.829059828,7631551.270785855,-273526.55827397254,2.866881020742478,1.4033862513521482,14,
2019-09-27,9680.0,9600.0,21878.900390625,9681.936,1,0.0,0.0,0.0,0.0,204.72986301369383,2668800.0,7905077.829059828,7628494.604922842,-276583.2241369862,2.858398757839794,1.3985726557950582,14,
2019-09-30,9505.0,9485.0,21755.83984375,28520.703,3,0.0,0.0,0.0,0.0,204.46021917805774,2665285.0,7905077.829059828,7596254.441703664,-308823.3873561643,2.8500721092504793,1.388244064086015,14,
2019-10-01,9565.0,9630.0,21885.240234375,47834.565,5,0.0,0.0,0.0,0.0,211.27956164380885,2754180.0,7905077.829059828,7637103.59714202,-267974.23191780807,2.772913751876065,1.3581915329514438,14,
2019-10-02,9480.0,9525.0,21778.609375,37927.584,4,0.0,0.0,0.0,0.0,211.89863013694412,2762250.0,7905077.829059828,7607034.114511883,-298043.71454794507,2.753926731654225,1.343260955729544,14,
2019-10-03,9190.0,9140.0,21341.740234375,45959.19,5,0.0,0.0,0.0,0.0,206.83945205478813,2696300.0,7905077.829059828,7494918.085059828,-410159.74399999983,2.7797048121721724,1.3344582227718813,14,
2019-10-04,9135.0,9195.0,21410.19921875,118778.75099999999,13,0.0,0.0,0.0,0.0,217.25391780820792,2832060.0,7905077.829059828,7511682.08014202,-393395.7489178082,2.652373918681815,1.2763311678510365,14,
2019-10-07,9225.0,9155.0,21375.25,101495.295,11,0.0,0.0,0.0,0.0,224.03413698633085,2920445.0,7905077.829059828,7498347.751005034,-406730.0780547944,2.5675360265319274,1.2330614286350998,14,
2019-10-08,9260.0,9355.0,21587.779296875,120404.07599999999,13,0.0,0.0,0.0,0.0,238.25775342460838,3105860.0,7905077.829059828,7563120.417251609,-341957.41180821887,2.435113114323121,1.1802278571614258,14,
2019-10-09,9160.0,9225.0,21456.380859375,82456.488,9,119056.184,249.8039041095936,199.05624098972964,50.74766311986394,232.11616438359488,3025800.0,7905276.885300819,7519377.249424106,-385899.6358767123,2.485087332085434,1.1968396472164018,14,
2019-10-10,9225.0,9300.0,21551.98046875,101495.295,11,0.0,0.0,0.0,0.0,241.85095890404773,3152700.0,7905276.885300819,7544540.103465202,-360736.7818356162,2.3930409184080954,1.156570053487354,14,
2019-10-11,9460.0,9515.0,21798.869140625,75695.136,8,0.0,0.0,0.0,0.0,253.2814794520964,3301705.0,7905276.885300819,7617596.6859857505,-287680.1993150684,2.307170593976673,1.126424592345675,14,
2019-10-15,9770.0,9880.0,22207.2109375,39087.816,4,478634.254,26687.213616438396,21265.706170258934,5421.50744617946,228.89117808220908,2983760.0,7926542.591471078,7733547.725361489,-192994.86610958888,2.5918799519269275,1.2762945556116758,14,
2019-10-16,10165.0,10115.0,22472.919921875,10167.033,1,213422.307,13656.125684931518,10881.88375203768,2774.2419328938377,218.8165479452,2852430.0,7937424.475223115,7802479.940880649,-134944.53434246557,2.735379988599422,1.3543588857704407,14,
2019-10-17,10110.0,10105.0,22451.859375,0.0,0,101079.78000000001,2941.209273972615,2343.702609965078,597.5066640075366,210.84843835615902,2748560.0,7939768.17783308,7798881.365778286,-140886.81205479434,2.8374426484334654,1.4030849913130823,14,
2019-10-18,10165.0,10145.0,22492.6796875,0.0,0,0.0,0.0,0.0,0.0,211.68306849317742,2759440.0,7939768.17783308,7809549.682709793,-130218.49512328752,2.830121213981747,1.401342271470479,14,
2019-10-21,10175.0,10190.0,22548.900390625,0.0,0,0.0,0.0,0.0,0.0,212.62202739727218,2771680.0,7939768.17783308,7821577.0606823955,-118191.11715068479,2.8219625139562994,1.399416481531672,14,
2019-10-23,10300.0,10280.0,22625.380859375,0.0,0,0.0,0.0,0.0,0.0,214.4999452054908,2796160.0,7939768.17783308,7845842.56073719,-93925.61709589028,2.8059347679450353,1.3957662199735685,14,
2019-10-24,10380.0,10380.0,22750.599609375,0.0,0,591541.6680000001,7169.738260274097,5713.205932699414,1456.5323275746828,171.19890410965309,2231700.0,7945481.383765779,7871296.497505506,-74184.8862602739,3.527040595736661,1.7569111767913366,14,
2019-10-25,10395.0,10415.0,22799.810546875,0.0,0,311787.63,3375.5118082192207,2689.776584379486,685.7352238397345,147.8073972602724,1926775.0,7948171.160350159,7877325.584884405,-70845.57546575337,4.088347412066486,2.0362545919573622,14,
2019-10-28,10470.0,10470.0,22867.26953125,0.0,0,0.0,0.0,0.0,0.0,148.58794520547963,1936950.0,7948171.160350159,7887351.9969392,-60819.16341095884,4.072047289263636,2.0306576140469477,14,
2019-10-29,10555.0,10570.0,22974.130859375,0.0,0,0.0,0.0,0.0,0.0,150.00712328767986,1955450.0,7948171.160350159,7905701.989815912,-42469.17053424651,4.042906742599357,2.0207534077995657,14,
2019-10-30,10535.0,10450.0,22843.119140625,0.0,0,0.0,0.0,0.0,0.0,148.30410958905122,1933250.0,7948171.160350159,7883353.685706323,-64817.474643835536,4.077772500042065,2.0323215533751364,14,
2019-10-31,10535.0,10530.0,22927.0390625,0.0,0,0.0,0.0,0.0,0.0,149.43945205482305,1948050.0,7948171.160350159,7898004.246254268,-50166.91409589034,4.054312900723425,2.0243252299265277,14,
2019-11-01,10335.0,10450.0,22850.76953125,0.0,0,0.0,0.0,0.0,0.0,148.30410958905122,1933250.0,7948171.160350159,7883055.94214468,-65115.21820547938,4.0776184881131154,2.032013529517235,14,
2019-11-05,10770.0,10850.0,23251.990234375,0.0,0,0.0,0.0,0.0,0.0,153.98082191779395,2007250.0,7948171.160350159,7956901.961322762,8730.800972602812,3.964081186360823,1.9938135231263465,14,
2019-11-06,10890.0,10875.0,23303.8203125,0.0,0,1600509.8339999998,34809.51100000007,27737.95884035005,7071.552159650013,31.701369863003492,413250.0,7975909.119190509,7956308.54179325,-19600.577397260295,19.25301522515003,9.598663187891065,14,
2019-11-07,10835.0,10880.0,23330.3203125,0.0,0,0.0,0.0,0.0,0.0,31.7159452054766,413440.0,7975909.119190509,7956466.825848044,-19442.293342465775,19.24455017861853,9.594558171694977,15,
2019-11-08,11110.0,10955.0,23391.869140625,0.0,0,0.0,0.0,0.0,0.0,31.934575342485914,416290.0,7975909.119190509,7959284.891272701,-16624.22791780824,19.11956782837133,9.535564777810869,15,
2019-11-11,11000.0,10900.0,23331.83984375,0.0,0,0.0,0.0,0.0,0.0,31.774246575369034,414200.0,7975909.119190509,7957163.117026126,-18746.002164383583,19.210920128020586,9.578480716711097,15,
2019-11-12,10895.0,11090.0,23520.009765625,0.0,0,0.0,0.0,0.0,0.0,32.32810958905611,421420.0,7975909.119190509,7964350.788916537,-11558.330273972624,18.89884388238939,9.431356026393047,15,
2019-11-13,11000.0,10885.0,23319.869140625,0.0,0,0.0,0.0,0.0,0.0,31.73052054794971,413630.0,7975909.119190509,7956529.058395989,-19380.060794520567,19.235860692880085,9.58999249474521,15,
2019-11-14,10890.0,10725.0,23141.55078125,0.0,0,0.0,0.0,0.0,0.0,31.264109589043073,407550.0,7975909.119190509,7950417.7942864,-25491.32490410961,19.507834116762115,9.717988142270356,15,
2019-11-15,10745.0,10885.0,23303.3203125,0.0,0,0.0,0.0,0.0,0.0,31.73052054794971,413630.0,7975909.119190509,7956466.063765852,-19443.055424657556,19.23570839582683,9.589687900638705,15,
2019-11-18,10865.0,10955.0,23416.759765625,0.0,0,0.0,0.0,0.0,0.0,31.934575342485914,416290.0,7975909.119190509,7959094.129190509,-16814.99000000002,19.11910958512217,9.534648291312553,15,
2019-11-19,10920.0,10860.0,23292.650390625,0.0,0,0.0,0.0,0.0,0.0,31.65764383561327,412680.0,7975909.119190509,7955452.471546674,-20456.647643835637,19.277533371005802,9.609153392223591,15,
2019-11-20,10745.0,10710.0,23148.5703125,0.0,0,0.0,0.0,0.0,0.0,31.220383561652852,406980.0,7975909.119190509,7949721.251163112,-26187.86802739728,19.53344452101605,9.729576345608402,15,
2019-11-21,10650.0,10615.0,23038.580078125,0.0,0,0.0,0.0,0.0,0.0,30.94345205478021,403370.0,7975909.119190509,7946080.307711057,-29828.811479452077,19.6992347167887,9.807549134124002,15,
2019-11-22,10615.0,10695.0,23112.880859375,0.0,0,0.0,0.0,0.0,0.0,31.17665753426263,406410.0,7975909.119190509,7949089.131053523,-26819.98813698632,19.559285281005693,9.741514089014862,15,
2019-11-25,10855.0,10845.0,23292.810546875,0.0,0,0.0,0.0,0.0,0.0,31.61391780822305,412110.0,7975909.119190509,7954757.517135715,-21151.602054794545,19.302510293697594,9.620454522047304,15,
2019-11-26,11005.0,10925.0,23373.3203125,0.0,0,0.0,0.0,0.0,0.0,31.847123287676368,415150.0,7975909.119190509,7957765.6700124275,-18143.449178082214,19.16841062269644,9.557176487617339,15,
2019-11-27,10995.0,11000.0,23437.76953125,0.0,0,0.0,0.0,0.0,0.0,32.065753424627474,418000.0,7975909.119190509,7960583.604259003,-15325.51493150687,19.044458383394744,9.49867867781696,15,
2019-11-28,11010.0,10965.0,23409.140625,0.0,0,0.0,0.0,0.0,0.0,31.963726027373923,416670.0,7975909.119190509,7959221.640532975,-16687.478657534266,19.101979121446167,9.525652818478493,15,
2019-11-29,11025.0,10855.0,23293.91015625,0.0,0,0.0,0.0,0.0,0.0,31.643068493140163,412490.0,7975909.119190509,7955009.997464482,-20899.12172602742,19.285340244525884,9.611894770148243,15,
2019-12-02,10930.0,11080.0,23529.5,0.0,0,0.0,0.0,0.0,0.0,32.298958904109895,421040.0,7975909.119190509,7963527.698505578,-12381.420684931527,18.913945702321815,9.436860810898349,15,
2019-12-03,10760.0,10925.0,23379.810546875,0.0,0,0.0,0.0,0.0,0.0,31.847123287676368,415150.0,7975909.119190509,7957605.85138229,-18303.2678082192,19.16802565670791,9.556406555640287,15,
2019-12-04,10720.0,10685.0,23135.23046875,0.0,0,0.0,0.0,0.0,0.0,31.14750684928731,406030.0,7975909.119190509,7948454.703875441,-27454.415315068512,19.576028135545258,9.748441953945191,15,
2019-12-05,10850.0,10860.0,23300.08984375,0.0,0,0.0,0.0,0.0,0.0,31.65764383561327,412680.0,7975909.119190509,7955073.046231605,-20836.07295890413,19.27661395326065,9.607314556733293,15,
2019-12-06,10905.0,10915.0,23354.400390625,0.0,0,0.0,0.0,0.0,0.0,31.81797260273015,414770.0,7975909.119190509,7957131.228259003,-18777.89093150687,19.184442530219165,9.56378941419941,15,
2019-12-09,11085.0,10970.0,23430.69921875,0.0,0,0.0,0.0,0.0,0.0,31.97830136984703,416860.0,7975909.119190509,7959189.249957632,-16719.869232876736,19.093194957438065,9.520699944165306,15,
2019-12-10,10920.0,10975.0,23410.189453125,0.0,0,0.0,0.0,0.0,0.0,31.992876712349243,417050.0,7975909.119190509,7959347.25708092,-16561.862109589063,19.084875331689055,9.516664651651661,15,
2019-12-11,10965.0,10925.0,23391.859375,0.0,0,0.0,0.0,0.0,0.0,31.847123287676368,415150.0,7975909.119190509,7957415.409957632,-18493.709232876732,19.16756692751447,9.555489097253403,15,
2019-12-12,10985.0,10980.0,23424.810546875,0.0,0,0.0,0.0,0.0,0.0,32.00745205482235,417240.0,7975909.119190509,7959473.402505578,-16435.71668493153,19.07648692001145,9.512480308265364,15,
2019-12-13,11410.0,11550.0,24023.099609375,0.0,0,0.0,0.0,0.0,0.0,33.669041095883586,438900.0,7975909.119190509,7981099.733464482,5190.614273972582,18.1843238402016,9.092230452810318,15,
2019-12-16,11470.0,11495.0,23952.349609375,0.0,0,0.0,0.0,0.0,0.0,33.508712328766705,436810.0,7975909.119190509,7978976.224752153,3067.1055616438152,18.26646877304126,9.13079583414709,15,
2019-12-17,11605.0,11585.0,24066.119140625,0.0,0,0.0,0.0,0.0,0.0,33.77106849316624,440230.0,7975909.119190509,7982362.45368366,6453.334493150665,18.13225462527238,9.067476969258806,15,
2019-12-18,11540.0,11440.0,23934.4296875,0.0,0,0.0,0.0,0.0,0.0,33.34838356162072,434720.0,7975909.119190509,7976819.105300099,909.9861095890215,18.349326245169532,9.169577404788557,15,
2019-12-19,11405.0,11380.0,23864.849609375,0.0,0,0.0,0.0,0.0,0.0,33.17347945205984,432440.0,7975909.119190509,7974505.931820647,-1403.1873698630334,18.44072225469579,9.212497323214265,15,
2019-12-20,11415.0,11340.0,23816.630859375,0.0,0,0.0,0.0,0.0,0.0,33.05687671233318,430920.0,7975909.119190509,7972952.874943934,-2956.2442465753625,18.50216484485272,9.241312143083059,15,
2019-12-23,11410.0,11330.0,23821.109375,0.0,0,0.0,0.0,0.0,0.0,33.027726027416065,430540.0,7975909.119190509,7972539.847217906,-3369.2719726027594,18.517535762572365,9.248432603812184,15,
2019-12-24,11350.0,11345.0,23830.580078125,0.0,0,0.0,0.0,0.0,0.0,33.07145205480629,431110.0,7975909.119190509,7973076.775765852,-2832.3434246575544,18.494297918781406,9.237373362578433,15,
2019-12-25,11330.0,11310.0,23782.869140625,0.0,0,0.0,0.0,0.0,0.0,32.969424657552736,429780.0,7975909.119190509,7971713.806341195,-4195.312849315088,18.548359175255236,9.262711367424899,15,
2019-12-26,11290.0,11415.0,23924.919921875,643658.706,57,0.0,0.0,0.0,0.0,83.18876712329802,1084425.0,7975909.119190509,7982616.911574071,6707.792383561618,7.361151680912992,3.680981172471703,1,
2019-12-27,11480.0,11410.0,23837.720703125,654490.872,57,401719.63999999996,3060.429013698579,2438.702859565713,621.7261541328664,102.40865753425169,1334970.0,7978347.822050075,7979666.544762404,1318.7227123287885,5.977412634562877,2.985561326078284,1,
2019-12-30,11335.0,11235.0,23656.619140625,646224.219,57,0.0,0.0,0.0,0.0,149.9641643835348,1954890.0,7978347.822050075,7953212.36159802,-25135.460452054813,4.068368226139588,2.025193569022277,1,
2020-01-06,10830.0,10755.0,23204.859375,649929.96,60,0.0,0.0,0.0,0.0,193.0596164384042,2516670.0,7978347.822050075,7864869.341981582,-113478.48006849313,3.1251095066026067,1.5379428279882075,1,
2020-01-07,10870.0,11100.0,23575.720703125,652330.44,60,0.0,0.0,0.0,0.0,250.3430136986135,3263400.0,7978347.822050075,7959018.558967884,-19329.263082191697,2.4388731258711416,1.2148046365403216,1,
2020-01-08,10765.0,10765.0,23204.759765625,0.0,0,0.0,0.0,0.0,0.0,242.78761643834878,3164910.0,7978347.822050075,7860285.771351445,-118062.05069863008,2.483573236316813,1.2213357964848317,15,
2020-01-09,11100.0,11240.0,23739.869140625,55511.1,5,0.0,0.0,0.0,0.0,257.81172602737206,3360760.0,7978347.822050075,8000366.859625418,22019.037575342543,2.3805231137080356,1.1917664909725045,15,
2020-01-10,11295.0,11365.0,23850.5703125,0.0,0,0.0,0.0,0.0,0.0,260.67884931506705,3398135.0,7978347.822050075,8037481.1807761025,59133.35872602747,2.3652624692003417,1.1895038880156685,15,
2020-01-14,11495.0,11520.0,24025.169921875,0.0,0,0.0,0.0,0.0,0.0,264.2340821918333,3444480.0,7978347.822050075,8083561.94669391,105214.12464383569,2.346816339968271,1.1868007148648678,15,
2020-01-15,11440.0,11415.0,23916.580078125,0.0,0,1372525.44,69700.12273972607,55540.54280515072,14159.579934575351,156.74515068496112,2043285.0,8033888.364855226,8040576.061608651,6687.69675342464,3.9351221496798785,1.945430311171505,15,
2020-01-16,11475.0,11455.0,23933.130859375,0.0,0,0.0,0.0,0.0,0.0,157.29441095894435,2050445.0,8033888.364855226,8047578.767197692,13690.402342465735,3.9247962111627923,1.9419755148468507,15,
2020-01-17,11600.0,11550.0,24041.259765625,0.0,0,0.0,0.0,0.0,0.0,158.59890410955995,2067450.0,8033888.364855226,8064425.168293582,30536.803438356146,3.900662733460825,1.9340742396342991,15,
2020-01-20,11570.0,11590.0,24083.509765625,0.0,0,0.0,0.0,0.0,0.0,159.1481643835432,2074610.0,8033888.364855226,8071426.020129199,37537.65527397258,3.8905751057447904,1.9306970902498128,15,
2020-01-21,11570.0,11360.0,23864.560546875,0.0,0,0.0,0.0,0.0,0.0,155.98991780824144,2033440.0,8033888.364855226,8030100.030211391,-3788.334643835635,3.949022361225997,1.9493870045674069,15,
2020-01-22,11335.0,11525.0,24031.349609375,0.0,0,0.0,0.0,0.0,0.0,158.25561643831315,2062975.0,8033888.364855226,8059476.774594952,25588.40973972601,3.90672537214215,1.9356414883043522,15,
2020-01-23,11345.0,11300.0,23795.439453125,646794.333,57,703249.322,3297.9707945205587,2627.9880276137073,669.9827669068515,150.83178082187078,1966200.0,8036516.35288284,8018335.949047224,-18180.40383561644,4.0780876559084644,2.008234346054115,1,
2020-01-24,11365.0,11325.0,23827.1796875,647934.561,57,0.0,0.0,0.0,0.0,200.68520547941444,2616075.0,8036516.35288284,8020075.702841744,-16440.650041095872,3.0656902813725693,1.509945028258227,1,
2020-01-27,10840.0,10850.0,23343.509765625,650530.08,60,0.0,0.0,0.0,0.0,242.20767123284168,3157350.0,8036516.35288284,7910578.415170511,-125937.93771232871,2.5054486880360147,1.2163332999059895,1,
2020-01-28,10695.0,10760.0,23215.7109375,652525.4789999999,61,0.0,0.0,0.0,0.0,290.54947945202,3787520.0,8036516.35288284,7887932.386691059,-148583.96619178072,2.082611415039672,1.0079031573428712,1,
2020-01-29,10830.0,10900.0,23379.400390625,649929.96,60,0.0,0.0,0.0,0.0,344.499726027454,4490800.0,8036516.35288284,7940937.926965032,-95578.42591780805,1.7682679983444,0.8617873000461426,1,
2020-01-30,10805.0,10510.0,22977.75,0.0,0,0.0,0.0,0.0,0.0,332.17358904110733,4330120.0,8036516.35288284,7779925.75337599,-256590.59950684913,1.7966998035564812,0.8565051453237174,15,
2020-01-31,10680.0,10730.0,23205.1796875,747749.52,70,0.0,0.0,0.0,0.0,396.7454246575362,5171860.0,8036516.35288284,7873519.487951333,-162996.86493150672,1.5223767634760672,0.7351256702655949,15,
2020-02-03,10350.0,10525.0,22971.939453125,0.0,0,0.0,0.0,0.0,0.0,389.1654794520291,5073050.0,8036516.35288284,7774320.322471881,-262196.0304109588,1.5324746104359077,0.7298131731524261,15,
2020-02-04,10430.0,10620.0,23084.58984375,0.0,0,0.0,0.0,0.0,0.0,392.6781369863602,5118840.0,8036516.35288284,7819717.644334895,-216798.70854794508,1.5276347071474972,0.7320766739704586,15,
2020-02-05,10855.0,10840.0,23319.560546875,0.0,0,0.0,0.0,0.0,0.0,400.8127123287122,5224880.0,8036516.35288284,7925356.831622566,-111159.52126027385,1.516849541352637,0.7373608075902768,15,
2020-02-06,11150.0,11375.0,23873.58984375,0.0,0,0.0,0.0,0.0,0.0,420.5945205479802,5482750.0,8036516.35288284,8182806.237102018,146289.88421917823,1.492463861584427,0.7495600834109143,15,
2020-02-07,11440.0,11315.0,23827.98046875,0.0,0,1498340.2719999999,97371.16757534251,77590.21488241167,19780.95269293083,304.66800000012154,3971565.0,8114106.567765251,8149875.8884090865,35769.32064383571,2.0520565289524626,1.0018832281614214,15,
2020-02-10,11115.0,11185.0,23685.98046875,0.0,0,0.0,0.0,0.0,0.0,301.16761643841164,3925935.0,8114106.567765251,8103944.720792648,-10161.846972602641,2.06420756349574,1.0017516917167604,15,
2020-02-12,11330.0,11345.0,23861.2109375,0.0,0,0.0,0.0,0.0,0.0,305.4757808218128,3982095.0,8114106.567765251,8159799.245011826,45692.67724657543,2.0491221944759794,1.0015735627247453,15,
2020-02-13,11340.0,11300.0,23827.73046875,0.0,0,0.0,0.0,0.0,0.0,304.2641095891013,3966300.0,8114106.567765251,8143699.980902237,29593.413136986394,2.053223402390701,1.0014264044674424,15,
2020-02-14,11175.0,11160.0,23687.58984375,0.0,0,1340731.7999999998,39061.69972602729,31126.315426684847,7935.384299342444,197.76131506852107,2577960.0,8145232.883191936,8087958.635287826,-57274.24790410957,3.137348382165676,1.5038855301803404,1,
2020-02-17,11015.0,11025.0,23523.240234375,650014.977,59,0.0,0.0,0.0,0.0,245.26849315082654,3197250.0,8145232.883191936,8056988.389794676,-88244.49339726022,2.519974474875182,1.2028278137141009,1,
2020-02-18,10915.0,10695.0,23193.80078125,644113.7969999999,59,0.0,0.0,0.0,0.0,286.33298630133504,3732555.0,8145232.883191936,7947893.259808375,-197339.6233835615,2.1293439104871528,1.0010193458434788,1,
2020-02-19,10825.0,10900.0,23400.69921875,649629.8999999999,60,0.0,0.0,0.0,0.0,341.9912328768405,4458100.0,8145232.883191936,8023466.3685754975,-121766.5146164381,1.7997502004386392,0.8549810192591133,1,
2020-02-20,11150.0,10970.0,23479.150390625,646829.34,58,0.0,0.0,0.0,0.0,392.9964931505965,5122990.0,8145232.883191936,8041134.032082347,-104098.85110958877,1.5696173586289153,0.7473888391296395,1,
2020-02-21,10905.0,10875.0,23386.740234375,0.0,0,0.0,0.0,0.0,0.0,389.59315068484284,5078625.0,8145232.883191936,7996379.438931662,-148853.44426027368,1.5745166140306996,0.7450286962851917,15,
2020-02-25,10020.0,10200.0,22605.41015625,0.0,0,0.0,0.0,0.0,0.0,365.4115068492829,4763400.0,8145232.883191936,7680789.027424812,-464443.855767123,1.6124593835127876,0.7280021706465304,15,
2020-02-26,9950.0,10010.0,22426.189453125,776255.22,78,0.0,0.0,0.0,0.0,418.5002739726333,5455450.0,8145232.883191936,7596165.30715084,-549067.5760410955,1.3923994000771411,0.6200631147035971,15,
2020-02-27,9865.0,9585.0,21948.23046875,779490.867,79,0.0,0.0,0.0,0.0,458.8195068492787,5981040.0,8145232.883191936,7341805.620643991,-803427.2625479449,1.2275132118567993,0.5229700542206772,15,
2020-02-28,9095.0,8815.0,21142.9609375,782326.434,86,0.0,0.0,0.0,0.0,480.1156164383283,6258650.0,8145232.883191936,6836609.071027553,-1308623.8121643835,1.09234564499174,0.41897663998836215,15,margin_warning
2020-03-02,8615.0,9045.0,21344.080078125,784121.793,91,0.0,0.0,0.0,0.0,555.784273972793,7245045.0,8145232.883191936,7038326.49375358,-1106906.3894383556,0.9714676021685966,0.3896994133666827,15,margin_warning
2020-03-03,9335.0,8820.0,21082.73046875,784296.828,84,849315.103,65130.16846575348,51898.97474193566,13231.19372381782,537.2225753425737,7003080.0,8197131.857933871,6847611.352454419,-1349520.505479452,0.9777999612248353,0.3665540382196064,15,margin_warning
2020-03-04,8665.0,8835.0,21100.060546875,780005.97,90,0.0,0.0,0.0,0.0,599.1340273973183,7810140.0,8197131.857933871,6874066.248427022,-1323065.609506849,0.8801463544093988,0.3319867525960056,15,margin_warning
2020-03-05,9045.0,9030.0,21329.119140625,778025.5739999999,86,0.0,0.0,0.0,0.0,671.9309589041513,8759100.0,8197131.857933871,7044328.743468119,-1152803.1144657528,0.8042297431777373,0.3153809843479763,15,margin_warning
2020-03-06,8750.0,8510.0,20749.75,778905.75,89,0.0,0.0,0.0,0.0,691.3384109588224,9012090.0,8197131.857933871,6517721.65505716,-1679410.2028767117,0.723219769782277,0.24801740253153723,15,margin_call;forced_liquidation
2020-03-09,7870.0,7605.0,19698.759765625,0.0,0,8332663.134,-2358837.0688767117,-2358837.0688767117,0.0,0.0,0.0,5838294.78905716,5838294.78905716,0.0,inf,inf,15,
2020-03-10,7405.0,7755.0,19867.119140625,51845.367,7,0.0,0.0,0.0,0.0,4.164328767103143,54285.0,5838294.78905716,5840730.257728392,2435.4686712328785,107.59381519256502,72.15615106198062,5,
2020-03-11,7625.0,7410.0,19416.060546875,53385.674999999996,7,53364.325000000004,1514.7936712328826,1207.0633369219227,307.7303343109601,3.9790684931795113,51870.0,5839501.852394082,5837982.198325588,-1519.6540684931463,112.55026408956215,75.43338785920741,5,
2020-03-12,7110.0,6745.0,18559.630859375,56891.376,8,0.0,0.0,0.0,0.0,7.761369863001164,101175.0,5839501.852394082,5830388.060955726,-9113.791438356157,57.626766107790715,38.59775566609698,5,
2020-03-13,5750.0,5940.0,17431.05078125,51760.35,9,0.0,0.0,0.0,0.0,10.936109589063562,142560.0,5839501.852394082,5820001.774846137,-19500.0775479452,40.824928274734404,27.31994042717582,5,
2020-03-16,5995.0,5520.0,17002.0390625,53965.791,9,0.0,0.0,0.0,0.0,13.973917808267288,182160.0,5839501.852394082,5805622.009928328,-33879.84246575341,31.871003567898157,21.301805931393105,5,
2020-03-17,5285.0,5570.0,17011.529296875,52860.57,10,0.0,0.0,0.0,0.0,18.373369862965774,239510.0,5839501.852394082,5810093.066558465,-29408.78583561643,24.258248367744418,16.219738848995206,5,
2020-03-18,5680.0,5415.0,16726.55078125,56811.35999999999,10,56788.64000000001,3923.797123287678,3126.677737691786,797.1193855958918,17.862082191742957,232845.0,5842628.530131773,5802590.3650906775,-40038.165041095875,24.920399257405904,16.63486564474038,5,
2020-03-19,5700.0,5305.0,16552.830078125,51310.26,9,0.0,0.0,0.0,0.0,21.161863013752736,275860.0,5842628.530131773,5794273.943227664,-48354.586904109565,21.00440057720461,14.010758019733007,5,
2020-03-23,5295.0,5500.0,16887.779296875,52960.590000000004,10,0.0,0.0,0.0,0.0,26.158904109499417,341000.0,5842628.530131773,5806427.194323554,-36201.33580821916,17.027645731154117,11.369896772772222,5,
2020-03-24,6030.0,6325.0,18092.349609375,54280.854,9,0.0,0.0,0.0,0.0,34.44958904100349,449075.0,5842628.530131773,5860186.890734513,17558.360602739736,13.049461427900715,8.753237313003943,5,
2020-03-25,6925.0,7365.0,19546.630859375,55411.08,8,263097.37,50189.29421917807,39993.33909855204,10195.955120626022,23.164438356179744,301965.0,5882621.869230325,5910544.061175531,27922.19194520549,19.573606415232,13.018080764726804,5,
2020-03-26,6860.0,6725.0,18664.599609375,0.0,0,123455.30399999999,15170.900424657528,12088.93200338835,3081.9684212691764,11.865479452011641,154675.0,5894710.8012337135,5883615.5312748095,-11095.269958904104,38.038568167285014,25.14235307784644,5,
2020-03-27,7150.0,7010.0,19389.4296875,50060.01,7,0.0,0.0,0.0,0.0,16.13260273972992,210300.0,5894710.8012337135,5889164.38867207,-5546.412561643831,28.0036347535524,18.51843170285506,5,
2020-03-30,6775.0,7055.0,19084.970703125,0.0,0,0.0,0.0,0.0,0.0,16.23616438359022,211650.0,5894710.8012337135,5890498.152507686,-4212.648726027393,27.831316572207353,18.40653774997237,5,
2020-03-31,7170.0,6945.0,18917.009765625,0.0,0,0.0,0.0,0.0,0.0,15.98301369859837,208350.0,5894710.8012337135,5887182.169493987,-7528.6317397260245,28.25621391645782,18.682081827474224,5,
2020-04-01,6750.0,6340.0,18065.41015625,0.0,0,0.0,0.0,0.0,0.0,14.590684931608848,190200.0,5894710.8012337135,5869017.578809056,-25693.222424657528,30.857085062087574,20.369256400548853,5,
2020-04-02,6245.0,6160.0,17818.720703125,56216.240999999995,9,0.0,0.0,0.0,0.0,18.429369863006286,240240.0,5894710.8012337135,5862822.908439193,-31887.892794520536,24.4040247604029,16.100647134718056,5,
2020-04-03,6750.0,6175.0,17820.189453125,54010.799999999996,8,0.0,0.0,0.0,0.0,22.263835616467986,290225.0,5894710.8012337135,5858774.844603577,-35935.95663013698,20.187009542953145,13.313633008780887,5,
2020-04-06,6190.0,6710.0,18576.30078125,55721.142,9,0.0,0.0,0.0,0.0,28.82542465766892,375760.0,5894710.8012337135,5888559.877178919,-6150.924054794508,15.671066311419306,10.362213506291564,5,
2020-04-07,7010.0,6975.0,18950.1796875,0.0,0,63077.382,7351.607342465752,5858.128310843835,1493.4790316219173,25.148219178023282,327825.0,5900568.929544557,5902183.631928119,1614.702383561658,18.00406812149201,11.896445805877141,5,
2020-04-08,7010.0,7270.0,19353.240234375,0.0,0,63077.382,6843.176506849319,5452.98519948288,1390.191307366439,21.192547945247497,276260.0,5906021.91474404,5912284.630072807,6262.715328767132,21.40116060983424,14.128679415773428,5,
2020-04-09,7270.0,7235.0,19345.76953125,0.0,0,0.0,0.0,0.0,0.0,21.09052054793574,274930.0,5906021.91474404,5910933.539552259,4911.624808219187,21.499776450559267,14.1920372253318,5,
2020-04-10,7380.0,7345.0,19498.5,0.0,0,0.0,0.0,0.0,0.0,21.411178082285915,279110.0,5906021.91474404,5915092.128374177,9070.213630136994,21.192691513647585,13.994317552234987,5,
2020-04-13,7195.0,7000.0,19043.400390625,0.0,0,57548.488000000005,3512.0906301369955,2798.6094186246646,713.4812115123307,16.109589041094296,210000.0,5908820.524162665,5902801.025573624,-6019.498589041091,28.108576312255355,18.524450804688456,5,
2020-04-14,7100.0,7460.0,19638.810546875,0.0,0,0.0,0.0,0.0,0.0,17.168219178100117,223800.0,5908820.524162665,5916583.857354445,7763.333191780826,26.43692518925132,17.443701217811526,5,
2020-04-15,7400.0,7405.0,19550.08984375,0.0,0,59188.16,3713.3964931506866,2959.0199955671246,754.376497583562,12.49720547941979,162910.0,5911779.544158232,5914115.143651383,2335.5994931506907,36.30295957063031,23.92551546955083,5,
2020-04-16,7185.0,7205.0,19290.19921875,0.0,0,0.0,0.0,0.0,0.0,12.159671232861001,158510.0,5911779.544158232,5909702.98398015,-2076.5601780821858,37.282840098291274,24.561739989919005,5,
2020-04-17,7490.0,7630.0,19897.259765625,0.0,0,0.0,0.0,0.0,0.0,12.87693150684936,167860.0,5911779.544158232,5919040.107048644,7260.562890410964,35.26176639490435,23.249169855469123,5,
2020-04-20,7430.0,7490.0,19669.119140625,0.0,0,59428.112,2430.977315068498,1937.1242735123324,493.8530415561653,8.044054794474505,104860.0,5913716.668431744,5914966.321952292,1249.6535205479477,56.408223554761506,37.155186395888165,5,
2020-04-21,7325.0,7175.0,19280.779296875,0.0,0,0.0,0.0,0.0,0.0,7.705753424670547,100450.0,5913716.668431744,5910548.616198868,-3168.05223287671,58.840702998495445,38.74233383739158,5,
2020-04-22,7040.0,7075.0,19137.94921875,0.0,0,0.0,0.0,0.0,0.0,7.598356164409779,99050.0,5913716.668431744,5909141.017842703,-4575.650589041094,59.65816272430795,39.275640961672444,5,
2020-04-23,7175.0,7280.0,19429.439453125,0.0,0,0.0,0.0,0.0,0.0,7.818520547938533,101920.0,5913716.668431744,5912003.199322155,-1713.4691095890387,58.00631082537436,38.19767072422056,5,
2020-04-24,7215.0,7165.0,19262.0,0.0,0,0.0,0.0,0.0,0.0,7.695013698656112,100310.0,5913716.668431744,5910385.504308457,-3331.164123287669,58.92119932517652,38.794548999951765,5,
2020-04-27,7315.0,7535.0,19783.220703125,36582.315,5,0.0,0.0,0.0,0.0,10.982520547928289,143165.0,5913716.668431744,5916647.206787908,2930.5383561643835,41.32746975020367,27.225452660525033,5,
2020-04-28,7550.0,7530.0,19771.189453125,0.0,0,52839.43,2695.8434520547926,2148.1828547698615,547.6605972849311,6.931726027396508,90360.0,5915864.851286514,5916127.044464596,262.19317808219387,65.47285352439792,43.09992245067145,5,
2020-04-30,7930.0,7865.0,20193.689453125,0.0,0,0.0,0.0,0.0,0.0,7.240109589067288,94380.0,5915864.851286514,5920139.804355007,4274.953068493152,62.72663492641456,41.30657461775264,5,
2020-05-01,7675.0,7445.0,19619.349609375,0.0,0,38367.325,1776.214931506844,1415.3768681712288,360.83806333561535,3.997863013704773,52115.0,5917280.228154685,5915877.293428658,-1402.934726027393,113.51582641137212,74.69004679463923,5,
2020-05-07,7295.0,7460.0,19674.76953125,0.0,0,0.0,0.0,0.0,0.0,4.0059178082155995,52220.0,5917280.228154685,5915978.28751085,-1301.940643835612,113.28951144218402,74.54172303460373,5,
2020-05-08,7680.0,7840.0,20179.08984375,0.0,0,0.0,0.0,0.0,0.0,4.209972602722701,54880.0,5917280.228154685,5918634.077538247,1353.8493835616482,107.84683085893307,70.97704732000366,5,
2020-05-11,7970.0,8005.0,20390.66015625,0.0,0,0.0,0.0,0.0,0.0,4.298575342458207,56035.0,5917280.228154685,5919784.778962905,2504.5508082191823,105.64441472227901,69.53451877881889,5,
2020-05-12,8030.0,7995.0,20366.48046875,0.0,0,56198.758,2668.308808219184,2126.241873829457,542.0669343897272,0.0,0.0,5919406.470028515,5919406.470028515,0.0,inf,inf,5,
2020-05-13,7775.0,7915.0,20267.05078125,0.0,0,0.0,0.0,0.0,0.0,0.0,0.0,5919406.470028515,5919406.470028515,0.0,inf,inf,5,
2020-05-14,7805.0,7615.0,19914.779296875,0.0,0,0.0,0.0,0.0,0.0,0.0,0.0,5919406.470028515,5919406.470028515,0.0,inf,inf,5,
2020-05-15,7825.0,7710.0,20037.470703125,0.0,0,0.0,0.0,0.0,0.0,0.0,0.0,5919406.470028515,5919406.470028515,0.0,inf,inf,5,
2020-05-18,7800.0,7805.0,20133.73046875,0.0,0,0.0,0.0,0.0,0.0,0.0,0.0,5919406.470028515,5919406.470028515,0.0,inf,inf,5,
2020-05-19,8190.0,8050.0,20433.44921875,0.0,0,0.0,0.0,0.0,0.0,0.0,0.0,5919406.470028515,5919406.470028515,0.0,inf,inf,5,
2020-05-20,8045.0,8170.0,20595.150390625,0.0,0,0.0,0.0,0.0,0.0,0.0,0.0,5919406.470028515,5919406.470028515,0.0,inf,inf,5,
2020-05-21,8260.0,8130.0,20552.310546875,0.0,0,0.0,0.0,0.0,0.0,0.0,0.0,5919406.470028515,5919406.470028515,0.0,inf,inf,5,
2020-05-22,8150.0,7995.0,20388.16015625,0.0,0,0.0,0.0,0.0,0.0,0.0,0.0,5919406.470028515,5919406.470028515,0.0,inf,inf,5,
2020-05-25,8230.0,8270.0,20741.650390625,0.0,0,0.0,0.0,0.0,0.0,0.0,0.0,5919406.470028515,5919406.470028515,0.0,inf,inf,5,
2020-05-26,8450.0,8695.0,21271.169921875,0.0,0,0.0,0.0,0.0,0.0,0.0,0.0,5919406.470028515,5919406.470028515,0.0,inf,inf,5,
2020-05-27,8675.0,8835.0,21419.23046875,0.0,0,0.0,0.0,0.0,0.0,0.0,0.0,5919406.470028515,5919406.470028515,0.0,inf,inf,5,
2020-05-28,9035.0,9230.0,21916.310546875,0.0,0,0.0,0.0,0.0,0.0,0.0,0.0,5919406.470028515,5919406.470028515,0.0,inf,inf,5,
2020-05-29,9110.0,9180.0,21877.890625,0.0,0,0.0,0.0,0.0,0.0,0.0,0.0,5919406.470028515,5919406.470028515,0.0,inf,inf,5,
2020-06-01,9245.0,9350.0,22062.390625,0.0,0,0.0,0.0,0.0,0.0,0.0,0.0,5919406.470028515,5919406.470028515,0.0,inf,inf,5,
2020-06-02,9440.0,9585.0,22325.609375,0.0,0,0.0,0.0,0.0,0.0,0.0,0.0,5919406.470028515,5919406.470028515,0.0,inf,inf,5,
2020-06-03,9950.0,9825.0,22613.759765625,0.0,0,0.0,0.0,0.0,0.0,0.0,0.0,5919406.470028515,5919406.470028515,0.0,inf,inf,5,
2020-06-04,10050.0,9880.0,22695.740234375,0.0,0,0.0,0.0,0.0,0.0,0.0,0.0,5919406.470028515,5919406.470028515,0.0,inf,inf,5,
2020-06-05,9830.0,10030.0,22863.73046875,0.0,0,0.0,0.0,0.0,0.0,0.0,0.0,5919406.470028515,5919406.470028515,0.0,inf,inf,5,
2020-06-08,10280.0,10285.0,23178.099609375,0.0,0,0.0,0.0,0.0,0.0,0.0,0.0,5919406.470028515,5919406.470028515,0.0,inf,inf,5,
2020-06-09,10275.0,10240.0,23091.029296875,0.0,0,0.0,0.0,0.0,0.0,0.0,0.0,5919406.470028515,5919406.470028515,0.0,inf,inf,13,
2020-06-10,10085.0,10240.0,23124.94921875,0.0,0,0.0,0.0,0.0,0.0,0.0,0.0,5919406.470028515,5919406.470028515,0.0,inf,inf,13,
2020-06-11,9960.0,9690.0,22472.91015625,0.0,0,0.0,0.0,0.0,0.0,0.0,0.0,5919406.470028515,5919406.470028515,0.0,inf,inf,13,
2020-06-12,9170.0,9530.0,22305.48046875,18343.667999999998,2,0.0,0.0,0.0,0.0,1.4621369863161817,19060.0,5919406.470028515,5920121.339891529,714.8698630137008,310.60447743397316,204.30396378565243,13,
2020-06-15,9380.0,8855.0,21530.94921875,46909.380000000005,5,18756.248,411.1178630137004,327.59926914246716,83.51859387123324,3.396438356139697,44275.0,5919734.069297657,5917096.292859301,-2637.776438356169,133.64418504481765,87.87338200837803,13,
2020-06-16,9420.0,9730.0,22582.2109375,75375.072,8,0.0,0.0,0.0,0.0,9.703342465742026,126490.0,5919734.069297657,5923926.517516836,4192.448219178077,46.83316086265187,30.81203660159701,13,
2020-06-17,9685.0,9625.0,22455.759765625,0.0,0,125879.819,3582.2672191780803,2854.5296336020533,727.7375855760271,0.0,0.0,5922588.5989312595,5922588.5989312595,0.0,inf,inf,13,
2020-06-18,9575.0,9545.0,22355.4609375,9576.914999999999,1,0.0,0.0,0.0,0.0,0.7322191780549474,9545.0,5922588.5989312595,5922555.951712081,-32.647219178081244,620.4877895979132,407.8010418536297,13,
2020-06-19,9695.0,9630.0,22478.7890625,0.0,0,0.0,0.0,0.0,0.0,0.7387397260172293,9630.0,5922588.5989312595,5922640.212972355,51.61404109589136,615.0197521258935,404.21022502735667,13,
2020-06-22,9525.0,9625.0,22437.26953125,0.0,0,0.0,0.0,0.0,0.0,0.7383561643655412,9625.0,5922588.5989312595,5922634.474616191,45.87568493150779,615.3386467133705,404.41953145985616,13,
2020-06-23,9800.0,9710.0,22549.05078125,0.0,0,0.0,0.0,0.0,0.0,0.744876712327823,9710.0,5922588.5989312595,5922718.729739479,130.13080821917902,609.9607342677115,400.8878991295253,13,
2020-06-24,9720.0,9680.0,22534.3203125,0.0,0,0.0,0.0,0.0,0.0,0.7425753424759023,9680.0,5922588.5989312595,5922687.987164136,99.38823287671327,611.8479325582786,402.12706770630217,13,
2020-06-25,9480.0,9455.0,22259.7890625,0.0,0,0.0,0.0,0.0,0.0,0.7253150684991851,9455.0,5922588.5989312595,5922462.261849068,-126.33708219177987,626.3841630723499,411.6725081720644,13,
2020-06-26,9625.0,9690.0,22512.080078125,9626.925,1,0.0,0.0,0.0,0.0,1.4866849315585569,19380.0,5922588.5989312595,5922758.850164136,170.251232876714,305.6119117731752,200.85958030944306,13,
2020-06-29,9420.0,9255.0,21995.0390625,0.0,0,0.0,0.0,0.0,0.0,1.4199452054454014,18510.0,5922588.5989312595,5921887.43021893,-701.1687123287654,319.92908861258405,210.25315108085334,13,
2020-06-30,9580.0,9490.0,22288.140625,0.0,0,0.0,0.0,0.0,0.0,1.456000000005588,18980.0,5922588.5989312595,5922355.974218931,-232.62471232876544,312.0314001169089,205.07128105935695,5,
2020-07-01,9555.0,9350.0,22121.73046875,0.0,0,0.0,0.0,0.0,0.0,1.4345205479767174,18700.0,5922588.5989312595,5922074.539698383,-514.0592328767107,316.6884780587371,208.12674039922453,5,
2020-07-02,9400.0,9355.0,22145.9609375,0.0,0,0.0,0.0,0.0,0.0,1.4352876712800935,18710.0,5922588.5989312595,5922083.104410712,-505.4945205479435,316.5196742068793,208.01588321165988,5,
2020-07-03,9480.0,9500.0,22306.48046875,0.0,0,0.0,0.0,0.0,0.0,1.4575342466123402,19000.0,5922588.5989312595,5922371.646876465,-216.95205479451886,311.703770888235,204.8560136748244,5,
2020-07-06,9515.0,9855.0,22714.439453125,0.0,0,0.0,0.0,0.0,0.0,1.5119999999878928,19710.0,5922588.5989312595,5923080.1348764645,491.53594520548114,300.51142236816156,197.51249293869424,5,
2020-07-07,9810.0,9760.0,22614.689453125,0.0,0,0.0,0.0,0.0,0.0,1.4974246575729921,19520.0,5922588.5989312595,5922888.637451807,300.03852054794686,303.42667200060487,199.4251148039113,5,
2020-07-08,9660.0,9630.0,22438.650390625,0.0,0,0.0,0.0,0.0,0.0,1.4774794520344585,19260.0,5922588.5989312595,5922627.159972356,38.56104109589209,307.50919833709014,202.10359740464403,5,
2020-07-09,9705.0,9725.0,22529.2890625,0.0,0,0.0,0.0,0.0,0.0,1.4920547945657745,19450.0,5922588.5989312595,5922815.667917561,227.06898630137152,304.5149443659414,200.13893583053238,5,
2020-07-10,9720.0,9520.0,22290.810546875,0.0,0,0.0,0.0,0.0,0.0,1.4606027397094294,19040.0,5922588.5989312595,5922404.207314821,-184.3916164383545,311.0506411404843,204.42696327197353,5,
2020-07-13,9765.0,9895.0,22784.740234375,0.0,0,0.0,0.0,0.0,0.0,1.5181369862984866,19790.0,5922588.5989312595,5923152.689177834,564.090246575344,299.3002874774045,196.7173493898132,5,
2020-07-14,9755.0,9745.0,22587.009765625,0.0,0,19506.098,280.1882465753459,223.26800428356438,56.92024229178152,0.0,0.0,5922811.866935543,5922811.866935543,0.0,inf,inf,13,
2020-07-15,9945.0,10045.0,22945.5,29840.966999999997,3,0.0,0.0,0.0,0.0,2.311726027401164,30135.0,5922811.866935543,5923103.588209515,291.72127397260584,196.5523009195127,129.17553487584144,13,
2020-07-16,10035.0,9900.0,22770.359375,0.0,0,0.0,0.0,0.0,0.0,2.278356164402794,29700.0,5922811.866935543,5922666.309853351,-145.55708219177774,199.4163740691364,131.0526998912846,13,
2020-07-17,9935.0,9840.0,22696.419921875,0.0,0,0.0,0.0,0.0,0.0,2.264547945233062,29520.0,5922811.866935543,5922484.045305406,-327.82163013698323,200.6261532962536,131.84555073425685,13,
2020-07-20,9905.0,9855.0,22717.48046875,0.0,0,0.0,0.0,0.0,0.0,2.267999999981839,29565.0,5922811.866935543,5922526.777305406,-285.0896301369832,200.32223160173874,131.64624122020166,13,
2020-07-21,9930.0,10005.0,22884.220703125,19863.971999999998,2,0.0,0.0,0.0,0.0,3.837534246558789,50025.0,5922811.866935543,5923118.9677711595,307.10083561644353,118.40317776653993,77.81528185120976,13,
2020-07-22,9925.0,9900.0,22751.609375,0.0,0,0.0,0.0,0.0,0.0,3.797260274004657,49500.0,5922811.866935543,5922590.170510885,-221.6964246575291,119.64828627294717,78.62983596133779,13,
2020-07-27,9620.0,9830.0,22715.849609375,19243.847999999998,2,0.0,0.0,0.0,0.0,5.278575342497788,68810.0,5922811.866935543,5922651.043935543,-160.82299999999293,86.07253370056013,56.564924791971166,13,
2020-07-28,9855.0,9815.0,22657.380859375,19713.942,2,19706.058,460.70183561644114,367.11025771096115,93.59157790548002,5.270520547928754,68705.0,5923178.977193254,5922439.29783709,-739.6793561643775,86.2009940737514,56.641507262657996,13,
2020-07-29,9710.0,9560.0,22397.109375,19423.884,2,0.0,0.0,0.0,0.0,6.6003287670901045,86040.0,5923178.977193254,5920343.813508322,-2835.1636849314987,68.80920285342076,45.2051681987841,13,
2020-07-30,9685.0,9525.0,22339.23046875,58121.622,6,0.0,0.0,0.0,0.0,10.960273972596042,142875.0,5923178.977193254,5919046.23123435,-4132.745958904105,41.42814510050289,27.213607204027564,13,
2020-07-31,9480.0,9010.0,21710.0,66373.272,7,0.0,0.0,0.0,0.0,15.205917808227241,198220.0,5923178.977193254,5908002.753316542,-15176.22387671232,29.805280765394723,19.559506838057825,13,
2020-08-03,9210.0,9375.0,22195.380859375,73694.736,8,0.0,0.0,0.0,0.0,21.57534246565774,281250.0,5923178.977193254,5917316.4419740755,-5862.535219178079,21.039347349241158,13.818231320017391,13,
2020-08-04,9560.0,9700.0,22573.66015625,57371.472,6,76464.704,2764.2145753424593,2202.6643843616384,561.5501909808206,20.83506849326659,271600.0,5925381.641577615,5926177.288714602,795.6471369863074,21.8195040085221,14.331566111382847,13,
2020-08-05,9625.0,9660.0,22514.849609375,9626.925,1,67361.52500000001,973.1717397260389,775.4719008006941,197.6998389253448,16.30290410958696,212520.0,5926157.113478417,5924617.885971568,-1539.2275068493113,27.877930952247166,18.303710137703323,13,
2020-08-06,9620.0,9565.0,22418.150390625,9621.923999999999,1,0.0,0.0,0.0,0.0,16.876328767219093,219995.0,5926157.113478417,5922454.0856428,-3703.0278356164335,26.92085768150549,17.671873459883983,13,
2020-08-07,9565.0,9485.0,22329.939453125,19133.826,2,0.0,0.0,0.0,0.0,18.190410958894063,237125.0,5926157.113478417,5920432.069231841,-5725.044246575338,24.967557487535437,16.386646684176103,13,
2020-08-11,9680.0,9845.0,22750.240234375,0.0,0,0.0,0.0,0.0,0.0,18.880821917788126,246125.0,5926157.113478417,5929413.188409924,3256.074931506853,24.091064249507053,15.8238530557295,13,
2020-08-12,9860.0,9930.0,22843.9609375,0.0,0,157728.44800000003,3787.271767123295,3017.8875076321974,769.3842594910973,6.855780821875669,89370.0,5929175.000986049,5929610.396369611,435.39538356165167,66.34900298052602,43.53864735093616,13,
2020-08-13,10215.0,10295.0,23249.609375,0.0,0,20425.914,987.3541643835641,786.7731658890431,200.58099849452105,5.5282739725662395,72065.0,5929961.774151938,5932525.201097144,2563.4269452054855,82.32186499822582,54.020271089188114,13,
2020-08-14,10365.0,10320.0,23289.359375,0.0,0,72540.489,3038.9159452054832,2421.5601709369894,617.3557742684939,0.0,0.0,5932383.334322874,5932383.334322874,0.0,inf,inf,13,
2020-08-17,10240.0,10165.0,23096.75,0.0,0,0.0,0.0,0.0,0.0,0.0,0.0,5932383.334322874,5932383.334322874,0.0,inf,inf,13,
2020-08-18,10160.0,10125.0,23051.080078125,0.0,0,0.0,0.0,0.0,0.0,0.0,0.0,5932383.334322874,5932383.334322874,0.0,inf,inf,13,
2020-08-19,10070.0,10175.0,23110.609375,0.0,0,0.0,0.0,0.0,0.0,0.0,0.0,5932383.334322874,5932383.334322874,0.0,inf,inf,13,
2020-08-20,10075.0,9965.0,22880.619140625,0.0,0,0.0,0.0,0.0,0.0,0.0,0.0,5932383.334322874,5932383.334322874,0.0,inf,inf,13,
2020-08-21,10095.0,10020.0,22920.30078125,20194.038,2,0.0,0.0,0.0,0.0,1.5373150684754364,20040.0,5932383.334322874,5932227.759007806,-155.5753150684936,296.0193492518865,194.0934601144077,13,
2020-08-24,10010.0,10055.0,22985.509765625,20024.004,2,0.0,0.0,0.0,0.0,3.085369862965308,40220.0,5932383.334322874,5932380.669637943,-2.664684931508134,147.49827622172907,96.71264957615627,13,
2020-08-25,10290.0,10320.0,23296.76953125,10292.057999999999,1,0.0,0.0,0.0,0.0,3.958356164395809,51600.0,5932383.334322874,5933464.653281778,1081.3189589041092,114.98962506360036,75.40431765970303,13,
2020-08-26,10295.0,10305.0,23290.859375,0.0,0,41171.764,945.9326301369879,753.7664163246588,192.1662138123291,0.7905205479473807,10305.0,5933137.1007392,5933148.460547419,11.359808219179,575.75433872367,377.44782875843094,13,
2020-08-27,10360.0,10235.0,23208.859375,0.0,0,0.0,0.0,0.0,0.0,0.785150684940163,10235.0,5933137.1007392,5933077.675396734,-59.42534246575251,579.6851661354893,380.0223063072067,13,
2020-08-28,10290.0,9990.0,22882.650390625,0.0,0,0.0,0.0,0.0,0.0,0.7663561643566936,9990.0,5933137.1007392,5932831.909040569,-305.19169863013605,593.877067972029,389.31749472892216,13,
2020-08-31,10225.0,10205.0,23139.759765625,10227.045,1,0.0,0.0,0.0,0.0,1.5656986301764846,20410.0,5933137.1007392,5933023.298341939,-113.80239726027312,290.69197934061435,190.56695717514316,13,
2020-09-01,10150.0,10195.0,23138.0703125,0.0,0,0.0,0.0,0.0,0.0,1.5641643835697323,20390.0,5933137.1007392,5933001.734177556,-135.36656164383476,290.97605366245983,190.75274485610123,13,
2020-09-02,10305.0,10285.0,23247.150390625,20614.122,2,0.0,0.0,0.0,0.0,3.1559452055371366,41140.0,5933137.1007392,5933134.45623235,-2.644506849313615,144.21814429344556,94.54492060587005,13,
2020-09-03,10550.0,10475.0,23465.529296875,10552.11,1,0.0,0.0,0.0,0.0,4.017808219126891,52375.0,5933137.1007392,5933813.3284241315,676.2276849315078,113.29476522050848,74.27690478489842,13,
2020-09-04,10160.0,10240.0,23205.4296875,0.0,0,0.0,0.0,0.0,0.0,3.927671232901048,51200.0,5933137.1007392,5932634.400752898,-502.699986301369,115.87176563970505,75.95839907747246,13,
2020-09-07,10190.0,10155.0,23089.94921875,0.0,0,0.0,0.0,0.0,0.0,3.8950684931478463,50775.0,5933137.1007392,5932205.505684406,-931.5950547945197,116.83319558216456,76.58566701387697,13,
2020-09-08,10245.0,10315.0,23274.130859375,20494.097999999998,2,0.0,0.0,0.0,0.0,5.5390136986388825,72205.0,5933137.1007392,5933135.868670707,-1.232068493147949,82.17070658085599,53.868320290869136,13,
2020-09-09,10030.0,10095.0,23032.5390625,10032.006,1,0.0,0.0,0.0,0.0,6.195287671289407,80760.0,5933137.1007392,5931652.667383036,-1484.43335616438,73.44790326130554,48.14354470067934,13,
2020-09-10,10245.0,10275.0,23235.470703125,30741.146999999997,3,0.0,0.0,0.0,0.0,8.670410958991852,113025.0,5933137.1007392,5933167.849972077,30.749232876718438,52.494296394355906,34.41344111661088,13,
2020-09-11,10235.0,10405.0,23406.490234375,20474.094,2,10232.953,199.3843698630138,158.87943512534255,40.504934737671256,9.57830136991106,124860.0,5933295.9801743245,5934711.625735968,1415.6455616438402,47.53092764484998,31.162213641659495,13,
2020-09-14,10510.0,10555.0,23559.30078125,0.0,0,84063.18400000001,2106.2660273972724,1678.3780839315164,427.8879434657559,3.238794520497322,42220.0,5934974.358258256,5935703.682997982,729.3247397260283,140.58985511601094,92.13160937322834,13,
2020-09-15,10465.0,10445.0,23454.890625,0.0,0,31388.721000000005,456.4856575342513,363.7505962061681,92.73506132808315,0.801260273961816,10445.0,5935338.108854462,5935223.86767638,-114.24117808219236,568.2358896770111,372.31780234545624,13,
2020-09-16,10440.0,10480.0,23475.529296875,0.0,0,0.0,0.0,0.0,0.0,0.8039452054654248,10480.0,5935338.108854462,5935258.063731175,-80.04512328767181,566.3414182949595,371.07756084044655,13,
2020-09-17,10430.0,10350.0,23319.369140625,0.0,0,0.0,0.0,0.0,0.0,0.7939726027543657,10350.0,5935338.108854462,5935127.269758572,-210.83909589041153,573.4422482858523,375.7257246050893,13,
2020-09-18,10350.0,10375.0,23360.30078125,10352.07,1,0.0,0.0,0.0,0.0,1.5917808219091967,20750.0,5935338.108854462,5935173.60797775,-164.50087671232905,286.0324630350723,187.41233716149546,13,
2020-09-23,10255.0,10375.0,23346.490234375,10257.051,1,0.0,0.0,0.0,0.0,2.387671232863795,31125.0,5935338.108854462,5935289.169306518,-48.939547945205234,190.69202150382387,124.9451942091105,13,
2020-09-24,10225.0,10135.0,23087.8203125,20454.09,2,0.0,0.0,0.0,0.0,3.8873972603469156,50675.0,5935338.108854462,5934381.191909257,-956.9169452054794,117.10668360945748,76.72436714285237,13,
2020-09-25,10250.0,10255.0,23204.619140625,51260.25,5,0.0,0.0,0.0,0.0,7.8668493150617,102550.0,5935338.108854462,5934988.075059942,-350.0337945205478,57.8740914194046,37.919125512095704,13,
2020-09-28,10390.0,10490.0,23511.619140625,31176.233999999997,3,0.0,0.0,0.0,0.0,10.461260273994412,136370.0,5935338.108854462,5937621.379799668,2283.270945205483,43.54052489403584,28.534348938511886,13,
2020-09-29,10540.0,10665.0,23539.099609375,0.0,0,84303.136,2315.885493150684,1845.4133552171224,470.47213793356144,4.090684931492433,53325.0,5937183.52220968,5938404.952976803,1221.4307671232907,111.36249325788661,72.94313664779969,13,
2020-09-30,10610.0,10350.0,23185.119140625,0.0,0,42431.512,893.5606575342526,712.0338099561692,181.5268475780834,0.7939726027543657,10350.0,5937895.556019636,5937679.144156622,-216.41186301369922,573.6888061987074,375.6591882409276,13,
2020-10-02,10515.0,10195.0,23029.900390625,31551.308999999997,3,0.0,0.0,0.0,0.0,3.1283287671394646,40780.0,5937895.556019636,5936554.706827855,-1340.8491917808199,145.57515220274288,95.3149836350188,13,
2020-10-05,10410.0,10435.0,23312.140625,41648.328,4,0.0,0.0,0.0,0.0,6.403945205442142,83480.0,5937895.556019636,5937599.974882649,-295.58113698630075,71.12601790707534,46.573836808165495,13,
2020-10-06,10525.0,10545.0,23433.73046875,10527.105,1,0.0,0.0,0.0,0.0,7.280383561563212,94905.0,5937895.556019636,5938490.589499088,595.0334794520559,62.57300025814328,40.9764209575737,13,
2020-10-07,10420.0,10540.0,23422.8203125,10422.083999999999,1,0.0,0.0,0.0,0.0,8.085479452100117,105400.0,5937895.556019636,5938555.420019636,659.8640000000021,56.34303055047093,36.89681191669476,13,
2020-10-08,10610.0,10750.0,23647.0703125,10612.122,1,0.0,0.0,0.0,0.0,9.071232876740396,118250.0,5937895.556019636,5940784.226786759,2888.6707671232907,50.23919007853496,32.90607789897568,13,
2020-10-09,10815.0,10710.0,23619.689453125,0.0,0,108128.37,3379.987424657532,2693.3429793383543,686.6444453191776,0.82158904109383,10710.0,5940588.898998974,5940685.130752399,96.23175342465815,554.6858198648365,362.9938194683302,13,
2020-10-12,10685.0,10670.0,23558.689453125,0.0,0,0.0,0.0,0.0,0.0,0.8185205479385331,10670.0,5940588.898998974,5940644.312231851,55.41323287671294,556.7614163291331,364.3507187876964,13,
2020-10-13,10750.0,10695.0,23601.779296875,0.0,0,0.0,0.0,0.0,0.0,0.8204383561387658,10695.0,5940588.898998974,5940668.491793495,79.59279452054855,555.4622245716217,363.50121819429717,13,
2020-10-14,10645.0,10720.0,23626.73046875,0.0,0,0.0,0.0,0.0,0.0,0.8223561643972062,10720.0,5940588.898998974,5940692.66943733,103.77043835616499,554.1690922982584,362.6556794660149,13,
2020-10-15,10660.0,10625.0,23507.23046875,0.0,0,0.0,0.0,0.0,0.0,0.8150684931315482,10625.0,5940588.898998974,5940596.854368837,7.95536986301431,559.1149980582435,365.8891532930534,13,
2020-10-16,10615.0,10550.0,23410.630859375,21234.246,2,0.0,0.0,0.0,0.0,2.427945205476135,31650.0,5940588.898998974,5940385.180423631,-203.7185753424643,187.6898951160705,122.82332233327904,13,
2020-10-19,10660.0,10770.0,23671.130859375,21324.264,2,0.0,0.0,0.0,0.0,4.130958904104773,53850.0,5940588.898998974,5941256.785464727,667.8864657534268,110.32974531967925,72.20474699963738,13,
2020-10-20,10695.0,10665.0,23567.0390625,0.0,0,32078.583000000002,222.38584931507228,177.20816402671537,45.17768528835693,1.6362739725736901,21330.0,5940766.107163001,5940768.5545054665,2.44734246575421,278.5170442806126,182.25566680018397,13,
2020-10-21,10705.0,10740.0,23639.4609375,10707.141,1,0.0,0.0,0.0,0.0,2.4716712328372523,32220.0,5940766.107163001,5940948.941834234,182.83467123287787,184.38699384960378,120.6608096991142,13,
2020-10-22,10650.0,10595.0,23474.26953125,0.0,0,0.0,0.0,0.0,0.0,2.4383013698388822,31785.0,5940766.107163001,5940511.503532864,-254.60363013698515,186.89669666612755,122.29829831375551,13,
2020-10-23,10655.0,10640.0,23516.58984375,10657.131,1,0.0,0.0,0.0,0.0,3.2648767123464495,42560.0,5940766.107163001,5940626.107656152,-139.99950684931332,139.58238034906373,91.3384105063274,13,
2020-10-26,10640.0,10610.0,23494.33984375,10642.128,1,0.0,0.0,0.0,0.0,4.06958904111525,53050.0,5940766.107163001,5940469.91006711,-296.1970958904098,111.97869764499737,73.2743163802302,13,
2020-10-27,10520.0,10595.0,23485.80078125,21044.208,2,0.0,0.0,0.0,0.0,5.689369862957392,74165.0,5940766.107163001,5940535.012697248,-231.09446575342224,80.0989012701038,52.41369779857731,13,
2020-10-28,10500.0,10540.0,23418.509765625,21004.2,2,0.0,0.0,0.0,0.0,7.276931506872643,94860.0,5940766.107163001,5940218.535765741,-547.5713972602724,62.620899596940134,40.97552333300098,13,
2020-10-29,10300.0,10450.0,23331.939453125,30906.18,3,0.0,0.0,0.0,0.0,9.619726027362049,125400.0,5940766.107163001,5939842.736039713,-923.3711232876697,47.3671669540647,30.993243412411626,13,
2020-10-30,10420.0,10165.0,22977.130859375,41688.335999999996,4,31253.748000000003,345.1630684931536,275.0431911287695,70.11987736438415,10.13715068489546,132145.0,5941041.150354129,5936072.891011664,-4968.259342465748,44.920904241641104,29.38005659441667,13,
2020-11-02,10240.0,10440.0,23295.48046875,71694.336,7,0.0,0.0,0.0,0.0,16.017534246551804,208800.0,5941041.150354129,5941017.537477417,-23.612876712318666,28.4531491258497,18.617606358240888,13,
2020-11-04,10785.0,10810.0,23695.23046875,32361.470999999998,3,75479.90100000001,3779.9588630137155,3012.0602199924792,767.8986430212362,13.268164383538533,172960.0,5944053.210574122,5947514.800670013,3461.5900958904194,34.38664894004401,22.491097616592825,13,
2020-11-05,10965.0,11190.0,24105.279296875,0.0,0,109628.07,4552.611547945216,3627.7485119801463,924.8630359650708,5.15046575339511,67140.0,5947680.9590861015,5950392.857168294,2711.8980821917844,88.62664368734426,57.9145150171355,13,
2020-11-06,11195.0,11375.0,24325.23046875,0.0,0,67156.566,2728.4640821917887,2174.1766038945266,554.2874782972618,0.0,0.0,5949855.135689996,5949855.135689996,0.0,inf,inf,13,
2020-11-09,11590.0,11855.0,24839.83984375,0.0,0,0.0,0.0,0.0,0.0,0.0,0.0,5949855.135689996,5949855.135689996,0.0,inf,inf,13,
2020-11-10,12215.0,11915.0,24905.58984375,0.0,0,0.0,0.0,0.0,0.0,0.0,0.0,5949855.135689996,5949855.135689996,0.0,inf,inf,13,
2020-11-11,12190.0,12335.0,25349.599609375,0.0,0,0.0,0.0,0.0,0.0,0.0,0.0,5949855.135689996,5949855.135689996,0.0,inf,inf,13,
2020-11-12,12425.0,12500.0,25520.880859375,0.0,0,0.0,0.0,0.0,0.0,0.0,0.0,5949855.135689996,5949855.135689996,0.0,inf,inf,13,
2020-11-13,12390.0,12345.0,25385.869140625,0.0,0,0.0,0.0,0.0,0.0,0.0,0.0,5949855.135689996,5949855.135689996,0.0,inf,inf,13,
2020-11-16,12645.0,12875.0,25906.9296875,0.0,0,0.0,0.0,0.0,0.0,0.0,0.0,5949855.135689996,5949855.135689996,0.0,inf,inf,13,
2020-11-17,13060.0,12950.0,26014.619140625,0.0,0,0.0,0.0,0.0,0.0,0.0,0.0,5949855.135689996,5949855.135689996,0.0,inf,inf,13,
2020-11-18,12845.0,12695.0,25728.140625,0.0,0,0.0,0.0,0.0,0.0,0.0,0.0,5949855.135689996,5949855.135689996,0.0,inf,inf,13,
2020-11-19,12585.0,12555.0,25634.33984375,0.0,0,0.0,0.0,0.0,0.0,0.0,0.0,5949855.135689996,5949855.135689996,0.0,inf,inf,13,
2020-11-20,12435.0,12495.0,25527.369140625,0.0,0,0.0,0.0,0.0,0.0,0.0,0.0,5949855.135689996,5949855.135689996,0.0,inf,inf,13,
2020-11-24,12925.0,13110.0,26165.58984375,0.0,0,0.0,0.0,0.0,0.0,0.0,0.0,5949855.135689996,5949855.135689996,0.0,inf,inf,13,
2020-11-25,13485.0,13225.0,26296.859375,0.0,0,0.0,0.0,0.0,0.0,0.0,0.0,5949855.135689996,5949855.135689996,0.0,inf,inf,13,
2020-11-26,13210.0,13500.0,26537.310546875,0.0,0,0.0,0.0,0.0,0.0,0.0,0.0,5949855.135689996,5949855.135689996,0.0,inf,inf,13,
2020-11-27,13435.0,13595.0,26644.7109375,0.0,0,0.0,0.0,0.0,0.0,0.0,0.0,5949855.135689996,5949855.135689996,0.0,inf,inf,13,
2020-11-30,13805.0,13415.0,26433.619140625,0.0,0,0.0,0.0,0.0,0.0,0.0,0.0,5949855.135689996,5949855.135689996,0.0,inf,inf,13,
2020-12-01,13570.0,13745.0,26787.5390625,0.0,0,0.0,0.0,0.0,0.0,0.0,0.0,5949855.135689996,5949855.135689996,0.0,inf,inf,13,
2020-12-02,13825.0,13745.0,26800.98046875,0.0,0,0.0,0.0,0.0,0.0,0.0,0.0,5949855.135689996,5949855.135689996,0.0,inf,inf,13,
2020-12-03,13715.0,13755.0,26809.369140625,0.0,0,0.0,0.0,0.0,0.0,0.0,0.0,5949855.135689996,5949855.135689996,0.0,inf,inf,13,
2020-12-04,13655.0,13695.0,26751.240234375,0.0,0,0.0,0.0,0.0,0.0,0.0,0.0,5949855.135689996,5949855.135689996,0.0,inf,inf,13,
2020-12-07,13825.0,13505.0,26547.439453125,0.0,0,0.0,0.0,0.0,0.0,0.0,0.0,5949855.135689996,5949855.135689996,0.0,inf,inf,13,
2020-12-08,13335.0,13400.0,26467.080078125,0.0,0,0.0,0.0,0.0,0.0,0.0,0.0,5949855.135689996,5949855.135689996,0.0,inf,inf,13,
2020-12-09,13480.0,13740.0,26817.939453125,0.0,0,0.0,0.0,0.0,0.0,0.0,0.0,5949855.135689996,5949855.135689996,0.0,inf,inf,13,
2020-12-10,13610.0,13710.0,26756.240234375,0.0,0,0.0,0.0,0.0,0.0,0.0,0.0,5949855.135689996,5949855.135689996,0.0,inf,inf,13,
2020-12-11,13690.0,13580.0,26652.51953125,0.0,0,0.0,0.0,0.0,0.0,0.0,0.0,5949855.135689996,5949855.135689996,0.0,inf,inf,13,
2020-12-14,13635.0,13665.0,26732.439453125,0.0,0,0.0,0.0,0.0,0.0,0.0,0.0,5949855.135689996,5949855.135689996,0.0,inf,inf,13,
2020-12-15,13600.0,13625.0,26687.83984375,0.0,0,0.0,0.0,0.0,0.0,0.0,0.0,5949855.135689996,5949855.135689996,0.0,inf,inf,13,
2020-12-16,13760.0,13705.0,26757.400390625,0.0,0,0.0,0.0,0.0,0.0,0.0,0.0,5949855.135689996,5949855.135689996,0.0,inf,inf,13,
2020-12-17,13720.0,13755.0,26806.669921875,0.0,0,0.0,0.0,0.0,0.0,0.0,0.0,5949855.135689996,5949855.135689996,0.0,inf,inf,13,
2020-12-18,13705.0,13705.0,26763.390625,0.0,0,0.0,0.0,0.0,0.0,0.0,0.0,5949855.135689996,5949855.135689996,0.0,inf,inf,13,
2020-12-21,13780.0,13635.0,26714.419921875,0.0,0,0.0,0.0,0.0,0.0,0.0,0.0,5949855.135689996,5949855.135689996,0.0,inf,inf,13,
2020-12-22,13515.0,13345.0,26436.390625,0.0,0,0.0,0.0,0.0,0.0,0.0,0.0,5949855.135689996,5949855.135689996,0.0,inf,inf,13,
2020-12-23,13505.0,13440.0,26524.7890625,13507.701,1,0.0,0.0,0.0,0.0,1.0310136986081488,13440.0,5949855.135689996,5949786.4036762975,-68.73201369862925,442.69244074972454,289.06581768322854,13,
2020-12-24,13605.0,13595.0,26668.349609375,0.0,0,0.0,0.0,0.0,0.0,1.0429041095776483,13595.0,5949855.135689996,5949940.360772188,85.22508219178171,437.65651789423964,285.78135372227825,13,
2020-12-25,13610.0,13610.0,26656.609375,0.0,0,0.0,0.0,0.0,0.0,1.0440547945327125,13610.0,5949855.135689996,5949954.316717394,99.18102739726116,437.1751885905506,285.4673340003515,13,
2020-12-28,13635.0,13795.0,26854.029296875,0.0,0,0.0,0.0,0.0,0.0,1.0582465753541328,13795.0,5949855.135689996,5950138.258470818,283.1227808219187,431.325716453122,281.65228700628006,13,
2020-12-29,13900.0,14595.0,27568.150390625,0.0,0,13897.220000000001,385.34278082191986,307.0603948979468,78.28238592397302,0.0,0.0,5950162.196084894,5950162.196084894,0.0,inf,inf,13,
2020-12-30,14605.0,14450.0,27444.169921875,0.0,0,0.0,0.0,0.0,0.0,0.0,0.0,5950162.196084894,5950162.196084894,0.0,inf,inf,13,
2021-01-04,14610.0,14225.0,27258.380859375,0.0,0,0.0,0.0,0.0,0.0,0.0,0.0,5950162.196084894,5950162.196084894,0.0,inf,inf,13,
2021-01-05,14090.0,14130.0,27158.630859375,0.0,0,0.0,0.0,0.0,0.0,0.0,0.0,5950162.196084894,5950162.196084894,0.0,inf,inf,13,
2021-01-06,14065.0,14020.0,27055.939453125,0.0,0,0.0,0.0,0.0,0.0,0.0,0.0,5950162.196084894,5950162.196084894,0.0,inf,inf,13,
2021-01-07,14375.0,14450.0,27490.130859375,0.0,0,0.0,0.0,0.0,0.0,0.0,0.0,5950162.196084894,5950162.196084894,0.0,inf,inf,13,
2021-01-08,14685.0,15100.0,28139.029296875,0.0,0,0.0,0.0,0.0,0.0,0.0,0.0,5950162.196084894,5950162.196084894,0.0,inf,inf,13,
2021-01-12,15075.0,15225.0,28164.33984375,0.0,0,0.0,0.0,0.0,0.0,0.0,0.0,5950162.196084894,5950162.196084894,0.0,inf,inf,13,
2021-01-13,15175.0,15525.0,28456.58984375,0.0,0,0.0,0.0,0.0,0.0,0.0,0.0,5950162.196084894,5950162.196084894,0.0,inf,inf,13,
2021-01-14,15500.0,15750.0,28698.259765625,0.0,0,0.0,0.0,0.0,0.0,0.0,0.0,5950162.196084894,5950162.196084894,0.0,inf,inf,13,
2021-01-15,15975.0,15550.0,28519.1796875,0.0,0,0.0,0.0,0.0,0.0,0.0,0.0,5950162.196084894,5950162.196084894,0.0,inf,inf,13,
2021-01-18,15200.0,15250.0,28242.2109375,0.0,0,0.0,0.0,0.0,0.0,0.0,0.0,5950162.196084894,5950162.196084894,0.0,inf,inf,13,
2021-01-19,15475.0,15700.0,28633.4609375,0.0,0,0.0,0.0,0.0,0.0,0.0,0.0,5950162.196084894,5950162.196084894,0.0,inf,inf,13,
2021-01-20,15900.0,15575.0,28523.259765625,0.0,0,0.0,0.0,0.0,0.0,0.0,0.0,5950162.196084894,5950162.196084894,0.0,inf,inf,13,
2021-01-21,15775.0,15800.0,28756.859375,0.0,0,0.0,0.0,0.0,0.0,0.0,0.0,5950162.196084894,5950162.196084894,0.0,inf,inf,13,
2021-01-22,15625.0,15700.0,28631.44921875,0.0,0,0.0,0.0,0.0,0.0,0.0,0.0,5950162.196084894,5950162.196084894,0.0,inf,inf,13,
2021-01-25,15775.0,15875.0,28822.2890625,0.0,0,0.0,0.0,0.0,0.0,0.0,0.0,5950162.196084894,5950162.196084894,0.0,inf,inf,13,
2021-01-26,15775.0,15575.0,28546.1796875,0.0,0,0.0,0.0,0.0,0.0,0.0,0.0,5950162.196084894,5950162.196084894,0.0,inf,inf,13,
2021-01-27,15725.0,15700.0,28635.2109375,0.0,0,0.0,0.0,0.0,0.0,0.0,0.0,5950162.196084894,5950162.196084894,0.0,inf,inf,13,
2021-01-28,15000.0,15175.0,28197.419921875,0.0,0,0.0,0.0,0.0,0.0,0.0,0.0,5950162.196084894,5950162.196084894,0.0,inf,inf,13,
2021-01-29,15325.0,14595.0,27663.390625,0.0,0,0.0,0.0,0.0,0.0,0.0,0.0,5950162.196084894,5950162.196084894,0.0,inf,inf,13,
2021-02-01,14595.0,15075.0,28091.05078125,14597.919,1,0.0,0.0,0.0,0.0,1.1564383561490104,15075.0,5950162.196084894,5950638.120646538,475.9245616438358,394.7355303911468,257.74505221944776,13,
2021-02-02,15225.0,15375.0,28362.169921875,0.0,0,15221.955,622.8795616438357,496.34157869589046,126.53798294794522,0.0,0.0,5950658.53766359,5950658.53766359,0.0,inf,inf,13,
2021-02-03,15475.0,15675.0,28646.5,0.0,0,0.0,0.0,0.0,0.0,0.0,0.0,5950658.53766359,5950658.53766359,0.0,inf,inf,13,
2021-02-04,15600.0,15375.0,28341.94921875,0.0,0,0.0,0.0,0.0,0.0,0.0,0.0,5950658.53766359,5950658.53766359,0.0,inf,inf,13,
2021-02-05,15675.0,15825.0,28779.189453125,0.0,0,0.0,0.0,0.0,0.0,0.0,0.0,5950658.53766359,5950658.53766359,0.0,inf,inf,13,
2021-02-08,15900.0,16475.0,29388.5,0.0,0,0.0,0.0,0.0,0.0,0.0,0.0,5950658.53766359,5950658.53766359,0.0,inf,inf,13,
2021-02-09,16625.0,16625.0,29505.9296875,0.0,0,0.0,0.0,0.0,0.0,0.0,0.0,5950658.53766359,5950658.53766359,0.0,inf,inf,13,
2021-02-10,16475.0,16675.0,29562.9296875,0.0,0,0.0,0.0,0.0,0.0,0.0,0.0,5950658.53766359,5950658.53766359,0.0,inf,inf,13,
2021-02-12,16775.0,16625.0,29520.0703125,0.0,0,0.0,0.0,0.0,0.0,0.0,0.0,5950658.53766359,5950658.53766359,0.0,inf,inf,13,
2021-02-15,16825.0,17250.0,30084.150390625,0.0,0,0.0,0.0,0.0,0.0,0.0,0.0,5950658.53766359,5950658.53766359,0.0,inf,inf,13,
2021-02-16,17400.0,17700.0,30467.75,0.0,0,0.0,0.0,0.0,0.0,0.0,0.0,5950658.53766359,5950658.53766359,0.0,inf,inf,13,
2021-02-17,17550.0,17525.0,30292.189453125,0.0,0,0.0,0.0,0.0,0.0,0.0,0.0,5950658.53766359,5950658.53766359,0.0,inf,inf,13,
2021-02-18,17575.0,17475.0,30236.08984375,0.0,0,0.0,0.0,0.0,0.0,0.0,0.0,5950658.53766359,5950658.53766359,0.0,inf,inf,13,
2021-02-19,17150.0,17150.0,30017.919921875,0.0,0,0.0,0.0,0.0,0.0,0.0,0.0,5950658.53766359,5950658.53766359,0.0,inf,inf,13,
2021-02-22,17500.0,17350.0,30156.029296875,0.0,0,0.0,0.0,0.0,0.0,0.0,0.0,5950658.53766359,5950658.53766359,0.0,inf,inf,13,
2021-02-24,17150.0,16800.0,29671.69921875,0.0,0,0.0,0.0,0.0,0.0,0.0,0.0,5950658.53766359,5950658.53766359,0.0,inf,inf,13,
2021-02-25,17350.0,17375.0,30168.26953125,0.0,0,0.0,0.0,0.0,0.0,0.0,0.0,5950658.53766359,5950658.53766359,0.0,inf,inf,13,
2021-02-26,16675.0,16025.0,28966.009765625,0.0,0,0.0,0.0,0.0,0.0,0.0,0.0,5950658.53766359,5950658.53766359,0.0,inf,inf,6,
2021-03-01,16625.0,16750.0,29663.5,33256.65,2,0.0,0.0,0.0,0.0,2.5698630136903375,33500.0,5950658.53766359,5950899.317800577,240.7801369862999,177.63878560598738,115.97440029664345,6,
2021-03-02,17025.0,16450.0,29408.169921875,17028.405,1,0.0,0.0,0.0,0.0,3.7857534246286377,49350.0,5950658.53766359,5949717.127047152,-941.4106164383566,120.5616439117964,78.70225802291199,6,
2021-03-03,16575.0,16600.0,29559.099609375,16578.315,1,0.0,0.0,0.0,0.0,5.093698630109429,66400.0,5950658.53766359,5950183.718348522,-474.81931506849213,89.61120057753797,58.50027004568444,6,
2021-03-04,16150.0,15900.0,28930.109375,16153.23,1,0.0,0.0,0.0,0.0,6.098630136984866,79500.0,5950658.53766359,5947124.3897183845,-3534.147945205478,74.8065960970866,48.82204407261852,6,
2021-03-05,15675.0,15825.0,28864.3203125,31356.27,2,0.0,0.0,0.0,0.0,8.497808219166473,110775.0,5950658.53766359,5947034.621910165,-3623.9157534246565,53.68571087258104,35.03727590301723,6,
2021-03-08,16250.0,15675.0,28743.25,32506.5,2,0.0,0.0,0.0,0.0,10.822191780782305,141075.0,5950658.53766359,5944817.299718385,-5841.237945205479,42.13941024078245,27.496197723006713,6,
2021-03-09,15725.0,15975.0,29027.939453125,31456.29,2,0.0,0.0,0.0,0.0,13.480273972614668,175725.0,5950658.53766359,5947997.529444412,-2661.0082191780825,33.848328521521765,22.092433309006836,6,
2021-03-10,16175.0,16025.0,29036.560546875,32356.469999999998,2,0.0,0.0,0.0,0.0,15.981095890398137,208325.0,5950658.53766359,5948225.078348522,-2433.459315068491,28.552622480972143,18.63628662442552,6,
2021-03-11,16025.0,16225.0,29211.640625,32056.41,2,0.0,0.0,0.0,0.0,18.66986301349243,243375.0,5950658.53766359,5951199.998485508,541.460821917811,24.452799172000034,15.964501946820418,6,
2021-03-12,16350.0,16775.0,29717.830078125,654130.8,40,65386.92,2554.72931506849,2035.7360547123264,518.9932603561638,65.62931506847963,855525.0,5952694.273718303,5974021.495910084,21327.22219178078,6.982871915969824,4.565105403234105,1,
2021-03-15,16900.0,16850.0,29766.970703125,625425.06,37,118276.34,5170.145342465749,4119.8303161438325,1050.3150263219168,104.70082191779511,1364850.0,5956814.104034446,5975042.760061843,18228.65602739716,4.377801780460742,2.85841537025258,1,
2021-03-16,16850.0,17025.0,29921.08984375,387627.50999999995,23,673865.2000000001,19631.22191780824,15643.139185205497,3988.0827326027443,83.5857534246752,1089600.0,5972457.243219652,5981958.781575817,9501.53835616438,5.49005027677663,3.5687494786453504,1,
2021-03-17,16900.0,17000.0,29914.330078125,524004.78,31,0.0,0.0,0.0,0.0,123.8904109588475,1615000.0,5972457.243219652,5983230.111164858,10772.867945205446,3.7047864465417075,2.408456266941211,1,
2021-03-18,17275.0,17375.0,30216.75,414682.9199999999,24,0.0,0.0,0.0,0.0,158.612328767078,2067625.0,5972457.243219652,6021013.578836091,48556.3356164384,2.9120433245081148,1.8994168316075313,1,
2021-03-19,17025.0,16900.0,29792.05078125,0.0,0,1600029.9300000002,12720.973082191884,10136.707400544603,2584.265681647281,32.41095890413271,422500.0,5982593.950620197,5973301.832195539,-9292.118424657458,14.137992502237962,9.152228629043492,1,
2021-03-22,16400.0,16150.0,29174.150390625,639727.9199999999,39,0.0,0.0,0.0,0.0,79.2898630136624,1033600.0,5982593.950620197,5944594.622332525,-37999.32828767109,5.751349286312428,3.7132644118080957,1,
2021-03-23,16400.0,15950.0,28995.919921875,639727.9199999999,39,0.0,0.0,0.0,0.0,126.0268493151525,1642850.0,5982593.950620197,5913990.675483211,-68603.27513698608,3.5998360626248354,2.3174971070677284,1,
2021-03-24,15675.0,15300.0,28405.51953125,642803.535,41,0.0,0.0,0.0,0.0,169.01260273979278,2203200.0,5982593.950620197,5831368.127880471,-151225.82273972585,2.6467720260895384,1.6904995289309812,1,
2021-03-25,15350.0,15625.0,28729.880859375,644828.94,42,0.0,0.0,0.0,0.0,222.94520547945285,2906250.0,5982593.950620197,5889366.2426749915,-93227.70794520523,2.0264485996301045,1.301430961455408,1,
2021-03-26,16050.0,16175.0,29176.69921875,642128.3999999999,40,0.0,0.0,0.0,0.0,280.4257534247008,3655550.0,5982593.950620197,5996257.416921567,13663.46630137021,1.6403160719786536,1.0638329335456853,1,
2021-03-29,16525.0,16325.0,29384.51953125,644603.895,39,1371300.685,83417.6138356164,66471.32558491093,16946.28825070547,227.92383561650058,2971150.0,6049065.276205108,6021379.9948352445,-27685.281369862718,2.026615955046108,1.2891882000119061,1,
2021-03-30,16575.0,16600.0,29432.69921875,646554.2849999999,39,0.0,0.0,0.0,0.0,281.4268493151758,3668600.0,6049065.276205108,6071994.282985929,22929.006780822296,1.6551257381524094,1.057816164685914,1,
2021-03-31,16450.0,16375.0,29178.80078125,625225.02,38,657868.3999999999,15589.33698630137,12422.363177534247,3166.9738087671235,275.0999999999185,3586125.0,6061487.639382642,6018720.589177162,-42767.05020547919,1.6783354147379588,1.0628648613675418,1,
2021-04-01,16625.0,16575.0,29388.869140625,615248.025,37,0.0,0.0,0.0,0.0,325.5057534246589,4243200.0,6061487.639382642,6060222.058423738,-1265.5809589038622,1.4282197535877965,0.9079803484315676,1,
2021-04-02,17000.0,17100.0,29854.0,306061.19999999995,18,0.0,0.0,0.0,0.0,359.4279452053597,4685400.0,6061487.639382642,6196001.430478533,134513.7910958907,1.322406076424325,0.8511892599510001,1,
2021-04-05,17375.0,17350.0,30089.25,0.0,0,4012822.2750000004,200124.01712328833,159468.8230446923,40655.194078596025,57.231232876714785,746050.0,6220956.462427334,6228761.28016706,7804.81773972615,8.348986368429811,5.1212931571701334,1,
2021-04-06,17500.0,16950.0,29696.630859375,332566.5,19,0.0,0.0,0.0,0.0,80.61698630137835,1050900.0,6220956.462427334,6200964.163180759,-19992.299246575218,5.900622478999676,3.6091569378001487,1,
2021-04-07,16975.0,16925.0,29730.7890625,645179.01,38,0.0,0.0,0.0,0.0,129.83561643830035,1692500.0,6220956.462427334,6197255.317564321,-23701.144863013586,3.661598415104473,2.2387145315812695,1,
2021-04-08,16875.0,16950.0,29708.98046875,624499.875,37,0.0,0.0,0.0,0.0,178.13753424660536,2322150.0,6220956.462427334,6202227.305030074,-18729.15739726016,2.670898652124141,1.633752425395778,1,
2021-04-09,17125.0,16975.0,29768.060546875,650880.15,38,0.0,0.0,0.0,0.0,227.88356164383003,2970625.0,6220956.462427334,6199594.27146843,-21362.19095890402,2.0869663021985034,1.2761480420818911,1,
2021-04-12,17100.0,16750.0,29538.73046875,649929.96,38,0.0,0.0,0.0,0.0,273.69041095895227,3567750.0,6220956.462427334,6146515.621057471,-74440.84136986289,1.722798856718512,1.0476084189440407,1,
2021-04-13,16825.0,16975.0,29751.609375,639477.8699999999,38,0.0,0.0,0.0,0.0,326.85013698629336,4260725.0,6220956.462427334,6199685.900920485,-21270.561506849066,1.4550776923928403,0.8896252084829761,1,
2021-04-14,16950.0,16850.0,29620.990234375,644228.82,38,0.0,0.0,0.0,0.0,373.562191780773,4869650.0,6220956.462427334,6164008.518728704,-56947.94369862984,1.2658011394512345,0.7709789044448917,1,
2021-04-15,16750.0,16825.0,29642.689453125,636627.2999999999,38,0.0,0.0,0.0,0.0,422.0539726028219,5501775.0,6220956.462427334,6159084.164756102,-61872.2976712325,1.1194722002910154,0.6814257242589639,1,
2021-04-16,17025.0,16900.0,29683.369140625,630050.985,37,0.0,0.0,0.0,0.0,471.90356164384866,6151600.0,6220956.462427334,6178386.276194458,-42570.18623287632,1.0043543592227158,0.6125042626246137,1,
2021-04-19,16900.0,16875.0,29685.369140625,591618.3,35,0.0,0.0,0.0,0.0,516.513698630326,6733125.0,6220956.462427334,6167776.462495827,-53179.99993150652,0.916034747980444,0.5579511585726261,1,
2021-04-20,16525.0,16225.0,29100.380859375,132226.44,8,0.0,0.0,0.0,0.0,506.57561643834924,6603575.0,6220956.462427334,5905493.446879389,-315463.01554794493,0.8942873287392645,0.5291020853600414,1,
2021-04-21,15650.0,15550.0,28508.55078125,641778.33,41,0.0,0.0,0.0,0.0,534.4087671233574,6966400.0,6220956.462427334,5626005.708112266,-594950.7543150681,0.8075915405535522,0.4613492127637216,1,margin_warning
2021-04-22,15950.0,16300.0,29188.169921875,654080.79,41,0.0,0.0,0.0,0.0,611.4509589041118,7970700.0,6220956.462427334,5975613.467153362,-245342.99527397225,0.7496974503059156,0.44700458728585707,1,margin_warning
2021-04-23,15950.0,16125.0,29020.630859375,638127.6,40,653819.21,11940.705205479457,9514.950942986305,2425.7542624931516,603.6493150686729,7869000.0,6230471.413370321,5886575.6735758,-343895.73979452025,0.7480716321738213,0.43987257793636697,1,margin_warning
2021-04-26,16150.0,16250.0,29126.23046875,646129.2,40,0.0,0.0,0.0,0.0,658.1917808217695,8580000.0,6230471.413370321,5950788.281794978,-279683.13157534203,0.6935650678082725,0.41082887321907086,1,margin_warning
2021-04-27,8170.0,8040.0,28991.890625,653730.72,80,0.0,0.0,0.0,0.0,374.9944109590142,4888320.0,6230471.413370321,1605002.5673840195,-4625468.845986301,0.32833418585199403,-0.16800229457201857,1,margin_call;forced_liquidation
2021-04-28,8000.0,8070.0,29053.970703125,0.0,0,4863027.200000001,-4650761.645986301,-4650761.645986301,0.0,0.0,0.0,1579709.7673840197,1579709.7673840197,0.0,inf,inf,1,
2021-04-30,16080.0,15900.0,28812.630859375,643328.64,40,0.0,0.0,0.0,0.0,48.78904109587893,636000.0,1579709.7673840197,1572332.3383429237,-7377.429041095905,2.4722206577718926,5.9698013385248725,1,
2021-05-06,16110.0,16460.0,29331.369140625,708981.768,44,0.0,0.0,0.0,0.0,106.06553424656158,1382640.0,1579709.7673840197,1609884.5048086771,30174.73742465748,1.164355511780852,2.7731294857904634,9,
2021-05-07,16470.0,16490.0,29357.8203125,82366.46999999999,5,1383203.3040000002,30738.041424657717,24493.6083092385,6244.433115419215,6.324931506824214,82450.0,1604203.375693258,1604280.5807617512,77.20506849316408,19.457617716940582,46.062964970651734,9,
2021-05-10,16520.0,16680.0,29518.33984375,132186.432,8,0.0,0.0,0.0,0.0,16.634301369893365,216840.0,1604203.375693258,1606467.5144603811,2264.1387671233006,7.408538620459238,17.52472680883368,9,
2021-05-11,16360.0,15650.0,28608.58984375,49089.816,3,0.0,0.0,0.0,0.0,19.208767123287544,250400.0,1604203.375693258,1590918.489693258,-13284.885999999988,6.35350834542036,15.11379204350339,9,
2021-05-12,15730.0,15140.0,28147.509765625,818123.592,52,0.0,0.0,0.0,0.0,78.97687671240419,1029520.0,1604203.375693258,1551835.9208165456,-52367.45487671226,1.50733926569328,3.6379399933365297,9,
2021-05-13,14740.0,14350.0,27448.009765625,928805.724,63,0.0,0.0,0.0,0.0,144.20767123287078,1879850.0,1604203.375693258,1473215.9891453127,-130987.38654794518,0.78368805444334,1.9504576655570172,9,
2021-05-14,14820.0,15040.0,28084.470703125,948669.696,64,0.0,0.0,0.0,0.0,224.9819178082398,2932800.0,1604203.375693258,1577271.3112275044,-26932.0644657534,0.537803911356896,1.2855967617163606,9,
2021-05-17,15300.0,14760.0,27824.830078125,918183.6,60,1942711.3800000001,65020.08153424665,51811.251970564444,13208.829563682208,144.93106849316973,1889280.0,1656014.6276638224,1544925.3305953294,-111089.29706849306,0.817732326915719,1.944067152315606,9,
2021-05-18,14910.0,15370.0,28406.83984375,939517.866,63,0.0,0.0,0.0,0.0,225.20208219176857,2935670.0,1656014.6276638224,1651572.2625131374,-4442.36515068488,0.5625878462201601,1.2873752565385221,9,
2021-05-19,14810.0,14990.0,28044.44921875,459201.822,31,0.0,0.0,0.0,0.0,255.28175342461327,3327780.0,1656014.6276638224,1584225.158759713,-71789.46890410951,0.47606066469529623,1.115370166854658,9,
2021-05-20,14810.0,15010.0,28098.25,636957.3659999999,43,0.0,0.0,0.0,0.0,305.13479452056345,3977650.0,1656014.6276638224,1596832.6579651923,-59181.96969862998,0.4014512734818781,0.9362334288503398,9,
2021-05-21,15250.0,15280.0,28317.830078125,213542.69999999998,14,1128274.3,31994.25709589049,25494.62376686034,6499.633329030154,240.29369863012107,3132400.0,1681509.2514306828,1659574.3309375322,-21934.920493150617,0.5298091977198098,1.1986068255792277,9,
2021-05-24,15160.0,15310.0,28364.609375,227445.47999999998,15,954888.984,15078.004027397277,12014.907509231522,3063.0965181657566,184.39112328767078,2403670.0,1693524.1589399143,1655040.347296079,-38483.81164383549,0.6885472412170052,1.5537572302571627,9,
2021-05-25,15530.0,15520.0,28553.98046875,139797.954,9,0.0,0.0,0.0,0.0,197.6355068492703,2576320.0,1693524.1589399143,1687694.7577892295,-5829.401150684802,0.6550796321067374,1.4622315615445811,9,
2021-05-26,15360.0,15610.0,28642.189453125,122904.576,8,1366766.592,7020.820438356141,5594.54076630409,1426.27967205205,101.78575342462864,1326850.0,1699118.6997062187,1680558.708363753,-18559.991342465688,1.2665777656583284,2.8284416181341356,9,
2021-05-27,15520.0,15510.0,28549.009765625,46569.312,3,124135.168,1221.0121643835657,972.9635431890443,248.0486211945214,95.18465753429336,1240800.0,1700091.663249408,1671731.3310850244,-28360.33216438349,1.3473012017126245,3.01642020222488,9,
2021-05-28,16030.0,16180.0,29149.41015625,96199.236,6,0.0,0.0,0.0,0.0,106.74367123283446,1391480.0,1700091.663249408,1726105.3514137915,26013.68816438363,1.2404816105253338,2.728779043592553,9,
2021-05-31,16020.0,15860.0,28860.080078125,0.0,0,1025074.944,19743.31197260278,15732.458145368524,4010.8538272342544,26.766465753433295,348920.0,1715824.1213947763,1704582.6751208038,-11241.446273972593,4.885310888228831,10.76392499382902,9,
2021-06-01,16030.0,15790.0,28814.33984375,32066.412,2,0.0,0.0,0.0,0.0,29.07090410962701,378960.0,1715824.1213947763,1702527.1922166941,-13296.929178082182,4.492630336227291,9.90517245893657,9,
2021-06-02,15700.0,15920.0,28946.140625,62812.56,4,0.0,0.0,0.0,0.0,34.1952876712312,445760.0,1715824.1213947763,1706480.436929023,-9343.684465753413,3.8282493649699902,8.429610562776519,9,
2021-06-03,15870.0,16050.0,29058.109375,31746.347999999998,2,63467.304000000004,649.8589589041156,517.8401114027446,132.01884750137108,32.0120547945844,417300.0,1716341.961506179,1709577.362026727,-6764.599479452045,4.096758595798531,9.010300164263757,9,
2021-06-04,15880.0,15940.0,28941.51953125,15883.176,1,0.0,0.0,0.0,0.0,33.015452054853085,430380.0,1716341.961506179,1706741.1705746723,-9600.79093150684,3.9656609753582237,8.729794720115144,9,
2021-06-07,16250.0,16000.0,29019.240234375,81266.25,5,0.0,0.0,0.0,0.0,39.276712328835856,512000.0,1716341.961506179,1707055.6438623434,-9286.317643835606,3.3340930544186396,7.338680172301753,9,
2021-06-08,16090.0,16000.0,28963.560546875,32186.435999999998,2,0.0,0.0,0.0,0.0,41.73150684940629,544000.0,1716341.961506179,1706827.4763554942,-9514.48515068492,3.137550508006423,6.90649696545,9,
2021-06-09,15960.0,15860.0,28860.80078125,47889.576,3,0.0,0.0,0.0,0.0,45.01632876705844,586820.0,1716341.961506179,1701712.884026727,-14629.07747945204,2.8998890358657285,6.393740398328731,9,
2021-06-10,15780.0,15960.0,28958.560546875,94698.93599999999,6,0.0,0.0,0.0,0.0,52.646136986266356,686280.0,1716341.961506179,1706421.3018897406,-9920.65961643833,2.4864797194872947,5.473903526655727,9,
2021-06-11,16000.0,15920.0,28948.73046875,80016.0,5,95980.8,1274.5180273972762,1015.5996901315195,258.9183372657567,51.29293150675949,668640.0,1717357.5611963104,1704435.890620968,-12921.670575342454,2.5491084748459083,5.613363379465207,9,
2021-06-14,16150.0,16170.0,29161.80078125,64612.92,4,0.0,0.0,0.0,0.0,57.060164383554365,743820.0,1717357.5611963104,1714945.9104565845,-2411.650739726013,2.305592630551188,5.060057876525032,9,
2021-06-15,16290.0,16470.0,29441.30078125,16293.258,1,309448.098,5479.430547945217,4366.284232130146,1113.146315815071,35.37665753427427,461160.0,1721723.8454284403,1724292.2274832348,2568.382054794539,3.739032499529957,8.169840748412742,9,
2021-06-16,16330.0,16330.0,29291.009765625,0.0,0,195920.80800000002,1492.7732602739775,1189.516372449319,303.2568878246585,20.04339726024773,261280.0,1722913.361800889,1720009.7351981492,-2903.626602739712,6.583013377212757,14.397613482070582,9,
2021-06-17,16150.0,16010.0,29018.330078125,16153.23,1,0.0,0.0,0.0,0.0,20.878794520511292,272170.0,1722913.361800889,1714725.6264036288,-8187.73539726026,6.300200706924454,13.80204821621178,9,
2021-06-18,16150.0,15950.0,28964.080078125,96919.38,6,0.0,0.0,0.0,0.0,28.141917808214203,366850.0,1722913.361800889,1712458.1044858205,-10455.257315068482,4.668006281820419,10.233631727329273,9,
2021-06-21,15310.0,14870.0,28010.9296875,122504.496,8,0.0,0.0,0.0,0.0,35.36208219174296,460970.0,1722913.361800889,1684038.2464036287,-38875.11539726027,3.6532491190394794,8.082418766961755,9,
2021-06-22,15570.0,15790.0,28884.130859375,918813.726,59,0.0,0.0,0.0,0.0,109.01589041098487,1421100.0,1722913.361800889,1725245.5045132178,2332.142712328752,1.214021183951318,2.650658518911785,9,
2021-06-23,15820.0,15810.0,28874.890625,221524.29599999997,14,1059728.012,18319.508027397267,14597.899971631512,3721.608055765755,44.87441095884424,584970.0,1737511.2617725204,1723552.738046493,-13958.52372602736,2.9463950938449712,6.405103975110616,9,
2021-06-24,15730.0,15780.0,28875.23046875,251730.33599999998,16,0.0,0.0,0.0,0.0,64.15758904104587,836340.0,1737511.2617725204,1723128.2444574519,-14383.017315068437,2.0603202578585886,4.47940433453186,9,
2021-06-25,16050.0,16010.0,29066.1796875,176585.31,11,0.0,0.0,0.0,0.0,78.60252054792363,1024640.0,1737511.2617725204,1734764.331936904,-2746.929835616378,1.6930476381332995,3.6674954189776696,9,
2021-06-28,16050.0,15950.0,29048.01953125,64212.84,4,481403.7,8058.927945205538,6421.756733137032,1637.171212068505,46.49534246575786,606100.0,1743933.018505657,1731731.5253823695,-12201.493123287657,2.8571713007463613,6.181693245766496,9,
2021-06-29,15850.0,15740.0,28812.609375,15853.17,1,0.0,0.0,0.0,0.0,47.09063013701234,613860.0,1743933.018505657,1723591.2647522325,-20341.753753424644,2.8077921101753374,6.090211000877725,9,
2021-06-30,15830.0,15730.0,28791.529296875,237497.49,15,0.0,0.0,0.0,0.0,65.16098630148917,849420.0,1743933.018505657,1721588.613765931,-22344.404739726004,2.026781349351241,4.398847581910242,9,
2021-07-01,15780.0,15620.0,28707.0390625,252530.49599999998,16,0.0,0.0,0.0,0.0,83.87726027396275,1093400.0,1743933.018505657,1712954.2405056572,-30978.777999999955,1.5666309132116858,3.4093203425147696,9,
2021-07-02,15620.0,15700.0,28783.279296875,343708.728,22,0.0,0.0,0.0,0.0,110.80328767112223,1444400.0,1743933.018505657,1720134.7092179859,-23798.309287671193,1.1908991340473456,2.585724541629955,9,
2021-07-05,15650.0,15520.0,28598.189453125,281756.33999999997,18,0.0,0.0,0.0,0.0,130.96328767127125,1707200.0,1743933.018505657,1701047.4059303147,-42885.6125753424,0.9963960906339706,2.176430565460968,9,
2021-07-06,15620.0,15560.0,28643.2109375,484316.844,31,0.0,0.0,0.0,0.0,168.30378082196694,2193960.0,1743933.018505657,1703322.2581494928,-40610.76035616429,0.7763688755262141,1.694519868089355,9,
2021-07-07,15050.0,15260.0,28366.94921875,301060.2,20,0.0,0.0,0.0,0.0,188.47145205468405,2456860.0,1743933.018505657,1664973.586697438,-78959.43180821912,0.6776835418776154,1.4975096940359687,9,
2021-07-08,15200.0,15020.0,28118.029296875,608121.6,40,303939.2,2855.587397260274,2275.4748175068494,580.1125797534246,208.55167123279534,2718620.0,1746208.493323164,1621762.5224464517,-124445.97087671224,0.5965388772415607,1.3363016764276476,9,
2021-07-09,14620.0,14850.0,27940.419921875,789637.896,54,0.0,0.0,0.0,0.0,267.7068493149709,3489750.0,1746208.493323164,1602986.9195971368,-143221.57372602724,0.4593414770677375,1.0355621903778498,9,
2021-07-12,15440.0,15460.0,28569.01953125,864812.928,56,833593.248,43893.83638356171,34976.80352224115,8917.032861320562,281.07550684933085,3664020.0,1781185.2968454054,1736839.131228967,-44346.1656164382,0.4740255596937154,1.0107833618846296,9,
2021-07-13,15630.0,15640.0,28718.240234375,140698.134,9,625074.96,16814.265205479438,13398.44722898629,3415.817976493148,247.15484931494575,3221840.0,1794583.7440743917,1775372.984403159,-19210.759671232736,0.5510431878687827,1.1561725246231713,9,
2021-07-14,15410.0,15510.0,28608.490234375,77065.41,5,0.0,0.0,0.0,0.0,251.04953424667474,3272610.0,1794583.7440743917,1748826.5248689123,-45757.21920547932,0.534382809093938,1.1300476921061249,9,
2021-07-15,15430.0,15160.0,28279.08984375,92598.516,6,0.0,0.0,0.0,0.0,252.36208219185937,3289720.0,1794583.7440743917,1673085.6467867205,-121498.09728767109,0.5085799541561958,1.1010700416749877,9,
2021-07-16,14840.0,14890.0,28003.080078125,267173.424,18,0.0,0.0,0.0,0.0,268.42794520553434,3499150.0,1794583.7440743917,1615073.7948415151,-179509.9492328766,0.4615617492366761,1.0185135983334894,9,
2021-07-19,14500.0,14470.0,27652.740234375,478595.7,33,0.0,0.0,0.0,0.0,297.48734246584354,3877960.0,1794583.7440743917,1514990.6074990493,-279593.13657534233,0.3906668989620959,0.8931374183652484,9,
2021-07-20,14200.0,14220.0,27388.16015625,894778.92,63,0.0,0.0,0.0,0.0,361.0711232876638,4706820.0,1794583.7440743917,1448710.6163757616,-345873.1276986301,0.30778967888633124,0.7216996019981905,9,
2021-07-21,14610.0,14380.0,27548.0,935227.008,64,0.0,0.0,0.0,0.0,435.733698630007,5680100.0,1794583.7440743917,1486327.8746771314,-308255.86939726025,0.2616728358087237,0.6045829554549854,9,
2021-07-26,14900.0,14670.0,27833.2890625,879275.82,59,938512.26,43595.11972602736,34738.7711536849,8856.348572342458,440.01961643830873,5735970.0,1829322.5152280764,1592137.9464883504,-237184.5687397259,0.2775708287331263,0.6094638880169556,9,
2021-07-27,14750.0,14800.0,27970.220703125,531106.2,36,486652.65,7910.7807945205595,6303.705676113708,1607.0751184068517,447.324931506766,5831200.0,1835626.22090419,1640859.996438437,-194766.2244657532,0.2813931946149055,0.6064327277357449,9,
2021-07-28,14500.0,14420.0,27581.66015625,232046.4,16,0.0,0.0,0.0,0.0,453.5386301370454,5912200.0,1835626.22090419,1489360.0578083,-346266.1630958902,0.25191300324892596,0.5724226252008392,9,
2021-07-29,14610.0,14630.0,27782.419921875,526065.192,36,0.0,0.0,0.0,0.0,500.5464109588065,6524980.0,1835626.22090419,1575574.319397341,-260051.9015068492,0.24146806877528224,0.5318009802161053,9,
2021-07-30,14480.0,14090.0,27283.58984375,144828.96,10,0.0,0.0,0.0,0.0,492.87978082185145,6425040.0,1835626.22090419,1330312.479616519,-505313.74128767103,0.2070512369754148,0.5018234968698778,9,
2021-08-02,14360.0,14590.0,27781.01953125,0.0,0,0.0,0.0,0.0,0.0,510.3701917808503,6653040.0,1835626.22090419,1557802.1094247382,-277824.1114794519,0.23414891679964922,0.5187426048761585,3,
2021-08-03,14360.0,14460.0,27641.830078125,0.0,0,0.0,0.0,0.0,0.0,505.8226849315688,6593760.0,1835626.22090419,1498016.2867398066,-337609.93416438345,0.22718695960116939,0.5142625231393644,3,
2021-08-04,14420.0,14400.0,27584.080078125,0.0,0,0.0,0.0,0.0,0.0,503.7238356163725,6566400.0,1835626.22090419,1470152.5629041903,-365473.6579999999,0.22389019293740714,0.5120851923282441,3,
2021-08-05,14330.0,14550.0,27728.119140625,0.0,0,0.0,0.0,0.0,0.0,508.97095890395576,6634800.0,1835626.22090419,1538043.5919452861,-297582.6289589039,0.23181461264021314,0.5169618172343363,3,
2021-08-06,14580.0,14650.0,27820.0390625,0.0,0,0.0,0.0,0.0,0.0,512.4690410959302,6680400.0,1835626.22090419,1583131.1229041903,-252495.09799999988,0.23698148657328758,0.5201055815376598,3,
2021-08-10,14700.0,14700.0,27888.150390625,29405.88,2,382123.56,5039.539397260285,4015.756968706858,1023.782428553427,487.1539726026822,6350400.0,1839641.977872897,1604337.8665030343,-235304.1113698628,0.25263571845915755,0.549602131697714,9,
2021-08-11,14900.0,14910.0,28070.509765625,59611.92,4,0.0,0.0,0.0,0.0,498.68843835621374,6500760.0,1839641.977872897,1694587.258064678,-145054.71980821897,0.2606752530572853,0.5506962386330907,9,
2021-08-12,15040.0,14840.0,28015.01953125,15043.008,1,2075104.8960000002,51562.79791780832,41087.81552080556,10474.982397002761,340.3848767124582,4437160.0,1880729.7933937022,1680233.7787909626,-200496.01460273957,0.3786732456776322,0.7918775564073001,9,
2021-08-13,14900.0,14820.0,27977.150390625,29805.96,2,0.0,0.0,0.0,0.0,342.19989041099325,4460820.0,1880729.7933937022,1673745.6189005517,-206984.17449315047,0.3752103018952909,0.7861462821650265,9,
2021-08-16,14630.0,14330.0,27523.189453125,43898.778,3,0.0,0.0,0.0,0.0,334.1834520546836,4356320.0,1880729.7933937022,1525012.657448497,-355717.13594520534,0.35006901638274895,0.7707858728246053,9,
2021-08-17,14510.0,14230.0,27424.470703125,406361.256,28,0.0,0.0,0.0,0.0,362.4166575341951,4724360.0,1880729.7933937022,1486328.9847909627,-394400.8086027395,0.31460959469451155,0.7024747953560304,9,
2021-08-18,14180.0,14400.0,27585.91015625,510582.09599999996,36,0.0,0.0,0.0,0.0,406.51397260261,5299200.0,1880729.7933937022,1550180.37481836,-330549.41857534234,0.29253101879875454,0.6382451502572105,9,
2021-08-19,14180.0,14080.0,27281.169921875,326205.228,23,0.0,0.0,0.0,0.0,422.3228493150091,5505280.0,1880729.7933937022,1429632.823969045,-451096.96942465735,0.2596839441352747,0.5923801925686578,9,
2021-08-20,14010.0,13820.0,27013.25,644588.892,46,0.0,0.0,0.0,0.0,463.29183561651735,6039340.0,1880729.7933937022,1318640.6401334286,-562089.1532602736,0.21834184532306986,0.5215409880670979,9,
2021-08-23,13990.0,14300.0,27494.240234375,811582.284,58,0.0,0.0,0.0,0.0,543.0082191781257,7078500.0,1880729.7933937022,1545675.3479142503,-335054.4454794519,0.21836199024005798,0.47697323591647817,9,margin_warning
2021-08-24,14450.0,14540.0,27732.099609375,86717.34,6,1502499.44,46165.40986301378,36786.90684934253,9378.50301367125,442.8127123287413,5772380.0,1917516.7002430446,1645516.1321882503,-272000.5680547942,0.28506718757050825,0.5941202090183683,9,
2021-08-25,14600.0,14540.0,27724.80078125,29205.84,2,861227.72,24143.821534246643,19239.004189564435,4904.817344682205,379.23506849311525,4943600.0,1936755.704432609,1643473.959775075,-293281.744657534,0.332444768948757,0.6883490539520862,9,
2021-08-26,14610.0,14540.0,27742.2890625,43838.766,3,0.0,0.0,0.0,0.0,382.58126027393155,4987220.0,1936755.704432609,1642872.612514801,-293883.091917808,0.3294165111053455,0.6821312183134063,9,
2021-08-27,14370.0,14420.0,27641.140625,14372.874,1,0.0,0.0,0.0,0.0,380.5299726028461,4960480.0,1936755.704432609,1601379.2085421982,-335376.49589041085,0.32282747003156914,0.6773668114077227,9,
2021-08-30,14670.0,14600.0,27789.2890625,29345.868,2,0.0,0.0,0.0,0.0,387.5199999996694,5051600.0,1936755.704432609,1662765.8205421984,-273989.8838904107,0.3291562713877184,0.6772237731910247,9,
2021-08-31,14480.0,14940.0,28089.5390625,28965.791999999998,2,101339.72800000002,213.85350684933064,170.40916693288912,43.44433991644152,390.8140273973695,5094540.0,1936926.1135995416,1777645.4981748844,-159280.61542465733,0.34893150278040497,0.6939465825668697,9,
2021-09-01,15000.0,15320.0,28451.01953125,0.0,0,599880.0,17852.196657534252,14225.52290655617,3626.673750978084,353.745095890481,4611320.0,1951151.6365060974,1890325.0793280154,-60826.557178082,0.40993144681523197,0.7871525424715541,9,
2021-09-02,15360.0,15380.0,28543.509765625,0.0,0,1289981.952,36553.606630137045,29127.741443224706,7425.8651869123405,256.0243287670892,3337460.0,1980279.377949322,1898765.141812336,-81514.23613698615,0.568925213129846,1.0790968861575398,9,
2021-09-03,15480.0,16020.0,29128.109375,0.0,0,0.0,0.0,0.0,0.0,266.6781369863893,3476340.0,1980279.377949322,2037378.4636753497,57099.08572602753,0.58606996544508,1.0757835359606283,9,
2021-09-06,16500.0,16620.0,29659.890625,0.0,0,2952909.3000000003,153960.0544109592,122683.06935737283,31276.98505358636,48.44843835616484,631560.0,2102962.447306695,2114182.3301834073,11219.882876712345,3.347555782797212,5.799266421337818,9,
2021-09-07,16880.0,16900.0,29916.140625,0.0,0,421915.6,17395.426301369873,13861.545448246585,3533.88085312329,16.853698630118743,219700.0,2116823.9927549413,2120687.1956316535,3863.202876712342,9.65264995735846,16.62119839102576,9,
2021-09-08,16810.0,17230.0,30181.2109375,0.0,0,218486.294,2649.496876712336,2111.2515862082246,538.245290504111,0.0,0.0,2118935.24434115,2118935.24434115,0.0,inf,inf,9,
2021-09-09,16930.0,16990.0,30008.189453125,0.0,0,0.0,0.0,0.0,0.0,0.0,0.0,2118935.24434115,2118935.24434115,0.0,inf,inf,9,
2021-09-10,17080.0,17420.0,30381.83984375,0.0,0,0.0,0.0,0.0,0.0,0.0,0.0,2118935.24434115,2118935.24434115,0.0,inf,inf,9,
2021-09-13,17400.0,17510.0,30447.369140625,0.0,0,0.0,0.0,0.0,0.0,0.0,0.0,2118935.24434115,2118935.24434115,0.0,inf,inf,9,
2021-09-14,17660.0,17760.0,30670.099609375,0.0,0,0.0,0.0,0.0,0.0,0.0,0.0,2118935.24434115,2118935.24434115,0.0,inf,inf,9,
2021-09-15,17520.0,17570.0,30511.7109375,0.0,0,0.0,0.0,0.0,0.0,0.0,0.0,2118935.24434115,2118935.24434115,0.0,inf,inf,9,
2021-09-16,17710.0,17360.0,30323.33984375,0.0,0,0.0,0.0,0.0,0.0,0.0,0.0,2118935.24434115,2118935.24434115,0.0,inf,inf,9,
2021-09-17,17450.0,17570.0,30500.05078125,0.0,0,0.0,0.0,0.0,0.0,0.0,0.0,2118935.24434115,2118935.24434115,0.0,inf,inf,9,
2021-09-21,16840.0,16840.0,29839.7109375,0.0,0,0.0,0.0,0.0,0.0,0.0,0.0,2118935.24434115,2118935.24434115,0.0,inf,inf,9,
2021-09-22,16760.0,16600.0,29639.400390625,33526.704,2,0.0,0.0,0.0,0.0,2.5468493150547147,33200.0,2118935.24434115,2118605.993491835,-329.2508493150664,63.813433538910694,109.84771206754557,9,
2021-09-24,17270.0,17280.0,30248.810546875,155461.08599999998,9,0.0,0.0,0.0,0.0,14.58147945208475,190080.0,2118935.24434115,2120010.3260123827,1075.0816712328976,11.153252977758747,19.19367525086074,9,
2021-09-27,17300.0,17270.0,30240.060546875,0.0,0,34593.08,1061.1779726027435,845.5996674684961,215.57830513424733,11.923397260252386,155430.0,2119780.8440086185,2119725.9043099885,-54.93969863011813,13.63781705147004,23.46378606839961,9,
2021-09-28,17180.0,17180.0,30183.9609375,0.0,0,0.0,0.0,0.0,0.0,11.861260273959488,154620.0,2119780.8440086185,2118904.0430497145,-876.8009589040907,13.703945434288672,23.58131254747642,9,
2021-09-29,16750.0,16660.0,29544.2890625,16753.35,1,0.0,0.0,0.0,0.0,12.78027397254482,166600.0,2119780.8440086185,2114117.912775742,-5662.931232876692,12.689783390010456,21.85680453507118,9,
2021-09-30,16710.0,16610.0,29452.66015625,183846.76200000002,11,0.0,0.0,0.0,0.0,26.75802739727078,348810.0,2119780.8440086185,2112454.3927483447,-7326.451260273969,6.056174974193242,10.434486848106603,9,
2021-10-01,16340.0,15800.0,28771.0703125,228805.752,14,0.0,0.0,0.0,0.0,42.42191780824214,553000.0,2119780.8440086185,2087796.2188305364,-31984.6251780822,3.7754000340516027,6.536985102445655,9,
2021-10-04,16120.0,15430.0,28444.890625,919023.768,57,0.0,0.0,0.0,0.0,108.89775342470966,1419560.0,2119780.8440086185,2035223.5530771115,-84557.2909315069,1.4337002684473439,2.5094192553647594,9,
2021-10-05,14860.0,14760.0,27822.119140625,936367.236,63,0.0,0.0,0.0,0.0,175.50246575340861,2287800.0,2119780.8440086185,1966920.814611358,-152860.02939726034,0.859743340594177,1.5271409027074445,9,
2021-10-06,14970.0,14440.0,27528.869140625,943298.622,63,0.0,0.0,0.0,0.0,241.48427397263004,3147920.0,2119780.8440086185,1883500.7083373857,-236280.13567123294,0.5983318217544873,1.0832967059728793,9,
2021-10-07,14590.0,14590.0,27678.2109375,948539.6699999999,65,0.0,0.0,0.0,0.0,316.7429041095893,4128970.0,2119780.8440086185,1915694.295433276,-204086.54857534243,0.4639642078855686,0.8336239330530196,9,
2021-10-08,15070.0,15010.0,28048.939453125,949599.882,63,0.0,0.0,0.0,0.0,398.4024109588354,5193460.0,2119780.8440086185,2030186.0110223172,-89594.83298630134,0.39091203379294676,0.6847268533956185,9,
2021-10-11,14910.0,15480.0,28498.19921875,909691.902,61,968956.17,20268.905479452173,16151.277331301464,4117.6281481507085,406.1273424657411,5294160.0,2135932.12133992,2185626.523531701,49694.402191780784,0.4128372628578851,0.6971581901044689,9,
2021-10-12,15400.0,15170.0,28230.609375,508301.64,33,3849230.0,109405.92676712318,87180.11274438212,22225.814022741073,145.46575342467986,1896250.0,2223112.234084302,2106273.603755535,-116838.63032876718,1.1107573388295504,1.8467832255381735,9,
2021-10-13,14980.0,15080.0,28140.279296875,749149.7999999999,50,0.0,0.0,0.0,0.0,202.4438356163446,2639000.0,2223112.234084302,2099671.3599199187,-123440.87416438357,0.7956314361197115,1.3244251624689385,9,
2021-10-14,15220.0,15530.0,28550.9296875,669813.936,44,0.0,0.0,0.0,0.0,260.90399999998044,3401070.0,2223112.234084302,2191666.5199199184,-31445.714164383542,0.644405001931721,1.054636411410388,9,
2021-10-15,15860.0,16090.0,29068.630859375,174494.892,11,1490541.832,71408.2687123289,56901.678923419284,14506.589788909616,167.86498630139977,2188240.0,2280013.9130077213,2280209.0051447074,195.09213698624944,1.0420287560526758,1.6469210924220776,9,
2021-10-18,16110.0,16030.0,29025.4609375,32226.444,2,708698.232,25731.498356164364,20504.144465109574,5227.35389105479,115.59167123277439,1506820.0,2300518.0574728306,2269917.8475824194,-30600.209890411003,1.5064293330208116,2.3677150314516675,9,
2021-10-19,16110.0,16230.0,29215.51953125,96679.332,6,0.0,0.0,0.0,0.0,124.50410958903376,1623000.0,2300518.0574728306,2289294.0114728305,-11224.046000000037,1.4105323545735247,2.210087506760828,9,
2021-10-20,16440.0,16300.0,29255.55078125,16443.288,1,0.0,0.0,0.0,0.0,126.29150684922934,1646300.0,2300518.0574728306,2296024.431965981,-4493.625506849352,1.3946573722687123,2.1828197488058834,9,
2021-10-21,16130.0,15660.0,28708.580078125,0.0,0,129014.19200000001,85.99298630137821,68.52351113425323,17.469475167124983,111.72230136976577,1456380.0,2300586.5809839647,2234989.432189444,-65597.1487945206,1.534619695539244,2.4254270433505796,9,
2021-10-22,15570.0,15750.0,28804.849609375,280316.05199999997,18,0.0,0.0,0.0,0.0,134.1123287671362,1748250.0,2300586.5809839647,2246409.267860677,-54177.31312328769,1.2849473861636935,2.02695790689969,9,
2021-10-25,15420.0,15550.0,28600.41015625,308461.68,20,0.0,0.0,0.0,0.0,156.26684931502678,2037050.0,2300586.5809839647,2226591.321011362,-73995.25997260275,1.093046965470343,1.7297832390165944,9,
2021-10-26,15930.0,16100.0,29106.009765625,477995.58,30,0.0,0.0,0.0,0.0,198.8460273973178,2592100.0,2300586.5809839647,2303446.8949839645,2860.3139999999776,0.8886412156104951,1.3889555476192887,9,
2021-10-27,16030.0,16070.0,29098.240234375,64132.824,4,609018.172,20126.43013698636,16037.745854657584,4088.6842823287793,156.56142465758603,2040890.0,2316624.3268386223,2292876.9972769786,-23747.3295616439,1.123469171428631,1.7489716671233275,9,
2021-10-28,15770.0,15780.0,28820.08984375,78865.77,5,0.0,0.0,0.0,0.0,159.78871232870733,2082960.0,2316624.3268386223,2255921.43856465,-60702.888273972676,1.0830363706286485,1.695828742890248,9,
2021-10-29,15810.0,15880.0,28892.689453125,110692.134,7,0.0,0.0,0.0,0.0,169.3286575343227,2207320.0,2316624.3268386223,2269419.9759071153,-47204.35093150691,1.0281336534381582,1.6063247046081228,9,
2021-11-01,16470.0,16670.0,29647.080078125,65893.17599999999,4,0.0,0.0,0.0,0.0,182.86761643836508,2383810.0,2316624.3268386223,2379833.932290677,63209.60545205473,0.9983320534315557,1.533638895609434,9,
2021-11-02,16530.0,16530.0,29520.900390625,0.0,0,2016256.668,52345.92799999988,41711.8527267999,10634.075273199975,26.629150684922934,347130.0,2358336.1795654222,2348749.895866792,-9586.283698630134,6.766196801966964,10.291381160280459,9,
2021-11-04,16930.0,16830.0,29794.369140625,0.0,0,0.0,0.0,0.0,0.0,27.1124383561546,353430.0,2358336.1795654222,2355022.783428436,-3313.3961369862973,6.663335832918643,10.125605968059995,9,
2021-11-05,16840.0,16630.0,29611.5703125,0.0,0,0.0,0.0,0.0,0.0,26.790246575314086,349230.0,2358336.1795654222,2350795.9931818605,-7540.1863835616405,6.731368992302667,10.235201262200533,9,
2021-11-08,16800.0,16520.0,29507.05078125,0.0,0,0.0,0.0,0.0,0.0,26.613041095843073,346920.0,2358336.1795654222,2348459.3801407646,-9876.79942465753,6.769455148566714,10.296541308417217,9,
2021-11-09,16680.0,16250.0,29285.4609375,0.0,0,0.0,0.0,0.0,0.0,26.178082191792782,341250.0,2358336.1795654222,2342763.202058573,-15572.97750684931,6.865240152552595,10.450853493191847,9,
2021-11-10,16200.0,16060.0,29106.779296875,97219.44,6,0.0,0.0,0.0,0.0,33.26400000002468,433620.0,2358336.1795654222,2337880.498058573,-20455.681506849312,5.391542129188167,8.213269190885377,9,
2021-11-11,15990.0,16240.0,29277.859375,191918.376,12,0.0,0.0,0.0,0.0,48.58652054792037,633360.0,2358336.1795654222,2345653.535538025,-12682.64402739725,3.703507540005724,5.63528204735162,9,
2021-11-12,16420.0,16650.0,29609.970703125,147809.55599999998,9,197000.592,5067.2663013698775,4037.851152246587,1029.4151491232906,45.98136986303143,599400.0,2362374.030717669,2359809.175019039,-2564.8556986301182,3.9369522439423403,5.969644026226897,9,
2021-11-15,16830.0,16800.0,29776.80078125,33666.731999999996,2,252399.51,7336.488246575367,5846.080659283582,1490.4075872917858,29.641643835580908,386400.0,2368220.111376953,2364021.903787912,-4198.20758904109,6.118069109181967,9.252202971529151,9,
2021-11-16,16770.0,16830.0,29808.119140625,16773.354,1,0.0,0.0,0.0,0.0,30.985643835621886,403920.0,2368220.111376953,2364737.5641440763,-3482.5472328767046,5.854470103347387,8.852584429865303,9,
2021-11-17,16940.0,16710.0,29688.330078125,0.0,0,0.0,0.0,0.0,0.0,30.764712328731548,401040.0,2368220.111376953,2361826.7994317473,-6393.3119452054725,5.889254935746427,8.908822993932112,9,
2021-11-18,16600.0,16600.0,29598.66015625,16603.32,1,0.0,0.0,0.0,0.0,31.83561643830035,415000.0,2368220.111376953,2359151.643815309,-9068.467561643829,5.684702756181467,8.602620198201587,9,
2021-11-19,16620.0,16800.0,29745.869140625,33246.648,2,0.0,0.0,0.0,0.0,34.79671232873807,453600.0,2368220.111376953,2364470.19910298,-3749.912273972596,5.212676805782584,7.882211509764112,9,
2021-11-22,16620.0,16840.0,29774.109375,33246.648,2,16616.676,10.79380821917785,8.60104607945187,2.19276213972598,36.17139726027381,471520.0,2368228.712423032,2365721.86294358,-2506.8494794520507,5.017224853545088,7.585204953054212,9,
2021-11-24,16680.0,16270.0,29302.66015625,50050.008,3,66706.656,205.61512328767182,163.8444109917813,41.77071229589053,33.69895890407497,439290.0,2368392.556834024,2350073.04127238,-18319.515561643828,5.349707576481094,8.105551466481662,9,
2021-11-25,16430.0,16500.0,29499.279296875,377965.578,23,0.0,0.0,0.0,0.0,63.28767123288708,825000.0,2368392.556834024,2357754.175601147,-10638.381232876685,2.8578838492135117,4.325218848931229,9,
2021-11-26,16310.0,15680.0,28751.619140625,146819.35799999998,9,0.0,0.0,0.0,0.0,70.96810958901187,925120.0,2368392.556834024,2310983.849491558,-57408.707342465714,2.498036848724012,3.8064945695143177,9,
2021-11-29,15280.0,15150.0,28283.919921875,840568.0800000001,55,0.0,0.0,0.0,0.0,132.48986301367404,1727100.0,2368392.556834024,2272263.2796285446,-96129.27720547949,1.3156524113418706,2.016450232426066,9,
2021-11-30,15550.0,14655.0,27821.759765625,933186.6,60,0.0,0.0,0.0,0.0,195.61413698637625,2549970.0,2368392.556834024,2161751.065491558,-206641.49134246574,0.8477554894730361,1.3223306031636002,9,
2021-12-01,14695.0,14765.0,27935.619140625,955366.035,65,0.0,0.0,0.0,0.0,270.7051506850403,3528835.0,2368392.556834024,2184979.325340873,-183413.23149315076,0.6191786596258746,0.9620344739404694,9,
2021-12-02,14465.0,14565.0,27753.369140625,940413.045,65,0.0,0.0,0.0,0.0,339.66378082189476,4427760.0,2368392.556834024,2143151.616560051,-225240.9402739727,0.48402614788517245,0.75719857225461,9,
2021-12-03,14650.0,14850.0,28029.5703125,952440.4500000001,65,0.0,0.0,0.0,0.0,420.35671232879395,5479650.0,2368392.556834024,2242180.8098477223,-126211.74698630151,0.40918321605352936,0.6298399326346418,9,
2021-12-06,14805.0,14740.0,27927.369140625,873669.6989999999,59,2886397.605,37737.06157534242,30070.77751631161,7666.284059030813,263.4623561644112,3434420.0,2398463.3343503354,2201748.969432527,-196714.36491780813,0.6410832016563284,0.9820784943352042,9,
2021-12-07,15000.0,15440.0,28455.599609375,885177.0,59,0.0,0.0,0.0,0.0,345.8560000000871,4508480.0,2398463.3343503354,2390286.1134325275,-8177.220917808121,0.5301756053997195,0.7898585134046758,9,
2021-12-08,15705.0,15730.0,28860.619140625,172789.551,11,2716421.607,116360.85994520546,92722.15124733697,23638.70869786849,156.86904109601164,2044900.0,2491185.4855976724,2446542.591693563,-44642.893904109515,1.1964118498183594,1.7119663845613213,9,
2021-12-09,15690.0,15580.0,28725.470703125,47079.414,3,941211.7200000001,7543.006027397372,6010.644352931597,1532.361674465776,87.24800000007963,1137340.0,2497196.129950604,2431495.288019097,-65700.8419315068,2.1378789878304616,3.058120264905467,9,
2021-12-10,15375.0,15255.0,28437.76953125,76890.375,5,0.0,0.0,0.0,0.0,91.27923287660815,1189890.0,2497196.129950604,2407063.6337862206,-90132.49616438351,2.022929542887343,2.9024528054037186,9,
2021-12-13,15535.0,15480.0,28640.490234375,357376.461,23,0.0,0.0,0.0,0.0,119.9381917808787,1563480.0,2497196.129950604,2423157.2345944396,-74038.89535616434,1.549848565120398,2.2191350265038685,9,
2021-12-14,15375.0,15265.0,28432.640625,107646.525,7,0.0,0.0,0.0,0.0,126.46947945200372,1648620.0,2497196.129950604,2400524.2401149874,-96671.88983561643,1.4560809890180801,2.090726648517769,9,
2021-12-15,15150.0,15310.0,28459.720703125,454590.89999999997,30,0.0,0.0,0.0,0.0,162.07627397257602,2112780.0,2497196.129950604,2409931.263841015,-87264.86610958898,1.1406446784998983,1.635787310903842,9,
2021-12-16,15865.0,15950.0,29066.3203125,539517.882,34,475854.81000000006,21228.676027397352,16916.07049243158,4312.605534965772,173.7457534246496,2264900.0,2514112.2004430355,2493901.840552625,-20210.3598904109,1.1011090293402026,1.5535462358877683,9,
2021-12-17,15660.0,15365.0,28545.6796875,31326.264,2,547990.38,5913.001136986331,4711.774956007557,1201.226180978773,128.47665753419278,1674785.0,2518823.9753990434,2419121.253714112,-99702.72168493146,1.4444369000881379,2.0526842579968014,9,
2021-12-20,15090.0,14710.0,27937.810546875,241488.288,16,0.0,0.0,0.0,0.0,141.05479452048894,1838750.0,2518823.9753990434,2341456.9109195913,-177367.064479452,1.2733960086578335,1.8273280258002078,9,
2021-12-21,15140.0,15325.0,28517.58984375,863152.596,57,0.0,0.0,0.0,0.0,213.9621917810291,2789150.0,2518823.9753990434,2428490.3527278104,-90333.62267123285,0.8706919142849292,1.235795452756779,9,
2021-12-22,15430.0,15360.0,28562.2109375,138897.774,9,246830.624,5305.471123287682,4227.664664591789,1077.8064586958926,206.20273972605355,2688000.0,2523051.640063635,2433989.1935293884,-89062.44653424653,0.9055019321165879,1.2822939188969995,9,
2021-12-23,15525.0,15595.0,28798.369140625,108696.735,7,884748.015,21461.245684931502,17101.393624037668,4359.852060893834,149.5410958903958,1949375.0,2540153.0336876726,2466906.080372604,-73246.95331506843,1.2654856455903067,1.7739594249734034,9,
2021-12-24,15660.0,15625.0,28782.58984375,109641.924,7,0.0,0.0,0.0,0.0,158.2191780821886,2062500.0,2540153.0336876726,2470230.937194522,-69922.09649315062,1.1976877271246167,1.678195777794601,9,
2021-12-27,15605.0,15490.0,28676.4609375,46824.363,3,140416.91100000002,1486.9776575342635,1184.8981464061778,302.07951112808564,149.72252054791898,1951740.0,2541337.931834079,2452611.683162846,-88726.24867123281,1.256628282026728,1.7635662729111492,9,
2021-12-28,15790.0,15890.0,29069.16015625,15793.158,1,0.0,0.0,0.0,0.0,154.8077808218659,2018030.0,2541337.931834079,2502953.717382024,-38384.21445205474,1.2402955939118963,1.7305045335946256,9,
2021-12-29,15875.0,15745.0,28906.880859375,0.0,0,523770.2250000001,7081.503041095932,5642.895698297294,1438.6073427986387,113.53654794517206,1480030.0,2546980.8275323757,2487171.79849128,-59809.029041095826,1.680487421532861,2.3440289085019748,9,
2021-12-30,15645.0,15655.0,28791.7109375,15648.128999999999,1,0.0,0.0,0.0,0.0,114.08849315083353,1487225.0,2546980.8275323757,2478604.580998129,-68376.24653424651,1.6665969043003777,2.3268515520273505,9,
2022-01-04,15950.0,16190.0,29301.7890625,63812.76,4,0.0,0.0,0.0,0.0,122.95528767124051,1602810.0,2546980.8275323757,2530253.865710458,-16726.961821917746,1.578636186266905,2.1912005346164136,9,
2022-01-05,16170.0,16240.0,29332.16015625,0.0,0,646670.6399999999,11398.954342465764,9083.256767793844,2315.6975746719195,73.5026849314454,958160.0,2556064.0843001697,2529885.305450855,-26178.778849315015,2.64035787911294,3.6530820652099156,9,
2022-01-06,15915.0,15335.0,28487.869140625,0.0,0,0.0,0.0,0.0,0.0,69.40663013694575,904765.0,2556064.0843001697,2476420.898820718,-79643.185479452,2.7370874191869907,3.8095011393469673,9,
2022-01-07,15530.0,15315.0,28478.560546875,434926.968,28,0.0,0.0,0.0,0.0,102.21189041098114,1332405.0,2556064.0843001697,2469031.718930307,-87032.36536986294,1.8530639849972845,2.5812060946637376,9,
2022-01-11,15180.0,15025.0,28222.48046875,379575.9,25,0.0,0.0,0.0,0.0,129.09150684939232,1682800.0,2556064.0843001697,2439721.7274234574,-116342.35687671229,1.4497989823053585,2.0262495980192172,9,
2022-01-12,15285.0,15600.0,28765.66015625,626810.3369999999,41,0.0,0.0,0.0,0.0,183.0969863013015,2386800.0,2556064.0843001697,2516728.293437156,-39335.79086301359,1.0544361879659612,1.460782760421542,9,
2022-01-13,15460.0,15275.0,28489.130859375,170094.01200000002,11,1020155.9280000001,13661.892917808269,10886.479371555519,2775.41354625275,114.83452054805821,1496950.0,2566950.5636717253,2474049.9613703554,-92900.60230136981,1.652727186192161,2.2914200427996785,9,
2022-01-14,15050.0,14895.0,28124.279296875,541908.36,36,0.0,0.0,0.0,0.0,153.11243835603818,1995930.0,2566950.5636717253,2430968.4889319995,-135982.074739726,1.2179627987614794,1.6969065288824094,9,
2022-01-17,15110.0,15105.0,28333.51953125,619633.902,41,0.0,0.0,0.0,0.0,202.77945205470314,2643375.0,2566950.5636717253,2458576.8074799445,-108373.75619178079,0.9300900581566915,1.2916488153546726,9,
2022-01-18,15255.0,15020.0,28257.25,289902.969,19,0.0,0.0,0.0,0.0,223.53052054793807,2913880.0,2566950.5636717253,2438955.307959397,-127995.2557123287,0.83701295453464,1.1649303187664084,9,
2022-01-19,14620.0,14185.0,27467.23046875,263212.632,18,0.0,0.0,0.0,0.0,230.69084931496764,3007220.0,2566950.5636717253,2268851.9851100817,-298098.57856164366,0.7544682414688921,1.0721307864234846,9,
2022-01-20,14100.0,14510.0,27772.9296875,930786.12,66,0.0,0.0,0.0,0.0,309.44065753446193,4033780.0,2566950.5636717253,2364316.4244525474,-202634.13921917795,0.586129244642134,0.8228728741362599,9,
2022-01-21,13950.0,14255.0,27522.259765625,781356.24,56,0.0,0.0,0.0,0.0,365.24043835606426,4761170.0,2566950.5636717253,2309984.944014191,-256965.61965753417,0.4851717002363266,0.6856699973654902,9,
2022-01-24,13960.0,14310.0,27588.369140625,823804.728,59,781603.648,186.17008219183484,148.3496299945636,37.820452197271244,369.94290410960093,4822470.0,2567098.91330172,2328676.1006578845,-238422.81264383552,0.4828803705689998,0.6807147509500406,9,
2022-01-25,14160.0,13825.0,27131.33984375,821444.256,58,1769646.0,14772.295232876713,11771.303456317808,3000.9917765589043,286.34794520557625,3732750.0,2578870.216758038,2183870.50493612,-394999.7118219178,0.5850567289360713,0.8366116739975071,9,
2022-01-26,13840.0,13735.0,27011.330078125,941308.224,68,0.0,0.0,0.0,0.0,356.13161643838976,4642430.0,2578870.216758038,2151886.149319682,-426984.0674383561,0.4635258149976805,0.6657120815782508,9,
2022-01-27,13875.0,12850.0,26170.30078125,902055.375,65,0.0,0.0,0.0,0.0,397.25863013695925,5178550.0,2578870.216758038,1785553.5156895448,-793316.7010684931,0.3447979677109509,0.5259757744196821,9,
2022-01-28,13215.0,13415.0,26717.33984375,951670.296,72,0.0,0.0,0.0,0.0,488.82054794515716,6372125.0,2578870.216758038,2026969.3991415994,-551900.8176164384,0.3180994407896266,0.465263771430277,9,margin_warning
2022-01-31,13360.0,13695.0,27001.98046875,922024.368,69,961727.6159999999,9983.22509589036,7955.132917660234,2028.0921782301268,495.8715616435511,6464040.0,2586825.349675698,2156063.6834017257,-430761.66627397266,0.33354739194091093,0.4769979915235281,9,margin_warning
2022-02-01,13985.0,13765.0,27078.48046875,811292.226,58,964772.007,42675.14930136983,34005.69272079655,8669.45658057328,486.7907397260424,6345665.0,2620831.0423964947,2182012.217081426,-438818.8253150685,0.34385871568723314,0.48318351043844127,9,margin_warning
2022-02-02,14000.0,14220.0,27533.599609375,546109.2,39,0.0,0.0,0.0,0.0,545.424657534284,7110000.0,2620831.0423964947,2399692.592423892,-221138.44997260263,0.337509506670027,0.4617799777006023,9,margin_warning
2022-02-03,13920.0,13915.0,27241.310546875,55691.136,4,1850989.7280000001,6861.256068493225,5467.3918981788265,1393.8641703143985,396.0247123288573,5162465.0,2626298.434294673,2245666.2955412483,-380632.13875342463,0.4349988417434788,0.6047444513014262,9,
2022-02-04,13810.0,14095.0,27439.990234375,69063.81,5,0.0,0.0,0.0,0.0,406.5538630137453,5299720.0,2626298.434294673,2313450.931678235,-312847.50261643826,0.4365232373933406,0.6017959714969452,9,
2022-02-07,13970.0,13910.0,27248.869140625,55891.176,4,125704.85399999999,935.9068493150716,745.7773728767147,190.1294764383568,395.8824109589332,5160610.0,2627044.21166755,2243568.5977908373,-383475.6138767123,0.4347487211377797,0.604218497990377,9,
2022-02-08,13980.0,13965.0,27284.51953125,223724.736,16,0.0,0.0,0.0,0.0,414.588328767044,5404455.0,2627044.21166755,2263274.27346207,-363769.9382054794,0.41877937247364816,0.580526086396609,9,
2022-02-09,14190.0,14265.0,27579.869140625,170314.05599999998,12,0.0,0.0,0.0,0.0,436.6262465752079,5691735.0,2627044.21166755,2379803.591215495,-247240.6204520548,0.4181156696886793,0.5716217992867613,9,
2022-02-10,14530.0,14400.0,27696.080078125,72664.53,5,1699669.9980000001,61916.02986301387,49337.78839634261,12578.241466671267,317.03671232867055,4132800.0,2676382.000063893,2434978.7810364957,-241403.2190273972,0.589183793320871,0.7855356961404113,9,
2022-02-14,13800.0,13740.0,27079.58984375,27605.52,2,0.0,0.0,0.0,0.0,304.61391780822305,3970860.0,2676382.000063893,2245128.6471186876,-431253.35294520546,0.5654011088577002,0.7696839418094508,9,
2022-02-15,13800.0,13500.0,26865.189453125,510702.12,37,0.0,0.0,0.0,0.0,337.61095890408615,4401000.0,2676382.000063893,2164228.9161597835,-512153.08390410966,0.4917584449351928,0.6759985992400972,9,
2022-02-16,14090.0,14135.0,27460.400390625,620083.992,44,0.0,0.0,0.0,0.0,401.2016438357532,5229950.0,2676382.000063893,2372693.7225159477,-303688.27754794515,0.4536742650533844,0.6086355395305875,9,
2022-02-17,14070.0,13900.0,27232.869140625,42218.442,3,548620.254,10227.828082191767,8150.04480729451,2077.783274897258,356.1446575343725,4642600.0,2684532.0448711873,2289311.606583516,-395220.43828767113,0.4931098105767277,0.6653959745176924,9,
2022-02-18,13565.0,13795.0,27122.0703125,230651.12099999998,17,0.0,0.0,0.0,0.0,371.44454794516787,4842045.0,2684532.0448711873,2257734.041035571,-426798.00383561634,0.46627696376955835,0.6313899067852422,9,
2022-02-21,13240.0,13570.0,26910.869140625,344308.848,26,0.0,0.0,0.0,0.0,392.45183561654994,5115890.0,2684532.0448711873,2186877.7411999544,-497654.3036712328,0.4274677018465906,0.5836657139869533,9,
2022-02-22,13040.0,13090.0,26449.609375,299979.984,23,0.0,0.0,0.0,0.0,401.6657534246915,5236000.0,2684532.0448711873,2006606.09144653,-677925.9534246573,0.3832326377858155,0.5357708697520753,9,
2022-02-24,12910.0,12645.0,25970.8203125,710192.01,55,0.0,0.0,0.0,0.0,441.36246575339464,5753475.0,2684532.0448711873,1813447.7189807764,-871084.3258904109,0.31519172656190847,0.4539337598738779,9,margin_warning
2022-02-25,12910.0,13120.0,26476.5,942618.486,73,0.0,0.0,0.0,0.0,531.413917808095,6927360.0,2684532.0448711873,2044182.8190629683,-640349.225808219,0.2950882903534634,0.41024289559871907,9,margin_warning
2022-02-28,13100.0,13175.0,26526.8203125,602720.5199999999,46,1676464.6400000001,23471.964876712416,18703.63521200829,4768.329664704128,450.76547945220955,5876050.0,2703235.6800831957,2061397.843918812,-641837.8361643836,0.35081353016376854,0.4824997268155345,9,margin_warning
2022-03-01,13500.0,13470.0,26844.720703125,553610.7,41,0.0,0.0,0.0,0.0,503.2244383561774,6559890.0,2703235.6800831957,2191123.9194804565,-512111.76060273935,0.3340183935219122,0.4519001646182649,9,margin_warning
2022-03-02,13090.0,13055.0,26393.029296875,104740.944,8,301009.78599999996,914.2348767122957,728.5080615081928,185.72681520410285,472.6983013698482,6161960.0,2703964.188144704,1988804.3363638823,-715159.8517808216,0.32275515199123045,0.44802446860788675,9,margin_warning
2022-03-03,13300.0,13225.0,26577.26953125,345869.16,26,0.0,0.0,0.0,0.0,505.2312328766566,6586050.0,2703964.188144704,2066519.9451310053,-637444.2430136985,0.3137722831030747,0.430898525233987,9,margin_warning
2022-03-04,13075.0,12640.0,25985.470703125,52310.46,4,0.0,0.0,0.0,0.0,486.7612054795027,6345280.0,2703964.188144704,1772952.7239255263,-931011.4642191777,0.2794128429203323,0.4009066975305016,9,margin_warning
2022-03-07,12060.0,11905.0,25221.41015625,771994.368,64,0.0,0.0,0.0,0.0,516.9053150685504,6738230.0,2703964.188144704,1393391.4506104577,-1310572.7375342462,0.20678894169692302,0.32112098742194967,9,margin_warning
2022-03-08,11605.0,11455.0,24790.94921875,940193.001,81,0.0,0.0,0.0,0.0,568.5446027396247,7411385.0,2703964.188144704,1125784.9050077174,-1578179.2831369864,0.15189939599787589,0.2557702751740362,9,margin_call;forced_liquidation
2022-03-09,11565.0,11390.0,24717.529296875,0.0,0,7481058.489,-1508505.7941369854,-1508505.7941369854,0.0,0.0,0.0,1195458.3940077182,1195458.3940077182,0.0,inf,inf,9,
2022-03-10,12025.0,12315.0,25690.400390625,950164.9949999999,79,0.0,0.0,0.0,0.0,74.63227397261653,972885.0,1195458.3940077182,1218103.7667337458,22645.37272602752,1.2520531889521842,3.593808111400387,9,
2022-03-11,12045.0,11805.0,25162.779296875,939697.902,78,951364.689,1125.0617260275314,896.5054363850385,228.556289642493,70.6359452054603,920790.0,1196354.8994441032,1177376.3614988977,-18978.53794520548,1.2786589358039266,3.75160340745847,9,
2022-03-14,12010.0,11950.0,25307.849609375,84086.814,7,0.0,0.0,0.0,0.0,77.92054794519208,1015750.0,1196354.8994441032,1188171.6269509525,-8183.2724931506855,1.1697480944631578,3.4114262825082893,3,
2022-03-15,11850.0,11970.0,25346.48046875,0.0,0,0.0,0.0,0.0,0.0,78.05095890408847,1017450.0,1196354.8994441032,1189793.5759920485,-6561.323452054795,1.169387759587251,3.4072437412550847,3,
2022-03-16,12185.0,12370.0,25762.009765625,0.0,0,0.0,0.0,0.0,0.0,80.65917808219092,1051450.0,1196354.8994441032,1223712.9168139664,27358.017369863013,1.1638336742726392,3.329248966839909,3,
2022-03-17,13080.0,13240.0,26652.890625,0.0,0,0.0,0.0,0.0,0.0,86.33205479447497,1125400.0,1196354.8994441032,1297576.5847591718,101221.68531506849,1.1529914561570747,3.176040662941383,3,
2022-03-18,13200.0,13430.0,26827.4296875,0.0,0,1121775.6,97597.28531506857,77770.39680331238,19826.88851175618,0.0,0.0,1274125.2962474157,1274125.2962474157,0.0,inf,inf,3,
2022-03-22,13730.0,13815.0,27224.109375,0.0,0,0.0,0.0,0.0,0.0,0.0,0.0,1274125.2962474157,1274125.2962474157,0.0,inf,inf,16,
2022-03-23,14320.0,14650.0,28040.16015625,0.0,0,0.0,0.0,0.0,0.0,0.0,0.0,1274125.2962474157,1274125.2962474157,0.0,inf,inf,16,
2022-03-24,14280.0,14720.0,28110.390625,0.0,0,0.0,0.0,0.0,0.0,0.0,0.0,1274125.2962474157,1274125.2962474157,0.0,inf,inf,16,
2022-03-25,14955.0,14750.0,28149.83984375,0.0,0,0.0,0.0,0.0,0.0,0.0,0.0,1274125.2962474157,1274125.2962474157,0.0,inf,inf,16,
2022-03-28,14670.0,14550.0,27943.890625,0.0,0,0.0,0.0,0.0,0.0,0.0,0.0,1274125.2962474157,1274125.2962474157,0.0,inf,inf,16,
2022-03-29,14760.0,14830.0,28252.419921875,0.0,0,0.0,0.0,0.0,0.0,0.0,0.0,1274125.2962474157,1274125.2962474157,0.0,inf,inf,9,
2022-03-30,15125.0,14850.0,28027.25,0.0,0,0.0,0.0,0.0,0.0,0.0,0.0,1274125.2962474157,1274125.2962474157,0.0,inf,inf,9,
2022-03-31,14590.0,14660.0,27821.4296875,0.0,0,0.0,0.0,0.0,0.0,0.0,0.0,1274125.2962474157,1274125.2962474157,0.0,inf,inf,9,
2022-04-01,14430.0,14520.0,27665.98046875,0.0,0,0.0,0.0,0.0,0.0,0.0,0.0,1274125.2962474157,1274125.2962474157,0.0,inf,inf,9,
2022-04-04,14495.0,14565.0,27736.470703125,14497.899,1,0.0,0.0,0.0,0.0,1.1173150684917346,14565.0,1274125.2962474157,1274191.2799323471,65.98368493150741,87.48309508632661,237.09800580963068,9,
2022-04-05,14800.0,14620.0,27787.98046875,0.0,0,0.0,0.0,0.0,0.0,1.1215342466020957,14620.0,1274125.2962474157,1274245.1583981006,119.86215068493208,87.1576715730575,236.2096587926661,9,
2022-04-06,14325.0,14175.0,27350.30078125,14327.865,1,0.0,0.0,0.0,0.0,2.174794520600699,28350.0,1274125.2962474157,1273645.1186035802,-480.17764383561564,44.9257537426307,121.79128737071382,9,
2022-04-07,13775.0,13690.0,26888.5703125,137777.55,10,0.0,0.0,0.0,0.0,12.602301369886845,164280.0,1274125.2962474157,1271784.9663022102,-2340.329945205467,7.741569066850562,21.00627125856463,9,
2022-04-08,13935.0,13780.0,26985.80078125,557511.48,40,0.0,0.0,0.0,0.0,54.96898630133364,716560.0,1274125.2962474157,1266498.5173159088,-7626.7789315068185,1.7674702988108586,4.808486134286583,9,
2022-04-11,13670.0,13615.0,26821.51953125,369163.818,27,0.0,0.0,0.0,0.0,82.51063013705425,1075585.0,1274125.2962474157,1256277.1886857718,-17848.107561643832,1.1679943367430485,3.1938572824315328,9,
2022-04-12,13370.0,13120.0,26334.98046875,0.0,0,0.0,0.0,0.0,0.0,79.51079452049453,1036480.0,1274125.2962474157,1217092.6778912514,-57032.61835616438,1.1742558253813402,3.276475150060859,16,
2022-04-13,13200.0,13640.0,26843.490234375,303660.72,23,0.0,0.0,0.0,0.0,106.72832876717439,1391280.0,1274125.2962474157,1268125.2295624842,-6000.066684931477,0.9114809596648297,2.4775219847029675,16,
2022-04-14,13705.0,13965.0,27172.0,0.0,0,315151.957,11467.170808219202,9137.61505852947,2329.555749689731,84.63172602740815,1103235.0,1283262.9113059454,1292817.9990867672,9555.08778082192,1.1718428069149067,3.136292588494365,16,
2022-04-15,13615.0,13895.0,27093.189453125,0.0,0,0.0,0.0,0.0,0.0,84.20750684931409,1097705.0,1283262.9113059454,1287203.791579918,3940.8802739726057,1.1726318014219832,3.1469013431239565,16,
2022-04-18,13595.0,13570.0,26799.7109375,0.0,0,0.0,0.0,0.0,0.0,82.23791780823376,1072030.0,1283262.9113059454,1261446.5536621097,-21816.357643835614,1.1766896016549067,3.198165968320164,16,
2022-04-19,13870.0,13760.0,26985.08984375,0.0,0,0.0,0.0,0.0,0.0,83.38936986302724,1087040.0,1283262.9113059454,1276373.1642922468,-6889.747013698627,1.1741731346521258,3.167659961251232,16,
2022-04-20,14000.0,13995.0,27217.849609375,0.0,0,0.0,0.0,0.0,0.0,84.8135342465248,1105605.0,1283262.9113059454,1294853.3507580003,11590.439452054798,1.1711717573256275,3.131107816272581,16,
2022-04-21,14040.0,14330.0,27553.060546875,0.0,0,379004.184,9613.441726027377,7660.4710393849155,1952.9706866424615,57.16295890411129,745160.0,1290923.3823453304,1311402.4011124538,20479.018767123318,1.7598937155945753,4.654902172526127,16,
2022-04-22,13850.0,13880.0,27105.259765625,0.0,0,0.0,0.0,0.0,0.0,55.36789041099837,721760.0,1290923.3823453304,1287947.0332220427,-2976.3491232876404,1.784453326898197,4.773243414845305,16,
2022-04-25,13335.0,13345.0,26590.779296875,0.0,0,0.0,0.0,0.0,0.0,53.2337534246617,693940.0,1290923.3823453304,1260073.7994686181,-30849.582876712295,1.8158252867230857,4.924359021805772,16,
2022-04-26,13555.0,13435.0,26700.109375,108461.688,8,0.0,0.0,0.0,0.0,61.83780821925029,806100.0,1290923.3823453304,1263710.273660399,-27213.10868493147,1.5676842496717516,4.24362279614869,16,
2022-04-27,12930.0,13135.0,26386.630859375,64662.92999999999,5,0.0,0.0,0.0,0.0,65.49506849318277,853775.0,1290923.3823453304,1246656.8485919058,-44266.533753424614,1.460170242267466,3.986607028594739,16,
2022-04-28,13160.0,13600.0,26847.900390625,302740.53599999996,23,0.0,0.0,0.0,0.0,91.80931506841443,1196800.0,1290923.3823453304,1286849.5032768373,-4073.879068493072,1.075241897791475,2.8774784936566977,16,
2022-05-02,13475.0,13545.0,26818.529296875,67388.475,5,309863.015,7098.483383561694,5656.426484191135,1442.056899370558,72.73479452059837,948150.0,1296579.8088295218,1279159.2515829464,-17420.557246575307,1.3491106381721736,3.61641595880015,16,
2022-05-06,13500.0,13750.0,27003.560546875,0.0,0,0.0,0.0,0.0,0.0,73.83561643835856,962500.0,1296579.8088295218,1293435.4159665082,-3144.3928630136606,1.343829003601567,3.5772541507568674,16,
2022-05-09,13450.0,13065.0,26319.33984375,174884.97,13,67236.55,2552.8961643835714,2034.275308589049,518.6208557945225,78.17523287661606,1019070.0,1298614.0841381107,1241760.1998778367,-56853.884260273946,1.2185229668990714,3.3253857268073386,9,
2022-05-10,12875.0,12925.0,26167.099609375,862797.5249999999,67,0.0,0.0,0.0,0.0,143.76849315065192,1874125.0,1298614.0841381107,1233873.9063846862,-64740.177753424534,0.6583733242898346,1.8039195734709548,9,
2022-05-11,12790.0,12975.0,26213.640625,857101.3859999999,67,0.0,0.0,0.0,0.0,211.01260273973458,2750700.0,1298614.0841381107,1253136.5077819466,-45477.5763561642,0.455570039547005,1.2359844255737717,9,
2022-05-12,12575.0,12505.0,25748.720703125,867848.5349999999,69,0.0,0.0,0.0,0.0,269.5598356165574,3513905.0,1298614.0841381107,1148223.4129463302,-150390.67119178054,0.32676563906717176,0.9376006763855429,9,
2022-05-13,12690.0,13140.0,26427.650390625,939247.812,74,0.0,0.0,0.0,0.0,357.8400000000256,4664700.0,1298614.0841381107,1359412.7609463301,60798.6768082194,0.2914255495415204,0.7514891017116945,9,
2022-05-16,13480.0,13265.0,26547.05078125,0.0,0,3733213.2080000006,205544.19175342494,163787.88919871667,41756.30255470828,79.37194520543562,1034670.0,1462401.9733368275,1420760.2944464167,-41641.67889041093,1.3731530772578857,3.2485673524466705,17,
2022-05-17,13270.0,13370.0,26659.75,0.0,0,0.0,0.0,0.0,0.0,80.00021917803679,1042860.0,1462401.9733368275,1428870.2942272385,-33531.679109589015,1.370145843379973,3.2307550218798693,17,
2022-05-18,13550.0,13620.0,26911.19921875,0.0,0,0.0,0.0,0.0,0.0,81.49610958911944,1062360.0,1462401.9733368275,1448288.7981176495,-14113.175219178052,1.363274970930428,3.189655286248035,17,
2022-05-19,12885.0,13115.0,26402.83984375,0.0,0,0.0,0.0,0.0,0.0,78.47441095887916,1022970.0,1462401.9733368275,1408820.3237066905,-53581.64963013695,1.3771863531742774,3.2738156945722205,17,
2022-05-20,13175.0,13445.0,26739.029296875,0.0,0,0.0,0.0,0.0,0.0,80.44898630131502,1048710.0,1462401.9733368275,1434479.8747203893,-27922.09861643832,1.3678518129133785,3.2178527363178966,17,
2022-05-23,13710.0,13710.0,27001.51953125,0.0,0,0.0,0.0,0.0,0.0,82.03463013697183,1069380.0,1462401.9733368275,1455067.8400902522,-7334.133246575314,1.3606649087230471,3.1748305315637735,17,
2022-05-24,13710.0,13450.0,26748.140625,0.0,0,178194.354,3164.6466301369774,2521.7486672246505,642.897962912327,67.06575342465658,874250.0,1464923.7220040523,1437422.2303739153,-27501.491630136952,1.6441775583344755,3.8595629988490345,17,
2022-05-25,13445.0,13395.0,26677.80078125,0.0,0,0.0,0.0,0.0,0.0,66.79150684940396,870675.0,1464923.7220040523,1433780.438867066,-31143.283136986272,1.6467458453120465,3.8711509676171594,17,
2022-05-26,13390.0,13310.0,26604.83984375,0.0,0,0.0,0.0,0.0,0.0,66.36767123284517,865150.0,1464923.7220040523,1428189.0711958332,-36734.65080821915,1.6507993656543178,3.889333217809171,17,
2022-05-27,13690.0,13475.0,26781.6796875,0.0,0,0.0,0.0,0.0,0.0,67.19041095877765,875875.0,1464923.7220040523,1438846.8807848743,-26076.84121917805,1.6427536815012123,3.8538002027294844,17,
2022-05-30,13835.0,14090.0,27369.4296875,0.0,0,0.0,0.0,0.0,0.0,70.25698630139232,915850.0,1464923.7220040523,1478751.623798573,13827.901794520578,1.6146220710799508,3.729084171636277,16,
2022-05-31,14060.0,13975.0,27279.80078125,0.0,0,0.0,0.0,0.0,0.0,69.6835616438766,908375.0,1464923.7220040523,1471206.940236929,6283.218232876743,1.6196030716795697,3.751388326924229,16,
2022-06-01,14005.0,14165.0,27457.890625,0.0,0,0.0,0.0,0.0,0.0,70.63095890416298,920725.0,1464923.7220040523,1483486.3092780248,18562.587273972633,1.6112154109837626,3.7143295876097513,16,
2022-06-02,14085.0,14130.0,27413.880859375,0.0,0,0.0,0.0,0.0,0.0,70.45643835619558,918450.0,1464923.7220040523,1481140.8528396687,16217.13083561647,1.6126526787954365,3.720899555419757,16,
2022-06-03,14430.0,14480.0,27761.5703125,0.0,0,0.0,0.0,0.0,0.0,72.20164383563679,941200.0,1464923.7220040523,1503818.651195833,38894.92919178085,1.5977673727112547,3.6549785310110545,16,
2022-06-06,14270.0,14640.0,27915.890625,0.0,0,756158.7380000001,20936.079986301484,16682.91533708434,4253.164649217147,13.476821917807683,175680.0,1481606.6373411366,1490190.7477246982,8584.110383561656,8.482415458360077,19.38461027497866,16,
2022-06-07,14700.0,14665.0,27943.94921875,0.0,0,146970.6,8786.2483561644,7001.322002609602,1784.926353554798,2.249972602701746,29330.0,1488607.9593437463,1489024.1713985407,416.21205479452135,50.7679567473079,115.76997130764836,16,
2022-06-08,14860.0,14975.0,28234.2890625,0.0,0,0.0,0.0,0.0,0.0,2.297534246579744,29950.0,1488607.9593437463,1489641.8738642943,1033.914520547946,49.73762517076108,113.39394535508623,16,
2022-06-09,14960.0,14985.0,28246.529296875,0.0,0,0.0,0.0,0.0,0.0,2.299068493186496,29970.0,1488607.9593437463,1489659.5747958012,1051.6154520547952,49.705024184044085,113.31878762922412,16,
2022-06-10,14740.0,14530.0,27824.2890625,0.0,0,0.0,0.0,0.0,0.0,2.2292602739762515,29060.0,1488607.9593437463,1488747.3455355272,139.38619178082274,51.230122007416625,116.83584331477283,16,
2022-06-13,13855.0,13660.0,26987.439453125,0.0,0,0.0,0.0,0.0,0.0,2.095780821866356,27320.0,1488607.9593437463,1487005.2497547052,-1602.7095890410951,54.429181909030206,124.21322895921138,16,
2022-06-14,13100.0,13305.0,26629.859375,288257.63999999996,22,0.0,0.0,0.0,0.0,24.49578082188964,319320.0,1488607.9593437463,1490723.1139738834,2115.1546301370317,4.668430145226993,10.63885376300893,16,
2022-06-15,13280.0,13005.0,26326.16015625,305501.088,23,0.0,0.0,0.0,0.0,46.88926027400885,611235.0,1488607.9593437463,1477090.1367136093,-11517.82263013693,2.416566683376458,5.535545112900052,16,
2022-06-16,13480.0,13105.0,26431.19921875,310102.008,23,0.0,0.0,0.0,0.0,70.37205479451222,917350.0,1488607.9593437463,1473032.7566588148,-15575.202684931422,1.6057478134395975,3.6838623916431827,16,
2022-06-17,12420.0,12630.0,25963.0,310562.10000000003,25,0.0,0.0,0.0,0.0,92.04328767117113,1199850.0,1488607.9593437463,1444878.6133711436,-43729.34597260269,1.204216038147388,2.792969936574181,16,
2022-06-20,12840.0,12435.0,25771.220703125,141268.248,11,0.0,0.0,0.0,0.0,101.11528767109849,1318110.0,1488607.9593437463,1421769.2500834723,-66838.70926027391,1.0786423364388953,2.524777522227424,3,
2022-06-21,12735.0,12890.0,26246.310546875,140113.017,11,0.0,0.0,0.0,0.0,115.6921643834794,1508130.0,1488607.9593437463,1471560.5409190888,-17047.41842465747,0.9757517859329692,2.239601425934384,3,
2022-06-22,13085.0,12815.0,26149.55078125,0.0,0,0.0,0.0,0.0,0.0,115.01901369867846,1499355.0,1488607.9593437463,1462670.5219053903,-25937.4374383561,0.9755331605292878,2.246702789177363,3,
2022-06-23,12780.0,12810.0,26171.25,0.0,0,0.0,0.0,0.0,0.0,114.97413698624587,1498770.0,1488607.9593437463,1461970.547768404,-26637.4115753424,0.9754468983022104,2.247035977630359,3,
2022-06-24,12840.0,13150.0,26491.970703125,0.0,0,0.0,0.0,0.0,0.0,118.02575342461932,1538550.0,1488607.9593437463,1501632.5220149793,13024.56267123294,0.9760050190211428,2.2146397976576666,3,
2022-06-27,13425.0,13520.0,26871.26953125,0.0,0,335557.875,24848.62157534243,19800.624102311616,5047.997473030814,95.41786301363027,1243840.0,1508408.583446058,1537336.9816789348,28928.39823287681,1.2359603981854055,2.7480178165292983,16,
2022-06-28,13425.0,13690.0,27049.470703125,0.0,0,442936.395,14291.900684931548,11388.501060787705,2903.3996241438435,61.96131506859092,807710.0,1519797.0845068456,1541178.0157397224,21380.93123287676,1.9080833662325865,4.2188182057577475,16,
2022-06-29,13460.0,13460.0,26804.599609375,0.0,0,457548.47200000007,10472.62728767129,8345.113054180867,2127.5142334904226,25.813698630139697,336500.0,1528142.1975610266,1525363.159807602,-2779.0377534246295,4.533025734940868,10.048345783221897,16,
2022-06-30,13405.0,13040.0,26393.0390625,0.0,0,0.0,0.0,0.0,0.0,25.00821917806752,326000.0,1528142.1975610266,1514838.1515884239,-13304.045972602711,4.646742796283509,10.339626808637458,16,
2022-07-01,13075.0,12605.0,25935.619140625,0.0,0,0.0,0.0,0.0,0.0,24.173972602759022,315125.0,1528142.1975610266,1503938.9776158212,-24203.219945205452,4.7725155973528635,10.66178497951799,16,
2022-07-04,12760.0,12810.0,26153.810546875,306301.248,24,0.0,0.0,0.0,0.0,48.151561643811874,627690.0,1528142.1975610266,1510154.5780541773,-17987.619506849307,2.4058923641513763,5.362459877562681,16,
2022-07-05,13080.0,13065.0,26423.470703125,300900.168,23,0.0,0.0,0.0,0.0,72.16175342455972,940680.0,1528142.1975610266,1522172.2483007526,-5969.949260273969,1.6181615940604166,3.590921406897638,16,
2022-07-06,12780.0,12770.0,26107.650390625,76695.33600000001,6,0.0,0.0,0.0,0.0,76.41008219169453,996060.0,1528142.1975610266,1500780.5022185608,-27361.695342465766,1.5067169670688119,3.3697164757907014,16,
2022-07-07,12935.0,13135.0,26490.529296875,310502.088,24,0.0,0.0,0.0,0.0,102.77687671245076,1339770.0,1528142.1975610266,1533885.6373418486,5743.43978082192,1.144887284639788,2.529868672326341,16,
2022-07-08,13250.0,13235.0,26517.189453125,0.0,0,317936.4,11539.820054794522,9195.505610663015,2344.314444131507,79.1924383561709,1032330.0,1537337.7031716895,1541958.5304593607,4620.827287671258,1.493668236377283,3.2798582156355263,16,
2022-07-11,13570.0,13435.0,26812.30078125,0.0,0,0.0,0.0,0.0,0.0,80.38915068499045,1047930.0,1537337.7031716895,1557478.1413086758,20140.438136986326,1.486242536532665,3.2457657032871023,16,
2022-07-12,13320.0,12975.0,26336.66015625,0.0,0,319616.064,9040.691178082216,7204.074765254813,1836.616412827402,53.7484931506915,700650.0,1544541.7779369443,1527923.8404026977,-16617.93753424656,2.180723386002566,4.799381307169688,16,
2022-07-13,13030.0,13115.0,26478.76953125,0.0,0,0.0,0.0,0.0,0.0,54.32843835611129,708210.0,1544541.7779369443,1535429.5119643416,-9112.265972602727,2.1680426878529557,4.758670247513773,16,
2022-07-14,13005.0,13295.0,26643.390625,0.0,0,0.0,0.0,0.0,0.0,55.0740821918007,717930.0,1544541.7779369443,1545094.4378821498,552.6599452054925,2.152151933868413,4.707628470501785,16,
2022-07-15,13440.0,13445.0,26788.470703125,0.0,0,0.0,0.0,0.0,0.0,55.69545205478789,726030.0,1544541.7779369443,1553138.7424300949,8596.9644931507,2.1392211650070863,4.6661106523466485,16,
2022-07-19,13620.0,13595.0,26961.6796875,0.0,0,0.0,0.0,0.0,0.0,56.316821917833295,734130.0,1544541.7779369443,1561182.4256081772,16640.64767123289,2.1265748921964462,4.625507312437036,16,
2022-07-20,14015.0,14330.0,27680.259765625,0.0,0,406353.713,28470.423082191784,22686.656633044524,5783.766449147261,27.482191780756693,358250.0,1567228.4345699889,1585844.8899672492,18616.455397260303,4.426643098303557,9.467936475546407,16,
2022-07-21,14250.0,14440.0,27803.0,0.0,0,327684.45,17026.03482191785,13567.195847845238,3458.838974072611,2.2154520547483116,28880.0,1580795.630417834,1580698.2855411216,-97.34487671232797,54.73332013646543,116.67982644267313,16,
2022-07-22,14440.0,14565.0,27914.66015625,0.0,0,0.0,0.0,0.0,0.0,2.234630136983469,29130.0,1580795.630417834,1580946.0509109846,150.42049315068573,54.27209237593493,115.68688357034418,16,
2022-07-25,14340.0,14335.0,27699.25,0.0,0,0.0,0.0,0.0,0.0,2.1993424657266587,28670.0,1580795.630417834,1580483.851568519,-311.77884931506776,55.12674752593369,117.52684059013585,16,
2022-07-26,14305.0,14290.0,27655.2109375,0.0,0,0.0,0.0,0.0,0.0,2.192438356112689,28580.0,1580795.630417834,1580391.6591301628,-403.97128767123206,55.29711893387554,117.89363662849836,16,
2022-07-27,14210.0,14365.0,27715.75,0.0,0,0.0,0.0,0.0,0.0,2.2039452054305,28730.0,1580795.630417834,1580539.4551849572,-256.17523287671156,55.01355569735319,117.28317880097708,16,
2022-07-28,14655.0,14460.0,27815.48046875,0.0,0,0.0,0.0,0.0,0.0,2.218520547961816,28920.0,1580795.630417834,1580727.2366644093,-68.39375342465678,54.658618141922865,116.51906258336706,16,
2022-07-29,14600.0,14430.0,27801.640625,0.0,0,0.0,0.0,0.0,0.0,2.2139178082579747,28860.0,1580795.630417834,1580665.0227466011,-130.607671232876,54.770097808267536,116.75907352998473,16,
2022-08-01,14475.0,14635.0,27993.349609375,0.0,0,0.0,0.0,0.0,0.0,2.2453698629979044,29270.0,1580795.630417834,1581072.7773767381,277.1469589041103,54.01683557829649,115.13742300429222,16,
2022-08-02,14470.0,14220.0,27594.73046875,0.0,0,0.0,0.0,0.0,0.0,2.1816986300982535,28440.0,1580795.630417834,1580240.595678108,-555.0347397260267,55.56401531920211,118.46828438601874,16,
2022-08-03,14375.0,14375.0,27741.900390625,0.0,0,0.0,0.0,0.0,0.0,2.2054794520372525,28750.0,1580795.630417834,1580548.390198656,-247.24021917808147,54.97559618082281,117.20151641667717,16,
2022-08-04,14615.0,14570.0,27932.19921875,0.0,0,0.0,0.0,0.0,0.0,2.2353972602868453,29140.0,1580795.630417834,1580936.1548013957,140.52438356164458,54.25312816751529,115.64616081623022,16,
2022-08-05,14510.0,14825.0,28175.869140625,0.0,0,0.0,0.0,0.0,0.0,2.274520547944121,29650.0,1580795.630417834,1581443.8802808477,648.2498630136994,53.33706172953955,113.67401609254141,16,
2022-08-08,14710.0,14915.0,28249.240234375,0.0,0,0.0,0.0,0.0,0.0,2.288328767172061,29830.0,1580795.630417834,1581621.5919520806,825.9615342465761,53.021173045661435,112.99396582253831,16,
2022-08-09,14800.0,14645.0,27999.9609375,0.0,0,0.0,0.0,0.0,0.0,2.2469041096046567,29290.0,1580795.630417834,1581079.345047971,283.714630136987,53.98017565885869,115.05856970563673,16,
2022-08-10,14550.0,14460.0,27819.330078125,0.0,0,0.0,0.0,0.0,0.0,2.218520547961816,28920.0,1580795.630417834,1580707.126527423,-88.50389041095819,54.657922770657784,116.51767184083691,16,
2022-08-12,14880.0,15190.0,28546.98046875,0.0,0,0.0,0.0,0.0,0.0,2.330520547926426,30380.0,1580795.630417834,1582164.796006875,1369.1655890410966,52.07915720891623,110.96597789979946,16,
2022-08-15,15340.0,15560.0,28871.779296875,0.0,0,15336.932,917.651219178083,731.2303740020554,186.42084517602757,1.1936438356060535,15560.0,1581526.860791836,1582494.1135178634,967.2527260273978,101.70270652428428,216.616766146779,16,
2022-08-16,15570.0,15555.0,28868.91015625,0.0,0,15566.886,974.1387260273982,776.2424438349323,197.89628219246595,0.0,0.0,1582303.1032356708,1582303.1032356708,0.0,inf,inf,16,
2022-08-17,15665.0,15930.0,29222.76953125,0.0,0,0.0,0.0,0.0,0.0,0.0,0.0,1582303.1032356708,1582303.1032356708,0.0,inf,inf,16,
2022-08-18,15640.0,15620.0,28942.140625,0.0,0,0.0,0.0,0.0,0.0,0.0,0.0,1582303.1032356708,1582303.1032356708,0.0,inf,inf,16,
2022-08-19,15795.0,15615.0,28930.330078125,0.0,0,0.0,0.0,0.0,0.0,0.0,0.0,1582303.1032356708,1582303.1032356708,0.0,inf,inf,16,
2022-08-22,15265.0,15445.0,28794.5,0.0,0,0.0,0.0,0.0,0.0,0.0,0.0,1582303.1032356708,1582303.1032356708,0.0,inf,inf,16,
2022-08-23,15225.0,15100.0,28452.75,0.0,0,0.0,0.0,0.0,0.0,0.0,0.0,1582303.1032356708,1582303.1032356708,0.0,inf,inf,16,
2022-08-24,15130.0,14980.0,28313.470703125,0.0,0,0.0,0.0,0.0,0.0,0.0,0.0,1582303.1032356708,1582303.1032356708,0.0,inf,inf,16,
2022-08-25,15055.0,15155.0,28479.009765625,301160.22000000003,20,0.0,0.0,0.0,0.0,23.251506849308498,303100.0,1582303.1032356708,1584219.6317288214,1916.5284931506546,5.226722638498256,11.122682313500373,16,
2022-08-26,15340.0,15290.0,28641.380859375,0.0,0,0.0,0.0,0.0,0.0,23.458630136970896,305800.0,1582303.1032356708,1586896.1730986845,4593.0698630136685,5.189326923148085,11.033152687906114,16,
2022-08-29,14530.0,14495.0,27878.9609375,0.0,0,0.0,0.0,0.0,0.0,22.238904109573923,289900.0,1582303.1032356708,1570973.9341945748,-11329.16904109592,5.419020124851931,11.583282560032668,16,
2022-08-30,14695.0,14845.0,28195.580078125,308656.719,21,0.0,0.0,0.0,0.0,46.69057534245076,608645.0,1582303.1032356708,1581015.5246192324,-1287.5786164383694,2.5975988049178627,5.5335844605686155,16,
2022-08-31,14545.0,14715.0,28091.529296875,0.0,0,0.0,0.0,0.0,0.0,46.281698630191386,603315.0,1582303.1032356708,1575639.2429206024,-6663.860315068507,2.61163611533047,5.573483090268806,3,
2022-09-01,14415.0,14265.0,27661.470703125,0.0,0,0.0,0.0,0.0,0.0,44.86635616433341,584865.0,1582303.1032356708,1557144.376564438,-25158.72667123289,2.6623996590058185,5.717603580130793,3,
2022-09-02,14360.0,14245.0,27650.83984375,0.0,0,0.0,0.0,0.0,0.0,44.80345205479534,584045.0,1582303.1032356708,1556279.5731123833,-26023.530123287685,2.664656958132307,5.724073677523283,3,
2022-09-05,14175.0,14220.0,27619.609375,0.0,0,0.0,0.0,0.0,0.0,44.724821917829104,583020.0,1582303.1032356708,1555209.8482904653,-27093.254945205492,2.667506857895896,5.732225586335376,3,
2022-09-06,14275.0,14215.0,27626.509765625,0.0,0,0.0,0.0,0.0,0.0,44.70909589040093,582815.0,1582303.1032356708,1554960.139194575,-27342.964041095904,2.668016676294493,5.733736679998749,3,
2022-09-07,14140.0,14045.0,27430.30078125,0.0,0,0.0,0.0,0.0,0.0,44.1744109588908,575845.0,1582303.1032356708,1547945.9647836161,-34357.13845205481,2.688129557057222,5.7908801749282395,3,
2022-09-08,14345.0,14685.0,28065.279296875,0.0,0,0.0,0.0,0.0,0.0,46.187342465796974,602085.0,1582303.1032356708,1574139.7774411503,-8163.3257945205605,2.6144809743493864,5.581931155312988,3,
2022-09-09,14850.0,14865.0,28214.75,0.0,0,0.0,0.0,0.0,0.0,46.75347945210524,609465.0,1582303.1032356708,1581473.0239616982,-830.0792739726153,2.5948545428559444,5.526295214143087,3,
2022-09-12,15165.0,15170.0,28542.109375,0.0,0,0.0,0.0,0.0,0.0,47.71276712330291,621970.0,1582303.1032356708,1593930.311194575,11627.207958904097,2.5627125282482677,5.435138490849189,3,
2022-09-13,15230.0,15280.0,28614.630859375,0.0,0,0.0,0.0,0.0,0.0,48.058739726024214,626480.0,1582303.1032356708,1598392.252454849,16089.149219178069,2.55138592206431,5.403056713181615,3,
2022-09-14,14420.0,14425.0,27818.619140625,0.0,0,0.0,0.0,0.0,0.0,45.36958904110361,591425.0,1582303.1032356708,1563291.8828658077,-19011.220369863026,2.643263106675923,5.663881693360842,16,
2022-09-15,14480.0,14480.0,27875.91015625,0.0,0,0.0,0.0,0.0,0.0,45.54257534246426,593680.0,1582303.1032356708,1565501.3402904654,-16801.76294520549,2.636944718182296,5.646013248459189,16,
2022-09-16,14200.0,14150.0,27567.650390625,0.0,0,0.0,0.0,0.0,0.0,44.50465753424214,580150.0,1582303.1032356708,1551926.835632931,-30376.26760273974,2.6750441017545996,5.7542120762392175,16,
2022-09-20,14415.0,14290.0,27688.419921875,302775.543,21,0.0,0.0,0.0,0.0,67.96558904106496,885980.0,1582303.1032356708,1554913.32704389,-27389.77619178084,1.7550207984874264,3.77121905895404,16,
2022-09-21,14030.0,13885.0,27313.130859375,308721.732,22,0.0,0.0,0.0,0.0,89.47265753423562,1166340.0,1582303.1032356708,1526462.1223863557,-55840.9808493151,1.308762558418948,2.8402386821484575,16,
2022-09-22,13630.0,13730.0,27153.830078125,0.0,0,0.0,0.0,0.0,0.0,88.47386301372899,1153320.0,1582303.1032356708,1513353.648523342,-68949.45471232879,1.3121715122631552,2.8608599840556,3,
2022-09-26,13255.0,12975.0,26431.55078125,0.0,0,0.0,0.0,0.0,0.0,83.60876712319441,1089900.0,1582303.1032356708,1449850.0397562187,-132453.06347945207,1.3302596933261939,2.9689878147323223,3,
2022-09-27,13120.0,13125.0,26571.869140625,104980.992,8,0.0,0.0,0.0,0.0,92.6301369862631,1207500.0,1582303.1032356708,1462376.4176192326,-119926.6856164384,1.2110777785666522,2.690131318428808,3,
2022-09-28,13025.0,12690.0,26173.98046875,26055.21,2,0.0,0.0,0.0,0.0,91.50706849311246,1192860.0,1582303.1032356708,1421589.7005507392,-160713.40268493156,1.1917489902844753,2.6888782781431178,3,
2022-09-29,13185.0,13210.0,26422.05078125,131876.37,10,0.0,0.0,0.0,0.0,105.390465753444,1373840.0,1582303.1032356708,1470587.940084986,-111715.16315068495,1.0704215484226591,2.370252862003066,3,
2022-09-30,12995.0,12660.0,25937.2109375,38992.797,3,0.0,0.0,0.0,0.0,103.91605479444843,1354620.0,1582303.1032356708,1412271.2270301913,-170031.8762054795,1.042558966374475,2.360756199395183,3,
2022-10-03,12490.0,12955.0,26215.7890625,124924.98,10,0.0,0.0,0.0,0.0,116.27556164388079,1515735.0,1582303.1032356708,1448344.9714685476,-133958.13176712333,0.9555397028296817,2.1335424937086067,3,
2022-10-04,13405.0,13720.0,26992.2109375,0.0,0,0.0,0.0,0.0,0.0,123.141698630061,1605240.0,1582303.1032356708,1537726.8297699173,-44576.27346575346,0.9579420085282683,2.070184986858137,3,
2022-10-05,13920.0,13855.0,27120.529296875,0.0,0,208758.24,18745.72889041097,14937.534066323982,3808.1948240869883,108.41063013701933,1413210.0,1597240.6373019945,1550538.4643156931,-46702.172986301404,1.0971748461415451,2.3472104240200555,3,
2022-10-06,13895.0,14080.0,27311.30078125,0.0,0,250059.978,13095.086794520543,10434.819912213694,2660.266882306848,90.72920547937974,1182720.0,1607675.4572142083,1567357.446227907,-40318.01098630141,1.325214290980035,2.8077096939610366,3,
2022-10-07,13700.0,13845.0,27116.109375,0.0,0,0.0,0.0,0.0,0.0,89.21490410953993,1162980.0,1607675.4572142083,1547528.2313237973,-60147.22589041099,1.3306576478733918,2.8382396768933065,18,
2022-10-11,13355.0,13135.0,26401.25,0.0,0,0.0,0.0,0.0,0.0,84.63978082191898,1103340.0,1607675.4572142083,1487803.5915429755,-119871.86567123292,1.3484543219161595,2.937450559094871,18,
2022-10-12,13090.0,13115.0,26396.830078125,0.0,0,0.0,0.0,0.0,0.0,84.51090410957113,1101660.0,1607675.4572142083,1486039.080638866,-121636.3765753425,1.3489089924648856,2.940251691142018,18,
2022-10-13,13135.0,12965.0,26237.419921875,0.0,0,0.0,0.0,0.0,0.0,83.5443287671078,1089060.0,1607675.4572142083,1473355.5363100986,-134319.9209041096,1.3528690212753187,2.962546222803134,18,
2022-10-14,13565.0,13820.0,27090.759765625,0.0,0,0.0,0.0,0.0,0.0,89.05380821926519,1160880.0,1607675.4572142083,1545086.4825018796,-62588.9747123288,1.3309614107417473,2.8409762264743486,18,
2022-10-17,13515.0,13485.0,26775.7890625,0.0,0,0.0,0.0,0.0,0.0,86.89512328762794,1132740.0,1607675.4572142083,1516859.5873785918,-90815.86983561647,1.3391065799553223,2.886557101844172,18,
2022-10-18,13940.0,13885.0,27156.140625,0.0,0,0.0,0.0,0.0,0.0,89.47265753423562,1166340.0,1607675.4572142083,1550370.1147210577,-57305.34249315072,1.3292608628024913,2.832055615196168,18,
2022-10-19,13925.0,13970.0,27257.380859375,0.0,0,0.0,0.0,0.0,0.0,90.02038356172852,1173480.0,1607675.4572142083,1557420.094337496,-50255.36287671236,1.3271807737136516,2.820755109129065,18,
2022-10-20,13675.0,13720.0,27006.9609375,0.0,0,0.0,0.0,0.0,0.0,88.40942465746775,1152480.0,1607675.4572142083,1536331.6849128385,-71343.7723013699,1.333065810177043,2.853778709054787,18,
2022-10-21,13630.0,13580.0,26890.580078125,0.0,0,0.0,0.0,0.0,0.0,87.50728767126566,1140720.0,1607675.4572142083,1524484.1776251672,-83191.27958904112,1.3364227659944308,2.872736405109157,18,
2022-10-24,14000.0,13690.0,26974.900390625,0.0,0,0.0,0.0,0.0,0.0,88.2161095890333,1149960.0,1607675.4572142083,1533635.9615155782,-74039.49569863017,1.3336428758527064,2.857535427160023,18,
2022-10-25,13870.0,13925.0,27250.279296875,0.0,0,0.0,0.0,0.0,0.0,89.73041095887311,1169700.0,1607675.4572142083,1553286.2311046193,-54389.22610958907,1.3279355656190641,2.826034007861009,18,
2022-10-26,14120.0,14140.0,27431.83984375,0.0,0,0.0,0.0,0.0,0.0,91.11583561642328,1187760.0,1607675.4572142083,1571255.1152690027,-36420.34194520552,1.322872562865396,2.7981155682324625,18,
2022-10-27,14120.0,14035.0,27345.240234375,0.0,0,0.0,0.0,0.0,0.0,90.43923287669895,1178940.0,1607675.4572142083,1562344.676036126,-45330.78117808223,1.3252113559944747,2.8114143797462425,18,
2022-10-28,13735.0,13810.0,27105.19921875,0.0,0,0.0,0.0,0.0,0.0,88.98936986300396,1160040.0,1607675.4572142083,1543355.686666263,-64319.77054794524,1.3304331632239086,2.8407734992916707,18,
2022-10-31,14190.0,14275.0,27587.4609375,0.0,0,0.0,0.0,0.0,0.0,91.98575342469849,1199100.0,1607675.4572142083,1582323.7009128383,-25351.756301369896,1.3195927786780404,2.7806579256204325,18,
2022-11-01,14320.0,14375.0,27678.919921875,0.0,0,0.0,0.0,0.0,0.0,92.6301369862631,1207500.0,1607675.4572142083,1590631.070775852,-17044.386438356203,1.3172928122367304,2.7681173153933645,18,
2022-11-02,14285.0,14380.0,27663.390625,0.0,0,0.0,0.0,0.0,0.0,92.6623561643064,1207920.0,1607675.4572142083,1590958.4084196878,-16717.048794520582,1.3171057755643485,2.7673491072464724,18,
2022-11-04,13950.0,13880.0,27199.740234375,0.0,0,0.0,0.0,0.0,0.0,89.44043835619232,1165920.0,1607675.4572142083,1548868.9679813315,-58806.489232876746,1.3284521819518762,2.830860996250555,18,
2022-11-07,14085.0,14215.0,27527.640625,0.0,0,0.0,0.0,0.0,0.0,91.59912328765495,1194060.0,1607675.4572142083,1576917.3688580438,-30758.08835616442,1.3206349503861143,2.7875603022476856,18,
2022-11-08,14400.0,14570.0,27872.109375,0.0,0,0.0,0.0,0.0,0.0,93.88668493158184,1223880.0,1607675.4572142083,1606643.4821731125,-1031.9750410959277,1.3127459245784818,2.743852731584803,18,
2022-11-09,14655.0,14420.0,27716.4296875,0.0,0,0.0,0.0,0.0,0.0,92.92010958911851,1211280.0,1607675.4572142083,1593950.5620635233,-13724.895150684968,1.3159224638923481,2.7618392451892464,18,
2022-11-10,14135.0,14140.0,27446.099609375,0.0,0,0.0,0.0,0.0,0.0,91.11583561642328,1187760.0,1607675.4572142083,1570339.446227907,-37336.01098630141,1.322101641937687,2.7965737263770434,18,
2022-11-11,14850.0,14960.0,28263.5703125,0.0,0,0.0,0.0,0.0,0.0,96.39978082192829,1256640.0,1607675.4572142083,1639123.046447085,31447.589232876675,1.304369625705918,2.697945003883335,18,
2022-11-14,14880.0,14675.0,27963.470703125,0.0,0,327294.528,17760.65484931504,14152.57781667669,3608.0770326383504,69.79671232873807,909850.0,1621828.0350308851,1615949.700702118,-5878.3343287671405,1.7760616592868252,3.681202189782209,18,
2022-11-15,14605.0,14685.0,27990.169921875,0.0,0,0.0,0.0,0.0,0.0,69.84427397267427,910470.0,1621828.0350308851,1616499.8564281454,-5328.178602739745,1.7754564745989934,3.679222954985225,18,
2022-11-16,14680.0,14730.0,28028.30078125,0.0,0,0.0,0.0,0.0,0.0,70.05830136983423,913260.0,1621828.0350308851,1619219.7981267755,-2608.236904109608,1.7730107506370316,3.6708845314835394,18,
2022-11-17,14600.0,14635.0,27930.5703125,0.0,0,0.0,0.0,0.0,0.0,69.6064657534589,907370.0,1621828.0350308851,1613260.1916610221,-8567.843369863032,1.777951873724084,3.6880685875565105,18,
2022-11-18,14670.0,14590.0,27899.76953125,0.0,0,0.0,0.0,0.0,0.0,69.39243835612433,904580.0,1621828.0350308851,1610400.7992226658,-11427.235808219197,1.7802746017186604,3.696205984450727,18,
2022-11-21,14660.0,14620.0,27944.7890625,0.0,0,0.0,0.0,0.0,0.0,69.53512328764191,906440.0,1621828.0350308851,1612191.2640993784,-9636.770931506868,1.7785967787160522,3.690519989373663,18,
2022-11-22,14725.0,14825.0,28115.740234375,0.0,0,0.0,0.0,0.0,0.0,70.51013698626775,919150.0,1621828.0350308851,1624830.753962392,3002.718931506831,1.767753635383117,3.653162072451603,18,
2022-11-24,15105.0,15085.0,28383.08984375,0.0,0,0.0,0.0,0.0,0.0,71.74673972604796,935270.0,1621828.0350308851,1640879.007222666,19050.972191780802,1.7544441789244454,3.607279636270209,18,
2022-11-25,15080.0,14990.0,28283.029296875,0.0,0,316616.664,12853.031301369847,10241.937992496561,2611.0933088732845,47.146630136994645,614590.0,1632069.9730233815,1634157.4312836556,2087.4582602739592,2.6589391810534755,5.457554909035163,18,
2022-11-28,14945.0,14850.0,28162.830078125,0.0,0,0.0,0.0,0.0,0.0,46.70630136987893,608850.0,1632069.9730233815,1628370.7249822856,-3699.2480410959033,2.674502299387839,5.499425571062136,18,
2022-11-29,14685.0,14730.0,28027.83984375,0.0,0,0.0,0.0,0.0,0.0,46.32887671230128,603930.0,1632069.9730233815,1623404.3961055733,-8665.576917808232,2.6880671536528626,5.535927344539528,18,
2022-11-30,14595.0,14665.0,27968.990234375,0.0,0,0.0,0.0,0.0,0.0,46.1244383562007,601265.0,1632069.9730233815,1620693.2716672171,-11376.701356164396,2.6954724982615272,5.555878609782783,18,
2022-12-01,15165.0,14940.0,28226.080078125,0.0,0,0.0,0.0,0.0,0.0,46.98936986300396,612540.0,1632069.9730233815,1631921.2822973542,-148.69072602741016,2.6641872894788166,5.471865304423088,18,
2022-12-02,14725.0,14440.0,27777.900390625,0.0,0,0.0,0.0,0.0,0.0,45.41676712327171,592040.0,1632069.9730233815,1611375.8655302308,-20694.107493150696,2.721734790774662,5.626554861220647,18,
2022-12-05,14460.0,14495.0,27820.400390625,0.0,0,0.0,0.0,0.0,0.0,45.58975342463236,594295.0,1632069.9730233815,1613585.2757768063,-18484.697246575357,2.715125107525398,5.608846381898253,18,
2022-12-06,14370.0,14575.0,27885.869140625,0.0,0,0.0,0.0,0.0,0.0,45.84136986301746,597575.0,1632069.9730233815,1616819.4344069432,-15250.538616438367,2.7056343294263367,5.583395687220008,18,
2022-12-07,14330.0,14365.0,27686.400390625,229325.856,16,0.0,0.0,0.0,0.0,62.81243835616624,818805.0,1632069.9730233815,1608660.765968587,-23409.207054794533,1.964644531932007,4.0647971090965305,9,
2022-12-08,14290.0,14235.0,27574.4296875,428785.74,30,0.0,0.0,0.0,0.0,95.00400000001537,1238445.0,1632069.9730233815,1599420.021968587,-32649.951054794525,1.291474406993114,2.679925591296976,9,
2022-12-09,14335.0,14585.0,27901.009765625,645204.015,45,0.0,0.0,0.0,0.0,147.68810958910035,1925220.0,1632069.9730233815,1640843.318858998,8773.345835616423,0.8522887352401273,1.7453673126679579,9,
2022-12-12,14385.0,14510.0,27842.330078125,100715.139,7,1308773.193,5287.903150684955,4213.665625623306,1074.2375250616487,53.42860273976112,696480.0,1636283.6386490045,1619033.7067311963,-17249.931917808226,2.324594685750052,4.785586253465111,9,
2022-12-13,14735.0,14640.0,27954.849609375,235807.152,16,103124.371,2401.440328767127,1913.5877259780852,487.85260278904184,64.0149041095865,834480.0,1638197.2263749824,1623799.0582242974,-14398.168150684945,1.9458813371492394,3.9969382250906023,9,
2022-12-14,14710.0,14850.0,28156.2109375,176555.304,12,0.0,0.0,0.0,0.0,78.60328767122701,1024650.0,1638197.2263749824,1637335.1509366261,-862.075438356183,1.59794578728017,3.2682598931325457,9,
2022-12-15,14680.0,14705.0,28051.69921875,44048.808,3,0.0,0.0,0.0,0.0,81.21994520549197,1058760.0,1638197.2263749824,1627315.1229914208,-10882.103383561658,1.5370009473265147,3.153425943186229,9,
2022-12-16,14280.0,14180.0,27527.119140625,71414.28,5,0.0,0.0,0.0,0.0,83.75912328768754,1091860.0,1638197.2263749824,1588917.0838681331,-49280.142506849326,1.4552388436870416,3.022584812486286,9,
2022-12-19,13930.0,13885.0,27237.640625,668773.728,48,0.0,0.0,0.0,0.0,133.14383561641444,1735625.0,1638197.2263749824,1563775.2120325167,-74422.01434246577,0.9009867984342912,1.8869078503075511,9,
2022-12-20,13900.0,13205.0,26568.029296875,848069.58,61,0.0,0.0,0.0,0.0,188.41545205475995,2456130.0,1638197.2263749824,1436022.2165804617,-202175.00979452056,0.5846686521399362,1.2812933463562328,9,
2022-12-21,13175.0,13010.0,26387.720703125,592993.575,45,0.0,0.0,0.0,0.0,230.54432876722421,3005310.0,1638197.2263749824,1391978.0972516949,-246219.1291232876,0.4631728830808452,1.0324220673169822,18,
2022-12-22,13215.0,13110.0,26507.869140625,383311.647,29,0.0,0.0,0.0,0.0,261.4816438356647,3408600.0,1638197.2263749824,1411694.9686078592,-226502.2577671232,0.4141568293750687,0.9159783350468604,18,
2022-12-23,12825.0,12860.0,26235.25,141103.215,11,0.0,0.0,0.0,0.0,267.34706849313807,3485060.0,1638197.2263749824,1346784.406539366,-291412.81983561633,0.38644511329485465,0.8771802619477834,18,
2022-12-26,12910.0,13020.0,26405.869140625,64562.91,5,0.0,0.0,0.0,0.0,275.66728767129825,3593520.0,1638197.2263749824,1390405.8292516947,-247791.39712328758,0.38692029799519545,0.8627673142568846,18,
2022-12-27,13185.0,13065.0,26447.869140625,0.0,0,0.0,0.0,0.0,0.0,276.620054794359,3605940.0,1638197.2263749824,1402549.2091969003,-235648.0171780821,0.3889552264310832,0.8630865624549524,18,
2022-12-28,12910.0,12930.0,26340.5,0.0,0,0.0,0.0,0.0,0.0,273.76175342471106,3568680.0,1638197.2263749824,1365015.4474434755,-273181.7789315068,0.3824986962808309,0.8615036471501959,18,
2022-12-29,12725.0,12720.0,26093.669921875,0.0,0,0.0,0.0,0.0,0.0,269.31550684932154,3510720.0,1638197.2263749824,1306786.1319366265,-331411.094438356,0.3722273869567002,0.8590637261012737,18,
2022-12-30,12890.0,12750.0,26094.5,0.0,0,0.0,0.0,0.0,0.0,269.9506849315949,3519000.0,1638197.2263749824,1314796.181251695,-323401.04512328753,0.3736277866586232,0.8592419162058539,18,
2023-01-04,12530.0,12385.0,25716.859375,0.0,0,0.0,0.0,0.0,0.0,262.22268493141746,3418260.0,1638197.2263749824,1213793.9585667632,-424403.2678082191,0.35509117462298456,0.8549401911377535,18,
2023-01-05,12535.0,12485.0,25820.80078125,0.0,0,0.0,0.0,0.0,0.0,264.3399452054873,3445860.0,1638197.2263749824,1241129.618621558,-397067.60775342456,0.36017993146023286,0.855948639198379,18,
2023-01-06,12410.0,12625.0,25973.849609375,111712.338,9,0.0,0.0,0.0,0.0,276.020547945227,3598125.0,1638197.2263749824,1281406.2600736127,-356790.9663013698,0.3561316685978427,0.8308437863532353,3,
2023-01-10,12850.0,12815.0,26175.560546875,25705.14,2,0.0,0.0,0.0,0.0,282.14065753429895,3677905.0,1638197.2263749824,1335198.9794160784,-302998.246958904,0.3630324816481335,0.8273705757645091,3,
2023-01-11,12990.0,13085.0,26446.0,0.0,0,0.0,0.0,0.0,0.0,288.08509589044843,3755395.0,1638197.2263749824,1412400.8943201879,-225796.33205479445,0.3760991571646093,0.8307792408695719,3,
2023-01-12,13140.0,13095.0,26449.8203125,0.0,0,118236.348,6497.411917808214,5177.462686705475,1319.9492311027386,279.26432876707986,3640410.0,1643374.6890616878,1414053.028760318,-229321.66030136982,0.38843235480627675,0.8556123253861353,3,
2023-01-13,12930.0,12750.0,26119.51953125,0.0,0,0.0,0.0,0.0,0.0,271.90684931515716,3544500.0,1643374.6890616878,1317871.1219110028,-325503.5671506849,0.37180734148991473,0.8515519401214022,3,
2023-01-16,12485.0,12465.0,25822.3203125,0.0,0,0.0,0.0,0.0,0.0,265.8289315068396,3465270.0,1643374.6890616878,1238375.292979496,-404999.39608219167,0.35736762012180756,0.848004396164598,3,
2023-01-17,12560.0,12770.0,26138.6796875,12562.512,1,0.0,0.0,0.0,0.0,273.3129863012582,3562830.0,1643374.6890616878,1323099.4679931947,-320275.2210684931,0.3713619420497736,0.8484870330396607,3,
2023-01-18,12885.0,13410.0,26791.119140625,0.0,0,0.0,0.0,0.0,0.0,287.0107397259562,3741390.0,1643374.6890616878,1501372.4572534687,-142002.23180821908,0.40128734434353774,0.8555646522937309,3,
2023-01-19,13165.0,13025.0,26405.23046875,0.0,0,250084.97300000003,5888.353479452073,4692.134470101384,1196.2190093506888,259.7863013698952,3386500.0,1648066.8235317892,1395111.4249427482,-252955.39858904105,0.4119626236358329,0.9120306695271517,3,
2023-01-20,12950.0,13170.0,26553.529296875,0.0,0,0.0,0.0,0.0,0.0,262.67835616436787,3424200.0,1648066.8235317892,1432548.7465865838,-215518.0769452054,0.4183601269162385,0.9128457758429329,3,
2023-01-23,13470.0,13530.0,26906.0390625,40418.081999999995,3,0.0,0.0,0.0,0.0,272.97238356171874,3558390.0,1648066.8235317892,1526047.6922030223,-122019.13132876703,0.4288590323722308,0.9046204825424553,9,
2023-01-24,13810.0,13925.0,27299.189453125,0.0,0,1021735.6120000002,43920.518000000186,34998.064768300144,8922.453231700038,201.8934246575809,2631825.0,1683064.8883000892,1612093.9575466646,-70970.93075342462,0.612538431524385,1.2390323569360546,9,
2023-01-25,13820.0,14010.0,27395.009765625,0.0,0,41451.708,1027.3075890410996,818.6100523274002,208.69753671369938,199.90158904111013,2605860.0,1683883.4983524168,1627172.06642091,-56711.43193150682,0.6244280454133798,1.2566934649173003,9,
2023-01-26,14070.0,13980.0,27362.75,0.0,0,0.0,0.0,0.0,0.0,199.4735342465574,2600280.0,1683883.4983524168,1621392.5928866633,-62490.905465753414,0.6235453846842122,1.257090884605082,9,
2023-01-27,14055.0,14020.0,27382.560546875,0.0,0,0.0,0.0,0.0,0.0,200.0442739726277,2607720.0,1683883.4983524168,1628632.5486126908,-55250.949739726,0.624542722613122,1.2562039624165775,9,
2023-01-30,14005.0,14050.0,27433.400390625,0.0,0,0.0,0.0,0.0,0.0,200.47232876712224,2613300.0,1683883.4983524168,1634012.0762839236,-49871.42206849312,0.6252676984211241,1.255503483035022,9,
2023-01-31,14085.0,13940.0,27327.109375,0.0,0,859013.1630000001,9285.816917808319,7399.403210955559,1886.41370685276,133.67123287677532,1742500.0,1691282.9015633725,1620205.1543441943,-71077.74721917808,0.9298164443869121,1.869601631061698,9,
2023-02-01,14140.0,13975.0,27346.880859375,14142.828,1,0.0,0.0,0.0,0.0,135.07890410959953,1760850.0,1691282.9015633725,1624277.2474400848,-67005.65412328768,0.9224393034273702,1.8523541791275742,9,
2023-02-02,14120.0,14030.0,27402.05078125,14122.824,1,0.0,0.0,0.0,0.0,136.68679452047218,1781810.0,1691282.9015633725,1630977.7366455642,-60305.16491780824,0.9153488512498887,1.8342481289967776,9,
2023-02-03,14110.0,14150.0,27509.4609375,14112.822,1,0.0,0.0,0.0,0.0,138.9413698630524,1811200.0,1691282.9015633725,1646115.9732757013,-45166.92828767125,0.9088537838315488,1.812765544383846,9,
2023-02-06,14420.0,14315.0,27693.650390625,0.0,0,692021.568,21685.688547945174,17280.24091943011,4405.447628515062,87.85095890407683,1145200.0,1708563.1424828027,1667644.2426882822,-40918.89979452056,1.4562034951871132,2.8667793257891665,9,
2023-02-07,14380.0,14320.0,27685.470703125,0.0,0,43131.372,743.1225479452046,592.1572023301363,150.96534561506832,84.58608219178859,1102640.0,1709155.2996851327,1667980.0632604752,-41175.236424657545,1.5127149960644228,2.9769859571898443,9,
2023-02-08,14265.0,14225.0,27606.4609375,0.0,0,0.0,0.0,0.0,0.0,84.02493150683586,1095325.0,1709155.2996851327,1660581.0383289682,-48574.261356164396,1.5160623909149962,2.990035602193683,9,
2023-02-09,14075.0,14235.0,27584.349609375,0.0,0,0.0,0.0,0.0,0.0,84.08400000003166,1096095.0,1709155.2996851327,1661266.9543289682,-47888.3453561644,1.5156231479287545,2.9884841897580006,9,
2023-02-10,14235.0,14290.0,27670.98046875,14237.847,1,0.0,0.0,0.0,0.0,85.50509589031572,1114620.0,1709155.2996851327,1665468.6022330779,-43686.69745205481,1.4942030487817175,2.942508407153124,9,
2023-02-13,14170.0,14045.0,27427.3203125,14172.833999999999,1,0.0,0.0,0.0,0.0,85.11654794518836,1109555.0,1709155.2996851327,1646145.6516851326,-63009.64800000001,1.4836088807541155,2.9384488859814293,9,
2023-02-14,14330.0,14235.0,27602.76953125,100330.062,7,0.0,0.0,0.0,0.0,93.91200000001118,1224210.0,1709155.2996851327,1660376.6776851327,-48778.62200000002,1.3562841977153697,2.6747925337034695,9,
2023-02-15,14330.0,14125.0,27501.859375,42998.598,3,0.0,0.0,0.0,0.0,96.43698630138533,1257125.0,1709155.2996851327,1650196.6426988314,-58958.65698630139,1.3126750662812618,2.596584504892132,9,
2023-02-16,14265.0,14330.0,27696.439453125,85607.11799999999,6,0.0,0.0,0.0,0.0,104.43232876708498,1361350.0,1709155.2996851327,1668710.0923700642,-40445.207315068496,1.2257759520843752,2.4113125302493756,9,
2023-02-17,14095.0,14135.0,27513.130859375,28195.638,2,0.0,0.0,0.0,0.0,105.17989041103283,1371095.0,1709155.2996851327,1650154.2744796532,-59001.025205479455,1.2035302254618776,2.380563939970728,9,
2023-02-20,14120.0,14145.0,27531.939453125,112982.592,8,0.0,0.0,0.0,0.0,113.93506849306868,1485225.0,1709155.2996851327,1651187.74741116,-57967.552273972615,1.1117424951850123,2.1982520178001175,9,
2023-02-21,14115.0,14095.0,27473.099609375,84706.938,6,0.0,0.0,0.0,0.0,120.01989041094203,1564545.0,1709155.2996851327,1645680.7895207491,-63474.51016438357,1.0518590321919465,2.0832074982543536,9,
2023-02-22,13885.0,13735.0,27104.3203125,180541.101,13,0.0,0.0,0.0,0.0,130.65183561638696,1703140.0,1709155.2996851327,1603604.0366851327,-105551.26299999999,0.9415573803005817,1.8889019520915045,9,
2023-02-24,13770.0,14055.0,27453.48046875,578455.668,42,0.0,0.0,0.0,0.0,178.97983561642468,2333130.0,1709155.2996851327,1654959.3888495164,-54195.91083561639,0.709330122560473,1.4007967164341002,9,
2023-02-27,13970.0,14075.0,27423.9609375,195619.116,14,768196.3300000001,9126.563082191855,7272.50179204458,1854.0612901472753,134.96575342456345,1759375.0,1716427.801477177,1651792.5758059442,-64635.22567123289,0.9388519080957409,1.8505506223145738,9,
2023-02-28,14155.0,14070.0,27445.560546875,212367.465,15,198130.366,2496.1338356164383,1989.044246910959,507.08958870547946,135.9971506849397,1772820.0,1718416.8457240881,1650357.3900665538,-68059.45565753426,0.930922141033243,1.834221852421008,9,
2023-03-01,14005.0,14135.0,27516.529296875,210117.01499999998,15,0.0,0.0,0.0,0.0,152.8903561644256,1993035.0,1718416.8457240881,1660302.4847103895,-58114.361013698624,0.8330523471541591,1.6364676930895257,9,
2023-03-02,14165.0,14145.0,27498.869140625,141678.33000000002,10,212432.505,2299.2250684931705,1832.137495828783,467.0875726643876,147.57304109580582,1923720.0,1720248.983219917,1661126.9990966292,-59121.98412328768,0.8634972860377962,1.6945891839630165,9,
2023-03-03,14325.0,14560.0,27927.470703125,85967.19,6,0.0,0.0,0.0,0.0,158.60427397250896,2067520.0,1720248.983219917,1718801.2048226567,-1447.7783972602958,0.8313347415370379,1.6045458841633398,9,
2023-03-06,14830.0,14910.0,28237.779296875,14832.966,1,1037892.38,42475.5080547945,33846.608593463,8628.899461331504,83.49599999998463,1088430.0,1754095.59181338,1754058.223361325,-37.36845205481059,1.6115489497361566,3.04119577823954,9,
2023-03-07,14880.0,14980.0,28309.16015625,0.0,0,357048.576,1339.4644520548304,1067.3522486198917,272.1122034349388,56.30838356167078,734020.0,1755162.9440619997,1756368.3787743284,1205.4347123287305,2.3928072515385526,4.5108349956222575,12,
2023-03-08,14910.0,15110.0,28444.189453125,0.0,0,417396.504,3368.304219178092,2684.0332170520624,684.2710021260293,24.34158904105425,317310.0,1757846.9772790517,1756346.2701831611,-1500.7070958904421,5.535111626432073,10.42396504707467,12,
2023-03-09,15335.0,15310.0,28623.150390625,0.0,0,15331.933,495.51494520548,394.8510840869867,100.66386111849326,23.489315068465658,306200.0,1758241.8283631387,1760444.0500069743,2202.221643835586,5.7493274004146775,10.813870426684526,12,
2023-03-10,15000.0,14770.0,28143.970703125,0.0,0,0.0,0.0,0.0,0.0,22.660821917816065,295400.0,1758241.8283631387,1749621.3891850566,-8620.439178082222,5.922888927505269,11.172517951953171,12,
2023-03-13,14575.0,14485.0,27832.9609375,0.0,0,0.0,0.0,0.0,0.0,22.223561643855646,289700.0,1758241.8283631387,1743899.1656234127,-14342.662739726058,6.019672646266526,11.372514172881184,12,
2023-03-14,13950.0,13800.0,27222.0390625,153480.69,11,0.0,0.0,0.0,0.0,32.81753424654016,427800.0,1758241.8283631387,1728485.658089166,-29756.170273972635,4.040405932887251,7.6651964254679426,12,
2023-03-15,14055.0,13800.0,27229.48046875,745063.983,53,0.0,0.0,0.0,0.0,88.92493150680093,1159200.0,1758241.8283631387,1714732.7501576592,-43509.07820547949,1.4792380522409068,2.81688164074549,12,
2023-03-16,13260.0,13580.0,27010.609375,742708.512,56,0.0,0.0,0.0,0.0,145.84547945210943,1901200.0,1758241.8283631387,1713878.3926782073,-44363.43568493153,0.9014719086251879,1.7169834814818365,12,
2023-03-17,13800.0,13900.0,27333.7890625,745349.04,54,772645.44,29878.589808219134,23808.754288679418,6069.835519539717,147.14958904107334,1918200.0,1782050.5826518182,1751957.8075696263,-30092.775082191856,0.9133342756592776,1.7059653166966047,12,
2023-03-20,13870.0,13545.0,26945.669921875,735257.022,53,0.0,0.0,0.0,0.0,198.46208219177788,2587095.0,1782050.5826518182,1685397.3234874345,-96653.25916438363,0.6514632526008649,1.2390823391962966,12,
2023-03-22,13905.0,14045.0,27466.609375,737112.3929999999,53,0.0,0.0,0.0,0.0,262.89161643839907,3426980.0,1782050.5826518182,1787907.0388709963,5856.456219178082,0.5217150490726519,0.9652436104354757,12,
2023-03-23,13850.0,14015.0,27419.609375,0.0,0,747750.4199999999,2229.5090958902992,1776.584323060185,452.9247728301143,204.27342465758557,2662850.0,1783827.1669748784,1770870.2606735085,-12956.90630136982,0.6650281693199048,1.2349174708947672,12,
2023-03-24,13960.0,13960.0,27385.25,27925.584,2,0.0,0.0,0.0,0.0,205.61358904105145,2680320.0,1783827.1669748784,1760209.0630844675,-23618.103890410923,0.6567160126717957,1.2228141327132764,12,
2023-03-27,14070.0,14070.0,27476.869140625,14072.814,1,0.0,0.0,0.0,0.0,208.31309589039301,2715510.0,1783827.1669748784,1781117.935988577,-2709.2309863013284,0.655905496937436,1.214590900421014,12,
2023-03-28,14165.0,14105.0,27518.25,14167.833,1,750594.851,15054.710260274,11996.345870899337,3058.364389374663,152.56586301367497,1988805.0,1795823.512845778,1787629.023736189,-8194.489109589005,0.8988458012405384,1.6540271910150026,12,
2023-03-29,14120.0,14445.0,27883.779296875,0.0,0,748210.328,10812.53943835622,8615.972051454153,2196.567386902066,97.51364383561304,1271160.0,1804439.4848972321,1815900.2707054513,11460.785808219141,1.4285379265438272,2.6014811207980606,12,
2023-03-30,14640.0,14610.0,27782.9296875,0.0,0,995320.8960000001,39899.490849315065,31793.909283276713,8105.581566038356,22.41534246574156,292200.0,1836233.3941805088,1824133.1697969472,-12100.224383561675,6.242755543452933,11.208794436732981,12,
2023-03-31,14850.0,14940.0,28041.48046875,0.0,0,0.0,0.0,0.0,0.0,22.921643835608847,298800.0,1836233.3941805088,1830710.2481531114,-5523.146027397292,6.126874993818981,10.983145552629539,12,
2023-04-03,15095.0,15085.0,28188.150390625,0.0,0,0.0,0.0,0.0,0.0,23.14410958904773,301700.0,1836233.3941805088,1833587.1040435224,-2646.290136986332,6.07751774624966,10.887032160777355,12,
2023-04-04,15075.0,15175.0,28287.419921875,0.0,0,0.0,0.0,0.0,0.0,23.28219178080326,303500.0,1836233.3941805088,1835363.8218517418,-869.572328767154,6.0473272548657055,10.828240654111914,12,
2023-04-05,14995.0,14680.0,27813.259765625,0.0,0,0.0,0.0,0.0,0.0,22.522739726002328,293600.0,1836233.3941805088,1825441.2991120156,-10792.095068493181,6.217443116866538,11.159489077123688,12,
2023-04-06,14485.0,14315.0,27472.630859375,14487.896999999999,1,0.0,0.0,0.0,0.0,23.06087671231944,300615.0,1836233.3941805088,1817945.3412353033,-18288.05294520551,6.047420591904274,10.874064748233089,12,
2023-04-07,14380.0,14350.0,27518.310546875,733526.676,51,0.0,0.0,0.0,0.0,79.25917808222584,1033200.0,1836233.3941805088,1816924.4060572211,-19308.988123287676,1.7585408498424517,3.162801761453664,12,
2023-04-10,14520.0,14485.0,27633.66015625,740668.104,51,0.0,0.0,0.0,0.0,136.67490410956088,1781655.0,1836233.3941805088,1824574.6271531114,-11658.767027397318,1.0240897520300571,1.8383583388061695,12,
2023-04-11,14740.0,14790.0,27923.369140625,574974.9720000001,39,0.0,0.0,0.0,0.0,183.80120547948172,2395980.0,1836233.3941805088,1863740.853947632,27507.459767123164,0.7778616073371364,1.3832764679649858,12,
2023-04-12,14870.0,14965.0,28082.69921875,0.0,0,1531303.6779999998,42331.34752054792,33731.73427174861,8599.613248799309,67.73200000001816,882935.0,1869965.1284522573,1873332.1866988325,3367.058246575244,2.121710190103272,3.7165759709892576,12,
2023-04-13,14810.0,15020.0,28156.970703125,0.0,0,577474.4820000001,2410.489561643845,1920.7986071958976,489.6909544479471,23.0443835616461,300400.0,1871885.927059453,1867758.9333608227,-4126.993698630167,6.2175730138509415,10.897097928302882,12,
2023-04-14,15250.0,15370.0,28493.470703125,0.0,0,0.0,0.0,0.0,0.0,23.58136986300815,307400.0,1871885.927059453,1874735.3519909598,2849.4249315068187,6.09868364343188,10.671571421348272,12,
2023-04-17,15450.0,15415.0,28514.779296875,0.0,0,308938.2,4387.624931506831,3496.278926671218,891.3460048356127,0.0,0.0,1875382.205986124,1875382.205986124,0.0,inf,inf,12,
2023-04-18,15445.0,15575.0,28658.830078125,0.0,0,0.0,0.0,0.0,0.0,0.0,0.0,1875382.205986124,1875382.205986124,0.0,inf,inf,12,
2023-04-19,15535.0,15490.0,28606.759765625,0.0,0,0.0,0.0,0.0,0.0,0.0,0.0,1875382.205986124,1875382.205986124,0.0,inf,inf,12,
2023-04-20,15360.0,15545.0,28657.5703125,0.0,0,0.0,0.0,0.0,0.0,0.0,0.0,1875382.205986124,1875382.205986124,0.0,inf,inf,12,
2023-04-21,15460.0,15460.0,28564.369140625,0.0,0,0.0,0.0,0.0,0.0,0.0,0.0,1875382.205986124,1875382.205986124,0.0,inf,inf,12,
2023-04-24,15540.0,15480.0,28593.51953125,0.0,0,0.0,0.0,0.0,0.0,0.0,0.0,1875382.205986124,1875382.205986124,0.0,inf,inf,12,
2023-04-25,15590.0,15535.0,28620.0703125,0.0,0,0.0,0.0,0.0,0.0,0.0,0.0,1875382.205986124,1875382.205986124,0.0,inf,inf,12,
2023-04-26,15385.0,15310.0,28416.470703125,0.0,0,0.0,0.0,0.0,0.0,0.0,0.0,1875382.205986124,1875382.205986124,0.0,inf,inf,12,
2023-04-27,15200.0,15345.0,28457.6796875,0.0,0,0.0,0.0,0.0,0.0,0.0,0.0,1875382.205986124,1875382.205986124,0.0,inf,inf,12,
2023-04-28,15605.0,15790.0,28856.439453125,0.0,0,0.0,0.0,0.0,0.0,0.0,0.0,1875382.205986124,1875382.205986124,0.0,inf,inf,12,
2023-05-01,15990.0,16085.0,29123.1796875,0.0,0,0.0,0.0,0.0,0.0,0.0,0.0,1875382.205986124,1875382.205986124,0.0,inf,inf,12,
2023-05-02,16205.0,16080.0,29157.94921875,0.0,0,0.0,0.0,0.0,0.0,0.0,0.0,1875382.205986124,1875382.205986124,0.0,inf,inf,12,
2023-05-08,16010.0,15880.0,28949.880859375,0.0,0,0.0,0.0,0.0,0.0,0.0,0.0,1875382.205986124,1875382.205986124,0.0,inf,inf,12,
2023-05-09,15965.0,16190.0,29242.8203125,0.0,0,0.0,0.0,0.0,0.0,0.0,0.0,1875382.205986124,1875382.205986124,0.0,inf,inf,12,
2023-05-10,16180.0,16075.0,29122.1796875,0.0,0,0.0,0.0,0.0,0.0,0.0,0.0,1875382.205986124,1875382.205986124,0.0,inf,inf,12,
2023-05-11,15995.0,16065.0,29126.720703125,0.0,0,0.0,0.0,0.0,0.0,0.0,0.0,1875382.205986124,1875382.205986124,0.0,inf,inf,12,
2023-05-12,16045.0,16370.0,29388.30078125,0.0,0,0.0,0.0,0.0,0.0,0.0,0.0,1875382.205986124,1875382.205986124,0.0,inf,inf,12,
2023-05-15,16530.0,16610.0,29626.33984375,0.0,0,0.0,0.0,0.0,0.0,0.0,0.0,1875382.205986124,1875382.205986124,0.0,inf,inf,12,
2023-05-16,16835.0,16855.0,29842.990234375,0.0,0,0.0,0.0,0.0,0.0,0.0,0.0,1875382.205986124,1875382.205986124,0.0,inf,inf,12,
2023-05-17,16910.0,17110.0,30093.58984375,0.0,0,0.0,0.0,0.0,0.0,0.0,0.0,1875382.205986124,1875382.205986124,0.0,inf,inf,12,
2023-05-18,17650.0,17705.0,30573.9296875,0.0,0,0.0,0.0,0.0,0.0,0.0,0.0,1875382.205986124,1875382.205986124,0.0,inf,inf,12,
2023-05-19,18025.0,17965.0,30808.349609375,0.0,0,0.0,0.0,0.0,0.0,0.0,0.0,1875382.205986124,1875382.205986124,0.0,inf,inf,12,
2023-05-22,17855.0,18280.0,31086.8203125,0.0,0,0.0,0.0,0.0,0.0,0.0,0.0,1875382.205986124,1875382.205986124,0.0,inf,inf,12,
2023-05-23,18515.0,18155.0,30957.76953125,0.0,0,0.0,0.0,0.0,0.0,0.0,0.0,1875382.205986124,1875382.205986124,0.0,inf,inf,12,
2023-05-24,17920.0,17830.0,30682.6796875,0.0,0,0.0,0.0,0.0,0.0,0.0,0.0,1875382.205986124,1875382.205986124,0.0,inf,inf,12,
2023-05-25,17815.0,17925.0,30801.130859375,0.0,0,0.0,0.0,0.0,0.0,0.0,0.0,1875382.205986124,1875382.205986124,0.0,inf,inf,12,
2023-05-26,18100.0,18095.0,30916.310546875,0.0,0,0.0,0.0,0.0,0.0,0.0,0.0,1875382.205986124,1875382.205986124,0.0,inf,inf,12,
2023-05-29,18890.0,18455.0,31233.5390625,0.0,0,0.0,0.0,0.0,0.0,0.0,0.0,1875382.205986124,1875382.205986124,0.0,inf,inf,12,
2023-05-30,18425.0,18550.0,31328.16015625,0.0,0,0.0,0.0,0.0,0.0,0.0,0.0,1875382.205986124,1875382.205986124,0.0,inf,inf,12,
2023-05-31,18265.0,18030.0,30887.880859375,0.0,0,0.0,0.0,0.0,0.0,0.0,0.0,1875382.205986124,1875382.205986124,0.0,inf,inf,12,
2023-06-01,18040.0,18315.0,31148.009765625,0.0,0,0.0,0.0,0.0,0.0,0.0,0.0,1875382.205986124,1875382.205986124,0.0,inf,inf,12,
2023-06-02,18550.0,18795.0,31524.220703125,0.0,0,0.0,0.0,0.0,0.0,0.0,0.0,1875382.205986124,1875382.205986124,0.0,inf,inf,12,
2023-06-05,19195.0,19600.0,32217.4296875,0.0,0,0.0,0.0,0.0,0.0,0.0,0.0,1875382.205986124,1875382.205986124,0.0,inf,inf,12,
2023-06-06,19360.0,19985.0,32506.779296875,0.0,0,0.0,0.0,0.0,0.0,0.0,0.0,1875382.205986124,1875382.205986124,0.0,inf,inf,12,
2023-06-07,20120.0,19230.0,31913.740234375,0.0,0,0.0,0.0,0.0,0.0,0.0,0.0,1875382.205986124,1875382.205986124,0.0,inf,inf,12,
2023-06-08,19265.0,18930.0,31641.26953125,0.0,0,0.0,0.0,0.0,0.0,0.0,0.0,1875382.205986124,1875382.205986124,0.0,inf,inf,12,
2023-06-09,19290.0,19640.0,32265.169921875,0.0,0,0.0,0.0,0.0,0.0,0.0,0.0,1875382.205986124,1875382.205986124,0.0,inf,inf,12,
2023-06-12,19860.0,19895.0,32434.0,0.0,0,0.0,0.0,0.0,0.0,0.0,0.0,1875382.205986124,1875382.205986124,0.0,inf,inf,12,
2023-06-13,20145.0,20620.0,33018.6484375,0.0,0,0.0,0.0,0.0,0.0,0.0,0.0,1875382.205986124,1875382.205986124,0.0,inf,inf,12,
2023-06-14,21030.0,21195.0,33502.421875,0.0,0,0.0,0.0,0.0,0.0,0.0,0.0,1875382.205986124,1875382.205986124,0.0,inf,inf,12,
2023-06-15,21185.0,21155.0,33485.48828125,0.0,0,0.0,0.0,0.0,0.0,0.0,0.0,1875382.205986124,1875382.205986124,0.0,inf,inf,12,
2023-06-16,21080.0,21470.0,33706.078125,0.0,0,0.0,0.0,0.0,0.0,0.0,0.0,1875382.205986124,1875382.205986124,0.0,inf,inf,12,
2023-06-19,21570.0,21015.0,33370.421875,0.0,0,0.0,0.0,0.0,0.0,0.0,0.0,1875382.205986124,1875382.205986124,0.0,inf,inf,12,
2023-06-20,20885.0,21035.0,33388.91015625,0.0,0,0.0,0.0,0.0,0.0,0.0,0.0,1875382.205986124,1875382.205986124,0.0,inf,inf,12,
2023-06-21,20790.0,21265.0,33575.140625,0.0,0,0.0,0.0,0.0,0.0,0.0,0.0,1875382.205986124,1875382.205986124,0.0,inf,inf,12,
2023-06-22,21090.0,20875.0,33264.87890625,0.0,0,0.0,0.0,0.0,0.0,0.0,0.0,1875382.205986124,1875382.205986124,0.0,inf,inf,12,
2023-06-23,21165.0,20255.0,32781.5390625,0.0,0,0.0,0.0,0.0,0.0,0.0,0.0,1875382.205986124,1875382.205986124,0.0,inf,inf,12,
2023-06-26,20050.0,20190.0,32698.810546875,0.0,0,0.0,0.0,0.0,0.0,0.0,0.0,1875382.205986124,1875382.205986124,0.0,inf,inf,12,
2023-06-27,20080.0,19970.0,32538.330078125,0.0,0,0.0,0.0,0.0,0.0,0.0,0.0,1875382.205986124,1875382.205986124,0.0,inf,inf,12,
2023-06-28,20265.0,20740.0,33193.98828125,0.0,0,0.0,0.0,0.0,0.0,0.0,0.0,1875382.205986124,1875382.205986124,0.0,inf,inf,12,
2023-06-29,20910.0,20875.0,33234.140625,0.0,0,0.0,0.0,0.0,0.0,0.0,0.0,1875382.205986124,1875382.205986124,0.0,inf,inf,12,
2023-06-30,20680.0,20825.0,33189.0390625,0.0,0,0.0,0.0,0.0,0.0,0.0,0.0,1875382.205986124,1875382.205986124,0.0,inf,inf,12,
2023-07-03,21220.0,21495.0,33753.328125,0.0,0,0.0,0.0,0.0,0.0,0.0,0.0,1875382.205986124,1875382.205986124,0.0,inf,inf,12,
2023-07-04,21190.0,21050.0,33422.51953125,0.0,0,0.0,0.0,0.0,0.0,0.0,0.0,1875382.205986124,1875382.205986124,0.0,inf,inf,12,
2023-07-05,20765.0,20955.0,33338.69921875,0.0,0,0.0,0.0,0.0,0.0,0.0,0.0,1875382.205986124,1875382.205986124,0.0,inf,inf,12,
2023-07-06,20560.0,20240.0,32773.01953125,0.0,0,0.0,0.0,0.0,0.0,0.0,0.0,1875382.205986124,1875382.205986124,0.0,inf,inf,12,
2023-07-07,19880.0,19815.0,32388.419921875,0.0,0,0.0,0.0,0.0,0.0,0.0,0.0,1875382.205986124,1875382.205986124,0.0,inf,inf,12,
2023-07-10,19805.0,19605.0,32189.73046875,633886.752,32,0.0,0.0,0.0,0.0,48.12624657532433,627360.0,1875382.205986124,1868807.3277395486,-6574.878246575321,2.9788436109084873,5.212441468204804,12,
2023-07-11,19835.0,19600.0,32203.5703125,734041.779,37,0.0,0.0,0.0,0.0,103.7457534247078,1352400.0,1875382.205986124,1859701.802986124,-15680.402999999958,1.3751122471059776,2.4111712577537094,12,
2023-07-12,19725.0,19235.0,31943.9296875,729970.965,37,0.0,0.0,0.0,0.0,156.40953424660256,2038910.0,1875382.205986124,1816084.4284518776,-59297.777534246496,0.8907133853146424,1.577850039931936,12,
2023-07-13,19435.0,19835.0,32419.330078125,738677.706,38,0.0,0.0,0.0,0.0,219.10882191784913,2856240.0,1875382.205986124,1894517.6136299598,19135.407643835686,0.663290764652116,1.1537224817500586,12,
2023-07-14,20235.0,19810.0,32391.259765625,20239.047,1,768776.214,30040.687616438387,23937.921927158928,6102.7656892794585,162.60482191783376,2119670.0,1899320.1279132827,1900219.4101187622,899.2822054795273,0.8964694552070662,1.5430735941558047,12,
2023-07-18,19855.0,19935.0,32493.890625,0.0,0,0.0,0.0,0.0,0.0,163.63084931502817,2133045.0,1899320.1279132827,1913430.779269447,14110.651356164459,0.8970419186043647,1.539514892384176,12,
2023-07-19,20320.0,20355.0,32896.03125,0.0,0,0.0,0.0,0.0,0.0,167.07830136991106,2177985.0,1899320.1279132827,1958203.7009680774,58883.57305479459,0.8990896176824347,1.5282292518189355,12,
2023-07-20,20280.0,19850.0,32490.51953125,0.0,0,2149250.064,50392.294465753395,40155.09984503559,10237.194620717803,1.522739726002328,19850.0,1939475.2277583187,1939080.0476076338,-395.18015068493014,97.68665227242488,164.17848445626905,12,
2023-07-21,19630.0,19690.0,32304.25,0.0,0,0.0,0.0,0.0,0.0,1.5104657534393482,19690.0,1939475.2277583187,1938918.5371418803,-556.6906164383548,98.47224668064399,165.5043116061673,12,
2023-07-24,20070.0,20135.0,32700.939453125,60222.042,3,0.0,0.0,0.0,0.0,6.17841095890617,80540.0,1939475.2277583187,1939540.3167309214,65.08897260273977,24.08170246748102,40.469276095151685,12,
2023-07-25,20160.0,20100.0,32682.509765625,0.0,0,0.0,0.0,0.0,0.0,6.167671232891735,80400.0,1939475.2277583187,1939394.1490596884,-81.07869863013693,24.121817774374236,40.5378502656847,12,
2023-07-26,20100.0,20090.0,32668.33984375,0.0,0,0.0,0.0,0.0,0.0,6.164602739736438,80360.0,1939475.2277583187,1939347.9844569487,-127.24330136986295,24.133250179902298,40.55737720452428,12,
2023-07-27,19885.0,20405.0,32891.16015625,0.0,0,0.0,0.0,0.0,0.0,6.261260273924563,81620.0,1939475.2277583187,1940601.7231966748,1126.4954383561644,23.77605639790094,39.94656100998557,12,
2023-07-28,19745.0,20230.0,32759.23046875,0.0,0,0.0,0.0,0.0,0.0,6.207561643852387,80920.0,1939475.2277583187,1939895.515635031,420.2878767123288,23.973004394896577,40.28331555254245,12,
2023-07-31,20625.0,20725.0,33172.21875,0.0,0,0.0,0.0,0.0,0.0,6.359452054777648,82900.0,1939475.2277583187,1941869.1561829762,2393.9284246575344,23.42423590088029,39.34491164786038,12,
2023-08-01,20830.0,21095.0,33476.578125,0.0,0,83303.336,2797.2644246575264,2229.00015678835,568.2642678691765,0.0,0.0,1941704.2279151073,1941704.2279151073,0.0,inf,inf,12,
2023-08-02,20655.0,20115.0,32707.689453125,0.0,0,0.0,0.0,0.0,0.0,0.0,0.0,1941704.2279151073,1941704.2279151073,0.0,inf,inf,12,
2023-08-03,19745.0,19470.0,32159.279296875,0.0,0,0.0,0.0,0.0,0.0,0.0,0.0,1941704.2279151073,1941704.2279151073,0.0,inf,inf,12,
2023-08-04,19280.0,19470.0,32192.75,694218.816,36,0.0,0.0,0.0,0.0,53.769205479475204,700920.0,1941704.2279151073,1948351.6427096277,6647.414794520556,2.779706161487228,4.658626702767991,12,
2023-08-07,19150.0,19590.0,32254.560546875,344768.93999999994,18,0.0,0.0,0.0,0.0,81.1509041095851,1057860.0,1941704.2279151073,1960441.5518055183,18737.323890411022,1.8532145575080996,3.0980785611479034,12,
2023-08-08,19760.0,19705.0,32377.2890625,533626.704,27,1066826.592,27703.91589041103,22075.86537727403,5628.050513137001,40.8136438356014,532035.0,1963780.0932923816,1962147.575648546,-1632.5176438356434,3.688004690760093,6.11105412426758,12,
2023-08-09,19605.0,19530.0,32204.330078125,431396.262,22,0.0,0.0,0.0,0.0,73.4113972602645,956970.0,1963780.0932923816,1955612.9022512857,-8167.191041095905,2.0435467175055497,3.3905833999082327,12,
2023-08-10,19350.0,19860.0,32473.650390625,96769.34999999999,5,0.0,0.0,0.0,0.0,82.2693698630319,1072440.0,1963780.0932923816,1974231.2828814227,10451.18958904109,1.8408780751197482,3.042802121769475,12,
2023-08-14,19845.0,19340.0,32059.91015625,0.0,0,99205.155,2428.187465753432,1934.9011820856224,493.28628366780976,72.69720547943143,947660.0,1965714.9944744674,1948090.4543922755,-17624.540082191794,2.0556850076950335,3.413229422271781,12,
2023-08-15,19700.0,19530.0,32238.890625,19703.94,1,0.0,0.0,0.0,0.0,74.90958904108265,976500.0,1965714.9944744674,1957151.6048032346,-8563.38967123289,2.0042515154154987,3.3216254328028607,12,
2023-08-16,19170.0,18995.0,31766.8203125,0.0,0,0.0,0.0,0.0,0.0,72.85753424651921,949750.0,1965714.9944744674,1930328.7472689878,-35386.24720547946,2.0324598549818247,3.3868613004090555,12,
2023-08-17,18805.0,18770.0,31626.0,733541.679,39,0.0,0.0,0.0,0.0,128.15024657535832,1670530.0,1965714.9944744674,1917438.9180224126,-48276.07645205482,1.1478027440527334,1.917746787289273,12,
2023-08-18,18445.0,18580.0,31450.759765625,737947.5599999999,40,0.0,0.0,0.0,0.0,183.86564383562654,2396820.0,1965714.9944744674,1905597.492378577,-60117.50209589037,0.7950523995871934,1.3316094864373123,12,
2023-08-21,18730.0,18710.0,31565.640625,730616.0939999999,39,0.0,0.0,0.0,0.0,241.12832876708126,3143280.0,1965714.9944744674,1921200.27004981,-44514.72442465741,0.6112087596554586,1.0202686043321447,12,
2023-08-22,19025.0,19090.0,31856.7109375,742123.395,39,760847.8,22785.815890411068,18156.87739227406,4628.9384981370085,244.56120547954924,3188030.0,1983871.8718667412,1979801.1753461934,-4070.696520547907,0.6210108359539256,1.0171047408040816,12,
2023-08-23,18900.0,19275.0,32010.259765625,113422.68,6,1473905.1600000001,9409.465356164605,7497.932469059765,1911.5328871048393,140.46986301377183,1831125.0,1991369.804335801,1981326.6525960749,-10043.15173972605,1.082026979368462,1.7664200799270071,12,
2023-08-24,19460.0,19560.0,32287.2109375,0.0,0,116736.648,3305.0962191780905,2633.665922252061,671.4302969260291,133.54389041097602,1740840.0,1994003.470258053,2006973.3264087378,12969.856150684898,1.1528763851983743,1.8707888160654709,12,
2023-08-25,18980.0,18770.0,31624.279296875,0.0,0,0.0,0.0,0.0,0.0,128.15024657535832,1670530.0,1994003.470258053,1936535.1761621626,-57468.294095890444,1.159234001282325,1.9072855333733985,12,
2023-08-28,19140.0,19450.0,32169.990234375,76575.312,4,0.0,0.0,0.0,0.0,138.76109589042608,1808850.0,1994003.470258053,1998141.103066272,4137.632808219142,1.1046472084839938,1.7954196687809836,12,
2023-08-29,19575.0,19470.0,32226.970703125,0.0,0,841556.6549999999,22564.335013698546,17980.390355665688,4583.9446580328595,74.67945205478463,973500.0,2011983.8606137186,1999689.1339561844,-12294.726657534258,2.0541234041665994,3.3143850891614193,12,
2023-08-30,19745.0,19610.0,32333.4609375,0.0,0,0.0,0.0,0.0,0.0,75.21643835614668,980500.0,2011983.8606137186,2006613.9175178283,-5369.943095890424,2.0465210785495445,3.2977087724853944,12,
2023-08-31,19675.0,19980.0,32619.33984375,0.0,0,0.0,0.0,0.0,0.0,76.63561643834691,999000.0,2011983.8606137186,2025037.2819013898,13053.421287671219,2.0270643462476374,3.2550051853744266,12,
2023-09-01,19810.0,20105.0,32710.619140625,0.0,0,435732.836,3815.893671232899,3040.694871921936,775.1987993109634,43.18443835619837,562940.0,2015024.5554856407,2023891.7346637228,8867.179178082166,3.5952174914977135,5.767480645969012,12,
2023-09-04,20200.0,20350.0,32939.1796875,0.0,0,565486.8799999999,11414.05917808209,9095.293056054712,2318.7661220273767,0.0,0.0,2024119.8485416952,2024119.8485416952,0.0,inf,inf,12,
2023-09-05,20380.0,20460.0,33036.76171875,0.0,0,0.0,0.0,0.0,0.0,0.0,0.0,2024119.8485416952,2024119.8485416952,0.0,inf,inf,12,
2023-09-06,20580.0,20765.0,33241.01953125,82336.46399999999,4,0.0,0.0,0.0,0.0,6.371726027398836,83060.0,2024119.8485416952,2024837.0128156678,717.1642739726101,24.378004006930745,38.96304360811018,10,
2023-09-07,20625.0,20440.0,32991.078125,41258.25,2,0.0,0.0,0.0,0.0,9.407999999995809,122640.0,2024119.8485416952,2023149.3548156677,-970.49372602739,16.49665162113232,26.37453796550581,10,
2023-09-08,20305.0,19940.0,32606.83984375,162472.48799999998,8,0.0,0.0,0.0,0.0,21.415013698628172,279160.0,2024119.8485416952,2017175.4518019692,-6944.396739726003,7.225875669157362,11.565331774116045,10,
2023-09-11,20080.0,19800.0,32467.759765625,441848.352,22,0.0,0.0,0.0,0.0,54.6805479452014,712800.0,2024119.8485416952,2008912.419254024,-15207.429287671222,2.8183395331846577,4.517761370603738,10,
2023-09-12,20015.0,20195.0,32776.37109375,540513.081,27,0.0,0.0,0.0,0.0,97.59994520543842,1272285.0,2024119.8485416952,2027786.7383088185,3666.8897671232935,1.5938148593348334,2.5458423419877887,10,
2023-09-13,20170.0,20080.0,32706.51953125,403480.68,20,0.0,0.0,0.0,0.0,127.85183561645681,1666640.0,2024119.8485416952,2018533.206473202,-5586.642068493138,1.211139302112755,1.9378243894330511,10,
2023-09-14,20370.0,20700.0,33168.1015625,509351.85000000003,25,0.0,0.0,0.0,0.0,171.49808219174156,2235600.0,2024119.8485416952,2077969.8583910102,53850.00984931505,0.9294909010516238,1.4711579863304334,10,
2023-09-15,20970.0,21145.0,33533.08984375,146819.358,7,1446640.614,60473.31935616437,48188.164528959576,12285.154827204793,74.61578082188498,972670.0,2072308.0130706546,2102501.3437829833,30193.33071232875,2.161577250026199,3.344304177671054,10,
2023-09-19,20770.0,20770.0,33242.58984375,20774.154,1,685272.9180000001,13293.544000000016,10592.960536400013,2700.583463600003,22.30641095887404,290780.0,2082900.9736070544,2082387.2179084243,-513.7556986301356,7.161383925677228,11.071856276944034,10,
2023-09-20,20780.0,20455.0,33023.78125,62352.46799999999,3,0.0,0.0,0.0,0.0,26.67556164378766,347735.0,2082900.9736070544,2076963.0743467805,-5937.899260273965,5.97283297438216,9.242738145675583,10,
2023-09-21,20290.0,19940.0,32571.029296875,243528.696,12,0.0,0.0,0.0,0.0,44.35967123287264,578260.0,2082900.9736070544,2063915.0186755476,-18985.954931506836,3.5691817152760827,5.535453141742526,10,
2023-09-22,19540.0,19705.0,32402.41015625,547229.424,28,0.0,0.0,0.0,0.0,86.16213698626962,1123185.0,2082900.9736070544,2061524.4325385613,-21376.54106849314,1.8354273183300713,2.8476647974020852,10,
2023-09-25,19840.0,20075.0,32678.619140625,535787.136,27,0.0,0.0,0.0,0.0,129.35999999998603,1686300.0,2082900.9736070544,2088722.9365385612,5821.962931506805,1.2386425526528857,1.9127815510111252,10,
2023-09-26,20030.0,19625.0,32315.05078125,540918.162,27,560727.8319999999,13412.962739725965,10688.119359150634,2724.84338057533,124.95479452068685,1628875.0,2093589.092966205,2048257.8083634651,-45331.284602739775,1.2574677666263312,1.9470619192760144,10,
2023-09-27,19280.0,19605.0,32371.900390625,539947.968,28,0.0,0.0,0.0,0.0,166.937917808129,2176155.0,2093589.092966205,2055422.902445657,-38166.19052054799,0.9445204511836964,1.4606122449573222,10,
2023-09-28,19585.0,19275.0,31872.51953125,548489.676,28,0.0,0.0,0.0,0.0,205.5295890411362,2679225.0,2093589.092966205,2009797.6968566158,-83791.39610958907,0.750141438982025,1.1692515204012428,10,
2023-09-29,19480.0,19300.0,31857.619140625,545549.088,28,0.0,0.0,0.0,0.0,247.2515068493667,3223100.0,2093589.092966205,2007876.3573497667,-85712.73561643837,0.6229643378578904,0.9712758877271325,10,
2023-10-02,19600.0,19200.0,31759.880859375,548909.76,28,0.0,0.0,0.0,0.0,287.21095890412107,3744000.0,2093589.092966205,1979579.3863908625,-114009.70657534251,0.5287338104676449,0.8285083151216646,10,
2023-10-03,18970.0,18520.0,31237.939453125,550240.026,29,0.0,0.0,0.0,0.0,318.2395616439171,4148480.0,2093589.092966205,1833501.1208292188,-260087.97213698627,0.4419693769354604,0.7124389238208271,10,
2023-10-04,17915.0,17700.0,30526.880859375,537557.49,30,0.0,0.0,0.0,0.0,344.88328767113853,4495800.0,2093589.092966205,1642918.7475415475,-450670.3454246575,0.3654341268609697,0.614932018799075,10,
2023-10-05,17945.0,18315.0,31075.359375,735892.149,41,0.0,0.0,0.0,0.0,414.4709589042468,5402925.0,2093589.092966205,1813737.1275826434,-279851.96538356156,0.33569541083443566,0.5432270999873354,8,
2023-10-06,18220.0,18255.0,30994.669921875,656051.184,36,1293361.276,19771.148726027386,15754.639862334923,4016.5088636924634,364.09972602740163,4746300.0,2109343.73282854,1790041.6109929234,-319302.1218356165,0.3771446412980476,0.6091449158623136,8,
2023-10-10,18655.0,19135.0,31746.529296875,671714.316,36,0.0,0.0,0.0,0.0,434.49556164373644,5663960.0,2109343.73282854,2035552.7994312795,-73790.93339726026,0.35938685997628506,0.5537223439138008,8,
2023-10-11,19240.0,19345.0,31936.509765625,192438.47999999998,10,1385002.9440000001,57081.34208219191,45485.26743819463,11596.074643997286,347.25600000016857,4526730.0,2154829.0002667345,2078943.9327872824,-75885.06747945202,0.45925953895798566,0.6897304991258197,8,
2023-10-12,19600.0,20010.0,32494.66015625,78415.68,4,568286.3200000001,17798.756356164493,14182.939002409676,3615.817353754817,320.81786301353713,4182090.0,2169011.939269144,2220237.937570514,51225.99830136985,0.5308919553549813,0.7760230346242851,8,
2023-10-13,19815.0,19780.0,32315.990234375,19818.963,1,1307528.4419999998,28749.84747945201,22909.31596400134,5840.531515450676,218.50126027397346,2848320.0,2191921.2552331453,2168118.383794789,-23802.871438356204,0.7611919952093827,1.1109391747965205,10,
2023-10-16,19245.0,18970.0,31659.029296875,76995.396,4,0.0,0.0,0.0,0.0,215.37446575349895,2807560.0,2191921.2552331453,2050147.6133290357,-141773.64190410962,0.7302239714659832,1.0849720488341899,10,
2023-10-17,19530.0,19410.0,32040.2890625,390678.12,20,0.0,0.0,0.0,0.0,250.14969863003353,3260880.0,2191921.2552331453,2112539.3436304056,-79381.91160273977,0.6478433256146824,0.9531984329468297,10,
2023-10-18,19420.0,19460.0,32042.25,330206.028,17,0.0,0.0,0.0,0.0,276.172054794617,3600100.0,2191921.2552331453,2121277.143575611,-70644.11165753427,0.5892272835686817,0.8657335446010025,10,
2023-10-19,18845.0,18730.0,31430.619140625,358126.61100000003,19,0.0,0.0,0.0,0.0,293.11167123302585,3820920.0,2191921.2552331453,1983677.4209043782,-208243.83432876717,0.5191622491191593,0.7796118472974054,10,
2023-10-20,18480.0,18515.0,31259.359375,720864.144,39,0.0,0.0,0.0,0.0,345.1398904109956,4499145.0,2191921.2552331453,1940693.1370139671,-251228.1182191781,0.43134709750718575,0.6524584283891229,9,
2023-10-23,18380.0,18215.0,30999.55078125,753730.716,41,0.0,0.0,0.0,0.0,396.8374794520787,5173060.0,2191921.2552331453,1860480.5835345152,-331440.67169863015,0.35964798079560556,0.5518775511662105,9,
2023-10-24,18400.0,18295.0,31062.349609375,717743.52,39,0.0,0.0,0.0,0.0,453.31501369870966,5909285.0,2191921.2552331453,1878508.7485208164,-313412.5067123289,0.3178910390209334,0.4860944318658652,9,margin_warning
2023-10-25,18575.0,18470.0,31269.919921875,687412.455,37,0.0,0.0,0.0,0.0,510.07561643852387,6649200.0,2191921.2552331453,1930501.2179043782,-261420.03732876718,0.2903358626457887,0.43974507137333857,9,margin_warning
2023-10-26,17960.0,17695.0,30601.779296875,359271.84,20,0.0,0.0,0.0,0.0,515.8213698629988,6724100.0,2191921.2552331453,1645613.5565345152,-546307.6986986301,0.24473365305907338,0.39240187472462884,9,margin_warning
2023-10-27,17910.0,18190.0,30991.689453125,734456.862,41,0.0,0.0,0.0,0.0,587.4622465753928,7657990.0,2191921.2552331453,1844459.2322879396,-347462.02294520556,0.24085422314314064,0.37043762910929967,12,margin_warning
2023-10-30,17735.0,17815.0,30696.9609375,283816.752,16,0.0,0.0,0.0,0.0,597.2173698628321,7785155.0,2191921.2552331453,1687210.2629180767,-504710.99231506855,0.21672147348615112,0.3441115138494995,12,margin_warning
2023-10-31,17800.0,18030.0,30858.849609375,729945.9600000001,41,0.0,0.0,0.0,0.0,661.1329315069015,8618340.0,2191921.2552331453,1789788.1699865698,-402133.0852465754,0.2076720308071589,0.322669823508934,12,margin_warning
2023-11-01,18700.0,18855.0,31601.650390625,187037.39999999997,10,1065686.82,51823.40389041096,41295.479390073975,10527.924500336987,623.4031232876587,8126505.0,2233216.7346232194,2165451.2623629454,-67765.47226027392,0.2664677204238409,0.38197165104834896,12,margin_warning
2023-11-02,19355.0,19290.0,31949.890625,0.0,0,4199194.993000001,223707.9587945208,178261.6869654139,45446.271829106896,316.67309589043725,4128060.0,2411478.4215886337,2320438.310437949,-91040.11115068493,0.5621135134755669,0.7352259774051867,12,
2023-11-06,20015.0,20190.0,32708.48046875,0.0,0,200109.97,13043.308082191817,10393.56004529455,2649.748036897268,315.95967123284936,4118760.0,2421871.981633928,2508282.5727298185,86410.59109589036,0.6089897378652358,0.7792495660892357,10,
2023-11-07,20000.0,19645.0,32271.8203125,0.0,0,2399520.0,64456.97338356165,51362.5392406911,13094.434142870548,126.5891506850021,1650180.0,2473234.520874619,2426001.549436263,-47232.97143835622,1.4701435900545776,1.8559656261728406,10,
2023-11-08,19955.0,19525.0,32166.48046875,0.0,0,0.0,0.0,0.0,0.0,125.81589041085681,1640100.0,2473234.520874619,2415795.733545852,-57438.78732876718,1.4729563645788988,1.86107293775811,10,
2023-11-09,19680.0,20160.0,32646.4609375,19683.935999999998,1,0.0,0.0,0.0,0.0,131.45424657530384,1713600.0,2473234.520874619,2469480.3432992767,-3754.177575342521,1.4411066429150774,1.8124993468276873,10,
2023-11-10,19865.0,20050.0,32568.109375,0.0,0,0.0,0.0,0.0,0.0,130.73698630131548,1704250.0,2473234.520874619,2459999.6063129753,-13234.914561643891,1.4434499670312309,1.8168035245717016,10,
2023-11-13,20425.0,20025.0,32585.109375,40858.17,2,0.0,0.0,0.0,0.0,133.64630136988126,1742175.0,2473234.520874619,2456932.7900116052,-16301.73086301375,1.4102675047062467,1.7754169036684504,10,
2023-11-14,20300.0,20195.0,32695.9296875,142128.42,7,0.0,0.0,0.0,0.0,145.62531506834785,1898330.0,2473234.520874619,2470813.7446965366,-2420.776178082259,1.301572300230485,1.636608110032737,10,
2023-11-15,20810.0,21200.0,33519.69921875,62442.486000000004,3,0.0,0.0,0.0,0.0,157.7512328766752,2056400.0,2473234.520874619,2566283.50746366,93048.98658904101,1.24794957569717,1.5571553613366527,10,
2023-11-16,21050.0,21035.0,33424.41015625,0.0,0,1704708.9900000005,75805.80902739736,60405.85892348158,15399.950103915775,25.81830136978533,336560.0,2533640.379798101,2535726.7290583747,2086.349260273969,7.534248660144921,9.19819907094913,10,
2023-11-17,20920.0,21250.0,33585.19921875,0.0,0,0.0,0.0,0.0,0.0,26.082191780849826,340000.0,2533640.379798101,2539140.646866594,5500.267068493147,7.4680607260782175,9.11509916157376,10,
2023-11-20,21215.0,20995.0,33388.03125,0.0,0,0.0,0.0,0.0,0.0,25.76920547953341,335920.0,2533640.379798101,2535034.8776611146,1394.4978630136948,7.546543455766595,9.213509694344246,10,
2023-11-21,21100.0,21005.0,33354.140625,21104.22,1,0.0,0.0,0.0,0.0,27.392821917834226,357085.0,2533640.379798101,2535068.2648391966,1427.885041095885,7.099341234829793,8.66742700163906,10,
2023-11-22,20750.0,21090.0,33451.828125,20754.149999999998,1,0.0,0.0,0.0,0.0,29.121534246602096,379620.0,2533640.379798101,2536819.99330495,3179.613506849312,6.682524612256863,8.15744896952687,10,
2023-11-24,21510.0,21325.0,33625.53125,86057.208,4,0.0,0.0,0.0,0.0,35.98958904115716,469150.0,2533640.379798101,2540256.795715909,6616.415917808217,5.414594043943108,6.607975254468098,10,
2023-11-27,21450.0,21055.0,33447.671875,42908.58,2,42891.42,1473.770986301368,1174.3744104342452,299.3965758671229,35.53391780826496,463210.0,2534814.754208535,2533964.7052222337,-850.0489863013735,5.470444733969979,6.675870976956291,10,
2023-11-28,21195.0,21040.0,33408.390625,105996.19499999999,5,0.0,0.0,0.0,0.0,43.57873972598463,568080.0,2534814.754208535,2532794.9314825074,-2019.822726027393,4.458518045843028,5.441340731510476,10,
2023-11-29,20855.0,20925.0,33321.21875,104295.855,5,0.0,0.0,0.0,0.0,51.3665753423702,669600.0,2534814.754208535,2529967.7099071653,-4847.044301369855,3.7783269263846555,4.6120642989931095,10,
2023-11-30,20820.0,21120.0,33486.890625,145769.14800000002,7,0.0,0.0,0.0,0.0,63.18641095882049,823680.0,2534814.754208535,2538215.3754962063,3400.621287671225,3.081555185868549,3.7592544844889626,10,
2023-12-01,21240.0,21085.0,33431.51171875,127465.488,6,0.0,0.0,0.0,0.0,72.78657534247031,948825.0,2534814.754208535,2535822.100920864,1007.3467123287619,2.672591996333216,3.260829628891717,10,
2023-12-04,20940.0,20795.0,33231.26953125,188497.69199999998,9,0.0,0.0,0.0,0.0,86.1425753426156,1122930.0,2534814.754208535,2521343.2663455214,-13471.487863013685,2.2453254132898057,2.742282863119249,10,
2023-12-05,20540.0,20250.0,32775.8203125,287617.512,14,0.0,0.0,0.0,0.0,105.63287671236321,1377000.0,2534814.754208535,2487690.121468809,-47124.632739726,1.8066013954021851,2.211788611277468,10,
2023-12-06,20430.0,21070.0,33445.8984375,551720.3219999999,27,0.0,0.0,0.0,0.0,153.5512328769546,2001650.0,2534814.754208535,2560466.248235932,25651.49402739736,1.2791778024309606,1.5578425265472584,10,
2023-12-07,20695.0,20350.0,32858.30859375,165593.112,8,558653.247,6889.284123287718,5489.726053641818,1399.5580696458999,118.64328767138068,1546600.0,2540304.4802621766,2496958.181878615,-43346.2983835616,1.6144822073442489,1.9706061680428322,10,
2023-12-08,19900.0,19605.0,32307.859375,537407.46,27,0.0,0.0,0.0,0.0,154.90635616425425,2019315.0,2540304.4802621766,2432110.8155224505,-108193.66473972595,1.2044236860135493,1.4771034864707664,10,
2023-12-11,20170.0,20260.0,32791.80078125,544698.918,27,0.0,0.0,0.0,0.0,202.04493150679627,2633800.0,2540304.4802621766,2501694.8525909437,-38609.62767123275,0.949842377018355,1.1588272529879649,10,
2023-12-12,20650.0,20265.0,32843.69921875,537007.38,26,0.0,0.0,0.0,0.0,242.51375342457322,3161340.0,2540304.4802621766,2491984.9588375194,-48319.5214246574,0.788268569289453,0.9623029510944259,10,
2023-12-13,20445.0,20380.0,32926.3515625,347634.513,17,0.0,0.0,0.0,0.0,270.4677260274184,3525740.0,2540304.4802621766,2508479.978111492,-31824.502150684795,0.7114761661697947,0.8674466531737446,10,
2023-12-14,20550.0,20075.0,32686.25,493298.64,24,0.0,0.0,0.0,0.0,303.38000000000466,3954775.0,2540304.4802621766,2443912.958111492,-96391.52215068479,0.6179651075248256,0.7569383752453167,10,
2023-12-15,20200.0,20470.0,32970.55078125,484896.96,24,0.0,0.0,0.0,0.0,347.0366027398268,4523870.0,2540304.4802621766,2527763.961508752,-12540.51875342456,0.558761405944192,0.6801753652857659,10,
2023-12-18,20235.0,20185.0,32758.98046875,121434.28199999999,6,546235.731,8577.537904109655,6835.011078889778,1742.5268252198764,309.68767123279395,4037000.0,2547139.4913410665,2463643.1960122995,-83496.29532876704,0.61026583998323,0.7441211143630228,10,
2023-12-19,20235.0,20705.0,33219.390625,404780.93999999994,20,0.0,0.0,0.0,0.0,349.432328767085,4555100.0,2547139.4913410665,2576612.8236835324,29473.332342465885,0.5656545023563769,0.6842082795165834,10,
2023-12-20,21055.0,21350.0,33675.94140625,147414.47699999998,7,1620910.753,64641.27689041114,51509.40149012412,13131.875400287023,245.67123287683353,3202500.0,2598648.8928311905,2684131.5530503686,85482.66021917814,0.8381363163311065,0.9865008322465378,10,
2023-12-21,20830.0,20610.0,33140.46875,41668.332,2,1874325.0599999996,21364.045986301273,17023.940044184168,4340.105942117103,98.02454794524238,1277820.0,2615672.8328753747,2587670.1505603064,-28002.68231506847,2.025066246075587,2.3801047426439,10,
2023-12-22,20780.0,20645.0,33169.05078125,207841.56,10,0.0,0.0,0.0,0.0,114.02827397268265,1486440.0,2615672.8328753747,2588334.5622863336,-27338.27058904107,1.7412977061208885,2.0464302801978436,10,
2023-12-25,20960.0,20790.0,33254.03125,272534.496,13,0.0,0.0,0.0,0.0,135.56219178065658,1767150.0,2615672.8328753747,2596374.5040945527,-19298.328780821874,1.4692439827374884,1.7258298420132536,10,
2023-12-26,20850.0,20810.0,33305.8515625,604770.9299999999,29,0.0,0.0,0.0,0.0,181.98772602755344,2372340.0,2615672.8328753747,2596611.5863685254,-19061.246506849202,1.094536021973463,1.285589460137108,1,
2023-12-27,21095.0,21320.0,33681.23828125,632976.5700000001,30,0.0,0.0,0.0,0.0,235.51298630138626,3070080.0,2615672.8328753747,2661139.503382224,45466.67050684936,0.8667980975682146,1.0143539268973656,1,
2023-12-28,21055.0,21185.0,33539.62109375,463302.642,22,1157793.395,11219.645876712464,8940.374816858326,2279.271059854137,180.39172602735925,2351535.0,2624613.207692233,2634625.5935963425,10012.385904109586,1.1203854476315864,1.308181148271424,1,
2023-12-29,21135.0,21055.0,33464.171875,317088.40499999997,15,0.0,0.0,0.0,0.0,203.5124383562361,2652930.0,2624613.207692233,2618728.6761579863,-5884.531534246547,0.9871080941291275,1.1534919227509697,1,
2024-01-04,20375.0,20880.0,33288.2890625,407581.5,20,0.0,0.0,0.0,0.0,233.85599999997066,3048480.0,2624613.207692233,2606463.320157986,-18149.887534246547,0.8550042382295393,0.9997225222483762,1,
2024-01-05,20960.0,21010.0,33377.421875,0.0,0,0.0,0.0,0.0,0.0,235.31200000009267,3067460.0,2624613.207692233,2625208.008157986,594.800465753453,0.855824691490023,0.9995708144926846,19,
2024-01-09,21510.0,21490.0,33763.1796875,0.0,0,0.0,0.0,0.0,0.0,240.68799999996554,3137540.0,2624613.207692233,2695047.320157986,70434.11246575345,0.8589682745584076,0.99942697610986,19,
2024-01-10,21670.0,22375.0,34441.71875,0.0,0,0.0,0.0,0.0,0.0,250.60000000009313,3266750.0,2624613.207692233,2824006.7201579865,199393.51246575348,0.8644698003085595,0.9992962163078687,19,
2024-01-11,23050.0,23195.0,35049.859375,0.0,0,576134.75,63910.62458904108,50927.181203777385,12983.443385263694,215.30043835612014,2806595.0,2675540.3888960104,2926787.7263343665,251247.3374383562,1.0428251052732462,1.1769086725276403,19,
2024-01-12,23535.0,23825.0,35577.109375,0.0,0,2847165.453,291817.79043835634,232535.00631080425,59282.7841275521,0.0,0.0,2908075.3952068146,2908075.3952068146,0.0,inf,inf,19,
2024-01-15,23895.0,23915.0,35901.7890625,0.0,0,0.0,0.0,0.0,0.0,0.0,0.0,2908075.3952068146,2908075.3952068146,0.0,inf,inf,19,
2024-01-16,23895.0,23910.0,35619.1796875,0.0,0,0.0,0.0,0.0,0.0,0.0,0.0,2908075.3952068146,2908075.3952068146,0.0,inf,inf,19,
2024-01-17,24255.0,23690.0,35477.75,0.0,0,0.0,0.0,0.0,0.0,0.0,0.0,2908075.3952068146,2908075.3952068146,0.0,inf,inf,19,
2024-01-18,23560.0,23660.0,35466.171875,0.0,0,0.0,0.0,0.0,0.0,0.0,0.0,2908075.3952068146,2908075.3952068146,0.0,inf,inf,19,
2024-01-19,24495.0,24340.0,35963.26953125,0.0,0,0.0,0.0,0.0,0.0,0.0,0.0,2908075.3952068146,2908075.3952068146,0.0,inf,inf,19,
2024-01-22,24840.0,25155.0,36546.94921875,0.0,0,0.0,0.0,0.0,0.0,0.0,0.0,2908075.3952068146,2908075.3952068146,0.0,inf,inf,19,
2024-01-23,25220.0,25080.0,36517.5703125,0.0,0,0.0,0.0,0.0,0.0,0.0,0.0,2908075.3952068146,2908075.3952068146,0.0,inf,inf,19,
2024-01-24,25025.0,24650.0,36226.48046875,0.0,0,0.0,0.0,0.0,0.0,0.0,0.0,2908075.3952068146,2908075.3952068146,0.0,inf,inf,19,
2024-01-25,24600.0,24725.0,36236.46875,0.0,0,0.0,0.0,0.0,0.0,0.0,0.0,2908075.3952068146,2908075.3952068146,0.0,inf,inf,19,
2024-01-26,24280.0,24035.0,35751.0703125,0.0,0,0.0,0.0,0.0,0.0,0.0,0.0,2908075.3952068146,2908075.3952068146,0.0,inf,inf,19,
2024-01-29,24130.0,24405.0,36026.94140625,0.0,0,0.0,0.0,0.0,0.0,0.0,0.0,2908075.3952068146,2908075.3952068146,0.0,inf,inf,19,
2024-01-30,24665.0,24445.0,36065.859375,0.0,0,0.0,0.0,0.0,0.0,0.0,0.0,2908075.3952068146,2908075.3952068146,0.0,inf,inf,19,
2024-01-31,23990.0,24760.0,36286.7109375,0.0,0,0.0,0.0,0.0,0.0,0.0,0.0,2908075.3952068146,2908075.3952068146,0.0,inf,inf,19,
2024-02-01,24295.0,24335.0,36011.4609375,0.0,0,0.0,0.0,0.0,0.0,0.0,0.0,2908075.3952068146,2908075.3952068146,0.0,inf,inf,19,
2024-02-02,24690.0,24590.0,36158.01953125,0.0,0,0.0,0.0,0.0,0.0,0.0,0.0,2908075.3952068146,2908075.3952068146,0.0,inf,inf,19,
2024-02-05,25000.0,24880.0,36354.16015625,0.0,0,0.0,0.0,0.0,0.0,0.0,0.0,2908075.3952068146,2908075.3952068146,0.0,inf,inf,19,
2024-02-06,24710.0,24550.0,36160.66015625,0.0,0,0.0,0.0,0.0,0.0,0.0,0.0,2908075.3952068146,2908075.3952068146,0.0,inf,inf,19,
2024-02-07,24260.0,24540.0,36119.921875,0.0,0,0.0,0.0,0.0,0.0,0.0,0.0,2908075.3952068146,2908075.3952068146,0.0,inf,inf,19,
2024-02-08,24870.0,25535.0,36863.28125,0.0,0,0.0,0.0,0.0,0.0,0.0,0.0,2908075.3952068146,2908075.3952068146,0.0,inf,inf,19,
2024-02-09,25720.0,25590.0,36897.421875,0.0,0,0.0,0.0,0.0,0.0,0.0,0.0,2908075.3952068146,2908075.3952068146,0.0,inf,inf,19,
2024-02-13,26450.0,27060.0,37963.96875,0.0,0,0.0,0.0,0.0,0.0,0.0,0.0,2908075.3952068146,2908075.3952068146,0.0,inf,inf,19,
2024-02-14,26685.0,26710.0,37703.3203125,0.0,0,0.0,0.0,0.0,0.0,0.0,0.0,2908075.3952068146,2908075.3952068146,0.0,inf,inf,19,
2024-02-15,27210.0,27325.0,38157.94140625,0.0,0,0.0,0.0,0.0,0.0,0.0,0.0,2908075.3952068146,2908075.3952068146,0.0,inf,inf,19,
2024-02-16,28055.0,27810.0,38487.23828125,0.0,0,0.0,0.0,0.0,0.0,0.0,0.0,2908075.3952068146,2908075.3952068146,0.0,inf,inf,19,
2024-02-19,27735.0,27745.0,38470.37890625,0.0,0,0.0,0.0,0.0,0.0,0.0,0.0,2908075.3952068146,2908075.3952068146,0.0,inf,inf,19,
2024-02-20,27820.0,27640.0,38363.609375,0.0,0,0.0,0.0,0.0,0.0,0.0,0.0,2908075.3952068146,2908075.3952068146,0.0,inf,inf,19,
2024-02-21,27390.0,27485.0,38262.16015625,0.0,0,0.0,0.0,0.0,0.0,0.0,0.0,2908075.3952068146,2908075.3952068146,0.0,inf,inf,19,
2024-02-22,28290.0,28685.0,39098.6796875,0.0,0,0.0,0.0,0.0,0.0,0.0,0.0,2908075.3952068146,2908075.3952068146,0.0,inf,inf,19,
2024-02-26,29030.0,28790.0,39233.7109375,0.0,0,0.0,0.0,0.0,0.0,0.0,0.0,2908075.3952068146,2908075.3952068146,0.0,inf,inf,19,
2024-02-27,28870.0,28880.0,39239.51953125,0.0,0,0.0,0.0,0.0,0.0,0.0,0.0,2908075.3952068146,2908075.3952068146,0.0,inf,inf,19,
2024-02-28,28870.0,28810.0,39208.03125,0.0,0,0.0,0.0,0.0,0.0,0.0,0.0,2908075.3952068146,2908075.3952068146,0.0,inf,inf,1,
2024-02-29,28460.0,28805.0,39166.19140625,0.0,0,0.0,0.0,0.0,0.0,0.0,0.0,2908075.3952068146,2908075.3952068146,0.0,inf,inf,1,
2024-03-01,29005.0,29905.0,39910.8203125,0.0,0,0.0,0.0,0.0,0.0,0.0,0.0,2908075.3952068146,2908075.3952068146,0.0,inf,inf,1,
2024-03-04,30410.0,30160.0,40109.23046875,0.0,0,0.0,0.0,0.0,0.0,0.0,0.0,2908075.3952068146,2908075.3952068146,0.0,inf,inf,1,
2024-03-05,29930.0,30170.0,40097.62890625,0.0,0,0.0,0.0,0.0,0.0,0.0,0.0,2908075.3952068146,2908075.3952068146,0.0,inf,inf,1,
2024-03-06,29755.0,30170.0,40090.78125,0.0,0,0.0,0.0,0.0,0.0,0.0,0.0,2908075.3952068146,2908075.3952068146,0.0,inf,inf,1,
2024-03-07,30580.0,29395.0,39598.7109375,0.0,0,0.0,0.0,0.0,0.0,0.0,0.0,2908075.3952068146,2908075.3952068146,0.0,inf,inf,1,
2024-03-08,29565.0,29500.0,39688.94140625,532276.434,18,0.0,0.0,0.0,0.0,40.73424657533178,531000.0,2908075.3952068146,2906758.2269602395,-1317.1682465753508,5.474120954727382,5.633178854451327,1,
2024-03-11,28505.0,28220.0,38820.48828125,627235.422,22,0.0,0.0,0.0,0.0,86.59287671232596,1128800.0,2908075.3952068146,2877236.212083527,-30839.1831232877,2.548933568465208,2.62367945070892,1,
2024-03-12,27780.0,28220.0,38797.51171875,639067.7880000001,23,0.0,0.0,0.0,0.0,136.38378082192503,1777860.0,2908075.3952068146,2887092.040302705,-20983.354904109674,1.6239141666400645,1.6712951573231782,1,
2024-03-13,28720.0,28040.0,38695.96875,631966.368,22,0.0,0.0,0.0,0.0,182.83616438356694,2383400.0,2908075.3952068146,2860482.8361383216,-47592.559068493254,1.200169017428179,1.2354354149827214,1,
2024-03-14,27900.0,28255.0,38807.37890625,641828.34,23,0.0,0.0,0.0,0.0,234.09073972597253,3051540.0,2908075.3952068146,2886560.405398595,-21514.989808219252,0.9459356277153814,0.9734036737484567,1,
2024-03-15,27800.0,28055.0,38707.640625,639527.8799999999,23,0.0,0.0,0.0,0.0,281.93353424652014,3675205.0,2908075.3952068146,2870415.591864349,-37659.80334246572,0.7810218999659472,0.80375203547064,1,
2024-03-18,28460.0,29550.0,39740.44140625,626245.2239999999,22,0.0,0.0,0.0,0.0,346.8279452054412,4521150.0,2908075.3952068146,3089768.5399191435,181693.14471232885,0.6834032358844859,0.7018036604915703,1,
2024-03-19,29320.0,29900.0,40003.6015625,0.0,0,3957408.3600000003,150503.882164384,119929.0185026894,30574.86366169461,41.286575342470314,538200.0,3028004.4137095036,3033610.7496821065,5606.335972602731,5.636586305615211,5.511439354616683,1,
2024-03-21,30800.0,31140.0,40815.66015625,92418.48,3,0.0,0.0,0.0,0.0,50.16526027396321,653940.0,3028004.4137095036,3056882.104421832,28877.690712328764,4.674560516900376,4.571486451561536,1,
2024-03-22,31470.0,31320.0,40888.4296875,0.0,0,566346.708,33710.04517808217,26861.849500154774,6848.195677927392,7.207890410965774,93960.0,3054866.2632096587,3056393.408853494,1527.1456438356206,32.52866548375366,31.452446801802036,1,
2024-03-25,31130.0,30590.0,40414.12109375,0.0,0,0.0,0.0,0.0,0.0,7.039890410960652,91770.0,3054866.2632096587,3054196.3689630833,-669.8942465753383,33.28098909189368,32.1790108065435,1,
2024-03-26,30560.0,30580.0,40398.03125,0.0,0,0.0,0.0,0.0,0.0,7.037589041108731,91740.0,3054866.2632096587,3054159.331374042,-706.9318356164342,33.291468621910205,32.189053265079735,1,
2024-03-27,30700.0,31080.0,40762.73046875,644828.94,21,0.0,0.0,0.0,0.0,57.22126027394552,745920.0,3054866.2632096587,3063453.1701137684,8586.906904109648,4.106946013129784,3.971284271795725,1,
2024-03-28,30860.0,30460.0,40168.0703125,246929.376,8,0.0,0.0,0.0,0.0,74.77304109581746,974720.0,3054866.2632096587,3045249.021072672,-9617.242136986231,3.1242295439435654,3.0203355239819385,1,
2024-03-29,30790.0,30810.0,40369.44140625,646719.318,21,0.0,0.0,0.0,0.0,125.26586301368661,1632930.0,3054866.2632096587,3056614.437209659,1748.1740000001005,1.8718588287370914,1.809766243629334,1,
2024-04-01,30790.0,30000.0,39803.08984375,646719.318,21,0.0,0.0,0.0,0.0,170.30136986303842,2220000.0,3054866.2632096587,2996794.8178397957,-58071.44536986288,1.3499075756035115,1.3041584105720367,1,
2024-04-02,30160.0,30040.0,39838.91015625,633486.672,21,0.0,0.0,0.0,0.0,218.92164383549243,2853800.0,3054866.2632096587,2996889.22419596,-57977.039013698515,1.0501398921423926,1.014474439758305,1,
2024-04-03,29580.0,29465.0,39451.8515625,650890.152,22,0.0,0.0,0.0,0.0,264.458465753356,3447405.0,3054866.2632096587,2939339.6137302066,-115526.64947945195,0.8526238181270279,0.8230228497234134,1,
2024-04-04,30250.0,30000.0,39773.140625,635377.0499999999,21,0.0,0.0,0.0,0.0,317.5890410959255,4140000.0,3054866.2632096587,2996239.974689111,-58626.288520547765,0.7237294624852926,0.6990038307170416,1,
2024-04-05,29055.0,28775.0,38992.078125,639337.842,22,0.0,0.0,0.0,0.0,353.1835616438184,4604000.0,3054866.2632096587,2820548.9491274673,-234317.31408219156,0.6126300932075298,0.5903196459698663,1,
2024-04-08,29275.0,29250.0,39347.0390625,644178.8099999999,22,0.0,0.0,0.0,0.0,408.3780821917462,5323500.0,3054866.2632096587,2895461.7610452753,-159404.50216438327,0.5439018993228656,0.5245301181329729,1,
2024-04-09,29500.0,29895.0,39773.12890625,649129.7999999999,22,0.0,0.0,0.0,0.0,467.83627397270175,6098580.0,3054866.2632096587,3020944.124771303,-33922.1384383558,0.49535205322735837,0.4783655558069151,1,margin_warning
2024-04-10,29640.0,29560.0,39581.80859375,622564.488,21,651949.584,12463.361945205565,9931.429966037054,2531.93197916851,460.32613698620116,6000680.0,3064797.693175696,2949436.962655148,-115360.73052054766,0.4915171218353833,0.4720997888796919,1,margin_warning
2024-04-11,28975.0,29425.0,39442.62890625,608596.695,21,0.0,0.0,0.0,0.0,505.62630136992084,6591200.0,3064797.693175696,2930854.6413537785,-133943.05182191747,0.4446617674101497,0.4269073633832761,1,margin_warning
2024-04-12,29810.0,29545.0,39523.55078125,626135.202,21,0.0,0.0,0.0,0.0,555.2841095891781,7238525.0,3064797.693175696,2951489.1552441893,-113308.53793150657,0.4077473180301497,0.3915039380692436,1,margin_warning
2024-04-15,28780.0,29070.0,39232.80078125,28785.755999999998,1,0.0,0.0,0.0,0.0,548.5867397260736,7151220.0,3064797.693175696,2834849.8125044634,-229947.88067123256,0.3964148512427898,0.3798964531692801,1,margin_warning
2024-04-16,28215.0,27980.0,38471.19921875,649074.789,23,0.0,0.0,0.0,0.0,577.3845479454612,7526620.0,3064797.693175696,2560597.638956518,-504200.05421917787,0.34020551575029934,0.3244342820199942,1,margin_warning
2024-04-17,28180.0,27255.0,37961.80078125,648269.628,23,0.0,0.0,0.0,0.0,610.5119999998715,7958460.0,3064797.693175696,2343557.4989565182,-721240.1942191778,0.29447374227633466,0.27948157102471194,1,margin_call;forced_liquidation
2024-04-18,26930.0,27385.0,38079.69921875,0.0,0,7861987.288000001,-817712.906219177,-817712.906219177,0.0,0.0,0.0,2247084.786956519,2247084.786956519,0.0,inf,inf,1,
2024-04-19,26695.0,25960.0,37068.3515625,987912.543,37,0.0,0.0,0.0,0.0,73.68372602737509,960520.0,2247084.786956519,2219618.5602304917,-27466.226726027344,2.310850955972277,3.0378786360559404,19,
2024-04-22,26150.0,26460.0,37438.609375,993898.74,38,0.0,0.0,0.0,0.0,152.23561643832363,1984500.0,2247084.786956519,2249547.5846140534,2462.797657534309,1.1335588735772504,1.4853716181766567,19,
2024-04-23,26905.0,26560.0,37552.16015625,968773.716,36,0.0,0.0,0.0,0.0,226.16021917806938,2948160.0,2247084.786956519,2244207.7083948753,-2877.078561643788,0.7612231725533469,0.9979627767262359,19,
2024-04-24,27255.0,27830.0,38460.078125,981376.236,36,0.0,0.0,0.0,0.0,313.8309041095781,4091010.0,2247084.786956519,2405367.6414907654,158282.85453424658,0.587964253690596,0.7584924119043951,19,
2024-04-25,27165.0,26705.0,37628.48046875,0.0,0,1032063.546,37929.122712328746,30223.82143331916,7705.3012790095845,223.29769863013644,2910845.0,2277308.608389838,2249337.5885131257,-27971.019876712322,0.7727438556546726,0.9993034904422603,19,
2024-04-26,26900.0,27110.0,37934.76171875,941688.3,35,0.0,0.0,0.0,0.0,299.4726575342356,3903840.0,2277308.608389838,2300344.8158555916,23036.20746575338,0.5892518176604552,0.7581062039738649,19,
2024-04-30,27610.0,27705.0,38405.66015625,248539.698,9,0.0,0.0,0.0,0.0,325.17320547939744,4238865.0,2277308.608389838,2386504.944650112,109196.33626027394,0.5630056500148299,0.7184376664296632,19,
2024-05-01,27270.0,27535.0,38274.05078125,0.0,0,0.0,0.0,0.0,0.0,323.1779178082361,4212855.0,2277308.608389838,2360171.766732304,82863.15834246571,0.5602309518681046,0.716545887070587,19,
2024-05-02,27230.0,27550.0,38236.0703125,0.0,0,0.0,0.0,0.0,0.0,323.35397260269383,4215150.0,2277308.608389838,2362143.4127597013,84834.80436986296,0.5603936782225309,0.7165467931460452,19,
2024-05-07,28365.0,28285.0,38835.1015625,0.0,0,0.0,0.0,0.0,0.0,331.98065753432456,4327605.0,2277308.608389838,2474266.432102167,196957.8237123287,0.5717403580276312,0.72375904312304,19,
2024-05-08,28135.0,27445.0,38202.37109375,0.0,0,3037972.284,137849.9531095889,109845.73513537593,28004.21797421298,94.74164383561583,1235025.0,2387154.343525214,2391559.7564841183,4405.412958904072,1.9364464334601472,2.3574355850634685,19,
2024-05-09,27540.0,27250.0,38073.98046875,0.0,0,0.0,0.0,0.0,0.0,94.06849315069849,1226250.0,2387154.343525214,2382690.6879909676,-4463.655534246613,1.9430708974442141,2.366995919638499,19,
2024-05-10,27870.0,27495.0,38229.109375,27875.574,1,0.0,0.0,0.0,0.0,97.0234520547674,1264770.0,2387154.343525214,2393238.090538913,6083.747013698592,1.892231860764339,2.3031690548895054,19,
2024-05-13,27395.0,27375.0,38179.4609375,0.0,0,0.0,0.0,0.0,0.0,96.59999999997672,1259250.0,2387154.343525214,2387621.490538913,467.1470136985922,1.8960663017978263,2.3087281521164185,19,
2024-05-14,27480.0,27605.0,38356.05859375,0.0,0,0.0,0.0,0.0,0.0,97.41161643835949,1269830.0,2387154.343525214,2398104.0789224743,10949.735397260236,1.8885237227994884,2.297670634903666,19,
2024-05-15,28045.0,27700.0,38385.73046875,0.0,0,0.0,0.0,0.0,0.0,97.74684931512456,1274200.0,2387154.343525214,2402376.3320731595,15221.988547945168,1.8853997269448748,2.293066715288881,19,
2024-05-16,28200.0,28460.0,38920.26171875,0.0,0,0.0,0.0,0.0,0.0,100.42871232877951,1309160.0,2387154.343525214,2437235.9033608306,50081.559835616405,1.8616791708888376,2.258383048058629,19,
2024-05-17,28015.0,28250.0,38787.37890625,0.0,0,0.0,0.0,0.0,0.0,99.68767123291036,1299500.0,2387154.343525214,2427476.2156895977,40321.87216438352,1.8680078612463238,2.2675839752627693,19,
2024-05-20,28220.0,28695.0,39069.6796875,0.0,0,0.0,0.0,0.0,0.0,101.25797260273248,1319970.0,2387154.343525214,2447844.957716995,60690.61419178078,1.8544701453192078,2.2477729493160936,19,
2024-05-21,29025.0,28490.0,38946.9296875,0.0,0,1044691.02,62091.38958904108,49477.52379402738,12613.865795013695,21.855342465743888,284900.0,2436631.8673192416,2444830.2565795155,8198.389260273969,8.581362781956882,10.185556033133652,19,
2024-05-22,28415.0,28010.0,38617.1015625,0.0,0,0.0,0.0,0.0,0.0,21.48712328763213,280100.0,2436631.8673192416,2440008.769456228,3376.902136986297,8.711205888811952,10.34281306530954,19,
2024-05-23,28415.0,28720.0,39103.21875,0.0,0,0.0,0.0,0.0,0.0,22.031780821911525,287200.0,2436631.8673192416,2447086.737675406,10454.87035616438,8.520496997477041,10.111691768912111,19,
2024-05-24,27720.0,28025.0,38646.109375,0.0,0,0.0,0.0,0.0,0.0,21.49863013700815,280250.0,2436631.8673192416,2440115.239045269,3483.371726027393,8.70692324369409,10.337501797578177,19,
2024-05-27,28225.0,28400.0,38900.01953125,0.0,0,0.0,0.0,0.0,0.0,21.786301369895227,284000.0,2436631.8673192416,2443843.452743899,7211.58542465753,8.60508258008415,10.214053894959664,19,
2024-05-28,28400.0,28340.0,38855.37109375,0.0,0,0.0,0.0,0.0,0.0,21.740273972565774,283400.0,2436631.8673192416,2443221.7124699266,6589.845150684928,8.621106960020912,10.233407994426958,19,
2024-05-29,28375.0,27865.0,38556.87109375,0.0,0,0.0,0.0,0.0,0.0,21.375890410970896,278650.0,2436631.8673192416,2438450.3365795156,1818.4692602739683,8.750943249881628,10.390651619737225,19,
2024-05-30,27000.0,27150.0,38054.12890625,0.0,0,0.0,0.0,0.0,0.0,20.82739726023283,271500.0,2436631.8673192416,2431279.5091822552,-5352.358136986306,8.954988984096705,10.637802648417154,19,
2024-05-31,27270.0,27810.0,38487.8984375,436407.26399999997,16,0.0,0.0,0.0,0.0,55.4676164384,723060.0,2436631.8673192416,2446376.777565817,9744.910246575371,3.383366217970593,4.0151650206239875,19,
2024-06-03,28180.0,28470.0,38923.03125,0.0,0,0.0,0.0,0.0,0.0,56.78400000004331,740220.0,2436631.8673192416,2463479.993565817,26848.12624657537,3.3280376017478814,3.945113144487288,19,
2024-06-04,28060.0,28270.0,38837.4609375,0.0,0,0.0,0.0,0.0,0.0,56.38509589037858,735020.0,2436631.8673192416,2458223.6084699268,21591.74115068496,3.3444309113628563,3.965795327502108,19,
2024-06-05,27915.0,27750.0,38490.171875,0.0,0,0.0,0.0,0.0,0.0,55.347945205518045,721500.0,2436631.8673192416,2444648.260524721,8016.393205479481,3.3882858773731406,4.021217166639208,19,
2024-06-06,28545.0,28115.0,38703.51171875,0.0,0,0.0,0.0,0.0,0.0,56.07594520546263,730990.0,2436631.8673192416,2454082.184579516,17450.317260274,3.357203497420643,3.981841111150327,19,
2024-06-07,27980.0,28040.0,38683.9296875,0.0,0,0.0,0.0,0.0,0.0,55.92635616433108,729040.0,2436631.8673192416,2452076.258223351,15444.39090410962,3.3634317159872587,3.9896633670682666,19,
2024-06-10,28025.0,28605.0,39038.16015625,0.0,0,0.0,0.0,0.0,0.0,57.053260273940396,743730.0,2436631.8673192416,2466709.2049630773,30077.337643835643,3.3166729928375585,3.930458734496257,19,
2024-06-11,28725.0,28695.0,39134.7890625,0.0,0,0.0,0.0,0.0,0.0,57.23276712332154,746070.0,2436631.8673192416,2468991.972195954,32360.104876712358,3.309330186438208,3.921114116735233,19,
2024-06-12,28350.0,28370.0,38876.7109375,0.0,0,0.0,0.0,0.0,0.0,56.58454794524005,737620.0,2436631.8673192416,2460485.3876480088,23853.52032876715,3.3357086137143908,3.954424283474912,19,
2024-06-13,28810.0,28080.0,38720.46875,0.0,0,0.0,0.0,0.0,0.0,56.006136986252386,730080.0,2436631.8673192416,2452889.3815110223,16257.51419178085,3.3597542481796823,3.9847830754202165,19,
2024-06-14,27910.0,28235.0,38814.55859375,0.0,0,0.0,0.0,0.0,0.0,56.31528767122654,734110.0,2436631.8673192416,2456863.0662233513,20231.198904109617,3.3467233333197357,3.968244264657135,19,
2024-06-17,27735.0,27120.0,38102.44140625,0.0,0,0.0,0.0,0.0,0.0,54.09139726025751,705120.0,2436631.8673192416,2427818.974826091,-8812.892493150655,3.443128793433871,4.090125956337827,19,
2024-06-18,27620.0,27615.0,38482.109375,801140.1959999999,29,0.0,0.0,0.0,0.0,116.51260273973458,1518825.0,2436631.8673192416,2440267.2662233515,3635.3989041097384,1.6066809976286613,1.906975058434941,19,
2024-06-19,27925.0,27735.0,38570.76171875,27930.585,1,0.0,0.0,0.0,0.0,119.14652054797625,1553160.0,2436631.8673192416,2446552.5347028035,9920.667383561795,1.5752095950853766,1.8687884796713492,19,
2024-06-20,27555.0,27900.0,38633.01953125,0.0,0,0.0,0.0,0.0,0.0,119.85534246574389,1562400.0,2436631.8673192416,2455672.6793603376,19040.81204109604,1.5717311055813732,1.8634970586286619,19,
2024-06-21,27870.0,27855.0,38596.46875,0.0,0,0.0,0.0,0.0,0.0,119.66202739719301,1559880.0,2436631.8673192416,2453033.0173329404,16401.150013698778,1.5725780299336747,1.8647386211417718,19,
2024-06-24,27665.0,28165.0,38804.6484375,0.0,0,0.0,0.0,0.0,0.0,120.9937534246128,1577240.0,2436631.8673192416,2470272.023579516,33640.156260274125,1.5661991983334913,1.8550673916713867,19,
2024-06-25,28115.0,28710.0,39173.1484375,0.0,0,0.0,0.0,0.0,0.0,123.33501369855367,1607760.0,2436631.8673192416,2500668.688565817,64036.82124657549,1.5553743646849139,1.838682280198774,19,
2024-06-26,28995.0,29420.0,39667.0703125,0.0,0,0.0,0.0,0.0,0.0,126.38509589043679,1647520.0,2436631.8673192416,2540302.3034699266,103670.43615068508,1.5418946680282646,1.8182887325316839,19,
2024-06-27,28995.0,28910.0,39341.5390625,0.0,0,1304514.045,65870.82916438376,52489.17021963919,13381.658944744559,24.39528767124284,318010.0,2489121.037538881,2501900.294237511,12779.256698630135,7.86736358679762,9.092072006968742,19,
2024-06-28,29270.0,29250.0,39583.078125,0.0,0,0.0,0.0,0.0,0.0,24.682191780826543,321750.0,2489121.037538881,2505615.6120457305,16494.574506849312,7.78746110969924,8.997856890606272,19,
2024-07-01,29660.0,29310.0,39631.05859375,0.0,0,0.0,0.0,0.0,0.0,24.73282191780163,322410.0,2489121.037538881,2506250.8792238124,17129.841684931504,7.773489901751845,8.981331189816482,19,
2024-07-02,29205.0,30030.0,40074.69140625,0.0,0,0.0,0.0,0.0,0.0,25.3403835616773,330330.0,2489121.037538881,2514145.5388402506,25024.50130136986,7.611011833137319,8.78981717719132,19,
2024-07-03,30230.0,30800.0,40580.76171875,60472.092,2,332463.49400000006,27157.995301369872,21640.848555896584,5517.146745473289,4.725479452055879,61600.0,2510761.8860947774,2511885.0686153253,1123.1825205479483,40.777355009989044,46.65774540804969,10,
2024-07-04,31000.0,31340.0,40913.6484375,31006.2,1,0.0,0.0,0.0,0.0,7.212493150669616,94020.0,2510761.8860947774,2513291.6561221746,2529.7700273972628,26.731457733696814,30.58409372633014,10,
2024-07-05,31360.0,31240.0,40912.37109375,0.0,0,62707.456,2225.8301917808235,1773.6527883205492,452.17740346027426,2.3964931506779976,31240.0,2512535.538883098,2512764.5382255637,228.9993424657527,80.43420416855197,91.95778321280464,10,
2024-07-08,31240.0,31130.0,40780.69921875,0.0,0,0.0,0.0,0.0,0.0,2.388054794515483,31130.0,2512535.538883098,2512652.150170769,116.61128767123215,80.71481369003435,92.27903538253868,10,
2024-07-09,31400.0,32350.0,41580.171875,0.0,0,0.0,0.0,0.0,0.0,2.481643835606519,32350.0,2512535.538883098,2513869.6685269335,1334.1296438356158,77.70849052633488,88.83651957251182,10,
2024-07-10,32150.0,32790.0,41831.98828125,0.0,0,32143.57,1127.6996438356155,898.6074611904102,229.09218264520527,0.0,0.0,2513434.1463442883,2513434.1463442883,0.0,inf,inf,10,
2024-07-11,33580.0,33410.0,42224.01953125,0.0,0,0.0,0.0,0.0,0.0,0.0,0.0,2513434.1463442883,2513434.1463442883,0.0,inf,inf,10,
2024-07-12,32320.0,31700.0,41190.6796875,0.0,0,0.0,0.0,0.0,0.0,0.0,0.0,2513434.1463442883,2513434.1463442883,0.0,inf,inf,10,
2024-07-16,31930.0,31770.0,41275.078125,95809.158,3,0.0,0.0,0.0,0.0,7.311452054767869,95310.0,2513434.1463442883,2512927.6768922335,-506.46945205479034,26.365834402394643,30.1309873616637,10,
2024-07-17,32100.0,31530.0,41097.69140625,64212.84,2,0.0,0.0,0.0,0.0,12.093698630167637,157650.0,2513434.1463442883,2511042.743193603,-2391.403150684924,15.927959043410105,18.204169857550944,10,
2024-07-18,30130.0,30070.0,40126.3515625,301360.26,10,0.0,0.0,0.0,0.0,34.60109589039348,451050.0,2513434.1463442883,2503047.8820977127,-10386.264246575345,5.549380073379255,6.344879538523723,10,
2024-07-19,29930.0,29895.0,40063.7890625,538847.748,18,0.0,0.0,0.0,0.0,75.67939726024633,986535.0,2513434.1463442883,2499609.4547004527,-13824.69164383564,2.5337260763180756,2.8973567172544357,10,
2024-07-22,29705.0,29175.0,39599.0,534796.938,18,0.0,0.0,0.0,0.0,114.1421917808475,1487925.0,2513434.1463442883,2466088.374508672,-47345.771835616426,1.6574009943435803,1.8984213496466846,10,
2024-07-23,29670.0,29220.0,39594.390625,534166.812,18,0.0,0.0,0.0,0.0,154.6658630136517,2016180.0,2513434.1463442883,2460021.896645658,-53412.24969863016,1.2201400155966522,1.3979344319192812,10,
2024-07-24,28815.0,28540.0,39154.8515625,547594.497,19,0.0,0.0,0.0,0.0,192.66454794513993,2511520.0,2513434.1463442883,2407574.735097713,-105859.41124657536,0.9586126071453593,1.1012644202917459,10,
2024-07-25,27320.0,26725.0,37869.51171875,546509.28,20,0.0,0.0,0.0,0.0,221.41479452059139,2886300.0,2513434.1463442883,2235624.040303192,-277810.1060410959,0.7745639886024295,0.8986160507438883,10,
2024-07-26,26700.0,26400.0,37667.41015625,534106.8,20,0.0,0.0,0.0,0.0,259.22630136983935,3379200.0,2513434.1463442883,2194158.0140018226,-319276.13234246586,0.6493128592571681,0.7551936122926565,10,
2024-07-29,27200.0,27585.0,38468.62890625,544108.7999999999,20,0.0,0.0,0.0,0.0,313.18421917804517,4082580.0,2513434.1463442883,2353116.0297826445,-160318.11656164384,0.5763796495800804,0.6639416952566732,10,
2024-07-30,27280.0,27605.0,38525.94921875,545709.12,20,545490.88,11301.253698630095,9005.40400975339,2295.8496888767036,313.4112876711879,4085540.0,2522439.5503540416,2353248.5288060964,-169191.02154794516,0.5759944900321858,0.6606502250028491,10,
2024-07-31,26860.0,28470.0,39101.8203125,537307.44,20,0.0,0.0,0.0,0.0,366.91199999995297,4782960.0,2522439.5503540416,2512994.1768060965,-9445.373547945092,0.5254056435358223,0.5976407196083889,10,
2024-08-01,27700.0,26975.0,38126.328125,138527.7,5,0.0,0.0,0.0,0.0,357.9915068492992,4666675.0,2522439.5503540416,2257823.4852992473,-264616.0650547944,0.4838184543168846,0.5577767839509803,19,
2024-08-02,24625.0,23885.0,35909.69921875,985197.0,40,0.0,0.0,0.0,0.0,390.2743561643874,5087505.0,2522439.5503540416,1693066.2109430828,-829373.3394109587,0.3327891001469449,0.4005530067355438,19,margin_warning
2024-08-05,21480.0,18885.0,31458.419921875,988277.6159999999,46,0.0,0.0,0.0,0.0,375.21649315051036,4891215.0,2522439.5503540416,508123.3784499322,-2014316.1719041094,0.10388489944726048,0.17429153605920225,19,margin_call;forced_liquidation
2024-08-06,20920.0,20980.0,34675.4609375,0.0,0,5417196.344,-1488334.8279041096,-1488334.8279041096,0.0,0.0,0.0,1034104.7224499318,1034104.7224499318,0.0,inf,inf,19,
2024-08-07,20035.0,22070.0,35089.62109375,981911.3429999999,49,0.0,0.0,0.0,0.0,82.95901369862258,1081430.0,1034104.7224499318,1133540.4204362333,99435.69798630149,1.0481865866826638,2.7428185702472865,19,
2024-08-08,21320.0,21640.0,34831.1484375,980916.144,46,1044471.064,62476.761986301506,49784.60778878436,12692.154197517151,76.36252054793295,995440.0,1083889.3302387162,1098336.8237181683,14447.493479452083,1.1033681826309656,2.8815494306011504,19,
2024-08-09,22585.0,22010.0,35025.0,993938.748,44,0.0,0.0,0.0,0.0,151.95945205481257,1980900.0,1083889.3302387162,1089706.1162661135,5816.786027397269,0.550106575933219,1.443599827499369,19,
2024-08-13,22750.0,23400.0,36232.51171875,978445.65,43,0.0,0.0,0.0,0.0,238.74410958908265,3112200.0,1083889.3302387162,1242321.7221565244,158432.3919178082,0.39917798411301475,0.9678053338713197,19,
2024-08-14,23850.0,23660.0,36442.4296875,763352.64,32,1096880.58,115727.83216438367,92217.72306018914,23510.10910419454,215.98663013696205,2815540.0,1176107.0532989055,1255463.566422193,79356.51312328762,0.44590507200117674,1.0332660113319183,19,
2024-08-15,23580.0,24015.0,36726.640625,589617.9,25,1037312.496,43140.61309589043,34376.59754546029,8764.015550430142,184.2246575342142,2401500.0,1210483.6508443658,1280169.9222142287,69686.27136986295,0.5330709649028643,1.20365742393674,19,
2024-08-16,25205.0,25855.0,38062.671875,25210.041,1,1083598.237,104918.13686301364,83604.01735929243,21314.11950372122,115.03704109584214,1499590.0,1294087.6682036584,1415218.9616694117,121131.29346575338,0.9437372626313938,1.947598456334834,19,
2024-08-19,25470.0,24850.0,37388.62109375,0.0,0,1451499.642,98252.95986301365,78292.87106684243,19960.08879617122,1.9063013698905706,24850.0,1372380.5392705011,1372016.608571871,-363.93069863013807,55.2119359586266,111.83669818403337,19,
2024-08-20,25495.0,25825.0,38062.921875,0.0,0,0.0,0.0,0.0,0.0,1.9810958903981373,25825.0,1372380.5392705011,1372989.6274759807,609.088205479451,53.165135623464884,107.6520033952158,19,
2024-08-21,25230.0,25645.0,37951.80078125,0.0,0,0.0,0.0,0.0,0.0,1.967287671228405,25645.0,1372380.5392705011,1372807.6601883094,427.1209178082181,53.531201411125345,108.40043100433246,19,
2024-08-22,25710.0,25950.0,38211.01171875,0.0,0,0.0,0.0,0.0,0.0,1.990684931515716,25950.0,1372380.5392705011,1373110.6695033778,730.1302328767113,52.91370595388739,107.13796037519238,19,
2024-08-23,26000.0,26225.0,38364.26953125,0.0,0,0.0,0.0,0.0,0.0,2.0117808218928985,26225.0,1372380.5392705011,1373383.6577225558,1003.1184520547935,52.36925291601738,106.0248254785357,19,
2024-08-26,25840.0,25790.0,38110.21875,0.0,0,0.0,0.0,0.0,0.0,1.9784109588945284,25790.0,1372380.5392705011,1372946.679311597,566.1400410958894,53.23562153205107,107.7961260702862,19,
2024-08-27,25740.0,26100.0,38288.62109375,0.0,0,0.0,0.0,0.0,0.0,2.0021917808335274,26100.0,1372380.5392705011,1373254.6771198162,874.1378493150675,52.61512172872859,106.52751291069423,19,
2024-08-28,26015.0,26170.0,38371.76171875,0.0,0,0.0,0.0,0.0,0.0,2.007561643840745,26170.0,1372380.5392705011,1373322.6695581723,942.1302876712318,52.476983934206054,106.2450925428289,19,
2024-08-29,25785.0,26215.0,38362.53125,0.0,0,0.0,0.0,0.0,0.0,2.01101369864773,26215.0,1372380.5392705011,1373365.6585444738,985.1192739726016,52.388543144935106,106.0642780781398,19,
2024-08-30,26315.0,26530.0,38647.75,0.0,0,0.0,0.0,0.0,0.0,2.0351780821802095,26530.0,1372380.5392705011,1373678.6233663915,1298.0840958904098,51.77831222639998,104.81665961033814,19,
2024-09-02,27200.0,26605.0,38700.87109375,0.0,0,0.0,0.0,0.0,0.0,2.040931506839115,26605.0,1372380.5392705011,1373751.5824348847,1371.0431643835605,51.63509048806182,104.52384505165408,19,
2024-09-03,26690.0,26695.0,38686.30859375,0.0,0,0.0,0.0,0.0,0.0,2.047835616453085,26695.0,1372380.5392705011,1373839.5345992683,1458.9953287671221,51.46430172688775,104.17466948597205,19,
2024-09-04,24865.0,24335.0,37047.609375,0.0,0,0.0,0.0,0.0,0.0,1.8667945205233991,24335.0,1372380.5392705011,1371477.6678047476,-902.8714657534257,56.35823578404551,114.18036031801859,19,
2024-09-05,23510.0,23835.0,36657.08984375,870043.974,37,0.0,0.0,0.0,0.0,69.48065753426636,905730.0,1372380.5392705011,1382759.2131472134,10378.673876712282,1.5266792677146759,3.080157588932589,19,
2024-09-06,24110.0,23530.0,36391.46875,964592.88,40,0.0,0.0,0.0,0.0,140.793205479451,1835340.0,1372380.5392705011,1347635.539941734,-24744.999328767175,0.7342702387251049,1.5008263682004177,19,
2024-09-09,22165.0,23215.0,36215.75,975455.052,44,0.0,0.0,0.0,0.0,217.26695890416158,2832230.0,1372380.5392705011,1368853.2209828298,-3527.3182876713036,0.48331287394838335,0.9799794086974388,19,
2024-09-10,23450.0,23205.0,36159.16015625,985096.98,42,1031593.64,56060.229424657526,44671.593817038345,11388.635607619177,213.61315068491967,2784600.0,1417052.1330875396,1356117.6322245258,-60934.50086301373,0.4870062602257149,0.971959221921102,19,
2024-09-11,23005.0,22510.0,35619.76953125,989412.843,43,0.0,0.0,0.0,0.0,281.4675068492652,3669130.0,1417052.1330875396,1250953.3217176765,-166098.81136986305,0.3409400380247297,0.7089069810412284,19,
2024-09-12,23895.0,24085.0,36833.26953125,979890.9389999999,41,0.0,0.0,0.0,0.0,376.9137534246547,4913340.0,1417052.1330875396,1514895.468964252,97843.33587671242,0.30832294711219904,0.5830325409682523,19,
2024-09-13,24025.0,23720.0,36581.76171875,792983.5650000001,33,1032868.385,43301.84232876714,34505.07305967809,8796.769269089044,353.0055890411604,4601680.0,1451557.2061472177,1433970.5141061218,-17586.69204109588,0.31161891181179957,0.5954471632240865,19,
2024-09-17,23665.0,23205.0,36203.21875,970459.053,41,0.0,0.0,0.0,0.0,418.3257534246077,5453175.0,1451557.2061472177,1314588.1353526972,-136969.0707945205,0.24106839324846482,0.4805011021209047,19,margin_warning
2024-09-18,23655.0,23410.0,36380.171875,993708.702,42,0.0,0.0,0.0,0.0,497.4464657534845,6484570.0,1451557.2061472177,1351776.9868869437,-99780.21926027397,0.20846054354983348,0.4097338763598293,19,margin_warning
2024-09-19,24520.0,24400.0,37155.328125,980996.1599999999,40,0.0,0.0,0.0,0.0,593.3545205479604,7734800.0,1451557.2061472177,1620417.4723663959,168860.2662191782,0.20949700992480683,0.37816040926534134,19,margin_warning
2024-09-20,25310.0,25245.0,37723.91015625,151890.37199999997,6,0.0,0.0,0.0,0.0,625.5226849316387,8154135.0,1451557.2061472177,1887236.5776814644,435679.37153424666,0.2314453437037116,0.3913583373608235,19,margin_warning
2024-09-24,25985.0,25530.0,37940.58984375,0.0,0,6313092.129,546232.1269726028,435265.07037811854,110967.05659448425,156.6772602739511,2042400.0,1886822.2765253363,1977469.9728267062,90647.69630136991,0.9682089565348151,1.3391271578182846,19,
2024-09-25,25460.0,25400.0,37870.26171875,0.0,0,840011.964,46660.03943835614,37181.052426454095,9478.98701190205,91.57917808217462,1193800.0,1924003.3289517905,1959311.370636722,35308.04168493162,1.64123921145646,2.23665864158288,19,
2024-09-26,26125.0,26710.0,38925.62890625,0.0,0,0.0,0.0,0.0,0.0,96.30235616437858,1255370.0,1924003.3289517905,2020785.0682805576,96781.73932876723,1.6097127287417714,2.1758529211382402,19,
2024-09-27,27400.0,28295.0,39829.55859375,0.0,0,1095780.8,114394.0668493152,91154.91216887682,23239.154680438383,15.194027397257742,198065.0,2015158.2411206672,2036006.519572722,20848.27845205482,10.279486631018717,13.290145518010577,19,
2024-09-30,26795.0,25730.0,37919.55078125,0.0,0,187527.487,10310.76545205481,8216.133450469875,2094.6320015849346,0.0,0.0,2023374.3745711371,2023374.3745711371,0.0,inf,inf,19,
2024-10-01,26190.0,26650.0,38651.96875,0.0,0,0.0,0.0,0.0,0.0,0.0,0.0,2023374.3745711371,2023374.3745711371,0.0,inf,inf,19,
2024-10-02,25790.0,25480.0,37808.76171875,0.0,0,0.0,0.0,0.0,0.0,0.0,0.0,2023374.3745711371,2023374.3745711371,0.0,inf,inf,19,
2024-10-03,26845.0,26465.0,38552.05859375,0.0,0,0.0,0.0,0.0,0.0,0.0,0.0,2023374.3745711371,2023374.3745711371,0.0,inf,inf,19,
2024-10-04,26465.0,26585.0,38635.62109375,0.0,0,0.0,0.0,0.0,0.0,0.0,0.0,2023374.3745711371,2023374.3745711371,0.0,inf,inf,19,
2024-10-07,27715.0,27620.0,39332.73828125,0.0,0,0.0,0.0,0.0,0.0,0.0,0.0,2023374.3745711371,2023374.3745711371,0.0,inf,inf,19,
2024-10-08,27120.0,26980.0,38937.5390625,0.0,0,0.0,0.0,0.0,0.0,0.0,0.0,2023374.3745711371,2023374.3745711371,0.0,inf,inf,19,
2024-10-09,27645.0,27540.0,39277.9609375,0.0,0,0.0,0.0,0.0,0.0,0.0,0.0,2023374.3745711371,2023374.3745711371,0.0,inf,inf,19,
2024-10-10,27990.0,27680.0,39380.890625,0.0,0,0.0,0.0,0.0,0.0,0.0,0.0,2023374.3745711371,2023374.3745711371,0.0,inf,inf,19,
2024-10-11,27735.0,27940.0,39605.80078125,0.0,0,0.0,0.0,0.0,0.0,0.0,0.0,2023374.3745711371,2023374.3745711371,0.0,inf,inf,19,
2024-10-15,28600.0,28420.0,39910.55078125,0.0,0,0.0,0.0,0.0,0.0,0.0,0.0,2023374.3745711371,2023374.3745711371,0.0,inf,inf,19,
2024-10-16,27155.0,27395.0,39180.30078125,0.0,0,0.0,0.0,0.0,0.0,0.0,0.0,2023374.3745711371,2023374.3745711371,0.0,inf,inf,19,
2024-10-17,27550.0,27080.0,38911.19140625,0.0,0,0.0,0.0,0.0,0.0,0.0,0.0,2023374.3745711371,2023374.3745711371,0.0,inf,inf,19,
2024-10-18,27270.0,27055.0,38981.75,0.0,0,0.0,0.0,0.0,0.0,0.0,0.0,2023374.3745711371,2023374.3745711371,0.0,inf,inf,19,
2024-10-21,27060.0,27110.0,38954.6015625,0.0,0,0.0,0.0,0.0,0.0,0.0,0.0,2023374.3745711371,2023374.3745711371,0.0,inf,inf,19,
2024-10-22,27040.0,26290.0,38411.9609375,0.0,0,0.0,0.0,0.0,0.0,0.0,0.0,2023374.3745711371,2023374.3745711371,0.0,inf,inf,19,
2024-10-23,26265.0,25815.0,38104.859375,131351.265,5,0.0,0.0,0.0,0.0,9.901643835590221,129075.0,2023374.3745711371,2021088.2079273015,-2286.1666438356306,15.658246817178396,20.198130492221217,19,
2024-10-24,25440.0,25905.0,38143.2890625,788797.728,31,0.0,0.0,0.0,0.0,71.54038356163073,932580.0,2023374.3745711371,2035723.93954374,12349.564972602724,2.182894700233481,2.811166746570086,19,
2024-10-25,25695.0,25595.0,37913.921875,745304.031,29,0.0,0.0,0.0,0.0,127.62438356160419,1663675.0,2023374.3745711371,2021387.2841601782,-1987.0904109588805,1.215013319404438,1.5671171381124362,19,
2024-10-28,25420.0,26600.0,38605.53125,966153.1919999999,38,0.0,0.0,0.0,0.0,210.17643835622584,2739800.0,2023374.3745711371,2131148.915721822,107774.54115068502,0.777848352332952,0.9915778742508558,19,
2024-10-29,26400.0,26900.0,38903.6796875,26405.28,1,1002999.3600000001,36768.62717808237,29299.08056685494,7469.546611227434,136.1950684931362,1775400.0,2052673.4551379923,2135737.254042102,83063.79890410962,1.2029611659581514,1.5120021268143515,19,
2024-10-30,27225.0,27500.0,39277.390625,54460.89,2,843806.205,54758.77836986297,43634.53254402531,11124.245825837663,78.05479452054715,1017500.0,2096307.9876820175,2155980.2684217435,59672.28073972606,2.1188995267044164,2.604240547578828,19,
2024-10-31,27320.0,27165.0,39081.25,0.0,0,792121.544,46580.37563013702,37117.572320874686,9462.803309262335,16.671123287640512,217320.0,2133425.5600028923,2138442.337989194,5016.7779863013575,9.840062295183111,11.898029541576857,19,
2024-11-01,26015.0,25670.0,38053.671875,130101.01499999998,5,0.0,0.0,0.0,0.0,25.59967123286333,333710.0,2133425.5600028923,2124705.7233179607,-8719.836684931504,6.366922547475236,7.707043737475704,19,
2024-11-05,26065.0,26430.0,38474.8984375,990668.094,38,0.0,0.0,0.0,0.0,103.40284931502538,1347930.0,2133425.5600028923,2148154.2264686455,14728.666465753386,1.5936689787070883,1.9253690220815525,19,
2024-11-06,26755.0,27700.0,39480.671875,856331.232,32,0.0,0.0,0.0,0.0,176.3693150684703,2299100.0,2133425.5600028923,2242816.6251535774,109391.06515068492,0.9755193880881986,1.1699137468158192,19,
2024-11-07,28155.0,27490.0,39381.41015625,0.0,0,1069676.022,78850.13534246583,62831.7303476439,16018.404994821933,94.89698630134808,1237050.0,2196257.2903505364,2234329.345172454,38072.05482191785,1.806175453839743,2.103646888156792,19,
2024-11-08,28140.0,27630.0,39500.37109375,0.0,0,0.0,0.0,0.0,0.0,95.38027397269616,1243350.0,2196257.2903505364,2240533.9648984815,44276.67454794525,1.8020138857911943,2.097901333048952,19,
2024-11-11,27495.0,27710.0,39533.3203125,0.0,0,0.0,0.0,0.0,0.0,95.65643835620722,1246950.0,2196257.2903505364,2244038.3084601252,47781.01810958909,1.799621723774109,2.0945782185089232,19,
2024-11-12,27945.0,27445.0,39376.08984375,0.0,0,0.0,0.0,0.0,0.0,94.74164383567404,1235025.0,2196257.2903505364,2232018.56681629,35761.27646575347,1.8072658989221189,2.1049936853764346,19,
2024-11-13,27455.0,26625.0,38721.66015625,0.0,0,0.0,0.0,0.0,0.0,91.9109589040745,1198125.0,2196257.2903505364,2195026.6558573856,-1230.634493150642,1.8320514602878544,2.138871991122982,19,
2024-11-14,26880.0,26345.0,38535.69921875,699019.776,26,0.0,0.0,0.0,0.0,143.49002739723073,1870495.0,2196257.2903505364,2168233.3898299886,-28023.900520547853,1.159176255392283,1.3556300595881994,19,
2024-11-15,26655.0,26520.0,38642.91015625,906451.254,34,0.0,0.0,0.0,0.0,213.61315068486147,2784600.0,2196257.2903505364,2175673.522679304,-20583.767671232745,0.781323537556311,0.9132104316627375,19,
2024-11-18,25865.0,25925.0,38220.8515625,672624.498,26,0.0,0.0,0.0,0.0,260.52849315083586,3396175.0,2196257.2903505364,2114363.496186153,-81893.79416438345,0.6225720100366303,0.7306323181290002,19,
2024-11-19,26115.0,26180.0,38414.4296875,966448.2509999999,37,0.0,0.0,0.0,0.0,337.3992328767781,4398240.0,2196257.2903505364,2149642.8459532764,-46614.444397260086,0.4887506925391239,0.5721145648159273,19,
2024-11-20,26185.0,26110.0,38352.33984375,785707.11,30,0.0,0.0,0.0,0.0,396.58586301381,5169780.0,2196257.2903505364,2135079.1500902628,-61178.140260273765,0.41299226467862515,0.4838381675487113,19,margin_warning
2024-11-21,26050.0,25620.0,38026.171875,781656.2999999999,30,0.0,0.0,0.0,0.0,448.1043287673383,5841360.0,2196257.2903505364,2024554.7457614955,-171702.5445890408,0.34658962052698267,0.40921367167448025,19,margin_warning
2024-11-22,25865.0,26045.0,38283.8515625,957196.401,37,0.0,0.0,0.0,0.0,529.4627397260629,6901925.0,2196257.2903505364,2127393.8820217694,-68863.4083287668,0.3082319616660235,0.36115635082864406,19,margin_warning
2024-11-25,26655.0,26610.0,38780.140625,613187.613,23,0.0,0.0,0.0,0.0,587.8987397258752,7663680.0,2196257.2903505364,2275373.3702820437,79116.07993150713,0.29690349418060824,0.3444905888833482,19,margin_warning
2024-11-26,26370.0,26145.0,38442.0,0.0,0,0.0,0.0,0.0,0.0,577.6254246575991,7529760.0,2196257.2903505364,2140875.7448573858,-55381.54549315037,0.2843219099755352,0.33267864916866174,19,margin_warning
2024-11-27,25970.0,25740.0,38134.96875,155851.164,6,0.0,0.0,0.0,0.0,580.5251506848726,7567560.0,2196257.2903505364,2022244.055706701,-174013.23464383528,0.2672253745866172,0.3152638592971649,19,margin_warning
2024-11-28,25450.0,26080.0,38349.05859375,789107.79,31,0.0,0.0,0.0,0.0,650.2136986302794,8476000.0,2196257.2903505364,2140926.052008071,-55331.23834246547,0.25258683954790834,0.2953999473413866,19,margin_call;forced_liquidation
2024-11-29,25895.0,25815.0,38208.03125,0.0,0,8414191.825000001,-117139.41334246546,-119945.74637994148,2806.333037476025,0.0,0.0,2076311.5439705946,2076311.5439705946,0.0,inf,inf,19,
2024-12-02,25815.0,26235.0,38513.01953125,981166.194,38,0.0,0.0,0.0,0.0,76.47682191780768,996930.0,2076311.5439705946,2091998.873148677,15687.329178082175,2.098441087286647,2.5798658996386368,19,
2024-12-03,26505.0,27230.0,39248.859375,901350.2339999999,34,0.0,0.0,0.0,0.0,150.3991232877015,1960560.0,2076311.5439705946,2154128.240025389,77816.69605479456,1.0987310972504738,1.343455277614646,19,
2024-12-04,27335.0,27250.0,39276.390625,0.0,0,1038522.254,57200.20586301364,45579.984041942414,11620.22182107122,71.0739726027241,926500.0,2121891.528012537,2146899.1982317152,25007.670219178144,2.3172144611243555,2.773258885537918,19,
2024-12-05,27775.0,27445.0,39395.6015625,27780.555,1,0.0,0.0,0.0,0.0,73.68794520548545,960575.0,2121891.528012537,2153119.95528651,31228.427273972666,2.241490727206631,2.681280927111855,19,
2024-12-06,27435.0,27025.0,39091.171875,0.0,0,0.0,0.0,0.0,0.0,72.56027397263097,945875.0,2121891.528012537,2138347.395012537,16455.86700000006,2.2607082278446273,2.7072565677415352,19,
2024-12-09,27350.0,27135.0,39160.5,136777.35,5,0.0,0.0,0.0,0.0,83.26356164383469,1085400.0,2121891.528012537,2141011.7814508933,19120.25343835622,1.972555538465905,2.3616246811214645,19,
2024-12-10,27430.0,27420.0,39367.578125,109741.944,4,0.0,0.0,0.0,0.0,92.55189041094854,1206480.0,2121891.528012537,2152257.285560482,30365.757547945257,1.783914599131757,2.1338608025896946,19,
2024-12-11,27440.0,27460.0,39372.23046875,0.0,0,0.0,0.0,0.0,0.0,92.68690410960699,1208240.0,2121891.528012537,2153924.5986563726,32033.070643835672,1.7826959864400886,2.132055723449146,19,
2024-12-12,28195.0,28175.0,39849.140625,28200.639,1,0.0,0.0,0.0,0.0,97.26164383563446,1267875.0,2121891.528012537,2185261.698012537,63370.17000000006,1.723562415863186,2.0564131677117414,19,
2024-12-13,27900.0,27595.0,39470.44140625,0.0,0,948410.28,46488.48084931516,37044.34596477678,9444.134884538375,23.285643835552037,303545.0,2158935.8739773137,2159874.557484163,938.6835068493066,7.115500362332316,8.352553782770263,19,
2024-12-16,27660.0,27500.0,39457.48828125,0.0,0,0.0,0.0,0.0,0.0,23.205479452037252,302500.0,2158935.8739773137,2158806.352004711,-129.52197260274818,7.136549923982516,8.377800089362303,19,
2024-12-17,27705.0,27450.0,39364.6796875,27710.541,1,0.0,0.0,0.0,0.0,25.269041095860302,329400.0,2158935.8739773137,2157970.541963615,-965.3320136986397,6.551215974388631,7.691024432149073,19,
2024-12-18,27220.0,27105.0,39081.7109375,54450.888,2,0.0,0.0,0.0,0.0,29.110027397284284,379470.0,2158935.8739773137,2153560.5439362177,-5375.3300410959,5.6751799718982205,6.6645171947587665,19,
2024-12-19,26105.0,26670.0,38813.578125,417763.53599999996,16,0.0,0.0,0.0,0.0,61.377534246537834,800100.0,2158935.8739773137,2156365.6304019713,-2570.243575342438,2.695120147983966,3.164264527967275,19,
2024-12-20,26880.0,26545.0,38701.8984375,887217.408,33,0.0,0.0,0.0,0.0,128.28871232882375,1672335.0,2158935.8739773137,2141254.9336896427,-17680.940287671263,1.2803983255087303,1.5047756958994214,19,
2024-12-23,26945.0,27170.0,39161.33984375,943263.615,35,0.0,0.0,0.0,0.0,204.25884931517066,2662660.0,2158935.8739773137,2188112.0598403276,29176.185863013678,0.8217767419949703,0.9626245674263065,19,
2024-12-24,27245.0,26970.0,39036.8515625,109001.796,4,0.0,0.0,0.0,0.0,211.03101369854994,2750940.0,2158935.8739773137,2167179.2328266287,8243.35884931505,0.7877958926136625,0.9240470794259167,19,
2024-12-25,27185.0,27030.0,39130.4296875,353475.681,13,0.0,0.0,0.0,0.0,238.45643835619558,3108450.0,2158935.8739773137,2170975.095388273,12039.221410958902,0.6984108141962305,0.8189147256025412,19,
2024-12-26,27040.0,27625.0,39568.05859375,189317.856,7,0.0,0.0,0.0,0.0,258.5397260275204,3370250.0,2158935.8739773137,2243198.6996622453,84262.82568493151,0.6655882203582064,0.7766547120679963,19,
2024-12-27,27800.0,28715.0,40281.16015625,0.0,0,0.0,0.0,0.0,0.0,268.74093150679255,3503230.0,2158935.8739773137,2375909.9587307386,216974.08475342463,0.6782055299625599,0.7849793080911475,19,
2024-12-30,28715.0,28175.0,39894.5390625,0.0,0,2411577.588,162314.42236986305,129340.24746542537,32974.17490443768,82.13205479457974,1070650.0,2288276.1214427394,2321851.2397715067,33575.11832876713,2.168637033364318,2.3663267997013593,19,
2025-01-06,28070.0,27280.0,39307.05078125,0.0,0,0.0,0.0,0.0,0.0,79.52306849323213,1036640.0,2288276.1214427394,2287761.7167030135,-514.4047397260204,2.206900868867701,2.4109997124973703,19,
2025-01-07,27830.0,28345.0,40083.30078125,306191.22599999997,11,0.0,0.0,0.0,0.0,106.54613698628964,1388905.0,2288276.1214427394,2333728.9445660273,45452.823123287715,1.6802653490094912,1.8325223277972944,19,
2025-01-08,28000.0,28230.0,39981.05859375,0.0,0,0.0,0.0,0.0,0.0,106.11386301362654,1383270.0,2288276.1214427394,2327987.8307030136,39711.709260274016,1.6829598203553995,1.8357603330971355,19,
2025-01-09,28050.0,27740.0,39605.08984375,0.0,0,0.0,0.0,0.0,0.0,104.27200000005541,1359260.0,2288276.1214427394,2303873.558703013,15597.437260274013,1.6949469260502135,1.85036979824557,19,
2025-01-10,27295.0,27175.0,39190.3984375,54600.918,2,0.0,0.0,0.0,0.0,106.31753424665658,1385925.0,2288276.1214427394,2275831.3231687667,-12444.798273972558,1.6421028000568334,1.7944586459547094,19,
2025-01-14,26830.0,26125.0,38474.30078125,697719.516,26,0.0,0.0,0.0,0.0,154.3164383561816,2011625.0,2288276.1214427394,2203657.490730411,-84618.63071232867,1.0954613761165282,1.2003514323087396,19,
2025-01-15,26525.0,26100.0,38444.578125,981621.285,37,0.0,0.0,0.0,0.0,228.24986301379977,2975400.0,2288276.1214427394,2185582.955867397,-102693.1655753424,0.7345509699090533,0.8053889108328429,19,
2025-01-16,26470.0,26295.0,38572.6015625,979585.8779999999,37,0.0,0.0,0.0,0.0,304.5897534247488,3970545.0,2288276.1214427394,2200837.4881139724,-87438.63332876697,0.5542910326199483,0.6072980177243152,19,
2025-01-17,26080.0,26100.0,38451.4609375,965152.992,37,0.0,0.0,0.0,0.0,376.4120547946659,4906800.0,2288276.1214427394,2171563.084059178,-116713.03738356146,0.44256197196934416,0.4853781062353473,19,margin_warning
2025-01-20,26440.0,26655.0,38902.5,978475.656,37,0.0,0.0,0.0,0.0,460.07260273984866,5997375.0,2288276.1214427394,2283202.3554564384,-5073.765986301136,0.38070028228290514,0.41565393033954406,19,margin_warning
2025-01-21,27050.0,26795.0,39027.98046875,378775.74,14,0.0,0.0,0.0,0.0,491.2661369863199,6404005.0,2288276.1214427394,2310565.349319452,22289.22787671257,0.3608000539224207,0.3934575657258466,19,margin_warning
2025-01-22,27295.0,27655.0,39646.25,81901.377,3,0.0,0.0,0.0,0.0,513.3980273972265,6692510.0,2288276.1214427394,2516655.574292055,228379.4528493153,0.3760406147009201,0.40721359327686574,19,margin_warning
2025-01-23,27910.0,28140.0,39958.87109375,0.0,0,3097390.398,173262.46060273994,138064.19173129334,35198.26887144662,282.7877260274836,3686340.0,2426340.313174033,2572394.9156945813,146054.60252054804,0.6978181382332018,0.7073344125108141,19,
2025-01-24,28190.0,28130.0,39931.98046875,0.0,0,1042821.3940000001,60667.23601369868,48342.6870175158,12324.548996182888,202.84427397249965,2644220.0,2474683.000191549,2560568.916424426,85885.91623287683,0.9683645522779594,0.9586112572544221,19,
2025-01-27,28485.0,27585.0,39565.80078125,0.0,0,0.0,0.0,0.0,0.0,198.9143013698631,2592990.0,2474683.000191549,2509140.002123056,34457.001931506966,0.967662814790283,0.9576401104726775,19,
2025-01-28,26960.0,26855.0,39016.87109375,0.0,0,0.0,0.0,0.0,0.0,193.65030136983842,2524370.0,2474683.000191549,2440326.351821686,-34356.648369862894,0.9667070801117451,0.9563352160942367,19,
2025-01-29,27300.0,27375.0,39414.78125,573414.66,21,0.0,0.0,0.0,0.0,241.4999999999418,3148125.0,2474683.000191549,2490425.191821686,15742.191630137067,0.7910820541819927,0.7826885112413923,19,
2025-01-30,27195.0,27475.0,39513.96875,0.0,0,0.0,0.0,0.0,0.0,242.3821917808964,3159625.0,2474683.000191549,2501682.809629905,26999.809438356246,0.7917657347406433,0.7833260292181022,19,
2025-01-31,27685.0,27650.0,39572.48828125,0.0,0,0.0,0.0,0.0,0.0,243.9260273973341,3179750.0,2474683.000191549,2521563.883602508,46880.88341095899,0.7930069607995937,0.7845439588060232,19,
2025-02-03,26285.0,26100.0,38520.08984375,0.0,0,0.0,0.0,0.0,0.0,230.2520547945751,3001500.0,2474683.000191549,2343083.631547713,-131599.36864383554,0.7806375584033693,0.7715952520086167,19,
2025-02-04,27000.0,26460.0,38798.37109375,972194.3999999999,36,0.0,0.0,0.0,0.0,306.50104109576205,3995460.0,2474683.000191549,2364542.7305066176,-110140.26968493132,0.5918073840075029,0.584937841155129,19,
2025-02-05,26720.0,26510.0,38831.48046875,828485.664,31,0.0,0.0,0.0,0.0,370.12317808222724,4824820.0,2474683.000191549,2365046.943328535,-109636.05686301352,0.49018345623847837,0.48441803766057734,19,margin_warning
2025-02-06,26640.0,26875.0,39066.53125,772714.512,29,0.0,0.0,0.0,0.0,435.0068493151921,5670625.0,2474683.000191549,2437702.42447922,-36980.575712328566,0.4298824952239339,0.4249003083023259,19,margin_warning
2025-02-07,26615.0,26510.0,38787.01953125,133101.615,5,0.0,0.0,0.0,0.0,439.26706849318,5726160.0,2474683.000191549,2359696.542410727,-114986.45778082171,0.4120905707159295,0.4070799910638003,19,margin_warning
2025-02-10,26400.0,26500.0,38801.171875,660132.0,25,0.0,0.0,0.0,0.0,489.9232876711176,6386500.0,2474683.000191549,2359414.619123056,-115268.38106849296,0.3694378171334935,0.36486860018077955,19,margin_warning
2025-02-12,26800.0,26740.0,38963.69921875,455691.12,17,0.0,0.0,0.0,0.0,529.2322191781714,6898920.0,2474683.000191549,2415614.2669038777,-59068.73328767103,0.3501438293100772,0.34583728041725253,19,margin_warning
2025-02-13,27000.0,27420.0,39461.46875,135027.0,5,0.0,0.0,0.0,0.0,553.2078904109658,7211460.0,2474683.000191549,2592574.059013467,117891.05882191802,0.35950751429162286,0.3553108961063876,19,margin_warning
2025-02-14,27460.0,26940.0,39149.4296875,0.0,0,0.0,0.0,0.0,0.0,543.5237260274589,7085220.0,2474683.000191549,2465790.5352874394,-8892.46490410938,0.34801890912172656,0.34367080590063753,19,margin_warning
2025-02-17,26840.0,26980.0,39174.25,0.0,0,0.0,0.0,0.0,0.0,544.330739725905,7095740.0,2474683.000191549,2475766.2045477135,1083.204356164591,0.34890881071568486,0.34449044157534847,19,margin_warning
2025-02-18,26950.0,27185.0,39270.3984375,0.0,0,0.0,0.0,0.0,0.0,548.4666849316563,7149655.0,2474683.000191549,2529132.737862782,54449.73767123309,0.35374192710876007,0.34928016422246944,19,margin_warning
2025-02-19,27030.0,26990.0,39164.609375,0.0,0,0.0,0.0,0.0,0.0,544.5324931507348,7098370.0,2474683.000191549,2477303.2053696313,2620.2051780824,0.348996066050323,0.3444253550530191,19,margin_warning
2025-02-20,26635.0,26275.0,38678.0390625,0.0,0,0.0,0.0,0.0,0.0,530.1071232875111,6910325.0,2474683.000191549,2288728.0982463434,-185954.9019452053,0.33120411822111745,0.32643231588979144,19,margin_warning
2025-02-21,26095.0,26450.0,38776.94140625,756906.351,29,0.0,0.0,0.0,0.0,592.4799999999814,7723400.0,2474683.000191549,2344304.2672463437,-130378.73294520535,0.3035326756669787,0.2991865088304534,19,margin_call;forced_liquidation
2025-02-25,25600.0,25750.0,38237.7890625,0.0,0,7473704.960000001,-380073.7729452051,-380073.7729452051,0.0,0.0,0.0,2094609.227246344,2094609.227246344,0.0,inf,inf,19,
2025-02-26,25500.0,25560.0,38142.37109375,994698.8999999999,39,0.0,0.0,0.0,0.0,76.46991780819371,996840.0,2094609.227246344,2096673.857328536,2064.630082191874,2.1033203496333774,2.4508486571673607,19,
2025-02-27,25770.0,25790.0,38256.171875,979455.852,38,0.0,0.0,0.0,0.0,152.33764383557718,1985830.0,2094609.227246344,2106055.6676847003,11446.440438356303,1.0605417722990893,1.2349161046630586,19,
2025-02-28,25000.0,24280.0,37155.5,975195.0,39,0.0,0.0,0.0,0.0,216.058739725966,2816480.0,2094609.227246344,1961294.6089449744,-133314.61830136972,0.6963637621942902,0.8192340547930712,19,
2025-03-03,24895.0,25110.0,37785.46875,49799.958,2,0.0,0.0,0.0,0.0,227.29709589038976,2962980.0,2094609.227246344,2057767.353849084,-36841.87339726013,0.6944924885922564,0.8112109357646048,5,
2025-03-04,24470.0,24430.0,37331.1796875,24474.894,1,0.0,0.0,0.0,0.0,223.01578082190827,2907170.0,2094609.227246344,1977259.4440682621,-117349.78317808206,0.6801320335818897,0.7990144549132538,5,
2025-03-05,24440.0,24540.0,37418.23828125,48889.776,2,0.0,0.0,0.0,0.0,227.78498630144168,2969340.0,2094609.227246344,1990311.8830819607,-104297.34416438342,0.6702876339799284,0.7866042645562857,5,
2025-03-06,24890.0,24980.0,37704.9296875,49789.956,2,0.0,0.0,0.0,0.0,235.7016986301751,3072540.0,2094609.227246344,2043486.2253833306,-51123.00186301355,0.6650804303225769,0.7774135235083356,5,
2025-03-07,23965.0,23830.0,36887.171875,23969.792999999998,1,0.0,0.0,0.0,0.0,226.67879452055786,2954920.0,2094609.227246344,1901669.75358881,-192939.4736575341,0.6435604867775812,0.760288263956811,5,
2025-03-10,23965.0,24055.0,37028.26953125,0.0,0,0.0,0.0,0.0,0.0,228.81906849314691,2982820.0,2094609.227246344,1929340.9345203168,-165268.29272602728,0.6468177545142908,0.7623769985430815,3,
2025-03-11,23105.0,23710.0,36793.109375,0.0,0,0.0,0.0,0.0,0.0,225.53731506853364,2940040.0,2094609.227246344,1886335.3972052485,-208273.8300410957,0.6416019500432812,0.7587659637842129,3,
2025-03-12,23645.0,23740.0,36819.08984375,0.0,0,0.0,0.0,0.0,0.0,225.8226849315106,2943760.0,2094609.227246344,1889829.574520317,-204779.65272602727,0.6419781417372058,0.7589173841598073,3,
2025-03-13,24185.0,23725.0,36790.03125,0.0,0,0.0,0.0,0.0,0.0,225.67999999999302,2941900.0,2094609.227246344,1887743.8945203167,-206865.33272602723,0.6416750720691786,0.7586115363521106,3,
2025-03-14,23605.0,24090.0,37053.1015625,23609.720999999998,1,0.0,0.0,0.0,0.0,230.9999999999418,3011250.0,2094609.227246344,1933253.1735203168,-161356.05372602725,0.6420101863081168,0.7561768560545535,3,
2025-03-17,24590.0,24535.0,37396.51953125,0.0,0,0.0,0.0,0.0,0.0,235.26712328766007,3066875.0,2094609.227246344,1988642.906397029,-105966.32084931493,0.6484264622448026,0.7604457382670305,3,
2025-03-18,25170.0,25105.0,37845.421875,0.0,0,25164.966,1551.5148630137012,1236.3246185924677,315.1902444212334,238.80701369862072,3113020.0,2095845.5518649365,2059398.8751389093,-36446.676726027246,0.6615437341035102,0.7713274153114552,3,
2025-03-19,25070.0,25005.0,37751.87890625,0.0,0,25064.986,1080.4036301369892,860.9196326746599,219.48399746232937,235.9375890410738,3075615.0,2096706.4714976111,2046603.4395524058,-50103.031945205345,0.6654290083617117,0.7761198633792543,3,
2025-03-21,24805.0,24855.0,37677.05859375,0.0,0,0.0,0.0,0.0,0.0,234.52224657533225,3057165.0,2096706.4714976111,2027918.9173058304,-68787.55419178067,0.6633331590888389,0.774615321421655,3,
2025-03-24,25050.0,24810.0,37608.48828125,0.0,0,0.0,0.0,0.0,0.0,234.0976438356447,3051630.0,2096706.4714976111,2022149.819661995,-74556.6518356163,0.6626458055734132,0.7740530974680295,3,
2025-03-25,25265.0,25035.0,37780.5390625,126350.265,5,0.0,0.0,0.0,0.0,245.82312328770058,3204480.0,2096706.4714976111,2048403.7315387072,-48302.739958903956,0.6392312423665328,0.7452478226045374,20,
2025-03-26,25440.0,25350.0,38027.2890625,76335.264,3,76304.736,2859.4816164383587,2278.577926058906,580.9036903794527,248.91616438346682,3244800.0,2098985.04942367,2087863.3836839441,-11121.66573972588,0.643449021105752,0.747190272726887,20,
2025-03-27,24855.0,24960.0,37799.96875,49719.941999999995,2,0.0,0.0,0.0,0.0,248.91616438358324,3244800.0,2098985.04942367,2037894.5255195606,-61090.52390410944,0.6280493483479908,0.7317138876403585,20,
2025-03-28,24805.0,24460.0,37120.328125,99239.844,4,0.0,0.0,0.0,0.0,251.43539726024028,3277640.0,2098985.04942367,1971243.2461223002,-127741.80330136971,0.6014215246708913,0.7039706947135485,20,
2025-03-31,23015.0,22580.0,35617.55859375,299254.839,13,0.0,0.0,0.0,0.0,254.62816438358277,3319260.0,2098985.04942367,1713353.7789579167,-385631.27046575333,0.51618546873638,0.6173720686213637,20,
2025-04-01,22950.0,22525.0,35624.48046875,137727.54,6,0.0,0.0,0.0,0.0,264.375616438454,3446325.0,2098985.04942367,1702426.8633414782,-396558.1860821917,0.49398326139916526,0.5913624284590893,3,
2025-04-02,22695.0,22675.0,35725.87109375,136197.234,6,0.0,0.0,0.0,0.0,276.5728767122491,3605325.0,2098985.04942367,1724953.0564647662,-374031.99295890384,0.4784459255309206,0.5714538194215074,3,
2025-04-03,20675.0,21430.0,34735.9296875,124074.81,6,0.0,0.0,0.0,0.0,271.2509589041001,3535950.0,2098985.04942367,1531231.9955058617,-567753.0539178082,0.43304684611090705,0.5278028336339706,3,
2025-04-04,20600.0,20280.0,33780.578125,144228.84,7,0.0,0.0,0.0,0.0,267.5848767122952,3488160.0,2098985.04942367,1338945.5706291497,-760039.4787945203,0.38385440192799347,0.4798318941317525,3,margin_warning
2025-04-07,16700.0,17195.0,31136.580078125,150330.06,9,0.0,0.0,0.0,0.0,238.7513972601737,3112295.0,2098985.04942367,812511.7592318892,-1286473.2901917808,0.2610651494257097,0.3685569192637886,3,margin_warning
2025-04-08,19035.0,19080.0,33012.578125,114232.842,6,0.0,0.0,0.0,0.0,273.7065205478575,3567960.0,2098985.04942367,1153670.2107113414,-945314.8387123285,0.3233416884469953,0.41702894707311683,3,margin_warning
2025-04-09,18060.0,17640.0,31714.029296875,0.0,0,162507.492,12152.387342465754,9683.629853843835,2468.757488621918,240.87057534226915,3139920.0,2108668.6792775136,885428.074647377,-1223240.6046301366,0.2819906477385975,0.38450253764975717,3,margin_warning
2025-04-10,20825.0,20755.0,34609.0,0.0,0,0.0,0.0,0.0,0.0,283.4052602739539,3694390.0,2108668.6792775136,1439614.669387103,-669054.0098904106,0.38967587866660075,0.47672562926401313,3,margin_warning
2025-04-11,18735.0,19615.0,33585.578125,0.0,0,0.0,0.0,0.0,0.0,267.83879452064866,3491470.0,2108668.6792775136,1236426.8305925825,-872241.8486849313,0.3541278689470574,0.4461601330979891,3,margin_warning
2025-04-14,20015.0,20050.0,33982.359375,0.0,0,0.0,0.0,0.0,0.0,273.77863013680326,3568900.0,2108668.6792775136,1313583.0519624455,-795085.6273150683,0.3680638437508603,0.4580226856026681,3,margin_warning
2025-04-15,20445.0,20375.0,34267.5390625,0.0,0,0.0,0.0,0.0,0.0,278.2164383562631,3626750.0,2108668.6792775136,1371154.8355240892,-737513.8437534246,0.37806709465060706,0.46651429786190096,3,margin_warning
2025-04-16,20300.0,19920.0,33920.3984375,0.0,0,0.0,0.0,0.0,0.0,272.0035068492871,3545760.0,2108668.6792775136,1289892.8320172399,-818775.8472602738,0.3637845855380059,0.45417533131316035,3,margin_warning
2025-04-17,20065.0,20485.0,34377.6015625,0.0,0,0.0,0.0,0.0,0.0,279.71846575353993,3646330.0,2108668.6792775136,1390183.1135514865,-718485.5657260271,0.38125543040577414,0.4690763825066421,3,margin_warning
2025-04-18,20595.0,20925.0,34730.28125,0.0,0,0.0,0.0,0.0,0.0,285.72657534264727,3724650.0,2108668.6792775136,1468217.3869761438,-640451.2923013697,0.39418935657743515,0.4800869431153957,3,margin_warning
2025-04-21,20665.0,20385.0,34279.921875,0.0,0,0.0,0.0,0.0,0.0,278.3529863014119,3628530.0,2108668.6792775136,1371819.0339898425,-736849.6452876711,0.37806468018449413,0.46616098714966003,3,margin_warning
2025-04-22,20250.0,20330.0,34220.6015625,0.0,0,0.0,0.0,0.0,0.0,277.60197260271525,3618740.0,2108668.6792775136,1361751.4320172397,-746917.2472602738,0.37630540796444056,0.46456333496105023,3,margin_warning
2025-04-23,21385.0,21070.0,34868.62890625,0.0,0,0.0,0.0,0.0,0.0,287.70652054803213,3750460.0,2108668.6792775136,1493183.7254966921,-615484.9537808216,0.3981334890911227,0.4832149948848555,3,margin_warning
2025-04-24,21555.0,21275.0,35039.1484375,0.0,0,0.0,0.0,0.0,0.0,290.5057534246589,3786950.0,2108668.6792775136,1529383.2197432672,-579285.4595342465,0.40385619555137175,0.4880411672213801,3,margin_warning
2025-04-25,21830.0,22085.0,35705.73828125,0.0,0,130953.804,16600.41394520548,13228.039852236987,3372.374092968493,291.40098630142165,3798620.0,2121896.7191297505,1668343.2486639973,-453553.4704657532,0.4391971949455321,0.5186767068562341,3,
2025-04-28,22400.0,22225.0,35839.98828125,0.0,0,0.0,0.0,0.0,0.0,293.2482191781164,3822700.0,2121896.7191297505,1692130.0004448192,-429766.71868493134,0.4426530987115963,0.5215552399507866,3,
2025-04-30,22345.0,22495.0,36045.37890625,0.0,0,0.0,0.0,0.0,0.0,296.8107397259446,3869140.0,2121896.7191297505,1738273.189705093,-383623.52942465746,0.44926603578704644,0.5271444285501222,3,
2025-05-01,22675.0,22995.0,36452.30078125,0.0,0,0.0,0.0,0.0,0.0,303.4079999998212,3955140.0,2121896.7191297505,1823969.781705093,-297926.93742465734,0.46116440421959604,0.5372727079902153,3,
2025-05-02,23225.0,23450.0,36830.69140625,0.0,0,301864.615,33162.98757534246,26425.92664941164,6737.06092593082,286.02575342473574,3728550.0,2148322.645779162,1892221.3100257376,-256101.33575342444,0.5074952220100944,0.5792576989103801,3,
2025-05-07,23625.0,23415.0,36779.66015625,0.0,0,0.0,0.0,0.0,0.0,285.59884931496345,3722985.0,2148322.645779162,1886370.7111764227,-261951.93460273946,0.5066823291462154,0.5784753619941171,3,
2025-05-08,23590.0,23755.0,36928.62890625,0.0,0,0.0,0.0,0.0,0.0,289.7459178081481,3777045.0,2148322.645779162,1940140.9652586144,-208181.6805205478,0.5136663622643136,0.5843551251674394,3,
2025-05-09,24230.0,24290.0,37503.328125,0.0,0,0.0,0.0,0.0,0.0,296.2714520547888,3862110.0,2148322.645779162,2024909.6938065595,-123412.95197260253,0.5243014035867853,0.5933564970531503,3,
2025-05-12,24590.0,24540.0,37644.26171875,0.0,0,0.0,0.0,0.0,0.0,299.32076712336857,3901860.0,2148322.645779162,2064360.3730394363,-83962.27273972584,0.5290708464782018,0.5973457323685872,3,
2025-05-13,25585.0,25225.0,38183.26171875,0.0,0,153479.298,17027.654465753436,13568.486461035625,3459.1680047178106,296.0654794520815,3859425.0,2161891.1322401976,2171649.437555266,9758.30531506866,0.56268730123147,0.6272242014990109,3,
2025-05-14,25380.0,25130.0,38128.12890625,0.0,0,482123.556,44243.4314109589,35255.3783198226,8988.0530911363,258.3226301370305,3367420.0,2197146.5105600203,2152521.617833993,-44624.89272602723,0.639219823435744,0.6999706570929527,3,
2025-05-15,24650.0,24680.0,37755.51171875,0.0,0,0.0,0.0,0.0,0.0,253.69687671220163,3307120.0,2197146.5105600203,2091967.9209572808,-105178.58960273956,0.6325648663965265,0.6943466812073728,3,
2025-05-16,24630.0,24610.0,37753.71875,0.0,0,0.0,0.0,0.0,0.0,252.97731506847776,3297740.0,2197146.5105600203,2082334.9436422123,-114811.56691780807,0.6314430317860754,0.6933238647450645,3,
2025-05-19,24445.0,24275.0,37498.62890625,0.0,0,0.0,0.0,0.0,0.0,249.53369863016997,3252850.0,2197146.5105600203,2037195.409943582,-159951.1006164382,0.6262801573830893,0.6889382462539401,3,
2025-05-20,24590.0,24285.0,37529.48828125,0.0,0,0.0,0.0,0.0,0.0,249.6364931507269,3254190.0,2197146.5105600203,2038285.7734504314,-158860.7371095889,0.6263573342215517,0.688912909615243,3,
2025-05-21,24420.0,24030.0,37298.98046875,0.0,0,0.0,0.0,0.0,0.0,247.01523287664168,3220020.0,2197146.5105600203,2003868.7582175548,-193277.7523424656,0.6223156248152355,0.6854583110897056,3,
2025-05-22,23535.0,23600.0,36985.87109375,0.0,0,0.0,0.0,0.0,0.0,242.5950684932759,3162400.0,2197146.5105600203,1946006.1631490616,-251140.34741095873,0.6153573751420003,0.6795738302359245,3,
2025-05-23,23795.0,23815.0,37160.46875,0.0,0,0.0,0.0,0.0,0.0,244.8051506849588,3191210.0,2197146.5105600203,1974571.3579983767,-222575.15256164368,0.6187531870351298,0.6823131885512762,3,
2025-05-26,23920.0,24330.0,37531.53125,0.0,0,0.0,0.0,0.0,0.0,250.09906849317485,3260220.0,2197146.5105600203,2043331.2589298836,-153815.2516301368,0.6267464339614761,0.6888843305972392,3,
2025-05-27,24340.0,24625.0,37724.109375,0.0,0,0.0,0.0,0.0,0.0,253.13150684925495,3299750.0,2197146.5105600203,2082608.1274230343,-114538.38313698616,0.6311411856725614,0.6924579769031086,3,
2025-05-28,25125.0,24590.0,37722.3984375,0.0,0,0.0,0.0,0.0,0.0,252.77172602742212,3295060.0,2197146.5105600203,2077665.355697007,-119481.15486301354,0.6305394607979845,0.6918668145144484,3,
2025-05-29,25215.0,25505.0,38432.98046875,0.0,0,0.0,0.0,0.0,0.0,262.1774246575078,3417670.0,2197146.5105600203,2200013.1782723493,2866.6677123289173,0.6437172630102816,0.7027677660466527,3,
2025-05-30,24695.0,24970.0,37965.1015625,0.0,0,0.0,0.0,0.0,0.0,256.6779178082361,3345980.0,2197146.5105600203,2128066.500354541,-69080.0102054793,0.636006939776849,0.6962459294882357,3,
2025-06-02,24355.0,24230.0,37470.671875,0.0,0,0.0,0.0,0.0,0.0,249.0711232877802,3246820.0,2197146.5105600203,2028657.4292312535,-168489.08132876697,0.6248136420347459,0.6868156574440442,3,
2025-06-03,24415.0,24220.0,37446.80859375,0.0,0,0.0,0.0,0.0,0.0,248.96832876710687,3245480.0,2197146.5105600203,2027068.4609024862,-170078.04965753405,0.6245820220437305,0.6865329246351656,3,
2025-06-04,24530.0,24570.0,37747.44921875,0.0,0,0.0,0.0,0.0,0.0,252.56613698619185,3292380.0,2197146.5105600203,2073715.8947655,-123430.6157945204,0.6298531441587848,0.6908448429315464,3,
2025-06-05,24350.0,24310.0,37554.48828125,0.0,0,0.0,0.0,0.0,0.0,249.8934794520028,3257540.0,2197146.5105600203,2038626.001286048,-158520.50927397245,0.6258176419279726,0.6873849460059005,3,
2025-06-06,24335.0,24550.0,37741.609375,0.0,0,0.0,0.0,0.0,0.0,252.3605479451362,3289700.0,2197146.5105600203,2070533.6407381026,-126612.86982191767,0.6293989241384025,0.6902876359291636,3,
2025-06-09,24950.0,25010.0,38088.5703125,0.0,0,0.0,0.0,0.0,0.0,257.0890958903474,3351340.0,2197146.5105600203,2131916.551642212,-65229.958917808064,0.6361385450721837,0.6958306401989618,3,
2025-06-10,25250.0,25135.0,38211.51171875,0.0,0,0.0,0.0,0.0,0.0,258.3740273973672,3368090.0,2197146.5105600203,2148408.177614815,-48738.33294520533,0.6378713685248361,0.6971898938774187,3,
2025-06-11,25440.0,25435.0,38421.19140625,0.0,0,0.0,0.0,0.0,0.0,261.4578630136093,3408290.0,2197146.5105600203,2188346.7197518013,-8799.79080821903,0.6420658804713805,0.7006080450735024,3,
2025-06-12,25280.0,25085.0,38173.08984375,0.0,0,0.0,0.0,0.0,0.0,257.8600547944661,3361390.0,2197146.5105600203,2141188.8596970066,-55957.65086301355,0.6369950704015322,0.6962773358146418,3,
2025-06-13,24980.0,24640.0,37834.25,0.0,0,0.0,0.0,0.0,0.0,253.28569863014854,3301760.0,2197146.5105600203,2081305.5739983767,-115840.93656164368,0.6303624654724682,0.6906386601196689,3,
2025-06-16,24950.0,25280.0,38311.328125,0.0,0,0.0,0.0,0.0,0.0,259.864547945268,3387520.0,2197146.5105600203,2166805.7094504316,-30340.80110958889,0.6396436654102209,0.6983171681173331,3,
2025-06-17,25350.0,25600.0,38536.73828125,0.0,0,0.0,0.0,0.0,0.0,263.1539726027404,3430400.0,2197146.5105600203,2209422.5554778287,12276.044917808369,0.6440714072638261,0.701934778858332,3,
2025-06-18,25325.0,26015.0,38885.1484375,0.0,0,151919.61000000002,2374.192109589056,1891.8749825260393,482.31712706301676,255.44591780821793,3329920.0,2199038.3855425464,2260124.4024329577,61086.0168904111,0.6787323426487596,0.7375520355814416,3,
2025-06-19,25995.0,25535.0,38488.33984375,0.0,0,1247510.4479999999,40077.33409589036,31935.62367431023,8141.710421580126,156.70794520550407,2042800.0,2230974.009216856,2212216.4320661714,-18757.57715068479,1.082933440408347,1.1591184951612843,3,
2025-06-20,25475.0,25430.0,38403.23046875,0.0,0,0.0,0.0,0.0,0.0,156.06356164382305,2034400.0,2230974.009216856,2203660.3685045275,-27313.640712328626,1.0831991587222412,1.1596220678294258,21,
2025-06-23,25175.0,25350.0,38354.08984375,0.0,0,0.0,0.0,0.0,0.0,155.57260273967404,2028000.0,2230974.009216856,2197104.795901788,-33869.21331506836,1.0833850078411182,1.1599723814530103,21,
2025-06-24,26005.0,25875.0,38790.55859375,0.0,0,0.0,0.0,0.0,0.0,158.79452054796275,2070000.0,2230974.009216856,2238946.00138124,7971.992164383702,1.0816164257880385,1.1565731403601973,21,
2025-06-25,26055.0,26080.0,38942.0703125,0.0,0,0.0,0.0,0.0,0.0,160.05260273971362,2086400.0,2230974.009216856,2255185.9487785003,24211.93956164398,1.0808981733025786,1.1551889835794333,21,
2025-06-26,26250.0,26935.0,39584.578125,0.0,0,1102279.5,25115.815726027497,20013.53776128501,5102.277964742485,78.51736986299511,1023530.0,2250987.546978141,2289414.653443895,38427.106465753466,2.236783146018089,2.363605040311113,21,
2025-06-27,27435.0,27750.0,40150.7890625,0.0,0,1042321.494,57218.600465753414,45594.64178113561,11623.958684617806,0.0,0.0,2296582.1887592766,2296582.1887592766,0.0,inf,inf,21,
2025-06-30,28415.0,28220.0,40487.390625,0.0,0,0.0,0.0,0.0,0.0,0.0,0.0,2296582.1887592766,2296582.1887592766,0.0,inf,inf,21,
2025-07-01,28010.0,27510.0,39986.328125,0.0,0,0.0,0.0,0.0,0.0,0.0,0.0,2296582.1887592766,2296582.1887592766,0.0,inf,inf,21,
2025-07-02,26885.0,27230.0,39762.48046875,0.0,0,0.0,0.0,0.0,0.0,0.0,0.0,2296582.1887592766,2296582.1887592766,0.0,inf,inf,21,
2025-07-03,27310.0,27185.0,39785.8984375,0.0,0,0.0,0.0,0.0,0.0,0.0,0.0,2296582.1887592766,2296582.1887592766,0.0,inf,inf,21,
2025-07-04,27520.0,27285.0,39810.87890625,0.0,0,0.0,0.0,0.0,0.0,0.0,0.0,2296582.1887592766,2296582.1887592766,0.0,inf,inf,21,
2025-07-07,27200.0,26980.0,39587.6796875,0.0,0,0.0,0.0,0.0,0.0,0.0,0.0,2296582.1887592766,2296582.1887592766,0.0,inf,inf,21,
2025-07-08,26885.0,27180.0,39688.80859375,0.0,0,0.0,0.0,0.0,0.0,0.0,0.0,2296582.1887592766,2296582.1887592766,0.0,inf,inf,21,
2025-07-09,27495.0,27285.0,39821.28125,0.0,0,0.0,0.0,0.0,0.0,0.0,0.0,2296582.1887592766,2296582.1887592766,0.0,inf,inf,21,
2025-07-10,27290.0,27080.0,39646.359375,0.0,0,0.0,0.0,0.0,0.0,0.0,0.0,2296582.1887592766,2296582.1887592766,0.0,inf,inf,21,
2025-07-11,27385.0,26940.0,39569.6796875,0.0,0,0.0,0.0,0.0,0.0,0.0,0.0,2296582.1887592766,2296582.1887592766,0.0,inf,inf,21,
2025-07-14,26735.0,26815.0,39459.62109375,0.0,0,0.0,0.0,0.0,0.0,0.0,0.0,2296582.1887592766,2296582.1887592766,0.0,inf,inf,21,
2025-07-15,26910.0,27085.0,39678.01953125,0.0,0,0.0,0.0,0.0,0.0,0.0,0.0,2296582.1887592766,2296582.1887592766,0.0,inf,inf,21,
2025-07-16,27140.0,27080.0,39663.3984375,0.0,0,0.0,0.0,0.0,0.0,0.0,0.0,2296582.1887592766,2296582.1887592766,0.0,inf,inf,21,
2025-07-17,26795.0,27425.0,39901.19140625,0.0,0,0.0,0.0,0.0,0.0,0.0,0.0,2296582.1887592766,2296582.1887592766,0.0,inf,inf,21,
2025-07-18,27670.0,27300.0,39819.109375,0.0,0,0.0,0.0,0.0,0.0,0.0,0.0,2296582.1887592766,2296582.1887592766,0.0,inf,inf,21,
2025-07-22,27280.0,27200.0,39774.921875,0.0,0,0.0,0.0,0.0,0.0,0.0,0.0,2296582.1887592766,2296582.1887592766,0.0,inf,inf,21,
2025-07-23,28095.0,29230.0,41171.3203125,0.0,0,0.0,0.0,0.0,0.0,0.0,0.0,2296582.1887592766,2296582.1887592766,0.0,inf,inf,21,
2025-07-24,29900.0,30090.0,41826.33984375,0.0,0,0.0,0.0,0.0,0.0,0.0,0.0,2296582.1887592766,2296582.1887592766,0.0,inf,inf,21,
2025-07-25,29870.0,29510.0,41456.23046875,0.0,0,0.0,0.0,0.0,0.0,0.0,0.0,2296582.1887592766,2296582.1887592766,0.0,inf,inf,21,
2025-07-28,29580.0,28930.0,40998.26953125,0.0,0,0.0,0.0,0.0,0.0,0.0,0.0,2296582.1887592766,2296582.1887592766,0.0,inf,inf,21,
2025-07-29,28640.0,28425.0,40674.55078125,0.0,0,0.0,0.0,0.0,0.0,0.0,0.0,2296582.1887592766,2296582.1887592766,0.0,inf,inf,21,
2025-07-30,28550.0,28375.0,40654.69921875,0.0,0,0.0,0.0,0.0,0.0,0.0,0.0,2296582.1887592766,2296582.1887592766,0.0,inf,inf,21,
2025-07-31,28530.0,29015.0,41069.8203125,0.0,0,0.0,0.0,0.0,0.0,0.0,0.0,2296582.1887592766,2296582.1887592766,0.0,inf,inf,21,
2025-08-01,28410.0,28655.0,40799.6015625,0.0,0,0.0,0.0,0.0,0.0,0.0,0.0,2296582.1887592766,2296582.1887592766,0.0,inf,inf,21,
2025-08-04,27360.0,27920.0,40290.69921875,0.0,0,0.0,0.0,0.0,0.0,0.0,0.0,2296582.1887592766,2296582.1887592766,0.0,inf,inf,21,
2025-08-05,28220.0,28245.0,40549.5390625,0.0,0,0.0,0.0,0.0,0.0,0.0,0.0,2296582.1887592766,2296582.1887592766,0.0,inf,inf,21,
2025-08-06,28075.0,28605.0,40794.859375,0.0,0,0.0,0.0,0.0,0.0,0.0,0.0,2296582.1887592766,2296582.1887592766,0.0,inf,inf,21,
2025-08-07,28380.0,28920.0,41059.1484375,0.0,0,0.0,0.0,0.0,0.0,0.0,0.0,2296582.1887592766,2296582.1887592766,0.0,inf,inf,21,
2025-08-08,29160.0,30000.0,41820.48046875,0.0,0,0.0,0.0,0.0,0.0,0.0,0.0,2296582.1887592766,2296582.1887592766,0.0,inf,inf,21,
2025-08-12,30620.0,31340.0,42718.171875,0.0,0,0.0,0.0,0.0,0.0,0.0,0.0,2296582.1887592766,2296582.1887592766,0.0,inf,inf,21,
2025-08-13,32040.0,32180.0,43274.671875,0.0,0,0.0,0.0,0.0,0.0,0.0,0.0,2296582.1887592766,2296582.1887592766,0.0,inf,inf,21,
2025-08-14,31840.0,31200.0,42649.26171875,0.0,0,0.0,0.0,0.0,0.0,0.0,0.0,2296582.1887592766,2296582.1887592766,0.0,inf,inf,21,
2025-08-15,31500.0,32280.0,43378.30859375,0.0,0,0.0,0.0,0.0,0.0,0.0,0.0,2296582.1887592766,2296582.1887592766,0.0,inf,inf,21,
2025-08-18,32380.0,32730.0,43714.30859375,0.0,0,0.0,0.0,0.0,0.0,0.0,0.0,2296582.1887592766,2296582.1887592766,0.0,inf,inf,21,
2025-08-19,32940.0,32470.0,43546.2890625,0.0,0,0.0,0.0,0.0,0.0,0.0,0.0,2296582.1887592766,2296582.1887592766,0.0,inf,inf,21,
2025-08-20,32010.0,31510.0,42888.55078125,0.0,0,0.0,0.0,0.0,0.0,0.0,0.0,2296582.1887592766,2296582.1887592766,0.0,inf,inf,21,
2025-08-21,31400.0,31160.0,42610.171875,0.0,0,0.0,0.0,0.0,0.0,0.0,0.0,2296582.1887592766,2296582.1887592766,0.0,inf,inf,21,
2025-08-22,31200.0,31100.0,42633.2890625,0.0,0,0.0,0.0,0.0,0.0,0.0,0.0,2296582.1887592766,2296582.1887592766,0.0,inf,inf,21,
2025-08-25,31800.0,31400.0,42807.8203125,0.0,0,0.0,0.0,0.0,0.0,0.0,0.0,2296582.1887592766,2296582.1887592766,0.0,inf,inf,21,
2025-08-26,31180.0,30810.0,42394.3984375,0.0,0,0.0,0.0,0.0,0.0,0.0,0.0,2296582.1887592766,2296582.1887592766,0.0,inf,inf,21,
2025-08-27,30930.0,30970.0,42520.26953125,0.0,0,0.0,0.0,0.0,0.0,0.0,0.0,2296582.1887592766,2296582.1887592766,0.0,inf,inf,21,
2025-08-28,30730.0,31450.0,42828.7890625,0.0,0,0.0,0.0,0.0,0.0,0.0,0.0,2296582.1887592766,2296582.1887592766,0.0,inf,inf,21,
2025-08-29,31410.0,31300.0,42718.46875,0.0,0,0.0,0.0,0.0,0.0,0.0,0.0,2296582.1887592766,2296582.1887592766,0.0,inf,inf,21,
2025-09-01,30680.0,30490.0,42188.7890625,0.0,0,0.0,0.0,0.0,0.0,0.0,0.0,2296582.1887592766,2296582.1887592766,0.0,inf,inf,21,
2025-09-02,30690.0,30640.0,42310.48828125,0.0,0,0.0,0.0,0.0,0.0,0.0,0.0,2296582.1887592766,2296582.1887592766,0.0,inf,inf,21,
2025-09-03,30340.0,30090.0,41938.890625,0.0,0,0.0,0.0,0.0,0.0,0.0,0.0,2296582.1887592766,2296582.1887592766,0.0,inf,inf,21,
2025-09-04,30300.0,31040.0,42580.26953125,0.0,0,0.0,0.0,0.0,0.0,0.0,0.0,2296582.1887592766,2296582.1887592766,0.0,inf,inf,21,
2025-09-05,31690.0,31660.0,43018.75,0.0,0,0.0,0.0,0.0,0.0,0.0,0.0,2296582.1887592766,2296582.1887592766,0.0,inf,inf,21,
2025-09-08,32360.0,32620.0,43643.80859375,0.0,0,0.0,0.0,0.0,0.0,0.0,0.0,2296582.1887592766,2296582.1887592766,0.0,inf,inf,21,
2025-09-09,32970.0,32310.0,43459.2890625,0.0,0,0.0,0.0,0.0,0.0,0.0,0.0,2296582.1887592766,2296582.1887592766,0.0,inf,inf,21,
2025-09-10,32400.0,32860.0,43837.671875,0.0,0,0.0,0.0,0.0,0.0,0.0,0.0,2296582.1887592766,2296582.1887592766,0.0,inf,inf,21,
2025-09-11,33020.0,33680.0,44372.5,0.0,0,0.0,0.0,0.0,0.0,0.0,0.0,2296582.1887592766,2296582.1887592766,0.0,inf,inf,21,
2025-09-12,34380.0,34270.0,44768.12109375,0.0,0,0.0,0.0,0.0,0.0,0.0,0.0,2296582.1887592766,2296582.1887592766,0.0,inf,inf,21,
2025-09-16,34540.0,34460.0,44902.26953125,0.0,0,0.0,0.0,0.0,0.0,0.0,0.0,2296582.1887592766,2296582.1887592766,0.0,inf,inf,21,
2025-09-17,34300.0,34350.0,44790.37890625,0.0,0,0.0,0.0,0.0,0.0,0.0,0.0,2296582.1887592766,2296582.1887592766,0.0,inf,inf,21,
2025-09-18,34590.0,35150.0,45303.4296875,0.0,0,0.0,0.0,0.0,0.0,0.0,0.0,2296582.1887592766,2296582.1887592766,0.0,inf,inf,21,
2025-09-19,35970.0,34660.0,45045.80859375,0.0,0,0.0,0.0,0.0,0.0,0.0,0.0,2296582.1887592766,2296582.1887592766,0.0,inf,inf,21,
2025-09-22,35000.0,35410.0,45493.66015625,0.0,0,0.0,0.0,0.0,0.0,0.0,0.0,2296582.1887592766,2296582.1887592766,0.0,inf,inf,21,
2025-09-24,35310.0,35640.0,45630.30859375,0.0,0,0.0,0.0,0.0,0.0,0.0,0.0,2296582.1887592766,2296582.1887592766,0.0,inf,inf,21,
2025-09-25,35570.0,35790.0,45754.9296875,0.0,0,0.0,0.0,0.0,0.0,0.0,0.0,2296582.1887592766,2296582.1887592766,0.0,inf,inf,21,
2025-09-26,35580.0,35210.0,45354.98828125,0.0,0,0.0,0.0,0.0,0.0,0.0,0.0,2296582.1887592766,2296582.1887592766,0.0,inf,inf,21,
2025-09-29,35340.0,35080.0,45043.75,0.0,0,0.0,0.0,0.0,0.0,0.0,0.0,2296582.1887592766,2296582.1887592766,0.0,inf,inf,21,
2025-09-30,35170.0,34970.0,44932.62890625,0.0,0,0.0,0.0,0.0,0.0,0.0,0.0,2296582.1887592766,2296582.1887592766,0.0,inf,inf,21,
2025-10-01,34760.0,34410.0,44550.8515625,0.0,0,0.0,0.0,0.0,0.0,0.0,0.0,2296582.1887592766,2296582.1887592766,0.0,inf,inf,21,
2025-10-02,34910.0,35000.0,44936.73046875,0.0,0,0.0,0.0,0.0,0.0,0.0,0.0,2296582.1887592766,2296582.1887592766,0.0,inf,inf,21,
2025-10-03,35210.0,36260.0,45769.5,0.0,0,0.0,0.0,0.0,0.0,0.0,0.0,2296582.1887592766,2296582.1887592766,0.0,inf,inf,21,
2025-10-06,39060.0,39780.0,47944.76171875,0.0,0,0.0,0.0,0.0,0.0,0.0,0.0,2296582.1887592766,2296582.1887592766,0.0,inf,inf,21,
2025-10-07,40430.0,39710.0,47950.87890625,0.0,0,0.0,0.0,0.0,0.0,0.0,0.0,2296582.1887592766,2296582.1887592766,0.0,inf,inf,21,
2025-10-08,39640.0,39400.0,47734.98828125,0.0,0,0.0,0.0,0.0,0.0,0.0,0.0,2296582.1887592766,2296582.1887592766,0.0,inf,inf,21,
2025-10-09,40070.0,40760.0,48580.44140625,0.0,0,0.0,0.0,0.0,0.0,0.0,0.0,2296582.1887592766,2296582.1887592766,0.0,inf,inf,21,
2025-10-10,40770.0,39900.0,48088.80078125,0.0,0,0.0,0.0,0.0,0.0,0.0,0.0,2296582.1887592766,2296582.1887592766,0.0,inf,inf,21,
2025-10-14,39200.0,37820.0,46847.3203125,0.0,0,0.0,0.0,0.0,0.0,0.0,0.0,2296582.1887592766,2296582.1887592766,0.0,inf,inf,21,
2025-10-15,38120.0,39200.0,47672.671875,0.0,0,0.0,0.0,0.0,0.0,0.0,0.0,2296582.1887592766,2296582.1887592766,0.0,inf,inf,21,
2025-10-16,39900.0,40150.0,48277.73828125,0.0,0,0.0,0.0,0.0,0.0,0.0,0.0,2296582.1887592766,2296582.1887592766,0.0,inf,inf,21,
2025-10-17,39330.0,38930.0,47582.1484375,0.0,0,0.0,0.0,0.0,0.0,0.0,0.0,2296582.1887592766,2296582.1887592766,0.0,inf,inf,21,
2025-10-20,40330.0,41600.0,49185.5,0.0,0,0.0,0.0,0.0,0.0,0.0,0.0,2296582.1887592766,2296582.1887592766,0.0,inf,inf,21,
2025-10-21,42480.0,41770.0,49316.05859375,0.0,0,0.0,0.0,0.0,0.0,0.0,0.0,2296582.1887592766,2296582.1887592766,0.0,inf,inf,21,
2025-10-22,41680.0,41820.0,49307.7890625,0.0,0,0.0,0.0,0.0,0.0,0.0,0.0,2296582.1887592766,2296582.1887592766,0.0,inf,inf,21,
2025-10-23,40500.0,40700.0,48641.609375,0.0,0,0.0,0.0,0.0,0.0,0.0,0.0,2296582.1887592766,2296582.1887592766,0.0,inf,inf,21,
2025-10-27,43120.0,43890.0,50512.3203125,0.0,0,0.0,0.0,0.0,0.0,0.0,0.0,2296582.1887592766,2296582.1887592766,0.0,inf,inf,21,
2025-10-28,43560.0,43330.0,50219.1796875,0.0,0,0.0,0.0,0.0,0.0,0.0,0.0,2296582.1887592766,2296582.1887592766,0.0,inf,inf,21,
2025-10-29,44170.0,45350.0,51307.6484375,0.0,0,0.0,0.0,0.0,0.0,0.0,0.0,2296582.1887592766,2296582.1887592766,0.0,inf,inf,21,
2025-10-30,44920.0,45200.0,51325.609375,0.0,0,0.0,0.0,0.0,0.0,0.0,0.0,2296582.1887592766,2296582.1887592766,0.0,inf,inf,21,
2025-10-31,45900.0,47210.0,52411.33984375,0.0,0,0.0,0.0,0.0,0.0,0.0,0.0,2296582.1887592766,2296582.1887592766,0.0,inf,inf,21,
2025-11-04,47160.0,45730.0,51497.19921875,0.0,0,0.0,0.0,0.0,0.0,0.0,0.0,2296582.1887592766,2296582.1887592766,0.0,inf,inf,21,
2025-11-05,43940.0,43340.0,50212.26953125,0.0,0,0.0,0.0,0.0,0.0,0.0,0.0,2296582.1887592766,2296582.1887592766,0.0,inf,inf,21,
2025-11-06,45000.0,44240.0,50883.6796875,0.0,0,0.0,0.0,0.0,0.0,0.0,0.0,2296582.1887592766,2296582.1887592766,0.0,inf,inf,21,
2025-11-07,43090.0,43400.0,50276.37109375,0.0,0,0.0,0.0,0.0,0.0,0.0,0.0,2296582.1887592766,2296582.1887592766,0.0,inf,inf,21,
2025-11-10,44100.0,44460.0,50911.76171875,0.0,0,0.0,0.0,0.0,0.0,0.0,0.0,2296582.1887592766,2296582.1887592766,0.0,inf,inf,21,
2025-11-11,45160.0,44300.0,50842.9296875,0.0,0,0.0,0.0,0.0,0.0,0.0,0.0,2296582.1887592766,2296582.1887592766,0.0,inf,inf,21,
2025-11-12,44280.0,44680.0,51063.30859375,0.0,0,0.0,0.0,0.0,0.0,0.0,0.0,2296582.1887592766,2296582.1887592766,0.0,inf,inf,21,
2025-11-13,44510.0,45040.0,51281.828125,0.0,0,0.0,0.0,0.0,0.0,0.0,0.0,2296582.1887592766,2296582.1887592766,0.0,inf,inf,21,
2025-11-14,43210.0,43440.0,50376.53125,0.0,0,0.0,0.0,0.0,0.0,0.0,0.0,2296582.1887592766,2296582.1887592766,0.0,inf,inf,21,
2025-11-17,43110.0,43460.0,50323.91015625,0.0,0,0.0,0.0,0.0,0.0,0.0,0.0,2296582.1887592766,2296582.1887592766,0.0,inf,inf,21,
2025-11-18,42640.0,40760.0,48702.98046875,0.0,0,0.0,0.0,0.0,0.0,0.0,0.0,2296582.1887592766,2296582.1887592766,0.0,inf,inf,21,
2025-11-19,40780.0,40390.0,48537.69921875,40788.156,1,0.0,0.0,0.0,0.0,3.098410958889872,40390.0,2296582.1887592766,2296180.934348318,-401.25441095890676,56.85023358129036,58.64731985484884,21,
2025-11-20,43280.0,42390.0,49823.94140625,43288.656,1,0.0,0.0,0.0,0.0,6.503671232843772,84780.0,2296582.1887592766,2297275.7746770848,693.5859178082138,27.09690699076533,27.952979306379795,21,
2025-11-21,40160.0,40520.0,48625.87890625,0.0,0,0.0,0.0,0.0,0.0,6.216767123318277,81040.0,2296582.1887592766,2293529.557909962,-3052.630849315074,28.301203824160435,29.196707207066044,21,
2025-11-25,41430.0,40410.0,48659.51953125,41438.286,1,0.0,0.0,0.0,0.0,9.299835616489872,121230.0,2296582.1887592766,2292271.972074345,-4310.216684931513,18.908454772534398,19.507005414413914,21,
2025-11-26,41000.0,41900.0,49559.0703125,0.0,0,0.0,0.0,0.0,0.0,9.642739726114087,125700.0,2296582.1887592766,2296732.329334619,150.14057534246024,18.271538021755124,18.848726976212788,21,
2025-11-27,42600.0,42940.0,50167.1015625,0.0,0,0.0,0.0,0.0,0.0,9.882082191703375,128820.0,2296582.1887592766,2299842.447252427,3260.25849315068,17.853147393668895,18.416280210724757,21,
2025-11-28,43030.0,43060.0,50253.91015625,0.0,0,86042.788,3787.6709315068474,3018.205581771231,769.465349735616,3.303232876700349,43060.0,2299600.394341048,2299352.466669815,-247.9276712328794,53.39880322038586,54.99545429629744,21,
2025-12-01,43170.0,41510.0,49303.28125,0.0,0,0.0,0.0,0.0,0.0,3.1843287671217695,41510.0,2299600.394341048,2297799.2823410477,-1801.1120000000026,55.35531877477831,57.01151272804223,21,
2025-12-02,41860.0,41400.0,49303.44921875,0.0,0,0.0,0.0,0.0,0.0,3.175890410959255,41400.0,2299600.394341048,2297686.106450637,-1914.2878904109616,55.49966440702021,57.16018216329014,21,
2025-12-03,41940.0,42400.0,49864.6796875,0.0,0,0.0,0.0,0.0,0.0,3.252602739725262,42400.0,2299600.394341048,2298682.853847897,-917.5404931506876,54.21421825112965,55.83549614044178,21,
2025-12-04,42480.0,44350.0,51028.421875,0.0,0,0.0,0.0,0.0,0.0,3.402191780798603,44350.0,2299600.394341048,2300629.451656116,1029.0573150684904,51.87439575323825,53.424311882100795,21,
2025-12-05,43500.0,43420.0,50491.87109375,0.0,0,0.0,0.0,0.0,0.0,3.3308493150398135,43420.0,2299600.394341048,2299696.120806801,95.72646575342199,52.963982515126695,54.54701912189176,21,
2025-12-08,43810.0,43590.0,50581.94140625,0.0,0,0.0,0.0,0.0,0.0,3.3438904109643772,43590.0,2299600.394341048,2299862.7769163903,262.3825753424631,52.761247463096815,54.33803355108324,21,
2025-12-09,43640.0,43690.0,50655.1015625,0.0,0,0.0,0.0,0.0,0.0,3.3515616438235156,43690.0,2299600.394341048,2299959.4253547466,359.0310136986275,52.642696849502094,54.2157971931433,21,
2025-12-10,44050.0,43570.0,50602.80078125,0.0,0,0.0,0.0,0.0,0.0,3.342356164357625,43570.0,2299600.394341048,2299836.082998582,235.6886575342439,52.78485386730737,54.362210113750336,21,
2025-12-11,43940.0,42840.0,50148.8203125,0.0,0,0.0,0.0,0.0,0.0,3.28635616437532,42840.0,2299600.394341048,2299102.7966424176,-497.5976986301397,53.66719880117688,55.27135672137658,21,
2025-12-12,43540.0,44030.0,50836.55078125,0.0,0,0.0,0.0,0.0,0.0,3.3776438356144354,44030.0,2299600.394341048,2300289.4189985823,689.0246575342439,52.24368428341091,53.804409871817,21,
2025-12-15,42700.0,42920.0,50168.109375,0.0,0,0.0,0.0,0.0,0.0,3.292493150685914,42920.0,2299600.394341048,2299176.1265054313,-424.26783561644106,53.5688752680669,55.16988773694781,21,
2025-12-16,42540.0,41620.0,49383.2890625,0.0,0,0.0,0.0,0.0,0.0,3.192767123284284,41620.0,2299600.394341048,2297872.933738308,-1727.4606027397288,55.21078649058885,56.86172984467934,21,
2025-12-17,41720.0,41810.0,49512.28125,0.0,0,0.0,0.0,0.0,0.0,3.2073424657573923,41810.0,2299600.394341048,2298059.726395842,-1540.667945205482,54.96435604869271,56.60772019733611,21,
2025-12-18,40290.0,40960.0,49001.5,0.0,0,0.0,0.0,0.0,0.0,3.142136986309197,40960.0,2299600.394341048,2297206.5842588563,-2393.8100821917833,56.084145123507234,57.76153557560182,21,
2025-12-19,41470.0,41720.0,49507.2109375,0.0,0,0.0,0.0,0.0,0.0,3.2004383561434224,41720.0,2299600.394341048,2297963.3838204998,-1637.0105205479479,55.08061802062559,56.727375270851795,21,
2025-12-22,43120.0,43130.0,50402.390625,0.0,0,0.0,0.0,0.0,0.0,3.308602739707567,43130.0,2299600.394341048,2299370.07521776,-230.3191232876739,53.31254521719824,54.905390194631536,21,
2025-12-23,43220.0,43130.0,50412.87109375,0.0,0,0.0,0.0,0.0,0.0,3.308602739707567,43130.0,2299600.394341048,2299366.7666150206,-233.62772602739994,53.31246850486948,54.905236769974,21,
2025-12-24,43360.0,43100.0,50344.1015625,0.0,0,0.0,0.0,0.0,0.0,3.306301369855646,43100.0,2299600.394341048,2299333.460313651,-266.934027397263,53.348804183611385,54.9426043917921,22,
2025-12-25,43250.0,43120.0,50407.7890625,0.0,0,0.0,0.0,0.0,0.0,3.3078356164623983,43120.0,2299600.394341048,2299350.152478034,-250.2418630137013,53.324446949861645,54.91743120628492,22,
2025-12-26,43320.0,43690.0,50750.390625,0.0,0,0.0,0.0,0.0,0.0,3.3515616438235156,43690.0,2299600.394341048,2299916.8009163905,316.40657534246304,52.641721238644784,54.213845971428675,22,
2025-12-29,43750.0,43330.0,50526.921875,0.0,0,0.0,0.0,0.0,0.0,3.3239452054840513,43330.0,2299600.394341048,2299553.476971185,-46.917369863016376,53.07070106095511,54.65581081470823,22,
2025-12-30,43030.0,43100.0,50339.48046875,0.0,0,0.0,0.0,0.0,0.0,3.306301369855646,43100.0,2299600.394341048,2299320.170669815,-280.2236712328794,53.34849583920685,54.941987702983006,22,
2026-01-05,45000.0,45740.0,51832.80078125,0.0,0,0.0,0.0,0.0,0.0,3.5088219178142026,45740.0,2299600.394341048,2301956.6618478973,2356.267506849312,50.32699304433532,51.82843577513625,22,
2026-01-06,46260.0,46850.0,52518.078125,0.0,0,46250.748,2867.015506849312,2284.581306632874,582.4342002164377,0.0,0.0,2301884.975647681,2301884.975647681,0.0,inf,inf,22,
2026-01-07,46250.0,45810.0,51961.98046875,0.0,0,0.0,0.0,0.0,0.0,0.0,0.0,2301884.975647681,2301884.975647681,0.0,inf,inf,22,
2026-01-08,45510.0,44350.0,51117.26171875,0.0,0,0.0,0.0,0.0,0.0,0.0,0.0,2301884.975647681,2301884.975647681,0.0,inf,inf,22,
2026-01-09,44900.0,45710.0,51939.890625,0.0,0,0.0,0.0,0.0,0.0,0.0,0.0,2301884.975647681,2301884.975647681,0.0,inf,inf,22,
2026-01-13,49060.0,48610.0,53549.16015625,0.0,0,0.0,0.0,0.0,0.0,0.0,0.0,2301884.975647681,2301884.975647681,0.0,inf,inf,22,
2026-01-14,49280.0,50110.0,54341.23046875,0.0,0,0.0,0.0,0.0,0.0,0.0,0.0,2301884.975647681,2301884.975647681,0.0,inf,inf,22,
2026-01-15,49360.0,49650.0,54110.5,0.0,0,0.0,0.0,0.0,0.0,0.0,0.0,2301884.975647681,2301884.975647681,0.0,inf,inf,22,
2026-01-16,49590.0,49360.0,53936.171875,0.0,0,0.0,0.0,0.0,0.0,0.0,0.0,2301884.975647681,2301884.975647681,0.0,inf,inf,22,
2026-01-19,48120.0,48670.0,53583.5703125,0.0,0,0.0,0.0,0.0,0.0,0.0,0.0,2301884.975647681,2301884.975647681,0.0,inf,inf,22,
2026-01-20,48380.0,47600.0,52991.1015625,0.0,0,0.0,0.0,0.0,0.0,0.0,0.0,2301884.975647681,2301884.975647681,0.0,inf,inf,22,
2026-01-21,46200.0,47080.0,52774.640625,0.0,0,0.0,0.0,0.0,0.0,0.0,0.0,2301884.975647681,2301884.975647681,0.0,inf,inf,22,
2026-01-22,48460.0,48740.0,53688.890625,0.0,0,0.0,0.0,0.0,0.0,0.0,0.0,2301884.975647681,2301884.975647681,0.0,inf,inf,22,
2026-01-23,49250.0,49070.0,53846.87109375,0.0,0,0.0,0.0,0.0,0.0,0.0,0.0,2301884.975647681,2301884.975647681,0.0,inf,inf,22,
2026-01-26,47670.0,47370.0,52885.25,0.0,0,0.0,0.0,0.0,0.0,0.0,0.0,2301884.975647681,2301884.975647681,0.0,inf,inf,22,
2026-01-27,47350.0,48050.0,53333.5390625,899829.93,19,0.0,0.0,0.0,0.0,70.03452054795343,912950.0,2301884.975647681,2314935.011127133,13050.035479452004,2.535664615945159,2.607671780060869,23,
2026-01-28,47450.0,48110.0,53358.7109375,284756.94,6,0.0,0.0,0.0,0.0,92.26575342466822,1202750.0,2301884.975647681,2319885.8053737083,18000.829726027343,1.9288179633121665,1.9833984453125928,23,
2026-01-29,48810.0,48150.0,53375.6015625,97639.524,2,0.0,0.0,0.0,0.0,99.72986301372293,1300050.0,2301884.975647681,2319446.5515106944,17561.57586301364,1.78412103496842,1.8345398226019713,23,
2026-01-30,47990.0,48070.0,53322.8515625,95999.196,2,0.0,0.0,0.0,0.0,106.93928767123725,1394030.0,2301884.975647681,2317320.4162230236,15435.44057534241,1.6623174653508344,1.7092605050094698,23,
2026-02-02,48550.0,46990.0,52655.1796875,97119.42,2,0.0,0.0,0.0,0.0,111.74608219170477,1456690.0,2301884.975647681,2282749.2501408313,-19135.72550684937,1.5670796464181338,1.6119267034399685,23,
2026-02-03,49090.0,50650.0,54720.66015625,0.0,0,0.0,0.0,0.0,0.0,120.4498630137532,1570150.0,2301884.975647681,2396088.800277818,94203.82463013694,1.5260254117618177,1.5675550806661405,22,
2026-02-04,49450.0,49830.0,54293.359375,0.0,0,1334882.97,53740.46191780818,42823.08707920545,10917.374838602731,15.290301369852386,199320.0,2344708.0627268865,2349209.1051378455,4501.042410958901,11.786118328004443,11.8435739642223,22,
2026-02-05,49750.0,49010.0,53818.0390625,0.0,0,0.0,0.0,0.0,0.0,15.038684931467287,196040.0,2344708.0627268865,2345914.066452914,1206.0037260273941,11.966507174316027,12.024847404503808,22,
2026-02-06,47690.0,49680.0,54253.6796875,0.0,0,0.0,0.0,0.0,0.0,15.24427397258114,198720.0,2344708.0627268865,2348578.822178941,3870.759452054791,11.818532720304656,11.876009443593906,22,
2026-02-09,54740.0,53410.0,56363.94140625,0.0,0,0.0,0.0,0.0,0.0,16.38882191781886,213640.0,2344708.0627268865,2363482.4333570236,18774.370630136982,11.062920957484664,11.116306960246888,22,
2026-02-10,54880.0,55930.0,57650.5390625,109781.952,2,219476.096,24610.466630136973,19610.850334224648,4999.616295912326,8.581041095894761,111860.0,2364318.9130611112,2366388.3800200154,2069.466958904105,21.15491131789751,21.036784534050636,23,
2026-02-12,56380.0,56050.0,57639.83984375,169173.82799999998,3,0.0,0.0,0.0,0.0,21.49863013694994,280250.0,2364318.9130611112,2365583.0533898785,1264.140328767139,8.440974320748897,8.393748056087885,23,
2026-02-13,55050.0,54720.0,56941.96875,110122.02,2,0.0,0.0,0.0,0.0,29.383890410943422,383040.0,2364318.9130611112,2358221.6494994676,-6097.263561643824,6.156593696479395,6.121964037536049,23,
2026-02-16,55570.0,54410.0,56806.41015625,111162.228,2,0.0,0.0,0.0,0.0,37.565260273986496,489690.0,2364318.9130611112,2353671.8562391936,-10647.056821917799,4.806452768566222,4.779288420056078,23,
2026-02-17,54420.0,53780.0,56566.48828125,108861.768,2,0.0,0.0,0.0,0.0,45.38147945207311,591580.0,2364318.9130611112,2346654.7067597415,-17664.20630136985,3.966758015415906,3.9441955702666696,23,
2026-02-18,54320.0,54980.0,57143.83984375,0.0,0,0.0,0.0,0.0,0.0,46.394082191749476,604780.0,2364318.9130611112,2359808.3126775497,-4510.600383561632,3.9019284908190577,3.87978178394453,5,
2026-02-19,55580.0,55580.0,57467.828125,0.0,0,0.0,0.0,0.0,0.0,46.90038356167497,611380.0,2364318.9130611112,2366361.412293988,2042.4992328767248,3.870524734688717,3.848540394724802,5,
2026-02-20,54810.0,54370.0,56825.69921875,0.0,0,0.0,0.0,0.0,0.0,45.879342465719674,598070.0,2364318.9130611112,2353005.532951522,-11313.38010958903,3.9343313206673503,3.91178100864768,5,
2026-02-24,54020.0,55210.0,57321.08984375,0.0,0,0.0,0.0,0.0,0.0,46.588164383603726,607310.0,2364318.9130611112,2362198.9447871386,-2119.9682739725904,3.8896098282378664,3.8673258986566186,5,
2026-02-25,56210.0,57780.0,58583.12109375,0.0,0,0.0,0.0,0.0,0.0,48.756821917777415,635580.0,2364318.9130611112,2390420.187965221,26101.2749041096,3.7610059913232337,3.739636517620622,5,
2026-02-26,58780.0,58110.0,58753.390625,0.0,0,117536.488,8623.82904109589,6871.898171397261,1751.9308696986302,40.11978082184214,522990.0,2371190.8112325086,2393574.6253147004,22383.81408219179,4.576712031424502,4.5341759238166635,23,
2026-02-27,57380.0,58200.0,58850.26953125,57391.475999999995,1,114737.04800000001,4861.365808219183,3873.7793442794564,987.5864639397271,35.71726027393015,465600.0,2375064.590576788,2392506.8935904866,17442.303013698653,5.138545733656543,5.080248822173904,23,
2026-03-02,55980.0,56580.0,58057.23828125,111982.39199999999,2,111937.60800000001,1730.1089863013733,1378.6373457342493,351.471640567124,34.72306849312736,452640.0,2376443.227922522,2379115.914881426,2672.6869589041394,5.256088535881553,5.1922234907217995,23,
2026-03-03,56000.0,53190.0,56279.05078125,224044.8,4,0.0,0.0,0.0,0.0,48.96394520555623,638280.0,2376443.227922522,2340662.150936221,-35781.07698630133,3.6671400497214712,3.621773066600714,23,
2026-03-04,50550.0,49290.0,54245.5390625,657281.43,13,0.0,0.0,0.0,0.0,94.52876712317811,1232250.0,2376443.227922522,2277256.1921690973,-99187.03575342466,1.8480472243206307,1.8244713535529782,23,
2026-03-05,52930.0,51160.0,55278.05859375,635287.0319999999,12,0.0,0.0,0.0,0.0,145.2103013698943,1892920.0,2376443.227922522,2302493.9498677277,-73949.27805479443,1.2163715053291886,1.200947410779599,1,
2026-03-06,50160.0,51840.0,55620.83984375,652210.416,13,0.0,0.0,0.0,0.0,198.83835616440047,2592000.0,2376443.227922522,2349164.695511563,-27278.532410958785,0.9063135399350166,0.8949727160881904,1,
2026-03-09,45640.0,46460.0,52728.71875,639087.7919999999,14,0.0,0.0,0.0,0.0,228.09950684930664,2973440.0,2376443.227922522,2091288.804004714,-285154.423917808,0.7033230211488087,0.6933603130000575,1,
2026-03-10,49190.0,49010.0,54248.390625,639597.894,13,0.0,0.0,0.0,0.0,289.4946849315311,3773770.0,2376443.227922522,2251731.4153197827,-124711.81260273948,0.5966795579274261,0.5887529991804026,1,
2026-03-11,50410.0,50260.0,55025.37109375,605040.984,12,705598.852,66408.52783561649,52917.635405811,13490.89242980549,289.16712328762515,3769500.0,2429360.863328333,2334239.223766689,-95121.63956164374,0.6192437256311684,0.5936141449011885,1,
2026-03-12,49260.0,49460.0,54452.9609375,640508.076,13,0.0,0.0,0.0,0.0,333.88887671235716,4352480.0,2429360.863328333,2276377.258889977,-152983.60443835607,0.5230069429130006,0.5007335278856205,1,
2026-03-13,47450.0,48140.0,53819.609375,616973.37,13,0.0,0.0,0.0,0.0,372.9860821918119,4862140.0,2429360.863328333,2168690.902807785,-260669.96052054787,0.44603629323873545,0.42602091327835534,1,margin_warning
2026-03-16,48010.0,48040.0,53751.1484375,624254.826,13,0.0,0.0,0.0,0.0,420.11967123294016,5476560.0,2429360.863328333,2158435.9571365523,-270924.90619178076,0.39412258007518447,0.3762760305638497,1,margin_warning
2026-03-17,48870.0,48030.0,53700.390625,635437.0619999999,13,0.0,0.0,0.0,0.0,467.9306301366887,6099810.0,2429360.863328333,2145780.9645064157,-283579.89882191754,0.3517783282604566,0.33567854321437596,1,margin_warning
2026-03-18,49200.0,50850.0,55239.3984375,639727.9199999999,13,0.0,0.0,0.0,0.0,546.1150684929453,7119000.0,2429360.863328333,2524696.9294379223,95336.0661095893,0.3546420746506423,0.340770499304326,1,margin_warning
2026-03-19,48180.0,47260.0,53372.53125,626465.2679999999,13,1252429.4640000002,10860.224931507006,8653.970236671357,2206.254694835648,460.42893150716554,6002020.0,2438014.8335650046,2031014.4418115802,-407000.39175342437,0.33838848284603856,0.3200492572597459,1,margin_warning
2026-03-23,43760.0,43980.0,51515.48828125,612762.528,14,0.0,0.0,0.0,0.0,475.7069589041639,6201180.0,2438014.8335650046,1616936.2068526759,-821078.6267123286,0.260746536441883,0.24291958968137226,1,margin_call;forced_liquidation
2026-03-24,45970.0,45270.0,52252.28125,0.0,0,6480473.646000001,-541784.9807123283,-548009.8060457722,6224.825333443846,0.0,0.0,1890005.027519233,1890005.027519233,0.0,inf,inf,1,
2026-03-25,47450.0,47830.0,53749.62109375,616973.37,13,0.0,0.0,0.0,0.0,47.69895890413318,621790.0,1890005.027519233,1894773.958560329,4768.931041095895,3.047289211084657,3.7407535254690623,1,
2026-03-26,48110.0,47400.0,53603.6484375,625555.0859999999,13,0.0,0.0,0.0,0.0,94.54027397255413,1232400.0,1890005.027519233,1879734.3322863565,-10270.6952328766,1.5252631712807176,1.875064076641888,1,
2026-03-27,46700.0,47200.0,53373.0703125,653930.76,14,0.0,0.0,0.0,0.0,144.83287671237485,1888000.0,1890005.027519233,1881258.7394096442,-8746.288109588939,0.9964294170601928,1.224686727913156,1,
2026-03-30,43000.0,45000.0,51885.8515625,645129.0,15,0.0,0.0,0.0,0.0,189.86301369860303,2475000.0,1890005.027519233,1822939.8763959454,-67065.15112328756,0.736541364200382,0.9105857843525822,1,
2026-03-31,43400.0,43890.0,51063.71875,651130.2,15,650869.8,5689.019178082239,4533.294932054832,1155.7242460274067,185.17972602741793,2413950.0,1894538.3224512879,1760288.5724238907,-134249.7500273971,0.7292150095999879,0.9052276614662595,1,
2026-04-01,46750.0,48330.0,53739.6796875,607871.5499999999,13,0.0,0.0,0.0,0.0,252.11046575335786,3286440.0,1894538.3224512879,2024654.9119581375,130116.58950684953,0.6160632514082526,0.7452710356692865,1,
2026-04-02,49030.0,46000.0,52463.26953125,637517.478,13,735302.91,84066.59383561651,66988.46529791103,17078.128537705496,232.8986301368568,3036000.0,1961526.7877491987,1854689.3167902948,-106837.47095890394,0.6108989844500312,0.7229985029088848,1,
2026-04-03,47340.0,47100.0,53123.48828125,284096.808,6,0.0,0.0,0.0,0.0,260.14684931514785,3391200.0,1961526.7877491987,1925532.3619409797,-35994.42580821903,0.567802654500171,0.6680839682509859,7,
2026-04-06,47220.0,47670.0,53413.6796875,283376.664,6,0.0,0.0,0.0,0.0,285.2363835617434,3718260.0,1961526.7877491987,1968930.461557418,7403.673808219339,0.5295300655568513,0.6209138727161686,7,
2026-04-07,48060.0,47750.0,53429.55859375,288417.672,6,0.0,0.0,0.0,0.0,307.6931506849942,4011000.0,1961526.7877491987,1972945.0964067332,11418.308657534386,0.49188359421758493,0.5765211064732613,7,
2026-04-08,52180.0,52900.0,56308.421875,260952.18,5,0.0,0.0,0.0,0.0,361.16931506840046,4708100.0,1961526.7877491987,2408731.7470916645,447204.95934246585,0.5116143979719344,0.5836434314126958,7,
2026-04-09,52870.0,52140.0,55895.3203125,0.0,0,4440191.783999999,440269.2137534245,350828.52297941636,89440.6907740082,19.998904109583236,260700.0,2312355.3107286156,2312062.8414135473,-292.46931506848614,8.868672195679123,8.480604223622793,7,
2026-04-10,53070.0,53800.0,56924.109375,0.0,0,0.0,0.0,0.0,0.0,20.635616438346915,269000.0,2312355.3107286156,2320342.205797109,7986.895068493158,8.625807456494828,8.249636616600688,1,
2026-04-13,52800.0,53100.0,56502.76953125,0.0,0,0.0,0.0,0.0,0.0,20.367123287694994,265500.0,2312355.3107286156,2316821.838673821,4466.5279452054865,8.72625927937409,8.34505278952546,1,
2026-04-14,54760.0,55560.0,57877.390625,0.0,0,0.0,0.0,0.0,0.0,21.3106849315227,277800.0,2312355.3107286156,2329100.5279888897,16745.21726027398,8.384091173466127,8.019686444381376,1,
2026-04-15,57000.0,56180.0,58134.23828125,0.0,0,284943.0,23888.21726027398,19035.325923849323,4852.891336424659,0.0,0.0,2331390.636652465,2331390.636652465,0.0,inf,inf,1,
2026-04-16,56940.0,59020.0,59518.33984375,0.0,0,0.0,0.0,0.0,0.0,0.0,0.0,2331390.636652465,2331390.636652465,0.0,inf,inf,1,
2026-04-17,58390.0,57070.0,58475.8984375,0.0,0,0.0,0.0,0.0,0.0,0.0,0.0,2331390.636652465,2331390.636652465,0.0,inf,inf,1,
2026-04-20,57570.0,57370.0,58824.890625,0.0,0,0.0,0.0,0.0,0.0,0.0,0.0,2331390.636652465,2331390.636652465,0.0,inf,inf,1,
2026-04-21,57830.0,58390.0,59349.171875,0.0,0,0.0,0.0,0.0,0.0,0.0,0.0,2331390.636652465,2331390.636652465,0.0,inf,inf,1,
2026-04-22,57860.0,58850.0,59585.859375,0.0,0,0.0,0.0,0.0,0.0,0.0,0.0,2331390.636652465,2331390.636652465,0.0,inf,inf,1,
2026-04-23,59540.0,57970.0,59140.23046875,0.0,0,0.0,0.0,0.0,0.0,0.0,0.0,2331390.636652465,2331390.636652465,0.0,inf,inf,1,
2026-04-24,58500.0,59020.0,59716.1796875,468093.6,8,0.0,0.0,0.0,0.0,36.22049315070035,472160.0,2331390.636652465,2335420.8161593145,4030.1795068493384,4.946248763468558,4.68117744973345,1,
2026-04-27,59790.0,60810.0,60537.359375,0.0,0,0.0,0.0,0.0,0.0,37.319013698608615,486480.0,2331390.636652465,2349703.4971456155,18312.860493150707,4.830010477605689,4.5726650769584545,1,
2026-04-28,60380.0,59440.0,59917.4609375,0.0,0,482943.392,14776.252493150701,11774.456799167136,3001.795693983565,0.0,0.0,2343165.093451632,2343165.093451632,0.0,inf,inf,1,
2026-04-30,57960.0,58070.0,59284.921875,0.0,0,0.0,0.0,0.0,0.0,0.0,0.0,2343165.093451632,2343165.093451632,0.0,inf,inf,1,
2026-05-01,58940.0,58570.0,59513.12109375,530566.092,9,0.0,0.0,0.0,0.0,40.43736986303702,527130.0,2343165.093451632,2339688.5640817694,-3476.52936986296,4.438541847517253,4.17293359078764,1,
2026-05-07,63400.0,65520.0,62833.83984375,0.0,0,0.0,0.0,0.0,0.0,45.23572602740023,589680.0,2343165.093451632,2402193.3283557417,59028.234904109646,4.073723593060205,3.836212882003517,1,
2026-05-08,64560.0,64800.0,62713.6484375,0.0,0,580923.792,50272.02690410966,40059.26463853978,10212.762265569878,0.0,0.0,2383224.358090172,2383224.358090172,0.0,inf,inf,1,
2026-05-11,66270.0,64310.0,62417.87890625,0.0,0,0.0,0.0,0.0,0.0,0.0,0.0,2383224.358090172,2383224.358090172,0.0,inf,inf,1,
2026-05-12,65150.0,64830.0,62742.5703125,0.0,0,0.0,0.0,0.0,0.0,0.0,0.0,2383224.358090172,2383224.358090172,0.0,inf,inf,1,
2026-05-13,63950.0,66000.0,63272.109375,0.0,0,0.0,0.0,0.0,0.0,0.0,0.0,2383224.358090172,2383224.358090172,0.0,inf,inf,1,
2026-05-14,66780.0,64770.0,62654.05078125,0.0,0,0.0,0.0,0.0,0.0,0.0,0.0,2383224.358090172,2383224.358090172,0.0,inf,inf,1,
2026-05-15,65350.0,62240.0,61409.2890625,457541.49,7,0.0,0.0,0.0,0.0,33.422027397260536,435680.0,2383224.358090172,2361329.446062775,-21894.91202739725,5.419871111969278,4.9829431716749895,1,
2026-05-18,62680.0,60970.0,60815.94921875,626925.36,10,0.0,0.0,0.0,0.0,79.51156164385611,1036490.0,2383224.358090172,2335134.574501131,-48089.78358904108,2.2529253292372635,2.0691895704850722,1,
2026-05-19,61890.0,60530.0,60550.58984375,619023.78,10,0.0,0.0,0.0,0.0,125.37172602745704,1634310.0,2383224.358090172,2313805.4227751037,-69418.93531506849,1.4157689928930886,1.2991658708935374,1,
2026-05-20,60220.0,59060.0,59804.41015625,602320.4400000001,10,0.0,0.0,0.0,0.0,167.633315068495,2185220.0,2383224.358090172,2262227.349460035,-120997.00863013705,1.0352400899955314,0.9479567585093858,1,
2026-05-21,61820.0,62540.0,61684.140625,618323.64,10,0.0,0.0,0.0,0.0,225.48668493144214,2939380.0,2383224.358090172,2397838.2227751035,14613.864684931428,0.8157632639451529,0.7507976016915189,1,
2026-05-22,63980.0,65880.0,63339.0703125,639927.96,10,639672.04,37258.31780821915,29689.29054547943,7569.027262739721,237.52898630138952,3096360.0,2412913.6486356515,2546755.7465260625,133842.09789041098,0.8224998858421058,0.7487182147477862,1,
2026-05-25,66880.0,70010.0,65158.19140625,0.0,0,2005998.72,141200.1460273972,112515.33636193146,28684.809665465742,91.30071232881164,1190170.0,2525428.984997583,2617788.356148268,92359.37115068498,2.1995079326048113,1.8888413372030342,1,
2026-05-26,70110.0,69260.0,64996.08984375,0.0,0,1191631.6260000002,93820.99715068503,74761.26157952336,19059.735571161662,0.0,0.0,2600190.2465771064,2600190.2465771064,0.0,inf,inf,1,
2026-05-27,72450.0,69560.0,64999.41015625,0.0,0,0.0,0.0,0.0,0.0,0.0,0.0,2600190.2465771064,2600190.2465771064,0.0,inf,inf,1,
2026-05-28,68560.0,68680.0,64693.12109375,0.0,0,0.0,0.0,0.0,0.0,0.0,0.0,2600190.2465771064,2600190.2465771064,0.0,inf,inf,1,
2026-05-29,70670.0,72090.0,66329.5,0.0,0,0.0,0.0,0.0,0.0,0.0,0.0,2600190.2465771064,2600190.2465771064,0.0,inf,inf,1,
2026-06-01,72090.0,73490.0,66934.328125,0.0,0,0.0,0.0,0.0,0.0,0.0,0.0,2600190.2465771064,2600190.2465771064,0.0,inf,inf,1,
2026-06-02,73900.0,72930.0,66734.2421875,0.0,0,0.0,0.0,0.0,0.0,0.0,0.0,2600190.2465771064,2600190.2465771064,0.0,inf,inf,1,
2026-06-03,75310.0,76720.0,68402.1328125,0.0,0,0.0,0.0,0.0,0.0,0.0,0.0,2600190.2465771064,2600190.2465771064,0.0,inf,inf,1,
2026-06-05,73450.0,72670.0,66640.8125,0.0,0,0.0,0.0,0.0,0.0,0.0,0.0,2600190.2465771064,2600190.2465771064,0.0,inf,inf,1,
