date,selected_params,training_score,training_net_profit,training_max_drawdown,training_max_unrealized_loss,training_margin_call_count
2015-08-19,"{""base_buy_amount"": 654587.925002388, ""max_daily_buy_amount"": 1187584.984921411, ""score_threshold"": -1.4194789813398012, ""score_scale"": 4.757110041011428, ""w_drawdown"": 1.5067131625735897, ""w_rsi"": 2.8900860790377108, ""w_ma_gap_25"": 3.498879722945331, ""w_ret_5"": 3.2461657762265443, ""w_trend"": 2.643566458173111, ""w_vol"": 0.74219494960029, ""w_exposure"": 5.083527384469421, ""w_unrealized_loss"": 4.04034390740766, ""fixed_profit_yen"": 25285.93028568305, ""base_take_profit_pct"": 0.0053380907335368495, ""min_take_profit_pct"": 0.002206851488854888, ""exposure_tp_sensitivity"": 0.25026799120313165, ""vol_tp_multiplier"": 1.5235230188041564}",1354185.0293925088,1720650.3716911739,361702.2358576041,371228.44873972604,0
2015-08-26,"{""base_buy_amount"": 100712.83599581663, ""max_daily_buy_amount"": 1223173.2506108454, ""score_threshold"": 0.7228581071980256, ""score_scale"": 2.271337055744127, ""w_drawdown"": 1.589955484760247, ""w_rsi"": 2.5226311851111505, ""w_ma_gap_25"": 4.375024711173043, ""w_ret_5"": 4.25565813411103, ""w_trend"": -2.7391496279232483, ""w_vol"": 0.9074920479826204, ""w_exposure"": 2.36744871104396, ""w_unrealized_loss"": 2.493875758322118, ""fixed_profit_yen"": 29847.934631910317, ""base_take_profit_pct"": 0.013655347919689382, ""min_take_profit_pct"": 0.001443287079348346, ""exposure_tp_sensitivity"": 0.33625272461361444, ""vol_tp_multiplier"": 2.6187647435881862}",-12234.22910193981,29190.884680696618,41777.83478445094,41072.392780821916,0
2015-09-02,"{""base_buy_amount"": 151098.55527781372, ""max_daily_buy_amount"": 1998298.9879010534, ""score_threshold"": 0.6627389444261476, ""score_scale"": 3.4255625700145864, ""w_drawdown"": 0.45220363492066373, ""w_rsi"": 4.4851669944831265, ""w_ma_gap_25"": 0.14499751602234712, ""w_ret_5"": 1.2041402902057352, ""w_trend"": -2.14186874900019, ""w_vol"": 3.883839703461093, ""w_exposure"": 1.9820422721289788, ""w_unrealized_loss"": 9.106382271308853, ""fixed_profit_yen"": 33844.64484839204, ""base_take_profit_pct"": 0.003012555893851494, ""min_take_profit_pct"": 0.0010488685071583042, ""exposure_tp_sensitivity"": 0.046492125312959036, ""vol_tp_multiplier"": 3.0296258882386384}",-11071.564469215735,8858.54722872054,23701.171053406782,16159.052342465766,0
2015-09-09,"{""base_buy_amount"": 151098.55527781372, ""max_daily_buy_amount"": 1998298.9879010534, ""score_threshold"": 0.6627389444261476, ""score_scale"": 3.4255625700145864, ""w_drawdown"": 0.45220363492066373, ""w_rsi"": 4.4851669944831265, ""w_ma_gap_25"": 0.14499751602234712, ""w_ret_5"": 1.2041402902057352, ""w_trend"": -2.14186874900019, ""w_vol"": 3.883839703461093, ""w_exposure"": 1.9820422721289788, ""w_unrealized_loss"": 9.106382271308853, ""fixed_profit_yen"": 33844.64484839204, ""base_take_profit_pct"": 0.003012555893851494, ""min_take_profit_pct"": 0.0010488685071583042, ""exposure_tp_sensitivity"": 0.046492125312959036, ""vol_tp_multiplier"": 3.0296258882386384}",-46682.97219524324,-9137.92471648494,41697.642998612486,33392.45195890411,0
2015-09-16,"{""base_buy_amount"": 151098.55527781372, ""max_daily_buy_amount"": 1998298.9879010534, ""score_threshold"": 0.6627389444261476, ""score_scale"": 3.4255625700145864, ""w_drawdown"": 0.45220363492066373, ""w_rsi"": 4.4851669944831265, ""w_ma_gap_25"": 0.14499751602234712, ""w_ret_5"": 1.2041402902057352, ""w_trend"": -2.14186874900019, ""w_vol"": 3.883839703461093, ""w_exposure"": 1.9820422721289788, ""w_unrealized_loss"": 9.106382271308853, ""fixed_profit_yen"": 33844.64484839204, ""base_take_profit_pct"": 0.003012555893851494, ""min_take_profit_pct"": 0.0010488685071583042, ""exposure_tp_sensitivity"": 0.046492125312959036, ""vol_tp_multiplier"": 3.0296258882386384}",-31454.335790373374,6090.711688384923,41697.642998612486,33392.45195890411,0
2015-09-28,"{""base_buy_amount"": 151098.55527781372, ""max_daily_buy_amount"": 1998298.9879010534, ""score_threshold"": 0.6627389444261476, ""score_scale"": 3.4255625700145864, ""w_drawdown"": 0.45220363492066373, ""w_rsi"": 4.4851669944831265, ""w_ma_gap_25"": 0.14499751602234712, ""w_ret_5"": 1.2041402902057352, ""w_trend"": -2.14186874900019, ""w_vol"": 3.883839703461093, ""w_exposure"": 1.9820422721289788, ""w_unrealized_loss"": 9.106382271308853, ""fixed_profit_yen"": 33844.64484839204, ""base_take_profit_pct"": 0.003012555893851494, ""min_take_profit_pct"": 0.0010488685071583042, ""exposure_tp_sensitivity"": 0.046492125312959036, ""vol_tp_multiplier"": 3.0296258882386384}",-39773.803211920036,-776.7617362726123,42939.425375952385,35054.65757534246,0
2015-10-05,"{""base_buy_amount"": 151098.55527781372, ""max_daily_buy_amount"": 1998298.9879010534, ""score_threshold"": 0.6627389444261476, ""score_scale"": 3.4255625700145864, ""w_drawdown"": 0.45220363492066373, ""w_rsi"": 4.4851669944831265, ""w_ma_gap_25"": 0.14499751602234712, ""w_ret_5"": 1.2041402902057352, ""w_trend"": -2.14186874900019, ""w_vol"": 3.883839703461093, ""w_exposure"": 1.9820422721289788, ""w_unrealized_loss"": 9.106382271308853, ""fixed_profit_yen"": 33844.64484839204, ""base_take_profit_pct"": 0.003012555893851494, ""min_take_profit_pct"": 0.0010488685071583042, ""exposure_tp_sensitivity"": 0.046492125312959036, ""vol_tp_multiplier"": 3.0296258882386384}",-60289.61299274176,-2100.877818464396,62131.11907458212,54246.3512739726,0
2015-10-13,"{""base_buy_amount"": 151098.55527781372, ""max_daily_buy_amount"": 1998298.9879010534, ""score_threshold"": 0.6627389444261476, ""score_scale"": 3.4255625700145864, ""w_drawdown"": 0.45220363492066373, ""w_rsi"": 4.4851669944831265, ""w_ma_gap_25"": 0.14499751602234712, ""w_ret_5"": 1.2041402902057352, ""w_trend"": -2.14186874900019, ""w_vol"": 3.883839703461093, ""w_exposure"": 1.9820422721289788, ""w_unrealized_loss"": 9.106382271308853, ""fixed_profit_yen"": 33844.64484839204, ""base_take_profit_pct"": 0.003012555893851494, ""min_take_profit_pct"": 0.0010488685071583042, ""exposure_tp_sensitivity"": 0.046492125312959036, ""vol_tp_multiplier"": 3.0296258882386384}",-35593.70848825751,22595.026686019854,62131.11907458212,54246.3512739726,0
2015-10-20,"{""base_buy_amount"": 151098.55527781372, ""max_daily_buy_amount"": 1998298.9879010534, ""score_threshold"": 0.6627389444261476, ""score_scale"": 3.4255625700145864, ""w_drawdown"": 0.45220363492066373, ""w_rsi"": 4.4851669944831265, ""w_ma_gap_25"": 0.14499751602234712, ""w_ret_5"": 1.2041402902057352, ""w_trend"": -2.14186874900019, ""w_vol"": 3.883839703461093, ""w_exposure"": 1.9820422721289788, ""w_unrealized_loss"": 9.106382271308853, ""fixed_profit_yen"": 33844.64484839204, ""base_take_profit_pct"": 0.003012555893851494, ""min_take_profit_pct"": 0.0010488685071583042, ""exposure_tp_sensitivity"": 0.046492125312959036, ""vol_tp_multiplier"": 3.0296258882386384}",-46063.23588551778,12125.499288759578,62131.11907458212,54246.3512739726,0
2015-10-27,"{""base_buy_amount"": 151098.55527781372, ""max_daily_buy_amount"": 1998298.9879010534, ""score_threshold"": 0.6627389444261476, ""score_scale"": 3.4255625700145864, ""w_drawdown"": 0.45220363492066373, ""w_rsi"": 4.4851669944831265, ""w_ma_gap_25"": 0.14499751602234712, ""w_ret_5"": 1.2041402902057352, ""w_trend"": -2.14186874900019, ""w_vol"": 3.883839703461093, ""w_exposure"": 1.9820422721289788, ""w_unrealized_loss"": 9.106382271308853, ""fixed_profit_yen"": 33844.64484839204, ""base_take_profit_pct"": 0.003012555893851494, ""min_take_profit_pct"": 0.0010488685071583042, ""exposure_tp_sensitivity"": 0.046492125312959036, ""vol_tp_multiplier"": 3.0296258882386384}",-22456.16488002395,35732.57029425341,62131.11907458212,54246.3512739726,0
2015-11-04,"{""base_buy_amount"": 151098.55527781372, ""max_daily_buy_amount"": 1998298.9879010534, ""score_threshold"": 0.6627389444261476, ""score_scale"": 3.4255625700145864, ""w_drawdown"": 0.45220363492066373, ""w_rsi"": 4.4851669944831265, ""w_ma_gap_25"": 0.14499751602234712, ""w_ret_5"": 1.2041402902057352, ""w_trend"": -2.14186874900019, ""w_vol"": 3.883839703461093, ""w_exposure"": 1.9820422721289788, ""w_unrealized_loss"": 9.106382271308853, ""fixed_profit_yen"": 33844.64484839204, ""base_take_profit_pct"": 0.003012555893851494, ""min_take_profit_pct"": 0.0010488685071583042, ""exposure_tp_sensitivity"": 0.046492125312959036, ""vol_tp_multiplier"": 3.0296258882386384}",-25765.252003311616,32423.483170965745,62131.11907458212,54246.3512739726,0
2015-11-11,"{""base_buy_amount"": 302576.46338654356, ""max_daily_buy_amount"": 1941435.1169606755, ""score_threshold"": 1.1150036158631784, ""score_scale"": 3.72600585121548, ""w_drawdown"": 2.246807510718943, ""w_rsi"": 1.361207809225795, ""w_ma_gap_25"": 0.48195481076749647, ""w_ret_5"": 4.513011982719208, ""w_trend"": -0.2653422609983336, ""w_vol"": 1.0118168239761516, ""w_exposure"": 3.0595662415065252, ""w_unrealized_loss"": 5.79219568941896, ""fixed_profit_yen"": 11308.32079814389, ""base_take_profit_pct"": 0.025985199954586514, ""min_take_profit_pct"": 0.00782667576851689, ""exposure_tp_sensitivity"": 0.6475166603558431, ""vol_tp_multiplier"": 2.1604651988755186}",5832.8717383202165,505717.88825553295,468463.7840344254,531306.2490000001,0
2015-11-18,"{""base_buy_amount"": 302576.46338654356, ""max_daily_buy_amount"": 1941435.1169606755, ""score_threshold"": 1.1150036158631784, ""score_scale"": 3.72600585121548, ""w_drawdown"": 2.246807510718943, ""w_rsi"": 1.361207809225795, ""w_ma_gap_25"": 0.48195481076749647, ""w_ret_5"": 4.513011982719208, ""w_trend"": -0.2653422609983336, ""w_vol"": 1.0118168239761516, ""w_exposure"": 3.0595662415065252, ""w_unrealized_loss"": 5.79219568941896, ""fixed_profit_yen"": 11308.32079814389, ""base_take_profit_pct"": 0.025985199954586514, ""min_take_profit_pct"": 0.00782667576851689, ""exposure_tp_sensitivity"": 0.6475166603558431, ""vol_tp_multiplier"": 2.1604651988755186}",4412.4883958544815,504297.5049130672,468463.7840344254,531306.2490000001,0
2015-11-26,"{""base_buy_amount"": 302576.46338654356, ""max_daily_buy_amount"": 1941435.1169606755, ""score_threshold"": 1.1150036158631784, ""score_scale"": 3.72600585121548, ""w_drawdown"": 2.246807510718943, ""w_rsi"": 1.361207809225795, ""w_ma_gap_25"": 0.48195481076749647, ""w_ret_5"": 4.513011982719208, ""w_trend"": -0.2653422609983336, ""w_vol"": 1.0118168239761516, ""w_exposure"": 3.0595662415065252, ""w_unrealized_loss"": 5.79219568941896, ""fixed_profit_yen"": 11308.32079814389, ""base_take_profit_pct"": 0.025985199954586514, ""min_take_profit_pct"": 0.00782667576851689, ""exposure_tp_sensitivity"": 0.6475166603558431, ""vol_tp_multiplier"": 2.1604651988755186}",16862.946039690112,516747.96255690284,468463.7840344254,531306.2490000001,0
2015-12-03,"{""base_buy_amount"": 302576.46338654356, ""max_daily_buy_amount"": 1941435.1169606755, ""score_threshold"": 1.1150036158631784, ""score_scale"": 3.72600585121548, ""w_drawdown"": 2.246807510718943, ""w_rsi"": 1.361207809225795, ""w_ma_gap_25"": 0.48195481076749647, ""w_ret_5"": 4.513011982719208, ""w_trend"": -0.2653422609983336, ""w_vol"": 1.0118168239761516, ""w_exposure"": 3.0595662415065252, ""w_unrealized_loss"": 5.79219568941896, ""fixed_profit_yen"": 11308.32079814389, ""base_take_profit_pct"": 0.025985199954586514, ""min_take_profit_pct"": 0.00782667576851689, ""exposure_tp_sensitivity"": 0.6475166603558431, ""vol_tp_multiplier"": 2.1604651988755186}",23981.610916402424,523866.62743361515,468463.7840344254,531306.2490000001,0
2015-12-10,"{""base_buy_amount"": 151098.55527781372, ""max_daily_buy_amount"": 1998298.9879010534, ""score_threshold"": 0.6627389444261476, ""score_scale"": 3.4255625700145864, ""w_drawdown"": 0.45220363492066373, ""w_rsi"": 4.4851669944831265, ""w_ma_gap_25"": 0.14499751602234712, ""w_ret_5"": 1.2041402902057352, ""w_trend"": -2.14186874900019, ""w_vol"": 3.883839703461093, ""w_exposure"": 1.9820422721289788, ""w_unrealized_loss"": 9.106382271308853, ""fixed_profit_yen"": 33844.64484839204, ""base_take_profit_pct"": 0.003012555893851494, ""min_take_profit_pct"": 0.0010488685071583042, ""exposure_tp_sensitivity"": 0.046492125312959036, ""vol_tp_multiplier"": 3.0296258882386384}",-14290.760931093813,43897.97424318355,62131.11907458212,54246.3512739726,0
2015-12-17,"{""base_buy_amount"": 151098.55527781372, ""max_daily_buy_amount"": 1998298.9879010534, ""score_threshold"": 0.6627389444261476, ""score_scale"": 3.4255625700145864, ""w_drawdown"": 0.45220363492066373, ""w_rsi"": 4.4851669944831265, ""w_ma_gap_25"": 0.14499751602234712, ""w_ret_5"": 1.2041402902057352, ""w_trend"": -2.14186874900019, ""w_vol"": 3.883839703461093, ""w_exposure"": 1.9820422721289788, ""w_unrealized_loss"": 9.106382271308853, ""fixed_profit_yen"": 33844.64484839204, ""base_take_profit_pct"": 0.003012555893851494, ""min_take_profit_pct"": 0.0010488685071583042, ""exposure_tp_sensitivity"": 0.046492125312959036, ""vol_tp_multiplier"": 3.0296258882386384}",-13167.9119721897,45020.82320208766,62131.11907458212,54246.3512739726,0
2015-12-25,"{""base_buy_amount"": 151098.55527781372, ""max_daily_buy_amount"": 1998298.9879010534, ""score_threshold"": 0.6627389444261476, ""score_scale"": 3.4255625700145864, ""w_drawdown"": 0.45220363492066373, ""w_rsi"": 4.4851669944831265, ""w_ma_gap_25"": 0.14499751602234712, ""w_ret_5"": 1.2041402902057352, ""w_trend"": -2.14186874900019, ""w_vol"": 3.883839703461093, ""w_exposure"": 1.9820422721289788, ""w_unrealized_loss"": 9.106382271308853, ""fixed_profit_yen"": 33844.64484839204, ""base_take_profit_pct"": 0.003012555893851494, ""min_take_profit_pct"": 0.0010488685071583042, ""exposure_tp_sensitivity"": 0.046492125312959036, ""vol_tp_multiplier"": 3.0296258882386384}",-11359.965379564339,46828.76979471302,62131.11907458212,54246.3512739726,0
2016-01-05,"{""base_buy_amount"": 151098.55527781372, ""max_daily_buy_amount"": 1998298.9879010534, ""score_threshold"": 0.6627389444261476, ""score_scale"": 3.4255625700145864, ""w_drawdown"": 0.45220363492066373, ""w_rsi"": 4.4851669944831265, ""w_ma_gap_25"": 0.14499751602234712, ""w_ret_5"": 1.2041402902057352, ""w_trend"": -2.14186874900019, ""w_vol"": 3.883839703461093, ""w_exposure"": 1.9820422721289788, ""w_unrealized_loss"": 9.106382271308853, ""fixed_profit_yen"": 33844.64484839204, ""base_take_profit_pct"": 0.003012555893851494, ""min_take_profit_pct"": 0.0010488685071583042, ""exposure_tp_sensitivity"": 0.046492125312959036, ""vol_tp_multiplier"": 3.0296258882386384}",-15339.337324769818,42849.39784950754,62131.11907458212,54246.3512739726,0
2016-01-13,"{""base_buy_amount"": 151098.55527781372, ""max_daily_buy_amount"": 1998298.9879010534, ""score_threshold"": 0.6627389444261476, ""score_scale"": 3.4255625700145864, ""w_drawdown"": 0.45220363492066373, ""w_rsi"": 4.4851669944831265, ""w_ma_gap_25"": 0.14499751602234712, ""w_ret_5"": 1.2041402902057352, ""w_trend"": -2.14186874900019, ""w_vol"": 3.883839703461093, ""w_exposure"": 1.9820422721289788, ""w_unrealized_loss"": 9.106382271308853, ""fixed_profit_yen"": 33844.64484839204, ""base_take_profit_pct"": 0.003012555893851494, ""min_take_profit_pct"": 0.0010488685071583042, ""exposure_tp_sensitivity"": 0.046492125312959036, ""vol_tp_multiplier"": 3.0296258882386384}",-65819.27230422186,-5851.749081999296,62131.11907458212,57803.927369863,0
2016-01-20,"{""base_buy_amount"": 151098.55527781372, ""max_daily_buy_amount"": 1998298.9879010534, ""score_threshold"": 0.6627389444261476, ""score_scale"": 3.4255625700145864, ""w_drawdown"": 0.45220363492066373, ""w_rsi"": 4.4851669944831265, ""w_ma_gap_25"": 0.14499751602234712, ""w_ret_5"": 1.2041402902057352, ""w_trend"": -2.14186874900019, ""w_vol"": 3.883839703461093, ""w_exposure"": 1.9820422721289788, ""w_unrealized_loss"": 9.106382271308853, ""fixed_profit_yen"": 33844.64484839204, ""base_take_profit_pct"": 0.003012555893851494, ""min_take_profit_pct"": 0.0010488685071583042, ""exposure_tp_sensitivity"": 0.046492125312959036, ""vol_tp_multiplier"": 3.0296258882386384}",-126399.66878568665,-28106.77080802666,100103.44059915561,96482.35535616436,0
2016-01-27,"{""base_buy_amount"": 151098.55527781372, ""max_daily_buy_amount"": 1998298.9879010534, ""score_threshold"": 0.6627389444261476, ""score_scale"": 3.4255625700145864, ""w_drawdown"": 0.45220363492066373, ""w_rsi"": 4.4851669944831265, ""w_ma_gap_25"": 0.14499751602234712, ""w_ret_5"": 1.2041402902057352, ""w_trend"": -2.14186874900019, ""w_vol"": 3.883839703461093, ""w_exposure"": 1.9820422721289788, ""w_unrealized_loss"": 9.106382271308853, ""fixed_profit_yen"": 33844.64484839204, ""base_take_profit_pct"": 0.003012555893851494, ""min_take_profit_pct"": 0.0010488685071583042, ""exposure_tp_sensitivity"": 0.046492125312959036, ""vol_tp_multiplier"": 3.0296258882386384}",-446654.25348957314,-89967.79486807737,258497.00124299154,254875.91599999997,0
2016-02-03,"{""base_buy_amount"": 151098.55527781372, ""max_daily_buy_amount"": 1998298.9879010534, ""score_threshold"": 0.6627389444261476, ""score_scale"": 3.4255625700145864, ""w_drawdown"": 0.45220363492066373, ""w_rsi"": 4.4851669944831265, ""w_ma_gap_25"": 0.14499751602234712, ""w_ret_5"": 1.2041402902057352, ""w_trend"": -2.14186874900019, ""w_vol"": 3.883839703461093, ""w_exposure"": 1.9820422721289788, ""w_unrealized_loss"": 9.106382271308853, ""fixed_profit_yen"": 33844.64484839204, ""base_take_profit_pct"": 0.003012555893851494, ""min_take_profit_pct"": 0.0010488685071583042, ""exposure_tp_sensitivity"": 0.046492125312959036, ""vol_tp_multiplier"": 3.0296258882386384}",-271122.74816381285,85563.71045768289,258497.00124299154,254875.91599999997,0
2016-02-10,"{""base_buy_amount"": 151098.55527781372, ""max_daily_buy_amount"": 1998298.9879010534, ""score_threshold"": 0.6627389444261476, ""score_scale"": 3.4255625700145864, ""w_drawdown"": 0.45220363492066373, ""w_rsi"": 4.4851669944831265, ""w_ma_gap_25"": 0.14499751602234712, ""w_ret_5"": 1.2041402902057352, ""w_trend"": -2.14186874900019, ""w_vol"": 3.883839703461093, ""w_exposure"": 1.9820422721289788, ""w_unrealized_loss"": 9.106382271308853, ""fixed_profit_yen"": 33844.64484839204, ""base_take_profit_pct"": 0.003012555893851494, ""min_take_profit_pct"": 0.0010488685071583042, ""exposure_tp_sensitivity"": 0.046492125312959036, ""vol_tp_multiplier"": 3.0296258882386384}",-459097.99336929235,-102411.53474779658,258497.00124299154,254875.91599999997,0
2016-02-18,"{""base_buy_amount"": 151098.55527781372, ""max_daily_buy_amount"": 1998298.9879010534, ""score_threshold"": 0.6627389444261476, ""score_scale"": 3.4255625700145864, ""w_drawdown"": 0.45220363492066373, ""w_rsi"": 4.4851669944831265, ""w_ma_gap_25"": 0.14499751602234712, ""w_ret_5"": 1.2041402902057352, ""w_trend"": -2.14186874900019, ""w_vol"": 3.883839703461093, ""w_exposure"": 1.9820422721289788, ""w_unrealized_loss"": 9.106382271308853, ""fixed_profit_yen"": 33844.64484839204, ""base_take_profit_pct"": 0.003012555893851494, ""min_take_profit_pct"": 0.0010488685071583042, ""exposure_tp_sensitivity"": 0.046492125312959036, ""vol_tp_multiplier"": 3.0296258882386384}",-566416.022951623,-137959.5197434788,331464.1873614937,325448.8190547945,0
2016-02-25,"{""base_buy_amount"": 151098.55527781372, ""max_daily_buy_amount"": 1998298.9879010534, ""score_threshold"": 0.6627389444261476, ""score_scale"": 3.4255625700145864, ""w_drawdown"": 0.45220363492066373, ""w_rsi"": 4.4851669944831265, ""w_ma_gap_25"": 0.14499751602234712, ""w_ret_5"": 1.2041402902057352, ""w_trend"": -2.14186874900019, ""w_vol"": 3.883839703461093, ""w_exposure"": 1.9820422721289788, ""w_unrealized_loss"": 9.106382271308853, ""fixed_profit_yen"": 33844.64484839204, ""base_take_profit_pct"": 0.003012555893851494, ""min_take_profit_pct"": 0.0010488685071583042, ""exposure_tp_sensitivity"": 0.046492125312959036, ""vol_tp_multiplier"": 3.0296258882386384}",-561036.5674447736,-132580.06423662946,331464.1873614937,325448.8190547945,0
2016-03-03,"{""base_buy_amount"": 151098.55527781372, ""max_daily_buy_amount"": 1998298.9879010534, ""score_threshold"": 0.6627389444261476, ""score_scale"": 3.4255625700145864, ""w_drawdown"": 0.45220363492066373, ""w_rsi"": 4.4851669944831265, ""w_ma_gap_25"": 0.14499751602234712, ""w_ret_5"": 1.2041402902057352, ""w_trend"": -2.14186874900019, ""w_vol"": 3.883839703461093, ""w_exposure"": 1.9820422721289788, ""w_unrealized_loss"": 9.106382271308853, ""fixed_profit_yen"": 33844.64484839204, ""base_take_profit_pct"": 0.003012555893851494, ""min_take_profit_pct"": 0.0010488685071583042, ""exposure_tp_sensitivity"": 0.046492125312959036, ""vol_tp_multiplier"": 3.0296258882386384}",-473350.5522118968,-44894.04900375272,331464.1873614937,325448.8190547945,0
2016-03-10,"{""base_buy_amount"": 151098.55527781372, ""max_daily_buy_amount"": 1998298.9879010534, ""score_threshold"": 0.6627389444261476, ""score_scale"": 3.4255625700145864, ""w_drawdown"": 0.45220363492066373, ""w_rsi"": 4.4851669944831265, ""w_ma_gap_25"": 0.14499751602234712, ""w_ret_5"": 1.2041402902057352, ""w_trend"": -2.14186874900019, ""w_vol"": 3.883839703461093, ""w_exposure"": 1.9820422721289788, ""w_unrealized_loss"": 9.106382271308853, ""fixed_profit_yen"": 33844.64484839204, ""base_take_profit_pct"": 0.003012555893851494, ""min_take_profit_pct"": 0.0010488685071583042, ""exposure_tp_sensitivity"": 0.046492125312959036, ""vol_tp_multiplier"": 3.0296258882386384}",-483883.9064058886,-55427.40319774451,331464.1873614937,325448.8190547945,0
2016-03-17,"{""base_buy_amount"": 151098.55527781372, ""max_daily_buy_amount"": 1998298.9879010534, ""score_threshold"": 0.6627389444261476, ""score_scale"": 3.4255625700145864, ""w_drawdown"": 0.45220363492066373, ""w_rsi"": 4.4851669944831265, ""w_ma_gap_25"": 0.14499751602234712, ""w_ret_5"": 1.2041402902057352, ""w_trend"": -2.14186874900019, ""w_vol"": 3.883839703461093, ""w_exposure"": 1.9820422721289788, ""w_unrealized_loss"": 9.106382271308853, ""fixed_profit_yen"": 33844.64484839204, ""base_take_profit_pct"": 0.003012555893851494, ""min_take_profit_pct"": 0.0010488685071583042, ""exposure_tp_sensitivity"": 0.046492125312959036, ""vol_tp_multiplier"": 3.0296258882386384}",-449260.31035109406,-20803.80714294997,331464.1873614937,325448.8190547945,0
2016-03-25,"{""base_buy_amount"": 151098.55527781372, ""max_daily_buy_amount"": 1998298.9879010534, ""score_threshold"": 0.6627389444261476, ""score_scale"": 3.4255625700145864, ""w_drawdown"": 0.45220363492066373, ""w_rsi"": 4.4851669944831265, ""w_ma_gap_25"": 0.14499751602234712, ""w_ret_5"": 1.2041402902057352, ""w_trend"": -2.14186874900019, ""w_vol"": 3.883839703461093, ""w_exposure"": 1.9820422721289788, ""w_unrealized_loss"": 9.106382271308853, ""fixed_profit_yen"": 33844.64484839204, ""base_take_profit_pct"": 0.003012555893851494, ""min_take_profit_pct"": 0.0010488685071583042, ""exposure_tp_sensitivity"": 0.046492125312959036, ""vol_tp_multiplier"": 3.0296258882386384}",-460819.4573099982,-32362.95410185412,331464.1873614937,325448.8190547945,0
2016-04-01,"{""base_buy_amount"": 151098.55527781372, ""max_daily_buy_amount"": 1998298.9879010534, ""score_threshold"": 0.6627389444261476, ""score_scale"": 3.4255625700145864, ""w_drawdown"": 0.45220363492066373, ""w_rsi"": 4.4851669944831265, ""w_ma_gap_25"": 0.14499751602234712, ""w_ret_5"": 1.2041402902057352, ""w_trend"": -2.14186874900019, ""w_vol"": 3.883839703461093, ""w_exposure"": 1.9820422721289788, ""w_unrealized_loss"": 9.106382271308853, ""fixed_profit_yen"": 33844.64484839204, ""base_take_profit_pct"": 0.003012555893851494, ""min_take_profit_pct"": 0.0010488685071583042, ""exposure_tp_sensitivity"": 0.046492125312959036, ""vol_tp_multiplier"": 3.0296258882386384}",-461178.59374835435,-32722.09054021028,331464.1873614937,325448.8190547945,0
2016-04-08,"{""base_buy_amount"": 151098.55527781372, ""max_daily_buy_amount"": 1998298.9879010534, ""score_threshold"": 0.6627389444261476, ""score_scale"": 3.4255625700145864, ""w_drawdown"": 0.45220363492066373, ""w_rsi"": 4.4851669944831265, ""w_ma_gap_25"": 0.14499751602234712, ""w_ret_5"": 1.2041402902057352, ""w_trend"": -2.14186874900019, ""w_vol"": 3.883839703461093, ""w_exposure"": 1.9820422721289788, ""w_unrealized_loss"": 9.106382271308853, ""fixed_profit_yen"": 33844.64484839204, ""base_take_profit_pct"": 0.003012555893851494, ""min_take_profit_pct"": 0.0010488685071583042, ""exposure_tp_sensitivity"": 0.046492125312959036, ""vol_tp_multiplier"": 3.0296258882386384}",-792071.6441182175,-163615.14091007336,331464.1873614937,325448.8190547945,0
2016-04-15,"{""base_buy_amount"": 151098.55527781372, ""max_daily_buy_amount"": 1998298.9879010534, ""score_threshold"": 0.6627389444261476, ""score_scale"": 3.4255625700145864, ""w_drawdown"": 0.45220363492066373, ""w_rsi"": 4.4851669944831265, ""w_ma_gap_25"": 0.14499751602234712, ""w_ret_5"": 1.2041402902057352, ""w_trend"": -2.14186874900019, ""w_vol"": 3.883839703461093, ""w_exposure"": 1.9820422721289788, ""w_unrealized_loss"": 9.106382271308853, ""fixed_profit_yen"": 33844.64484839204, ""base_take_profit_pct"": 0.003012555893851494, ""min_take_profit_pct"": 0.0010488685071583042, ""exposure_tp_sensitivity"": 0.046492125312959036, ""vol_tp_multiplier"": 3.0296258882386384}",-609137.0767419242,69319.42646621991,331464.1873614937,325448.8190547945,0
2016-04-22,"{""base_buy_amount"": 151098.55527781372, ""max_daily_buy_amount"": 1998298.9879010534, ""score_threshold"": 0.6627389444261476, ""score_scale"": 3.4255625700145864, ""w_drawdown"": 0.45220363492066373, ""w_rsi"": 4.4851669944831265, ""w_ma_gap_25"": 0.14499751602234712, ""w_ret_5"": 1.2041402902057352, ""w_trend"": -2.14186874900019, ""w_vol"": 3.883839703461093, ""w_exposure"": 1.9820422721289788, ""w_unrealized_loss"": 9.106382271308853, ""fixed_profit_yen"": 33844.64484839204, ""base_take_profit_pct"": 0.003012555893851494, ""min_take_profit_pct"": 0.0010488685071583042, ""exposure_tp_sensitivity"": 0.046492125312959036, ""vol_tp_multiplier"": 3.0296258882386384}",-571636.4769384968,106820.0262696473,331464.1873614937,325448.8190547945,0
2016-05-02,"{""base_buy_amount"": 151098.55527781372, ""max_daily_buy_amount"": 1998298.9879010534, ""score_threshold"": 0.6627389444261476, ""score_scale"": 3.4255625700145864, ""w_drawdown"": 0.45220363492066373, ""w_rsi"": 4.4851669944831265, ""w_ma_gap_25"": 0.14499751602234712, ""w_ret_5"": 1.2041402902057352, ""w_trend"": -2.14186874900019, ""w_vol"": 3.883839703461093, ""w_exposure"": 1.9820422721289788, ""w_unrealized_loss"": 9.106382271308853, ""fixed_profit_yen"": 33844.64484839204, ""base_take_profit_pct"": 0.003012555893851494, ""min_take_profit_pct"": 0.0010488685071583042, ""exposure_tp_sensitivity"": 0.046492125312959036, ""vol_tp_multiplier"": 3.0296258882386384}",-651547.6672767537,26908.835931390437,331464.1873614937,325448.8190547945,0
2016-05-12,"{""base_buy_amount"": 151098.55527781372, ""max_daily_buy_amount"": 1998298.9879010534, ""score_threshold"": 0.6627389444261476, ""score_scale"": 3.4255625700145864, ""w_drawdown"": 0.45220363492066373, ""w_rsi"": 4.4851669944831265, ""w_ma_gap_25"": 0.14499751602234712, ""w_ret_5"": 1.2041402902057352, ""w_trend"": -2.14186874900019, ""w_vol"": 3.883839703461093, ""w_exposure"": 1.9820422721289788, ""w_unrealized_loss"": 9.106382271308853, ""fixed_profit_yen"": 33844.64484839204, ""base_take_profit_pct"": 0.003012555893851494, ""min_take_profit_pct"": 0.0010488685071583042, ""exposure_tp_sensitivity"": 0.046492125312959036, ""vol_tp_multiplier"": 3.0296258882386384}",-659517.5121945619,18938.991013582214,331464.1873614937,325448.8190547945,0
2016-05-19,"{""base_buy_amount"": 151098.55527781372, ""max_daily_buy_amount"": 1998298.9879010534, ""score_threshold"": 0.6627389444261476, ""score_scale"": 3.4255625700145864, ""w_drawdown"": 0.45220363492066373, ""w_rsi"": 4.4851669944831265, ""w_ma_gap_25"": 0.14499751602234712, ""w_ret_5"": 1.2041402902057352, ""w_trend"": -2.14186874900019, ""w_vol"": 3.883839703461093, ""w_exposure"": 1.9820422721289788, ""w_unrealized_loss"": 9.106382271308853, ""fixed_profit_yen"": 33844.64484839204, ""base_take_profit_pct"": 0.003012555893851494, ""min_take_profit_pct"": 0.0010488685071583042, ""exposure_tp_sensitivity"": 0.046492125312959036, ""vol_tp_multiplier"": 3.0296258882386384}",-652314.6940027811,26141.80920536304,331464.1873614937,325448.8190547945,0
2016-05-26,"{""base_buy_amount"": 56994.15626345524, ""max_daily_buy_amount"": 1595156.317254063, ""score_threshold"": 0.6594034263681285, ""score_scale"": 3.673244203818508, ""w_drawdown"": 3.9036451551098397, ""w_rsi"": 2.2945788776916998, ""w_ma_gap_25"": 2.8437059797644686, ""w_ret_5"": 0.6989849906382872, ""w_trend"": -2.3128195587841596, ""w_vol"": 3.3420148089523583, ""w_exposure"": 4.710962061431325, ""w_unrealized_loss"": 5.652361064811888, ""fixed_profit_yen"": 38954.9462985532, ""base_take_profit_pct"": 0.01977211296001654, ""min_take_profit_pct"": 0.005982214605921963, ""exposure_tp_sensitivity"": 0.5032864446708722, ""vol_tp_multiplier"": 1.519750490313061}",-639676.4830714392,16687.419281763112,341301.9405009253,371425.86420547945,0
2016-06-02,"{""base_buy_amount"": 56994.15626345524, ""max_daily_buy_amount"": 1595156.317254063, ""score_threshold"": 0.6594034263681285, ""score_scale"": 3.673244203818508, ""w_drawdown"": 3.9036451551098397, ""w_rsi"": 2.2945788776916998, ""w_ma_gap_25"": 2.8437059797644686, ""w_ret_5"": 0.6989849906382872, ""w_trend"": -2.3128195587841596, ""w_vol"": 3.3420148089523583, ""w_exposure"": 4.710962061431325, ""w_unrealized_loss"": 5.652361064811888, ""fixed_profit_yen"": 38954.9462985532, ""base_take_profit_pct"": 0.01977211296001654, ""min_take_profit_pct"": 0.005982214605921963, ""exposure_tp_sensitivity"": 0.5032864446708722, ""vol_tp_multiplier"": 1.519750490313061}",-616027.7281472941,40336.17420590826,341301.9405009253,371425.86420547945,0
2016-06-09,"{""base_buy_amount"": 56994.15626345524, ""max_daily_buy_amount"": 1595156.317254063, ""score_threshold"": 0.6594034263681285, ""score_scale"": 3.673244203818508, ""w_drawdown"": 3.9036451551098397, ""w_rsi"": 2.2945788776916998, ""w_ma_gap_25"": 2.8437059797644686, ""w_ret_5"": 0.6989849906382872, ""w_trend"": -2.3128195587841596, ""w_vol"": 3.3420148089523583, ""w_exposure"": 4.710962061431325, ""w_unrealized_loss"": 5.652361064811888, ""fixed_profit_yen"": 38954.9462985532, ""base_take_profit_pct"": 0.01977211296001654, ""min_take_profit_pct"": 0.005982214605921963, ""exposure_tp_sensitivity"": 0.5032864446708722, ""vol_tp_multiplier"": 1.519750490313061}",-625530.9037347736,30832.99861842877,341301.9405009253,371425.86420547945,0
2016-06-16,"{""base_buy_amount"": 151098.55527781372, ""max_daily_buy_amount"": 1998298.9879010534, ""score_threshold"": 0.6627389444261476, ""score_scale"": 3.4255625700145864, ""w_drawdown"": 0.45220363492066373, ""w_rsi"": 4.4851669944831265, ""w_ma_gap_25"": 0.14499751602234712, ""w_ret_5"": 1.2041402902057352, ""w_trend"": -2.14186874900019, ""w_vol"": 3.883839703461093, ""w_exposure"": 1.9820422721289788, ""w_unrealized_loss"": 9.106382271308853, ""fixed_profit_yen"": 33844.64484839204, ""base_take_profit_pct"": 0.003012555893851494, ""min_take_profit_pct"": 0.0010488685071583042, ""exposure_tp_sensitivity"": 0.046492125312959036, ""vol_tp_multiplier"": 3.0296258882386384}",-735443.0139795474,-56986.51077140335,331464.1873614937,325448.8190547945,0
2016-06-23,"{""base_buy_amount"": 151098.55527781372, ""max_daily_buy_amount"": 1998298.9879010534, ""score_threshold"": 0.6627389444261476, ""score_scale"": 3.4255625700145864, ""w_drawdown"": 0.45220363492066373, ""w_rsi"": 4.4851669944831265, ""w_ma_gap_25"": 0.14499751602234712, ""w_ret_5"": 1.2041402902057352, ""w_trend"": -2.14186874900019, ""w_vol"": 3.883839703461093, ""w_exposure"": 1.9820422721289788, ""w_unrealized_loss"": 9.106382271308853, ""fixed_profit_yen"": 33844.64484839204, ""base_take_profit_pct"": 0.003012555893851494, ""min_take_profit_pct"": 0.0010488685071583042, ""exposure_tp_sensitivity"": 0.046492125312959036, ""vol_tp_multiplier"": 3.0296258882386384}",-711510.1663369995,-30053.75712200612,331464.1873614937,331448.6310684931,0
2016-06-30,"{""base_buy_amount"": 56994.15626345524, ""max_daily_buy_amount"": 1595156.317254063, ""score_threshold"": 0.6594034263681285, ""score_scale"": 3.673244203818508, ""w_drawdown"": 3.9036451551098397, ""w_rsi"": 2.2945788776916998, ""w_ma_gap_25"": 2.8437059797644686, ""w_ret_5"": 0.6989849906382872, ""w_trend"": -2.3128195587841596, ""w_vol"": 3.3420148089523583, ""w_exposure"": 4.710962061431325, ""w_unrealized_loss"": 5.652361064811888, ""fixed_profit_yen"": 38954.9462985532, ""base_take_profit_pct"": 0.01977211296001654, ""min_take_profit_pct"": 0.005982214605921963, ""exposure_tp_sensitivity"": 0.5032864446708722, ""vol_tp_multiplier"": 1.519750490313061}",-835735.729424627,-132663.0489755343,341301.9405009253,464843.4203972601,0
2016-07-07,"{""base_buy_amount"": 56994.15626345524, ""max_daily_buy_amount"": 1595156.317254063, ""score_threshold"": 0.6594034263681285, ""score_scale"": 3.673244203818508, ""w_drawdown"": 3.9036451551098397, ""w_rsi"": 2.2945788776916998, ""w_ma_gap_25"": 2.8437059797644686, ""w_ret_5"": 0.6989849906382872, ""w_trend"": -2.3128195587841596, ""w_vol"": 3.3420148089523583, ""w_exposure"": 4.710962061431325, ""w_unrealized_loss"": 5.652361064811888, ""fixed_profit_yen"": 38954.9462985532, ""base_take_profit_pct"": 0.01977211296001654, ""min_take_profit_pct"": 0.005982214605921963, ""exposure_tp_sensitivity"": 0.5032864446708722, ""vol_tp_multiplier"": 1.519750490313061}",-873793.743696112,-170721.0632470192,341301.9405009253,464843.4203972601,0
2016-07-14,"{""base_buy_amount"": 56994.15626345524, ""max_daily_buy_amount"": 1595156.317254063, ""score_threshold"": 0.6594034263681285, ""score_scale"": 3.673244203818508, ""w_drawdown"": 3.9036451551098397, ""w_rsi"": 2.2945788776916998, ""w_ma_gap_25"": 2.8437059797644686, ""w_ret_5"": 0.6989849906382872, ""w_trend"": -2.3128195587841596, ""w_vol"": 3.3420148089523583, ""w_exposure"": 4.710962061431325, ""w_unrealized_loss"": 5.652361064811888, ""fixed_profit_yen"": 38954.9462985532, ""base_take_profit_pct"": 0.01977211296001654, ""min_take_profit_pct"": 0.005982214605921963, ""exposure_tp_sensitivity"": 0.5032864446708722, ""vol_tp_multiplier"": 1.519750490313061}",-693946.2075170097,9126.47293208298,341301.9405009253,464843.4203972601,0
2016-07-22,"{""base_buy_amount"": 56994.15626345524, ""max_daily_buy_amount"": 1595156.317254063, ""score_threshold"": 0.6594034263681285, ""score_scale"": 3.673244203818508, ""w_drawdown"": 3.9036451551098397, ""w_rsi"": 2.2945788776916998, ""w_ma_gap_25"": 2.8437059797644686, ""w_ret_5"": 0.6989849906382872, ""w_trend"": -2.3128195587841596, ""w_vol"": 3.3420148089523583, ""w_exposure"": 4.710962061431325, ""w_unrealized_loss"": 5.652361064811888, ""fixed_profit_yen"": 38954.9462985532, ""base_take_profit_pct"": 0.01977211296001654, ""min_take_profit_pct"": 0.005982214605921963, ""exposure_tp_sensitivity"": 0.5032864446708722, ""vol_tp_multiplier"": 1.519750490313061}",-612484.2837266139,90588.39672247885,341301.9405009253,464843.4203972601,0
2016-07-29,"{""base_buy_amount"": 56994.15626345524, ""max_daily_buy_amount"": 1595156.317254063, ""score_threshold"": 0.6594034263681285, ""score_scale"": 3.673244203818508, ""w_drawdown"": 3.9036451551098397, ""w_rsi"": 2.2945788776916998, ""w_ma_gap_25"": 2.8437059797644686, ""w_ret_5"": 0.6989849906382872, ""w_trend"": -2.3128195587841596, ""w_vol"": 3.3420148089523583, ""w_exposure"": 4.710962061431325, ""w_unrealized_loss"": 5.652361064811888, ""fixed_profit_yen"": 38954.9462985532, ""base_take_profit_pct"": 0.01977211296001654, ""min_take_profit_pct"": 0.005982214605921963, ""exposure_tp_sensitivity"": 0.5032864446708722, ""vol_tp_multiplier"": 1.519750490313061}",-658456.7606033261,44615.919845766504,341301.9405009253,464843.4203972601,0
2016-08-05,"{""base_buy_amount"": 56994.15626345524, ""max_daily_buy_amount"": 1595156.317254063, ""score_threshold"": 0.6594034263681285, ""score_scale"": 3.673244203818508, ""w_drawdown"": 3.9036451551098397, ""w_rsi"": 2.2945788776916998, ""w_ma_gap_25"": 2.8437059797644686, ""w_ret_5"": 0.6989849906382872, ""w_trend"": -2.3128195587841596, ""w_vol"": 3.3420148089523583, ""w_exposure"": 4.710962061431325, ""w_unrealized_loss"": 5.652361064811888, ""fixed_profit_yen"": 38954.9462985532, ""base_take_profit_pct"": 0.01977211296001654, ""min_take_profit_pct"": 0.005982214605921963, ""exposure_tp_sensitivity"": 0.5032864446708722, ""vol_tp_multiplier"": 1.519750490313061}",-689344.0101375728,13728.670311519934,341301.9405009253,464843.4203972601,0
2016-08-15,"{""base_buy_amount"": 56994.15626345524, ""max_daily_buy_amount"": 1595156.317254063, ""score_threshold"": 0.6594034263681285, ""score_scale"": 3.673244203818508, ""w_drawdown"": 3.9036451551098397, ""w_rsi"": 2.2945788776916998, ""w_ma_gap_25"": 2.8437059797644686, ""w_ret_5"": 0.6989849906382872, ""w_trend"": -2.3128195587841596, ""w_vol"": 3.3420148089523583, ""w_exposure"": 4.710962061431325, ""w_unrealized_loss"": 5.652361064811888, ""fixed_profit_yen"": 38954.9462985532, ""base_take_profit_pct"": 0.01977211296001654, ""min_take_profit_pct"": 0.005982214605921963, ""exposure_tp_sensitivity"": 0.5032864446708722, ""vol_tp_multiplier"": 1.519750490313061}",-599687.1827551461,103385.49769394664,341301.9405009253,464843.4203972601,0
2016-08-22,"{""base_buy_amount"": 56994.15626345524, ""max_daily_buy_amount"": 1595156.317254063, ""score_threshold"": 0.6594034263681285, ""score_scale"": 3.673244203818508, ""w_drawdown"": 3.9036451551098397, ""w_rsi"": 2.2945788776916998, ""w_ma_gap_25"": 2.8437059797644686, ""w_ret_5"": 0.6989849906382872, ""w_trend"": -2.3128195587841596, ""w_vol"": 3.3420148089523583, ""w_exposure"": 4.710962061431325, ""w_unrealized_loss"": 5.652361064811888, ""fixed_profit_yen"": 38954.9462985532, ""base_take_profit_pct"": 0.01977211296001654, ""min_take_profit_pct"": 0.005982214605921963, ""exposure_tp_sensitivity"": 0.5032864446708722, ""vol_tp_multiplier"": 1.519750490313061}",-647017.5020848666,56055.17836422607,341301.9405009253,464843.4203972601,0
2016-08-29,"{""base_buy_amount"": 56994.15626345524, ""max_daily_buy_amount"": 1595156.317254063, ""score_threshold"": 0.6594034263681285, ""score_scale"": 3.673244203818508, ""w_drawdown"": 3.9036451551098397, ""w_rsi"": 2.2945788776916998, ""w_ma_gap_25"": 2.8437059797644686, ""w_ret_5"": 0.6989849906382872, ""w_trend"": -2.3128195587841596, ""w_vol"": 3.3420148089523583, ""w_exposure"": 4.710962061431325, ""w_unrealized_loss"": 5.652361064811888, ""fixed_profit_yen"": 38954.9462985532, ""base_take_profit_pct"": 0.01977211296001654, ""min_take_profit_pct"": 0.005982214605921963, ""exposure_tp_sensitivity"": 0.5032864446708722, ""vol_tp_multiplier"": 1.519750490313061}",-673925.669591716,29147.010857376736,341301.9405009253,464843.4203972601,0
2016-09-05,"{""base_buy_amount"": 56994.15626345524, ""max_daily_buy_amount"": 1595156.317254063, ""score_threshold"": 0.6594034263681285, ""score_scale"": 3.673244203818508, ""w_drawdown"": 3.9036451551098397, ""w_rsi"": 2.2945788776916998, ""w_ma_gap_25"": 2.8437059797644686, ""w_ret_5"": 0.6989849906382872, ""w_trend"": -2.3128195587841596, ""w_vol"": 3.3420148089523583, ""w_exposure"": 4.710962061431325, ""w_unrealized_loss"": 5.652361064811888, ""fixed_profit_yen"": 38954.9462985532, ""base_take_profit_pct"": 0.01977211296001654, ""min_take_profit_pct"": 0.005982214605921963, ""exposure_tp_sensitivity"": 0.5032864446708722, ""vol_tp_multiplier"": 1.519750490313061}",-284047.63092963985,115427.57984821993,338039.3162269527,460911.10532876686,0
2016-09-12,"{""base_buy_amount"": 56994.15626345524, ""max_daily_buy_amount"": 1595156.317254063, ""score_threshold"": 0.6594034263681285, ""score_scale"": 3.673244203818508, ""w_drawdown"": 3.9036451551098397, ""w_rsi"": 2.2945788776916998, ""w_ma_gap_25"": 2.8437059797644686, ""w_ret_5"": 0.6989849906382872, ""w_trend"": -2.3128195587841596, ""w_vol"": 3.3420148089523583, ""w_exposure"": 4.710962061431325, ""w_unrealized_loss"": 5.652361064811888, ""fixed_profit_yen"": 38954.9462985532, ""base_take_profit_pct"": 0.01977211296001654, ""min_take_profit_pct"": 0.005982214605921963, ""exposure_tp_sensitivity"": 0.5032864446708722, ""vol_tp_multiplier"": 1.519750490313061}",-293341.32722229604,106133.88355556375,338039.3162269527,460911.10532876686,0
2016-09-20,"{""base_buy_amount"": 54275.118692676166, ""max_daily_buy_amount"": 1077795.7500210647, ""score_threshold"": 0.7091495974575888, ""score_scale"": 0.6332328010787595, ""w_drawdown"": 2.0067777877669397, ""w_rsi"": 4.478174406918484, ""w_ma_gap_25"": 3.3580640442792937, ""w_ret_5"": 1.1882918168029866, ""w_trend"": 2.116686777791476, ""w_vol"": 1.7401571170475716, ""w_exposure"": 8.533446711440595, ""w_unrealized_loss"": 2.989436511189055, ""fixed_profit_yen"": 30745.051791508, ""base_take_profit_pct"": 0.013114321896939353, ""min_take_profit_pct"": 0.0034734254567956035, ""exposure_tp_sensitivity"": 0.7979018059546823, ""vol_tp_multiplier"": 0.9379684096974567}",-354685.89039144723,-77822.08486811101,254620.9511699602,299106.65987671225,0
2016-09-28,"{""base_buy_amount"": 56994.15626345524, ""max_daily_buy_amount"": 1595156.317254063, ""score_threshold"": 0.6594034263681285, ""score_scale"": 3.673244203818508, ""w_drawdown"": 3.9036451551098397, ""w_rsi"": 2.2945788776916998, ""w_ma_gap_25"": 2.8437059797644686, ""w_ret_5"": 0.6989849906382872, ""w_trend"": -2.3128195587841596, ""w_vol"": 3.3420148089523583, ""w_exposure"": 4.710962061431325, ""w_unrealized_loss"": 5.652361064811888, ""fixed_profit_yen"": 38954.9462985532, ""base_take_profit_pct"": 0.01977211296001654, ""min_take_profit_pct"": 0.005982214605921963, ""exposure_tp_sensitivity"": 0.5032864446708722, ""vol_tp_multiplier"": 1.519750490313061}",-336156.83167771803,63318.379100141756,338039.3162269527,460911.10532876686,0
2016-10-05,"{""base_buy_amount"": 56994.15626345524, ""max_daily_buy_amount"": 1595156.317254063, ""score_threshold"": 0.6594034263681285, ""score_scale"": 3.673244203818508, ""w_drawdown"": 3.9036451551098397, ""w_rsi"": 2.2945788776916998, ""w_ma_gap_25"": 2.8437059797644686, ""w_ret_5"": 0.6989849906382872, ""w_trend"": -2.3128195587841596, ""w_vol"": 3.3420148089523583, ""w_exposure"": 4.710962061431325, ""w_unrealized_loss"": 5.652361064811888, ""fixed_profit_yen"": 38954.9462985532, ""base_take_profit_pct"": 0.01977211296001654, ""min_take_profit_pct"": 0.005982214605921963, ""exposure_tp_sensitivity"": 0.5032864446708722, ""vol_tp_multiplier"": 1.519750490313061}",-323545.3335806783,75929.87719718146,338039.3162269527,460911.10532876686,0
2016-10-13,"{""base_buy_amount"": 56994.15626345524, ""max_daily_buy_amount"": 1595156.317254063, ""score_threshold"": 0.6594034263681285, ""score_scale"": 3.673244203818508, ""w_drawdown"": 3.9036451551098397, ""w_rsi"": 2.2945788776916998, ""w_ma_gap_25"": 2.8437059797644686, ""w_ret_5"": 0.6989849906382872, ""w_trend"": -2.3128195587841596, ""w_vol"": 3.3420148089523583, ""w_exposure"": 4.710962061431325, ""w_unrealized_loss"": 5.652361064811888, ""fixed_profit_yen"": 38954.9462985532, ""base_take_profit_pct"": 0.01977211296001654, ""min_take_profit_pct"": 0.005982214605921963, ""exposure_tp_sensitivity"": 0.5032864446708722, ""vol_tp_multiplier"": 1.519750490313061}",-316819.12348743365,82656.08729042616,338039.3162269527,460911.10532876686,0
2016-10-20,"{""base_buy_amount"": 56994.15626345524, ""max_daily_buy_amount"": 1595156.317254063, ""score_threshold"": 0.6594034263681285, ""score_scale"": 3.673244203818508, ""w_drawdown"": 3.9036451551098397, ""w_rsi"": 2.2945788776916998, ""w_ma_gap_25"": 2.8437059797644686, ""w_ret_5"": 0.6989849906382872, ""w_trend"": -2.3128195587841596, ""w_vol"": 3.3420148089523583, ""w_exposure"": 4.710962061431325, ""w_unrealized_loss"": 5.652361064811888, ""fixed_profit_yen"": 38954.9462985532, ""base_take_profit_pct"": 0.01977211296001654, ""min_take_profit_pct"": 0.005982214605921963, ""exposure_tp_sensitivity"": 0.5032864446708722, ""vol_tp_multiplier"": 1.519750490313061}",-303102.42441739666,96372.78636046316,338039.3162269527,460911.10532876686,0
2016-10-27,"{""base_buy_amount"": 56994.15626345524, ""max_daily_buy_amount"": 1595156.317254063, ""score_threshold"": 0.6594034263681285, ""score_scale"": 3.673244203818508, ""w_drawdown"": 3.9036451551098397, ""w_rsi"": 2.2945788776916998, ""w_ma_gap_25"": 2.8437059797644686, ""w_ret_5"": 0.6989849906382872, ""w_trend"": -2.3128195587841596, ""w_vol"": 3.3420148089523583, ""w_exposure"": 4.710962061431325, ""w_unrealized_loss"": 5.652361064811888, ""fixed_profit_yen"": 38954.9462985532, ""base_take_profit_pct"": 0.01977211296001654, ""min_take_profit_pct"": 0.005982214605921963, ""exposure_tp_sensitivity"": 0.5032864446708722, ""vol_tp_multiplier"": 1.519750490313061}",-266770.03377051174,132705.17700734807,338039.3162269527,460911.10532876686,0
2016-11-04,"{""base_buy_amount"": 56994.15626345524, ""max_daily_buy_amount"": 1595156.317254063, ""score_threshold"": 0.6594034263681285, ""score_scale"": 3.673244203818508, ""w_drawdown"": 3.9036451551098397, ""w_rsi"": 2.2945788776916998, ""w_ma_gap_25"": 2.8437059797644686, ""w_ret_5"": 0.6989849906382872, ""w_trend"": -2.3128195587841596, ""w_vol"": 3.3420148089523583, ""w_exposure"": 4.710962061431325, ""w_unrealized_loss"": 5.652361064811888, ""fixed_profit_yen"": 38954.9462985532, ""base_take_profit_pct"": 0.01977211296001654, ""min_take_profit_pct"": 0.005982214605921963, ""exposure_tp_sensitivity"": 0.5032864446708722, ""vol_tp_multiplier"": 1.519750490313061}",-289821.0069211966,109654.2038566632,338039.3162269527,460911.10532876686,0
2016-11-11,"{""base_buy_amount"": 56994.15626345524, ""max_daily_buy_amount"": 1595156.317254063, ""score_threshold"": 0.6594034263681285, ""score_scale"": 3.673244203818508, ""w_drawdown"": 3.9036451551098397, ""w_rsi"": 2.2945788776916998, ""w_ma_gap_25"": 2.8437059797644686, ""w_ret_5"": 0.6989849906382872, ""w_trend"": -2.3128195587841596, ""w_vol"": 3.3420148089523583, ""w_exposure"": 4.710962061431325, ""w_unrealized_loss"": 5.652361064811888, ""fixed_profit_yen"": 38954.9462985532, ""base_take_profit_pct"": 0.01977211296001654, ""min_take_profit_pct"": 0.005982214605921963, ""exposure_tp_sensitivity"": 0.5032864446708722, ""vol_tp_multiplier"": 1.519750490313061}",-277435.31351023767,122039.89726762212,338039.3162269527,460911.10532876686,0
2016-11-18,"{""base_buy_amount"": 56994.15626345524, ""max_daily_buy_amount"": 1595156.317254063, ""score_threshold"": 0.6594034263681285, ""score_scale"": 3.673244203818508, ""w_drawdown"": 3.9036451551098397, ""w_rsi"": 2.2945788776916998, ""w_ma_gap_25"": 2.8437059797644686, ""w_ret_5"": 0.6989849906382872, ""w_trend"": -2.3128195587841596, ""w_vol"": 3.3420148089523583, ""w_exposure"": 4.710962061431325, ""w_unrealized_loss"": 5.652361064811888, ""fixed_profit_yen"": 38954.9462985532, ""base_take_profit_pct"": 0.01977211296001654, ""min_take_profit_pct"": 0.005982214605921963, ""exposure_tp_sensitivity"": 0.5032864446708722, ""vol_tp_multiplier"": 1.519750490313061}",-227904.82527034733,171570.38550751246,338039.3162269527,460911.10532876686,0
2016-11-28,"{""base_buy_amount"": 56994.15626345524, ""max_daily_buy_amount"": 1595156.317254063, ""score_threshold"": 0.6594034263681285, ""score_scale"": 3.673244203818508, ""w_drawdown"": 3.9036451551098397, ""w_rsi"": 2.2945788776916998, ""w_ma_gap_25"": 2.8437059797644686, ""w_ret_5"": 0.6989849906382872, ""w_trend"": -2.3128195587841596, ""w_vol"": 3.3420148089523583, ""w_exposure"": 4.710962061431325, ""w_unrealized_loss"": 5.652361064811888, ""fixed_profit_yen"": 38954.9462985532, ""base_take_profit_pct"": 0.01977211296001654, ""min_take_profit_pct"": 0.005982214605921963, ""exposure_tp_sensitivity"": 0.5032864446708722, ""vol_tp_multiplier"": 1.519750490313061}",-182462.1716813062,217013.03909655358,338039.3162269527,460911.10532876686,0
2016-12-05,"{""base_buy_amount"": 56994.15626345524, ""max_daily_buy_amount"": 1595156.317254063, ""score_threshold"": 0.6594034263681285, ""score_scale"": 3.673244203818508, ""w_drawdown"": 3.9036451551098397, ""w_rsi"": 2.2945788776916998, ""w_ma_gap_25"": 2.8437059797644686, ""w_ret_5"": 0.6989849906382872, ""w_trend"": -2.3128195587841596, ""w_vol"": 3.3420148089523583, ""w_exposure"": 4.710962061431325, ""w_unrealized_loss"": 5.652361064811888, ""fixed_profit_yen"": 38954.9462985532, ""base_take_profit_pct"": 0.01977211296001654, ""min_take_profit_pct"": 0.005982214605921963, ""exposure_tp_sensitivity"": 0.5032864446708722, ""vol_tp_multiplier"": 1.519750490313061}",-181509.3780693775,217965.83270848228,338039.3162269527,460911.10532876686,0
2016-12-12,"{""base_buy_amount"": 56994.15626345524, ""max_daily_buy_amount"": 1595156.317254063, ""score_threshold"": 0.6594034263681285, ""score_scale"": 3.673244203818508, ""w_drawdown"": 3.9036451551098397, ""w_rsi"": 2.2945788776916998, ""w_ma_gap_25"": 2.8437059797644686, ""w_ret_5"": 0.6989849906382872, ""w_trend"": -2.3128195587841596, ""w_vol"": 3.3420148089523583, ""w_exposure"": 4.710962061431325, ""w_unrealized_loss"": 5.652361064811888, ""fixed_profit_yen"": 38954.9462985532, ""base_take_profit_pct"": 0.01977211296001654, ""min_take_profit_pct"": 0.005982214605921963, ""exposure_tp_sensitivity"": 0.5032864446708722, ""vol_tp_multiplier"": 1.519750490313061}",-141154.00633897752,258321.20443888227,338039.3162269527,460911.10532876686,0
2016-12-19,"{""base_buy_amount"": 56994.15626345524, ""max_daily_buy_amount"": 1595156.317254063, ""score_threshold"": 0.6594034263681285, ""score_scale"": 3.673244203818508, ""w_drawdown"": 3.9036451551098397, ""w_rsi"": 2.2945788776916998, ""w_ma_gap_25"": 2.8437059797644686, ""w_ret_5"": 0.6989849906382872, ""w_trend"": -2.3128195587841596, ""w_vol"": 3.3420148089523583, ""w_exposure"": 4.710962061431325, ""w_unrealized_loss"": 5.652361064811888, ""fixed_profit_yen"": 38954.9462985532, ""base_take_profit_pct"": 0.01977211296001654, ""min_take_profit_pct"": 0.005982214605921963, ""exposure_tp_sensitivity"": 0.5032864446708722, ""vol_tp_multiplier"": 1.519750490313061}",-119446.59030036925,280028.62047749053,338039.3162269527,460911.10532876686,0
2016-12-27,"{""base_buy_amount"": 56994.15626345524, ""max_daily_buy_amount"": 1595156.317254063, ""score_threshold"": 0.6594034263681285, ""score_scale"": 3.673244203818508, ""w_drawdown"": 3.9036451551098397, ""w_rsi"": 2.2945788776916998, ""w_ma_gap_25"": 2.8437059797644686, ""w_ret_5"": 0.6989849906382872, ""w_trend"": -2.3128195587841596, ""w_vol"": 3.3420148089523583, ""w_exposure"": 4.710962061431325, ""w_unrealized_loss"": 5.652361064811888, ""fixed_profit_yen"": 38954.9462985532, ""base_take_profit_pct"": 0.01977211296001654, ""min_take_profit_pct"": 0.005982214605921963, ""exposure_tp_sensitivity"": 0.5032864446708722, ""vol_tp_multiplier"": 1.519750490313061}",-73635.33917463385,283986.62524335965,295673.64826064464,419570.28057534236,0
2017-01-05,"{""base_buy_amount"": 576334.336362097, ""max_daily_buy_amount"": 306293.90815734275, ""score_threshold"": 0.6889603721592468, ""score_scale"": 1.7655520272755374, ""w_drawdown"": 3.297113173459509, ""w_rsi"": 3.634973071434413, ""w_ma_gap_25"": 3.843237459588285, ""w_ret_5"": 0.5387047297794828, ""w_trend"": 2.4960710708256473, ""w_vol"": 1.151069954474404, ""w_exposure"": 0.3741255617617978, ""w_unrealized_loss"": 5.548524693914834, ""fixed_profit_yen"": 20433.34734153462, ""base_take_profit_pct"": 0.025234112807707564, ""min_take_profit_pct"": 0.008274263248578717, ""exposure_tp_sensitivity"": 0.2854250035404438, ""vol_tp_multiplier"": 4.764496975348725}",87089.49692873424,1923943.3953418229,1597911.7433330277,2075796.0534931496,0
2017-01-13,"{""base_buy_amount"": 576334.336362097, ""max_daily_buy_amount"": 306293.90815734275, ""score_threshold"": 0.6889603721592468, ""score_scale"": 1.7655520272755374, ""w_drawdown"": 3.297113173459509, ""w_rsi"": 3.634973071434413, ""w_ma_gap_25"": 3.843237459588285, ""w_ret_5"": 0.5387047297794828, ""w_trend"": 2.4960710708256473, ""w_vol"": 1.151069954474404, ""w_exposure"": 0.3741255617617978, ""w_unrealized_loss"": 5.548524693914834, ""fixed_profit_yen"": 20433.34734153462, ""base_take_profit_pct"": 0.025234112807707564, ""min_take_profit_pct"": 0.008274263248578717, ""exposure_tp_sensitivity"": 0.2854250035404438, ""vol_tp_multiplier"": 4.764496975348725}",531279.0641446458,2001134.178068256,1362060.3762718784,1577649.851575342,0
2017-01-20,"{""base_buy_amount"": 758713.566231274, ""max_daily_buy_amount"": 1651480.6505054298, ""score_threshold"": -1.5788876805835002, ""score_scale"": 0.7995148562983017, ""w_drawdown"": 2.972168318782259, ""w_rsi"": 0.7308662209634914, ""w_ma_gap_25"": 4.1233209522817065, ""w_ret_5"": 1.5516733696203722, ""w_trend"": -2.136768402173144, ""w_vol"": 4.604852362437251, ""w_exposure"": 1.6553172273527816, ""w_unrealized_loss"": 2.8472008233793558, ""fixed_profit_yen"": 10219.829574026757, ""base_take_profit_pct"": 0.0052337217826299385, ""min_take_profit_pct"": 0.0011903321470279604, ""exposure_tp_sensitivity"": 0.049855868247834105, ""vol_tp_multiplier"": 0.8732073546792635}",1767237.1153522744,2650441.0653468254,797444.4134548558,968963.4865342465,0
2017-01-27,"{""base_buy_amount"": 654587.925002388, ""max_daily_buy_amount"": 1187584.984921411, ""score_threshold"": -1.4194789813398012, ""score_scale"": 4.757110041011428, ""w_drawdown"": 1.5067131625735897, ""w_rsi"": 2.8900860790377108, ""w_ma_gap_25"": 3.498879722945331, ""w_ret_5"": 3.2461657762265443, ""w_trend"": 2.643566458173111, ""w_vol"": 0.74219494960029, ""w_exposure"": 5.083527384469421, ""w_unrealized_loss"": 4.04034390740766, ""fixed_profit_yen"": 25285.93028568305, ""base_take_profit_pct"": 0.0053380907335368495, ""min_take_profit_pct"": 0.002206851488854888, ""exposure_tp_sensitivity"": 0.25026799120313165, ""vol_tp_multiplier"": 1.5235230188041564}",1896156.017738528,2519573.9563823636,637760.4319863012,609075.4453013698,0
2017-02-03,"{""base_buy_amount"": 758713.566231274, ""max_daily_buy_amount"": 1651480.6505054298, ""score_threshold"": -1.5788876805835002, ""score_scale"": 0.7995148562983017, ""w_drawdown"": 2.972168318782259, ""w_rsi"": 0.7308662209634914, ""w_ma_gap_25"": 4.1233209522817065, ""w_ret_5"": 1.5516733696203722, ""w_trend"": -2.136768402173144, ""w_vol"": 4.604852362437251, ""w_exposure"": 1.6553172273527816, ""w_unrealized_loss"": 2.8472008233793558, ""fixed_profit_yen"": 10219.829574026757, ""base_take_profit_pct"": 0.0052337217826299385, ""min_take_profit_pct"": 0.0011903321470279604, ""exposure_tp_sensitivity"": 0.049855868247834105, ""vol_tp_multiplier"": 0.8732073546792635}",1561278.518449062,2465403.519416709,812651.047428445,995598.9545068492,0
2017-02-10,"{""base_buy_amount"": 758713.566231274, ""max_daily_buy_amount"": 1651480.6505054298, ""score_threshold"": -1.5788876805835002, ""score_scale"": 0.7995148562983017, ""w_drawdown"": 2.972168318782259, ""w_rsi"": 0.7308662209634914, ""w_ma_gap_25"": 4.1233209522817065, ""w_ret_5"": 1.5516733696203722, ""w_trend"": -2.136768402173144, ""w_vol"": 4.604852362437251, ""w_exposure"": 1.6553172273527816, ""w_unrealized_loss"": 2.8472008233793558, ""fixed_profit_yen"": 10219.829574026757, ""base_take_profit_pct"": 0.0052337217826299385, ""min_take_profit_pct"": 0.0011903321470279604, ""exposure_tp_sensitivity"": 0.049855868247834105, ""vol_tp_multiplier"": 0.8732073546792635}",1462916.093941667,2319446.275382845,779539.2038686583,933521.1590136983,0
2017-02-17,"{""base_buy_amount"": 654587.925002388, ""max_daily_buy_amount"": 1187584.984921411, ""score_threshold"": -1.4194789813398012, ""score_scale"": 4.757110041011428, ""w_drawdown"": 1.5067131625735897, ""w_rsi"": 2.8900860790377108, ""w_ma_gap_25"": 3.498879722945331, ""w_ret_5"": 3.2461657762265443, ""w_trend"": 2.643566458173111, ""w_vol"": 0.74219494960029, ""w_exposure"": 5.083527384469421, ""w_unrealized_loss"": 4.04034390740766, ""fixed_profit_yen"": 25285.93028568305, ""base_take_profit_pct"": 0.0053380907335368495, ""min_take_profit_pct"": 0.002206851488854888, ""exposure_tp_sensitivity"": 0.25026799120313165, ""vol_tp_multiplier"": 1.5235230188041564}",1906784.9366721045,2452629.871305519,482614.42396545876,609075.4453013698,0
2017-02-24,"{""base_buy_amount"": 654587.925002388, ""max_daily_buy_amount"": 1187584.984921411, ""score_threshold"": -1.4194789813398012, ""score_scale"": 4.757110041011428, ""w_drawdown"": 1.5067131625735897, ""w_rsi"": 2.8900860790377108, ""w_ma_gap_25"": 3.498879722945331, ""w_ret_5"": 3.2461657762265443, ""w_trend"": 2.643566458173111, ""w_vol"": 0.74219494960029, ""w_exposure"": 5.083527384469421, ""w_unrealized_loss"": 4.04034390740766, ""fixed_profit_yen"": 25285.93028568305, ""base_take_profit_pct"": 0.0053380907335368495, ""min_take_profit_pct"": 0.002206851488854888, ""exposure_tp_sensitivity"": 0.25026799120313165, ""vol_tp_multiplier"": 1.5235230188041564}",1851753.4203777174,2397598.3550111316,482614.42396545876,609075.4453013698,0
2017-03-03,"{""base_buy_amount"": 654587.925002388, ""max_daily_buy_amount"": 1187584.984921411, ""score_threshold"": -1.4194789813398012, ""score_scale"": 4.757110041011428, ""w_drawdown"": 1.5067131625735897, ""w_rsi"": 2.8900860790377108, ""w_ma_gap_25"": 3.498879722945331, ""w_ret_5"": 3.2461657762265443, ""w_trend"": 2.643566458173111, ""w_vol"": 0.74219494960029, ""w_exposure"": 5.083527384469421, ""w_unrealized_loss"": 4.04034390740766, ""fixed_profit_yen"": 25285.93028568305, ""base_take_profit_pct"": 0.0053380907335368495, ""min_take_profit_pct"": 0.002206851488854888, ""exposure_tp_sensitivity"": 0.25026799120313165, ""vol_tp_multiplier"": 1.5235230188041564}",1971591.3797639557,2517436.3143973695,482614.4239654578,609075.4453013698,0
2017-03-10,"{""base_buy_amount"": 654587.925002388, ""max_daily_buy_amount"": 1187584.984921411, ""score_threshold"": -1.4194789813398012, ""score_scale"": 4.757110041011428, ""w_drawdown"": 1.5067131625735897, ""w_rsi"": 2.8900860790377108, ""w_ma_gap_25"": 3.498879722945331, ""w_ret_5"": 3.2461657762265443, ""w_trend"": 2.643566458173111, ""w_vol"": 0.74219494960029, ""w_exposure"": 5.083527384469421, ""w_unrealized_loss"": 4.04034390740766, ""fixed_profit_yen"": 25285.93028568305, ""base_take_profit_pct"": 0.0053380907335368495, ""min_take_profit_pct"": 0.002206851488854888, ""exposure_tp_sensitivity"": 0.25026799120313165, ""vol_tp_multiplier"": 1.5235230188041564}",1760877.8844804359,2306722.81911385,482614.42396545876,609075.4453013698,0
2017-03-17,"{""base_buy_amount"": 654587.925002388, ""max_daily_buy_amount"": 1187584.984921411, ""score_threshold"": -1.4194789813398012, ""score_scale"": 4.757110041011428, ""w_drawdown"": 1.5067131625735897, ""w_rsi"": 2.8900860790377108, ""w_ma_gap_25"": 3.498879722945331, ""w_ret_5"": 3.2461657762265443, ""w_trend"": 2.643566458173111, ""w_vol"": 0.74219494960029, ""w_exposure"": 5.083527384469421, ""w_unrealized_loss"": 4.04034390740766, ""fixed_profit_yen"": 25285.93028568305, ""base_take_profit_pct"": 0.0053380907335368495, ""min_take_profit_pct"": 0.002206851488854888, ""exposure_tp_sensitivity"": 0.25026799120313165, ""vol_tp_multiplier"": 1.5235230188041564}",1844654.2292246372,2390499.163858051,482614.4239654578,609075.4453013698,0
2017-03-27,"{""base_buy_amount"": 654587.925002388, ""max_daily_buy_amount"": 1187584.984921411, ""score_threshold"": -1.4194789813398012, ""score_scale"": 4.757110041011428, ""w_drawdown"": 1.5067131625735897, ""w_rsi"": 2.8900860790377108, ""w_ma_gap_25"": 3.498879722945331, ""w_ret_5"": 3.2461657762265443, ""w_trend"": 2.643566458173111, ""w_vol"": 0.74219494960029, ""w_exposure"": 5.083527384469421, ""w_unrealized_loss"": 4.04034390740766, ""fixed_profit_yen"": 25285.93028568305, ""base_take_profit_pct"": 0.0053380907335368495, ""min_take_profit_pct"": 0.002206851488854888, ""exposure_tp_sensitivity"": 0.25026799120313165, ""vol_tp_multiplier"": 1.5235230188041564}",1781931.489306829,2327776.4239402427,482614.4239654578,609075.4453013698,0
2017-04-03,"{""base_buy_amount"": 654587.925002388, ""max_daily_buy_amount"": 1187584.984921411, ""score_threshold"": -1.4194789813398012, ""score_scale"": 4.757110041011428, ""w_drawdown"": 1.5067131625735897, ""w_rsi"": 2.8900860790377108, ""w_ma_gap_25"": 3.498879722945331, ""w_ret_5"": 3.2461657762265443, ""w_trend"": 2.643566458173111, ""w_vol"": 0.74219494960029, ""w_exposure"": 5.083527384469421, ""w_unrealized_loss"": 4.04034390740766, ""fixed_profit_yen"": 25285.93028568305, ""base_take_profit_pct"": 0.0053380907335368495, ""min_take_profit_pct"": 0.002206851488854888, ""exposure_tp_sensitivity"": 0.25026799120313165, ""vol_tp_multiplier"": 1.5235230188041564}",1679979.9880389404,2225824.9226723546,482614.42396545876,609075.4453013698,0
2017-04-10,"{""base_buy_amount"": 654587.925002388, ""max_daily_buy_amount"": 1187584.984921411, ""score_threshold"": -1.4194789813398012, ""score_scale"": 4.757110041011428, ""w_drawdown"": 1.5067131625735897, ""w_rsi"": 2.8900860790377108, ""w_ma_gap_25"": 3.498879722945331, ""w_ret_5"": 3.2461657762265443, ""w_trend"": 2.643566458173111, ""w_vol"": 0.74219494960029, ""w_exposure"": 5.083527384469421, ""w_unrealized_loss"": 4.04034390740766, ""fixed_profit_yen"": 25285.93028568305, ""base_take_profit_pct"": 0.0053380907335368495, ""min_take_profit_pct"": 0.002206851488854888, ""exposure_tp_sensitivity"": 0.25026799120313165, ""vol_tp_multiplier"": 1.5235230188041564}",1482309.90424442,2028154.8388778341,482614.42396545876,609075.4453013698,0
2017-04-17,"{""base_buy_amount"": 960631.2525793731, ""max_daily_buy_amount"": 1016376.5301915105, ""score_threshold"": 1.1309409090011449, ""score_scale"": 0.8722849996509736, ""w_drawdown"": 2.4332916541908016, ""w_rsi"": 2.4535349717726045, ""w_ma_gap_25"": 4.689132274874915, ""w_ret_5"": 2.858640261880377, ""w_trend"": -0.15906359365827694, ""w_vol"": 1.334878315459468, ""w_exposure"": 3.315689973425522, ""w_unrealized_loss"": 5.206724024715378, ""fixed_profit_yen"": 23628.838634337193, ""base_take_profit_pct"": 0.002605138236649252, ""min_take_profit_pct"": 0.002605138236649252, ""exposure_tp_sensitivity"": 0.80654469465579, ""vol_tp_multiplier"": 0.7012454449930539}",937138.2898180803,1347914.0560621168,375244.9359401278,446306.5965479451,0
2017-04-24,"{""base_buy_amount"": 960631.2525793731, ""max_daily_buy_amount"": 1016376.5301915105, ""score_threshold"": 1.1309409090011449, ""score_scale"": 0.8722849996509736, ""w_drawdown"": 2.4332916541908016, ""w_rsi"": 2.4535349717726045, ""w_ma_gap_25"": 4.689132274874915, ""w_ret_5"": 2.858640261880377, ""w_trend"": -0.15906359365827694, ""w_vol"": 1.334878315459468, ""w_exposure"": 3.315689973425522, ""w_unrealized_loss"": 5.206724024715378, ""fixed_profit_yen"": 23628.838634337193, ""base_take_profit_pct"": 0.002605138236649252, ""min_take_profit_pct"": 0.002605138236649252, ""exposure_tp_sensitivity"": 0.80654469465579, ""vol_tp_multiplier"": 0.7012454449930539}",1038694.9297709287,1449470.6960149652,375244.9359401278,446306.5965479451,0
2017-05-01,"{""base_buy_amount"": 960631.2525793731, ""max_daily_buy_amount"": 1016376.5301915105, ""score_threshold"": 1.1309409090011449, ""score_scale"": 0.8722849996509736, ""w_drawdown"": 2.4332916541908016, ""w_rsi"": 2.4535349717726045, ""w_ma_gap_25"": 4.689132274874915, ""w_ret_5"": 2.858640261880377, ""w_trend"": -0.15906359365827694, ""w_vol"": 1.334878315459468, ""w_exposure"": 3.315689973425522, ""w_unrealized_loss"": 5.206724024715378, ""fixed_profit_yen"": 23628.838634337193, ""base_take_profit_pct"": 0.002605138236649252, ""min_take_profit_pct"": 0.002605138236649252, ""exposure_tp_sensitivity"": 0.80654469465579, ""vol_tp_multiplier"": 0.7012454449930539}",1304053.3766766593,1714829.1429206962,375244.93594012875,446306.5965479451,0
2017-05-11,"{""base_buy_amount"": 960631.2525793731, ""max_daily_buy_amount"": 1016376.5301915105, ""score_threshold"": 1.1309409090011449, ""score_scale"": 0.8722849996509736, ""w_drawdown"": 2.4332916541908016, ""w_rsi"": 2.4535349717726045, ""w_ma_gap_25"": 4.689132274874915, ""w_ret_5"": 2.858640261880377, ""w_trend"": -0.15906359365827694, ""w_vol"": 1.334878315459468, ""w_exposure"": 3.315689973425522, ""w_unrealized_loss"": 5.206724024715378, ""fixed_profit_yen"": 23628.838634337193, ""base_take_profit_pct"": 0.002605138236649252, ""min_take_profit_pct"": 0.002605138236649252, ""exposure_tp_sensitivity"": 0.80654469465579, ""vol_tp_multiplier"": 0.7012454449930539}",1328937.7690058597,1739713.5352498966,375244.93594012875,446306.5965479451,0
2017-05-18,"{""base_buy_amount"": 960631.2525793731, ""max_daily_buy_amount"": 1016376.5301915105, ""score_threshold"": 1.1309409090011449, ""score_scale"": 0.8722849996509736, ""w_drawdown"": 2.4332916541908016, ""w_rsi"": 2.4535349717726045, ""w_ma_gap_25"": 4.689132274874915, ""w_ret_5"": 2.858640261880377, ""w_trend"": -0.15906359365827694, ""w_vol"": 1.334878315459468, ""w_exposure"": 3.315689973425522, ""w_unrealized_loss"": 5.206724024715378, ""fixed_profit_yen"": 23628.838634337193, ""base_take_profit_pct"": 0.002605138236649252, ""min_take_profit_pct"": 0.002605138236649252, ""exposure_tp_sensitivity"": 0.80654469465579, ""vol_tp_multiplier"": 0.7012454449930539}",1181790.0979563924,1592565.8642004288,375244.9359401278,446306.5965479451,0
2017-05-25,"{""base_buy_amount"": 960631.2525793731, ""max_daily_buy_amount"": 1016376.5301915105, ""score_threshold"": 1.1309409090011449, ""score_scale"": 0.8722849996509736, ""w_drawdown"": 2.4332916541908016, ""w_rsi"": 2.4535349717726045, ""w_ma_gap_25"": 4.689132274874915, ""w_ret_5"": 2.858640261880377, ""w_trend"": -0.15906359365827694, ""w_vol"": 1.334878315459468, ""w_exposure"": 3.315689973425522, ""w_unrealized_loss"": 5.206724024715378, ""fixed_profit_yen"": 23628.838634337193, ""base_take_profit_pct"": 0.002605138236649252, ""min_take_profit_pct"": 0.002605138236649252, ""exposure_tp_sensitivity"": 0.80654469465579, ""vol_tp_multiplier"": 0.7012454449930539}",1152931.4612794167,1563707.2275234535,375244.93594012875,446306.5965479451,0
2017-06-01,"{""base_buy_amount"": 960631.2525793731, ""max_daily_buy_amount"": 1016376.5301915105, ""score_threshold"": 1.1309409090011449, ""score_scale"": 0.8722849996509736, ""w_drawdown"": 2.4332916541908016, ""w_rsi"": 2.4535349717726045, ""w_ma_gap_25"": 4.689132274874915, ""w_ret_5"": 2.858640261880377, ""w_trend"": -0.15906359365827694, ""w_vol"": 1.334878315459468, ""w_exposure"": 3.315689973425522, ""w_unrealized_loss"": 5.206724024715378, ""fixed_profit_yen"": 23628.838634337193, ""base_take_profit_pct"": 0.002605138236649252, ""min_take_profit_pct"": 0.002605138236649252, ""exposure_tp_sensitivity"": 0.80654469465579, ""vol_tp_multiplier"": 0.7012454449930539}",1129713.577834942,1540489.3440789788,375244.93594012875,446306.5965479451,0
2017-06-08,"{""base_buy_amount"": 960631.2525793731, ""max_daily_buy_amount"": 1016376.5301915105, ""score_threshold"": 1.1309409090011449, ""score_scale"": 0.8722849996509736, ""w_drawdown"": 2.4332916541908016, ""w_rsi"": 2.4535349717726045, ""w_ma_gap_25"": 4.689132274874915, ""w_ret_5"": 2.858640261880377, ""w_trend"": -0.15906359365827694, ""w_vol"": 1.334878315459468, ""w_exposure"": 3.315689973425522, ""w_unrealized_loss"": 5.206724024715378, ""fixed_profit_yen"": 23628.838634337193, ""base_take_profit_pct"": 0.002605138236649252, ""min_take_profit_pct"": 0.002605138236649252, ""exposure_tp_sensitivity"": 0.80654469465579, ""vol_tp_multiplier"": 0.7012454449930539}",1120511.385781271,1531287.1520253078,375244.93594012875,446306.5965479451,0
2017-06-15,"{""base_buy_amount"": 811407.7203164445, ""max_daily_buy_amount"": 553250.3591920381, ""score_threshold"": 1.3976353716922918, ""score_scale"": 0.7575437306896717, ""w_drawdown"": 4.004819268208381, ""w_rsi"": 4.638977150861402, ""w_ma_gap_25"": 3.8605419955219027, ""w_ret_5"": 3.4906039198931857, ""w_trend"": 2.0278813119322985, ""w_vol"": 0.2007564977353321, ""w_exposure"": 2.017821107190554, ""w_unrealized_loss"": 1.2492367930564308, ""fixed_profit_yen"": 26712.95653907037, ""base_take_profit_pct"": 0.022865267593207644, ""min_take_profit_pct"": 0.006670106601187589, ""exposure_tp_sensitivity"": 0.7660179897857415, ""vol_tp_multiplier"": 0.7760649622054544}",1096243.0029652154,2200144.8575990135,708757.1268018428,699046.5824657533,0
2017-06-22,"{""base_buy_amount"": 758713.566231274, ""max_daily_buy_amount"": 1651480.6505054298, ""score_threshold"": -1.5788876805835002, ""score_scale"": 0.7995148562983017, ""w_drawdown"": 2.972168318782259, ""w_rsi"": 0.7308662209634914, ""w_ma_gap_25"": 4.1233209522817065, ""w_ret_5"": 1.5516733696203722, ""w_trend"": -2.136768402173144, ""w_vol"": 4.604852362437251, ""w_exposure"": 1.6553172273527816, ""w_unrealized_loss"": 2.8472008233793558, ""fixed_profit_yen"": 10219.829574026757, ""base_take_profit_pct"": 0.0052337217826299385, ""min_take_profit_pct"": 0.0011903321470279604, ""exposure_tp_sensitivity"": 0.049855868247834105, ""vol_tp_multiplier"": 0.8732073546792635}",1275543.3385389831,1571774.9598981175,300446.36170457024,292016.8810136986,0
2017-06-29,"{""base_buy_amount"": 758713.566231274, ""max_daily_buy_amount"": 1651480.6505054298, ""score_threshold"": -1.5788876805835002, ""score_scale"": 0.7995148562983017, ""w_drawdown"": 2.972168318782259, ""w_rsi"": 0.7308662209634914, ""w_ma_gap_25"": 4.1233209522817065, ""w_ret_5"": 1.5516733696203722, ""w_trend"": -2.136768402173144, ""w_vol"": 4.604852362437251, ""w_exposure"": 1.6553172273527816, ""w_unrealized_loss"": 2.8472008233793558, ""fixed_profit_yen"": 10219.829574026757, ""base_take_profit_pct"": 0.0052337217826299385, ""min_take_profit_pct"": 0.0011903321470279604, ""exposure_tp_sensitivity"": 0.049855868247834105, ""vol_tp_multiplier"": 0.8732073546792635}",1209590.7636816541,1505822.3850407884,300446.36170457024,292016.8810136986,0
2017-07-06,"{""base_buy_amount"": 758713.566231274, ""max_daily_buy_amount"": 1651480.6505054298, ""score_threshold"": -1.5788876805835002, ""score_scale"": 0.7995148562983017, ""w_drawdown"": 2.972168318782259, ""w_rsi"": 0.7308662209634914, ""w_ma_gap_25"": 4.1233209522817065, ""w_ret_5"": 1.5516733696203722, ""w_trend"": -2.136768402173144, ""w_vol"": 4.604852362437251, ""w_exposure"": 1.6553172273527816, ""w_unrealized_loss"": 2.8472008233793558, ""fixed_profit_yen"": 10219.829574026757, ""base_take_profit_pct"": 0.0052337217826299385, ""min_take_profit_pct"": 0.0011903321470279604, ""exposure_tp_sensitivity"": 0.049855868247834105, ""vol_tp_multiplier"": 0.8732073546792635}",1096104.561318488,1392336.1826776224,300446.36170457024,292016.8810136986,0
2017-07-13,"{""base_buy_amount"": 758713.566231274, ""max_daily_buy_amount"": 1651480.6505054298, ""score_threshold"": -1.5788876805835002, ""score_scale"": 0.7995148562983017, ""w_drawdown"": 2.972168318782259, ""w_rsi"": 0.7308662209634914, ""w_ma_gap_25"": 4.1233209522817065, ""w_ret_5"": 1.5516733696203722, ""w_trend"": -2.136768402173144, ""w_vol"": 4.604852362437251, ""w_exposure"": 1.6553172273527816, ""w_unrealized_loss"": 2.8472008233793558, ""fixed_profit_yen"": 10219.829574026757, ""base_take_profit_pct"": 0.0052337217826299385, ""min_take_profit_pct"": 0.0011903321470279604, ""exposure_tp_sensitivity"": 0.049855868247834105, ""vol_tp_multiplier"": 0.8732073546792635}",959305.6830260066,1255537.304385141,300446.36170457024,292016.8810136986,0
2017-07-21,"{""base_buy_amount"": 496078.02071201755, ""max_daily_buy_amount"": 459995.58226014284, ""score_threshold"": -1.4803139786581134, ""score_scale"": 2.640672168016702, ""w_drawdown"": 1.1345467452544207, ""w_rsi"": 3.3490699734125515, ""w_ma_gap_25"": 2.1857595943616537, ""w_ret_5"": 4.163390980289187, ""w_trend"": 1.2015906120134945, ""w_vol"": 1.5618332069102054, ""w_exposure"": 8.32259801395201, ""w_unrealized_loss"": 8.047643574968019, ""fixed_profit_yen"": 21211.4838144182, ""base_take_profit_pct"": 0.010073186910046834, ""min_take_profit_pct"": 0.00714245953577478, ""exposure_tp_sensitivity"": 0.12577723524837883, ""vol_tp_multiplier"": 0.9995410123755416}",786875.1085100707,1187408.01822655,398080.75754254777,402985.0618904107,0
2017-07-28,"{""base_buy_amount"": 496078.02071201755, ""max_daily_buy_amount"": 459995.58226014284, ""score_threshold"": -1.4803139786581134, ""score_scale"": 2.640672168016702, ""w_drawdown"": 1.1345467452544207, ""w_rsi"": 3.3490699734125515, ""w_ma_gap_25"": 2.1857595943616537, ""w_ret_5"": 4.163390980289187, ""w_trend"": 1.2015906120134945, ""w_vol"": 1.5618332069102054, ""w_exposure"": 8.32259801395201, ""w_unrealized_loss"": 8.047643574968019, ""fixed_profit_yen"": 21211.4838144182, ""base_take_profit_pct"": 0.010073186910046834, ""min_take_profit_pct"": 0.00714245953577478, ""exposure_tp_sensitivity"": 0.12577723524837883, ""vol_tp_multiplier"": 0.9995410123755416}",764227.4595834096,1164760.3692998888,398080.75754254777,402985.0618904107,0
2017-08-04,"{""base_buy_amount"": 496078.02071201755, ""max_daily_buy_amount"": 459995.58226014284, ""score_threshold"": -1.4803139786581134, ""score_scale"": 2.640672168016702, ""w_drawdown"": 1.1345467452544207, ""w_rsi"": 3.3490699734125515, ""w_ma_gap_25"": 2.1857595943616537, ""w_ret_5"": 4.163390980289187, ""w_trend"": 1.2015906120134945, ""w_vol"": 1.5618332069102054, ""w_exposure"": 8.32259801395201, ""w_unrealized_loss"": 8.047643574968019, ""fixed_profit_yen"": 21211.4838144182, ""base_take_profit_pct"": 0.010073186910046834, ""min_take_profit_pct"": 0.00714245953577478, ""exposure_tp_sensitivity"": 0.12577723524837883, ""vol_tp_multiplier"": 0.9995410123755416}",738380.6882140276,1138913.5979305059,398080.7575425459,402985.0618904107,0
2017-08-14,"{""base_buy_amount"": 496078.02071201755, ""max_daily_buy_amount"": 459995.58226014284, ""score_threshold"": -1.4803139786581134, ""score_scale"": 2.640672168016702, ""w_drawdown"": 1.1345467452544207, ""w_rsi"": 3.3490699734125515, ""w_ma_gap_25"": 2.1857595943616537, ""w_ret_5"": 4.163390980289187, ""w_trend"": 1.2015906120134945, ""w_vol"": 1.5618332069102054, ""w_exposure"": 8.32259801395201, ""w_unrealized_loss"": 8.047643574968019, ""fixed_profit_yen"": 21211.4838144182, ""base_take_profit_pct"": 0.010073186910046834, ""min_take_profit_pct"": 0.00714245953577478, ""exposure_tp_sensitivity"": 0.12577723524837883, ""vol_tp_multiplier"": 0.9995410123755416}",610601.726177042,1011134.6358935203,398080.7575425459,402985.0618904107,0
2017-08-21,"{""base_buy_amount"": 496078.02071201755, ""max_daily_buy_amount"": 459995.58226014284, ""score_threshold"": -1.4803139786581134, ""score_scale"": 2.640672168016702, ""w_drawdown"": 1.1345467452544207, ""w_rsi"": 3.3490699734125515, ""w_ma_gap_25"": 2.1857595943616537, ""w_ret_5"": 4.163390980289187, ""w_trend"": 1.2015906120134945, ""w_vol"": 1.5618332069102054, ""w_exposure"": 8.32259801395201, ""w_unrealized_loss"": 8.047643574968019, ""fixed_profit_yen"": 21211.4838144182, ""base_take_profit_pct"": 0.010073186910046834, ""min_take_profit_pct"": 0.00714245953577478, ""exposure_tp_sensitivity"": 0.12577723524837883, ""vol_tp_multiplier"": 0.9995410123755416}",435927.8021022228,836460.7118187016,398080.75754254684,402985.0618904107,0
2017-08-28,"{""base_buy_amount"": 496078.02071201755, ""max_daily_buy_amount"": 459995.58226014284, ""score_threshold"": -1.4803139786581134, ""score_scale"": 2.640672168016702, ""w_drawdown"": 1.1345467452544207, ""w_rsi"": 3.3490699734125515, ""w_ma_gap_25"": 2.1857595943616537, ""w_ret_5"": 4.163390980289187, ""w_trend"": 1.2015906120134945, ""w_vol"": 1.5618332069102054, ""w_exposure"": 8.32259801395201, ""w_unrealized_loss"": 8.047643574968019, ""fixed_profit_yen"": 21211.4838144182, ""base_take_profit_pct"": 0.010073186910046834, ""min_take_profit_pct"": 0.00714245953577478, ""exposure_tp_sensitivity"": 0.12577723524837883, ""vol_tp_multiplier"": 0.9995410123755416}",420259.26094872155,820792.1706652003,398080.75754254684,402985.0618904107,0
2017-09-04,"{""base_buy_amount"": 496078.02071201755, ""max_daily_buy_amount"": 459995.58226014284, ""score_threshold"": -1.4803139786581134, ""score_scale"": 2.640672168016702, ""w_drawdown"": 1.1345467452544207, ""w_rsi"": 3.3490699734125515, ""w_ma_gap_25"": 2.1857595943616537, ""w_ret_5"": 4.163390980289187, ""w_trend"": 1.2015906120134945, ""w_vol"": 1.5618332069102054, ""w_exposure"": 8.32259801395201, ""w_unrealized_loss"": 8.047643574968019, ""fixed_profit_yen"": 21211.4838144182, ""base_take_profit_pct"": 0.010073186910046834, ""min_take_profit_pct"": 0.00714245953577478, ""exposure_tp_sensitivity"": 0.12577723524837883, ""vol_tp_multiplier"": 0.9995410123755416}",519782.4755577006,920315.3852741794,398080.75754254684,402985.0618904107,0
2017-09-11,"{""base_buy_amount"": 960631.2525793731, ""max_daily_buy_amount"": 1016376.5301915105, ""score_threshold"": 1.1309409090011449, ""score_scale"": 0.8722849996509736, ""w_drawdown"": 2.4332916541908016, ""w_rsi"": 2.4535349717726045, ""w_ma_gap_25"": 4.689132274874915, ""w_ret_5"": 2.858640261880377, ""w_trend"": -0.15906359365827694, ""w_vol"": 1.334878315459468, ""w_exposure"": 3.315689973425522, ""w_unrealized_loss"": 5.206724024715378, ""fixed_profit_yen"": 23628.838634337193, ""base_take_profit_pct"": 0.002605138236649252, ""min_take_profit_pct"": 0.002605138236649252, ""exposure_tp_sensitivity"": 0.80654469465579, ""vol_tp_multiplier"": 0.7012454449930539}",279191.9876870594,653658.2143694524,375244.93594012875,373687.51742465736,0
2017-09-19,"{""base_buy_amount"": 496078.02071201755, ""max_daily_buy_amount"": 459995.58226014284, ""score_threshold"": -1.4803139786581134, ""score_scale"": 2.640672168016702, ""w_drawdown"": 1.1345467452544207, ""w_rsi"": 3.3490699734125515, ""w_ma_gap_25"": 2.1857595943616537, ""w_ret_5"": 4.163390980289187, ""w_trend"": 1.2015906120134945, ""w_vol"": 1.5618332069102054, ""w_exposure"": 8.32259801395201, ""w_unrealized_loss"": 8.047643574968019, ""fixed_profit_yen"": 21211.4838144182, ""base_take_profit_pct"": 0.010073186910046834, ""min_take_profit_pct"": 0.00714245953577478, ""exposure_tp_sensitivity"": 0.12577723524837883, ""vol_tp_multiplier"": 0.9995410123755416}",611779.6895565975,1012805.1561429398,398080.75754254777,403970.1756301368,0
2017-09-26,"{""base_buy_amount"": 496078.02071201755, ""max_daily_buy_amount"": 459995.58226014284, ""score_threshold"": -1.4803139786581134, ""score_scale"": 2.640672168016702, ""w_drawdown"": 1.1345467452544207, ""w_rsi"": 3.3490699734125515, ""w_ma_gap_25"": 2.1857595943616537, ""w_ret_5"": 4.163390980289187, ""w_trend"": 1.2015906120134945, ""w_vol"": 1.5618332069102054, ""w_exposure"": 8.32259801395201, ""w_unrealized_loss"": 8.047643574968019, ""fixed_profit_yen"": 21211.4838144182, ""base_take_profit_pct"": 0.010073186910046834, ""min_take_profit_pct"": 0.00714245953577478, ""exposure_tp_sensitivity"": 0.12577723524837883, ""vol_tp_multiplier"": 0.9995410123755416}",782849.0797909221,1183874.5463772644,398080.75754254777,403970.1756301368,0
2017-10-03,"{""base_buy_amount"": 496078.02071201755, ""max_daily_buy_amount"": 459995.58226014284, ""score_threshold"": -1.4803139786581134, ""score_scale"": 2.640672168016702, ""w_drawdown"": 1.1345467452544207, ""w_rsi"": 3.3490699734125515, ""w_ma_gap_25"": 2.1857595943616537, ""w_ret_5"": 4.163390980289187, ""w_trend"": 1.2015906120134945, ""w_vol"": 1.5618332069102054, ""w_exposure"": 8.32259801395201, ""w_unrealized_loss"": 8.047643574968019, ""fixed_profit_yen"": 21211.4838144182, ""base_take_profit_pct"": 0.010073186910046834, ""min_take_profit_pct"": 0.00714245953577478, ""exposure_tp_sensitivity"": 0.12577723524837883, ""vol_tp_multiplier"": 0.9995410123755416}",731009.8671905482,1132035.33377689,398080.75754254684,403970.1756301368,0
2017-10-11,"{""base_buy_amount"": 496078.02071201755, ""max_daily_buy_amount"": 459995.58226014284, ""score_threshold"": -1.4803139786581134, ""score_scale"": 2.640672168016702, ""w_drawdown"": 1.1345467452544207, ""w_rsi"": 3.3490699734125515, ""w_ma_gap_25"": 2.1857595943616537, ""w_ret_5"": 4.163390980289187, ""w_trend"": 1.2015906120134945, ""w_vol"": 1.5618332069102054, ""w_exposure"": 8.32259801395201, ""w_unrealized_loss"": 8.047643574968019, ""fixed_profit_yen"": 21211.4838144182, ""base_take_profit_pct"": 0.010073186910046834, ""min_take_profit_pct"": 0.00714245953577478, ""exposure_tp_sensitivity"": 0.12577723524837883, ""vol_tp_multiplier"": 0.9995410123755416}",691829.6754631225,1092855.142049464,398080.7575425459,403970.1756301368,0
2017-10-18,"{""base_buy_amount"": 496078.02071201755, ""max_daily_buy_amount"": 459995.58226014284, ""score_threshold"": -1.4803139786581134, ""score_scale"": 2.640672168016702, ""w_drawdown"": 1.1345467452544207, ""w_rsi"": 3.3490699734125515, ""w_ma_gap_25"": 2.1857595943616537, ""w_ret_5"": 4.163390980289187, ""w_trend"": 1.2015906120134945, ""w_vol"": 1.5618332069102054, ""w_exposure"": 8.32259801395201, ""w_unrealized_loss"": 8.047643574968019, ""fixed_profit_yen"": 21211.4838144182, ""base_take_profit_pct"": 0.010073186910046834, ""min_take_profit_pct"": 0.00714245953577478, ""exposure_tp_sensitivity"": 0.12577723524837883, ""vol_tp_multiplier"": 0.9995410123755416}",680449.8067140293,1081475.2733003711,398080.75754254684,403970.1756301368,0
2017-10-25,"{""base_buy_amount"": 496078.02071201755, ""max_daily_buy_amount"": 459995.58226014284, ""score_threshold"": -1.4803139786581134, ""score_scale"": 2.640672168016702, ""w_drawdown"": 1.1345467452544207, ""w_rsi"": 3.3490699734125515, ""w_ma_gap_25"": 2.1857595943616537, ""w_ret_5"": 4.163390980289187, ""w_trend"": 1.2015906120134945, ""w_vol"": 1.5618332069102054, ""w_exposure"": 8.32259801395201, ""w_unrealized_loss"": 8.047643574968019, ""fixed_profit_yen"": 21211.4838144182, ""base_take_profit_pct"": 0.010073186910046834, ""min_take_profit_pct"": 0.00714245953577478, ""exposure_tp_sensitivity"": 0.12577723524837883, ""vol_tp_multiplier"": 0.9995410123755416}",647170.4397365892,1048195.906322931,398080.75754254684,403970.1756301368,0
2017-11-01,"{""base_buy_amount"": 496078.02071201755, ""max_daily_buy_amount"": 459995.58226014284, ""score_threshold"": -1.4803139786581134, ""score_scale"": 2.640672168016702, ""w_drawdown"": 1.1345467452544207, ""w_rsi"": 3.3490699734125515, ""w_ma_gap_25"": 2.1857595943616537, ""w_ret_5"": 4.163390980289187, ""w_trend"": 1.2015906120134945, ""w_vol"": 1.5618332069102054, ""w_exposure"": 8.32259801395201, ""w_unrealized_loss"": 8.047643574968019, ""fixed_profit_yen"": 21211.4838144182, ""base_take_profit_pct"": 0.010073186910046834, ""min_take_profit_pct"": 0.00714245953577478, ""exposure_tp_sensitivity"": 0.12577723524837883, ""vol_tp_multiplier"": 0.9995410123755416}",633505.4441308801,1034530.9107172214,398080.7575425459,403970.1756301368,0
2017-11-09,"{""base_buy_amount"": 496078.02071201755, ""max_daily_buy_amount"": 459995.58226014284, ""score_threshold"": -1.4803139786581134, ""score_scale"": 2.640672168016702, ""w_drawdown"": 1.1345467452544207, ""w_rsi"": 3.3490699734125515, ""w_ma_gap_25"": 2.1857595943616537, ""w_ret_5"": 4.163390980289187, ""w_trend"": 1.2015906120134945, ""w_vol"": 1.5618332069102054, ""w_exposure"": 8.32259801395201, ""w_unrealized_loss"": 8.047643574968019, ""fixed_profit_yen"": 21211.4838144182, ""base_take_profit_pct"": 0.010073186910046834, ""min_take_profit_pct"": 0.00714245953577478, ""exposure_tp_sensitivity"": 0.12577723524837883, ""vol_tp_multiplier"": 0.9995410123755416}",629385.703953653,1030411.1705399948,398080.75754254684,403970.1756301368,0
2017-11-16,"{""base_buy_amount"": 496078.02071201755, ""max_daily_buy_amount"": 459995.58226014284, ""score_threshold"": -1.4803139786581134, ""score_scale"": 2.640672168016702, ""w_drawdown"": 1.1345467452544207, ""w_rsi"": 3.3490699734125515, ""w_ma_gap_25"": 2.1857595943616537, ""w_ret_5"": 4.163390980289187, ""w_trend"": 1.2015906120134945, ""w_vol"": 1.5618332069102054, ""w_exposure"": 8.32259801395201, ""w_unrealized_loss"": 8.047643574968019, ""fixed_profit_yen"": 21211.4838144182, ""base_take_profit_pct"": 0.010073186910046834, ""min_take_profit_pct"": 0.00714245953577478, ""exposure_tp_sensitivity"": 0.12577723524837883, ""vol_tp_multiplier"": 0.9995410123755416}",527120.8065485707,928146.2731349126,398080.75754254684,403970.1756301368,0
2017-11-24,"{""base_buy_amount"": 496078.02071201755, ""max_daily_buy_amount"": 459995.58226014284, ""score_threshold"": -1.4803139786581134, ""score_scale"": 2.640672168016702, ""w_drawdown"": 1.1345467452544207, ""w_rsi"": 3.3490699734125515, ""w_ma_gap_25"": 2.1857595943616537, ""w_ret_5"": 4.163390980289187, ""w_trend"": 1.2015906120134945, ""w_vol"": 1.5618332069102054, ""w_exposure"": 8.32259801395201, ""w_unrealized_loss"": 8.047643574968019, ""fixed_profit_yen"": 21211.4838144182, ""base_take_profit_pct"": 0.010073186910046834, ""min_take_profit_pct"": 0.00714245953577478, ""exposure_tp_sensitivity"": 0.12577723524837883, ""vol_tp_multiplier"": 0.9995410123755416}",582459.4903447796,983484.9569311214,398080.75754254684,403970.1756301368,0
2017-12-01,"{""base_buy_amount"": 496078.02071201755, ""max_daily_buy_amount"": 459995.58226014284, ""score_threshold"": -1.4803139786581134, ""score_scale"": 2.640672168016702, ""w_drawdown"": 1.1345467452544207, ""w_rsi"": 3.3490699734125515, ""w_ma_gap_25"": 2.1857595943616537, ""w_ret_5"": 4.163390980289187, ""w_trend"": 1.2015906120134945, ""w_vol"": 1.5618332069102054, ""w_exposure"": 8.32259801395201, ""w_unrealized_loss"": 8.047643574968019, ""fixed_profit_yen"": 21211.4838144182, ""base_take_profit_pct"": 0.010073186910046834, ""min_take_profit_pct"": 0.00714245953577478, ""exposure_tp_sensitivity"": 0.12577723524837883, ""vol_tp_multiplier"": 0.9995410123755416}",596500.802205457,997526.2687917989,398080.75754254684,403970.1756301368,0
2017-12-08,"{""base_buy_amount"": 496078.02071201755, ""max_daily_buy_amount"": 459995.58226014284, ""score_threshold"": -1.4803139786581134, ""score_scale"": 2.640672168016702, ""w_drawdown"": 1.1345467452544207, ""w_rsi"": 3.3490699734125515, ""w_ma_gap_25"": 2.1857595943616537, ""w_ret_5"": 4.163390980289187, ""w_trend"": 1.2015906120134945, ""w_vol"": 1.5618332069102054, ""w_exposure"": 8.32259801395201, ""w_unrealized_loss"": 8.047643574968019, ""fixed_profit_yen"": 21211.4838144182, ""base_take_profit_pct"": 0.010073186910046834, ""min_take_profit_pct"": 0.00714245953577478, ""exposure_tp_sensitivity"": 0.12577723524837883, ""vol_tp_multiplier"": 0.9995410123755416}",592743.8143185686,993769.2809049104,398080.75754254684,403970.1756301368,0
2017-12-15,"{""base_buy_amount"": 496078.02071201755, ""max_daily_buy_amount"": 459995.58226014284, ""score_threshold"": -1.4803139786581134, ""score_scale"": 2.640672168016702, ""w_drawdown"": 1.1345467452544207, ""w_rsi"": 3.3490699734125515, ""w_ma_gap_25"": 2.1857595943616537, ""w_ret_5"": 4.163390980289187, ""w_trend"": 1.2015906120134945, ""w_vol"": 1.5618332069102054, ""w_exposure"": 8.32259801395201, ""w_unrealized_loss"": 8.047643574968019, ""fixed_profit_yen"": 21211.4838144182, ""base_take_profit_pct"": 0.010073186910046834, ""min_take_profit_pct"": 0.00714245953577478, ""exposure_tp_sensitivity"": 0.12577723524837883, ""vol_tp_multiplier"": 0.9995410123755416}",625257.0127424288,1026282.4793287707,398080.75754254684,403970.1756301368,0
2017-12-22,"{""base_buy_amount"": 496078.02071201755, ""max_daily_buy_amount"": 459995.58226014284, ""score_threshold"": -1.4803139786581134, ""score_scale"": 2.640672168016702, ""w_drawdown"": 1.1345467452544207, ""w_rsi"": 3.3490699734125515, ""w_ma_gap_25"": 2.1857595943616537, ""w_ret_5"": 4.163390980289187, ""w_trend"": 1.2015906120134945, ""w_vol"": 1.5618332069102054, ""w_exposure"": 8.32259801395201, ""w_unrealized_loss"": 8.047643574968019, ""fixed_profit_yen"": 21211.4838144182, ""base_take_profit_pct"": 0.010073186910046834, ""min_take_profit_pct"": 0.00714245953577478, ""exposure_tp_sensitivity"": 0.12577723524837883, ""vol_tp_multiplier"": 0.9995410123755416}",642474.3175351396,1043499.784121481,398080.7575425459,403970.1756301368,0
2017-12-29,"{""base_buy_amount"": 496078.02071201755, ""max_daily_buy_amount"": 459995.58226014284, ""score_threshold"": -1.4803139786581134, ""score_scale"": 2.640672168016702, ""w_drawdown"": 1.1345467452544207, ""w_rsi"": 3.3490699734125515, ""w_ma_gap_25"": 2.1857595943616537, ""w_ret_5"": 4.163390980289187, ""w_trend"": 1.2015906120134945, ""w_vol"": 1.5618332069102054, ""w_exposure"": 8.32259801395201, ""w_unrealized_loss"": 8.047643574968019, ""fixed_profit_yen"": 21211.4838144182, ""base_take_profit_pct"": 0.010073186910046834, ""min_take_profit_pct"": 0.00714245953577478, ""exposure_tp_sensitivity"": 0.12577723524837883, ""vol_tp_multiplier"": 0.9995410123755416}",629655.4021360603,1030669.2340188824,398057.48813550733,403970.1756301368,0
2018-01-11,"{""base_buy_amount"": 496078.02071201755, ""max_daily_buy_amount"": 459995.58226014284, ""score_threshold"": -1.4803139786581134, ""score_scale"": 2.640672168016702, ""w_drawdown"": 1.1345467452544207, ""w_rsi"": 3.3490699734125515, ""w_ma_gap_25"": 2.1857595943616537, ""w_ret_5"": 4.163390980289187, ""w_trend"": 1.2015906120134945, ""w_vol"": 1.5618332069102054, ""w_exposure"": 8.32259801395201, ""w_unrealized_loss"": 8.047643574968019, ""fixed_profit_yen"": 21211.4838144182, ""base_take_profit_pct"": 0.010073186910046834, ""min_take_profit_pct"": 0.00714245953577478, ""exposure_tp_sensitivity"": 0.12577723524837883, ""vol_tp_multiplier"": 0.9995410123755416}",750596.0541530878,1153396.175204127,399877.81647194177,405722.42563013674,0
2018-01-18,"{""base_buy_amount"": 496078.02071201755, ""max_daily_buy_amount"": 459995.58226014284, ""score_threshold"": -1.4803139786581134, ""score_scale"": 2.640672168016702, ""w_drawdown"": 1.1345467452544207, ""w_rsi"": 3.3490699734125515, ""w_ma_gap_25"": 2.1857595943616537, ""w_ret_5"": 4.163390980289187, ""w_trend"": 1.2015906120134945, ""w_vol"": 1.5618332069102054, ""w_exposure"": 8.32259801395201, ""w_unrealized_loss"": 8.047643574968019, ""fixed_profit_yen"": 21211.4838144182, ""base_take_profit_pct"": 0.010073186910046834, ""min_take_profit_pct"": 0.00714245953577478, ""exposure_tp_sensitivity"": 0.12577723524837883, ""vol_tp_multiplier"": 0.9995410123755416}",793324.8571919093,1193259.0894804122,395898.28894686885,403970.1756301368,0
2018-01-25,"{""base_buy_amount"": 496078.02071201755, ""max_daily_buy_amount"": 459995.58226014284, ""score_threshold"": -1.4803139786581134, ""score_scale"": 2.640672168016702, ""w_drawdown"": 1.1345467452544207, ""w_rsi"": 3.3490699734125515, ""w_ma_gap_25"": 2.1857595943616537, ""w_ret_5"": 4.163390980289187, ""w_trend"": 1.2015906120134945, ""w_vol"": 1.5618332069102054, ""w_exposure"": 8.32259801395201, ""w_unrealized_loss"": 8.047643574968019, ""fixed_profit_yen"": 21211.4838144182, ""base_take_profit_pct"": 0.010073186910046834, ""min_take_profit_pct"": 0.00714245953577478, ""exposure_tp_sensitivity"": 0.12577723524837883, ""vol_tp_multiplier"": 0.9995410123755416}",763091.08665641,1163370.8045930574,396589.26024315786,403970.1756301368,0
2018-02-01,"{""base_buy_amount"": 496078.02071201755, ""max_daily_buy_amount"": 459995.58226014284, ""score_threshold"": -1.4803139786581134, ""score_scale"": 2.640672168016702, ""w_drawdown"": 1.1345467452544207, ""w_rsi"": 3.3490699734125515, ""w_ma_gap_25"": 2.1857595943616537, ""w_ret_5"": 4.163390980289187, ""w_trend"": 1.2015906120134945, ""w_vol"": 1.5618332069102054, ""w_exposure"": 8.32259801395201, ""w_unrealized_loss"": 8.047643574968019, ""fixed_profit_yen"": 21211.4838144182, ""base_take_profit_pct"": 0.010073186910046834, ""min_take_profit_pct"": 0.00714245953577478, ""exposure_tp_sensitivity"": 0.12577723524837883, ""vol_tp_multiplier"": 0.9995410123755416}",564119.7937403764,967536.5669654331,400113.8096829904,406719.73676712305,0
2018-02-08,"{""base_buy_amount"": 857760.5838920356, ""max_daily_buy_amount"": 747122.5116238961, ""score_threshold"": -0.004732165874059113, ""score_scale"": 2.8913496845205997, ""w_drawdown"": 0.5248985794803529, ""w_rsi"": 1.9927625335077033, ""w_ma_gap_25"": 4.58668836275838, ""w_ret_5"": 3.1541612018237117, ""w_trend"": -1.934960505378195, ""w_vol"": 1.694278178048025, ""w_exposure"": 1.9160300966269983, ""w_unrealized_loss"": 0.2482313179857254, ""fixed_profit_yen"": 46590.64154968925, ""base_take_profit_pct"": 0.014549805191192401, ""min_take_profit_pct"": 0.0037678156517870756, ""exposure_tp_sensitivity"": 0.5386294724019629, ""vol_tp_multiplier"": 0.03657228146507818}",242653.60122415575,528898.1000409187,296297.9505239371,276191.04710958875,0
2018-02-16,"{""base_buy_amount"": 857760.5838920356, ""max_daily_buy_amount"": 747122.5116238961, ""score_threshold"": -0.004732165874059113, ""score_scale"": 2.8913496845205997, ""w_drawdown"": 0.5248985794803529, ""w_rsi"": 1.9927625335077033, ""w_ma_gap_25"": 4.58668836275838, ""w_ret_5"": 3.1541612018237117, ""w_trend"": -1.934960505378195, ""w_vol"": 1.694278178048025, ""w_exposure"": 1.9160300966269983, ""w_unrealized_loss"": 0.2482313179857254, ""fixed_profit_yen"": 46590.64154968925, ""base_take_profit_pct"": 0.014549805191192401, ""min_take_profit_pct"": 0.0037678156517870756, ""exposure_tp_sensitivity"": 0.5386294724019629, ""vol_tp_multiplier"": 0.03657228146507818}",181433.53753528255,467678.0363520455,296297.9505239371,276191.04710958875,0
2018-02-23,"{""base_buy_amount"": 857760.5838920356, ""max_daily_buy_amount"": 747122.5116238961, ""score_threshold"": -0.004732165874059113, ""score_scale"": 2.8913496845205997, ""w_drawdown"": 0.5248985794803529, ""w_rsi"": 1.9927625335077033, ""w_ma_gap_25"": 4.58668836275838, ""w_ret_5"": 3.1541612018237117, ""w_trend"": -1.934960505378195, ""w_vol"": 1.694278178048025, ""w_exposure"": 1.9160300966269983, ""w_unrealized_loss"": 0.2482313179857254, ""fixed_profit_yen"": 46590.64154968925, ""base_take_profit_pct"": 0.014549805191192401, ""min_take_profit_pct"": 0.0037678156517870756, ""exposure_tp_sensitivity"": 0.5386294724019629, ""vol_tp_multiplier"": 0.03657228146507818}",354015.19054436346,640259.6893611264,296297.9505239371,276191.04710958875,0
2018-03-02,"{""base_buy_amount"": 857760.5838920356, ""max_daily_buy_amount"": 747122.5116238961, ""score_threshold"": -0.004732165874059113, ""score_scale"": 2.8913496845205997, ""w_drawdown"": 0.5248985794803529, ""w_rsi"": 1.9927625335077033, ""w_ma_gap_25"": 4.58668836275838, ""w_ret_5"": 3.1541612018237117, ""w_trend"": -1.934960505378195, ""w_vol"": 1.694278178048025, ""w_exposure"": 1.9160300966269983, ""w_unrealized_loss"": 0.2482313179857254, ""fixed_profit_yen"": 46590.64154968925, ""base_take_profit_pct"": 0.014549805191192401, ""min_take_profit_pct"": 0.0037678156517870756, ""exposure_tp_sensitivity"": 0.5386294724019629, ""vol_tp_multiplier"": 0.03657228146507818}",403005.4556873536,689249.9545041166,296297.9505239371,276191.04710958875,0
2018-03-09,"{""base_buy_amount"": 857760.5838920356, ""max_daily_buy_amount"": 747122.5116238961, ""score_threshold"": -0.004732165874059113, ""score_scale"": 2.8913496845205997, ""w_drawdown"": 0.5248985794803529, ""w_rsi"": 1.9927625335077033, ""w_ma_gap_25"": 4.58668836275838, ""w_ret_5"": 3.1541612018237117, ""w_trend"": -1.934960505378195, ""w_vol"": 1.694278178048025, ""w_exposure"": 1.9160300966269983, ""w_unrealized_loss"": 0.2482313179857254, ""fixed_profit_yen"": 46590.64154968925, ""base_take_profit_pct"": 0.014549805191192401, ""min_take_profit_pct"": 0.0037678156517870756, ""exposure_tp_sensitivity"": 0.5386294724019629, ""vol_tp_multiplier"": 0.03657228146507818}",368132.8990309291,654377.397847692,296297.9505239371,276191.04710958875,0
2018-03-16,"{""base_buy_amount"": 857760.5838920356, ""max_daily_buy_amount"": 747122.5116238961, ""score_threshold"": -0.004732165874059113, ""score_scale"": 2.8913496845205997, ""w_drawdown"": 0.5248985794803529, ""w_rsi"": 1.9927625335077033, ""w_ma_gap_25"": 4.58668836275838, ""w_ret_5"": 3.1541612018237117, ""w_trend"": -1.934960505378195, ""w_vol"": 1.694278178048025, ""w_exposure"": 1.9160300966269983, ""w_unrealized_loss"": 0.2482313179857254, ""fixed_profit_yen"": 46590.64154968925, ""base_take_profit_pct"": 0.014549805191192401, ""min_take_profit_pct"": 0.0037678156517870756, ""exposure_tp_sensitivity"": 0.5386294724019629, ""vol_tp_multiplier"": 0.03657228146507818}",494976.1161226736,781220.6149394365,296297.9505239371,276191.04710958875,0
2018-03-26,"{""base_buy_amount"": 857760.5838920356, ""max_daily_buy_amount"": 747122.5116238961, ""score_threshold"": -0.004732165874059113, ""score_scale"": 2.8913496845205997, ""w_drawdown"": 0.5248985794803529, ""w_rsi"": 1.9927625335077033, ""w_ma_gap_25"": 4.58668836275838, ""w_ret_5"": 3.1541612018237117, ""w_trend"": -1.934960505378195, ""w_vol"": 1.694278178048025, ""w_exposure"": 1.9160300966269983, ""w_unrealized_loss"": 0.2482313179857254, ""fixed_profit_yen"": 46590.64154968925, ""base_take_profit_pct"": 0.014549805191192401, ""min_take_profit_pct"": 0.0037678156517870756, ""exposure_tp_sensitivity"": 0.5386294724019629, ""vol_tp_multiplier"": 0.03657228146507818}",276651.22973911185,562895.7285558748,296297.9505239371,276191.04710958875,0
2018-04-02,"{""base_buy_amount"": 857760.5838920356, ""max_daily_buy_amount"": 747122.5116238961, ""score_threshold"": -0.004732165874059113, ""score_scale"": 2.8913496845205997, ""w_drawdown"": 0.5248985794803529, ""w_rsi"": 1.9927625335077033, ""w_ma_gap_25"": 4.58668836275838, ""w_ret_5"": 3.1541612018237117, ""w_trend"": -1.934960505378195, ""w_vol"": 1.694278178048025, ""w_exposure"": 1.9160300966269983, ""w_unrealized_loss"": 0.2482313179857254, ""fixed_profit_yen"": 46590.64154968925, ""base_take_profit_pct"": 0.014549805191192401, ""min_take_profit_pct"": 0.0037678156517870756, ""exposure_tp_sensitivity"": 0.5386294724019629, ""vol_tp_multiplier"": 0.03657228146507818}",567319.3811972593,850878.0899316047,290238.55852348544,276878.8589452052,0
2018-04-09,"{""base_buy_amount"": 857760.5838920356, ""max_daily_buy_amount"": 747122.5116238961, ""score_threshold"": -0.004732165874059113, ""score_scale"": 2.8913496845205997, ""w_drawdown"": 0.5248985794803529, ""w_rsi"": 1.9927625335077033, ""w_ma_gap_25"": 4.58668836275838, ""w_ret_5"": 3.1541612018237117, ""w_trend"": -1.934960505378195, ""w_vol"": 1.694278178048025, ""w_exposure"": 1.9160300966269983, ""w_unrealized_loss"": 0.2482313179857254, ""fixed_profit_yen"": 46590.64154968925, ""base_take_profit_pct"": 0.014549805191192401, ""min_take_profit_pct"": 0.0037678156517870756, ""exposure_tp_sensitivity"": 0.5386294724019629, ""vol_tp_multiplier"": 0.03657228146507818}",563052.1098113221,836569.2142907737,273517.10447945166,273517.1044794518,0
2018-04-16,"{""base_buy_amount"": 857760.5838920356, ""max_daily_buy_amount"": 747122.5116238961, ""score_threshold"": -0.004732165874059113, ""score_scale"": 2.8913496845205997, ""w_drawdown"": 0.5248985794803529, ""w_rsi"": 1.9927625335077033, ""w_ma_gap_25"": 4.58668836275838, ""w_ret_5"": 3.1541612018237117, ""w_trend"": -1.934960505378195, ""w_vol"": 1.694278178048025, ""w_exposure"": 1.9160300966269983, ""w_unrealized_loss"": 0.2482313179857254, ""fixed_profit_yen"": 46590.64154968925, ""base_take_profit_pct"": 0.014549805191192401, ""min_take_profit_pct"": 0.0037678156517870756, ""exposure_tp_sensitivity"": 0.5386294724019629, ""vol_tp_multiplier"": 0.03657228146507818}",580904.014198441,844840.8608590635,255395.65432124492,272478.0390000001,0
2018-04-23,"{""base_buy_amount"": 857760.5838920356, ""max_daily_buy_amount"": 747122.5116238961, ""score_threshold"": -0.004732165874059113, ""score_scale"": 2.8913496845205997, ""w_drawdown"": 0.5248985794803529, ""w_rsi"": 1.9927625335077033, ""w_ma_gap_25"": 4.58668836275838, ""w_ret_5"": 3.1541612018237117, ""w_trend"": -1.934960505378195, ""w_vol"": 1.694278178048025, ""w_exposure"": 1.9160300966269983, ""w_unrealized_loss"": 0.2482313179857254, ""fixed_profit_yen"": 46590.64154968925, ""base_take_profit_pct"": 0.014549805191192401, ""min_take_profit_pct"": 0.0037678156517870756, ""exposure_tp_sensitivity"": 0.5386294724019629, ""vol_tp_multiplier"": 0.03657228146507818}",548603.5948191353,812540.4414797578,255395.65432124492,272478.0390000001,0
2018-05-01,"{""base_buy_amount"": 857760.5838920356, ""max_daily_buy_amount"": 747122.5116238961, ""score_threshold"": -0.004732165874059113, ""score_scale"": 2.8913496845205997, ""w_drawdown"": 0.5248985794803529, ""w_rsi"": 1.9927625335077033, ""w_ma_gap_25"": 4.58668836275838, ""w_ret_5"": 3.1541612018237117, ""w_trend"": -1.934960505378195, ""w_vol"": 1.694278178048025, ""w_exposure"": 1.9160300966269983, ""w_unrealized_loss"": 0.2482313179857254, ""fixed_profit_yen"": 46590.64154968925, ""base_take_profit_pct"": 0.014549805191192401, ""min_take_profit_pct"": 0.0037678156517870756, ""exposure_tp_sensitivity"": 0.5386294724019629, ""vol_tp_multiplier"": 0.03657228146507818}",439373.3697151891,703310.2163758121,255395.65432124585,272478.0390000001,0
2018-05-10,"{""base_buy_amount"": 857760.5838920356, ""max_daily_buy_amount"": 747122.5116238961, ""score_threshold"": -0.004732165874059113, ""score_scale"": 2.8913496845205997, ""w_drawdown"": 0.5248985794803529, ""w_rsi"": 1.9927625335077033, ""w_ma_gap_25"": 4.58668836275838, ""w_ret_5"": 3.1541612018237117, ""w_trend"": -1.934960505378195, ""w_vol"": 1.694278178048025, ""w_exposure"": 1.9160300966269983, ""w_unrealized_loss"": 0.2482313179857254, ""fixed_profit_yen"": 46590.64154968925, ""base_take_profit_pct"": 0.014549805191192401, ""min_take_profit_pct"": 0.0037678156517870756, ""exposure_tp_sensitivity"": 0.5386294724019629, ""vol_tp_multiplier"": 0.03657228146507818}",419546.7046268156,683483.5512874381,255395.65432124492,272478.0390000001,0
2018-05-17,"{""base_buy_amount"": 857760.5838920356, ""max_daily_buy_amount"": 747122.5116238961, ""score_threshold"": -0.004732165874059113, ""score_scale"": 2.8913496845205997, ""w_drawdown"": 0.5248985794803529, ""w_rsi"": 1.9927625335077033, ""w_ma_gap_25"": 4.58668836275838, ""w_ret_5"": 3.1541612018237117, ""w_trend"": -1.934960505378195, ""w_vol"": 1.694278178048025, ""w_exposure"": 1.9160300966269983, ""w_unrealized_loss"": 0.2482313179857254, ""fixed_profit_yen"": 46590.64154968925, ""base_take_profit_pct"": 0.014549805191192401, ""min_take_profit_pct"": 0.0037678156517870756, ""exposure_tp_sensitivity"": 0.5386294724019629, ""vol_tp_multiplier"": 0.03657228146507818}",424696.3355309253,688633.1821915478,255395.65432124492,272478.0390000001,0
2018-05-24,"{""base_buy_amount"": 857760.5838920356, ""max_daily_buy_amount"": 747122.5116238961, ""score_threshold"": -0.004732165874059113, ""score_scale"": 2.8913496845205997, ""w_drawdown"": 0.5248985794803529, ""w_rsi"": 1.9927625335077033, ""w_ma_gap_25"": 4.58668836275838, ""w_ret_5"": 3.1541612018237117, ""w_trend"": -1.934960505378195, ""w_vol"": 1.694278178048025, ""w_exposure"": 1.9160300966269983, ""w_unrealized_loss"": 0.2482313179857254, ""fixed_profit_yen"": 46590.64154968925, ""base_take_profit_pct"": 0.014549805191192401, ""min_take_profit_pct"": 0.0037678156517870756, ""exposure_tp_sensitivity"": 0.5386294724019629, ""vol_tp_multiplier"": 0.03657228146507818}",423860.02632544586,687796.8729860684,255395.65432124492,272478.0390000001,0
2018-05-31,"{""base_buy_amount"": 857760.5838920356, ""max_daily_buy_amount"": 747122.5116238961, ""score_threshold"": -0.004732165874059113, ""score_scale"": 2.8913496845205997, ""w_drawdown"": 0.5248985794803529, ""w_rsi"": 1.9927625335077033, ""w_ma_gap_25"": 4.58668836275838, ""w_ret_5"": 3.1541612018237117, ""w_trend"": -1.934960505378195, ""w_vol"": 1.694278178048025, ""w_exposure"": 1.9160300966269983, ""w_unrealized_loss"": 0.2482313179857254, ""fixed_profit_yen"": 46590.64154968925, ""base_take_profit_pct"": 0.014549805191192401, ""min_take_profit_pct"": 0.0037678156517870756, ""exposure_tp_sensitivity"": 0.5386294724019629, ""vol_tp_multiplier"": 0.03657228146507818}",342453.48272270616,606390.3293833287,255395.65432124492,272478.0390000001,0
2018-06-07,"{""base_buy_amount"": 857760.5838920356, ""max_daily_buy_amount"": 747122.5116238961, ""score_threshold"": -0.004732165874059113, ""score_scale"": 2.8913496845205997, ""w_drawdown"": 0.5248985794803529, ""w_rsi"": 1.9927625335077033, ""w_ma_gap_25"": 4.58668836275838, ""w_ret_5"": 3.1541612018237117, ""w_trend"": -1.934960505378195, ""w_vol"": 1.694278178048025, ""w_exposure"": 1.9160300966269983, ""w_unrealized_loss"": 0.2482313179857254, ""fixed_profit_yen"": 46590.64154968925, ""base_take_profit_pct"": 0.014549805191192401, ""min_take_profit_pct"": 0.0037678156517870756, ""exposure_tp_sensitivity"": 0.5386294724019629, ""vol_tp_multiplier"": 0.03657228146507818}",505670.8758779493,769607.7225385718,255395.65432124492,272478.0390000001,0
2018-06-14,"{""base_buy_amount"": 857760.5838920356, ""max_daily_buy_amount"": 747122.5116238961, ""score_threshold"": -0.004732165874059113, ""score_scale"": 2.8913496845205997, ""w_drawdown"": 0.5248985794803529, ""w_rsi"": 1.9927625335077033, ""w_ma_gap_25"": 4.58668836275838, ""w_ret_5"": 3.1541612018237117, ""w_trend"": -1.934960505378195, ""w_vol"": 1.694278178048025, ""w_exposure"": 1.9160300966269983, ""w_unrealized_loss"": 0.2482313179857254, ""fixed_profit_yen"": 46590.64154968925, ""base_take_profit_pct"": 0.014549805191192401, ""min_take_profit_pct"": 0.0037678156517870756, ""exposure_tp_sensitivity"": 0.5386294724019629, ""vol_tp_multiplier"": 0.03657228146507818}",522205.6215996329,786142.4682602554,255395.65432124492,272478.0390000001,0
2018-06-21,"{""base_buy_amount"": 857760.5838920356, ""max_daily_buy_amount"": 747122.5116238961, ""score_threshold"": -0.004732165874059113, ""score_scale"": 2.8913496845205997, ""w_drawdown"": 0.5248985794803529, ""w_rsi"": 1.9927625335077033, ""w_ma_gap_25"": 4.58668836275838, ""w_ret_5"": 3.1541612018237117, ""w_trend"": -1.934960505378195, ""w_vol"": 1.694278178048025, ""w_exposure"": 1.9160300966269983, ""w_unrealized_loss"": 0.2482313179857254, ""fixed_profit_yen"": 46590.64154968925, ""base_take_profit_pct"": 0.014549805191192401, ""min_take_profit_pct"": 0.0037678156517870756, ""exposure_tp_sensitivity"": 0.5386294724019629, ""vol_tp_multiplier"": 0.03657228146507818}",527028.2372043015,790965.083864924,255395.65432124492,272478.0390000001,0
2018-06-28,"{""base_buy_amount"": 857760.5838920356, ""max_daily_buy_amount"": 747122.5116238961, ""score_threshold"": -0.004732165874059113, ""score_scale"": 2.8913496845205997, ""w_drawdown"": 0.5248985794803529, ""w_rsi"": 1.9927625335077033, ""w_ma_gap_25"": 4.58668836275838, ""w_ret_5"": 3.1541612018237117, ""w_trend"": -1.934960505378195, ""w_vol"": 1.694278178048025, ""w_exposure"": 1.9160300966269983, ""w_unrealized_loss"": 0.2482313179857254, ""fixed_profit_yen"": 46590.64154968925, ""base_take_profit_pct"": 0.014549805191192401, ""min_take_profit_pct"": 0.0037678156517870756, ""exposure_tp_sensitivity"": 0.5386294724019629, ""vol_tp_multiplier"": 0.03657228146507818}",503863.684241061,767800.530901684,255395.65432124585,272478.0390000001,0
2018-07-05,"{""base_buy_amount"": 857760.5838920356, ""max_daily_buy_amount"": 747122.5116238961, ""score_threshold"": -0.004732165874059113, ""score_scale"": 2.8913496845205997, ""w_drawdown"": 0.5248985794803529, ""w_rsi"": 1.9927625335077033, ""w_ma_gap_25"": 4.58668836275838, ""w_ret_5"": 3.1541612018237117, ""w_trend"": -1.934960505378195, ""w_vol"": 1.694278178048025, ""w_exposure"": 1.9160300966269983, ""w_unrealized_loss"": 0.2482313179857254, ""fixed_profit_yen"": 46590.64154968925, ""base_take_profit_pct"": 0.014549805191192401, ""min_take_profit_pct"": 0.0037678156517870756, ""exposure_tp_sensitivity"": 0.5386294724019629, ""vol_tp_multiplier"": 0.03657228146507818}",319051.1767753075,582988.0234359305,255395.65432124585,272478.0390000001,0
2018-07-12,"{""base_buy_amount"": 857760.5838920356, ""max_daily_buy_amount"": 747122.5116238961, ""score_threshold"": -0.004732165874059113, ""score_scale"": 2.8913496845205997, ""w_drawdown"": 0.5248985794803529, ""w_rsi"": 1.9927625335077033, ""w_ma_gap_25"": 4.58668836275838, ""w_ret_5"": 3.1541612018237117, ""w_trend"": -1.934960505378195, ""w_vol"": 1.694278178048025, ""w_exposure"": 1.9160300966269983, ""w_unrealized_loss"": 0.2482313179857254, ""fixed_profit_yen"": 46590.64154968925, ""base_take_profit_pct"": 0.014549805191192401, ""min_take_profit_pct"": 0.0037678156517870756, ""exposure_tp_sensitivity"": 0.5386294724019629, ""vol_tp_multiplier"": 0.03657228146507818}",415059.6627470065,713306.0235176662,295377.58319885377,301115.13834246557,0
2018-07-19,"{""base_buy_amount"": 857760.5838920356, ""max_daily_buy_amount"": 747122.5116238961, ""score_threshold"": -0.004732165874059113, ""score_scale"": 2.8913496845205997, ""w_drawdown"": 0.5248985794803529, ""w_rsi"": 1.9927625335077033, ""w_ma_gap_25"": 4.58668836275838, ""w_ret_5"": 3.1541612018237117, ""w_trend"": -1.934960505378195, ""w_vol"": 1.694278178048025, ""w_exposure"": 1.9160300966269983, ""w_unrealized_loss"": 0.2482313179857254, ""fixed_profit_yen"": 46590.64154968925, ""base_take_profit_pct"": 0.014549805191192401, ""min_take_profit_pct"": 0.0037678156517870756, ""exposure_tp_sensitivity"": 0.5386294724019629, ""vol_tp_multiplier"": 0.03657228146507818}",662663.3030269123,960909.6637975719,295377.58319885377,301115.13834246557,0
2018-07-26,"{""base_buy_amount"": 857760.5838920356, ""max_daily_buy_amount"": 747122.5116238961, ""score_threshold"": -0.004732165874059113, ""score_scale"": 2.8913496845205997, ""w_drawdown"": 0.5248985794803529, ""w_rsi"": 1.9927625335077033, ""w_ma_gap_25"": 4.58668836275838, ""w_ret_5"": 3.1541612018237117, ""w_trend"": -1.934960505378195, ""w_vol"": 1.694278178048025, ""w_exposure"": 1.9160300966269983, ""w_unrealized_loss"": 0.2482313179857254, ""fixed_profit_yen"": 46590.64154968925, ""base_take_profit_pct"": 0.014549805191192401, ""min_take_profit_pct"": 0.0037678156517870756, ""exposure_tp_sensitivity"": 0.5386294724019629, ""vol_tp_multiplier"": 0.03657228146507818}",659312.2387677085,957558.5995383686,295377.5831988547,301115.13834246557,0
2018-08-02,"{""base_buy_amount"": 857760.5838920356, ""max_daily_buy_amount"": 747122.5116238961, ""score_threshold"": -0.004732165874059113, ""score_scale"": 2.8913496845205997, ""w_drawdown"": 0.5248985794803529, ""w_rsi"": 1.9927625335077033, ""w_ma_gap_25"": 4.58668836275838, ""w_ret_5"": 3.1541612018237117, ""w_trend"": -1.934960505378195, ""w_vol"": 1.694278178048025, ""w_exposure"": 1.9160300966269983, ""w_unrealized_loss"": 0.2482313179857254, ""fixed_profit_yen"": 46590.64154968925, ""base_take_profit_pct"": 0.014549805191192401, ""min_take_profit_pct"": 0.0037678156517870756, ""exposure_tp_sensitivity"": 0.5386294724019629, ""vol_tp_multiplier"": 0.03657228146507818}",660598.0233119748,958844.3840826349,295377.5831988547,301115.13834246557,0
2018-08-09,"{""base_buy_amount"": 857760.5838920356, ""max_daily_buy_amount"": 747122.5116238961, ""score_threshold"": -0.004732165874059113, ""score_scale"": 2.8913496845205997, ""w_drawdown"": 0.5248985794803529, ""w_rsi"": 1.9927625335077033, ""w_ma_gap_25"": 4.58668836275838, ""w_ret_5"": 3.1541612018237117, ""w_trend"": -1.934960505378195, ""w_vol"": 1.694278178048025, ""w_exposure"": 1.9160300966269983, ""w_unrealized_loss"": 0.2482313179857254, ""fixed_profit_yen"": 46590.64154968925, ""base_take_profit_pct"": 0.014549805191192401, ""min_take_profit_pct"": 0.0037678156517870756, ""exposure_tp_sensitivity"": 0.5386294724019629, ""vol_tp_multiplier"": 0.03657228146507818}",660831.9078248664,959078.268595526,295377.58319885377,301115.13834246557,0
2018-08-16,"{""base_buy_amount"": 857760.5838920356, ""max_daily_buy_amount"": 747122.5116238961, ""score_threshold"": -0.004732165874059113, ""score_scale"": 2.8913496845205997, ""w_drawdown"": 0.5248985794803529, ""w_rsi"": 1.9927625335077033, ""w_ma_gap_25"": 4.58668836275838, ""w_ret_5"": 3.1541612018237117, ""w_trend"": -1.934960505378195, ""w_vol"": 1.694278178048025, ""w_exposure"": 1.9160300966269983, ""w_unrealized_loss"": 0.2482313179857254, ""fixed_profit_yen"": 46590.64154968925, ""base_take_profit_pct"": 0.014549805191192401, ""min_take_profit_pct"": 0.0037678156517870756, ""exposure_tp_sensitivity"": 0.5386294724019629, ""vol_tp_multiplier"": 0.03657228146507818}",663854.747173614,962101.1079442741,295377.5831988547,301115.13834246557,0
2018-08-23,"{""base_buy_amount"": 857760.5838920356, ""max_daily_buy_amount"": 747122.5116238961, ""score_threshold"": -0.004732165874059113, ""score_scale"": 2.8913496845205997, ""w_drawdown"": 0.5248985794803529, ""w_rsi"": 1.9927625335077033, ""w_ma_gap_25"": 4.58668836275838, ""w_ret_5"": 3.1541612018237117, ""w_trend"": -1.934960505378195, ""w_vol"": 1.694278178048025, ""w_exposure"": 1.9160300966269983, ""w_unrealized_loss"": 0.2482313179857254, ""fixed_profit_yen"": 46590.64154968925, ""base_take_profit_pct"": 0.014549805191192401, ""min_take_profit_pct"": 0.0037678156517870756, ""exposure_tp_sensitivity"": 0.5386294724019629, ""vol_tp_multiplier"": 0.03657228146507818}",685750.1363914928,983996.4971621529,295377.5831988547,301115.13834246557,0
2018-08-30,"{""base_buy_amount"": 857760.5838920356, ""max_daily_buy_amount"": 747122.5116238961, ""score_threshold"": -0.004732165874059113, ""score_scale"": 2.8913496845205997, ""w_drawdown"": 0.5248985794803529, ""w_rsi"": 1.9927625335077033, ""w_ma_gap_25"": 4.58668836275838, ""w_ret_5"": 3.1541612018237117, ""w_trend"": -1.934960505378195, ""w_vol"": 1.694278178048025, ""w_exposure"": 1.9160300966269983, ""w_unrealized_loss"": 0.2482313179857254, ""fixed_profit_yen"": 46590.64154968925, ""base_take_profit_pct"": 0.014549805191192401, ""min_take_profit_pct"": 0.0037678156517870756, ""exposure_tp_sensitivity"": 0.5386294724019629, ""vol_tp_multiplier"": 0.03657228146507818}",705994.8216753353,1004241.1824459954,295377.5831988547,301115.13834246557,0
2018-09-06,"{""base_buy_amount"": 857760.5838920356, ""max_daily_buy_amount"": 747122.5116238961, ""score_threshold"": -0.004732165874059113, ""score_scale"": 2.8913496845205997, ""w_drawdown"": 0.5248985794803529, ""w_rsi"": 1.9927625335077033, ""w_ma_gap_25"": 4.58668836275838, ""w_ret_5"": 3.1541612018237117, ""w_trend"": -1.934960505378195, ""w_vol"": 1.694278178048025, ""w_exposure"": 1.9160300966269983, ""w_unrealized_loss"": 0.2482313179857254, ""fixed_profit_yen"": 46590.64154968925, ""base_take_profit_pct"": 0.014549805191192401, ""min_take_profit_pct"": 0.0037678156517870756, ""exposure_tp_sensitivity"": 0.5386294724019629, ""vol_tp_multiplier"": 0.03657228146507818}",627372.942966415,925619.3037370751,295377.5831988547,301115.13834246557,0
2018-09-13,"{""base_buy_amount"": 857760.5838920356, ""max_daily_buy_amount"": 747122.5116238961, ""score_threshold"": -0.004732165874059113, ""score_scale"": 2.8913496845205997, ""w_drawdown"": 0.5248985794803529, ""w_rsi"": 1.9927625335077033, ""w_ma_gap_25"": 4.58668836275838, ""w_ret_5"": 3.1541612018237117, ""w_trend"": -1.934960505378195, ""w_vol"": 1.694278178048025, ""w_exposure"": 1.9160300966269983, ""w_unrealized_loss"": 0.2482313179857254, ""fixed_profit_yen"": 46590.64154968925, ""base_take_profit_pct"": 0.014549805191192401, ""min_take_profit_pct"": 0.0037678156517870756, ""exposure_tp_sensitivity"": 0.5386294724019629, ""vol_tp_multiplier"": 0.03657228146507818}",617516.6354885672,915762.9962592268,295377.58319885377,301115.13834246557,0
2018-09-21,"{""base_buy_amount"": 758713.566231274, ""max_daily_buy_amount"": 1651480.6505054298, ""score_threshold"": -1.5788876805835002, ""score_scale"": 0.7995148562983017, ""w_drawdown"": 2.972168318782259, ""w_rsi"": 0.7308662209634914, ""w_ma_gap_25"": 4.1233209522817065, ""w_ret_5"": 1.5516733696203722, ""w_trend"": -2.136768402173144, ""w_vol"": 4.604852362437251, ""w_exposure"": 1.6553172273527816, ""w_unrealized_loss"": 2.8472008233793558, ""fixed_profit_yen"": 10219.829574026757, ""base_take_profit_pct"": 0.0052337217826299385, ""min_take_profit_pct"": 0.0011903321470279604, ""exposure_tp_sensitivity"": 0.049855868247834105, ""vol_tp_multiplier"": 0.8732073546792635}",675025.6085329617,1109311.647580418,420496.2658894332,448075.8122054794,0
2018-10-01,"{""base_buy_amount"": 758713.566231274, ""max_daily_buy_amount"": 1651480.6505054298, ""score_threshold"": -1.5788876805835002, ""score_scale"": 0.7995148562983017, ""w_drawdown"": 2.972168318782259, ""w_rsi"": 0.7308662209634914, ""w_ma_gap_25"": 4.1233209522817065, ""w_ret_5"": 1.5516733696203722, ""w_trend"": -2.136768402173144, ""w_vol"": 4.604852362437251, ""w_exposure"": 1.6553172273527816, ""w_unrealized_loss"": 2.8472008233793558, ""fixed_profit_yen"": 10219.829574026757, ""base_take_profit_pct"": 0.0052337217826299385, ""min_take_profit_pct"": 0.0011903321470279604, ""exposure_tp_sensitivity"": 0.049855868247834105, ""vol_tp_multiplier"": 0.8732073546792635}",675083.4004192639,1109369.4394667202,420496.2658894332,448075.8122054794,0
2018-10-09,"{""base_buy_amount"": 758713.566231274, ""max_daily_buy_amount"": 1651480.6505054298, ""score_threshold"": -1.5788876805835002, ""score_scale"": 0.7995148562983017, ""w_drawdown"": 2.972168318782259, ""w_rsi"": 0.7308662209634914, ""w_ma_gap_25"": 4.1233209522817065, ""w_ret_5"": 1.5516733696203722, ""w_trend"": -2.136768402173144, ""w_vol"": 4.604852362437251, ""w_exposure"": 1.6553172273527816, ""w_unrealized_loss"": 2.8472008233793558, ""fixed_profit_yen"": 10219.829574026757, ""base_take_profit_pct"": 0.0052337217826299385, ""min_take_profit_pct"": 0.0011903321470279604, ""exposure_tp_sensitivity"": 0.049855868247834105, ""vol_tp_multiplier"": 0.8732073546792635}",671789.1415297776,1106075.1805772344,420496.26588943414,448075.8122054794,0
2018-10-16,"{""base_buy_amount"": 758713.566231274, ""max_daily_buy_amount"": 1651480.6505054298, ""score_threshold"": -1.5788876805835002, ""score_scale"": 0.7995148562983017, ""w_drawdown"": 2.972168318782259, ""w_rsi"": 0.7308662209634914, ""w_ma_gap_25"": 4.1233209522817065, ""w_ret_5"": 1.5516733696203722, ""w_trend"": -2.136768402173144, ""w_vol"": 4.604852362437251, ""w_exposure"": 1.6553172273527816, ""w_unrealized_loss"": 2.8472008233793558, ""fixed_profit_yen"": 10219.829574026757, ""base_take_profit_pct"": 0.0052337217826299385, ""min_take_profit_pct"": 0.0011903321470279604, ""exposure_tp_sensitivity"": 0.049855868247834105, ""vol_tp_multiplier"": 0.8732073546792635}",596829.495114259,1031115.5341617153,420496.2658894332,448075.8122054794,0
2018-10-23,"{""base_buy_amount"": 758713.566231274, ""max_daily_buy_amount"": 1651480.6505054298, ""score_threshold"": -1.5788876805835002, ""score_scale"": 0.7995148562983017, ""w_drawdown"": 2.972168318782259, ""w_rsi"": 0.7308662209634914, ""w_ma_gap_25"": 4.1233209522817065, ""w_ret_5"": 1.5516733696203722, ""w_trend"": -2.136768402173144, ""w_vol"": 4.604852362437251, ""w_exposure"": 1.6553172273527816, ""w_unrealized_loss"": 2.8472008233793558, ""fixed_profit_yen"": 10219.829574026757, ""base_take_profit_pct"": 0.0052337217826299385, ""min_take_profit_pct"": 0.0011903321470279604, ""exposure_tp_sensitivity"": 0.049855868247834105, ""vol_tp_multiplier"": 0.8732073546792635}",664030.4947424734,1098316.5337899297,420496.2658894332,448075.8122054794,0
2018-10-30,"{""base_buy_amount"": 758713.566231274, ""max_daily_buy_amount"": 1651480.6505054298, ""score_threshold"": -1.5788876805835002, ""score_scale"": 0.7995148562983017, ""w_drawdown"": 2.972168318782259, ""w_rsi"": 0.7308662209634914, ""w_ma_gap_25"": 4.1233209522817065, ""w_ret_5"": 1.5516733696203722, ""w_trend"": -2.136768402173144, ""w_vol"": 4.604852362437251, ""w_exposure"": 1.6553172273527816, ""w_unrealized_loss"": 2.8472008233793558, ""fixed_profit_yen"": 10219.829574026757, ""base_take_profit_pct"": 0.0052337217826299385, ""min_take_profit_pct"": 0.0011903321470279604, ""exposure_tp_sensitivity"": 0.049855868247834105, ""vol_tp_multiplier"": 0.8732073546792635}",174833.26186973727,655540.6747411401,466325.4312633537,495089.394479452,0
2018-11-06,"{""base_buy_amount"": 758713.566231274, ""max_daily_buy_amount"": 1651480.6505054298, ""score_threshold"": -1.5788876805835002, ""score_scale"": 0.7995148562983017, ""w_drawdown"": 2.972168318782259, ""w_rsi"": 0.7308662209634914, ""w_ma_gap_25"": 4.1233209522817065, ""w_ret_5"": 1.5516733696203722, ""w_trend"": -2.136768402173144, ""w_vol"": 4.604852362437251, ""w_exposure"": 1.6553172273527816, ""w_unrealized_loss"": 2.8472008233793558, ""fixed_profit_yen"": 10219.829574026757, ""base_take_profit_pct"": 0.0052337217826299385, ""min_take_profit_pct"": 0.0011903321470279604, ""exposure_tp_sensitivity"": 0.049855868247834105, ""vol_tp_multiplier"": 0.8732073546792635}",532362.8124514838,1013070.2253228866,466325.4312633537,495089.394479452,0
2018-11-13,"{""base_buy_amount"": 758713.566231274, ""max_daily_buy_amount"": 1651480.6505054298, ""score_threshold"": -1.5788876805835002, ""score_scale"": 0.7995148562983017, ""w_drawdown"": 2.972168318782259, ""w_rsi"": 0.7308662209634914, ""w_ma_gap_25"": 4.1233209522817065, ""w_ret_5"": 1.5516733696203722, ""w_trend"": -2.136768402173144, ""w_vol"": 4.604852362437251, ""w_exposure"": 1.6553172273527816, ""w_unrealized_loss"": 2.8472008233793558, ""fixed_profit_yen"": 10219.829574026757, ""base_take_profit_pct"": 0.0052337217826299385, ""min_take_profit_pct"": 0.0011903321470279604, ""exposure_tp_sensitivity"": 0.049855868247834105, ""vol_tp_multiplier"": 0.8732073546792635}",659524.79047659,1140232.2033479933,466325.4312633546,495089.394479452,0
2018-11-20,"{""base_buy_amount"": 758713.566231274, ""max_daily_buy_amount"": 1651480.6505054298, ""score_threshold"": -1.5788876805835002, ""score_scale"": 0.7995148562983017, ""w_drawdown"": 2.972168318782259, ""w_rsi"": 0.7308662209634914, ""w_ma_gap_25"": 4.1233209522817065, ""w_ret_5"": 1.5516733696203722, ""w_trend"": -2.136768402173144, ""w_vol"": 4.604852362437251, ""w_exposure"": 1.6553172273527816, ""w_unrealized_loss"": 2.8472008233793558, ""fixed_profit_yen"": 10219.829574026757, ""base_take_profit_pct"": 0.0052337217826299385, ""min_take_profit_pct"": 0.0011903321470279604, ""exposure_tp_sensitivity"": 0.049855868247834105, ""vol_tp_multiplier"": 0.8732073546792635}",557908.0206640231,1038615.4335354264,466325.4312633546,495089.394479452,0
2018-11-28,"{""base_buy_amount"": 758713.566231274, ""max_daily_buy_amount"": 1651480.6505054298, ""score_threshold"": -1.5788876805835002, ""score_scale"": 0.7995148562983017, ""w_drawdown"": 2.972168318782259, ""w_rsi"": 0.7308662209634914, ""w_ma_gap_25"": 4.1233209522817065, ""w_ret_5"": 1.5516733696203722, ""w_trend"": -2.136768402173144, ""w_vol"": 4.604852362437251, ""w_exposure"": 1.6553172273527816, ""w_unrealized_loss"": 2.8472008233793558, ""fixed_profit_yen"": 10219.829574026757, ""base_take_profit_pct"": 0.0052337217826299385, ""min_take_profit_pct"": 0.0011903321470279604, ""exposure_tp_sensitivity"": 0.049855868247834105, ""vol_tp_multiplier"": 0.8732073546792635}",657094.8672195381,1137802.2800909413,466325.4312633546,495089.394479452,0
2018-12-05,"{""base_buy_amount"": 758713.566231274, ""max_daily_buy_amount"": 1651480.6505054298, ""score_threshold"": -1.5788876805835002, ""score_scale"": 0.7995148562983017, ""w_drawdown"": 2.972168318782259, ""w_rsi"": 0.7308662209634914, ""w_ma_gap_25"": 4.1233209522817065, ""w_ret_5"": 1.5516733696203722, ""w_trend"": -2.136768402173144, ""w_vol"": 4.604852362437251, ""w_exposure"": 1.6553172273527816, ""w_unrealized_loss"": 2.8472008233793558, ""fixed_profit_yen"": 10219.829574026757, ""base_take_profit_pct"": 0.0052337217826299385, ""min_take_profit_pct"": 0.0011903321470279604, ""exposure_tp_sensitivity"": 0.049855868247834105, ""vol_tp_multiplier"": 0.8732073546792635}",715573.5651350761,1196280.9780064789,466325.4312633537,495089.394479452,0
2018-12-12,"{""base_buy_amount"": 758713.566231274, ""max_daily_buy_amount"": 1651480.6505054298, ""score_threshold"": -1.5788876805835002, ""score_scale"": 0.7995148562983017, ""w_drawdown"": 2.972168318782259, ""w_rsi"": 0.7308662209634914, ""w_ma_gap_25"": 4.1233209522817065, ""w_ret_5"": 1.5516733696203722, ""w_trend"": -2.136768402173144, ""w_vol"": 4.604852362437251, ""w_exposure"": 1.6553172273527816, ""w_unrealized_loss"": 2.8472008233793558, ""fixed_profit_yen"": 10219.829574026757, ""base_take_profit_pct"": 0.0052337217826299385, ""min_take_profit_pct"": 0.0011903321470279604, ""exposure_tp_sensitivity"": 0.049855868247834105, ""vol_tp_multiplier"": 0.8732073546792635}",416263.7093095345,902818.1545097048,466325.4312633546,506783.4591369859,0
2018-12-19,"{""base_buy_amount"": 758713.566231274, ""max_daily_buy_amount"": 1651480.6505054298, ""score_threshold"": -1.5788876805835002, ""score_scale"": 0.7995148562983017, ""w_drawdown"": 2.972168318782259, ""w_rsi"": 0.7308662209634914, ""w_ma_gap_25"": 4.1233209522817065, ""w_ret_5"": 1.5516733696203722, ""w_trend"": -2.136768402173144, ""w_vol"": 4.604852362437251, ""w_exposure"": 1.6553172273527816, ""w_unrealized_loss"": 2.8472008233793558, ""fixed_profit_yen"": 10219.829574026757, ""base_take_profit_pct"": 0.0052337217826299385, ""min_take_profit_pct"": 0.0011903321470279604, ""exposure_tp_sensitivity"": 0.049855868247834105, ""vol_tp_multiplier"": 0.8732073546792635}",430156.27659376705,931410.2305336633,466325.4312633546,536182.4766164379,0
2018-12-27,"{""base_buy_amount"": 54275.118692676166, ""max_daily_buy_amount"": 1077795.7500210647, ""score_threshold"": 0.7091495974575888, ""score_scale"": 0.6332328010787595, ""w_drawdown"": 2.0067777877669397, ""w_rsi"": 4.478174406918484, ""w_ma_gap_25"": 3.3580640442792937, ""w_ret_5"": 1.1882918168029866, ""w_trend"": 2.116686777791476, ""w_vol"": 1.7401571170475716, ""w_exposure"": 8.533446711440595, ""w_unrealized_loss"": 2.989436511189055, ""fixed_profit_yen"": 30745.051791508, ""base_take_profit_pct"": 0.013114321896939353, ""min_take_profit_pct"": 0.0034734254567956035, ""exposure_tp_sensitivity"": 0.7979018059546823, ""vol_tp_multiplier"": 0.9379684096974567}",-91981.4326923383,12411.240936110393,100299.97301032208,108485.37424657533,0
2019-01-09,"{""base_buy_amount"": 54275.118692676166, ""max_daily_buy_amount"": 1077795.7500210647, ""score_threshold"": 0.7091495974575888, ""score_scale"": 0.6332328010787595, ""w_drawdown"": 2.0067777877669397, ""w_rsi"": 4.478174406918484, ""w_ma_gap_25"": 3.3580640442792937, ""w_ret_5"": 1.1882918168029866, ""w_trend"": 2.116686777791476, ""w_vol"": 1.7401571170475716, ""w_exposure"": 8.533446711440595, ""w_unrealized_loss"": 2.989436511189055, ""fixed_profit_yen"": 30745.051791508, ""base_take_profit_pct"": 0.013114321896939353, ""min_take_profit_pct"": 0.0034734254567956035, ""exposure_tp_sensitivity"": 0.7979018059546823, ""vol_tp_multiplier"": 0.9379684096974567}",-57557.878102723735,46834.795525725436,100299.97301032301,108485.37424657533,0
2019-01-17,"{""base_buy_amount"": 54275.118692676166, ""max_daily_buy_amount"": 1077795.7500210647, ""score_threshold"": 0.7091495974575888, ""score_scale"": 0.6332328010787595, ""w_drawdown"": 2.0067777877669397, ""w_rsi"": 4.478174406918484, ""w_ma_gap_25"": 3.3580640442792937, ""w_ret_5"": 1.1882918168029866, ""w_trend"": 2.116686777791476, ""w_vol"": 1.7401571170475716, ""w_exposure"": 8.533446711440595, ""w_unrealized_loss"": 2.989436511189055, ""fixed_profit_yen"": 30745.051791508, ""base_take_profit_pct"": 0.013114321896939353, ""min_take_profit_pct"": 0.0034734254567956035, ""exposure_tp_sensitivity"": 0.7979018059546823, ""vol_tp_multiplier"": 0.9379684096974567}",-50731.48139288627,53661.192235562434,100299.97301032208,108485.37424657533,0
2019-01-24,"{""base_buy_amount"": 54275.118692676166, ""max_daily_buy_amount"": 1077795.7500210647, ""score_threshold"": 0.7091495974575888, ""score_scale"": 0.6332328010787595, ""w_drawdown"": 2.0067777877669397, ""w_rsi"": 4.478174406918484, ""w_ma_gap_25"": 3.3580640442792937, ""w_ret_5"": 1.1882918168029866, ""w_trend"": 2.116686777791476, ""w_vol"": 1.7401571170475716, ""w_exposure"": 8.533446711440595, ""w_unrealized_loss"": 2.989436511189055, ""fixed_profit_yen"": 30745.051791508, ""base_take_profit_pct"": 0.013114321896939353, ""min_take_profit_pct"": 0.0034734254567956035, ""exposure_tp_sensitivity"": 0.7979018059546823, ""vol_tp_multiplier"": 0.9379684096974567}",-43939.09515676207,60453.5784716871,100299.97301032301,108485.37424657533,0
2019-01-31,"{""base_buy_amount"": 54275.118692676166, ""max_daily_buy_amount"": 1077795.7500210647, ""score_threshold"": 0.7091495974575888, ""score_scale"": 0.6332328010787595, ""w_drawdown"": 2.0067777877669397, ""w_rsi"": 4.478174406918484, ""w_ma_gap_25"": 3.3580640442792937, ""w_ret_5"": 1.1882918168029866, ""w_trend"": 2.116686777791476, ""w_vol"": 1.7401571170475716, ""w_exposure"": 8.533446711440595, ""w_unrealized_loss"": 2.989436511189055, ""fixed_profit_yen"": 30745.051791508, ""base_take_profit_pct"": 0.013114321896939353, ""min_take_profit_pct"": 0.0034734254567956035, ""exposure_tp_sensitivity"": 0.7979018059546823, ""vol_tp_multiplier"": 0.9379684096974567}",-44850.74450768699,59541.92912076171,100299.97301032208,108485.37424657533,0
2019-02-07,"{""base_buy_amount"": 54275.118692676166, ""max_daily_buy_amount"": 1077795.7500210647, ""score_threshold"": 0.7091495974575888, ""score_scale"": 0.6332328010787595, ""w_drawdown"": 2.0067777877669397, ""w_rsi"": 4.478174406918484, ""w_ma_gap_25"": 3.3580640442792937, ""w_ret_5"": 1.1882918168029866, ""w_trend"": 2.116686777791476, ""w_vol"": 1.7401571170475716, ""w_exposure"": 8.533446711440595, ""w_unrealized_loss"": 2.989436511189055, ""fixed_profit_yen"": 30745.051791508, ""base_take_profit_pct"": 0.013114321896939353, ""min_take_profit_pct"": 0.0034734254567956035, ""exposure_tp_sensitivity"": 0.7979018059546823, ""vol_tp_multiplier"": 0.9379684096974567}",-34270.612423393155,70122.06120505555,100299.97301032208,108485.37424657533,0
2019-02-15,"{""base_buy_amount"": 54275.118692676166, ""max_daily_buy_amount"": 1077795.7500210647, ""score_threshold"": 0.7091495974575888, ""score_scale"": 0.6332328010787595, ""w_drawdown"": 2.0067777877669397, ""w_rsi"": 4.478174406918484, ""w_ma_gap_25"": 3.3580640442792937, ""w_ret_5"": 1.1882918168029866, ""w_trend"": 2.116686777791476, ""w_vol"": 1.7401571170475716, ""w_exposure"": 8.533446711440595, ""w_unrealized_loss"": 2.989436511189055, ""fixed_profit_yen"": 30745.051791508, ""base_take_profit_pct"": 0.013114321896939353, ""min_take_profit_pct"": 0.0034734254567956035, ""exposure_tp_sensitivity"": 0.7979018059546823, ""vol_tp_multiplier"": 0.9379684096974567}",-26811.10646609842,77581.56716235075,100299.97301032301,108485.37424657533,0
2019-02-22,"{""base_buy_amount"": 79276.94283954243, ""max_daily_buy_amount"": 929763.0395414885, ""score_threshold"": -1.1416613087218832, ""score_scale"": 2.3383788967608625, ""w_drawdown"": 4.26701536634083, ""w_rsi"": 1.1696974293267037, ""w_ma_gap_25"": 0.2915137084453301, ""w_ret_5"": 1.4069194601099828, ""w_trend"": -1.2384374533998983, ""w_vol"": 3.3095825736344753, ""w_exposure"": 5.570321523412783, ""w_unrealized_loss"": 7.8389820910641355, ""fixed_profit_yen"": 34222.73639538721, ""base_take_profit_pct"": 0.013378832120321973, ""min_take_profit_pct"": 0.008326183461994312, ""exposure_tp_sensitivity"": 0.15027562791693352, ""vol_tp_multiplier"": 0.11356036566930239}",-16822.729849540658,173069.65663846472,179773.21800340805,200011.5549726027,0
2019-03-01,"{""base_buy_amount"": 79276.94283954243, ""max_daily_buy_amount"": 929763.0395414885, ""score_threshold"": -1.1416613087218832, ""score_scale"": 2.3383788967608625, ""w_drawdown"": 4.26701536634083, ""w_rsi"": 1.1696974293267037, ""w_ma_gap_25"": 0.2915137084453301, ""w_ret_5"": 1.4069194601099828, ""w_trend"": -1.2384374533998983, ""w_vol"": 3.3095825736344753, ""w_exposure"": 5.570321523412783, ""w_unrealized_loss"": 7.8389820910641355, ""fixed_profit_yen"": 34222.73639538721, ""base_take_profit_pct"": 0.013378832120321973, ""min_take_profit_pct"": 0.008326183461994312, ""exposure_tp_sensitivity"": 0.15027562791693352, ""vol_tp_multiplier"": 0.11356036566930239}",-30437.05061808569,159455.33586992015,179773.21800340898,200011.5549726027,0
2019-03-08,"{""base_buy_amount"": 79276.94283954243, ""max_daily_buy_amount"": 929763.0395414885, ""score_threshold"": -1.1416613087218832, ""score_scale"": 2.3383788967608625, ""w_drawdown"": 4.26701536634083, ""w_rsi"": 1.1696974293267037, ""w_ma_gap_25"": 0.2915137084453301, ""w_ret_5"": 1.4069194601099828, ""w_trend"": -1.2384374533998983, ""w_vol"": 3.3095825736344753, ""w_exposure"": 5.570321523412783, ""w_unrealized_loss"": 7.8389820910641355, ""fixed_profit_yen"": 34222.73639538721, ""base_take_profit_pct"": 0.013378832120321973, ""min_take_profit_pct"": 0.008326183461994312, ""exposure_tp_sensitivity"": 0.15027562791693352, ""vol_tp_multiplier"": 0.11356036566930239}",-22068.346006283595,167824.04048172224,179773.21800340898,200011.5549726027,0
2019-03-15,"{""base_buy_amount"": 79276.94283954243, ""max_daily_buy_amount"": 929763.0395414885, ""score_threshold"": -1.1416613087218832, ""score_scale"": 2.3383788967608625, ""w_drawdown"": 4.26701536634083, ""w_rsi"": 1.1696974293267037, ""w_ma_gap_25"": 0.2915137084453301, ""w_ret_5"": 1.4069194601099828, ""w_trend"": -1.2384374533998983, ""w_vol"": 3.3095825736344753, ""w_exposure"": 5.570321523412783, ""w_unrealized_loss"": 7.8389820910641355, ""fixed_profit_yen"": 34222.73639538721, ""base_take_profit_pct"": 0.013378832120321973, ""min_take_profit_pct"": 0.008326183461994312, ""exposure_tp_sensitivity"": 0.15027562791693352, ""vol_tp_multiplier"": 0.11356036566930239}",-35490.695725553465,154401.69076245237,179773.21800340898,200011.5549726027,0
2019-03-25,"{""base_buy_amount"": 79276.94283954243, ""max_daily_buy_amount"": 929763.0395414885, ""score_threshold"": -1.1416613087218832, ""score_scale"": 2.3383788967608625, ""w_drawdown"": 4.26701536634083, ""w_rsi"": 1.1696974293267037, ""w_ma_gap_25"": 0.2915137084453301, ""w_ret_5"": 1.4069194601099828, ""w_trend"": -1.2384374533998983, ""w_vol"": 3.3095825736344753, ""w_exposure"": 5.570321523412783, ""w_unrealized_loss"": 7.8389820910641355, ""fixed_profit_yen"": 34222.73639538721, ""base_take_profit_pct"": 0.013378832120321973, ""min_take_profit_pct"": 0.008326183461994312, ""exposure_tp_sensitivity"": 0.15027562791693352, ""vol_tp_multiplier"": 0.11356036566930239}",-20493.71773813042,169398.66874987495,179773.21800340805,200011.5549726027,0
2019-04-01,"{""base_buy_amount"": 79276.94283954243, ""max_daily_buy_amount"": 929763.0395414885, ""score_threshold"": -1.1416613087218832, ""score_scale"": 2.3383788967608625, ""w_drawdown"": 4.26701536634083, ""w_rsi"": 1.1696974293267037, ""w_ma_gap_25"": 0.2915137084453301, ""w_ret_5"": 1.4069194601099828, ""w_trend"": -1.2384374533998983, ""w_vol"": 3.3095825736344753, ""w_exposure"": 5.570321523412783, ""w_unrealized_loss"": 7.8389820910641355, ""fixed_profit_yen"": 34222.73639538721, ""base_take_profit_pct"": 0.013378832120321973, ""min_take_profit_pct"": 0.008326183461994312, ""exposure_tp_sensitivity"": 0.15027562791693352, ""vol_tp_multiplier"": 0.11356036566930239}",-41390.67635361236,148501.71013439348,179773.21800340898,200011.5549726027,0
2019-04-08,"{""base_buy_amount"": 79276.94283954243, ""max_daily_buy_amount"": 929763.0395414885, ""score_threshold"": -1.1416613087218832, ""score_scale"": 2.3383788967608625, ""w_drawdown"": 4.26701536634083, ""w_rsi"": 1.1696974293267037, ""w_ma_gap_25"": 0.2915137084453301, ""w_ret_5"": 1.4069194601099828, ""w_trend"": -1.2384374533998983, ""w_vol"": 3.3095825736344753, ""w_exposure"": 5.570321523412783, ""w_unrealized_loss"": 7.8389820910641355, ""fixed_profit_yen"": 34222.73639538721, ""base_take_profit_pct"": 0.013378832120321973, ""min_take_profit_pct"": 0.008326183461994312, ""exposure_tp_sensitivity"": 0.15027562791693352, ""vol_tp_multiplier"": 0.11356036566930239}",9583.409631423274,199475.7961194291,179773.21800340898,200011.5549726027,0
2019-04-15,"{""base_buy_amount"": 79276.94283954243, ""max_daily_buy_amount"": 929763.0395414885, ""score_threshold"": -1.1416613087218832, ""score_scale"": 2.3383788967608625, ""w_drawdown"": 4.26701536634083, ""w_rsi"": 1.1696974293267037, ""w_ma_gap_25"": 0.2915137084453301, ""w_ret_5"": 1.4069194601099828, ""w_trend"": -1.2384374533998983, ""w_vol"": 3.3095825736344753, ""w_exposure"": 5.570321523412783, ""w_unrealized_loss"": 7.8389820910641355, ""fixed_profit_yen"": 34222.73639538721, ""base_take_profit_pct"": 0.013378832120321973, ""min_take_profit_pct"": 0.008326183461994312, ""exposure_tp_sensitivity"": 0.15027562791693352, ""vol_tp_multiplier"": 0.11356036566930239}",11782.687870523921,201675.07435852976,179773.21800340898,200011.5549726027,0
2019-04-22,"{""base_buy_amount"": 79276.94283954243, ""max_daily_buy_amount"": 929763.0395414885, ""score_threshold"": -1.1416613087218832, ""score_scale"": 2.3383788967608625, ""w_drawdown"": 4.26701536634083, ""w_rsi"": 1.1696974293267037, ""w_ma_gap_25"": 0.2915137084453301, ""w_ret_5"": 1.4069194601099828, ""w_trend"": -1.2384374533998983, ""w_vol"": 3.3095825736344753, ""w_exposure"": 5.570321523412783, ""w_unrealized_loss"": 7.8389820910641355, ""fixed_profit_yen"": 34222.73639538721, ""base_take_profit_pct"": 0.013378832120321973, ""min_take_profit_pct"": 0.008326183461994312, ""exposure_tp_sensitivity"": 0.15027562791693352, ""vol_tp_multiplier"": 0.11356036566930239}",25991.374193665484,215883.76068167086,179773.21800340805,200011.5549726027,0
2019-05-07,"{""base_buy_amount"": 184516.09414033598, ""max_daily_buy_amount"": 951666.6651832671, ""score_threshold"": -0.42970913663232047, ""score_scale"": 0.8602217764078326, ""w_drawdown"": 3.7766508639737224, ""w_rsi"": 2.168895136612965, ""w_ma_gap_25"": 2.3466346709520063, ""w_ret_5"": 0.7533648690662009, ""w_trend"": -1.9144400866147913, ""w_vol"": 4.535518110781075, ""w_exposure"": 0.44649088974278883, ""w_unrealized_loss"": 2.3285228494370624, ""fixed_profit_yen"": 16726.78852478283, ""base_take_profit_pct"": 0.01572553118724442, ""min_take_profit_pct"": 0.006278006557133164, ""exposure_tp_sensitivity"": 0.44396097826559994, ""vol_tp_multiplier"": 0.42057667278441013}",25007.705442403298,382501.63031230395,344999.49215076026,369988.35758904106,0
2019-05-14,"{""base_buy_amount"": 79276.94283954243, ""max_daily_buy_amount"": 929763.0395414885, ""score_threshold"": -1.1416613087218832, ""score_scale"": 2.3383788967608625, ""w_drawdown"": 4.26701536634083, ""w_rsi"": 1.1696974293267037, ""w_ma_gap_25"": 0.2915137084453301, ""w_ret_5"": 1.4069194601099828, ""w_trend"": -1.2384374533998983, ""w_vol"": 3.3095825736344753, ""w_exposure"": 5.570321523412783, ""w_unrealized_loss"": 7.8389820910641355, ""fixed_profit_yen"": 34222.73639538721, ""base_take_profit_pct"": 0.013378832120321973, ""min_take_profit_pct"": 0.008326183461994312, ""exposure_tp_sensitivity"": 0.15027562791693352, ""vol_tp_multiplier"": 0.11356036566930239}",-39390.95086173501,150501.43562627083,179773.21800340898,200011.5549726027,0
2019-05-21,"{""base_buy_amount"": 184516.09414033598, ""max_daily_buy_amount"": 951666.6651832671, ""score_threshold"": -0.42970913663232047, ""score_scale"": 0.8602217764078326, ""w_drawdown"": 3.7766508639737224, ""w_rsi"": 2.168895136612965, ""w_ma_gap_25"": 2.3466346709520063, ""w_ret_5"": 0.7533648690662009, ""w_trend"": -1.9144400866147913, ""w_vol"": 4.535518110781075, ""w_exposure"": 0.44649088974278883, ""w_unrealized_loss"": 2.3285228494370624, ""fixed_profit_yen"": 16726.78852478283, ""base_take_profit_pct"": 0.01572553118724442, ""min_take_profit_pct"": 0.006278006557133164, ""exposure_tp_sensitivity"": 0.44396097826559994, ""vol_tp_multiplier"": 0.42057667278441013}",-27946.976500847813,329546.9483690533,344999.4921507612,369988.35758904106,0
2019-05-28,"{""base_buy_amount"": 79276.94283954243, ""max_daily_buy_amount"": 929763.0395414885, ""score_threshold"": -1.1416613087218832, ""score_scale"": 2.3383788967608625, ""w_drawdown"": 4.26701536634083, ""w_rsi"": 1.1696974293267037, ""w_ma_gap_25"": 0.2915137084453301, ""w_ret_5"": 1.4069194601099828, ""w_trend"": -1.2384374533998983, ""w_vol"": 3.3095825736344753, ""w_exposure"": 5.570321523412783, ""w_unrealized_loss"": 7.8389820910641355, ""fixed_profit_yen"": 34222.73639538721, ""base_take_profit_pct"": 0.013378832120321973, ""min_take_profit_pct"": 0.008326183461994312, ""exposure_tp_sensitivity"": 0.15027562791693352, ""vol_tp_multiplier"": 0.11356036566930239}",-49966.37445832009,139926.01202968528,179773.21800340805,200011.5549726027,0
2019-06-04,"{""base_buy_amount"": 54275.118692676166, ""max_daily_buy_amount"": 1077795.7500210647, ""score_threshold"": 0.7091495974575888, ""score_scale"": 0.6332328010787595, ""w_drawdown"": 2.0067777877669397, ""w_rsi"": 4.478174406918484, ""w_ma_gap_25"": 3.3580640442792937, ""w_ret_5"": 1.1882918168029866, ""w_trend"": 2.116686777791476, ""w_vol"": 1.7401571170475716, ""w_exposure"": 8.533446711440595, ""w_unrealized_loss"": 2.989436511189055, ""fixed_profit_yen"": 30745.051791508, ""base_take_profit_pct"": 0.013114321896939353, ""min_take_profit_pct"": 0.0034734254567956035, ""exposure_tp_sensitivity"": 0.7979018059546823, ""vol_tp_multiplier"": 0.9379684096974567}",-108779.82090702734,-4387.147278578646,100299.97301032208,108485.37424657533,0
2019-06-11,"{""base_buy_amount"": 184516.09414033598, ""max_daily_buy_amount"": 951666.6651832671, ""score_threshold"": -0.42970913663232047, ""score_scale"": 0.8602217764078326, ""w_drawdown"": 3.7766508639737224, ""w_rsi"": 2.168895136612965, ""w_ma_gap_25"": 2.3466346709520063, ""w_ret_5"": 0.7533648690662009, ""w_trend"": -1.9144400866147913, ""w_vol"": 4.535518110781075, ""w_exposure"": 0.44649088974278883, ""w_unrealized_loss"": 2.3285228494370624, ""fixed_profit_yen"": 16726.78852478283, ""base_take_profit_pct"": 0.01572553118724442, ""min_take_profit_pct"": 0.006278006557133164, ""exposure_tp_sensitivity"": 0.44396097826559994, ""vol_tp_multiplier"": 0.42057667278441013}",-49656.267538547254,307837.6573313534,344999.49215076026,369988.35758904106,0
2019-06-18,"{""base_buy_amount"": 54275.118692676166, ""max_daily_buy_amount"": 1077795.7500210647, ""score_threshold"": 0.7091495974575888, ""score_scale"": 0.6332328010787595, ""w_drawdown"": 2.0067777877669397, ""w_rsi"": 4.478174406918484, ""w_ma_gap_25"": 3.3580640442792937, ""w_ret_5"": 1.1882918168029866, ""w_trend"": 2.116686777791476, ""w_vol"": 1.7401571170475716, ""w_exposure"": 8.533446711440595, ""w_unrealized_loss"": 2.989436511189055, ""fixed_profit_yen"": 30745.051791508, ""base_take_profit_pct"": 0.013114321896939353, ""min_take_profit_pct"": 0.0034734254567956035, ""exposure_tp_sensitivity"": 0.7979018059546823, ""vol_tp_multiplier"": 0.9379684096974567}",-61216.0968392705,43176.5767891782,100299.97301032208,108485.37424657533,0
2019-06-25,"{""base_buy_amount"": 184516.09414033598, ""max_daily_buy_amount"": 951666.6651832671, ""score_threshold"": -0.42970913663232047, ""score_scale"": 0.8602217764078326, ""w_drawdown"": 3.7766508639737224, ""w_rsi"": 2.168895136612965, ""w_ma_gap_25"": 2.3466346709520063, ""w_ret_5"": 0.7533648690662009, ""w_trend"": -1.9144400866147913, ""w_vol"": 4.535518110781075, ""w_exposure"": 0.44649088974278883, ""w_unrealized_loss"": 2.3285228494370624, ""fixed_profit_yen"": 16726.78852478283, ""base_take_profit_pct"": 0.01572553118724442, ""min_take_profit_pct"": 0.006278006557133164, ""exposure_tp_sensitivity"": 0.44396097826559994, ""vol_tp_multiplier"": 0.42057667278441013}",-1774.3031792411057,355719.62169065955,344999.49215076026,369988.35758904106,0
2019-07-02,"{""base_buy_amount"": 184516.09414033598, ""max_daily_buy_amount"": 951666.6651832671, ""score_threshold"": -0.42970913663232047, ""score_scale"": 0.8602217764078326, ""w_drawdown"": 3.7766508639737224, ""w_rsi"": 2.168895136612965, ""w_ma_gap_25"": 2.3466346709520063, ""w_ret_5"": 0.7533648690662009, ""w_trend"": -1.9144400866147913, ""w_vol"": 4.535518110781075, ""w_exposure"": 0.44649088974278883, ""w_unrealized_loss"": 2.3285228494370624, ""fixed_profit_yen"": 16726.78852478283, ""base_take_profit_pct"": 0.01572553118724442, ""min_take_profit_pct"": 0.006278006557133164, ""exposure_tp_sensitivity"": 0.44396097826559994, ""vol_tp_multiplier"": 0.42057667278441013}",90774.47823205349,448268.40310195414,344999.49215076026,369988.35758904106,0
2019-07-09,"{""base_buy_amount"": 184516.09414033598, ""max_daily_buy_amount"": 951666.6651832671, ""score_threshold"": -0.42970913663232047, ""score_scale"": 0.8602217764078326, ""w_drawdown"": 3.7766508639737224, ""w_rsi"": 2.168895136612965, ""w_ma_gap_25"": 2.3466346709520063, ""w_ret_5"": 0.7533648690662009, ""w_trend"": -1.9144400866147913, ""w_vol"": 4.535518110781075, ""w_exposure"": 0.44649088974278883, ""w_unrealized_loss"": 2.3285228494370624, ""fixed_profit_yen"": 16726.78852478283, ""base_take_profit_pct"": 0.01572553118724442, ""min_take_profit_pct"": 0.006278006557133164, ""exposure_tp_sensitivity"": 0.44396097826559994, ""vol_tp_multiplier"": 0.42057667278441013}",48834.345154515264,406328.2700244159,344999.49215076026,369988.35758904106,0
2019-07-17,"{""base_buy_amount"": 184516.09414033598, ""max_daily_buy_amount"": 951666.6651832671, ""score_threshold"": -0.42970913663232047, ""score_scale"": 0.8602217764078326, ""w_drawdown"": 3.7766508639737224, ""w_rsi"": 2.168895136612965, ""w_ma_gap_25"": 2.3466346709520063, ""w_ret_5"": 0.7533648690662009, ""w_trend"": -1.9144400866147913, ""w_vol"": 4.535518110781075, ""w_exposure"": 0.44649088974278883, ""w_unrealized_loss"": 2.3285228494370624, ""fixed_profit_yen"": 16726.78852478283, ""base_take_profit_pct"": 0.01572553118724442, ""min_take_profit_pct"": 0.006278006557133164, ""exposure_tp_sensitivity"": 0.44396097826559994, ""vol_tp_multiplier"": 0.42057667278441013}",38312.87050426731,395806.79537416797,344999.49215076026,369988.35758904106,0
2019-07-24,"{""base_buy_amount"": 184516.09414033598, ""max_daily_buy_amount"": 951666.6651832671, ""score_threshold"": -0.42970913663232047, ""score_scale"": 0.8602217764078326, ""w_drawdown"": 3.7766508639737224, ""w_rsi"": 2.168895136612965, ""w_ma_gap_25"": 2.3466346709520063, ""w_ret_5"": 0.7533648690662009, ""w_trend"": -1.9144400866147913, ""w_vol"": 4.535518110781075, ""w_exposure"": 0.44649088974278883, ""w_unrealized_loss"": 2.3285228494370624, ""fixed_profit_yen"": 16726.78852478283, ""base_take_profit_pct"": 0.01572553118724442, ""min_take_profit_pct"": 0.006278006557133164, ""exposure_tp_sensitivity"": 0.44396097826559994, ""vol_tp_multiplier"": 0.42057667278441013}",31084.6208010783,388578.54567097896,344999.49215076026,369988.35758904106,0
2019-07-31,"{""base_buy_amount"": 184516.09414033598, ""max_daily_buy_amount"": 951666.6651832671, ""score_threshold"": -0.42970913663232047, ""score_scale"": 0.8602217764078326, ""w_drawdown"": 3.7766508639737224, ""w_rsi"": 2.168895136612965, ""w_ma_gap_25"": 2.3466346709520063, ""w_ret_5"": 0.7533648690662009, ""w_trend"": -1.9144400866147913, ""w_vol"": 4.535518110781075, ""w_exposure"": 0.44649088974278883, ""w_unrealized_loss"": 2.3285228494370624, ""fixed_profit_yen"": 16726.78852478283, ""base_take_profit_pct"": 0.01572553118724442, ""min_take_profit_pct"": 0.006278006557133164, ""exposure_tp_sensitivity"": 0.44396097826559994, ""vol_tp_multiplier"": 0.42057667278441013}",30459.20143669084,387953.12630659196,344999.4921507612,369988.35758904106,0
2019-08-07,"{""base_buy_amount"": 56994.15626345524, ""max_daily_buy_amount"": 1595156.317254063, ""score_threshold"": 0.6594034263681285, ""score_scale"": 3.673244203818508, ""w_drawdown"": 3.9036451551098397, ""w_rsi"": 2.2945788776916998, ""w_ma_gap_25"": 2.8437059797644686, ""w_ret_5"": 0.6989849906382872, ""w_trend"": -2.3128195587841596, ""w_vol"": 3.3420148089523583, ""w_exposure"": 4.710962061431325, ""w_unrealized_loss"": 5.652361064811888, ""fixed_profit_yen"": 38954.9462985532, ""base_take_profit_pct"": 0.01977211296001654, ""min_take_profit_pct"": 0.005982214605921963, ""exposure_tp_sensitivity"": 0.5032864446708722, ""vol_tp_multiplier"": 1.519750490313061}",-80592.38528815283,68601.91707825635,146751.3687328184,151637.23599999995,0
2019-08-15,"{""base_buy_amount"": 56994.15626345524, ""max_daily_buy_amount"": 1595156.317254063, ""score_threshold"": 0.6594034263681285, ""score_scale"": 3.673244203818508, ""w_drawdown"": 3.9036451551098397, ""w_rsi"": 2.2945788776916998, ""w_ma_gap_25"": 2.8437059797644686, ""w_ret_5"": 0.6989849906382872, ""w_trend"": -2.3128195587841596, ""w_vol"": 3.3420148089523583, ""w_exposure"": 4.710962061431325, ""w_unrealized_loss"": 5.652361064811888, ""fixed_profit_yen"": 38954.9462985532, ""base_take_profit_pct"": 0.01977211296001654, ""min_take_profit_pct"": 0.005982214605921963, ""exposure_tp_sensitivity"": 0.5032864446708722, ""vol_tp_multiplier"": 1.519750490313061}",-78112.11377947405,71082.18858693512,146751.3687328184,151637.23599999995,0
2019-08-22,"{""base_buy_amount"": 56994.15626345524, ""max_daily_buy_amount"": 1595156.317254063, ""score_threshold"": 0.6594034263681285, ""score_scale"": 3.673244203818508, ""w_drawdown"": 3.9036451551098397, ""w_rsi"": 2.2945788776916998, ""w_ma_gap_25"": 2.8437059797644686, ""w_ret_5"": 0.6989849906382872, ""w_trend"": -2.3128195587841596, ""w_vol"": 3.3420148089523583, ""w_exposure"": 4.710962061431325, ""w_unrealized_loss"": 5.652361064811888, ""fixed_profit_yen"": 38954.9462985532, ""base_take_profit_pct"": 0.01977211296001654, ""min_take_profit_pct"": 0.005982214605921963, ""exposure_tp_sensitivity"": 0.5032864446708722, ""vol_tp_multiplier"": 1.519750490313061}",-77139.44922024115,72054.85314616802,146751.3687328184,151637.23599999995,0
2019-08-29,"{""base_buy_amount"": 56994.15626345524, ""max_daily_buy_amount"": 1595156.317254063, ""score_threshold"": 0.6594034263681285, ""score_scale"": 3.673244203818508, ""w_drawdown"": 3.9036451551098397, ""w_rsi"": 2.2945788776916998, ""w_ma_gap_25"": 2.8437059797644686, ""w_ret_5"": 0.6989849906382872, ""w_trend"": -2.3128195587841596, ""w_vol"": 3.3420148089523583, ""w_exposure"": 4.710962061431325, ""w_unrealized_loss"": 5.652361064811888, ""fixed_profit_yen"": 38954.9462985532, ""base_take_profit_pct"": 0.01977211296001654, ""min_take_profit_pct"": 0.005982214605921963, ""exposure_tp_sensitivity"": 0.5032864446708722, ""vol_tp_multiplier"": 1.519750490313061}",-92316.07513634322,56878.22723006595,146751.3687328184,151637.23599999995,0
2019-09-05,"{""base_buy_amount"": 56994.15626345524, ""max_daily_buy_amount"": 1595156.317254063, ""score_threshold"": 0.6594034263681285, ""score_scale"": 3.673244203818508, ""w_drawdown"": 3.9036451551098397, ""w_rsi"": 2.2945788776916998, ""w_ma_gap_25"": 2.8437059797644686, ""w_ret_5"": 0.6989849906382872, ""w_trend"": -2.3128195587841596, ""w_vol"": 3.3420148089523583, ""w_exposure"": 4.710962061431325, ""w_unrealized_loss"": 5.652361064811888, ""fixed_profit_yen"": 38954.9462985532, ""base_take_profit_pct"": 0.01977211296001654, ""min_take_profit_pct"": 0.005982214605921963, ""exposure_tp_sensitivity"": 0.5032864446708722, ""vol_tp_multiplier"": 1.519750490313061}",-77127.8310112396,72066.47135517004,146751.36873281933,151637.23599999995,0
2019-09-12,"{""base_buy_amount"": 184516.09414033598, ""max_daily_buy_amount"": 951666.6651832671, ""score_threshold"": -0.42970913663232047, ""score_scale"": 0.8602217764078326, ""w_drawdown"": 3.7766508639737224, ""w_rsi"": 2.168895136612965, ""w_ma_gap_25"": 2.3466346709520063, ""w_ret_5"": 0.7533648690662009, ""w_trend"": -1.9144400866147913, ""w_vol"": 4.535518110781075, ""w_exposure"": 0.44649088974278883, ""w_unrealized_loss"": 2.3285228494370624, ""fixed_profit_yen"": 16726.78852478283, ""base_take_profit_pct"": 0.01572553118724442, ""min_take_profit_pct"": 0.006278006557133164, ""exposure_tp_sensitivity"": 0.44396097826559994, ""vol_tp_multiplier"": 0.42057667278441013}",79825.02554870394,437318.9504186046,344999.49215076026,369988.35758904106,0
2019-09-20,"{""base_buy_amount"": 184516.09414033598, ""max_daily_buy_amount"": 951666.6651832671, ""score_threshold"": -0.42970913663232047, ""score_scale"": 0.8602217764078326, ""w_drawdown"": 3.7766508639737224, ""w_rsi"": 2.168895136612965, ""w_ma_gap_25"": 2.3466346709520063, ""w_ret_5"": 0.7533648690662009, ""w_trend"": -1.9144400866147913, ""w_vol"": 4.535518110781075, ""w_exposure"": 0.44649088974278883, ""w_unrealized_loss"": 2.3285228494370624, ""fixed_profit_yen"": 16726.78852478283, ""base_take_profit_pct"": 0.01572553118724442, ""min_take_profit_pct"": 0.006278006557133164, ""exposure_tp_sensitivity"": 0.44396097826559994, ""vol_tp_multiplier"": 0.42057667278441013}",131482.7213157293,488976.64618562994,344999.49215076026,369988.35758904106,0
2019-09-30,"{""base_buy_amount"": 184516.09414033598, ""max_daily_buy_amount"": 951666.6651832671, ""score_threshold"": -0.42970913663232047, ""score_scale"": 0.8602217764078326, ""w_drawdown"": 3.7766508639737224, ""w_rsi"": 2.168895136612965, ""w_ma_gap_25"": 2.3466346709520063, ""w_ret_5"": 0.7533648690662009, ""w_trend"": -1.9144400866147913, ""w_vol"": 4.535518110781075, ""w_exposure"": 0.44649088974278883, ""w_unrealized_loss"": 2.3285228494370624, ""fixed_profit_yen"": 16726.78852478283, ""base_take_profit_pct"": 0.01572553118724442, ""min_take_profit_pct"": 0.006278006557133164, ""exposure_tp_sensitivity"": 0.44396097826559994, ""vol_tp_multiplier"": 0.42057667278441013}",115869.0021126848,473362.92698258546,344999.49215076026,369988.35758904106,0
2019-10-07,"{""base_buy_amount"": 184516.09414033598, ""max_daily_buy_amount"": 951666.6651832671, ""score_threshold"": -0.42970913663232047, ""score_scale"": 0.8602217764078326, ""w_drawdown"": 3.7766508639737224, ""w_rsi"": 2.168895136612965, ""w_ma_gap_25"": 2.3466346709520063, ""w_ret_5"": 0.7533648690662009, ""w_trend"": -1.9144400866147913, ""w_vol"": 4.535518110781075, ""w_exposure"": 0.44649088974278883, ""w_unrealized_loss"": 2.3285228494370624, ""fixed_profit_yen"": 16726.78852478283, ""base_take_profit_pct"": 0.01572553118724442, ""min_take_profit_pct"": 0.006278006557133164, ""exposure_tp_sensitivity"": 0.44396097826559994, ""vol_tp_multiplier"": 0.42057667278441013}",77411.97356254715,434905.8984324478,344999.49215076026,369988.35758904106,0
2019-10-15,"{""base_buy_amount"": 184516.09414033598, ""max_daily_buy_amount"": 951666.6651832671, ""score_threshold"": -0.42970913663232047, ""score_scale"": 0.8602217764078326, ""w_drawdown"": 3.7766508639737224, ""w_rsi"": 2.168895136612965, ""w_ma_gap_25"": 2.3466346709520063, ""w_ret_5"": 0.7533648690662009, ""w_trend"": -1.9144400866147913, ""w_vol"": 4.535518110781075, ""w_exposure"": 0.44649088974278883, ""w_unrealized_loss"": 2.3285228494370624, ""fixed_profit_yen"": 16726.78852478283, ""base_take_profit_pct"": 0.01572553118724442, ""min_take_profit_pct"": 0.006278006557133164, ""exposure_tp_sensitivity"": 0.44396097826559994, ""vol_tp_multiplier"": 0.42057667278441013}",119082.29976244105,476576.2246323417,344999.49215076026,369988.35758904106,0
2019-10-23,"{""base_buy_amount"": 184516.09414033598, ""max_daily_buy_amount"": 951666.6651832671, ""score_threshold"": -0.42970913663232047, ""score_scale"": 0.8602217764078326, ""w_drawdown"": 3.7766508639737224, ""w_rsi"": 2.168895136612965, ""w_ma_gap_25"": 2.3466346709520063, ""w_ret_5"": 0.7533648690662009, ""w_trend"": -1.9144400866147913, ""w_vol"": 4.535518110781075, ""w_exposure"": 0.44649088974278883, ""w_unrealized_loss"": 2.3285228494370624, ""fixed_profit_yen"": 16726.78852478283, ""base_take_profit_pct"": 0.01572553118724442, ""min_take_profit_pct"": 0.006278006557133164, ""exposure_tp_sensitivity"": 0.44396097826559994, ""vol_tp_multiplier"": 0.42057667278441013}",183702.20612756713,541196.1309974678,344999.49215076026,369988.35758904106,0
2019-10-30,"{""base_buy_amount"": 184516.09414033598, ""max_daily_buy_amount"": 951666.6651832671, ""score_threshold"": -0.42970913663232047, ""score_scale"": 0.8602217764078326, ""w_drawdown"": 3.7766508639737224, ""w_rsi"": 2.168895136612965, ""w_ma_gap_25"": 2.3466346709520063, ""w_ret_5"": 0.7533648690662009, ""w_trend"": -1.9144400866147913, ""w_vol"": 4.535518110781075, ""w_exposure"": 0.44649088974278883, ""w_unrealized_loss"": 2.3285228494370624, ""fixed_profit_yen"": 16726.78852478283, ""base_take_profit_pct"": 0.01572553118724442, ""min_take_profit_pct"": 0.006278006557133164, ""exposure_tp_sensitivity"": 0.44396097826559994, ""vol_tp_multiplier"": 0.42057667278441013}",220759.8484713996,555265.6099988342,324487.6621781569,344523.8608767123,0
2019-11-07,"{""base_buy_amount"": 785258.2461281652, ""max_daily_buy_amount"": 933869.0355288994, ""score_threshold"": 1.4343916796455298, ""score_scale"": 3.6381561307671375, ""w_drawdown"": 0.47088673943824766, ""w_rsi"": 4.878111758183779, ""w_ma_gap_25"": 3.805698509951765, ""w_ret_5"": 3.930321526384769, ""w_trend"": -2.2313182039467248, ""w_vol"": 2.251929689477836, ""w_exposure"": 3.7079802423258124, ""w_unrealized_loss"": 9.267649888486018, ""fixed_profit_yen"": 33261.660643791234, ""base_take_profit_pct"": 0.02503732517158324, ""min_take_profit_pct"": 0.00499072778944598, ""exposure_tp_sensitivity"": 0.2045148496062992, ""vol_tp_multiplier"": 2.772923935079174}",511940.0643758412,1733127.241566707,1215916.4412584445,1226457.913123287,0
2019-11-14,"{""base_buy_amount"": 785258.2461281652, ""max_daily_buy_amount"": 933869.0355288994, ""score_threshold"": 1.4343916796455298, ""score_scale"": 3.6381561307671375, ""w_drawdown"": 0.47088673943824766, ""w_rsi"": 4.878111758183779, ""w_ma_gap_25"": 3.805698509951765, ""w_ret_5"": 3.930321526384769, ""w_trend"": -2.2313182039467248, ""w_vol"": 2.251929689477836, ""w_exposure"": 3.7079802423258124, ""w_unrealized_loss"": 9.267649888486018, ""fixed_profit_yen"": 33261.660643791234, ""base_take_profit_pct"": 0.02503732517158324, ""min_take_profit_pct"": 0.00499072778944598, ""exposure_tp_sensitivity"": 0.2045148496062992, ""vol_tp_multiplier"": 2.772923935079174}",976654.7030719176,1904489.997093484,964860.2047143662,890810.3833287667,0
2019-11-21,"{""base_buy_amount"": 785258.2461281652, ""max_daily_buy_amount"": 933869.0355288994, ""score_threshold"": 1.4343916796455298, ""score_scale"": 3.6381561307671375, ""w_drawdown"": 0.47088673943824766, ""w_rsi"": 4.878111758183779, ""w_ma_gap_25"": 3.805698509951765, ""w_ret_5"": 3.930321526384769, ""w_trend"": -2.2313182039467248, ""w_vol"": 2.251929689477836, ""w_exposure"": 3.7079802423258124, ""w_unrealized_loss"": 9.267649888486018, ""fixed_profit_yen"": 33261.660643791234, ""base_take_profit_pct"": 0.02503732517158324, ""min_take_profit_pct"": 0.00499072778944598, ""exposure_tp_sensitivity"": 0.2045148496062992, ""vol_tp_multiplier"": 2.772923935079174}",848387.6035416455,1776222.8975632119,964860.2047143662,890810.3833287667,0
2019-11-28,"{""base_buy_amount"": 785258.2461281652, ""max_daily_buy_amount"": 933869.0355288994, ""score_threshold"": 1.4343916796455298, ""score_scale"": 3.6381561307671375, ""w_drawdown"": 0.47088673943824766, ""w_rsi"": 4.878111758183779, ""w_ma_gap_25"": 3.805698509951765, ""w_ret_5"": 3.930321526384769, ""w_trend"": -2.2313182039467248, ""w_vol"": 2.251929689477836, ""w_exposure"": 3.7079802423258124, ""w_unrealized_loss"": 9.267649888486018, ""fixed_profit_yen"": 33261.660643791234, ""base_take_profit_pct"": 0.02503732517158324, ""min_take_profit_pct"": 0.00499072778944598, ""exposure_tp_sensitivity"": 0.2045148496062992, ""vol_tp_multiplier"": 2.772923935079174}",848387.6035416455,1776222.8975632119,964860.2047143662,890810.3833287667,0
2019-12-05,"{""base_buy_amount"": 785258.2461281652, ""max_daily_buy_amount"": 933869.0355288994, ""score_threshold"": 1.4343916796455298, ""score_scale"": 3.6381561307671375, ""w_drawdown"": 0.47088673943824766, ""w_rsi"": 4.878111758183779, ""w_ma_gap_25"": 3.805698509951765, ""w_ret_5"": 3.930321526384769, ""w_trend"": -2.2313182039467248, ""w_vol"": 2.251929689477836, ""w_exposure"": 3.7079802423258124, ""w_unrealized_loss"": 9.267649888486018, ""fixed_profit_yen"": 33261.660643791234, ""base_take_profit_pct"": 0.02503732517158324, ""min_take_profit_pct"": 0.00499072778944598, ""exposure_tp_sensitivity"": 0.2045148496062992, ""vol_tp_multiplier"": 2.772923935079174}",801898.3681965063,1729733.6622180727,964860.2047143662,890810.3833287667,0
2019-12-12,"{""base_buy_amount"": 785258.2461281652, ""max_daily_buy_amount"": 933869.0355288994, ""score_threshold"": 1.4343916796455298, ""score_scale"": 3.6381561307671375, ""w_drawdown"": 0.47088673943824766, ""w_rsi"": 4.878111758183779, ""w_ma_gap_25"": 3.805698509951765, ""w_ret_5"": 3.930321526384769, ""w_trend"": -2.2313182039467248, ""w_vol"": 2.251929689477836, ""w_exposure"": 3.7079802423258124, ""w_unrealized_loss"": 9.267649888486018, ""fixed_profit_yen"": 33261.660643791234, ""base_take_profit_pct"": 0.02503732517158324, ""min_take_profit_pct"": 0.00499072778944598, ""exposure_tp_sensitivity"": 0.2045148496062992, ""vol_tp_multiplier"": 2.772923935079174}",659930.406132062,1587765.7001536284,964860.2047143662,890810.3833287667,0
2019-12-19,"{""base_buy_amount"": 785258.2461281652, ""max_daily_buy_amount"": 933869.0355288994, ""score_threshold"": 1.4343916796455298, ""score_scale"": 3.6381561307671375, ""w_drawdown"": 0.47088673943824766, ""w_rsi"": 4.878111758183779, ""w_ma_gap_25"": 3.805698509951765, ""w_ret_5"": 3.930321526384769, ""w_trend"": -2.2313182039467248, ""w_vol"": 2.251929689477836, ""w_exposure"": 3.7079802423258124, ""w_unrealized_loss"": 9.267649888486018, ""fixed_profit_yen"": 33261.660643791234, ""base_take_profit_pct"": 0.02503732517158324, ""min_take_profit_pct"": 0.00499072778944598, ""exposure_tp_sensitivity"": 0.2045148496062992, ""vol_tp_multiplier"": 2.772923935079174}",659930.406132062,1587765.7001536284,964860.2047143662,890810.3833287667,0
2019-12-26,"{""base_buy_amount"": 654587.925002388, ""max_daily_buy_amount"": 1187584.984921411, ""score_threshold"": -1.4194789813398012, ""score_scale"": 4.757110041011428, ""w_drawdown"": 1.5067131625735897, ""w_rsi"": 2.8900860790377108, ""w_ma_gap_25"": 3.498879722945331, ""w_ret_5"": 3.2461657762265443, ""w_trend"": 2.643566458173111, ""w_vol"": 0.74219494960029, ""w_exposure"": 5.083527384469421, ""w_unrealized_loss"": 4.04034390740766, ""fixed_profit_yen"": 25285.93028568305, ""base_take_profit_pct"": 0.0053380907335368495, ""min_take_profit_pct"": 0.002206851488854888, ""exposure_tp_sensitivity"": 0.25026799120313165, ""vol_tp_multiplier"": 1.5235230188041564}",747348.0021817598,1539218.843737434,785089.9324812116,798651.7506301367,0
2020-01-08,"{""base_buy_amount"": 785258.2461281652, ""max_daily_buy_amount"": 933869.0355288994, ""score_threshold"": 1.4343916796455298, ""score_scale"": 3.6381561307671375, ""w_drawdown"": 0.47088673943824766, ""w_rsi"": 4.878111758183779, ""w_ma_gap_25"": 3.805698509951765, ""w_ret_5"": 3.930321526384769, ""w_trend"": -2.2313182039467248, ""w_vol"": 2.251929689477836, ""w_exposure"": 3.7079802423258124, ""w_unrealized_loss"": 9.267649888486018, ""fixed_profit_yen"": 33261.660643791234, ""base_take_profit_pct"": 0.02503732517158324, ""min_take_profit_pct"": 0.00499072778944598, ""exposure_tp_sensitivity"": 0.2045148496062992, ""vol_tp_multiplier"": 2.772923935079174}",892852.1468999148,1455122.6750282708,575735.8476265753,548805.2086301367,0
2020-01-16,"{""base_buy_amount"": 785258.2461281652, ""max_daily_buy_amount"": 933869.0355288994, ""score_threshold"": 1.4343916796455298, ""score_scale"": 3.6381561307671375, ""w_drawdown"": 0.47088673943824766, ""w_rsi"": 4.878111758183779, ""w_ma_gap_25"": 3.805698509951765, ""w_ret_5"": 3.930321526384769, ""w_trend"": -2.2313182039467248, ""w_vol"": 2.251929689477836, ""w_exposure"": 3.7079802423258124, ""w_unrealized_loss"": 9.267649888486018, ""fixed_profit_yen"": 33261.660643791234, ""base_take_profit_pct"": 0.02503732517158324, ""min_take_profit_pct"": 0.00499072778944598, ""exposure_tp_sensitivity"": 0.2045148496062992, ""vol_tp_multiplier"": 2.772923935079174}",829010.3296819928,1391280.8578103483,575735.8476265743,548805.2086301367,0
2020-01-23,"{""base_buy_amount"": 654587.925002388, ""max_daily_buy_amount"": 1187584.984921411, ""score_threshold"": -1.4194789813398012, ""score_scale"": 4.757110041011428, ""w_drawdown"": 1.5067131625735897, ""w_rsi"": 2.8900860790377108, ""w_ma_gap_25"": 3.498879722945331, ""w_ret_5"": 3.2461657762265443, ""w_trend"": 2.643566458173111, ""w_vol"": 0.74219494960029, ""w_exposure"": 5.083527384469421, ""w_unrealized_loss"": 4.04034390740766, ""fixed_profit_yen"": 25285.93028568305, ""base_take_profit_pct"": 0.0053380907335368495, ""min_take_profit_pct"": 0.002206851488854888, ""exposure_tp_sensitivity"": 0.25026799120313165, ""vol_tp_multiplier"": 1.5235230188041564}",753158.9107688784,1542090.373197874,780285.4993785396,797577.4254794518,0
2020-01-30,"{""base_buy_amount"": 785258.2461281652, ""max_daily_buy_amount"": 933869.0355288994, ""score_threshold"": 1.4343916796455298, ""score_scale"": 3.6381561307671375, ""w_drawdown"": 0.47088673943824766, ""w_rsi"": 4.878111758183779, ""w_ma_gap_25"": 3.805698509951765, ""w_ret_5"": 3.930321526384769, ""w_trend"": -2.2313182039467248, ""w_vol"": 2.251929689477836, ""w_exposure"": 3.7079802423258124, ""w_unrealized_loss"": 9.267649888486018, ""fixed_profit_yen"": 33261.660643791234, ""base_take_profit_pct"": 0.02503732517158324, ""min_take_profit_pct"": 0.00499072778944598, ""exposure_tp_sensitivity"": 0.2045148496062992, ""vol_tp_multiplier"": 2.772923935079174}",579511.2505870136,1141781.7787153695,575735.8476265753,548805.2086301367,0
2020-02-06,"{""base_buy_amount"": 785258.2461281652, ""max_daily_buy_amount"": 933869.0355288994, ""score_threshold"": 1.4343916796455298, ""score_scale"": 3.6381561307671375, ""w_drawdown"": 0.47088673943824766, ""w_rsi"": 4.878111758183779, ""w_ma_gap_25"": 3.805698509951765, ""w_ret_5"": 3.930321526384769, ""w_trend"": -2.2313182039467248, ""w_vol"": 2.251929689477836, ""w_exposure"": 3.7079802423258124, ""w_unrealized_loss"": 9.267649888486018, ""fixed_profit_yen"": 33261.660643791234, ""base_take_profit_pct"": 0.02503732517158324, ""min_take_profit_pct"": 0.00499072778944598, ""exposure_tp_sensitivity"": 0.2045148496062992, ""vol_tp_multiplier"": 2.772923935079174}",585882.3369375819,1148152.8650659379,575735.8476265753,548805.2086301367,0
2020-02-14,"{""base_buy_amount"": 654587.925002388, ""max_daily_buy_amount"": 1187584.984921411, ""score_threshold"": -1.4194789813398012, ""score_scale"": 4.757110041011428, ""w_drawdown"": 1.5067131625735897, ""w_rsi"": 2.8900860790377108, ""w_ma_gap_25"": 3.498879722945331, ""w_ret_5"": 3.2461657762265443, ""w_trend"": 2.643566458173111, ""w_vol"": 0.74219494960029, ""w_exposure"": 5.083527384469421, ""w_unrealized_loss"": 4.04034390740766, ""fixed_profit_yen"": 25285.93028568305, ""base_take_profit_pct"": 0.0053380907335368495, ""min_take_profit_pct"": 0.002206851488854888, ""exposure_tp_sensitivity"": 0.25026799120313165, ""vol_tp_multiplier"": 1.5235230188041564}",829480.47724031,1618411.9396693057,780285.4993785396,797577.4254794518,0
2020-02-21,"{""base_buy_amount"": 785258.2461281652, ""max_daily_buy_amount"": 933869.0355288994, ""score_threshold"": 1.4343916796455298, ""score_scale"": 3.6381561307671375, ""w_drawdown"": 0.47088673943824766, ""w_rsi"": 4.878111758183779, ""w_ma_gap_25"": 3.805698509951765, ""w_ret_5"": 3.930321526384769, ""w_trend"": -2.2313182039467248, ""w_vol"": 2.251929689477836, ""w_exposure"": 3.7079802423258124, ""w_unrealized_loss"": 9.267649888486018, ""fixed_profit_yen"": 33261.660643791234, ""base_take_profit_pct"": 0.02503732517158324, ""min_take_profit_pct"": 0.00499072778944598, ""exposure_tp_sensitivity"": 0.2045148496062992, ""vol_tp_multiplier"": 2.772923935079174}",700947.5400227511,1263218.068151107,575735.8476265753,548805.2086301367,0
2020-03-02,"{""base_buy_amount"": 785258.2461281652, ""max_daily_buy_amount"": 933869.0355288994, ""score_threshold"": 1.4343916796455298, ""score_scale"": 3.6381561307671375, ""w_drawdown"": 0.47088673943824766, ""w_rsi"": 4.878111758183779, ""w_ma_gap_25"": 3.805698509951765, ""w_ret_5"": 3.930321526384769, ""w_trend"": -2.2313182039467248, ""w_vol"": 2.251929689477836, ""w_exposure"": 3.7079802423258124, ""w_unrealized_loss"": 9.267649888486018, ""fixed_profit_yen"": 33261.660643791234, ""base_take_profit_pct"": 0.02503732517158324, ""min_take_profit_pct"": 0.00499072778944598, ""exposure_tp_sensitivity"": 0.2045148496062992, ""vol_tp_multiplier"": 2.772923935079174}",280451.1588366488,842721.6869650043,575735.8476265743,548805.2086301367,0
2020-03-10,"{""base_buy_amount"": 56994.15626345524, ""max_daily_buy_amount"": 1595156.317254063, ""score_threshold"": 0.6594034263681285, ""score_scale"": 3.673244203818508, ""w_drawdown"": 3.9036451551098397, ""w_rsi"": 2.2945788776916998, ""w_ma_gap_25"": 2.8437059797644686, ""w_ret_5"": 0.6989849906382872, ""w_trend"": -2.3128195587841596, ""w_vol"": 3.3420148089523583, ""w_exposure"": 4.710962061431325, ""w_unrealized_loss"": 5.652361064811888, ""fixed_profit_yen"": 38954.9462985532, ""base_take_profit_pct"": 0.01977211296001654, ""min_take_profit_pct"": 0.005982214605921963, ""exposure_tp_sensitivity"": 0.5032864446708722, ""vol_tp_multiplier"": 1.519750490313061}",-16210.536343012296,48520.375486811055,63163.06189252343,66298.76176712327,0
2020-03-17,"{""base_buy_amount"": 56994.15626345524, ""max_daily_buy_amount"": 1595156.317254063, ""score_threshold"": 0.6594034263681285, ""score_scale"": 3.673244203818508, ""w_drawdown"": 3.9036451551098397, ""w_rsi"": 2.2945788776916998, ""w_ma_gap_25"": 2.8437059797644686, ""w_ret_5"": 0.6989849906382872, ""w_trend"": -2.3128195587841596, ""w_vol"": 3.3420148089523583, ""w_exposure"": 4.710962061431325, ""w_unrealized_loss"": 5.652361064811888, ""fixed_profit_yen"": 38954.9462985532, ""base_take_profit_pct"": 0.01977211296001654, ""min_take_profit_pct"": 0.005982214605921963, ""exposure_tp_sensitivity"": 0.5032864446708722, ""vol_tp_multiplier"": 1.519750490313061}",-278390.25596776657,-82267.71849133549,193951.15587067045,198293.91908219174,0
2020-03-25,"{""base_buy_amount"": 56994.15626345524, ""max_daily_buy_amount"": 1595156.317254063, ""score_threshold"": 0.6594034263681285, ""score_scale"": 3.673244203818508, ""w_drawdown"": 3.9036451551098397, ""w_rsi"": 2.2945788776916998, ""w_ma_gap_25"": 2.8437059797644686, ""w_ret_5"": 0.6989849906382872, ""w_trend"": -2.3128195587841596, ""w_vol"": 3.3420148089523583, ""w_exposure"": 4.710962061431325, ""w_unrealized_loss"": 5.652361064811888, ""fixed_profit_yen"": 38954.9462985532, ""base_take_profit_pct"": 0.01977211296001654, ""min_take_profit_pct"": 0.005982214605921963, ""exposure_tp_sensitivity"": 0.5032864446708722, ""vol_tp_multiplier"": 1.519750490313061}",-209166.8820461604,10030.794260054914,215462.95583160874,222932.3967808219,0
2020-04-01,"{""base_buy_amount"": 56994.15626345524, ""max_daily_buy_amount"": 1595156.317254063, ""score_threshold"": 0.6594034263681285, ""score_scale"": 3.673244203818508, ""w_drawdown"": 3.9036451551098397, ""w_rsi"": 2.2945788776916998, ""w_ma_gap_25"": 2.8437059797644686, ""w_ret_5"": 0.6989849906382872, ""w_trend"": -2.3128195587841596, ""w_vol"": 3.3420148089523583, ""w_exposure"": 4.710962061431325, ""w_unrealized_loss"": 5.652361064811888, ""fixed_profit_yen"": 38954.9462985532, ""base_take_profit_pct"": 0.01977211296001654, ""min_take_profit_pct"": 0.005982214605921963, ""exposure_tp_sensitivity"": 0.5032864446708722, ""vol_tp_multiplier"": 1.519750490313061}",-157773.36273234145,61424.3135738734,215462.9558316078,222932.3967808219,0
2020-04-08,"{""base_buy_amount"": 56994.15626345524, ""max_daily_buy_amount"": 1595156.317254063, ""score_threshold"": 0.6594034263681285, ""score_scale"": 3.673244203818508, ""w_drawdown"": 3.9036451551098397, ""w_rsi"": 2.2945788776916998, ""w_ma_gap_25"": 2.8437059797644686, ""w_ret_5"": 0.6989849906382872, ""w_trend"": -2.3128195587841596, ""w_vol"": 3.3420148089523583, ""w_exposure"": 4.710962061431325, ""w_unrealized_loss"": 5.652361064811888, ""fixed_profit_yen"": 38954.9462985532, ""base_take_profit_pct"": 0.01977211296001654, ""min_take_profit_pct"": 0.005982214605921963, ""exposure_tp_sensitivity"": 0.5032864446708722, ""vol_tp_multiplier"": 1.519750490313061}",-142345.8808064693,76851.79549974602,215462.95583160874,222932.3967808219,0
2020-04-15,"{""base_buy_amount"": 56994.15626345524, ""max_daily_buy_amount"": 1595156.317254063, ""score_threshold"": 0.6594034263681285, ""score_scale"": 3.673244203818508, ""w_drawdown"": 3.9036451551098397, ""w_rsi"": 2.2945788776916998, ""w_ma_gap_25"": 2.8437059797644686, ""w_ret_5"": 0.6989849906382872, ""w_trend"": -2.3128195587841596, ""w_vol"": 3.3420148089523583, ""w_exposure"": 4.710962061431325, ""w_unrealized_loss"": 5.652361064811888, ""fixed_profit_yen"": 38954.9462985532, ""base_take_profit_pct"": 0.01977211296001654, ""min_take_profit_pct"": 0.005982214605921963, ""exposure_tp_sensitivity"": 0.5032864446708722, ""vol_tp_multiplier"": 1.519750490313061}",-110761.29926540858,108436.37704080627,215462.9558316078,222932.3967808219,0
2020-04-22,"{""base_buy_amount"": 56994.15626345524, ""max_daily_buy_amount"": 1595156.317254063, ""score_threshold"": 0.6594034263681285, ""score_scale"": 3.673244203818508, ""w_drawdown"": 3.9036451551098397, ""w_rsi"": 2.2945788776916998, ""w_ma_gap_25"": 2.8437059797644686, ""w_ret_5"": 0.6989849906382872, ""w_trend"": -2.3128195587841596, ""w_vol"": 3.3420148089523583, ""w_exposure"": 4.710962061431325, ""w_unrealized_loss"": 5.652361064811888, ""fixed_profit_yen"": 38954.9462985532, ""base_take_profit_pct"": 0.01977211296001654, ""min_take_profit_pct"": 0.005982214605921963, ""exposure_tp_sensitivity"": 0.5032864446708722, ""vol_tp_multiplier"": 1.519750490313061}",-132309.6938209661,86887.98248524877,215462.9558316078,222932.3967808219,0
2020-04-30,"{""base_buy_amount"": 56994.15626345524, ""max_daily_buy_amount"": 1595156.317254063, ""score_threshold"": 0.6594034263681285, ""score_scale"": 3.673244203818508, ""w_drawdown"": 3.9036451551098397, ""w_rsi"": 2.2945788776916998, ""w_ma_gap_25"": 2.8437059797644686, ""w_ret_5"": 0.6989849906382872, ""w_trend"": -2.3128195587841596, ""w_vol"": 3.3420148089523583, ""w_exposure"": 4.710962061431325, ""w_unrealized_loss"": 5.652361064811888, ""fixed_profit_yen"": 38954.9462985532, ""base_take_profit_pct"": 0.01977211296001654, ""min_take_profit_pct"": 0.005982214605921963, ""exposure_tp_sensitivity"": 0.5032864446708722, ""vol_tp_multiplier"": 1.519750490313061}",-110602.93467852501,108594.74162768984,215462.9558316078,222932.3967808219,0
2020-05-12,"{""base_buy_amount"": 56994.15626345524, ""max_daily_buy_amount"": 1595156.317254063, ""score_threshold"": 0.6594034263681285, ""score_scale"": 3.673244203818508, ""w_drawdown"": 3.9036451551098397, ""w_rsi"": 2.2945788776916998, ""w_ma_gap_25"": 2.8437059797644686, ""w_ret_5"": 0.6989849906382872, ""w_trend"": -2.3128195587841596, ""w_vol"": 3.3420148089523583, ""w_exposure"": 4.710962061431325, ""w_unrealized_loss"": 5.652361064811888, ""fixed_profit_yen"": 38954.9462985532, ""base_take_profit_pct"": 0.01977211296001654, ""min_take_profit_pct"": 0.005982214605921963, ""exposure_tp_sensitivity"": 0.5032864446708722, ""vol_tp_multiplier"": 1.519750490313061}",-84900.8138589921,134296.86244722275,215462.9558316078,222932.3967808219,0
2020-05-19,"{""base_buy_amount"": 56994.15626345524, ""max_daily_buy_amount"": 1595156.317254063, ""score_threshold"": 0.6594034263681285, ""score_scale"": 3.673244203818508, ""w_drawdown"": 3.9036451551098397, ""w_rsi"": 2.2945788776916998, ""w_ma_gap_25"": 2.8437059797644686, ""w_ret_5"": 0.6989849906382872, ""w_trend"": -2.3128195587841596, ""w_vol"": 3.3420148089523583, ""w_exposure"": 4.710962061431325, ""w_unrealized_loss"": 5.652361064811888, ""fixed_profit_yen"": 38954.9462985532, ""base_take_profit_pct"": 0.01977211296001654, ""min_take_profit_pct"": 0.005982214605921963, ""exposure_tp_sensitivity"": 0.5032864446708722, ""vol_tp_multiplier"": 1.519750490313061}",-94819.88071119005,124377.7955950248,215462.9558316078,222932.3967808219,0
2020-05-26,"{""base_buy_amount"": 56994.15626345524, ""max_daily_buy_amount"": 1595156.317254063, ""score_threshold"": 0.6594034263681285, ""score_scale"": 3.673244203818508, ""w_drawdown"": 3.9036451551098397, ""w_rsi"": 2.2945788776916998, ""w_ma_gap_25"": 2.8437059797644686, ""w_ret_5"": 0.6989849906382872, ""w_trend"": -2.3128195587841596, ""w_vol"": 3.3420148089523583, ""w_exposure"": 4.710962061431325, ""w_unrealized_loss"": 5.652361064811888, ""fixed_profit_yen"": 38954.9462985532, ""base_take_profit_pct"": 0.01977211296001654, ""min_take_profit_pct"": 0.005982214605921963, ""exposure_tp_sensitivity"": 0.5032864446708722, ""vol_tp_multiplier"": 1.519750490313061}",-76584.43117777156,142613.2451284433,215462.9558316078,222932.3967808219,0
2020-06-02,"{""base_buy_amount"": 56994.15626345524, ""max_daily_buy_amount"": 1595156.317254063, ""score_threshold"": 0.6594034263681285, ""score_scale"": 3.673244203818508, ""w_drawdown"": 3.9036451551098397, ""w_rsi"": 2.2945788776916998, ""w_ma_gap_25"": 2.8437059797644686, ""w_ret_5"": 0.6989849906382872, ""w_trend"": -2.3128195587841596, ""w_vol"": 3.3420148089523583, ""w_exposure"": 4.710962061431325, ""w_unrealized_loss"": 5.652361064811888, ""fixed_profit_yen"": 38954.9462985532, ""base_take_profit_pct"": 0.01977211296001654, ""min_take_profit_pct"": 0.005982214605921963, ""exposure_tp_sensitivity"": 0.5032864446708722, ""vol_tp_multiplier"": 1.519750490313061}",-43916.9391273401,175280.73717887476,215462.9558316078,222932.3967808219,0
2020-06-09,"{""base_buy_amount"": 79276.94283954243, ""max_daily_buy_amount"": 929763.0395414885, ""score_threshold"": -1.1416613087218832, ""score_scale"": 2.3383788967608625, ""w_drawdown"": 4.26701536634083, ""w_rsi"": 1.1696974293267037, ""w_ma_gap_25"": 0.2915137084453301, ""w_ret_5"": 1.4069194601099828, ""w_trend"": -1.2384374533998983, ""w_vol"": 3.3095825736344753, ""w_exposure"": 5.570321523412783, ""w_unrealized_loss"": 7.8389820910641355, ""fixed_profit_yen"": 34222.73639538721, ""base_take_profit_pct"": 0.013378832120321973, ""min_take_profit_pct"": 0.008326183461994312, ""exposure_tp_sensitivity"": 0.15027562791693352, ""vol_tp_multiplier"": 0.11356036566930239}",-25384.224117057107,294045.6321841303,311477.87660237495,327381.8359999999,0
2020-06-16,"{""base_buy_amount"": 79276.94283954243, ""max_daily_buy_amount"": 929763.0395414885, ""score_threshold"": -1.1416613087218832, ""score_scale"": 2.3383788967608625, ""w_drawdown"": 4.26701536634083, ""w_rsi"": 1.1696974293267037, ""w_ma_gap_25"": 0.2915137084453301, ""w_ret_5"": 1.4069194601099828, ""w_trend"": -1.2384374533998983, ""w_vol"": 3.3095825736344753, ""w_exposure"": 5.570321523412783, ""w_unrealized_loss"": 7.8389820910641355, ""fixed_profit_yen"": 34222.73639538721, ""base_take_profit_pct"": 0.013378832120321973, ""min_take_profit_pct"": 0.008326183461994312, ""exposure_tp_sensitivity"": 0.15027562791693352, ""vol_tp_multiplier"": 0.11356036566930239}",-48028.63562907011,271401.2206721173,311477.87660237495,327381.8359999999,0
2020-06-23,"{""base_buy_amount"": 79276.94283954243, ""max_daily_buy_amount"": 929763.0395414885, ""score_threshold"": -1.1416613087218832, ""score_scale"": 2.3383788967608625, ""w_drawdown"": 4.26701536634083, ""w_rsi"": 1.1696974293267037, ""w_ma_gap_25"": 0.2915137084453301, ""w_ret_5"": 1.4069194601099828, ""w_trend"": -1.2384374533998983, ""w_vol"": 3.3095825736344753, ""w_exposure"": 5.570321523412783, ""w_unrealized_loss"": 7.8389820910641355, ""fixed_profit_yen"": 34222.73639538721, ""base_take_profit_pct"": 0.013378832120321973, ""min_take_profit_pct"": 0.008326183461994312, ""exposure_tp_sensitivity"": 0.15027562791693352, ""vol_tp_multiplier"": 0.11356036566930239}",-45072.01101349696,274357.84528769,311477.876602374,327381.8359999999,0
2020-06-30,"{""base_buy_amount"": 56994.15626345524, ""max_daily_buy_amount"": 1595156.317254063, ""score_threshold"": 0.6594034263681285, ""score_scale"": 3.673244203818508, ""w_drawdown"": 3.9036451551098397, ""w_rsi"": 2.2945788776916998, ""w_ma_gap_25"": 2.8437059797644686, ""w_ret_5"": 0.6989849906382872, ""w_trend"": -2.3128195587841596, ""w_vol"": 3.3420148089523583, ""w_exposure"": 4.710962061431325, ""w_unrealized_loss"": 5.652361064811888, ""fixed_profit_yen"": 38954.9462985532, ""base_take_profit_pct"": 0.01977211296001654, ""min_take_profit_pct"": 0.005982214605921963, ""exposure_tp_sensitivity"": 0.5032864446708722, ""vol_tp_multiplier"": 1.519750490313061}",-56114.328862066934,163083.34744414792,215462.9558316078,222932.3967808219,0
2020-07-07,"{""base_buy_amount"": 56994.15626345524, ""max_daily_buy_amount"": 1595156.317254063, ""score_threshold"": 0.6594034263681285, ""score_scale"": 3.673244203818508, ""w_drawdown"": 3.9036451551098397, ""w_rsi"": 2.2945788776916998, ""w_ma_gap_25"": 2.8437059797644686, ""w_ret_5"": 0.6989849906382872, ""w_trend"": -2.3128195587841596, ""w_vol"": 3.3420148089523583, ""w_exposure"": 4.710962061431325, ""w_unrealized_loss"": 5.652361064811888, ""fixed_profit_yen"": 38954.9462985532, ""base_take_profit_pct"": 0.01977211296001654, ""min_take_profit_pct"": 0.005982214605921963, ""exposure_tp_sensitivity"": 0.5032864446708722, ""vol_tp_multiplier"": 1.519750490313061}",-55557.8203413724,163639.85596484246,215462.9558316078,222932.3967808219,0
2020-07-14,"{""base_buy_amount"": 79276.94283954243, ""max_daily_buy_amount"": 929763.0395414885, ""score_threshold"": -1.1416613087218832, ""score_scale"": 2.3383788967608625, ""w_drawdown"": 4.26701536634083, ""w_rsi"": 1.1696974293267037, ""w_ma_gap_25"": 0.2915137084453301, ""w_ret_5"": 1.4069194601099828, ""w_trend"": -1.2384374533998983, ""w_vol"": 3.3095825736344753, ""w_exposure"": 5.570321523412783, ""w_unrealized_loss"": 7.8389820910641355, ""fixed_profit_yen"": 34222.73639538721, ""base_take_profit_pct"": 0.013378832120321973, ""min_take_profit_pct"": 0.008326183461994312, ""exposure_tp_sensitivity"": 0.15027562791693352, ""vol_tp_multiplier"": 0.11356036566930239}",-63684.93122007849,255744.92508110893,311477.87660237495,327381.8359999999,0
2020-07-21,"{""base_buy_amount"": 79276.94283954243, ""max_daily_buy_amount"": 929763.0395414885, ""score_threshold"": -1.1416613087218832, ""score_scale"": 2.3383788967608625, ""w_drawdown"": 4.26701536634083, ""w_rsi"": 1.1696974293267037, ""w_ma_gap_25"": 0.2915137084453301, ""w_ret_5"": 1.4069194601099828, ""w_trend"": -1.2384374533998983, ""w_vol"": 3.3095825736344753, ""w_exposure"": 5.570321523412783, ""w_unrealized_loss"": 7.8389820910641355, ""fixed_profit_yen"": 34222.73639538721, ""base_take_profit_pct"": 0.013378832120321973, ""min_take_profit_pct"": 0.008326183461994312, ""exposure_tp_sensitivity"": 0.15027562791693352, ""vol_tp_multiplier"": 0.11356036566930239}",-65627.4066683834,253802.44963280356,311477.876602374,327381.8359999999,0
2020-07-30,"{""base_buy_amount"": 79276.94283954243, ""max_daily_buy_amount"": 929763.0395414885, ""score_threshold"": -1.1416613087218832, ""score_scale"": 2.3383788967608625, ""w_drawdown"": 4.26701536634083, ""w_rsi"": 1.1696974293267037, ""w_ma_gap_25"": 0.2915137084453301, ""w_ret_5"": 1.4069194601099828, ""w_trend"": -1.2384374533998983, ""w_vol"": 3.3095825736344753, ""w_exposure"": 5.570321523412783, ""w_unrealized_loss"": 7.8389820910641355, ""fixed_profit_yen"": 34222.73639538721, ""base_take_profit_pct"": 0.013378832120321973, ""min_take_profit_pct"": 0.008326183461994312, ""exposure_tp_sensitivity"": 0.15027562791693352, ""vol_tp_multiplier"": 0.11356036566930239}",-72363.21466737994,247066.641633807,311477.876602374,327381.8359999999,0
2020-08-06,"{""base_buy_amount"": 79276.94283954243, ""max_daily_buy_amount"": 929763.0395414885, ""score_threshold"": -1.1416613087218832, ""score_scale"": 2.3383788967608625, ""w_drawdown"": 4.26701536634083, ""w_rsi"": 1.1696974293267037, ""w_ma_gap_25"": 0.2915137084453301, ""w_ret_5"": 1.4069194601099828, ""w_trend"": -1.2384374533998983, ""w_vol"": 3.3095825736344753, ""w_exposure"": 5.570321523412783, ""w_unrealized_loss"": 7.8389820910641355, ""fixed_profit_yen"": 34222.73639538721, ""base_take_profit_pct"": 0.013378832120321973, ""min_take_profit_pct"": 0.008326183461994312, ""exposure_tp_sensitivity"": 0.15027562791693352, ""vol_tp_multiplier"": 0.11356036566930239}",-75617.674686541,243812.18161464596,311477.876602374,327381.8359999999,0
2020-08-14,"{""base_buy_amount"": 79276.94283954243, ""max_daily_buy_amount"": 929763.0395414885, ""score_threshold"": -1.1416613087218832, ""score_scale"": 2.3383788967608625, ""w_drawdown"": 4.26701536634083, ""w_rsi"": 1.1696974293267037, ""w_ma_gap_25"": 0.2915137084453301, ""w_ret_5"": 1.4069194601099828, ""w_trend"": -1.2384374533998983, ""w_vol"": 3.3095825736344753, ""w_exposure"": 5.570321523412783, ""w_unrealized_loss"": 7.8389820910641355, ""fixed_profit_yen"": 34222.73639538721, ""base_take_profit_pct"": 0.013378832120321973, ""min_take_profit_pct"": 0.008326183461994312, ""exposure_tp_sensitivity"": 0.15027562791693352, ""vol_tp_multiplier"": 0.11356036566930239}",-65504.739830284554,253925.11647090287,311477.87660237495,327381.8359999999,0
2020-08-21,"{""base_buy_amount"": 79276.94283954243, ""max_daily_buy_amount"": 929763.0395414885, ""score_threshold"": -1.1416613087218832, ""score_scale"": 2.3383788967608625, ""w_drawdown"": 4.26701536634083, ""w_rsi"": 1.1696974293267037, ""w_ma_gap_25"": 0.2915137084453301, ""w_ret_5"": 1.4069194601099828, ""w_trend"": -1.2384374533998983, ""w_vol"": 3.3095825736344753, ""w_exposure"": 5.570321523412783, ""w_unrealized_loss"": 7.8389820910641355, ""fixed_profit_yen"": 34222.73639538721, ""base_take_profit_pct"": 0.013378832120321973, ""min_take_profit_pct"": 0.008326183461994312, ""exposure_tp_sensitivity"": 0.15027562791693352, ""vol_tp_multiplier"": 0.11356036566930239}",-76214.68198272181,243215.17431846514,311477.876602374,327381.8359999999,0
2020-08-28,"{""base_buy_amount"": 79276.94283954243, ""max_daily_buy_amount"": 929763.0395414885, ""score_threshold"": -1.1416613087218832, ""score_scale"": 2.3383788967608625, ""w_drawdown"": 4.26701536634083, ""w_rsi"": 1.1696974293267037, ""w_ma_gap_25"": 0.2915137084453301, ""w_ret_5"": 1.4069194601099828, ""w_trend"": -1.2384374533998983, ""w_vol"": 3.3095825736344753, ""w_exposure"": 5.570321523412783, ""w_unrealized_loss"": 7.8389820910641355, ""fixed_profit_yen"": 34222.73639538721, ""base_take_profit_pct"": 0.013378832120321973, ""min_take_profit_pct"": 0.008326183461994312, ""exposure_tp_sensitivity"": 0.15027562791693352, ""vol_tp_multiplier"": 0.11356036566930239}",-79673.99404083,239755.86226035695,311477.876602374,327381.8359999999,0
2020-09-04,"{""base_buy_amount"": 79276.94283954243, ""max_daily_buy_amount"": 929763.0395414885, ""score_threshold"": -1.1416613087218832, ""score_scale"": 2.3383788967608625, ""w_drawdown"": 4.26701536634083, ""w_rsi"": 1.1696974293267037, ""w_ma_gap_25"": 0.2915137084453301, ""w_ret_5"": 1.4069194601099828, ""w_trend"": -1.2384374533998983, ""w_vol"": 3.3095825736344753, ""w_exposure"": 5.570321523412783, ""w_unrealized_loss"": 7.8389820910641355, ""fixed_profit_yen"": 34222.73639538721, ""base_take_profit_pct"": 0.013378832120321973, ""min_take_profit_pct"": 0.008326183461994312, ""exposure_tp_sensitivity"": 0.15027562791693352, ""vol_tp_multiplier"": 0.11356036566930239}",-88259.12448992702,231170.7318112604,311477.87660237495,327381.8359999999,0
2020-09-11,"{""base_buy_amount"": 79276.94283954243, ""max_daily_buy_amount"": 929763.0395414885, ""score_threshold"": -1.1416613087218832, ""score_scale"": 2.3383788967608625, ""w_drawdown"": 4.26701536634083, ""w_rsi"": 1.1696974293267037, ""w_ma_gap_25"": 0.2915137084453301, ""w_ret_5"": 1.4069194601099828, ""w_trend"": -1.2384374533998983, ""w_vol"": 3.3095825736344753, ""w_exposure"": 5.570321523412783, ""w_unrealized_loss"": 7.8389820910641355, ""fixed_profit_yen"": 34222.73639538721, ""base_take_profit_pct"": 0.013378832120321973, ""min_take_profit_pct"": 0.008326183461994312, ""exposure_tp_sensitivity"": 0.15027562791693352, ""vol_tp_multiplier"": 0.11356036566930239}",-99994.59233673458,219435.26396445284,311477.87660237495,327381.8359999999,0
2020-09-18,"{""base_buy_amount"": 79276.94283954243, ""max_daily_buy_amount"": 929763.0395414885, ""score_threshold"": -1.1416613087218832, ""score_scale"": 2.3383788967608625, ""w_drawdown"": 4.26701536634083, ""w_rsi"": 1.1696974293267037, ""w_ma_gap_25"": 0.2915137084453301, ""w_ret_5"": 1.4069194601099828, ""w_trend"": -1.2384374533998983, ""w_vol"": 3.3095825736344753, ""w_exposure"": 5.570321523412783, ""w_unrealized_loss"": 7.8389820910641355, ""fixed_profit_yen"": 34222.73639538721, ""base_take_profit_pct"": 0.013378832120321973, ""min_take_profit_pct"": 0.008326183461994312, ""exposure_tp_sensitivity"": 0.15027562791693352, ""vol_tp_multiplier"": 0.11356036566930239}",-112042.43707412315,207387.4192270638,311477.876602374,327381.8359999999,0
2020-09-29,"{""base_buy_amount"": 79276.94283954243, ""max_daily_buy_amount"": 929763.0395414885, ""score_threshold"": -1.1416613087218832, ""score_scale"": 2.3383788967608625, ""w_drawdown"": 4.26701536634083, ""w_rsi"": 1.1696974293267037, ""w_ma_gap_25"": 0.2915137084453301, ""w_ret_5"": 1.4069194601099828, ""w_trend"": -1.2384374533998983, ""w_vol"": 3.3095825736344753, ""w_exposure"": 5.570321523412783, ""w_unrealized_loss"": 7.8389820910641355, ""fixed_profit_yen"": 34222.73639538721, ""base_take_profit_pct"": 0.013378832120321973, ""min_take_profit_pct"": 0.008326183461994312, ""exposure_tp_sensitivity"": 0.15027562791693352, ""vol_tp_multiplier"": 0.11356036566930239}",-114916.67413468065,204513.1821665063,311477.876602374,327381.8359999999,0
2020-10-07,"{""base_buy_amount"": 79276.94283954243, ""max_daily_buy_amount"": 929763.0395414885, ""score_threshold"": -1.1416613087218832, ""score_scale"": 2.3383788967608625, ""w_drawdown"": 4.26701536634083, ""w_rsi"": 1.1696974293267037, ""w_ma_gap_25"": 0.2915137084453301, ""w_ret_5"": 1.4069194601099828, ""w_trend"": -1.2384374533998983, ""w_vol"": 3.3095825736344753, ""w_exposure"": 5.570321523412783, ""w_unrealized_loss"": 7.8389820910641355, ""fixed_profit_yen"": 34222.73639538721, ""base_take_profit_pct"": 0.013378832120321973, ""min_take_profit_pct"": 0.008326183461994312, ""exposure_tp_sensitivity"": 0.15027562791693352, ""vol_tp_multiplier"": 0.11356036566930239}",-115479.23932569826,203950.61697548916,311477.87660237495,327381.8359999999,0
2020-10-14,"{""base_buy_amount"": 79276.94283954243, ""max_daily_buy_amount"": 929763.0395414885, ""score_threshold"": -1.1416613087218832, ""score_scale"": 2.3383788967608625, ""w_drawdown"": 4.26701536634083, ""w_rsi"": 1.1696974293267037, ""w_ma_gap_25"": 0.2915137084453301, ""w_ret_5"": 1.4069194601099828, ""w_trend"": -1.2384374533998983, ""w_vol"": 3.3095825736344753, ""w_exposure"": 5.570321523412783, ""w_unrealized_loss"": 7.8389820910641355, ""fixed_profit_yen"": 34222.73639538721, ""base_take_profit_pct"": 0.013378832120321973, ""min_take_profit_pct"": 0.008326183461994312, ""exposure_tp_sensitivity"": 0.15027562791693352, ""vol_tp_multiplier"": 0.11356036566930239}",-119322.51374470806,200107.3425564789,311477.876602374,327381.8359999999,0
2020-10-21,"{""base_buy_amount"": 79276.94283954243, ""max_daily_buy_amount"": 929763.0395414885, ""score_threshold"": -1.1416613087218832, ""score_scale"": 2.3383788967608625, ""w_drawdown"": 4.26701536634083, ""w_rsi"": 1.1696974293267037, ""w_ma_gap_25"": 0.2915137084453301, ""w_ret_5"": 1.4069194601099828, ""w_trend"": -1.2384374533998983, ""w_vol"": 3.3095825736344753, ""w_exposure"": 5.570321523412783, ""w_unrealized_loss"": 7.8389820910641355, ""fixed_profit_yen"": 34222.73639538721, ""base_take_profit_pct"": 0.013378832120321973, ""min_take_profit_pct"": 0.008326183461994312, ""exposure_tp_sensitivity"": 0.15027562791693352, ""vol_tp_multiplier"": 0.11356036566930239}",-134183.63099927973,185246.2253019077,311477.87660237495,327381.8359999999,0
2020-10-28,"{""base_buy_amount"": 79276.94283954243, ""max_daily_buy_amount"": 929763.0395414885, ""score_threshold"": -1.1416613087218832, ""score_scale"": 2.3383788967608625, ""w_drawdown"": 4.26701536634083, ""w_rsi"": 1.1696974293267037, ""w_ma_gap_25"": 0.2915137084453301, ""w_ret_5"": 1.4069194601099828, ""w_trend"": -1.2384374533998983, ""w_vol"": 3.3095825736344753, ""w_exposure"": 5.570321523412783, ""w_unrealized_loss"": 7.8389820910641355, ""fixed_profit_yen"": 34222.73639538721, ""base_take_profit_pct"": 0.013378832120321973, ""min_take_profit_pct"": 0.008326183461994312, ""exposure_tp_sensitivity"": 0.15027562791693352, ""vol_tp_multiplier"": 0.11356036566930239}",-150601.90359566084,168827.9527055261,311477.876602374,327381.8359999999,0
2020-11-05,"{""base_buy_amount"": 79276.94283954243, ""max_daily_buy_amount"": 929763.0395414885, ""score_threshold"": -1.1416613087218832, ""score_scale"": 2.3383788967608625, ""w_drawdown"": 4.26701536634083, ""w_rsi"": 1.1696974293267037, ""w_ma_gap_25"": 0.2915137084453301, ""w_ret_5"": 1.4069194601099828, ""w_trend"": -1.2384374533998983, ""w_vol"": 3.3095825736344753, ""w_exposure"": 5.570321523412783, ""w_unrealized_loss"": 7.8389820910641355, ""fixed_profit_yen"": 34222.73639538721, ""base_take_profit_pct"": 0.013378832120321973, ""min_take_profit_pct"": 0.008326183461994312, ""exposure_tp_sensitivity"": 0.15027562791693352, ""vol_tp_multiplier"": 0.11356036566930239}",-143533.5072935533,175896.34900763366,311477.876602374,327381.8359999999,0
2020-11-12,"{""base_buy_amount"": 79276.94283954243, ""max_daily_buy_amount"": 929763.0395414885, ""score_threshold"": -1.1416613087218832, ""score_scale"": 2.3383788967608625, ""w_drawdown"": 4.26701536634083, ""w_rsi"": 1.1696974293267037, ""w_ma_gap_25"": 0.2915137084453301, ""w_ret_5"": 1.4069194601099828, ""w_trend"": -1.2384374533998983, ""w_vol"": 3.3095825736344753, ""w_exposure"": 5.570321523412783, ""w_unrealized_loss"": 7.8389820910641355, ""fixed_profit_yen"": 34222.73639538721, ""base_take_profit_pct"": 0.013378832120321973, ""min_take_profit_pct"": 0.008326183461994312, ""exposure_tp_sensitivity"": 0.15027562791693352, ""vol_tp_multiplier"": 0.11356036566930239}",-137739.29038356766,181690.5659176193,311477.876602374,327381.8359999999,0
2020-11-19,"{""base_buy_amount"": 79276.94283954243, ""max_daily_buy_amount"": 929763.0395414885, ""score_threshold"": -1.1416613087218832, ""score_scale"": 2.3383788967608625, ""w_drawdown"": 4.26701536634083, ""w_rsi"": 1.1696974293267037, ""w_ma_gap_25"": 0.2915137084453301, ""w_ret_5"": 1.4069194601099828, ""w_trend"": -1.2384374533998983, ""w_vol"": 3.3095825736344753, ""w_exposure"": 5.570321523412783, ""w_unrealized_loss"": 7.8389820910641355, ""fixed_profit_yen"": 34222.73639538721, ""base_take_profit_pct"": 0.013378832120321973, ""min_take_profit_pct"": 0.008326183461994312, ""exposure_tp_sensitivity"": 0.15027562791693352, ""vol_tp_multiplier"": 0.11356036566930239}",-137739.29038356766,181690.5659176193,311477.876602374,327381.8359999999,0
2020-11-27,"{""base_buy_amount"": 79276.94283954243, ""max_daily_buy_amount"": 929763.0395414885, ""score_threshold"": -1.1416613087218832, ""score_scale"": 2.3383788967608625, ""w_drawdown"": 4.26701536634083, ""w_rsi"": 1.1696974293267037, ""w_ma_gap_25"": 0.2915137084453301, ""w_ret_5"": 1.4069194601099828, ""w_trend"": -1.2384374533998983, ""w_vol"": 3.3095825736344753, ""w_exposure"": 5.570321523412783, ""w_unrealized_loss"": 7.8389820910641355, ""fixed_profit_yen"": 34222.73639538721, ""base_take_profit_pct"": 0.013378832120321973, ""min_take_profit_pct"": 0.008326183461994312, ""exposure_tp_sensitivity"": 0.15027562791693352, ""vol_tp_multiplier"": 0.11356036566930239}",-137739.29038356766,181690.5659176193,311477.876602374,327381.8359999999,0
2020-12-04,"{""base_buy_amount"": 79276.94283954243, ""max_daily_buy_amount"": 929763.0395414885, ""score_threshold"": -1.1416613087218832, ""score_scale"": 2.3383788967608625, ""w_drawdown"": 4.26701536634083, ""w_rsi"": 1.1696974293267037, ""w_ma_gap_25"": 0.2915137084453301, ""w_ret_5"": 1.4069194601099828, ""w_trend"": -1.2384374533998983, ""w_vol"": 3.3095825736344753, ""w_exposure"": 5.570321523412783, ""w_unrealized_loss"": 7.8389820910641355, ""fixed_profit_yen"": 34222.73639538721, ""base_take_profit_pct"": 0.013378832120321973, ""min_take_profit_pct"": 0.008326183461994312, ""exposure_tp_sensitivity"": 0.15027562791693352, ""vol_tp_multiplier"": 0.11356036566930239}",-138531.6020935873,180898.2542076001,311477.87660237495,327381.8359999999,0
2020-12-11,"{""base_buy_amount"": 79276.94283954243, ""max_daily_buy_amount"": 929763.0395414885, ""score_threshold"": -1.1416613087218832, ""score_scale"": 2.3383788967608625, ""w_drawdown"": 4.26701536634083, ""w_rsi"": 1.1696974293267037, ""w_ma_gap_25"": 0.2915137084453301, ""w_ret_5"": 1.4069194601099828, ""w_trend"": -1.2384374533998983, ""w_vol"": 3.3095825736344753, ""w_exposure"": 5.570321523412783, ""w_unrealized_loss"": 7.8389820910641355, ""fixed_profit_yen"": 34222.73639538721, ""base_take_profit_pct"": 0.013378832120321973, ""min_take_profit_pct"": 0.008326183461994312, ""exposure_tp_sensitivity"": 0.15027562791693352, ""vol_tp_multiplier"": 0.11356036566930239}",-140731.55299629914,178698.3033048878,311477.876602374,327381.8359999999,0
2020-12-18,"{""base_buy_amount"": 79276.94283954243, ""max_daily_buy_amount"": 929763.0395414885, ""score_threshold"": -1.1416613087218832, ""score_scale"": 2.3383788967608625, ""w_drawdown"": 4.26701536634083, ""w_rsi"": 1.1696974293267037, ""w_ma_gap_25"": 0.2915137084453301, ""w_ret_5"": 1.4069194601099828, ""w_trend"": -1.2384374533998983, ""w_vol"": 3.3095825736344753, ""w_exposure"": 5.570321523412783, ""w_unrealized_loss"": 7.8389820910641355, ""fixed_profit_yen"": 34222.73639538721, ""base_take_profit_pct"": 0.013378832120321973, ""min_take_profit_pct"": 0.008326183461994312, ""exposure_tp_sensitivity"": 0.15027562791693352, ""vol_tp_multiplier"": 0.11356036566930239}",-141016.94396145505,178412.91233973237,311477.87660237495,327381.8359999999,0
2020-12-25,"{""base_buy_amount"": 79276.94283954243, ""max_daily_buy_amount"": 929763.0395414885, ""score_threshold"": -1.1416613087218832, ""score_scale"": 2.3383788967608625, ""w_drawdown"": 4.26701536634083, ""w_rsi"": 1.1696974293267037, ""w_ma_gap_25"": 0.2915137084453301, ""w_ret_5"": 1.4069194601099828, ""w_trend"": -1.2384374533998983, ""w_vol"": 3.3095825736344753, ""w_exposure"": 5.570321523412783, ""w_unrealized_loss"": 7.8389820910641355, ""fixed_profit_yen"": 34222.73639538721, ""base_take_profit_pct"": 0.013378832120321973, ""min_take_profit_pct"": 0.008326183461994312, ""exposure_tp_sensitivity"": 0.15027562791693352, ""vol_tp_multiplier"": 0.11356036566930239}",-142831.63638151326,176598.21991967416,311477.87660237495,327381.8359999999,0
2021-01-05,"{""base_buy_amount"": 79276.94283954243, ""max_daily_buy_amount"": 929763.0395414885, ""score_threshold"": -1.1416613087218832, ""score_scale"": 2.3383788967608625, ""w_drawdown"": 4.26701536634083, ""w_rsi"": 1.1696974293267037, ""w_ma_gap_25"": 0.2915137084453301, ""w_ret_5"": 1.4069194601099828, ""w_trend"": -1.2384374533998983, ""w_vol"": 3.3095825736344753, ""w_exposure"": 5.570321523412783, ""w_unrealized_loss"": 7.8389820910641355, ""fixed_profit_yen"": 34222.73639538721, ""base_take_profit_pct"": 0.013378832120321973, ""min_take_profit_pct"": 0.008326183461994312, ""exposure_tp_sensitivity"": 0.15027562791693352, ""vol_tp_multiplier"": 0.11356036566930239}",-142609.8010688071,176820.0552323803,311477.87660237495,327381.8359999999,0
2021-01-13,"{""base_buy_amount"": 79276.94283954243, ""max_daily_buy_amount"": 929763.0395414885, ""score_threshold"": -1.1416613087218832, ""score_scale"": 2.3383788967608625, ""w_drawdown"": 4.26701536634083, ""w_rsi"": 1.1696974293267037, ""w_ma_gap_25"": 0.2915137084453301, ""w_ret_5"": 1.4069194601099828, ""w_trend"": -1.2384374533998983, ""w_vol"": 3.3095825736344753, ""w_exposure"": 5.570321523412783, ""w_unrealized_loss"": 7.8389820910641355, ""fixed_profit_yen"": 34222.73639538721, ""base_take_profit_pct"": 0.013378832120321973, ""min_take_profit_pct"": 0.008326183461994312, ""exposure_tp_sensitivity"": 0.15027562791693352, ""vol_tp_multiplier"": 0.11356036566930239}",-142609.8010688071,176820.0552323803,311477.87660237495,327381.8359999999,0
2021-01-20,"{""base_buy_amount"": 79276.94283954243, ""max_daily_buy_amount"": 929763.0395414885, ""score_threshold"": -1.1416613087218832, ""score_scale"": 2.3383788967608625, ""w_drawdown"": 4.26701536634083, ""w_rsi"": 1.1696974293267037, ""w_ma_gap_25"": 0.2915137084453301, ""w_ret_5"": 1.4069194601099828, ""w_trend"": -1.2384374533998983, ""w_vol"": 3.3095825736344753, ""w_exposure"": 5.570321523412783, ""w_unrealized_loss"": 7.8389820910641355, ""fixed_profit_yen"": 34222.73639538721, ""base_take_profit_pct"": 0.013378832120321973, ""min_take_profit_pct"": 0.008326183461994312, ""exposure_tp_sensitivity"": 0.15027562791693352, ""vol_tp_multiplier"": 0.11356036566930239}",-144639.65499513407,174790.20130605288,311477.876602374,327381.8359999999,0
2021-01-27,"{""base_buy_amount"": 79276.94283954243, ""max_daily_buy_amount"": 929763.0395414885, ""score_threshold"": -1.1416613087218832, ""score_scale"": 2.3383788967608625, ""w_drawdown"": 4.26701536634083, ""w_rsi"": 1.1696974293267037, ""w_ma_gap_25"": 0.2915137084453301, ""w_ret_5"": 1.4069194601099828, ""w_trend"": -1.2384374533998983, ""w_vol"": 3.3095825736344753, ""w_exposure"": 5.570321523412783, ""w_unrealized_loss"": 7.8389820910641355, ""fixed_profit_yen"": 34222.73639538721, ""base_take_profit_pct"": 0.013378832120321973, ""min_take_profit_pct"": 0.008326183461994312, ""exposure_tp_sensitivity"": 0.15027562791693352, ""vol_tp_multiplier"": 0.11356036566930239}",-146605.98957374846,172823.8667274385,311477.876602374,327381.8359999999,0
2021-02-03,"{""base_buy_amount"": 79276.94283954243, ""max_daily_buy_amount"": 929763.0395414885, ""score_threshold"": -1.1416613087218832, ""score_scale"": 2.3383788967608625, ""w_drawdown"": 4.26701536634083, ""w_rsi"": 1.1696974293267037, ""w_ma_gap_25"": 0.2915137084453301, ""w_ret_5"": 1.4069194601099828, ""w_trend"": -1.2384374533998983, ""w_vol"": 3.3095825736344753, ""w_exposure"": 5.570321523412783, ""w_unrealized_loss"": 7.8389820910641355, ""fixed_profit_yen"": 34222.73639538721, ""base_take_profit_pct"": 0.013378832120321973, ""min_take_profit_pct"": 0.008326183461994312, ""exposure_tp_sensitivity"": 0.15027562791693352, ""vol_tp_multiplier"": 0.11356036566930239}",-146109.64799505257,173320.2083061344,311477.876602374,327381.8359999999,0
2021-02-10,"{""base_buy_amount"": 79276.94283954243, ""max_daily_buy_amount"": 929763.0395414885, ""score_threshold"": -1.1416613087218832, ""score_scale"": 2.3383788967608625, ""w_drawdown"": 4.26701536634083, ""w_rsi"": 1.1696974293267037, ""w_ma_gap_25"": 0.2915137084453301, ""w_ret_5"": 1.4069194601099828, ""w_trend"": -1.2384374533998983, ""w_vol"": 3.3095825736344753, ""w_exposure"": 5.570321523412783, ""w_unrealized_loss"": 7.8389820910641355, ""fixed_profit_yen"": 34222.73639538721, ""base_take_profit_pct"": 0.013378832120321973, ""min_take_profit_pct"": 0.008326183461994312, ""exposure_tp_sensitivity"": 0.15027562791693352, ""vol_tp_multiplier"": 0.11356036566930239}",-148174.8675682057,171136.73259372893,311241.36432386935,327381.8359999999,0
2021-02-18,"{""base_buy_amount"": 79276.94283954243, ""max_daily_buy_amount"": 929763.0395414885, ""score_threshold"": -1.1416613087218832, ""score_scale"": 2.3383788967608625, ""w_drawdown"": 4.26701536634083, ""w_rsi"": 1.1696974293267037, ""w_ma_gap_25"": 0.2915137084453301, ""w_ret_5"": 1.4069194601099828, ""w_trend"": -1.2384374533998983, ""w_vol"": 3.3095825736344753, ""w_exposure"": 5.570321523412783, ""w_unrealized_loss"": 7.8389820910641355, ""fixed_profit_yen"": 34222.73639538721, ""base_take_profit_pct"": 0.013378832120321973, ""min_take_profit_pct"": 0.008326183461994312, ""exposure_tp_sensitivity"": 0.15027562791693352, ""vol_tp_multiplier"": 0.11356036566930239}",-154366.68363635452,164930.49593950494,311212.523151719,327381.8359999999,0
2021-02-26,"{""base_buy_amount"": 54275.118692676166, ""max_daily_buy_amount"": 1077795.7500210647, ""score_threshold"": 0.7091495974575888, ""score_scale"": 0.6332328010787595, ""w_drawdown"": 2.0067777877669397, ""w_rsi"": 4.478174406918484, ""w_ma_gap_25"": 3.3580640442792937, ""w_ret_5"": 1.1882918168029866, ""w_trend"": 2.116686777791476, ""w_vol"": 1.7401571170475716, ""w_exposure"": 8.533446711440595, ""w_unrealized_loss"": 2.989436511189055, ""fixed_profit_yen"": 30745.051791508, ""base_take_profit_pct"": 0.013114321896939353, ""min_take_profit_pct"": 0.0034734254567956035, ""exposure_tp_sensitivity"": 0.7979018059546823, ""vol_tp_multiplier"": 0.9379684096974567}",-126643.48349193072,126675.37521559877,249037.10955204535,257600.60786301363,0
2021-03-05,"{""base_buy_amount"": 54275.118692676166, ""max_daily_buy_amount"": 1077795.7500210647, ""score_threshold"": 0.7091495974575888, ""score_scale"": 0.6332328010787595, ""w_drawdown"": 2.0067777877669397, ""w_rsi"": 4.478174406918484, ""w_ma_gap_25"": 3.3580640442792937, ""w_ret_5"": 1.1882918168029866, ""w_trend"": 2.116686777791476, ""w_vol"": 1.7401571170475716, ""w_exposure"": 8.533446711440595, ""w_unrealized_loss"": 2.989436511189055, ""fixed_profit_yen"": 30745.051791508, ""base_take_profit_pct"": 0.013114321896939353, ""min_take_profit_pct"": 0.0034734254567956035, ""exposure_tp_sensitivity"": 0.7979018059546823, ""vol_tp_multiplier"": 0.9379684096974567}",-73680.8838925176,118666.9985136419,188066.13325067516,196629.63156164382,0
2021-03-12,"{""base_buy_amount"": 654587.925002388, ""max_daily_buy_amount"": 1187584.984921411, ""score_threshold"": -1.4194789813398012, ""score_scale"": 4.757110041011428, ""w_drawdown"": 1.5067131625735897, ""w_rsi"": 2.8900860790377108, ""w_ma_gap_25"": 3.498879722945331, ""w_ret_5"": 3.2461657762265443, ""w_trend"": 2.643566458173111, ""w_vol"": 0.74219494960029, ""w_exposure"": 5.083527384469421, ""w_unrealized_loss"": 4.04034390740766, ""fixed_profit_yen"": 25285.93028568305, ""base_take_profit_pct"": 0.0053380907335368495, ""min_take_profit_pct"": 0.002206851488854888, ""exposure_tp_sensitivity"": 0.25026799120313165, ""vol_tp_multiplier"": 1.5235230188041564}",888317.9425682974,2461381.768249376,1545981.6396087334,1600146.0117534243,0
2021-03-19,"{""base_buy_amount"": 654587.925002388, ""max_daily_buy_amount"": 1187584.984921411, ""score_threshold"": -1.4194789813398012, ""score_scale"": 4.757110041011428, ""w_drawdown"": 1.5067131625735897, ""w_rsi"": 2.8900860790377108, ""w_ma_gap_25"": 3.498879722945331, ""w_ret_5"": 3.2461657762265443, ""w_trend"": 2.643566458173111, ""w_vol"": 0.74219494960029, ""w_exposure"": 5.083527384469421, ""w_unrealized_loss"": 4.04034390740766, ""fixed_profit_yen"": 25285.93028568305, ""base_take_profit_pct"": 0.0053380907335368495, ""min_take_profit_pct"": 0.002206851488854888, ""exposure_tp_sensitivity"": 0.25026799120313165, ""vol_tp_multiplier"": 1.5235230188041564}",1917013.4631442325,2692781.600440611,759373.7536612507,792162.5209315065,0
2021-03-26,"{""base_buy_amount"": 654587.925002388, ""max_daily_buy_amount"": 1187584.984921411, ""score_threshold"": -1.4194789813398012, ""score_scale"": 4.757110041011428, ""w_drawdown"": 1.5067131625735897, ""w_rsi"": 2.8900860790377108, ""w_ma_gap_25"": 3.498879722945331, ""w_ret_5"": 3.2461657762265443, ""w_trend"": 2.643566458173111, ""w_vol"": 0.74219494960029, ""w_exposure"": 5.083527384469421, ""w_unrealized_loss"": 4.04034390740766, ""fixed_profit_yen"": 25285.93028568305, ""base_take_profit_pct"": 0.0053380907335368495, ""min_take_profit_pct"": 0.002206851488854888, ""exposure_tp_sensitivity"": 0.25026799120313165, ""vol_tp_multiplier"": 1.5235230188041564}",1802834.0385028855,2204850.2334289188,420242.81634521764,383789.57350684906,0
2021-04-02,"{""base_buy_amount"": 654587.925002388, ""max_daily_buy_amount"": 1187584.984921411, ""score_threshold"": -1.4194789813398012, ""score_scale"": 4.757110041011428, ""w_drawdown"": 1.5067131625735897, ""w_rsi"": 2.8900860790377108, ""w_ma_gap_25"": 3.498879722945331, ""w_ret_5"": 3.2461657762265443, ""w_trend"": 2.643566458173111, ""w_vol"": 0.74219494960029, ""w_exposure"": 5.083527384469421, ""w_unrealized_loss"": 4.04034390740766, ""fixed_profit_yen"": 25285.93028568305, ""base_take_profit_pct"": 0.0053380907335368495, ""min_take_profit_pct"": 0.002206851488854888, ""exposure_tp_sensitivity"": 0.25026799120313165, ""vol_tp_multiplier"": 1.5235230188041564}",1679056.1384922462,2081072.3334182794,420242.81634521764,383789.57350684906,0
2021-04-09,"{""base_buy_amount"": 654587.925002388, ""max_daily_buy_amount"": 1187584.984921411, ""score_threshold"": -1.4194789813398012, ""score_scale"": 4.757110041011428, ""w_drawdown"": 1.5067131625735897, ""w_rsi"": 2.8900860790377108, ""w_ma_gap_25"": 3.498879722945331, ""w_ret_5"": 3.2461657762265443, ""w_trend"": 2.643566458173111, ""w_vol"": 0.74219494960029, ""w_exposure"": 5.083527384469421, ""w_unrealized_loss"": 4.04034390740766, ""fixed_profit_yen"": 25285.93028568305, ""base_take_profit_pct"": 0.0053380907335368495, ""min_take_profit_pct"": 0.002206851488854888, ""exposure_tp_sensitivity"": 0.25026799120313165, ""vol_tp_multiplier"": 1.5235230188041564}",1745885.0246586702,2147901.2195847034,420242.81634521764,383789.57350684906,0
2021-04-16,"{""base_buy_amount"": 654587.925002388, ""max_daily_buy_amount"": 1187584.984921411, ""score_threshold"": -1.4194789813398012, ""score_scale"": 4.757110041011428, ""w_drawdown"": 1.5067131625735897, ""w_rsi"": 2.8900860790377108, ""w_ma_gap_25"": 3.498879722945331, ""w_ret_5"": 3.2461657762265443, ""w_trend"": 2.643566458173111, ""w_vol"": 0.74219494960029, ""w_exposure"": 5.083527384469421, ""w_unrealized_loss"": 4.04034390740766, ""fixed_profit_yen"": 25285.93028568305, ""base_take_profit_pct"": 0.0053380907335368495, ""min_take_profit_pct"": 0.002206851488854888, ""exposure_tp_sensitivity"": 0.25026799120313165, ""vol_tp_multiplier"": 1.5235230188041564}",1526778.9502574566,1928795.14518349,420242.81634521764,383789.57350684906,0
2021-04-23,"{""base_buy_amount"": 654587.925002388, ""max_daily_buy_amount"": 1187584.984921411, ""score_threshold"": -1.4194789813398012, ""score_scale"": 4.757110041011428, ""w_drawdown"": 1.5067131625735897, ""w_rsi"": 2.8900860790377108, ""w_ma_gap_25"": 3.498879722945331, ""w_ret_5"": 3.2461657762265443, ""w_trend"": 2.643566458173111, ""w_vol"": 0.74219494960029, ""w_exposure"": 5.083527384469421, ""w_unrealized_loss"": 4.04034390740766, ""fixed_profit_yen"": 25285.93028568305, ""base_take_profit_pct"": 0.0053380907335368495, ""min_take_profit_pct"": 0.002206851488854888, ""exposure_tp_sensitivity"": 0.25026799120313165, ""vol_tp_multiplier"": 1.5235230188041564}",1042506.0523503621,1715008.1150215946,678319.2232191777,666684.9021232872,0
2021-05-06,"{""base_buy_amount"": 960631.2525793731, ""max_daily_buy_amount"": 1016376.5301915105, ""score_threshold"": 1.1309409090011449, ""score_scale"": 0.8722849996509736, ""w_drawdown"": 2.4332916541908016, ""w_rsi"": 2.4535349717726045, ""w_ma_gap_25"": 4.689132274874915, ""w_ret_5"": 2.858640261880377, ""w_trend"": -0.15906359365827694, ""w_vol"": 1.334878315459468, ""w_exposure"": 3.315689973425522, ""w_unrealized_loss"": 5.206724024715378, ""fixed_profit_yen"": 23628.838634337193, ""base_take_profit_pct"": 0.002605138236649252, ""min_take_profit_pct"": 0.002605138236649252, ""exposure_tp_sensitivity"": 0.80654469465579, ""vol_tp_multiplier"": 0.7012454449930539}",505206.0756452712,1299493.188168833,788212.2608279455,800361.9642191781,0
2021-05-13,"{""base_buy_amount"": 960631.2525793731, ""max_daily_buy_amount"": 1016376.5301915105, ""score_threshold"": 1.1309409090011449, ""score_scale"": 0.8722849996509736, ""w_drawdown"": 2.4332916541908016, ""w_rsi"": 2.4535349717726045, ""w_ma_gap_25"": 4.689132274874915, ""w_ret_5"": 2.858640261880377, ""w_trend"": -0.15906359365827694, ""w_vol"": 1.334878315459468, ""w_exposure"": 3.315689973425522, ""w_unrealized_loss"": 5.206724024715378, ""fixed_profit_yen"": 23628.838634337193, ""base_take_profit_pct"": 0.002605138236649252, ""min_take_profit_pct"": 0.002605138236649252, ""exposure_tp_sensitivity"": 0.80654469465579, ""vol_tp_multiplier"": 0.7012454449930539}",288952.98633296136,1083240.0988565232,788212.2608279455,800361.9642191781,0
2021-05-20,"{""base_buy_amount"": 960631.2525793731, ""max_daily_buy_amount"": 1016376.5301915105, ""score_threshold"": 1.1309409090011449, ""score_scale"": 0.8722849996509736, ""w_drawdown"": 2.4332916541908016, ""w_rsi"": 2.4535349717726045, ""w_ma_gap_25"": 4.689132274874915, ""w_ret_5"": 2.858640261880377, ""w_trend"": -0.15906359365827694, ""w_vol"": 1.334878315459468, ""w_exposure"": 3.315689973425522, ""w_unrealized_loss"": 5.206724024715378, ""fixed_profit_yen"": 23628.838634337193, ""base_take_profit_pct"": 0.002605138236649252, ""min_take_profit_pct"": 0.002605138236649252, ""exposure_tp_sensitivity"": 0.80654469465579, ""vol_tp_multiplier"": 0.7012454449930539}",309486.09486487764,1103773.2073884394,788212.2608279455,800361.9642191781,0
2021-05-27,"{""base_buy_amount"": 960631.2525793731, ""max_daily_buy_amount"": 1016376.5301915105, ""score_threshold"": 1.1309409090011449, ""score_scale"": 0.8722849996509736, ""w_drawdown"": 2.4332916541908016, ""w_rsi"": 2.4535349717726045, ""w_ma_gap_25"": 4.689132274874915, ""w_ret_5"": 2.858640261880377, ""w_trend"": -0.15906359365827694, ""w_vol"": 1.334878315459468, ""w_exposure"": 3.315689973425522, ""w_unrealized_loss"": 5.206724024715378, ""fixed_profit_yen"": 23628.838634337193, ""base_take_profit_pct"": 0.002605138236649252, ""min_take_profit_pct"": 0.002605138236649252, ""exposure_tp_sensitivity"": 0.80654469465579, ""vol_tp_multiplier"": 0.7012454449930539}",433686.7014771283,1227973.8140006901,788212.2608279455,800361.9642191781,0
2021-06-03,"{""base_buy_amount"": 960631.2525793731, ""max_daily_buy_amount"": 1016376.5301915105, ""score_threshold"": 1.1309409090011449, ""score_scale"": 0.8722849996509736, ""w_drawdown"": 2.4332916541908016, ""w_rsi"": 2.4535349717726045, ""w_ma_gap_25"": 4.689132274874915, ""w_ret_5"": 2.858640261880377, ""w_trend"": -0.15906359365827694, ""w_vol"": 1.334878315459468, ""w_exposure"": 3.315689973425522, ""w_unrealized_loss"": 5.206724024715378, ""fixed_profit_yen"": 23628.838634337193, ""base_take_profit_pct"": 0.002605138236649252, ""min_take_profit_pct"": 0.002605138236649252, ""exposure_tp_sensitivity"": 0.80654469465579, ""vol_tp_multiplier"": 0.7012454449930539}",466470.5986804748,1260757.7112040366,788212.2608279455,800361.9642191781,0
2021-06-10,"{""base_buy_amount"": 960631.2525793731, ""max_daily_buy_amount"": 1016376.5301915105, ""score_threshold"": 1.1309409090011449, ""score_scale"": 0.8722849996509736, ""w_drawdown"": 2.4332916541908016, ""w_rsi"": 2.4535349717726045, ""w_ma_gap_25"": 4.689132274874915, ""w_ret_5"": 2.858640261880377, ""w_trend"": -0.15906359365827694, ""w_vol"": 1.334878315459468, ""w_exposure"": 3.315689973425522, ""w_unrealized_loss"": 5.206724024715378, ""fixed_profit_yen"": 23628.838634337193, ""base_take_profit_pct"": 0.002605138236649252, ""min_take_profit_pct"": 0.002605138236649252, ""exposure_tp_sensitivity"": 0.80654469465579, ""vol_tp_multiplier"": 0.7012454449930539}",457818.7279678534,1252105.8404914152,788212.2608279455,800361.9642191781,0
2021-06-17,"{""base_buy_amount"": 960631.2525793731, ""max_daily_buy_amount"": 1016376.5301915105, ""score_threshold"": 1.1309409090011449, ""score_scale"": 0.8722849996509736, ""w_drawdown"": 2.4332916541908016, ""w_rsi"": 2.4535349717726045, ""w_ma_gap_25"": 4.689132274874915, ""w_ret_5"": 2.858640261880377, ""w_trend"": -0.15906359365827694, ""w_vol"": 1.334878315459468, ""w_exposure"": 3.315689973425522, ""w_unrealized_loss"": 5.206724024715378, ""fixed_profit_yen"": 23628.838634337193, ""base_take_profit_pct"": 0.002605138236649252, ""min_take_profit_pct"": 0.002605138236649252, ""exposure_tp_sensitivity"": 0.80654469465579, ""vol_tp_multiplier"": 0.7012454449930539}",498823.87732954277,1293110.9898531046,788212.2608279455,800361.9642191781,0
2021-06-24,"{""base_buy_amount"": 960631.2525793731, ""max_daily_buy_amount"": 1016376.5301915105, ""score_threshold"": 1.1309409090011449, ""score_scale"": 0.8722849996509736, ""w_drawdown"": 2.4332916541908016, ""w_rsi"": 2.4535349717726045, ""w_ma_gap_25"": 4.689132274874915, ""w_ret_5"": 2.858640261880377, ""w_trend"": -0.15906359365827694, ""w_vol"": 1.334878315459468, ""w_exposure"": 3.315689973425522, ""w_unrealized_loss"": 5.206724024715378, ""fixed_profit_yen"": 23628.838634337193, ""base_take_profit_pct"": 0.002605138236649252, ""min_take_profit_pct"": 0.002605138236649252, ""exposure_tp_sensitivity"": 0.80654469465579, ""vol_tp_multiplier"": 0.7012454449930539}",473725.2675803222,1268012.380103884,788212.2608279455,800361.9642191781,0
2021-07-01,"{""base_buy_amount"": 960631.2525793731, ""max_daily_buy_amount"": 1016376.5301915105, ""score_threshold"": 1.1309409090011449, ""score_scale"": 0.8722849996509736, ""w_drawdown"": 2.4332916541908016, ""w_rsi"": 2.4535349717726045, ""w_ma_gap_25"": 4.689132274874915, ""w_ret_5"": 2.858640261880377, ""w_trend"": -0.15906359365827694, ""w_vol"": 1.334878315459468, ""w_exposure"": 3.315689973425522, ""w_unrealized_loss"": 5.206724024715378, ""fixed_profit_yen"": 23628.838634337193, ""base_take_profit_pct"": 0.002605138236649252, ""min_take_profit_pct"": 0.002605138236649252, ""exposure_tp_sensitivity"": 0.80654469465579, ""vol_tp_multiplier"": 0.7012454449930539}",448917.69119403674,1243204.8037175986,788212.2608279455,800361.9642191781,0
2021-07-08,"{""base_buy_amount"": 960631.2525793731, ""max_daily_buy_amount"": 1016376.5301915105, ""score_threshold"": 1.1309409090011449, ""score_scale"": 0.8722849996509736, ""w_drawdown"": 2.4332916541908016, ""w_rsi"": 2.4535349717726045, ""w_ma_gap_25"": 4.689132274874915, ""w_ret_5"": 2.858640261880377, ""w_trend"": -0.15906359365827694, ""w_vol"": 1.334878315459468, ""w_exposure"": 3.315689973425522, ""w_unrealized_loss"": 5.206724024715378, ""fixed_profit_yen"": 23628.838634337193, ""base_take_profit_pct"": 0.002605138236649252, ""min_take_profit_pct"": 0.002605138236649252, ""exposure_tp_sensitivity"": 0.80654469465579, ""vol_tp_multiplier"": 0.7012454449930539}",370918.1875024792,1165205.300026041,788212.2608279455,800361.9642191781,0
2021-07-15,"{""base_buy_amount"": 960631.2525793731, ""max_daily_buy_amount"": 1016376.5301915105, ""score_threshold"": 1.1309409090011449, ""score_scale"": 0.8722849996509736, ""w_drawdown"": 2.4332916541908016, ""w_rsi"": 2.4535349717726045, ""w_ma_gap_25"": 4.689132274874915, ""w_ret_5"": 2.858640261880377, ""w_trend"": -0.15906359365827694, ""w_vol"": 1.334878315459468, ""w_exposure"": 3.315689973425522, ""w_unrealized_loss"": 5.206724024715378, ""fixed_profit_yen"": 23628.838634337193, ""base_take_profit_pct"": 0.002605138236649252, ""min_take_profit_pct"": 0.002605138236649252, ""exposure_tp_sensitivity"": 0.80654469465579, ""vol_tp_multiplier"": 0.7012454449930539}",416767.7240153386,1211054.8365389004,788212.2608279455,800361.9642191781,0
2021-07-26,"{""base_buy_amount"": 960631.2525793731, ""max_daily_buy_amount"": 1016376.5301915105, ""score_threshold"": 1.1309409090011449, ""score_scale"": 0.8722849996509736, ""w_drawdown"": 2.4332916541908016, ""w_rsi"": 2.4535349717726045, ""w_ma_gap_25"": 4.689132274874915, ""w_ret_5"": 2.858640261880377, ""w_trend"": -0.15906359365827694, ""w_vol"": 1.334878315459468, ""w_exposure"": 3.315689973425522, ""w_unrealized_loss"": 5.206724024715378, ""fixed_profit_yen"": 23628.838634337193, ""base_take_profit_pct"": 0.002605138236649252, ""min_take_profit_pct"": 0.002605138236649252, ""exposure_tp_sensitivity"": 0.80654469465579, ""vol_tp_multiplier"": 0.7012454449930539}",109006.18183916807,903293.2943627299,788212.2608279455,800361.9642191781,0
2021-08-02,"{""base_buy_amount"": 151098.55527781372, ""max_daily_buy_amount"": 1998298.9879010534, ""score_threshold"": 0.6627389444261476, ""score_scale"": 3.4255625700145864, ""w_drawdown"": 0.45220363492066373, ""w_rsi"": 4.4851669944831265, ""w_ma_gap_25"": 0.14499751602234712, ""w_ret_5"": 1.2041402902057352, ""w_trend"": -2.14186874900019, ""w_vol"": 3.883839703461093, ""w_exposure"": 1.9820422721289788, ""w_unrealized_loss"": 9.106382271308853, ""fixed_profit_yen"": 33844.64484839204, ""base_take_profit_pct"": 0.003012555893851494, ""min_take_profit_pct"": 0.0010488685071583042, ""exposure_tp_sensitivity"": 0.046492125312959036, ""vol_tp_multiplier"": 3.0296258882386384}",-17476.1475956,-7287.498650394533,10699.640547945164,9677.657342465767,0
2021-08-10,"{""base_buy_amount"": 960631.2525793731, ""max_daily_buy_amount"": 1016376.5301915105, ""score_threshold"": 1.1309409090011449, ""score_scale"": 0.8722849996509736, ""w_drawdown"": 2.4332916541908016, ""w_rsi"": 2.4535349717726045, ""w_ma_gap_25"": 4.689132274874915, ""w_ret_5"": 2.858640261880377, ""w_trend"": -0.15906359365827694, ""w_vol"": 1.334878315459468, ""w_exposure"": 3.315689973425522, ""w_unrealized_loss"": 5.206724024715378, ""fixed_profit_yen"": 23628.838634337193, ""base_take_profit_pct"": 0.002605138236649252, ""min_take_profit_pct"": 0.002605138236649252, ""exposure_tp_sensitivity"": 0.80654469465579, ""vol_tp_multiplier"": 0.7012454449930539}",204736.84080065577,999023.9533242176,788212.2608279455,800361.9642191781,0
2021-08-17,"{""base_buy_amount"": 960631.2525793731, ""max_daily_buy_amount"": 1016376.5301915105, ""score_threshold"": 1.1309409090011449, ""score_scale"": 0.8722849996509736, ""w_drawdown"": 2.4332916541908016, ""w_rsi"": 2.4535349717726045, ""w_ma_gap_25"": 4.689132274874915, ""w_ret_5"": 2.858640261880377, ""w_trend"": -0.15906359365827694, ""w_vol"": 1.334878315459468, ""w_exposure"": 3.315689973425522, ""w_unrealized_loss"": 5.206724024715378, ""fixed_profit_yen"": 23628.838634337193, ""base_take_profit_pct"": 0.002605138236649252, ""min_take_profit_pct"": 0.002605138236649252, ""exposure_tp_sensitivity"": 0.80654469465579, ""vol_tp_multiplier"": 0.7012454449930539}",94366.85141508537,888653.9639386472,788212.2608279455,800361.9642191781,0
2021-08-24,"{""base_buy_amount"": 960631.2525793731, ""max_daily_buy_amount"": 1016376.5301915105, ""score_threshold"": 1.1309409090011449, ""score_scale"": 0.8722849996509736, ""w_drawdown"": 2.4332916541908016, ""w_rsi"": 2.4535349717726045, ""w_ma_gap_25"": 4.689132274874915, ""w_ret_5"": 2.858640261880377, ""w_trend"": -0.15906359365827694, ""w_vol"": 1.334878315459468, ""w_exposure"": 3.315689973425522, ""w_unrealized_loss"": 5.206724024715378, ""fixed_profit_yen"": 23628.838634337193, ""base_take_profit_pct"": 0.002605138236649252, ""min_take_profit_pct"": 0.002605138236649252, ""exposure_tp_sensitivity"": 0.80654469465579, ""vol_tp_multiplier"": 0.7012454449930539}",99538.22898779716,893825.341511359,788212.2608279455,800361.9642191781,0
2021-08-31,"{""base_buy_amount"": 960631.2525793731, ""max_daily_buy_amount"": 1016376.5301915105, ""score_threshold"": 1.1309409090011449, ""score_scale"": 0.8722849996509736, ""w_drawdown"": 2.4332916541908016, ""w_rsi"": 2.4535349717726045, ""w_ma_gap_25"": 4.689132274874915, ""w_ret_5"": 2.858640261880377, ""w_trend"": -0.15906359365827694, ""w_vol"": 1.334878315459468, ""w_exposure"": 3.315689973425522, ""w_unrealized_loss"": 5.206724024715378, ""fixed_profit_yen"": 23628.838634337193, ""base_take_profit_pct"": 0.002605138236649252, ""min_take_profit_pct"": 0.002605138236649252, ""exposure_tp_sensitivity"": 0.80654469465579, ""vol_tp_multiplier"": 0.7012454449930539}",221469.24671785813,1015756.3592414199,788212.2608279455,800361.9642191781,0
2021-09-07,"{""base_buy_amount"": 960631.2525793731, ""max_daily_buy_amount"": 1016376.5301915105, ""score_threshold"": 1.1309409090011449, ""score_scale"": 0.8722849996509736, ""w_drawdown"": 2.4332916541908016, ""w_rsi"": 2.4535349717726045, ""w_ma_gap_25"": 4.689132274874915, ""w_ret_5"": 2.858640261880377, ""w_trend"": -0.15906359365827694, ""w_vol"": 1.334878315459468, ""w_exposure"": 3.315689973425522, ""w_unrealized_loss"": 5.206724024715378, ""fixed_profit_yen"": 23628.838634337193, ""base_take_profit_pct"": 0.002605138236649252, ""min_take_profit_pct"": 0.002605138236649252, ""exposure_tp_sensitivity"": 0.80654469465579, ""vol_tp_multiplier"": 0.7012454449930539}",729923.777298935,1524210.8898224968,788212.2608279455,800361.9642191781,0
2021-09-14,"{""base_buy_amount"": 960631.2525793731, ""max_daily_buy_amount"": 1016376.5301915105, ""score_threshold"": 1.1309409090011449, ""score_scale"": 0.8722849996509736, ""w_drawdown"": 2.4332916541908016, ""w_rsi"": 2.4535349717726045, ""w_ma_gap_25"": 4.689132274874915, ""w_ret_5"": 2.858640261880377, ""w_trend"": -0.15906359365827694, ""w_vol"": 1.334878315459468, ""w_exposure"": 3.315689973425522, ""w_unrealized_loss"": 5.206724024715378, ""fixed_profit_yen"": 23628.838634337193, ""base_take_profit_pct"": 0.002605138236649252, ""min_take_profit_pct"": 0.002605138236649252, ""exposure_tp_sensitivity"": 0.80654469465579, ""vol_tp_multiplier"": 0.7012454449930539}",761678.502176099,1555965.6146996608,788212.2608279455,800361.9642191781,0
2021-09-22,"{""base_buy_amount"": 960631.2525793731, ""max_daily_buy_amount"": 1016376.5301915105, ""score_threshold"": 1.1309409090011449, ""score_scale"": 0.8722849996509736, ""w_drawdown"": 2.4332916541908016, ""w_rsi"": 2.4535349717726045, ""w_ma_gap_25"": 4.689132274874915, ""w_ret_5"": 2.858640261880377, ""w_trend"": -0.15906359365827694, ""w_vol"": 1.334878315459468, ""w_exposure"": 3.315689973425522, ""w_unrealized_loss"": 5.206724024715378, ""fixed_profit_yen"": 23628.838634337193, ""base_take_profit_pct"": 0.002605138236649252, ""min_take_profit_pct"": 0.002605138236649252, ""exposure_tp_sensitivity"": 0.80654469465579, ""vol_tp_multiplier"": 0.7012454449930539}",759119.8541080526,1553406.9666316144,788212.2608279455,800361.9642191781,0
2021-09-30,"{""base_buy_amount"": 960631.2525793731, ""max_daily_buy_amount"": 1016376.5301915105, ""score_threshold"": 1.1309409090011449, ""score_scale"": 0.8722849996509736, ""w_drawdown"": 2.4332916541908016, ""w_rsi"": 2.4535349717726045, ""w_ma_gap_25"": 4.689132274874915, ""w_ret_5"": 2.858640261880377, ""w_trend"": -0.15906359365827694, ""w_vol"": 1.334878315459468, ""w_exposure"": 3.315689973425522, ""w_unrealized_loss"": 5.206724024715378, ""fixed_profit_yen"": 23628.838634337193, ""base_take_profit_pct"": 0.002605138236649252, ""min_take_profit_pct"": 0.002605138236649252, ""exposure_tp_sensitivity"": 0.80654469465579, ""vol_tp_multiplier"": 0.7012454449930539}",744430.9145839829,1538718.0271075452,788212.2608279465,800361.9642191781,0
2021-10-07,"{""base_buy_amount"": 960631.2525793731, ""max_daily_buy_amount"": 1016376.5301915105, ""score_threshold"": 1.1309409090011449, ""score_scale"": 0.8722849996509736, ""w_drawdown"": 2.4332916541908016, ""w_rsi"": 2.4535349717726045, ""w_ma_gap_25"": 4.689132274874915, ""w_ret_5"": 2.858640261880377, ""w_trend"": -0.15906359365827694, ""w_vol"": 1.334878315459468, ""w_exposure"": 3.315689973425522, ""w_unrealized_loss"": 5.206724024715378, ""fixed_profit_yen"": 23628.838634337193, ""base_take_profit_pct"": 0.002605138236649252, ""min_take_profit_pct"": 0.002605138236649252, ""exposure_tp_sensitivity"": 0.80654469465579, ""vol_tp_multiplier"": 0.7012454449930539}",494744.32520449907,1289031.4377280609,788212.2608279455,800361.9642191781,0
2021-10-14,"{""base_buy_amount"": 960631.2525793731, ""max_daily_buy_amount"": 1016376.5301915105, ""score_threshold"": 1.1309409090011449, ""score_scale"": 0.8722849996509736, ""w_drawdown"": 2.4332916541908016, ""w_rsi"": 2.4535349717726045, ""w_ma_gap_25"": 4.689132274874915, ""w_ret_5"": 2.858640261880377, ""w_trend"": -0.15906359365827694, ""w_vol"": 1.334878315459468, ""w_exposure"": 3.315689973425522, ""w_unrealized_loss"": 5.206724024715378, ""fixed_profit_yen"": 23628.838634337193, ""base_take_profit_pct"": 0.002605138236649252, ""min_take_profit_pct"": 0.002605138236649252, ""exposure_tp_sensitivity"": 0.80654469465579, ""vol_tp_multiplier"": 0.7012454449930539}",699813.9589356903,1494101.0714592522,788212.2608279455,800361.9642191781,0
2021-10-21,"{""base_buy_amount"": 960631.2525793731, ""max_daily_buy_amount"": 1016376.5301915105, ""score_threshold"": 1.1309409090011449, ""score_scale"": 0.8722849996509736, ""w_drawdown"": 2.4332916541908016, ""w_rsi"": 2.4535349717726045, ""w_ma_gap_25"": 4.689132274874915, ""w_ret_5"": 2.858640261880377, ""w_trend"": -0.15906359365827694, ""w_vol"": 1.334878315459468, ""w_exposure"": 3.315689973425522, ""w_unrealized_loss"": 5.206724024715378, ""fixed_profit_yen"": 23628.838634337193, ""base_take_profit_pct"": 0.002605138236649252, ""min_take_profit_pct"": 0.002605138236649252, ""exposure_tp_sensitivity"": 0.80654469465579, ""vol_tp_multiplier"": 0.7012454449930539}",888914.5579817116,1683201.6705052734,788212.2608279455,800361.9642191781,0
2021-10-28,"{""base_buy_amount"": 960631.2525793731, ""max_daily_buy_amount"": 1016376.5301915105, ""score_threshold"": 1.1309409090011449, ""score_scale"": 0.8722849996509736, ""w_drawdown"": 2.4332916541908016, ""w_rsi"": 2.4535349717726045, ""w_ma_gap_25"": 4.689132274874915, ""w_ret_5"": 2.858640261880377, ""w_trend"": -0.15906359365827694, ""w_vol"": 1.334878315459468, ""w_exposure"": 3.315689973425522, ""w_unrealized_loss"": 5.206724024715378, ""fixed_profit_yen"": 23628.838634337193, ""base_take_profit_pct"": 0.002605138236649252, ""min_take_profit_pct"": 0.002605138236649252, ""exposure_tp_sensitivity"": 0.80654469465579, ""vol_tp_multiplier"": 0.7012454449930539}",882099.1015450982,1676386.21406866,788212.2608279455,800361.9642191781,0
2021-11-05,"{""base_buy_amount"": 960631.2525793731, ""max_daily_buy_amount"": 1016376.5301915105, ""score_threshold"": 1.1309409090011449, ""score_scale"": 0.8722849996509736, ""w_drawdown"": 2.4332916541908016, ""w_rsi"": 2.4535349717726045, ""w_ma_gap_25"": 4.689132274874915, ""w_ret_5"": 2.858640261880377, ""w_trend"": -0.15906359365827694, ""w_vol"": 1.334878315459468, ""w_exposure"": 3.315689973425522, ""w_unrealized_loss"": 5.206724024715378, ""fixed_profit_yen"": 23628.838634337193, ""base_take_profit_pct"": 0.002605138236649252, ""min_take_profit_pct"": 0.002605138236649252, ""exposure_tp_sensitivity"": 0.80654469465579, ""vol_tp_multiplier"": 0.7012454449930539}",936804.5949028688,1731091.7074264307,788212.2608279455,800361.9642191781,0
2021-11-12,"{""base_buy_amount"": 960631.2525793731, ""max_daily_buy_amount"": 1016376.5301915105, ""score_threshold"": 1.1309409090011449, ""score_scale"": 0.8722849996509736, ""w_drawdown"": 2.4332916541908016, ""w_rsi"": 2.4535349717726045, ""w_ma_gap_25"": 4.689132274874915, ""w_ret_5"": 2.858640261880377, ""w_trend"": -0.15906359365827694, ""w_vol"": 1.334878315459468, ""w_exposure"": 3.315689973425522, ""w_unrealized_loss"": 5.206724024715378, ""fixed_profit_yen"": 23628.838634337193, ""base_take_profit_pct"": 0.002605138236649252, ""min_take_profit_pct"": 0.002605138236649252, ""exposure_tp_sensitivity"": 0.80654469465579, ""vol_tp_multiplier"": 0.7012454449930539}",863571.1905263457,1657858.3030499076,788212.2608279455,800361.9642191781,0
2021-11-19,"{""base_buy_amount"": 960631.2525793731, ""max_daily_buy_amount"": 1016376.5301915105, ""score_threshold"": 1.1309409090011449, ""score_scale"": 0.8722849996509736, ""w_drawdown"": 2.4332916541908016, ""w_rsi"": 2.4535349717726045, ""w_ma_gap_25"": 4.689132274874915, ""w_ret_5"": 2.858640261880377, ""w_trend"": -0.15906359365827694, ""w_vol"": 1.334878315459468, ""w_exposure"": 3.315689973425522, ""w_unrealized_loss"": 5.206724024715378, ""fixed_profit_yen"": 23628.838634337193, ""base_take_profit_pct"": 0.002605138236649252, ""min_take_profit_pct"": 0.002605138236649252, ""exposure_tp_sensitivity"": 0.80654469465579, ""vol_tp_multiplier"": 0.7012454449930539}",863156.7696698187,1657443.8821933805,788212.2608279455,800361.9642191781,0
2021-11-29,"{""base_buy_amount"": 960631.2525793731, ""max_daily_buy_amount"": 1016376.5301915105, ""score_threshold"": 1.1309409090011449, ""score_scale"": 0.8722849996509736, ""w_drawdown"": 2.4332916541908016, ""w_rsi"": 2.4535349717726045, ""w_ma_gap_25"": 4.689132274874915, ""w_ret_5"": 2.858640261880377, ""w_trend"": -0.15906359365827694, ""w_vol"": 1.334878315459468, ""w_exposure"": 3.315689973425522, ""w_unrealized_loss"": 5.206724024715378, ""fixed_profit_yen"": 23628.838634337193, ""base_take_profit_pct"": 0.002605138236649252, ""min_take_profit_pct"": 0.002605138236649252, ""exposure_tp_sensitivity"": 0.80654469465579, ""vol_tp_multiplier"": 0.7012454449930539}",814988.9753460684,1609276.0878696302,788212.2608279455,800361.9642191781,0
2021-12-06,"{""base_buy_amount"": 960631.2525793731, ""max_daily_buy_amount"": 1016376.5301915105, ""score_threshold"": 1.1309409090011449, ""score_scale"": 0.8722849996509736, ""w_drawdown"": 2.4332916541908016, ""w_rsi"": 2.4535349717726045, ""w_ma_gap_25"": 4.689132274874915, ""w_ret_5"": 2.858640261880377, ""w_trend"": -0.15906359365827694, ""w_vol"": 1.334878315459468, ""w_exposure"": 3.315689973425522, ""w_unrealized_loss"": 5.206724024715378, ""fixed_profit_yen"": 23628.838634337193, ""base_take_profit_pct"": 0.002605138236649252, ""min_take_profit_pct"": 0.002605138236649252, ""exposure_tp_sensitivity"": 0.80654469465579, ""vol_tp_multiplier"": 0.7012454449930539}",746185.9357022324,1540473.0482257942,788212.2608279455,800361.9642191781,0
2021-12-13,"{""base_buy_amount"": 960631.2525793731, ""max_daily_buy_amount"": 1016376.5301915105, ""score_threshold"": 1.1309409090011449, ""score_scale"": 0.8722849996509736, ""w_drawdown"": 2.4332916541908016, ""w_rsi"": 2.4535349717726045, ""w_ma_gap_25"": 4.689132274874915, ""w_ret_5"": 2.858640261880377, ""w_trend"": -0.15906359365827694, ""w_vol"": 1.334878315459468, ""w_exposure"": 3.315689973425522, ""w_unrealized_loss"": 5.206724024715378, ""fixed_profit_yen"": 23628.838634337193, ""base_take_profit_pct"": 0.002605138236649252, ""min_take_profit_pct"": 0.002605138236649252, ""exposure_tp_sensitivity"": 0.80654469465579, ""vol_tp_multiplier"": 0.7012454449930539}",911068.7596407305,1705355.8721642923,788212.2608279455,800361.9642191781,0
2021-12-20,"{""base_buy_amount"": 960631.2525793731, ""max_daily_buy_amount"": 1016376.5301915105, ""score_threshold"": 1.1309409090011449, ""score_scale"": 0.8722849996509736, ""w_drawdown"": 2.4332916541908016, ""w_rsi"": 2.4535349717726045, ""w_ma_gap_25"": 4.689132274874915, ""w_ret_5"": 2.858640261880377, ""w_trend"": -0.15906359365827694, ""w_vol"": 1.334878315459468, ""w_exposure"": 3.315689973425522, ""w_unrealized_loss"": 5.206724024715378, ""fixed_profit_yen"": 23628.838634337193, ""base_take_profit_pct"": 0.002605138236649252, ""min_take_profit_pct"": 0.002605138236649252, ""exposure_tp_sensitivity"": 0.80654469465579, ""vol_tp_multiplier"": 0.7012454449930539}",922929.5130386848,1717216.6255622467,788212.2608279455,800361.9642191781,0
2021-12-27,"{""base_buy_amount"": 960631.2525793731, ""max_daily_buy_amount"": 1016376.5301915105, ""score_threshold"": 1.1309409090011449, ""score_scale"": 0.8722849996509736, ""w_drawdown"": 2.4332916541908016, ""w_rsi"": 2.4535349717726045, ""w_ma_gap_25"": 4.689132274874915, ""w_ret_5"": 2.858640261880377, ""w_trend"": -0.15906359365827694, ""w_vol"": 1.334878315459468, ""w_exposure"": 3.315689973425522, ""w_unrealized_loss"": 5.206724024715378, ""fixed_profit_yen"": 23628.838634337193, ""base_take_profit_pct"": 0.002605138236649252, ""min_take_profit_pct"": 0.002605138236649252, ""exposure_tp_sensitivity"": 0.80654469465579, ""vol_tp_multiplier"": 0.7012454449930539}",972598.3588743762,1766885.471397938,788212.2608279455,800361.9642191781,0
2022-01-05,"{""base_buy_amount"": 960631.2525793731, ""max_daily_buy_amount"": 1016376.5301915105, ""score_threshold"": 1.1309409090011449, ""score_scale"": 0.8722849996509736, ""w_drawdown"": 2.4332916541908016, ""w_rsi"": 2.4535349717726045, ""w_ma_gap_25"": 4.689132274874915, ""w_ret_5"": 2.858640261880377, ""w_trend"": -0.15906359365827694, ""w_vol"": 1.334878315459468, ""w_exposure"": 3.315689973425522, ""w_unrealized_loss"": 5.206724024715378, ""fixed_profit_yen"": 23628.838634337193, ""base_take_profit_pct"": 0.002605138236649252, ""min_take_profit_pct"": 0.002605138236649252, ""exposure_tp_sensitivity"": 0.80654469465579, ""vol_tp_multiplier"": 0.7012454449930539}",1025366.2776674165,1819653.3901909783,788212.2608279455,800361.9642191781,0
2022-01-13,"{""base_buy_amount"": 960631.2525793731, ""max_daily_buy_amount"": 1016376.5301915105, ""score_threshold"": 1.1309409090011449, ""score_scale"": 0.8722849996509736, ""w_drawdown"": 2.4332916541908016, ""w_rsi"": 2.4535349717726045, ""w_ma_gap_25"": 4.689132274874915, ""w_ret_5"": 2.858640261880377, ""w_trend"": -0.15906359365827694, ""w_vol"": 1.334878315459468, ""w_exposure"": 3.315689973425522, ""w_unrealized_loss"": 5.206724024715378, ""fixed_profit_yen"": 23628.838634337193, ""base_take_profit_pct"": 0.002605138236649252, ""min_take_profit_pct"": 0.002605138236649252, ""exposure_tp_sensitivity"": 0.80654469465579, ""vol_tp_multiplier"": 0.7012454449930539}",1000005.2238680273,1794292.3363915891,788212.2608279455,800361.9642191781,0
2022-01-20,"{""base_buy_amount"": 960631.2525793731, ""max_daily_buy_amount"": 1016376.5301915105, ""score_threshold"": 1.1309409090011449, ""score_scale"": 0.8722849996509736, ""w_drawdown"": 2.4332916541908016, ""w_rsi"": 2.4535349717726045, ""w_ma_gap_25"": 4.689132274874915, ""w_ret_5"": 2.858640261880377, ""w_trend"": -0.15906359365827694, ""w_vol"": 1.334878315459468, ""w_exposure"": 3.315689973425522, ""w_unrealized_loss"": 5.206724024715378, ""fixed_profit_yen"": 23628.838634337193, ""base_take_profit_pct"": 0.002605138236649252, ""min_take_profit_pct"": 0.002605138236649252, ""exposure_tp_sensitivity"": 0.80654469465579, ""vol_tp_multiplier"": 0.7012454449930539}",748358.8628488653,1542645.9753724276,788212.2608279465,800361.9642191781,0
2022-01-27,"{""base_buy_amount"": 960631.2525793731, ""max_daily_buy_amount"": 1016376.5301915105, ""score_threshold"": 1.1309409090011449, ""score_scale"": 0.8722849996509736, ""w_drawdown"": 2.4332916541908016, ""w_rsi"": 2.4535349717726045, ""w_ma_gap_25"": 4.689132274874915, ""w_ret_5"": 2.858640261880377, ""w_trend"": -0.15906359365827694, ""w_vol"": 1.334878315459468, ""w_exposure"": 3.315689973425522, ""w_unrealized_loss"": 5.206724024715378, ""fixed_profit_yen"": 23628.838634337193, ""base_take_profit_pct"": 0.002605138236649252, ""min_take_profit_pct"": 0.002605138236649252, ""exposure_tp_sensitivity"": 0.80654469465579, ""vol_tp_multiplier"": 0.7012454449930539}",631393.0270584652,1425680.1395820274,788212.2608279465,800361.9642191781,0
2022-02-03,"{""base_buy_amount"": 960631.2525793731, ""max_daily_buy_amount"": 1016376.5301915105, ""score_threshold"": 1.1309409090011449, ""score_scale"": 0.8722849996509736, ""w_drawdown"": 2.4332916541908016, ""w_rsi"": 2.4535349717726045, ""w_ma_gap_25"": 4.689132274874915, ""w_ret_5"": 2.858640261880377, ""w_trend"": -0.15906359365827694, ""w_vol"": 1.334878315459468, ""w_exposure"": 3.315689973425522, ""w_unrealized_loss"": 5.206724024715378, ""fixed_profit_yen"": 23628.838634337193, ""base_take_profit_pct"": 0.002605138236649252, ""min_take_profit_pct"": 0.002605138236649252, ""exposure_tp_sensitivity"": 0.80654469465579, ""vol_tp_multiplier"": 0.7012454449930539}",879199.4701626755,1673486.5826862378,788212.2608279465,800361.9642191781,0
2022-02-10,"{""base_buy_amount"": 960631.2525793731, ""max_daily_buy_amount"": 1016376.5301915105, ""score_threshold"": 1.1309409090011449, ""score_scale"": 0.8722849996509736, ""w_drawdown"": 2.4332916541908016, ""w_rsi"": 2.4535349717726045, ""w_ma_gap_25"": 4.689132274874915, ""w_ret_5"": 2.858640261880377, ""w_trend"": -0.15906359365827694, ""w_vol"": 1.334878315459468, ""w_exposure"": 3.315689973425522, ""w_unrealized_loss"": 5.206724024715378, ""fixed_profit_yen"": 23628.838634337193, ""base_take_profit_pct"": 0.002605138236649252, ""min_take_profit_pct"": 0.002605138236649252, ""exposure_tp_sensitivity"": 0.80654469465579, ""vol_tp_multiplier"": 0.7012454449930539}",834354.1970146718,1628641.3095382336,788212.2608279455,800361.9642191781,0
2022-02-18,"{""base_buy_amount"": 960631.2525793731, ""max_daily_buy_amount"": 1016376.5301915105, ""score_threshold"": 1.1309409090011449, ""score_scale"": 0.8722849996509736, ""w_drawdown"": 2.4332916541908016, ""w_rsi"": 2.4535349717726045, ""w_ma_gap_25"": 4.689132274874915, ""w_ret_5"": 2.858640261880377, ""w_trend"": -0.15906359365827694, ""w_vol"": 1.334878315459468, ""w_exposure"": 3.315689973425522, ""w_unrealized_loss"": 5.206724024715378, ""fixed_profit_yen"": 23628.838634337193, ""base_take_profit_pct"": 0.002605138236649252, ""min_take_profit_pct"": 0.002605138236649252, ""exposure_tp_sensitivity"": 0.80654469465579, ""vol_tp_multiplier"": 0.7012454449930539}",734321.9021250862,1528609.014648648,788212.2608279455,800361.9642191781,0
2022-02-28,"{""base_buy_amount"": 960631.2525793731, ""max_daily_buy_amount"": 1016376.5301915105, ""score_threshold"": 1.1309409090011449, ""score_scale"": 0.8722849996509736, ""w_drawdown"": 2.4332916541908016, ""w_rsi"": 2.4535349717726045, ""w_ma_gap_25"": 4.689132274874915, ""w_ret_5"": 2.858640261880377, ""w_trend"": -0.15906359365827694, ""w_vol"": 1.334878315459468, ""w_exposure"": 3.315689973425522, ""w_unrealized_loss"": 5.206724024715378, ""fixed_profit_yen"": 23628.838634337193, ""base_take_profit_pct"": 0.002605138236649252, ""min_take_profit_pct"": 0.002605138236649252, ""exposure_tp_sensitivity"": 0.80654469465579, ""vol_tp_multiplier"": 0.7012454449930539}",453831.9337689219,1283480.2271281,788212.2608279455,871084.3258904109,0
2022-03-07,"{""base_buy_amount"": 960631.2525793731, ""max_daily_buy_amount"": 1016376.5301915105, ""score_threshold"": 1.1309409090011449, ""score_scale"": 0.8722849996509736, ""w_drawdown"": 2.4332916541908016, ""w_rsi"": 2.4535349717726045, ""w_ma_gap_25"": 4.689132274874915, ""w_ret_5"": 2.858640261880377, ""w_trend"": -0.15906359365827694, ""w_vol"": 1.334878315459468, ""w_exposure"": 3.315689973425522, ""w_unrealized_loss"": 5.206724024715378, ""fixed_profit_yen"": 23628.838634337193, ""base_take_profit_pct"": 0.002605138236649252, ""min_take_profit_pct"": 0.002605138236649252, ""exposure_tp_sensitivity"": 0.80654469465579, ""vol_tp_multiplier"": 0.7012454449930539}",152638.26946709637,1012250.131990658,788212.2608279455,931011.4642191777,0
2022-03-14,"{""base_buy_amount"": 151098.55527781372, ""max_daily_buy_amount"": 1998298.9879010534, ""score_threshold"": 0.6627389444261476, ""score_scale"": 3.4255625700145864, ""w_drawdown"": 0.45220363492066373, ""w_rsi"": 4.4851669944831265, ""w_ma_gap_25"": 0.14499751602234712, ""w_ret_5"": 1.2041402902057352, ""w_trend"": -2.14186874900019, ""w_vol"": 3.883839703461093, ""w_exposure"": 1.9820422721289788, ""w_unrealized_loss"": 9.106382271308853, ""fixed_profit_yen"": 33844.64484839204, ""base_take_profit_pct"": 0.003012555893851494, ""min_take_profit_pct"": 0.0010488685071583042, ""exposure_tp_sensitivity"": 0.046492125312959036, ""vol_tp_multiplier"": 3.0296258882386384}",-57658.21137237575,26450.142525835734,89987.45959094353,78229.24820547944,0
2022-03-22,"{""base_buy_amount"": 314121.0012707731, ""max_daily_buy_amount"": 1435763.584827896, ""score_threshold"": 0.5350790922770519, ""score_scale"": 4.91812676394141, ""w_drawdown"": 3.1017885482902203, ""w_rsi"": 2.387529368138664, ""w_ma_gap_25"": 3.807162815920038, ""w_ret_5"": 4.516639359820266, ""w_trend"": 1.324175680310109, ""w_vol"": 4.816056117746898, ""w_exposure"": 7.820051707381772, ""w_unrealized_loss"": 8.668014382619265, ""fixed_profit_yen"": 8362.89134563095, ""base_take_profit_pct"": 0.02250757808382605, ""min_take_profit_pct"": 0.004960798295746318, ""exposure_tp_sensitivity"": 0.4977934221701477, ""vol_tp_multiplier"": 3.270512047411784}",197995.61458278427,670186.8623679896,477460.1068443833,466922.3887260274,0
2022-03-29,"{""base_buy_amount"": 960631.2525793731, ""max_daily_buy_amount"": 1016376.5301915105, ""score_threshold"": 1.1309409090011449, ""score_scale"": 0.8722849996509736, ""w_drawdown"": 2.4332916541908016, ""w_rsi"": 2.4535349717726045, ""w_ma_gap_25"": 4.689132274874915, ""w_ret_5"": 2.858640261880377, ""w_trend"": -0.15906359365827694, ""w_vol"": 1.334878315459468, ""w_exposure"": 3.315689973425522, ""w_unrealized_loss"": 5.206724024715378, ""fixed_profit_yen"": 23628.838634337193, ""base_take_profit_pct"": 0.002605138236649252, ""min_take_profit_pct"": 0.002605138236649252, ""exposure_tp_sensitivity"": 0.80654469465579, ""vol_tp_multiplier"": 0.7012454449930539}",487887.9375951891,2036265.5050082034,1461522.406195892,1635232.7286301367,0
2022-04-05,"{""base_buy_amount"": 960631.2525793731, ""max_daily_buy_amount"": 1016376.5301915105, ""score_threshold"": 1.1309409090011449, ""score_scale"": 0.8722849996509736, ""w_drawdown"": 2.4332916541908016, ""w_rsi"": 2.4535349717726045, ""w_ma_gap_25"": 4.689132274874915, ""w_ret_5"": 2.858640261880377, ""w_trend"": -0.15906359365827694, ""w_vol"": 1.334878315459468, ""w_exposure"": 3.315689973425522, ""w_unrealized_loss"": 5.206724024715378, ""fixed_profit_yen"": 23628.838634337193, ""base_take_profit_pct"": 0.002605138236649252, ""min_take_profit_pct"": 0.002605138236649252, ""exposure_tp_sensitivity"": 0.80654469465579, ""vol_tp_multiplier"": 0.7012454449930539}",462916.5781783499,2011294.1455913642,1461522.406195892,1635232.7286301367,0
2022-04-12,"{""base_buy_amount"": 314121.0012707731, ""max_daily_buy_amount"": 1435763.584827896, ""score_threshold"": 0.5350790922770519, ""score_scale"": 4.91812676394141, ""w_drawdown"": 3.1017885482902203, ""w_rsi"": 2.387529368138664, ""w_ma_gap_25"": 3.807162815920038, ""w_ret_5"": 4.516639359820266, ""w_trend"": 1.324175680310109, ""w_vol"": 4.816056117746898, ""w_exposure"": 7.820051707381772, ""w_unrealized_loss"": 8.668014382619265, ""fixed_profit_yen"": 8362.89134563095, ""base_take_profit_pct"": 0.02250757808382605, ""min_take_profit_pct"": 0.004960798295746318, ""exposure_tp_sensitivity"": 0.4977934221701477, ""vol_tp_multiplier"": 3.270512047411784}",247968.12709084348,703512.7734102956,461066.15695397276,450023.1356849315,0
2022-04-19,"{""base_buy_amount"": 314121.0012707731, ""max_daily_buy_amount"": 1435763.584827896, ""score_threshold"": 0.5350790922770519, ""score_scale"": 4.91812676394141, ""w_drawdown"": 3.1017885482902203, ""w_rsi"": 2.387529368138664, ""w_ma_gap_25"": 3.807162815920038, ""w_ret_5"": 4.516639359820266, ""w_trend"": 1.324175680310109, ""w_vol"": 4.816056117746898, ""w_exposure"": 7.820051707381772, ""w_unrealized_loss"": 8.668014382619265, ""fixed_profit_yen"": 8362.89134563095, ""base_take_profit_pct"": 0.02250757808382605, ""min_take_profit_pct"": 0.004960798295746318, ""exposure_tp_sensitivity"": 0.4977934221701477, ""vol_tp_multiplier"": 3.270512047411784}",257546.24880690707,713090.8951263592,461066.15695397276,450023.1356849315,0
2022-04-26,"{""base_buy_amount"": 314121.0012707731, ""max_daily_buy_amount"": 1435763.584827896, ""score_threshold"": 0.5350790922770519, ""score_scale"": 4.91812676394141, ""w_drawdown"": 3.1017885482902203, ""w_rsi"": 2.387529368138664, ""w_ma_gap_25"": 3.807162815920038, ""w_ret_5"": 4.516639359820266, ""w_trend"": 1.324175680310109, ""w_vol"": 4.816056117746898, ""w_exposure"": 7.820051707381772, ""w_unrealized_loss"": 8.668014382619265, ""fixed_profit_yen"": 8362.89134563095, ""base_take_profit_pct"": 0.02250757808382605, ""min_take_profit_pct"": 0.004960798295746318, ""exposure_tp_sensitivity"": 0.4977934221701477, ""vol_tp_multiplier"": 3.270512047411784}",292143.6919927751,703926.6145930489,419189.28607726004,404376.5591232877,0
2022-05-09,"{""base_buy_amount"": 960631.2525793731, ""max_daily_buy_amount"": 1016376.5301915105, ""score_threshold"": 1.1309409090011449, ""score_scale"": 0.8722849996509736, ""w_drawdown"": 2.4332916541908016, ""w_rsi"": 2.4535349717726045, ""w_ma_gap_25"": 4.689132274874915, ""w_ret_5"": 2.858640261880377, ""w_trend"": -0.15906359365827694, ""w_vol"": 1.334878315459468, ""w_exposure"": 3.315689973425522, ""w_unrealized_loss"": 5.206724024715378, ""fixed_profit_yen"": 23628.838634337193, ""base_take_profit_pct"": 0.002605138236649252, ""min_take_profit_pct"": 0.002605138236649252, ""exposure_tp_sensitivity"": 0.80654469465579, ""vol_tp_multiplier"": 0.7012454449930539}",415678.2249071507,1964055.7923201646,1461522.406195891,1635232.7286301367,0
2022-05-16,"{""base_buy_amount"": 350403.44423284096, ""max_daily_buy_amount"": 1596121.2217733124, ""score_threshold"": 0.19657753439871772, ""score_scale"": 2.4413818783095054, ""w_drawdown"": 3.1300624047052854, ""w_rsi"": 1.8032866722512715, ""w_ma_gap_25"": 2.563696223033791, ""w_ret_5"": 3.6835284424111014, ""w_trend"": 2.3184173203422462, ""w_vol"": 4.605285986475958, ""w_exposure"": 5.036329251830992, ""w_unrealized_loss"": 5.2027511474056904, ""fixed_profit_yen"": 40593.90930590031, ""base_take_profit_pct"": 0.010804619368837634, ""min_take_profit_pct"": 0.008536441261105619, ""exposure_tp_sensitivity"": 0.4447274818656811, ""vol_tp_multiplier"": 0.579283621676342}",87243.47665433731,360691.38457310485,200262.38120739814,246633.43463013694,0
2022-05-23,"{""base_buy_amount"": 350403.44423284096, ""max_daily_buy_amount"": 1596121.2217733124, ""score_threshold"": 0.19657753439871772, ""score_scale"": 2.4413818783095054, ""w_drawdown"": 3.1300624047052854, ""w_rsi"": 1.8032866722512715, ""w_ma_gap_25"": 2.563696223033791, ""w_ret_5"": 3.6835284424111014, ""w_trend"": 2.3184173203422462, ""w_vol"": 4.605285986475958, ""w_exposure"": 5.036329251830992, ""w_unrealized_loss"": 5.2027511474056904, ""fixed_profit_yen"": 40593.90930590031, ""base_take_profit_pct"": 0.010804619368837634, ""min_take_profit_pct"": 0.008536441261105619, ""exposure_tp_sensitivity"": 0.4447274818656811, ""vol_tp_multiplier"": 0.579283621676342}",100739.76234791469,374187.6702666822,200262.38120739814,246633.43463013694,0
2022-05-30,"{""base_buy_amount"": 314121.0012707731, ""max_daily_buy_amount"": 1435763.584827896, ""score_threshold"": 0.5350790922770519, ""score_scale"": 4.91812676394141, ""w_drawdown"": 3.1017885482902203, ""w_rsi"": 2.387529368138664, ""w_ma_gap_25"": 3.807162815920038, ""w_ret_5"": 4.516639359820266, ""w_trend"": 1.324175680310109, ""w_vol"": 4.816056117746898, ""w_exposure"": 7.820051707381772, ""w_unrealized_loss"": 8.668014382619265, ""fixed_profit_yen"": 8362.89134563095, ""base_take_profit_pct"": 0.02250757808382605, ""min_take_profit_pct"": 0.004960798295746318, ""exposure_tp_sensitivity"": 0.4977934221701477, ""vol_tp_multiplier"": 3.270512047411784}",85716.08343881741,480006.8044397052,405700.6558099948,382880.7861917808,0
2022-06-06,"{""base_buy_amount"": 314121.0012707731, ""max_daily_buy_amount"": 1435763.584827896, ""score_threshold"": 0.5350790922770519, ""score_scale"": 4.91812676394141, ""w_drawdown"": 3.1017885482902203, ""w_rsi"": 2.387529368138664, ""w_ma_gap_25"": 3.807162815920038, ""w_ret_5"": 4.516639359820266, ""w_trend"": 1.324175680310109, ""w_vol"": 4.816056117746898, ""w_exposure"": 7.820051707381772, ""w_unrealized_loss"": 8.668014382619265, ""fixed_profit_yen"": 8362.89134563095, ""base_take_profit_pct"": 0.02250757808382605, ""min_take_profit_pct"": 0.004960798295746318, ""exposure_tp_sensitivity"": 0.4977934221701477, ""vol_tp_multiplier"": 3.270512047411784}",104694.3325813387,498985.0535822265,405700.6558099948,382880.7861917808,0
2022-06-13,"{""base_buy_amount"": 314121.0012707731, ""max_daily_buy_amount"": 1435763.584827896, ""score_threshold"": 0.5350790922770519, ""score_scale"": 4.91812676394141, ""w_drawdown"": 3.1017885482902203, ""w_rsi"": 2.387529368138664, ""w_ma_gap_25"": 3.807162815920038, ""w_ret_5"": 4.516639359820266, ""w_trend"": 1.324175680310109, ""w_vol"": 4.816056117746898, ""w_exposure"": 7.820051707381772, ""w_unrealized_loss"": 8.668014382619265, ""fixed_profit_yen"": 8362.89134563095, ""base_take_profit_pct"": 0.02250757808382605, ""min_take_profit_pct"": 0.004960798295746318, ""exposure_tp_sensitivity"": 0.4977934221701477, ""vol_tp_multiplier"": 3.270512047411784}",102307.1807295552,496597.901730443,405700.6558099948,382880.7861917808,0
2022-06-20,"{""base_buy_amount"": 151098.55527781372, ""max_daily_buy_amount"": 1998298.9879010534, ""score_threshold"": 0.6627389444261476, ""score_scale"": 3.4255625700145864, ""w_drawdown"": 0.45220363492066373, ""w_rsi"": 4.4851669944831265, ""w_ma_gap_25"": 0.14499751602234712, ""w_ret_5"": 1.2041402902057352, ""w_trend"": -2.14186874900019, ""w_vol"": 3.883839703461093, ""w_exposure"": 1.9820422721289788, ""w_unrealized_loss"": 9.106382271308853, ""fixed_profit_yen"": 33844.64484839204, ""base_take_profit_pct"": 0.003012555893851494, ""min_take_profit_pct"": 0.0010488685071583042, ""exposure_tp_sensitivity"": 0.046492125312959036, ""vol_tp_multiplier"": 3.0296258882386384}",54832.27365993521,138940.6275581467,89987.45959094353,78229.24820547944,0
2022-06-27,"{""base_buy_amount"": 314121.0012707731, ""max_daily_buy_amount"": 1435763.584827896, ""score_threshold"": 0.5350790922770519, ""score_scale"": 4.91812676394141, ""w_drawdown"": 3.1017885482902203, ""w_rsi"": 2.387529368138664, ""w_ma_gap_25"": 3.807162815920038, ""w_ret_5"": 4.516639359820266, ""w_trend"": 1.324175680310109, ""w_vol"": 4.816056117746898, ""w_exposure"": 7.820051707381772, ""w_unrealized_loss"": 8.668014382619265, ""fixed_profit_yen"": 8362.89134563095, ""base_take_profit_pct"": 0.02250757808382605, ""min_take_profit_pct"": 0.004960798295746318, ""exposure_tp_sensitivity"": 0.4977934221701477, ""vol_tp_multiplier"": 3.270512047411784}",100044.20893200388,494334.9299328917,405700.6558099948,382880.7861917808,0
2022-07-04,"{""base_buy_amount"": 314121.0012707731, ""max_daily_buy_amount"": 1435763.584827896, ""score_threshold"": 0.5350790922770519, ""score_scale"": 4.91812676394141, ""w_drawdown"": 3.1017885482902203, ""w_rsi"": 2.387529368138664, ""w_ma_gap_25"": 3.807162815920038, ""w_ret_5"": 4.516639359820266, ""w_trend"": 1.324175680310109, ""w_vol"": 4.816056117746898, ""w_exposure"": 7.820051707381772, ""w_unrealized_loss"": 8.668014382619265, ""fixed_profit_yen"": 8362.89134563095, ""base_take_profit_pct"": 0.02250757808382605, ""min_take_profit_pct"": 0.004960798295746318, ""exposure_tp_sensitivity"": 0.4977934221701477, ""vol_tp_multiplier"": 3.270512047411784}",88124.5995927676,482415.3205936554,405700.6558099948,382880.7861917808,0
2022-07-11,"{""base_buy_amount"": 314121.0012707731, ""max_daily_buy_amount"": 1435763.584827896, ""score_threshold"": 0.5350790922770519, ""score_scale"": 4.91812676394141, ""w_drawdown"": 3.1017885482902203, ""w_rsi"": 2.387529368138664, ""w_ma_gap_25"": 3.807162815920038, ""w_ret_5"": 4.516639359820266, ""w_trend"": 1.324175680310109, ""w_vol"": 4.816056117746898, ""w_exposure"": 7.820051707381772, ""w_unrealized_loss"": 8.668014382619265, ""fixed_profit_yen"": 8362.89134563095, ""base_take_profit_pct"": 0.02250757808382605, ""min_take_profit_pct"": 0.004960798295746318, ""exposure_tp_sensitivity"": 0.4977934221701477, ""vol_tp_multiplier"": 3.270512047411784}",133875.6261212388,528166.3471221266,405700.6558099948,382880.7861917808,0
2022-07-19,"{""base_buy_amount"": 314121.0012707731, ""max_daily_buy_amount"": 1435763.584827896, ""score_threshold"": 0.5350790922770519, ""score_scale"": 4.91812676394141, ""w_drawdown"": 3.1017885482902203, ""w_rsi"": 2.387529368138664, ""w_ma_gap_25"": 3.807162815920038, ""w_ret_5"": 4.516639359820266, ""w_trend"": 1.324175680310109, ""w_vol"": 4.816056117746898, ""w_exposure"": 7.820051707381772, ""w_unrealized_loss"": 8.668014382619265, ""fixed_profit_yen"": 8362.89134563095, ""base_take_profit_pct"": 0.02250757808382605, ""min_take_profit_pct"": 0.004960798295746318, ""exposure_tp_sensitivity"": 0.4977934221701477, ""vol_tp_multiplier"": 3.270512047411784}",136592.486329042,530883.2073299298,405700.6558099948,382880.7861917808,0
2022-07-26,"{""base_buy_amount"": 314121.0012707731, ""max_daily_buy_amount"": 1435763.584827896, ""score_threshold"": 0.5350790922770519, ""score_scale"": 4.91812676394141, ""w_drawdown"": 3.1017885482902203, ""w_rsi"": 2.387529368138664, ""w_ma_gap_25"": 3.807162815920038, ""w_ret_5"": 4.516639359820266, ""w_trend"": 1.324175680310109, ""w_vol"": 4.816056117746898, ""w_exposure"": 7.820051707381772, ""w_unrealized_loss"": 8.668014382619265, ""fixed_profit_yen"": 8362.89134563095, ""base_take_profit_pct"": 0.02250757808382605, ""min_take_profit_pct"": 0.004960798295746318, ""exposure_tp_sensitivity"": 0.4977934221701477, ""vol_tp_multiplier"": 3.270512047411784}",147111.48094222648,541402.2019431143,405700.6558099948,382880.7861917808,0
2022-08-02,"{""base_buy_amount"": 314121.0012707731, ""max_daily_buy_amount"": 1435763.584827896, ""score_threshold"": 0.5350790922770519, ""score_scale"": 4.91812676394141, ""w_drawdown"": 3.1017885482902203, ""w_rsi"": 2.387529368138664, ""w_ma_gap_25"": 3.807162815920038, ""w_ret_5"": 4.516639359820266, ""w_trend"": 1.324175680310109, ""w_vol"": 4.816056117746898, ""w_exposure"": 7.820051707381772, ""w_unrealized_loss"": 8.668014382619265, ""fixed_profit_yen"": 8362.89134563095, ""base_take_profit_pct"": 0.02250757808382605, ""min_take_profit_pct"": 0.004960798295746318, ""exposure_tp_sensitivity"": 0.4977934221701477, ""vol_tp_multiplier"": 3.270512047411784}",142258.34023718408,536549.0612380719,405700.6558099948,382880.7861917808,0
2022-08-09,"{""base_buy_amount"": 314121.0012707731, ""max_daily_buy_amount"": 1435763.584827896, ""score_threshold"": 0.5350790922770519, ""score_scale"": 4.91812676394141, ""w_drawdown"": 3.1017885482902203, ""w_rsi"": 2.387529368138664, ""w_ma_gap_25"": 3.807162815920038, ""w_ret_5"": 4.516639359820266, ""w_trend"": 1.324175680310109, ""w_vol"": 4.816056117746898, ""w_exposure"": 7.820051707381772, ""w_unrealized_loss"": 8.668014382619265, ""fixed_profit_yen"": 8362.89134563095, ""base_take_profit_pct"": 0.02250757808382605, ""min_take_profit_pct"": 0.004960798295746318, ""exposure_tp_sensitivity"": 0.4977934221701477, ""vol_tp_multiplier"": 3.270512047411784}",121429.2245453524,515719.9455462402,405700.6558099948,382880.7861917808,0
2022-08-17,"{""base_buy_amount"": 314121.0012707731, ""max_daily_buy_amount"": 1435763.584827896, ""score_threshold"": 0.5350790922770519, ""score_scale"": 4.91812676394141, ""w_drawdown"": 3.1017885482902203, ""w_rsi"": 2.387529368138664, ""w_ma_gap_25"": 3.807162815920038, ""w_ret_5"": 4.516639359820266, ""w_trend"": 1.324175680310109, ""w_vol"": 4.816056117746898, ""w_exposure"": 7.820051707381772, ""w_unrealized_loss"": 8.668014382619265, ""fixed_profit_yen"": 8362.89134563095, ""base_take_profit_pct"": 0.02250757808382605, ""min_take_profit_pct"": 0.004960798295746318, ""exposure_tp_sensitivity"": 0.4977934221701477, ""vol_tp_multiplier"": 3.270512047411784}",118809.533612973,513100.2546138608,405700.6558099948,382880.7861917808,0
2022-08-24,"{""base_buy_amount"": 314121.0012707731, ""max_daily_buy_amount"": 1435763.584827896, ""score_threshold"": 0.5350790922770519, ""score_scale"": 4.91812676394141, ""w_drawdown"": 3.1017885482902203, ""w_rsi"": 2.387529368138664, ""w_ma_gap_25"": 3.807162815920038, ""w_ret_5"": 4.516639359820266, ""w_trend"": 1.324175680310109, ""w_vol"": 4.816056117746898, ""w_exposure"": 7.820051707381772, ""w_unrealized_loss"": 8.668014382619265, ""fixed_profit_yen"": 8362.89134563095, ""base_take_profit_pct"": 0.02250757808382605, ""min_take_profit_pct"": 0.004960798295746318, ""exposure_tp_sensitivity"": 0.4977934221701477, ""vol_tp_multiplier"": 3.270512047411784}",113704.24969680177,507994.97069768957,405700.6558099948,382880.7861917808,0
2022-08-31,"{""base_buy_amount"": 151098.55527781372, ""max_daily_buy_amount"": 1998298.9879010534, ""score_threshold"": 0.6627389444261476, ""score_scale"": 3.4255625700145864, ""w_drawdown"": 0.45220363492066373, ""w_rsi"": 4.4851669944831265, ""w_ma_gap_25"": 0.14499751602234712, ""w_ret_5"": 1.2041402902057352, ""w_trend"": -2.14186874900019, ""w_vol"": 3.883839703461093, ""w_exposure"": 1.9820422721289788, ""w_unrealized_loss"": 9.106382271308853, ""fixed_profit_yen"": 33844.64484839204, ""base_take_profit_pct"": 0.003012555893851494, ""min_take_profit_pct"": 0.0010488685071583042, ""exposure_tp_sensitivity"": 0.046492125312959036, ""vol_tp_multiplier"": 3.0296258882386384}",87369.01943007541,171477.37332828643,89987.4595909426,78229.24820547944,0
2022-09-07,"{""base_buy_amount"": 151098.55527781372, ""max_daily_buy_amount"": 1998298.9879010534, ""score_threshold"": 0.6627389444261476, ""score_scale"": 3.4255625700145864, ""w_drawdown"": 0.45220363492066373, ""w_rsi"": 4.4851669944831265, ""w_ma_gap_25"": 0.14499751602234712, ""w_ret_5"": 1.2041402902057352, ""w_trend"": -2.14186874900019, ""w_vol"": 3.883839703461093, ""w_exposure"": 1.9820422721289788, ""w_unrealized_loss"": 9.106382271308853, ""fixed_profit_yen"": 33844.64484839204, ""base_take_profit_pct"": 0.003012555893851494, ""min_take_profit_pct"": 0.0010488685071583042, ""exposure_tp_sensitivity"": 0.046492125312959036, ""vol_tp_multiplier"": 3.0296258882386384}",83051.18686534527,167159.5407635563,89987.4595909426,78229.24820547944,0
2022-09-14,"{""base_buy_amount"": 314121.0012707731, ""max_daily_buy_amount"": 1435763.584827896, ""score_threshold"": 0.5350790922770519, ""score_scale"": 4.91812676394141, ""w_drawdown"": 3.1017885482902203, ""w_rsi"": 2.387529368138664, ""w_ma_gap_25"": 3.807162815920038, ""w_ret_5"": 4.516639359820266, ""w_trend"": 1.324175680310109, ""w_vol"": 4.816056117746898, ""w_exposure"": 7.820051707381772, ""w_unrealized_loss"": 8.668014382619265, ""fixed_profit_yen"": 8362.89134563095, ""base_take_profit_pct"": 0.02250757808382605, ""min_take_profit_pct"": 0.004960798295746318, ""exposure_tp_sensitivity"": 0.4977934221701477, ""vol_tp_multiplier"": 3.270512047411784}",135606.14450755774,529896.8655084451,405700.65580999386,382880.7861917808,0
2022-09-22,"{""base_buy_amount"": 151098.55527781372, ""max_daily_buy_amount"": 1998298.9879010534, ""score_threshold"": 0.6627389444261476, ""score_scale"": 3.4255625700145864, ""w_drawdown"": 0.45220363492066373, ""w_rsi"": 4.4851669944831265, ""w_ma_gap_25"": 0.14499751602234712, ""w_ret_5"": 1.2041402902057352, ""w_trend"": -2.14186874900019, ""w_vol"": 3.883839703461093, ""w_exposure"": 1.9820422721289788, ""w_unrealized_loss"": 9.106382271308853, ""fixed_profit_yen"": 33844.64484839204, ""base_take_profit_pct"": 0.003012555893851494, ""min_take_profit_pct"": 0.0010488685071583042, ""exposure_tp_sensitivity"": 0.046492125312959036, ""vol_tp_multiplier"": 3.0296258882386384}",83051.18686534527,167159.5407635563,89987.4595909426,78229.24820547944,0
2022-09-30,"{""base_buy_amount"": 151098.55527781372, ""max_daily_buy_amount"": 1998298.9879010534, ""score_threshold"": 0.6627389444261476, ""score_scale"": 3.4255625700145864, ""w_drawdown"": 0.45220363492066373, ""w_rsi"": 4.4851669944831265, ""w_ma_gap_25"": 0.14499751602234712, ""w_ret_5"": 1.2041402902057352, ""w_trend"": -2.14186874900019, ""w_vol"": 3.883839703461093, ""w_exposure"": 1.9820422721289788, ""w_unrealized_loss"": 9.106382271308853, ""fixed_profit_yen"": 33844.64484839204, ""base_take_profit_pct"": 0.003012555893851494, ""min_take_profit_pct"": 0.0010488685071583042, ""exposure_tp_sensitivity"": 0.046492125312959036, ""vol_tp_multiplier"": 3.0296258882386384}",85031.89656397545,169140.25046218646,89987.4595909426,78229.24820547944,0
2022-10-07,"{""base_buy_amount"": 809282.4806864633, ""max_daily_buy_amount"": 1035091.1095933153, ""score_threshold"": 0.39837376609044917, ""score_scale"": 4.6905630606054585, ""w_drawdown"": 0.5986679425056141, ""w_rsi"": 0.5855178295005525, ""w_ma_gap_25"": 0.43854505955384204, ""w_ret_5"": 3.2893164252026392, ""w_trend"": -0.4883501952577234, ""w_vol"": 3.871607080709216, ""w_exposure"": 6.7123141330859255, ""w_unrealized_loss"": 3.3363775832823817, ""fixed_profit_yen"": 45223.22772599218, ""base_take_profit_pct"": 0.02335090011797826, ""min_take_profit_pct"": 0.003434814468191582, ""exposure_tp_sensitivity"": 0.32777281599484864, ""vol_tp_multiplier"": 1.5721999010213143}",432741.88973053463,734246.4496992984,321096.7791704042,281912.3407671232,0
2022-10-17,"{""base_buy_amount"": 809282.4806864633, ""max_daily_buy_amount"": 1035091.1095933153, ""score_threshold"": 0.39837376609044917, ""score_scale"": 4.6905630606054585, ""w_drawdown"": 0.5986679425056141, ""w_rsi"": 0.5855178295005525, ""w_ma_gap_25"": 0.43854505955384204, ""w_ret_5"": 3.2893164252026392, ""w_trend"": -0.4883501952577234, ""w_vol"": 3.871607080709216, ""w_exposure"": 6.7123141330859255, ""w_unrealized_loss"": 3.3363775832823817, ""fixed_profit_yen"": 45223.22772599218, ""base_take_profit_pct"": 0.02335090011797826, ""min_take_profit_pct"": 0.003434814468191582, ""exposure_tp_sensitivity"": 0.32777281599484864, ""vol_tp_multiplier"": 1.5721999010213143}",395833.3875479924,697337.9475167561,321096.7791704042,281912.3407671232,0
2022-10-24,"{""base_buy_amount"": 809282.4806864633, ""max_daily_buy_amount"": 1035091.1095933153, ""score_threshold"": 0.39837376609044917, ""score_scale"": 4.6905630606054585, ""w_drawdown"": 0.5986679425056141, ""w_rsi"": 0.5855178295005525, ""w_ma_gap_25"": 0.43854505955384204, ""w_ret_5"": 3.2893164252026392, ""w_trend"": -0.4883501952577234, ""w_vol"": 3.871607080709216, ""w_exposure"": 6.7123141330859255, ""w_unrealized_loss"": 3.3363775832823817, ""fixed_profit_yen"": 45223.22772599218, ""base_take_profit_pct"": 0.02335090011797826, ""min_take_profit_pct"": 0.003434814468191582, ""exposure_tp_sensitivity"": 0.32777281599484864, ""vol_tp_multiplier"": 1.5721999010213143}",255103.59652113335,556608.156489897,321096.7791704042,281912.3407671232,0
2022-10-31,"{""base_buy_amount"": 809282.4806864633, ""max_daily_buy_amount"": 1035091.1095933153, ""score_threshold"": 0.39837376609044917, ""score_scale"": 4.6905630606054585, ""w_drawdown"": 0.5986679425056141, ""w_rsi"": 0.5855178295005525, ""w_ma_gap_25"": 0.43854505955384204, ""w_ret_5"": 3.2893164252026392, ""w_trend"": -0.4883501952577234, ""w_vol"": 3.871607080709216, ""w_exposure"": 6.7123141330859255, ""w_unrealized_loss"": 3.3363775832823817, ""fixed_profit_yen"": 45223.22772599218, ""base_take_profit_pct"": 0.02335090011797826, ""min_take_profit_pct"": 0.003434814468191582, ""exposure_tp_sensitivity"": 0.32777281599484864, ""vol_tp_multiplier"": 1.5721999010213143}",272402.4798088046,573907.0397775683,321096.7791704042,281912.3407671232,0
2022-11-08,"{""base_buy_amount"": 809282.4806864633, ""max_daily_buy_amount"": 1035091.1095933153, ""score_threshold"": 0.39837376609044917, ""score_scale"": 4.6905630606054585, ""w_drawdown"": 0.5986679425056141, ""w_rsi"": 0.5855178295005525, ""w_ma_gap_25"": 0.43854505955384204, ""w_ret_5"": 3.2893164252026392, ""w_trend"": -0.4883501952577234, ""w_vol"": 3.871607080709216, ""w_exposure"": 6.7123141330859255, ""w_unrealized_loss"": 3.3363775832823817, ""fixed_profit_yen"": 45223.22772599218, ""base_take_profit_pct"": 0.02335090011797826, ""min_take_profit_pct"": 0.003434814468191582, ""exposure_tp_sensitivity"": 0.32777281599484864, ""vol_tp_multiplier"": 1.5721999010213143}",301679.65831916756,603184.2182879313,321096.7791704042,281912.3407671232,0
2022-11-15,"{""base_buy_amount"": 809282.4806864633, ""max_daily_buy_amount"": 1035091.1095933153, ""score_threshold"": 0.39837376609044917, ""score_scale"": 4.6905630606054585, ""w_drawdown"": 0.5986679425056141, ""w_rsi"": 0.5855178295005525, ""w_ma_gap_25"": 0.43854505955384204, ""w_ret_5"": 3.2893164252026392, ""w_trend"": -0.4883501952577234, ""w_vol"": 3.871607080709216, ""w_exposure"": 6.7123141330859255, ""w_unrealized_loss"": 3.3363775832823817, ""fixed_profit_yen"": 45223.22772599218, ""base_take_profit_pct"": 0.02335090011797826, ""min_take_profit_pct"": 0.003434814468191582, ""exposure_tp_sensitivity"": 0.32777281599484864, ""vol_tp_multiplier"": 1.5721999010213143}",311755.1474257895,613259.7073945532,321096.7791704042,281912.3407671232,0
2022-11-22,"{""base_buy_amount"": 809282.4806864633, ""max_daily_buy_amount"": 1035091.1095933153, ""score_threshold"": 0.39837376609044917, ""score_scale"": 4.6905630606054585, ""w_drawdown"": 0.5986679425056141, ""w_rsi"": 0.5855178295005525, ""w_ma_gap_25"": 0.43854505955384204, ""w_ret_5"": 3.2893164252026392, ""w_trend"": -0.4883501952577234, ""w_vol"": 3.871607080709216, ""w_exposure"": 6.7123141330859255, ""w_unrealized_loss"": 3.3363775832823817, ""fixed_profit_yen"": 45223.22772599218, ""base_take_profit_pct"": 0.02335090011797826, ""min_take_profit_pct"": 0.003434814468191582, ""exposure_tp_sensitivity"": 0.32777281599484864, ""vol_tp_multiplier"": 1.5721999010213143}",310542.7485216799,612047.3084904436,321096.7791704042,281912.3407671232,0
2022-11-30,"{""base_buy_amount"": 809282.4806864633, ""max_daily_buy_amount"": 1035091.1095933153, ""score_threshold"": 0.39837376609044917, ""score_scale"": 4.6905630606054585, ""w_drawdown"": 0.5986679425056141, ""w_rsi"": 0.5855178295005525, ""w_ma_gap_25"": 0.43854505955384204, ""w_ret_5"": 3.2893164252026392, ""w_trend"": -0.4883501952577234, ""w_vol"": 3.871607080709216, ""w_exposure"": 6.7123141330859255, ""w_unrealized_loss"": 3.3363775832823817, ""fixed_profit_yen"": 45223.22772599218, ""base_take_profit_pct"": 0.02335090011797826, ""min_take_profit_pct"": 0.003434814468191582, ""exposure_tp_sensitivity"": 0.32777281599484864, ""vol_tp_multiplier"": 1.5721999010213143}",312628.47783674835,614133.0378055121,321096.7791704042,281912.3407671232,0
2022-12-07,"{""base_buy_amount"": 960631.2525793731, ""max_daily_buy_amount"": 1016376.5301915105, ""score_threshold"": 1.1309409090011449, ""score_scale"": 0.8722849996509736, ""w_drawdown"": 2.4332916541908016, ""w_rsi"": 2.4535349717726045, ""w_ma_gap_25"": 4.689132274874915, ""w_ret_5"": 2.858640261880377, ""w_trend"": -0.15906359365827694, ""w_vol"": 1.334878315459468, ""w_exposure"": 3.315689973425522, ""w_unrealized_loss"": 5.206724024715378, ""fixed_profit_yen"": 23628.838634337193, ""base_take_profit_pct"": 0.002605138236649252, ""min_take_profit_pct"": 0.002605138236649252, ""exposure_tp_sensitivity"": 0.80654469465579, ""vol_tp_multiplier"": 0.7012454449930539}",382451.012481611,1803453.867028131,1353764.7438464644,1488240.9652465754,0
2022-12-14,"{""base_buy_amount"": 960631.2525793731, ""max_daily_buy_amount"": 1016376.5301915105, ""score_threshold"": 1.1309409090011449, ""score_scale"": 0.8722849996509736, ""w_drawdown"": 2.4332916541908016, ""w_rsi"": 2.4535349717726045, ""w_ma_gap_25"": 4.689132274874915, ""w_ret_5"": 2.858640261880377, ""w_trend"": -0.15906359365827694, ""w_vol"": 1.334878315459468, ""w_exposure"": 3.315689973425522, ""w_unrealized_loss"": 5.206724024715378, ""fixed_profit_yen"": 23628.838634337193, ""base_take_profit_pct"": 0.002605138236649252, ""min_take_profit_pct"": 0.002605138236649252, ""exposure_tp_sensitivity"": 0.80654469465579, ""vol_tp_multiplier"": 0.7012454449930539}",422895.9830674209,1808869.1536647428,1322902.9679891644,1449043.3732054795,0
2022-12-21,"{""base_buy_amount"": 809282.4806864633, ""max_daily_buy_amount"": 1035091.1095933153, ""score_threshold"": 0.39837376609044917, ""score_scale"": 4.6905630606054585, ""w_drawdown"": 0.5986679425056141, ""w_rsi"": 0.5855178295005525, ""w_ma_gap_25"": 0.43854505955384204, ""w_ret_5"": 3.2893164252026392, ""w_trend"": -0.4883501952577234, ""w_vol"": 3.871607080709216, ""w_exposure"": 6.7123141330859255, ""w_unrealized_loss"": 3.3363775832823817, ""fixed_profit_yen"": 45223.22772599218, ""base_take_profit_pct"": 0.02335090011797826, ""min_take_profit_pct"": 0.003434814468191582, ""exposure_tp_sensitivity"": 0.32777281599484864, ""vol_tp_multiplier"": 1.5721999010213143}",76460.69417183081,427965.254140595,321096.7791704051,281912.3407671232,0
2022-12-28,"{""base_buy_amount"": 809282.4806864633, ""max_daily_buy_amount"": 1035091.1095933153, ""score_threshold"": 0.39837376609044917, ""score_scale"": 4.6905630606054585, ""w_drawdown"": 0.5986679425056141, ""w_rsi"": 0.5855178295005525, ""w_ma_gap_25"": 0.43854505955384204, ""w_ret_5"": 3.2893164252026392, ""w_trend"": -0.4883501952577234, ""w_vol"": 3.871607080709216, ""w_exposure"": 6.7123141330859255, ""w_unrealized_loss"": 3.3363775832823817, ""fixed_profit_yen"": 45223.22772599218, ""base_take_profit_pct"": 0.02335090011797826, ""min_take_profit_pct"": 0.003434814468191582, ""exposure_tp_sensitivity"": 0.32777281599484864, ""vol_tp_multiplier"": 1.5721999010213143}",74277.40611703633,425781.9660858005,321096.7791704051,281912.3407671232,0
2023-01-06,"{""base_buy_amount"": 151098.55527781372, ""max_daily_buy_amount"": 1998298.9879010534, ""score_threshold"": 0.6627389444261476, ""score_scale"": 3.4255625700145864, ""w_drawdown"": 0.45220363492066373, ""w_rsi"": 4.4851669944831265, ""w_ma_gap_25"": 0.14499751602234712, ""w_ret_5"": 1.2041402902057352, ""w_trend"": -2.14186874900019, ""w_vol"": 3.883839703461093, ""w_exposure"": 1.9820422721289788, ""w_unrealized_loss"": 9.106382271308853, ""fixed_profit_yen"": 33844.64484839204, ""base_take_profit_pct"": 0.003012555893851494, ""min_take_profit_pct"": 0.0010488685071583042, ""exposure_tp_sensitivity"": 0.046492125312959036, ""vol_tp_multiplier"": 3.0296258882386384}",22640.393205080152,106748.74710329117,89987.4595909426,78229.24820547944,0
2023-01-16,"{""base_buy_amount"": 151098.55527781372, ""max_daily_buy_amount"": 1998298.9879010534, ""score_threshold"": 0.6627389444261476, ""score_scale"": 3.4255625700145864, ""w_drawdown"": 0.45220363492066373, ""w_rsi"": 4.4851669944831265, ""w_ma_gap_25"": 0.14499751602234712, ""w_ret_5"": 1.2041402902057352, ""w_trend"": -2.14186874900019, ""w_vol"": 3.883839703461093, ""w_exposure"": 1.9820422721289788, ""w_unrealized_loss"": 9.106382271308853, ""fixed_profit_yen"": 33844.64484839204, ""base_take_profit_pct"": 0.003012555893851494, ""min_take_profit_pct"": 0.0010488685071583042, ""exposure_tp_sensitivity"": 0.046492125312959036, ""vol_tp_multiplier"": 3.0296258882386384}",57561.05193860961,141669.40583682063,89987.4595909426,78229.24820547944,0
2023-01-23,"{""base_buy_amount"": 960631.2525793731, ""max_daily_buy_amount"": 1016376.5301915105, ""score_threshold"": 1.1309409090011449, ""score_scale"": 0.8722849996509736, ""w_drawdown"": 2.4332916541908016, ""w_rsi"": 2.4535349717726045, ""w_ma_gap_25"": 4.689132274874915, ""w_ret_5"": 2.858640261880377, ""w_trend"": -0.15906359365827694, ""w_vol"": 1.334878315459468, ""w_exposure"": 3.315689973425522, ""w_unrealized_loss"": 5.206724024715378, ""fixed_profit_yen"": 23628.838634337193, ""base_take_profit_pct"": 0.002605138236649252, ""min_take_profit_pct"": 0.002605138236649252, ""exposure_tp_sensitivity"": 0.80654469465579, ""vol_tp_multiplier"": 0.7012454449930539}",236378.5333538733,1651720.4782286014,1255537.7809549356,1375146.1087945206,0
2023-01-30,"{""base_buy_amount"": 960631.2525793731, ""max_daily_buy_amount"": 1016376.5301915105, ""score_threshold"": 1.1309409090011449, ""score_scale"": 0.8722849996509736, ""w_drawdown"": 2.4332916541908016, ""w_rsi"": 2.4535349717726045, ""w_ma_gap_25"": 4.689132274874915, ""w_ret_5"": 2.858640261880377, ""w_trend"": -0.15906359365827694, ""w_vol"": 1.334878315459468, ""w_exposure"": 3.315689973425522, ""w_unrealized_loss"": 5.206724024715378, ""fixed_profit_yen"": 23628.838634337193, ""base_take_profit_pct"": 0.002605138236649252, ""min_take_profit_pct"": 0.002605138236649252, ""exposure_tp_sensitivity"": 0.80654469465579, ""vol_tp_multiplier"": 0.7012454449930539}",906805.0590899892,2046213.012850331,1028181.3397535603,1050634.5677671232,0
2023-02-06,"{""base_buy_amount"": 960631.2525793731, ""max_daily_buy_amount"": 1016376.5301915105, ""score_threshold"": 1.1309409090011449, ""score_scale"": 0.8722849996509736, ""w_drawdown"": 2.4332916541908016, ""w_rsi"": 2.4535349717726045, ""w_ma_gap_25"": 4.689132274874915, ""w_ret_5"": 2.858640261880377, ""w_trend"": -0.15906359365827694, ""w_vol"": 1.334878315459468, ""w_exposure"": 3.315689973425522, ""w_unrealized_loss"": 5.206724024715378, ""fixed_profit_yen"": 23628.838634337193, ""base_take_profit_pct"": 0.002605138236649252, ""min_take_profit_pct"": 0.002605138236649252, ""exposure_tp_sensitivity"": 0.80654469465579, ""vol_tp_multiplier"": 0.7012454449930539}",1142714.5544577288,2096289.0904877838,844614.9173614802,862534.1546986299,0
2023-02-13,"{""base_buy_amount"": 960631.2525793731, ""max_daily_buy_amount"": 1016376.5301915105, ""score_threshold"": 1.1309409090011449, ""score_scale"": 0.8722849996509736, ""w_drawdown"": 2.4332916541908016, ""w_rsi"": 2.4535349717726045, ""w_ma_gap_25"": 4.689132274874915, ""w_ret_5"": 2.858640261880377, ""w_trend"": -0.15906359365827694, ""w_vol"": 1.334878315459468, ""w_exposure"": 3.315689973425522, ""w_unrealized_loss"": 5.206724024715378, ""fixed_profit_yen"": 23628.838634337193, ""base_take_profit_pct"": 0.002605138236649252, ""min_take_profit_pct"": 0.002605138236649252, ""exposure_tp_sensitivity"": 0.80654469465579, ""vol_tp_multiplier"": 0.7012454449930539}",1091542.3825576291,2055642.2897331547,854659.1246113256,873540.6897397257,0
2023-02-20,"{""base_buy_amount"": 960631.2525793731, ""max_daily_buy_amount"": 1016376.5301915105, ""score_threshold"": 1.1309409090011449, ""score_scale"": 0.8722849996509736, ""w_drawdown"": 2.4332916541908016, ""w_rsi"": 2.4535349717726045, ""w_ma_gap_25"": 4.689132274874915, ""w_ret_5"": 2.858640261880377, ""w_trend"": -0.15906359365827694, ""w_vol"": 1.334878315459468, ""w_exposure"": 3.315689973425522, ""w_unrealized_loss"": 5.206724024715378, ""fixed_profit_yen"": 23628.838634337193, ""base_take_profit_pct"": 0.002605138236649252, ""min_take_profit_pct"": 0.002605138236649252, ""exposure_tp_sensitivity"": 0.80654469465579, ""vol_tp_multiplier"": 0.7012454449930539}",980067.8320166871,1974697.1740796196,883652.8428107966,905605.8413150684,0
2023-02-28,"{""base_buy_amount"": 960631.2525793731, ""max_daily_buy_amount"": 1016376.5301915105, ""score_threshold"": 1.1309409090011449, ""score_scale"": 0.8722849996509736, ""w_drawdown"": 2.4332916541908016, ""w_rsi"": 2.4535349717726045, ""w_ma_gap_25"": 4.689132274874915, ""w_ret_5"": 2.858640261880377, ""w_trend"": -0.15906359365827694, ""w_vol"": 1.334878315459468, ""w_exposure"": 3.315689973425522, ""w_unrealized_loss"": 5.206724024715378, ""fixed_profit_yen"": 23628.838634337193, ""base_take_profit_pct"": 0.002605138236649252, ""min_take_profit_pct"": 0.002605138236649252, ""exposure_tp_sensitivity"": 0.80654469465579, ""vol_tp_multiplier"": 0.7012454449930539}",1162420.2396265469,1982141.706441751,711587.7696852032,727855.1639452053,0
2023-03-07,"{""base_buy_amount"": 857760.5838920356, ""max_daily_buy_amount"": 747122.5116238961, ""score_threshold"": -0.004732165874059113, ""score_scale"": 2.8913496845205997, ""w_drawdown"": 0.5248985794803529, ""w_rsi"": 1.9927625335077033, ""w_ma_gap_25"": 4.58668836275838, ""w_ret_5"": 3.1541612018237117, ""w_trend"": -1.934960505378195, ""w_vol"": 1.694278178048025, ""w_exposure"": 1.9160300966269983, ""w_unrealized_loss"": 0.2482313179857254, ""fixed_profit_yen"": 46590.64154968925, ""base_take_profit_pct"": 0.014549805191192401, ""min_take_profit_pct"": 0.0037678156517870756, ""exposure_tp_sensitivity"": 0.5386294724019629, ""vol_tp_multiplier"": 0.03657228146507818}",1384044.5672824222,1932323.023672833,551670.912808219,544885.9999726027,0
2023-03-14,"{""base_buy_amount"": 857760.5838920356, ""max_daily_buy_amount"": 747122.5116238961, ""score_threshold"": -0.004732165874059113, ""score_scale"": 2.8913496845205997, ""w_drawdown"": 0.5248985794803529, ""w_rsi"": 1.9927625335077033, ""w_ma_gap_25"": 4.58668836275838, ""w_ret_5"": 3.1541612018237117, ""w_trend"": -1.934960505378195, ""w_vol"": 1.694278178048025, ""w_exposure"": 1.9160300966269983, ""w_unrealized_loss"": 0.2482313179857254, ""fixed_profit_yen"": 46590.64154968925, ""base_take_profit_pct"": 0.014549805191192401, ""min_take_profit_pct"": 0.0037678156517870756, ""exposure_tp_sensitivity"": 0.5386294724019629, ""vol_tp_multiplier"": 0.03657228146507818}",1236924.854295171,1785203.310685582,551670.912808219,544885.9999726027,0
2023-03-22,"{""base_buy_amount"": 857760.5838920356, ""max_daily_buy_amount"": 747122.5116238961, ""score_threshold"": -0.004732165874059113, ""score_scale"": 2.8913496845205997, ""w_drawdown"": 0.5248985794803529, ""w_rsi"": 1.9927625335077033, ""w_ma_gap_25"": 4.58668836275838, ""w_ret_5"": 3.1541612018237117, ""w_trend"": -1.934960505378195, ""w_vol"": 1.694278178048025, ""w_exposure"": 1.9160300966269983, ""w_unrealized_loss"": 0.2482313179857254, ""fixed_profit_yen"": 46590.64154968925, ""base_take_profit_pct"": 0.014549805191192401, ""min_take_profit_pct"": 0.0037678156517870756, ""exposure_tp_sensitivity"": 0.5386294724019629, ""vol_tp_multiplier"": 0.03657228146507818}",1040086.5674245688,1588365.0238149797,551670.912808219,544885.9999726027,0
2023-03-29,"{""base_buy_amount"": 857760.5838920356, ""max_daily_buy_amount"": 747122.5116238961, ""score_threshold"": -0.004732165874059113, ""score_scale"": 2.8913496845205997, ""w_drawdown"": 0.5248985794803529, ""w_rsi"": 1.9927625335077033, ""w_ma_gap_25"": 4.58668836275838, ""w_ret_5"": 3.1541612018237117, ""w_trend"": -1.934960505378195, ""w_vol"": 1.694278178048025, ""w_exposure"": 1.9160300966269983, ""w_unrealized_loss"": 0.2482313179857254, ""fixed_profit_yen"": 46590.64154968925, ""base_take_profit_pct"": 0.014549805191192401, ""min_take_profit_pct"": 0.0037678156517870756, ""exposure_tp_sensitivity"": 0.5386294724019629, ""vol_tp_multiplier"": 0.03657228146507818}",939257.3528897988,1487535.8092802097,551670.912808219,544885.9999726027,0
2023-04-05,"{""base_buy_amount"": 857760.5838920356, ""max_daily_buy_amount"": 747122.5116238961, ""score_threshold"": -0.004732165874059113, ""score_scale"": 2.8913496845205997, ""w_drawdown"": 0.5248985794803529, ""w_rsi"": 1.9927625335077033, ""w_ma_gap_25"": 4.58668836275838, ""w_ret_5"": 3.1541612018237117, ""w_trend"": -1.934960505378195, ""w_vol"": 1.694278178048025, ""w_exposure"": 1.9160300966269983, ""w_unrealized_loss"": 0.2482313179857254, ""fixed_profit_yen"": 46590.64154968925, ""base_take_profit_pct"": 0.014549805191192401, ""min_take_profit_pct"": 0.0037678156517870756, ""exposure_tp_sensitivity"": 0.5386294724019629, ""vol_tp_multiplier"": 0.03657228146507818}",1007741.9835207998,1556020.4399112107,551670.912808219,544885.9999726027,0
2023-04-12,"{""base_buy_amount"": 857760.5838920356, ""max_daily_buy_amount"": 747122.5116238961, ""score_threshold"": -0.004732165874059113, ""score_scale"": 2.8913496845205997, ""w_drawdown"": 0.5248985794803529, ""w_rsi"": 1.9927625335077033, ""w_ma_gap_25"": 4.58668836275838, ""w_ret_5"": 3.1541612018237117, ""w_trend"": -1.934960505378195, ""w_vol"": 1.694278178048025, ""w_exposure"": 1.9160300966269983, ""w_unrealized_loss"": 0.2482313179857254, ""fixed_profit_yen"": 46590.64154968925, ""base_take_profit_pct"": 0.014549805191192401, ""min_take_profit_pct"": 0.0037678156517870756, ""exposure_tp_sensitivity"": 0.5386294724019629, ""vol_tp_multiplier"": 0.03657228146507818}",1027825.1929317587,1576103.6493221696,551670.912808219,544885.9999726027,0
2023-04-19,"{""base_buy_amount"": 857760.5838920356, ""max_daily_buy_amount"": 747122.5116238961, ""score_threshold"": -0.004732165874059113, ""score_scale"": 2.8913496845205997, ""w_drawdown"": 0.5248985794803529, ""w_rsi"": 1.9927625335077033, ""w_ma_gap_25"": 4.58668836275838, ""w_ret_5"": 3.1541612018237117, ""w_trend"": -1.934960505378195, ""w_vol"": 1.694278178048025, ""w_exposure"": 1.9160300966269983, ""w_unrealized_loss"": 0.2482313179857254, ""fixed_profit_yen"": 46590.64154968925, ""base_take_profit_pct"": 0.014549805191192401, ""min_take_profit_pct"": 0.0037678156517870756, ""exposure_tp_sensitivity"": 0.5386294724019629, ""vol_tp_multiplier"": 0.03657228146507818}",1055662.8260861486,1603941.2824765595,551670.912808219,544885.9999726027,0
2023-04-26,"{""base_buy_amount"": 857760.5838920356, ""max_daily_buy_amount"": 747122.5116238961, ""score_threshold"": -0.004732165874059113, ""score_scale"": 2.8913496845205997, ""w_drawdown"": 0.5248985794803529, ""w_rsi"": 1.9927625335077033, ""w_ma_gap_25"": 4.58668836275838, ""w_ret_5"": 3.1541612018237117, ""w_trend"": -1.934960505378195, ""w_vol"": 1.694278178048025, ""w_exposure"": 1.9160300966269983, ""w_unrealized_loss"": 0.2482313179857254, ""fixed_profit_yen"": 46590.64154968925, ""base_take_profit_pct"": 0.014549805191192401, ""min_take_profit_pct"": 0.0037678156517870756, ""exposure_tp_sensitivity"": 0.5386294724019629, ""vol_tp_multiplier"": 0.03657228146507818}",992654.9380332916,1540933.3944237025,551670.912808219,544885.9999726027,0
2023-05-08,"{""base_buy_amount"": 857760.5838920356, ""max_daily_buy_amount"": 747122.5116238961, ""score_threshold"": -0.004732165874059113, ""score_scale"": 2.8913496845205997, ""w_drawdown"": 0.5248985794803529, ""w_rsi"": 1.9927625335077033, ""w_ma_gap_25"": 4.58668836275838, ""w_ret_5"": 3.1541612018237117, ""w_trend"": -1.934960505378195, ""w_vol"": 1.694278178048025, ""w_exposure"": 1.9160300966269983, ""w_unrealized_loss"": 0.2482313179857254, ""fixed_profit_yen"": 46590.64154968925, ""base_take_profit_pct"": 0.014549805191192401, ""min_take_profit_pct"": 0.0037678156517870756, ""exposure_tp_sensitivity"": 0.5386294724019629, ""vol_tp_multiplier"": 0.03657228146507818}",987551.0452105284,1535829.5016009393,551670.912808219,544885.9999726027,0
2023-05-15,"{""base_buy_amount"": 857760.5838920356, ""max_daily_buy_amount"": 747122.5116238961, ""score_threshold"": -0.004732165874059113, ""score_scale"": 2.8913496845205997, ""w_drawdown"": 0.5248985794803529, ""w_rsi"": 1.9927625335077033, ""w_ma_gap_25"": 4.58668836275838, ""w_ret_5"": 3.1541612018237117, ""w_trend"": -1.934960505378195, ""w_vol"": 1.694278178048025, ""w_exposure"": 1.9160300966269983, ""w_unrealized_loss"": 0.2482313179857254, ""fixed_profit_yen"": 46590.64154968925, ""base_take_profit_pct"": 0.014549805191192401, ""min_take_profit_pct"": 0.0037678156517870756, ""exposure_tp_sensitivity"": 0.5386294724019629, ""vol_tp_multiplier"": 0.03657228146507818}",939815.8980933838,1488094.3544837947,551670.912808219,544885.9999726027,0
2023-05-22,"{""base_buy_amount"": 857760.5838920356, ""max_daily_buy_amount"": 747122.5116238961, ""score_threshold"": -0.004732165874059113, ""score_scale"": 2.8913496845205997, ""w_drawdown"": 0.5248985794803529, ""w_rsi"": 1.9927625335077033, ""w_ma_gap_25"": 4.58668836275838, ""w_ret_5"": 3.1541612018237117, ""w_trend"": -1.934960505378195, ""w_vol"": 1.694278178048025, ""w_exposure"": 1.9160300966269983, ""w_unrealized_loss"": 0.2482313179857254, ""fixed_profit_yen"": 46590.64154968925, ""base_take_profit_pct"": 0.014549805191192401, ""min_take_profit_pct"": 0.0037678156517870756, ""exposure_tp_sensitivity"": 0.5386294724019629, ""vol_tp_multiplier"": 0.03657228146507818}",833019.0677754795,1381297.5241658904,551670.912808219,544885.9999726027,0
2023-05-29,"{""base_buy_amount"": 857760.5838920356, ""max_daily_buy_amount"": 747122.5116238961, ""score_threshold"": -0.004732165874059113, ""score_scale"": 2.8913496845205997, ""w_drawdown"": 0.5248985794803529, ""w_rsi"": 1.9927625335077033, ""w_ma_gap_25"": 4.58668836275838, ""w_ret_5"": 3.1541612018237117, ""w_trend"": -1.934960505378195, ""w_vol"": 1.694278178048025, ""w_exposure"": 1.9160300966269983, ""w_unrealized_loss"": 0.2482313179857254, ""fixed_profit_yen"": 46590.64154968925, ""base_take_profit_pct"": 0.014549805191192401, ""min_take_profit_pct"": 0.0037678156517870756, ""exposure_tp_sensitivity"": 0.5386294724019629, ""vol_tp_multiplier"": 0.03657228146507818}",777419.6331816285,1325698.0895720394,551670.912808219,544885.9999726027,0
2023-06-05,"{""base_buy_amount"": 857760.5838920356, ""max_daily_buy_amount"": 747122.5116238961, ""score_threshold"": -0.004732165874059113, ""score_scale"": 2.8913496845205997, ""w_drawdown"": 0.5248985794803529, ""w_rsi"": 1.9927625335077033, ""w_ma_gap_25"": 4.58668836275838, ""w_ret_5"": 3.1541612018237117, ""w_trend"": -1.934960505378195, ""w_vol"": 1.694278178048025, ""w_exposure"": 1.9160300966269983, ""w_unrealized_loss"": 0.2482313179857254, ""fixed_profit_yen"": 46590.64154968925, ""base_take_profit_pct"": 0.014549805191192401, ""min_take_profit_pct"": 0.0037678156517870756, ""exposure_tp_sensitivity"": 0.5386294724019629, ""vol_tp_multiplier"": 0.03657228146507818}",735623.8967757684,1283902.3531661793,551670.912808219,544885.9999726027,0
2023-06-12,"{""base_buy_amount"": 857760.5838920356, ""max_daily_buy_amount"": 747122.5116238961, ""score_threshold"": -0.004732165874059113, ""score_scale"": 2.8913496845205997, ""w_drawdown"": 0.5248985794803529, ""w_rsi"": 1.9927625335077033, ""w_ma_gap_25"": 4.58668836275838, ""w_ret_5"": 3.1541612018237117, ""w_trend"": -1.934960505378195, ""w_vol"": 1.694278178048025, ""w_exposure"": 1.9160300966269983, ""w_unrealized_loss"": 0.2482313179857254, ""fixed_profit_yen"": 46590.64154968925, ""base_take_profit_pct"": 0.014549805191192401, ""min_take_profit_pct"": 0.0037678156517870756, ""exposure_tp_sensitivity"": 0.5386294724019629, ""vol_tp_multiplier"": 0.03657228146507818}",726377.1519417532,1274655.6083321641,551670.912808219,544885.9999726027,0
2023-06-19,"{""base_buy_amount"": 857760.5838920356, ""max_daily_buy_amount"": 747122.5116238961, ""score_threshold"": -0.004732165874059113, ""score_scale"": 2.8913496845205997, ""w_drawdown"": 0.5248985794803529, ""w_rsi"": 1.9927625335077033, ""w_ma_gap_25"": 4.58668836275838, ""w_ret_5"": 3.1541612018237117, ""w_trend"": -1.934960505378195, ""w_vol"": 1.694278178048025, ""w_exposure"": 1.9160300966269983, ""w_unrealized_loss"": 0.2482313179857254, ""fixed_profit_yen"": 46590.64154968925, ""base_take_profit_pct"": 0.014549805191192401, ""min_take_profit_pct"": 0.0037678156517870756, ""exposure_tp_sensitivity"": 0.5386294724019629, ""vol_tp_multiplier"": 0.03657228146507818}",726377.1519417532,1274655.6083321641,551670.912808219,544885.9999726027,0
2023-06-26,"{""base_buy_amount"": 857760.5838920356, ""max_daily_buy_amount"": 747122.5116238961, ""score_threshold"": -0.004732165874059113, ""score_scale"": 2.8913496845205997, ""w_drawdown"": 0.5248985794803529, ""w_rsi"": 1.9927625335077033, ""w_ma_gap_25"": 4.58668836275838, ""w_ret_5"": 3.1541612018237117, ""w_trend"": -1.934960505378195, ""w_vol"": 1.694278178048025, ""w_exposure"": 1.9160300966269983, ""w_unrealized_loss"": 0.2482313179857254, ""fixed_profit_yen"": 46590.64154968925, ""base_take_profit_pct"": 0.014549805191192401, ""min_take_profit_pct"": 0.0037678156517870756, ""exposure_tp_sensitivity"": 0.5386294724019629, ""vol_tp_multiplier"": 0.03657228146507818}",683262.2652913036,1231540.7216817145,551670.912808219,544885.9999726027,0
2023-07-03,"{""base_buy_amount"": 857760.5838920356, ""max_daily_buy_amount"": 747122.5116238961, ""score_threshold"": -0.004732165874059113, ""score_scale"": 2.8913496845205997, ""w_drawdown"": 0.5248985794803529, ""w_rsi"": 1.9927625335077033, ""w_ma_gap_25"": 4.58668836275838, ""w_ret_5"": 3.1541612018237117, ""w_trend"": -1.934960505378195, ""w_vol"": 1.694278178048025, ""w_exposure"": 1.9160300966269983, ""w_unrealized_loss"": 0.2482313179857254, ""fixed_profit_yen"": 46590.64154968925, ""base_take_profit_pct"": 0.014549805191192401, ""min_take_profit_pct"": 0.0037678156517870756, ""exposure_tp_sensitivity"": 0.5386294724019629, ""vol_tp_multiplier"": 0.03657228146507818}",561468.2647731488,1109746.7211635597,551670.912808219,544885.9999726027,0
2023-07-10,"{""base_buy_amount"": 857760.5838920356, ""max_daily_buy_amount"": 747122.5116238961, ""score_threshold"": -0.004732165874059113, ""score_scale"": 2.8913496845205997, ""w_drawdown"": 0.5248985794803529, ""w_rsi"": 1.9927625335077033, ""w_ma_gap_25"": 4.58668836275838, ""w_ret_5"": 3.1541612018237117, ""w_trend"": -1.934960505378195, ""w_vol"": 1.694278178048025, ""w_exposure"": 1.9160300966269983, ""w_unrealized_loss"": 0.2482313179857254, ""fixed_profit_yen"": 46590.64154968925, ""base_take_profit_pct"": 0.014549805191192401, ""min_take_profit_pct"": 0.0037678156517870756, ""exposure_tp_sensitivity"": 0.5386294724019629, ""vol_tp_multiplier"": 0.03657228146507818}",532286.2523761312,1080564.7087665421,551670.912808219,544885.9999726027,0
2023-07-18,"{""base_buy_amount"": 857760.5838920356, ""max_daily_buy_amount"": 747122.5116238961, ""score_threshold"": -0.004732165874059113, ""score_scale"": 2.8913496845205997, ""w_drawdown"": 0.5248985794803529, ""w_rsi"": 1.9927625335077033, ""w_ma_gap_25"": 4.58668836275838, ""w_ret_5"": 3.1541612018237117, ""w_trend"": -1.934960505378195, ""w_vol"": 1.694278178048025, ""w_exposure"": 1.9160300966269983, ""w_unrealized_loss"": 0.2482313179857254, ""fixed_profit_yen"": 46590.64154968925, ""base_take_profit_pct"": 0.014549805191192401, ""min_take_profit_pct"": 0.0037678156517870756, ""exposure_tp_sensitivity"": 0.5386294724019629, ""vol_tp_multiplier"": 0.03657228146507818}",513853.9025832101,1062132.358973621,551670.912808219,544885.9999726027,0
2023-07-25,"{""base_buy_amount"": 857760.5838920356, ""max_daily_buy_amount"": 747122.5116238961, ""score_threshold"": -0.004732165874059113, ""score_scale"": 2.8913496845205997, ""w_drawdown"": 0.5248985794803529, ""w_rsi"": 1.9927625335077033, ""w_ma_gap_25"": 4.58668836275838, ""w_ret_5"": 3.1541612018237117, ""w_trend"": -1.934960505378195, ""w_vol"": 1.694278178048025, ""w_exposure"": 1.9160300966269983, ""w_unrealized_loss"": 0.2482313179857254, ""fixed_profit_yen"": 46590.64154968925, ""base_take_profit_pct"": 0.014549805191192401, ""min_take_profit_pct"": 0.0037678156517870756, ""exposure_tp_sensitivity"": 0.5386294724019629, ""vol_tp_multiplier"": 0.03657228146507818}",516328.45335177664,1064606.9097421875,551670.912808219,544885.9999726027,0
2023-08-01,"{""base_buy_amount"": 857760.5838920356, ""max_daily_buy_amount"": 747122.5116238961, ""score_threshold"": -0.004732165874059113, ""score_scale"": 2.8913496845205997, ""w_drawdown"": 0.5248985794803529, ""w_rsi"": 1.9927625335077033, ""w_ma_gap_25"": 4.58668836275838, ""w_ret_5"": 3.1541612018237117, ""w_trend"": -1.934960505378195, ""w_vol"": 1.694278178048025, ""w_exposure"": 1.9160300966269983, ""w_unrealized_loss"": 0.2482313179857254, ""fixed_profit_yen"": 46590.64154968925, ""base_take_profit_pct"": 0.014549805191192401, ""min_take_profit_pct"": 0.0037678156517870756, ""exposure_tp_sensitivity"": 0.5386294724019629, ""vol_tp_multiplier"": 0.03657228146507818}",516741.7727930134,1065020.2291834243,551670.912808219,544885.9999726027,0
2023-08-08,"{""base_buy_amount"": 857760.5838920356, ""max_daily_buy_amount"": 747122.5116238961, ""score_threshold"": -0.004732165874059113, ""score_scale"": 2.8913496845205997, ""w_drawdown"": 0.5248985794803529, ""w_rsi"": 1.9927625335077033, ""w_ma_gap_25"": 4.58668836275838, ""w_ret_5"": 3.1541612018237117, ""w_trend"": -1.934960505378195, ""w_vol"": 1.694278178048025, ""w_exposure"": 1.9160300966269983, ""w_unrealized_loss"": 0.2482313179857254, ""fixed_profit_yen"": 46590.64154968925, ""base_take_profit_pct"": 0.014549805191192401, ""min_take_profit_pct"": 0.0037678156517870756, ""exposure_tp_sensitivity"": 0.5386294724019629, ""vol_tp_multiplier"": 0.03657228146507818}",535314.168415555,1083592.624805966,551670.912808219,544885.9999726027,0
2023-08-16,"{""base_buy_amount"": 857760.5838920356, ""max_daily_buy_amount"": 747122.5116238961, ""score_threshold"": -0.004732165874059113, ""score_scale"": 2.8913496845205997, ""w_drawdown"": 0.5248985794803529, ""w_rsi"": 1.9927625335077033, ""w_ma_gap_25"": 4.58668836275838, ""w_ret_5"": 3.1541612018237117, ""w_trend"": -1.934960505378195, ""w_vol"": 1.694278178048025, ""w_exposure"": 1.9160300966269983, ""w_unrealized_loss"": 0.2482313179857254, ""fixed_profit_yen"": 46590.64154968925, ""base_take_profit_pct"": 0.014549805191192401, ""min_take_profit_pct"": 0.0037678156517870756, ""exposure_tp_sensitivity"": 0.5386294724019629, ""vol_tp_multiplier"": 0.03657228146507818}",532024.2214132706,1080302.6778036815,551670.912808219,544885.9999726027,0
2023-08-23,"{""base_buy_amount"": 857760.5838920356, ""max_daily_buy_amount"": 747122.5116238961, ""score_threshold"": -0.004732165874059113, ""score_scale"": 2.8913496845205997, ""w_drawdown"": 0.5248985794803529, ""w_rsi"": 1.9927625335077033, ""w_ma_gap_25"": 4.58668836275838, ""w_ret_5"": 3.1541612018237117, ""w_trend"": -1.934960505378195, ""w_vol"": 1.694278178048025, ""w_exposure"": 1.9160300966269983, ""w_unrealized_loss"": 0.2482313179857254, ""fixed_profit_yen"": 46590.64154968925, ""base_take_profit_pct"": 0.014549805191192401, ""min_take_profit_pct"": 0.0037678156517870756, ""exposure_tp_sensitivity"": 0.5386294724019629, ""vol_tp_multiplier"": 0.03657228146507818}",554673.7919562296,1102952.2483466405,551670.912808219,544885.9999726027,0
2023-08-30,"{""base_buy_amount"": 857760.5838920356, ""max_daily_buy_amount"": 747122.5116238961, ""score_threshold"": -0.004732165874059113, ""score_scale"": 2.8913496845205997, ""w_drawdown"": 0.5248985794803529, ""w_rsi"": 1.9927625335077033, ""w_ma_gap_25"": 4.58668836275838, ""w_ret_5"": 3.1541612018237117, ""w_trend"": -1.934960505378195, ""w_vol"": 1.694278178048025, ""w_exposure"": 1.9160300966269983, ""w_unrealized_loss"": 0.2482313179857254, ""fixed_profit_yen"": 46590.64154968925, ""base_take_profit_pct"": 0.014549805191192401, ""min_take_profit_pct"": 0.0037678156517870756, ""exposure_tp_sensitivity"": 0.5386294724019629, ""vol_tp_multiplier"": 0.03657228146507818}",574561.7505662206,1122840.2069566315,551670.912808219,544885.9999726027,0
2023-09-06,"{""base_buy_amount"": 811407.7203164445, ""max_daily_buy_amount"": 553250.3591920381, ""score_threshold"": 1.3976353716922918, ""score_scale"": 0.7575437306896717, ""w_drawdown"": 4.004819268208381, ""w_rsi"": 4.638977150861402, ""w_ma_gap_25"": 3.8605419955219027, ""w_ret_5"": 3.4906039198931857, ""w_trend"": 2.0278813119322985, ""w_vol"": 0.2007564977353321, ""w_exposure"": 2.017821107190554, ""w_unrealized_loss"": 1.2492367930564308, ""fixed_profit_yen"": 26712.95653907037, ""base_take_profit_pct"": 0.022865267593207644, ""min_take_profit_pct"": 0.006670106601187589, ""exposure_tp_sensitivity"": 0.7660179897857415, ""vol_tp_multiplier"": 0.7760649622054544}",841986.1873654663,1646287.7895993406,810655.5859608995,797947.6185068492,0
2023-09-13,"{""base_buy_amount"": 811407.7203164445, ""max_daily_buy_amount"": 553250.3591920381, ""score_threshold"": 1.3976353716922918, ""score_scale"": 0.7575437306896717, ""w_drawdown"": 4.004819268208381, ""w_rsi"": 4.638977150861402, ""w_ma_gap_25"": 3.8605419955219027, ""w_ret_5"": 3.4906039198931857, ""w_trend"": 2.0278813119322985, ""w_vol"": 0.2007564977353321, ""w_exposure"": 2.017821107190554, ""w_unrealized_loss"": 1.2492367930564308, ""fixed_profit_yen"": 26712.95653907037, ""base_take_profit_pct"": 0.022865267593207644, ""min_take_profit_pct"": 0.006670106601187589, ""exposure_tp_sensitivity"": 0.7660179897857415, ""vol_tp_multiplier"": 0.7760649622054544}",716428.1096265058,1536105.3190609757,825310.0392251043,814044.3796438357,0
2023-09-21,"{""base_buy_amount"": 811407.7203164445, ""max_daily_buy_amount"": 553250.3591920381, ""score_threshold"": 1.3976353716922918, ""score_scale"": 0.7575437306896717, ""w_drawdown"": 4.004819268208381, ""w_rsi"": 4.638977150861402, ""w_ma_gap_25"": 3.8605419955219027, ""w_ret_5"": 3.4906039198931857, ""w_trend"": 2.0278813119322985, ""w_vol"": 0.2007564977353321, ""w_exposure"": 2.017821107190554, ""w_unrealized_loss"": 1.2492367930564308, ""fixed_profit_yen"": 26712.95653907037, ""base_take_profit_pct"": 0.022865267593207644, ""min_take_profit_pct"": 0.006670106601187589, ""exposure_tp_sensitivity"": 0.7660179897857415, ""vol_tp_multiplier"": 0.7760649622054544}",749909.5286893283,1547602.1275738885,808177.4048650106,787207.7929041096,0
2023-09-28,"{""base_buy_amount"": 811407.7203164445, ""max_daily_buy_amount"": 553250.3591920381, ""score_threshold"": 1.3976353716922918, ""score_scale"": 0.7575437306896717, ""w_drawdown"": 4.004819268208381, ""w_rsi"": 4.638977150861402, ""w_ma_gap_25"": 3.8605419955219027, ""w_ret_5"": 3.4906039198931857, ""w_trend"": 2.0278813119322985, ""w_vol"": 0.2007564977353321, ""w_exposure"": 2.017821107190554, ""w_unrealized_loss"": 1.2492367930564308, ""fixed_profit_yen"": 26712.95653907037, ""base_take_profit_pct"": 0.022865267593207644, ""min_take_profit_pct"": 0.006670106601187589, ""exposure_tp_sensitivity"": 0.7660179897857415, ""vol_tp_multiplier"": 0.7760649622054544}",672682.2404003781,1464336.0654493219,803221.0426732302,780086.6074246574,0
2023-10-05,"{""base_buy_amount"": 758713.566231274, ""max_daily_buy_amount"": 1651480.6505054298, ""score_threshold"": -1.5788876805835002, ""score_scale"": 0.7995148562983017, ""w_drawdown"": 2.972168318782259, ""w_rsi"": 0.7308662209634914, ""w_ma_gap_25"": 4.1233209522817065, ""w_ret_5"": 1.5516733696203722, ""w_trend"": -2.136768402173144, ""w_vol"": 4.604852362437251, ""w_exposure"": 1.6553172273527816, ""w_unrealized_loss"": 2.8472008233793558, ""fixed_profit_yen"": 10219.829574026757, ""base_take_profit_pct"": 0.0052337217826299385, ""min_take_profit_pct"": 0.0011903321470279604, ""exposure_tp_sensitivity"": 0.049855868247834105, ""vol_tp_multiplier"": 0.8732073546792635}",226328.7255126452,860424.6345615992,628353.6334814699,639838.1846164381,0
2023-10-13,"{""base_buy_amount"": 811407.7203164445, ""max_daily_buy_amount"": 553250.3591920381, ""score_threshold"": 1.3976353716922918, ""score_scale"": 0.7575437306896717, ""w_drawdown"": 4.004819268208381, ""w_rsi"": 4.638977150861402, ""w_ma_gap_25"": 3.8605419955219027, ""w_ret_5"": 3.4906039198931857, ""w_trend"": 2.0278813119322985, ""w_vol"": 0.2007564977353321, ""w_exposure"": 2.017821107190554, ""w_unrealized_loss"": 1.2492367930564308, ""fixed_profit_yen"": 26712.95653907037, ""base_take_profit_pct"": 0.022865267593207644, ""min_take_profit_pct"": 0.006670106601187589, ""exposure_tp_sensitivity"": 0.7660179897857415, ""vol_tp_multiplier"": 0.7760649622054544}",702569.5942682964,1494223.4193172401,803221.0426732302,780086.6074246574,0
2023-10-20,"{""base_buy_amount"": 960631.2525793731, ""max_daily_buy_amount"": 1016376.5301915105, ""score_threshold"": 1.1309409090011449, ""score_scale"": 0.8722849996509736, ""w_drawdown"": 2.4332916541908016, ""w_rsi"": 2.4535349717726045, ""w_ma_gap_25"": 4.689132274874915, ""w_ret_5"": 2.858640261880377, ""w_trend"": -0.15906359365827694, ""w_vol"": 1.334878315459468, ""w_exposure"": 3.315689973425522, ""w_unrealized_loss"": 5.206724024715378, ""fixed_profit_yen"": 23628.838634337193, ""base_take_profit_pct"": 0.002605138236649252, ""min_take_profit_pct"": 0.002605138236649252, ""exposure_tp_sensitivity"": 0.80654469465579, ""vol_tp_multiplier"": 0.7012454449930539}",391777.04889682075,957412.2482162279,552537.7257210063,578732.6729178079,0
2023-10-27,"{""base_buy_amount"": 857760.5838920356, ""max_daily_buy_amount"": 747122.5116238961, ""score_threshold"": -0.004732165874059113, ""score_scale"": 2.8913496845205997, ""w_drawdown"": 0.5248985794803529, ""w_rsi"": 1.9927625335077033, ""w_ma_gap_25"": 4.58668836275838, ""w_ret_5"": 3.1541612018237117, ""w_trend"": -1.934960505378195, ""w_vol"": 1.694278178048025, ""w_exposure"": 1.9160300966269983, ""w_unrealized_loss"": 0.2482313179857254, ""fixed_profit_yen"": 46590.64154968925, ""base_take_profit_pct"": 0.014549805191192401, ""min_take_profit_pct"": 0.0037678156517870756, ""exposure_tp_sensitivity"": 0.5386294724019629, ""vol_tp_multiplier"": 0.03657228146507818}",171729.89494195266,607871.6305081605,438802.06202282663,433481.40910958895,0
2023-11-06,"{""base_buy_amount"": 811407.7203164445, ""max_daily_buy_amount"": 553250.3591920381, ""score_threshold"": 1.3976353716922918, ""score_scale"": 0.7575437306896717, ""w_drawdown"": 4.004819268208381, ""w_rsi"": 4.638977150861402, ""w_ma_gap_25"": 3.8605419955219027, ""w_ret_5"": 3.4906039198931857, ""w_trend"": 2.0278813119322985, ""w_vol"": 0.2007564977353321, ""w_exposure"": 2.017821107190554, ""w_unrealized_loss"": 1.2492367930564308, ""fixed_profit_yen"": 26712.95653907037, ""base_take_profit_pct"": 0.022865267593207644, ""min_take_profit_pct"": 0.006670106601187589, ""exposure_tp_sensitivity"": 0.7660179897857415, ""vol_tp_multiplier"": 0.7760649622054544}",677844.8609034601,1469498.6859524033,803221.0426732292,780086.6074246574,0
2023-11-13,"{""base_buy_amount"": 811407.7203164445, ""max_daily_buy_amount"": 553250.3591920381, ""score_threshold"": 1.3976353716922918, ""score_scale"": 0.7575437306896717, ""w_drawdown"": 4.004819268208381, ""w_rsi"": 4.638977150861402, ""w_ma_gap_25"": 3.8605419955219027, ""w_ret_5"": 3.4906039198931857, ""w_trend"": 2.0278813119322985, ""w_vol"": 0.2007564977353321, ""w_exposure"": 2.017821107190554, ""w_unrealized_loss"": 1.2492367930564308, ""fixed_profit_yen"": 26712.95653907037, ""base_take_profit_pct"": 0.022865267593207644, ""min_take_profit_pct"": 0.006670106601187589, ""exposure_tp_sensitivity"": 0.7660179897857415, ""vol_tp_multiplier"": 0.7760649622054544}",861325.7629747211,1655472.2060373628,805699.223769119,782593.6623561644,0
2023-11-20,"{""base_buy_amount"": 811407.7203164445, ""max_daily_buy_amount"": 553250.3591920381, ""score_threshold"": 1.3976353716922918, ""score_scale"": 0.7575437306896717, ""w_drawdown"": 4.004819268208381, ""w_rsi"": 4.638977150861402, ""w_ma_gap_25"": 3.8605419955219027, ""w_ret_5"": 3.4906039198931857, ""w_trend"": 2.0278813119322985, ""w_vol"": 0.2007564977353321, ""w_exposure"": 2.017821107190554, ""w_unrealized_loss"": 1.2492367930564308, ""fixed_profit_yen"": 26712.95653907037, ""base_take_profit_pct"": 0.022865267593207644, ""min_take_profit_pct"": 0.006670106601187589, ""exposure_tp_sensitivity"": 0.7660179897857415, ""vol_tp_multiplier"": 0.7760649622054544}",1023795.3423762568,1777348.2463720771,765713.2005395861,741392.6074520546,0
2023-11-28,"{""base_buy_amount"": 811407.7203164445, ""max_daily_buy_amount"": 553250.3591920381, ""score_threshold"": 1.3976353716922918, ""score_scale"": 0.7575437306896717, ""w_drawdown"": 4.004819268208381, ""w_rsi"": 4.638977150861402, ""w_ma_gap_25"": 3.8605419955219027, ""w_ret_5"": 3.4906039198931857, ""w_trend"": 2.0278813119322985, ""w_vol"": 0.2007564977353321, ""w_exposure"": 2.017821107190554, ""w_unrealized_loss"": 1.2492367930564308, ""fixed_profit_yen"": 26712.95653907037, ""base_take_profit_pct"": 0.022865267593207644, ""min_take_profit_pct"": 0.006670106601187589, ""exposure_tp_sensitivity"": 0.7660179897857415, ""vol_tp_multiplier"": 0.7760649622054544}",1028010.7529415109,1760075.231393432,743640.5693148011,720488.387589041,0
2023-12-05,"{""base_buy_amount"": 811407.7203164445, ""max_daily_buy_amount"": 553250.3591920381, ""score_threshold"": 1.3976353716922918, ""score_scale"": 0.7575437306896717, ""w_drawdown"": 4.004819268208381, ""w_rsi"": 4.638977150861402, ""w_ma_gap_25"": 3.8605419955219027, ""w_ret_5"": 3.4906039198931857, ""w_trend"": 2.0278813119322985, ""w_vol"": 0.2007564977353321, ""w_exposure"": 2.017821107190554, ""w_unrealized_loss"": 1.2492367930564308, ""fixed_profit_yen"": 26712.95653907037, ""base_take_profit_pct"": 0.022865267593207644, ""min_take_profit_pct"": 0.006670106601187589, ""exposure_tp_sensitivity"": 0.7660179897857415, ""vol_tp_multiplier"": 0.7760649622054544}",1048092.7611405493,1734230.7502366388,684569.3947949186,687706.5833972603,0
2023-12-12,"{""base_buy_amount"": 811407.7203164445, ""max_daily_buy_amount"": 553250.3591920381, ""score_threshold"": 1.3976353716922918, ""score_scale"": 0.7575437306896717, ""w_drawdown"": 4.004819268208381, ""w_rsi"": 4.638977150861402, ""w_ma_gap_25"": 3.8605419955219027, ""w_ret_5"": 3.4906039198931857, ""w_trend"": 2.0278813119322985, ""w_vol"": 0.2007564977353321, ""w_exposure"": 2.017821107190554, ""w_unrealized_loss"": 1.2492367930564308, ""fixed_profit_yen"": 26712.95653907037, ""base_take_profit_pct"": 0.022865267593207644, ""min_take_profit_pct"": 0.006670106601187589, ""exposure_tp_sensitivity"": 0.7660179897857415, ""vol_tp_multiplier"": 0.7760649622054544}",1001684.6530478231,1687822.6421439126,684569.3947949186,687706.5833972603,0
2023-12-19,"{""base_buy_amount"": 811407.7203164445, ""max_daily_buy_amount"": 553250.3591920381, ""score_threshold"": 1.3976353716922918, ""score_scale"": 0.7575437306896717, ""w_drawdown"": 4.004819268208381, ""w_rsi"": 4.638977150861402, ""w_ma_gap_25"": 3.8605419955219027, ""w_ret_5"": 3.4906039198931857, ""w_trend"": 2.0278813119322985, ""w_vol"": 0.2007564977353321, ""w_exposure"": 2.017821107190554, ""w_unrealized_loss"": 1.2492367930564308, ""fixed_profit_yen"": 26712.95653907037, ""base_take_profit_pct"": 0.022865267593207644, ""min_take_profit_pct"": 0.006670106601187589, ""exposure_tp_sensitivity"": 0.7660179897857415, ""vol_tp_multiplier"": 0.7760649622054544}",925372.5306112154,1611510.5197073044,684569.3947949177,687706.5833972603,0
2023-12-26,"{""base_buy_amount"": 654587.925002388, ""max_daily_buy_amount"": 1187584.984921411, ""score_threshold"": -1.4194789813398012, ""score_scale"": 4.757110041011428, ""w_drawdown"": 1.5067131625735897, ""w_rsi"": 2.8900860790377108, ""w_ma_gap_25"": 3.498879722945331, ""w_ret_5"": 3.2461657762265443, ""w_trend"": 2.643566458173111, ""w_vol"": 0.74219494960029, ""w_exposure"": 5.083527384469421, ""w_unrealized_loss"": 4.04034390740766, ""fixed_profit_yen"": 25285.93028568305, ""base_take_profit_pct"": 0.0053380907335368495, ""min_take_profit_pct"": 0.002206851488854888, ""exposure_tp_sensitivity"": 0.25026799120313165, ""vol_tp_multiplier"": 1.5235230188041564}",1177431.7762666896,2010960.9202046818,810854.0498896828,856204.2379863014,0
2024-01-05,"{""base_buy_amount"": 995691.2489544553, ""max_daily_buy_amount"": 1566999.2935737127, ""score_threshold"": -0.7561539603169352, ""score_scale"": 3.5944927212474163, ""w_drawdown"": 3.5270318274200636, ""w_rsi"": 1.9392084758182486, ""w_ma_gap_25"": 3.204443172930797, ""w_ret_5"": 0.05363822487838121, ""w_trend"": -1.7456540483865512, ""w_vol"": 2.625441514836306, ""w_exposure"": 1.6375130425829587, ""w_unrealized_loss"": 1.6590686787653364, ""fixed_profit_yen"": 42306.301655861185, ""base_take_profit_pct"": 0.02969572407514095, ""min_take_profit_pct"": 0.006003724852256036, ""exposure_tp_sensitivity"": 0.7551627577935421, ""vol_tp_multiplier"": 4.951608321631363}",1797514.219376131,2381946.2415260677,530393.346614942,438470.6976849315,0
2024-01-15,"{""base_buy_amount"": 995691.2489544553, ""max_daily_buy_amount"": 1566999.2935737127, ""score_threshold"": -0.7561539603169352, ""score_scale"": 3.5944927212474163, ""w_drawdown"": 3.5270318274200636, ""w_rsi"": 1.9392084758182486, ""w_ma_gap_25"": 3.204443172930797, ""w_ret_5"": 0.05363822487838121, ""w_trend"": -1.7456540483865512, ""w_vol"": 2.625441514836306, ""w_exposure"": 1.6375130425829587, ""w_unrealized_loss"": 1.6590686787653364, ""fixed_profit_yen"": 42306.301655861185, ""base_take_profit_pct"": 0.02969572407514095, ""min_take_profit_pct"": 0.006003724852256036, ""exposure_tp_sensitivity"": 0.7551627577935421, ""vol_tp_multiplier"": 4.951608321631363}",1795647.1034760578,2280079.125625995,530393.3466149429,438470.6976849315,0
2024-01-22,"{""base_buy_amount"": 995691.2489544553, ""max_daily_buy_amount"": 1566999.2935737127, ""score_threshold"": -0.7561539603169352, ""score_scale"": 3.5944927212474163, ""w_drawdown"": 3.5270318274200636, ""w_rsi"": 1.9392084758182486, ""w_ma_gap_25"": 3.204443172930797, ""w_ret_5"": 0.05363822487838121, ""w_trend"": -1.7456540483865512, ""w_vol"": 2.625441514836306, ""w_exposure"": 1.6375130425829587, ""w_unrealized_loss"": 1.6590686787653364, ""fixed_profit_yen"": 42306.301655861185, ""base_take_profit_pct"": 0.02969572407514095, ""min_take_profit_pct"": 0.006003724852256036, ""exposure_tp_sensitivity"": 0.7551627577935421, ""vol_tp_multiplier"": 4.951608321631363}",1633292.0665899697,2117724.0887399064,530393.346614942,438470.6976849315,0
2024-01-29,"{""base_buy_amount"": 995691.2489544553, ""max_daily_buy_amount"": 1566999.2935737127, ""score_threshold"": -0.7561539603169352, ""score_scale"": 3.5944927212474163, ""w_drawdown"": 3.5270318274200636, ""w_rsi"": 1.9392084758182486, ""w_ma_gap_25"": 3.204443172930797, ""w_ret_5"": 0.05363822487838121, ""w_trend"": -1.7456540483865512, ""w_vol"": 2.625441514836306, ""w_exposure"": 1.6375130425829587, ""w_unrealized_loss"": 1.6590686787653364, ""fixed_profit_yen"": 42306.301655861185, ""base_take_profit_pct"": 0.02969572407514095, ""min_take_profit_pct"": 0.006003724852256036, ""exposure_tp_sensitivity"": 0.7551627577935421, ""vol_tp_multiplier"": 4.951608321631363}",1450932.3472384033,1935364.3693883405,530393.3466149429,438470.6976849315,0
2024-02-05,"{""base_buy_amount"": 995691.2489544553, ""max_daily_buy_amount"": 1566999.2935737127, ""score_threshold"": -0.7561539603169352, ""score_scale"": 3.5944927212474163, ""w_drawdown"": 3.5270318274200636, ""w_rsi"": 1.9392084758182486, ""w_ma_gap_25"": 3.204443172930797, ""w_ret_5"": 0.05363822487838121, ""w_trend"": -1.7456540483865512, ""w_vol"": 2.625441514836306, ""w_exposure"": 1.6375130425829587, ""w_unrealized_loss"": 1.6590686787653364, ""fixed_profit_yen"": 42306.301655861185, ""base_take_profit_pct"": 0.02969572407514095, ""min_take_profit_pct"": 0.006003724852256036, ""exposure_tp_sensitivity"": 0.7551627577935421, ""vol_tp_multiplier"": 4.951608321631363}",1349313.5069799996,1833745.5291299368,530393.3466149429,438470.6976849315,0
2024-02-13,"{""base_buy_amount"": 995691.2489544553, ""max_daily_buy_amount"": 1566999.2935737127, ""score_threshold"": -0.7561539603169352, ""score_scale"": 3.5944927212474163, ""w_drawdown"": 3.5270318274200636, ""w_rsi"": 1.9392084758182486, ""w_ma_gap_25"": 3.204443172930797, ""w_ret_5"": 0.05363822487838121, ""w_trend"": -1.7456540483865512, ""w_vol"": 2.625441514836306, ""w_exposure"": 1.6375130425829587, ""w_unrealized_loss"": 1.6590686787653364, ""fixed_profit_yen"": 42306.301655861185, ""base_take_profit_pct"": 0.02969572407514095, ""min_take_profit_pct"": 0.006003724852256036, ""exposure_tp_sensitivity"": 0.7551627577935421, ""vol_tp_multiplier"": 4.951608321631363}",1349313.5069799996,1833745.5291299368,530393.3466149429,438470.6976849315,0
2024-02-20,"{""base_buy_amount"": 995691.2489544553, ""max_daily_buy_amount"": 1566999.2935737127, ""score_threshold"": -0.7561539603169352, ""score_scale"": 3.5944927212474163, ""w_drawdown"": 3.5270318274200636, ""w_rsi"": 1.9392084758182486, ""w_ma_gap_25"": 3.204443172930797, ""w_ret_5"": 0.05363822487838121, ""w_trend"": -1.7456540483865512, ""w_vol"": 2.625441514836306, ""w_exposure"": 1.6375130425829587, ""w_unrealized_loss"": 1.6590686787653364, ""fixed_profit_yen"": 42306.301655861185, ""base_take_profit_pct"": 0.02969572407514095, ""min_take_profit_pct"": 0.006003724852256036, ""exposure_tp_sensitivity"": 0.7551627577935421, ""vol_tp_multiplier"": 4.951608321631363}",1349313.5069799996,1833745.5291299368,530393.3466149429,438470.6976849315,0
2024-02-28,"{""base_buy_amount"": 654587.925002388, ""max_daily_buy_amount"": 1187584.984921411, ""score_threshold"": -1.4194789813398012, ""score_scale"": 4.757110041011428, ""w_drawdown"": 1.5067131625735897, ""w_rsi"": 2.8900860790377108, ""w_ma_gap_25"": 3.498879722945331, ""w_ret_5"": 3.2461657762265443, ""w_trend"": 2.643566458173111, ""w_vol"": 0.74219494960029, ""w_exposure"": 5.083527384469421, ""w_unrealized_loss"": 4.04034390740766, ""fixed_profit_yen"": 25285.93028568305, ""base_take_profit_pct"": 0.0053380907335368495, ""min_take_profit_pct"": 0.002206851488854888, ""exposure_tp_sensitivity"": 0.25026799120313165, ""vol_tp_multiplier"": 1.5235230188041564}",1362058.3460276977,2195587.4899656903,810854.0498896837,856204.2379863014,0
2024-03-06,"{""base_buy_amount"": 654587.925002388, ""max_daily_buy_amount"": 1187584.984921411, ""score_threshold"": -1.4194789813398012, ""score_scale"": 4.757110041011428, ""w_drawdown"": 1.5067131625735897, ""w_rsi"": 2.8900860790377108, ""w_ma_gap_25"": 3.498879722945331, ""w_ret_5"": 3.2461657762265443, ""w_trend"": 2.643566458173111, ""w_vol"": 0.74219494960029, ""w_exposure"": 5.083527384469421, ""w_unrealized_loss"": 4.04034390740766, ""fixed_profit_yen"": 25285.93028568305, ""base_take_profit_pct"": 0.0053380907335368495, ""min_take_profit_pct"": 0.002206851488854888, ""exposure_tp_sensitivity"": 0.25026799120313165, ""vol_tp_multiplier"": 1.5235230188041564}",1311341.6470114242,2144870.7909494163,810854.0498896828,856204.2379863014,0
2024-03-13,"{""base_buy_amount"": 654587.925002388, ""max_daily_buy_amount"": 1187584.984921411, ""score_threshold"": -1.4194789813398012, ""score_scale"": 4.757110041011428, ""w_drawdown"": 1.5067131625735897, ""w_rsi"": 2.8900860790377108, ""w_ma_gap_25"": 3.498879722945331, ""w_ret_5"": 3.2461657762265443, ""w_trend"": 2.643566458173111, ""w_vol"": 0.74219494960029, ""w_exposure"": 5.083527384469421, ""w_unrealized_loss"": 4.04034390740766, ""fixed_profit_yen"": 25285.93028568305, ""base_take_profit_pct"": 0.0053380907335368495, ""min_take_profit_pct"": 0.002206851488854888, ""exposure_tp_sensitivity"": 0.25026799120313165, ""vol_tp_multiplier"": 1.5235230188041564}",1186923.5813908866,2020452.7253288792,810854.0498896837,856204.2379863014,0
2024-03-21,"{""base_buy_amount"": 654587.925002388, ""max_daily_buy_amount"": 1187584.984921411, ""score_threshold"": -1.4194789813398012, ""score_scale"": 4.757110041011428, ""w_drawdown"": 1.5067131625735897, ""w_rsi"": 2.8900860790377108, ""w_ma_gap_25"": 3.498879722945331, ""w_ret_5"": 3.2461657762265443, ""w_trend"": 2.643566458173111, ""w_vol"": 0.74219494960029, ""w_exposure"": 5.083527384469421, ""w_unrealized_loss"": 4.04034390740766, ""fixed_profit_yen"": 25285.93028568305, ""base_take_profit_pct"": 0.0053380907335368495, ""min_take_profit_pct"": 0.002206851488854888, ""exposure_tp_sensitivity"": 0.25026799120313165, ""vol_tp_multiplier"": 1.5235230188041564}",1328704.0777612452,2162233.2216992374,810854.0498896828,856204.2379863014,0
2024-03-28,"{""base_buy_amount"": 654587.925002388, ""max_daily_buy_amount"": 1187584.984921411, ""score_threshold"": -1.4194789813398012, ""score_scale"": 4.757110041011428, ""w_drawdown"": 1.5067131625735897, ""w_rsi"": 2.8900860790377108, ""w_ma_gap_25"": 3.498879722945331, ""w_ret_5"": 3.2461657762265443, ""w_trend"": 2.643566458173111, ""w_vol"": 0.74219494960029, ""w_exposure"": 5.083527384469421, ""w_unrealized_loss"": 4.04034390740766, ""fixed_profit_yen"": 25285.93028568305, ""base_take_profit_pct"": 0.0053380907335368495, ""min_take_profit_pct"": 0.002206851488854888, ""exposure_tp_sensitivity"": 0.25026799120313165, ""vol_tp_multiplier"": 1.5235230188041564}",1331534.0484963788,2165063.1924343714,810854.0498896837,856204.2379863014,0
2024-04-04,"{""base_buy_amount"": 654587.925002388, ""max_daily_buy_amount"": 1187584.984921411, ""score_threshold"": -1.4194789813398012, ""score_scale"": 4.757110041011428, ""w_drawdown"": 1.5067131625735897, ""w_rsi"": 2.8900860790377108, ""w_ma_gap_25"": 3.498879722945331, ""w_ret_5"": 3.2461657762265443, ""w_trend"": 2.643566458173111, ""w_vol"": 0.74219494960029, ""w_exposure"": 5.083527384469421, ""w_unrealized_loss"": 4.04034390740766, ""fixed_profit_yen"": 25285.93028568305, ""base_take_profit_pct"": 0.0053380907335368495, ""min_take_profit_pct"": 0.002206851488854888, ""exposure_tp_sensitivity"": 0.25026799120313165, ""vol_tp_multiplier"": 1.5235230188041564}",1115659.1425346644,1949188.286472657,810854.0498896837,856204.2379863014,0
2024-04-11,"{""base_buy_amount"": 654587.925002388, ""max_daily_buy_amount"": 1187584.984921411, ""score_threshold"": -1.4194789813398012, ""score_scale"": 4.757110041011428, ""w_drawdown"": 1.5067131625735897, ""w_rsi"": 2.8900860790377108, ""w_ma_gap_25"": 3.498879722945331, ""w_ret_5"": 3.2461657762265443, ""w_trend"": 2.643566458173111, ""w_vol"": 0.74219494960029, ""w_exposure"": 5.083527384469421, ""w_unrealized_loss"": 4.04034390740766, ""fixed_profit_yen"": 25285.93028568305, ""base_take_profit_pct"": 0.0053380907335368495, ""min_take_profit_pct"": 0.002206851488854888, ""exposure_tp_sensitivity"": 0.25026799120313165, ""vol_tp_multiplier"": 1.5235230188041564}",1088214.6363016523,1921743.780239645,810854.0498896837,856204.2379863014,0
2024-04-19,"{""base_buy_amount"": 995691.2489544553, ""max_daily_buy_amount"": 1566999.2935737127, ""score_threshold"": -0.7561539603169352, ""score_scale"": 3.5944927212474163, ""w_drawdown"": 3.5270318274200636, ""w_rsi"": 1.9392084758182486, ""w_ma_gap_25"": 3.204443172930797, ""w_ret_5"": 0.05363822487838121, ""w_trend"": -1.7456540483865512, ""w_vol"": 2.625441514836306, ""w_exposure"": 1.6375130425829587, ""w_unrealized_loss"": 1.6590686787653364, ""fixed_profit_yen"": 42306.301655861185, ""base_take_profit_pct"": 0.02969572407514095, ""min_take_profit_pct"": 0.006003724852256036, ""exposure_tp_sensitivity"": 0.7551627577935421, ""vol_tp_multiplier"": 4.951608321631363}",626013.9292059965,1110445.9513559332,530393.346614942,438470.6976849315,0
2024-04-26,"{""base_buy_amount"": 995691.2489544553, ""max_daily_buy_amount"": 1566999.2935737127, ""score_threshold"": -0.7561539603169352, ""score_scale"": 3.5944927212474163, ""w_drawdown"": 3.5270318274200636, ""w_rsi"": 1.9392084758182486, ""w_ma_gap_25"": 3.204443172930797, ""w_ret_5"": 0.05363822487838121, ""w_trend"": -1.7456540483865512, ""w_vol"": 2.625441514836306, ""w_exposure"": 1.6375130425829587, ""w_unrealized_loss"": 1.6590686787653364, ""fixed_profit_yen"": 42306.301655861185, ""base_take_profit_pct"": 0.02969572407514095, ""min_take_profit_pct"": 0.006003724852256036, ""exposure_tp_sensitivity"": 0.7551627577935421, ""vol_tp_multiplier"": 4.951608321631363}",577173.8823072431,1061605.9044571798,530393.346614942,438470.6976849315,0
2024-05-08,"{""base_buy_amount"": 995691.2489544553, ""max_daily_buy_amount"": 1566999.2935737127, ""score_threshold"": -0.7561539603169352, ""score_scale"": 3.5944927212474163, ""w_drawdown"": 3.5270318274200636, ""w_rsi"": 1.9392084758182486, ""w_ma_gap_25"": 3.204443172930797, ""w_ret_5"": 0.05363822487838121, ""w_trend"": -1.7456540483865512, ""w_vol"": 2.625441514836306, ""w_exposure"": 1.6375130425829587, ""w_unrealized_loss"": 1.6590686787653364, ""fixed_profit_yen"": 42306.301655861185, ""base_take_profit_pct"": 0.02969572407514095, ""min_take_profit_pct"": 0.006003724852256036, ""exposure_tp_sensitivity"": 0.7551627577935421, ""vol_tp_multiplier"": 4.951608321631363}",905256.9092935445,1389688.9314434812,530393.346614942,438470.6976849315,0
2024-05-15,"{""base_buy_amount"": 995691.2489544553, ""max_daily_buy_amount"": 1566999.2935737127, ""score_threshold"": -0.7561539603169352, ""score_scale"": 3.5944927212474163, ""w_drawdown"": 3.5270318274200636, ""w_rsi"": 1.9392084758182486, ""w_ma_gap_25"": 3.204443172930797, ""w_ret_5"": 0.05363822487838121, ""w_trend"": -1.7456540483865512, ""w_vol"": 2.625441514836306, ""w_exposure"": 1.6375130425829587, ""w_unrealized_loss"": 1.6590686787653364, ""fixed_profit_yen"": 42306.301655861185, ""base_take_profit_pct"": 0.02969572407514095, ""min_take_profit_pct"": 0.006003724852256036, ""exposure_tp_sensitivity"": 0.7551627577935421, ""vol_tp_multiplier"": 4.951608321631363}",796425.3756364437,1280857.3977863805,530393.346614942,438470.6976849315,0
2024-05-22,"{""base_buy_amount"": 995691.2489544553, ""max_daily_buy_amount"": 1566999.2935737127, ""score_threshold"": -0.7561539603169352, ""score_scale"": 3.5944927212474163, ""w_drawdown"": 3.5270318274200636, ""w_rsi"": 1.9392084758182486, ""w_ma_gap_25"": 3.204443172930797, ""w_ret_5"": 0.05363822487838121, ""w_trend"": -1.7456540483865512, ""w_vol"": 2.625441514836306, ""w_exposure"": 1.6375130425829587, ""w_unrealized_loss"": 1.6590686787653364, ""fixed_profit_yen"": 42306.301655861185, ""base_take_profit_pct"": 0.02969572407514095, ""min_take_profit_pct"": 0.006003724852256036, ""exposure_tp_sensitivity"": 0.7551627577935421, ""vol_tp_multiplier"": 4.951608321631363}",867627.414992115,1352059.4371420518,530393.346614942,438470.6976849315,0
2024-05-29,"{""base_buy_amount"": 995691.2489544553, ""max_daily_buy_amount"": 1566999.2935737127, ""score_threshold"": -0.7561539603169352, ""score_scale"": 3.5944927212474163, ""w_drawdown"": 3.5270318274200636, ""w_rsi"": 1.9392084758182486, ""w_ma_gap_25"": 3.204443172930797, ""w_ret_5"": 0.05363822487838121, ""w_trend"": -1.7456540483865512, ""w_vol"": 2.625441514836306, ""w_exposure"": 1.6375130425829587, ""w_unrealized_loss"": 1.6590686787653364, ""fixed_profit_yen"": 42306.301655861185, ""base_take_profit_pct"": 0.02969572407514095, ""min_take_profit_pct"": 0.006003724852256036, ""exposure_tp_sensitivity"": 0.7551627577935421, ""vol_tp_multiplier"": 4.951608321631363}",861514.9473756766,1345946.9695256134,530393.346614942,438470.6976849315,0
2024-06-05,"{""base_buy_amount"": 995691.2489544553, ""max_daily_buy_amount"": 1566999.2935737127, ""score_threshold"": -0.7561539603169352, ""score_scale"": 3.5944927212474163, ""w_drawdown"": 3.5270318274200636, ""w_rsi"": 1.9392084758182486, ""w_ma_gap_25"": 3.204443172930797, ""w_ret_5"": 0.05363822487838121, ""w_trend"": -1.7456540483865512, ""w_vol"": 2.625441514836306, ""w_exposure"": 1.6375130425829587, ""w_unrealized_loss"": 1.6590686787653364, ""fixed_profit_yen"": 42306.301655861185, ""base_take_profit_pct"": 0.02969572407514095, ""min_take_profit_pct"": 0.006003724852256036, ""exposure_tp_sensitivity"": 0.7551627577935421, ""vol_tp_multiplier"": 4.951608321631363}",870304.825512663,1354736.8476625998,530393.346614942,438470.6976849315,0
2024-06-12,"{""base_buy_amount"": 995691.2489544553, ""max_daily_buy_amount"": 1566999.2935737127, ""score_threshold"": -0.7561539603169352, ""score_scale"": 3.5944927212474163, ""w_drawdown"": 3.5270318274200636, ""w_rsi"": 1.9392084758182486, ""w_ma_gap_25"": 3.204443172930797, ""w_ret_5"": 0.05363822487838121, ""w_trend"": -1.7456540483865512, ""w_vol"": 2.625441514836306, ""w_exposure"": 1.6375130425829587, ""w_unrealized_loss"": 1.6590686787653364, ""fixed_profit_yen"": 42306.301655861185, ""base_take_profit_pct"": 0.02969572407514095, ""min_take_profit_pct"": 0.006003724852256036, ""exposure_tp_sensitivity"": 0.7551627577935421, ""vol_tp_multiplier"": 4.951608321631363}",891013.2172934848,1375445.2394434216,530393.346614942,438470.6976849315,0
2024-06-19,"{""base_buy_amount"": 995691.2489544553, ""max_daily_buy_amount"": 1566999.2935737127, ""score_threshold"": -0.7561539603169352, ""score_scale"": 3.5944927212474163, ""w_drawdown"": 3.5270318274200636, ""w_rsi"": 1.9392084758182486, ""w_ma_gap_25"": 3.204443172930797, ""w_ret_5"": 0.05363822487838121, ""w_trend"": -1.7456540483865512, ""w_vol"": 2.625441514836306, ""w_exposure"": 1.6375130425829587, ""w_unrealized_loss"": 1.6590686787653364, ""fixed_profit_yen"": 42306.301655861185, ""base_take_profit_pct"": 0.02969572407514095, ""min_take_profit_pct"": 0.006003724852256036, ""exposure_tp_sensitivity"": 0.7551627577935421, ""vol_tp_multiplier"": 4.951608321631363}",836137.1105537589,1320569.1327036957,530393.346614942,438470.6976849315,0
2024-06-26,"{""base_buy_amount"": 995691.2489544553, ""max_daily_buy_amount"": 1566999.2935737127, ""score_threshold"": -0.7561539603169352, ""score_scale"": 3.5944927212474163, ""w_drawdown"": 3.5270318274200636, ""w_rsi"": 1.9392084758182486, ""w_ma_gap_25"": 3.204443172930797, ""w_ret_5"": 0.05363822487838121, ""w_trend"": -1.7456540483865512, ""w_vol"": 2.625441514836306, ""w_exposure"": 1.6375130425829587, ""w_unrealized_loss"": 1.6590686787653364, ""fixed_profit_yen"": 42306.301655861185, ""base_take_profit_pct"": 0.02969572407514095, ""min_take_profit_pct"": 0.006003724852256036, ""exposure_tp_sensitivity"": 0.7551627577935421, ""vol_tp_multiplier"": 4.951608321631363}",670391.6429236219,1404823.6650735587,530393.346614942,438470.6976849315,0
2024-07-03,"{""base_buy_amount"": 811407.7203164445, ""max_daily_buy_amount"": 553250.3591920381, ""score_threshold"": 1.3976353716922918, ""score_scale"": 0.7575437306896717, ""w_drawdown"": 4.004819268208381, ""w_rsi"": 4.638977150861402, ""w_ma_gap_25"": 3.8605419955219027, ""w_ret_5"": 3.4906039198931857, ""w_trend"": 2.0278813119322985, ""w_vol"": 0.2007564977353321, ""w_exposure"": 2.017821107190554, ""w_unrealized_loss"": 1.2492367930564308, ""fixed_profit_yen"": 26712.95653907037, ""base_take_profit_pct"": 0.022865267593207644, ""min_take_profit_pct"": 0.006670106601187589, ""exposure_tp_sensitivity"": 0.7660179897857415, ""vol_tp_multiplier"": 0.7760649622054544}",873930.560851668,1716794.4730446525,858830.9301530924,826896.8942328765,0
2024-07-10,"{""base_buy_amount"": 811407.7203164445, ""max_daily_buy_amount"": 553250.3591920381, ""score_threshold"": 1.3976353716922918, ""score_scale"": 0.7575437306896717, ""w_drawdown"": 4.004819268208381, ""w_rsi"": 4.638977150861402, ""w_ma_gap_25"": 3.8605419955219027, ""w_ret_5"": 3.4906039198931857, ""w_trend"": 2.0278813119322985, ""w_vol"": 0.2007564977353321, ""w_exposure"": 2.017821107190554, ""w_unrealized_loss"": 1.2492367930564308, ""fixed_profit_yen"": 26712.95653907037, ""base_take_profit_pct"": 0.022865267593207644, ""min_take_profit_pct"": 0.006670106601187589, ""exposure_tp_sensitivity"": 0.7660179897857415, ""vol_tp_multiplier"": 0.7760649622054544}",1017100.1549520071,1859964.0671449916,858830.9301530924,826896.8942328765,0
2024-07-18,"{""base_buy_amount"": 811407.7203164445, ""max_daily_buy_amount"": 553250.3591920381, ""score_threshold"": 1.3976353716922918, ""score_scale"": 0.7575437306896717, ""w_drawdown"": 4.004819268208381, ""w_rsi"": 4.638977150861402, ""w_ma_gap_25"": 3.8605419955219027, ""w_ret_5"": 3.4906039198931857, ""w_trend"": 2.0278813119322985, ""w_vol"": 0.2007564977353321, ""w_exposure"": 2.017821107190554, ""w_unrealized_loss"": 1.2492367930564308, ""fixed_profit_yen"": 26712.95653907037, ""base_take_profit_pct"": 0.022865267593207644, ""min_take_profit_pct"": 0.006670106601187589, ""exposure_tp_sensitivity"": 0.7660179897857415, ""vol_tp_multiplier"": 0.7760649622054544}",986769.5432706394,1829633.4554636239,858830.9301530924,826896.8942328765,0
2024-07-25,"{""base_buy_amount"": 811407.7203164445, ""max_daily_buy_amount"": 553250.3591920381, ""score_threshold"": 1.3976353716922918, ""score_scale"": 0.7575437306896717, ""w_drawdown"": 4.004819268208381, ""w_rsi"": 4.638977150861402, ""w_ma_gap_25"": 3.8605419955219027, ""w_ret_5"": 3.4906039198931857, ""w_trend"": 2.0278813119322985, ""w_vol"": 0.2007564977353321, ""w_exposure"": 2.017821107190554, ""w_unrealized_loss"": 1.2492367930564308, ""fixed_profit_yen"": 26712.95653907037, ""base_take_profit_pct"": 0.022865267593207644, ""min_take_profit_pct"": 0.006670106601187589, ""exposure_tp_sensitivity"": 0.7660179897857415, ""vol_tp_multiplier"": 0.7760649622054544}",823483.3975642999,1666347.3097572844,858830.9301530924,826896.8942328765,0
2024-08-01,"{""base_buy_amount"": 995691.2489544553, ""max_daily_buy_amount"": 1566999.2935737127, ""score_threshold"": -0.7561539603169352, ""score_scale"": 3.5944927212474163, ""w_drawdown"": 3.5270318274200636, ""w_rsi"": 1.9392084758182486, ""w_ma_gap_25"": 3.204443172930797, ""w_ret_5"": 0.05363822487838121, ""w_trend"": -1.7456540483865512, ""w_vol"": 2.625441514836306, ""w_exposure"": 1.6375130425829587, ""w_unrealized_loss"": 1.6590686787653364, ""fixed_profit_yen"": 42306.301655861185, ""base_take_profit_pct"": 0.02969572407514095, ""min_take_profit_pct"": 0.006003724852256036, ""exposure_tp_sensitivity"": 0.7551627577935421, ""vol_tp_multiplier"": 4.951608321631363}",920447.3100320997,1654063.4026029175,480254.97075807396,386977.2143835616,0
2024-08-08,"{""base_buy_amount"": 995691.2489544553, ""max_daily_buy_amount"": 1566999.2935737127, ""score_threshold"": -0.7561539603169352, ""score_scale"": 3.5944927212474163, ""w_drawdown"": 3.5270318274200636, ""w_rsi"": 1.9392084758182486, ""w_ma_gap_25"": 3.204443172930797, ""w_ret_5"": 0.05363822487838121, ""w_trend"": -1.7456540483865512, ""w_vol"": 2.625441514836306, ""w_exposure"": 1.6375130425829587, ""w_unrealized_loss"": 1.6590686787653364, ""fixed_profit_yen"": 42306.301655861185, ""base_take_profit_pct"": 0.02969572407514095, ""min_take_profit_pct"": 0.006003724852256036, ""exposure_tp_sensitivity"": 0.7551627577935421, ""vol_tp_multiplier"": 4.951608321631363}",151536.5731462927,1299986.127161515,930376.8815920884,766522.2264383561,0
2024-08-16,"{""base_buy_amount"": 995691.2489544553, ""max_daily_buy_amount"": 1566999.2935737127, ""score_threshold"": -0.7561539603169352, ""score_scale"": 3.5944927212474163, ""w_drawdown"": 3.5270318274200636, ""w_rsi"": 1.9392084758182486, ""w_ma_gap_25"": 3.204443172930797, ""w_ret_5"": 0.05363822487838121, ""w_trend"": -1.7456540483865512, ""w_vol"": 2.625441514836306, ""w_exposure"": 1.6375130425829587, ""w_unrealized_loss"": 1.6590686787653364, ""fixed_profit_yen"": 42306.301655861185, ""base_take_profit_pct"": 0.02969572407514095, ""min_take_profit_pct"": 0.006003724852256036, ""exposure_tp_sensitivity"": 0.7551627577935421, ""vol_tp_multiplier"": 4.951608321631363}",457388.7194858091,1605838.2735010309,930376.8815920874,766522.2264383561,0
2024-08-23,"{""base_buy_amount"": 995691.2489544553, ""max_daily_buy_amount"": 1566999.2935737127, ""score_threshold"": -0.7561539603169352, ""score_scale"": 3.5944927212474163, ""w_drawdown"": 3.5270318274200636, ""w_rsi"": 1.9392084758182486, ""w_ma_gap_25"": 3.204443172930797, ""w_ret_5"": 0.05363822487838121, ""w_trend"": -1.7456540483865512, ""w_vol"": 2.625441514836306, ""w_exposure"": 1.6375130425829587, ""w_unrealized_loss"": 1.6590686787653364, ""fixed_profit_yen"": 42306.301655861185, ""base_take_profit_pct"": 0.02969572407514095, ""min_take_profit_pct"": 0.006003724852256036, ""exposure_tp_sensitivity"": 0.7551627577935421, ""vol_tp_multiplier"": 4.951608321631363}",692349.784549128,1840799.3385643498,930376.8815920874,766522.2264383561,0
2024-08-30,"{""base_buy_amount"": 995691.2489544553, ""max_daily_buy_amount"": 1566999.2935737127, ""score_threshold"": -0.7561539603169352, ""score_scale"": 3.5944927212474163, ""w_drawdown"": 3.5270318274200636, ""w_rsi"": 1.9392084758182486, ""w_ma_gap_25"": 3.204443172930797, ""w_ret_5"": 0.05363822487838121, ""w_trend"": -1.7456540483865512, ""w_vol"": 2.625441514836306, ""w_exposure"": 1.6375130425829587, ""w_unrealized_loss"": 1.6590686787653364, ""fixed_profit_yen"": 42306.301655861185, ""base_take_profit_pct"": 0.02969572407514095, ""min_take_profit_pct"": 0.006003724852256036, ""exposure_tp_sensitivity"": 0.7551627577935421, ""vol_tp_multiplier"": 4.951608321631363}",634294.9593525766,1782744.5133677984,930376.8815920874,766522.2264383561,0
2024-09-06,"{""base_buy_amount"": 995691.2489544553, ""max_daily_buy_amount"": 1566999.2935737127, ""score_threshold"": -0.7561539603169352, ""score_scale"": 3.5944927212474163, ""w_drawdown"": 3.5270318274200636, ""w_rsi"": 1.9392084758182486, ""w_ma_gap_25"": 3.204443172930797, ""w_ret_5"": 0.05363822487838121, ""w_trend"": -1.7456540483865512, ""w_vol"": 2.625441514836306, ""w_exposure"": 1.6375130425829587, ""w_unrealized_loss"": 1.6590686787653364, ""fixed_profit_yen"": 42306.301655861185, ""base_take_profit_pct"": 0.02969572407514095, ""min_take_profit_pct"": 0.006003724852256036, ""exposure_tp_sensitivity"": 0.7551627577935421, ""vol_tp_multiplier"": 4.951608321631363}",413539.7745752083,1561989.32859043,930376.8815920874,766522.2264383561,0
2024-09-13,"{""base_buy_amount"": 995691.2489544553, ""max_daily_buy_amount"": 1566999.2935737127, ""score_threshold"": -0.7561539603169352, ""score_scale"": 3.5944927212474163, ""w_drawdown"": 3.5270318274200636, ""w_rsi"": 1.9392084758182486, ""w_ma_gap_25"": 3.204443172930797, ""w_ret_5"": 0.05363822487838121, ""w_trend"": -1.7456540483865512, ""w_vol"": 2.625441514836306, ""w_exposure"": 1.6375130425829587, ""w_unrealized_loss"": 1.6590686787653364, ""fixed_profit_yen"": 42306.301655861185, ""base_take_profit_pct"": 0.02969572407514095, ""min_take_profit_pct"": 0.006003724852256036, ""exposure_tp_sensitivity"": 0.7551627577935421, ""vol_tp_multiplier"": 4.951608321631363}",559175.3658443016,1707624.9198595234,930376.8815920874,766522.2264383561,0
2024-09-24,"{""base_buy_amount"": 995691.2489544553, ""max_daily_buy_amount"": 1566999.2935737127, ""score_threshold"": -0.7561539603169352, ""score_scale"": 3.5944927212474163, ""w_drawdown"": 3.5270318274200636, ""w_rsi"": 1.9392084758182486, ""w_ma_gap_25"": 3.204443172930797, ""w_ret_5"": 0.05363822487838121, ""w_trend"": -1.7456540483865512, ""w_vol"": 2.625441514836306, ""w_exposure"": 1.6375130425829587, ""w_unrealized_loss"": 1.6590686787653364, ""fixed_profit_yen"": 42306.301655861185, ""base_take_profit_pct"": 0.02969572407514095, ""min_take_profit_pct"": 0.006003724852256036, ""exposure_tp_sensitivity"": 0.7551627577935421, ""vol_tp_multiplier"": 4.951608321631363}",988941.1031094592,2137390.657124681,930376.8815920874,766522.2264383561,0
2024-10-01,"{""base_buy_amount"": 995691.2489544553, ""max_daily_buy_amount"": 1566999.2935737127, ""score_threshold"": -0.7561539603169352, ""score_scale"": 3.5944927212474163, ""w_drawdown"": 3.5270318274200636, ""w_rsi"": 1.9392084758182486, ""w_ma_gap_25"": 3.204443172930797, ""w_ret_5"": 0.05363822487838121, ""w_trend"": -1.7456540483865512, ""w_vol"": 2.625441514836306, ""w_exposure"": 1.6375130425829587, ""w_unrealized_loss"": 1.6590686787653364, ""fixed_profit_yen"": 42306.301655861185, ""base_take_profit_pct"": 0.02969572407514095, ""min_take_profit_pct"": 0.006003724852256036, ""exposure_tp_sensitivity"": 0.7551627577935421, ""vol_tp_multiplier"": 4.951608321631363}",1204927.158027216,2353376.712042438,930376.8815920874,766522.2264383561,0
2024-10-08,"{""base_buy_amount"": 995691.2489544553, ""max_daily_buy_amount"": 1566999.2935737127, ""score_threshold"": -0.7561539603169352, ""score_scale"": 3.5944927212474163, ""w_drawdown"": 3.5270318274200636, ""w_rsi"": 1.9392084758182486, ""w_ma_gap_25"": 3.204443172930797, ""w_ret_5"": 0.05363822487838121, ""w_trend"": -1.7456540483865512, ""w_vol"": 2.625441514836306, ""w_exposure"": 1.6375130425829587, ""w_unrealized_loss"": 1.6590686787653364, ""fixed_profit_yen"": 42306.301655861185, ""base_take_profit_pct"": 0.02969572407514095, ""min_take_profit_pct"": 0.006003724852256036, ""exposure_tp_sensitivity"": 0.7551627577935421, ""vol_tp_multiplier"": 4.951608321631363}",1289504.9079294906,2437954.4619447123,930376.8815920874,766522.2264383561,0
2024-10-16,"{""base_buy_amount"": 995691.2489544553, ""max_daily_buy_amount"": 1566999.2935737127, ""score_threshold"": -0.7561539603169352, ""score_scale"": 3.5944927212474163, ""w_drawdown"": 3.5270318274200636, ""w_rsi"": 1.9392084758182486, ""w_ma_gap_25"": 3.204443172930797, ""w_ret_5"": 0.05363822487838121, ""w_trend"": -1.7456540483865512, ""w_vol"": 2.625441514836306, ""w_exposure"": 1.6375130425829587, ""w_unrealized_loss"": 1.6590686787653364, ""fixed_profit_yen"": 42306.301655861185, ""base_take_profit_pct"": 0.02969572407514095, ""min_take_profit_pct"": 0.006003724852256036, ""exposure_tp_sensitivity"": 0.7551627577935421, ""vol_tp_multiplier"": 4.951608321631363}",1053169.4772012366,2351619.0312164584,930376.8815920874,766522.2264383561,0
2024-10-23,"{""base_buy_amount"": 995691.2489544553, ""max_daily_buy_amount"": 1566999.2935737127, ""score_threshold"": -0.7561539603169352, ""score_scale"": 3.5944927212474163, ""w_drawdown"": 3.5270318274200636, ""w_rsi"": 1.9392084758182486, ""w_ma_gap_25"": 3.204443172930797, ""w_ret_5"": 0.05363822487838121, ""w_trend"": -1.7456540483865512, ""w_vol"": 2.625441514836306, ""w_exposure"": 1.6375130425829587, ""w_unrealized_loss"": 1.6590686787653364, ""fixed_profit_yen"": 42306.301655861185, ""base_take_profit_pct"": 0.02969572407514095, ""min_take_profit_pct"": 0.006003724852256036, ""exposure_tp_sensitivity"": 0.7551627577935421, ""vol_tp_multiplier"": 4.951608321631363}",949426.9440906921,2097876.4981059143,930376.8815920884,766522.2264383561,0
2024-10-30,"{""base_buy_amount"": 995691.2489544553, ""max_daily_buy_amount"": 1566999.2935737127, ""score_threshold"": -0.7561539603169352, ""score_scale"": 3.5944927212474163, ""w_drawdown"": 3.5270318274200636, ""w_rsi"": 1.9392084758182486, ""w_ma_gap_25"": 3.204443172930797, ""w_ret_5"": 0.05363822487838121, ""w_trend"": -1.7456540483865512, ""w_vol"": 2.625441514836306, ""w_exposure"": 1.6375130425829587, ""w_unrealized_loss"": 1.6590686787653364, ""fixed_profit_yen"": 42306.301655861185, ""base_take_profit_pct"": 0.02969572407514095, ""min_take_profit_pct"": 0.006003724852256036, ""exposure_tp_sensitivity"": 0.7551627577935421, ""vol_tp_multiplier"": 4.951608321631363}",1014360.9825854122,2162810.536600634,930376.8815920874,766522.2264383561,0
2024-11-07,"{""base_buy_amount"": 995691.2489544553, ""max_daily_buy_amount"": 1566999.2935737127, ""score_threshold"": -0.7561539603169352, ""score_scale"": 3.5944927212474163, ""w_drawdown"": 3.5270318274200636, ""w_rsi"": 1.9392084758182486, ""w_ma_gap_25"": 3.204443172930797, ""w_ret_5"": 0.05363822487838121, ""w_trend"": -1.7456540483865512, ""w_vol"": 2.625441514836306, ""w_exposure"": 1.6375130425829587, ""w_unrealized_loss"": 1.6590686787653364, ""fixed_profit_yen"": 42306.301655861185, ""base_take_profit_pct"": 0.02969572407514095, ""min_take_profit_pct"": 0.006003724852256036, ""exposure_tp_sensitivity"": 0.7551627577935421, ""vol_tp_multiplier"": 4.951608321631363}",904077.6707990873,2052527.224814309,930376.8815920874,766522.2264383561,0
2024-11-14,"{""base_buy_amount"": 995691.2489544553, ""max_daily_buy_amount"": 1566999.2935737127, ""score_threshold"": -0.7561539603169352, ""score_scale"": 3.5944927212474163, ""w_drawdown"": 3.5270318274200636, ""w_rsi"": 1.9392084758182486, ""w_ma_gap_25"": 3.204443172930797, ""w_ret_5"": 0.05363822487838121, ""w_trend"": -1.7456540483865512, ""w_vol"": 2.625441514836306, ""w_exposure"": 1.6375130425829587, ""w_unrealized_loss"": 1.6590686787653364, ""fixed_profit_yen"": 42306.301655861185, ""base_take_profit_pct"": 0.02969572407514095, ""min_take_profit_pct"": 0.006003724852256036, ""exposure_tp_sensitivity"": 0.7551627577935421, ""vol_tp_multiplier"": 4.951608321631363}",570569.822788686,1719019.3768039083,930376.8815920884,766522.2264383561,0
2024-11-21,"{""base_buy_amount"": 995691.2489544553, ""max_daily_buy_amount"": 1566999.2935737127, ""score_threshold"": -0.7561539603169352, ""score_scale"": 3.5944927212474163, ""w_drawdown"": 3.5270318274200636, ""w_rsi"": 1.9392084758182486, ""w_ma_gap_25"": 3.204443172930797, ""w_ret_5"": 0.05363822487838121, ""w_trend"": -1.7456540483865512, ""w_vol"": 2.625441514836306, ""w_exposure"": 1.6375130425829587, ""w_unrealized_loss"": 1.6590686787653364, ""fixed_profit_yen"": 42306.301655861185, ""base_take_profit_pct"": 0.02969572407514095, ""min_take_profit_pct"": 0.006003724852256036, ""exposure_tp_sensitivity"": 0.7551627577935421, ""vol_tp_multiplier"": 4.951608321631363}",497769.0643640286,1646218.6183792509,930376.8815920884,766522.2264383561,0
2024-11-28,"{""base_buy_amount"": 995691.2489544553, ""max_daily_buy_amount"": 1566999.2935737127, ""score_threshold"": -0.7561539603169352, ""score_scale"": 3.5944927212474163, ""w_drawdown"": 3.5270318274200636, ""w_rsi"": 1.9392084758182486, ""w_ma_gap_25"": 3.204443172930797, ""w_ret_5"": 0.05363822487838121, ""w_trend"": -1.7456540483865512, ""w_vol"": 2.625441514836306, ""w_exposure"": 1.6375130425829587, ""w_unrealized_loss"": 1.6590686787653364, ""fixed_profit_yen"": 42306.301655861185, ""base_take_profit_pct"": 0.02969572407514095, ""min_take_profit_pct"": 0.006003724852256036, ""exposure_tp_sensitivity"": 0.7551627577935421, ""vol_tp_multiplier"": 4.951608321631363}",380620.9035010149,1529070.4575162372,930376.8815920884,766522.2264383561,0
2024-12-05,"{""base_buy_amount"": 995691.2489544553, ""max_daily_buy_amount"": 1566999.2935737127, ""score_threshold"": -0.7561539603169352, ""score_scale"": 3.5944927212474163, ""w_drawdown"": 3.5270318274200636, ""w_rsi"": 1.9392084758182486, ""w_ma_gap_25"": 3.204443172930797, ""w_ret_5"": 0.05363822487838121, ""w_trend"": -1.7456540483865512, ""w_vol"": 2.625441514836306, ""w_exposure"": 1.6375130425829587, ""w_unrealized_loss"": 1.6590686787653364, ""fixed_profit_yen"": 42306.301655861185, ""base_take_profit_pct"": 0.02969572407514095, ""min_take_profit_pct"": 0.006003724852256036, ""exposure_tp_sensitivity"": 0.7551627577935421, ""vol_tp_multiplier"": 4.951608321631363}",917280.1592193977,2065729.71323462,930376.8815920884,766522.2264383561,0
2024-12-12,"{""base_buy_amount"": 995691.2489544553, ""max_daily_buy_amount"": 1566999.2935737127, ""score_threshold"": -0.7561539603169352, ""score_scale"": 3.5944927212474163, ""w_drawdown"": 3.5270318274200636, ""w_rsi"": 1.9392084758182486, ""w_ma_gap_25"": 3.204443172930797, ""w_ret_5"": 0.05363822487838121, ""w_trend"": -1.7456540483865512, ""w_vol"": 2.625441514836306, ""w_exposure"": 1.6375130425829587, ""w_unrealized_loss"": 1.6590686787653364, ""fixed_profit_yen"": 42306.301655861185, ""base_take_profit_pct"": 0.02969572407514095, ""min_take_profit_pct"": 0.006003724852256036, ""exposure_tp_sensitivity"": 0.7551627577935421, ""vol_tp_multiplier"": 4.951608321631363}",953405.5458965723,2101855.0999117945,930376.8815920884,766522.2264383561,0
2024-12-19,"{""base_buy_amount"": 995691.2489544553, ""max_daily_buy_amount"": 1566999.2935737127, ""score_threshold"": -0.7561539603169352, ""score_scale"": 3.5944927212474163, ""w_drawdown"": 3.5270318274200636, ""w_rsi"": 1.9392084758182486, ""w_ma_gap_25"": 3.204443172930797, ""w_ret_5"": 0.05363822487838121, ""w_trend"": -1.7456540483865512, ""w_vol"": 2.625441514836306, ""w_exposure"": 1.6375130425829587, ""w_unrealized_loss"": 1.6590686787653364, ""fixed_profit_yen"": 42306.301655861185, ""base_take_profit_pct"": 0.02969572407514095, ""min_take_profit_pct"": 0.006003724852256036, ""exposure_tp_sensitivity"": 0.7551627577935421, ""vol_tp_multiplier"": 4.951608321631363}",935215.9070869978,2083665.46110222,930376.8815920884,766522.2264383561,0
2024-12-26,"{""base_buy_amount"": 995691.2489544553, ""max_daily_buy_amount"": 1566999.2935737127, ""score_threshold"": -0.7561539603169352, ""score_scale"": 3.5944927212474163, ""w_drawdown"": 3.5270318274200636, ""w_rsi"": 1.9392084758182486, ""w_ma_gap_25"": 3.204443172930797, ""w_ret_5"": 0.05363822487838121, ""w_trend"": -1.7456540483865512, ""w_vol"": 2.625441514836306, ""w_exposure"": 1.6375130425829587, ""w_unrealized_loss"": 1.6590686787653364, ""fixed_profit_yen"": 42306.301655861185, ""base_take_profit_pct"": 0.02969572407514095, ""min_take_profit_pct"": 0.006003724852256036, ""exposure_tp_sensitivity"": 0.7551627577935421, ""vol_tp_multiplier"": 4.951608321631363}",880768.9381414803,2029218.492156702,930376.8815920874,766522.2264383561,0
2025-01-08,"{""base_buy_amount"": 995691.2489544553, ""max_daily_buy_amount"": 1566999.2935737127, ""score_threshold"": -0.7561539603169352, ""score_scale"": 3.5944927212474163, ""w_drawdown"": 3.5270318274200636, ""w_rsi"": 1.9392084758182486, ""w_ma_gap_25"": 3.204443172930797, ""w_ret_5"": 0.05363822487838121, ""w_trend"": -1.7456540483865512, ""w_vol"": 2.625441514836306, ""w_exposure"": 1.6375130425829587, ""w_unrealized_loss"": 1.6590686787653364, ""fixed_profit_yen"": 42306.301655861185, ""base_take_profit_pct"": 0.02969572407514095, ""min_take_profit_pct"": 0.006003724852256036, ""exposure_tp_sensitivity"": 0.7551627577935421, ""vol_tp_multiplier"": 4.951608321631363}",1068647.5332570497,2217097.087272272,930376.8815920884,766522.2264383561,0
2025-01-16,"{""base_buy_amount"": 995691.2489544553, ""max_daily_buy_amount"": 1566999.2935737127, ""score_threshold"": -0.7561539603169352, ""score_scale"": 3.5944927212474163, ""w_drawdown"": 3.5270318274200636, ""w_rsi"": 1.9392084758182486, ""w_ma_gap_25"": 3.204443172930797, ""w_ret_5"": 0.05363822487838121, ""w_trend"": -1.7456540483865512, ""w_vol"": 2.625441514836306, ""w_exposure"": 1.6375130425829587, ""w_unrealized_loss"": 1.6590686787653364, ""fixed_profit_yen"": 42306.301655861185, ""base_take_profit_pct"": 0.02969572407514095, ""min_take_profit_pct"": 0.006003724852256036, ""exposure_tp_sensitivity"": 0.7551627577935421, ""vol_tp_multiplier"": 4.951608321631363}",891611.4554488303,2040061.0094640525,930376.8815920884,766522.2264383561,0
2025-01-23,"{""base_buy_amount"": 995691.2489544553, ""max_daily_buy_amount"": 1566999.2935737127, ""score_threshold"": -0.7561539603169352, ""score_scale"": 3.5944927212474163, ""w_drawdown"": 3.5270318274200636, ""w_rsi"": 1.9392084758182486, ""w_ma_gap_25"": 3.204443172930797, ""w_ret_5"": 0.05363822487838121, ""w_trend"": -1.7456540483865512, ""w_vol"": 2.625441514836306, ""w_exposure"": 1.6375130425829587, ""w_unrealized_loss"": 1.6590686787653364, ""fixed_profit_yen"": 42306.301655861185, ""base_take_profit_pct"": 0.02969572407514095, ""min_take_profit_pct"": 0.006003724852256036, ""exposure_tp_sensitivity"": 0.7551627577935421, ""vol_tp_multiplier"": 4.951608321631363}",1239081.0088049949,2387530.562820217,930376.8815920884,766522.2264383561,0
2025-01-30,"{""base_buy_amount"": 995691.2489544553, ""max_daily_buy_amount"": 1566999.2935737127, ""score_threshold"": -0.7561539603169352, ""score_scale"": 3.5944927212474163, ""w_drawdown"": 3.5270318274200636, ""w_rsi"": 1.9392084758182486, ""w_ma_gap_25"": 3.204443172930797, ""w_ret_5"": 0.05363822487838121, ""w_trend"": -1.7456540483865512, ""w_vol"": 2.625441514836306, ""w_exposure"": 1.6375130425829587, ""w_unrealized_loss"": 1.6590686787653364, ""fixed_profit_yen"": 42306.301655861185, ""base_take_profit_pct"": 0.02969572407514095, ""min_take_profit_pct"": 0.006003724852256036, ""exposure_tp_sensitivity"": 0.7551627577935421, ""vol_tp_multiplier"": 4.951608321631363}",1209809.8181154483,2358259.3721306706,930376.8815920884,766522.2264383561,0
2025-02-06,"{""base_buy_amount"": 995691.2489544553, ""max_daily_buy_amount"": 1566999.2935737127, ""score_threshold"": -0.7561539603169352, ""score_scale"": 3.5944927212474163, ""w_drawdown"": 3.5270318274200636, ""w_rsi"": 1.9392084758182486, ""w_ma_gap_25"": 3.204443172930797, ""w_ret_5"": 0.05363822487838121, ""w_trend"": -1.7456540483865512, ""w_vol"": 2.625441514836306, ""w_exposure"": 1.6375130425829587, ""w_unrealized_loss"": 1.6590686787653364, ""fixed_profit_yen"": 42306.301655861185, ""base_take_profit_pct"": 0.02969572407514095, ""min_take_profit_pct"": 0.006003724852256036, ""exposure_tp_sensitivity"": 0.7551627577935421, ""vol_tp_multiplier"": 4.951608321631363}",1077646.5919784617,2226096.145993684,930376.8815920884,766522.2264383561,0
2025-02-14,"{""base_buy_amount"": 995691.2489544553, ""max_daily_buy_amount"": 1566999.2935737127, ""score_threshold"": -0.7561539603169352, ""score_scale"": 3.5944927212474163, ""w_drawdown"": 3.5270318274200636, ""w_rsi"": 1.9392084758182486, ""w_ma_gap_25"": 3.204443172930797, ""w_ret_5"": 0.05363822487838121, ""w_trend"": -1.7456540483865512, ""w_vol"": 2.625441514836306, ""w_exposure"": 1.6375130425829587, ""w_unrealized_loss"": 1.6590686787653364, ""fixed_profit_yen"": 42306.301655861185, ""base_take_profit_pct"": 0.02969572407514095, ""min_take_profit_pct"": 0.006003724852256036, ""exposure_tp_sensitivity"": 0.7551627577935421, ""vol_tp_multiplier"": 4.951608321631363}",1308296.8648551742,2456746.4188703964,930376.8815920884,766522.2264383561,0
2025-02-21,"{""base_buy_amount"": 995691.2489544553, ""max_daily_buy_amount"": 1566999.2935737127, ""score_threshold"": -0.7561539603169352, ""score_scale"": 3.5944927212474163, ""w_drawdown"": 3.5270318274200636, ""w_rsi"": 1.9392084758182486, ""w_ma_gap_25"": 3.204443172930797, ""w_ret_5"": 0.05363822487838121, ""w_trend"": -1.7456540483865512, ""w_vol"": 2.625441514836306, ""w_exposure"": 1.6375130425829587, ""w_unrealized_loss"": 1.6590686787653364, ""fixed_profit_yen"": 42306.301655861185, ""base_take_profit_pct"": 0.02969572407514095, ""min_take_profit_pct"": 0.006003724852256036, ""exposure_tp_sensitivity"": 0.7551627577935421, ""vol_tp_multiplier"": 4.951608321631363}",1000984.9805812018,2149434.534596424,930376.8815920884,766522.2264383561,0
2025-03-03,"{""base_buy_amount"": 56994.15626345524, ""max_daily_buy_amount"": 1595156.317254063, ""score_threshold"": 0.6594034263681285, ""score_scale"": 3.673244203818508, ""w_drawdown"": 3.9036451551098397, ""w_rsi"": 2.2945788776916998, ""w_ma_gap_25"": 2.8437059797644686, ""w_ret_5"": 0.6989849906382872, ""w_trend"": -2.3128195587841596, ""w_vol"": 3.3420148089523583, ""w_exposure"": 4.710962061431325, ""w_unrealized_loss"": 5.652361064811888, ""fixed_profit_yen"": 38954.9462985532, ""base_take_profit_pct"": 0.01977211296001654, ""min_take_profit_pct"": 0.005982214605921963, ""exposure_tp_sensitivity"": 0.5032864446708722, ""vol_tp_multiplier"": 1.519750490313061}",34833.22430973439,48336.996892276744,15504.141069194302,11503.404095890404,0
2025-03-10,"{""base_buy_amount"": 151098.55527781372, ""max_daily_buy_amount"": 1998298.9879010534, ""score_threshold"": 0.6627389444261476, ""score_scale"": 3.4255625700145864, ""w_drawdown"": 0.45220363492066373, ""w_rsi"": 4.4851669944831265, ""w_ma_gap_25"": 0.14499751602234712, ""w_ret_5"": 1.2041402902057352, ""w_trend"": -2.14186874900019, ""w_vol"": 3.883839703461093, ""w_exposure"": 1.9820422721289788, ""w_unrealized_loss"": 9.106382271308853, ""fixed_profit_yen"": 33844.64484839204, ""base_take_profit_pct"": 0.003012555893851494, ""min_take_profit_pct"": 0.0010488685071583042, ""exposure_tp_sensitivity"": 0.046492125312959036, ""vol_tp_multiplier"": 3.0296258882386384}",-7725.374544666691,3400.729434785633,11518.28054794576,10733.927410958888,0
2025-03-17,"{""base_buy_amount"": 151098.55527781372, ""max_daily_buy_amount"": 1998298.9879010534, ""score_threshold"": 0.6627389444261476, ""score_scale"": 3.4255625700145864, ""w_drawdown"": 0.45220363492066373, ""w_rsi"": 4.4851669944831265, ""w_ma_gap_25"": 0.14499751602234712, ""w_ret_5"": 1.2041402902057352, ""w_trend"": -2.14186874900019, ""w_vol"": 3.883839703461093, ""w_exposure"": 1.9820422721289788, ""w_unrealized_loss"": 9.106382271308853, ""fixed_profit_yen"": 33844.64484839204, ""base_take_profit_pct"": 0.003012555893851494, ""min_take_profit_pct"": 0.0010488685071583042, ""exposure_tp_sensitivity"": 0.046492125312959036, ""vol_tp_multiplier"": 3.0296258882386384}",214.76005807307592,12503.906736155524,12681.323246575892,11896.970109589005,0
2025-03-25,"{""base_buy_amount"": 645943.3986673211, ""max_daily_buy_amount"": 1209786.1409341977, ""score_threshold"": 0.59938640621928, ""score_scale"": 0.8799994451295009, ""w_drawdown"": 2.0790370108530483, ""w_rsi"": 0.2080708693094624, ""w_ma_gap_25"": 2.4699540962225948, ""w_ret_5"": 1.6493060616639266, ""w_trend"": -2.1328548668037186, ""w_vol"": 0.5170148386127582, ""w_exposure"": 5.87644572177712, ""w_unrealized_loss"": 1.705929685368861, ""fixed_profit_yen"": 46480.64556370947, ""base_take_profit_pct"": 0.01826971191161106, ""min_take_profit_pct"": 0.004121828240813534, ""exposure_tp_sensitivity"": 0.5318239423332751, ""vol_tp_multiplier"": 0.11401935514848749}",75753.8578439246,583299.821835559,487268.3433668306,527823.5846164381,0
2025-04-01,"{""base_buy_amount"": 151098.55527781372, ""max_daily_buy_amount"": 1998298.9879010534, ""score_threshold"": 0.6627389444261476, ""score_scale"": 3.4255625700145864, ""w_drawdown"": 0.45220363492066373, ""w_rsi"": 4.4851669944831265, ""w_ma_gap_25"": 0.14499751602234712, ""w_ret_5"": 1.2041402902057352, ""w_trend"": -2.14186874900019, ""w_vol"": 3.883839703461093, ""w_exposure"": 1.9820422721289788, ""w_unrealized_loss"": 9.106382271308853, ""fixed_profit_yen"": 33844.64484839204, ""base_take_profit_pct"": 0.003012555893851494, ""min_take_profit_pct"": 0.0010488685071583042, ""exposure_tp_sensitivity"": 0.046492125312959036, ""vol_tp_multiplier"": 3.0296258882386384}",-8596.999647546058,12940.404149089096,23357.286976831965,19717.52061643834,0
2025-04-08,"{""base_buy_amount"": 151098.55527781372, ""max_daily_buy_amount"": 1998298.9879010534, ""score_threshold"": 0.6627389444261476, ""score_scale"": 3.4255625700145864, ""w_drawdown"": 0.45220363492066373, ""w_rsi"": 4.4851669944831265, ""w_ma_gap_25"": 0.14499751602234712, ""w_ret_5"": 1.2041402902057352, ""w_trend"": -2.14186874900019, ""w_vol"": 3.883839703461093, ""w_exposure"": 1.9820422721289788, ""w_unrealized_loss"": 9.106382271308853, ""fixed_profit_yen"": 33844.64484839204, ""base_take_profit_pct"": 0.003012555893851494, ""min_take_profit_pct"": 0.0010488685071583042, ""exposure_tp_sensitivity"": 0.046492125312959036, ""vol_tp_multiplier"": 3.0296258882386384}",-318008.20049686107,-141765.1962755684,178062.88740148954,174423.12104109584,0
2025-04-15,"{""base_buy_amount"": 151098.55527781372, ""max_daily_buy_amount"": 1998298.9879010534, ""score_threshold"": 0.6627389444261476, ""score_scale"": 3.4255625700145864, ""w_drawdown"": 0.45220363492066373, ""w_rsi"": 4.4851669944831265, ""w_ma_gap_25"": 0.14499751602234712, ""w_ret_5"": 1.2041402902057352, ""w_trend"": -2.14186874900019, ""w_vol"": 3.883839703461093, ""w_exposure"": 1.9820422721289788, ""w_unrealized_loss"": 9.106382271308853, ""fixed_profit_yen"": 33844.64484839204, ""base_take_profit_pct"": 0.003012555893851494, ""min_take_profit_pct"": 0.0010488685071583042, ""exposure_tp_sensitivity"": 0.046492125312959036, ""vol_tp_multiplier"": 3.0296258882386384}",-209148.95053288236,-32905.946311589665,178062.88740148954,174423.12104109584,0
2025-04-22,"{""base_buy_amount"": 151098.55527781372, ""max_daily_buy_amount"": 1998298.9879010534, ""score_threshold"": 0.6627389444261476, ""score_scale"": 3.4255625700145864, ""w_drawdown"": 0.45220363492066373, ""w_rsi"": 4.4851669944831265, ""w_ma_gap_25"": 0.14499751602234712, ""w_ret_5"": 1.2041402902057352, ""w_trend"": -2.14186874900019, ""w_vol"": 3.883839703461093, ""w_exposure"": 1.9820422721289788, ""w_unrealized_loss"": 9.106382271308853, ""fixed_profit_yen"": 33844.64484839204, ""base_take_profit_pct"": 0.003012555893851494, ""min_take_profit_pct"": 0.0010488685071583042, ""exposure_tp_sensitivity"": 0.046492125312959036, ""vol_tp_multiplier"": 3.0296258882386384}",-195407.87612192344,-19164.87190063075,178062.88740148954,174423.12104109584,0
2025-04-30,"{""base_buy_amount"": 151098.55527781372, ""max_daily_buy_amount"": 1998298.9879010534, ""score_threshold"": 0.6627389444261476, ""score_scale"": 3.4255625700145864, ""w_drawdown"": 0.45220363492066373, ""w_rsi"": 4.4851669944831265, ""w_ma_gap_25"": 0.14499751602234712, ""w_ret_5"": 1.2041402902057352, ""w_trend"": -2.14186874900019, ""w_vol"": 3.883839703461093, ""w_exposure"": 1.9820422721289788, ""w_unrealized_loss"": 9.106382271308853, ""fixed_profit_yen"": 33844.64484839204, ""base_take_profit_pct"": 0.003012555893851494, ""min_take_profit_pct"": 0.0010488685071583042, ""exposure_tp_sensitivity"": 0.046492125312959036, ""vol_tp_multiplier"": 3.0296258882386384}",-125178.77757741863,51064.22664387406,178062.88740148954,174423.12104109584,0
2025-05-09,"{""base_buy_amount"": 151098.55527781372, ""max_daily_buy_amount"": 1998298.9879010534, ""score_threshold"": 0.6627389444261476, ""score_scale"": 3.4255625700145864, ""w_drawdown"": 0.45220363492066373, ""w_rsi"": 4.4851669944831265, ""w_ma_gap_25"": 0.14499751602234712, ""w_ret_5"": 1.2041402902057352, ""w_trend"": -2.14186874900019, ""w_vol"": 3.883839703461093, ""w_exposure"": 1.9820422721289788, ""w_unrealized_loss"": 9.106382271308853, ""fixed_profit_yen"": 33844.64484839204, ""base_take_profit_pct"": 0.003012555893851494, ""min_take_profit_pct"": 0.0010488685071583042, ""exposure_tp_sensitivity"": 0.046492125312959036, ""vol_tp_multiplier"": 3.0296258882386384}",-87289.4680749892,88953.5361463035,178062.88740148954,174423.12104109584,0
2025-05-16,"{""base_buy_amount"": 151098.55527781372, ""max_daily_buy_amount"": 1998298.9879010534, ""score_threshold"": 0.6627389444261476, ""score_scale"": 3.4255625700145864, ""w_drawdown"": 0.45220363492066373, ""w_rsi"": 4.4851669944831265, ""w_ma_gap_25"": 0.14499751602234712, ""w_ret_5"": 1.2041402902057352, ""w_trend"": -2.14186874900019, ""w_vol"": 3.883839703461093, ""w_exposure"": 1.9820422721289788, ""w_unrealized_loss"": 9.106382271308853, ""fixed_profit_yen"": 33844.64484839204, ""base_take_profit_pct"": 0.003012555893851494, ""min_take_profit_pct"": 0.0010488685071583042, ""exposure_tp_sensitivity"": 0.046492125312959036, ""vol_tp_multiplier"": 3.0296258882386384}",-65706.36759597274,110536.63662531995,178062.88740148954,174423.12104109584,0
2025-05-23,"{""base_buy_amount"": 151098.55527781372, ""max_daily_buy_amount"": 1998298.9879010534, ""score_threshold"": 0.6627389444261476, ""score_scale"": 3.4255625700145864, ""w_drawdown"": 0.45220363492066373, ""w_rsi"": 4.4851669944831265, ""w_ma_gap_25"": 0.14499751602234712, ""w_ret_5"": 1.2041402902057352, ""w_trend"": -2.14186874900019, ""w_vol"": 3.883839703461093, ""w_exposure"": 1.9820422721289788, ""w_unrealized_loss"": 9.106382271308853, ""fixed_profit_yen"": 33844.64484839204, ""base_take_profit_pct"": 0.003012555893851494, ""min_take_profit_pct"": 0.0010488685071583042, ""exposure_tp_sensitivity"": 0.046492125312959036, ""vol_tp_multiplier"": 3.0296258882386384}",-74420.50239049329,101822.5018307994,178062.88740148954,174423.12104109584,0
2025-05-30,"{""base_buy_amount"": 151098.55527781372, ""max_daily_buy_amount"": 1998298.9879010534, ""score_threshold"": 0.6627389444261476, ""score_scale"": 3.4255625700145864, ""w_drawdown"": 0.45220363492066373, ""w_rsi"": 4.4851669944831265, ""w_ma_gap_25"": 0.14499751602234712, ""w_ret_5"": 1.2041402902057352, ""w_trend"": -2.14186874900019, ""w_vol"": 3.883839703461093, ""w_exposure"": 1.9820422721289788, ""w_unrealized_loss"": 9.106382271308853, ""fixed_profit_yen"": 33844.64484839204, ""base_take_profit_pct"": 0.003012555893851494, ""min_take_profit_pct"": 0.0010488685071583042, ""exposure_tp_sensitivity"": 0.046492125312959036, ""vol_tp_multiplier"": 3.0296258882386384}",-59255.90447268507,116987.09974860762,178062.88740148954,174423.12104109584,0
2025-06-06,"{""base_buy_amount"": 151098.55527781372, ""max_daily_buy_amount"": 1998298.9879010534, ""score_threshold"": 0.6627389444261476, ""score_scale"": 3.4255625700145864, ""w_drawdown"": 0.45220363492066373, ""w_rsi"": 4.4851669944831265, ""w_ma_gap_25"": 0.14499751602234712, ""w_ret_5"": 1.2041402902057352, ""w_trend"": -2.14186874900019, ""w_vol"": 3.883839703461093, ""w_exposure"": 1.9820422721289788, ""w_unrealized_loss"": 9.106382271308853, ""fixed_profit_yen"": 33844.64484839204, ""base_take_profit_pct"": 0.003012555893851494, ""min_take_profit_pct"": 0.0010488685071583042, ""exposure_tp_sensitivity"": 0.046492125312959036, ""vol_tp_multiplier"": 3.0296258882386384}",-68890.95981515083,107352.04440614187,178062.88740148954,174423.12104109584,0
2025-06-13,"{""base_buy_amount"": 151098.55527781372, ""max_daily_buy_amount"": 1998298.9879010534, ""score_threshold"": 0.6627389444261476, ""score_scale"": 3.4255625700145864, ""w_drawdown"": 0.45220363492066373, ""w_rsi"": 4.4851669944831265, ""w_ma_gap_25"": 0.14499751602234712, ""w_ret_5"": 1.2041402902057352, ""w_trend"": -2.14186874900019, ""w_vol"": 3.883839703461093, ""w_exposure"": 1.9820422721289788, ""w_unrealized_loss"": 9.106382271308853, ""fixed_profit_yen"": 33844.64484839204, ""base_take_profit_pct"": 0.003012555893851494, ""min_take_profit_pct"": 0.0010488685071583042, ""exposure_tp_sensitivity"": 0.046492125312959036, ""vol_tp_multiplier"": 3.0296258882386384}",-112767.80408912343,113475.20013216927,178062.88740148954,174423.12104109584,0
2025-06-20,"{""base_buy_amount"": 63239.47332279147, ""max_daily_buy_amount"": 536346.4569978251, ""score_threshold"": -1.4727111288539159, ""score_scale"": 3.5494640312578585, ""w_drawdown"": 0.6091625231426556, ""w_rsi"": 2.531649658103165, ""w_ma_gap_25"": 3.4713121782144323, ""w_ret_5"": 2.905583046104512, ""w_trend"": -1.8013460900396543, ""w_vol"": 4.020622630911314, ""w_exposure"": 7.154071296158016, ""w_unrealized_loss"": 7.389840039155418, ""fixed_profit_yen"": 9159.714323193723, ""base_take_profit_pct"": 0.005465106502209649, ""min_take_profit_pct"": 0.005465106502209649, ""exposure_tp_sensitivity"": 0.3578203744424466, ""vol_tp_multiplier"": 1.5047434589046986}",-282964.56374898244,115068.38895607209,236861.86330052,259204.04210958903,0
2025-06-27,"{""base_buy_amount"": 63239.47332279147, ""max_daily_buy_amount"": 536346.4569978251, ""score_threshold"": -1.4727111288539159, ""score_scale"": 3.5494640312578585, ""w_drawdown"": 0.6091625231426556, ""w_rsi"": 2.531649658103165, ""w_ma_gap_25"": 3.4713121782144323, ""w_ret_5"": 2.905583046104512, ""w_trend"": -1.8013460900396543, ""w_vol"": 4.020622630911314, ""w_exposure"": 7.154071296158016, ""w_unrealized_loss"": 7.389840039155418, ""fixed_profit_yen"": 9159.714323193723, ""base_take_profit_pct"": 0.005465106502209649, ""min_take_profit_pct"": 0.005465106502209649, ""exposure_tp_sensitivity"": 0.3578203744424466, ""vol_tp_multiplier"": 1.5047434589046986}",-264893.87848870846,133139.07421634605,236861.86330052,259204.04210958903,0
2025-07-04,"{""base_buy_amount"": 63239.47332279147, ""max_daily_buy_amount"": 536346.4569978251, ""score_threshold"": -1.4727111288539159, ""score_scale"": 3.5494640312578585, ""w_drawdown"": 0.6091625231426556, ""w_rsi"": 2.531649658103165, ""w_ma_gap_25"": 3.4713121782144323, ""w_ret_5"": 2.905583046104512, ""w_trend"": -1.8013460900396543, ""w_vol"": 4.020622630911314, ""w_exposure"": 7.154071296158016, ""w_unrealized_loss"": 7.389840039155418, ""fixed_profit_yen"": 9159.714323193723, ""base_take_profit_pct"": 0.005465106502209649, ""min_take_profit_pct"": 0.005465106502209649, ""exposure_tp_sensitivity"": 0.3578203744424466, ""vol_tp_multiplier"": 1.5047434589046986}",-260804.48220564818,137228.47049940634,236861.86330052,259204.04210958903,0
2025-07-11,"{""base_buy_amount"": 63239.47332279147, ""max_daily_buy_amount"": 536346.4569978251, ""score_threshold"": -1.4727111288539159, ""score_scale"": 3.5494640312578585, ""w_drawdown"": 0.6091625231426556, ""w_rsi"": 2.531649658103165, ""w_ma_gap_25"": 3.4713121782144323, ""w_ret_5"": 2.905583046104512, ""w_trend"": -1.8013460900396543, ""w_vol"": 4.020622630911314, ""w_exposure"": 7.154071296158016, ""w_unrealized_loss"": 7.389840039155418, ""fixed_profit_yen"": 9159.714323193723, ""base_take_profit_pct"": 0.005465106502209649, ""min_take_profit_pct"": 0.005465106502209649, ""exposure_tp_sensitivity"": 0.3578203744424466, ""vol_tp_multiplier"": 1.5047434589046986}",-261381.57371249748,136651.37899255703,236861.86330052,259204.04210958903,0
2025-07-18,"{""base_buy_amount"": 63239.47332279147, ""max_daily_buy_amount"": 536346.4569978251, ""score_threshold"": -1.4727111288539159, ""score_scale"": 3.5494640312578585, ""w_drawdown"": 0.6091625231426556, ""w_rsi"": 2.531649658103165, ""w_ma_gap_25"": 3.4713121782144323, ""w_ret_5"": 2.905583046104512, ""w_trend"": -1.8013460900396543, ""w_vol"": 4.020622630911314, ""w_exposure"": 7.154071296158016, ""w_unrealized_loss"": 7.389840039155418, ""fixed_profit_yen"": 9159.714323193723, ""base_take_profit_pct"": 0.005465106502209649, ""min_take_profit_pct"": 0.005465106502209649, ""exposure_tp_sensitivity"": 0.3578203744424466, ""vol_tp_multiplier"": 1.5047434589046986}",-259708.48686318242,138324.4658418721,236861.86330052,259204.04210958903,0
2025-07-28,"{""base_buy_amount"": 63239.47332279147, ""max_daily_buy_amount"": 536346.4569978251, ""score_threshold"": -1.4727111288539159, ""score_scale"": 3.5494640312578585, ""w_drawdown"": 0.6091625231426556, ""w_rsi"": 2.531649658103165, ""w_ma_gap_25"": 3.4713121782144323, ""w_ret_5"": 2.905583046104512, ""w_trend"": -1.8013460900396543, ""w_vol"": 4.020622630911314, ""w_exposure"": 7.154071296158016, ""w_unrealized_loss"": 7.389840039155418, ""fixed_profit_yen"": 9159.714323193723, ""base_take_profit_pct"": 0.005465106502209649, ""min_take_profit_pct"": 0.005465106502209649, ""exposure_tp_sensitivity"": 0.3578203744424466, ""vol_tp_multiplier"": 1.5047434589046986}",-248855.0780182194,149177.8746868351,236861.86330052,259204.04210958903,0
2025-08-04,"{""base_buy_amount"": 63239.47332279147, ""max_daily_buy_amount"": 536346.4569978251, ""score_threshold"": -1.4727111288539159, ""score_scale"": 3.5494640312578585, ""w_drawdown"": 0.6091625231426556, ""w_rsi"": 2.531649658103165, ""w_ma_gap_25"": 3.4713121782144323, ""w_ret_5"": 2.905583046104512, ""w_trend"": -1.8013460900396543, ""w_vol"": 4.020622630911314, ""w_exposure"": 7.154071296158016, ""w_unrealized_loss"": 7.389840039155418, ""fixed_profit_yen"": 9159.714323193723, ""base_take_profit_pct"": 0.005465106502209649, ""min_take_profit_pct"": 0.005465106502209649, ""exposure_tp_sensitivity"": 0.3578203744424466, ""vol_tp_multiplier"": 1.5047434589046986}",-210330.18657873364,154896.854864481,209756.13980423752,220697.94308219175,0
2025-08-12,"{""base_buy_amount"": 63239.47332279147, ""max_daily_buy_amount"": 536346.4569978251, ""score_threshold"": -1.4727111288539159, ""score_scale"": 3.5494640312578585, ""w_drawdown"": 0.6091625231426556, ""w_rsi"": 2.531649658103165, ""w_ma_gap_25"": 3.4713121782144323, ""w_ret_5"": 2.905583046104512, ""w_trend"": -1.8013460900396543, ""w_vol"": 4.020622630911314, ""w_exposure"": 7.154071296158016, ""w_unrealized_loss"": 7.389840039155418, ""fixed_profit_yen"": 9159.714323193723, ""base_take_profit_pct"": 0.005465106502209649, ""min_take_profit_pct"": 0.005465106502209649, ""exposure_tp_sensitivity"": 0.3578203744424466, ""vol_tp_multiplier"": 1.5047434589046986}",-50874.44872765284,152305.3304963837,201587.63037957996,204771.92806849314,0
2025-08-19,"{""base_buy_amount"": 63239.47332279147, ""max_daily_buy_amount"": 536346.4569978251, ""score_threshold"": -1.4727111288539159, ""score_scale"": 3.5494640312578585, ""w_drawdown"": 0.6091625231426556, ""w_rsi"": 2.531649658103165, ""w_ma_gap_25"": 3.4713121782144323, ""w_ret_5"": 2.905583046104512, ""w_trend"": -1.8013460900396543, ""w_vol"": 4.020622630911314, ""w_exposure"": 7.154071296158016, ""w_unrealized_loss"": 7.389840039155418, ""fixed_profit_yen"": 9159.714323193723, ""base_take_profit_pct"": 0.005465106502209649, ""min_take_profit_pct"": 0.005465106502209649, ""exposure_tp_sensitivity"": 0.3578203744424466, ""vol_tp_multiplier"": 1.5047434589046986}",-66929.73161344742,136250.04761058913,201587.63037957996,204771.92806849314,0
2025-08-26,"{""base_buy_amount"": 63239.47332279147, ""max_daily_buy_amount"": 536346.4569978251, ""score_threshold"": -1.4727111288539159, ""score_scale"": 3.5494640312578585, ""w_drawdown"": 0.6091625231426556, ""w_rsi"": 2.531649658103165, ""w_ma_gap_25"": 3.4713121782144323, ""w_ret_5"": 2.905583046104512, ""w_trend"": -1.8013460900396543, ""w_vol"": 4.020622630911314, ""w_exposure"": 7.154071296158016, ""w_unrealized_loss"": 7.389840039155418, ""fixed_profit_yen"": 9159.714323193723, ""base_take_profit_pct"": 0.005465106502209649, ""min_take_profit_pct"": 0.005465106502209649, ""exposure_tp_sensitivity"": 0.3578203744424466, ""vol_tp_multiplier"": 1.5047434589046986}",-80709.02333385084,122470.75589018571,201587.63037957996,204771.92806849314,0
2025-09-02,"{""base_buy_amount"": 63239.47332279147, ""max_daily_buy_amount"": 536346.4569978251, ""score_threshold"": -1.4727111288539159, ""score_scale"": 3.5494640312578585, ""w_drawdown"": 0.6091625231426556, ""w_rsi"": 2.531649658103165, ""w_ma_gap_25"": 3.4713121782144323, ""w_ret_5"": 2.905583046104512, ""w_trend"": -1.8013460900396543, ""w_vol"": 4.020622630911314, ""w_exposure"": 7.154071296158016, ""w_unrealized_loss"": 7.389840039155418, ""fixed_profit_yen"": 9159.714323193723, ""base_take_profit_pct"": 0.005465106502209649, ""min_take_profit_pct"": 0.005465106502209649, ""exposure_tp_sensitivity"": 0.3578203744424466, ""vol_tp_multiplier"": 1.5047434589046986}",-80709.02333385084,122470.75589018571,201587.63037957996,204771.92806849314,0
2025-09-09,"{""base_buy_amount"": 63239.47332279147, ""max_daily_buy_amount"": 536346.4569978251, ""score_threshold"": -1.4727111288539159, ""score_scale"": 3.5494640312578585, ""w_drawdown"": 0.6091625231426556, ""w_rsi"": 2.531649658103165, ""w_ma_gap_25"": 3.4713121782144323, ""w_ret_5"": 2.905583046104512, ""w_trend"": -1.8013460900396543, ""w_vol"": 4.020622630911314, ""w_exposure"": 7.154071296158016, ""w_unrealized_loss"": 7.389840039155418, ""fixed_profit_yen"": 9159.714323193723, ""base_take_profit_pct"": 0.005465106502209649, ""min_take_profit_pct"": 0.005465106502209649, ""exposure_tp_sensitivity"": 0.3578203744424466, ""vol_tp_multiplier"": 1.5047434589046986}",-80709.02333385084,122470.75589018571,201587.63037957996,204771.92806849314,0
2025-09-17,"{""base_buy_amount"": 63239.47332279147, ""max_daily_buy_amount"": 536346.4569978251, ""score_threshold"": -1.4727111288539159, ""score_scale"": 3.5494640312578585, ""w_drawdown"": 0.6091625231426556, ""w_rsi"": 2.531649658103165, ""w_ma_gap_25"": 3.4713121782144323, ""w_ret_5"": 2.905583046104512, ""w_trend"": -1.8013460900396543, ""w_vol"": 4.020622630911314, ""w_exposure"": 7.154071296158016, ""w_unrealized_loss"": 7.389840039155418, ""fixed_profit_yen"": 9159.714323193723, ""base_take_profit_pct"": 0.005465106502209649, ""min_take_profit_pct"": 0.005465106502209649, ""exposure_tp_sensitivity"": 0.3578203744424466, ""vol_tp_multiplier"": 1.5047434589046986}",-80709.02333385084,122470.75589018571,201587.63037957996,204771.92806849314,0
2025-09-25,"{""base_buy_amount"": 63239.47332279147, ""max_daily_buy_amount"": 536346.4569978251, ""score_threshold"": -1.4727111288539159, ""score_scale"": 3.5494640312578585, ""w_drawdown"": 0.6091625231426556, ""w_rsi"": 2.531649658103165, ""w_ma_gap_25"": 3.4713121782144323, ""w_ret_5"": 2.905583046104512, ""w_trend"": -1.8013460900396543, ""w_vol"": 4.020622630911314, ""w_exposure"": 7.154071296158016, ""w_unrealized_loss"": 7.389840039155418, ""fixed_profit_yen"": 9159.714323193723, ""base_take_profit_pct"": 0.005465106502209649, ""min_take_profit_pct"": 0.005465106502209649, ""exposure_tp_sensitivity"": 0.3578203744424466, ""vol_tp_multiplier"": 1.5047434589046986}",-93040.72052541796,110139.0586986186,201587.63037957996,204771.92806849314,0
2025-10-02,"{""base_buy_amount"": 63239.47332279147, ""max_daily_buy_amount"": 536346.4569978251, ""score_threshold"": -1.4727111288539159, ""score_scale"": 3.5494640312578585, ""w_drawdown"": 0.6091625231426556, ""w_rsi"": 2.531649658103165, ""w_ma_gap_25"": 3.4713121782144323, ""w_ret_5"": 2.905583046104512, ""w_trend"": -1.8013460900396543, ""w_vol"": 4.020622630911314, ""w_exposure"": 7.154071296158016, ""w_unrealized_loss"": 7.389840039155418, ""fixed_profit_yen"": 9159.714323193723, ""base_take_profit_pct"": 0.005465106502209649, ""min_take_profit_pct"": 0.005465106502209649, ""exposure_tp_sensitivity"": 0.3578203744424466, ""vol_tp_multiplier"": 1.5047434589046986}",-103864.11049895635,99315.6687250802,201587.63037957996,204771.92806849314,0
2025-10-09,"{""base_buy_amount"": 63239.47332279147, ""max_daily_buy_amount"": 536346.4569978251, ""score_threshold"": -1.4727111288539159, ""score_scale"": 3.5494640312578585, ""w_drawdown"": 0.6091625231426556, ""w_rsi"": 2.531649658103165, ""w_ma_gap_25"": 3.4713121782144323, ""w_ret_5"": 2.905583046104512, ""w_trend"": -1.8013460900396543, ""w_vol"": 4.020622630911314, ""w_exposure"": 7.154071296158016, ""w_unrealized_loss"": 7.389840039155418, ""fixed_profit_yen"": 9159.714323193723, ""base_take_profit_pct"": 0.005465106502209649, ""min_take_profit_pct"": 0.005465106502209649, ""exposure_tp_sensitivity"": 0.3578203744424466, ""vol_tp_multiplier"": 1.5047434589046986}",-103864.11049895635,99315.6687250802,201587.63037957996,204771.92806849314,0
2025-10-17,"{""base_buy_amount"": 63239.47332279147, ""max_daily_buy_amount"": 536346.4569978251, ""score_threshold"": -1.4727111288539159, ""score_scale"": 3.5494640312578585, ""w_drawdown"": 0.6091625231426556, ""w_rsi"": 2.531649658103165, ""w_ma_gap_25"": 3.4713121782144323, ""w_ret_5"": 2.905583046104512, ""w_trend"": -1.8013460900396543, ""w_vol"": 4.020622630911314, ""w_exposure"": 7.154071296158016, ""w_unrealized_loss"": 7.389840039155418, ""fixed_profit_yen"": 9159.714323193723, ""base_take_profit_pct"": 0.005465106502209649, ""min_take_profit_pct"": 0.005465106502209649, ""exposure_tp_sensitivity"": 0.3578203744424466, ""vol_tp_multiplier"": 1.5047434589046986}",-103864.11049895635,99315.6687250802,201587.63037957996,204771.92806849314,0
2025-10-27,"{""base_buy_amount"": 63239.47332279147, ""max_daily_buy_amount"": 536346.4569978251, ""score_threshold"": -1.4727111288539159, ""score_scale"": 3.5494640312578585, ""w_drawdown"": 0.6091625231426556, ""w_rsi"": 2.531649658103165, ""w_ma_gap_25"": 3.4713121782144323, ""w_ret_5"": 2.905583046104512, ""w_trend"": -1.8013460900396543, ""w_vol"": 4.020622630911314, ""w_exposure"": 7.154071296158016, ""w_unrealized_loss"": 7.389840039155418, ""fixed_profit_yen"": 9159.714323193723, ""base_take_profit_pct"": 0.005465106502209649, ""min_take_profit_pct"": 0.005465106502209649, ""exposure_tp_sensitivity"": 0.3578203744424466, ""vol_tp_multiplier"": 1.5047434589046986}",-103864.11049895635,99315.6687250802,201587.63037957996,204771.92806849314,0
2025-11-04,"{""base_buy_amount"": 63239.47332279147, ""max_daily_buy_amount"": 536346.4569978251, ""score_threshold"": -1.4727111288539159, ""score_scale"": 3.5494640312578585, ""w_drawdown"": 0.6091625231426556, ""w_rsi"": 2.531649658103165, ""w_ma_gap_25"": 3.4713121782144323, ""w_ret_5"": 2.905583046104512, ""w_trend"": -1.8013460900396543, ""w_vol"": 4.020622630911314, ""w_exposure"": 7.154071296158016, ""w_unrealized_loss"": 7.389840039155418, ""fixed_profit_yen"": 9159.714323193723, ""base_take_profit_pct"": 0.005465106502209649, ""min_take_profit_pct"": 0.005465106502209649, ""exposure_tp_sensitivity"": 0.3578203744424466, ""vol_tp_multiplier"": 1.5047434589046986}",-103864.11049895635,99315.6687250802,201587.63037957996,204771.92806849314,0
2025-11-11,"{""base_buy_amount"": 63239.47332279147, ""max_daily_buy_amount"": 536346.4569978251, ""score_threshold"": -1.4727111288539159, ""score_scale"": 3.5494640312578585, ""w_drawdown"": 0.6091625231426556, ""w_rsi"": 2.531649658103165, ""w_ma_gap_25"": 3.4713121782144323, ""w_ret_5"": 2.905583046104512, ""w_trend"": -1.8013460900396543, ""w_vol"": 4.020622630911314, ""w_exposure"": 7.154071296158016, ""w_unrealized_loss"": 7.389840039155418, ""fixed_profit_yen"": 9159.714323193723, ""base_take_profit_pct"": 0.005465106502209649, ""min_take_profit_pct"": 0.005465106502209649, ""exposure_tp_sensitivity"": 0.3578203744424466, ""vol_tp_multiplier"": 1.5047434589046986}",-108282.79333844128,94896.98588559528,201587.63037957996,204771.92806849314,0
2025-11-18,"{""base_buy_amount"": 63239.47332279147, ""max_daily_buy_amount"": 536346.4569978251, ""score_threshold"": -1.4727111288539159, ""score_scale"": 3.5494640312578585, ""w_drawdown"": 0.6091625231426556, ""w_rsi"": 2.531649658103165, ""w_ma_gap_25"": 3.4713121782144323, ""w_ret_5"": 2.905583046104512, ""w_trend"": -1.8013460900396543, ""w_vol"": 4.020622630911314, ""w_exposure"": 7.154071296158016, ""w_unrealized_loss"": 7.389840039155418, ""fixed_profit_yen"": 9159.714323193723, ""base_take_profit_pct"": 0.005465106502209649, ""min_take_profit_pct"": 0.005465106502209649, ""exposure_tp_sensitivity"": 0.3578203744424466, ""vol_tp_multiplier"": 1.5047434589046986}",-111589.7265146326,91590.05270940349,201587.63037957903,204771.92806849314,0
2025-11-26,"{""base_buy_amount"": 63239.47332279147, ""max_daily_buy_amount"": 536346.4569978251, ""score_threshold"": -1.4727111288539159, ""score_scale"": 3.5494640312578585, ""w_drawdown"": 0.6091625231426556, ""w_rsi"": 2.531649658103165, ""w_ma_gap_25"": 3.4713121782144323, ""w_ret_5"": 2.905583046104512, ""w_trend"": -1.8013460900396543, ""w_vol"": 4.020622630911314, ""w_exposure"": 7.154071296158016, ""w_unrealized_loss"": 7.389840039155418, ""fixed_profit_yen"": 9159.714323193723, ""base_take_profit_pct"": 0.005465106502209649, ""min_take_profit_pct"": 0.005465106502209649, ""exposure_tp_sensitivity"": 0.3578203744424466, ""vol_tp_multiplier"": 1.5047434589046986}",-117005.08894119335,86174.6902828432,201587.63037957996,204771.92806849314,0
2025-12-03,"{""base_buy_amount"": 63239.47332279147, ""max_daily_buy_amount"": 536346.4569978251, ""score_threshold"": -1.4727111288539159, ""score_scale"": 3.5494640312578585, ""w_drawdown"": 0.6091625231426556, ""w_rsi"": 2.531649658103165, ""w_ma_gap_25"": 3.4713121782144323, ""w_ret_5"": 2.905583046104512, ""w_trend"": -1.8013460900396543, ""w_vol"": 4.020622630911314, ""w_exposure"": 7.154071296158016, ""w_unrealized_loss"": 7.389840039155418, ""fixed_profit_yen"": 9159.714323193723, ""base_take_profit_pct"": 0.005465106502209649, ""min_take_profit_pct"": 0.005465106502209649, ""exposure_tp_sensitivity"": 0.3578203744424466, ""vol_tp_multiplier"": 1.5047434589046986}",-116092.6764661098,87087.10275792675,201587.63037957996,204771.92806849314,0
2025-12-10,"{""base_buy_amount"": 63239.47332279147, ""max_daily_buy_amount"": 536346.4569978251, ""score_threshold"": -1.4727111288539159, ""score_scale"": 3.5494640312578585, ""w_drawdown"": 0.6091625231426556, ""w_rsi"": 2.531649658103165, ""w_ma_gap_25"": 3.4713121782144323, ""w_ret_5"": 2.905583046104512, ""w_trend"": -1.8013460900396543, ""w_vol"": 4.020622630911314, ""w_exposure"": 7.154071296158016, ""w_unrealized_loss"": 7.389840039155418, ""fixed_profit_yen"": 9159.714323193723, ""base_take_profit_pct"": 0.005465106502209649, ""min_take_profit_pct"": 0.005465106502209649, ""exposure_tp_sensitivity"": 0.3578203744424466, ""vol_tp_multiplier"": 1.5047434589046986}",-119430.92384723583,83748.85537680073,201587.63037957996,204771.92806849314,0
2025-12-17,"{""base_buy_amount"": 63239.47332279147, ""max_daily_buy_amount"": 536346.4569978251, ""score_threshold"": -1.4727111288539159, ""score_scale"": 3.5494640312578585, ""w_drawdown"": 0.6091625231426556, ""w_rsi"": 2.531649658103165, ""w_ma_gap_25"": 3.4713121782144323, ""w_ret_5"": 2.905583046104512, ""w_trend"": -1.8013460900396543, ""w_vol"": 4.020622630911314, ""w_exposure"": 7.154071296158016, ""w_unrealized_loss"": 7.389840039155418, ""fixed_profit_yen"": 9159.714323193723, ""base_take_profit_pct"": 0.005465106502209649, ""min_take_profit_pct"": 0.005465106502209649, ""exposure_tp_sensitivity"": 0.3578203744424466, ""vol_tp_multiplier"": 1.5047434589046986}",-125257.14483677642,77922.63438725966,201587.63037957903,204771.92806849314,0
2025-12-24,"{""base_buy_amount"": 66944.94477813835, ""max_daily_buy_amount"": 307373.5938548964, ""score_threshold"": 1.3177144595309453, ""score_scale"": 4.085676897463228, ""w_drawdown"": 1.1632037098321684, ""w_rsi"": 2.6538479529952674, ""w_ma_gap_25"": 3.0300791035000545, ""w_ret_5"": 4.338694768880056, ""w_trend"": 0.618642944032354, ""w_vol"": 2.0628578463684017, ""w_exposure"": 3.741840434071827, ""w_unrealized_loss"": 4.258820863735099, ""fixed_profit_yen"": 33640.75820225879, ""base_take_profit_pct"": 0.026289737689065097, ""min_take_profit_pct"": 0.005085071938686698, ""exposure_tp_sensitivity"": 0.22305560665622232, ""vol_tp_multiplier"": 1.1833118149879058}",-118548.41557046215,85382.19817027746,203594.57167326007,204266.65580821916,0
2026-01-05,"{""base_buy_amount"": 66944.94477813835, ""max_daily_buy_amount"": 307373.5938548964, ""score_threshold"": 1.3177144595309453, ""score_scale"": 4.085676897463228, ""w_drawdown"": 1.1632037098321684, ""w_rsi"": 2.6538479529952674, ""w_ma_gap_25"": 3.0300791035000545, ""w_ret_5"": 4.338694768880056, ""w_trend"": 0.618642944032354, ""w_vol"": 2.0628578463684017, ""w_exposure"": 3.741840434071827, ""w_unrealized_loss"": 4.258820863735099, ""fixed_profit_yen"": 33640.75820225879, ""base_take_profit_pct"": 0.026289737689065097, ""min_take_profit_pct"": 0.005085071938686698, ""exposure_tp_sensitivity"": 0.22305560665622232, ""vol_tp_multiplier"": 1.1833118149879058}",-118638.25863364297,85292.35510709665,203594.57167326007,204266.65580821916,0
2026-01-13,"{""base_buy_amount"": 66944.94477813835, ""max_daily_buy_amount"": 307373.5938548964, ""score_threshold"": 1.3177144595309453, ""score_scale"": 4.085676897463228, ""w_drawdown"": 1.1632037098321684, ""w_rsi"": 2.6538479529952674, ""w_ma_gap_25"": 3.0300791035000545, ""w_ret_5"": 4.338694768880056, ""w_trend"": 0.618642944032354, ""w_vol"": 2.0628578463684017, ""w_exposure"": 3.741840434071827, ""w_unrealized_loss"": 4.258820863735099, ""fixed_profit_yen"": 33640.75820225879, ""base_take_profit_pct"": 0.026289737689065097, ""min_take_profit_pct"": 0.005085071938686698, ""exposure_tp_sensitivity"": 0.22305560665622232, ""vol_tp_multiplier"": 1.1833118149879058}",-117834.8559936471,86095.75774709252,203594.57167326007,204266.65580821916,0
2026-01-20,"{""base_buy_amount"": 66944.94477813835, ""max_daily_buy_amount"": 307373.5938548964, ""score_threshold"": 1.3177144595309453, ""score_scale"": 4.085676897463228, ""w_drawdown"": 1.1632037098321684, ""w_rsi"": 2.6538479529952674, ""w_ma_gap_25"": 3.0300791035000545, ""w_ret_5"": 4.338694768880056, ""w_trend"": 0.618642944032354, ""w_vol"": 2.0628578463684017, ""w_exposure"": 3.741840434071827, ""w_unrealized_loss"": 4.258820863735099, ""fixed_profit_yen"": 33640.75820225879, ""base_take_profit_pct"": 0.026289737689065097, ""min_take_profit_pct"": 0.005085071938686698, ""exposure_tp_sensitivity"": 0.22305560665622232, ""vol_tp_multiplier"": 1.1833118149879058}",-117834.8559936471,86095.75774709252,203594.57167326007,204266.65580821916,0
2026-01-27,"{""base_buy_amount"": 971324.3608702909, ""max_daily_buy_amount"": 1970698.3547200868, ""score_threshold"": -0.8470870180483789, ""score_scale"": 3.8018907384706226, ""w_drawdown"": 3.749917689676343, ""w_rsi"": 1.732464306565244, ""w_ma_gap_25"": 0.6193488743211051, ""w_ret_5"": 0.2047348014285988, ""w_trend"": 1.6640587651750716, ""w_vol"": 2.4484987090845296, ""w_exposure"": 9.855401694949261, ""w_unrealized_loss"": 4.649734561936531, ""fixed_profit_yen"": 48962.09801647049, ""base_take_profit_pct"": 0.013524128061433676, ""min_take_profit_pct"": 0.008143139355039755, ""exposure_tp_sensitivity"": 0.07633734508064886, ""vol_tp_multiplier"": 2.7773085506888195}",-73297.04728678887,1226936.1451010797,953524.3391456003,946942.0456301369,0
2026-02-03,"{""base_buy_amount"": 66944.94477813835, ""max_daily_buy_amount"": 307373.5938548964, ""score_threshold"": 1.3177144595309453, ""score_scale"": 4.085676897463228, ""w_drawdown"": 1.1632037098321684, ""w_rsi"": 2.6538479529952674, ""w_ma_gap_25"": 3.0300791035000545, ""w_ret_5"": 4.338694768880056, ""w_trend"": 0.618642944032354, ""w_vol"": 2.0628578463684017, ""w_exposure"": 3.741840434071827, ""w_unrealized_loss"": 4.258820863735099, ""fixed_profit_yen"": 33640.75820225879, ""base_take_profit_pct"": 0.026289737689065097, ""min_take_profit_pct"": 0.005085071938686698, ""exposure_tp_sensitivity"": 0.22305560665622232, ""vol_tp_multiplier"": 1.1833118149879058}",-128530.07131296356,75400.54242777606,203594.57167326007,204266.65580821916,0
2026-02-10,"{""base_buy_amount"": 971324.3608702909, ""max_daily_buy_amount"": 1970698.3547200868, ""score_threshold"": -0.8470870180483789, ""score_scale"": 3.8018907384706226, ""w_drawdown"": 3.749917689676343, ""w_rsi"": 1.732464306565244, ""w_ma_gap_25"": 0.6193488743211051, ""w_ret_5"": 0.2047348014285988, ""w_trend"": 1.6640587651750716, ""w_vol"": 2.4484987090845296, ""w_exposure"": 9.855401694949261, ""w_unrealized_loss"": 4.649734561936531, ""fixed_profit_yen"": 48962.09801647049, ""base_take_profit_pct"": 0.013524128061433676, ""min_take_profit_pct"": 0.008143139355039755, ""exposure_tp_sensitivity"": 0.07633734508064886, ""vol_tp_multiplier"": 2.7773085506888195}",77709.67985822493,1351092.7257274594,929509.0349576473,917257.0567808216,0
2026-02-18,"{""base_buy_amount"": 56994.15626345524, ""max_daily_buy_amount"": 1595156.317254063, ""score_threshold"": 0.6594034263681285, ""score_scale"": 3.673244203818508, ""w_drawdown"": 3.9036451551098397, ""w_rsi"": 2.2945788776916998, ""w_ma_gap_25"": 2.8437059797644686, ""w_ret_5"": 0.6989849906382872, ""w_trend"": -2.3128195587841596, ""w_vol"": 3.3420148089523583, ""w_exposure"": 4.710962061431325, ""w_unrealized_loss"": 5.652361064811888, ""fixed_profit_yen"": 38954.9462985532, ""base_take_profit_pct"": 0.01977211296001654, ""min_take_profit_pct"": 0.005982214605921963, ""exposure_tp_sensitivity"": 0.5032864446708722, ""vol_tp_multiplier"": 1.519750490313061}",-110275.86925777892,65775.98641556854,178404.91500422917,173698.79634246574,0
2026-02-26,"{""base_buy_amount"": 971324.3608702909, ""max_daily_buy_amount"": 1970698.3547200868, ""score_threshold"": -0.8470870180483789, ""score_scale"": 3.8018907384706226, ""w_drawdown"": 3.749917689676343, ""w_rsi"": 1.732464306565244, ""w_ma_gap_25"": 0.6193488743211051, ""w_ret_5"": 0.2047348014285988, ""w_trend"": 1.6640587651750716, ""w_vol"": 2.4484987090845296, ""w_exposure"": 9.855401694949261, ""w_unrealized_loss"": 4.649734561936531, ""fixed_profit_yen"": 48962.09801647049, ""base_take_profit_pct"": 0.013524128061433676, ""min_take_profit_pct"": 0.008143139355039755, ""exposure_tp_sensitivity"": 0.07633734508064886, ""vol_tp_multiplier"": 2.7773085506888195}",90299.6966095895,1443481.8608563899,908625.6873840117,897738.6411095889,0
2026-03-05,"{""base_buy_amount"": 654587.925002388, ""max_daily_buy_amount"": 1187584.984921411, ""score_threshold"": -1.4194789813398012, ""score_scale"": 4.757110041011428, ""w_drawdown"": 1.5067131625735897, ""w_rsi"": 2.8900860790377108, ""w_ma_gap_25"": 3.498879722945331, ""w_ret_5"": 3.2461657762265443, ""w_trend"": 2.643566458173111, ""w_vol"": 0.74219494960029, ""w_exposure"": 5.083527384469421, ""w_unrealized_loss"": 4.04034390740766, ""fixed_profit_yen"": 25285.93028568305, ""base_take_profit_pct"": 0.0053380907335368495, ""min_take_profit_pct"": 0.002206851488854888, ""exposure_tp_sensitivity"": 0.25026799120313165, ""vol_tp_multiplier"": 1.5235230188041564}",409154.86114679417,2732524.6943317256,2300653.876452055,2346085.789917808,0
2026-03-12,"{""base_buy_amount"": 654587.925002388, ""max_daily_buy_amount"": 1187584.984921411, ""score_threshold"": -1.4194789813398012, ""score_scale"": 4.757110041011428, ""w_drawdown"": 1.5067131625735897, ""w_rsi"": 2.8900860790377108, ""w_ma_gap_25"": 3.498879722945331, ""w_ret_5"": 3.2461657762265443, ""w_trend"": 2.643566458173111, ""w_vol"": 0.74219494960029, ""w_exposure"": 5.083527384469421, ""w_unrealized_loss"": 4.04034390740766, ""fixed_profit_yen"": 25285.93028568305, ""base_take_profit_pct"": 0.0053380907335368495, ""min_take_profit_pct"": 0.002206851488854888, ""exposure_tp_sensitivity"": 0.25026799120313165, ""vol_tp_multiplier"": 1.5235230188041564}",1421453.202208687,2772713.5879557002,1367213.0132748485,1335307.758219178,0
2026-03-19,"{""base_buy_amount"": 654587.925002388, ""max_daily_buy_amount"": 1187584.984921411, ""score_threshold"": -1.4194789813398012, ""score_scale"": 4.757110041011428, ""w_drawdown"": 1.5067131625735897, ""w_rsi"": 2.8900860790377108, ""w_ma_gap_25"": 3.498879722945331, ""w_ret_5"": 3.2461657762265443, ""w_trend"": 2.643566458173111, ""w_vol"": 0.74219494960029, ""w_exposure"": 5.083527384469421, ""w_unrealized_loss"": 4.04034390740766, ""fixed_profit_yen"": 25285.93028568305, ""base_take_profit_pct"": 0.0053380907335368495, ""min_take_profit_pct"": 0.002206851488854888, ""exposure_tp_sensitivity"": 0.25026799120313165, ""vol_tp_multiplier"": 1.5235230188041564}",1887914.4212300833,2979645.153543614,1100104.1629832257,1083357.3016438354,0
2026-03-27,"{""base_buy_amount"": 654587.925002388, ""max_daily_buy_amount"": 1187584.984921411, ""score_threshold"": -1.4194789813398012, ""score_scale"": 4.757110041011428, ""w_drawdown"": 1.5067131625735897, ""w_rsi"": 2.8900860790377108, ""w_ma_gap_25"": 3.498879722945331, ""w_ret_5"": 3.2461657762265443, ""w_trend"": 2.643566458173111, ""w_vol"": 0.74219494960029, ""w_exposure"": 5.083527384469421, ""w_unrealized_loss"": 4.04034390740766, ""fixed_profit_yen"": 25285.93028568305, ""base_take_profit_pct"": 0.0053380907335368495, ""min_take_profit_pct"": 0.002206851488854888, ""exposure_tp_sensitivity"": 0.25026799120313165, ""vol_tp_multiplier"": 1.5235230188041564}",1341353.5086626536,2490326.750842249,1158351.1138112457,1139595.3705479451,0
2026-04-03,"{""base_buy_amount"": 576334.336362097, ""max_daily_buy_amount"": 306293.90815734275, ""score_threshold"": 0.6889603721592468, ""score_scale"": 1.7655520272755374, ""w_drawdown"": 3.297113173459509, ""w_rsi"": 3.634973071434413, ""w_ma_gap_25"": 3.843237459588285, ""w_ret_5"": 0.5387047297794828, ""w_trend"": 2.4960710708256473, ""w_vol"": 1.151069954474404, ""w_exposure"": 0.3741255617617978, ""w_unrealized_loss"": 5.548524693914834, ""fixed_profit_yen"": 20433.34734153462, ""base_take_profit_pct"": 0.025234112807707564, ""min_take_profit_pct"": 0.008274263248578717, ""exposure_tp_sensitivity"": 0.2854250035404438, ""vol_tp_multiplier"": 4.764496975348725}",1290576.3976166125,1809294.506870037,520023.2987260269,517412.91978082183,0
2026-04-10,"{""base_buy_amount"": 654587.925002388, ""max_daily_buy_amount"": 1187584.984921411, ""score_threshold"": -1.4194789813398012, ""score_scale"": 4.757110041011428, ""w_drawdown"": 1.5067131625735897, ""w_rsi"": 2.8900860790377108, ""w_ma_gap_25"": 3.498879722945331, ""w_ret_5"": 3.2461657762265443, ""w_trend"": 2.643566458173111, ""w_vol"": 0.74219494960029, ""w_exposure"": 5.083527384469421, ""w_unrealized_loss"": 4.04034390740766, ""fixed_profit_yen"": 25285.93028568305, ""base_take_profit_pct"": 0.0053380907335368495, ""min_take_profit_pct"": 0.002206851488854888, ""exposure_tp_sensitivity"": 0.25026799120313165, ""vol_tp_multiplier"": 1.5235230188041564}",2617046.9057735237,3471686.6896520387,891875.3465515506,817404.2212054791,0
2026-04-17,"{""base_buy_amount"": 654587.925002388, ""max_daily_buy_amount"": 1187584.984921411, ""score_threshold"": -1.4194789813398012, ""score_scale"": 4.757110041011428, ""w_drawdown"": 1.5067131625735897, ""w_rsi"": 2.8900860790377108, ""w_ma_gap_25"": 3.498879722945331, ""w_ret_5"": 3.2461657762265443, ""w_trend"": 2.643566458173111, ""w_vol"": 0.74219494960029, ""w_exposure"": 5.083527384469421, ""w_unrealized_loss"": 4.04034390740766, ""fixed_profit_yen"": 25285.93028568305, ""base_take_profit_pct"": 0.0053380907335368495, ""min_take_profit_pct"": 0.002206851488854888, ""exposure_tp_sensitivity"": 0.25026799120313165, ""vol_tp_multiplier"": 1.5235230188041564}",2588181.7884052037,3442821.5722837187,891875.3465515506,817404.2212054791,0
2026-04-24,"{""base_buy_amount"": 654587.925002388, ""max_daily_buy_amount"": 1187584.984921411, ""score_threshold"": -1.4194789813398012, ""score_scale"": 4.757110041011428, ""w_drawdown"": 1.5067131625735897, ""w_rsi"": 2.8900860790377108, ""w_ma_gap_25"": 3.498879722945331, ""w_ret_5"": 3.2461657762265443, ""w_trend"": 2.643566458173111, ""w_vol"": 0.74219494960029, ""w_exposure"": 5.083527384469421, ""w_unrealized_loss"": 4.04034390740766, ""fixed_profit_yen"": 25285.93028568305, ""base_take_profit_pct"": 0.0053380907335368495, ""min_take_profit_pct"": 0.002206851488854888, ""exposure_tp_sensitivity"": 0.25026799120313165, ""vol_tp_multiplier"": 1.5235230188041564}",2431235.852257009,3285875.636135524,891875.3465515506,817404.2212054791,0
2026-05-07,"{""base_buy_amount"": 654587.925002388, ""max_daily_buy_amount"": 1187584.984921411, ""score_threshold"": -1.4194789813398012, ""score_scale"": 4.757110041011428, ""w_drawdown"": 1.5067131625735897, ""w_rsi"": 2.8900860790377108, ""w_ma_gap_25"": 3.498879722945331, ""w_ret_5"": 3.2461657762265443, ""w_trend"": 2.643566458173111, ""w_vol"": 0.74219494960029, ""w_exposure"": 5.083527384469421, ""w_unrealized_loss"": 4.04034390740766, ""fixed_profit_yen"": 25285.93028568305, ""base_take_profit_pct"": 0.0053380907335368495, ""min_take_profit_pct"": 0.002206851488854888, ""exposure_tp_sensitivity"": 0.25026799120313165, ""vol_tp_multiplier"": 1.5235230188041564}",2400985.8457657658,3255625.6296442803,891875.3465515496,817404.2212054791,0
2026-05-14,"{""base_buy_amount"": 654587.925002388, ""max_daily_buy_amount"": 1187584.984921411, ""score_threshold"": -1.4194789813398012, ""score_scale"": 4.757110041011428, ""w_drawdown"": 1.5067131625735897, ""w_rsi"": 2.8900860790377108, ""w_ma_gap_25"": 3.498879722945331, ""w_ret_5"": 3.2461657762265443, ""w_trend"": 2.643566458173111, ""w_vol"": 0.74219494960029, ""w_exposure"": 5.083527384469421, ""w_unrealized_loss"": 4.04034390740766, ""fixed_profit_yen"": 25285.93028568305, ""base_take_profit_pct"": 0.0053380907335368495, ""min_take_profit_pct"": 0.002206851488854888, ""exposure_tp_sensitivity"": 0.25026799120313165, ""vol_tp_multiplier"": 1.5235230188041564}",2375292.870019801,3229932.6538983155,891875.3465515496,817404.2212054791,0
2026-05-21,"{""base_buy_amount"": 654587.925002388, ""max_daily_buy_amount"": 1187584.984921411, ""score_threshold"": -1.4194789813398012, ""score_scale"": 4.757110041011428, ""w_drawdown"": 1.5067131625735897, ""w_rsi"": 2.8900860790377108, ""w_ma_gap_25"": 3.498879722945331, ""w_ret_5"": 3.2461657762265443, ""w_trend"": 2.643566458173111, ""w_vol"": 0.74219494960029, ""w_exposure"": 5.083527384469421, ""w_unrealized_loss"": 4.04034390740766, ""fixed_profit_yen"": 25285.93028568305, ""base_take_profit_pct"": 0.0053380907335368495, ""min_take_profit_pct"": 0.002206851488854888, ""exposure_tp_sensitivity"": 0.25026799120313165, ""vol_tp_multiplier"": 1.5235230188041564}",2254295.861389664,3108935.6452681785,891875.3465515496,817404.2212054791,0
2026-05-28,"{""base_buy_amount"": 654587.925002388, ""max_daily_buy_amount"": 1187584.984921411, ""score_threshold"": -1.4194789813398012, ""score_scale"": 4.757110041011428, ""w_drawdown"": 1.5067131625735897, ""w_rsi"": 2.8900860790377108, ""w_ma_gap_25"": 3.498879722945331, ""w_ret_5"": 3.2461657762265443, ""w_trend"": 2.643566458173111, ""w_vol"": 0.74219494960029, ""w_exposure"": 5.083527384469421, ""w_unrealized_loss"": 4.04034390740766, ""fixed_profit_yen"": 25285.93028568305, ""base_take_profit_pct"": 0.0053380907335368495, ""min_take_profit_pct"": 0.002206851488854888, ""exposure_tp_sensitivity"": 0.25026799120313165, ""vol_tp_multiplier"": 1.5235230188041564}",2592258.7585067353,3446898.54238525,891875.3465515496,817404.2212054791,0
2026-06-05,"{""base_buy_amount"": 654587.925002388, ""max_daily_buy_amount"": 1187584.984921411, ""score_threshold"": -1.4194789813398012, ""score_scale"": 4.757110041011428, ""w_drawdown"": 1.5067131625735897, ""w_rsi"": 2.8900860790377108, ""w_ma_gap_25"": 3.498879722945331, ""w_ret_5"": 3.2461657762265443, ""w_trend"": 2.643566458173111, ""w_vol"": 0.74219494960029, ""w_exposure"": 5.083527384469421, ""w_unrealized_loss"": 4.04034390740766, ""fixed_profit_yen"": 25285.93028568305, ""base_take_profit_pct"": 0.0053380907335368495, ""min_take_profit_pct"": 0.002206851488854888, ""exposure_tp_sensitivity"": 0.25026799120313165, ""vol_tp_multiplier"": 1.5235230188041564}",2593435.8342168382,3448075.618095353,891875.3465515496,817404.2212054791,0
