date,side,shares,price,value,lot_id,realized_pnl_before_tax,realized_pnl_after_tax,reason,event_type
2014-10-27,BUY,2,5166.032999999999,10332.065999999999,0,0.0,0.0,buy_signal,buy
2014-10-28,BUY,4,5126.025,20504.1,1,0.0,0.0,buy_signal,buy
2014-10-29,BUY,2,5176.035,10352.07,2,0.0,0.0,buy_signal,buy
2014-10-30,SELL,4,5293.941,21175.764,1,668.4789041095897,532.6774147397266,take_profit,take_profit
2014-10-30,BUY,1,5296.059,5296.059,3,0.0,0.0,buy_signal,buy
2014-10-31,SELL,2,5453.909000000001,10907.818000000001,0,572.5484931506871,456.23526676712504,take_profit,take_profit
2014-10-31,SELL,2,5453.909000000001,10907.818000000001,2,554.1193972602754,441.55004170685044,take_profit,take_profit
2014-11-04,SELL,1,6363.727,6363.727,3,1066.8072876712326,850.0853871808217,take_profit,take_profit
2014-12-10,BUY,1,6721.344,6721.344,4,0.0,0.0,buy_signal,buy
2014-12-11,BUY,13,6376.275,82891.575,5,0.0,0.0,buy_signal,buy
2014-12-12,BUY,22,6501.3,143028.6,6,0.0,0.0,buy_signal,buy
2014-12-15,BUY,18,6331.266,113962.788,7,0.0,0.0,buy_signal,buy
2014-12-16,BUY,29,6141.228,178095.612,8,0.0,0.0,buy_signal,buy
2014-12-17,BUY,32,6021.204,192678.528,9,0.0,0.0,buy_signal,buy
2014-12-18,SELL,32,6398.72,204759.04,9,12065.439561643852,9614.345514695904,take_profit,take_profit
2014-12-18,BUY,29,6401.28,185637.12,10,0.0,0.0,buy_signal,buy
2014-12-19,SELL,29,6643.671,192666.459,8,14529.490616438365,11577.82459770891,take_profit,take_profit
2014-12-19,BUY,11,6646.329,73109.61899999999,11,0.0,0.0,buy_signal,buy
2014-12-22,SELL,13,6738.652,87602.476,5,4666.383301369861,3718.407533696574,take_profit,take_profit
2014-12-22,SELL,22,6738.652,148250.344,6,5157.308712328773,4109.601447419183,take_profit,take_profit
2014-12-22,SELL,18,6738.652,121295.736,7,7289.279506849319,5808.462375032879,take_profit,take_profit
2014-12-22,SELL,29,6738.652,195420.908,10,9754.667232876713,7773.006584517809,take_profit,take_profit
2014-12-22,BUY,1,6741.348,6741.348,12,0.0,0.0,buy_signal,buy
2014-12-24,BUY,1,6866.373,6866.373,13,0.0,0.0,buy_signal,buy
2014-12-25,SELL,1,6838.6320000000005,6838.6320000000005,4,112.31780821917854,89.50044547945242,take_profit,take_profit
2014-12-25,SELL,11,6838.6320000000005,75224.952,11,2098.228452054808,1671.9733420198736,take_profit,take_profit
2014-12-25,SELL,1,6838.6320000000005,6838.6320000000005,12,96.24301369863069,76.69124546575387,take_profit,take_profit
2014-12-30,BUY,2,6791.358,13582.716,14,0.0,0.0,buy_signal,buy
2015-01-05,BUY,11,6511.302,71624.322,15,0.0,0.0,buy_signal,buy
2015-01-06,BUY,17,6291.258,106951.386,16,0.0,0.0,buy_signal,buy
2015-01-07,BUY,31,6081.215999999999,188517.696,17,0.0,0.0,buy_signal,buy
2015-01-08,BUY,30,6281.256,188437.68000000002,18,0.0,0.0,buy_signal,buy
2015-01-09,SELL,31,6473.705,200684.855,17,12137.385410958917,9671.675564722613,take_profit,take_profit
2015-01-09,BUY,20,6476.295,129525.9,19,0.0,0.0,buy_signal,buy
2015-01-13,BUY,15,6181.236,92718.54,20,0.0,0.0,buy_signal,buy
2015-01-14,BUY,19,6201.24,117823.56,21,0.0,0.0,buy_signal,buy
2015-01-15,BUY,24,6116.223,146789.352,22,0.0,0.0,buy_signal,buy
2015-01-16,BUY,5,6056.211,30281.055,23,0.0,0.0,buy_signal,buy
2015-01-19,BUY,20,6226.245,124524.9,24,0.0,0.0,buy_signal,buy
2015-01-20,SELL,5,6268.746,31343.73,23,1057.943767123287,843.0224908321912,take_profit,take_profit
2015-01-20,BUY,10,6271.254,62712.54,25,0.0,0.0,buy_signal,buy
2015-01-21,SELL,17,6433.713,109373.121,16,2340.182506849316,1864.7744305828774,take_profit,take_profit
2015-01-21,SELL,30,6433.713,193011.38999999998,18,4458.158219178045,3552.4833769520255,take_profit,take_profit
2015-01-21,SELL,15,6433.713,96505.69499999999,20,3744.0330821917796,2983.4327615445195,take_profit,take_profit
2015-01-21,SELL,19,6433.713,122240.54699999999,21,4371.533794520542,3483.4567041636938,take_profit,take_profit
2015-01-21,SELL,24,6433.713,154409.112,22,7573.511671232857,6034.952775221902,take_profit,take_profit
2015-01-21,SELL,20,6433.713,128674.26,24,4129.859726027398,3290.878722684932,take_profit,take_profit
2015-01-21,SELL,10,6433.713,64337.13,25,1619.6152054794486,1290.5903764862987,take_profit,take_profit
2015-01-22,BUY,1,6441.288,6441.288,26,0.0,0.0,buy_signal,buy
2015-01-23,BUY,3,6591.318,19773.954,27,0.0,0.0,buy_signal,buy
2015-01-27,BUY,1,6681.336,6681.336,28,0.0,0.0,buy_signal,buy
2015-01-28,SELL,11,6658.668000000001,73245.34800000001,15,1535.0940000000126,1223.2396539000101,take_profit,take_profit
2015-01-28,SELL,20,6658.668000000001,133173.36000000002,19,3529.9213698630347,2812.8178435753593,take_profit,take_profit
2015-01-28,SELL,1,6658.668000000001,6658.668000000001,26,215.35901369863114,171.60883006575423,take_profit,take_profit
2015-01-28,SELL,3,6658.668000000001,19976.004,27,197.470273972602,157.35418781506792,take_profit,take_profit
2015-01-29,SELL,1,6688.662,6688.662,28,6.284246575342488,5.007601883561661,take_profit,take_profit
2015-01-30,BUY,1,6786.357,6786.357,29,0.0,0.0,buy_signal,buy
2015-02-02,BUY,1,6606.321,6606.321,30,0.0,0.0,buy_signal,buy
2015-02-03,BUY,3,6696.339,20089.017,31,0.0,0.0,buy_signal,buy
2015-02-04,BUY,14,6631.326,92838.564,32,0.0,0.0,buy_signal,buy
2015-02-05,BUY,3,6656.331,19968.993000000002,33,0.0,0.0,buy_signal,buy
2015-02-06,BUY,5,6716.343,33581.715,34,0.0,0.0,buy_signal,buy
2015-02-09,BUY,2,6786.357,13572.714,35,0.0,0.0,buy_signal,buy
2015-02-10,BUY,1,6676.335,6676.335,36,0.0,0.0,buy_signal,buy
2015-02-12,BUY,1,6871.374,6871.374,37,0.0,0.0,buy_signal,buy
2015-02-13,SELL,2,6878.624,13757.248,14,146.61715068493075,116.83187652328706,take_profit,take_profit
2015-02-13,SELL,1,6878.624,6878.624,29,87.65889041095873,69.85098682397246,take_profit,take_profit
2015-02-13,SELL,1,6878.624,6878.624,30,268.21039726027385,213.72345505684922,take_profit,take_profit
2015-02-13,SELL,3,6878.624,20635.872,31,536.1006986301365,427.1918417034243,take_profit,take_profit
2015-02-13,SELL,14,6878.624,96300.736,32,3418.9123835616497,2724.3603328411004,take_profit,take_profit
2015-02-13,SELL,3,6878.624,20635.872,33,659.1498493150657,525.2435574267101,take_profit,take_profit
2015-02-13,SELL,5,6878.624,34393.119999999995,34,801.0488356164371,638.3157646609579,take_profit,take_profit
2015-02-13,SELL,2,6878.624,13757.248,35,181.4156438356161,144.56105579041068,take_profit,take_profit
2015-02-13,SELL,1,6878.624,6878.624,36,201.24532876712306,160.36234022808202,take_profit,take_profit
2015-02-19,SELL,1,7128.5740000000005,7128.5740000000005,13,244.00445205479545,194.43494761986375,take_profit,take_profit
2015-02-19,SELL,1,7128.5740000000005,7128.5740000000005,37,254.530027397261,202.82225233150743,take_profit,take_profit
2015-03-05,BUY,1,7481.496,7481.496,38,0.0,0.0,buy_signal,buy
2015-03-06,BUY,2,7601.5199999999995,15203.039999999999,39,0.0,0.0,buy_signal,buy
2015-03-09,SELL,1,7643.4710000000005,7643.4710000000005,38,160.80436986301407,128.13696212534276,take_profit,take_profit
2015-03-09,SELL,2,7643.4710000000005,15286.942000000001,39,82.71832876712514,65.91410027808367,take_profit,take_profit
2015-03-09,BUY,1,7646.5289999999995,7646.5289999999995,40,0.0,0.0,buy_signal,buy
2015-03-10,BUY,3,7646.5289999999995,22939.587,41,0.0,0.0,buy_signal,buy
2015-03-11,BUY,6,7396.479,44378.874,42,0.0,0.0,buy_signal,buy
2015-03-12,SELL,6,7563.487,45380.922,42,998.5890410958856,795.7256773972565,take_profit,take_profit
2015-03-12,BUY,4,7566.513,30266.052,43,0.0,0.0,buy_signal,buy
2015-03-13,SELL,4,7853.429,31413.716,43,1145.2889863013706,912.6235287342472,take_profit,take_profit
2015-03-13,BUY,1,7856.571,7856.571,44,0.0,0.0,buy_signal,buy
2015-03-16,SELL,1,7928.414,7928.414,40,278.95190410958924,222.2828247897262,take_profit,take_profit
2015-03-16,SELL,3,7928.414,23785.242,41,838.5978493150674,668.2366962267115,take_profit,take_profit
2015-03-18,SELL,1,8073.385,8073.385,44,214.97252054794552,171.30085299863038,take_profit,take_profit
2015-03-27,BUY,3,8141.628,24424.884,45,0.0,0.0,buy_signal,buy
2015-03-30,BUY,10,8056.611,80566.11,46,0.0,0.0,buy_signal,buy
2015-03-31,BUY,8,8296.659,66373.272,47,0.0,0.0,buy_signal,buy
2015-04-01,BUY,14,7976.595,111672.33,48,0.0,0.0,buy_signal,buy
2015-04-02,BUY,20,7906.581,158131.62,49,0.0,0.0,buy_signal,buy
2015-04-03,SELL,20,8063.387000000001,161267.74000000002,49,3123.753972602764,2489.1633530685126,take_profit,take_profit
2015-04-03,BUY,6,8066.612999999999,48399.678,50,0.0,0.0,buy_signal,buy
2015-04-06,SELL,14,8038.392,112537.488,48,839.3074794520506,668.8021650013666,take_profit,take_profit
2015-04-06,BUY,3,8041.608,24124.824,51,0.0,0.0,buy_signal,buy
2015-04-07,BUY,5,8251.65,41258.25,52,0.0,0.0,buy_signal,buy
2015-04-08,SELL,3,8413.317000000001,25239.951,45,800.1667808219205,637.6128992979474,take_profit,take_profit
2015-04-08,SELL,10,8413.317000000001,84133.17000000001,46,3523.560273972615,2807.7490043150783,take_profit,take_profit
2015-04-08,SELL,6,8413.317000000001,50479.902,50,2068.8920547945227,1648.5966338630153,take_profit,take_profit
2015-04-08,SELL,3,8413.317000000001,25239.951,51,1111.3389452054798,885.5704384869866,take_profit,take_profit
2015-04-08,BUY,1,8416.682999999999,8416.682999999999,53,0.0,0.0,buy_signal,buy
2015-04-09,SELL,8,8518.296,68146.368,47,1738.102904109594,1385.00729913973,take_profit,take_profit
2015-04-09,SELL,5,8518.296,42591.48,52,1326.786164383565,1057.2495550890437,take_profit,take_profit
2015-04-10,SELL,1,8638.272,8638.272,53,220.28143835616615,175.531264154111,take_profit,take_profit
2015-04-14,BUY,1,8486.697,8486.697,54,0.0,0.0,buy_signal,buy
2015-04-15,BUY,1,8511.702,8511.702,55,0.0,0.0,buy_signal,buy
2015-04-16,BUY,3,8521.704,25565.112,56,0.0,0.0,buy_signal,buy
2015-04-17,BUY,4,8486.697,33946.788,57,0.0,0.0,buy_signal,buy
2015-04-20,BUY,10,8251.65,82516.5,58,0.0,0.0,buy_signal,buy
2015-04-21,BUY,11,8401.68,92418.48000000001,59,0.0,0.0,buy_signal,buy
2015-04-22,SELL,10,8633.273000000001,86332.73000000001,58,3803.28095890412,3030.644432102748,take_profit,take_profit
2015-04-22,SELL,11,8633.273000000001,94966.00300000001,59,2540.303986301371,2024.2412314842475,take_profit,take_profit
2015-04-22,BUY,3,8636.726999999999,25910.180999999997,60,0.0,0.0,buy_signal,buy
2015-04-23,SELL,1,8838.232,8838.232,54,346.96141095890397,276.4762003226026,take_profit,take_profit
2015-04-23,SELL,1,8838.232,8838.232,55,322.6134520547952,257.07452926986355,take_profit,take_profit
2015-04-23,SELL,3,8838.232,26514.696,56,939.7962739726016,748.8766609150676,take_profit,take_profit
2015-04-23,SELL,4,8838.232,35352.928,57,1395.713260273972,1112.1741114493148,take_profit,take_profit
2015-04-23,BUY,1,8841.768,8841.768,61,0.0,0.0,buy_signal,buy
2015-04-24,SELL,3,8748.25,26244.75,60,330.5266438356196,263.3801561404135,take_profit,take_profit
2015-04-24,BUY,1,8751.75,8751.75,62,0.0,0.0,buy_signal,buy
2015-04-27,BUY,2,8701.74,17403.48,63,0.0,0.0,buy_signal,buy
2015-04-28,BUY,2,8701.74,17403.48,64,0.0,0.0,buy_signal,buy
2015-04-30,BUY,3,8451.69,25355.07,65,0.0,0.0,buy_signal,buy
2015-05-01,BUY,20,8226.645,164532.90000000002,66,0.0,0.0,buy_signal,buy
2015-05-07,BUY,20,8076.615,161532.3,67,0.0,0.0,buy_signal,buy
2015-05-08,BUY,23,8086.617,185992.191,68,0.0,0.0,buy_signal,buy
2015-05-11,BUY,20,8316.663,166333.26,69,0.0,0.0,buy_signal,buy
2015-05-12,SELL,20,8258.348,165166.96,67,3597.186027397264,2866.41768593151,take_profit,take_profit
2015-05-12,SELL,23,8258.348,189942.004,68,3920.8682876712273,3124.3438950308173,take_profit,take_profit
2015-05-12,BUY,11,8261.652,90878.172,70,0.0,0.0,buy_signal,buy
2015-05-13,BUY,7,8241.648,57691.53599999999,71,0.0,0.0,buy_signal,buy
2015-05-14,SELL,20,8323.335000000001,166466.7,66,1858.0465753424542,1480.5844135616346,take_profit,take_profit
2015-05-14,SELL,11,8323.335000000001,91556.68500000001,70,664.4082876712391,529.4337440308269,take_profit,take_profit
2015-05-14,SELL,7,8323.335000000001,58263.34500000001,71,567.2875753424814,452.0431044116563,take_profit,take_profit
2015-05-14,BUY,4,8326.664999999999,33306.659999999996,72,0.0,0.0,buy_signal,buy
2015-05-15,BUY,8,8356.671,66853.368,73,0.0,0.0,buy_signal,buy
2015-05-18,BUY,4,8396.679,33586.716,74,0.0,0.0,buy_signal,buy
2015-05-19,SELL,20,8583.283,171665.65999999997,69,5255.511232876677,4187.85412591778,take_profit,take_profit
2015-05-19,SELL,4,8583.283,34333.132,72,1018.7670136986317,811.8044948657547,take_profit,take_profit
2015-05-19,SELL,8,8583.283,68666.264,73,1802.5490410958837,1436.361203397255,take_profit,take_profit
2015-05-19,BUY,2,8586.717,17173.434,75,0.0,0.0,buy_signal,buy
2015-05-20,SELL,3,8748.25,26244.75,65,868.6535342465756,692.1865687643838,take_profit,take_profit
2015-05-20,SELL,4,8748.25,34993.0,74,1401.0184657534244,1116.4015644356161,take_profit,take_profit
2015-05-20,BUY,1,8751.75,8751.75,76,0.0,0.0,buy_signal,buy
2015-05-21,SELL,2,8798.24,17596.48,75,420.36950684931355,334.9714415328755,take_profit,take_profit
2015-05-25,SELL,2,8898.22,17796.44,63,372.2376986301361,296.6176101534239,take_profit,take_profit
2015-05-25,SELL,2,8898.22,17796.44,64,373.5579178082183,297.66962680547874,take_profit,take_profit
2015-05-26,SELL,1,8973.205,8973.205,62,209.74179452054787,167.13274896369856,take_profit,take_profit
2015-05-26,SELL,1,8973.205,8973.205,76,218.7420684931506,174.30461727876707,take_profit,take_profit
2015-05-27,SELL,1,8928.214,8928.214,61,73.36578082191772,58.46152244794514,take_profit,take_profit
2015-06-02,BUY,1,9141.828,9141.828,77,0.0,0.0,buy_signal,buy
2015-06-03,BUY,2,8996.798999999999,17993.597999999998,78,0.0,0.0,buy_signal,buy
2015-06-04,BUY,3,9091.818,27275.453999999998,79,0.0,0.0,buy_signal,buy
2015-06-05,BUY,5,8976.795,44883.975,80,0.0,0.0,buy_signal,buy
2015-06-08,BUY,5,9086.817,45434.08499999999,81,0.0,0.0,buy_signal,buy
2015-06-09,BUY,6,8886.777,53320.662,82,0.0,0.0,buy_signal,buy
2015-06-10,BUY,16,8711.742,139387.872,83,0.0,0.0,buy_signal,buy
2015-06-11,BUY,17,8766.753,149034.801,84,0.0,0.0,buy_signal,buy
2015-06-12,SELL,16,8958.208,143331.328,83,3921.8844931506906,3125.1536583671277,take_profit,take_profit
2015-06-12,SELL,17,8958.208,152289.53600000002,84,3243.1023424657687,2584.266101593848,take_profit,take_profit
2015-06-12,BUY,5,8961.792,44808.96,85,0.0,0.0,buy_signal,buy
2015-06-15,BUY,6,8786.757,52720.542,86,0.0,0.0,buy_signal,buy
2015-06-16,SELL,6,8868.226,53209.356,86,484.70835616438205,386.23985360958784,take_profit,take_profit
2015-06-16,BUY,7,8871.774,62102.418,87,0.0,0.0,buy_signal,buy
2015-06-17,BUY,7,8851.77,61962.39,88,0.0,0.0,buy_signal,buy
2015-06-18,BUY,8,8756.751,70054.008,89,0.0,0.0,buy_signal,buy
2015-06-19,BUY,19,8706.741,165428.079,90,0.0,0.0,buy_signal,buy
2015-06-22,BUY,12,8726.744999999999,104720.93999999999,91,0.0,0.0,buy_signal,buy
2015-06-23,SELL,8,9048.19,72385.52,89,2315.3962739726053,1845.0235209150705,take_profit,take_profit
2015-06-23,SELL,19,9048.19,171915.61000000002,90,6461.769082191798,5149.0606931445345,take_profit,take_profit
2015-06-23,SELL,12,9048.19,108578.28,91,3849.1056986301483,3067.1598759534336,take_profit,take_profit
2015-06-23,BUY,4,9051.81,36207.24,92,0.0,0.0,buy_signal,buy
2015-06-24,SELL,2,9343.131,18686.262,78,672.2178630136993,535.6568041424663,take_profit,take_profit
2015-06-24,SELL,3,9343.131,28029.392999999996,79,725.3444794520533,577.9907484513686,take_profit,take_profit
2015-06-24,SELL,5,9343.131,46715.655,80,1787.4821917808222,1424.3551845205482,take_profit,take_profit
2015-06-24,SELL,5,9343.131,46715.655,81,1240.8261643835685,988.7523290890466,take_profit,take_profit
2015-06-24,SELL,6,9343.131,56058.78599999999,82,2693.3715616438317,2146.213128895887,take_profit,take_profit
2015-06-24,SELL,5,9343.131,46715.655,85,1879.4774657534244,1497.6616185856162,take_profit,take_profit
2015-06-24,SELL,7,9343.131,65401.916999999994,87,3270.9823424657498,2606.4822795938326,take_profit,take_profit
2015-06-24,SELL,7,9343.131,65401.916999999994,88,3415.7385068493095,2721.8312291828724,take_profit,take_profit
2015-06-24,SELL,4,9343.131,37372.524,92,1162.4410410958901,926.2911435972601,take_profit,take_profit
2015-06-25,SELL,1,9263.147,9263.147,77,109.68327397260407,87.40111686506955,take_profit,take_profit
2015-06-29,BUY,1,8801.76,8801.76,93,0.0,0.0,buy_signal,buy
2015-06-30,BUY,18,8731.746,157171.42799999999,94,0.0,0.0,buy_signal,buy
2015-07-01,BUY,16,8821.764,141148.224,95,0.0,0.0,buy_signal,buy
2015-07-02,SELL,18,9043.191,162777.43800000002,94,5581.610876712367,4447.706627108249,take_profit,take_profit
2015-07-02,BUY,12,9046.809,108561.70799999998,96,0.0,0.0,buy_signal,buy
2015-07-03,SELL,1,8973.205,8973.205,93,168.73130136986273,134.4535374965751,take_profit,take_profit
2015-07-03,SELL,16,8973.205,143571.28,95,2401.085589041107,1913.305051627406,take_profit,take_profit
2015-07-03,BUY,5,8976.795,44883.975,97,0.0,0.0,buy_signal,buy
2015-07-06,BUY,5,8761.752,43808.76,98,0.0,0.0,buy_signal,buy
2015-07-07,BUY,11,8876.775,97644.525,99,0.0,0.0,buy_signal,buy
2015-07-08,BUY,4,8826.765,35307.06,100,0.0,0.0,buy_signal,buy
2015-07-09,BUY,22,8031.606,176695.332,101,0.0,0.0,buy_signal,buy
2015-07-10,SELL,22,8393.321,184653.062,101,7943.536684931517,6329.807207387679,take_profit,take_profit
2015-07-10,BUY,20,8396.679,167933.58000000002,102,0.0,0.0,buy_signal,buy
2015-07-13,BUY,20,8501.699999999999,170033.99999999997,103,0.0,0.0,buy_signal,buy
2015-07-14,SELL,20,8848.23,176964.59999999998,102,9004.899452054755,7175.554128369831,take_profit,take_profit
2015-07-14,BUY,5,8851.77,44258.850000000006,104,0.0,0.0,buy_signal,buy
2015-07-15,SELL,20,8938.212,178764.24,103,8703.38301369865,6935.29075446577,take_profit,take_profit
2015-07-15,BUY,2,8941.788,17883.576,105,0.0,0.0,buy_signal,buy
2015-07-16,SELL,5,9048.19,45240.950000000004,98,1405.651369863016,1120.0932940753444,take_profit,take_profit
2015-07-17,SELL,11,9103.179,100134.969,99,2431.729917808222,1937.7239850054818,take_profit,take_profit
2015-07-17,SELL,4,9103.179,36412.716,100,1087.0333150684958,866.2024971123309,take_profit,take_profit
2015-07-17,SELL,5,9103.179,45515.895000000004,104,1246.7310273972585,993.4576191815054,take_profit,take_profit
2015-07-22,SELL,12,9113.177,109358.124,96,690.8061369863134,550.4688702575438,take_profit,take_profit
2015-07-22,SELL,5,9113.177,45565.884999999995,97,641.3656164383524,511.0721914589011,take_profit,take_profit
2015-07-22,SELL,2,9113.177,18226.354,105,337.19104109588886,268.690681097259,take_profit,take_profit
2015-07-23,BUY,1,9141.828,9141.828,106,0.0,0.0,buy_signal,buy
2015-07-24,BUY,1,9066.813,9066.813,107,0.0,0.0,buy_signal,buy
2015-07-27,BUY,3,8886.777,26660.331,108,0.0,0.0,buy_signal,buy
2015-07-28,BUY,8,8686.737,69493.896,109,0.0,0.0,buy_signal,buy
2015-07-29,SELL,8,8828.234,70625.872,109,1126.547835616448,897.6896428109667,take_profit,take_profit
2015-07-29,BUY,12,8831.766,105981.192,110,0.0,0.0,buy_signal,buy
2015-07-30,BUY,10,8931.786,89317.86,111,0.0,0.0,buy_signal,buy
2015-07-31,SELL,12,8973.205,107678.45999999999,110,1680.891452054791,1339.4183535698603,take_profit,take_profit
2015-07-31,BUY,4,8976.795,35907.18,112,0.0,0.0,buy_signal,buy
2015-08-03,BUY,2,9001.8,18003.6,113,0.0,0.0,buy_signal,buy
2015-08-04,BUY,2,8926.785,17853.57,114,0.0,0.0,buy_signal,buy
2015-08-05,BUY,2,8961.792,17923.584,115,0.0,0.0,buy_signal,buy
2015-08-06,SELL,3,9203.159,27609.477,108,932.6727945205486,743.2003163136991,take_profit,take_profit
2015-08-06,SELL,10,9203.159,92031.59,111,2679.1365753424616,2134.8699800616405,take_profit,take_profit
2015-08-06,SELL,2,9203.159,18406.318,114,549.9786849315065,438.2505150876709,take_profit,take_profit
2015-08-06,BUY,1,9206.841,9206.841,116,0.0,0.0,buy_signal,buy
2015-08-07,SELL,4,9078.184000000001,36312.736000000004,112,391.68334246575756,312.1128714438389,take_profit,take_profit
2015-08-07,SELL,2,9078.184000000001,18156.368000000002,115,229.99243835616767,183.2694745041122,take_profit,take_profit
2015-08-07,BUY,4,9081.815999999999,36327.263999999996,117,0.0,0.0,buy_signal,buy
2015-08-10,SELL,2,9073.185,18146.37,113,135.81142465753467,108.2213337383565,take_profit,take_profit
2015-08-10,BUY,3,9076.815,27230.445,118,0.0,0.0,buy_signal,buy
2015-08-11,SELL,1,9328.134,9328.134,107,253.0264794520547,201.6241501513698,take_profit,take_profit
2015-08-11,SELL,4,9328.134,37312.536,117,979.6229041095935,780.6125111397296,take_profit,take_profit
2015-08-11,SELL,3,9328.134,27984.402000000002,118,751.8328356164405,599.0979950609607,take_profit,take_profit
2015-08-11,BUY,2,9331.866,18663.732,119,0.0,0.0,buy_signal,buy
2015-08-12,BUY,4,9096.819,36387.276,120,0.0,0.0,buy_signal,buy
2015-08-13,BUY,14,8896.779,124554.906,121,0.0,0.0,buy_signal,buy
2015-08-14,SELL,14,8973.205,125624.87,121,1060.244547945198,844.8558680301311,take_profit,take_profit
2015-08-14,BUY,7,8976.795,62837.565,122,0.0,0.0,buy_signal,buy
2015-08-17,BUY,10,9051.81,90518.09999999999,123,0.0,0.0,buy_signal,buy
2015-08-18,BUY,8,9086.817,72694.536,124,0.0,0.0,buy_signal,buy
2015-08-19,BUY,73,8946.789,653115.5970000001,125,0.0,0.0,buy_signal,buy
2015-08-20,BUY,75,8701.74,652630.5,126,0.0,0.0,buy_signal,buy
2015-08-21,BUY,79,8261.652,652670.508,127,0.0,0.0,buy_signal,buy
2015-08-24,BUY,84,7746.549,650710.116,128,0.0,0.0,buy_signal,buy
2015-08-25,BUY,94,6901.38,648729.72,129,0.0,0.0,buy_signal,buy
2015-08-26,BUY,14,6736.347,94308.858,130,0.0,0.0,buy_signal,buy
2015-08-27,SELL,14,7428.514,103999.196,130,9682.664465753429,7715.63117953562,take_profit,take_profit
2015-08-27,BUY,13,7431.486,96609.318,131,0.0,0.0,buy_signal,buy
2015-08-28,SELL,94,7623.475,716606.65,129,67724.23794520553,53966.05900663703,take_profit,take_profit
2015-08-28,BUY,13,7626.525,99144.825,132,0.0,0.0,buy_signal,buy
2015-08-31,BUY,13,7631.526,99209.838,133,0.0,0.0,buy_signal,buy
2015-09-01,BUY,13,7411.482,96349.266,134,0.0,0.0,buy_signal,buy
2015-09-09,BUY,1,6851.37,6851.37,135,0.0,0.0,buy_signal,buy
2015-10-26,SELL,1,7623.475,7623.475,135,756.7966712328772,603.0534274719182,take_profit,take_profit
2015-11-09,SELL,13,7943.411,103264.343,131,6325.03157534246,5040.10141081164,take_profit,take_profit
2015-11-09,SELL,13,7943.411,103264.343,134,6607.561821917799,5265.235637795198,take_profit,take_profit
2015-11-10,SELL,84,7958.408,668506.272,128,15474.796438356123,12331.091541904076,take_profit,take_profit
2015-11-10,SELL,13,7958.408,103459.304,132,3983.6678219178148,3174.3857038952106,take_profit,take_profit
2015-11-10,SELL,13,7958.408,103459.304,133,3926.3736164383563,3128.7308162589043,take_profit,take_profit
2015-12-07,BUY,15,8166.633,122499.495,136,0.0,0.0,buy_signal,buy
2015-12-09,BUY,34,7916.583,269163.822,137,0.0,0.0,buy_signal,buy
2015-12-11,BUY,2,7756.5509999999995,15513.101999999999,138,0.0,0.0,buy_signal,buy
2015-12-15,BUY,3,7481.496,22444.488,139,0.0,0.0,buy_signal,buy
2015-12-16,BUY,15,7471.494,112072.40999999999,140,0.0,0.0,buy_signal,buy
2015-12-18,SELL,3,7783.443,23350.329,139,900.6330000000004,717.6694060500004,take_profit,take_profit
2015-12-18,SELL,15,7783.443,116751.645,140,4661.525958904124,3714.5369603527515,take_profit,take_profit
2016-01-07,BUY,9,6861.372,61752.348000000005,141,0.0,0.0,buy_signal,buy
2016-01-08,BUY,22,6461.2919999999995,142148.424,142,0.0,0.0,buy_signal,buy
2016-01-12,BUY,23,6391.278,146999.394,143,0.0,0.0,buy_signal,buy
2016-01-13,BUY,23,6356.271,146194.233,144,0.0,0.0,buy_signal,buy
2016-01-14,BUY,4,6126.224999999999,24504.899999999998,145,0.0,0.0,buy_signal,buy
2016-01-15,BUY,18,6411.282,115403.076,146,0.0,0.0,buy_signal,buy
2016-01-18,BUY,15,5801.16,87017.4,147,0.0,0.0,buy_signal,buy
2016-01-19,BUY,20,5936.187,118723.73999999999,148,0.0,0.0,buy_signal,buy
2016-01-20,BUY,7,6011.202,42078.414000000004,149,0.0,0.0,buy_signal,buy
2016-01-21,BUY,25,5646.129,141153.225,150,0.0,0.0,buy_signal,buy
2016-01-22,BUY,25,5676.135,141903.375,151,0.0,0.0,buy_signal,buy
2016-01-26,SELL,25,5798.84,144971.0,150,3784.596917808213,3015.7560539554747,take_profit,take_profit
2016-02-01,SELL,15,6523.695,97855.42499999999,147,10770.04253424657,8582.108393414379,take_profit,take_profit
2016-02-01,SELL,25,6523.695,163092.375,151,21119.68082191781,16829.217662945208,take_profit,take_profit
2016-02-02,SELL,20,6433.713,128674.26,148,9858.948493150689,7856.1031067671265,take_profit,take_profit
2016-02-02,SELL,7,6433.713,45035.990999999995,149,2928.7730547945107,2333.792808713006,take_profit,take_profit
2016-04-04,BUY,21,5276.055,110797.155,152,0.0,0.0,buy_signal,buy
2016-04-05,BUY,22,5261.052,115743.144,153,0.0,0.0,buy_signal,buy
2016-04-06,BUY,26,5041.008,131066.208,154,0.0,0.0,buy_signal,buy
2016-04-07,BUY,26,5046.009,131196.234,155,0.0,0.0,buy_signal,buy
2016-04-08,BUY,26,4900.98,127425.47999999998,156,0.0,0.0,buy_signal,buy
2016-04-11,SELL,26,5063.987,131663.662,156,4227.99997260277,3369.0817781685173,take_profit,take_profit
2016-04-11,BUY,8,5066.013,40528.104,157,0.0,0.0,buy_signal,buy
2016-04-12,BUY,12,5041.008,60492.096,158,0.0,0.0,buy_signal,buy
2016-04-14,SELL,26,5633.8730000000005,146480.698,154,15352.849342465759,12233.91799854384,take_profit,take_profit
2016-04-14,SELL,26,5633.8730000000005,146480.698,155,15232.885698630143,12138.32496895343,take_profit,take_profit
2016-04-14,SELL,8,5633.8730000000005,45070.984000000004,157,4533.241863013704,3612.3137785424697,take_profit,take_profit
2016-04-14,SELL,12,5633.8730000000005,67606.47600000001,158,7104.589972602752,5661.292519668503,take_profit,take_profit
2016-04-15,SELL,21,5698.86,119676.06,152,8803.117438356163,7014.764130754109,take_profit,take_profit
2016-04-15,SELL,22,5698.86,125374.92,153,9561.315726027395,7618.93443628493,take_profit,take_profit
2016-06-03,BUY,9,5566.113,50095.017,159,0.0,0.0,buy_signal,buy
2016-06-06,BUY,8,5381.076,43048.608,160,0.0,0.0,buy_signal,buy
2016-06-07,BUY,9,5581.116,50230.044,161,0.0,0.0,buy_signal,buy
2016-06-08,SELL,8,5618.876,44951.008,160,1895.5664657534262,1510.4821382356176,take_profit,take_profit
2016-06-08,BUY,7,5621.124,39347.868,162,0.0,0.0,buy_signal,buy
2016-06-10,BUY,3,5596.119,16788.357,163,0.0,0.0,buy_signal,buy
2016-06-13,BUY,8,5356.071,42848.568,164,0.0,0.0,buy_signal,buy
2016-06-14,BUY,11,5146.0289999999995,56606.318999999996,165,0.0,0.0,buy_signal,buy
2016-06-15,BUY,11,5026.005,55286.055,166,0.0,0.0,buy_signal,buy
2016-06-16,BUY,21,5061.012,106281.252,167,0.0,0.0,buy_signal,buy
2016-06-17,BUY,26,4960.992,128985.792,168,0.0,0.0,buy_signal,buy
2016-06-20,BUY,18,5046.009,90828.162,169,0.0,0.0,buy_signal,buy
2016-06-22,SELL,26,5198.96,135172.96,168,6156.761534246566,4906.015428564377,take_profit,take_profit
2016-06-24,SELL,11,5353.929,58893.219,166,3577.1276712328736,2850.4341848219156,take_profit,take_profit
2016-06-30,BUY,11,4950.99,54460.89,170,0.0,0.0,buy_signal,buy
2016-07-01,BUY,11,4915.983,54075.813,171,0.0,0.0,buy_signal,buy
2016-07-04,BUY,7,4820.964,33746.748,172,0.0,0.0,buy_signal,buy
2016-07-05,BUY,2,4895.979,9791.958,173,0.0,0.0,buy_signal,buy
2016-07-06,BUY,7,4740.948,33186.636,174,0.0,0.0,buy_signal,buy
2016-07-07,BUY,12,4705.941,56471.292,175,0.0,0.0,buy_signal,buy
2016-07-08,BUY,12,4660.932,55931.183999999994,176,0.0,0.0,buy_signal,buy
2016-07-11,BUY,11,4785.957,52645.527,177,0.0,0.0,buy_signal,buy
2016-07-12,SELL,12,5133.973,61607.676,176,5667.769808219184,4516.362371679456,take_profit,take_profit
2016-07-13,SELL,7,5368.926,37582.482,172,3817.5704383561683,3042.0310038041125,take_profit,take_profit
2016-07-13,SELL,7,5368.926,37582.482,174,4382.969068493156,3492.568902228771,take_profit,take_profit
2016-07-13,SELL,12,5368.926,64427.11200000001,175,7938.0810410958975,6325.459877597266,take_profit,take_profit
2016-07-13,SELL,11,5368.926,59058.186,177,6404.17001369863,5103.162875415754,take_profit,take_profit
2016-07-14,SELL,11,5248.95,57738.45,170,3236.3723835616415,2578.903333841094,take_profit,take_profit
2016-07-14,SELL,11,5248.95,57738.45,171,3625.541986301365,2889.0131317842424,take_profit,take_profit
2016-07-14,SELL,2,5248.95,10497.9,173,700.7086849315059,558.3597155876705,take_profit,take_profit
2016-07-15,SELL,21,5393.921,113272.341,167,6824.757493150692,5438.308008417129,take_profit,take_profit
2016-07-15,SELL,18,5393.921,97090.57800000001,169,6133.2055890411075,4887.244873627406,take_profit,take_profit
2016-07-20,SELL,11,5493.901,60432.911,165,3721.6104109589082,2965.565255972606,take_profit,take_profit
2016-08-04,BUY,9,5181.036,46629.324,178,0.0,0.0,buy_signal,buy
2016-08-09,SELL,9,5488.902,49400.118,178,2759.775041095892,2199.1267414972617,take_profit,take_profit
2016-08-10,SELL,8,5518.896,44151.168,164,1173.1893698630122,934.8559493753412,take_profit,take_profit
2016-08-19,BUY,2,5436.0869999999995,10872.173999999999,179,0.0,0.0,buy_signal,buy
2016-08-22,BUY,1,5456.090999999999,5456.090999999999,180,0.0,0.0,buy_signal,buy
2016-08-24,BUY,1,5451.09,5451.09,181,0.0,0.0,buy_signal,buy
2016-08-29,BUY,8,5511.102,44088.816,182,0.0,0.0,buy_signal,buy
2016-09-01,SELL,2,5648.87,11297.74,179,418.0213424657541,333.1003067438362,take_profit,take_profit
2016-09-01,SELL,1,5648.87,5648.87,180,189.42245205479497,150.94128091986337,take_profit,take_profit
2016-09-01,SELL,1,5648.87,5648.87,181,195.25347945205453,155.58773510136967,take_profit,take_profit
2016-09-06,SELL,8,5753.849,46030.792,182,1921.1992328767146,1530.90760871781,take_profit,take_profit
2016-09-07,SELL,9,5663.867,50974.803,159,638.3596438356166,508.67688219041105,take_profit,take_profit
2016-09-07,SELL,9,5663.867,50974.803,161,511.00656164383383,407.195578645889,take_profit,take_profit
2016-09-07,SELL,3,5663.867,16991.601000000002,163,129.21238356164628,102.96288784109784,take_profit,take_profit
2016-09-15,BUY,2,5401.08,10802.16,183,0.0,0.0,buy_signal,buy
2016-09-16,BUY,10,5361.072,53610.72,184,0.0,0.0,buy_signal,buy
2016-09-20,BUY,3,5326.065,15978.195,185,0.0,0.0,buy_signal,buy
2016-09-21,BUY,2,5356.071,10712.142,186,0.0,0.0,buy_signal,buy
2016-09-23,SELL,2,5563.887,11127.774,183,322.29158904109545,256.8180527273969,take_profit,take_profit
2016-09-23,SELL,10,5563.887,55638.869999999995,184,2015.6152054794463,1606.142976486297,take_profit,take_profit
2016-09-23,SELL,3,5563.887,16691.661,185,710.9460000000004,566.5173201000002,take_profit,take_profit
2016-09-23,SELL,2,5563.887,11127.774,186,414.77589041095854,330.5141682739723,take_profit,take_profit
2016-09-26,BUY,1,5511.102,5511.102,187,0.0,0.0,buy_signal,buy
2016-09-27,BUY,1,5321.064,5321.064,188,0.0,0.0,buy_signal,buy
2016-09-29,BUY,5,5526.105,27630.524999999998,189,0.0,0.0,buy_signal,buy
2016-09-30,SELL,1,5443.911,5443.911,188,121.58239726027372,96.88293325684911,take_profit,take_profit
2016-10-03,BUY,6,5511.102,33066.612,190,0.0,0.0,buy_signal,buy
2016-10-07,SELL,1,5708.858,5708.858,187,193.93726027397292,154.5389058493153,take_profit,take_profit
2016-10-07,SELL,5,5708.858,28544.29,189,900.9195205479483,717.8977199486326,take_profit,take_profit
2016-10-07,SELL,6,5708.858,34253.148,190,1176.1867397260276,937.2444035506851,take_profit,take_profit
2016-10-21,SELL,7,5968.8060000000005,41781.64200000001,162,2167.8127397260323,1727.421581650689,take_profit,take_profit
2016-11-10,BUY,9,5906.181,53155.62899999999,191,0.0,0.0,buy_signal,buy
2016-11-17,SELL,9,6263.747,56373.723000000005,191,3196.905287671245,2547.453978480831,take_profit,take_profit
2016-11-22,SELL,4,6478.704,25914.816,145,1049.360383561645,836.1828216410968,take_profit,take_profit
2016-11-28,SELL,23,6638.6720000000005,152689.456,143,3559.2777260274024,2836.210455984936,take_profit,take_profit
2016-11-28,SELL,23,6638.6720000000005,152689.456,144,4375.36026027397,3486.505823399313,take_profit,take_profit
2016-12-02,SELL,22,6738.652,148250.344,142,4007.553753424671,3193.419208416449,take_profit,take_profit
2016-12-02,SELL,18,6738.652,121295.736,146,4214.22263013699,3358.1033028246607,take_profit,take_profit
2016-12-12,SELL,9,7313.537,65821.833,141,3179.87667123287,2533.8847254719126,take_profit,take_profit
2017-01-05,BUY,5,7631.526,38157.63,192,0.0,0.0,buy_signal,buy
2017-01-06,BUY,13,7426.485,96544.305,193,0.0,0.0,buy_signal,buy
2017-01-10,BUY,26,7476.495,194388.87,194,0.0,0.0,buy_signal,buy
2017-01-11,BUY,41,7441.488,305101.00800000003,195,0.0,0.0,buy_signal,buy
2017-01-12,BUY,41,7371.474,302230.434,196,0.0,0.0,buy_signal,buy
2017-01-13,BUY,41,7296.459,299154.819,197,0.0,0.0,buy_signal,buy
2017-01-16,BUY,41,7326.465,300385.065,198,0.0,0.0,buy_signal,buy
2017-01-17,BUY,42,7201.44,302460.48,199,0.0,0.0,buy_signal,buy
2017-01-18,BUY,43,6981.396,300200.028,200,0.0,0.0,buy_signal,buy
2017-01-19,BUY,42,7206.441,302670.522,201,0.0,0.0,buy_signal,buy
2017-01-20,SELL,43,7193.561000000001,309323.123,200,9075.957575342496,7232.176793911668,take_profit,take_profit
2017-01-20,BUY,14,7196.438999999999,100750.146,202,0.0,0.0,buy_signal,buy
2017-01-23,BUY,13,7126.425,92643.52500000001,203,0.0,0.0,buy_signal,buy
2017-01-24,BUY,28,7001.4,196039.19999999998,204,0.0,0.0,buy_signal,buy
2017-01-25,BUY,30,7226.445,216793.34999999998,205,0.0,0.0,buy_signal,buy
2017-01-26,SELL,28,7328.534000000001,205198.95200000002,204,9129.294136986338,7274.678033057564,take_profit,take_profit
2017-01-26,BUY,8,7331.465999999999,58651.727999999996,206,0.0,0.0,buy_signal,buy
2017-01-27,SELL,42,7493.501,314727.042,199,12082.091095890446,9627.614289760302,take_profit,take_profit
2017-01-27,SELL,42,7493.501,314727.042,201,11917.46202739728,9496.429616531523,take_profit,take_profit
2017-01-27,SELL,14,7493.501,104909.014,202,4120.264054794523,3283.2324120630155,take_profit,take_profit
2017-01-27,SELL,13,7493.501,97415.513,203,4743.381589041093,3779.7636192273953,take_profit,take_profit
2017-01-27,SELL,30,7493.501,224805.03,205,7978.022465753446,6357.287201835634,take_profit,take_profit
2017-01-27,BUY,3,7496.499,22489.497,207,0.0,0.0,buy_signal,buy
2017-01-30,SELL,41,7438.512,304978.99199999997,197,5574.585219178034,4442.108231902017,take_profit,take_profit
2017-01-30,SELL,41,7438.512,304978.99199999997,198,4367.5508356164055,3480.282883360933,take_profit,take_profit
2017-01-30,SELL,8,7438.512,59508.096,206,847.205479452057,675.0956863013716,take_profit,take_profit
2017-01-30,BUY,11,7441.488,81856.368,208,0.0,0.0,buy_signal,buy
2017-01-31,BUY,19,7251.45,137777.55,209,0.0,0.0,buy_signal,buy
2017-02-01,BUY,92,7096.419,652870.548,210,0.0,0.0,buy_signal,buy
2017-02-02,SELL,92,7263.5470000000005,668246.324,210,15324.573589041167,12211.386464427454,take_profit,take_profit
2017-02-02,BUY,89,7266.4529999999995,646714.3169999999,211,0.0,0.0,buy_signal,buy
2017-02-03,BUY,27,7156.431,193223.637,212,0.0,0.0,buy_signal,buy
2017-02-06,BUY,27,7206.441,194573.907,213,0.0,0.0,buy_signal,buy
2017-02-07,BUY,18,7026.405,126475.29,214,0.0,0.0,buy_signal,buy
2017-02-08,BUY,17,7091.418,120554.106,215,0.0,0.0,buy_signal,buy
2017-02-09,SELL,18,7093.581,127684.458,214,1189.5465205479504,947.8901448986343,take_profit,take_profit
2017-02-09,BUY,11,7096.419,78060.609,216,0.0,0.0,buy_signal,buy
2017-02-10,BUY,14,7296.459,102150.42599999999,217,0.0,0.0,buy_signal,buy
2017-02-13,SELL,19,7528.494000000001,143041.386,209,5169.963506849325,4119.685420432885,take_profit,take_profit
2017-02-13,SELL,89,7528.494000000001,670035.966,211,22980.518095890504,18312.025844710348,take_profit,take_profit
2017-02-13,SELL,27,7528.494000000001,203269.33800000002,212,9956.84510958907,7934.112025576051,take_profit,take_profit
2017-02-13,SELL,27,7528.494000000001,203269.33800000002,213,8621.229082191792,6869.826394144529,take_profit,take_profit
2017-02-13,SELL,17,7528.494000000001,127984.39800000002,215,7402.071068493166,5898.34033092878,take_profit,take_profit
2017-02-13,SELL,11,7528.494000000001,82813.43400000001,216,4740.593602739737,3777.5420123431595,take_profit,take_profit
2017-02-13,SELL,14,7528.494000000001,105398.91600000001,217,3240.521123287691,2582.2092570917966,take_profit,take_profit
2017-02-14,SELL,41,7508.4980000000005,307848.418,196,5096.147232876709,4060.864922517805,take_profit,take_profit
2017-02-15,BUY,2,7476.495,14952.99,218,0.0,0.0,buy_signal,buy
2017-02-16,BUY,1,7451.49,7451.49,219,0.0,0.0,buy_signal,buy
2017-02-17,BUY,14,7306.461,102290.454,220,0.0,0.0,buy_signal,buy
2017-02-20,BUY,90,7261.452,653530.68,221,0.0,0.0,buy_signal,buy
2017-02-21,BUY,89,7341.468,653390.652,222,0.0,0.0,buy_signal,buy
2017-02-22,SELL,90,7453.509,670815.81,221,17183.29438356165,13692.5081295411,take_profit,take_profit
2017-02-22,BUY,38,7456.491,283346.658,223,0.0,0.0,buy_signal,buy
2017-02-23,BUY,87,7416.483,645234.0210000001,224,0.0,0.0,buy_signal,buy
2017-02-24,BUY,78,7316.463,570684.114,225,0.0,0.0,buy_signal,buy
2017-02-27,BUY,78,7251.45,565613.1,226,0.0,0.0,buy_signal,buy
2017-02-28,BUY,89,7296.459,649384.851,227,0.0,0.0,buy_signal,buy
2017-03-01,BUY,89,7306.461,650275.029,228,0.0,0.0,buy_signal,buy
2017-03-02,SELL,14,7608.478,106518.692,220,4157.210821917805,3312.6734434452032,take_profit,take_profit
2017-03-02,SELL,78,7608.478,593461.284,226,27717.233753424665,22086.477716416444,take_profit,take_profit
2017-03-02,SELL,89,7608.478,677154.542,227,27669.567219178072,22048.494638602046,take_profit,take_profit
2017-03-02,SELL,89,7608.478,677154.542,228,26828.717164383597,21378.46327243907,take_profit,take_profit
2017-03-02,BUY,2,7611.522,15223.044,229,0.0,0.0,buy_signal,buy
2017-03-03,SELL,13,7548.49,98130.37,193,1302.6885068493175,1038.0473366828787,take_profit,take_profit
2017-03-03,SELL,89,7548.49,671815.61,222,18021.766054794505,14360.644280763001,take_profit,take_profit
2017-03-03,SELL,87,7548.49,656718.63,224,11189.5193013698,8916.368455296526,take_profit,take_profit
2017-03-03,SELL,78,7548.49,588782.22,225,17877.910931506878,14246.013325771255,take_profit,take_profit
2017-03-06,BUY,77,7441.488,572994.576,230,0.0,0.0,buy_signal,buy
2017-03-07,BUY,62,7386.477,457961.57399999996,231,0.0,0.0,buy_signal,buy
2017-03-08,BUY,71,7381.476,524084.796,232,0.0,0.0,buy_signal,buy
2017-03-09,BUY,88,7391.478,650450.064,233,0.0,0.0,buy_signal,buy
2017-03-10,BUY,87,7481.496,650890.152,234,0.0,0.0,buy_signal,buy
2017-03-13,SELL,26,7543.491,196130.766,194,1101.18619178083,877.4802169205544,take_profit,take_profit
2017-03-13,SELL,41,7543.491,309283.131,195,3195.0317123287305,2545.9610199691488,take_profit,take_profit
2017-03-13,SELL,11,7543.491,82978.401,208,936.5748082191739,746.3096359294486,take_profit,take_profit
2017-03-13,SELL,2,7543.491,15086.982,218,113.56273972602759,90.49246915068508,take_profit,take_profit
2017-03-13,SELL,1,7543.491,7543.491,219,82.35902739726048,65.62779098150702,take_profit,take_profit
2017-03-13,SELL,38,7543.491,286652.658,223,3025.468383561644,2410.844481441096,take_profit,take_profit
2017-03-13,SELL,77,7543.491,580848.807,230,7635.027821917837,6083.971919895229,take_profit,take_profit
2017-03-13,SELL,62,7543.491,467696.442,231,9593.633698630154,7644.6870127534385,take_profit,take_profit
2017-03-13,SELL,71,7543.491,535587.861,232,11381.579136986362,9069.411335307583,take_profit,take_profit
2017-03-13,SELL,88,7543.491,663827.208,233,13275.98498630134,10578.968636334223,take_profit,take_profit
2017-03-13,SELL,87,7543.491,656283.717,234,5342.809438356108,4257.417700954065,take_profit,take_profit
2017-03-14,BUY,73,7631.526,557101.398,235,0.0,0.0,buy_signal,buy
2017-03-15,BUY,68,7541.508,512822.544,236,0.0,0.0,buy_signal,buy
2017-03-16,BUY,47,7481.496,351630.312,237,0.0,0.0,buy_signal,buy
2017-03-17,BUY,53,7506.501,397844.553,238,0.0,0.0,buy_signal,buy
2017-03-21,BUY,87,7436.487,646974.3690000001,239,0.0,0.0,buy_signal,buy
2017-03-22,BUY,90,7206.441,648579.69,240,0.0,0.0,buy_signal,buy
2017-03-23,BUY,91,7176.4349999999995,653055.585,241,0.0,0.0,buy_signal,buy
2017-03-24,BUY,91,7176.4349999999995,653055.585,242,0.0,0.0,buy_signal,buy
2017-03-27,BUY,91,7171.434,652600.4940000001,243,0.0,0.0,buy_signal,buy
2017-03-28,BUY,90,7226.445,650380.0499999999,244,0.0,0.0,buy_signal,buy
2017-03-29,BUY,86,7366.473,633516.678,245,0.0,0.0,buy_signal,buy
2017-03-30,SELL,90,7328.534000000001,659568.06,240,10688.9387671234,8517.480856582282,take_profit,take_profit
2017-03-30,SELL,91,7328.534000000001,666896.594,241,13588.198534246654,10827.756002014446,take_profit,take_profit
2017-03-30,SELL,91,7328.534000000001,666896.594,242,13638.355739726107,10867.723771200748,take_profit,take_profit
2017-03-30,SELL,91,7328.534000000001,666896.594,243,14144.546356164361,11271.081763909571,take_profit,take_profit
2017-03-30,SELL,90,7328.534000000001,659568.06,244,9087.071917808345,7241.03325770558,take_profit,take_profit
2017-03-31,BUY,89,7346.469,653835.741,246,0.0,0.0,buy_signal,buy
2017-04-03,BUY,91,7191.438,654420.858,247,0.0,0.0,buy_signal,buy
2017-04-04,BUY,91,7156.431,651235.221,248,0.0,0.0,buy_signal,buy
2017-04-05,BUY,91,7131.4259999999995,648959.766,249,0.0,0.0,buy_signal,buy
2017-04-06,BUY,93,7021.4039999999995,652990.5719999999,250,0.0,0.0,buy_signal,buy
2017-04-07,BUY,93,7001.4,651130.2,251,0.0,0.0,buy_signal,buy
2017-04-10,BUY,92,7051.41,648729.72,252,0.0,0.0,buy_signal,buy
2017-04-11,BUY,43,6986.397,300415.071,253,0.0,0.0,buy_signal,buy
2017-04-12,BUY,9,6896.379,62067.411,254,0.0,0.0,buy_signal,buy
2017-04-13,BUY,32,6756.351,216203.232,255,0.0,0.0,buy_signal,buy
2017-04-14,BUY,17,6721.344,114262.848,256,0.0,0.0,buy_signal,buy
2017-04-17,BUY,15,6636.327,99544.905,257,0.0,0.0,buy_signal,buy
2017-04-18,SELL,15,6823.635,102354.52500000001,257,2801.881643835626,2232.6793878904186,take_profit,take_profit
2017-04-18,BUY,10,6826.365,68263.65,258,0.0,0.0,buy_signal,buy
2017-04-20,SELL,17,6783.643,115321.931,256,1023.8916027397247,815.8880236431496,take_profit,take_profit
2017-04-20,BUY,4,6786.357,27145.428,259,0.0,0.0,buy_signal,buy
2017-04-24,SELL,32,7108.578,227474.496,255,11154.747178082216,8888.660288854815,take_profit,take_profit
2017-04-24,SELL,10,7108.578,71085.78,258,2801.2182191780867,2232.150737952058,take_profit,take_profit
2017-04-24,SELL,4,7108.578,28434.312,259,1284.6786301369882,1023.696166424659,take_profit,take_profit
2017-04-24,BUY,2,7111.422,14222.844,260,0.0,0.0,buy_signal,buy
2017-04-25,SELL,93,7088.582,659238.126,250,5610.180410959024,4470.4722604726985,take_profit,take_profit
2017-04-25,SELL,93,7088.582,659238.126,251,7519.8143835617375,5992.164091541171,take_profit,take_profit
2017-04-25,SELL,92,7088.582,652149.544,252,2887.1213150685153,2300.602619912346,take_profit,take_profit
2017-04-25,SELL,43,7088.582,304809.026,253,4168.229739726044,3321.453868100698,take_profit,take_profit
2017-04-25,SELL,9,7088.582,63797.238000000005,254,1687.4185068493198,1344.6194371828806,take_profit,take_profit
2017-04-26,SELL,91,7348.53,668716.23,247,13471.704821917781,10734.927987345185,take_profit,take_profit
2017-04-26,SELL,91,7348.53,668716.23,248,16707.673547945167,13313.509666680107,take_profit,take_profit
2017-04-26,SELL,91,7348.53,668716.23,249,19032.517863013734,15166.061859142494,take_profit,take_profit
2017-04-26,SELL,2,7348.53,14697.06,260,472.0128219178086,376.1234171452058,take_profit,take_profit
2017-05-02,SELL,86,7453.509,641001.774,245,6367.9489315068695,5074.300106071249,take_profit,take_profit
2017-05-02,SELL,89,7453.509,663362.301,246,8470.22509589035,6749.498867660225,take_profit,take_profit
2017-05-08,SELL,47,7748.45,364177.14999999997,237,11697.891808219167,9321.465087379444,take_profit,take_profit
2017-05-08,SELL,87,7748.45,674115.15,239,25670.17113698626,20455.275870507503,take_profit,take_profit
2017-05-09,SELL,5,7898.42,39492.1,192,1103.391369863015,879.2374130753434,take_profit,take_profit
2017-05-09,SELL,3,7898.42,23695.260000000002,207,1092.2134109589067,870.3302565226048,take_profit,take_profit
2017-05-09,SELL,2,7898.42,15796.84,229,524.9624657534249,418.31634083561664,take_profit,take_profit
2017-05-09,SELL,73,7898.42,576584.66,235,18035.54999999999,14371.62801749999,take_profit,take_profit
2017-05-09,SELL,68,7898.42,537092.56,236,22961.107287671293,18296.55834218087,take_profit,take_profit
2017-05-09,SELL,53,7898.42,418616.26,238,19813.164972602735,15788.12050841849,take_profit,take_profit
2017-05-19,BUY,6,7646.5289999999995,45879.174,261,0.0,0.0,buy_signal,buy
2017-05-22,BUY,5,7711.5419999999995,38557.71,262,0.0,0.0,buy_signal,buy
2017-05-23,SELL,6,7678.464,46070.784,261,184.5401917808225,147.05085182054842,take_profit,take_profit
2017-05-23,BUY,3,7681.536,23044.608,263,0.0,0.0,buy_signal,buy
2017-05-24,BUY,6,7786.557,46719.342,264,0.0,0.0,buy_signal,buy
2017-05-25,SELL,3,7743.451,23230.353,263,182.19628767123186,145.1831118308211,take_profit,take_profit
2017-05-25,BUY,2,7746.549,15493.098,265,0.0,0.0,buy_signal,buy
2017-05-26,SELL,5,7798.4400000000005,38992.200000000004,262,422.6206849315121,336.7652927876754,take_profit,take_profit
2017-05-26,SELL,2,7798.4400000000005,15596.880000000001,265,102.58298630137092,81.74325263424743,take_profit,take_profit
2017-05-26,BUY,1,7801.5599999999995,7801.5599999999995,266,0.0,0.0,buy_signal,buy
2017-05-29,BUY,3,7716.543,23149.629,267,0.0,0.0,buy_signal,buy
2017-05-30,BUY,6,7711.5419999999995,46269.25199999999,268,0.0,0.0,buy_signal,buy
2017-05-31,BUY,6,7661.532,45969.192,269,0.0,0.0,buy_signal,buy
2017-06-01,BUY,12,7706.541,92478.492,270,0.0,0.0,buy_signal,buy
2017-06-02,SELL,6,7918.416,47510.496,264,766.1795342465776,610.5301618643854,take_profit,take_profit
2017-06-02,SELL,3,7918.416,23755.248,267,598.4928082191768,476.9089942294511,take_profit,take_profit
2017-06-02,SELL,6,7918.416,47510.496,268,1230.5449315068554,980.5597286712377,take_profit,take_profit
2017-06-02,SELL,6,7918.416,47510.496,269,1534.153643835613,1222.4903310904083,take_profit,take_profit
2017-06-02,SELL,12,7918.416,95020.992,270,2535.273698630137,2020.2328467534248,take_profit,take_profit
2017-06-02,BUY,3,7921.584,23764.752,271,0.0,0.0,buy_signal,buy
2017-06-05,SELL,2,8053.389,16106.778,138,245.52400000000125,195.645799400001,take_profit,take_profit
2017-06-05,SELL,1,8053.389,8053.389,266,248.23847945205543,197.80883235137037,take_profit,take_profit
2017-06-05,SELL,3,8053.389,24160.167,271,393.5451369863022,313.59644240753494,take_profit,take_profit
2017-06-07,BUY,2,7931.586,15863.172,272,0.0,0.0,buy_signal,buy
2017-06-08,BUY,2,8001.599999999999,16003.199999999999,273,0.0,0.0,buy_signal,buy
2017-06-09,BUY,7,7936.5869999999995,55556.109,274,0.0,0.0,buy_signal,buy
2017-06-12,BUY,8,7891.5779999999995,63132.623999999996,275,0.0,0.0,buy_signal,buy
2017-06-13,BUY,15,7851.57,117773.54999999999,276,0.0,0.0,buy_signal,buy
2017-06-14,BUY,10,7941.588,79415.88,277,0.0,0.0,buy_signal,buy
2017-06-15,BUY,47,7816.563,367378.461,278,0.0,0.0,buy_signal,buy
2017-06-16,BUY,47,7896.579,371139.213,279,0.0,0.0,buy_signal,buy
2017-06-19,BUY,37,7926.585,293283.645,280,0.0,0.0,buy_signal,buy
2017-06-20,SELL,47,8128.374,382033.578,278,14569.558972602708,11609.753067318468,take_profit,take_profit
2017-06-20,BUY,17,8131.626,138237.642,281,0.0,0.0,buy_signal,buy
2017-06-21,SELL,2,8098.38,16196.76,272,321.4206575342463,256.1240509561642,take_profit,take_profit
2017-06-21,SELL,7,8098.38,56688.66,274,1098.4711643835683,875.3167473390464,take_profit,take_profit
2017-06-21,SELL,8,8098.38,64787.04,275,1620.355726027402,1291.1804602849352,take_profit,take_profit
2017-06-21,SELL,15,8098.38,121475.7,276,3647.3658904109675,2906.4035097739793,take_profit,take_profit
2017-06-21,SELL,10,8098.38,80983.8,277,1537.4421917808202,1225.1108105205467,take_profit,take_profit
2017-06-21,SELL,47,8098.38,380623.86,279,9397.95324657534,7488.75904453356,take_profit,take_profit
2017-06-21,SELL,37,8098.38,299640.06,280,6310.603931506828,5028.604742821216,take_profit,take_profit
2017-06-21,BUY,8,8101.62,64812.96,282,0.0,0.0,buy_signal,buy
2017-06-22,BUY,5,8066.612999999999,40333.064999999995,283,0.0,0.0,buy_signal,buy
2017-06-23,BUY,6,8066.612999999999,48399.678,284,0.0,0.0,buy_signal,buy
2017-06-26,BUY,6,8046.6089999999995,48279.653999999995,285,0.0,0.0,buy_signal,buy
2017-06-27,BUY,7,8146.629,57026.403,286,0.0,0.0,buy_signal,buy
2017-06-28,SELL,2,8083.383,16166.766,273,146.42539726027468,116.67907780684988,take_profit,take_profit
2017-06-28,SELL,6,8083.383,48500.297999999995,285,213.18756164383586,169.8785084958906,take_profit,take_profit
2017-06-28,BUY,6,8086.617,48519.702000000005,287,0.0,0.0,buy_signal,buy
2017-06-29,BUY,10,8181.6359999999995,81816.36,288,0.0,0.0,buy_signal,buy
2017-06-30,BUY,7,8001.599999999999,56011.2,289,0.0,0.0,buy_signal,buy
2017-07-03,BUY,21,8006.601,168138.62099999998,290,0.0,0.0,buy_signal,buy
2017-07-04,BUY,20,8121.624,162432.47999999998,291,0.0,0.0,buy_signal,buy
2017-07-05,BUY,27,7986.597,215638.119,292,0.0,0.0,buy_signal,buy
2017-07-06,BUY,20,8016.603,160332.06,293,0.0,0.0,buy_signal,buy
2017-07-07,BUY,33,7856.571,259266.843,294,0.0,0.0,buy_signal,buy
2017-07-10,BUY,35,8021.604,280756.14,295,0.0,0.0,buy_signal,buy
2017-07-11,SELL,33,8023.395,264772.03500000003,294,5464.8271232877105,4354.647493191812,take_profit,take_profit
2017-07-11,BUY,17,8026.605,136452.285,296,0.0,0.0,buy_signal,buy
2017-07-12,SELL,7,8063.387000000001,56443.709,289,398.11502739726575,317.23795958151123,take_profit,take_profit
2017-07-12,SELL,21,8063.387000000001,169331.127,290,1102.1956438356394,878.2845987904293,take_profit,take_profit
2017-07-12,SELL,27,8063.387000000001,217711.44900000002,292,1990.366767123304,1586.023758382205,take_profit,take_profit
2017-07-12,SELL,20,8063.387000000001,161267.74000000002,293,886.5457534246797,706.443983616456,take_profit,take_profit
2017-07-12,SELL,35,8063.387000000001,282218.54500000004,295,1419.0299315068773,1130.7540009212553,take_profit,take_profit
2017-07-12,SELL,17,8063.387000000001,137077.579,296,614.7046301369808,489.8273845246531,take_profit,take_profit
2017-07-12,BUY,10,8066.612999999999,80666.12999999999,297,0.0,0.0,buy_signal,buy
2017-07-13,BUY,19,8091.6179999999995,153740.742,298,0.0,0.0,buy_signal,buy
2017-07-14,BUY,17,8071.614,137217.438,299,0.0,0.0,buy_signal,buy
2017-07-18,BUY,15,8026.605,120399.075,300,0.0,0.0,buy_signal,buy
2017-07-19,BUY,31,7936.5869999999995,246034.197,301,0.0,0.0,buy_signal,buy
2017-07-20,BUY,33,7991.598,263722.734,302,0.0,0.0,buy_signal,buy
2017-07-21,SELL,31,8028.394,248880.214,301,2807.8606712328983,2237.443775871935,take_profit,take_profit
2017-07-24,BUY,1,7941.588,7941.588,303,0.0,0.0,buy_signal,buy
2017-07-25,BUY,10,7936.5869999999995,79365.87,304,0.0,0.0,buy_signal,buy
2017-07-26,BUY,4,8031.606,32126.424,305,0.0,0.0,buy_signal,buy
2017-07-28,BUY,1,7981.596,7981.596,306,0.0,0.0,buy_signal,buy
2017-07-31,BUY,7,7916.583,55416.081,307,0.0,0.0,buy_signal,buy
2017-08-01,BUY,4,7906.581,31626.324,308,0.0,0.0,buy_signal,buy
2017-08-03,SELL,4,8003.399,32013.596,308,382.37315068493234,304.69404512328833,take_profit,take_profit
2017-08-07,BUY,1,8001.599999999999,8001.599999999999,309,0.0,0.0,buy_signal,buy
2017-08-10,BUY,56,7791.558,436327.248,310,0.0,0.0,buy_signal,buy
2017-08-14,BUY,43,7611.522,327295.446,311,0.0,0.0,buy_signal,buy
2017-08-15,BUY,59,7696.539,454095.801,312,0.0,0.0,buy_signal,buy
2017-08-16,SELL,43,7743.451,332968.393,311,5622.296534246561,4480.126993314372,take_profit,take_profit
2017-08-16,BUY,5,7746.549,38732.745,313,0.0,0.0,buy_signal,buy
2017-08-17,BUY,7,7716.543,54015.801,314,0.0,0.0,buy_signal,buy
2017-08-21,BUY,35,7551.51,264302.85000000003,315,0.0,0.0,buy_signal,buy
2017-08-22,BUY,15,7456.491,111847.365,316,0.0,0.0,buy_signal,buy
2017-08-23,BUY,47,7591.518,356801.346,317,0.0,0.0,buy_signal,buy
2017-08-24,BUY,11,7451.49,81966.39,318,0.0,0.0,buy_signal,buy
2017-08-25,BUY,25,7481.496,187037.4,319,0.0,0.0,buy_signal,buy
2017-08-31,SELL,11,7623.475,83858.225,318,1860.1953835616503,1482.296691391101,take_profit,take_profit
2017-09-01,SELL,35,7738.452,270845.82,315,6361.428356164356,5069.104185609567,take_profit,take_profit
2017-09-01,SELL,15,7738.452,116076.78,316,4160.207054794514,3315.060991613009,take_profit,take_profit
2017-09-01,SELL,25,7738.452,193461.30000000002,319,6351.541095890434,5061.225522260293,take_profit,take_profit
2017-09-08,BUY,1,7436.487,7436.487,320,0.0,0.0,buy_signal,buy
2017-09-11,BUY,67,7511.5019999999995,503270.63399999996,321,0.0,0.0,buy_signal,buy
2017-09-12,SELL,1,7733.453,7733.453,320,295.81761643835654,235.7222676589044,take_profit,take_profit
2017-09-12,SELL,67,7733.453,518141.351,321,14831.732178082255,11818.665786104844,take_profit,take_profit
2017-09-12,BUY,5,7736.547,38682.735,322,0.0,0.0,buy_signal,buy
2017-09-13,SELL,59,7843.4310000000005,462762.429,312,7948.121150684958,6333.460338923309,take_profit,take_profit
2017-09-13,SELL,7,7843.4310000000005,54904.01700000001,314,811.2927123287748,646.4785978191842,take_profit,take_profit
2017-09-13,SELL,47,7843.4310000000005,368641.25700000004,317,11432.257465753446,9109.794361585633,take_profit,take_profit
2017-09-14,SELL,56,7838.432,438952.192,310,1843.414136986261,1468.924555057502,take_profit,take_profit
2017-09-14,SELL,5,7838.432,39192.159999999996,313,398.4939041095826,317.5398674897209,take_profit,take_profit
2017-09-14,SELL,5,7838.432,39192.159999999996,322,503.4376027397217,401.16425374314724,take_profit,take_profit
2017-09-15,BUY,1,7771.554,7771.554,323,0.0,0.0,buy_signal,buy
2017-09-20,SELL,34,8188.362,278404.308,137,1765.3428767123578,1406.7134713082423,take_profit,take_profit
2017-09-20,SELL,15,8188.362,122825.43000000001,300,2033.8851369863116,1620.7013714075424,take_profit,take_profit
2017-09-20,SELL,33,8188.362,270215.946,302,5670.105205479452,4518.223332986301,take_profit,take_profit
2017-09-20,SELL,1,8188.362,8188.362,303,223.06643835616472,177.75049140410985,take_profit,take_profit
2017-09-20,SELL,10,8188.362,81883.62,304,2286.7576712328764,1822.2028503219176,take_profit,take_profit
2017-09-20,SELL,4,8188.362,32753.448,305,537.0588493150698,427.95534407671335,take_profit,take_profit
2017-09-20,SELL,1,8188.362,8188.362,306,185.50326027397313,147.81827294931549,take_profit,take_profit
2017-09-20,SELL,7,8188.362,57318.534,307,1757.8694383561658,1400.7582619541108,take_profit,take_profit
2017-09-20,SELL,1,8188.362,8188.362,309,169.15805479452118,134.79359596301418,take_profit,take_profit
2017-09-20,SELL,1,8188.362,8188.362,323,415.57523287671233,331.15112431780824,take_profit,take_profit
2017-09-21,SELL,5,8328.334,41641.670000000006,283,1122.194041095901,894.2203216472687,take_profit,take_profit
2017-09-21,SELL,6,8328.334,49970.004,284,1350.3357534246584,1076.015045116439,take_profit,take_profit
2017-09-21,SELL,10,8328.334,83283.34000000001,297,2330.7431506849525,1857.2526796233044,take_profit,take_profit
2017-09-22,SELL,8,8263.347,66106.776,282,985.5521095890401,785.3371985260267,take_profit,take_profit
2017-09-22,SELL,6,8263.347,49580.081999999995,287,847.7610410958805,675.5383855972524,take_profit,take_profit
2017-09-22,SELL,19,8263.347,157003.593,298,2718.265191780817,2166.049618070544,take_profit,take_profit
2017-09-22,SELL,17,8263.347,140476.899,299,2782.691575342476,2217.387781811652,take_profit,take_profit
2017-09-26,SELL,17,8233.353000000001,139967.00100000002,281,1042.2171369863272,830.4907256075549,take_profit,take_profit
2017-09-26,SELL,20,8233.353000000001,164667.06000000003,291,1550.0221917808672,1235.135183520584,take_profit,take_profit
2017-09-29,SELL,7,8303.339,58123.373,286,822.3713150684944,655.3065824123297,take_profit,take_profit
2017-09-29,SELL,10,8303.339,83033.39,288,837.1773972602728,667.1048090068483,take_profit,take_profit
2017-10-04,SELL,79,8583.283,678079.357,127,4312.550479452002,3436.455849551328,take_profit,take_profit
2017-10-04,SELL,15,8583.283,128749.245,136,2837.8023287671244,2261.302785678083,take_profit,take_profit
2017-10-16,SELL,75,9063.187,679739.025,126,6679.379794520584,5322.463789263727,take_profit,take_profit
2017-10-23,SELL,7,9488.102,66416.714,122,1628.5113561643896,1297.679274159594,take_profit,take_profit
2017-10-23,SELL,73,9488.102,692631.4460000001,125,19325.021000000055,15399.142983850044,take_profit,take_profit
2017-10-23,BUY,1,9491.898,9491.898,324,0.0,0.0,buy_signal,buy
2017-10-24,SELL,1,9438.112000000001,9438.112000000001,106,5.8223561643850985,4.639544509590266,take_profit,take_profit
2017-10-24,SELL,4,9438.112000000001,37752.448000000004,120,242.11578082192432,192.9299599479504,take_profit,take_profit
2017-10-24,SELL,10,9438.112000000001,94381.12000000001,123,1076.0227397260473,857.4287201507009,take_profit,take_profit
2017-10-24,SELL,8,9438.112000000001,75504.89600000001,124,586.3253698630297,467.2133709753552,take_profit,take_profit
2017-10-25,SELL,1,9663.067000000001,9663.067000000001,116,171.9132328767131,136.98905961780883,take_profit,take_profit
2017-10-26,BUY,6,9491.898,56951.38799999999,325,0.0,0.0,buy_signal,buy
2017-10-27,BUY,10,9616.923,96169.23000000001,326,0.0,0.0,buy_signal,buy
2017-10-30,SELL,2,9788.042,19576.084,119,343.53545205479384,273.74622496986245,take_profit,take_profit
2017-10-30,SELL,1,9788.042,9788.042,324,292.4756164383564,233.0591949589043,take_profit,take_profit
2017-10-30,SELL,6,9788.042,58728.25199999999,325,1767.9945205479466,1408.8264336986313,take_profit,take_profit
2017-10-30,SELL,10,9788.042,97880.42,326,1703.706712328755,1357.5986937191683,take_profit,take_profit
2017-10-31,BUY,4,9626.925,38507.7,327,0.0,0.0,buy_signal,buy
2017-11-01,BUY,14,9901.98,138627.72,328,0.0,0.0,buy_signal,buy
2017-11-02,SELL,4,10187.962,40751.848,327,2238.053972602741,1783.3933080684942,take_profit,take_profit
2017-11-02,SELL,14,10187.962,142631.468,328,3992.879397260266,3181.725947706843,take_profit,take_profit
2017-11-13,BUY,17,10277.055,174709.935,329,0.0,0.0,buy_signal,buy
2017-11-14,BUY,45,10037.007,451665.315,330,0.0,0.0,buy_signal,buy
2017-11-15,BUY,46,9956.991,458021.586,331,0.0,0.0,buy_signal,buy
2017-11-16,BUY,47,9711.942,456461.274,332,0.0,0.0,buy_signal,buy
2017-11-17,SELL,47,10262.947,482358.509,332,25861.035986301413,20607.36652568428,take_profit,take_profit
2017-11-17,BUY,44,10267.053,451750.332,333,0.0,0.0,buy_signal,buy
2017-11-20,BUY,46,9991.998,459631.908,334,0.0,0.0,buy_signal,buy
2017-11-21,BUY,39,10137.027,395344.053,335,0.0,0.0,buy_signal,buy
2017-11-22,BUY,8,10282.056,82256.448,336,0.0,0.0,buy_signal,buy
2017-11-24,SELL,46,10082.983,463817.218,331,5583.535452054778,4449.24022496985,take_profit,take_profit
2017-11-24,SELL,46,10082.983,463817.218,334,4078.617726027395,3250.0465349849296,take_profit,take_profit
2017-11-27,BUY,7,10307.061,72149.427,337,0.0,0.0,buy_signal,buy
2017-11-28,BUY,21,10127.025,212667.525,338,0.0,0.0,buy_signal,buy
2017-11-29,BUY,7,10277.055,71939.38500000001,339,0.0,0.0,buy_signal,buy
2017-11-30,SELL,45,10227.954,460257.93,330,8209.64404109588,6541.854854147252,take_profit,take_profit
2017-11-30,BUY,6,10232.046,61392.276,340,0.0,0.0,buy_signal,buy
2017-12-01,SELL,39,10562.887,411952.59300000005,335,16394.867013698666,13064.249779865782,take_profit,take_profit
2017-12-01,SELL,21,10562.887,221820.627,338,9103.516684931521,7254.137270387682,take_profit,take_profit
2017-12-01,BUY,7,10567.113,73969.791,341,0.0,0.0,buy_signal,buy
2017-12-04,SELL,44,10482.903,461247.732,333,9153.45260273975,7293.92870649317,take_profit,take_profit
2017-12-04,SELL,6,10482.903,62897.418000000005,340,1495.556794520555,1191.7344317137042,take_profit,take_profit
2017-12-04,BUY,10,10487.097,104870.97,342,0.0,0.0,buy_signal,buy
2017-12-05,BUY,35,10237.047,358296.645,343,0.0,0.0,buy_signal,buy
2017-12-06,BUY,40,10182.036,407281.44,344,0.0,0.0,buy_signal,buy
2017-12-07,BUY,45,10002.0,450090.0,345,0.0,0.0,buy_signal,buy
2017-12-08,BUY,44,10272.054,451970.376,346,0.0,0.0,buy_signal,buy
2017-12-11,SELL,35,10502.899,367601.46499999997,343,9195.503013698579,7327.436576465712,take_profit,take_profit
2017-12-11,SELL,40,10502.899,420115.95999999996,344,12741.084383561605,10152.733091041066,take_profit,take_profit
2017-12-11,SELL,45,10502.899,472630.45499999996,345,22469.359931506806,17904.709461421196,take_profit,take_profit
2017-12-11,BUY,11,10507.101,115578.111,347,0.0,0.0,buy_signal,buy
2017-12-12,SELL,17,10537.892,179144.164,329,4168.920945205471,3322.0046551869796,take_profit,take_profit
2017-12-12,SELL,8,10537.892,84303.136,336,1964.826739726022,1565.6721875506805,take_profit,take_profit
2017-12-12,SELL,7,10537.892,73765.244,337,1555.1429178082292,1239.2156340554875,take_profit,take_profit
2017-12-12,SELL,7,10537.892,73765.244,339,1776.0830547945172,1415.2717822130112,take_profit,take_profit
2017-12-12,SELL,44,10537.892,463667.248,346,11626.057315068525,9264.223771512354,take_profit,take_profit
2017-12-12,BUY,8,10542.108,84336.864,348,0.0,0.0,buy_signal,buy
2017-12-13,BUY,30,10497.099,314912.97000000003,349,0.0,0.0,buy_signal,buy
2017-12-14,BUY,2,10337.067,20674.134,350,0.0,0.0,buy_signal,buy
2017-12-15,BUY,38,10267.053,390148.01399999997,351,0.0,0.0,buy_signal,buy
2017-12-18,BUY,44,10392.078,457251.432,352,0.0,0.0,buy_signal,buy
2017-12-19,SELL,38,10562.887,401389.706,351,11181.306356164423,8909.823969909621,take_profit,take_profit
2017-12-19,BUY,29,10567.113,306446.277,353,0.0,0.0,buy_signal,buy
2017-12-20,BUY,31,10457.091,324169.821,354,0.0,0.0,buy_signal,buy
2017-12-21,BUY,9,10467.092999999999,94203.83699999998,355,0.0,0.0,buy_signal,buy
2017-12-22,BUY,8,10457.091,83656.728,356,0.0,0.0,buy_signal,buy
2017-12-25,BUY,1,10502.1,10502.1,357,0.0,0.0,buy_signal,buy
2017-12-26,SELL,2,10517.896,21035.792,350,348.84397260274284,277.9763195684956,take_profit,take_profit
2017-12-26,BUY,15,10522.104,157831.56,358,0.0,0.0,buy_signal,buy
2017-12-27,BUY,18,10502.1,189037.80000000002,359,0.0,0.0,buy_signal,buy
2017-12-28,BUY,14,10552.11,147729.54,360,0.0,0.0,buy_signal,buy
2017-12-29,BUY,30,10472.094,314162.81999999995,361,0.0,0.0,buy_signal,buy
2018-01-04,BUY,29,10762.152,312102.408,362,0.0,0.0,buy_signal,buy
2018-01-05,SELL,7,11197.76,78384.32,341,4291.344342465763,3419.557739293843,take_profit,take_profit
2018-01-05,SELL,10,11197.76,111977.6,342,6938.672191780826,5529.080936020551,take_profit,take_profit
2018-01-05,SELL,11,11197.76,123175.36,347,7455.590095890407,5940.98696791027,take_profit,take_profit
2018-01-05,SELL,8,11197.76,89582.08,348,5148.6597260273975,4102.709502684932,take_profit,take_profit
2018-01-05,SELL,30,11197.76,335932.8,349,20681.896849315028,16480.36950437668,take_profit,take_profit
2018-01-05,SELL,44,11197.76,492701.44,352,35058.704547945235,27936.52871903016,take_profit,take_profit
2018-01-05,SELL,29,11197.76,324735.04,353,18054.261849315044,14386.538554626693,take_profit,take_profit
2018-01-05,SELL,31,11197.76,347130.56,354,22734.98765753425,18116.374914906166,take_profit,take_profit
2018-01-05,SELL,9,11197.76,100779.84,355,6517.718506849326,5193.643992182886,take_profit,take_profit
2018-01-05,SELL,8,11197.76,89582.08,356,5879.962849315068,4685.448396476711,take_profit,take_profit
2018-01-05,SELL,1,11197.76,11197.76,357,690.7914520547944,550.4571685698629,take_profit,take_profit
2018-01-05,SELL,15,11197.76,167966.4,358,10073.93424657534,8027.41450438356,take_profit,take_profit
2018-01-05,SELL,18,11197.76,201559.68,359,12463.291726027373,9931.374011884913,take_profit,take_profit
2018-01-05,SELL,14,11197.76,156768.64,360,9004.845643835622,7175.511251290416,take_profit,take_profit
2018-01-05,SELL,30,11197.76,335932.8,361,21720.55808219182,17308.02670779455,take_profit,take_profit
2018-01-05,SELL,29,11197.76,324735.04,362,12608.016164383545,10046.697680589028,take_profit,take_profit
2018-01-15,BUY,28,11362.271999999999,318143.616,363,0.0,0.0,buy_signal,buy
2018-01-16,BUY,33,11277.255,372149.415,364,0.0,0.0,buy_signal,buy
2018-01-17,SELL,33,11317.736,373485.288,364,1306.7859863013912,1041.3124131842635,take_profit,take_profit
2018-01-17,BUY,8,11322.264,90578.112,365,0.0,0.0,buy_signal,buy
2018-01-18,BUY,22,11652.33,256351.26,366,0.0,0.0,buy_signal,buy
2018-01-19,BUY,28,11377.275,318563.7,367,0.0,0.0,buy_signal,buy
2018-01-22,BUY,11,11342.268,124764.948,368,0.0,0.0,buy_signal,buy
2018-01-23,BUY,15,11467.293,172009.395,369,0.0,0.0,buy_signal,buy
2018-01-24,SELL,28,11537.692000000001,323055.37600000005,363,4740.364712328835,3777.359621019232,take_profit,take_profit
2018-01-24,SELL,8,11537.692000000001,92301.53600000001,365,1688.4155616438493,1345.4139402959013,take_profit,take_profit
2018-01-24,SELL,28,11537.692000000001,323055.37600000005,367,4417.915561643871,3520.4160152959184,take_profit,take_profit
2018-01-24,SELL,11,11537.692000000001,126914.61200000001,368,2130.2642191780865,1697.5010430520583,take_profit,take_profit
2018-01-24,BUY,1,11542.307999999999,11542.307999999999,370,0.0,0.0,buy_signal,buy
2018-01-25,BUY,31,11292.258,350059.998,371,0.0,0.0,buy_signal,buy
2018-01-26,BUY,40,11297.259,451890.36,372,0.0,0.0,buy_signal,buy
2018-01-29,BUY,40,11262.252,450490.08,373,0.0,0.0,buy_signal,buy
2018-01-30,BUY,41,11122.224,456011.184,374,0.0,0.0,buy_signal,buy
2018-01-31,BUY,42,10767.153,452220.42600000004,375,0.0,0.0,buy_signal,buy
2018-02-01,BUY,42,10847.169,455581.098,376,0.0,0.0,buy_signal,buy
2018-02-02,SELL,42,10897.82,457708.44,375,5418.066164383528,4317.386023089015,take_profit,take_profit
2018-02-02,BUY,26,10902.18,283456.68,377,0.0,0.0,buy_signal,buy
2018-02-05,BUY,44,10437.087,459231.828,378,0.0,0.0,buy_signal,buy
2018-02-06,BUY,48,9401.88,451290.24,379,0.0,0.0,buy_signal,buy
2018-02-07,BUY,46,9826.965,452040.39,380,0.0,0.0,buy_signal,buy
2018-02-08,BUY,79,9391.878,741958.3620000001,381,0.0,0.0,buy_signal,buy
2018-02-09,BUY,84,8876.775,745649.1,382,0.0,0.0,buy_signal,buy
2018-02-13,SELL,84,9308.138,781883.5920000001,382,36175.78865753433,28826.67719175623,take_profit,take_profit
2018-02-13,BUY,80,9311.862,744948.96,383,0.0,0.0,buy_signal,buy
2018-02-14,BUY,83,8976.795,745073.985,384,0.0,0.0,buy_signal,buy
2018-02-15,BUY,82,9086.817,745118.994,385,0.0,0.0,buy_signal,buy
2018-02-16,SELL,83,9243.151,767181.5329999999,384,21992.685095890363,17524.871118660238,take_profit,take_profit
2018-02-16,BUY,80,9246.849,739747.92,386,0.0,0.0,buy_signal,buy
2018-02-19,SELL,82,9513.097,780073.954,385,34838.49304109597,27761.053179797324,take_profit,take_profit
2018-02-19,SELL,80,9513.097,761047.76,386,21242.397808219146,16927.004693479426,take_profit,take_profit
2018-02-19,BUY,78,9516.903,742318.434,387,0.0,0.0,buy_signal,buy
2018-02-20,SELL,48,9663.067000000001,463827.216,379,12230.028493150709,9745.498204767142,take_profit,take_profit
2018-02-20,SELL,79,9663.067000000001,763382.2930000001,381,21031.58886301368,16759.02158549245,take_profit,take_profit
2018-02-20,SELL,80,9663.067000000001,773045.3600000001,383,27813.454246575482,22163.151016383672,take_profit,take_profit
2018-02-20,SELL,78,9663.067000000001,753719.226,387,11342.512109589057,9038.28077452604,take_profit,take_profit
2018-02-21,BUY,8,9571.914,76575.312,388,0.0,0.0,buy_signal,buy
2018-02-23,BUY,79,9431.886,745118.9940000001,389,0.0,0.0,buy_signal,buy
2018-02-26,BUY,33,9746.949,321649.31700000004,390,0.0,0.0,buy_signal,buy
2018-02-27,SELL,8,9948.01,79584.08,388,2985.3001643835582,2378.8364359890384,take_profit,take_profit
2018-02-27,SELL,79,9948.01,785892.79,389,40657.01452054792,32397.54202069861,take_profit,take_profit
2018-02-28,SELL,46,9868.026,453929.196,380,1423.7321369862836,1134.50095335752,take_profit,take_profit
2018-02-28,SELL,33,9868.026,325644.858,390,3945.619684931475,3144.067045937646,take_profit,take_profit
2018-03-02,BUY,68,8926.785,607021.38,391,0.0,0.0,buy_signal,buy
2018-03-05,BUY,85,8776.755,746024.1749999999,392,0.0,0.0,buy_signal,buy
2018-03-06,BUY,81,9121.824,738867.7440000001,393,0.0,0.0,buy_signal,buy
2018-03-07,SELL,68,8968.206,609838.008,391,2676.8274520548207,2133.029955169884,take_profit,take_profit
2018-03-07,SELL,85,8968.206,762297.51,392,16156.6171917809,12874.40040927061,take_profit,take_profit
2018-03-07,BUY,83,8971.794,744658.902,394,0.0,0.0,buy_signal,buy
2018-03-08,BUY,81,9151.83,741298.23,395,0.0,0.0,buy_signal,buy
2018-03-09,BUY,81,9201.84,745349.04,396,0.0,0.0,buy_signal,buy
2018-03-12,SELL,83,9513.097,789587.051,394,44755.663630136965,35663.55056367464,take_profit,take_profit
2018-03-13,SELL,81,9358.128,758008.368,393,18856.9686575342,15026.175474756126,take_profit,take_profit
2018-03-13,SELL,81,9358.128,758008.368,395,16538.670986301404,13178.839975434274,take_profit,take_profit
2018-03-13,SELL,81,9358.128,758008.368,396,12543.939616438336,9995.638283358889,take_profit,take_profit
2018-03-20,BUY,80,8971.794,717743.52,397,0.0,0.0,buy_signal,buy
2018-03-22,BUY,82,9036.807,741018.1740000001,398,0.0,0.0,buy_signal,buy
2018-03-23,BUY,9,8691.738,78225.64199999999,399,0.0,0.0,buy_signal,buy
2018-03-26,BUY,91,8201.64,746349.24,400,0.0,0.0,buy_signal,buy
2018-03-27,SELL,91,8668.266,788812.206,400,42403.62901369864,33789.331779565764,take_profit,take_profit
2018-03-27,BUY,86,8671.734,745769.1240000001,401,0.0,0.0,buy_signal,buy
2018-03-28,SELL,9,8703.259,78329.331,399,85.86949315069796,68.42510561713367,take_profit,take_profit
2018-03-28,SELL,86,8703.259,748480.274,401,2652.203479451962,2113.4083426012958,take_profit,take_profit
2018-03-28,BUY,27,8706.741,235082.007,402,0.0,0.0,buy_signal,buy
2018-03-29,SELL,27,9058.188,244571.076,402,9470.717876712317,7546.7415400582095,take_profit,take_profit
2018-03-29,BUY,82,9061.812,743068.584,403,0.0,0.0,buy_signal,buy
2018-03-30,BUY,81,9156.831,741703.311,404,0.0,0.0,buy_signal,buy
2018-04-02,SELL,80,9198.16,735852.8,397,17672.84821917811,14082.609103452078,take_profit,take_profit
2018-04-02,SELL,82,9198.16,754249.12,398,12840.500191780702,10231.952577820452,take_profit,take_profit
2018-04-02,SELL,82,9198.16,754249.12,403,11066.207780821882,8818.107670147916,take_profit,take_profit
2018-04-04,BUY,9,9196.839,82771.551,405,0.0,0.0,buy_signal,buy
2018-04-06,SELL,81,9363.127,758413.287,404,16424.36334246578,13087.753929443856,take_profit,take_profit
2018-04-06,SELL,9,9363.127,84268.14300000001,405,1483.8193972602783,1182.3814867068527,take_profit,take_profit
2018-05-22,SELL,44,10592.881,466086.76399999997,378,4569.120328767111,3640.903533978072,take_profit,take_profit
2018-05-25,BUY,36,9991.998,359711.92799999996,406,0.0,0.0,buy_signal,buy
2018-05-28,BUY,47,10112.021999999999,475265.0339999999,407,0.0,0.0,buy_signal,buy
2018-05-29,BUY,42,10052.01,422184.42,408,0.0,0.0,buy_signal,buy
2018-05-30,BUY,77,9656.931,743583.687,409,0.0,0.0,buy_signal,buy
2018-05-31,BUY,75,9836.967,737772.525,410,0.0,0.0,buy_signal,buy
2018-06-01,SELL,77,9778.044,752909.388,409,9210.251630136987,7339.189011474658,take_profit,take_profit
2018-06-01,BUY,70,9781.956,684736.92,411,0.0,0.0,buy_signal,buy
2018-06-04,BUY,74,10002.0,740148.0,412,0.0,0.0,buy_signal,buy
2018-06-05,SELL,75,10162.967,762222.525,410,24278.77808219178,19346.54431479452,take_profit,take_profit
2018-06-05,SELL,70,10162.967,711407.6900000001,411,26563.909726027417,21167.451465184946,take_profit,take_profit
2018-06-06,SELL,36,10137.972,364966.99199999997,406,5034.822904109602,4011.998631139736,take_profit,take_profit
2018-06-06,SELL,74,10137.972,750209.928,412,9947.088109588998,7926.337160125993,take_profit,take_profit
2018-06-07,SELL,42,10357.928,435032.976,408,12623.682246575383,10059.181198183594,take_profit,take_profit
2018-06-08,SELL,47,10382.923,487997.38100000005,407,12406.790232876838,9886.35079706791,take_profit,take_profit
2018-06-19,BUY,1,10172.034,10172.034,413,0.0,0.0,buy_signal,buy
2018-06-20,BUY,74,9976.994999999999,738297.6299999999,414,0.0,0.0,buy_signal,buy
2018-06-21,SELL,74,10117.976,748730.224,414,10374.97536986317,8267.299123475466,take_profit,take_profit
2018-06-21,BUY,21,10122.024,212562.504,415,0.0,0.0,buy_signal,buy
2018-06-25,BUY,24,10157.030999999999,243768.74399999998,416,0.0,0.0,buy_signal,buy
2018-06-26,BUY,75,9816.963,736272.225,417,0.0,0.0,buy_signal,buy
2018-06-27,SELL,75,9973.005000000001,747975.3750000001,417,11645.759589041236,9279.92352852751,take_profit,take_profit
2018-06-27,BUY,8,9976.994999999999,79815.95999999999,418,0.0,0.0,buy_signal,buy
2018-06-28,BUY,75,9876.975,740773.125,419,0.0,0.0,buy_signal,buy
2018-06-29,BUY,74,9971.994,737927.5560000001,420,0.0,0.0,buy_signal,buy
2018-07-02,BUY,47,9886.976999999999,464687.91899999994,421,0.0,0.0,buy_signal,buy
2018-07-03,BUY,78,9571.914,746609.292,422,0.0,0.0,buy_signal,buy
2018-07-04,BUY,79,9371.874,740378.046,423,0.0,0.0,buy_signal,buy
2018-07-05,BUY,79,9396.878999999999,742353.4409999999,424,0.0,0.0,buy_signal,buy
2018-07-06,BUY,79,9376.875,740773.125,425,0.0,0.0,buy_signal,buy
2018-07-09,SELL,79,9558.088,755088.9519999999,423,14540.006273972562,11586.203999415036,take_profit,take_profit
2018-07-09,SELL,79,9558.088,755088.9519999999,424,12621.699054794577,10057.60089181306,take_profit,take_profit
2018-07-09,SELL,79,9558.088,755088.9519999999,425,14258.254397260205,11361.690016456794,take_profit,take_profit
2018-07-09,BUY,78,9561.912,745829.136,426,0.0,0.0,buy_signal,buy
2018-07-10,SELL,78,9838.032000000001,767366.496,422,20473.732767123314,16314.493955482212,take_profit,take_profit
2018-07-10,SELL,78,9838.032000000001,767366.496,426,21479.31945205478,17115.795705369852,take_profit,take_profit
2018-07-10,BUY,6,9841.967999999999,59051.80799999999,427,0.0,0.0,buy_signal,buy
2018-07-12,BUY,43,9681.936,416323.24799999996,428,0.0,0.0,buy_signal,buy
2018-07-13,SELL,43,10022.995,430988.78500000003,428,14633.127958904179,11660.408014052795,take_profit,take_profit
2018-07-16,SELL,8,10192.961,81543.688,418,1650.3221917808248,1315.0592385205503,take_profit,take_profit
2018-07-16,SELL,75,10192.961,764472.075,419,23030.3445205479,18351.730031198596,take_profit,take_profit
2018-07-16,SELL,74,10192.961,754279.114,420,15748.20863013683,12548.960046924534,take_profit,take_profit
2018-07-16,SELL,47,10192.961,479069.16699999996,421,14033.914136986323,11182.92448005755,take_profit,take_profit
2018-07-16,SELL,6,10192.961,61157.765999999996,427,2087.7955890411017,1663.659915127402,take_profit,take_profit
2018-07-18,SELL,21,10472.905,219931.005,415,7067.340287671252,5631.610108230837,take_profit,take_profit
2018-07-19,SELL,1,10437.912,10437.912,413,249.20189041095952,198.57652637397308,take_profit,take_profit
2018-07-19,SELL,24,10437.912,250509.888,416,6415.444931506879,5112.147293671256,take_profit,take_profit
2018-07-24,BUY,2,10137.027,20274.054,429,0.0,0.0,buy_signal,buy
2018-07-30,SELL,2,10187.962,20375.924,429,95.62178082191679,76.19621604794439,take_profit,take_profit
2018-08-06,BUY,1,10122.024,10122.024,430,0.0,0.0,buy_signal,buy
2018-08-13,BUY,76,9756.951,741528.276,431,0.0,0.0,buy_signal,buy
2018-08-14,BUY,77,9681.936,745509.0719999999,432,0.0,0.0,buy_signal,buy
2018-08-15,SELL,76,9948.01,756048.76,431,14407.087835616494,11480.287941811002,take_profit,take_profit
2018-08-15,SELL,77,9948.01,765996.77,432,20429.04298630146,16278.88290363432,take_profit,take_profit
2018-08-15,BUY,53,9951.99,527455.47,433,0.0,0.0,buy_signal,buy
2018-08-16,BUY,78,9576.914999999999,746999.3699999999,434,0.0,0.0,buy_signal,buy
2018-08-17,SELL,78,9923.015,773995.1699999999,434,26937.01150684936,21464.757619232914,take_profit,take_profit
2018-08-17,BUY,75,9926.985,744523.875,435,0.0,0.0,buy_signal,buy
2018-08-20,BUY,38,9846.969,374184.822,436,0.0,0.0,buy_signal,buy
2018-08-21,BUY,7,9741.948,68193.636,437,0.0,0.0,buy_signal,buy
2018-08-22,BUY,63,9826.965,619098.795,438,0.0,0.0,buy_signal,buy
2018-08-23,SELL,7,9993.001,69951.007,437,1746.7467260273963,1391.8951286349306,take_profit,take_profit
2018-08-23,SELL,63,9993.001,629559.063,438,10412.229205479376,8296.98484238624,take_profit,take_profit
2018-08-24,SELL,38,10067.986,382583.46800000005,436,8283.253013698697,6600.510163965807,take_profit,take_profit
2018-08-27,SELL,53,10232.953,542346.509,433,14568.70606849314,11609.07343067876,take_profit,take_profit
2018-08-27,SELL,75,10232.953,767471.475,435,22604.52328767121,18012.414381780804,take_profit,take_profit
2018-08-28,SELL,1,10487.902,10487.902,430,353.62512328767184,281.7861794917813,take_profit,take_profit
2018-09-06,BUY,6,10067.012999999999,60402.077999999994,439,0.0,0.0,buy_signal,buy
2018-09-07,BUY,43,9951.99,427935.57,440,0.0,0.0,buy_signal,buy
2018-09-10,BUY,75,9881.976,741148.2000000001,441,0.0,0.0,buy_signal,buy
2018-09-11,BUY,67,10052.01,673484.67,442,0.0,0.0,buy_signal,buy
2018-09-12,SELL,6,10272.945,61637.67,439,1217.084383561648,969.8336910410993,take_profit,take_profit
2018-09-12,SELL,43,10272.945,441736.635,440,13701.66078082192,10918.168393197946,take_profit,take_profit
2018-09-12,SELL,75,10272.945,770470.875,441,29206.34075342459,23273.072629366383,take_profit,take_profit
2018-09-12,SELL,67,10272.945,688287.315,442,14750.065602739629,11753.589775543074,take_profit,take_profit
2018-09-20,SELL,42,11242.751,472195.542,376,11562.21912328769,9213.354308391796,take_profit,take_profit
2018-09-20,SELL,26,11242.751,292311.526,377,5749.277780821937,4581.311999647961,take_profit,take_profit
2018-09-25,SELL,41,11347.73,465256.93,374,4175.155808219163,3326.97290577944,take_profit,take_profit
2018-09-26,SELL,40,11477.704,459108.16,373,3601.845479452011,2870.130570301335,take_profit,take_profit
2018-09-27,SELL,31,11557.688,358288.328,371,4259.810219178042,3394.429773152023,take_profit,take_profit
2018-09-27,SELL,40,11557.688,462307.52,372,5330.933150684962,4247.954081123312,take_profit,take_profit
2018-09-28,BUY,1,11697.339,11697.339,443,0.0,0.0,buy_signal,buy
2018-10-01,SELL,15,11797.64,176964.59999999998,369,2981.6480136986165,2375.9262197157427,take_profit,take_profit
2018-10-01,SELL,1,11797.64,11797.64,370,124.65523287671272,99.33152231780852,take_profit,take_profit
2018-10-02,SELL,22,11992.601,263837.222,366,4513.972958904109,3596.9593523027393,take_profit,take_profit
2018-10-02,SELL,1,11992.601,11992.601,443,293.4485205479458,233.8344535986306,take_profit,take_profit
2018-10-04,BUY,1,11872.374,11872.374,444,0.0,0.0,buy_signal,buy
2018-10-05,BUY,2,11417.283,22834.566,445,0.0,0.0,buy_signal,buy
2018-10-09,BUY,8,11197.239,89577.912,446,0.0,0.0,buy_signal,buy
2018-10-10,BUY,27,11172.234,301650.318,447,0.0,0.0,buy_signal,buy
2018-10-11,BUY,28,10387.077,290838.15599999996,448,0.0,0.0,buy_signal,buy
2018-10-12,BUY,70,10202.039999999999,714142.7999999999,449,0.0,0.0,buy_signal,buy
2018-10-15,SELL,70,10202.959,714207.13,449,8.48342465760875,6.760016938415533,take_profit,take_profit
2018-10-15,BUY,68,10207.041,694078.788,450,0.0,0.0,buy_signal,buy
2018-10-16,BUY,74,9996.999,739777.926,451,0.0,0.0,buy_signal,buy
2018-10-17,SELL,74,10487.902,776104.748,451,36268.80600000004,28900.79806110003,take_profit,take_profit
2018-10-17,BUY,66,10492.098,692478.468,452,0.0,0.0,buy_signal,buy
2018-10-18,SELL,68,10492.901,713517.268,450,19278.465753424756,15362.045435616517,take_profit,take_profit
2018-10-18,BUY,53,10497.099,556346.247,453,0.0,0.0,buy_signal,buy
2018-10-19,BUY,57,10002.0,570114.0,454,0.0,0.0,buy_signal,buy
2018-10-22,SELL,57,10057.988,573305.316,454,3146.737315068485,2507.477629512322,take_profit,take_profit
2018-10-22,BUY,65,10062.012,654030.78,455,0.0,0.0,buy_signal,buy
2018-10-23,SELL,65,10082.983,655393.895,455,1311.8807534246482,1045.372178366431,take_profit,take_profit
2018-10-23,BUY,54,10087.017,544698.918,456,0.0,0.0,buy_signal,buy
2018-10-24,BUY,74,9876.975,730896.15,457,0.0,0.0,buy_signal,buy
2018-10-25,BUY,80,9201.84,736147.2,458,0.0,0.0,buy_signal,buy
2018-10-26,BUY,81,9231.846,747779.526,459,0.0,0.0,buy_signal,buy
2018-10-29,BUY,82,9106.821,746759.322,460,0.0,0.0,buy_signal,buy
2018-10-30,BUY,84,8846.769,743128.596,461,0.0,0.0,buy_signal,buy
2018-10-31,SELL,84,9378.124,787762.416,461,44574.472273972555,35519.16823151503,take_profit,take_profit
2018-10-31,BUY,78,9381.876,731786.328,462,0.0,0.0,buy_signal,buy
2018-11-01,SELL,80,9503.099,760247.92,458,23819.73808219187,18980.75829079459,take_profit,take_profit
2018-11-01,SELL,81,9503.099,769751.019,459,21743.232780821934,17326.09504139796,take_profit,take_profit
2018-11-01,SELL,82,9503.099,779254.118,460,32320.237095890385,25754.380929860254,take_profit,take_profit
2018-11-01,SELL,78,9503.099,741241.7220000001,462,9398.041561643924,7488.829418395961,take_profit,take_profit
2018-11-01,BUY,66,9506.901,627455.466,463,0.0,0.0,buy_signal,buy
2018-11-02,BUY,69,9506.901,655976.169,464,0.0,0.0,buy_signal,buy
2018-11-05,SELL,66,9603.079,633803.214,463,6250.158410958926,4980.43872977262,take_profit,take_profit
2018-11-05,SELL,69,9603.079,662612.451,464,6583.985671232883,5246.448982121923,take_profit,take_profit
2018-11-05,BUY,12,9606.921,115283.052,465,0.0,0.0,buy_signal,buy
2018-11-06,BUY,37,9706.940999999999,359156.817,466,0.0,0.0,buy_signal,buy
2018-11-07,BUY,15,9816.963,147254.445,467,0.0,0.0,buy_signal,buy
2018-11-08,BUY,23,10117.023,232691.52899999998,468,0.0,0.0,buy_signal,buy
2018-11-09,SELL,74,10052.989,743921.186,457,12377.692109589005,9863.163957525998,take_profit,take_profit
2018-11-09,SELL,12,10052.989,120635.86799999999,465,5316.753534246567,4236.655053764377,take_profit,take_profit
2018-11-09,SELL,37,10052.989,371960.593,466,12719.718082191794,10135.70735379453,take_profit,take_profit
2018-11-09,SELL,15,10052.989,150794.835,467,3517.571917808204,2802.9771827054674,take_profit,take_profit
2018-11-09,BUY,3,10057.011,30171.033000000003,469,0.0,0.0,buy_signal,buy
2018-11-12,BUY,17,9756.951,165868.167,470,0.0,0.0,buy_signal,buy
2018-11-13,BUY,10,9401.88,94018.79999999999,471,0.0,0.0,buy_signal,buy
2018-11-14,BUY,50,9521.904,476095.2,472,0.0,0.0,buy_signal,buy
2018-11-15,BUY,42,9351.869999999999,392778.54,473,0.0,0.0,buy_signal,buy
2018-11-16,BUY,52,9501.9,494098.8,474,0.0,0.0,buy_signal,buy
2018-11-19,BUY,56,9361.872,524264.83199999994,475,0.0,0.0,buy_signal,buy
2018-11-20,BUY,40,9251.85,370074.0,476,0.0,0.0,buy_signal,buy
2018-11-21,BUY,56,9001.8,504100.79999999993,477,0.0,0.0,buy_signal,buy
2018-11-22,SELL,56,9293.141,520415.89599999995,477,16275.423452054814,12969.071177769878,take_profit,take_profit
2018-11-22,BUY,58,9296.859,539217.822,478,0.0,0.0,buy_signal,buy
2018-11-26,BUY,50,9361.872,468093.6,479,0.0,0.0,buy_signal,buy
2018-11-27,SELL,40,9628.074,385122.96,476,14934.290410958925,11900.38931397262,take_profit,take_profit
2018-11-27,SELL,58,9628.074,558428.292,478,19126.600410958876,15241.03153747258,take_profit,take_profit
2018-11-27,BUY,26,9631.926,250430.076,480,0.0,0.0,buy_signal,buy
2018-11-28,SELL,10,9708.058,97080.58000000002,471,2989.401917808247,2382.1049182055017,take_profit,take_profit
2018-11-28,SELL,42,9708.058,407738.43600000005,473,14717.140602739792,11727.353489293204,take_profit,take_profit
2018-11-28,SELL,56,9708.058,543651.248,475,19143.762630137073,15254.707251824726,take_profit,take_profit
2018-11-28,SELL,50,9708.058,485402.9,479,17235.98219178087,13734.492409520586,take_profit,take_profit
2018-11-28,BUY,16,9711.942,155391.072,481,0.0,0.0,buy_signal,buy
2018-11-29,SELL,50,9973.005000000001,498650.25000000006,472,22191.913013698675,17683.62588496579,take_profit,take_profit
2018-11-29,SELL,52,9973.005000000001,518596.26000000007,474,24195.569369863093,19280.239452375405,take_profit,take_profit
2018-11-29,SELL,26,9973.005000000001,259298.13000000003,480,8829.290493150718,7035.62012946715,take_profit,take_profit
2018-11-29,BUY,5,9976.994999999999,49884.97499999999,482,0.0,0.0,buy_signal,buy
2018-11-30,SELL,16,9893.021,158288.336,481,2873.1149589041343,2289.4416550027595,take_profit,take_profit
2018-11-30,BUY,4,9896.979,39587.916,483,0.0,0.0,buy_signal,buy
2018-12-03,SELL,17,10182.963,173110.37099999998,470,7067.603287671231,5631.8196797808205,take_profit,take_profit
2018-12-03,BUY,4,10187.037,40748.148,484,0.0,0.0,buy_signal,buy
2018-12-04,SELL,5,10122.975,50614.875,482,718.3989041095978,572.456166739733,take_profit,take_profit
2018-12-04,SELL,4,10122.975,40491.9,483,897.8086575342506,715.4188287561676,take_profit,take_profit
2018-12-04,BUY,2,10127.025,20254.05,485,0.0,0.0,buy_signal,buy
2018-12-05,BUY,31,9396.878999999999,291303.24899999995,486,0.0,0.0,buy_signal,buy
2018-12-06,SELL,31,9443.111,292736.44100000005,486,1410.4694246576316,1123.9325610384337,take_profit,take_profit
2018-12-06,BUY,50,9446.889,472344.44999999995,487,0.0,0.0,buy_signal,buy
2018-12-07,BUY,76,9306.860999999999,707321.4359999999,488,0.0,0.0,buy_signal,buy
2018-12-10,BUY,72,9001.8,648129.6,489,0.0,0.0,buy_signal,buy
2018-12-11,BUY,82,9001.8,738147.6,490,0.0,0.0,buy_signal,buy
2018-12-12,BUY,81,9071.814,734816.934,491,0.0,0.0,buy_signal,buy
2018-12-13,SELL,72,9398.12,676664.64,489,28385.137972602777,22618.697193468524,take_profit,take_profit
2018-12-13,SELL,82,9398.12,770645.8400000001,490,32383.88032876723,25805.09503997817,take_profit,take_profit
2018-12-13,SELL,81,9398.12,761247.7200000001,491,26373.09180821926,21015.398207379516,take_profit,take_profit
2018-12-13,BUY,58,9401.88,545309.0399999999,492,0.0,0.0,buy_signal,buy
2018-12-14,SELL,76,9338.132,709698.032,488,2108.817808219314,1680.4114704795604,take_profit,take_profit
2018-12-14,BUY,29,9341.868,270914.172,493,0.0,0.0,buy_signal,buy
2018-12-17,BUY,71,9081.815999999999,644808.9359999999,494,0.0,0.0,buy_signal,buy
2018-12-18,BUY,50,8931.786,446589.3,495,0.0,0.0,buy_signal,buy
2018-12-19,BUY,76,8831.766,671214.216,496,0.0,0.0,buy_signal,buy
2018-12-20,BUY,85,8551.71,726895.35,497,0.0,0.0,buy_signal,buy
2018-12-21,BUY,92,8161.632,750870.144,498,0.0,0.0,buy_signal,buy
2018-12-25,BUY,101,7466.4929999999995,754115.793,499,0.0,0.0,buy_signal,buy
2018-12-26,BUY,100,7471.494,747149.4,500,0.0,0.0,buy_signal,buy
2018-12-28,SELL,101,7898.42,797740.42,499,43449.48469863023,34622.7218821035,take_profit,take_profit
2018-12-28,SELL,100,7898.42,789842.0,500,42574.73150684929,33925.67480123286,take_profit,take_profit
2019-01-21,SELL,92,8598.28,791041.76,498,39326.052821917845,31336.965191145235,take_profit,take_profit
2019-02-14,SELL,85,8808.238,748700.23,497,20030.475890410962,15961.284713273975,take_profit,take_profit
2019-02-21,SELL,76,9013.197,685002.9720000001,496,11892.999506849368,9476.936657032918,take_profit,take_profit
2019-02-22,SELL,50,8993.201000000001,449660.05000000005,495,1754.750000000058,1398.2725375000462,take_profit,take_profit
2019-03-05,SELL,71,9293.141,659813.0109999999,494,12736.801849315138,10149.320553626767,take_profit,take_profit
2019-03-11,BUY,5,8741.748,43708.74,501,0.0,0.0,buy_signal,buy
2019-03-12,BUY,5,9036.807,45184.035,502,0.0,0.0,buy_signal,buy
2019-03-13,SELL,5,9043.191,45215.955,501,1500.347328767127,1195.551768928085,take_profit,take_profit
2019-03-13,BUY,1,9046.809,9046.809,503,0.0,0.0,buy_signal,buy
2019-03-14,BUY,2,9091.818,18183.636,504,0.0,0.0,buy_signal,buy
2019-03-15,BUY,1,9006.801,9006.801,505,0.0,0.0,buy_signal,buy
2019-03-19,SELL,1,9163.167,9163.167,505,154.96791780821917,123.48618530547944,take_profit,take_profit
2019-03-22,SELL,5,9188.162,45940.81,502,732.4073287671175,583.6187799280776,take_profit,take_profit
2019-03-22,SELL,1,9188.162,9188.162,503,137.1802328767133,109.31206856780898,take_profit,take_profit
2019-03-26,BUY,5,8806.761,44033.805,506,0.0,0.0,buy_signal,buy
2019-03-27,SELL,5,9098.18,45490.9,506,1453.6295205479464,1158.324683448631,take_profit,take_profit
2019-03-29,BUY,4,9016.803,36067.212,507,0.0,0.0,buy_signal,buy
2019-04-01,BUY,2,9261.851999999999,18523.703999999998,508,0.0,0.0,buy_signal,buy
2019-04-02,SELL,2,9423.115,18846.23,504,645.9635342465763,514.7360422643843,take_profit,take_profit
2019-04-02,SELL,4,9423.115,37692.46,507,1619.667945205479,1290.632402136986,take_profit,take_profit
2019-04-05,SELL,2,9423.115,18846.23,508,316.8078630137003,252.44834564246707,take_profit,take_profit
2019-04-08,SELL,29,9568.086,277474.494,493,5149.177232876698,4103.121878017797,take_profit,take_profit
2019-04-15,SELL,58,9723.055,563937.1900000001,492,15553.873506849455,12394.104103932988,take_profit,take_profit
2019-04-16,SELL,50,9768.046,488402.3,487,13194.773287671269,10514.25509428085,take_profit,take_profit
2019-04-25,BUY,1,9821.964,9821.964,509,0.0,0.0,buy_signal,buy
2019-05-07,BUY,4,9771.954,39087.816,510,0.0,0.0,buy_signal,buy
2019-05-08,BUY,10,9296.859,92968.59,511,0.0,0.0,buy_signal,buy
2019-05-09,BUY,15,9211.842,138177.63,512,0.0,0.0,buy_signal,buy
2019-05-10,BUY,18,9126.824999999999,164282.84999999998,513,0.0,0.0,buy_signal,buy
2019-05-13,BUY,19,8941.788,169893.972,514,0.0,0.0,buy_signal,buy
2019-05-14,BUY,9,8651.73,77865.56999999999,515,0.0,0.0,buy_signal,buy
2019-05-15,SELL,9,8958.208,80623.872,515,2752.1400821917914,2193.0428244945288,take_profit,take_profit
2019-05-15,BUY,8,8961.792,71694.336,516,0.0,0.0,buy_signal,buy
2019-05-16,BUY,8,8906.780999999999,71254.24799999999,517,0.0,0.0,buy_signal,buy
2019-05-17,BUY,8,8996.798999999999,71974.39199999999,518,0.0,0.0,buy_signal,buy
2019-05-20,BUY,5,9036.807,45184.035,519,0.0,0.0,buy_signal,buy
2019-05-21,BUY,16,8951.789999999999,143228.63999999998,520,0.0,0.0,buy_signal,buy
2019-05-22,BUY,17,9101.82,154730.94,521,0.0,0.0,buy_signal,buy
2019-05-23,BUY,17,8931.786,151840.362,522,0.0,0.0,buy_signal,buy
2019-05-24,BUY,18,8721.744,156991.39200000002,523,0.0,0.0,buy_signal,buy
2019-05-27,SELL,18,8918.216,160527.888,523,3524.2550136986147,2808.302607665741,take_profit,take_profit
2019-05-27,BUY,18,8921.784,160592.112,524,0.0,0.0,buy_signal,buy
2019-05-28,BUY,5,8946.789,44733.94500000001,525,0.0,0.0,buy_signal,buy
2019-05-29,BUY,3,8811.762,26435.286,526,0.0,0.0,buy_signal,buy
2019-05-30,BUY,7,8681.735999999999,60772.151999999995,527,0.0,0.0,buy_signal,buy
2019-05-31,BUY,7,8596.719,60177.032999999996,528,0.0,0.0,buy_signal,buy
2019-06-03,BUY,9,8211.642,73904.77799999999,529,0.0,0.0,buy_signal,buy
2019-06-04,BUY,4,8301.66,33206.64,530,0.0,0.0,buy_signal,buy
2019-06-05,BUY,4,8551.71,34206.84,531,0.0,0.0,buy_signal,buy
2019-06-06,SELL,9,8553.289,76979.60100000001,529,3057.4867808219365,2436.35834129796,take_profit,take_profit
2019-06-06,SELL,4,8553.289,34213.156,530,1001.3455890410992,797.9222326273999,take_profit,take_profit
2019-06-06,BUY,1,8556.711,8556.711,532,0.0,0.0,buy_signal,buy
2019-06-07,BUY,1,8656.731,8656.731,533,0.0,0.0,buy_signal,buy
2019-06-11,SELL,7,8833.233,61832.631,527,1023.7652465753491,815.7873367335669,take_profit,take_profit
2019-06-11,SELL,7,8833.233,61832.631,528,1623.5613972602794,1293.7348994068536,take_profit,take_profit
2019-06-11,SELL,4,8833.233,35332.932,531,1115.4443287671274,888.8418133780855,take_profit,take_profit
2019-06-11,SELL,1,8833.233,8833.233,532,274.51789041095975,218.74958097397328,take_profit,take_profit
2019-06-11,SELL,1,8833.233,8833.233,533,175.15608219178122,139.57312409452086,take_profit,take_profit
2019-06-11,BUY,9,8836.767,79530.90299999999,534,0.0,0.0,buy_signal,buy
2019-06-12,BUY,8,8886.777,71094.216,535,0.0,0.0,buy_signal,buy
2019-06-13,BUY,10,8811.762,88117.62000000001,536,0.0,0.0,buy_signal,buy
2019-06-14,BUY,12,8796.759,105561.10800000001,537,0.0,0.0,buy_signal,buy
2019-06-17,BUY,11,8826.765,97094.415,538,0.0,0.0,buy_signal,buy
2019-06-20,SELL,3,9108.178,27324.534,526,857.2071780821914,683.0655398547942,take_profit,take_profit
2019-06-20,SELL,9,9108.178,81973.602,534,2399.838287671241,1912.3111395308283,take_profit,take_profit
2019-06-20,SELL,8,9108.178,72865.424,535,1738.5929863013687,1385.3978211342455,take_profit,take_profit
2019-06-20,SELL,10,9108.178,91081.78,536,2930.20712328766,2334.935546191772,take_profit,take_profit
2019-06-20,SELL,12,9108.178,109298.136,537,3704.3577534246488,2951.8174758164314,take_profit,take_profit
2019-06-20,SELL,11,9108.178,100189.958,538,3073.0632191780874,2448.770426202059,take_profit,take_profit
2019-06-21,SELL,19,9163.167,174100.17299999998,514,3833.4147534246295,3054.6565462664157,take_profit,take_profit
2019-06-21,SELL,8,9163.167,73305.336,516,1465.010301369863,1167.3934586465755,take_profit,take_profit
2019-06-21,SELL,8,9163.167,73305.336,517,1910.5909041095924,1522.4543619397286,take_profit,take_profit
2019-06-21,SELL,16,9163.167,146610.672,520,3134.024109589048,2497.347111726033,take_profit,take_profit
2019-06-21,SELL,17,9163.167,155773.83899999998,522,3693.468671232861,2943.1405106719053,take_profit,take_profit
2019-06-21,SELL,18,9163.167,164937.006,524,4115.290931506849,3279.269578771233,take_profit,take_profit
2019-06-21,SELL,5,9163.167,45815.835,525,1021.5365753424579,814.0114200616376,take_profit,take_profit
2019-06-25,BUY,7,8951.789999999999,62662.52999999999,539,0.0,0.0,buy_signal,buy
2019-06-26,BUY,8,8836.767,70694.136,540,0.0,0.0,buy_signal,buy
2019-06-27,BUY,12,8896.779,106761.348,541,0.0,0.0,buy_signal,buy
2019-06-28,SELL,8,9003.199,72025.592,540,1320.4800000000055,1052.2244880000044,take_profit,take_profit
2019-06-28,BUY,7,9006.801,63047.606999999996,542,0.0,0.0,buy_signal,buy
2019-07-01,BUY,8,9321.864,74574.912,543,0.0,0.0,buy_signal,buy
2019-07-02,SELL,15,9353.129,140296.935,512,1731.397602739719,1379.6641797431453,take_profit,take_profit
2019-07-02,SELL,18,9353.129,168356.32200000001,513,3620.583123287709,2885.061661791811,take_profit,take_profit
2019-07-02,SELL,8,9353.129,74825.032,518,2676.816000000014,2133.020829600011,take_profit,take_profit
2019-07-02,SELL,5,9353.129,46765.645000000004,519,1476.422054794521,1176.486914363014,take_profit,take_profit
2019-07-02,SELL,17,9353.129,159003.19300000003,521,3938.153164383588,3138.117349039062,take_profit,take_profit
2019-07-02,SELL,7,9353.129,65471.903000000006,539,2785.1119589041236,2219.316464452751,take_profit,take_profit
2019-07-02,SELL,12,9353.129,112237.54800000001,541,5450.944767123299,4343.5853376822015,take_profit,take_profit
2019-07-02,SELL,7,9353.129,65471.903000000006,542,2414.4208219178176,1923.9312319452129,take_profit,take_profit
2019-07-02,BUY,2,9356.871,18713.742,544,0.0,0.0,buy_signal,buy
2019-07-03,BUY,2,9356.871,18713.742,545,0.0,0.0,buy_signal,buy
2019-07-04,BUY,3,9381.876,28145.628,546,0.0,0.0,buy_signal,buy
2019-07-05,BUY,3,9356.871,28070.612999999998,547,0.0,0.0,buy_signal,buy
2019-07-08,BUY,2,9326.865,18653.73,548,0.0,0.0,buy_signal,buy
2019-07-09,BUY,7,9271.854,64902.977999999996,549,0.0,0.0,buy_signal,buy
2019-07-10,BUY,7,9211.842,64482.894,550,0.0,0.0,buy_signal,buy
2019-07-11,BUY,7,9241.848,64692.936,551,0.0,0.0,buy_signal,buy
2019-07-12,BUY,6,9366.873,56201.238,552,0.0,0.0,buy_signal,buy
2019-07-16,BUY,5,9306.860999999999,46534.30499999999,553,0.0,0.0,buy_signal,buy
2019-07-17,BUY,7,9181.836,64272.852,554,0.0,0.0,buy_signal,buy
2019-07-18,BUY,9,9046.809,81421.28099999999,555,0.0,0.0,buy_signal,buy
2019-07-19,BUY,17,8886.777,151075.209,556,0.0,0.0,buy_signal,buy
2019-07-22,SELL,17,9078.184000000001,154329.12800000003,556,3241.9929178082425,2583.382056555498,take_profit,take_profit
2019-07-22,BUY,8,9081.815999999999,72654.52799999999,557,0.0,0.0,buy_signal,buy
2019-07-23,BUY,9,9116.823,82051.407,558,0.0,0.0,buy_signal,buy
2019-07-24,SELL,9,9373.125,84358.125,555,2911.795890410971,2320.2645552739823,take_profit,take_profit
2019-07-24,SELL,8,9373.125,74985.0,557,2319.2075616438447,1848.0605454958977,take_profit,take_profit
2019-07-24,BUY,5,9376.875,46884.375,559,0.0,0.0,buy_signal,buy
2019-07-25,SELL,9,9413.117,84718.053,558,2653.8009041095825,2114.6812504397208,take_profit,take_profit
2019-07-25,BUY,4,9416.883,37667.532,560,0.0,0.0,buy_signal,buy
2019-07-26,SELL,7,9323.135,65261.945,550,724.6596575342461,577.445048106164,take_profit,take_profit
2019-07-26,SELL,7,9323.135,65261.945,551,519.5820958904092,414.02899311027255,take_profit,take_profit
2019-07-26,SELL,7,9323.135,65261.945,554,954.629219178083,760.6962933020554,take_profit,take_profit
2019-07-26,BUY,3,9326.865,27980.595,561,0.0,0.0,buy_signal,buy
2019-07-29,BUY,5,9301.86,46509.3,562,0.0,0.0,buy_signal,buy
2019-07-30,BUY,6,9326.865,55961.19,563,0.0,0.0,buy_signal,buy
2019-07-31,BUY,6,9201.84,55211.04,564,0.0,0.0,buy_signal,buy
2019-08-01,BUY,9,9051.81,81466.29,565,0.0,0.0,buy_signal,buy
2019-08-02,BUY,10,8826.765,88267.65,566,0.0,0.0,buy_signal,buy
2019-08-05,BUY,17,8681.735999999999,147589.512,567,0.0,0.0,buy_signal,buy
2019-08-06,BUY,21,8006.601,168138.62099999998,568,0.0,0.0,buy_signal,buy
2019-08-07,SELL,21,8368.326000000001,175734.84600000002,568,7582.717109589076,6042.288128776056,take_profit,take_profit
2019-08-07,BUY,6,8371.673999999999,50230.043999999994,569,0.0,0.0,buy_signal,buy
2019-08-08,BUY,6,8351.67,50110.020000000004,570,0.0,0.0,buy_signal,buy
2019-08-09,BUY,6,8536.707,51220.242,571,0.0,0.0,buy_signal,buy
2019-08-13,BUY,6,8281.655999999999,49689.935999999994,572,0.0,0.0,buy_signal,buy
2019-08-14,BUY,6,8471.694,50830.164,573,0.0,0.0,buy_signal,buy
2019-08-15,BUY,5,8121.624,40608.119999999995,574,0.0,0.0,buy_signal,buy
2019-08-16,BUY,6,8176.635,49059.81,575,0.0,0.0,buy_signal,buy
2019-08-19,BUY,6,8411.682,50470.092000000004,576,0.0,0.0,buy_signal,buy
2019-08-20,SELL,5,8408.318,42041.59,574,1423.9308219178095,1134.6592754452065,take_profit,take_profit
2019-08-20,BUY,6,8411.682,50470.092000000004,577,0.0,0.0,buy_signal,buy
2019-08-21,SELL,6,8308.338,49850.028,575,778.667424657535,620.4811373383568,take_profit,take_profit
2019-08-21,BUY,1,8311.662,8311.662,578,0.0,0.0,buy_signal,buy
2019-08-22,BUY,4,8491.698,33966.792,579,0.0,0.0,buy_signal,buy
2019-08-23,BUY,2,8406.681,16813.362,580,0.0,0.0,buy_signal,buy
2019-08-27,BUY,6,8286.657,49719.941999999995,581,0.0,0.0,buy_signal,buy
2019-08-28,BUY,5,8291.658,41458.28999999999,582,0.0,0.0,buy_signal,buy
2019-08-29,BUY,3,8311.662,24934.986,583,0.0,0.0,buy_signal,buy
2019-08-30,BUY,3,8456.691,25370.073000000004,584,0.0,0.0,buy_signal,buy
2019-09-06,SELL,6,8898.22,53389.31999999999,569,3078.1734246575325,2452.8424934383547,take_profit,take_profit
2019-09-06,SELL,6,8898.22,53389.31999999999,570,3202.0315068493032,2551.5388062328675,take_profit,take_profit
2019-09-06,SELL,6,8898.22,53389.31999999999,571,2095.685013698624,1669.9466031657485,take_profit,take_profit
2019-09-06,SELL,6,8898.22,53389.31999999999,572,3629.8941369862996,2892.481143057533,take_profit,take_profit
2019-09-06,SELL,6,8898.22,53389.31999999999,573,2493.4726027397214,1986.923643493147,take_profit,take_profit
2019-09-06,SELL,6,8898.22,53389.31999999999,576,2865.0192328767007,2282.990575717799,take_profit,take_profit
2019-09-06,SELL,6,8898.22,53389.31999999999,577,2868.8740273972485,2286.0622687314976,take_profit,take_profit
2019-09-06,SELL,1,8898.22,8898.22,578,578.8146575342456,461.2284598561636,take_profit,take_profit
2019-09-06,SELL,4,8898.22,35592.88,579,1597.698301369859,1273.1258914465723,take_profit,take_profit
2019-09-06,SELL,2,8898.22,17796.44,580,970.1749863013675,773.0839378342447,take_profit,take_profit
2019-09-06,SELL,6,8898.22,53389.31999999999,581,3638.32331506849,2899.1979336123263,take_profit,take_profit
2019-09-06,SELL,5,8898.22,44491.1,582,3010.1012328767174,2398.599167417812,take_profit,take_profit
2019-09-06,SELL,3,8898.22,26694.659999999996,583,1747.9600273972558,1392.8619478315031,take_profit,take_profit
2019-09-06,SELL,3,8898.22,26694.659999999996,584,1314.778561643828,1047.6812968458844,take_profit,take_profit
2019-09-10,SELL,17,9038.192000000001,153649.26400000002,567,5784.624000000037,4609.477634400029,take_profit,take_profit
2019-09-12,SELL,9,9388.122,84493.098,565,2856.09353424658,2275.8781327643874,take_profit,take_profit
2019-09-12,SELL,10,9388.122,93881.22,566,5430.940958904117,4327.645303102746,take_profit,take_profit
2019-09-13,SELL,6,9483.103000000001,56898.618,564,1565.2118630137,1247.2390730424668,take_profit,take_profit
2019-09-17,SELL,10,9533.093,95330.93000000001,511,1743.3865753424766,1389.2175925616525,take_profit,take_profit
2019-09-17,SELL,8,9533.093,76264.744,543,1401.4826301369958,1116.771433824665,take_profit,take_profit
2019-09-17,SELL,2,9533.093,19066.186,544,281.7996164383593,224.5520243589066,take_profit,take_profit
2019-09-17,SELL,2,9533.093,19066.186,545,283.2402739726059,225.700012315071,take_profit,take_profit
2019-09-17,SELL,3,9533.093,28599.279000000002,546,351.98223287671397,280.4770422678095,take_profit,take_profit
2019-09-17,SELL,3,9533.093,28599.279000000002,547,429.1478630137034,341.96647464246956,take_profit,take_profit
2019-09-17,SELL,2,9533.093,19066.186,548,347.54893150685126,276.9443660712344,take_profit,take_profit
2019-09-17,SELL,7,9533.093,66731.65100000001,549,1606.446589041113,1280.096964477411,take_profit,take_profit
2019-09-17,SELL,6,9533.093,57198.558000000005,552,819.6243287671302,653.1176463780878,take_profit,take_profit
2019-09-17,SELL,5,9533.093,47665.465000000004,553,986.660821917819,786.2206759452141,take_profit,take_profit
2019-09-17,SELL,5,9533.093,47665.465000000004,559,657.558219178086,523.9752669520578,take_profit,take_profit
2019-09-17,SELL,4,9533.093,38132.372,560,368.8774794520586,293.9400195013729,take_profit,take_profit
2019-09-17,SELL,3,9533.093,28599.279000000002,561,548.8765479452065,437.3722772301378,take_profit,take_profit
2019-09-17,SELL,5,9533.093,47665.465000000004,562,1043.3863698630146,831.4224288253431,take_profit,take_profit
2019-09-17,SELL,6,9533.093,57198.558000000005,563,1106.291178082194,881.5481252547962,take_profit,take_profit
2019-09-26,BUY,1,9736.947,9736.947,585,0.0,0.0,buy_signal,buy
2019-09-27,BUY,1,9681.936,9681.936,586,0.0,0.0,buy_signal,buy
2019-09-30,BUY,3,9506.901,28520.703,587,0.0,0.0,buy_signal,buy
2019-10-01,BUY,5,9566.913,47834.565,588,0.0,0.0,buy_signal,buy
2019-10-02,BUY,4,9481.896,37927.584,589,0.0,0.0,buy_signal,buy
2019-10-03,BUY,5,9191.838,45959.19,590,0.0,0.0,buy_signal,buy
2019-10-04,BUY,13,9136.827,118778.75099999999,591,0.0,0.0,buy_signal,buy
2019-10-07,BUY,11,9226.845,101495.295,592,0.0,0.0,buy_signal,buy
2019-10-08,BUY,13,9261.851999999999,120404.07599999999,593,0.0,0.0,buy_signal,buy
2019-10-09,SELL,13,9158.168,119056.184,591,249.8039041095936,199.05624098972964,take_profit,take_profit
2019-10-09,BUY,9,9161.832,82456.488,594,0.0,0.0,buy_signal,buy
2019-10-10,BUY,11,9226.845,101495.295,595,0.0,0.0,buy_signal,buy
2019-10-11,BUY,8,9461.892,75695.136,596,0.0,0.0,buy_signal,buy
2019-10-15,SELL,5,9768.046,48840.23,590,2856.1526027397267,2275.9252014931512,take_profit,take_profit
2019-10-15,SELL,11,9768.046,107448.50600000001,592,5913.930452054805,4712.515480719871,take_profit,take_profit
2019-10-15,SELL,13,9768.046,126984.598,593,6543.229452054807,5213.972388869873,take_profit,take_profit
2019-10-15,SELL,9,9768.046,87912.414,594,5436.566876712335,4332.128315708224,take_profit,take_profit
2019-10-15,SELL,11,9768.046,107448.50600000001,595,5937.334232876722,4731.164783467816,take_profit,take_profit
2019-10-15,BUY,4,9771.954,39087.816,597,0.0,0.0,buy_signal,buy
2019-10-16,SELL,1,10162.967,10162.967,586,472.3621232876721,376.4017579417815,take_profit,take_profit
2019-10-16,SELL,3,10162.967,30488.901,587,1944.4006849315072,1549.3956857876715,take_profit,take_profit
2019-10-16,SELL,5,10162.967,50814.83500000001,588,2944.245890410963,2346.122337773976,take_profit,take_profit
2019-10-16,SELL,4,10162.967,40651.868,589,2698.419671232876,2150.2357150219173,take_profit,take_profit
2019-10-16,SELL,8,10162.967,81303.736,596,5596.697315068499,4459.728255512333,take_profit,take_profit
2019-10-16,BUY,1,10167.033,10167.033,598,0.0,0.0,buy_signal,buy
2019-10-17,SELL,1,10107.978000000001,10107.978000000001,509,207.25652054794625,165.15235839863098,take_profit,take_profit
2019-10-17,SELL,4,10107.978000000001,40431.912000000004,510,1035.1432328767173,824.8538851178122,take_profit,take_profit
2019-10-17,SELL,1,10107.978000000001,10107.978000000001,585,360.84897260274056,287.5425038184938,take_profit,take_profit
2019-10-17,SELL,4,10107.978000000001,40431.912000000004,597,1337.9605479452105,1066.153862630141,take_profit,take_profit
2019-10-24,SELL,54,10377.924,560407.8960000001,456,6680.121780822041,5323.055041048043,take_profit,take_profit
2019-10-24,SELL,3,10377.924,31133.772000000004,469,489.6164794520562,390.15089165137096,take_profit,take_profit
2019-10-25,SELL,23,10392.921,239037.18300000002,468,2682.2820547945616,2137.3764553630463,take_profit,take_profit
2019-10-25,SELL,4,10392.921,41571.684,484,233.63660273972573,186.17332689315046,take_profit,take_profit
2019-10-25,SELL,2,10392.921,20785.842,485,238.40109589041208,189.96991326027486,take_profit,take_profit
2019-10-25,SELL,1,10392.921,10392.921,598,221.19205479452137,176.25688886301435,take_profit,take_profit
2019-11-06,SELL,28,10887.822,304859.016,448,8982.145698630184,7157.422799953461,take_profit,take_profit
2019-11-06,SELL,66,10887.822,718596.252,452,14447.815890410951,11512.742092273966,take_profit,take_profit
2019-11-06,SELL,53,10887.822,577054.566,453,11379.54941095893,9067.793948122624,take_profit,take_profit
2019-12-26,BUY,57,11292.258,643658.706,599,0.0,0.0,buy_signal,buy
2019-12-27,SELL,8,11477.704,91821.632,446,539.9361095890429,430.2480889260288,take_profit,take_profit
2019-12-27,SELL,27,11477.704,309898.008,447,2520.4929041095365,2008.4547706396843,take_profit,take_profit
2019-12-27,BUY,57,11482.296,654490.872,600,0.0,0.0,buy_signal,buy
2019-12-30,BUY,57,11337.267,646224.219,601,0.0,0.0,buy_signal,buy
2020-01-06,BUY,60,10832.166,649929.96,602,0.0,0.0,buy_signal,buy
2020-01-07,BUY,60,10872.173999999999,652330.44,603,0.0,0.0,buy_signal,buy
2020-01-09,BUY,5,11102.22,55511.1,604,0.0,0.0,buy_signal,buy
2020-01-15,SELL,60,11437.712,686262.72,602,36025.55013698631,28706.959626657543,take_profit,take_profit
2020-01-15,SELL,60,11437.712,686262.72,603,33674.572602739754,26833.583178493172,take_profit,take_profit
2020-01-23,SELL,57,11342.731,646535.667,599,2134.9303150685037,1701.2192215623372,take_profit,take_profit
2020-01-23,SELL,5,11342.731,56713.655,604,1163.040479452055,926.76880605137,take_profit,take_profit
2020-01-23,BUY,57,11347.269,646794.333,605,0.0,0.0,buy_signal,buy
2020-01-24,BUY,57,11367.273,647934.561,606,0.0,0.0,buy_signal,buy
2020-01-27,BUY,60,10842.168,650530.08,607,0.0,0.0,buy_signal,buy
2020-01-28,BUY,61,10697.139,652525.4789999999,608,0.0,0.0,buy_signal,buy
2020-01-29,BUY,60,10832.166,649929.96,609,0.0,0.0,buy_signal,buy
2020-01-31,BUY,70,10682.136,747749.52,610,0.0,0.0,buy_signal,buy
2020-02-07,SELL,61,11437.712,697700.432,608,44771.30346575352,35676.01316668569,take_profit,take_profit
2020-02-07,SELL,70,11437.712,800639.84,610,52599.86410958899,41914.20171572598,take_profit,take_profit
2020-02-14,SELL,60,11172.765,670365.8999999999,607,19181.057260273923,15284.425477849276,take_profit,take_profit
2020-02-14,SELL,60,11172.765,670365.8999999999,609,19880.642465753368,15841.889948835571,take_profit,take_profit
2020-02-17,BUY,59,11017.203,650014.977,611,0.0,0.0,buy_signal,buy
2020-02-18,BUY,59,10917.182999999999,644113.7969999999,612,0.0,0.0,buy_signal,buy
2020-02-19,BUY,60,10827.164999999999,649629.8999999999,613,0.0,0.0,buy_signal,buy
2020-02-20,BUY,58,11152.23,646829.34,614,0.0,0.0,buy_signal,buy
2020-02-26,BUY,78,9951.99,776255.22,615,0.0,0.0,buy_signal,buy
2020-02-27,BUY,79,9866.973,779490.867,616,0.0,0.0,buy_signal,buy
2020-02-28,BUY,86,9096.819,782326.434,617,0.0,0.0,buy_signal,buy
2020-03-02,BUY,91,8616.723,784121.793,618,0.0,0.0,buy_signal,buy
2020-03-03,SELL,91,9333.133,849315.103,618,65130.16846575348,51898.97474193566,take_profit,take_profit
2020-03-03,BUY,84,9336.867,784296.828,619,0.0,0.0,buy_signal,buy
2020-03-04,BUY,90,8666.733,780005.97,620,0.0,0.0,buy_signal,buy
2020-03-05,BUY,86,9046.809,778025.5739999999,621,0.0,0.0,buy_signal,buy
2020-03-06,BUY,89,8751.75,778905.75,622,0.0,0.0,buy_signal,buy
2020-03-09,SELL,1,7868.426,7868.426,444,-4254.86712328767,-4254.86712328767,forced_liquidation,forced_liquidation
2020-03-09,SELL,2,7868.426,15736.852,445,-7597.774054794519,-7597.774054794519,forced_liquidation,forced_liquidation
2020-03-09,SELL,57,7868.426,448500.282,600,-208052.88435616434,-208052.88435616434,forced_liquidation,forced_liquidation
2020-03-09,SELL,57,7868.426,448500.282,601,-199736.33995890414,-199736.33995890414,forced_liquidation,forced_liquidation
2020-03-09,SELL,57,7868.426,448500.282,605,-199664.22793150682,-199664.22793150682,forced_liquidation,forced_liquidation
2020-03-09,SELL,57,7868.426,448500.282,606,-200755.04552054792,-200755.04552054792,forced_liquidation,forced_liquidation
2020-03-09,SELL,59,7868.426,464237.134,611,-186399.33445205473,-186399.33445205473,forced_liquidation,forced_liquidation
2020-03-09,SELL,59,7868.426,464237.134,612,-180448.2549999999,-180448.2549999999,forced_liquidation,forced_liquidation
2020-03-09,SELL,60,7868.426,472105.56,613,-178056.39369863004,-178056.39369863004,forced_liquidation,forced_liquidation
2020-03-09,SELL,58,7868.426,456368.70800000004,614,-190926.4530410958,-190926.4530410958,forced_liquidation,forced_liquidation
2020-03-09,SELL,78,7868.426,613737.228,615,-162952.69775342464,-162952.69775342464,forced_liquidation,forced_liquidation
2020-03-09,SELL,79,7868.426,621605.654,616,-158264.82856164384,-158264.82856164384,forced_liquidation,forced_liquidation
2020-03-09,SELL,86,7868.426,676684.636,617,-105991.81564383557,-105991.81564383557,forced_liquidation,forced_liquidation
2020-03-09,SELL,84,7868.426,660947.784,619,-123575.83479452055,-123575.83479452055,forced_liquidation,forced_liquidation
2020-03-09,SELL,90,7868.426,708158.3400000001,620,-72029.72589041085,-72029.72589041085,forced_liquidation,forced_liquidation
2020-03-09,SELL,86,7868.426,676684.636,621,-101456.65394520533,-101456.65394520533,forced_liquidation,forced_liquidation
2020-03-09,SELL,89,7868.426,700289.914,622,-78673.93715068494,-78673.93715068494,forced_liquidation,forced_liquidation
2020-03-10,BUY,7,7406.481,51845.367,623,0.0,0.0,buy_signal,buy
2020-03-11,SELL,7,7623.475,53364.325000000004,623,1514.7936712328826,1207.0633369219227,take_profit,take_profit
2020-03-11,BUY,7,7626.525,53385.674999999996,624,0.0,0.0,buy_signal,buy
2020-03-12,BUY,8,7111.422,56891.376,625,0.0,0.0,buy_signal,buy
2020-03-13,BUY,9,5751.15,51760.35,626,0.0,0.0,buy_signal,buy
2020-03-16,BUY,9,5996.199,53965.791,627,0.0,0.0,buy_signal,buy
2020-03-17,BUY,10,5286.057,52860.57,628,0.0,0.0,buy_signal,buy
2020-03-18,SELL,10,5678.8640000000005,56788.64000000001,628,3923.797123287678,3126.677737691786,take_profit,take_profit
2020-03-18,BUY,10,5681.1359999999995,56811.35999999999,629,0.0,0.0,buy_signal,buy
2020-03-19,BUY,9,5701.14,51310.26,630,0.0,0.0,buy_signal,buy
2020-03-23,BUY,10,5296.059,52960.590000000004,631,0.0,0.0,buy_signal,buy
2020-03-24,BUY,9,6031.206,54280.854,632,0.0,0.0,buy_signal,buy
2020-03-25,SELL,9,6923.615,62312.534999999996,626,10524.861986301368,8386.736273784245,take_profit,take_profit
2020-03-25,SELL,10,6923.615,69236.15,629,12407.495205479452,9886.912554486302,take_profit,take_profit
2020-03-25,SELL,9,6923.615,62312.534999999996,630,10990.448260273966,8757.73869619931,take_profit,take_profit
2020-03-25,SELL,10,6923.615,69236.15,631,16266.488767123277,12961.951574082184,take_profit,take_profit
2020-03-25,BUY,8,6926.385,55411.08,633,0.0,0.0,buy_signal,buy
2020-03-26,SELL,9,6858.628,61727.651999999995,627,7733.554150684929,6162.482624973285,take_profit,take_profit
2020-03-26,SELL,9,6858.628,61727.651999999995,632,7437.346273972598,5926.449378415065,take_profit,take_profit
2020-03-27,BUY,7,7151.43,50060.01,634,0.0,0.0,buy_signal,buy
2020-04-02,BUY,9,6246.249,56216.240999999995,635,0.0,0.0,buy_signal,buy
2020-04-03,BUY,8,6751.349999999999,54010.799999999996,636,0.0,0.0,buy_signal,buy
2020-04-06,BUY,9,6191.238,55721.142,637,0.0,0.0,buy_signal,buy
2020-04-07,SELL,9,7008.598,63077.382,637,7351.607342465752,5858.128310843835,take_profit,take_profit
2020-04-08,SELL,9,7008.598,63077.382,635,6843.176506849319,5452.98519948288,take_profit,take_profit
2020-04-13,SELL,8,7193.561000000001,57548.488000000005,636,3512.0906301369955,2798.6094186246646,take_profit,take_profit
2020-04-15,SELL,8,7398.52,59188.16,633,3713.3964931506866,2959.0199955671246,take_profit,take_profit
2020-04-20,SELL,8,7428.514,59428.112,625,2430.977315068498,1937.1242735123324,take_profit,take_profit
2020-04-27,BUY,5,7316.463,36582.315,638,0.0,0.0,buy_signal,buy
2020-04-28,SELL,7,7548.49,52839.43,634,2695.8434520547926,2148.1828547698615,take_profit,take_profit
2020-05-01,SELL,5,7673.465,38367.325,638,1776.214931506844,1415.3768681712288,take_profit,take_profit
2020-05-12,SELL,7,8028.394,56198.758,624,2668.308808219184,2126.241873829457,take_profit,take_profit
2020-06-12,BUY,2,9171.833999999999,18343.667999999998,639,0.0,0.0,buy_signal,buy
2020-06-15,SELL,2,9378.124,18756.248,639,411.1178630137004,327.59926914246716,take_profit,take_profit
2020-06-15,BUY,5,9381.876,46909.380000000005,640,0.0,0.0,buy_signal,buy
2020-06-16,BUY,8,9421.884,75375.072,641,0.0,0.0,buy_signal,buy
2020-06-17,SELL,5,9683.063,48415.315,640,1498.8065068493127,1194.3239649828747,take_profit,take_profit
2020-06-17,SELL,8,9683.063,77464.504,641,2083.460712328768,1660.2056686191786,take_profit,take_profit
2020-06-18,BUY,1,9576.914999999999,9576.914999999999,642,0.0,0.0,buy_signal,buy
2020-06-26,BUY,1,9626.925,9626.925,643,0.0,0.0,buy_signal,buy
2020-07-14,SELL,1,9753.049,9753.049,642,162.88808219178264,129.79736829452202,take_profit,take_profit
2020-07-14,SELL,1,9753.049,9753.049,643,117.30016438356326,93.47063598904238,take_profit,take_profit
2020-07-15,BUY,3,9946.989,29840.966999999997,644,0.0,0.0,buy_signal,buy
2020-07-21,BUY,2,9931.985999999999,19863.971999999998,645,0.0,0.0,buy_signal,buy
2020-07-27,BUY,2,9621.923999999999,19243.847999999998,646,0.0,0.0,buy_signal,buy
2020-07-28,SELL,2,9853.029,19706.058,646,460.70183561644114,367.11025771096115,take_profit,take_profit
2020-07-28,BUY,2,9856.971,19713.942,647,0.0,0.0,buy_signal,buy
2020-07-29,BUY,2,9711.942,19423.884,648,0.0,0.0,buy_signal,buy
2020-07-30,BUY,6,9686.937,58121.622,649,0.0,0.0,buy_signal,buy
2020-07-31,BUY,7,9481.896,66373.272,650,0.0,0.0,buy_signal,buy
2020-08-03,BUY,8,9211.842,73694.736,651,0.0,0.0,buy_signal,buy
2020-08-04,SELL,8,9558.088,76464.704,651,2764.2145753424593,2202.6643843616384,take_profit,take_profit
2020-08-04,BUY,6,9561.912,57371.472,652,0.0,0.0,buy_signal,buy
2020-08-05,SELL,7,9623.075,67361.52500000001,650,973.1717397260389,775.4719008006941,take_profit,take_profit
2020-08-05,BUY,1,9626.925,9626.925,653,0.0,0.0,buy_signal,buy
2020-08-06,BUY,1,9621.923999999999,9621.923999999999,654,0.0,0.0,buy_signal,buy
2020-08-07,BUY,2,9566.913,19133.826,655,0.0,0.0,buy_signal,buy
2020-08-12,SELL,6,9858.028,59148.168000000005,649,991.4892328767145,790.06819521781,take_profit,take_profit
2020-08-12,SELL,6,9858.028,59148.168000000005,652,1754.4854794520584,1398.0617543013727,take_profit,take_profit
2020-08-12,SELL,1,9858.028,9858.028,653,228.14535616438454,181.79762705958981,take_profit,take_profit
2020-08-12,SELL,1,9858.028,9858.028,654,233.88739726027515,186.37317250685027,take_profit,take_profit
2020-08-12,SELL,2,9858.028,19716.056,655,579.2643013698626,461.58675854657497,take_profit,take_profit
2020-08-13,SELL,2,10212.957,20425.914,648,987.3541643835641,786.7731658890431,take_profit,take_profit
2020-08-14,SELL,3,10362.927,31088.781,644,1205.2064383561665,960.3687504041113,take_profit,take_profit
2020-08-14,SELL,2,10362.927,20725.854,645,839.5587123287686,669.0023599191793,take_profit,take_profit
2020-08-14,SELL,2,10362.927,20725.854,647,994.1507945205482,792.1890606136988,take_profit,take_profit
2020-08-21,BUY,2,10097.019,20194.038,656,0.0,0.0,buy_signal,buy
2020-08-24,BUY,2,10012.002,20024.004,657,0.0,0.0,buy_signal,buy
2020-08-25,BUY,1,10292.057999999999,10292.057999999999,658,0.0,0.0,buy_signal,buy
2020-08-26,SELL,2,10292.941,20585.882,656,387.18065753424753,308.5249069561651,take_profit,take_profit
2020-08-26,SELL,2,10292.941,20585.882,657,558.7519726027404,445.24150936849367,take_profit,take_profit
2020-08-31,BUY,1,10227.045,10227.045,659,0.0,0.0,buy_signal,buy
2020-09-02,BUY,2,10307.061,20614.122,660,0.0,0.0,buy_signal,buy
2020-09-03,BUY,1,10552.11,10552.11,661,0.0,0.0,buy_signal,buy
2020-09-08,BUY,2,10247.048999999999,20494.097999999998,662,0.0,0.0,buy_signal,buy
2020-09-09,BUY,1,10032.006,10032.006,663,0.0,0.0,buy_signal,buy
2020-09-10,BUY,3,10247.048999999999,30741.146999999997,664,0.0,0.0,buy_signal,buy
2020-09-11,SELL,1,10232.953,10232.953,663,199.3843698630138,158.87943512534255,take_profit,take_profit
2020-09-11,BUY,2,10237.047,20474.094,665,0.0,0.0,buy_signal,buy
2020-09-14,SELL,1,10507.898000000001,10507.898000000001,659,272.9788630136996,217.52320699246653,take_profit,take_profit
2020-09-14,SELL,2,10507.898000000001,21015.796000000002,662,515.3937808219217,410.6915342479483,take_profit,take_profit
2020-09-14,SELL,3,10507.898000000001,31523.694000000003,664,777.7877671232936,619.7801822321965,take_profit,take_profit
2020-09-14,SELL,2,10507.898000000001,21015.796000000002,665,540.1056164383573,430.383160458905,take_profit,take_profit
2020-09-15,SELL,1,10462.907000000001,10462.907000000001,658,159.03146575342663,126.72422348561801,take_profit,take_profit
2020-09-15,SELL,2,10462.907000000001,20925.814000000002,660,297.45419178082466,237.0263727205501,take_profit,take_profit
2020-09-18,BUY,1,10352.07,10352.07,666,0.0,0.0,buy_signal,buy
2020-09-23,BUY,1,10257.051,10257.051,667,0.0,0.0,buy_signal,buy
2020-09-24,BUY,2,10227.045,20454.09,668,0.0,0.0,buy_signal,buy
2020-09-25,BUY,5,10252.05,51260.25,669,0.0,0.0,buy_signal,buy
2020-09-28,BUY,3,10392.078,31176.233999999997,670,0.0,0.0,buy_signal,buy
2020-09-29,SELL,1,10537.892,10537.892,667,277.6762328767127,221.2663061678085,take_profit,take_profit
2020-09-29,SELL,2,10537.892,21075.784,668,616.956246575342,491.6215850835613,take_profit,take_profit
2020-09-29,SELL,5,10537.892,52689.46,669,1421.2530136986293,1132.5254639657528,take_profit,take_profit
2020-09-30,SELL,1,10607.878,10607.878,666,251.02920547945297,200.0326223863021,take_profit,take_profit
2020-09-30,SELL,3,10607.878,31823.634000000002,670,642.5314520547996,512.001187569867,take_profit,take_profit
2020-10-02,BUY,3,10517.103,31551.308999999997,671,0.0,0.0,buy_signal,buy
2020-10-05,BUY,4,10412.082,41648.328,672,0.0,0.0,buy_signal,buy
2020-10-06,BUY,1,10527.105,10527.105,673,0.0,0.0,buy_signal,buy
2020-10-07,BUY,1,10422.083999999999,10422.083999999999,674,0.0,0.0,buy_signal,buy
2020-10-08,BUY,1,10612.122,10612.122,675,0.0,0.0,buy_signal,buy
2020-10-09,SELL,1,10812.837,10812.837,661,242.4004246575332,193.15677838835532,take_profit,take_profit
2020-10-09,SELL,3,10812.837,32438.511,671,875.1278630136998,697.3456376424667,take_profit,take_profit
2020-10-09,SELL,4,10812.837,43251.348,672,1590.0494794520516,1267.0309277013673,take_profit,take_profit
2020-10-09,SELL,1,10812.837,10812.837,673,283.2898630136986,225.73952734246575,take_profit,take_profit
2020-10-09,SELL,1,10812.837,10812.837,674,389.11979452054857,310.0701082636991,take_profit,take_profit
2020-10-16,BUY,2,10617.123,21234.246,676,0.0,0.0,buy_signal,buy
2020-10-19,BUY,2,10662.132,21324.264,677,0.0,0.0,buy_signal,buy
2020-10-20,SELL,1,10692.861,10692.861,675,74.18086301370003,59.11102069246687,take_profit,take_profit
2020-10-20,SELL,2,10692.861,21385.722,676,148.20498630137226,118.09714333424849,take_profit,take_profit
2020-10-21,BUY,1,10707.141,10707.141,678,0.0,0.0,buy_signal,buy
2020-10-23,BUY,1,10657.131,10657.131,679,0.0,0.0,buy_signal,buy
2020-10-26,BUY,1,10642.128,10642.128,680,0.0,0.0,buy_signal,buy
2020-10-27,BUY,2,10522.104,21044.208,681,0.0,0.0,buy_signal,buy
2020-10-28,BUY,2,10502.1,21004.2,682,0.0,0.0,buy_signal,buy
2020-10-29,BUY,3,10302.06,30906.18,683,0.0,0.0,buy_signal,buy
2020-10-30,SELL,3,10417.916000000001,31253.748000000003,683,345.1630684931536,275.0431911287695,take_profit,take_profit
2020-10-30,BUY,4,10422.083999999999,41688.335999999996,684,0.0,0.0,buy_signal,buy
2020-11-02,BUY,7,10242.047999999999,71694.336,685,0.0,0.0,buy_signal,buy
2020-11-04,SELL,7,10782.843,75479.90100000001,685,3779.9588630137155,3012.0602199924792,take_profit,take_profit
2020-11-04,BUY,3,10787.157,32361.470999999998,686,0.0,0.0,buy_signal,buy
2020-11-05,SELL,1,10962.807,10962.807,679,299.21298630137113,238.4278681342476,take_profit,take_profit
2020-11-05,SELL,1,10962.807,10962.807,680,315.03220547945216,251.03341293630146,take_profit,take_profit
2020-11-05,SELL,2,10962.807,21925.614,681,871.7402465753452,694.6462154835638,take_profit,take_profit
2020-11-05,SELL,2,10962.807,21925.614,682,913.3737808219184,727.8218972479457,take_profit,take_profit
2020-11-05,SELL,4,10962.807,43851.228,684,2153.25232876713,1715.8191181780876,take_profit,take_profit
2020-11-06,SELL,2,11192.761,22385.522,677,1040.0531780821934,828.7663749547958,take_profit,take_profit
2020-11-06,SELL,1,11192.761,11192.761,678,476.66191780822,379.8280492054801,take_profit,take_profit
2020-11-06,SELL,3,11192.761,33578.283,686,1211.7489863013752,965.5821797342509,take_profit,take_profit
2020-12-23,BUY,1,13507.701,13507.701,687,0.0,0.0,buy_signal,buy
2020-12-29,SELL,1,13897.220000000001,13897.220000000001,687,385.34278082191986,307.0603948979468,take_profit,take_profit
2021-02-01,BUY,1,14597.919,14597.919,688,0.0,0.0,buy_signal,buy
2021-02-02,SELL,1,15221.955,15221.955,688,622.8795616438357,496.34157869589046,take_profit,take_profit
2021-03-01,BUY,2,16628.325,33256.65,689,0.0,0.0,buy_signal,buy
2021-03-02,BUY,1,17028.405,17028.405,690,0.0,0.0,buy_signal,buy
2021-03-03,BUY,1,16578.315,16578.315,691,0.0,0.0,buy_signal,buy
2021-03-04,BUY,1,16153.23,16153.23,692,0.0,0.0,buy_signal,buy
2021-03-05,BUY,2,15678.135,31356.27,693,0.0,0.0,buy_signal,buy
2021-03-08,BUY,2,16253.25,32506.5,694,0.0,0.0,buy_signal,buy
2021-03-09,BUY,2,15728.145,31456.29,695,0.0,0.0,buy_signal,buy
2021-03-10,BUY,2,16178.234999999999,32356.469999999998,696,0.0,0.0,buy_signal,buy
2021-03-11,BUY,2,16028.205,32056.41,697,0.0,0.0,buy_signal,buy
2021-03-12,SELL,2,16346.73,32693.46,693,1324.958219178081,1055.7929569520538,take_profit,take_profit
2021-03-12,SELL,2,16346.73,32693.46,695,1229.7710958904092,979.9430977602726,take_profit,take_profit
2021-03-12,BUY,40,16353.27,654130.8,698,0.0,0.0,buy_signal,buy
2021-03-15,SELL,1,16896.62,16896.62,692,734.7675342465748,585.4995096643831,take_profit,take_profit
2021-03-15,SELL,2,16896.62,33793.24,694,1274.3624657534226,1015.4757308356147,take_profit,take_profit
2021-03-15,SELL,2,16896.62,33793.24,696,1429.248356164384,1138.8965526095894,take_profit,take_profit
2021-03-15,SELL,2,16896.62,33793.24,697,1731.766986301368,1379.958523034245,take_profit,take_profit
2021-03-15,BUY,37,16903.38,625425.06,699,0.0,0.0,buy_signal,buy
2021-03-16,SELL,40,16846.63,673865.2000000001,698,19631.22191780824,15643.139185205497,take_profit,take_profit
2021-03-16,BUY,23,16853.37,387627.50999999995,700,0.0,0.0,buy_signal,buy
2021-03-17,BUY,31,16903.38,524004.78,701,0.0,0.0,buy_signal,buy
2021-03-18,BUY,24,17278.454999999998,414682.9199999999,702,0.0,0.0,buy_signal,buy
2021-03-19,SELL,2,17021.595,34043.19,689,751.1832876712338,598.5804027808226,take_profit,take_profit
2021-03-19,SELL,1,17021.595,17021.595,691,428.1484931506874,341.1701267671252,take_profit,take_profit
2021-03-19,SELL,37,17021.595,629799.015,699,4180.23719178078,3331.022006270515,take_profit,take_profit
2021-03-19,SELL,23,17021.595,391496.68500000006,700,3778.4856849316116,3010.886318037755,take_profit,take_profit
2021-03-19,SELL,31,17021.595,527669.4450000001,701,3582.9184246575714,2855.0485466883856,take_profit,take_profit
2021-03-22,BUY,39,16403.28,639727.9199999999,703,0.0,0.0,buy_signal,buy
2021-03-23,BUY,39,16403.28,639727.9199999999,704,0.0,0.0,buy_signal,buy
2021-03-24,BUY,41,15678.135,642803.535,705,0.0,0.0,buy_signal,buy
2021-03-25,BUY,42,15353.07,644828.94,706,0.0,0.0,buy_signal,buy
2021-03-26,BUY,40,16053.21,642128.3999999999,707,0.0,0.0,buy_signal,buy
2021-03-29,SELL,41,16521.695,677389.495,705,34437.82082191777,27441.777521945172,take_profit,take_profit
2021-03-29,SELL,42,16521.695,693911.19,706,48979.79301369863,39029.548062965754,take_profit,take_profit
2021-03-29,BUY,39,16528.305,644603.895,708,0.0,0.0,buy_signal,buy
2021-03-30,BUY,39,16578.315,646554.2849999999,709,0.0,0.0,buy_signal,buy
2021-03-31,SELL,40,16446.71,657868.3999999999,707,15589.33698630137,12422.363177534247,take_profit,take_profit
2021-03-31,BUY,38,16453.29,625225.02,710,0.0,0.0,buy_signal,buy
2021-04-01,BUY,37,16628.325,615248.025,711,0.0,0.0,buy_signal,buy
2021-04-02,BUY,18,17003.399999999998,306061.19999999995,712,0.0,0.0,buy_signal,buy
2021-04-05,SELL,39,17371.525,677489.4750000001,703,37276.36294520565,29703.66981288712,take_profit,take_profit
2021-04-05,SELL,39,17371.525,677489.4750000001,704,37324.68020547962,29742.171421736435,take_profit,take_profit
2021-04-05,SELL,39,17371.525,677489.4750000001,708,32637.336986301445,26007.061977534308,take_profit,take_profit
2021-04-05,SELL,39,17371.525,677489.4750000001,709,30735.787808219357,24491.812514979596,take_profit,take_profit
2021-04-05,SELL,38,17371.525,660117.9500000001,710,34747.03082191786,27688.17151044525,take_profit,take_profit
2021-04-05,SELL,37,17371.525,642746.425,711,27402.818356164407,21835.935807109607,take_profit,take_profit
2021-04-06,BUY,19,17503.5,332566.5,713,0.0,0.0,buy_signal,buy
2021-04-07,BUY,38,16978.395,645179.01,714,0.0,0.0,buy_signal,buy
2021-04-08,BUY,37,16878.375,624499.875,715,0.0,0.0,buy_signal,buy
2021-04-09,BUY,38,17128.425,650880.15,716,0.0,0.0,buy_signal,buy
2021-04-12,BUY,38,17103.42,649929.96,717,0.0,0.0,buy_signal,buy
2021-04-13,BUY,38,16828.364999999998,639477.8699999999,718,0.0,0.0,buy_signal,buy
2021-04-14,BUY,38,16953.39,644228.82,719,0.0,0.0,buy_signal,buy
2021-04-15,BUY,38,16753.35,636627.2999999999,720,0.0,0.0,buy_signal,buy
2021-04-16,BUY,37,17028.405,630050.985,721,0.0,0.0,buy_signal,buy
2021-04-19,BUY,35,16903.38,591618.3,722,0.0,0.0,buy_signal,buy
2021-04-20,BUY,8,16528.305,132226.44,723,0.0,0.0,buy_signal,buy
2021-04-21,BUY,41,15653.13,641778.33,724,0.0,0.0,buy_signal,buy
2021-04-22,BUY,41,15953.19,654080.79,725,0.0,0.0,buy_signal,buy
2021-04-23,SELL,41,15946.81,653819.21,724,11940.705205479457,9514.950942986305,take_profit,take_profit
2021-04-23,BUY,40,15953.19,638127.6,726,0.0,0.0,buy_signal,buy
2021-04-26,BUY,40,16153.23,646129.2,727,0.0,0.0,buy_signal,buy
2021-04-27,BUY,80,8171.634,653730.72,728,0.0,0.0,buy_signal,buy
2021-04-28,SELL,1,7998.400000000001,7998.400000000001,690,-9081.217383561641,-9081.217383561641,forced_liquidation,forced_liquidation
2021-04-28,SELL,24,7998.400000000001,191961.6,702,-223588.96405479443,-223588.96405479443,forced_liquidation,forced_liquidation
2021-04-28,SELL,18,7998.400000000001,143971.2,712,-162493.08263013692,-162493.08263013692,forced_liquidation,forced_liquidation
2021-04-28,SELL,19,7998.400000000001,151969.6,713,-180972.16405479453,-180972.16405479453,forced_liquidation,forced_liquidation
2021-04-28,SELL,38,7998.400000000001,303939.2,714,-341940.92769863014,-341940.92769863014,forced_liquidation,forced_liquidation
2021-04-28,SELL,37,7998.400000000001,295940.80000000005,715,-329193.70305479446,-329193.70305479446,forced_liquidation,forced_liquidation
2021-04-28,SELL,38,7998.400000000001,303939.2,716,-347543.3197534247,-347543.3197534247,forced_liquidation,forced_liquidation
2021-04-28,SELL,38,7998.400000000001,303939.2,717,-346543.6464657534,-346543.6464657534,forced_liquidation,forced_liquidation
2021-04-28,SELL,38,7998.400000000001,303939.2,718,-336042.729068493,-336042.729068493,forced_liquidation,forced_liquidation
2021-04-28,SELL,38,7998.400000000001,303939.2,719,-340744.19578082184,-340744.19578082184,forced_liquidation,forced_liquidation
2021-04-28,SELL,38,7998.400000000001,303939.2,720,-333093.55687671225,-333093.55687671225,forced_liquidation,forced_liquidation
2021-04-28,SELL,37,7998.400000000001,295940.80000000005,721,-334457.2166164383,-334457.2166164383,forced_liquidation,forced_liquidation
2021-04-28,SELL,35,7998.400000000001,279944.0,722,-311957.19780821924,-311957.19780821924,forced_liquidation,forced_liquidation
2021-04-28,SELL,8,7998.400000000001,63987.200000000004,723,-68293.54619178081,-68293.54619178081,forced_liquidation,forced_liquidation
2021-04-28,SELL,41,7998.400000000001,327934.4,725,-326324.77032876713,-326324.77032876713,forced_liquidation,forced_liquidation
2021-04-28,SELL,40,7998.400000000001,319936.0,726,-318315.6131506849,-318315.6131506849,forced_liquidation,forced_liquidation
2021-04-28,SELL,40,7998.400000000001,319936.0,727,-326267.73369863007,-326267.73369863007,forced_liquidation,forced_liquidation
2021-04-28,SELL,80,7998.400000000001,639872.0,728,-13908.061369862986,-13908.061369862986,forced_liquidation,forced_liquidation
2021-04-30,BUY,40,16083.216,643328.64,729,0.0,0.0,buy_signal,buy
2021-05-06,BUY,44,16113.222,708981.768,730,0.0,0.0,buy_signal,buy
2021-05-07,SELL,40,16466.706000000002,658668.2400000001,729,15240.303561643928,12144.235893095964,take_profit,take_profit
2021-05-07,SELL,44,16466.706000000002,724535.0640000001,730,15497.737863013788,12349.372416142538,take_profit,take_profit
2021-05-07,BUY,5,16473.293999999998,82366.46999999999,731,0.0,0.0,buy_signal,buy
2021-05-10,BUY,8,16523.304,132186.432,732,0.0,0.0,buy_signal,buy
2021-05-11,BUY,3,16363.271999999999,49089.816,733,0.0,0.0,buy_signal,buy
2021-05-12,BUY,52,15733.145999999999,818123.592,734,0.0,0.0,buy_signal,buy
2021-05-13,BUY,63,14742.948,928805.724,735,0.0,0.0,buy_signal,buy
2021-05-14,BUY,64,14822.964,948669.696,736,0.0,0.0,buy_signal,buy
2021-05-17,SELL,63,15296.94,963707.2200000001,735,34759.4577534247,27698.07391081647,take_profit,take_profit
2021-05-17,SELL,64,15296.94,979004.16,736,30260.623780821956,24113.178059747974,take_profit,take_profit
2021-05-17,BUY,60,15303.06,918183.6,737,0.0,0.0,buy_signal,buy
2021-05-18,BUY,63,14912.982,939517.866,738,0.0,0.0,buy_signal,buy
2021-05-19,BUY,31,14812.962,459201.822,739,0.0,0.0,buy_signal,buy
2021-05-20,BUY,43,14812.962,636957.3659999999,740,0.0,0.0,buy_signal,buy
2021-05-21,SELL,31,15246.95,472655.45,739,13382.285534246601,10663.674227964404,take_profit,take_profit
2021-05-21,SELL,43,15246.95,655618.85,740,18611.97156164389,14830.949538895935,take_profit,take_profit
2021-05-21,BUY,14,15253.05,213542.69999999998,741,0.0,0.0,buy_signal,buy
2021-05-24,SELL,63,15156.968,954888.984,738,15078.004027397277,12014.907509231522,take_profit,take_profit
2021-05-24,BUY,15,15163.032,227445.47999999998,742,0.0,0.0,buy_signal,buy
2021-05-25,BUY,9,15533.106,139797.954,743,0.0,0.0,buy_signal,buy
2021-05-26,SELL,60,15356.928,921415.6799999999,737,2743.084931506807,2185.827227671199,take_profit,take_profit
2021-05-26,SELL,14,15356.928,214996.992,741,1404.771123287687,1119.3918695917935,take_profit,take_profit
2021-05-26,SELL,15,15356.928,230353.91999999998,742,2872.964383561646,2289.3216690410977,take_profit,take_profit
2021-05-26,BUY,8,15363.072,122904.576,744,0.0,0.0,buy_signal,buy
2021-05-27,SELL,8,15516.896,124135.168,744,1221.0121643835657,972.9635431890443,take_profit,take_profit
2021-05-27,BUY,3,15523.104,46569.312,745,0.0,0.0,buy_signal,buy
2021-05-28,BUY,6,16033.206,96199.236,746,0.0,0.0,buy_signal,buy
2021-05-31,SELL,52,16016.796,832873.392,734,13959.690630137033,11123.779478624694,take_profit,take_profit
2021-05-31,SELL,9,16016.796,144151.164,743,4309.838383561636,3434.2947159410896,take_profit,take_profit
2021-05-31,SELL,3,16016.796,48050.388,745,1473.7829589041105,1174.3839508027404,take_profit,take_profit
2021-06-01,BUY,2,16033.206,32066.412,747,0.0,0.0,buy_signal,buy
2021-06-02,BUY,4,15703.14,62812.56,748,0.0,0.0,buy_signal,buy
2021-06-03,SELL,4,15866.826000000001,63467.304000000004,748,649.8589589041156,517.8401114027446,take_profit,take_profit
2021-06-03,BUY,2,15873.173999999999,31746.347999999998,749,0.0,0.0,buy_signal,buy
2021-06-04,BUY,1,15883.176,15883.176,750,0.0,0.0,buy_signal,buy
2021-06-07,BUY,5,16253.25,81266.25,751,0.0,0.0,buy_signal,buy
2021-06-08,BUY,2,16093.217999999999,32186.435999999998,752,0.0,0.0,buy_signal,buy
2021-06-09,BUY,3,15963.192,47889.576,753,0.0,0.0,buy_signal,buy
2021-06-10,BUY,6,15783.155999999999,94698.93599999999,754,0.0,0.0,buy_signal,buy
2021-06-11,SELL,6,15996.800000000001,95980.8,754,1274.5180273972762,1015.5996901315195,take_profit,take_profit
2021-06-11,BUY,5,16003.199999999999,80016.0,755,0.0,0.0,buy_signal,buy
2021-06-14,BUY,4,16153.23,64612.92,756,0.0,0.0,buy_signal,buy
2021-06-15,SELL,6,16286.742,97720.452,746,1433.0044931506852,1141.8896303671236,take_profit,take_profit
2021-06-15,SELL,2,16286.742,32573.484,747,482.58389041095904,384.5469730739727,take_profit,take_profit
2021-06-15,SELL,2,16286.742,32573.484,749,807.512986301372,643.4667231342484,take_profit,take_profit
2021-06-15,SELL,1,16286.742,16286.742,750,394.98572602739796,314.74437578493206,take_profit,take_profit
2021-06-15,SELL,3,16286.742,48860.226,753,955.9419452054809,761.7423390369875,take_profit,take_profit
2021-06-15,SELL,5,16286.742,81433.71,755,1405.4015068493215,1119.894190732882,take_profit,take_profit
2021-06-15,BUY,1,16293.258,16293.258,757,0.0,0.0,buy_signal,buy
2021-06-16,SELL,5,16326.734,81633.67,751,324.31534246575166,258.4306806438342,take_profit,take_profit
2021-06-16,SELL,2,16326.734,32653.468,752,452.2449315068522,360.3713736712352,take_profit,take_profit
2021-06-16,SELL,4,16326.734,65306.936,756,684.0004383561676,545.0457493041122,take_profit,take_profit
2021-06-16,SELL,1,16326.734,16326.734,757,32.21254794520605,25.66856883013744,take_profit,take_profit
2021-06-17,BUY,1,16153.23,16153.23,758,0.0,0.0,buy_signal,buy
2021-06-18,BUY,6,16153.23,96919.38,759,0.0,0.0,buy_signal,buy
2021-06-21,BUY,8,15313.062,122504.496,760,0.0,0.0,buy_signal,buy
2021-06-22,BUY,59,15573.114,918813.726,761,0.0,0.0,buy_signal,buy
2021-06-23,SELL,8,15816.836000000001,126534.68800000001,760,4011.37600000001,3196.4649656000083,take_profit,take_profit
2021-06-23,SELL,59,15816.836000000001,933193.324,761,14308.132027397258,11401.435006031505,take_profit,take_profit
2021-06-23,BUY,14,15823.163999999999,221524.29599999997,762,0.0,0.0,buy_signal,buy
2021-06-24,BUY,16,15733.145999999999,251730.33599999998,763,0.0,0.0,buy_signal,buy
2021-06-25,BUY,11,16053.21,176585.31,764,0.0,0.0,buy_signal,buy
2021-06-28,SELL,14,16046.79,224655.06,762,3079.642904109614,2454.013448139746,take_profit,take_profit
2021-06-28,SELL,16,16046.79,256748.64,763,4979.285041095924,3967.7432849972865,take_profit,take_profit
2021-06-28,BUY,4,16053.21,64212.84,765,0.0,0.0,buy_signal,buy
2021-06-29,BUY,1,15853.17,15853.17,766,0.0,0.0,buy_signal,buy
2021-06-30,BUY,15,15833.166,237497.49,767,0.0,0.0,buy_signal,buy
2021-07-01,BUY,16,15783.155999999999,252530.49599999998,768,0.0,0.0,buy_signal,buy
2021-07-02,BUY,22,15623.124,343708.728,769,0.0,0.0,buy_signal,buy
2021-07-05,BUY,18,15653.13,281756.33999999997,770,0.0,0.0,buy_signal,buy
2021-07-06,BUY,31,15623.124,484316.844,771,0.0,0.0,buy_signal,buy
2021-07-07,BUY,20,15053.01,301060.2,772,0.0,0.0,buy_signal,buy
2021-07-08,SELL,20,15196.960000000001,303939.2,772,2855.587397260274,2275.4748175068494,take_profit,take_profit
2021-07-08,BUY,40,15203.039999999999,608121.6,773,0.0,0.0,buy_signal,buy
2021-07-09,BUY,54,14622.923999999999,789637.896,774,0.0,0.0,buy_signal,buy
2021-07-12,SELL,54,15436.912,833593.248,774,43893.83638356171,34976.80352224115,take_profit,take_profit
2021-07-12,BUY,56,15443.088,864812.928,775,0.0,0.0,buy_signal,buy
2021-07-13,SELL,40,15626.874,625074.96,773,16814.265205479438,13398.44722898629,take_profit,take_profit
2021-07-13,BUY,9,15633.126,140698.134,776,0.0,0.0,buy_signal,buy
2021-07-14,BUY,5,15413.082,77065.41,777,0.0,0.0,buy_signal,buy
2021-07-15,BUY,6,15433.086,92598.516,778,0.0,0.0,buy_signal,buy
2021-07-16,BUY,18,14842.967999999999,267173.424,779,0.0,0.0,buy_signal,buy
2021-07-19,BUY,33,14502.9,478595.7,780,0.0,0.0,buy_signal,buy
2021-07-20,BUY,63,14202.84,894778.92,781,0.0,0.0,buy_signal,buy
2021-07-21,BUY,64,14612.922,935227.008,782,0.0,0.0,buy_signal,buy
2021-07-26,SELL,63,14897.02,938512.26,781,43595.11972602736,34738.7711536849,take_profit,take_profit
2021-07-26,BUY,59,14902.98,879275.82,783,0.0,0.0,buy_signal,buy
2021-07-27,SELL,33,14747.050000000001,486652.65,780,7910.7807945205595,6303.705676113708,take_profit,take_profit
2021-07-27,BUY,36,14752.949999999999,531106.2,784,0.0,0.0,buy_signal,buy
2021-07-28,BUY,16,14502.9,232046.4,785,0.0,0.0,buy_signal,buy
2021-07-29,BUY,36,14612.922,526065.192,786,0.0,0.0,buy_signal,buy
2021-07-30,BUY,10,14482.895999999999,144828.96,787,0.0,0.0,buy_signal,buy
2021-08-10,SELL,16,14697.06,235152.96,785,2964.4396712328744,2362.2137520219158,take_profit,take_profit
2021-08-10,SELL,10,14697.06,146970.6,787,2075.099726027411,1653.5432166849425,take_profit,take_profit
2021-08-10,BUY,2,14702.94,29405.88,788,0.0,0.0,buy_signal,buy
2021-08-11,BUY,4,14902.98,59611.92,789,0.0,0.0,buy_signal,buy
2021-08-12,SELL,64,15036.992,962367.488,782,26211.340273972583,20886.50649731505,take_profit,take_profit
2021-08-12,SELL,36,15036.992,541331.712,784,9783.09665753435,7795.660571556247,take_profit,take_profit
2021-08-12,SELL,36,15036.992,541331.712,786,14904.799890410977,11876.889792673988,take_profit,take_profit
2021-08-12,SELL,2,15036.992,30073.984,788,663.5610958904103,528.7586592602735,take_profit,take_profit
2021-08-12,BUY,1,15043.008,15043.008,790,0.0,0.0,buy_signal,buy
2021-08-13,BUY,2,14902.98,29805.96,791,0.0,0.0,buy_signal,buy
2021-08-16,BUY,3,14632.926,43898.778,792,0.0,0.0,buy_signal,buy
2021-08-17,BUY,28,14512.902,406361.256,793,0.0,0.0,buy_signal,buy
2021-08-18,BUY,36,14182.836,510582.09599999996,794,0.0,0.0,buy_signal,buy
2021-08-19,BUY,23,14182.836,326205.228,795,0.0,0.0,buy_signal,buy
2021-08-20,BUY,46,14012.802,644588.892,796,0.0,0.0,buy_signal,buy
2021-08-23,BUY,58,13992.797999999999,811582.284,797,0.0,0.0,buy_signal,buy
2021-08-24,SELL,46,14447.11,664567.06,796,19878.939068493215,15840.532596728819,take_profit,take_profit
2021-08-24,SELL,58,14447.11,837932.38,797,26286.470794520566,20946.374252613714,take_profit,take_profit
2021-08-24,BUY,6,14452.89,86717.34,798,0.0,0.0,buy_signal,buy
2021-08-25,SELL,36,14597.08,525494.88,794,14716.32065753429,11726.700115956199,take_profit,take_profit
2021-08-25,SELL,23,14597.08,335732.84,795,9427.50087671235,7512.304073608237,take_profit,take_profit
2021-08-25,BUY,2,14602.92,29205.84,799,0.0,0.0,buy_signal,buy
2021-08-26,BUY,3,14612.922,43838.766,800,0.0,0.0,buy_signal,buy
2021-08-27,BUY,1,14372.874,14372.874,801,0.0,0.0,buy_signal,buy
2021-08-30,BUY,2,14672.934,29345.868,802,0.0,0.0,buy_signal,buy
2021-08-31,SELL,6,14477.104000000001,86862.62400000001,798,111.84969863015118,89.12743235343596,take_profit,take_profit
2021-08-31,SELL,1,14477.104000000001,14477.104000000001,801,102.00380821917946,81.28173457945316,take_profit,take_profit
2021-08-31,BUY,2,14482.895999999999,28965.791999999998,803,0.0,0.0,buy_signal,buy
2021-09-01,SELL,3,14997.0,44991.0,792,1052.4681369863029,838.6592349575354,take_profit,take_profit
2021-09-01,SELL,28,14997.0,419916.0,793,13214.488000000007,10529.964762800006,take_profit,take_profit
2021-09-01,SELL,2,14997.0,29994.0,799,776.9538630136985,619.1156857424656,take_profit,take_profit
2021-09-01,SELL,3,14997.0,44991.0,800,1138.7709863013665,907.4296604342439,take_profit,take_profit
2021-09-01,SELL,2,14997.0,29994.0,802,643.5998356164398,512.8525290109601,take_profit,take_profit
2021-09-01,SELL,2,14997.0,29994.0,803,1025.9158356164407,817.5010336109608,take_profit,take_profit
2021-09-02,SELL,18,15356.928,276424.704,779,8629.150684931534,6876.138723287693,take_profit,take_profit
2021-09-02,SELL,59,15356.928,906058.752,783,25006.058904109617,19926.07803773975,take_profit,take_profit
2021-09-02,SELL,4,15356.928,61427.712,789,1744.4096438356178,1390.032824690412,take_profit,take_profit
2021-09-02,SELL,1,15356.928,15356.928,790,297.218191780822,236.838316120548,take_profit,take_profit
2021-09-02,SELL,2,15356.928,30713.856,791,876.7692054794527,698.6535413863019,take_profit,take_profit
2021-09-06,SELL,1,16496.7,16496.7,766,591.1569589041103,471.0634227027403,take_profit,take_profit
2021-09-06,SELL,15,16496.7,247450.5,767,9185.526164383571,7319.4865240890485,take_profit,take_profit
2021-09-06,SELL,16,16496.7,263947.2,768,10617.361534246604,8460.444538564407,take_profit,take_profit
2021-09-06,SELL,22,16496.7,362927.4,769,18145.937534246597,14459.590324164401,take_profit,take_profit
2021-09-06,SELL,18,16496.7,296940.60000000003,770,14328.247068493218,11417.46367652882,take_profit,take_profit
2021-09-06,SELL,31,16496.7,511397.7,771,25643.51934246578,20434.038388043857,take_profit,take_profit
2021-09-06,SELL,56,16496.7,923815.2000000001,775,56666.510465753534,45154.7088646357,take_profit,take_profit
2021-09-06,SELL,9,16496.7,148470.30000000002,776,7407.449506849342,5902.626139532898,take_profit,take_profit
2021-09-06,SELL,5,16496.7,82483.5,777,5221.468630136983,4160.727277924655,take_profit,take_profit
2021-09-06,SELL,6,16496.7,98980.20000000001,778,6152.877205479461,4902.920201186308,take_profit,take_profit
2021-09-07,SELL,3,16876.624,50629.872,733,1252.9601095890453,998.4212633260307,take_profit,take_profit
2021-09-07,SELL,1,16876.624,16876.624,758,660.0672054794522,525.9745526863015,take_profit,take_profit
2021-09-07,SELL,6,16876.624,101259.744,759,3967.7722191780836,3161.719292852056,take_profit,take_profit
2021-09-07,SELL,11,16876.624,185642.864,764,8440.457013698633,6725.778171365756,take_profit,take_profit
2021-09-07,SELL,4,16876.624,67506.496,765,3074.1697534246605,2449.6521680164406,take_profit,take_profit
2021-09-08,SELL,5,16806.638,84033.19,731,1169.021917808235,931.535115205492,take_profit,take_profit
2021-09-08,SELL,8,16806.638,134453.104,732,1480.474958904101,1179.7164710027328,take_profit,take_profit
2021-09-22,BUY,2,16763.352,33526.704,804,0.0,0.0,buy_signal,buy
2021-09-24,BUY,9,17273.453999999998,155461.08599999998,805,0.0,0.0,buy_signal,buy
2021-09-27,SELL,2,17296.54,34593.08,804,1061.1779726027435,845.5996674684961,take_profit,take_profit
2021-09-29,BUY,1,16753.35,16753.35,806,0.0,0.0,buy_signal,buy
2021-09-30,BUY,11,16713.342,183846.76200000002,807,0.0,0.0,buy_signal,buy
2021-10-01,BUY,14,16343.268,228805.752,808,0.0,0.0,buy_signal,buy
2021-10-04,BUY,57,16123.224,919023.768,809,0.0,0.0,buy_signal,buy
2021-10-05,BUY,63,14862.972,936367.236,810,0.0,0.0,buy_signal,buy
2021-10-06,BUY,63,14972.993999999999,943298.622,811,0.0,0.0,buy_signal,buy
2021-10-07,BUY,65,14592.918,948539.6699999999,812,0.0,0.0,buy_signal,buy
2021-10-08,BUY,63,15073.014,949599.882,813,0.0,0.0,buy_signal,buy
2021-10-11,SELL,65,14907.018,968956.17,812,20268.905479452173,16151.277331301464,take_profit,take_profit
2021-10-11,BUY,61,14912.982,909691.902,814,0.0,0.0,buy_signal,buy
2021-10-12,SELL,63,15396.92,970005.96,810,33279.73791780815,26518.95915980542,take_profit,take_profit
2021-10-12,SELL,63,15396.92,970005.96,811,26419.68517808218,21052.52613415479,take_profit,take_profit
2021-10-12,SELL,63,15396.92,970005.96,813,20258.723589041074,16143.16389192738,take_profit,take_profit
2021-10-12,SELL,61,15396.92,939212.12,814,29447.780082191774,23465.463558494514,take_profit,take_profit
2021-10-12,BUY,33,15403.08,508301.64,815,0.0,0.0,buy_signal,buy
2021-10-13,BUY,50,14982.996,749149.7999999999,816,0.0,0.0,buy_signal,buy
2021-10-14,BUY,44,15223.044,669813.936,817,0.0,0.0,buy_signal,buy
2021-10-15,SELL,50,15856.828,792841.4,816,43574.19178082201,34722.09472054802,take_profit,take_profit
2021-10-15,SELL,44,15856.828,697700.432,817,27834.076931506894,22179.58420287127,take_profit,take_profit
2021-10-15,BUY,11,15863.172,174494.892,818,0.0,0.0,buy_signal,buy
2021-10-18,SELL,33,16106.778,531523.674,815,23065.40967123286,18379.671696521906,take_profit,take_profit
2021-10-18,SELL,11,16106.778,177174.558,818,2666.0886849315043,2124.472768587669,take_profit,take_profit
2021-10-18,BUY,2,16113.222,32226.444,819,0.0,0.0,buy_signal,buy
2021-10-19,BUY,6,16113.222,96679.332,820,0.0,0.0,buy_signal,buy
2021-10-20,BUY,1,16443.288,16443.288,821,0.0,0.0,buy_signal,buy
2021-10-21,SELL,2,16126.774000000001,32253.548000000003,819,19.653698630139985,15.661049753427047,take_profit,take_profit
2021-10-21,SELL,6,16126.774000000001,96760.644,820,66.33928767123822,52.862461380826176,take_profit,take_profit
2021-10-22,BUY,18,15573.114,280316.05199999997,822,0.0,0.0,buy_signal,buy
2021-10-25,BUY,20,15423.083999999999,308461.68,823,0.0,0.0,buy_signal,buy
2021-10-26,BUY,30,15933.186,477995.58,824,0.0,0.0,buy_signal,buy
2021-10-27,SELL,18,16026.794,288482.292,822,8100.789041095939,6455.113747397299,take_profit,take_profit
2021-10-27,SELL,20,16026.794,320535.88,823,12025.641095890423,9582.632107260284,take_profit,take_profit
2021-10-27,BUY,4,16033.206,64132.824,825,0.0,0.0,buy_signal,buy
2021-10-28,BUY,5,15773.154,78865.77,826,0.0,0.0,buy_signal,buy
2021-10-29,BUY,7,15813.162,110692.134,827,0.0,0.0,buy_signal,buy
2021-11-01,BUY,4,16473.293999999998,65893.17599999999,828,0.0,0.0,buy_signal,buy
2021-11-02,SELL,14,16526.694,231373.716,808,2199.1618082191562,1752.4020868794346,take_profit,take_profit
2021-11-02,SELL,57,16526.694,942021.558,809,21565.325342465676,17184.329499143772,take_profit,take_profit
2021-11-02,SELL,1,16526.694,16526.694,821,72.3778356164374,57.67427831095814,take_profit,take_profit
2021-11-02,SELL,30,16526.694,495800.82,824,17619.979726027388,14040.480844684924,take_profit,take_profit
2021-11-02,SELL,4,16526.694,66106.776,825,1954.1909041095864,1557.197021939724,take_profit,take_profit
2021-11-02,SELL,5,16526.694,82633.47,826,3749.1624657534217,2987.520110835614,take_profit,take_profit
2021-11-02,SELL,7,16526.694,115686.858,827,4977.245095890398,3966.117754660264,take_profit,take_profit
2021-11-02,SELL,4,16526.694,66106.776,828,208.48482191781403,166.13113034521012,take_profit,take_profit
2021-11-10,BUY,6,16203.24,97219.44,829,0.0,0.0,buy_signal,buy
2021-11-11,BUY,12,15993.198,191918.376,830,0.0,0.0,buy_signal,buy
2021-11-12,SELL,12,16416.716,197000.592,830,5067.2663013698775,4037.851152246587,take_profit,take_profit
2021-11-12,BUY,9,16423.284,147809.55599999998,831,0.0,0.0,buy_signal,buy
2021-11-15,SELL,6,16826.634000000002,100959.804,829,3717.833589041097,2962.5556954273984,take_profit,take_profit
2021-11-15,SELL,9,16826.634000000002,151439.706,831,3618.65465753427,2883.524963856183,take_profit,take_profit
2021-11-15,BUY,2,16833.365999999998,33666.731999999996,832,0.0,0.0,buy_signal,buy
2021-11-16,BUY,1,16773.354,16773.354,833,0.0,0.0,buy_signal,buy
2021-11-18,BUY,1,16603.32,16603.32,834,0.0,0.0,buy_signal,buy
2021-11-19,BUY,2,16623.324,33246.648,835,0.0,0.0,buy_signal,buy
2021-11-22,SELL,1,16616.676,16616.676,834,10.79380821917785,8.60104607945187,take_profit,take_profit
2021-11-22,BUY,2,16623.324,33246.648,836,0.0,0.0,buy_signal,buy
2021-11-24,SELL,2,16676.664,33353.328,835,101.51879452054824,80.89525141369887,take_profit,take_profit
2021-11-24,SELL,2,16676.664,33353.328,836,104.09632876712358,82.94915957808243,take_profit,take_profit
2021-11-24,BUY,3,16683.336,50050.008,837,0.0,0.0,buy_signal,buy
2021-11-25,BUY,23,16433.286,377965.578,838,0.0,0.0,buy_signal,buy
2021-11-26,BUY,9,16313.261999999999,146819.35799999998,839,0.0,0.0,buy_signal,buy
2021-11-29,BUY,55,15283.056,840568.0800000001,840,0.0,0.0,buy_signal,buy
2021-11-30,BUY,60,15553.109999999999,933186.6,841,0.0,0.0,buy_signal,buy
2021-12-01,BUY,65,14697.939,955366.035,842,0.0,0.0,buy_signal,buy
2021-12-02,BUY,65,14467.893,940413.045,843,0.0,0.0,buy_signal,buy
2021-12-03,BUY,65,14652.93,952440.4500000001,844,0.0,0.0,buy_signal,buy
2021-12-06,SELL,65,14802.039,962132.535,842,6546.205205479452,5216.343617986302,take_profit,take_profit
2021-12-06,SELL,65,14802.039,962132.535,843,21572.817945205472,17190.29997963698,take_profit,take_profit
2021-12-06,SELL,65,14802.039,962132.535,844,9618.038424657498,7664.133918688327,take_profit,take_profit
2021-12-06,BUY,59,14807.961,873669.6989999999,845,0.0,0.0,buy_signal,buy
2021-12-07,BUY,59,15003.0,885177.0,846,0.0,0.0,buy_signal,buy
2021-12-08,SELL,55,15701.859,863602.245,840,22594.674315068412,18004.566227962263,take_profit,take_profit
2021-12-08,SELL,59,15701.859,926409.681,845,52603.38649315076,41917.008527067184,take_profit,take_profit
2021-12-08,SELL,59,15701.859,926409.681,846,41162.79913698629,32800.57649230752,take_profit,take_profit
2021-12-08,BUY,11,15708.141,172789.551,847,0.0,0.0,buy_signal,buy
2021-12-09,SELL,60,15686.862000000001,941211.7200000001,841,7543.006027397372,6010.644352931597,take_profit,take_profit
2021-12-09,BUY,3,15693.137999999999,47079.414,848,0.0,0.0,buy_signal,buy
2021-12-10,BUY,5,15378.074999999999,76890.375,849,0.0,0.0,buy_signal,buy
2021-12-13,BUY,23,15538.107,357376.461,850,0.0,0.0,buy_signal,buy
2021-12-14,BUY,7,15378.074999999999,107646.525,851,0.0,0.0,buy_signal,buy
2021-12-15,BUY,30,15153.029999999999,454590.89999999997,852,0.0,0.0,buy_signal,buy
2021-12-16,SELL,30,15861.827000000001,475854.81000000006,852,21228.676027397352,16916.07049243158,take_profit,take_profit
2021-12-16,BUY,34,15868.172999999999,539517.882,853,0.0,0.0,buy_signal,buy
2021-12-17,SELL,5,15656.868,78284.34,849,1364.3310273972568,1087.167179181504,take_profit,take_profit
2021-12-17,SELL,23,15656.868,360107.96400000004,850,2622.1023972603,2089.4222952568703,take_profit,take_profit
2021-12-17,SELL,7,15656.868,109598.076,851,1926.567712328774,1535.1854815691836,take_profit,take_profit
2021-12-17,BUY,2,15663.132,31326.264,854,0.0,0.0,buy_signal,buy
2021-12-20,BUY,16,15093.018,241488.288,855,0.0,0.0,buy_signal,buy
2021-12-21,BUY,57,15143.028,863152.596,856,0.0,0.0,buy_signal,buy
2021-12-22,SELL,16,15426.914,246830.624,855,5305.471123287682,4227.664664591789,take_profit,take_profit
2021-12-22,BUY,9,15433.086,138897.774,857,0.0,0.0,buy_signal,buy
2021-12-23,SELL,57,15521.895,884748.015,856,21461.245684931502,17101.393624037668,take_profit,take_profit
2021-12-23,BUY,7,15528.105,108696.735,858,0.0,0.0,buy_signal,buy
2021-12-24,BUY,7,15663.132,109641.924,859,0.0,0.0,buy_signal,buy
2021-12-27,SELL,9,15601.879,140416.91100000002,857,1486.9776575342635,1184.8981464061778,take_profit,take_profit
2021-12-27,BUY,3,15608.121,46824.363,860,0.0,0.0,buy_signal,buy
2021-12-28,BUY,1,15793.158,15793.158,861,0.0,0.0,buy_signal,buy
2021-12-29,SELL,11,15871.825,174590.075,847,1604.8132054794569,1278.7954027863052,take_profit,take_profit
2021-12-29,SELL,3,15871.825,47615.475000000006,848,486.30538356165266,387.5124448911029,take_profit,take_profit
2021-12-29,SELL,2,15871.825,31743.65,854,398.45953424657756,317.51247986438534,take_profit,take_profit
2021-12-29,SELL,7,15871.825,111102.77500000001,858,2372.424657534255,1890.466588356171,take_profit,take_profit
2021-12-29,SELL,7,15871.825,111102.77500000001,859,1435.6099589041191,1143.9657957527475,take_profit,take_profit
2021-12-29,SELL,3,15871.825,47615.475000000006,860,783.8903013698713,624.6429866465819,take_profit,take_profit
2021-12-30,BUY,1,15648.128999999999,15648.128999999999,862,0.0,0.0,buy_signal,buy
2022-01-04,BUY,4,15953.19,63812.76,863,0.0,0.0,buy_signal,buy
2022-01-05,SELL,34,16166.766,549670.044,853,9664.68583561645,7701.304908110968,take_profit,take_profit
2022-01-05,SELL,1,16166.766,16166.766,861,368.73830136986317,293.8291154465755,take_profit,take_profit
2022-01-05,SELL,1,16166.766,16166.766,862,516.1940958904116,411.32926531027454,take_profit,take_profit
2022-01-05,SELL,4,16166.766,64667.064,863,849.3361095890375,676.7934789260246,take_profit,take_profit
2022-01-07,BUY,28,15533.106,434926.968,864,0.0,0.0,buy_signal,buy
2022-01-11,BUY,25,15183.036,379575.9,865,0.0,0.0,buy_signal,buy
2022-01-12,BUY,41,15288.056999999999,626810.3369999999,866,0.0,0.0,buy_signal,buy
2022-01-13,SELL,25,15456.908,386422.7,865,6788.067123287659,5409.071287191771,take_profit,take_profit
2022-01-13,SELL,41,15456.908,633733.228,866,6873.82579452061,5477.408084363748,take_profit,take_profit
2022-01-13,BUY,11,15463.092,170094.01200000002,867,0.0,0.0,buy_signal,buy
2022-01-14,BUY,36,15053.01,541908.36,868,0.0,0.0,buy_signal,buy
2022-01-17,BUY,41,15113.021999999999,619633.902,869,0.0,0.0,buy_signal,buy
2022-01-18,BUY,19,15258.051,289902.969,870,0.0,0.0,buy_signal,buy
2022-01-19,BUY,18,14622.923999999999,263212.632,871,0.0,0.0,buy_signal,buy
2022-01-20,BUY,66,14102.82,930786.12,872,0.0,0.0,buy_signal,buy
2022-01-21,BUY,56,13952.789999999999,781356.24,873,0.0,0.0,buy_signal,buy
2022-01-24,SELL,56,13957.208,781603.648,873,186.17008219183484,148.3496299945636,take_profit,take_profit
2022-01-24,BUY,59,13962.792,823804.728,874,0.0,0.0,buy_signal,buy
2022-01-25,SELL,66,14157.168,934373.088,872,3368.8786849315,2684.490980087666,take_profit,take_profit
2022-01-25,SELL,59,14157.168,835272.912,874,11403.416547945213,9086.812476230143,take_profit,take_profit
2022-01-25,BUY,58,14162.832,821444.256,875,0.0,0.0,buy_signal,buy
2022-01-26,BUY,68,13842.768,941308.224,876,0.0,0.0,buy_signal,buy
2022-01-27,BUY,65,13877.775,902055.375,877,0.0,0.0,buy_signal,buy
2022-01-28,BUY,72,13217.643,951670.296,878,0.0,0.0,buy_signal,buy
2022-01-31,SELL,72,13357.328,961727.6159999999,878,9983.22509589036,7955.132917660234,take_profit,take_profit
2022-01-31,BUY,69,13362.672,922024.368,879,0.0,0.0,buy_signal,buy
2022-02-01,SELL,69,13982.203,964772.007,879,42675.14930136983,34005.69272079655,take_profit,take_profit
2022-02-01,BUY,58,13987.797,811292.226,880,0.0,0.0,buy_signal,buy
2022-02-02,BUY,39,14002.8,546109.2,881,0.0,0.0,buy_signal,buy
2022-02-03,SELL,68,13917.216,946370.6880000001,876,4636.38531506853,3694.503638312358,take_profit,take_profit
2022-02-03,SELL,65,13917.216,904619.04,877,2224.870753424695,1772.8882598664682,take_profit,take_profit
2022-02-03,BUY,4,13922.784,55691.136,882,0.0,0.0,buy_signal,buy
2022-02-04,BUY,5,13812.761999999999,69063.81,883,0.0,0.0,buy_signal,buy
2022-02-07,SELL,4,13967.206,55868.824,882,169.09315068493342,134.74187712328919,take_profit,take_profit
2022-02-07,SELL,5,13967.206,69836.03,883,766.8136986301381,611.0354957534255,take_profit,take_profit
2022-02-07,BUY,4,13972.794,55891.176,884,0.0,0.0,buy_signal,buy
2022-02-08,BUY,16,13982.796,223724.736,885,0.0,0.0,buy_signal,buy
2022-02-09,BUY,12,14192.838,170314.05599999998,886,0.0,0.0,buy_signal,buy
2022-02-10,SELL,58,14527.094000000001,842571.452,880,30842.59246575345,24576.919806335638,take_profit,take_profit
2022-02-10,SELL,39,14527.094000000001,566556.6660000001,881,20195.049452054925,16092.425155869967,take_profit,take_profit
2022-02-10,SELL,4,14527.094000000001,58108.376000000004,884,2204.2693698630183,1756.4720473753462,take_profit,take_profit
2022-02-10,SELL,16,14527.094000000001,232433.50400000002,885,8674.118575342476,6911.971386761652,take_profit,take_profit
2022-02-10,BUY,5,14532.905999999999,72664.53,887,0.0,0.0,buy_signal,buy
2022-02-14,BUY,2,13802.76,27605.52,888,0.0,0.0,buy_signal,buy
2022-02-15,BUY,37,13802.76,510702.12,889,0.0,0.0,buy_signal,buy
2022-02-16,BUY,44,14092.818,620083.992,890,0.0,0.0,buy_signal,buy
2022-02-17,SELL,2,14067.186,28134.372,888,522.5040547945194,416.35735606301284,take_profit,take_profit
2022-02-17,SELL,37,14067.186,520485.882,889,9705.324027397248,7733.687451231497,take_profit,take_profit
2022-02-17,BUY,3,14072.814,42218.442,891,0.0,0.0,buy_signal,buy
2022-02-18,BUY,17,13567.713,230651.12099999998,892,0.0,0.0,buy_signal,buy
2022-02-21,BUY,26,13242.648,344308.848,893,0.0,0.0,buy_signal,buy
2022-02-22,BUY,23,13042.608,299979.984,894,0.0,0.0,buy_signal,buy
2022-02-24,BUY,55,12912.582,710192.01,895,0.0,0.0,buy_signal,buy
2022-02-25,BUY,73,12912.582,942618.486,896,0.0,0.0,buy_signal,buy
2022-02-28,SELL,55,13097.380000000001,720355.9,895,10055.182876712342,8012.47247530823,take_profit,take_profit
2022-02-28,SELL,73,13097.380000000001,956108.7400000001,896,13416.782000000074,10691.162736700058,take_profit,take_profit
2022-02-28,BUY,46,13102.619999999999,602720.5199999999,897,0.0,0.0,buy_signal,buy
2022-03-01,BUY,41,13502.699999999999,553610.7,898,0.0,0.0,buy_signal,buy
2022-03-02,SELL,23,13087.382,301009.78599999996,894,914.2348767122957,728.5080615081928,take_profit,take_profit
2022-03-02,BUY,8,13092.618,104740.944,899,0.0,0.0,buy_signal,buy
2022-03-03,BUY,26,13302.66,345869.16,900,0.0,0.0,buy_signal,buy
2022-03-04,BUY,4,13077.615,52310.46,901,0.0,0.0,buy_signal,buy
2022-03-07,BUY,64,12062.412,771994.368,902,0.0,0.0,buy_signal,buy
2022-03-08,BUY,81,11607.321,940193.001,903,0.0,0.0,buy_signal,buy
2022-03-09,SELL,9,11562.687,104064.183,805,-52555.668041095865,-52555.668041095865,forced_liquidation,forced_liquidation
2022-03-09,SELL,1,11562.687,11562.687,806,-5315.446342465752,-5315.446342465752,forced_liquidation,forced_liquidation
2022-03-09,SELL,11,11562.687,127189.557,807,-58015.76346575344,-58015.76346575344,forced_liquidation,forced_liquidation
2022-03-09,SELL,2,11562.687,23125.374,832,-10712.926657534243,-10712.926657534243,forced_liquidation,forced_liquidation
2022-03-09,SELL,1,11562.687,11562.687,833,-5295.162561643835,-5295.162561643835,forced_liquidation,forced_liquidation
2022-03-09,SELL,3,11562.687,34688.061,837,-15596.152808219178,-15596.152808219178,forced_liquidation,forced_liquidation
2022-03-09,SELL,23,11562.687,265941.801,838,-113790.64834246575,-113790.64834246575,forced_liquidation,forced_liquidation
2022-03-09,SELL,9,11562.687,104064.183,839,-43435.16765753422,-43435.16765753422,forced_liquidation,forced_liquidation
2022-03-09,SELL,28,11562.687,323755.236,864,-112361.62920547948,-112361.62920547948,forced_liquidation,forced_liquidation
2022-03-09,SELL,11,11562.687,127189.557,867,-43333.14880821919,-43333.14880821919,forced_liquidation,forced_liquidation
2022-03-09,SELL,36,11562.687,416256.732,868,-127012.44180821914,-127012.44180821914,forced_liquidation,forced_liquidation
2022-03-09,SELL,41,11562.687,474070.167,869,-147066.70289041093,-147066.70289041093,forced_liquidation,forced_liquidation
2022-03-09,SELL,19,11562.687,219691.05299999999,870,-70886.39726027397,-70886.39726027397,forced_liquidation,forced_liquidation
2022-03-09,SELL,18,11562.687,208128.366,871,-55702.50830136984,-55702.50830136984,forced_liquidation,forced_liquidation
2022-03-09,SELL,58,11562.687,670635.846,875,-152545.7563013699,-152545.7563013699,forced_liquidation,forced_liquidation
2022-03-09,SELL,12,11562.687,138752.244,886,-31781.90120547943,-31781.90120547943,forced_liquidation,forced_liquidation
2022-03-09,SELL,5,11562.687,57813.435,887,-14937.327328767124,-14937.327328767124,forced_liquidation,forced_liquidation
2022-03-09,SELL,44,11562.687,508758.228,890,-111944.05923287668,-111944.05923287668,forced_liquidation,forced_liquidation
2022-03-09,SELL,3,11562.687,34688.061,891,-7569.284506849316,-7569.284506849316,forced_liquidation,forced_liquidation
2022-03-09,SELL,17,11562.687,196565.679,892,-34287.76808219176,-34287.76808219176,forced_liquidation,forced_liquidation
2022-03-09,SELL,26,11562.687,300629.862,893,-43960.91147945203,-43960.91147945203,forced_liquidation,forced_liquidation
2022-03-09,SELL,46,11562.687,531883.602,897,-71150.7136164383,-71150.7136164383,forced_liquidation,forced_liquidation
2022-03-09,SELL,41,11562.687,474070.167,898,-79778.78231506843,-79778.78231506843,forced_liquidation,forced_liquidation
2022-03-09,SELL,8,11562.687,92501.496,899,-12277.669150684935,-12277.669150684935,forced_liquidation,forced_liquidation
2022-03-09,SELL,26,11562.687,300629.862,900,-45337.478273972556,-45337.478273972556,forced_liquidation,forced_liquidation
2022-03-09,SELL,4,11562.687,46250.748,901,-6070.7585753424655,-6070.7585753424655,forced_liquidation,forced_liquidation
2022-03-09,SELL,64,11562.687,740011.968,902,-32097.08800000002,-32097.08800000002,forced_liquidation,forced_liquidation
2022-03-09,SELL,81,11562.687,936577.647,903,-3686.5319178082696,-3686.5319178082696,forced_liquidation,forced_liquidation
2022-03-10,BUY,79,12027.404999999999,950164.9949999999,904,0.0,0.0,buy_signal,buy
2022-03-11,SELL,79,12042.591,951364.689,904,1125.0617260275314,896.5054363850385,take_profit,take_profit
2022-03-11,BUY,78,12047.409,939697.902,905,0.0,0.0,buy_signal,buy
2022-03-14,BUY,7,12012.402,84086.814,906,0.0,0.0,buy_signal,buy
2022-03-18,SELL,78,13197.36,1029394.0800000001,905,89329.17624657541,71181.95409208362,take_profit,take_profit
2022-03-18,SELL,7,13197.36,92381.52,906,8268.109068493157,6588.442711228772,take_profit,take_profit
2022-04-04,BUY,1,14497.899,14497.899,907,0.0,0.0,buy_signal,buy
2022-04-06,BUY,1,14327.865,14327.865,908,0.0,0.0,buy_signal,buy
2022-04-07,BUY,10,13777.755,137777.55,909,0.0,0.0,buy_signal,buy
2022-04-08,BUY,40,13937.787,557511.48,910,0.0,0.0,buy_signal,buy
2022-04-11,BUY,27,13672.734,369163.818,911,0.0,0.0,buy_signal,buy
2022-04-13,BUY,23,13202.64,303660.72,912,0.0,0.0,buy_signal,buy
2022-04-14,SELL,23,13702.259,315151.957,912,11467.170808219202,9137.61505852947,take_profit,take_profit
2022-04-21,SELL,27,14037.192000000001,379004.184,911,9613.441726027377,7660.4710393849155,take_profit,take_profit
2022-04-26,BUY,8,13557.711,108461.688,913,0.0,0.0,buy_signal,buy
2022-04-27,BUY,5,12932.586,64662.92999999999,914,0.0,0.0,buy_signal,buy
2022-04-28,BUY,23,13162.632,302740.53599999996,915,0.0,0.0,buy_signal,buy
2022-05-02,SELL,23,13472.305,309863.015,915,7098.483383561694,5656.426484191135,take_profit,take_profit
2022-05-02,BUY,5,13477.695,67388.475,916,0.0,0.0,buy_signal,buy
2022-05-09,SELL,5,13447.31,67236.55,914,2552.8961643835714,2034.275308589049,take_profit,take_profit
2022-05-09,BUY,13,13452.69,174884.97,917,0.0,0.0,buy_signal,buy
2022-05-10,BUY,67,12877.574999999999,862797.5249999999,918,0.0,0.0,buy_signal,buy
2022-05-11,BUY,67,12792.557999999999,857101.3859999999,919,0.0,0.0,buy_signal,buy
2022-05-12,BUY,69,12577.515,867848.5349999999,920,0.0,0.0,buy_signal,buy
2022-05-13,BUY,74,12692.538,939247.812,921,0.0,0.0,buy_signal,buy
2022-05-16,SELL,67,13477.304,902979.368,918,39916.915821917915,31807.79437269529,take_profit,take_profit
2022-05-16,SELL,67,13477.304,902979.368,919,45679.485780822,36399.69824444801,take_profit,take_profit
2022-05-16,SELL,69,13477.304,929933.976,920,61949.69815068504,49364.616971373376,take_profit,take_profit
2022-05-16,SELL,74,13477.304,997320.496,921,57998.09200000001,46215.77961020001,take_profit,take_profit
2022-05-24,SELL,13,13707.258,178194.354,917,3164.6466301369774,2521.7486672246505,take_profit,take_profit
2022-06-06,SELL,40,14267.146,570685.8400000001,910,11634.08383561654,9270.619704411041,take_profit,take_profit
2022-06-06,SELL,8,14267.146,114137.168,913,5468.620602739737,4357.670327293159,take_profit,take_profit
2022-06-06,SELL,5,14267.146,71335.73000000001,916,3833.37554794521,3054.6253053801406,take_profit,take_profit
2022-06-07,SELL,10,14697.06,146970.6,909,8786.2483561644,7001.322002609602,take_profit,take_profit
2022-06-14,BUY,22,13102.619999999999,288257.63999999996,922,0.0,0.0,buy_signal,buy
2022-06-15,BUY,23,13282.655999999999,305501.088,923,0.0,0.0,buy_signal,buy
2022-06-16,BUY,23,13482.696,310102.008,924,0.0,0.0,buy_signal,buy
2022-06-17,BUY,25,12422.484,310562.10000000003,925,0.0,0.0,buy_signal,buy
2022-06-20,BUY,11,12842.568,141268.248,926,0.0,0.0,buy_signal,buy
2022-06-21,BUY,11,12737.547,140113.017,927,0.0,0.0,buy_signal,buy
2022-06-27,SELL,25,13422.315,335557.875,925,24848.62157534243,19800.624102311616,take_profit,take_profit
2022-06-28,SELL,22,13422.315,295290.93,922,6814.458109589078,5430.100944626057,take_profit,take_profit
2022-06-28,SELL,11,13422.315,147645.465,927,7477.442575342469,5958.400116161647,take_profit,take_profit
2022-06-29,SELL,23,13457.308,309518.08400000003,923,3787.537917808262,3018.0995898055135,take_profit,take_profit
2022-06-29,SELL,11,13457.308,148030.388,926,6685.089369863028,5327.013464375354,take_profit,take_profit
2022-07-04,BUY,24,12762.552,306301.248,928,0.0,0.0,buy_signal,buy
2022-07-05,BUY,23,13082.616,300900.168,929,0.0,0.0,buy_signal,buy
2022-07-06,BUY,6,12782.556,76695.33600000001,930,0.0,0.0,buy_signal,buy
2022-07-07,BUY,24,12937.587,310502.088,931,0.0,0.0,buy_signal,buy
2022-07-08,SELL,24,13247.35,317936.4,928,11539.820054794522,9195.505610663015,take_profit,take_profit
2022-07-12,SELL,24,13317.336000000001,319616.064,931,9040.691178082216,7204.074765254813,take_profit,take_profit
2022-07-20,SELL,23,14012.197,322280.531,929,21147.34968493152,16851.265596437683,take_profit,take_profit
2022-07-20,SELL,6,14012.197,84073.182,930,7323.073397260265,5835.391036606842,take_profit,take_profit
2022-07-21,SELL,23,14247.15,327684.45,924,17026.03482191785,13567.195847845238,take_profit,take_profit
2022-08-15,SELL,1,15336.932,15336.932,908,917.651219178083,731.2303740020554,take_profit,take_profit
2022-08-16,SELL,1,15566.886,15566.886,907,974.1387260273982,776.2424438349323,take_profit,take_profit
2022-08-25,BUY,20,15058.011,301160.22000000003,932,0.0,0.0,buy_signal,buy
2022-08-30,BUY,21,14697.939,308656.719,933,0.0,0.0,buy_signal,buy
2022-09-20,BUY,21,14417.883,302775.543,934,0.0,0.0,buy_signal,buy
2022-09-21,BUY,22,14032.806,308721.732,935,0.0,0.0,buy_signal,buy
2022-09-27,BUY,8,13122.624,104980.992,936,0.0,0.0,buy_signal,buy
2022-09-28,BUY,2,13027.605,26055.21,937,0.0,0.0,buy_signal,buy
2022-09-29,BUY,10,13187.636999999999,131876.37,938,0.0,0.0,buy_signal,buy
2022-09-30,BUY,3,12997.599,38992.797,939,0.0,0.0,buy_signal,buy
2022-10-03,BUY,10,12492.498,124924.98,940,0.0,0.0,buy_signal,buy
2022-10-05,SELL,2,13917.216,27834.432,937,1769.213342465755,1409.7976519438369,take_profit,take_profit
2022-10-05,SELL,3,13917.216,41751.648,939,2749.798561643838,2191.176983845892,take_profit,take_profit
2022-10-05,SELL,10,13917.216,139172.16,940,14226.716986301377,11336.559430534253,take_profit,take_profit
2022-10-06,SELL,8,13892.221,111137.768,936,6100.183780821916,4860.931445747944,take_profit,take_profit
2022-10-06,SELL,10,13892.221,138922.21,938,6994.903013698627,5573.888466465751,take_profit,take_profit
2022-11-14,SELL,22,14877.024,327294.528,935,17760.65484931504,14152.57781667669,take_profit,take_profit
2022-11-25,SELL,21,15076.984,316616.664,934,12853.031301369847,10241.937992496561,take_profit,take_profit
2022-12-07,BUY,16,14332.866,229325.856,941,0.0,0.0,buy_signal,buy
2022-12-08,BUY,30,14292.858,428785.74,942,0.0,0.0,buy_signal,buy
2022-12-09,BUY,45,14337.867,645204.015,943,0.0,0.0,buy_signal,buy
2022-12-12,SELL,16,14382.123,230113.968,941,735.1068493150622,585.7698928767072,take_profit,take_profit
2022-12-12,SELL,30,14382.123,431463.69,942,2611.6245205479568,2081.072999198639,take_profit,take_profit
2022-12-12,SELL,45,14382.123,647195.535,943,1941.1717808219364,1546.82273354796,take_profit,take_profit
2022-12-12,BUY,7,14387.877,100715.139,944,0.0,0.0,buy_signal,buy
2022-12-13,SELL,7,14732.053,103124.371,944,2401.440328767127,1913.5877259780852,take_profit,take_profit
2022-12-13,BUY,16,14737.947,235807.152,945,0.0,0.0,buy_signal,buy
2022-12-14,BUY,12,14712.942,176555.304,946,0.0,0.0,buy_signal,buy
2022-12-15,BUY,3,14682.936,44048.808,947,0.0,0.0,buy_signal,buy
2022-12-16,BUY,5,14282.856,71414.28,948,0.0,0.0,buy_signal,buy
2022-12-19,BUY,48,13932.786,668773.728,949,0.0,0.0,buy_signal,buy
2022-12-20,BUY,61,13902.779999999999,848069.58,950,0.0,0.0,buy_signal,buy
2022-12-21,BUY,45,13177.635,592993.575,951,0.0,0.0,buy_signal,buy
2022-12-22,BUY,29,13217.643,383311.647,952,0.0,0.0,buy_signal,buy
2022-12-23,BUY,11,12827.565,141103.215,953,0.0,0.0,buy_signal,buy
2022-12-26,BUY,5,12912.582,64562.91,954,0.0,0.0,buy_signal,buy
2023-01-06,BUY,9,12412.482,111712.338,955,0.0,0.0,buy_signal,buy
2023-01-10,BUY,2,12852.57,25705.14,956,0.0,0.0,buy_signal,buy
2023-01-12,SELL,9,13137.372,118236.348,955,6497.411917808214,5177.462686705475,take_profit,take_profit
2023-01-17,BUY,1,12562.512,12562.512,957,0.0,0.0,buy_signal,buy
2023-01-19,SELL,11,13162.367,144786.037,953,3509.641616438371,2796.6579220589156,take_profit,take_profit
2023-01-19,SELL,5,13162.367,65811.835,954,1175.1392465753454,936.4097086335639,take_profit,take_profit
2023-01-19,SELL,2,13162.367,26324.734,956,605.7259452054805,482.6727194369871,take_profit,take_profit
2023-01-19,SELL,1,13162.367,13162.367,957,597.8466712328762,476.39411997191746,take_profit,take_profit
2023-01-23,BUY,3,13472.694,40418.081999999995,958,0.0,0.0,buy_signal,buy
2023-01-24,SELL,45,13807.238000000001,621325.7100000001,951,27396.36924657547,21830.79683413366,take_profit,take_profit
2023-01-24,SELL,29,13807.238000000001,400409.90200000006,952,16524.14875342472,13167.267934166488,take_profit,take_profit
2023-01-25,SELL,3,13817.236,41451.708,958,1027.3075890410996,818.6100523274002,take_profit,take_profit
2023-01-31,SELL,61,14082.183,859013.1630000001,950,9285.816917808319,7399.403210955559,take_profit,take_profit
2023-02-01,BUY,1,14142.828,14142.828,959,0.0,0.0,buy_signal,buy
2023-02-02,BUY,1,14122.824,14122.824,960,0.0,0.0,buy_signal,buy
2023-02-03,BUY,1,14112.822,14112.822,961,0.0,0.0,buy_signal,buy
2023-02-06,SELL,48,14417.116,692021.568,949,21685.688547945174,17280.24091943011,take_profit,take_profit
2023-02-07,SELL,1,14377.124,14377.124,959,229.96405479452082,183.24685706301392,take_profit,take_profit
2023-02-07,SELL,1,14377.124,14377.124,960,251.04010958904036,200.0413113260268,take_profit,take_profit
2023-02-07,SELL,1,14377.124,14377.124,961,262.1183835616435,208.8690339410956,take_profit,take_profit
2023-02-10,BUY,1,14237.847,14237.847,962,0.0,0.0,buy_signal,buy
2023-02-13,BUY,1,14172.833999999999,14172.833999999999,963,0.0,0.0,buy_signal,buy
2023-02-14,BUY,7,14332.866,100330.062,964,0.0,0.0,buy_signal,buy
2023-02-15,BUY,3,14332.866,42998.598,965,0.0,0.0,buy_signal,buy
2023-02-16,BUY,6,14267.853,85607.11799999999,966,0.0,0.0,buy_signal,buy
2023-02-17,BUY,2,14097.819,28195.638,967,0.0,0.0,buy_signal,buy
2023-02-20,BUY,8,14122.824,112982.592,968,0.0,0.0,buy_signal,buy
2023-02-21,BUY,6,14117.823,84706.938,969,0.0,0.0,buy_signal,buy
2023-02-22,BUY,13,13887.777,180541.101,970,0.0,0.0,buy_signal,buy
2023-02-24,BUY,42,13772.753999999999,578455.668,971,0.0,0.0,buy_signal,buy
2023-02-27,SELL,13,13967.206,181573.678,970,1004.8631369863207,800.7251907075497,take_profit,take_profit
2023-02-27,SELL,42,13967.206,586622.652,971,8121.699945205534,6471.77660133703,take_profit,take_profit
2023-02-27,BUY,14,13972.794,195619.116,972,0.0,0.0,buy_signal,buy
2023-02-28,SELL,14,14152.169,198130.366,972,2496.1338356164383,1989.044246910959,take_profit,take_profit
2023-02-28,BUY,15,14157.831,212367.465,973,0.0,0.0,buy_signal,buy
2023-03-01,BUY,15,14007.801,210117.01499999998,974,0.0,0.0,buy_signal,buy
2023-03-02,SELL,15,14162.167,212432.505,974,2299.2250684931705,1832.137495828783,take_profit,take_profit
2023-03-02,BUY,10,14167.833,141678.33000000002,975,0.0,0.0,buy_signal,buy
2023-03-03,BUY,6,14327.865,85967.19,976,0.0,0.0,buy_signal,buy
2023-03-06,SELL,5,14827.034,74135.17,948,2449.4453424657527,1951.840521143835,take_profit,take_profit
2023-03-06,SELL,1,14827.034,14827.034,962,572.9105616438355,456.52378104589036,take_profit,take_profit
2023-03-06,SELL,1,14827.034,14827.034,963,639.0197808219185,509.2029123479458,take_profit,take_profit
2023-03-06,SELL,7,14827.034,103789.238,964,3360.4564383561565,2677.7797129041032,take_profit,take_profit
2023-03-06,SELL,3,14827.034,44481.102,965,1443.471616438357,1150.2303575589046,take_profit,take_profit
2023-03-06,SELL,6,14827.034,88962.204,966,3283.522602739736,2616.474985993159,take_profit,take_profit
2023-03-06,SELL,2,14827.034,29654.068,967,1436.7741095890415,1144.8934492260278,take_profit,take_profit
2023-03-06,SELL,8,14827.034,118616.272,968,5555.7310684931435,4427.084301928761,take_profit,take_profit
2023-03-06,SELL,6,14827.034,88962.204,969,4203.314876712332,3349.411459508222,take_profit,take_profit
2023-03-06,SELL,15,14827.034,222405.51,973,9972.559520547959,7946.634053948641,take_profit,take_profit
2023-03-06,SELL,10,14827.034,148270.34,975,6569.989726027377,5235.296313184916,take_profit,take_profit
2023-03-06,SELL,6,14827.034,88962.204,976,2988.3124109589,2381.2367446725993,take_profit,take_profit
2023-03-06,BUY,1,14832.966,14832.966,977,0.0,0.0,buy_signal,buy
2023-03-07,SELL,21,14877.024,312417.504,933,926.8827534246907,738.5865220664648,take_profit,take_profit
2023-03-07,SELL,3,14877.024,44631.072,947,412.58169863013984,328.76572655342693,take_profit,take_profit
2023-03-08,SELL,16,14907.018,238512.288,945,1745.5813698630122,1390.9665145753413,take_profit,take_profit
2023-03-08,SELL,12,14907.018,178884.21600000001,946,1622.7228493150797,1293.0667024767213,take_profit,take_profit
2023-03-09,SELL,1,15331.933,15331.933,977,495.51494520548,394.8510840869867,take_profit,take_profit
2023-03-14,BUY,11,13952.789999999999,153480.69,978,0.0,0.0,buy_signal,buy
2023-03-15,BUY,53,14057.811,745063.983,979,0.0,0.0,buy_signal,buy
2023-03-16,BUY,56,13262.652,742708.512,980,0.0,0.0,buy_signal,buy
2023-03-17,SELL,56,13797.24,772645.44,980,29878.589808219134,23808.754288679418,take_profit,take_profit
2023-03-17,BUY,54,13802.76,745349.04,981,0.0,0.0,buy_signal,buy
2023-03-20,BUY,53,13872.774,735257.022,982,0.0,0.0,buy_signal,buy
2023-03-22,BUY,53,13907.780999999999,737112.3929999999,983,0.0,0.0,buy_signal,buy
2023-03-23,SELL,54,13847.23,747750.4199999999,981,2229.5090958902992,1776.584323060185,take_profit,take_profit
2023-03-24,BUY,2,13962.792,27925.584,984,0.0,0.0,buy_signal,buy
2023-03-27,BUY,1,14072.814,14072.814,985,0.0,0.0,buy_signal,buy
2023-03-28,SELL,53,14162.167,750594.851,982,15054.710260274,11996.345870899337,take_profit,take_profit
2023-03-28,BUY,1,14167.833,14167.833,986,0.0,0.0,buy_signal,buy
2023-03-29,SELL,53,14117.176,748210.328,983,10812.53943835622,8615.972051454153,take_profit,take_profit
2023-03-30,SELL,11,14637.072,161007.79200000002,978,7397.771534246589,5894.914247064395,take_profit,take_profit
2023-03-30,SELL,53,14637.072,775764.816,979,30133.802698630123,24012.120680403415,take_profit,take_profit
2023-03-30,SELL,2,14637.072,29274.144,984,1339.8792328767136,1067.6827667178093,take_profit,take_profit
2023-03-30,SELL,1,14637.072,14637.072,985,560.988520547945,447.02370259862994,take_profit,take_profit
2023-03-30,SELL,1,14637.072,14637.072,986,467.0488630136982,372.1678864924654,take_profit,take_profit
2023-04-06,BUY,1,14487.896999999999,14487.896999999999,987,0.0,0.0,buy_signal,buy
2023-04-07,BUY,51,14382.876,733526.676,988,0.0,0.0,buy_signal,buy
2023-04-10,BUY,51,14522.904,740668.104,989,0.0,0.0,buy_signal,buy
2023-04-11,BUY,39,14742.948,574974.9720000001,990,0.0,0.0,buy_signal,buy
2023-04-12,SELL,1,14867.026,14867.026,987,374.6842876712337,298.56717463082254,take_profit,take_profit
2023-04-12,SELL,51,14867.026,758218.326,988,24520.97465753427,19539.53865585618,take_profit,take_profit
2023-04-12,SELL,51,14867.026,758218.326,989,17435.688575342418,13893.628441261606,take_profit,take_profit
2023-04-13,SELL,39,14807.038,577474.4820000001,990,2410.489561643845,1920.7986071958976,take_profit,take_profit
2023-04-17,SELL,20,15446.91,308938.2,932,4387.624931506831,3496.278926671218,take_profit,take_profit
2023-07-10,BUY,32,19808.961,633886.752,991,0.0,0.0,buy_signal,buy
2023-07-11,BUY,37,19838.967,734041.779,992,0.0,0.0,buy_signal,buy
2023-07-12,BUY,37,19728.945,729970.965,993,0.0,0.0,buy_signal,buy
2023-07-13,BUY,38,19438.887,738677.706,994,0.0,0.0,buy_signal,buy
2023-07-14,SELL,38,20230.953,768776.214,994,30040.687616438387,23937.921927158928,take_profit,take_profit
2023-07-14,BUY,1,20239.047,20239.047,995,0.0,0.0,buy_signal,buy
2023-07-20,SELL,32,20275.944,648830.208,991,14603.773808219185,11637.017159079456,take_profit,take_profit
2023-07-20,SELL,37,20275.944,750209.928,992,15831.03743835614,12614.96218275409,take_profit,take_profit
2023-07-20,SELL,37,20275.944,750209.928,993,19957.48321917807,15903.120503202044,take_profit,take_profit
2023-07-24,BUY,3,20074.014,60222.042,996,0.0,0.0,buy_signal,buy
2023-08-01,SELL,1,20825.834,20825.834,995,569.8086438356167,454.0520178404112,take_profit,take_profit
2023-08-01,SELL,3,20825.834,62477.50199999999,996,2227.4557808219097,1774.9481389479388,take_profit,take_profit
2023-08-04,BUY,36,19283.856,694218.816,997,0.0,0.0,buy_signal,buy
2023-08-07,BUY,18,19153.829999999998,344768.93999999994,998,0.0,0.0,buy_signal,buy
2023-08-08,SELL,36,19756.048,711217.728,997,16891.042191780834,13459.626970520558,take_profit,take_profit
2023-08-08,SELL,18,19756.048,355608.864,998,10812.873698630194,8616.23840675347,take_profit,take_profit
2023-08-08,BUY,27,19763.952,533626.704,999,0.0,0.0,buy_signal,buy
2023-08-09,BUY,22,19608.921,431396.262,1000,0.0,0.0,buy_signal,buy
2023-08-10,BUY,5,19353.87,96769.34999999999,1001,0.0,0.0,buy_signal,buy
2023-08-14,SELL,5,19841.031,99205.155,1001,2428.187465753432,1934.9011820856224,take_profit,take_profit
2023-08-15,BUY,1,19703.94,19703.94,1002,0.0,0.0,buy_signal,buy
2023-08-17,BUY,39,18808.761,733541.679,1003,0.0,0.0,buy_signal,buy
2023-08-18,BUY,40,18448.689,737947.5599999999,1004,0.0,0.0,buy_signal,buy
2023-08-21,BUY,39,18733.746,730616.0939999999,1005,0.0,0.0,buy_signal,buy
2023-08-22,SELL,40,19021.195,760847.8,1004,22785.815890411068,18156.87739227406,take_profit,take_profit
2023-08-22,BUY,39,19028.805,742123.395,1006,0.0,0.0,buy_signal,buy
2023-08-23,SELL,39,18896.22,736952.5800000001,1003,3186.0686712329475,2538.818820671974,take_profit,take_profit
2023-08-23,SELL,39,18896.22,736952.5800000001,1005,6223.396684931657,4959.113648387791,take_profit,take_profit
2023-08-23,BUY,6,18903.78,113422.68,1007,0.0,0.0,buy_signal,buy
2023-08-24,SELL,6,19456.108,116736.648,1007,3305.0962191780905,2633.665922252061,take_profit,take_profit
2023-08-28,BUY,4,19143.828,76575.312,1008,0.0,0.0,buy_signal,buy
2023-08-29,SELL,39,19571.085,763272.315,1006,20861.275232876636,16623.307169317748,take_profit,take_profit
2023-08-29,SELL,4,19571.085,78284.34,1008,1703.059780821909,1357.0831863479382,take_profit,take_profit
2023-09-01,SELL,22,19806.038,435732.836,1000,3815.893671232899,3040.694871921936,take_profit,take_profit
2023-09-04,SELL,27,20195.96,545290.9199999999,999,10942.743452054692,8719.72511976978,take_profit,take_profit
2023-09-04,SELL,1,20195.96,20195.96,1002,471.3157260273977,375.5679362849319,take_profit,take_profit
2023-09-06,BUY,4,20584.115999999998,82336.46399999999,1009,0.0,0.0,buy_signal,buy
2023-09-07,BUY,2,20629.125,41258.25,1010,0.0,0.0,buy_signal,buy
2023-09-08,BUY,8,20309.060999999998,162472.48799999998,1011,0.0,0.0,buy_signal,buy
2023-09-11,BUY,22,20084.016,441848.352,1012,0.0,0.0,buy_signal,buy
2023-09-12,BUY,27,20019.003,540513.081,1013,0.0,0.0,buy_signal,buy
2023-09-13,BUY,20,20174.034,403480.68,1014,0.0,0.0,buy_signal,buy
2023-09-14,BUY,25,20374.074,509351.85000000003,1015,0.0,0.0,buy_signal,buy
2023-09-15,SELL,22,20965.806,461247.732,1012,19263.058356164387,15349.768051109591,take_profit,take_profit
2023-09-15,SELL,27,20965.806,566076.762,1013,25437.387575342447,20269.78228941163,take_profit,take_profit
2023-09-15,SELL,20,20965.806,419316.12,1014,15772.873424657537,12568.614188438358,take_profit,take_profit
2023-09-15,BUY,7,20974.194,146819.358,1016,0.0,0.0,buy_signal,buy
2023-09-19,SELL,8,20765.846,166126.768,1011,3579.4946849315347,2852.3203396876934,take_profit,take_profit
2023-09-19,SELL,25,20765.846,519146.15,1015,9714.049315068482,7740.640196712319,take_profit,take_profit
2023-09-19,BUY,1,20774.154,20774.154,1017,0.0,0.0,buy_signal,buy
2023-09-20,BUY,3,20784.156,62352.46799999999,1018,0.0,0.0,buy_signal,buy
2023-09-21,BUY,12,20294.058,243528.696,1019,0.0,0.0,buy_signal,buy
2023-09-22,BUY,28,19543.908,547229.424,1020,0.0,0.0,buy_signal,buy
2023-09-25,BUY,27,19843.968,535787.136,1021,0.0,0.0,buy_signal,buy
2023-09-26,SELL,28,20025.994,560727.8319999999,1020,13412.962739725965,10688.119359150634,take_profit,take_profit
2023-09-26,BUY,27,20034.006,540918.162,1022,0.0,0.0,buy_signal,buy
2023-09-27,BUY,28,19283.856,539947.968,1023,0.0,0.0,buy_signal,buy
2023-09-28,BUY,28,19588.917,548489.676,1024,0.0,0.0,buy_signal,buy
2023-09-29,BUY,28,19483.896,545549.088,1025,0.0,0.0,buy_signal,buy
2023-10-02,BUY,28,19603.92,548909.76,1026,0.0,0.0,buy_signal,buy
2023-10-03,BUY,29,18973.793999999998,550240.026,1027,0.0,0.0,buy_signal,buy
2023-10-04,BUY,30,17918.583,537557.49,1028,0.0,0.0,buy_signal,buy
2023-10-05,BUY,41,17948.589,735892.149,1029,0.0,0.0,buy_signal,buy
2023-10-06,SELL,30,18216.356,546490.6799999999,1028,8850.306164383506,7052.3664670889975,take_profit,take_profit
2023-10-06,SELL,41,18216.356,746870.596,1029,10920.84256164388,8702.273395245926,take_profit,take_profit
2023-10-06,BUY,36,18223.644,656051.184,1030,0.0,0.0,buy_signal,buy
2023-10-10,BUY,36,18658.731,671714.316,1031,0.0,0.0,buy_signal,buy
2023-10-11,SELL,36,19236.152000000002,692501.4720000001,1030,36347.03013698636,28963.13096465758,take_profit,take_profit
2023-10-11,SELL,36,19236.152000000002,692501.4720000001,1031,20734.311945205554,16522.136473537044,take_profit,take_profit
2023-10-11,BUY,10,19243.847999999998,192438.47999999998,1032,0.0,0.0,buy_signal,buy
2023-10-12,SELL,29,19596.08,568286.3200000001,1027,17798.756356164493,14182.939002409676,take_profit,take_profit
2023-10-12,BUY,4,19603.92,78415.68,1033,0.0,0.0,buy_signal,buy
2023-10-13,SELL,28,19811.037,554709.036,1023,14312.877753424627,11405.216637816415,take_profit,take_profit
2023-10-13,SELL,28,19811.037,554709.036,1025,8795.269863013673,7008.510790342445,take_profit,take_profit
2023-10-13,SELL,10,19811.037,198110.37,1032,5641.699863013712,4495.588535842477,take_profit,take_profit
2023-10-13,BUY,1,19818.963,19818.963,1034,0.0,0.0,buy_signal,buy
2023-10-16,BUY,4,19248.849,76995.396,1035,0.0,0.0,buy_signal,buy
2023-10-17,BUY,20,19533.906,390678.12,1036,0.0,0.0,buy_signal,buy
2023-10-18,BUY,17,19423.884,330206.028,1037,0.0,0.0,buy_signal,buy
2023-10-19,BUY,19,18848.769,358126.61100000003,1038,0.0,0.0,buy_signal,buy
2023-10-20,BUY,39,18483.696,720864.144,1039,0.0,0.0,buy_signal,buy
2023-10-23,BUY,41,18383.676,753730.716,1040,0.0,0.0,buy_signal,buy
2023-10-24,BUY,39,18403.68,717743.52,1041,0.0,0.0,buy_signal,buy
2023-10-25,BUY,37,18578.715,687412.455,1042,0.0,0.0,buy_signal,buy
2023-10-26,BUY,20,17963.592,359271.84,1043,0.0,0.0,buy_signal,buy
2023-10-27,BUY,41,17913.582,734456.862,1044,0.0,0.0,buy_signal,buy
2023-10-30,BUY,16,17738.547,283816.752,1045,0.0,0.0,buy_signal,buy
2023-10-31,BUY,41,17803.56,729945.9600000001,1046,0.0,0.0,buy_signal,buy
2023-11-01,SELL,16,18696.260000000002,299140.16000000003,1045,15279.411945205533,12175.399408537029,take_profit,take_profit
2023-11-01,SELL,41,18696.260000000002,766546.66,1046,36543.99194520543,29120.079981536946,take_profit,take_profit
2023-11-01,BUY,10,18703.739999999998,187037.39999999997,1047,0.0,0.0,buy_signal,buy
2023-11-02,SELL,39,19351.129,754694.0310000001,1039,33338.99560273983,26566.178646043234,take_profit,take_profit
2023-11-02,SELL,41,19351.129,793396.289,1040,39207.74116438354,31242.68854683902,take_profit,take_profit
2023-11-02,SELL,39,19351.129,754694.0310000001,1041,36569.50771232882,29140.412220569222,take_profit,take_profit
2023-11-02,SELL,37,19351.129,715991.773,1042,28269.781068493237,22526.775044428836,take_profit,take_profit
2023-11-02,SELL,20,19351.129,387022.58,1043,27611.76027397259,22002.43117431506,take_profit,take_profit
2023-11-02,SELL,41,19351.129,793396.289,1044,58710.17297260276,46783.20133321851,take_profit,take_profit
2023-11-06,SELL,10,20010.997,200109.97,1047,13043.308082191817,10393.56004529455,take_profit,take_profit
2023-11-07,SELL,28,19996.0,559888.0,1024,10348.053972602762,8245.84680806851,take_profit,take_profit
2023-11-07,SELL,28,19996.0,559888.0,1026,10010.826958904101,7977.127462202733,take_profit,take_profit
2023-11-07,SELL,4,19996.0,79984.0,1033,1470.1527671232946,1171.4912324821973,take_profit,take_profit
2023-11-07,SELL,4,19996.0,79984.0,1035,2902.6463013698694,2312.9737052465807,take_profit,take_profit
2023-11-07,SELL,20,19996.0,399920.0,1036,8841.196164383566,7045.107163589044,take_profit,take_profit
2023-11-07,SELL,17,19996.0,339932.0,1037,9410.703506849324,7498.919089432884,take_profit,take_profit
2023-11-07,SELL,19,19996.0,379924.0,1038,21473.393712328732,17111.07377966915,take_profit,take_profit
2023-11-09,BUY,1,19683.935999999998,19683.935999999998,1048,0.0,0.0,buy_signal,buy
2023-11-13,BUY,2,20429.085,40858.17,1049,0.0,0.0,buy_signal,buy
2023-11-14,BUY,7,20304.06,142128.42,1050,0.0,0.0,buy_signal,buy
2023-11-15,BUY,3,20814.162,62442.486000000004,1051,0.0,0.0,buy_signal,buy
2023-11-16,SELL,4,21045.79,84183.16,1009,1560.4040547945315,1243.4079710630224,take_profit,take_profit
2023-11-16,SELL,12,21045.79,252549.48,1019,8349.966904109604,6653.671127539737,take_profit,take_profit
2023-11-16,SELL,27,21045.79,568236.3300000001,1021,31021.969561643855,24719.856445195906,take_profit,take_profit
2023-11-16,SELL,27,21045.79,568236.3300000001,1022,25932.5235616439,20664.33140009594,take_profit,take_profit
2023-11-16,SELL,1,21045.79,21045.79,1034,1193.0191095890423,950.6572774760283,take_profit,take_profit
2023-11-16,SELL,1,21045.79,21045.79,1048,1354.0577260274003,1078.980898984934,take_profit,take_profit
2023-11-16,SELL,2,21045.79,42091.58,1049,1223.98665753425,975.3337680561672,take_profit,take_profit
2023-11-16,SELL,7,21045.79,147320.53,1050,5169.88145205478,4119.620035069852,take_profit,take_profit
2023-11-21,BUY,1,21104.22,21104.22,1052,0.0,0.0,buy_signal,buy
2023-11-22,BUY,1,20754.149999999998,20754.149999999998,1053,0.0,0.0,buy_signal,buy
2023-11-24,BUY,4,21514.302,86057.208,1054,0.0,0.0,buy_signal,buy
2023-11-27,SELL,2,21445.71,42891.42,1010,1473.770986301368,1174.3744104342452,take_profit,take_profit
2023-11-27,BUY,2,21454.29,42908.58,1055,0.0,0.0,buy_signal,buy
2023-11-28,BUY,5,21199.238999999998,105996.19499999999,1056,0.0,0.0,buy_signal,buy
2023-11-29,BUY,5,20859.171,104295.855,1057,0.0,0.0,buy_signal,buy
2023-11-30,BUY,7,20824.164,145769.14800000002,1058,0.0,0.0,buy_signal,buy
2023-12-01,BUY,6,21244.248,127465.488,1059,0.0,0.0,buy_signal,buy
2023-12-04,BUY,9,20944.188,188497.69199999998,1060,0.0,0.0,buy_signal,buy
2023-12-05,BUY,14,20544.108,287617.512,1061,0.0,0.0,buy_signal,buy
2023-12-06,BUY,27,20434.086,551720.3219999999,1062,0.0,0.0,buy_signal,buy
2023-12-07,SELL,27,20690.861,558653.247,1062,6889.284123287718,5489.726053641818,take_profit,take_profit
2023-12-07,BUY,8,20699.139,165593.112,1063,0.0,0.0,buy_signal,buy
2023-12-08,BUY,27,19903.98,537407.46,1064,0.0,0.0,buy_signal,buy
2023-12-11,BUY,27,20174.034,544698.918,1065,0.0,0.0,buy_signal,buy
2023-12-12,BUY,26,20654.13,537007.38,1066,0.0,0.0,buy_signal,buy
2023-12-13,BUY,17,20449.089,347634.513,1067,0.0,0.0,buy_signal,buy
2023-12-14,BUY,24,20554.11,493298.64,1068,0.0,0.0,buy_signal,buy
2023-12-15,BUY,24,20204.04,484896.96,1069,0.0,0.0,buy_signal,buy
2023-12-18,SELL,27,20230.953,546235.731,1064,8577.537904109655,6835.011078889778,take_profit,take_profit
2023-12-18,BUY,6,20239.047,121434.28199999999,1070,0.0,0.0,buy_signal,buy
2023-12-19,BUY,20,20239.047,404780.93999999994,1071,0.0,0.0,buy_signal,buy
2023-12-20,SELL,27,21050.789,568371.3030000001,1065,23377.56571232889,18628.413237869278,take_profit,take_profit
2023-12-20,SELL,24,21050.789,505218.936,1069,20209.00635616435,16103.546714909564,take_profit,take_profit
2023-12-20,SELL,6,21050.789,126304.734,1070,4851.631397260278,3866.022478906853,take_profit,take_profit
2023-12-20,SELL,20,21050.789,421015.78,1071,16203.073424657618,12911.419058438423,take_profit,take_profit
2023-12-20,BUY,7,21059.211,147414.47699999998,1072,0.0,0.0,buy_signal,buy
2023-12-21,SELL,1,20825.834,20825.834,1053,39.97112328767234,31.850989591781705,take_profit,take_profit
2023-12-21,SELL,14,20825.834,291561.676,1061,3681.078301369853,2933.267244446567,take_profit,take_profit
2023-12-21,SELL,8,20825.834,166606.672,1063,888.5833424657511,708.0676364438337,take_profit,take_profit
2023-12-21,SELL,26,20825.834,541471.684,1066,4178.229917808223,3329.4225100054828,take_profit,take_profit
2023-12-21,SELL,17,20825.834,354039.17799999996,1067,6244.044342465732,4975.566734293819,take_profit,take_profit
2023-12-21,SELL,24,20825.834,499820.01599999995,1068,6332.138958904041,5045.764929402685,take_profit,take_profit
2023-12-21,BUY,2,20834.166,41668.332,1073,0.0,0.0,buy_signal,buy
2023-12-22,BUY,10,20784.156,207841.56,1074,0.0,0.0,buy_signal,buy
2023-12-25,BUY,13,20964.192,272534.496,1075,0.0,0.0,buy_signal,buy
2023-12-26,BUY,29,20854.17,604770.9299999999,1076,0.0,0.0,buy_signal,buy
2023-12-27,BUY,30,21099.219,632976.5700000001,1077,0.0,0.0,buy_signal,buy
2023-12-28,SELL,1,21050.789,21050.789,1017,171.4010273972623,136.58090868150848,take_profit,take_profit
2023-12-28,SELL,3,21050.789,63152.367,1018,488.9770273972654,389.6413442815109,take_profit,take_profit
2023-12-28,SELL,3,21050.789,63152.367,1051,566.4918493150624,451.4090301267075,take_profit,take_profit
2023-12-28,SELL,7,21050.789,147355.52300000002,1058,1365.0614657534247,1087.7492289856166,take_profit,take_profit
2023-12-28,SELL,2,21050.789,42101.578,1073,417.26298630136904,332.4960106342459,take_profit,take_profit
2023-12-28,SELL,10,21050.789,210507.89,1074,2602.2253424657697,2073.5832641438487,take_profit,take_profit
2023-12-28,SELL,29,21050.789,610472.881,1076,5608.226178082309,4468.915030004888,take_profit,take_profit
2023-12-28,BUY,22,21059.211,463302.642,1078,0.0,0.0,buy_signal,buy
2023-12-29,BUY,15,21139.227,317088.40499999997,1079,0.0,0.0,buy_signal,buy
2024-01-04,BUY,20,20379.075,407581.5,1080,0.0,0.0,buy_signal,buy
2024-01-11,SELL,5,23045.39,115226.95,1057,10715.893904109591,8538.960057489727,take_profit,take_profit
2024-01-11,SELL,20,23045.39,460907.8,1080,53194.73068493149,42388.22114628766,take_profit,take_profit
2024-01-12,SELL,7,23530.293,164712.051,1016,17063.513657534248,13597.060858006165,take_profit,take_profit
2024-01-12,SELL,1,23530.293,23530.293,1052,2373.1591369863017,1891.0518583075345,take_profit,take_profit
2024-01-12,SELL,4,23530.293,94121.172,1054,7865.225369863021,6267.404835975349,take_profit,take_profit
2024-01-12,SELL,2,23530.293,47060.586,1055,4055.908465753426,3231.9506609356176,take_profit,take_profit
2024-01-12,SELL,5,23530.293,117651.46500000001,1056,11423.102054794539,9102.498872363029,take_profit,take_profit
2024-01-12,SELL,6,23530.293,141181.758,1059,13466.704849315072,10730.943759176716,take_profit,take_profit
2024-01-12,SELL,9,23530.293,211772.63700000002,1060,22915.154589041133,18259.940934277427,take_profit,take_profit
2024-01-12,SELL,7,23530.293,164712.051,1072,17148.98183561646,13665.166175710978,take_profit,take_profit
2024-01-12,SELL,13,23530.293,305893.809,1075,33145.78960273975,26412.22244494317,take_profit,take_profit
2024-01-12,SELL,30,23530.293,705908.79,1077,72535.21068493147,57799.682634287645,take_profit,take_profit
2024-01-12,SELL,22,23530.293,517666.44600000005,1078,54108.644986301435,43116.4737573343,take_profit,take_profit
2024-01-12,SELL,15,23530.293,352954.395,1079,35716.3952054795,28460.60951948634,take_profit,take_profit
2024-03-08,BUY,18,29570.913,532276.434,1081,0.0,0.0,buy_signal,buy
2024-03-11,BUY,22,28510.701,627235.422,1082,0.0,0.0,buy_signal,buy
2024-03-12,BUY,23,27785.556,639067.7880000001,1083,0.0,0.0,buy_signal,buy
2024-03-13,BUY,22,28725.744,631966.368,1084,0.0,0.0,buy_signal,buy
2024-03-14,BUY,23,27905.579999999998,641828.34,1085,0.0,0.0,buy_signal,buy
2024-03-15,BUY,23,27805.559999999998,639527.8799999999,1086,0.0,0.0,buy_signal,buy
2024-03-18,BUY,22,28465.692,626245.2239999999,1087,0.0,0.0,buy_signal,buy
2024-03-19,SELL,22,29314.136000000002,644910.9920000001,1082,17388.092082191844,13855.701175694572,take_profit,take_profit
2024-03-19,SELL,23,29314.136000000002,674225.128,1083,34906.58580821915,27815.312901279427,take_profit,take_profit
2024-03-19,SELL,22,29314.136000000002,644910.9920000001,1084,12752.39824657541,10161.748542783616,take_profit,take_profit
2024-03-19,SELL,23,29314.136000000002,674225.128,1085,32245.29802739732,25694.665733131555,take_profit,take_profit
2024-03-19,SELL,23,29314.136000000002,674225.128,1086,34595.61068493164,27567.51237428778,take_profit,take_profit
2024-03-19,SELL,22,29314.136000000002,644910.9920000001,1087,18615.89731506865,14834.077775512455,take_profit,take_profit
2024-03-21,BUY,3,30806.16,92418.48,1088,0.0,0.0,buy_signal,buy
2024-03-22,SELL,18,31463.706000000002,566346.708,1081,33710.04517808217,26861.849500154774,take_profit,take_profit
2024-03-27,BUY,21,30706.14,644828.94,1089,0.0,0.0,buy_signal,buy
2024-03-28,BUY,8,30866.172,246929.376,1090,0.0,0.0,buy_signal,buy
2024-03-29,BUY,21,30796.158,646719.318,1091,0.0,0.0,buy_signal,buy
2024-04-01,BUY,21,30796.158,646719.318,1092,0.0,0.0,buy_signal,buy
2024-04-02,BUY,21,30166.032,633486.672,1093,0.0,0.0,buy_signal,buy
2024-04-03,BUY,22,29585.916,650890.152,1094,0.0,0.0,buy_signal,buy
2024-04-04,BUY,21,30256.05,635377.0499999999,1095,0.0,0.0,buy_signal,buy
2024-04-05,BUY,22,29060.810999999998,639337.842,1096,0.0,0.0,buy_signal,buy
2024-04-08,BUY,22,29280.855,644178.8099999999,1097,0.0,0.0,buy_signal,buy
2024-04-09,BUY,22,29505.899999999998,649129.7999999999,1098,0.0,0.0,buy_signal,buy
2024-04-10,SELL,22,29634.072,651949.584,1096,12463.361945205565,9931.429966037054,take_profit,take_profit
2024-04-10,BUY,21,29645.928,622564.488,1099,0.0,0.0,buy_signal,buy
2024-04-11,BUY,21,28980.795,608596.695,1100,0.0,0.0,buy_signal,buy
2024-04-12,BUY,21,29815.962,626135.202,1101,0.0,0.0,buy_signal,buy
2024-04-15,BUY,1,28785.755999999998,28785.755999999998,1102,0.0,0.0,buy_signal,buy
2024-04-16,BUY,23,28220.643,649074.789,1103,0.0,0.0,buy_signal,buy
2024-04-17,BUY,23,28185.636,648269.628,1104,0.0,0.0,buy_signal,buy
2024-04-18,SELL,3,26924.614,80773.842,1088,-11781.854876712321,-11781.854876712321,forced_liquidation,forced_liquidation
2024-04-18,SELL,21,26924.614,565416.8940000001,1089,-80173.40128767109,-80173.40128767109,forced_liquidation,forced_liquidation
2024-04-18,SELL,8,26924.614,215396.912,1090,-31803.43035616436,-31803.43035616436,forced_liquidation,forced_liquidation
2024-04-18,SELL,21,26924.614,565416.8940000001,1091,-81964.6408767122,-81964.6408767122,forced_liquidation,forced_liquidation
2024-04-18,SELL,21,26924.614,565416.8940000001,1092,-81915.0072328766,-81915.0072328766,forced_liquidation,forced_liquidation
2024-04-18,SELL,21,26924.614,565416.8940000001,1093,-68634.03246575336,-68634.03246575336,forced_liquidation,forced_liquidation
2024-04-18,SELL,22,26924.614,592341.508,1094,-59089.07008219175,-59089.07008219175,forced_liquidation,forced_liquidation
2024-04-18,SELL,21,26924.614,565416.8940000001,1095,-70428.55035616423,-70428.55035616423,forced_liquidation,forced_liquidation
2024-04-18,SELL,22,26924.614,592341.508,1097,-52228.80797260265,-52228.80797260265,forced_liquidation,forced_liquidation
2024-04-18,SELL,22,26924.614,592341.508,1098,-57130.43358904099,-57130.43358904099,forced_liquidation,forced_liquidation
2024-04-18,SELL,21,26924.614,565416.8940000001,1099,-57426.0240821917,-57426.0240821917,forced_liquidation,forced_liquidation
2024-04-18,SELL,21,26924.614,565416.8940000001,1100,-43410.61113698616,-43410.61113698616,forced_liquidation,forced_liquidation
2024-04-18,SELL,21,26924.614,565416.8940000001,1101,-60901.715671232836,-60901.715671232836,forced_liquidation,forced_liquidation
2024-04-18,SELL,1,26924.614,26924.614,1102,-1867.6092328767086,-1867.6092328767086,forced_liquidation,forced_liquidation
2024-04-18,SELL,23,26924.614,619266.122,1103,-29906.122726027414,-29906.122726027414,forced_liquidation,forced_liquidation
2024-04-18,SELL,23,26924.614,619266.122,1104,-29051.594273972656,-29051.594273972656,forced_liquidation,forced_liquidation
2024-04-19,BUY,37,26700.339,987912.543,1105,0.0,0.0,buy_signal,buy
2024-04-22,BUY,38,26155.23,993898.74,1106,0.0,0.0,buy_signal,buy
2024-04-23,BUY,36,26910.381,968773.716,1107,0.0,0.0,buy_signal,buy
2024-04-24,BUY,36,27260.451,981376.236,1108,0.0,0.0,buy_signal,buy
2024-04-25,SELL,38,27159.567,1032063.546,1106,37929.122712328746,30223.82143331916,take_profit,take_profit
2024-04-26,BUY,35,26905.38,941688.3,1109,0.0,0.0,buy_signal,buy
2024-04-30,BUY,9,27615.522,248539.698,1110,0.0,0.0,buy_signal,buy
2024-05-08,SELL,37,28129.373,1040786.801,1105,52103.07663013702,41518.336612724685,take_profit,take_profit
2024-05-08,SELL,36,28129.373,1012657.428,1107,43278.13873972597,34486.18485475064,take_profit,take_profit
2024-05-08,SELL,35,28129.373,984528.0549999999,1109,42468.73773972592,33841.2136679006,take_profit,take_profit
2024-05-10,BUY,1,27875.574,27875.574,1111,0.0,0.0,buy_signal,buy
2024-05-21,SELL,36,29019.195,1044691.02,1108,62091.38958904108,49477.52379402738,take_profit,take_profit
2024-05-31,BUY,16,27275.453999999998,436407.26399999997,1112,0.0,0.0,buy_signal,buy
2024-06-18,BUY,29,27625.523999999998,801140.1959999999,1113,0.0,0.0,buy_signal,buy
2024-06-19,BUY,1,27930.585,27930.585,1114,0.0,0.0,buy_signal,buy
2024-06-27,SELL,16,28989.201,463827.216,1112,26763.343561643884,21326.370317095927,take_profit,take_profit
2024-06-27,SELL,29,28989.201,840686.829,1113,39107.48560273987,31162.799902543265,take_profit,take_profit
2024-07-03,SELL,9,30223.954,272015.586,1110,22620.600000000006,18025.225110000007,take_profit,take_profit
2024-07-03,SELL,1,30223.954,30223.954,1111,2266.064602739727,1805.7135786931515,take_profit,take_profit
2024-07-03,SELL,1,30223.954,30223.954,1114,2271.3306986301395,1809.9098672034268,take_profit,take_profit
2024-07-03,BUY,2,30236.046,60472.092,1115,0.0,0.0,buy_signal,buy
2024-07-04,BUY,1,31006.2,31006.2,1116,0.0,0.0,buy_signal,buy
2024-07-05,SELL,2,31353.728,62707.456,1115,2225.8301917808235,1773.6527883205492,take_profit,take_profit
2024-07-10,SELL,1,32143.57,32143.57,1116,1127.6996438356155,898.6074611904102,take_profit,take_profit
2024-07-16,BUY,3,31936.386,95809.158,1117,0.0,0.0,buy_signal,buy
2024-07-17,BUY,2,32106.42,64212.84,1118,0.0,0.0,buy_signal,buy
2024-07-18,BUY,10,30136.025999999998,301360.26,1119,0.0,0.0,buy_signal,buy
2024-07-19,BUY,18,29935.986,538847.748,1120,0.0,0.0,buy_signal,buy
2024-07-22,BUY,18,29710.941,534796.938,1121,0.0,0.0,buy_signal,buy
2024-07-23,BUY,18,29675.934,534166.812,1122,0.0,0.0,buy_signal,buy
2024-07-24,BUY,19,28820.763,547594.497,1123,0.0,0.0,buy_signal,buy
2024-07-25,BUY,20,27325.464,546509.28,1124,0.0,0.0,buy_signal,buy
2024-07-26,BUY,20,26705.34,534106.8,1125,0.0,0.0,buy_signal,buy
2024-07-29,BUY,20,27205.44,544108.7999999999,1126,0.0,0.0,buy_signal,buy
2024-07-30,SELL,20,27274.544,545490.88,1125,11301.253698630095,9005.40400975339,take_profit,take_profit
2024-07-30,BUY,20,27285.456,545709.12,1127,0.0,0.0,buy_signal,buy
2024-07-31,BUY,20,26865.372,537307.44,1128,0.0,0.0,buy_signal,buy
2024-08-01,BUY,5,27705.54,138527.7,1129,0.0,0.0,buy_signal,buy
2024-08-02,BUY,40,24629.925,985197.0,1130,0.0,0.0,buy_signal,buy
2024-08-05,BUY,46,21484.296,988277.6159999999,1131,0.0,0.0,buy_signal,buy
2024-08-06,SELL,3,20915.816,62747.448,1117,-33157.61498630137,-33157.61498630137,forced_liquidation,forced_liquidation
2024-08-06,SELL,2,20915.816,41831.632,1118,-22440.270356164383,-22440.270356164383,forced_liquidation,forced_liquidation
2024-08-06,SELL,10,20915.816,209158.15999999997,1119,-92473.22438356168,-92473.22438356168,forced_liquidation,forced_liquidation
2024-08-06,SELL,18,20915.816,376484.68799999997,1120,-162809.5625753425,-162809.5625753425,forced_liquidation,forced_liquidation
2024-08-06,SELL,18,20915.816,376484.68799999997,1121,-158717.4729041096,-158717.4729041096,forced_liquidation,forced_liquidation
2024-08-06,SELL,18,20915.816,376484.68799999997,1122,-158047.06142465762,-158047.06142465762,forced_liquidation,forced_liquidation
2024-08-06,SELL,19,20915.816,397400.50399999996,1123,-150536.61557534247,-150536.61557534247,forced_liquidation,forced_liquidation
2024-08-06,SELL,20,20915.816,418316.31999999995,1124,-128509.82794520556,-128509.82794520556,forced_liquidation,forced_liquidation
2024-08-06,SELL,20,20915.816,418316.31999999995,1126,-126027.8410958904,-126027.8410958904,forced_liquidation,forced_liquidation
2024-08-06,SELL,20,20915.816,418316.31999999995,1127,-127585.83890410964,-127585.83890410964,forced_liquidation,forced_liquidation
2024-08-06,SELL,20,20915.816,418316.31999999995,1128,-119141.80602739725,-119141.80602739725,forced_liquidation,forced_liquidation
2024-08-06,SELL,5,20915.816,104579.07999999999,1129,-33975.37150684934,-33975.37150684934,forced_liquidation,forced_liquidation
2024-08-06,SELL,40,20915.816,836632.6399999999,1130,-148695.59945205488,-148695.59945205488,forced_liquidation,forced_liquidation
2024-08-06,SELL,46,20915.816,962127.536,1131,-26216.720767123246,-26216.720767123246,forced_liquidation,forced_liquidation
2024-08-07,BUY,49,20039.006999999998,981911.3429999999,1132,0.0,0.0,buy_signal,buy
2024-08-08,SELL,49,21315.736,1044471.064,1132,62476.761986301506,49784.60778878436,take_profit,take_profit
2024-08-08,BUY,46,21324.264,980916.144,1133,0.0,0.0,buy_signal,buy
2024-08-09,BUY,44,22589.517,993938.748,1134,0.0,0.0,buy_signal,buy
2024-08-13,BUY,43,22754.55,978445.65,1135,0.0,0.0,buy_signal,buy
2024-08-14,SELL,46,23845.23,1096880.58,1133,115727.83216438367,92217.72306018914,take_profit,take_profit
2024-08-14,BUY,32,23854.77,763352.64,1136,0.0,0.0,buy_signal,buy
2024-08-15,SELL,44,23575.284,1037312.496,1134,43140.61309589043,34376.59754546029,take_profit,take_profit
2024-08-15,BUY,25,23584.716,589617.9,1137,0.0,0.0,buy_signal,buy
2024-08-16,SELL,43,25199.959,1083598.237,1135,104918.13686301364,83604.01735929243,take_profit,take_profit
2024-08-16,BUY,1,25210.041,25210.041,1138,0.0,0.0,buy_signal,buy
2024-08-19,SELL,32,25464.906,814876.992,1136,51343.85095890406,40913.3476366027,take_profit,take_profit
2024-08-19,SELL,25,25464.906,636622.65,1137,46909.10890410959,37379.52343023973,take_profit,take_profit
2024-09-05,BUY,37,23514.702,870043.974,1139,0.0,0.0,buy_signal,buy
2024-09-06,BUY,40,24114.822,964592.88,1140,0.0,0.0,buy_signal,buy
2024-09-09,BUY,44,22169.433,975455.052,1141,0.0,0.0,buy_signal,buy
2024-09-10,SELL,44,23445.31,1031593.64,1141,56060.229424657526,44671.593817038345,take_profit,take_profit
2024-09-10,BUY,42,23454.69,985096.98,1142,0.0,0.0,buy_signal,buy
2024-09-11,BUY,43,23009.601,989412.843,1143,0.0,0.0,buy_signal,buy
2024-09-12,BUY,41,23899.779,979890.9389999999,1144,0.0,0.0,buy_signal,buy
2024-09-13,SELL,43,24020.195,1032868.385,1143,43301.84232876714,34505.07305967809,take_profit,take_profit
2024-09-13,BUY,33,24029.805,792983.5650000001,1145,0.0,0.0,buy_signal,buy
2024-09-17,BUY,41,23669.733,970459.053,1146,0.0,0.0,buy_signal,buy
2024-09-18,BUY,42,23659.731,993708.702,1147,0.0,0.0,buy_signal,buy
2024-09-19,BUY,40,24524.904,980996.1599999999,1148,0.0,0.0,buy_signal,buy
2024-09-20,BUY,6,25315.061999999998,151890.37199999997,1149,0.0,0.0,buy_signal,buy
2024-09-24,SELL,37,25979.803,961252.711,1139,90469.74258904107,72090.81438207737,take_profit,take_profit
2024-09-24,SELL,40,25979.803,1039192.12,1140,73873.46465753423,58866.070312356154,take_profit,take_profit
2024-09-24,SELL,42,25979.803,1091151.726,1142,105443.29043835621,84022.48598580415,take_profit,take_profit
2024-09-24,SELL,41,25979.803,1065171.923,1144,84827.8699726028,67595.08818766855,take_profit,take_profit
2024-09-24,SELL,41,25979.803,1065171.923,1146,94410.11252054795,75230.69816199863,take_profit,take_profit
2024-09-24,SELL,42,25979.803,1091151.726,1147,97207.64679452052,77459.91334821368,take_profit,take_profit
2024-09-25,SELL,33,25454.908,840011.964,1145,46660.03943835614,37181.052426454095,take_profit,take_profit
2024-09-27,SELL,40,27394.52,1095780.8,1148,114394.0668493152,91154.91216887682,take_profit,take_profit
2024-09-30,SELL,1,26789.641,26789.641,1138,1523.6701917808205,1214.1365923205467,take_profit,take_profit
2024-09-30,SELL,6,26789.641,160737.846,1149,8787.095260273989,7001.996858149329,take_profit,take_profit
2024-10-23,BUY,5,26270.253,131351.265,1150,0.0,0.0,buy_signal,buy
2024-10-24,BUY,31,25445.088,788797.728,1151,0.0,0.0,buy_signal,buy
2024-10-25,BUY,29,25700.139,745304.031,1152,0.0,0.0,buy_signal,buy
2024-10-28,BUY,38,25425.084,966153.1919999999,1153,0.0,0.0,buy_signal,buy
2024-10-29,SELL,38,26394.72,1002999.3600000001,1153,36768.62717808237,29299.08056685494,take_profit,take_profit
2024-10-29,BUY,1,26405.28,26405.28,1154,0.0,0.0,buy_signal,buy
2024-10-30,SELL,31,27219.555,843806.205,1151,54758.77836986297,43634.53254402531,take_profit,take_profit
2024-10-30,BUY,2,27230.445,54460.89,1155,0.0,0.0,buy_signal,buy
2024-10-31,SELL,29,27314.536,792121.544,1152,46580.37563013702,37117.572320874686,take_profit,take_profit
2024-11-01,BUY,5,26020.202999999998,130101.01499999998,1156,0.0,0.0,buy_signal,buy
2024-11-05,BUY,38,26070.213,990668.094,1157,0.0,0.0,buy_signal,buy
2024-11-06,BUY,32,26760.351,856331.232,1158,0.0,0.0,buy_signal,buy
2024-11-07,SELL,38,28149.369000000002,1069676.022,1157,78850.13534246583,62831.7303476439,take_profit,take_profit
2024-11-14,BUY,26,26885.376,699019.776,1159,0.0,0.0,buy_signal,buy
2024-11-15,BUY,34,26660.331,906451.254,1160,0.0,0.0,buy_signal,buy
2024-11-18,BUY,26,25870.173,672624.498,1161,0.0,0.0,buy_signal,buy
2024-11-19,BUY,37,26120.222999999998,966448.2509999999,1162,0.0,0.0,buy_signal,buy
2024-11-20,BUY,30,26190.237,785707.11,1163,0.0,0.0,buy_signal,buy
2024-11-21,BUY,30,26055.21,781656.2999999999,1164,0.0,0.0,buy_signal,buy
2024-11-22,BUY,37,25870.173,957196.401,1165,0.0,0.0,buy_signal,buy
2024-11-25,BUY,23,26660.331,613187.613,1166,0.0,0.0,buy_signal,buy
2024-11-27,BUY,6,25975.194,155851.164,1167,0.0,0.0,buy_signal,buy
2024-11-28,BUY,31,25455.09,789107.79,1168,0.0,0.0,buy_signal,buy
2024-11-29,SELL,5,25889.821,129449.105,1150,-2166.6257534246756,-2166.6257534246756,forced_liquidation,forced_liquidation
2024-11-29,SELL,1,25889.821,25889.821,1154,-560.3805890410948,-560.3805890410948,forced_liquidation,forced_liquidation
2024-11-29,SELL,2,25889.821,51779.642,1155,-2766.96405479452,-2766.96405479452,forced_liquidation,forced_liquidation
2024-11-29,SELL,5,25889.821,129449.105,1156,-845.2327397260163,-845.2327397260163,forced_liquidation,forced_liquidation
2024-11-29,SELL,32,25889.821,828474.272,1158,-28966.330739725992,-28966.330739725992,forced_liquidation,forced_liquidation
2024-11-29,SELL,26,25889.821,673135.346,1159,-26457.49564383555,-26457.49564383555,forced_liquidation,forced_liquidation
2024-11-29,SELL,34,25889.821,880253.914,1160,-26878.019999999968,-26878.019999999968,forced_liquidation,forced_liquidation
2024-11-29,SELL,26,25889.821,673135.346,1161,43.222684931505,34.44199648766976,forced_liquidation,forced_liquidation
2024-11-29,SELL,37,25889.821,957923.377,1162,-9116.756410958857,-9116.756410958857,forced_liquidation,forced_liquidation
2024-11-29,SELL,30,25889.821,776694.63,1163,-9432.134794520529,-9432.134794520529,forced_liquidation,forced_liquidation
2024-11-29,SELL,30,25889.821,776694.63,1164,-5321.236027397186,-5321.236027397186,forced_liquidation,forced_liquidation
2024-11-29,SELL,37,25889.821,957923.377,1165,356.2299178082434,283.86181000549874,forced_liquidation,forced_liquidation
2024-11-29,SELL,23,25889.821,595465.883,1166,-17906.240410958886,-17906.240410958886,forced_liquidation,forced_liquidation
2024-11-29,SELL,6,25889.821,155338.926,1167,-536.089397260257,-536.089397260257,forced_liquidation,forced_liquidation
2024-11-29,SELL,31,25889.821,802584.451,1168,13414.64061643832,10689.456375208876,forced_liquidation,forced_liquidation
2024-12-02,BUY,38,25820.163,981166.194,1169,0.0,0.0,buy_signal,buy
2024-12-03,BUY,34,26510.301,901350.2339999999,1170,0.0,0.0,buy_signal,buy
2024-12-04,SELL,38,27329.533,1038522.254,1169,57200.20586301364,45579.984041942414,take_profit,take_profit
2024-12-05,BUY,1,27780.555,27780.555,1171,0.0,0.0,buy_signal,buy
2024-12-09,BUY,5,27355.47,136777.35,1172,0.0,0.0,buy_signal,buy
2024-12-10,BUY,4,27435.486,109741.944,1173,0.0,0.0,buy_signal,buy
2024-12-12,BUY,1,28200.639,28200.639,1174,0.0,0.0,buy_signal,buy
2024-12-13,SELL,34,27894.420000000002,948410.28,1170,46488.48084931516,37044.34596477678,take_profit,take_profit
2024-12-17,BUY,1,27710.541,27710.541,1175,0.0,0.0,buy_signal,buy
2024-12-18,BUY,2,27225.444,54450.888,1176,0.0,0.0,buy_signal,buy
2024-12-19,BUY,16,26110.220999999998,417763.53599999996,1177,0.0,0.0,buy_signal,buy
2024-12-20,BUY,33,26885.376,887217.408,1178,0.0,0.0,buy_signal,buy
2024-12-23,BUY,35,26950.389,943263.615,1179,0.0,0.0,buy_signal,buy
2024-12-24,BUY,4,27250.449,109001.796,1180,0.0,0.0,buy_signal,buy
2024-12-25,BUY,13,27190.436999999998,353475.681,1181,0.0,0.0,buy_signal,buy
2024-12-26,BUY,7,27045.408,189317.856,1182,0.0,0.0,buy_signal,buy
2024-12-30,SELL,16,28709.257,459348.112,1177,41350.4806575343,32950.13051195621,take_profit,take_profit
2024-12-30,SELL,33,28709.257,947405.481,1178,59772.76664383559,47629.92910014039,take_profit,take_profit
2024-12-30,SELL,35,28709.257,1004823.995,1179,61191.175068493154,48760.18785332877,take_profit,take_profit
2025-01-07,BUY,11,27835.566,306191.22599999997,1183,0.0,0.0,buy_signal,buy
2025-01-10,BUY,2,27300.459,54600.918,1184,0.0,0.0,buy_signal,buy
2025-01-14,BUY,26,26835.365999999998,697719.516,1185,0.0,0.0,buy_signal,buy
2025-01-15,BUY,37,26530.305,981621.285,1186,0.0,0.0,buy_signal,buy
2025-01-16,BUY,37,26475.293999999998,979585.8779999999,1187,0.0,0.0,buy_signal,buy
2025-01-17,BUY,37,26085.216,965152.992,1188,0.0,0.0,buy_signal,buy
2025-01-20,BUY,37,26445.288,978475.656,1189,0.0,0.0,buy_signal,buy
2025-01-21,BUY,14,27055.41,378775.74,1190,0.0,0.0,buy_signal,buy
2025-01-22,BUY,3,27300.459,81901.377,1191,0.0,0.0,buy_signal,buy
2025-01-23,SELL,37,27904.418,1032463.466,1187,52498.6674520549,41833.56315916995,take_profit,take_profit
2025-01-23,SELL,37,27904.418,1032463.466,1188,67006.18802739731,53393.880929631545,take_profit,take_profit
2025-01-23,SELL,37,27904.418,1032463.466,1189,53757.60512328773,42836.74764249183,take_profit,take_profit
2025-01-24,SELL,37,28184.362,1042821.3940000001,1186,60667.23601369868,48342.6870175158,take_profit,take_profit
2025-01-29,BUY,21,27305.46,573414.66,1192,0.0,0.0,buy_signal,buy
2025-02-04,BUY,36,27005.399999999998,972194.3999999999,1193,0.0,0.0,buy_signal,buy
2025-02-05,BUY,31,26725.344,828485.664,1194,0.0,0.0,buy_signal,buy
2025-02-06,BUY,29,26645.327999999998,772714.512,1195,0.0,0.0,buy_signal,buy
2025-02-07,BUY,5,26620.323,133101.615,1196,0.0,0.0,buy_signal,buy
2025-02-10,BUY,25,26405.28,660132.0,1197,0.0,0.0,buy_signal,buy
2025-02-12,BUY,17,26805.36,455691.12,1198,0.0,0.0,buy_signal,buy
2025-02-13,BUY,5,27005.399999999998,135027.0,1199,0.0,0.0,buy_signal,buy
2025-02-21,BUY,29,26100.219,756906.351,1200,0.0,0.0,buy_signal,buy
2025-02-25,SELL,1,25594.88,25594.88,1171,-2291.91006849315,-2291.91006849315,forced_liquidation,forced_liquidation
2025-02-25,SELL,5,25594.88,127974.40000000001,1172,-9313.232739726025,-9313.232739726025,forced_liquidation,forced_liquidation
2025-02-25,SELL,4,25594.88,102379.52,1173,-7762.3238356164375,-7762.3238356164375,forced_liquidation,forced_liquidation
2025-02-25,SELL,1,25594.88,25594.88,1174,-2701.523986301368,-2701.523986301368,forced_liquidation,forced_liquidation
2025-02-25,SELL,1,25594.88,25594.88,1175,-2205.0381506849317,-2205.0381506849317,forced_liquidation,forced_liquidation
2025-02-25,SELL,2,25594.88,51189.76,1176,-3435.670794520545,-3435.670794520545,forced_liquidation,forced_liquidation
2025-02-25,SELL,4,25594.88,102379.52,1180,-6938.378356164381,-6938.378356164381,forced_liquidation,forced_liquidation
2025-02-25,SELL,13,25594.88,332733.44,1181,-21742.677547945186,-21742.677547945186,forced_liquidation,forced_liquidation
2025-02-25,SELL,7,25594.88,179164.16,1182,-10677.877863013695,-10677.877863013695,forced_liquidation,forced_liquidation
2025-02-25,SELL,11,25594.88,281543.68,1183,-25376.92375342463,-25376.92375342463,forced_liquidation,forced_liquidation
2025-02-25,SELL,2,25594.88,51189.76,1184,-3530.8361369862973,-3530.8361369862973,forced_liquidation,forced_liquidation
2025-02-25,SELL,26,25594.88,665466.88,1185,-33754.250684931445,-33754.250684931445,forced_liquidation,forced_liquidation
2025-02-25,SELL,14,25594.88,358328.32,1190,-21114.995999999985,-21114.995999999985,forced_liquidation,forced_liquidation
2025-02-25,SELL,3,25594.88,76784.64,1191,-5253.6224794520485,-5253.6224794520485,forced_liquidation,forced_liquidation
2025-02-25,SELL,21,25594.88,537492.48,1192,-36657.47802739731,-36657.47802739731,forced_liquidation,forced_liquidation
2025-02-25,SELL,36,25594.88,921415.68,1193,-51739.3163835615,-51739.3163835615,forced_liquidation,forced_liquidation
2025-02-25,SELL,31,25594.88,793441.28,1194,-35808.64016438353,-35808.64016438353,forced_liquidation,forced_liquidation
2025-02-25,SELL,29,25594.88,742251.52,1195,-31118.965643835585,-31118.965643835585,forced_liquidation,forced_liquidation
2025-02-25,SELL,5,25594.88,127974.40000000001,1196,-5230.005684931489,-5230.005684931489,forced_liquidation,forced_liquidation
2025-02-25,SELL,25,25594.88,639872.0,1197,-20723.11232876712,-20723.11232876712,forced_liquidation,forced_liquidation
2025-02-25,SELL,17,25594.88,435112.96,1198,-20858.517479452028,-20858.517479452028,forced_liquidation,forced_liquidation
2025-02-25,SELL,5,25594.88,127974.40000000001,1199,-7124.801643835608,-7124.801643835608,forced_liquidation,forced_liquidation
2025-02-25,SELL,29,25594.88,742251.52,1200,-14713.673191780828,-14713.673191780828,forced_liquidation,forced_liquidation
2025-02-26,BUY,39,25505.1,994698.8999999999,1201,0.0,0.0,buy_signal,buy
2025-02-27,BUY,38,25775.154,979455.852,1202,0.0,0.0,buy_signal,buy
2025-02-28,BUY,39,25005.0,975195.0,1203,0.0,0.0,buy_signal,buy
2025-03-03,BUY,2,24899.979,49799.958,1204,0.0,0.0,buy_signal,buy
2025-03-04,BUY,1,24474.894,24474.894,1205,0.0,0.0,buy_signal,buy
2025-03-05,BUY,2,24444.888,48889.776,1206,0.0,0.0,buy_signal,buy
2025-03-06,BUY,2,24894.978,49789.956,1207,0.0,0.0,buy_signal,buy
2025-03-07,BUY,1,23969.792999999998,23969.792999999998,1208,0.0,0.0,buy_signal,buy
2025-03-14,BUY,1,23609.720999999998,23609.720999999998,1209,0.0,0.0,buy_signal,buy
2025-03-18,SELL,1,25164.966,25164.966,1209,1551.5148630137012,1236.3246185924677,take_profit,take_profit
2025-03-19,SELL,1,25064.986,25064.986,1208,1080.4036301369892,860.9196326746599,take_profit,take_profit
2025-03-25,BUY,5,25270.053,126350.265,1210,0.0,0.0,buy_signal,buy
2025-03-26,SELL,1,25434.912,25434.912,1205,931.9071506849316,742.5902130232878,take_profit,take_profit
2025-03-26,SELL,2,25434.912,50869.824,1206,1927.5744657534271,1535.9877130356185,take_profit,take_profit
2025-03-26,BUY,3,25445.088,76335.264,1211,0.0,0.0,buy_signal,buy
2025-03-27,BUY,2,24859.970999999998,49719.941999999995,1212,0.0,0.0,buy_signal,buy
2025-03-28,BUY,4,24809.961,99239.844,1213,0.0,0.0,buy_signal,buy
2025-03-31,BUY,13,23019.603,299254.839,1214,0.0,0.0,buy_signal,buy
2025-04-01,BUY,6,22954.59,137727.54,1215,0.0,0.0,buy_signal,buy
2025-04-02,BUY,6,22699.539,136197.234,1216,0.0,0.0,buy_signal,buy
2025-04-03,BUY,6,20679.135,124074.81,1217,0.0,0.0,buy_signal,buy
2025-04-04,BUY,7,20604.12,144228.84,1218,0.0,0.0,buy_signal,buy
2025-04-07,BUY,9,16703.34,150330.06,1219,0.0,0.0,buy_signal,buy
2025-04-08,BUY,6,19038.807,114232.842,1220,0.0,0.0,buy_signal,buy
2025-04-09,SELL,9,18056.388,162507.492,1219,12152.387342465754,9683.629853843835,take_profit,take_profit
2025-04-25,SELL,6,21825.634000000002,130953.804,1220,16600.41394520548,13228.039852236987,take_profit,take_profit
2025-05-02,SELL,6,23220.355,139322.13,1217,15058.326904109595,11999.22779353973,take_profit,take_profit
2025-05-02,SELL,7,23220.355,162542.485,1218,18104.660671232865,14426.69885587191,take_profit,take_profit
2025-05-13,SELL,6,25579.883,153479.298,1216,17027.654465753436,13568.486461035625,take_profit,take_profit
2025-05-14,SELL,13,25374.924,329874.012,1214,29997.81502739727,23903.758904581515,take_profit,take_profit
2025-05-14,SELL,6,25374.924,152249.544,1215,14245.61638356163,11351.619415241084,take_profit,take_profit
2025-06-18,SELL,2,25319.935,50639.87,1212,722.164383561651,575.4566890411015,take_profit,take_profit
2025-06-18,SELL,4,25319.935,101279.74,1213,1652.0277260274052,1316.4182934849377,take_profit,take_profit
2025-06-19,SELL,39,25989.801,1013602.239,1203,33153.088479451995,26418.038554851322,take_profit,take_profit
2025-06-19,SELL,2,25989.801,51979.602,1204,1913.9255342465756,1525.1115619643838,take_profit,take_profit
2025-06-19,SELL,2,25989.801,51979.602,1207,1935.2932328767129,1542.1384126178086,take_profit,take_profit
2025-06-19,SELL,5,25989.801,129949.005,1210,3075.026849315074,2450.3351448767166,take_profit,take_profit
2025-06-26,SELL,39,26244.75,1023545.25,1201,23054.81580821927,18371.229976779527,take_profit,take_profit
2025-06-26,SELL,3,26244.75,78734.25,1211,2060.9999178082235,1642.307784505483,take_profit,take_profit
2025-06-27,SELL,38,27429.513,1042321.494,1202,57218.600465753414,45594.64178113561,take_profit,take_profit
2025-11-19,BUY,1,40788.156,40788.156,1221,0.0,0.0,buy_signal,buy
2025-11-20,BUY,1,43288.656,43288.656,1222,0.0,0.0,buy_signal,buy
2025-11-25,BUY,1,41438.286,41438.286,1223,0.0,0.0,buy_signal,buy
2025-11-28,SELL,1,43021.394,43021.394,1221,2214.171150684929,1764.3622814232858,take_profit,take_profit
2025-11-28,SELL,1,43021.394,43021.394,1223,1573.499780821918,1253.8433003479454,take_profit,take_profit
2026-01-06,SELL,1,46250.748,46250.748,1222,2867.015506849312,2284.581306632874,take_profit,take_profit
2026-01-27,BUY,19,47359.47,899829.93,1224,0.0,0.0,buy_signal,buy
2026-01-28,BUY,6,47459.49,284756.94,1225,0.0,0.0,buy_signal,buy
2026-01-29,BUY,2,48819.762,97639.524,1226,0.0,0.0,buy_signal,buy
2026-01-30,BUY,2,47999.598,95999.196,1227,0.0,0.0,buy_signal,buy
2026-02-02,BUY,2,48559.71,97119.42,1228,0.0,0.0,buy_signal,buy
2026-02-04,SELL,19,49440.11,939362.09,1224,39109.44591780814,31164.361979605415,take_profit,take_profit
2026-02-04,SELL,6,49440.11,296640.66000000003,1225,11772.347506849346,9380.795110832902,take_profit,take_profit
2026-02-04,SELL,2,49440.11,98880.22,1227,2858.6684931506898,2277.9299887671273,take_profit,take_profit
2026-02-10,SELL,2,54869.024,109738.048,1226,12037.80005479451,9592.320973663005,take_profit,take_profit
2026-02-10,SELL,2,54869.024,109738.048,1228,12572.666575342462,10018.52936056164,take_profit,take_profit
2026-02-10,BUY,2,54890.976,109781.952,1229,0.0,0.0,buy_signal,buy
2026-02-12,BUY,3,56391.276,169173.82799999998,1230,0.0,0.0,buy_signal,buy
2026-02-13,BUY,2,55061.01,110122.02,1231,0.0,0.0,buy_signal,buy
2026-02-16,BUY,2,55581.114,111162.228,1232,0.0,0.0,buy_signal,buy
2026-02-17,BUY,2,54430.884,108861.768,1233,0.0,0.0,buy_signal,buy
2026-02-26,SELL,2,58768.244,117536.488,1233,8623.82904109589,6871.898171397261,take_profit,take_profit
2026-02-27,SELL,2,57368.524000000005,114737.04800000001,1229,4861.365808219183,3873.7793442794564,take_profit,take_profit
2026-02-27,BUY,1,57391.475999999995,57391.475999999995,1234,0.0,0.0,buy_signal,buy
2026-03-02,SELL,2,55968.804000000004,111937.60800000001,1231,1730.1089863013733,1378.6373457342493,take_profit,take_profit
2026-03-02,BUY,2,55991.195999999996,111982.39199999999,1235,0.0,0.0,buy_signal,buy
2026-03-03,BUY,4,56011.2,224044.8,1236,0.0,0.0,buy_signal,buy
2026-03-04,BUY,13,50560.11,657281.43,1237,0.0,0.0,buy_signal,buy
2026-03-05,BUY,12,52940.585999999996,635287.0319999999,1238,0.0,0.0,buy_signal,buy
2026-03-06,BUY,13,50170.032,652210.416,1239,0.0,0.0,buy_signal,buy
2026-03-09,BUY,14,45649.128,639087.7919999999,1240,0.0,0.0,buy_signal,buy
2026-03-10,BUY,13,49199.837999999996,639597.894,1241,0.0,0.0,buy_signal,buy
2026-03-11,SELL,14,50399.918,705598.852,1240,66408.52783561649,52917.635405811,take_profit,take_profit
2026-03-11,BUY,12,50420.082,605040.984,1242,0.0,0.0,buy_signal,buy
2026-03-12,BUY,13,49269.852,640508.076,1243,0.0,0.0,buy_signal,buy
2026-03-13,BUY,13,47459.49,616973.37,1244,0.0,0.0,buy_signal,buy
2026-03-16,BUY,13,48019.602,624254.826,1245,0.0,0.0,buy_signal,buy
2026-03-17,BUY,13,48879.774,635437.0619999999,1246,0.0,0.0,buy_signal,buy
2026-03-18,BUY,13,49209.84,639727.9199999999,1247,0.0,0.0,buy_signal,buy
2026-03-19,SELL,13,48170.364,626214.7320000001,1244,9046.836410958986,7208.971594072667,take_profit,take_profit
2026-03-19,SELL,13,48170.364,626214.7320000001,1245,1813.3885205480206,1444.9986425986901,take_profit,take_profit
2026-03-19,BUY,13,48189.636,626465.2679999999,1248,0.0,0.0,buy_signal,buy
2026-03-23,BUY,14,43768.752,612762.528,1249,0.0,0.0,buy_signal,buy
2026-03-24,SELL,3,45960.806000000004,137882.418,1230,-31603.646054794495,-31603.646054794495,forced_liquidation,forced_liquidation
2026-03-24,SELL,2,45960.806000000004,91921.61200000001,1232,-19431.77852054794,-19431.77852054794,forced_liquidation,forced_liquidation
2026-03-24,SELL,1,45960.806000000004,45960.806000000004,1234,-11492.174109589032,-11492.174109589032,forced_liquidation,forced_liquidation
2026-03-24,SELL,2,45960.806000000004,91921.61200000001,1235,-20174.858904109573,-20174.858904109573,forced_liquidation,forced_liquidation
2026-03-24,SELL,4,45960.806000000004,183843.22400000002,1236,-40412.37227397258,-40412.37227397258,forced_liquidation,forced_liquidation
2026-03-24,SELL,13,45960.806000000004,597490.478,1237,-60422.995616438406,-60422.995616438406,forced_liquidation,forced_liquidation
2026-03-24,SELL,12,45960.806000000004,551529.672,1238,-84295.41106849302,-84295.41106849302,forced_liquidation,forced_liquidation
2026-03-24,SELL,13,45960.806000000004,597490.478,1239,-55251.80682191777,-55251.80682191777,forced_liquidation,forced_liquidation
2026-03-24,SELL,13,45960.806000000004,597490.478,1241,-42541.25413698627,-42541.25413698627,forced_liquidation,forced_liquidation
2026-03-24,SELL,12,45960.806000000004,551529.672,1242,-53866.661917808255,-53866.661917808255,forced_liquidation,forced_liquidation
2026-03-24,SELL,13,45960.806000000004,597490.478,1243,-43352.43810958904,-43352.43810958904,forced_liquidation,forced_liquidation
2026-03-24,SELL,13,45960.806000000004,597490.478,1246,-38136.183123287585,-38136.183123287585,forced_liquidation,forced_liquidation
2026-03-24,SELL,13,45960.806000000004,597490.478,1247,-42379.14271232869,-42379.14271232869,forced_liquidation,forced_liquidation
2026-03-24,SELL,13,45960.806000000004,597490.478,1248,-29065.78002739718,-29065.78002739718,forced_liquidation,forced_liquidation
2026-03-24,SELL,14,45960.806000000004,643451.2840000001,1249,30641.52268493156,24416.697351487714,forced_liquidation,forced_liquidation
2026-03-25,BUY,13,47459.49,616973.37,1250,0.0,0.0,buy_signal,buy
2026-03-26,BUY,13,48119.621999999996,625555.0859999999,1251,0.0,0.0,buy_signal,buy
2026-03-27,BUY,14,46709.34,653930.76,1252,0.0,0.0,buy_signal,buy
2026-03-30,BUY,15,43008.6,645129.0,1253,0.0,0.0,buy_signal,buy
2026-03-31,SELL,15,43391.32,650869.8,1253,5689.019178082239,4533.294932054832,take_profit,take_profit
2026-03-31,BUY,15,43408.68,651130.2,1254,0.0,0.0,buy_signal,buy
2026-04-01,BUY,13,46759.35,607871.5499999999,1255,0.0,0.0,buy_signal,buy
2026-04-02,SELL,15,49020.194,735302.91,1254,84066.59383561651,66988.46529791103,take_profit,take_profit
2026-04-02,BUY,13,49039.806,637517.478,1256,0.0,0.0,buy_signal,buy
2026-04-03,BUY,6,47349.468,284096.808,1257,0.0,0.0,buy_signal,buy
2026-04-06,BUY,6,47229.443999999996,283376.664,1258,0.0,0.0,buy_signal,buy
2026-04-07,BUY,6,48069.612,288417.672,1259,0.0,0.0,buy_signal,buy
2026-04-08,BUY,5,52190.436,260952.18,1260,0.0,0.0,buy_signal,buy
2026-04-09,SELL,13,52859.426,687172.538,1250,69679.52558904105,55524.12996562736,take_profit,take_profit
2026-04-09,SELL,13,52859.426,687172.538,1251,61145.508547945254,48723.798486430176,take_profit,take_profit
2026-04-09,SELL,14,52859.426,740031.964,1252,85643.86350684935,68245.3126354329,take_profit,take_profit
2026-04-09,SELL,13,52859.426,687172.538,1255,79012.03183561645,62960.73756821097,take_profit,take_profit
2026-04-09,SELL,13,52859.426,687172.538,1256,49414.301424657475,39375.78609023831,take_profit,take_profit
2026-04-09,SELL,6,52859.426,317156.556,1257,32969.80126027393,26271.986134249284,take_profit,take_profit
2026-04-09,SELL,6,52859.426,317156.556,1258,33711.62416438355,26863.107715389033,take_profit,take_profit
2026-04-09,SELL,6,52859.426,317156.556,1259,28692.557424657494,22863.664383838324,take_profit,take_profit
2026-04-15,SELL,5,56988.6,284943.0,1260,23888.21726027398,19035.325923849323,take_profit,take_profit
2026-04-24,BUY,8,58511.7,468093.6,1261,0.0,0.0,buy_signal,buy
2026-04-28,SELL,8,60367.924,482943.392,1261,14776.252493150701,11774.456799167136,take_profit,take_profit
2026-05-01,BUY,9,58951.788,530566.092,1262,0.0,0.0,buy_signal,buy
2026-05-08,SELL,9,64547.088,580923.792,1262,50272.02690410966,40059.26463853978,take_profit,take_profit
2026-05-15,BUY,7,65363.07,457541.49,1263,0.0,0.0,buy_signal,buy
2026-05-18,BUY,10,62692.536,626925.36,1264,0.0,0.0,buy_signal,buy
2026-05-19,BUY,10,61902.378,619023.78,1265,0.0,0.0,buy_signal,buy
2026-05-20,BUY,10,60232.044,602320.4400000001,1266,0.0,0.0,buy_signal,buy
2026-05-21,BUY,10,61832.364,618323.64,1267,0.0,0.0,buy_signal,buy
2026-05-22,SELL,10,63967.204,639672.04,1266,37258.31780821915,29689.29054547943,take_profit,take_profit
2026-05-22,BUY,10,63992.796,639927.96,1268,0.0,0.0,buy_signal,buy
2026-05-25,SELL,10,66866.624,668666.24,1264,41503.85424657535,33072.346256383564,take_profit,take_profit
2026-05-25,SELL,10,66866.624,668666.24,1265,49452.20575342462,39405.990154616404,take_profit,take_profit
2026-05-25,SELL,10,66866.624,668666.24,1267,50244.086027397236,40036.99995093149,take_profit,take_profit
2026-05-26,SELL,7,70095.978,490671.846,1263,32893.421534246605,26211.122949564407,take_profit,take_profit
2026-05-26,SELL,10,70095.978,700959.78,1268,60927.57561643842,48550.13862995896,take_profit,take_profit
