date,target_open,target_close,benchmark_close,buy_amount,buy_shares,sell_value,realized_pnl_before_tax,realized_pnl_after_tax,tax,interest,gross_exposure,cash,equity,unrealized_pnl,margin_ratio,maintenance_ratio,selected_params_id,events
2014-01-06,5770.0,5625.0,15908.8798828125,0.0,0,0.0,0.0,0.0,0.0,0.0,0.0,5000000.0,5000000.0,0.0,inf,inf,-1,
2014-01-07,5560.0,5555.0,15814.3701171875,0.0,0,0.0,0.0,0.0,0.0,0.0,0.0,5000000.0,5000000.0,0.0,inf,inf,-1,
2014-01-08,5635.0,5755.0,16121.4501953125,0.0,0,0.0,0.0,0.0,0.0,0.0,0.0,5000000.0,5000000.0,0.0,inf,inf,-1,
2014-01-09,5670.0,5590.0,15880.330078125,0.0,0,0.0,0.0,0.0,0.0,0.0,0.0,5000000.0,5000000.0,0.0,inf,inf,-1,
2014-01-10,5570.0,5620.0,15912.0595703125,0.0,0,0.0,0.0,0.0,0.0,0.0,0.0,5000000.0,5000000.0,0.0,inf,inf,-1,
2014-01-14,5350.0,5265.0,15422.400390625,0.0,0,0.0,0.0,0.0,0.0,0.0,0.0,5000000.0,5000000.0,0.0,inf,inf,-1,
2014-01-15,5415.0,5510.0,15808.73046875,0.0,0,0.0,0.0,0.0,0.0,0.0,0.0,5000000.0,5000000.0,0.0,inf,inf,-1,
2014-01-16,5540.0,5490.0,15747.2001953125,0.0,0,0.0,0.0,0.0,0.0,0.0,0.0,5000000.0,5000000.0,0.0,inf,inf,-1,
2014-01-17,5440.0,5475.0,15734.4599609375,0.0,0,0.0,0.0,0.0,0.0,0.0,0.0,5000000.0,5000000.0,0.0,inf,inf,-1,
2014-01-20,5465.0,5415.0,15641.6796875,0.0,0,0.0,0.0,0.0,0.0,0.0,0.0,5000000.0,5000000.0,0.0,inf,inf,-1,
2014-01-21,5460.0,5520.0,15795.9599609375,0.0,0,0.0,0.0,0.0,0.0,0.0,0.0,5000000.0,5000000.0,0.0,inf,inf,-1,
2014-01-22,5475.0,5550.0,15820.9599609375,0.0,0,0.0,0.0,0.0,0.0,0.0,0.0,5000000.0,5000000.0,0.0,inf,inf,-1,
2014-01-23,5600.0,5455.0,15695.8896484375,0.0,0,0.0,0.0,0.0,0.0,0.0,0.0,5000000.0,5000000.0,0.0,inf,inf,-1,
2014-01-24,5255.0,5240.0,15391.5595703125,0.0,0,0.0,0.0,0.0,0.0,0.0,0.0,5000000.0,5000000.0,0.0,inf,inf,-1,
2014-01-27,4970.0,4990.0,15005.73046875,0.0,0,0.0,0.0,0.0,0.0,0.0,0.0,5000000.0,5000000.0,0.0,inf,inf,-1,
2014-01-28,4995.0,4955.0,14980.16015625,0.0,0,0.0,0.0,0.0,0.0,0.0,0.0,5000000.0,5000000.0,0.0,inf,inf,-1,
2014-01-29,5100.0,5220.0,15383.91015625,0.0,0,0.0,0.0,0.0,0.0,0.0,0.0,5000000.0,5000000.0,0.0,inf,inf,-1,
2014-01-30,4955.0,4955.0,15007.0595703125,0.0,0,0.0,0.0,0.0,0.0,0.0,0.0,5000000.0,5000000.0,0.0,inf,inf,-1,
2014-01-31,5050.0,4890.0,14914.5302734375,0.0,0,0.0,0.0,0.0,0.0,0.0,0.0,5000000.0,5000000.0,0.0,inf,inf,-1,
2014-02-03,4815.0,4715.0,14619.1298828125,0.0,0,0.0,0.0,0.0,0.0,0.0,0.0,5000000.0,5000000.0,0.0,inf,inf,-1,
2014-02-04,4425.0,4335.0,14008.4697265625,0.0,0,0.0,0.0,0.0,0.0,0.0,0.0,5000000.0,5000000.0,0.0,inf,inf,-1,
2014-02-05,4460.0,4415.0,14180.3798828125,0.0,0,0.0,0.0,0.0,0.0,0.0,0.0,5000000.0,5000000.0,0.0,inf,inf,-1,
2014-02-06,4450.0,4405.0,14155.1201171875,0.0,0,0.0,0.0,0.0,0.0,0.0,0.0,5000000.0,5000000.0,0.0,inf,inf,-1,
2014-02-07,4545.0,4585.0,14462.41015625,0.0,0,0.0,0.0,0.0,0.0,0.0,0.0,5000000.0,5000000.0,0.0,inf,inf,-1,
2014-02-10,4705.0,4750.0,14718.33984375,0.0,0,0.0,0.0,0.0,0.0,0.0,0.0,5000000.0,5000000.0,0.0,inf,inf,-1,
2014-02-12,4825.0,4790.0,14800.0595703125,0.0,0,0.0,0.0,0.0,0.0,0.0,0.0,5000000.0,5000000.0,0.0,inf,inf,-1,
2014-02-13,4785.0,4635.0,14534.740234375,0.0,0,0.0,0.0,0.0,0.0,0.0,0.0,5000000.0,5000000.0,0.0,inf,inf,-1,
2014-02-14,4635.0,4490.0,14313.0302734375,0.0,0,0.0,0.0,0.0,0.0,0.0,0.0,5000000.0,5000000.0,0.0,inf,inf,-1,
2014-02-17,4500.0,4545.0,14393.1103515625,0.0,0,0.0,0.0,0.0,0.0,0.0,0.0,5000000.0,5000000.0,0.0,inf,inf,-1,
2014-02-18,4610.0,4825.0,14843.240234375,0.0,0,0.0,0.0,0.0,0.0,0.0,0.0,5000000.0,5000000.0,0.0,inf,inf,-1,
2014-02-19,4750.0,4780.0,14766.5302734375,0.0,0,0.0,0.0,0.0,0.0,0.0,0.0,5000000.0,5000000.0,0.0,inf,inf,-1,
2014-02-20,4725.0,4565.0,14449.1796875,0.0,0,0.0,0.0,0.0,0.0,0.0,0.0,5000000.0,5000000.0,0.0,inf,inf,-1,
2014-02-21,4700.0,4835.0,14865.669921875,0.0,0,0.0,0.0,0.0,0.0,0.0,0.0,5000000.0,5000000.0,0.0,inf,inf,-1,
2014-02-24,4790.0,4815.0,14837.6796875,0.0,0,0.0,0.0,0.0,0.0,0.0,0.0,5000000.0,5000000.0,0.0,inf,inf,-1,
2014-02-25,4920.0,4950.0,15051.599609375,0.0,0,0.0,0.0,0.0,0.0,0.0,0.0,5000000.0,5000000.0,0.0,inf,inf,-1,
2014-02-26,4865.0,4910.0,14970.9697265625,0.0,0,0.0,0.0,0.0,0.0,0.0,0.0,5000000.0,5000000.0,0.0,inf,inf,-1,
2014-02-27,4885.0,4870.0,14923.1103515625,0.0,0,0.0,0.0,0.0,0.0,0.0,0.0,5000000.0,5000000.0,0.0,inf,inf,-1,
2014-02-28,4870.0,4810.0,14841.0703125,0.0,0,0.0,0.0,0.0,0.0,0.0,0.0,5000000.0,5000000.0,0.0,inf,inf,-1,
2014-03-03,4705.0,4690.0,14652.23046875,0.0,0,0.0,0.0,0.0,0.0,0.0,0.0,5000000.0,5000000.0,0.0,inf,inf,-1,
2014-03-04,4630.0,4735.0,14721.48046875,0.0,0,0.0,0.0,0.0,0.0,0.0,0.0,5000000.0,5000000.0,0.0,inf,inf,-1,
2014-03-05,4900.0,4850.0,14897.6298828125,0.0,0,0.0,0.0,0.0,0.0,0.0,0.0,5000000.0,5000000.0,0.0,inf,inf,-1,
2014-03-06,4870.0,5015.0,15134.75,0.0,0,0.0,0.0,0.0,0.0,0.0,0.0,5000000.0,5000000.0,0.0,inf,inf,-1,
2014-03-07,5090.0,5100.0,15274.0703125,0.0,0,0.0,0.0,0.0,0.0,0.0,0.0,5000000.0,5000000.0,0.0,inf,inf,-1,
2014-03-10,5050.0,4990.0,15120.1396484375,0.0,0,0.0,0.0,0.0,0.0,0.0,0.0,5000000.0,5000000.0,0.0,inf,inf,-1,
2014-03-11,5035.0,5065.0,15224.1103515625,0.0,0,0.0,0.0,0.0,0.0,0.0,0.0,5000000.0,5000000.0,0.0,inf,inf,-1,
2014-03-12,4920.0,4810.0,14830.3896484375,0.0,0,0.0,0.0,0.0,0.0,0.0,0.0,5000000.0,5000000.0,0.0,inf,inf,-1,
2014-03-13,4815.0,4790.0,14815.98046875,0.0,0,0.0,0.0,0.0,0.0,0.0,0.0,5000000.0,5000000.0,0.0,inf,inf,-1,
2014-03-14,4555.0,4460.0,14327.66015625,0.0,0,0.0,0.0,0.0,0.0,0.0,0.0,5000000.0,5000000.0,0.0,inf,inf,-1,
2014-03-17,4450.0,4440.0,14277.669921875,0.0,0,0.0,0.0,0.0,0.0,0.0,0.0,5000000.0,5000000.0,0.0,inf,inf,-1,
2014-03-18,4590.0,4520.0,14411.26953125,0.0,0,0.0,0.0,0.0,0.0,0.0,0.0,5000000.0,5000000.0,0.0,inf,inf,-1,
2014-03-19,4575.0,4555.0,14462.51953125,0.0,0,0.0,0.0,0.0,0.0,0.0,0.0,5000000.0,5000000.0,0.0,inf,inf,-1,
2014-03-20,4605.0,4410.0,14224.23046875,0.0,0,0.0,0.0,0.0,0.0,0.0,0.0,5000000.0,5000000.0,0.0,inf,inf,-1,
2014-03-24,4435.0,4550.0,14475.2998046875,0.0,0,0.0,0.0,0.0,0.0,0.0,0.0,5000000.0,5000000.0,0.0,inf,inf,-1,
2014-03-25,4495.0,4520.0,14423.1904296875,0.0,0,0.0,0.0,0.0,0.0,0.0,0.0,5000000.0,5000000.0,0.0,inf,inf,-1,
2014-03-26,4570.0,4540.0,14477.16015625,0.0,0,0.0,0.0,0.0,0.0,0.0,0.0,5000000.0,5000000.0,0.0,inf,inf,-1,
2014-03-27,4490.0,4710.0,14622.8896484375,0.0,0,0.0,0.0,0.0,0.0,0.0,0.0,5000000.0,5000000.0,0.0,inf,inf,-1,
2014-03-28,4665.0,4755.0,14696.0302734375,0.0,0,0.0,0.0,0.0,0.0,0.0,0.0,5000000.0,5000000.0,0.0,inf,inf,-1,
2014-03-31,4830.0,4815.0,14827.830078125,0.0,0,0.0,0.0,0.0,0.0,0.0,0.0,5000000.0,5000000.0,0.0,inf,inf,-1,
2014-04-01,4855.0,4820.0,14791.990234375,0.0,0,0.0,0.0,0.0,0.0,0.0,0.0,5000000.0,5000000.0,0.0,inf,inf,-1,
2014-04-02,4885.0,4925.0,14946.3203125,0.0,0,0.0,0.0,0.0,0.0,0.0,0.0,5000000.0,5000000.0,0.0,inf,inf,-1,
2014-04-03,4960.0,5000.0,15071.8798828125,0.0,0,0.0,0.0,0.0,0.0,0.0,0.0,5000000.0,5000000.0,0.0,inf,inf,-1,
2014-04-04,4960.0,5000.0,15063.76953125,0.0,0,0.0,0.0,0.0,0.0,0.0,0.0,5000000.0,5000000.0,0.0,inf,inf,-1,
2014-04-07,4865.0,4830.0,14808.849609375,0.0,0,0.0,0.0,0.0,0.0,0.0,0.0,5000000.0,5000000.0,0.0,inf,inf,-1,
2014-04-08,4775.0,4705.0,14606.8798828125,0.0,0,0.0,0.0,0.0,0.0,0.0,0.0,5000000.0,5000000.0,0.0,inf,inf,-1,
2014-04-09,4605.0,4505.0,14299.6904296875,0.0,0,0.0,0.0,0.0,0.0,0.0,0.0,5000000.0,5000000.0,0.0,inf,inf,-1,
2014-04-10,4625.0,4500.0,14300.1201171875,0.0,0,0.0,0.0,0.0,0.0,0.0,0.0,5000000.0,5000000.0,0.0,inf,inf,-1,
2014-04-11,4280.0,4285.0,13960.0498046875,0.0,0,0.0,0.0,0.0,0.0,0.0,0.0,5000000.0,5000000.0,0.0,inf,inf,-1,
2014-04-14,4240.0,4270.0,13910.16015625,0.0,0,0.0,0.0,0.0,0.0,0.0,0.0,5000000.0,5000000.0,0.0,inf,inf,-1,
2014-04-15,4345.0,4305.0,13996.8095703125,0.0,0,0.0,0.0,0.0,0.0,0.0,0.0,5000000.0,5000000.0,0.0,inf,inf,-1,
2014-04-16,4405.0,4560.0,14417.6796875,0.0,0,0.0,0.0,0.0,0.0,0.0,0.0,5000000.0,5000000.0,0.0,inf,inf,-1,
2014-04-17,4545.0,4570.0,14417.5302734375,0.0,0,0.0,0.0,0.0,0.0,0.0,0.0,5000000.0,5000000.0,0.0,inf,inf,-1,
2014-04-18,4615.0,4625.0,14516.26953125,0.0,0,0.0,0.0,0.0,0.0,0.0,0.0,5000000.0,5000000.0,0.0,inf,inf,-1,
2014-04-21,4645.0,4625.0,14512.3798828125,0.0,0,0.0,0.0,0.0,0.0,0.0,0.0,5000000.0,5000000.0,0.0,inf,inf,-1,
2014-04-22,4660.0,4540.0,14388.76953125,0.0,0,0.0,0.0,0.0,0.0,0.0,0.0,5000000.0,5000000.0,0.0,inf,inf,-1,
2014-04-23,4610.0,4645.0,14546.26953125,0.0,0,0.0,0.0,0.0,0.0,0.0,0.0,5000000.0,5000000.0,0.0,inf,inf,-1,
2014-04-24,4650.0,4565.0,14404.990234375,0.0,0,0.0,0.0,0.0,0.0,0.0,0.0,5000000.0,5000000.0,0.0,inf,inf,-1,
2014-04-25,4535.0,4580.0,14429.259765625,0.0,0,0.0,0.0,0.0,0.0,0.0,0.0,5000000.0,5000000.0,0.0,inf,inf,-1,
2014-04-28,4495.0,4485.0,14288.23046875,0.0,0,0.0,0.0,0.0,0.0,0.0,0.0,5000000.0,5000000.0,0.0,inf,inf,-1,
2014-04-30,4560.0,4480.0,14304.1103515625,0.0,0,0.0,0.0,0.0,0.0,0.0,0.0,5000000.0,5000000.0,0.0,inf,inf,-1,
2014-05-01,4515.0,4595.0,14485.1298828125,0.0,0,0.0,0.0,0.0,0.0,0.0,0.0,5000000.0,5000000.0,0.0,inf,inf,-1,
2014-05-02,4575.0,4580.0,14457.509765625,0.0,0,0.0,0.0,0.0,0.0,0.0,0.0,5000000.0,5000000.0,0.0,inf,inf,-1,
2014-05-07,4465.0,4330.0,14033.4501953125,0.0,0,0.0,0.0,0.0,0.0,0.0,0.0,5000000.0,5000000.0,0.0,inf,inf,-1,
2014-05-08,4380.0,4390.0,14163.7802734375,0.0,0,0.0,0.0,0.0,0.0,0.0,0.0,5000000.0,5000000.0,0.0,inf,inf,-1,
2014-05-09,4350.0,4415.0,14199.58984375,0.0,0,0.0,0.0,0.0,0.0,0.0,0.0,5000000.0,5000000.0,0.0,inf,inf,-1,
2014-05-12,4405.0,4390.0,14149.51953125,0.0,0,0.0,0.0,0.0,0.0,0.0,0.0,5000000.0,5000000.0,0.0,inf,inf,-1,
2014-05-13,4530.0,4545.0,14425.4404296875,0.0,0,0.0,0.0,0.0,0.0,0.0,0.0,5000000.0,5000000.0,0.0,inf,inf,-1,
2014-05-14,4535.0,4545.0,14405.759765625,0.0,0,0.0,0.0,0.0,0.0,0.0,0.0,5000000.0,5000000.0,0.0,inf,inf,-1,
2014-05-15,4450.0,4470.0,14298.2099609375,0.0,0,0.0,0.0,0.0,0.0,0.0,0.0,5000000.0,5000000.0,0.0,inf,inf,-1,
2014-05-16,4340.0,4355.0,14096.58984375,0.0,0,0.0,0.0,0.0,0.0,0.0,0.0,5000000.0,5000000.0,0.0,inf,inf,-1,
2014-05-19,4380.0,4300.0,14006.4404296875,0.0,0,0.0,0.0,0.0,0.0,0.0,0.0,5000000.0,5000000.0,0.0,inf,inf,-1,
2014-05-20,4340.0,4335.0,14075.25,0.0,0,0.0,0.0,0.0,0.0,0.0,0.0,5000000.0,5000000.0,0.0,inf,inf,-1,
2014-05-21,4270.0,4320.0,14042.169921875,0.0,0,0.0,0.0,0.0,0.0,0.0,0.0,5000000.0,5000000.0,0.0,inf,inf,-1,
2014-05-22,4400.0,4495.0,14337.7900390625,0.0,0,0.0,0.0,0.0,0.0,0.0,0.0,5000000.0,5000000.0,0.0,inf,inf,-1,
2014-05-23,4525.0,4575.0,14462.169921875,0.0,0,0.0,0.0,0.0,0.0,0.0,0.0,5000000.0,5000000.0,0.0,inf,inf,-1,
2014-05-26,4645.0,4655.0,14602.51953125,0.0,0,0.0,0.0,0.0,0.0,0.0,0.0,5000000.0,5000000.0,0.0,inf,inf,-1,
2014-05-27,4655.0,4680.0,14636.51953125,0.0,0,0.0,0.0,0.0,0.0,0.0,0.0,5000000.0,5000000.0,0.0,inf,inf,-1,
2014-05-28,4680.0,4700.0,14670.9501953125,0.0,0,0.0,0.0,0.0,0.0,0.0,0.0,5000000.0,5000000.0,0.0,inf,inf,-1,
2014-05-29,4650.0,4710.0,14681.7197265625,0.0,0,0.0,0.0,0.0,0.0,0.0,0.0,5000000.0,5000000.0,0.0,inf,inf,-1,
2014-05-30,4730.0,4680.0,14632.3798828125,0.0,0,0.0,0.0,0.0,0.0,0.0,0.0,5000000.0,5000000.0,0.0,inf,inf,-1,
2014-06-02,4785.0,4880.0,14935.919921875,0.0,0,0.0,0.0,0.0,0.0,0.0,0.0,5000000.0,5000000.0,0.0,inf,inf,-1,
2014-06-03,4965.0,4945.0,15034.25,0.0,0,0.0,0.0,0.0,0.0,0.0,0.0,5000000.0,5000000.0,0.0,inf,inf,-1,
2014-06-04,4960.0,4955.0,15067.9599609375,0.0,0,0.0,0.0,0.0,0.0,0.0,0.0,5000000.0,5000000.0,0.0,inf,inf,-1,
2014-06-05,4990.0,4975.0,15079.3701171875,0.0,0,0.0,0.0,0.0,0.0,0.0,0.0,5000000.0,5000000.0,0.0,inf,inf,-1,
2014-06-06,4995.0,4965.0,15077.240234375,0.0,0,0.0,0.0,0.0,0.0,0.0,0.0,5000000.0,5000000.0,0.0,inf,inf,-1,
2014-06-09,5045.0,4990.0,15124.0,0.0,0,0.0,0.0,0.0,0.0,0.0,0.0,5000000.0,5000000.0,0.0,inf,inf,-1,
2014-06-10,5000.0,4900.0,14994.7998046875,0.0,0,0.0,0.0,0.0,0.0,0.0,0.0,5000000.0,5000000.0,0.0,inf,inf,-1,
2014-06-11,4900.0,4950.0,15069.48046875,0.0,0,0.0,0.0,0.0,0.0,0.0,0.0,5000000.0,5000000.0,0.0,inf,inf,-1,
2014-06-12,4880.0,4885.0,14973.5302734375,0.0,0,0.0,0.0,0.0,0.0,0.0,0.0,5000000.0,5000000.0,0.0,inf,inf,-1,
2014-06-13,4810.0,4980.0,15097.83984375,0.0,0,0.0,0.0,0.0,0.0,0.0,0.0,5000000.0,5000000.0,0.0,inf,inf,-1,
2014-06-16,4945.0,4865.0,14933.2900390625,0.0,0,0.0,0.0,0.0,0.0,0.0,0.0,5000000.0,5000000.0,0.0,inf,inf,-1,
2014-06-17,4890.0,4885.0,14975.9697265625,0.0,0,0.0,0.0,0.0,0.0,0.0,0.0,5000000.0,5000000.0,0.0,inf,inf,-1,
2014-06-18,4920.0,4995.0,15115.7998046875,0.0,0,0.0,0.0,0.0,0.0,0.0,0.0,5000000.0,5000000.0,0.0,inf,inf,-1,
2014-06-19,5000.0,5145.0,15361.16015625,0.0,0,0.0,0.0,0.0,0.0,0.0,0.0,5000000.0,5000000.0,0.0,inf,inf,-1,
2014-06-20,5140.0,5130.0,15349.419921875,0.0,0,0.0,0.0,0.0,0.0,0.0,0.0,5000000.0,5000000.0,0.0,inf,inf,-1,
2014-06-23,5180.0,5150.0,15369.2802734375,0.0,0,0.0,0.0,0.0,0.0,0.0,0.0,5000000.0,5000000.0,0.0,inf,inf,-1,
2014-06-24,5105.0,5165.0,15376.240234375,0.0,0,0.0,0.0,0.0,0.0,0.0,0.0,5000000.0,5000000.0,0.0,inf,inf,-1,
2014-06-25,5105.0,5085.0,15266.6103515625,0.0,0,0.0,0.0,0.0,0.0,0.0,0.0,5000000.0,5000000.0,0.0,inf,inf,-1,
2014-06-26,5120.0,5120.0,15308.490234375,0.0,0,0.0,0.0,0.0,0.0,0.0,0.0,5000000.0,5000000.0,0.0,inf,inf,-1,
2014-06-27,5100.0,4965.0,15095.0,0.0,0,0.0,0.0,0.0,0.0,0.0,0.0,5000000.0,5000000.0,0.0,inf,inf,-1,
2014-06-30,5010.0,5015.0,15162.099609375,0.0,0,0.0,0.0,0.0,0.0,0.0,0.0,5000000.0,5000000.0,0.0,inf,inf,-1,
2014-07-01,5020.0,5125.0,15326.2001953125,0.0,0,0.0,0.0,0.0,0.0,0.0,0.0,5000000.0,5000000.0,0.0,inf,inf,-1,
2014-07-02,5175.0,5155.0,15369.9697265625,0.0,0,0.0,0.0,0.0,0.0,0.0,0.0,5000000.0,5000000.0,0.0,inf,inf,-1,
2014-07-03,5180.0,5135.0,15348.2900390625,0.0,0,0.0,0.0,0.0,0.0,0.0,0.0,5000000.0,5000000.0,0.0,inf,inf,-1,
2014-07-04,5230.0,5200.0,15437.1298828125,0.0,0,0.0,0.0,0.0,0.0,0.0,0.0,5000000.0,5000000.0,0.0,inf,inf,-1,
2014-07-07,5195.0,5170.0,15379.4404296875,0.0,0,0.0,0.0,0.0,0.0,0.0,0.0,5000000.0,5000000.0,0.0,inf,inf,-1,
2014-07-08,5110.0,5120.0,15314.41015625,0.0,0,0.0,0.0,0.0,0.0,0.0,0.0,5000000.0,5000000.0,0.0,inf,inf,-1,
2014-07-09,5035.0,5115.0,15302.650390625,0.0,0,0.0,0.0,0.0,0.0,0.0,0.0,5000000.0,5000000.0,0.0,inf,inf,-1,
2014-07-10,5115.0,5055.0,15216.4697265625,0.0,0,0.0,0.0,0.0,0.0,0.0,0.0,5000000.0,5000000.0,0.0,inf,inf,-1,
2014-07-11,4990.0,5025.0,15164.0400390625,0.0,0,0.0,0.0,0.0,0.0,0.0,0.0,5000000.0,5000000.0,0.0,inf,inf,-1,
2014-07-14,5045.0,5110.0,15296.8203125,0.0,0,0.0,0.0,0.0,0.0,0.0,0.0,5000000.0,5000000.0,0.0,inf,inf,-1,
2014-07-15,5140.0,5170.0,15395.16015625,0.0,0,0.0,0.0,0.0,0.0,0.0,0.0,5000000.0,5000000.0,0.0,inf,inf,-1,
2014-07-16,5145.0,5155.0,15379.2998046875,0.0,0,0.0,0.0,0.0,0.0,0.0,0.0,5000000.0,5000000.0,0.0,inf,inf,-1,
2014-07-17,5185.0,5155.0,15370.259765625,0.0,0,0.0,0.0,0.0,0.0,0.0,0.0,5000000.0,5000000.0,0.0,inf,inf,-1,
2014-07-18,5030.0,5055.0,15215.7099609375,0.0,0,0.0,0.0,0.0,0.0,0.0,0.0,5000000.0,5000000.0,0.0,inf,inf,-1,
2014-07-22,5095.0,5125.0,15343.2802734375,0.0,0,0.0,0.0,0.0,0.0,0.0,0.0,5000000.0,5000000.0,0.0,inf,inf,-1,
2014-07-23,5145.0,5115.0,15328.5595703125,0.0,0,0.0,0.0,0.0,0.0,0.0,0.0,5000000.0,5000000.0,0.0,inf,inf,-1,
2014-07-24,5130.0,5090.0,15284.419921875,0.0,0,0.0,0.0,0.0,0.0,0.0,0.0,5000000.0,5000000.0,0.0,inf,inf,-1,
2014-07-25,5140.0,5205.0,15457.8701171875,0.0,0,0.0,0.0,0.0,0.0,0.0,0.0,5000000.0,5000000.0,0.0,inf,inf,-1,
2014-07-28,5190.0,5260.0,15529.400390625,0.0,0,0.0,0.0,0.0,0.0,0.0,0.0,5000000.0,5000000.0,0.0,inf,inf,-1,
2014-07-29,5285.0,5315.0,15618.0703125,0.0,0,0.0,0.0,0.0,0.0,0.0,0.0,5000000.0,5000000.0,0.0,inf,inf,-1,
2014-07-30,5335.0,5335.0,15646.23046875,0.0,0,0.0,0.0,0.0,0.0,0.0,0.0,5000000.0,5000000.0,0.0,inf,inf,-1,
2014-07-31,5400.0,5320.0,15620.76953125,0.0,0,0.0,0.0,0.0,0.0,0.0,0.0,5000000.0,5000000.0,0.0,inf,inf,-1,
2014-08-01,5250.0,5265.0,15523.1103515625,0.0,0,0.0,0.0,0.0,0.0,0.0,0.0,5000000.0,5000000.0,0.0,inf,inf,-1,
2014-08-04,5240.0,5230.0,15474.5,0.0,0,0.0,0.0,0.0,0.0,0.0,0.0,5000000.0,5000000.0,0.0,inf,inf,-1,
2014-08-05,5245.0,5115.0,15320.3095703125,0.0,0,0.0,0.0,0.0,0.0,0.0,0.0,5000000.0,5000000.0,0.0,inf,inf,-1,
2014-08-06,5080.0,5025.0,15159.7900390625,0.0,0,0.0,0.0,0.0,0.0,0.0,0.0,5000000.0,5000000.0,0.0,inf,inf,-1,
2014-08-07,5005.0,5050.0,15232.3701171875,0.0,0,0.0,0.0,0.0,0.0,0.0,0.0,5000000.0,5000000.0,0.0,inf,inf,-1,
2014-08-08,4930.0,4760.0,14778.3701171875,0.0,0,0.0,0.0,0.0,0.0,0.0,0.0,5000000.0,5000000.0,0.0,inf,inf,-1,
2014-08-11,4925.0,4980.0,15130.51953125,0.0,0,0.0,0.0,0.0,0.0,0.0,0.0,5000000.0,5000000.0,0.0,inf,inf,-1,
2014-08-12,4990.0,5000.0,15161.3095703125,0.0,0,0.0,0.0,0.0,0.0,0.0,0.0,5000000.0,5000000.0,0.0,inf,inf,-1,
2014-08-13,4980.0,5035.0,15213.6298828125,0.0,0,0.0,0.0,0.0,0.0,0.0,0.0,5000000.0,5000000.0,0.0,inf,inf,-1,
2014-08-14,5075.0,5090.0,15314.5703125,0.0,0,0.0,0.0,0.0,0.0,0.0,0.0,5000000.0,5000000.0,0.0,inf,inf,-1,
2014-08-15,5100.0,5100.0,15318.33984375,0.0,0,0.0,0.0,0.0,0.0,0.0,0.0,5000000.0,5000000.0,0.0,inf,inf,-1,
2014-08-18,5115.0,5100.0,15322.599609375,0.0,0,0.0,0.0,0.0,0.0,0.0,0.0,5000000.0,5000000.0,0.0,inf,inf,-1,
2014-08-19,5185.0,5190.0,15449.7900390625,0.0,0,0.0,0.0,0.0,0.0,0.0,0.0,5000000.0,5000000.0,0.0,inf,inf,-1,
2014-08-20,5210.0,5190.0,15454.4501953125,0.0,0,0.0,0.0,0.0,0.0,0.0,0.0,5000000.0,5000000.0,0.0,inf,inf,-1,
2014-08-21,5230.0,5280.0,15586.2001953125,0.0,0,0.0,0.0,0.0,0.0,0.0,0.0,5000000.0,5000000.0,0.0,inf,inf,-1,
2014-08-22,5295.0,5250.0,15539.1904296875,0.0,0,0.0,0.0,0.0,0.0,0.0,0.0,5000000.0,5000000.0,0.0,inf,inf,-1,
2014-08-25,5285.0,5300.0,15613.25,0.0,0,0.0,0.0,0.0,0.0,0.0,0.0,5000000.0,5000000.0,0.0,inf,inf,-1,
2014-08-26,5285.0,5235.0,15521.2197265625,0.0,0,0.0,0.0,0.0,0.0,0.0,0.0,5000000.0,5000000.0,0.0,inf,inf,-1,
2014-08-27,5250.0,5250.0,15534.8203125,0.0,0,0.0,0.0,0.0,0.0,0.0,0.0,5000000.0,5000000.0,0.0,inf,inf,-1,
2014-08-28,5215.0,5190.0,15459.8603515625,0.0,0,0.0,0.0,0.0,0.0,0.0,0.0,5000000.0,5000000.0,0.0,inf,inf,-1,
2014-08-29,5170.0,5175.0,15424.58984375,0.0,0,0.0,0.0,0.0,0.0,0.0,0.0,5000000.0,5000000.0,0.0,inf,inf,-1,
2014-09-01,5200.0,5205.0,15476.599609375,0.0,0,0.0,0.0,0.0,0.0,0.0,0.0,5000000.0,5000000.0,0.0,inf,inf,-1,
2014-09-02,5235.0,5340.0,15668.599609375,0.0,0,0.0,0.0,0.0,0.0,0.0,0.0,5000000.0,5000000.0,0.0,inf,inf,-1,
2014-09-03,5415.0,5375.0,15728.349609375,0.0,0,0.0,0.0,0.0,0.0,0.0,0.0,5000000.0,5000000.0,0.0,inf,inf,-1,
2014-09-04,5360.0,5345.0,15676.1796875,0.0,0,0.0,0.0,0.0,0.0,0.0,0.0,5000000.0,5000000.0,0.0,inf,inf,-1,
2014-09-05,5420.0,5345.0,15668.6796875,0.0,0,0.0,0.0,0.0,0.0,0.0,0.0,5000000.0,5000000.0,0.0,inf,inf,-1,
2014-09-08,5375.0,5360.0,15705.1103515625,0.0,0,0.0,0.0,0.0,0.0,0.0,0.0,5000000.0,5000000.0,0.0,inf,inf,-1,
2014-09-09,5420.0,5390.0,15749.150390625,0.0,0,0.0,0.0,0.0,0.0,0.0,0.0,5000000.0,5000000.0,0.0,inf,inf,-1,
2014-09-10,5325.0,5415.0,15788.7802734375,0.0,0,0.0,0.0,0.0,0.0,0.0,0.0,5000000.0,5000000.0,0.0,inf,inf,-1,
2014-09-11,5480.0,5490.0,15909.2001953125,0.0,0,0.0,0.0,0.0,0.0,0.0,0.0,5000000.0,5000000.0,0.0,inf,inf,-1,
2014-09-12,5520.0,5525.0,15948.2900390625,0.0,0,0.0,0.0,0.0,0.0,0.0,0.0,5000000.0,5000000.0,0.0,inf,inf,-1,
2014-09-16,5510.0,5505.0,15911.5302734375,0.0,0,0.0,0.0,0.0,0.0,0.0,0.0,5000000.0,5000000.0,0.0,inf,inf,-1,
2014-09-17,5525.0,5485.0,15888.669921875,0.0,0,0.0,0.0,0.0,0.0,0.0,0.0,5000000.0,5000000.0,0.0,inf,inf,-1,
2014-09-18,5575.0,5605.0,16067.5703125,0.0,0,0.0,0.0,0.0,0.0,0.0,0.0,5000000.0,5000000.0,0.0,inf,inf,-1,
2014-09-19,5680.0,5785.0,16321.169921875,0.0,0,0.0,0.0,0.0,0.0,0.0,0.0,5000000.0,5000000.0,0.0,inf,inf,-1,
2014-09-22,5750.0,5705.0,16205.900390625,0.0,0,0.0,0.0,0.0,0.0,0.0,0.0,5000000.0,5000000.0,0.0,inf,inf,-1,
2014-09-24,5615.0,5680.0,16167.4501953125,0.0,0,0.0,0.0,0.0,0.0,0.0,0.0,5000000.0,5000000.0,0.0,inf,inf,-1,
2014-09-25,5795.0,5805.0,16374.1396484375,0.0,0,0.0,0.0,0.0,0.0,0.0,0.0,5000000.0,5000000.0,0.0,inf,inf,-1,
2014-09-26,5695.0,5780.0,16229.8603515625,0.0,0,0.0,0.0,0.0,0.0,0.0,0.0,5000000.0,5000000.0,0.0,inf,inf,-1,
2014-09-29,5860.0,5835.0,16310.6396484375,0.0,0,0.0,0.0,0.0,0.0,0.0,0.0,5000000.0,5000000.0,0.0,inf,inf,-1,
2014-09-30,5780.0,5735.0,16173.51953125,0.0,0,0.0,0.0,0.0,0.0,0.0,0.0,5000000.0,5000000.0,0.0,inf,inf,-1,
2014-10-01,5735.0,5680.0,16082.25,0.0,0,0.0,0.0,0.0,0.0,0.0,0.0,5000000.0,5000000.0,0.0,inf,inf,-1,
2014-10-02,5560.0,5405.0,15661.990234375,0.0,0,0.0,0.0,0.0,0.0,0.0,0.0,5000000.0,5000000.0,0.0,inf,inf,-1,
2014-10-03,5375.0,5410.0,15708.650390625,0.0,0,0.0,0.0,0.0,0.0,0.0,0.0,5000000.0,5000000.0,0.0,inf,inf,-1,
2014-10-06,5540.0,5545.0,15890.9501953125,0.0,0,0.0,0.0,0.0,0.0,0.0,0.0,5000000.0,5000000.0,0.0,inf,inf,-1,
2014-10-07,5475.0,5460.0,15783.830078125,0.0,0,0.0,0.0,0.0,0.0,0.0,0.0,5000000.0,5000000.0,0.0,inf,inf,-1,
2014-10-08,5310.0,5360.0,15595.98046875,0.0,0,0.0,0.0,0.0,0.0,0.0,0.0,5000000.0,5000000.0,0.0,inf,inf,-1,
2014-10-09,5390.0,5260.0,15478.9296875,0.0,0,0.0,0.0,0.0,0.0,0.0,0.0,5000000.0,5000000.0,0.0,inf,inf,-1,
2014-10-10,5135.0,5140.0,15300.5498046875,0.0,0,0.0,0.0,0.0,0.0,0.0,0.0,5000000.0,5000000.0,0.0,inf,inf,-1,
2014-10-14,4930.0,4905.0,14936.509765625,0.0,0,0.0,0.0,0.0,0.0,0.0,0.0,5000000.0,5000000.0,0.0,inf,inf,-1,
2014-10-15,4940.0,4970.0,15073.51953125,0.0,0,0.0,0.0,0.0,0.0,0.0,0.0,5000000.0,5000000.0,0.0,inf,inf,-1,
2014-10-16,4745.0,4755.0,14738.3798828125,0.0,0,0.0,0.0,0.0,0.0,0.0,0.0,5000000.0,5000000.0,0.0,inf,inf,-1,
2014-10-17,4795.0,4625.0,14532.509765625,0.0,0,0.0,0.0,0.0,0.0,0.0,0.0,5000000.0,5000000.0,0.0,inf,inf,-1,
2014-10-20,4855.0,4980.0,15111.23046875,0.0,0,0.0,0.0,0.0,0.0,0.0,0.0,5000000.0,5000000.0,0.0,inf,inf,-1,
2014-10-21,4975.0,4775.0,14804.2802734375,0.0,0,0.0,0.0,0.0,0.0,0.0,0.0,5000000.0,5000000.0,0.0,inf,inf,-1,
2014-10-22,4975.0,5030.0,15195.76953125,0.0,0,0.0,0.0,0.0,0.0,0.0,0.0,5000000.0,5000000.0,0.0,inf,inf,-1,
2014-10-23,4970.0,5000.0,15138.9599609375,0.0,0,0.0,0.0,0.0,0.0,0.0,0.0,5000000.0,5000000.0,0.0,inf,inf,-1,
2014-10-24,5140.0,5095.0,15291.6396484375,0.0,0,0.0,0.0,0.0,0.0,0.0,0.0,5000000.0,5000000.0,0.0,inf,inf,-1,
2014-10-27,5165.0,5150.0,15388.7197265625,10332.065999999999,2,0.0,0.0,0.0,0.0,0.7901369863013699,10300.0,5000000.0,4999967.143863014,-32.856136986300264,485.4337032876713,485.4336265753425,0,
2014-10-28,5125.0,5115.0,15329.91015625,20504.1,4,0.0,0.0,0.0,0.0,2.3543013698630135,30690.0,5000000.0,4999850.689561644,-149.31043835616182,162.91465264130477,162.91455018322867,0,
2014-10-29,5175.0,5265.0,15553.91015625,10352.07,2,0.0,0.0,0.0,0.0,3.231123287671232,42120.0,5000000.0,5000925.388438356,925.3884383561673,118.7304223275963,118.73027096098558,0,
2014-10-30,5295.0,5350.0,15658.2001953125,5296.059,1,21175.764,668.4789041095897,532.6774147397266,135.80148936986316,2.052054794520549,26750.0,5000532.6774147395,5001297.239894192,764.562479452056,186.96438279978287,186.93907788312688,0,
2014-10-31,5455.0,5870.0,16413.759765625,0.0,0,21815.636000000002,1126.6678904109626,897.7853084739754,228.88258193698704,0.4503013698630145,5870.0,5001430.462723213,5002003.543010885,573.0802876712327,852.1300754703382,851.8227458770964,0,
2014-11-04,6365.0,6185.0,16862.470703125,0.0,0,6363.727,1066.8072876712326,850.0853871808217,216.72190049041092,0.0,0.0,5002280.548110395,5002280.548110395,0.0,inf,inf,0,
2014-11-05,6120.0,6260.0,16937.3203125,0.0,0,0.0,0.0,0.0,0.0,0.0,0.0,5002280.548110395,5002280.548110395,0.0,inf,inf,0,
2014-11-06,6285.0,6140.0,16792.48046875,0.0,0,0.0,0.0,0.0,0.0,0.0,0.0,5002280.548110395,5002280.548110395,0.0,inf,inf,0,
2014-11-07,6230.0,6205.0,16880.380859375,0.0,0,0.0,0.0,0.0,0.0,0.0,0.0,5002280.548110395,5002280.548110395,0.0,inf,inf,0,
2014-11-10,6100.0,6105.0,16780.529296875,0.0,0,0.0,0.0,0.0,0.0,0.0,0.0,5002280.548110395,5002280.548110395,0.0,inf,inf,0,
2014-11-11,6185.0,6360.0,17124.109375,0.0,0,0.0,0.0,0.0,0.0,0.0,0.0,5002280.548110395,5002280.548110395,0.0,inf,inf,0,
2014-11-12,6465.0,6435.0,17197.05078125,0.0,0,0.0,0.0,0.0,0.0,0.0,0.0,5002280.548110395,5002280.548110395,0.0,inf,inf,0,
2014-11-13,6415.0,6565.0,17392.7890625,0.0,0,0.0,0.0,0.0,0.0,0.0,0.0,5002280.548110395,5002280.548110395,0.0,inf,inf,0,
2014-11-14,6610.0,6640.0,17490.830078125,0.0,0,0.0,0.0,0.0,0.0,0.0,0.0,5002280.548110395,5002280.548110395,0.0,inf,inf,0,
2014-11-17,6580.0,6255.0,16973.80078125,0.0,0,0.0,0.0,0.0,0.0,0.0,0.0,5002280.548110395,5002280.548110395,0.0,inf,inf,0,
2014-11-18,6405.0,6520.0,17344.060546875,0.0,0,0.0,0.0,0.0,0.0,0.0,0.0,5002280.548110395,5002280.548110395,0.0,inf,inf,0,
2014-11-19,6540.0,6490.0,17288.75,0.0,0,0.0,0.0,0.0,0.0,0.0,0.0,5002280.548110395,5002280.548110395,0.0,inf,inf,0,
2014-11-20,6575.0,6495.0,17300.859375,0.0,0,0.0,0.0,0.0,0.0,0.0,0.0,5002280.548110395,5002280.548110395,0.0,inf,inf,0,
2014-11-21,6480.0,6545.0,17357.509765625,0.0,0,0.0,0.0,0.0,0.0,0.0,0.0,5002280.548110395,5002280.548110395,0.0,inf,inf,0,
2014-11-25,6635.0,6570.0,17407.619140625,0.0,0,0.0,0.0,0.0,0.0,0.0,0.0,5002280.548110395,5002280.548110395,0.0,inf,inf,0,
2014-11-26,6515.0,6555.0,17383.580078125,0.0,0,0.0,0.0,0.0,0.0,0.0,0.0,5002280.548110395,5002280.548110395,0.0,inf,inf,0,
2014-11-27,6510.0,6455.0,17248.5,0.0,0,0.0,0.0,0.0,0.0,0.0,0.0,5002280.548110395,5002280.548110395,0.0,inf,inf,0,
2014-11-28,6510.0,6605.0,17459.849609375,0.0,0,0.0,0.0,0.0,0.0,0.0,0.0,5002280.548110395,5002280.548110395,0.0,inf,inf,0,
2014-12-01,6595.0,6705.0,17590.099609375,0.0,0,0.0,0.0,0.0,0.0,0.0,0.0,5002280.548110395,5002280.548110395,0.0,inf,inf,0,
2014-12-02,6610.0,6765.0,17663.220703125,0.0,0,0.0,0.0,0.0,0.0,0.0,0.0,5002280.548110395,5002280.548110395,0.0,inf,inf,0,
2014-12-03,6850.0,6795.0,17720.4296875,0.0,0,0.0,0.0,0.0,0.0,0.0,0.0,5002280.548110395,5002280.548110395,0.0,inf,inf,0,
2014-12-04,6925.0,6930.0,17887.2109375,0.0,0,0.0,0.0,0.0,0.0,0.0,0.0,5002280.548110395,5002280.548110395,0.0,inf,inf,0,
2014-12-05,6870.0,6960.0,17920.44921875,0.0,0,0.0,0.0,0.0,0.0,0.0,0.0,5002280.548110395,5002280.548110395,0.0,inf,inf,0,
2014-12-08,7005.0,6970.0,17935.640625,0.0,0,0.0,0.0,0.0,0.0,0.0,0.0,5002280.548110395,5002280.548110395,0.0,inf,inf,0,
2014-12-09,6870.0,6865.0,17813.380859375,0.0,0,0.0,0.0,0.0,0.0,0.0,0.0,5002280.548110395,5002280.548110395,0.0,inf,inf,0,
2014-12-10,6720.0,6580.0,17412.580078125,6721.344,1,0.0,0.0,0.0,0.0,0.5047671232876709,6580.0,5002280.548110395,5002138.699343272,-141.84876712328773,760.2034497482175,759.7670763793539,0,
2014-12-11,6375.0,6460.0,17257.400390625,82891.575,13,0.0,0.0,0.0,0.0,6.93786301369863,90440.0,5002280.548110395,5003100.186480258,819.6383698630165,55.31955093410281,55.28772569493721,0,
2014-12-12,6500.0,6555.0,17371.580078125,143028.6,22,0.0,0.0,0.0,0.0,18.10257534246575,235980.0,5002280.548110395,5005593.483904915,3312.935794520545,21.211939502944805,21.199665678021166,0,
2014-12-15,6330.0,6335.0,17099.400390625,113962.788,18,0.0,0.0,0.0,0.0,26.242520547945205,342090.0,5002280.548110395,4997714.453384368,-4566.094726027401,14.609355588834424,14.60081216539022,0,
2014-12-16,6140.0,6060.0,16755.3203125,178095.612,29,0.0,0.0,0.0,0.0,38.58476712328766,502980.0,5002280.548110395,4980470.256617244,-21810.291493150682,9.901925039996112,9.896037719440322,0,
2014-12-17,6020.0,6140.0,16819.73046875,192678.528,32,0.0,0.0,0.0,0.0,54.16657534246576,706100.0,5002280.548110395,4990857.562041902,-11422.986068493137,7.0682021838859965,7.063931724930475,0,
2014-12-18,6400.0,6390.0,17210.05078125,185637.12,29,204759.04,12065.439561643852,9614.345514695904,2451.0940469479488,54.90147945205484,715680.0,5011894.893625091,5017053.4865155015,5158.592890410966,7.010190988312516,6.989042273650111,0,
2014-12-19,6645.0,6700.0,17621.400390625,73109.61899999999,11,192666.459,14529.490616438365,11577.82459770891,2951.6660187294538,48.31342465753423,629800.0,5023472.7182228,5047730.347072115,24257.62884931508,8.014814777821714,7.967635488919387,0,
2014-12-22,6740.0,6700.0,17635.140625,6741.348,1,552569.4639999999,26867.638753424664,21409.477940666446,5458.160812758221,6.681643835616455,87100.0,5044882.196163466,5045393.620615521,511.42445205480294,57.92644799788199,57.276759863003164,0,
2014-12-24,6865.0,6870.0,17854.23046875,6866.373,1,0.0,0.0,0.0,0.0,7.378191780821908,96180.0,5044882.196163466,5047599.869423741,2717.6732602739817,52.48076387423311,51.892333693949,0,
2014-12-25,6840.0,6840.0,17808.75,0.0,0,88902.216,2306.789273972617,1838.16503296508,468.6242410075372,0.5247123287671229,6840.0,5046720.36119643,5046692.936470403,-27.424726027396854,737.820604747135,729.2091239392364,0,
2014-12-26,6830.0,6880.0,17818.9609375,0.0,0,0.0,0.0,0.0,0.0,0.5277808219178155,6880.0,5046720.36119643,5046732.408689581,12.047493150685339,733.5366873095321,724.9751965381878,0,
2014-12-29,6930.0,6790.0,17729.83984375,0.0,0,0.0,0.0,0.0,0.0,0.520876712328743,6790.0,5046720.36119643,5046641.887812869,-78.47338356164343,743.2462279547672,734.5711797392206,0,
2014-12-30,6790.0,6585.0,17450.76953125,13582.716,2,0.0,0.0,0.0,0.0,1.5154520547944799,19755.0,5046720.36119643,5046022.656360814,-697.7048356164382,255.43015218227356,252.44837071754992,0,
2015-01-05,6510.0,6540.0,17408.7109375,71624.322,11,0.0,0.0,0.0,0.0,7.023780821917853,91560.0,5046720.36119643,5046196.310579992,-524.0506164383562,55.11354642398418,54.470120073870184,0,
2015-01-06,6290.0,6165.0,16883.189453125,106951.386,17,0.0,0.0,0.0,0.0,14.660876712328786,191115.0,5046720.36119643,5038785.26370328,-7935.097493150684,26.365200343789237,26.0568688287687,0,
2015-01-07,6080.0,6160.0,16885.330078125,188517.696,31,0.0,0.0,0.0,0.0,29.29797260273972,381920.0,5046720.36119643,5041043.269730677,-5677.0914657534195,13.199212583081998,13.04484497869953,0,
2015-01-08,6280.0,6360.0,17167.099609375,188437.68000000002,30,0.0,0.0,0.0,0.0,44.88591780821923,585120.0,5046720.36119643,5055760.703812868,9040.342616438338,8.640553568178952,8.539717908171498,0,
2015-01-09,6475.0,6375.0,17197.73046875,129525.9,20,200684.855,12137.385410958917,9671.675564722613,2465.709846236304,39.612328767123245,516375.0,5056392.0367611535,5055669.336637866,-722.7001232876858,9.790693462382698,9.652851856721526,0,
2015-01-13,6180.0,6290.0,17087.7109375,92718.54,15,0.0,0.0,0.0,0.0,46.32197260273972,603840.0,5056392.0367611535,5050369.474665263,-6022.56209589042,8.363754429427104,8.245802188608526,0,
2015-01-14,6200.0,6065.0,16795.9609375,117823.56,19,0.0,0.0,0.0,0.0,53.5049315068494,697475.0,5056392.0367611535,5026127.409733756,-30264.627027397262,7.206175719178116,7.103981682076574,0,
2015-01-15,6115.0,6300.0,17108.69921875,146789.352,24,0.0,0.0,0.0,0.0,67.17698630136994,875700.0,5056392.0367611535,5057495.880747455,1103.843986301349,5.775374992288975,5.693903069240329,0,
2015-01-16,6055.0,6110.0,16864.16015625,30281.055,5,0.0,0.0,0.0,0.0,67.49457534246585,879840.0,5056392.0367611535,5031287.331172112,-25104.705589041117,5.718411678455301,5.637246401144607,0,
2015-01-19,6225.0,6225.0,17014.2890625,124524.9,20,0.0,0.0,0.0,0.0,78.31561643835607,1020900.0,5056392.0367611535,5047744.115555674,-8647.921205479466,4.944406029538323,4.874378824909584,0,
2015-01-20,6270.0,6485.0,17366.30078125,62712.54,10,31343.73,1057.943767123287,843.0224908321912,214.92127629109575,84.07402739726035,1095965.0,5057235.0592519855,5091141.310251986,33906.25099999999,4.645350271452086,4.579077360364597,0,
2015-01-21,6435.0,6415.0,17280.48046875,0.0,0,868551.255,28236.894205479384,22500.56914763625,5736.325057843136,16.731726027397258,218110.0,5079735.628399622,5076084.508468115,-3651.119931506844,23.27304804212606,22.810499709030346,0,
2015-01-22,6440.0,6445.0,17329.01953125,6441.288,1,0.0,0.0,0.0,0.0,17.30438356164393,225575.0,5079735.628399622,5077090.916084553,-2644.712315068487,22.50732978426046,22.060011946224027,0,
2015-01-23,6590.0,6575.0,17511.75,19773.954,3,0.0,0.0,0.0,0.0,19.166575342465762,249850.0,5079735.628399622,5081572.795509211,1837.1671095890456,20.338494278604006,19.93456036669522,0,
2015-01-26,6435.0,6555.0,17468.51953125,0.0,0,0.0,0.0,0.0,0.0,19.10827397260266,249090.0,5079735.628399622,5080793.687235238,1058.0588356164428,20.397421362701184,19.992178293270925,0,
2015-01-27,6680.0,6770.0,17768.30078125,6681.336,1,0.0,0.0,0.0,0.0,20.25435616438358,264030.0,5079735.628399622,5089032.096879073,9296.46847945206,19.274446452596575,18.892057138804404,0,
2015-01-28,6660.0,6810.0,17795.73046875,0.0,0,233053.38000000006,5477.8446575342805,4365.020515356192,1112.824142178089,2.089643835616357,27240.0,5084100.648914978,5084180.56309306,79.9141780821916,186.64392669210937,182.7363574989406,0,
2015-01-29,6690.0,6645.0,17606.220703125,0.0,0,6688.662,6.284246575342488,5.007601883561661,1.2766446917808263,1.5292602739726817,19935.0,5084105.656516862,5083561.419188095,-544.2373287671232,255.00684319980414,249.66698875642476,0,
2015-01-30,6785.0,6720.0,17674.390625,6786.357,1,0.0,0.0,0.0,0.0,2.0620273972602945,26880.0,5084105.656516862,5083718.000160698,-387.6563561643835,189.12641369645453,185.16614359391863,0,
2015-02-02,6605.0,6620.0,17558.0390625,6606.321,1,0.0,0.0,0.0,0.0,2.539178082191711,33100.0,5084105.656516862,5083329.139982616,-776.5165342465751,153.57489848890077,150.35874744557006,0,
2015-02-03,6695.0,6450.0,17335.849609375,20089.017,3,0.0,0.0,0.0,0.0,3.9583561643837584,51600.0,5084105.656516862,5081736.164626451,-2369.4918904109586,98.48325900438859,96.42010865767519,0,
2015-02-04,6630.0,6695.0,17678.740234375,92838.564,14,0.0,0.0,0.0,0.0,11.298958904109554,147290.0,5084105.656516862,5084576.301667547,470.64515068493336,34.52085207188232,33.79799337917191,0,
2015-02-05,6655.0,6585.0,17504.619140625,19968.993000000002,3,0.0,0.0,0.0,0.0,12.628767123287844,164625.0,5084105.656516862,5081929.679900424,-2175.9766164383564,30.869732300078503,30.22291386049497,0,
2015-02-06,6715.0,6675.0,17648.5,33581.715,5,0.0,0.0,0.0,0.0,15.361643835616405,200250.0,5084105.656516862,5083957.603256588,-148.05326027396933,25.38805295009532,24.85622849436361,0,
2015-02-09,6785.0,6720.0,17711.9296875,13572.714,2,0.0,0.0,0.0,0.0,16.496219178082242,215040.0,5084105.656516862,5085158.39303741,1052.7365205479484,23.647499967621886,23.152176569744967,0,
2015-02-10,6675.0,6680.0,17652.6796875,6676.335,1,0.0,0.0,0.0,0.0,16.91046575342466,220440.0,5084105.656516862,5083865.147571657,-240.5089452054762,23.062353237033463,22.579086797434453,0,
2015-02-12,6870.0,6925.0,17979.720703125,6871.374,1,0.0,0.0,0.0,0.0,18.061917808219278,235450.0,5084105.656516862,5091985.711653848,7880.055136986304,21.626611644314497,21.174076856193818,0,
2015-02-13,6880.0,6885.0,17913.359375,0.0,0,220115.968,6300.359178082192,5020.441211054795,1279.9179670273973,1.0563287671232047,13770.0,5089126.097727916,5089140.705358054,14.60763013698691,369.5817505706647,361.3863452424249,0,
2015-02-16,6955.0,6955.0,18004.76953125,0.0,0,0.0,0.0,0.0,0.0,1.0670684931506003,13910.0,5089126.097727916,5089279.63828956,153.5405616438362,365.87200850392236,357.7590107729119,0,
2015-02-17,6910.0,6940.0,17987.08984375,0.0,0,0.0,0.0,0.0,0.0,1.0647671232877656,13880.0,5089126.097727916,5089248.573522436,122.47579452054855,366.6605600520487,358.52995031102,0,
2015-02-18,7015.0,7100.0,18199.169921875,0.0,0,0.0,0.0,0.0,0.0,1.0893150684930788,14200.0,5089126.097727916,5089567.484207368,441.38647945205537,358.4202453667161,350.4727839216071,0,
2015-02-19,7130.0,7155.0,18264.7890625,0.0,0,14257.148000000001,498.5344794520564,397.25719995137115,101.27727950068527,0.0,0.0,5089523.354927868,5089523.354927868,0.0,inf,inf,0,
2015-02-20,7215.0,7210.0,18332.30078125,0.0,0,0.0,0.0,0.0,0.0,0.0,0.0,5089523.354927868,5089523.354927868,0.0,inf,inf,0,
2015-02-23,7345.0,7315.0,18466.919921875,0.0,0,0.0,0.0,0.0,0.0,0.0,0.0,5089523.354927868,5089523.354927868,0.0,inf,inf,0,
2015-02-24,7310.0,7425.0,18603.48046875,0.0,0,0.0,0.0,0.0,0.0,0.0,0.0,5089523.354927868,5089523.354927868,0.0,inf,inf,0,
2015-02-25,7445.0,7410.0,18585.19921875,0.0,0,0.0,0.0,0.0,0.0,0.0,0.0,5089523.354927868,5089523.354927868,0.0,inf,inf,0,
2015-02-26,7410.0,7580.0,18785.7890625,0.0,0,0.0,0.0,0.0,0.0,0.0,0.0,5089523.354927868,5089523.354927868,0.0,inf,inf,0,
2015-02-27,7625.0,7580.0,18797.939453125,0.0,0,0.0,0.0,0.0,0.0,0.0,0.0,5089523.354927868,5089523.354927868,0.0,inf,inf,0,
2015-03-02,7635.0,7605.0,18826.880859375,0.0,0,0.0,0.0,0.0,0.0,0.0,0.0,5089523.354927868,5089523.354927868,0.0,inf,inf,0,
2015-03-03,7675.0,7595.0,18815.16015625,0.0,0,0.0,0.0,0.0,0.0,0.0,0.0,5089523.354927868,5089523.354927868,0.0,inf,inf,0,
2015-03-04,7515.0,7515.0,18703.599609375,0.0,0,0.0,0.0,0.0,0.0,0.0,0.0,5089523.354927868,5089523.354927868,0.0,inf,inf,0,
2015-03-05,7480.0,7545.0,18751.83984375,7481.496,1,0.0,0.0,0.0,0.0,0.5787945205479446,7545.0,5089523.354927868,5089586.280133347,62.92520547945196,674.5641193019678,659.5405187990493,0,
2015-03-06,7600.0,7715.0,18971.0,15203.039999999999,2,0.0,0.0,0.0,0.0,1.775506849315093,23145.0,5089523.354927868,5089981.464626498,458.1096986301378,219.9171079985525,215.0195127813838,0,
2015-03-09,7645.0,7570.0,18790.55078125,7646.5289999999995,1,22930.413,243.52269863013922,194.05106240342644,49.47163622671279,0.5807123287671629,7570.0,5089717.405990271,5089640.296277942,-77.10971232876666,672.3435001688167,657.3370345529213,0,
2015-03-10,7645.0,7460.0,18665.109375,22939.587,3,0.0,0.0,0.0,0.0,2.2890958904109766,29840.0,5089717.405990271,5088968.420182052,-748.9858082191772,170.54183713746824,166.73482528062445,0,
2015-03-11,7395.0,7515.0,18723.51953125,44378.874,6,0.0,0.0,0.0,0.0,5.76493150684928,75150.0,5089717.405990271,5089893.781250545,176.37526027397007,67.72979083500393,66.21805432482795,0,
2015-03-12,7565.0,7740.0,18991.109375,30266.052,4,45380.922,998.5890410958856,795.7256773972565,202.86336369862914,4.750027397260283,61920.0,5090513.131667669,5091571.03785945,1057.906191780823,82.22821443571463,80.37727228764906,0,
2015-03-13,7855.0,7950.0,19254.25,7856.571,1,31413.716,1145.2889863013706,912.6235287342472,232.66545756712344,3.049315068493229,39750.0,5091425.755196403,5092722.468086814,1296.7128904109597,128.1188042285991,125.20663627615657,0,
2015-03-16,7930.0,7940.0,19246.060546875,0.0,0,31713.656,1117.5497534246565,890.5195210164377,227.03023240821898,0.6090958904110266,7940.0,5092316.274717419,5092398.484758515,82.2100410958905,641.360010674876,626.6400062719913,0,
2015-03-17,8075.0,8115.0,19437.0,0.0,0,0.0,0.0,0.0,0.0,0.6225205479452143,8115.0,5092316.274717419,5092572.862237968,256.5875205479453,627.550568359577,613.1479241846598,0,
2015-03-18,8075.0,8205.0,19544.48046875,0.0,0,8073.385,214.97252054794552,171.30085299863038,43.67166754931513,0.0,0.0,5092487.575570418,5092487.575570418,0.0,inf,inf,0,
2015-03-19,8150.0,8140.0,19476.560546875,0.0,0,0.0,0.0,0.0,0.0,0.0,0.0,5092487.575570418,5092487.575570418,0.0,inf,inf,0,
2015-03-20,8145.0,8200.0,19560.220703125,0.0,0,0.0,0.0,0.0,0.0,0.0,0.0,5092487.575570418,5092487.575570418,0.0,inf,inf,0,
2015-03-23,8270.0,8375.0,19754.359375,0.0,0,0.0,0.0,0.0,0.0,0.0,0.0,5092487.575570418,5092487.575570418,0.0,inf,inf,0,
2015-03-24,8335.0,8335.0,19713.44921875,0.0,0,0.0,0.0,0.0,0.0,0.0,0.0,5092487.575570418,5092487.575570418,0.0,inf,inf,0,
2015-03-25,8345.0,8350.0,19746.19921875,0.0,0,0.0,0.0,0.0,0.0,0.0,0.0,5092487.575570418,5092487.575570418,0.0,inf,inf,0,
2015-03-26,8240.0,8090.0,19471.119140625,0.0,0,0.0,0.0,0.0,0.0,0.0,0.0,5092487.575570418,5092487.575570418,0.0,inf,inf,0,
2015-03-27,8140.0,8040.0,19285.630859375,24424.884,3,0.0,0.0,0.0,0.0,1.8503013698630184,24120.0,5092487.575570418,5092180.841269048,-306.7343013698612,211.11860867616284,206.26395360562512,0,
2015-03-30,8055.0,8150.0,19411.400390625,80566.11,10,0.0,0.0,0.0,0.0,8.127671232876764,105950.0,5092487.575570418,5093436.603597815,949.0280273972616,48.07396511182459,46.96870406441918,0,
2015-03-31,8295.0,8025.0,19206.990234375,66373.272,8,0.0,0.0,0.0,0.0,12.927945205479546,168525.0,5092487.575570418,5089625.403652609,-2862.171917808215,30.201011147619695,29.50606775098532,0,
2015-04-01,7975.0,7850.0,19034.83984375,111672.33,14,0.0,0.0,0.0,0.0,21.076712328767144,274750.0,5092487.575570418,5084156.99694028,-8330.578630136984,18.504666048918217,18.07832787737996,0,
2015-04-02,7905.0,8060.0,19312.7890625,158131.62,20,0.0,0.0,0.0,0.0,34.00657534246602,443300.0,5092487.575570418,5094541.370364938,2053.794794520555,11.492310783588852,11.22799673169289,0,
2015-04-03,8065.0,8160.0,19435.080078125,48399.678,6,161267.74000000002,3123.753972602764,2489.1633530685126,634.5906195342515,25.664876712328578,334560.0,5094976.738923486,5098009.176868692,3032.437945205482,15.23795186773282,14.87831581424527,0,
2015-04-06,8040.0,8125.0,19397.98046875,24124.824,3,112537.488,839.3074794520506,668.8021650013666,170.5053144506841,18.698630136986367,243750.0,5095645.541088488,5095422.636924105,-222.90416438355814,20.904297997637354,20.40715812414244,0,
2015-04-07,8250.0,8335.0,19640.5390625,41258.25,5,0.0,0.0,0.0,0.0,22.378904109588802,291725.0,5095645.541088488,5102117.008019995,6471.466931506852,17.4894747039849,17.074014174141748,0,
2015-04-08,8415.0,8465.0,19789.810546875,8416.682999999999,1,185092.97400000002,7503.958054794538,5979.528975963028,1524.4290788315104,9.091178082191618,118510.0,5101625.070064451,5104044.778763081,2419.7086986301406,43.06847336733677,41.98237706912253,0,
2015-04-09,8520.0,8580.0,19937.720703125,0.0,0,110737.848,3064.889068493159,2442.2568542287736,622.6322142643852,0.6581917808218805,8580.0,5104067.326918679,5104229.336357036,162.0094383561653,594.8985240509365,579.5396872721902,0,
2015-04-10,8640.0,8610.0,19907.630859375,0.0,0,8638.272,220.28143835616615,175.531264154111,44.75017420205515,0.0,0.0,5104242.8581828335,5104242.8581828335,0.0,inf,inf,0,
2015-04-13,8625.0,8565.0,19905.4609375,0.0,0,0.0,0.0,0.0,0.0,0.0,0.0,5104242.8581828335,5104242.8581828335,0.0,inf,inf,0,
2015-04-14,8485.0,8565.0,19908.6796875,8486.697,1,0.0,0.0,0.0,0.0,0.6570410958904631,8565.0,5104242.8581828335,5104320.504141738,77.64595890410948,595.9510220830983,580.5394916638228,0,
2015-04-15,8510.0,8525.0,19869.759765625,8511.702,1,0.0,0.0,0.0,0.0,1.3079452054794274,17050.0,5104242.8581828335,5104292.494196532,49.636013698630705,299.371993794518,291.6299957894564,0,
2015-04-16,8520.0,8550.0,19885.76953125,25565.112,3,0.0,0.0,0.0,0.0,3.2794520547943193,42750.0,5104242.8581828335,5104424.102744478,181.2445616438352,119.40173339753164,116.3139124516052,0,
2015-04-17,8485.0,8350.0,19652.880859375,33946.788,4,0.0,0.0,0.0,0.0,5.76493150684928,75150.0,5104242.8581828335,5102871.549812971,-1371.3083698630146,67.90248236610739,66.1458608042995,0,
2015-04-20,8250.0,8325.0,19634.490234375,82516.5,10,0.0,0.0,0.0,0.0,12.133972602739505,158175.0,5104242.8581828335,5103367.915840368,-874.9423424657542,32.26406142462695,31.429402064156168,0,
2015-04-21,8400.0,8555.0,19909.08984375,92418.48000000001,11,0.0,0.0,0.0,0.0,19.688219178082136,256650.0,5104242.8581828335,5109404.74762119,5161.889438356153,19.908064475438106,19.393581979581324,0,
2015-04-22,8635.0,8750.0,20133.900390625,25910.180999999997,3,181298.733,6343.584945205491,5054.885663586995,1288.6992816184954,8.054794520548057,105000.0,5109297.74384642,5111846.54554505,2548.801698630139,48.68425281471476,47.36621879279695,0,
2015-04-23,8840.0,8815.0,20187.650390625,8841.768,1,79544.088,3005.084397260273,2394.6015019568486,610.4828953034245,2.704876712328769,35260.0,5111692.345348378,5112195.677773035,503.33242465753733,144.98569704404525,140.9754485592085,0,
2015-04-24,8750.0,8660.0,20020.0390625,8751.75,1,26244.75,330.5266438356196,263.3801561404135,67.14648769520612,1.3286575342467586,17320.0,5111955.725504518,5111680.202627805,-275.5228767123288,295.1316514219287,286.9484402858598,0,
2015-04-27,8700.0,8605.0,19983.3203125,17403.48,2,0.0,0.0,0.0,0.0,2.640438356164168,34420.0,5111955.725504518,5111374.082189449,-581.6433150684927,148.50011859934483,144.38228427874432,0,
2015-04-28,8700.0,8695.0,20058.94921875,17403.48,2,0.0,0.0,0.0,0.0,4.002082191781028,52170.0,5111955.725504518,5111716.600107257,-239.1253972602731,97.98191681248336,95.26503240770552,0,
2015-04-30,8450.0,8225.0,19520.009765625,25355.07,3,0.0,0.0,0.0,0.0,5.678630136986158,74025.0,5111955.725504518,5108210.85147712,-3744.874027397259,69.00656334315596,67.09173000269804,0,
2015-05-01,8225.0,8235.0,19531.630859375,164532.90000000002,20,0.0,0.0,0.0,0.0,18.320054794520274,238815.0,5111955.725504518,5108449.631422326,-3506.094082191803,21.39082399104883,20.797210281348047,0,
2015-05-07,8075.0,8020.0,19291.990234375,161532.3,20,0.0,0.0,0.0,0.0,30.14641095890397,392980.0,5111955.725504518,5101052.185011367,-10903.540493150696,12.98043713423423,12.619619778406577,0,
2015-05-08,8085.0,8115.0,19379.189453125,185992.191,23,0.0,0.0,0.0,0.0,44.821479452054746,584280.0,5111955.725504518,5106315.172531915,-5640.552972602742,8.739500192599293,8.496741881562457,0,
2015-05-11,8315.0,8290.0,19620.91015625,166333.26,20,0.0,0.0,0.0,0.0,58.50695890410907,762680.0,5111955.725504518,5118323.40557301,6367.680068493139,6.710971056764318,6.52492011412585,0,
2015-05-12,8260.0,8295.0,19624.83984375,90878.172,11,355108.964,7518.054315068492,5990.761580962328,1527.292734106164,38.179726027397464,497700.0,5117946.48708548,5116008.725112878,-1937.761972602777,10.279302240532203,9.979013779667017,0,
2015-05-13,8240.0,8420.0,19764.720703125,57691.53599999999,7,0.0,0.0,0.0,0.0,43.27649315068493,564140.0,5117946.48708548,5124713.912619727,6767.425534246545,9.084117262771167,8.819117717506245,0,
2015-05-14,8325.0,8250.0,19570.240234375,33306.659999999996,4,316286.73000000004,3089.7424383561747,2462.061262004118,627.6811763520568,20.884931506849625,272250.0,5120408.548347484,5115155.416511868,-5253.131835616443,18.788449647426514,18.22790797309918,0,
2015-05-15,8355.0,8355.0,19732.919921875,66853.368,8,0.0,0.0,0.0,0.0,26.278191780822,342555.0,5120408.548347484,5118580.770320087,-1827.778027397267,14.942361869831375,14.496787439367957,0,
2015-05-18,8395.0,8505.0,19890.26953125,33586.716,4,0.0,0.0,0.0,0.0,29.3597260273973,382725.0,5120408.548347484,5125134.69459406,4726.146246575335,13.391167795660227,12.992283195089518,0,
2015-05-19,8585.0,8655.0,20026.380859375,17173.434,2,274665.056,8076.827287671193,6436.019824180789,1640.8074634904028,9.959178082191556,129825.0,5126844.568171665,5128075.5499524865,1230.9817808219177,39.49990795264769,38.26170348340696,0,
2015-05-20,8750.0,8790.0,20196.560546875,8751.75,1,61237.75,2269.672,1808.5881332,461.0838668,6.068712328767106,79110.0,5128653.156304865,5129379.397373359,726.2410684931505,64.83857157594942,62.77782532476112,0,
2015-05-21,8800.0,8760.0,20202.869140625,0.0,0,17596.48,420.36950684931355,334.9714415328755,85.39806531643805,4.704000000000178,61320.0,5128988.127746398,5129095.775308042,107.64756164383645,83.64474519419507,80.97920851059502,0,
2015-05-22,8795.0,8850.0,20264.41015625,0.0,0,0.0,0.0,0.0,0.0,4.752328767123117,61950.0,5128988.127746398,5129721.022979274,732.8952328767132,82.80421344599313,80.16570720277888,0,
2015-05-25,8900.0,8965.0,20413.76953125,0.0,0,35592.88,745.7956164383544,594.2872369589027,151.5083794794517,2.0631780821918255,26895.0,5129582.414983357,5130105.331421713,522.9164383561643,190.74568995804847,184.640342474812,0,
2015-05-26,8975.0,9005.0,20437.48046875,0.0,0,17946.41,428.4838630136985,341.4373662424656,87.04649677123285,0.6907945205480246,9005.0,5129923.8523496,5130074.004130422,150.15178082191778,569.6917272771152,551.4093846653241,0,
2015-05-27,8930.0,9015.0,20472.580078125,0.0,0,8928.214,73.36578082191772,58.46152244794514,14.904258373972585,0.0,0.0,5129982.313872048,5129982.313872048,0.0,inf,inf,0,
2015-05-28,9145.0,9085.0,20551.4609375,0.0,0,0.0,0.0,0.0,0.0,0.0,0.0,5129982.313872048,5129982.313872048,0.0,inf,inf,0,
2015-05-29,9035.0,9115.0,20563.150390625,0.0,0,0.0,0.0,0.0,0.0,0.0,0.0,5129982.313872048,5129982.313872048,0.0,inf,inf,0,
2015-06-01,9005.0,9080.0,20569.869140625,0.0,0,0.0,0.0,0.0,0.0,0.0,0.0,5129982.313872048,5129982.313872048,0.0,inf,inf,0,
2015-06-02,9140.0,9075.0,20543.189453125,9141.828,1,0.0,0.0,0.0,0.0,0.6961643835616087,9075.0,5129982.313872048,5129914.789707664,-67.52416438356116,565.2798666344534,547.1303837513257,0,
2015-06-03,8995.0,9015.0,20473.509765625,17993.597999999998,2,0.0,0.0,0.0,0.0,2.0746849315069085,27045.0,5129982.313872048,5129889.117022732,-93.19684931506615,189.67976028924875,183.58959087348555,0,
2015-06-04,9090.0,9020.0,20488.189453125,27275.453999999998,3,0.0,0.0,0.0,0.0,4.151671232876652,54120.0,5129982.313872048,5129684.5113515,-297.80252054794073,94.78352755638396,91.74005409887197,0,
2015-06-05,8975.0,9005.0,20460.900390625,44883.975,5,0.0,0.0,0.0,0.0,7.598739726027361,99055.0,5129982.313872048,5129727.937611774,-254.3762602739667,51.78666334472539,50.123744943228495,0,
2015-06-08,9085.0,8995.0,20457.189453125,45434.08499999999,5,0.0,0.0,0.0,0.0,11.040438356164486,143920.0,5129982.313872048,5129147.812173418,-834.501698630123,35.63888140754182,34.49427730318779,0,
2015-06-09,8885.0,8695.0,20096.30078125,53320.662,6,0.0,0.0,0.0,0.0,14.674301369863088,191290.0,5129982.313872048,5123182.475872048,-6799.8379999999825,26.782280704020327,25.92104333144465,0,
2015-06-10,8710.0,8655.0,20046.359375,139387.872,16,0.0,0.0,0.0,0.0,25.22991780821917,328890.0,5129982.313872048,5121369.373954239,-8612.939917808204,15.571678597568303,15.070686390697285,0,
2015-06-11,8765.0,8920.0,20382.970703125,149034.801,17,0.0,0.0,0.0,0.0,37.63506849315104,490600.0,5129982.313872048,5134006.937885746,4024.624013698638,10.464751198299524,10.12881772502944,0,
2015-06-12,8960.0,8935.0,20407.080078125,44808.96,5,295620.86400000006,7164.986835616459,5709.419759960976,1455.5670756554837,18.506465753424663,241245.0,5135691.733632009,5133989.768344337,-1701.9652876712146,21.281227666249404,20.568290795899046,0,
2015-06-15,8785.0,8920.0,20387.7890625,52720.542,6,0.0,0.0,0.0,0.0,22.581041095890896,294360.0,5135691.733632009,5134361.645303241,-1330.0883287671063,17.44245700945523,16.858087406490263,0,
2015-06-16,8870.0,8805.0,20257.939453125,62102.418,7,53209.356,484.70835616438205,386.23985360958784,98.46850255479421,22.965369863013166,299370.0,5136077.973485618,5130357.1494308235,-5720.8240547945,17.13717857310627,16.560892672532415,0,
2015-06-17,8850.0,8775.0,20219.26953125,61962.39,7,0.0,0.0,0.0,0.0,27.599178082191656,359775.0,5136077.973485618,5128772.160252742,-7305.8132328766915,14.25549902092347,13.775892852532458,0,
2015-06-18,8755.0,8585.0,19990.8203125,70054.008,8,0.0,0.0,0.0,0.0,32.27019178082173,420665.0,5136077.973485618,5119575.88206096,-16502.091424657516,12.170196907422676,11.75993558445866,0,
2015-06-19,8705.0,8730.0,20174.240234375,165428.079,19,0.0,0.0,0.0,0.0,45.53950684931556,593640.0,5136077.973485618,5127077.263554111,-9000.709931506828,8.636677554669683,8.345881585847659,0,
2015-06-22,8725.0,8945.0,20428.189453125,104720.93999999999,12,0.0,0.0,0.0,0.0,54.895342465753174,715600.0,5136077.973485618,5144261.428211645,8183.454726027431,7.188738720251042,6.947426514725645,0,
2015-06-23,9050.0,9265.0,20809.419921875,36207.24,4,352879.41000000003,12626.271054794552,10061.244090013039,2565.026964781513,31.98328767123303,416925.0,5146139.217575631,5159661.587959193,13522.370383561667,12.375514991807142,11.930971564052896,0,
2015-06-24,9345.0,9340.0,20868.029296875,0.0,0,411097.76399999997,16847.88161643835,13425.2344660589,3422.6471503794505,0.7164931506849825,9340.0,5159564.452041689,5159750.988315662,186.53627397260323,552.4358659866876,530.7881286498539,0,
2015-06-25,9265.0,9265.0,20771.400390625,0.0,0,9263.147,109.68327397260407,87.40111686506955,22.282157107534516,0.0,0.0,5159651.853158555,5159651.853158555,0.0,inf,inf,0,
2015-06-26,9270.0,9220.0,20706.150390625,0.0,0,0.0,0.0,0.0,0.0,0.0,0.0,5159651.853158555,5159651.853158555,0.0,inf,inf,0,
2015-06-29,8800.0,8685.0,20109.94921875,8801.76,1,0.0,0.0,0.0,0.0,0.666246575342484,8685.0,5159651.853158555,5159534.42691198,-117.42624657534269,594.0741999898653,570.7811411243988,0,
2015-06-30,8730.0,8790.0,20235.73046875,157171.42799999999,18,0.0,0.0,0.0,0.0,12.811726027397299,167010.0,5159651.853158555,5160675.187185952,1023.3340273972748,30.900396306723863,29.689013587290276,0,
2015-07-01,8820.0,8880.0,20329.3203125,141148.224,16,0.0,0.0,0.0,0.0,23.842191780822077,310800.0,5159651.853158555,5163293.120994171,3641.2678356164656,16.612912229710975,15.961892698937538,0,
2015-07-02,9045.0,9020.0,20522.5,108561.70799999998,12,162777.43800000002,5581.610876712367,4447.706627108249,1133.9042496041172,20.06641095890427,261580.0,5164099.559785663,5167134.880333608,3035.3205479452336,19.753554860209526,18.958621962235465,0,
2015-07-03,8975.0,9050.0,20539.7890625,44883.975,5,152544.485,2569.81689041097,2047.7585891239812,522.0583012869886,11.802191780821886,153850.0,5166147.318374787,5166531.529840541,384.2114657534419,33.581615403578425,32.213268529777665,0,
2015-07-06,8760.0,8680.0,20112.119140625,43808.76,5,0.0,0.0,0.0,0.0,14.648986301369632,190960.0,5166147.318374787,5159818.12085424,-6329.19752054793,27.020413284741515,25.91790587208678,0,
2015-07-07,8875.0,8890.0,20376.58984375,97644.525,11,0.0,0.0,0.0,0.0,22.505095890410985,293370.0,5166147.318374787,5164561.090758349,-1586.2276164383352,17.60425773173245,16.886538399092988,0,
2015-07-08,8825.0,8365.0,19737.640625,35307.06,4,0.0,0.0,0.0,0.0,23.742849315067815,309505.0,5166147.318374787,5145365.287909034,-20782.0304657534,16.624498111206712,15.944117944599538,0,
2015-07-09,8030.0,8410.0,19855.5,176695.332,22,0.0,0.0,0.0,0.0,38.06389041095872,496190.0,5166147.318374787,5155316.892018623,-10830.426356164353,10.389804091212284,9.965331354244256,0,
2015-07-10,8395.0,8390.0,19779.830078125,167933.58000000002,20,184653.062,7943.536684931517,6329.807207387679,1613.7294775438377,36.686136986301335,478230.0,5172477.125582174,5152425.958404092,-20051.167178082185,10.773949686142844,10.316848813805093,0,
2015-07-13,8500.0,8635.0,20089.76953125,170033.99999999997,20,0.0,0.0,0.0,0.0,51.005643835616866,664895.0,5172477.125582174,5169005.952760257,-3471.1728219177717,7.774168782680358,7.445319331531052,0,
2015-07-14,8850.0,8870.0,20385.330078125,44258.850000000006,5,176964.59999999998,9004.899452054755,7175.554128369831,1829.3453236849234,42.18717808219162,549940.0,5179652.679710545,5184885.170258489,5232.490547945252,9.428092465102537,9.014051947133206,0,
2015-07-15,8940.0,8950.0,20463.330078125,17883.576,2,178764.24,8703.38301369865,6935.29075446577,1768.092259232881,30.209315068493197,393800.0,5186587.97046501,5187827.532684188,1239.562219178099,13.173762144957308,12.573378613264008,0,
2015-07-16,9050.0,9070.0,20600.119140625,0.0,0,45240.950000000004,1405.651369863016,1120.0932940753444,285.5580757876717,27.13545205479477,353730.0,5187708.063759086,5192685.789156346,4977.725397260293,14.679800382089011,14.007355801186232,0,
2015-07-17,9105.0,9110.0,20650.919921875,0.0,0,182063.58000000002,4765.494260273976,3797.384101299318,968.1101589746582,13.278136986300979,173090.0,5191505.447860385,5193127.980860385,1622.5330000000165,30.002472591486423,28.600643519905162,0,
2015-07-21,9200.0,9285.0,20841.970703125,0.0,0,0.0,0.0,0.0,0.0,13.533205479452135,176415.0,5191505.447860385,5196439.447654906,4933.999794520564,29.45576877054052,28.080284105373273,0,
2015-07-22,9115.0,9065.0,20593.669921875,0.0,0,173150.36299999998,1669.3627945205549,1330.231742813704,339.1310517068507,0.0,0.0,5192835.679603199,5192835.679603199,0.0,inf,inf,0,
2015-07-23,9140.0,9130.0,20683.94921875,9141.828,1,0.0,0.0,0.0,0.0,0.7003835616437755,9130.0,5192835.679603199,5192823.151219637,-12.528383561643356,568.764857745853,542.0040482843457,0,
2015-07-24,9065.0,9020.0,20544.529296875,9066.813,1,0.0,0.0,0.0,0.0,1.3838904109588839,18040.0,5192835.679603199,5192664.954329226,-170.72527397260237,287.8417380448573,274.2980809343267,0,
2015-07-27,8885.0,8850.0,20350.099609375,26660.331,3,0.0,0.0,0.0,0.0,3.3945205479449214,44250.0,5192835.679603199,5192211.228808678,-624.450794520546,117.33810686573283,111.8165030511674,0,
2015-07-28,8685.0,8845.0,20328.890625,69493.896,8,0.0,0.0,0.0,0.0,8.820767123287169,114985.0,5192835.679603199,5193443.512041555,607.8324383561732,45.166269618137626,43.04129862573302,0,
2015-07-29,8830.0,8790.0,20302.91015625,105981.192,12,70625.872,1126.547835616448,897.6896428109667,228.85819280548142,11.463123287670896,149430.0,5193733.36924601,5192292.870725462,-1440.4985205479386,34.74732564227707,33.10456447972237,0,
2015-07-30,8930.0,9000.0,20522.830078125,89317.86,10,0.0,0.0,0.0,0.0,18.641095890410725,243000.0,5193733.36924601,5196526.369629571,2793.00038356165,21.38488217954556,20.374608757255686,0,
2015-07-31,8975.0,9035.0,20585.240234375,35907.18,4,107678.45999999999,1680.891452054791,1339.4183535698603,341.4730984849308,13.168821917808145,171665.0,5195072.787599579,5196608.007709169,1535.2201095890423,30.27179685846951,28.83183820708215,0,
2015-08-03,9000.0,9010.0,20548.109375,18003.6,2,0.0,0.0,0.0,0.0,14.514739726027983,189210.0,5195072.787599579,5196134.8929694425,1062.1053698630164,27.462263585272673,26.1557522136214,0,
2015-08-04,8925.0,8970.0,20520.359375,17853.57,2,0.0,0.0,0.0,0.0,15.826520547945165,206310.0,5195072.787599579,5195365.496448895,292.70884931507146,25.182325124564464,23.984027208076242,0,
2015-08-05,8960.0,9080.0,20614.060546875,17923.584,2,0.0,0.0,0.0,0.0,17.413698630137333,227000.0,5195072.787599579,5198114.498750265,3041.711150684935,22.899182813877818,21.810027497361013,0,
2015-08-06,9205.0,9115.0,20664.439453125,9206.841,1,138047.385,4161.788054794517,3316.3208114630106,845.4672433315061,7.691561643835939,100265.0,5198389.108411043,5199366.883945289,977.7755342465775,51.8562497775424,49.3488171094553,0,
2015-08-07,9080.0,9180.0,20724.560546875,36327.263999999996,4,54469.10400000001,621.6757808219252,495.3823459479511,126.29343487397412,6.337972602739228,82620.0,5198884.49075699,5199731.092537812,846.6017808219237,62.93550099900523,59.88495935994473,0,
2015-08-10,9075.0,9230.0,20808.689453125,27230.445,3,18146.37,135.81142465753467,108.2213337383565,27.59009091917817,7.080547945205581,92300.0,5198992.712090729,5200292.346898948,1299.6348082191828,56.34119552436563,53.60903255370711,0,
2015-08-11,9330.0,9160.0,20720.75,18663.732,2,74625.072,1984.4822191780886,1581.33465635206,403.1475628260288,2.810739726027805,36640.0,5200574.046747081,5200187.728596396,-386.3181506849313,141.92652097697587,134.98967776871478,0,
2015-08-12,9095.0,8870.0,20392.76953125,36387.276,4,0.0,0.0,0.0,0.0,5.443506849314872,70960.0,5200574.046747081,5198115.009089546,-2459.0376575342443,73.25415739979631,69.67226085727187,0,
2015-08-13,8895.0,9050.0,20595.55078125,124554.906,14,0.0,0.0,0.0,0.0,15.273424657534179,199100.0,5200574.046747081,5201684.829664889,1110.7829178082186,26.125991108311847,24.8493127954932,0,
2015-08-14,8975.0,8990.0,20519.44921875,62837.565,7,125624.87,1060.244547945198,844.8558680301311,215.38867991506697,10.344657534246835,134850.0,5201418.902615111,5199996.4013274405,-1422.501287671233,38.561337792565375,36.66844019310174,0,
2015-08-17,9050.0,9065.0,20620.259765625,90518.09999999999,10,0.0,0.0,0.0,0.0,17.38493150684917,226625.0,5201418.902615111,5201235.916395933,-182.98621917807367,22.950847948796177,21.824429300283533,0,
2015-08-18,9085.0,9005.0,20554.470703125,72694.536,8,0.0,0.0,0.0,0.0,22.796219178082538,297165.0,5201418.902615111,5199058.5841767555,-2360.3184383561484,17.495528020381794,16.63641802277657,0,
2015-08-19,8945.0,8725.0,20222.630859375,653115.5970000001,73,0.0,0.0,0.0,0.0,70.94739726027456,924850.0,5201418.902615111,5173557.0397794945,-27861.86283561649,5.593941763290798,5.31782307395132,1,
2015-08-20,8700.0,8570.0,20033.51953125,652630.5,75,0.0,0.0,0.0,0.0,118.9938630136985,1551170.0,5201418.902615111,5147127.545916481,-54291.35669863019,3.3182227260174457,3.1535164954310946,1,
2015-08-21,8260.0,8070.0,19435.830078125,652670.508,79,0.0,0.0,0.0,0.0,160.95780821917833,2098200.0,5201418.902615111,5041326.080108262,-160092.8225068494,2.4026909160748553,2.280849184349162,1,
2015-08-24,7745.0,7350.0,18540.6796875,650710.116,84,0.0,0.0,0.0,0.0,193.95945205479393,2528400.0,5201418.902615111,4820622.004656207,-380796.8979589043,1.9065899401424644,1.805402516887084,1,
2015-08-25,6900.0,6750.0,17806.69921875,648729.72,94,0.0,0.0,0.0,0.0,226.8000000000011,2956500.0,5201418.902615111,4599765.484656207,-601653.417958904,1.5558144713871833,1.4692022336199233,1,
2015-08-26,6735.0,7145.0,18376.830078125,94308.858,14,0.0,0.0,0.0,0.0,247.7455342465746,3229540.0,5201418.902615111,4778248.8811219605,-423170.02149315085,1.4795447280795284,1.4001783704889272,2,
2015-08-27,7430.0,7280.0,18574.439453125,96609.318,13,103999.196,9682.664465753429,7715.63117953562,1967.033286217809,251.86805479452005,3283280.0,5209134.533794647,4837159.857780948,-371974.6760136987,1.4732705884910664,1.392177486771536,2,
2015-08-28,7625.0,7740.0,19136.3203125,99144.825,13,716606.65,67724.23794520553,53966.05900663703,13758.178938568504,219.68876712328756,2863800.0,5263100.592801284,5021163.815075257,-241936.7777260275,1.7533220947954664,1.6366256475135235,2,
2015-08-31,7630.0,7520.0,18890.48046875,99209.838,13,0.0,0.0,0.0,0.0,220.94378082191815,2880160.0,5263100.592801284,4938093.033294435,-325007.55950684944,1.7145203854280437,1.5984100896434865,2,
2015-09-01,7410.0,6980.0,18165.689453125,96349.266,13,0.0,0.0,0.0,0.0,212.0390136986316,2764080.0,5263100.592801284,4725451.728280736,-537648.864520548,1.7095929670200343,1.588529803681582,2,
2015-09-02,6750.0,6920.0,18095.400390625,0.0,0,0.0,0.0,0.0,0.0,210.21632876712556,2740320.0,5263100.592801284,4701481.511951969,-561619.0808493153,1.7156687948677414,1.5934792385935412,3,
2015-09-03,7150.0,6985.0,18182.390625,0.0,0,0.0,0.0,0.0,0.0,212.19090410958597,2766060.0,5263100.592801284,4727009.321047859,-536091.2717534248,1.7089323156575993,1.5878031009068616,3,
2015-09-04,7060.0,6670.0,17792.16015625,0.0,0,0.0,0.0,0.0,0.0,202.621808219179,2641320.0,5263100.592801284,4602066.6992396405,-661033.8935616439,1.7423359150877744,1.615409492858872,3,
2015-09-07,6610.0,6735.0,17860.470703125,0.0,0,0.0,0.0,0.0,0.0,204.59638356164214,2667060.0,5263100.592801284,4627602.102856078,-635498.4899452057,1.7350948620788726,1.6093167041277183,3,
2015-09-08,6780.0,6410.0,17427.080078125,0.0,0,0.0,0.0,0.0,0.0,194.72350684931553,2538360.0,5263100.592801284,4498707.379349229,-764393.213452055,1.772288950089518,1.640056872113165,3,
2015-09-09,6850.0,7325.0,18770.509765625,6851.37,1,0.0,0.0,0.0,0.0,223.0813698630136,2908025.0,5263100.592801284,4861297.927979366,-401802.6648219179,1.6716836780905824,1.5561840868484442,3,
2015-09-10,6915.0,7020.0,18299.619140625,0.0,0,0.0,0.0,0.0,0.0,213.79265753424625,2786940.0,5263100.592801284,4739999.135321832,-523101.4574794522,1.7007898036275744,1.5801953554229295,3,
2015-09-11,6870.0,6985.0,18264.220703125,0.0,0,0.0,0.0,0.0,0.0,212.72673972602388,2773045.0,5263100.592801284,4725891.408582106,-537209.1842191782,1.7042245649032404,1.5829491372707358,3,
2015-09-14,7045.0,6760.0,17965.69921875,0.0,0,0.0,0.0,0.0,0.0,205.87441095890154,2683720.0,5263100.592801284,4636360.534171147,-626740.058630137,1.7275872796607497,1.6021986054957333,3,
2015-09-15,6835.0,6800.0,18026.48046875,0.0,0,0.0,0.0,0.0,0.0,207.0926027397254,2699600.0,5263100.592801284,4652033.441568407,-611067.1512328769,1.7232306421575074,1.5985028360999887,3,
2015-09-16,6960.0,6920.0,18171.599609375,0.0,0,0.0,0.0,0.0,0.0,210.7471780821943,2747240.0,5263100.592801284,4699462.694390325,-563637.8984109589,1.7106123579994195,1.5879707495447666,3,
2015-09-17,7065.0,7115.0,18432.26953125,0.0,0,0.0,0.0,0.0,0.0,216.6858630136976,2824655.0,5263100.592801284,4776661.0085273115,-486439.58427397284,1.6910599731745333,1.5717028770782053,3,
2015-09-18,6990.0,6865.0,18070.2109375,0.0,0,0.0,0.0,0.0,0.0,209.07216438356227,2725405.0,5263100.592801284,4677201.936362928,-585898.6564383563,1.7161493195921076,1.5923689308284716,3,
2015-09-24,6630.0,6480.0,17571.830078125,0.0,0,0.0,0.0,0.0,0.0,197.34706849315353,2572560.0,5263100.592801284,4524159.5892944345,-738941.0035068495,1.7586216023316985,1.627410265178493,3,
2015-09-25,6495.0,6650.0,17880.509765625,0.0,0,0.0,0.0,0.0,0.0,202.52438356164657,2640050.0,5263100.592801284,4591447.064910873,-671653.5278904111,1.7391515558079857,1.6112177811103807,3,
2015-09-28,6690.0,6615.0,17645.109375,0.0,0,0.0,0.0,0.0,0.0,201.4584657534242,2626155.0,5263100.592801284,4577350.60644512,-685749.9863561644,1.7429856982718537,1.6142983129666584,3,
2015-09-29,6345.0,6055.0,16930.83984375,0.0,0,0.0,0.0,0.0,0.0,184.40378082191728,2403835.0,5263100.592801284,4354846.202664297,-908254.3901369866,1.8116244262456853,1.670958605115289,3,
2015-09-30,6250.0,6335.0,17388.150390625,0.0,0,0.0,0.0,0.0,0.0,192.93112328767256,2514995.0,5263100.592801284,4465813.27154101,-797287.321260274,1.7756748110994296,1.6411495515023826,3,
2015-10-01,6450.0,6640.0,17722.419921875,0.0,0,0.0,0.0,0.0,0.0,202.21983561643538,2636080.0,5263100.592801284,4586696.051705394,-676404.5410958905,1.7399684575981738,1.611545733289393,3,
2015-10-02,6495.0,6615.0,17725.130859375,0.0,0,0.0,0.0,0.0,0.0,201.45846575342512,2626155.0,5263100.592801284,4576569.59323964,-686530.999561644,1.7426883002867843,1.6137035169965195,3,
2015-10-05,6765.0,6825.0,18005.490234375,0.0,0,0.0,0.0,0.0,0.0,207.8539726027393,2709525.0,5263100.592801284,4659731.739267037,-603368.8535342468,1.7197596402568853,1.594666907200631,3,
2015-10-06,7075.0,6920.0,18186.099609375,0.0,0,0.0,0.0,0.0,0.0,210.7471780821943,2747240.0,5263100.592801284,4697235.992088955,-565864.6007123289,1.709801834600892,1.5863497027477123,3,
2015-10-07,6950.0,7090.0,18322.98046875,0.0,0,0.0,0.0,0.0,0.0,215.92449315068916,2814730.0,5263100.592801284,4764510.067595804,-498590.5252054796,1.6927058963367017,1.5721371173754939,3,
2015-10-08,7065.0,6915.0,18141.169921875,0.0,0,0.0,0.0,0.0,0.0,210.59490410959006,2745255.0,5263100.592801284,4694824.472691695,-568276.1201095892,1.7101597019918715,1.586462940084657,3,
2015-10-09,6975.0,7160.0,18438.669921875,0.0,0,0.0,0.0,0.0,0.0,218.05632876712298,2842520.0,5263100.592801284,4791871.416362928,-471229.1764383562,1.6857828322625446,1.5662419986225502,3,
2015-10-13,7090.0,7035.0,18234.740234375,0.0,0,0.0,0.0,0.0,0.0,214.24947945205713,2792895.0,5263100.592801284,4742032.166883476,-521068.4259178084,1.6978913159583429,1.576149732433789,3,
2015-10-14,6915.0,6750.0,17891.0,0.0,0,0.0,0.0,0.0,0.0,205.5698630136976,2679750.0,5263100.592801284,4628681.597020462,-634418.9957808221,1.727281125858928,1.6003226298123479,3,
2015-10-15,6665.0,6885.0,18096.900390625,0.0,0,0.0,0.0,0.0,0.0,209.6812602739774,2733345.0,5263100.592801284,4682066.915760187,-581033.6770410961,1.7129439992976325,1.5883981731977086,3,
2015-10-16,7035.0,7025.0,18291.80078125,0.0,0,0.0,0.0,0.0,0.0,213.94493150684866,2788925.0,5263100.592801284,4737432.970828681,-525667.6219726028,1.6986591503280588,1.5765186639497575,3,
2015-10-19,7050.0,6930.0,18131.23046875,0.0,0,0.0,0.0,0.0,0.0,211.05172602740276,2751210.0,5263100.592801284,4699506.919102654,-563593.6736986304,1.7081600165391424,1.5842684533001925,3,
2015-10-20,7015.0,6990.0,18207.150390625,0.0,0,0.0,0.0,0.0,0.0,212.87901369862993,2775030.0,5263100.592801284,4723114.040088955,-539986.5527123288,1.7020046774589663,1.5790998487860044,3,
2015-10-21,6950.0,7230.0,18554.279296875,0.0,0,0.0,0.0,0.0,0.0,220.18816438356043,2870310.0,5263100.592801284,4818173.851924571,-444926.7408767124,1.6786249052975362,1.559723192633499,3,
2015-10-22,7145.0,7160.0,18435.869140625,0.0,0,0.0,0.0,0.0,0.0,218.05632876712298,2842520.0,5263100.592801284,4790165.795595804,-472934.7972054796,1.6851827939982142,1.5650419220938898,3,
2015-10-23,7460.0,7460.0,18825.30078125,0.0,0,0.0,0.0,0.0,0.0,227.19276712328792,2961620.0,5263100.592801284,4909038.6028286815,-354061.9899726029,1.6575518138142913,1.5421656319366015,3,
2015-10-26,7625.0,7545.0,18947.119140625,0.0,0,7623.475,756.7966712328772,603.0534274719182,153.743243760959,229.20263013698968,2987820.0,5263703.646228756,4942479.131954783,-321224.5142739728,1.6542091330651723,1.5395047588813282,3,
2015-10-27,7555.0,7420.0,18777.0390625,0.0,0,0.0,0.0,0.0,0.0,225.40536986301777,2938320.0,5263703.646228756,4892753.72658492,-370949.9196438357,1.6651534640831902,1.5484400262534659,3,
2015-10-28,7465.0,7505.0,18903.01953125,0.0,0,0.0,0.0,0.0,0.0,227.98750684931656,2971980.0,5263703.646228756,4926185.739078071,-337517.9071506851,1.6575433680839275,1.542075088973474,3,
2015-10-29,7650.0,7525.0,18935.7109375,0.0,0,0.0,0.0,0.0,0.0,228.59506849314675,2979900.0,5263703.646228756,4933877.144009578,-329826.5022191782,1.6557190321855022,1.5404809331824556,3,
2015-10-30,7520.0,7665.0,19083.099609375,0.0,0,0.0,0.0,0.0,0.0,232.84799999999996,3035340.0,5263703.646228756,4989084.296009578,-274619.3502191782,1.643665716529146,1.530455710658575,3,
2015-11-02,7465.0,7410.0,18683.240234375,0.0,0,0.0,0.0,0.0,0.0,225.10158904109267,2934360.0,5263703.646228756,4887879.194420537,-375824.4518082193,1.6657394438380215,1.548556834748401,3,
2015-11-04,7585.0,7550.0,18926.91015625,0.0,0,0.0,0.0,0.0,0.0,229.35452054794587,2989800.0,5263703.646228756,4943089.839899989,-320613.8063287672,1.6533178941400726,1.5382314952743399,3,
2015-11-05,7605.0,7685.0,19116.41015625,0.0,0,0.0,0.0,0.0,0.0,233.4555616438356,3043260.0,5263703.646228756,4996316.384338344,-267387.2618904111,1.6417645499688966,1.5286231256770482,3,
2015-11-06,7740.0,7800.0,19265.599609375,0.0,0,0.0,0.0,0.0,0.0,236.94904109589334,3088800.0,5263703.646228756,5041619.435297249,-222084.21093150694,1.6322259244034087,1.5206758985255573,3,
2015-11-09,7945.0,8100.0,19642.740234375,0.0,0,206528.686,12932.593397260258,10305.337048606838,2627.256348653422,229.90684931506985,2997000.0,5274008.983277363,5153490.9580992805,-120518.0251780823,1.7195498692356626,1.6001911037441434,3,
2015-11-10,7960.0,8125.0,19671.259765625,0.0,0,875424.88,23384.837876712292,18634.20806205819,4750.629814654103,162.05479452054897,2112500.0,5292643.191339421,5139503.153490106,-153140.03784931515,2.432900901060405,2.2524203742678295,3,
2015-11-11,8080.0,8150.0,19691.390625,0.0,0,0.0,0.0,0.0,0.0,162.55342465753347,2119000.0,5292643.191339421,5145840.600065448,-146802.59127397268,2.428428787194643,2.2484251693211306,4,
2015-11-12,8095.0,8145.0,19697.76953125,0.0,0,0.0,0.0,0.0,0.0,162.4536986301373,2117700.0,5292643.191339421,5144378.146366818,-148265.0449726028,2.4292289495050374,2.249038119844272,4,
2015-11-13,8000.0,8055.0,19596.91015625,0.0,0,0.0,0.0,0.0,0.0,160.65863013698436,2094300.0,5292643.191339421,5120817.4877366815,-171825.70360273978,2.4451212757182264,2.2628404283693557,4,
2015-11-16,7790.0,7885.0,19393.689453125,0.0,0,0.0,0.0,0.0,0.0,157.26794520547992,2050100.0,5292643.191339421,5076460.219791476,-216182.9715479453,2.476201268129104,2.2899137472530757,4,
2015-11-17,8110.0,8110.0,19630.630859375,0.0,0,0.0,0.0,0.0,0.0,161.755616438355,2108600.0,5292643.191339421,5134798.464175037,-157844.72716438363,2.4351695267831914,2.2539735663523914,4,
2015-11-18,8215.0,8115.0,19649.1796875,0.0,0,0.0,0.0,0.0,0.0,161.85534246575298,2109900.0,5292643.191339421,5135936.608832572,-156706.58250684937,2.4342085448753834,2.2530475147285283,4,
2015-11-19,8280.0,8280.0,19859.810546875,0.0,0,0.0,0.0,0.0,0.0,165.14630136986307,2152800.0,5292643.191339421,5178671.462531202,-113971.72880821927,2.4055515898045345,2.2279239403209687,4,
2015-11-20,8230.0,8265.0,19879.810546875,0.0,0,0.0,0.0,0.0,0.0,164.8471232876691,2148900.0,5292643.191339421,5174606.615407914,-118036.57593150693,2.4080257878020914,2.229999052760206,4,
2015-11-24,8300.0,8335.0,19924.890625,0.0,0,0.0,0.0,0.0,0.0,166.2432876712337,2167100.0,5292643.191339421,5192640.372120243,-100002.81921917817,2.396124023866108,2.2195157020446974,4,
2015-11-25,8285.0,8265.0,19847.580078125,0.0,0,0.0,0.0,0.0,0.0,164.8471232876691,2148900.0,5292643.191339421,5174275.524996955,-118367.66634246583,2.4078717134333636,2.2296909040227506,4,
2015-11-26,8325.0,8345.0,19944.41015625,0.0,0,0.0,0.0,0.0,0.0,166.44273972602423,2169700.0,5292643.191339421,5194909.082257229,-97734.10908219186,2.3942983279979853,2.2177489506268317,4,
2015-11-27,8385.0,8290.0,19883.939453125,0.0,0,0.0,0.0,0.0,0.0,165.34575342466087,2155400.0,5292643.191339421,5180443.736503804,-112199.45483561653,2.403472087085369,2.2256746806477627,4,
2015-11-30,8285.0,8190.0,19747.470703125,0.0,0,0.0,0.0,0.0,0.0,163.35123287671195,2129400.0,5292643.191339421,5154280.385270928,-138362.80606849326,2.420531786076326,2.2404867588064405,4,
2015-12-01,8245.0,8365.0,20012.400390625,0.0,0,0.0,0.0,0.0,0.0,166.8416438356162,2174900.0,5292643.191339421,5199613.543627093,-93029.64771232884,2.390736835545125,2.2143817283161358,4,
2015-12-02,8345.0,8355.0,19938.130859375,0.0,0,0.0,0.0,0.0,0.0,166.6421917808202,2172300.0,5292643.191339421,5196846.901435312,-95796.28990410967,2.392324679572486,2.215681782687107,4,
2015-12-03,8310.0,8330.0,19939.900390625,0.0,0,0.0,0.0,0.0,0.0,166.14356164383935,2165800.0,5292643.191339421,5190180.757873667,-102462.4334657535,2.396426612740635,2.2191768627795336,4,
2015-12-04,8075.0,8015.0,19504.48046875,0.0,0,0.0,0.0,0.0,0.0,159.86082191780588,2083900.0,5292643.191339421,5108120.89705175,-184522.2942876713,2.451231295672417,2.2669386860041643,4,
2015-12-07,8165.0,8140.0,19698.150390625,122499.495,15,0.0,0.0,0.0,0.0,171.72054794519863,2238500.0,5292643.191339421,5140049.681503804,-152593.5098356165,2.2962026721035533,2.1245613543302158,4,
2015-12-08,8140.0,7995.0,19492.599609375,0.0,0,0.0,0.0,0.0,0.0,168.6616438356141,2198625.0,5292643.191339421,5100006.019859969,-192637.17147945214,2.3196343259355134,2.14480335135847,4,
2015-12-09,7915.0,7860.0,19301.0703125,269163.822,34,0.0,0.0,0.0,0.0,186.3143013698609,2428740.0,5292643.191339421,5060770.883558599,-231872.30778082198,2.083702200959592,1.9253591647429438,4,
2015-12-10,7720.0,7735.0,19046.55078125,0.0,0,0.0,0.0,0.0,0.0,183.35128767123388,2390115.0,5292643.191339421,5021962.532270928,-270680.6590684932,2.101138452447237,1.9401598313062067,3,
2015-12-11,7755.0,7870.0,19230.48046875,15513.101999999999,2,0.0,0.0,0.0,0.0,187.75879452055233,2447570.0,5292643.191339421,5063716.671476407,-228926.51986301376,2.068875117555946,1.9115986450289035,3,
2015-12-14,7445.0,7500.0,18883.419921875,0.0,0,0.0,0.0,0.0,0.0,178.93150684931607,2332500.0,5292643.191339421,4948467.739969558,-344175.451369863,2.1215295776932726,1.956417420192795,3,
2015-12-15,7480.0,7240.0,18565.900390625,22444.488,3,0.0,0.0,0.0,0.0,174.39473972603082,2273360.0,5292643.191339421,4866708.857229832,-425934.33410958917,2.140755910735577,1.9712717541965383,3,
2015-12-16,7470.0,7580.0,19049.91015625,112072.40999999999,15,0.0,0.0,0.0,0.0,191.30673972602744,2493820.0,5292643.191339421,4974905.140490106,-317738.0508493151,1.9948934327618297,1.840315392306097,3,
2015-12-17,7865.0,7810.0,19353.560546875,0.0,0,0.0,0.0,0.0,0.0,197.11156164383283,2569490.0,5292643.191339421,5050378.028928462,-242265.16241095893,1.9655176820802815,1.8154151635217508,3,
2015-12-18,7785.0,7545.0,18986.80078125,0.0,0,140101.97400000002,5562.158958904125,4432.206366402752,1129.952592501373,180.00509589041758,2346495.0,5297075.397705823,4966175.04524007,-330900.35246575344,2.1164225984884135,1.9496082287728362,3,
2015-12-21,7415.0,7485.0,18916.01953125,0.0,0,0.0,0.0,0.0,0.0,178.573643835618,2327835.0,5297075.397705823,4947336.471596234,-349738.92610958917,2.1252951655062464,1.957066894125505,3,
2015-12-22,7470.0,7450.0,18886.69921875,0.0,0,0.0,0.0,0.0,0.0,177.73863013698792,2316950.0,5297075.397705823,4936273.732966097,-360801.66473972605,2.130505074760395,1.961409756890037,3,
2015-12-24,7595.0,7365.0,18789.689453125,0.0,0,0.0,0.0,0.0,0.0,175.71073972602971,2290515.0,5297075.397705823,4909663.022226371,-387412.3754794522,2.1434756036203084,1.9723520320744106,3,
2015-12-25,7385.0,7335.0,18769.060546875,0.0,0,0.0,0.0,0.0,0.0,174.99501369863356,2281185.0,5297075.397705823,4900158.027212673,-396917.3704931507,2.1480756831263896,1.9761755073435616,3,
2015-12-28,7420.0,7440.0,18873.349609375,0.0,0,0.0,0.0,0.0,0.0,177.50005479451647,2313840.0,5297075.397705823,4932635.527157878,-364439.87054794526,2.1317962897857576,1.962245412219485,3,
2015-12-29,7425.0,7525.0,18982.23046875,0.0,0,0.0,0.0,0.0,0.0,179.52794520548196,2340275.0,5297075.397705823,4958890.999212672,-338184.3984931508,2.118935167539145,1.951222770281066,3,
2015-12-30,7600.0,7550.0,19033.7109375,0.0,0,0.0,0.0,0.0,0.0,180.1243835616442,2348050.0,5297075.397705823,4966485.874829111,-330589.5228767124,2.1151533718741553,1.9479196013510778,3,
2016-01-04,7405.0,7110.0,18450.98046875,0.0,0,0.0,0.0,0.0,0.0,169.62706849315146,2211210.0,5297075.397705823,4829476.247760618,-467599.14994520554,2.184087557382889,2.006427867916395,3,
2016-01-05,7075.0,7040.0,18374.0,0.0,0,0.0,0.0,0.0,0.0,167.95704109589497,2189440.0,5297075.397705823,4807538.290719522,-489537.10698630137,2.195784442925827,2.016281538536439,3,
2016-01-06,7055.0,6910.0,18191.3203125,0.0,0,0.0,0.0,0.0,0.0,164.85556164383524,2149010.0,5297075.397705823,4766943.435157878,-530131.9625479453,2.2182043988431315,2.035247737614033,3,
2016-01-07,6860.0,6585.0,17767.33984375,61752.348000000005,9,0.0,0.0,0.0,0.0,161.64821917808513,2107200.0,5297075.397705823,4663219.4389387,-633855.9587671234,2.212993279678578,2.026329772290991,3,
2016-01-08,6460.0,6550.0,17697.9609375,142148.424,22,0.0,0.0,0.0,0.0,171.84328767123225,2240100.0,5297075.397705823,4653799.171651028,-643276.2260547947,2.077496170550881,1.9018302690041669,3,
2016-01-12,6390.0,6190.0,17218.9609375,146999.394,23,0.0,0.0,0.0,0.0,173.32000000000335,2259350.0,5297075.397705823,4525876.457651028,-771198.9400547947,2.0031763372877283,1.82893042317314,3,
2016-01-13,6355.0,6525.0,17715.630859375,146194.233,23,0.0,0.0,0.0,0.0,194.2126027397244,2531700.0,5297075.397705823,4651838.012048289,-645237.3856575345,1.837436509874112,1.681858550930503,3,
2016-01-14,6125.0,6180.0,17240.94921875,24504.899999999998,4,0.0,0.0,0.0,0.0,185.8402191780806,2422560.0,5297075.397705823,4518007.2718291115,-779068.1258767121,1.8649722903990453,1.7023085962586681,3,
2016-01-15,6410.0,6100.0,17147.109375,115403.076,18,0.0,0.0,0.0,0.0,191.85753424657378,2501000.0,5297075.397705823,4480852.338294865,-816223.0594109589,1.7916242856037043,1.6339855745237528,3,
2016-01-18,5800.0,5970.0,16955.5703125,87017.4,15,0.0,0.0,0.0,0.0,194.6383561643852,2537250.0,5297075.397705823,4429890.2999387,-867185.0977671234,1.7459415902803035,1.5904783703504097,3,
2016-01-19,5935.0,6045.0,17048.369140625,118723.73999999999,20,0.0,0.0,0.0,0.0,206.35808219177852,2690025.0,5297075.397705823,4463735.201856508,-833340.195849315,1.659365694317528,1.5126550084133765,3,
2016-01-20,6010.0,5595.0,16416.189453125,42078.414000000004,7,0.0,0.0,0.0,0.0,194.00087671233268,2528940.0,5297075.397705823,4260377.786979796,-1036697.6107260273,1.6846496108961844,1.528517233803004,3,
2016-01-21,5645.0,5325.0,16017.259765625,141153.225,25,0.0,0.0,0.0,0.0,194.85123287671013,2540025.0,5297075.397705823,4130114.7107469193,-1166960.686958904,1.6260134096108974,1.4704857022226219,3,
2016-01-22,5675.0,5930.0,16958.529296875,141903.375,25,0.0,0.0,0.0,0.0,228.36186301368434,2976860.0,5297075.397705823,4424817.973883905,-872257.4238219181,1.486404457678193,1.3536227256444668,3,
2016-01-25,6080.0,6045.0,17110.91015625,0.0,0,0.0,0.0,0.0,0.0,232.79046575342,3034590.0,5297075.397705823,4482315.183418152,-814760.2142876714,1.4770743933836703,1.346741986934143,3,
2016-01-26,5800.0,5755.0,16708.900390625,0.0,0,144971.0,3784.596917808213,3015.7560539554747,768.8408638527385,210.58569863012963,2745135.0,5300091.1537597785,4336851.7568556685,-963239.3969041095,1.5798318686897614,1.4343014667590337,3,
2016-01-27,5990.0,6060.0,17163.919921875,0.0,0,0.0,0.0,0.0,0.0,221.74619178082867,2890620.0,5300091.1537597785,4482115.0106638875,-817976.1430958905,1.5505721992734733,1.4122896349461356,3,
2016-01-28,5975.0,6000.0,17041.44921875,0.0,0,0.0,0.0,0.0,0.0,219.55068493150975,2862000.0,5300091.1537597785,4453275.459978957,-846815.6937808221,1.5560012089374413,1.4162591066380625,3,
2016-01-29,6030.0,6355.0,17518.30078125,0.0,0,0.0,0.0,0.0,0.0,232.54076712329334,3031335.0,5300091.1537597785,4622377.919211834,-677713.2345479451,1.5248654204209808,1.3928528129236424,3,
2016-02-01,6525.0,6575.0,17865.23046875,0.0,0,260947.8,31889.72335616438,25411.326056359587,6478.397299804794,220.4156164383494,2873275.0,5325502.479816139,4718566.906295591,-606935.573520548,1.642225998658531,1.4917758758820658,3,
2016-02-02,6435.0,6490.0,17750.6796875,0.0,0,173710.251,12787.721547945199,10189.895915480132,2597.825632465067,204.12383561643946,2660900.0,5335692.375731618,4677100.207827508,-658592.1679041098,1.757713633668123,1.5903731015533842,3,
2016-02-03,6240.0,6085.0,17191.25,0.0,0,0.0,0.0,0.0,0.0,191.38575342465265,2494850.0,5335692.375731618,4510858.822074084,-824833.5536575343,1.8080681492170205,1.6295132029647275,3,
2016-02-04,5975.0,5965.0,17044.990234375,0.0,0,0.0,0.0,0.0,0.0,187.61150684932,2445650.0,5335692.375731618,4461471.210567234,-874221.1651643836,1.8242476276520492,1.6420239165059807,3,
2016-02-05,5790.0,5820.0,16819.58984375,0.0,0,0.0,0.0,0.0,0.0,183.05095890411394,2386200.0,5335692.375731618,4401838.159608331,-933854.2161232879,1.8447062943627235,1.6578659330672378,3,
2016-02-08,5670.0,5945.0,17004.30078125,0.0,0,0.0,0.0,0.0,0.0,186.98246575342637,2437450.0,5335692.375731618,4452901.177142577,-882791.198589041,1.8268687263913423,1.6438801717177938,3,
2016-02-09,5485.0,5310.0,16085.4404296875,0.0,0,0.0,0.0,0.0,0.0,167.01041095890469,2177100.0,5335692.375731618,4192384.1667316183,-1143308.2089999998,1.9256736790830087,1.7207255999869637,3,
2016-02-10,5345.0,5025.0,15713.3896484375,0.0,0,0.0,0.0,0.0,0.0,158.04657534246144,2060250.0,5335692.375731618,4075376.1201562756,-1260316.2555753426,1.9780978619858152,1.7614491496570484,3,
2016-02-12,4605.0,4565.0,14952.6103515625,0.0,0,0.0,0.0,0.0,0.0,143.5786301369808,1871650.0,5335692.375731618,3886632.5415261383,-1449059.8342054798,2.076580846593187,1.8380244454468833,3,
2016-02-15,4940.0,5200.0,16022.580078125,0.0,0,0.0,0.0,0.0,0.0,163.55068493150247,2132000.0,5335692.375731618,4146818.990841207,-1188873.384890411,1.9450370501131364,1.7355353433165086,3,
2016-02-16,5095.0,5210.0,16054.4296875,0.0,0,0.0,0.0,0.0,0.0,163.86520547945474,2136100.0,5335692.375731618,4150755.1256357282,-1184937.2500958901,1.9431464470931736,1.7339701425681562,3,
2016-02-17,5175.0,5080.0,15836.3603515625,0.0,0,0.0,0.0,0.0,0.0,159.77643835616618,2082800.0,5335692.375731618,4097295.349197372,-1238397.0265342463,1.9672053721900191,1.7525994184094131,3,
2016-02-18,5375.0,5300.0,16196.7998046875,0.0,0,0.0,0.0,0.0,0.0,166.69589041095605,2173000.0,5335692.375731618,4187328.6533069606,-1148363.7224246575,1.9269805123363832,1.721206017893375,3,
2016-02-19,5175.0,5170.0,15967.169921875,0.0,0,0.0,0.0,0.0,0.0,162.6071232876675,2119700.0,5335692.375731618,4133866.0461836727,-1201826.3295479454,1.9502127877452813,1.7391873673801617,3,
2016-02-22,5065.0,5240.0,16111.0498046875,0.0,0,0.0,0.0,0.0,0.0,164.8087671232861,2148400.0,5335692.375731618,4162401.237416549,-1173291.138315069,1.937442393137474,1.7291593023186933,3,
2016-02-23,5325.0,5210.0,16052.0498046875,0.0,0,0.0,0.0,0.0,0.0,163.86520547945474,2136100.0,5335692.375731618,4149937.37221107,-1185755.0035205483,1.942763621652109,1.7332044916860272,3,
2016-02-24,5080.0,5115.0,15915.7900390625,0.0,0,0.0,0.0,0.0,0.0,160.87726027397366,2097150.0,5335692.375731618,4110826.494950796,-1224865.8807808221,1.960196693107692,1.7466687457597094,3,
2016-02-25,5165.0,5295.0,16140.33984375,0.0,0,0.0,0.0,0.0,0.0,166.53863013697992,2170950.0,5335692.375731618,4184459.9563206593,-1151232.419410959,1.9274787334211563,1.721132814164168,3,
2016-02-26,5400.0,5310.0,16188.41015625,0.0,0,0.0,0.0,0.0,0.0,167.01041095890469,2177100.0,5335692.375731618,4190442.9459097004,-1145249.4298219178,1.9247820246702956,1.7189422911615373,3,
2016-02-29,5410.0,5215.0,16026.759765625,0.0,0,0.0,0.0,0.0,0.0,164.02246575342724,2138150.0,5335692.375731618,4151328.9234439465,-1184363.4522876716,1.9415517730018692,1.7318856100630338,3,
2016-03-01,5185.0,5235.0,16085.509765625,0.0,0,0.0,0.0,0.0,0.0,164.6515068493136,2146350.0,5335692.375731618,4159364.2719370974,-1176328.1037945205,1.937877919228969,1.7289360608207318,3,
2016-03-02,5520.0,5655.0,16746.55078125,0.0,0,0.0,0.0,0.0,0.0,177.8613698630179,2318550.0,5335692.375731618,4331386.410567234,-1004305.9651643835,1.8681444914137,1.6746441488873873,3,
2016-03-03,5635.0,5810.0,16960.16015625,0.0,0,0.0,0.0,0.0,0.0,182.73643835616895,2382100.0,5335692.375731618,4394753.674128878,-940938.7016027399,1.8449072978165812,1.6564924724092773,3,
2016-03-04,5785.0,5845.0,17014.779296875,0.0,0,0.0,0.0,0.0,0.0,183.8372602739837,2396450.0,5335692.375731618,4408919.836868605,-926772.5388630138,1.839771260351188,1.6524079551025854,3,
2016-03-07,5860.0,5775.0,16911.3203125,0.0,0,0.0,0.0,0.0,0.0,181.63561643835783,2367750.0,5335692.375731618,4380038.201252166,-955654.174479452,1.8498735936024353,1.660162505658416,3,
2016-03-08,5760.0,5675.0,16783.150390625,0.0,0,0.0,0.0,0.0,0.0,178.4904109589006,2326750.0,5335692.375731618,4338859.710841207,-996832.6648904112,1.8647726274164422,1.6716419004838494,3,
2016-03-09,5580.0,5595.0,16642.19921875,0.0,0,0.0,0.0,0.0,0.0,175.9742465753443,2293950.0,5335692.375731618,4305883.736594632,-1029808.6391369863,1.8770608498854082,1.6810919346357358,3,
2016-03-10,5705.0,5725.0,16852.349609375,0.0,0,0.0,0.0,0.0,0.0,180.06301369863286,2347250.0,5335692.375731618,4359003.673580933,-976688.7021506848,1.8570683453321688,1.665472666920971,3,
2016-03-11,5575.0,5790.0,16938.869140625,0.0,0,0.0,0.0,0.0,0.0,182.10739726026077,2373900.0,5335692.375731618,4385471.566183673,-950220.8095479452,1.8473699676412962,1.6578484782997298,3,
2016-03-14,5940.0,5990.0,17233.75,0.0,0,0.0,0.0,0.0,0.0,188.3978082191752,2455900.0,5335692.375731618,4467283.168375454,-868409.2073561645,1.819000435024005,1.6357301628809358,3,
2016-03-15,5990.0,5900.0,17117.0703125,0.0,0,0.0,0.0,0.0,0.0,185.56712328766662,2419000.0,5335692.375731618,4430197.601252166,-905494.7744794522,1.83141694967018,1.6452743169792123,3,
2016-03-16,5825.0,5815.0,16974.44921875,0.0,0,0.0,0.0,0.0,0.0,182.8936986301378,2384150.0,5335692.375731618,4395164.707553536,-940527.6681780822,1.8434933655825076,1.6545531050376254,3,
2016-03-17,5900.0,5780.0,16936.380859375,0.0,0,0.0,0.0,0.0,0.0,181.79287671233396,2369800.0,5335692.375731618,4380632.914676824,-955059.4610547947,1.84852431204187,1.6583632372445056,3,
2016-03-18,5750.0,5635.0,16724.810546875,0.0,0,0.0,0.0,0.0,0.0,177.23232876712063,2310350.0,5335692.375731618,4321005.682348056,-1014686.6933835619,1.870281854415156,1.6751508364379835,3,
2016-03-22,5820.0,5840.0,17048.55078125,0.0,0,0.0,0.0,0.0,0.0,183.6800000000003,2394400.0,5335692.375731618,4404872.002348056,-930820.3733835617,1.8396558646625694,1.6512977676931573,3,
2016-03-23,5865.0,5830.0,17000.98046875,0.0,0,0.0,0.0,0.0,0.0,183.36547945204802,2390300.0,5335692.375731618,4400588.636868604,-935103.7388630137,1.8410193853778205,1.6522614918652851,3,
2016-03-24,5790.0,5745.0,16892.330078125,0.0,0,0.0,0.0,0.0,0.0,180.69205479451557,2355450.0,5335692.375731618,4365557.94481381,-970134.4309178083,1.8533859537726594,1.6617585853641563,3,
2016-03-25,5795.0,5820.0,17002.75,0.0,0,0.0,0.0,0.0,0.0,183.05095890411394,2386200.0,5335692.375731618,4396124.893854906,-939567.4818767126,1.842311999771564,1.653077343884919,3,
2016-03-28,5900.0,5890.0,17134.369140625,0.0,0,0.0,0.0,0.0,0.0,185.2526027397289,2414900.0,5335692.375731618,4424639.641252166,-911052.7344794524,1.8322247882944078,1.6451623888246778,3,
2016-03-29,5875.0,5980.0,17103.529296875,0.0,0,0.0,0.0,0.0,0.0,188.08328767123385,2451800.0,5335692.375731618,4461351.557964494,-874340.8177671233,1.8196229537337851,1.6352991623286453,3,
2016-03-30,5950.0,5825.0,16878.9609375,0.0,0,0.0,0.0,0.0,0.0,183.20821917808644,2388250.0,5335692.375731618,4397618.349745316,-938074.0259863015,1.8413559509035136,1.652050693921916,3,
2016-03-31,5920.0,5745.0,16758.669921875,0.0,0,0.0,0.0,0.0,0.0,180.69205479451557,2355450.0,5335692.375731618,4364637.657690522,-971054.7180410959,1.8529952483349348,1.6609771744887079,3,
2016-04-01,5720.0,5335.0,16164.16015625,0.0,0,0.0,0.0,0.0,0.0,167.79671232876717,2187350.0,5335692.375731618,4196369.860978194,-1139322.5147534246,1.9184720602455911,1.7116204961367725,3,
2016-04-04,5275.0,5295.0,16123.26953125,110797.155,21,0.0,0.0,0.0,0.0,175.06865753424063,2282145.0,5335692.375731618,4180192.637320659,-1155499.738410959,1.831694584402244,1.6333584412514106,3,
2016-04-05,5260.0,5035.0,15732.8203125,115743.144,22,0.0,0.0,0.0,0.0,174.9696986301351,2280855.0,5335692.375731618,4062984.5236220295,-1272707.852109589,1.7813427524424084,1.5828177225261757,3,
2016-04-06,5040.0,5045.0,15715.3603515625,131066.208,26,0.0,0.0,0.0,0.0,185.37956164382922,2416555.0,5335692.375731618,4067432.9360603853,-1268259.4396712328,1.6831534709784737,1.4956997665640357,3,
2016-04-07,5045.0,5050.0,15749.83984375,131196.234,26,0.0,0.0,0.0,0.0,195.63561643836147,2550250.0,5335692.375731618,4069736.0664439467,-1265956.3092876715,1.5958184752255453,1.4181151824943736,3,
2016-04-08,4900.0,5105.0,15821.51953125,127425.47999999998,26,0.0,0.0,0.0,0.0,207.94832876711735,2710755.0,5335692.375731618,4102607.6381151797,-1233084.7376164384,1.513455711827583,1.346197597163426,3,
2016-04-11,5065.0,5070.0,15751.1298828125,40528.104,8,131663.662,4227.99997260277,3369.0817781685173,858.9181944342527,199.5218630137024,2600910.0,5339061.457509787,4082839.7560577323,-1256221.7014520545,1.5697735623523046,1.3937492891356016,3,
2016-04-12,5040.0,5170.0,15928.7900390625,60492.096,12,0.0,0.0,0.0,0.0,208.21643835616123,2714250.0,5339061.457509787,4135479.4436193756,-1203582.0138904112,1.523617737356314,1.3548670663089122,3,
2016-04-13,5330.0,5465.0,16381.2197265625,0.0,0,0.0,0.0,0.0,0.0,220.09726027397846,2869125.0,5339061.457509787,4290134.346359102,-1048927.1111506848,1.4952762066341139,1.335557962866176,3,
2016-04-14,5635.0,5810.0,16911.05078125,0.0,0,405638.856,42223.56687671236,33645.84926570824,8577.717611004115,201.90147945205172,2631930.0,5372707.306775495,4449798.583268646,-922908.7235068493,1.690697922539219,1.5004660111635937,3,
2016-04-15,5700.0,5760.0,16848.029296875,0.0,0,245050.97999999998,18364.433164383558,14633.698567039039,3730.73459734452,181.1638356164476,2361600.0,5387341.005342535,4420607.664835686,-966733.3405068493,1.8718697767766286,1.6520092282049608,3,
2016-04-18,5410.0,5390.0,16275.9501953125,0.0,0,0.0,0.0,0.0,0.0,169.52657534246828,2209900.0,5387341.005342535,4268738.138260343,-1118602.8670821919,1.9316431233360527,1.696613394351849,3,
2016-04-19,5690.0,5790.0,16874.439453125,0.0,0,0.0,0.0,0.0,0.0,182.10739726026077,2373900.0,5387341.005342535,4432556.030863083,-954784.974479452,1.867204191778543,1.6483346920188846,3,
2016-04-20,5900.0,5810.0,16906.5390625,0.0,0,0.0,0.0,0.0,0.0,182.7364383561653,2382100.0,5387341.005342535,4440573.294424727,-946767.7109178082,1.86414226708565,1.6459494784043147,3,
2016-04-21,6030.0,6105.0,17363.619140625,0.0,0,0.0,0.0,0.0,0.0,192.01479452056083,2503050.0,5387341.005342535,4561331.279630206,-826009.7257123288,1.8223092945127766,1.6145830977878495,3,
2016-04-22,6005.0,6260.0,17572.490234375,0.0,0,0.0,0.0,0.0,0.0,196.88986301369005,2566600.0,5387341.005342535,4624684.389767192,-762656.6155753427,1.801871888789524,1.5992123600061754,3,
2016-04-25,6300.0,6170.0,17439.30078125,0.0,0,0.0,0.0,0.0,0.0,194.0591780821851,2529700.0,5387341.005342535,4587590.33058911,-799750.6747534247,1.8134918490687078,1.6077994722044848,3,
2016-04-26,6130.0,6095.0,17353.279296875,0.0,0,0.0,0.0,0.0,0.0,191.70027397260128,2498950.0,5387341.005342535,4556648.630315137,-830692.3750273974,1.8234252907481692,1.6151251222664476,3,
2016-04-27,6135.0,6080.0,17290.490234375,0.0,0,0.0,0.0,0.0,0.0,191.22849315070198,2492800.0,5387341.005342535,4550307.401821987,-837033.603520548,1.8253800552880242,1.6164892760355578,3,
2016-04-28,6185.0,5615.0,16666.05078125,0.0,0,0.0,0.0,0.0,0.0,176.60328767121973,2302150.0,5387341.005342535,4359480.798534316,-1027860.2068082191,1.8936562771905896,1.6673897273097302,3,
2016-05-02,5180.0,5275.0,16147.3798828125,0.0,0,0.0,0.0,0.0,0.0,165.90958904108993,2162750.0,5387341.005342535,4219914.888945275,-1167426.11639726,1.951180159031453,1.7102528917110225,3,
2016-05-06,5315.0,5255.0,16106.7197265625,0.0,0,0.0,0.0,0.0,0.0,165.28054794520722,2154550.0,5387341.005342535,4211549.608397329,-1175791.3969452057,1.954723542455422,1.7128026179258422,3,
2016-05-09,5345.0,5325.0,16216.0302734375,0.0,0,0.0,0.0,0.0,0.0,167.4821917808149,2183250.0,5387341.005342535,4240082.126205549,-1147258.879136986,1.9420964737000108,1.7032790180091892,3,
2016-05-10,5365.0,5555.0,16565.189453125,0.0,0,0.0,0.0,0.0,0.0,174.7161643835716,2277550.0,5387341.005342535,4334207.410041165,-1053133.59530137,1.903013066690595,1.6740069301397529,3,
2016-05-11,5665.0,5555.0,16579.009765625,0.0,0,0.0,0.0,0.0,0.0,174.7161643835716,2277550.0,5387341.005342535,4334032.6938767815,-1053308.3114657535,1.902936354361828,1.673853505482219,3,
2016-05-12,5475.0,5605.0,16646.33984375,0.0,0,0.0,0.0,0.0,0.0,176.28876712327474,2298050.0,5387341.005342535,4354356.405109658,-1032984.6002328767,1.894804902029833,1.667688898795405,3,
2016-05-13,5650.0,5445.0,16412.2109375,0.0,0,0.0,0.0,0.0,0.0,171.2564383561621,2232450.0,5387341.005342535,4288585.148671302,-1098755.856671233,1.9210218140031365,1.6871553499518777,3,
2016-05-16,5455.0,5470.0,16466.400390625,0.0,0,0.0,0.0,0.0,0.0,172.04273972602095,2242700.0,5387341.005342535,4298663.105931576,-1088677.8994109589,1.9167356783928196,1.6838613615377074,3,
2016-05-17,5590.0,5595.0,16652.80078125,0.0,0,0.0,0.0,0.0,0.0,175.97424657533702,2293950.0,5387341.005342535,4349737.131685,-1037603.8736575344,1.896177829370736,1.6684295329137362,3,
2016-05-18,5570.0,5600.0,16644.689453125,0.0,0,0.0,0.0,0.0,0.0,176.13150684932043,2296000.0,5387341.005342535,4351611.000178151,-1035730.0051643837,1.8953009582657452,1.6676792961732434,3,
2016-05-19,5710.0,5595.0,16646.66015625,0.0,0,0.0,0.0,0.0,0.0,175.97424657533702,2293950.0,5387341.005342535,4349385.025931575,-1037955.9794109591,1.8960243361588418,1.668122546489948,3,
2016-05-20,5570.0,5655.0,16736.349609375,0.0,0,0.0,0.0,0.0,0.0,177.86136986302154,2318550.0,5387341.005342535,4373807.164561713,-1013533.840780822,1.8864407343217584,1.6608802884479048,3,
2016-05-23,5620.0,5605.0,16654.599609375,0.0,0,0.0,0.0,0.0,0.0,176.28876712327474,2298050.0,5387341.005342535,4353130.8757945895,-1034210.1295479452,1.8942716110591977,1.6666223168541345,3,
2016-05-24,5575.0,5490.0,16498.759765625,0.0,0,0.0,0.0,0.0,0.0,172.67178082191094,2250900.0,5387341.005342535,4305808.204013768,-1081532.8013287673,1.9129273641715614,1.680432747649829,3,
2016-05-25,5685.0,5675.0,16757.349609375,0.0,0,0.0,0.0,0.0,0.0,178.49041095890425,2326750.0,5387341.005342535,4381479.713602808,-1005861.2917397261,1.8830900241120911,1.6580978149191283,3,
2016-05-26,5800.0,5680.0,16772.4609375,0.0,0,0.0,0.0,0.0,0.0,178.64767123288038,2328800.0,5387341.005342535,4383351.065931575,-1003989.939410959,1.882235943804352,1.657365078804799,5,
2016-05-27,5725.0,5725.0,16834.83984375,0.0,0,0.0,0.0,0.0,0.0,180.06301369862194,2347250.0,5387341.005342535,4401621.002917877,-985720.0024246576,1.8752246258037608,1.6520445923924676,5,
2016-05-30,5820.0,5885.0,17068.01953125,0.0,0,0.0,0.0,0.0,0.0,185.09534246574185,2412850.0,5387341.005342535,4467035.907575412,-920305.0977671233,1.8513525115839824,1.6341635322578232,5,
2016-05-31,5840.0,5995.0,17234.98046875,0.0,0,0.0,0.0,0.0,0.0,188.55506849315134,2457950.0,5387341.005342535,4511947.352506918,-875393.6528356166,1.8356546522536739,1.622374079485466,5,
2016-06-01,5900.0,5795.0,16955.73046875,0.0,0,0.0,0.0,0.0,0.0,182.26465753425146,2375950.0,5387341.005342535,4429765.087849384,-957575.9174931507,1.8644184801234809,1.643700346958578,5,
2016-06-02,5715.0,5525.0,16562.55078125,0.0,0,0.0,0.0,0.0,0.0,173.77260273972206,2265250.0,5387341.005342535,4318891.315246644,-1068449.6900958905,1.906584842841472,1.6750037718356712,5,
2016-06-03,5565.0,5575.0,16642.23046875,50095.017,9,0.0,0.0,0.0,0.0,179.19424657535274,2335925.0,5387341.005342535,4339292.104000069,-1048048.9013424658,1.8576333161381762,1.6329821756510177,5,
2016-06-06,5380.0,5540.0,16580.029296875,43048.608,8,0.0,0.0,0.0,0.0,181.469150684934,2365580.0,5387341.005342535,4325717.0268493835,-1061623.9784931508,1.8286073719127587,1.6066957542574052,5,
2016-06-07,5580.0,5595.0,16675.44921875,50230.044,9,0.0,0.0,0.0,0.0,187.1335890410919,2439420.0,5387341.005342535,4349139.849260343,-1038201.1560821919,1.7828581586034153,1.5675869801748574,5,
2016-06-08,5620.0,5695.0,16830.919921875,39347.868,7,44951.008,1895.5664657534262,1510.4821382356176,385.0843275178085,190.04136986303638,2477325.0,5388851.48748077,4392072.863562962,-996778.6239178083,1.7729094339914877,1.5600901931095652,5,
2016-06-09,5645.0,5595.0,16668.41015625,0.0,0,0.0,0.0,0.0,0.0,186.70438356163504,2433825.0,5388851.48748077,4348386.1591794,-1040465.3283013699,1.7866470100271794,1.5699473170330773,5,
2016-06-10,5595.0,5540.0,16601.359375,16788.357,3,0.0,0.0,0.0,0.0,186.14400000000023,2426520.0,5388851.48748077,4324106.6581794005,-1064744.8293013698,1.7820197889073244,1.564591012593356,5,
2016-06-13,5355.0,5170.0,16019.1796875,42848.568,8,0.0,0.0,0.0,0.0,176.88482191781804,2305820.0,5388851.48748077,4160381.2053574827,-1228470.2821232874,1.8042957409327192,1.5754087683488716,5,
2016-06-14,5145.0,5065.0,15859.0,56606.318999999996,11,0.0,0.0,0.0,0.0,177.5664109588979,2314705.0,5388851.48748077,4112482.3199465233,-1276369.1675342466,1.7766766477570677,1.5485915459690445,5,
2016-06-15,5025.0,5110.0,15919.580078125,55286.055,11,0.0,0.0,0.0,0.0,183.45599999999104,2391480.0,5388851.48748077,4133787.8089465233,-1255063.6785342465,1.728547932220434,1.5077084597873605,5,
2016-06-16,5060.0,4780.0,15434.1396484375,106281.252,21,0.0,0.0,0.0,0.0,179.3089315068646,2337420.0,5388851.48748077,3973267.2480150163,-1415584.2394657535,1.6998516518276632,1.4738278775527132,3,
2016-06-17,4960.0,4895.0,15599.66015625,128985.792,26,0.0,0.0,0.0,0.0,193.38602739724593,2520925.0,5388851.48748077,4027593.0699876193,-1361258.4174931508,1.5976647738380234,1.388017173654301,3,
2016-06-20,5045.0,5115.0,15965.2998046875,90828.162,18,0.0,0.0,0.0,0.0,209.14043835619668,2726295.0,5388851.48748077,4141925.767549263,-1246925.719931507,1.5192507661677341,1.3253190687793346,3,
2016-06-21,5040.0,5235.0,16169.1103515625,0.0,0,0.0,0.0,0.0,0.0,214.0469589040731,2790255.0,5388851.48748077,4205671.720590359,-1183179.766890411,1.5072714574798212,1.3177084734907551,3,
2016-06-22,5200.0,5175.0,16065.7197265625,0.0,0,135172.96,6156.761534246566,4906.015428564377,1250.7461056821899,201.27205479454278,2623725.0,5393757.502909334,4172862.662429882,-1220894.8404794522,1.5904344633793108,1.3864164746497556,3,
2016-06-23,5205.0,5285.0,16238.349609375,0.0,0,0.0,0.0,0.0,0.0,205.5503013698908,2679495.0,5393757.502909334,4228427.112128513,-1165330.390780822,1.5780686704504068,1.3782203229891044,3,
2016-06-24,5355.0,4430.0,14952.01953125,0.0,0,58893.219,3577.1276712328736,2850.4341848219156,726.6934864109583,168.55846575341275,2197280.0,5396607.937094157,3804210.0791763486,-1592397.857917808,1.7313269493083943,1.485915197543572,3,
2016-06-27,4565.0,4660.0,15309.2099609375,0.0,0,0.0,0.0,0.0,0.0,177.30980821916455,2311360.0,5396607.937094157,3918112.769368129,-1478495.1677260275,1.6951547008549637,1.4617788339514832,3,
2016-06-28,4515.0,4685.0,15323.1396484375,0.0,0,0.0,0.0,0.0,0.0,178.26104109589505,2323760.0,5396607.937094157,3930334.5083270334,-1466273.4287671235,1.6913685184042386,1.4591612746410598,3,
2016-06-29,4800.0,4830.0,15566.830078125,0.0,0,0.0,0.0,0.0,0.0,183.77819178082427,2395680.0,5396607.937094157,4002070.7301352527,-1394537.206958904,1.6705364364753443,1.4452235052996845,3,
2016-06-30,4950.0,4850.0,15575.919921875,54460.89,11,0.0,0.0,0.0,0.0,188.63178082191007,2458950.0,5396607.937094157,4010691.2083544303,-1385916.7287397264,1.631058463309311,1.4114662329916037,5,
2016-07-01,4915.0,4895.0,15682.48046875,54075.813,11,0.0,0.0,0.0,0.0,194.51254794519627,2535610.0,5396607.937094157,4033080.8828064855,-1363527.0542876709,1.5905761859302043,1.3775462533744596,5,
2016-07-04,4820.0,4955.0,15775.7998046875,33746.748,7,0.0,0.0,0.0,0.0,199.55753424655268,2601375.0,5396607.937094157,4064899.5772722387,-1331708.359821918,1.5625965411646683,1.3548754764116362,5,
2016-07-05,4895.0,4890.0,15669.330078125,9791.958,2,0.0,0.0,0.0,0.0,197.68997260276956,2577030.0,5396607.937094157,4030564.929299636,-1366043.0077945206,1.5640349275327163,1.3542748258674189,5,
2016-07-06,4740.0,4710.0,15378.990234375,33186.636,7,0.0,0.0,0.0,0.0,192.94224657534505,2515140.0,5396607.937094157,3935295.3510530605,-1461312.5860410961,1.5646426644453433,1.3496442877978816,5,
2016-07-07,4705.0,4650.0,15276.240234375,56471.292,12,0.0,0.0,0.0,0.0,194.76493150686292,2538900.0,5396607.937094157,3902389.2941215537,-1494218.642972603,1.5370393848208097,1.3239763331162904,5,
2016-07-08,4660.0,4560.0,15106.98046875,55931.183999999994,12,0.0,0.0,0.0,0.0,195.19298630135017,2544480.0,5396607.937094157,3851842.9171352526,-1544765.0199589042,1.5138035736713407,1.301131053172494,5,
2016-07-11,4785.0,4915.0,15708.8203125,52645.527,11,0.0,0.0,0.0,0.0,214.53638356162992,2796635.0,5396607.937094157,4051137.85375169,-1345470.0833424663,1.4485758255016081,1.2550019371170078,5,
2016-07-12,5135.0,5145.0,16095.650390625,0.0,0,61607.676,5667.769808219184,4516.362371679456,1151.407436539727,219.83950684929005,2865765.0,5401124.299465836,4180504.282808301,-1220620.0166575348,1.458774282890712,1.2678154566584374,5,
2016-07-13,5370.0,5240.0,16231.4296875,0.0,0,198650.262,22542.79056164385,17963.222659045903,4579.567902597948,209.02575342467026,2724800.0,5419087.522124882,4233400.95115228,-1185686.5709726023,1.5536556632238256,1.3444678560553718,5,
2016-07-14,5250.0,5350.0,16385.890625,0.0,0,125974.79999999999,7562.623054794512,6026.276181213007,1536.3468735815052,203.5638356164418,2653600.0,5425113.7983060945,4286435.84044308,-1138677.9578630137,1.6153285500614563,1.3976012649156113,5,
2016-07-15,5395.0,5420.0,16497.849609375,0.0,0,210362.919,12957.9630821918,10325.552882044536,2632.410200147264,190.0118356164312,2476940.0,5435439.351188139,4317316.337407317,-1118123.0137808223,1.7430040038948529,1.5044398486142154,5,
2016-07-19,5495.0,5565.0,16723.310546875,0.0,0,0.0,0.0,0.0,0.0,195.0951780821997,2543205.0,5435439.351188139,4383386.242229235,-1052053.108958904,1.7235677982031474,1.4911428879191142,5,
2016-07-20,5495.0,5530.0,16681.890625,0.0,0,60432.911,3721.6104109589082,2965.565255972606,756.0451549863022,189.20175342465518,2466380.0,5438404.916444112,4366048.906320823,-1072356.0101232878,1.7702255558027649,1.5289752188217292,5,
2016-07-21,5670.0,5610.0,16810.220703125,0.0,0,0.0,0.0,0.0,0.0,191.93884931506182,2502060.0,5438404.916444112,4401536.967471508,-1036867.9489726028,1.7591652348350992,1.521278475535721,5,
2016-07-22,5460.0,5485.0,16627.25,0.0,0,0.0,0.0,0.0,0.0,187.662136986306,2446310.0,5438404.916444112,4345599.305334522,-1092805.6111095892,1.7763894622245433,1.5330046879687913,5,
2016-07-25,5515.0,5490.0,16620.2890625,0.0,0,0.0,0.0,0.0,0.0,187.8332054794446,2448540.0,5438404.916444112,4347641.472129043,-1090763.4443150684,1.775605655667885,1.532365830990703,5,
2016-07-26,5440.0,5340.0,16383.0400390625,0.0,0,0.0,0.0,0.0,0.0,182.7011506849376,2381640.0,5438404.916444112,4280558.770978358,-1157846.1454657537,1.7973156190601256,1.5471665027093113,5,
2016-07-27,5455.0,5530.0,16664.8203125,0.0,0,0.0,0.0,0.0,0.0,189.20175342465518,2466380.0,5438404.916444112,4365109.569224933,-1073295.3472191782,1.7698446992048804,1.52821350562596,5,
2016-07-28,5450.0,5390.0,16476.83984375,0.0,0,0.0,0.0,0.0,0.0,184.4118356164472,2403940.0,5438404.916444112,4302485.157389317,-1135919.7590547944,1.789763953089227,1.541779912283386,5,
2016-07-29,5375.0,5445.0,16569.26953125,0.0,0,0.0,0.0,0.0,0.0,186.29358904108813,2428470.0,5438404.916444112,4326828.863800276,-1111576.0526438355,1.7817098270928922,1.536153963259353,5,
2016-08-01,5320.0,5485.0,16635.76953125,0.0,0,0.0,0.0,0.0,0.0,187.662136986306,2446310.0,5438404.916444112,4344481.201663289,-1093923.7147808222,1.775932404994988,1.5320905735096808,5,
2016-08-02,5375.0,5330.0,16391.44921875,0.0,0,0.0,0.0,0.0,0.0,182.35901369862404,2377180.0,5438404.916444112,4275168.84264959,-1163236.0737945212,1.7984203310853997,1.547410702115561,5,
2016-08-03,5200.0,5130.0,16083.1103515625,0.0,0,0.0,0.0,0.0,0.0,175.51627397260745,2287980.0,5438404.916444112,4185793.3263756186,-1252611.5900684933,1.8294711170445628,1.56859882529879,5,
2016-08-04,5180.0,5240.0,16254.8896484375,46629.324,9,0.0,0.0,0.0,0.0,182.89753424658556,2384200.0,5438404.916444112,4235201.104841372,-1203203.81160274,1.7763615069379128,1.525940617917386,5,
2016-08-05,5240.0,5235.0,16254.4501953125,0.0,0,0.0,0.0,0.0,0.0,182.72301369859633,2381925.0,5438404.916444112,4232743.381827673,-1205661.5346164382,1.7770263051219803,1.526289524318035,5,
2016-08-08,5410.0,5485.0,16650.5703125,0.0,0,0.0,0.0,0.0,0.0,191.44904109589697,2495675.0,5438404.916444112,4346301.932786577,-1092102.9836575345,1.7415336262881094,1.5021484276314199,5,
2016-08-09,5490.0,5565.0,16764.970703125,0.0,0,49400.118,2759.775041095892,2199.1267414972617,560.6482995986305,190.3992328767199,2481990.0,5440604.043185609,4381266.003254103,-1059338.0399315068,1.7652230682855703,1.523329333850094,5,
2016-08-10,5520.0,5530.0,16735.119140625,0.0,0,44151.168,1173.1893698630122,934.8559493753412,238.33342048767094,185.80799999999726,2422140.0,5441538.899134984,4365143.029833615,-1076395.8693013699,1.8021844442656556,1.5537525504439236,5,
2016-08-12,5620.0,5665.0,16919.919921875,0.0,0,0.0,0.0,0.0,0.0,190.34399999999005,2481270.0,5441538.899134984,4424082.685833614,-1017456.2133013702,1.7829912447390306,1.5404029043724563,5,
2016-08-15,5640.0,5635.0,16869.560546875,0.0,0,0.0,0.0,0.0,0.0,189.3359999999957,2468130.0,5441538.899134984,4410753.349833614,-1030785.5493013702,1.787083074973204,1.54312651381096,5,
2016-08-16,5655.0,5455.0,16596.509765625,0.0,0,0.0,0.0,0.0,0.0,183.28800000000774,2389290.0,5441538.899134984,4331730.0618336145,-1109808.83730137,1.8129779398204549,1.5608947706357308,5,
2016-08-17,5455.0,5560.0,16745.640625,0.0,0,0.0,0.0,0.0,0.0,186.81600000001345,2435280.0,5441538.899134984,4377533.245833614,-1064005.65330137,1.7975482268296106,1.5501489087629532,5,
2016-08-18,5470.0,5385.0,16486.009765625,0.0,0,0.0,0.0,0.0,0.0,180.93600000001607,2358630.0,5441538.899134984,4300702.309833614,-1140836.58930137,1.823389980553802,1.5678740466000367,5,
2016-08-19,5435.0,5420.0,16545.8203125,10872.173999999999,2,0.0,0.0,0.0,0.0,182.9435616438277,2384800.0,5441538.899134984,4315817.19227197,-1125721.7068630136,1.809718715310286,1.556930015686413,5,
2016-08-22,5455.0,5445.0,16598.189453125,5456.090999999999,1,0.0,0.0,0.0,0.0,184.20509589040012,2401245.0,5441538.899134984,4326621.89617608,-1114917.0029589038,1.8018244269852015,1.5506902461919447,5,
2016-08-23,5420.0,5375.0,16497.359375,0.0,0,0.0,0.0,0.0,0.0,181.83698630136496,2370375.0,5441538.899134984,4295570.059189779,-1145968.8399452055,1.8121900792869392,1.5577086014848172,5,
2016-08-24,5450.0,5435.0,16597.30078125,5451.09,1,0.0,0.0,0.0,0.0,184.28372602741,2402270.0,5441538.899134984,4321829.685463751,-1119709.2136712333,1.7990607573102735,1.547881324244368,5,
2016-08-25,5445.0,5425.0,16555.94921875,0.0,0,0.0,0.0,0.0,0.0,183.94465753422992,2397850.0,5441538.899134984,4317225.740806216,-1124313.1583287674,1.8004569680364562,1.5487378190785286,5,
2016-08-26,5400.0,5310.0,16360.7099609375,0.0,0,0.0,0.0,0.0,0.0,180.0453698630372,2347020.0,5441538.899134984,4266215.695436355,-1175323.2036986297,1.8177159527555602,1.5604685468115844,5,
2016-08-29,5510.0,5555.0,16737.490234375,44088.816,8,0.0,0.0,0.0,0.0,191.76164383563446,2499750.0,5441538.899134984,4374665.117792519,-1066873.7813424657,1.7500410512221298,1.508434263206342,5,
2016-08-30,5525.0,5555.0,16725.359375,0.0,0,0.0,0.0,0.0,0.0,191.76164383563446,2499750.0,5441538.899134984,4374473.356148683,-1067065.5429863012,1.7499643388933623,1.5082808385488076,5,
2016-08-31,5630.0,5655.0,16887.400390625,0.0,0,0.0,0.0,0.0,0.0,195.21369863013388,2544750.0,5441538.899134984,4419278.142450053,-1022260.7566849313,1.736625657707065,1.4991392469850167,5,
2016-09-01,5650.0,5670.0,16926.83984375,0.0,0,22595.48,802.6972739726036,639.6293227650692,163.0679512075344,193.9916712328486,2528820.0,5442178.52845775,4425586.562827613,-1016591.9656301369,1.7500599342094785,1.5106833741418826,5,
2016-09-02,5660.0,5675.0,16925.6796875,0.0,0,0.0,0.0,0.0,0.0,194.16273972603085,2531050.0,5442178.52845775,4427622.4000878865,-1014556.1283698629,1.7493223761236982,1.5100800081855448,5,
2016-09-05,5815.0,5745.0,17037.630859375,0.0,0,0.0,0.0,0.0,0.0,196.55769863015303,2562270.0,5442178.52845775,4458645.842389257,-983532.686068493,1.7401155391076104,1.5037115094509022,5,
2016-09-06,5755.0,5780.0,17081.98046875,0.0,0,46030.792,1921.1992328767146,1530.90760871781,390.2916241589046,194.208000000006,2531640.0,5443709.436066467,4473462.134765097,-970247.3013013701,1.7670214306793608,1.5269215901406705,5,
2016-09-07,5665.0,5735.0,17012.439453125,0.0,0,118941.207,1278.5785890410966,1018.8353486773979,259.7432403636988,183.45715068492427,2391495.0,5444728.271415144,4451815.141374048,-992913.130041096,1.8615197361374571,1.606738356272103,5,
2016-09-08,5725.0,5695.0,16958.76953125,0.0,0,0.0,0.0,0.0,0.0,182.17758904111543,2374815.0,5444728.271415144,4434952.963785008,-1009775.307630137,1.8674940842907795,1.6108464828438724,5,
2016-09-09,5715.0,5705.0,16965.759765625,0.0,0,0.0,0.0,0.0,0.0,182.49747945205308,2378985.0,5444728.271415144,4438940.466305555,-1005787.8051095891,1.8658967863629048,1.609622336919302,5,
2016-09-12,5570.0,5495.0,16672.919921875,0.0,0,0.0,0.0,0.0,0.0,175.77978082190384,2291415.0,5444728.271415144,4351194.686524733,-1093533.584890411,1.898911670965204,1.63276658118862,5,
2016-09-13,5565.0,5540.0,16729.0390625,0.0,0,0.0,0.0,0.0,0.0,177.2192876712288,2310180.0,5444728.271415144,4369782.467237062,-1074945.8041780824,1.891533329540149,1.6274733557813588,5,
2016-09-14,5475.0,5455.0,16614.240234375,0.0,0,0.0,0.0,0.0,0.0,174.50021917808772,2274735.0,5444728.271415144,4334162.967017883,-1110565.3043972605,1.9053485206047664,1.637097242808777,5,
2016-09-15,5400.0,5315.0,16405.009765625,10802.16,2,0.0,0.0,0.0,0.0,170.83720547945995,2226985.0,5444728.271415144,4275439.969812404,-1169288.3016027396,1.9198333036874538,1.6457535916091328,5,
2016-09-16,5360.0,5390.0,16519.2890625,53610.72,10,0.0,0.0,0.0,0.0,177.38268493151554,2312310.0,5444728.271415144,4306976.867127473,-1137751.4042876714,1.8626295207508823,1.5985867279213435,5,
2016-09-20,5325.0,5370.0,16492.150390625,15978.195,3,0.0,0.0,0.0,0.0,177.96032876713434,2319840.0,5444728.271415144,4298350.711798706,-1146377.5596164383,1.8528651595794132,1.589602714489908,6,
2016-09-21,5355.0,5580.0,16807.619140625,10712.142,2,0.0,0.0,0.0,0.0,185.77578082192485,2421720.0,5444728.271415144,4389332.794017883,-1055395.4773972607,1.8124856688708368,1.560221771146385,6,
2016-09-23,5565.0,5540.0,16754.01953125,0.0,0,94586.079,3463.6286849315006,2759.992517587666,703.6361673438344,177.2192876712288,2310180.0,5447488.263932732,4371498.017562869,-1075990.246369863,1.892275934153559,1.6262562411556702,6,
2016-09-26,5510.0,5390.0,16544.560546875,5511.102,1,0.0,0.0,0.0,0.0,172.83441095890885,2253020.0,5447488.263932732,4308654.08115191,-1138834.1827808223,1.912390516352234,1.6395450872034372,6,
2016-09-27,5320.0,5480.0,16683.9296875,5321.064,1,0.0,0.0,0.0,0.0,176.1407123287645,2296120.0,5447488.263932732,4346256.876439582,-1101231.3874931505,1.8928700923469077,1.6250694767461766,6,
2016-09-28,5450.0,5420.0,16465.400390625,0.0,0,0.0,0.0,0.0,0.0,174.21216438355623,2270980.0,5447488.263932732,4320942.664275197,-1126545.5996575342,1.902677550782128,1.6318356403921055,5,
2016-09-29,5525.0,5585.0,16693.7109375,27630.524999999998,5,0.0,0.0,0.0,0.0,181.65786301365733,2368040.0,5447488.263932732,4390190.4814121835,-1057297.7825205484,1.853934258463617,1.5941167640291702,5,
2016-09-30,5445.0,5420.0,16449.83984375,0.0,0,5443.911,121.58239726027372,96.88293325684911,24.699464003424605,175.8752876712315,2292660.0,5447585.146865989,4320053.81766051,-1127531.3292054795,1.884297635785729,1.615807900192366,5,
2016-10-03,5510.0,5515.0,16598.669921875,33066.612,6,0.0,0.0,0.0,0.0,181.49638356163632,2365935.0,5447585.146865989,4360080.709276948,-1087504.4375890407,1.8428573520730485,1.5826062574364497,5,
2016-10-04,5560.0,5585.0,16735.650390625,0.0,0,0.0,0.0,0.0,0.0,183.800054794483,2395965.0,5447585.146865989,4389926.909222154,-1057658.2376438356,1.8322166263789972,1.575150695264045,5,
2016-10-05,5640.0,5670.0,16819.240234375,0.0,0,0.0,0.0,0.0,0.0,186.59736986299686,2432430.0,5447585.146865989,4426205.31185229,-1021379.8350136988,1.8196640034255005,1.5663750820531699,5,
2016-10-06,5745.0,5715.0,16899.099609375,0.0,0,0.0,0.0,0.0,0.0,188.0783013698674,2451735.0,5447585.146865989,4445322.233550921,-1002262.9133150683,1.8131332438256667,1.5617620110802564,5,
2016-10-07,5710.0,5695.0,16860.08984375,0.0,0,68506.296,2271.043520547949,1809.681029348633,461.36249119931574,182.17758904111543,2374815.0,5449394.827895338,4436264.98947068,-1013129.8384246576,1.8680465591933184,1.6075004238418664,5,
2016-10-11,5750.0,5805.0,17024.759765625,0.0,0,0.0,0.0,0.0,0.0,185.6963835616334,2420685.0,5449394.827895338,4481949.293087118,-967445.5348082193,1.8515210748557198,1.5958353632458988,5,
2016-10-12,5695.0,5690.0,16840.0,0.0,0,0.0,0.0,0.0,0.0,182.01764383560658,2372730.0,5449394.827895338,4433812.275443283,-1015582.5524520548,1.868654366676058,1.6077243053323502,5,
2016-10-13,5740.0,5630.0,16774.240234375,0.0,0,0.0,0.0,0.0,0.0,180.0983013698642,2347710.0,5449394.827895338,4408612.177141912,-1040782.650753425,1.87783507210938,1.6140475162556225,5,
2016-10-14,5625.0,5685.0,16856.369140625,0.0,0,0.0,0.0,0.0,0.0,181.8576986301341,2370645.0,5449394.827895338,4431365.319443283,-1018029.5084520549,1.8692656721876462,1.607953438406521,5,
2016-10-17,5685.0,5720.0,16900.119140625,0.0,0,0.0,0.0,0.0,0.0,182.97731506848504,2385240.0,5449394.827895338,4445777.342128214,-1003617.4857671232,1.8638700265500387,1.6040800189335624,5,
2016-10-18,5700.0,5755.0,16963.609375,0.0,0,0.0,0.0,0.0,0.0,184.09693150684325,2399835.0,5449394.827895338,4460188.245196708,-989206.5826986302,1.858539543425572,1.600252780086163,5,
2016-10-19,5755.0,5790.0,16998.91015625,0.0,0,0.0,0.0,0.0,0.0,185.21654794519418,2414430.0,5449394.827895338,4474598.028648762,-974796.7992465753,1.8532730411106397,1.5964708843918387,5,
2016-10-20,5785.0,5940.0,17235.5,0.0,0,0.0,0.0,0.0,0.0,190.01490410959377,2476980.0,5449394.827895338,4536958.013744653,-912436.8141506849,1.8316490297639276,1.5812550636638034,5,
2016-10-21,5970.0,5920.0,17184.58984375,0.0,0,41781.64200000001,2167.8127397260323,1727.421581650689,440.39115807534347,186.19616438355297,2427200.0,5451122.249476989,4528333.068422195,-922789.1810547946,1.865661283957727,1.6091620852700228,5,
2016-10-24,5945.0,5950.0,17234.419921875,0.0,0,0.0,0.0,0.0,0.0,187.13972602738795,2439500.0,5451122.249476989,4540445.928696167,-910676.3207808222,1.8612198928863155,1.6059372551405386,5,
2016-10-25,6000.0,6045.0,17365.25,0.0,0,0.0,0.0,0.0,0.0,190.1276712328763,2478450.0,5451122.249476989,4579205.801024934,-871916.4484520548,1.847608707468351,1.596261243346801,5,
2016-10-26,6005.0,6055.0,17391.83984375,0.0,0,0.0,0.0,0.0,0.0,190.44219178081403,2482550.0,5451122.249476989,4583115.358833153,-868006.8906438356,1.846132145911725,1.5951230767514517,5,
2016-10-27,6035.0,6025.0,17336.419921875,0.0,0,0.0,0.0,0.0,0.0,189.49863013698632,2470250.0,5451122.249476989,4570625.860203016,-880496.3892739728,1.85026853970368,1.5979329205258752,5,
2016-10-28,6090.0,6100.0,17446.41015625,0.0,0,0.0,0.0,0.0,0.0,191.85753424657014,2501000.0,5451122.249476989,4601184.002668769,-849938.2468082194,1.8397377059851137,1.5904278615995802,5,
2016-10-31,6040.0,6085.0,17425.01953125,0.0,0,0.0,0.0,0.0,0.0,191.38575342466356,2494850.0,5451122.249476989,4594842.616915345,-856279.6325616437,1.8417310126522015,1.5917298877101633,5,
2016-11-01,6065.0,6090.0,17442.400390625,0.0,0,0.0,0.0,0.0,0.0,191.5430136986106,2496900.0,5451122.249476989,4596701.073901646,-854421.1755753425,1.8409632239583666,1.5910906421267585,5,
2016-11-02,5955.0,5880.0,17134.6796875,0.0,0,0.0,0.0,0.0,0.0,184.93808219178754,2410800.0,5451122.249476989,4510416.135819455,-940706.1136575342,1.8709209124852557,1.61204759754518,5,
2016-11-04,5770.0,5705.0,16905.359375,0.0,0,0.0,0.0,0.0,0.0,179.43397260273923,2339050.0,5451122.249476989,4438486.701846852,-1012635.5476301372,1.897559565570147,1.6306686390700131,5,
2016-11-07,5900.0,5905.0,17177.2109375,0.0,0,0.0,0.0,0.0,0.0,185.72438356163912,2421050.0,5451122.249476989,4520300.97746329,-930821.2720136988,1.867082867955346,1.6091547185930033,5,
2016-11-08,5945.0,5895.0,17171.380859375,0.0,0,0.0,0.0,0.0,0.0,185.4098630137014,2416950.0,5451122.249476989,4516015.567600276,-935106.6818767125,1.8684770341133563,1.6100346352732011,5,
2016-11-09,5980.0,5290.0,16251.5400390625,0.0,0,0.0,0.0,0.0,0.0,166.3813698630256,2168900.0,5451122.249476989,4267799.186230413,-1183323.0632465759,1.967725199977137,1.679648876842564,5,
2016-11-10,5905.0,5970.0,17344.419921875,53155.62899999999,9,0.0,0.0,0.0,0.0,191.8905205479532,2501430.0,5451122.249476989,4546981.666709865,-904140.5827671232,1.8177529120182718,1.5678955793057336,5,
2016-11-11,6095.0,5995.0,17374.7890625,0.0,0,0.0,0.0,0.0,0.0,192.6940821917815,2511905.0,5451122.249476989,4557263.972627673,-893858.2768493152,1.8142660541014384,1.565373949563522,5,
2016-11-14,6070.0,6195.0,17672.619140625,0.0,0,0.0,0.0,0.0,0.0,199.12257534245873,2595705.0,5451122.249476989,4640864.850052332,-810257.3994246575,1.7879014949897356,1.5469679357352524,5,
2016-11-15,6205.0,6190.0,17668.150390625,0.0,0,0.0,0.0,0.0,0.0,198.96186301369744,2593610.0,5451122.249476989,4638570.888189318,-812551.3612876711,1.7884612135939164,1.547256326857795,5,
2016-11-16,6310.0,6340.0,17862.2109375,0.0,0,0.0,0.0,0.0,0.0,203.7832328767181,2656460.0,5451122.249476989,4701217.104956441,-749905.1445205479,1.7697300561485738,1.534155197306149,5,
2016-11-17,6265.0,6335.0,17862.630859375,0.0,0,56373.723000000005,3196.905287671245,2547.453978480831,649.4513091904134,199.24876712328114,2597350.0,5453669.70345547,4697632.127880127,-756037.5755753424,1.8086249938899752,1.566381421181121,5,
2016-11-18,6470.0,6415.0,17967.41015625,0.0,0,0.0,0.0,0.0,0.0,201.7649315068411,2630150.0,5453669.70345547,4730230.362948621,-723439.3405068493,1.7984641039289093,1.5591647831651316,5,
2016-11-21,6450.0,6500.0,18106.01953125,0.0,0,0.0,0.0,0.0,0.0,204.43835616439173,2665000.0,5453669.70345547,4764875.924592456,-688793.7788630137,1.7879459379333793,1.5516992036508226,5,
2016-11-22,6480.0,6545.0,18162.939453125,0.0,0,25914.816,1049.360383561645,836.1828216410968,213.1775619205482,203.84536986301828,2657270.0,5454505.88627711,4782643.717660672,-671862.1686164383,1.7998335576214204,1.5624279674418606,5,
2016-11-24,6675.0,6670.0,18333.41015625,0.0,0,0.0,0.0,0.0,0.0,207.73852054794406,2708020.0,5454505.88627711,4833185.979140124,-621319.9071369863,1.7847674607795083,1.5517342885219227,5,
2016-11-25,6705.0,6710.0,18381.220703125,0.0,0,0.0,0.0,0.0,0.0,208.98432876712468,2724260.0,5454505.88627711,4849216.994811357,-605288.8914657534,1.780012551963233,1.5482918368091163,5,
2016-11-28,6640.0,6680.0,18356.890625,0.0,0,305378.912,7934.637986301373,6322.716279384249,1611.9217069171239,184.47780821916967,2404800.0,5460828.602556495,4833339.507296221,-627489.095260274,2.0098717179375503,1.7439923968878688,5,
2016-11-29,6600.0,6650.0,18307.0390625,0.0,0,0.0,0.0,0.0,0.0,183.64931506849098,2394000.0,5460828.602556495,4822355.857981153,-638472.7445753424,2.014350817870156,1.7471953289080244,5,
2016-11-30,6675.0,6645.0,18308.48046875,0.0,0,0.0,0.0,0.0,0.0,183.51123287670634,2392200.0,5460828.602556495,4820372.346748276,-640456.2558082192,2.0150373491966707,1.7476041279742731,5,
2016-12-01,6825.0,6790.0,18513.119140625,0.0,0,0.0,0.0,0.0,0.0,187.51561643835885,2444400.0,5460828.602556495,4872384.831131837,-588443.7714246577,1.9932845815463252,1.7314856667105136,5,
2016-12-02,6740.0,6735.0,18426.080078125,0.0,0,269546.08,8221.77638356166,6551.52251124111,1670.2538723205516,165.33041095890076,2155200.0,5467380.125067736,4850895.326848558,-616484.7982191781,2.2507866215889747,1.9499661064538696,5,
2016-12-05,6680.0,6615.0,18274.990234375,0.0,0,0.0,0.0,0.0,0.0,162.3846575342468,2116800.0,5467380.125067736,4812332.942191023,-655047.1828767124,2.2733999160010505,1.967045627038129,5,
2016-12-06,6755.0,6680.0,18360.5390625,0.0,0,0.0,0.0,0.0,0.0,163.98027397259284,2137600.0,5467380.125067736,4832968.961917051,-634411.163150685,2.2609323362261655,1.9574823272671995,5,
2016-12-07,6740.0,6780.0,18496.689453125,0.0,0,0.0,0.0,0.0,0.0,166.43506849314872,2169600.0,5467380.125067736,4864802.526848557,-602577.5982191783,2.2422578018291657,1.9432067443903847,5,
2016-12-08,6910.0,6975.0,18765.470703125,0.0,0,0.0,0.0,0.0,0.0,171.22191780820867,2232000.0,5467380.125067736,4927031.304930749,-540348.8201369864,2.2074513014922714,1.9166840989219365,5,
2016-12-09,7010.0,7170.0,18996.369140625,0.0,0,0.0,0.0,0.0,0.0,176.00876712329773,2294400.0,5467380.125067736,4989255.296163626,-478124.82890410966,2.174535955440911,1.8915999351723833,5,
2016-12-12,7315.0,7280.0,19155.029296875,0.0,0,65821.833,3179.87667123287,2533.8847254719126,645.9919457609576,173.68284931506787,2264080.0,5469914.009793207,5023937.454368549,-445976.5554246576,2.2189752369035323,1.9307690054873912,5,
2016-12-13,7220.0,7350.0,19250.51953125,0.0,0,0.0,0.0,0.0,0.0,175.35287671234255,2285850.0,5469914.009793207,5045532.101491837,-424381.9083013698,2.207289236604255,1.9217511141109291,5,
2016-12-14,7365.0,7340.0,19253.609375,0.0,0,0.0,0.0,0.0,0.0,175.1143013698529,2282740.0,5469914.009793207,5042246.987190467,-427667.02260273974,2.2088573324997447,1.9228534811619933,5,
2016-12-15,7400.0,7370.0,19273.7890625,0.0,0,0.0,0.0,0.0,0.0,175.83002739724907,2292070.0,5469914.009793207,5051401.15716307,-418512.85263013706,2.2038598983290516,1.9189435294440977,5,
2016-12-16,7480.0,7470.0,19401.150390625,0.0,0,0.0,0.0,0.0,0.0,178.21578082191263,2323170.0,5469914.009793207,5082322.941382248,-387591.06841095904,2.187667256973122,1.9064883172438047,5,
2016-12-19,7400.0,7450.0,19391.599609375,0.0,0,0.0,0.0,0.0,0.0,177.73863013699156,2316950.0,5469914.009793207,5075925.2027521115,-393988.8070410959,2.1907789131194506,1.9087684182701465,5,
2016-12-20,7445.0,7540.0,19494.529296875,0.0,0,0.0,0.0,0.0,0.0,179.8858082191946,2344940.0,5469914.009793207,5103735.316943892,-366178.6928493152,2.176488659387401,1.8977676252247724,5,
2016-12-21,7585.0,7500.0,19444.490234375,0.0,0,0.0,0.0,0.0,0.0,178.9315068493088,2332500.0,5469914.009793207,5091116.385437042,-378797.6243561645,2.1826865532420334,1.9024022945684367,5,
2016-12-22,7455.0,7475.0,19427.669921875,0.0,0,0.0,0.0,0.0,0.0,178.33506849315017,2324725.0,5469914.009793207,5083163.050368549,-386750.9594246576,2.18656531433548,1.9052669377857134,5,
2016-12-26,7475.0,7455.0,19396.640625,0.0,0,0.0,0.0,0.0,0.0,177.85791780822183,2318505.0,5469914.009793207,5076765.192450741,-393148.8173424657,2.189671875821161,1.9075421299968198,5,
2016-12-27,7430.0,7460.0,19403.060546875,0.0,0,0.0,0.0,0.0,0.0,177.97720547945937,2320060.0,5469914.009793207,5078142.215245262,-391771.7945479453,2.1887977962833984,1.9067804331341938,5,
2016-12-28,7480.0,7485.0,19401.720703125,0.0,0,0.0,0.0,0.0,0.0,178.573643835618,2327835.0,5469914.009793207,5085738.6416014265,-384175.36819178093,2.184750483432643,1.9035983497153561,5,
2016-12-29,7410.0,7280.0,19145.140625,0.0,0,0.0,0.0,0.0,0.0,173.68284931506787,2264080.0,5469914.009793207,5021809.9587521115,-448104.05104109587,2.2180355635631743,1.9288896588066746,5,
2016-12-30,7170.0,7240.0,19114.369140625,0.0,0,0.0,0.0,0.0,0.0,172.7285479452039,2251640.0,5469914.009793207,5009197.230204166,-460716.7795890411,2.224688329486137,1.9338682212143707,5,
2017-01-04,7380.0,7620.0,19594.16015625,0.0,0,0.0,0.0,0.0,0.0,181.79441095889342,2369820.0,5469914.009793207,5127195.435793207,-342718.5740000001,2.1635379209362764,1.8871439403807917,5,
2017-01-05,7630.0,7570.0,19520.689453125,38157.63,5,0.0,0.0,0.0,0.0,183.50509589039575,2392120.0,5469914.009793207,5111154.300697316,-358759.70909589046,2.1366630021476,1.8627689299037784,7,
2017-01-06,7425.0,7520.0,19454.330078125,96544.305,13,0.0,0.0,0.0,0.0,189.7924383561549,2474080.0,5469914.009793207,5096380.2032589605,-373533.8065342466,2.0599092200975555,1.7950118519711225,7,
2017-01-10,7475.0,7395.0,19301.439453125,194388.87,26,0.0,0.0,0.0,0.0,201.38712328769907,2625225.0,5469914.009793207,5052934.946135673,-416979.0636575343,1.924762618874829,1.6750397693447758,7,
2017-01-11,7440.0,7445.0,19364.669921875,305101.00800000003,41,0.0,0.0,0.0,0.0,226.16482191781688,2948220.0,5469914.009793207,5070602.773313755,-399311.23647945205,1.7198861595517823,1.497445218075416,7,
2017-01-12,7370.0,7260.0,19134.69921875,302230.434,41,0.0,0.0,0.0,0.0,243.3790684931446,3172620.0,5469914.009793207,4992528.960245262,-477385.0495479452,1.573629668931439,1.3668453041011268,7,
2017-01-13,7295.0,7380.0,19287.279296875,299154.819,41,0.0,0.0,0.0,0.0,270.61347945209127,3527640.0,5469914.009793207,5048123.52776581,-421790.48202739726,1.431020038259519,1.2449696405354325,7,
2017-01-16,7325.0,7230.0,19095.240234375,300385.065,41,0.0,0.0,0.0,0.0,287.8530410958774,3752370.0,5469914.009793207,4972180.6097247135,-497733.4000684932,1.325077380355539,1.1500928564230661,7,
2017-01-17,7200.0,7020.0,18813.529296875,302460.48,42,0.0,0.0,0.0,0.0,302.1100273973134,3938220.0,5469914.009793207,4855268.019697317,-614645.9900958905,1.2328585045267448,1.066055027804802,7,
2017-01-18,6980.0,7075.0,18894.369140625,300200.028,43,0.0,0.0,0.0,0.0,327.8147945205419,4273300.0,5469914.009793207,4889820.176902796,-580093.8328904111,1.1442726176263769,0.9904719008757601,7,
2017-01-19,7205.0,7215.0,19072.25,302670.522,42,0.0,0.0,0.0,0.0,357.54772602739104,4660890.0,5469914.009793207,4974382.107176769,-495531.9026164385,1.067260138552244,0.9261724598864874,7,
2017-01-20,7195.0,7260.0,19137.91015625,100750.146,14,309323.123,9075.957575342496,7232.176793911668,1843.780781430828,343.62673972603807,4479420.0,5477146.1865871195,4999297.676655613,-477848.50993150694,1.1160591497684105,0.9671528773198552,8,
2017-01-23,7125.0,7065.0,18891.029296875,92643.52500000001,13,0.0,0.0,0.0,0.0,341.4427397260297,4450950.0,5477146.1865871195,4877842.7089158865,-599303.4776712329,1.0959104705548,0.9459750235892682,8,
2017-01-24,7000.0,6995.0,18787.990234375,196039.19999999998,28,0.0,0.0,0.0,0.0,353.08460273972014,4602710.0,5477146.1865871195,4833210.424313147,-643935.7622739725,1.050079284663415,0.9050107788757437,8,
2017-01-25,7225.0,7185.0,19057.5,216793.34999999998,30,0.0,0.0,0.0,0.0,379.2105205479311,4943280.0,5477146.1865871195,4956607.863792599,-520538.32279452065,1.0026961579745834,0.8675455145162885,8,
2017-01-26,7330.0,7440.0,19402.390625,58651.727999999996,8,205198.95200000002,9129.294136986338,7274.678033057564,1854.6161039287747,381.2541369863029,4969920.0,5484420.864620177,5127559.217551684,-356861.64706849307,1.0317186629868658,0.8953788383883825,8,
2017-01-27,7495.0,7490.0,19467.400390625,22489.497,3,1056583.641,40841.22123287679,32544.327139417866,8296.894093458919,304.5249315068795,3969700.0,5516965.191759595,5152831.942526718,-364133.24923287664,1.2980406435062393,1.1169831914990656,1,
2017-01-30,7440.0,7415.0,19368.849609375,81856.368,11,669466.08,10789.341534246496,8597.486801564322,2191.8547326821754,256.53868493148184,3344165.0,5525562.6785611585,5112458.261109103,-413104.41745205485,1.5287697410591592,1.3105419779397993,1,
2017-01-31,7250.0,7185.0,19041.33984375,137777.55,19,0.0,0.0,0.0,0.0,259.05369863014494,3376950.0,5525562.6785611585,5007206.657410474,-518356.021150685,1.482760081555982,1.2665742626511465,1,
2017-02-01,7095.0,7255.0,19148.080078125,652870.548,92,0.0,0.0,0.0,0.0,312.77994520546054,4077310.0,5525562.6785611585,5054383.329465268,-471179.3490958904,1.239636753022279,1.0605084843608599,1,
2017-02-02,7265.0,7065.0,18914.580078125,646714.3169999999,89,668246.324,15324.573589041167,12211.386464427454,3113.187124613713,302.96268493152456,3949335.0,5537774.065025587,4944524.1866557235,-593249.878369863,1.2519890530065754,1.063099273494363,1,
2017-02-03,7155.0,7075.0,18918.19921875,193223.637,27,0.0,0.0,0.0,0.0,318.04547945203376,4145950.0,5537774.065025587,4947597.504176271,-590176.5608493151,1.193356770867056,1.0133480725351138,8,
2017-02-06,7205.0,7120.0,18976.7109375,194573.907,27,0.0,0.0,0.0,0.0,334.8155616438453,4364560.0,5537774.065025587,4971298.781614628,-566475.2834109588,1.1390148793038994,0.967945658486461,8,
2017-02-07,7025.0,7065.0,18910.779296875,126475.29,18,0.0,0.0,0.0,0.0,341.98471232877637,4458015.0,5537774.065025587,4937936.506902299,-599837.5581232875,1.1076536321439696,0.9400938856820829,8,
2017-02-08,7090.0,7145.0,19007.599609375,120554.106,17,0.0,0.0,0.0,0.0,355.1750136986375,4629960.0,5537774.065025587,4988972.225888601,-548801.8391369864,1.0775411074585095,0.9161273937035338,8,
2017-02-09,7095.0,7075.0,18907.669921875,78060.609,11,127684.458,1189.5465205479504,947.8901448986343,241.65637564931612,347.89616438355006,4535075.0,5538721.955170485,4943121.522348567,-595600.4328219179,1.089975694414881,0.9248457945076208,8,
2017-02-10,7295.0,7420.0,19378.9296875,102150.42599999999,14,0.0,0.0,0.0,0.0,372.82958904111,4860100.0,5538721.955170485,5165623.266759526,-373098.6884109588,1.0628635762143837,0.9087002235239123,8,
2017-02-13,7530.0,7480.0,19459.150390625,0.0,0,1535812.7759999998,62111.74158904129,49493.74128522755,12618.000303813737,258.78750684931583,3373480.0,5588215.696455712,5201939.254948863,-386276.4415068494,1.5420098103290556,1.3014215040379706,8,
2017-02-14,7510.0,7325.0,19238.98046875,0.0,0,307848.418,5096.147232876709,4060.864922517805,1035.2823103589033,230.3863013698574,3003250.0,5592276.56137823,5138292.004337134,-453984.55704109604,1.7109105150544024,1.438889746539928,8,
2017-02-15,7475.0,7465.0,19437.98046875,14952.99,2,0.0,0.0,0.0,0.0,235.93490410958475,3075580.0,5592276.56137823,5195433.079433025,-396843.48194520554,1.68925310979816,1.423552881566345,8,
2017-02-16,7450.0,7395.0,19347.529296875,7451.49,1,0.0,0.0,0.0,0.0,234.2898082192114,3054135.0,5592276.56137823,5166302.299624805,-425974.2617534247,1.6915762727007173,1.4239336839633416,8,
2017-02-17,7305.0,7310.0,19234.619140625,102290.454,14,0.0,0.0,0.0,0.0,239.44756164381397,3121370.0,5592276.56137823,5131007.398063161,-461269.1633150685,1.6438318424483997,1.3818776219250177,1,
2017-02-20,7260.0,7330.0,19251.080078125,653530.68,90,0.0,0.0,0.0,0.0,290.70980821918056,3789610.0,5592276.56137823,5145426.0082549425,-446850.55312328786,1.3577719101055101,1.1419326139448793,1,
2017-02-21,7340.0,7420.0,19381.439453125,653390.652,89,0.0,0.0,0.0,0.0,344.9385205479339,4496520.0,5592276.56137823,5198600.417734395,-393676.1436438357,1.1561386178054127,0.974155285440865,1,
2017-02-22,7455.0,7420.0,19379.869140625,283346.658,38,670815.81,17183.29438356165,13692.5081295411,3490.786254020549,315.33983561642526,4110680.0,5605969.069507771,5196423.443644757,-409545.6258630138,1.2641274542520355,1.0608057829317155,1,
2017-02-23,7415.0,7415.0,19371.4609375,645234.0210000001,87,0.0,0.0,0.0,0.0,364.6148493150249,4753015.0,5605969.069507771,5193159.807795443,-412809.26171232876,1.0926032860816646,0.9166823300753552,1,
2017-02-24,7315.0,7355.0,19283.5390625,570684.114,78,0.0,0.0,0.0,0.0,405.67358904107823,5288245.0,5605969.069507771,5157300.020206401,-448669.0493013699,0.9752384808582811,0.8170459961490119,1,
2017-02-27,7250.0,7220.0,19107.470703125,565613.1,78,0.0,0.0,0.0,0.0,441.4288219178561,5754340.0,5605969.069507771,5057340.491384484,-548628.5781232876,0.8788741178631231,0.7334183322954841,1,
2017-02-28,7295.0,7225.0,19118.990234375,649384.851,89,0.0,0.0,0.0,0.0,491.06246575347905,6401350.0,5605969.069507771,5054474.57791873,-551494.4915890412,0.7895950975839049,0.658764396624101,1,
2017-03-01,7305.0,7440.0,19393.5390625,650275.029,89,0.0,0.0,0.0,0.0,556.4712328767346,7254000.0,5605969.069507771,5256293.0776858535,-349675.9918219178,0.7246061590413363,0.6090768539928226,1,
2017-03-02,7610.0,7560.0,19564.80078125,15223.044,2,2054289.06,86372.72895890413,68826.10907090276,17546.619888001376,410.0212602739339,5344920.0,5674795.178578675,5368322.4525375785,-306472.726041096,1.0043784476732258,0.8313482939869039,1,
2017-03-03,7550.0,7490.0,19469.169921875,0.0,0,2015446.8299999998,48391.884794520505,38561.07339851366,9830.81139600684,252.81315068494587,3295600.0,5713356.251977188,5324365.657990886,-388990.59398630133,1.6155982698115323,1.3202113821472825,1,
2017-03-06,7440.0,7415.0,19379.140625,572994.576,77,0.0,0.0,0.0,0.0,294.0809315068036,3833555.0,5713356.251977188,5289032.001059379,-424324.25091780815,1.379667697752968,1.1256551407614006,1,
2017-03-07,7385.0,7390.0,19344.150390625,457961.57399999996,62,0.0,0.0,0.0,0.0,328.2374794520438,4278810.0,5713356.251977188,5275997.189579927,-437359.0623972603,1.2330524584124856,1.00539585636723,1,
2017-03-08,7380.0,7320.0,19254.029296875,524084.796,71,0.0,0.0,0.0,0.0,364.9972602739581,4758000.0,5713356.251977188,5230737.396319653,-482618.8556575344,1.0993563254139667,0.8945508729848924,1,
2017-03-09,7390.0,7380.0,19318.580078125,650450.064,88,0.0,0.0,0.0,0.0,417.8090958904504,5446440.0,5713356.251977188,5268309.523223763,-445046.7287534247,0.967294145023862,0.7882997648868505,1,
2017-03-10,7480.0,7605.0,19604.609375,650890.152,87,0.0,0.0,0.0,0.0,481.30273972597206,6274125.0,5713356.251977188,5444623.068484037,-268733.1834931507,0.8677900214745542,0.7123319369618689,1,
2017-03-13,7545.0,7610.0,19633.75,0.0,0,3801919.4639999997,55683.21794520547,44371.172219636974,11312.04572556849,187.39364383563225,2442810.0,5757727.424196825,5403728.093114633,-353999.33108219196,2.2120951253329704,1.789944378413565,1,
2017-03-14,7630.0,7600.0,19609.5,557101.398,73,0.0,0.0,0.0,0.0,229.7073972602957,2994400.0,5757727.424196825,5397986.987717373,-359740.43647945224,1.802694024751995,1.4582297669776654,1,
2017-03-15,7540.0,7575.0,19577.380859375,512822.544,68,0.0,0.0,0.0,0.0,268.46630136983003,3499650.0,5757727.424196825,5390145.977416003,-367581.44678082195,1.5401957274058844,1.2453856064564115,1,
2017-03-16,7480.0,7585.0,19590.140625,351630.312,47,0.0,0.0,0.0,0.0,296.16827397259476,3860765.0,5757727.424196825,5399334.497142031,-358392.9270547946,1.398514153837913,1.131202258901341,1,
2017-03-17,7505.0,7525.0,19521.58984375,397844.553,53,0.0,0.0,0.0,0.0,324.420273972617,4229050.0,5757727.424196825,5369450.523868058,-388276.90032876725,1.2696587942606632,1.0255489283738168,1,
2017-03-21,7435.0,7475.0,19455.880859375,646974.3690000001,87,0.0,0.0,0.0,0.0,372.15260273974854,4851275.0,5757727.424196825,5344329.002265318,-413398.42193150695,1.1016339008333518,0.8887568775906974,1,
2017-03-22,7205.0,7155.0,19041.380859375,648579.69,90,0.0,0.0,0.0,0.0,405.61989041097695,5287545.0,5757727.424196825,5131613.692374907,-626113.7318219178,0.9705096963477204,0.7751202290577175,1,
2017-03-23,7175.0,7185.0,19085.310546875,653055.585,91,0.0,0.0,0.0,0.0,457.47780821920605,5963550.0,5757727.424196825,5154105.629566688,-603621.794630137,0.8642680332296515,0.6909504491345843,1,
2017-03-24,7175.0,7320.0,19262.529296875,653055.585,91,0.0,0.0,0.0,0.0,517.1730410958698,6741720.0,5757727.424196825,5278702.871525592,-479024.55267123296,0.782990523416219,0.629601588297105,1,
2017-03-27,7170.0,7090.0,18985.58984375,652600.4940000001,91,0.0,0.0,0.0,0.0,550.4170958904288,7175080.0,5757727.424196825,5058911.960429702,-698815.4637671234,0.7050669763165989,0.5608657034712613,1,
2017-03-28,7225.0,7255.0,19202.869140625,650380.0499999999,90,0.0,0.0,0.0,0.0,613.3158356164204,7995010.0,5757727.424196825,5227848.594594086,-529878.8296027395,0.653888937549057,0.5243995454654022,1,
2017-03-29,7365.0,7365.0,19217.48046875,633516.678,86,0.0,0.0,0.0,0.0,671.2037260273792,8749620.0,5757727.424196825,5348270.712868058,-409456.7113287672,0.6112574846528258,0.49285917840309523,1,margin_warning
2017-03-30,7330.0,7250.0,19063.220703125,0.0,0,3319825.9020000002,61147.11131506887,48725.075651412626,12422.035663656241,408.78082191782596,5328750.0,5806452.499848237,5234395.798382483,-572056.7014657535,0.9822933705620424,0.7763358607397102,1,
2017-03-31,7345.0,7155.0,18909.259765625,653835.741,89,0.0,0.0,0.0,0.0,452.2744109589257,5895720.0,5806452.499848237,5147077.782971525,-659374.7168767125,0.8730193738799544,0.6867913381393301,1,
2017-04-03,7190.0,7210.0,18983.23046875,654420.858,91,0.0,0.0,0.0,0.0,506.0827397260291,6597150.0,5806452.499848237,5193580.842231799,-612871.6576164385,0.7872461354117761,0.6207417452408025,1,
2017-04-04,7155.0,7075.0,18810.25,651235.221,91,0.0,0.0,0.0,0.0,545.9961643835268,7117450.0,5806452.499848237,5062099.625067416,-744352.874780822,0.7112237704609679,0.5568144758707955,1,
2017-04-05,7130.0,7110.0,18861.26953125,648959.766,91,0.0,0.0,0.0,0.0,598.330849315098,7799670.0,5806452.499848237,5094761.5282181,-711690.9716301372,0.6532021903770415,0.5122220252379861,1,
2017-04-06,7020.0,6905.0,18597.060546875,652990.5719999999,93,0.0,0.0,0.0,0.0,630.3413698630466,8216950.0,5806452.499848237,4858420.6148482375,-948031.8850000001,0.5912681244072603,0.45737061912853755,1,margin_warning
2017-04-07,7000.0,6955.0,18664.630859375,651130.2,93,0.0,0.0,0.0,0.0,684.5244383561949,8923265.0,5806452.499848237,4912920.890409881,-893531.6094383562,0.5505743570778052,0.4271987058516725,1,margin_warning
2017-04-10,7050.0,7050.0,18797.880859375,648729.72,92,0.0,0.0,0.0,0.0,743.6301369862922,9693750.0,5806452.499848237,5033932.540272895,-772519.9595753425,0.5192967159533612,0.405650576886917,1,margin_warning
2017-04-11,6985.0,7005.0,18747.869140625,300415.071,43,0.0,0.0,0.0,0.0,761.9904657534789,9933090.0,5806452.499848237,4972095.478807141,-834357.021041096,0.5005587867226755,0.389574264178221,1,exposure_limit_hit;margin_warning
2017-04-12,6895.0,6855.0,18552.609375,62067.411,9,0.0,0.0,0.0,0.0,750.4065205479565,9782085.0,5806452.499848237,4758272.661286593,-1048179.8385616438,0.48642724544783583,0.3736527543693343,1,exposure_limit_hit;margin_warning
2017-04-13,6755.0,6775.0,18426.83984375,216203.232,32,0.0,0.0,0.0,0.0,758.280273972603,9884725.0,5806452.499848237,4643951.1490126215,-1162501.3508356162,0.46981085958512975,0.3581306724443021,1,exposure_limit_hit;margin_warning
2017-04-14,6720.0,6705.0,18335.630859375,114262.848,17,0.0,0.0,0.0,0.0,759.189698630129,9896580.0,5806452.499848237,4540784.111313991,-1265668.3885342465,0.45882356443478367,0.34720044538413714,1,exposure_limit_hit;margin_warning
2017-04-17,6635.0,6725.0,18355.259765625,99544.905,15,0.0,0.0,0.0,0.0,769.1926027397276,10026975.0,5806452.499848237,4570865.013711251,-1235587.4861369864,0.4558568275787315,0.3456085901854013,9,exposure_limit_hit;margin_warning
2017-04-18,6825.0,6770.0,18418.58984375,68263.65,10,102354.52500000001,2801.881643835626,2232.6793878904186,569.2022559452074,771.7429041095602,10060220.0,5808685.179236128,4636859.943551196,-1171825.2356849317,0.4609103919746482,0.3506712575735186,9,exposure_limit_hit;margin_warning
2017-04-19,6705.0,6785.0,18432.19921875,0.0,0,0.0,0.0,0.0,0.0,773.4528219177737,10082510.0,5808685.179236128,4658376.490729279,-1150308.688506849,0.46202547686332857,0.3519533422949671,9,exposure_limit_hit;margin_warning
2017-04-20,6785.0,6785.0,18430.490234375,27145.428,4,115321.931,1023.8916027397247,815.8880236431496,208.00357909657507,766.6864109588641,9994305.0,5809501.067259772,4657373.303739224,-1152127.7635205477,0.4660027189223486,0.35477998002048916,9,exposure_limit_hit;margin_warning
2017-04-21,6880.0,6920.0,18620.75,0.0,0,0.0,0.0,0.0,0.0,781.9410410959099,10193160.0,5809501.067259772,4855446.3626981275,-954054.7045616439,0.47634358360882467,0.36721394014579223,9,exposure_limit_hit;margin_warning
2017-04-24,7110.0,7105.0,18875.880859375,14222.844,2,326994.588,15240.644027397291,12144.507193231533,3096.13683416576,778.8637260273972,10153045.0,5821645.574453003,5124228.106137934,-697417.4683150683,0.5046986501229862,0.3935600287227,9,margin_warning
2017-04-25,7090.0,7255.0,19079.330078125,0.0,0,2339232.06,21872.76435616464,17429.312277209792,4443.452078954846,611.6461917808047,7973245.0,5839074.886730213,5278605.067867199,-560469.8188630138,0.6620397426477174,0.5176970271205994,9,
2017-04-26,7350.0,7415.0,19289.4296875,0.0,0,2020845.75,49683.90905479449,39590.622930312995,10093.286124481501,468.7092602739431,6109960.0,5878665.509660525,5425603.8224824425,-453061.68717808253,0.887993345698244,0.6914237358844181,9,
2017-04-27,7350.0,7390.0,19251.869140625,0.0,0,0.0,0.0,0.0,0.0,467.12898630136624,6089360.0,5878665.509660525,5404536.693496142,-474128.81616438366,0.887537720465885,0.6902264131750722,9,
2017-04-28,7375.0,7345.0,19196.740234375,0.0,0,0.0,0.0,0.0,0.0,464.2844931506843,6052280.0,5878665.509660525,5366992.40900299,-511673.1006575345,0.8867719948520212,0.6881751244730013,9,
2017-05-01,7355.0,7425.0,19310.51953125,0.0,0,0.0,0.0,0.0,0.0,469.34136986301746,6118200.0,5878665.509660525,5432443.067633128,-446222.44202739734,0.8879152475618854,0.6913814291140743,9,
2017-05-02,7455.0,7535.0,19445.69921875,0.0,0,1304364.075,14838.17402739722,11823.798973731475,3014.375053665745,375.139780821919,4890215.0,5890489.308634257,5505432.62779864,-385056.68083561654,1.125805844487132,0.8768093235088892,9,
2017-05-08,7750.0,7885.0,19895.69921875,0.0,0,1038292.3,37368.06294520543,29776.74095788695,7591.321987318483,311.51150684930326,4060775.0,5920266.049592144,5706382.094304472,-213883.95528767136,1.4052445886079559,1.096109978518091,9,
2017-05-09,7900.0,7850.0,19843.0,0.0,0,1611277.68,63530.38950684936,50624.190878532914,12906.198628316448,187.28164383562398,2441350.0,5970890.240470678,5685141.294032321,-285748.94643835624,2.328687526996261,1.7883947515079623,9,
2017-05-10,7885.0,7895.0,19900.08984375,0.0,0,0.0,0.0,0.0,0.0,188.3552328767255,2455345.0,5970890.240470678,5698947.938799445,-271942.3016712329,2.3210375482058305,1.7837476265568424,9,
2017-05-11,7925.0,7950.0,19961.55078125,0.0,0,0.0,0.0,0.0,0.0,189.667397260273,2472450.0,5970890.240470678,5715863.271402185,-255026.9690684932,2.31182158239891,1.7781720485080343,9,
2017-05-12,7890.0,7885.0,19883.900390625,0.0,0,0.0,0.0,0.0,0.0,188.11665753423586,2452235.0,5970890.240470678,5695460.15474465,-275430.0857260275,2.322558871700571,1.7844334853791017,9,
2017-05-15,7785.0,7855.0,19869.849609375,0.0,0,0.0,0.0,0.0,0.0,187.4009315068688,2442905.0,5970890.240470678,5685942.753813143,-284947.4866575343,2.327533307194976,1.7872759874639443,9,
2017-05-16,7920.0,7895.0,19919.8203125,0.0,0,0.0,0.0,0.0,0.0,188.3552328767255,2455345.0,5970890.240470678,5698194.398580266,-272695.84189041104,2.3207306503079064,1.7831338307609943,9,
2017-05-17,7815.0,7815.0,19814.880859375,0.0,0,0.0,0.0,0.0,0.0,186.44663013699756,2430465.0,5970890.240470678,5673127.951950129,-297762.288520548,2.3341738934525407,1.790997131178429,9,
2017-05-18,7600.0,7615.0,19553.859375,0.0,0,0.0,0.0,0.0,0.0,181.67512328765588,2368265.0,5970890.240470678,5610746.276826842,-360143.9636438356,2.369137861188187,1.8116184177796846,9,
2017-05-19,7645.0,7650.0,19590.759765625,45879.174,6,0.0,0.0,0.0,0.0,186.0312328767177,2425050.0,5970890.240470678,5621466.071593965,-349424.16887671244,2.318082543285279,1.773541269547948,9,
2017-05-22,7710.0,7710.0,19678.279296875,38557.71,5,0.0,0.0,0.0,0.0,190.44756164384307,2482620.0,5970890.240470678,5640287.914032321,-330602.3264383562,2.271909480320114,1.7399189769654493,9,
2017-05-23,7680.0,7655.0,19613.279296875,23044.608,3,46070.784,184.5401917808225,147.05085182054842,37.489339960274094,187.3272876712581,2441945.0,5971037.291322498,5622414.2734046895,-348623.0179178082,2.3024328039348507,1.7614287555562798,9,
2017-05-24,7785.0,7765.0,19742.98046875,46719.342,6,0.0,0.0,0.0,0.0,193.5931506849447,2523625.0,5971037.291322498,5657181.338254005,-313855.95306849317,2.2416885782372598,1.7181180302879826,9,
2017-05-25,7745.0,7815.0,19813.130859375,15493.098,2,23230.353,182.19628767123186,145.1831118308211,37.01317584041075,194.24021917808568,2532060.0,5971182.474434328,5673122.3398589855,-298060.13457534247,2.2405165516847885,1.7185414955742129,9,
2017-05-26,7800.0,7715.0,19686.83984375,7801.5599999999995,1,54589.08,525.203671232883,418.5085454219228,106.69512581096018,188.2037260273937,2453370.0,5971600.98297975,5640924.961007147,-330676.0219726028,2.299255701751936,1.7602479010644716,9,
2017-05-29,7715.0,7720.0,19682.5703125,23149.629,3,0.0,0.0,0.0,0.0,190.1023561643815,2478120.0,5971600.98297975,5642335.229650983,-329265.7533287672,2.276861180915768,1.7431599596961462,9,
2017-05-30,7710.0,7710.0,19677.849609375,46269.25199999999,6,0.0,0.0,0.0,0.0,193.40482191780757,2521170.0,5971600.98297975,5638922.572829065,-332678.410150685,2.2366292526204363,1.7119644838223438,9,
2017-05-31,7660.0,7685.0,19650.5703125,45969.192,6,0.0,0.0,0.0,0.0,196.31490410960396,2559105.0,5971600.98297975,5630692.0659249555,-340908.91705479455,2.2002583191877454,1.6832942282048449,9,
2017-06-01,7705.0,7850.0,19860.029296875,92478.492,12,0.0,0.0,0.0,0.0,207.75616438357974,2708250.0,5971600.98297975,5687150.817760572,-284450.1652191781,2.0999356845788135,1.6113644130126066,9,
2017-06-02,7920.0,8125.0,20177.279296875,23764.752,3,261307.728,6664.64461643836,5310.722062608907,1353.9225538294527,196.33561643832945,2559375.0,5976911.705042359,5774268.535590305,-202643.1694520548,2.2561244583503024,1.7364530047915014,9,
2017-06-05,8055.0,8105.0,20170.8203125,0.0,0,48320.334,887.307616438359,707.0510741589063,180.25654227945262,192.12180821917718,2504445.0,5977618.756116519,5767286.491239807,-210332.26487671238,2.3028201822119496,1.771319767598447,9,
2017-06-06,8070.0,7930.0,19979.900390625,0.0,0,0.0,0.0,0.0,0.0,187.9735890410957,2450370.0,5977618.756116519,5713023.517650765,-264595.23846575344,2.331494230524682,1.7881879014944722,9,
2017-06-07,7930.0,7950.0,19984.619140625,15863.172,2,0.0,0.0,0.0,0.0,189.667397260273,2472450.0,5977618.756116519,5719050.678253505,-258568.07786301375,2.313110751786085,1.7745796604139579,9,
2017-06-08,8000.0,7890.0,19909.259765625,16003.199999999999,2,0.0,0.0,0.0,0.0,189.44646575338265,2469570.0,5977618.756116519,5699978.031787751,-277640.7243287672,2.308085226087032,1.7688493901606284,9,
2017-06-09,7935.0,7965.0,20013.259765625,55556.109,7,0.0,0.0,0.0,0.0,195.52438356165658,2548800.0,5977618.756116519,5723456.39840419,-254162.35771232878,2.2455494344021463,1.7229991488904035,9,
2017-06-12,7890.0,7890.0,19908.580078125,63132.623999999996,8,0.0,0.0,0.0,0.0,198.52536986296764,2587920.0,5977618.756116519,5699245.2490343265,-278373.50708219176,2.2022493929620417,1.6875214674148094,9,
2017-06-13,7850.0,7880.0,19898.75,117773.54999999999,15,0.0,0.0,0.0,0.0,207.34115068493702,2702840.0,5977618.756116519,5696184.357883642,-281434.39823287673,2.1074811523744073,1.6145618400093102,9,
2017-06-14,7940.0,7865.0,19883.51953125,79415.88,10,0.0,0.0,0.0,0.0,212.97989041091932,2776345.0,5977618.756116519,5690060.497993231,-287558.25812328776,2.0494789004944383,1.5695331393864747,9,
2017-06-15,7815.0,7820.0,19831.8203125,367378.461,47,0.0,0.0,0.0,0.0,239.95616438353318,3128000.0,5977618.756116519,5674097.080828847,-303521.67528767127,1.8139696549964346,1.3879034880246723,10,
2017-06-16,7895.0,7905.0,19943.259765625,371139.213,47,0.0,0.0,0.0,0.0,271.0656986301474,3533535.0,5977618.756116519,5708221.802130218,-269396.9539863014,1.615442270171434,1.2381979423279847,10,
2017-06-19,7925.0,8005.0,20067.75,293283.645,37,0.0,0.0,0.0,0.0,297.21578082193446,3874420.0,5977618.756116519,5755525.941349396,-222092.81476712332,1.4855193658275034,1.1413895988515108,10,
2017-06-20,8130.0,8135.0,20230.41015625,138237.642,17,382033.578,14569.558972602708,11609.753067318468,2959.80590528424,283.3208767122851,3693290.0,5989228.509183837,5814948.750567399,-174279.75861643834,1.5744630804966302,1.2094345743093446,10,
2017-06-21,8100.0,8060.0,20138.7890625,64812.96,8,1020395.8799999999,23933.61280821917,19071.499366229447,4862.113441989725,207.74926027395122,2708160.0,6008300.0085500665,5780331.807865135,-227968.20068493154,2.1344129622567114,1.6276860725290245,10,
2017-06-22,8065.0,8045.0,20110.509765625,40333.064999999995,5,0.0,0.0,0.0,0.0,210.4483835616702,2743345.0,6008300.0085500665,5774973.294481574,-233326.71406849317,2.1050845936189484,1.6047800595306383,8,
2017-06-23,8065.0,8060.0,20132.669921875,48399.678,6,0.0,0.0,0.0,0.0,214.55057534245134,2796820.0,6008300.0085500665,5779834.065906231,-228465.94264383562,2.066573489143467,1.5757580299277016,8,
2017-06-26,8045.0,8070.0,20153.349609375,48279.653999999995,6,0.0,0.0,0.0,0.0,218.5311780821503,2848710.0,6008300.0085500665,5783225.880728149,-225074.12782191788,2.030120960269086,1.5481691210780422,8,
2017-06-27,8145.0,8130.0,20225.08984375,57026.403,7,0.0,0.0,0.0,0.0,224.52164383565832,2926800.0,6008300.0085500665,5804064.956084313,-204235.05246575337,1.9830753574157143,1.513905771019051,8,
2017-06-28,8085.0,8075.0,20130.41015625,48519.702000000005,6,64667.064,359.61295890411054,286.55758630274045,73.05537260137005,221.763835616468,2890850.0,6008586.5661363695,5783967.498876096,-224619.06726027397,2.0007843709898805,1.5255791814227027,8,
2017-06-29,8180.0,8140.0,20220.30078125,81816.36,10,0.0,0.0,0.0,0.0,229.79331506854214,2995520.0,6008586.5661363695,5806591.345561027,-201995.2205753425,1.9384251634310659,1.47974796695922,8,
2017-06-30,8000.0,7990.0,20033.4296875,56011.2,7,0.0,0.0,0.0,0.0,229.84931506852445,2996250.0,6008586.5661363695,5751080.296245959,-257506.26989041094,1.9194260479752887,1.460783890314742,8,
2017-07-03,8005.0,8015.0,20055.80078125,168138.62099999998,21,0.0,0.0,0.0,0.0,243.48032876715297,3173940.0,6008586.5661363695,5760388.194917192,-248198.37121917808,1.8149014143043636,1.3818591875391506,8,
2017-07-04,8120.0,7990.0,20032.349609375,162432.47999999998,20,0.0,0.0,0.0,0.0,254.97950684935495,3323840.0,6008586.5661363695,5747600.735410342,-260985.83072602743,1.7292049964530007,1.3156155863953476,8,
2017-07-05,7985.0,8030.0,20081.630859375,215638.119,27,0.0,0.0,0.0,0.0,272.88800000002084,3557290.0,6008586.5661363695,5765139.728410342,-243446.83772602747,1.6206549728614597,1.2341309861395369,8,
2017-07-06,8015.0,7960.0,19994.060546875,160332.06,20,0.0,0.0,0.0,0.0,282.72175342471746,3685480.0,6008586.5661363695,5732714.946656917,-275871.619479452,1.555486652120461,1.1823302018129154,8,
2017-07-07,7855.0,7910.0,19929.08984375,259266.843,33,0.0,0.0,0.0,0.0,300.9700821918086,3923360.0,6008586.5661363695,5711027.133574726,-297559.4325616439,1.4556469795213098,1.1050389281159723,8,
2017-07-10,8020.0,8035.0,20080.98046875,280756.14,35,0.0,0.0,0.0,0.0,327.2996712329041,4266585.0,6008586.5661363695,5773168.693903493,-235417.8722328767,1.353112312048979,1.0306321776480756,8,
2017-07-11,8025.0,8120.0,20195.48046875,136452.285,17,264772.03500000003,5464.8271232877105,4354.647493191812,1110.1796300958983,320.79561643836496,4181800.0,6012941.213629561,5815272.468656958,-197668.74497260276,1.390614679960055,1.060212813067185,8,
2017-07-12,8065.0,8040.0,20098.380859375,80666.12999999999,10,1024050.1490000001,6410.957753424747,5108.571685816511,1302.3860676082375,245.4733150684624,3199920.0,6018049.785315378,5775228.6282742815,-242821.15704109584,1.804804066437374,1.370939795442756,8,
2017-07-13,8090.0,8045.0,20099.810546875,153740.742,19,0.0,0.0,0.0,0.0,257.35183561647136,3354765.0,6018049.785315378,5776075.534438665,-241974.25087671232,1.721752651657766,1.3078374266340416,8,
2017-07-14,8070.0,8065.0,20118.859375,137217.438,17,0.0,0.0,0.0,0.0,268.5092602739751,3500210.0,6018049.785315378,5784034.587178391,-234015.19813698632,1.652482161692696,1.255689735199146,8,
2017-07-18,8025.0,7955.0,19999.91015625,120399.075,15,0.0,0.0,0.0,0.0,274.0007123287505,3571795.0,6018049.785315378,5734946.511466063,-283103.27384931507,1.6056202865690956,1.2167035598674465,8,
2017-07-19,7935.0,7975.0,20020.859375,246034.197,31,0.0,0.0,0.0,0.0,293.6547945205384,3828000.0,6018049.785315378,5744823.659671542,-273226.12564383564,1.5007376331430362,1.1377740817731725,8,
2017-07-20,7990.0,8070.0,20144.58984375,263722.734,33,0.0,0.0,0.0,0.0,317.58213698626787,4139910.0,6018049.785315378,5792693.343534556,-225356.44178082183,1.399231708789456,1.0635379239533544,8,
2017-07-21,8030.0,8030.0,20099.75,0.0,0,248880.214,2807.8606712328983,2237.443775871935,570.4168953609633,296.9120000000112,3870460.0,6020287.229091249,5771256.228639195,-249031.0004520548,1.4911034421332852,1.1312374754388725,11,
2017-07-24,7940.0,7930.0,19975.669921875,7941.588,1,0.0,0.0,0.0,0.0,293.8227945205581,3830190.0,6020287.229091249,5722750.817844674,-297536.4112465752,1.494116693387188,1.1303904416225037,11,
2017-07-25,7935.0,7925.0,19955.19921875,79365.87,10,0.0,0.0,0.0,0.0,299.71698630138417,3907025.0,6020287.229091249,5719920.2308583725,-300366.99823287665,1.4640091196903968,1.1073591445218534,11,
2017-07-26,8030.0,8000.0,20050.16015625,32126.424,4,0.0,0.0,0.0,0.0,305.00821917805297,3976000.0,6020287.229091249,5756463.798639195,-263823.4304520548,1.4478027662573427,1.0972631844032037,11,
2017-07-27,7985.0,8015.0,20079.640625,0.0,0,0.0,0.0,0.0,0.0,305.58010958907835,3983455.0,6020287.229091249,5763613.218529605,-256674.01056164378,1.4468879951021425,1.0969277325758569,11,
2017-07-28,7980.0,7925.0,19959.83984375,7981.596,1,0.0,0.0,0.0,0.0,302.7567123287881,3946650.0,6020287.229091249,5718523.865817277,-301763.3632739725,1.4489564227426492,1.0956558477552614,11,
2017-07-31,7915.0,7910.0,19925.1796875,55416.081,7,0.0,0.0,0.0,0.0,306.4312328767119,3994550.0,6020287.229091249,5710701.3535844,-309585.8755068492,1.4296232000061084,1.0804824593702793,11,
2017-08-01,7905.0,7940.0,19985.7890625,31626.324,4,0.0,0.0,0.0,0.0,310.02980821921665,4041460.0,6020287.229091249,5725674.999776181,-294612.22931506846,1.416734298935578,1.0715693893942069,11,
2017-08-02,8005.0,8025.0,20080.0390625,0.0,0,0.0,0.0,0.0,0.0,313.3487671232724,4084725.0,6020287.229091249,5768626.651009058,-251660.57808219173,1.4122435784560914,1.0706579088988524,11,
2017-08-03,8005.0,7970.0,20029.259765625,0.0,0,32013.596,382.37315068493234,304.69404512328833,77.67910556164401,308.75561643837136,4024850.0,6020591.923136372,5740378.812287057,-280213.11084931507,1.4262342229616152,1.0793952965794353,11,
2017-08-04,7930.0,7925.0,19952.330078125,0.0,0,0.0,0.0,0.0,0.0,307.01232876714494,4002125.0,6020591.923136372,5717346.79995829,-303245.1231780821,1.4285777680502956,1.0796926969497969,11,
2017-08-07,8000.0,8000.0,20055.890625,8001.599999999999,1,0.0,0.0,0.0,0.0,310.5315068492928,4048000.0,6020591.923136372,5754909.6684514405,-265682.2546849315,1.4216674082142886,1.0766594544877734,11,
2017-08-08,8000.0,7945.0,19996.009765625,0.0,0,0.0,0.0,0.0,0.0,308.39660273968184,4020170.0,6020591.923136372,5726771.271848701,-293820.6512876711,1.4245097276604475,1.0770367120198967,11,
2017-08-09,7895.0,7740.0,19738.7109375,0.0,0,0.0,0.0,0.0,0.0,300.43923287672806,3916440.0,6020591.923136372,5622740.832615824,-397851.09052054776,1.4356764900306973,1.0789236653938972,11,
2017-08-10,7790.0,7740.0,19729.740234375,436327.248,56,0.0,0.0,0.0,0.0,333.6894246575539,4349880.0,6020591.923136372,5619519.895191167,-401072.02794520557,1.2918792921163724,0.9705980793139026,11,
2017-08-14,7610.0,7590.0,19537.099609375,327295.446,43,0.0,0.0,0.0,0.0,352.25917808219674,4591950.0,6020591.923136372,5533942.190013085,-486649.7331232877,1.2051399057073977,0.9007186944304262,11,
2017-08-15,7695.0,7765.0,19753.310546875,454095.801,59,0.0,0.0,0.0,0.0,395.525698630212,5155960.0,6020591.923136372,5643460.863314454,-377131.0598219178,1.0945509397502027,0.823353625026675,11,
2017-08-16,7745.0,7735.0,19729.279296875,38732.745,5,332968.393,5622.296534246561,4480.126993314372,1142.169540932189,371.44953424653795,4842110.0,6025072.050129687,5622332.892239276,-402739.1578904111,1.1611328309846898,0.871119540726845,11,
2017-08-17,7715.0,7715.0,19702.630859375,54015.801,7,0.0,0.0,0.0,0.0,374.63194520547404,4883595.0,6025072.050129687,5609427.459294071,-415644.59083561646,1.1486266693479028,0.8610002619911054,11,
2017-08-18,7535.0,7525.0,19470.41015625,0.0,0,0.0,0.0,0.0,0.0,365.4057534246822,4763325.0,6025072.050129687,5488792.053540646,-536279.996589041,1.1523026569760926,0.8573372093971341,11,
2017-08-21,7550.0,7470.0,19393.130859375,264302.85000000003,35,0.0,0.0,0.0,0.0,382.791452054822,4989960.0,6025072.050129687,5450741.412088592,-574330.6380410959,1.0923417045604757,0.8106963442687904,11,
2017-08-22,7455.0,7475.0,19383.83984375,111847.365,15,0.0,0.0,0.0,0.0,391.64904109589406,5105425.0,6025072.050129687,5453967.398047496,-571104.6520821918,1.0682690271715862,0.7929166850879803,11,
2017-08-23,7590.0,7500.0,19434.640625,356801.346,47,0.0,0.0,0.0,0.0,420.0000000000582,5475000.0,6025072.050129687,5466321.052047496,-558750.9980821916,0.9984148040269398,0.7415726613635255,11,
2017-08-24,7450.0,7440.0,19353.76953125,81966.39,11,0.0,0.0,0.0,0.0,422.9181369863072,5513040.0,6025072.050129687,5421971.74391051,-603100.3062191778,0.9834812995934203,0.728334656503731,11,
2017-08-25,7480.0,7520.0,19452.609375,187037.4,25,0.0,0.0,0.0,0.0,441.88756164380175,5760320.0,6025072.050129687,5481772.456348865,-543299.593780822,0.9516437379084609,0.7073733611271668,11,
2017-08-28,7540.0,7515.0,19449.900390625,0.0,0,0.0,0.0,0.0,0.0,441.59375342473504,5756490.0,6025072.050129687,5477500.862595441,-547571.1875342466,0.9515348524179562,0.7070252414337891,11,
2017-08-29,7410.0,7450.0,19362.55078125,0.0,0,0.0,0.0,0.0,0.0,437.7742465754127,5706700.0,6025072.050129687,5427273.0883488655,-597798.9617808217,0.9510352898082719,0.7043156611646033,11,
2017-08-30,7540.0,7570.0,19506.5390625,0.0,0,0.0,0.0,0.0,0.0,444.82564383557474,5798620.0,6025072.050129687,5518748.26270503,-506323.78742465767,0.9517347683940368,0.7088494387078944,11,
2017-08-31,7625.0,7675.0,19646.240234375,0.0,0,83858.225,1860.1953835616503,1482.296691391101,377.8986921705492,444.5191780822206,5794625.0,6026554.346821078,5597789.069834777,-428765.2769863013,0.9660312910386396,0.7225807752612936,11,
2017-09-01,7740.0,7710.0,19691.470703125,0.0,0,580383.9,16873.176506849304,13445.390699482869,3427.7858073664356,402.18739726024796,5242800.0,6039999.737520561,5622517.99663015,-417481.7408904109,1.0724265653143645,0.8000568756656248,11,
2017-09-04,7650.0,7565.0,19508.25,0.0,0,0.0,0.0,0.0,0.0,394.6235616438498,5144200.0,6039999.737520561,5523523.373068506,-516476.36445205484,1.0737380687120457,0.7960710976665856,11,
2017-09-05,7595.0,7465.0,19385.810546875,0.0,0,0.0,0.0,0.0,0.0,389.4071232876595,5076200.0,6039999.737520561,5455133.965945218,-584865.7715753424,1.0746491402910086,0.7931858725759178,11,
2017-09-06,7400.0,7450.0,19357.970703125,0.0,0,0.0,0.0,0.0,0.0,388.62465753431024,5066000.0,6039999.737520561,5444545.341287684,-595454.3962328768,1.0747227282447067,0.7926160436349793,11,
2017-09-07,7500.0,7470.0,19396.51953125,0.0,0,0.0,0.0,0.0,0.0,389.6679452055105,5079600.0,6039999.737520561,5457755.673342478,-582244.0641780822,1.0744459550638787,0.7930178638405375,11,
2017-09-08,7435.0,7385.0,19274.8203125,7436.487,1,0.0,0.0,0.0,0.0,385.8004931507312,5029185.0,6039999.737520561,5399518.385849328,-640481.351671233,1.0736368588249046,0.7893108830114806,11,
2017-09-11,7510.0,7585.0,19545.76953125,503270.63399999996,67,0.0,0.0,0.0,0.0,435.2335342465667,5673580.0,6039999.737520561,5540207.5183150815,-499792.21920547925,0.9764923590246514,0.7243829032303413,9,
2017-09-12,7735.0,7765.0,19776.619140625,38682.735,5,525874.804,15127.549794520612,12054.388053763749,3073.1617407568624,408.0347945206304,5319025.0,6052054.125574324,5669363.3907798035,-382690.7347945206,1.0658651521246476,0.7940298532128127,9,
2017-09-13,7845.0,7845.0,19865.8203125,0.0,0,886307.703,20191.67132876718,16089.733298328127,4101.938030439052,344.2343013698119,4487340.0,6068143.858872653,5719539.921447995,-348603.93742465746,1.2745947312768802,0.9478009834385928,9,
2017-09-14,7840.0,7800.0,19807.439453125,0.0,0,517336.51199999993,2745.345643835565,2187.62867629037,557.7169675451951,302.7682191780623,3946800.0,6070331.487548944,5695475.948261272,-374855.5392876712,1.4430617077787757,1.0707391248539573,9,
2017-09-15,7770.0,7875.0,19909.5,7771.554,1,0.0,0.0,0.0,0.0,306.28356164386787,3992625.0,6070331.487548944,5733223.1106996285,-337108.376849315,1.4359533166023928,1.0678273208353681,9,
2017-09-19,8050.0,8195.0,20299.380859375,0.0,0,0.0,0.0,0.0,0.0,318.7293698630965,4154865.0,6070331.487548944,5895144.381329766,-175187.10621917804,1.4188534119230747,1.0650253613801133,11,
2017-09-20,8190.0,8205.0,20310.4609375,0.0,0,876154.7339999998,15044.322164383606,11988.068116689075,3056.2540476945296,251.76986301367288,3282000.0,6082319.555665633,5895126.091419057,-187193.46424657534,1.7961992965932532,1.3436082316186713,11,
2017-09-21,8330.0,8245.0,20347.48046875,0.0,0,174895.01400000002,4803.272945205512,3827.488046387012,975.7848988184998,239.71490410958359,3124855.0,6086147.04371202,5911660.60561613,-174486.43809589042,1.8918191742068449,1.4148540468342488,11,
2017-09-22,8265.0,8195.0,20296.44921875,0.0,0,413167.35,7334.269917808213,5844.312984005475,1489.9569338027386,206.82832876716566,2696155.0,6091991.3566960255,5894431.17035356,-197560.18634246578,2.1862360177191444,1.6306344438695441,11,
2017-09-25,8295.0,8270.0,20397.580078125,0.0,0,0.0,0.0,0.0,0.0,208.72120547943632,2720830.0,6091991.3566960255,5918897.44914808,-173093.90754794524,2.175401421311909,1.624761843481633,11,
2017-09-26,8235.0,8205.0,20330.189453125,0.0,0,304634.06100000005,2592.2393287671944,2065.625909128139,526.6134196390556,183.79199999998673,2395860.0,6094056.982605154,5897851.104728442,-196205.87787671233,2.461684365834582,1.83519838006049,11,
2017-09-27,8265.0,8275.0,20267.05078125,0.0,0,0.0,0.0,0.0,0.0,185.36000000000058,2416300.0,6094056.982605154,5918105.744728441,-175951.23787671234,2.4492429519217156,1.8279798331547101,11,
2017-09-28,8375.0,8355.0,20363.109375,0.0,0,0.0,0.0,0.0,0.0,187.15200000000186,2439660.0,6094056.982605154,5941278.592728442,-152778.38987671238,2.4352895865524053,1.8198984148822897,11,
2017-09-29,8305.0,8325.0,20356.279296875,0.0,0,141156.763,1659.5487123287671,1322.411391419178,337.13732090958905,175.62328767123108,2289375.0,6095379.393996572,5931637.59511986,-163741.79887671236,2.5909418924902474,1.934352038107844,11,
2017-10-02,8370.0,8380.0,20400.779296875,0.0,0,0.0,0.0,0.0,0.0,176.78356164383877,2304500.0,6095379.393996572,5946585.811558216,-148793.58243835618,2.5804234374303388,1.9280662313386232,11,
2017-10-03,8430.0,8560.0,20614.0703125,0.0,0,0.0,0.0,0.0,0.0,180.58082191779977,2354000.0,6095379.393996572,5995905.2307362985,-99474.163260274,2.5471135219780368,1.9083973952744357,11,
2017-10-04,8585.0,8570.0,20626.66015625,0.0,0,806828.602,7150.352808219126,5697.758635229411,1452.5941729897156,118.9938630136894,1551170.0,6101077.1526318025,5998332.244700296,-102744.90793150688,3.866972829993035,2.892993763268233,11,
2017-10-05,8585.0,8575.0,20628.560546875,0.0,0,0.0,0.0,0.0,0.0,119.06328767124796,1552075.0,6101077.1526318025,5999118.181412624,-101958.97121917811,3.865224413390219,2.8917365521598137,11,
2017-10-06,8630.0,8625.0,20690.7109375,0.0,0,0.0,0.0,0.0,0.0,119.7575342465716,1561125.0,6101077.1526318025,6008048.423878378,-93028.72875342469,3.8485377044620885,2.880616538794107,11,
2017-10-10,8600.0,8725.0,20823.509765625,0.0,0,0.0,0.0,0.0,0.0,121.14602739726251,1579225.0,6101077.1526318025,6026027.277850981,-75049.87478082195,3.8158129955205755,2.858908769852399,11,
2017-10-11,8710.0,8775.0,20881.26953125,0.0,0,0.0,0.0,0.0,0.0,121.84027397261525,1588275.0,6101077.1526318025,6034955.437577008,-66121.71505479453,3.7996917646988138,2.8481632724321733,11,
2017-10-12,8850.0,8840.0,20954.720703125,0.0,0,0.0,0.0,0.0,0.0,122.7427945205709,1600040.0,6101077.1526318025,6046597.694782487,-54479.45784931509,3.7790290835119666,2.8344204119479315,11,
2017-10-13,8835.0,9020.0,21155.1796875,0.0,0,0.0,0.0,0.0,0.0,125.24208219179127,1632620.0,6101077.1526318025,6079052.4527002955,-22024.699931506875,3.7234950280532493,2.7976599280719245,11,
2017-10-16,9065.0,9105.0,21255.560546875,0.0,0,679739.025,6679.379794520584,5322.463789263727,1356.9160052568566,74.03736986301374,965130.0,6106399.616421066,6089870.524325176,-16529.09209589045,6.309896619445231,4.736750703251668,11,
2017-10-17,9190.0,9175.0,21336.119140625,0.0,0,0.0,0.0,0.0,0.0,74.6065753424773,972550.0,6106399.616421066,6097215.917749833,-9183.698671232918,6.2693084342705605,4.708088008923548,11,
2017-10-18,9195.0,9195.0,21363.05078125,0.0,0,0.0,0.0,0.0,0.0,74.76920547946065,974670.0,6106399.616421066,6099261.148544353,-7138.467876712369,6.257770474667686,4.699869139983418,11,
2017-10-19,9265.0,9265.0,21448.51953125,0.0,0,0.0,0.0,0.0,0.0,75.33841095890966,982090.0,6106399.616421066,6106605.810133395,206.1937123287289,6.21796964650225,4.671762035908848,11,
2017-10-20,9200.0,9260.0,21457.640625,0.0,0,0.0,0.0,0.0,0.0,75.29775342466019,981560.0,6106399.616421066,6106000.51237997,-399.1040410959281,6.220710412384338,4.673591204143273,11,
2017-10-23,9490.0,9475.0,21696.650390625,9491.898,1,759048.1600000001,20953.532356164444,16696.822258009637,4256.710098154807,19.624931506827124,255825.0,6123096.438679075,6125545.439350308,2449.0006712328986,23.9442800326407,17.926246269995264,11,
2017-10-24,9440.0,9575.0,21805.169921875,0.0,0,217076.57600000003,1910.2862465753865,1522.2115955835968,388.0746509917897,2.9380821917875437,38300.0,6124618.650274659,6124706.0026171245,87.35234246575443,159.91399484640013,119.66656112166024,11,
2017-10-25,9665.0,9500.0,21707.619140625,0.0,0,9663.067000000001,171.9132328767131,136.98905961780883,34.92417325890427,2.1863013698603027,28500.0,6124755.639334276,6124531.959142496,-223.68019178082082,214.89585821552618,160.80284729651623,11,
2017-10-26,9490.0,9515.0,21739.779296875,56951.38799999999,6,0.0,0.0,0.0,0.0,6.569260273972759,85635.0,6124755.639334276,6124709.001882222,-46.63745205478514,71.52109536850845,53.518440140481864,11,
2017-10-27,9615.0,9755.0,22008.44921875,96169.23000000001,10,0.0,0.0,0.0,0.0,14.218246575328521,185345.0,6124755.639334276,6128235.553635647,3479.914301369862,33.06393781130134,24.746089481437394,11,
2017-10-30,9790.0,9740.0,22011.669921875,0.0,0,185972.798,4107.712301369852,3273.2305473465663,834.4817540232854,0.0,0.0,6128028.869881623,6128028.869881623,0.0,inf,inf,11,
2017-10-31,9625.0,9740.0,22011.609375,38507.7,4,0.0,0.0,0.0,0.0,2.988712328762631,38960.0,6128028.869881623,6128478.181169295,449.3112876712358,157.30180136471495,117.6256643084436,11,
2017-11-01,9900.0,10120.0,22420.080078125,138627.72,14,0.0,0.0,0.0,0.0,13.97391780820908,182160.0,6128028.869881623,6133036.487251487,5007.6173698630155,33.668404080212376,25.18247811605921,11,
2017-11-02,10190.0,10205.0,22539.119140625,0.0,0,183383.316,6230.933369863007,4965.119255775337,1265.8141140876699,0.0,0.0,6132993.989137398,6132993.989137398,0.0,inf,inf,11,
2017-11-06,10285.0,10220.0,22548.349609375,0.0,0,0.0,0.0,0.0,0.0,0.0,0.0,6132993.989137398,6132993.989137398,0.0,inf,inf,11,
2017-11-07,10205.0,10595.0,22937.599609375,0.0,0,0.0,0.0,0.0,0.0,0.0,0.0,6132993.989137398,6132993.989137398,0.0,inf,inf,11,
2017-11-08,10485.0,10555.0,22913.8203125,0.0,0,0.0,0.0,0.0,0.0,0.0,0.0,6132993.989137398,6132993.989137398,0.0,inf,inf,11,
2017-11-09,10645.0,10515.0,22868.7109375,0.0,0,0.0,0.0,0.0,0.0,0.0,0.0,6132993.989137398,6132993.989137398,0.0,inf,inf,11,
2017-11-10,10270.0,10340.0,22681.419921875,0.0,0,0.0,0.0,0.0,0.0,0.0,0.0,6132993.989137398,6132993.989137398,0.0,inf,inf,11,
2017-11-13,10275.0,10065.0,22380.990234375,174709.935,17,0.0,0.0,0.0,0.0,13.125863013701746,171105.0,6132993.989137398,6129375.928274385,-3618.0608630136962,35.82230752037862,26.751617985513974,11,
2017-11-14,10035.0,10070.0,22380.009765625,451665.315,45,0.0,0.0,0.0,0.0,47.894575342477765,624340.0,6132993.989137398,6130897.718699042,-2096.2704383561645,9.819806065123236,7.333839720762218,11,
2017-11-15,9955.0,9755.0,22028.3203125,458021.586,46,0.0,0.0,0.0,0.0,80.81950684932235,1053540.0,6132993.989137398,6101995.313192192,-30998.67594520549,5.791897140300503,4.31860799423561,11,
2017-11-16,9710.0,10040.0,22351.119140625,456461.274,47,0.0,0.0,0.0,0.0,119.37972602740047,1556200.0,6132993.989137398,6148074.659466165,15080.670328767137,3.950696992331426,2.9532105338612835,11,
2017-11-17,10265.0,10075.0,22396.80078125,451750.332,44,482358.509,25861.035986301413,20607.36652568428,5253.669460617132,117.47726027396857,1531400.0,6153601.355663083,6148511.689745274,-5089.665917808225,4.014961270566328,2.9843572873367266,11,
2017-11-20,9990.0,9950.0,22261.759765625,459631.908,46,0.0,0.0,0.0,0.0,151.13095890411932,1970100.0,6153601.355663083,6127428.65078637,-26172.704876712327,3.1102119947141618,2.309025216948203,11,
2017-11-21,10135.0,10095.0,22416.48046875,395344.053,39,0.0,0.0,0.0,0.0,183.53539726028976,2392515.0,6153601.355663083,6154316.06238911,714.7067260273807,2.572320784776317,1.912512337901804,11,
2017-11-22,10280.0,10190.0,22523.150390625,82256.448,8,0.0,0.0,0.0,0.0,191.5161643835745,2496550.0,6153601.355663083,6175903.0982247265,22301.742561643816,2.4737750488573136,1.8413851017549687,11,
2017-11-24,10085.0,10210.0,22550.849609375,0.0,0,927634.436,9662.153178082173,7699.286759954779,1962.8664181273934,119.83463013696019,1562130.0,6161300.642423037,6167034.833176462,5734.190753424645,3.9478371410679407,2.9309082617515085,11,
2017-11-27,10305.0,10145.0,22495.990234375,72149.427,7,0.0,0.0,0.0,0.0,124.51945205481024,1623200.0,6161300.642423037,6155830.886724407,-5469.755698630146,3.7924044398252876,2.8136589804249468,11,
2017-11-28,10125.0,10150.0,22486.240234375,212667.525,21,0.0,0.0,0.0,0.0,140.9320547945099,1837150.0,6161300.642423037,6156972.429669613,-4328.21275342466,3.3513716515633525,2.4865317845119805,11,
2017-11-29,10275.0,10260.0,22597.19921875,71939.38500000001,7,0.0,0.0,0.0,0.0,147.96887671231525,1928880.0,6161300.642423037,6176615.0757929,15314.433369863,3.202176950247242,2.378388777509622,11,
2017-11-30,10230.0,10370.0,22724.9609375,61392.276,6,460257.93,8209.64404109588,6541.854854147252,1667.789186948628,118.53052054793807,1545130.0,6167842.497277184,6189944.410085403,22101.91280821917,4.006099428582322,2.9723244677752807,11,
2017-12-01,10565.0,10455.0,22819.029296875,73969.791,7,633773.2200000001,25498.383698630187,20318.387050253463,5179.996648376722,76.99463013702189,1003680.0,6188160.884327438,6203040.84780689,14879.963479452055,6.180297353545841,4.563355615620854,11,
2017-12-04,10485.0,10355.0,22707.16015625,104870.97,10,524145.15,10649.009397260304,8485.663138206874,2163.346259053431,44.48394520551665,579880.0,6196646.547465645,6196307.1976026315,-339.3498630137044,10.6854990646386,7.8683893576940305,11,
2017-12-05,10235.0,10265.0,22622.380859375,358296.645,35,0.0,0.0,0.0,0.0,71.65813698634156,934115.0,6196646.547465645,6192173.894465645,-4472.653000000024,6.62892030902581,4.880037960492704,11,
2017-12-06,10180.0,9855.0,22177.0390625,407281.44,40,0.0,0.0,0.0,0.0,99.03599999996368,1291005.0,6196646.547465645,6141683.418465645,-54963.12900000003,4.757288638282303,3.4917968152452104,11,
2017-12-07,10000.0,10155.0,22498.029296875,450090.0,45,0.0,0.0,0.0,0.0,137.1064109588915,1787280.0,6196646.547465645,6187731.312054686,-8915.235410958932,3.4620939707570644,2.5479152313256592,11,
2017-12-08,10270.0,10440.0,22811.080078125,451970.376,44,0.0,0.0,0.0,0.0,176.19287671227357,2296800.0,6196646.547465645,6245104.743177974,48458.19571232875,2.719045952271845,2.0075910714430076,11,
2017-12-11,10505.0,10540.0,22938.73046875,115578.111,11,1260347.88,44405.94732876699,35384.879128927976,9021.068199839014,89.748821917834,1169940.0,6232031.426594573,6253903.695156217,21872.268561643832,5.345490961208452,3.910746216658852,11,
2017-12-12,10540.0,10495.0,22866.169921875,84336.864,8,874645.0360000001,21091.030972602763,16806.388030518512,4284.642942084251,28.98345205478836,377820.0,6248837.814625092,6247778.240762078,-1059.5738630137032,16.536388335085697,12.037724207027319,11,
2017-12-13,10495.0,10390.0,22758.0703125,314912.97000000003,30,0.0,0.0,0.0,0.0,52.60471232875716,685740.0,6248837.814625092,6240732.66604975,-8105.1485753425,9.100727194052775,6.622035728518687,11,
2017-12-14,10335.0,10325.0,22694.44921875,20674.134,2,0.0,0.0,0.0,0.0,53.85972602738184,702100.0,6248837.814625092,6236364.672323722,-12473.142301369897,8.882445053872273,6.4614341646807425,11,
2017-12-15,10265.0,10195.0,22553.220703125,390148.01399999997,38,0.0,0.0,0.0,0.0,82.90071232878836,1080670.0,6248837.814625092,6224703.757611393,-24134.05701369863,5.760041231468804,4.187059057434453,11,
2017-12-18,10390.0,10520.0,22901.76953125,457251.432,44,0.0,0.0,0.0,0.0,121.05205479453434,1578000.0,6248837.814625092,6264661.273556598,15823.458931506879,3.970000807070088,2.8926904787630554,11,
2017-12-19,10565.0,10480.0,22868.0,306446.277,29,401389.706,11181.306356164423,8909.823969909621,2271.4823862548023,113.35627397257485,1477680.0,6257747.638595001,6256899.863896371,-847.7746986301436,4.234272551497192,3.0761798922620174,11,
2017-12-20,10455.0,10510.0,22891.720703125,324169.821,31,0.0,0.0,0.0,0.0,138.6744109589199,1807720.0,6257747.638595001,6262631.368485412,4883.729890410957,3.4643813026826122,2.517647828964563,11,
2017-12-21,10465.0,10460.0,22866.099609375,94203.83699999998,9,0.0,0.0,0.0,0.0,145.236383561627,1893260.0,6257747.638595001,6253822.29510185,-3925.343493150672,3.303203096828671,2.3991675858617922,11,
2017-12-22,10455.0,10495.0,22902.759765625,83656.728,8,0.0,0.0,0.0,0.0,152.163123287668,1983555.0,6257747.638595001,6260308.403978563,2560.7653835616534,3.1561052776346323,2.2931463807971655,11,
2017-12-25,10500.0,10535.0,22939.1796875,10502.1,1,0.0,0.0,0.0,0.0,153.55123287675087,2001650.0,6257747.638595001,6267747.752745686,10000.114150684942,3.131290561659474,2.2760561371350474,11,
2017-12-26,10520.0,10500.0,22892.689453125,157831.56,15,21035.792,348.84397260274284,277.9763195684956,70.86765303424721,163.51232876710128,2131500.0,6258025.61491457,6260567.604763885,2541.989849315078,2.937165191069146,2.1337908808881987,11,
2017-12-27,10500.0,10535.0,22911.2109375,189037.80000000002,18,0.0,0.0,0.0,0.0,178.60432876716368,2328235.0,6258025.61491457,6268086.200435118,10060.585520547938,2.6922051255286163,1.956638936342621,11,
2017-12-28,10550.0,10420.0,22783.98046875,147729.54,14,0.0,0.0,0.0,0.0,187.84547945208033,2448700.0,6258025.61491457,6240633.814955666,-17391.799958904125,2.5485497672053192,1.849093405887515,11,
2017-12-29,10470.0,10410.0,22764.939453125,314162.81999999995,30,0.0,0.0,0.0,0.0,211.62246575346217,2758650.0,6258025.61491457,6236209.372489912,-21816.242424657503,2.2606018786326327,1.639656700946206,11,
2018-01-04,10760.0,11065.0,23506.330078125,312102.408,29,0.0,0.0,0.0,0.0,249.55364383556298,3253110.0,6258025.61491457,6418317.410846077,160291.7959315069,1.9729789065989398,1.4463382556315587,11,
2018-01-05,11200.0,11285.0,23714.529296875,0.0,0,3292141.4400000004,199323.23593150685,158830.7205520212,40492.515379485616,0.0,0.0,6416856.335466591,6416856.335466591,0.0,inf,inf,11,
2018-01-09,11525.0,11400.0,23849.990234375,0.0,0,0.0,0.0,0.0,0.0,0.0,0.0,6416856.335466591,6416856.335466591,0.0,inf,inf,11,
2018-01-10,11380.0,11345.0,23788.19921875,0.0,0,0.0,0.0,0.0,0.0,0.0,0.0,6416856.335466591,6416856.335466591,0.0,inf,inf,11,
2018-01-11,11225.0,11250.0,23710.4296875,0.0,0,0.0,0.0,0.0,0.0,0.0,0.0,6416856.335466591,6416856.335466591,0.0,inf,inf,11,
2018-01-12,11305.0,11205.0,23653.8203125,0.0,0,0.0,0.0,0.0,0.0,0.0,0.0,6416856.335466591,6416856.335466591,0.0,inf,inf,11,
2018-01-15,11360.0,11260.0,23714.880859375,318143.616,28,0.0,0.0,0.0,0.0,24.185863013699418,315280.0,6416856.335466591,6413968.533603577,-2887.8018630136785,20.34372156052898,14.277471275502919,11,
2018-01-16,11275.0,11490.0,23951.810546875,372149.415,33,0.0,0.0,0.0,0.0,53.766904109565075,700890.0,6416856.335466591,6427375.351699468,10519.016232876753,9.170305399848004,6.441458994895548,11,
2018-01-17,11320.0,11400.0,23868.33984375,90578.112,8,373485.288,1306.7859863013912,1041.3124131842635,265.4735731171276,31.482739726023283,410400.0,6417897.647879775,6419495.571386624,1597.9235068493413,15.64204573924616,10.978401914945103,11,
2018-01-18,11650.0,11305.0,23763.369140625,256351.26,22,0.0,0.0,0.0,0.0,50.29950684931828,655690.0,6417897.647879775,6408384.011879775,-9513.635999999982,9.773496639997216,6.854419446506387,11,
2018-01-19,11375.0,11350.0,23808.060546875,318563.7,28,0.0,0.0,0.0,0.0,74.87890410958789,976100.0,6417897.647879775,6410155.432975665,-7742.214904109584,6.567109346353513,4.606158005400627,11,
2018-01-22,11340.0,11340.0,23816.330078125,124764.948,11,0.0,0.0,0.0,0.0,84.38202739728149,1099980.0,6417897.647879775,6409186.102948268,-8711.544931506847,5.826638759748603,4.086453496442443,11,
2018-01-23,11465.0,11650.0,24124.150390625,172009.395,15,0.0,0.0,0.0,0.0,100.09424657537602,1304800.0,6417897.647879775,6441896.613701693,23998.96582191782,4.9370758841981095,3.4699781832645678,11,
2018-01-24,11540.0,11480.0,23940.779296875,11542.307999999999,1,865326.9000000001,12976.960054794643,10340.690619663108,2636.2694351315313,33.464986301376484,436240.0,6428238.338499438,6424451.47128026,-3786.86721917808,14.726873902623005,10.308939955210615,11,
2018-01-25,11290.0,11225.0,23669.490234375,350059.998,31,0.0,0.0,0.0,0.0,59.41561643834575,774525.0,6428238.338499438,6412617.057663822,-15621.280835616459,8.279419073191725,5.791004986060104,11,
2018-01-26,11295.0,11160.0,23631.880859375,451890.36,40,0.0,0.0,0.0,0.0,93.31594520548242,1216440.0,6428238.338499438,6402548.381718616,-25689.95678082192,5.263349102067193,3.6788630305956653,11,
2018-01-29,11260.0,11175.0,23629.33984375,450490.08,40,0.0,0.0,0.0,0.0,127.73178082192317,1665075.0,6428238.338499438,6400565.5699377945,-27672.768561643858,3.8440103718678102,2.686368843070821,11,
2018-01-30,11120.0,10855.0,23291.970703125,456011.184,41,0.0,0.0,0.0,0.0,158.21534246575902,2062450.0,6428238.338499438,6341771.170595328,-86467.1679041096,3.074872685687085,2.140198786245104,11,
2018-01-31,10765.0,10680.0,23098.2890625,452220.42600000004,42,0.0,0.0,0.0,0.0,190.07473972602747,2477760.0,6428238.338499438,6304670.669855602,-123567.66864383568,2.544504177101738,1.7664190281592094,11,
2018-02-01,10845.0,11030.0,23486.109375,455581.098,42,0.0,0.0,0.0,0.0,231.84153424660326,3022220.0,6428238.338499438,6393317.730321356,-34920.60817808226,2.115437569178073,1.4774495669220873,11,
2018-02-02,10900.0,10830.0,23274.529296875,283456.68,26,457708.44,5418.066164383528,4317.386023089015,1100.6801412945138,214.34498630135204,2794140.0,6432555.724522527,6338174.465193761,-94381.25932876713,2.2683811352307903,1.576299667828022,11,
2018-02-05,10435.0,10285.0,22682.080078125,459231.828,44,0.0,0.0,0.0,0.0,238.27386301365914,3106070.0,6432555.724522527,6190634.363330746,-241921.36119178083,1.9930762549880543,1.3704210072982776,11,
2018-02-06,9400.0,9300.0,21610.240234375,451290.24,48,0.0,0.0,0.0,0.0,249.69863013696158,3255000.0,6432555.724522527,5888024.424700609,-544531.2998219178,1.80891687394796,1.2146740217753267,11,
2018-02-07,9825.0,9320.0,21645.369140625,452040.39,46,0.0,0.0,0.0,0.0,283.1237260273774,3690720.0,6432555.724522527,5871420.910974582,-561134.8135479452,1.5908605667659919,1.0666962824128172,11,
2018-02-08,9390.0,9525.0,21890.859375,741958.3620000001,79,0.0,0.0,0.0,0.0,347.07534246577416,4524375.0,6432555.724522527,5962770.473632116,-469785.2508904111,1.3179213645270598,0.8902621446590308,12,
2018-02-09,8875.0,9110.0,21382.619140625,745649.1,84,0.0,0.0,0.0,0.0,390.6567671232624,5092490.0,6432555.724522527,5784845.716864993,-647710.0076575342,1.1359562251207156,0.7559296880715436,12,
2018-02-13,9310.0,8965.0,21244.6796875,744948.96,80,781883.5920000001,36175.78865753433,28826.67719175623,7349.111465778099,381.68794520545634,4975575.0,6461382.401714283,5697134.549454009,-764247.8522602742,1.1450203342234835,0.7487166273634166,12,
2018-02-14,8975.0,8885.0,21154.169921875,745073.985,83,0.0,0.0,0.0,0.0,434.85380821916624,5668630.0,6461382.401714283,5644680.71064579,-816701.6910684931,0.9957751186169833,0.6478473706305217,12,
2018-02-15,9085.0,9155.0,21464.98046875,745118.994,82,0.0,0.0,0.0,0.0,505.6569863013283,6591600.0,6461382.401714283,5822026.0596594885,-639356.3420547944,0.8832492960221325,0.5839624268166592,12,
2018-02-16,9245.0,9360.0,21720.25,739747.92,80,767181.5329999999,21992.685095890363,17524.871118660238,4467.813977230127,514.8256438356475,6711120.0,6478907.272832943,5963997.033038422,-514910.23979452066,0.8886738775403245,0.5913633186776425,12,
2018-02-19,9515.0,9740.0,22149.2109375,742318.434,78,1541121.7140000002,56080.89084931512,44688.057873276746,11392.832976038366,472.963726027403,6165420.0,6523595.33070622,6205234.516336357,-318360.81436986313,1.0064577135598802,0.6736595112687362,12,
2018-02-20,9665.0,9535.0,21925.099609375,0.0,0,2753974.095,72417.58371232892,57705.9515811693,14711.632131159622,254.54531506847707,3318180.0,6581301.282287389,6097002.4338901285,-484298.8483972603,1.8374537951196526,1.1971893063344559,12,
2018-02-21,9570.0,9595.0,21970.810546875,76575.312,8,0.0,0.0,0.0,0.0,262.0355068493227,3415820.0,6581301.282287389,6117805.086383279,-463496.1959041096,1.7910209221748452,1.1689814537883045,12,
2018-02-22,9415.0,9375.0,21736.439453125,0.0,0,0.0,0.0,0.0,0.0,256.02739726024447,3337500.0,6581301.282287389,6039229.058986019,-542072.2233013698,1.8095068341531144,1.1727934605796693,12,
2018-02-23,9430.0,9510.0,21892.779296875,745118.9940000001,79,0.0,0.0,0.0,0.0,317.34739726028056,4136850.0,6581301.282287389,6093142.717588759,-488158.56469863025,1.4728942837155707,0.9591342412439721,12,
2018-02-26,9745.0,9760.0,22153.630859375,321649.31700000004,33,0.0,0.0,0.0,0.0,350.39736986297066,4567680.0,6581301.282287389,6201973.003218896,-379328.2790684932,1.3577949863429346,0.8924168011223204,12,
2018-02-27,9950.0,9960.0,22389.859375,0.0,0,865476.87,43642.31468493148,34776.37845668765,8865.936228243829,291.10487671237206,3794760.0,6616077.660744077,6285372.832113939,-330704.82863013697,1.6563294733036975,1.084585265862347,12,
2018-02-28,9870.0,9710.0,22068.240234375,0.0,0,779574.054,5369.351821917759,4278.567999295166,1090.7838226225927,224.9527671232354,2932420.0,6620356.2287433725,6201291.149524194,-419065.07921917806,2.1147349798201467,1.3729495762220325,12,
2018-03-01,9550.0,9375.0,21724.470703125,0.0,0,0.0,0.0,0.0,0.0,217.1917808218859,2831250.0,6620356.2287433725,6099903.957743373,-520452.2709999999,2.1544914641036197,1.386122883088166,12,
2018-03-02,8925.0,8900.0,21181.640625,607021.38,68,0.0,0.0,0.0,0.0,252.61369863012806,3293000.0,6620356.2287433725,5954379.964044742,-665976.2646986302,1.8081931260384885,1.1474897677941418,12,
2018-03-05,8775.0,8795.0,21042.08984375,746024.1749999999,85,0.0,0.0,0.0,0.0,306.9816438356356,4001725.0,6620356.2287433725,5916773.807400906,-703582.4213424658,1.478555824650846,0.9347895387760123,12,
2018-03-06,9120.0,9105.0,21417.759765625,738867.7440000001,81,0.0,0.0,0.0,0.0,374.37764383564354,4880280.0,6620356.2287433725,6056086.685757071,-564269.5429863014,1.2409301691208436,0.7949767570243443,12,
2018-03-07,8970.0,8950.0,21252.720703125,744658.902,83,1372135.5180000002,18833.444643835723,15007.430364440495,3826.0142793952264,319.9441095890943,4170700.0,6635363.659107813,5969837.343368087,-665526.3157397261,1.431375391029824,0.9049575458863879,12,
2018-03-08,9150.0,9025.0,21368.0703125,741298.23,81,0.0,0.0,0.0,0.0,378.7038356164994,4936675.0,6635363.659107813,5994135.409532471,-641228.2495753425,1.2142049880805341,0.7693894775242699,12,
2018-03-09,9200.0,9115.0,21469.19921875,745349.04,81,0.0,0.0,0.0,0.0,439.1182465753518,5724220.0,6635363.659107813,6035892.251285895,-599471.4078219178,1.0544479861511078,0.6707540105837955,12,
2018-03-12,9515.0,9455.0,21824.029296875,0.0,0,789587.051,44755.663630136965,35663.55056367464,9092.113066462325,395.29671232876717,5152975.0,6671027.209671487,6244746.892507103,-426280.3171643836,1.2118721500700282,0.7768807734061811,12,
2018-03-13,9360.0,9555.0,21968.099609375,0.0,0,2274025.1040000003,47939.57926027394,38200.65373354929,9738.92552672465,221.36186301367707,2885610.0,6709227.863405037,6241446.709117365,-467781.15428767126,2.1629557386886535,1.3694803105165603,12,
2018-03-14,9380.0,9390.0,21777.2890625,0.0,0,0.0,0.0,0.0,0.0,217.53928767124307,2835780.0,6709227.863405037,6191399.169829695,-517828.6935753425,2.183314350841636,1.375819351379285,12,
2018-03-15,9325.0,9420.0,21803.94921875,0.0,0,0.0,0.0,0.0,0.0,218.23430136987008,2844840.0,6709227.863405037,6200240.935528325,-508986.9278767123,2.179469121471972,1.3744690498065302,12,
2018-03-16,9450.0,9300.0,21676.509765625,0.0,0,0.0,0.0,0.0,0.0,215.45424657530384,2808600.0,6709227.863405037,6163785.481281749,-545442.3821232875,2.1946113655492945,1.379147483856177,12,
2018-03-19,9180.0,9130.0,21480.900390625,0.0,0,0.0,0.0,0.0,0.0,211.51583561644657,2757260.0,6709227.863405037,6112233.965446132,-596993.8979589042,2.216778238340284,1.386053760431452,12,
2018-03-20,8970.0,9045.0,21380.970703125,717743.52,80,0.0,0.0,0.0,0.0,265.055671232898,3455190.0,6709227.863405037,6092155.3897749,-617072.4736301369,1.763189691384526,1.1001904266175695,12,
2018-03-22,9035.0,9225.0,21591.990234375,741018.1740000001,82,0.0,0.0,0.0,0.0,328.35945205474854,4280400.0,6709227.863405037,6176018.8563228445,-533209.0070821919,1.4428602131396235,0.9076025762173279,12,
2018-03-23,8690.0,8375.0,20617.859375,78225.64199999999,9,0.0,0.0,0.0,0.0,303.88630136990105,3961375.0,6709227.863405037,5778464.328021475,-930763.5353835619,1.4587016700063677,0.8802609327917479,12,
2018-03-26,8200.0,8500.0,20766.099609375,746349.24,91,0.0,0.0,0.0,0.0,367.75890410956345,4794000.0,6709227.863405037,5864372.329117365,-844855.5342876713,1.2232733268913987,0.745219836218125,12,
2018-03-27,8670.0,8935.0,21317.3203125,745769.1240000001,86,788812.206,42403.62901369864,33789.331779565764,8614.297234132879,383.15238356165355,4994665.0,6743017.195184602,6099082.9614996705,-643934.2336849315,1.2211195268350672,0.7537057532016134,12,
2018-03-28,8705.0,8860.0,21031.310546875,235082.007,27,826809.605,2738.07297260266,2181.8334482184296,556.2395243842303,333.718575342471,4350260.0,6745199.028632821,6045515.601399944,-699683.4272328768,1.389690639501994,0.8523326408460792,12,
2018-03-29,9060.0,8955.0,21159.080078125,743068.584,82,244571.076,9470.717876712317,7546.7415400582095,1923.9763366541072,375.0795616438263,4889430.0,6752745.770172879,6083889.037501646,-668856.7326712332,1.2442941278434596,0.7641782851642033,12,
2018-03-30,9155.0,9220.0,21454.30078125,741703.311,81,0.0,0.0,0.0,0.0,443.46936986298533,5780940.0,6752745.770172879,6233252.257131783,-519493.51304109604,1.0782419912906522,0.6720906951275545,12,
2018-04-02,9200.0,9170.0,21388.580078125,0.0,0,2244351.04,41579.55619178069,33132.669351420445,8446.886840360248,269.42213698630803,3512110.0,6785878.439524299,6200056.988154436,-585821.451369863,1.765336788470303,1.0848953295268573,12,
2018-04-03,8885.0,9075.0,21292.2890625,0.0,0,0.0,0.0,0.0,0.0,266.6309589041048,3475725.0,6785878.439524299,6163405.357195532,-622473.0823287672,1.7732718662136768,1.0856306163078964,12,
2018-04-04,9195.0,9105.0,21319.55078125,82771.551,9,0.0,0.0,0.0,0.0,273.7985753424873,3569160.0,6785878.439524299,6173795.00762019,-612083.4319041094,1.729761346540976,1.0600447516267353,12,
2018-04-05,9305.0,9395.0,21645.419921875,0.0,0,0.0,0.0,0.0,0.0,282.51923287665704,3682840.0,6785878.439524299,6287192.488387314,-498685.9511369862,1.7071587384701246,1.0580378966369228,12,
2018-04-06,9365.0,9340.0,21567.51953125,0.0,0,842681.43,17908.182739726057,14270.135416150708,3638.047323575348,216.38093150686473,2820680.0,6800148.5749404505,6263859.490132231,-536289.0848082191,2.220691283708975,1.3667366469518023,12,
2018-04-09,9290.0,9420.0,21678.259765625,0.0,0,0.0,0.0,0.0,0.0,218.23430136987008,2844840.0,6800148.5749404505,6287801.255830862,-512347.31910958904,2.210247766423019,1.3634686860144223,12,
2018-04-10,9335.0,9515.0,21794.3203125,0.0,0,0.0,0.0,0.0,0.0,220.43517808214528,2873530.0,6800148.5749404505,6316270.820652779,-483877.7542876712,2.1980876554804647,1.359686304428736,12,
2018-04-11,9565.0,9425.0,21687.099609375,0.0,0,0.0,0.0,0.0,0.0,218.35013698626426,2846350.0,6800148.5749404505,6288872.470515793,-511276.10442465753,2.2094515679785665,1.3629675500522187,12,
2018-04-12,9415.0,9400.0,21660.279296875,0.0,0,0.0,0.0,0.0,0.0,217.77095890408964,2838800.0,6800148.5749404505,6281104.699556889,-519043.8753835616,2.2125914821603807,1.363779464623547,12,
2018-04-13,9525.0,9505.0,21778.740234375,0.0,0,0.0,0.0,0.0,0.0,220.20350684929872,2870510.0,6800148.5749404505,6312594.496050039,-487554.07889041083,2.1991194930691895,1.3596074346229854,12,
2018-04-16,9560.0,9555.0,21835.529296875,0.0,0,0.0,0.0,0.0,0.0,221.36186301367707,2885610.0,6800148.5749404505,6327473.134187026,-472675.4407534247,2.192767953461149,1.3575722337507836,12,
2018-04-17,9530.0,9565.0,21847.58984375,0.0,0,0.0,0.0,0.0,0.0,221.59353424658184,2888630.0,6800148.5749404505,6330271.540652779,-469877.03428767127,2.1914442281125583,1.3570449750799187,12,
2018-04-18,9620.0,9840.0,22158.19921875,0.0,0,0.0,0.0,0.0,0.0,227.9644931507064,2971680.0,6800148.5749404505,6413093.576159628,-387054.9987808219,2.158070039896499,1.346913159350537,12,
2018-04-19,9910.0,9860.0,22191.1796875,0.0,0,0.0,0.0,0.0,0.0,228.42783561642864,2977720.0,6800148.5749404505,6418905.148324012,-381243.4266164383,2.1556443011176376,1.3460560568849895,12,
2018-04-20,9825.0,9840.0,22162.240234375,0.0,0,0.0,0.0,0.0,0.0,227.9644931507064,2971680.0,6800148.5749404505,6412637.183830862,-387511.39110958896,2.1579164593195976,1.3466059981967338,12,
2018-04-23,9845.0,9775.0,22088.0390625,0.0,0,0.0,0.0,0.0,0.0,226.4586301370291,2952050.0,6800148.5749404505,6392780.725200725,-407367.849739726,2.1655394472318306,1.3487573704581546,12,
2018-04-24,9910.0,9945.0,22278.119140625,0.0,0,0.0,0.0,0.0,0.0,230.39704109585728,3003390.0,6800148.5749404505,6443890.328159628,-356258.24678082194,2.145538983668331,1.3426422813483443,12,
2018-04-25,9795.0,9895.0,22215.3203125,0.0,0,0.0,0.0,0.0,0.0,229.23868493150803,2988290.0,6800148.5749404505,6428561.089474697,-371587.4854657535,2.151250745233795,1.3442202477031817,12,
2018-04-26,9980.0,9975.0,22319.609375,0.0,0,0.0,0.0,0.0,0.0,231.0920547945134,3012450.0,6800148.5749404505,6452489.997419902,-347658.57752054796,2.1419409442214485,1.3413061594049203,12,
2018-04-27,10035.0,10115.0,22467.869140625,0.0,0,0.0,0.0,0.0,0.0,234.33545205480186,3054730.0,6800148.5749404505,6494535.6619678475,-305612.9129726027,2.126058820899997,1.336428774063581,12,
2018-05-01,10100.0,10145.0,22508.029296875,0.0,0,0.0,0.0,0.0,0.0,235.03046575339977,3063790.0,6800148.5749404505,6503360.631502095,-296787.94343835616,2.122652215557233,1.3352804885660359,12,
2018-05-02,10190.0,10095.0,22472.779296875,0.0,0,0.0,0.0,0.0,0.0,233.87210958905052,3048690.0,6800148.5749404505,6488026.7593925055,-312121.8155479452,2.128135940155446,1.336787690399666,12,
2018-05-07,10145.0,10105.0,22467.16015625,0.0,0,0.0,0.0,0.0,0.0,234.1037808219553,3051710.0,6800148.5749404505,6490812.655611684,-309335.9193287671,2.1269428142292957,1.336300977577461,12,
2018-05-08,10065.0,10140.0,22508.689453125,0.0,0,0.0,0.0,0.0,0.0,234.91463013697648,3062280.0,6800148.5749404505,6501147.740981546,-299000.8339589041,2.122976259839579,1.3349867507290776,12,
2018-05-09,10090.0,10055.0,22408.880859375,0.0,0,0.0,0.0,0.0,0.0,232.94542465751874,3036610.0,6800148.5749404505,6475244.795556889,-324903.77938356163,2.1323926337451597,1.3376651384844696,12,
2018-05-10,10130.0,10130.0,22497.1796875,0.0,0,0.0,0.0,0.0,0.0,234.68295890410081,3059260.0,6800148.5749404505,6497660.112597985,-302488.4623424657,2.123931968056976,1.335011725141216,12,
2018-05-11,10190.0,10380.0,22758.48046875,0.0,0,0.0,0.0,0.0,0.0,240.47473972602165,3134760.0,6800148.5749404505,6572919.637858259,-227228.93708219178,2.096785603318359,1.3267896173155407,12,
2018-05-14,10365.0,10460.0,22865.859375,0.0,0,0.0,0.0,0.0,0.0,242.328109589027,3158920.0,6800148.5749404505,6596837.30974867,-203311.2651917808,2.08832047337339,1.3241368456804496,12,
2018-05-15,10475.0,10410.0,22818.01953125,0.0,0,0.0,0.0,0.0,0.0,241.16975342464866,3143820.0,6800148.5749404505,6581496.139995245,-218652.43494520552,2.093471044778405,1.3255402742682587,12,
2018-05-16,10330.0,10330.0,22717.23046875,0.0,0,0.0,0.0,0.0,0.0,239.3163835616724,3119660.0,6800148.5749404505,6557096.823611683,-243051.75132876713,2.1018626464459857,1.3279079746776614,12,
2018-05-17,10410.0,10440.0,22838.369140625,0.0,0,0.0,0.0,0.0,0.0,241.86476712333388,3152880.0,6800148.5749404505,6590074.95884456,-210073.6160958904,2.090176270217883,1.3242995809382747,12,
2018-05-18,10500.0,10505.0,22930.359375,0.0,0,0.0,0.0,0.0,0.0,243.37063013695297,3172510.0,6800148.5749404505,6609461.5882144235,-190686.9867260274,2.083354059786864,1.3221395429765055,12,
2018-05-21,10515.0,10580.0,23002.369140625,0.0,0,0.0,0.0,0.0,0.0,245.10816438356414,3195160.0,6800148.5749404505,6631866.4800500395,-168282.09489041095,2.0755976164104584,1.3197025204245252,12,
2018-05-22,10595.0,10540.0,22960.33984375,0.0,0,466086.76399999997,4569.120328767111,3640.903533978072,928.2167947890385,208.60536986301304,2719320.0,6803789.478474429,6620976.421885388,-182813.05658904114,2.4347912058475605,1.5448689088802874,12,
2018-05-23,10455.0,10290.0,22689.740234375,0.0,0,0.0,0.0,0.0,0.0,203.65742465751828,2654820.0,6803789.478474429,6556272.76446073,-247516.7140136987,2.469573366352796,1.5579533099972984,12,
2018-05-24,10225.0,10065.0,22437.009765625,0.0,0,0.0,0.0,0.0,0.0,199.2042739726021,2596770.0,6803789.478474429,6498023.560186758,-305765.9182876713,2.502348517653376,1.570272761122118,12,
2018-05-25,9990.0,10085.0,22450.7890625,359711.92799999996,36,0.0,0.0,0.0,0.0,227.45128767128335,2964990.0,6803789.478474429,6506304.180899086,-297485.29757534235,2.1943764332760267,1.377977789916236,12,
2018-05-28,10110.0,10100.0,22481.08984375,475265.0339999999,47,0.0,0.0,0.0,0.0,264.20493150682887,3444100.0,6803789.478474429,6509884.94196758,-293904.5365068492,1.8901556116162654,1.1872497672717768,12,
2018-05-29,10050.0,9980.0,22358.4296875,422184.42,42,0.0,0.0,0.0,0.0,293.22060273971874,3822340.0,6803789.478474429,6465647.30136484,-338142.1771095889,1.691541647620264,1.0581152022727562,12,
2018-05-30,9655.0,9685.0,22018.51953125,743583.687,77,0.0,0.0,0.0,0.0,341.761095890397,4455100.0,6803789.478474429,6354481.853268949,-449307.6252054794,1.426338769784954,0.8828014754020036,12,
2018-05-31,9835.0,9860.0,22201.8203125,737772.525,75,0.0,0.0,0.0,0.0,404.6652054794249,5275100.0,6803789.478474429,6436304.66306347,-367484.8154109589,1.2201294123454476,0.7610068051131745,12,
2018-06-01,9780.0,9810.0,22171.349609375,684736.92,70,752909.388,9210.251630136987,7339.189011474658,1871.0626186623288,397.34531506855274,5179680.0,6811128.667485903,6406788.723129738,-404339.94435616443,1.2369082111500591,0.7674727899742014,12,
2018-06-04,10000.0,10090.0,22475.939453125,740148.0,74,0.0,0.0,0.0,0.0,465.9644931507355,6074180.0,6811128.667485903,6560674.758636588,-250453.90884931502,1.0800922525569852,0.6797104352829964,12,
2018-06-05,10165.0,10140.0,22539.5390625,0.0,0,1473630.215,50842.6878082192,40513.995779979465,10328.69202823973,355.48339726027916,4633980.0,6851642.663265883,6583420.798211088,-268221.86505479435,1.4206839041625317,0.8848185361517077,12,
2018-06-06,10140.0,10230.0,22625.73046875,0.0,0,1115176.92,14981.9110136986,11938.33579126573,3043.5752224328708,272.3141917808389,3549810.0,6863580.999057149,6611111.828796875,-252469.1702602739,1.8623846991238615,1.1585600935082716,12,
2018-06-07,10360.0,10400.0,22823.259765625,0.0,0,435032.976,12623.682246575383,10059.181198183594,2564.501048391789,243.331506849383,3172000.0,6873640.180255332,6665526.972241634,-208113.20801369855,2.1013641148302753,1.3096520602862332,12,
2018-06-08,10385.0,10275.0,22694.5,0.0,0,487997.38100000005,12406.790232876838,9886.35079706791,2520.4394358089294,203.36054794522352,2650950.0,6883526.5310524,6629750.55325788,-253775.9777945206,2.500896113943258,1.548814487434073,12,
2018-06-11,10270.0,10395.0,22804.0390625,0.0,0,0.0,0.0,0.0,0.0,205.73556164387264,2681910.0,6883526.5310524,6660504.817696236,-223021.7133561644,2.483493039548768,1.5423255419980788,12,
2018-06-12,10550.0,10465.0,22878.349609375,0.0,0,0.0,0.0,0.0,0.0,207.1209863013646,2699970.0,6883526.5310524,6678357.696709935,-205168.83434246577,2.473493296855126,1.5385445217418952,12,
2018-06-13,10465.0,10530.0,22966.380859375,0.0,0,0.0,0.0,0.0,0.0,208.40745205475832,2716740.0,6883526.5310524,6694919.289257879,-188607.24179452058,2.4643209468914504,1.5350667481847198,12,
2018-06-14,10420.0,10325.0,22738.609375,0.0,0,0.0,0.0,0.0,0.0,204.35013698635157,2663850.0,6883526.5310524,6641824.939120893,-241701.59193150687,2.493317919222514,1.5455369248228628,12,
2018-06-15,10460.0,10435.0,22851.75,0.0,0,0.0,0.0,0.0,0.0,206.52723287668778,2692230.0,6883526.5310524,6669998.411888016,-213528.1191643836,2.477499475114688,1.5396327515567503,12,
2018-06-18,10385.0,10265.0,22680.330078125,0.0,0,0.0,0.0,0.0,0.0,203.1626301369688,2648370.0,6883526.5310524,6625935.249257879,-257591.28179452056,2.5018918237473917,1.5484162550789184,12,
2018-06-19,10170.0,9915.0,22278.48046875,10172.034,1,0.0,0.0,0.0,0.0,196.99610958906123,2567985.0,6883526.5310524,6535181.21914829,-348345.3119041096,2.544867364547803,1.5614686733934107,12,
2018-06-20,9975.0,10150.0,22555.4296875,738297.6299999999,74,0.0,0.0,0.0,0.0,259.2838356164284,3379950.0,6883526.5310524,6608589.3053126745,-274937.22573972604,1.9552328600460582,1.2079992111045856,12,
2018-06-21,10120.0,10285.0,22693.0390625,212562.504,21,748730.224,10374.97536986317,8267.299123475466,2107.676246387703,220.91616438352503,2879800.0,6891793.830175876,6642278.432901903,-249515.39727397266,2.3065068521778955,1.425817824025254,12,
2018-06-22,10050.0,10130.0,22516.830078125,0.0,0,0.0,0.0,0.0,0.0,217.58684931506286,2836400.0,6891793.830175876,6598660.846052588,-293132.9841232877,2.326421113401702,1.4321798744638612,12,
2018-06-25,10155.0,9955.0,22338.150390625,243768.74399999998,24,0.0,0.0,0.0,0.0,232.15605479446822,3026320.0,6891793.830175876,6544579.945997793,-347213.8841780821,2.162553842950446,1.3243549723161159,12,
2018-06-26,9815.0,9975.0,22342.0,736272.225,75,0.0,0.0,0.0,0.0,290.01287671233877,3780525.0,6891793.830175876,6562222.708121081,-329571.12205479445,1.7357966706002688,1.0647396033794996,12,
2018-06-27,9975.0,9920.0,22271.76953125,79815.95999999999,8,747975.3750000001,11645.759589041236,9279.92352852751,2365.836060513727,237.42772602743935,3095040.0,6901073.7537044035,6542293.859334541,-358779.8943698629,2.11379945310385,1.2902782041474983,12,
2018-06-28,9875.0,9925.0,22270.390625,740773.125,75,0.0,0.0,0.0,0.0,294.6501369861944,3840975.0,6901073.7537044035,6547161.084197555,-353912.66950684926,1.704557067983404,1.0408907185521126,12,
2018-06-29,9970.0,9950.0,22304.509765625,737927.5560000001,74,0.0,0.0,0.0,0.0,351.8756164383376,4586950.0,6901073.7537044035,6554856.652581116,-346217.1011232877,1.4290229133914947,0.8732118118701585,12,
2018-07-02,9885.0,9500.0,21811.9296875,464687.91899999994,47,0.0,0.0,0.0,0.0,370.2136986301048,4826000.0,6901073.7537044035,6328848.519882485,-572225.2338219179,1.3114066555910662,0.7830502639992879,12,
2018-07-03,9570.0,9475.0,21785.5390625,746609.292,78,0.0,0.0,0.0,0.0,425.93369863025146,5552350.0,6901073.7537044035,6308163.294183856,-592910.4595205479,1.1361249370417672,0.6768106143638826,12,
2018-07-04,9370.0,9420.0,21717.0390625,740378.046,79,0.0,0.0,0.0,0.0,480.54904109585914,6264300.0,6901073.7537044035,6279254.69914276,-621819.0545616439,1.0023872897439075,0.595198229743325,12,
2018-07-05,9395.0,9280.0,21546.990234375,742353.4409999999,79,0.0,0.0,0.0,0.0,529.6464657534088,6904320.0,6901073.7537044035,6176391.611677006,-724682.1420273972,0.8945691410127291,0.525049177420746,12,
2018-07-06,9375.0,9500.0,21788.140625,740773.125,79,0.0,0.0,0.0,0.0,599.7753424657276,7818500.0,6901073.7537044035,6349198.7113345405,-551875.0423698628,0.812073762401297,0.48568329743105115,12,margin_warning
2018-07-09,9560.0,9700.0,22052.1796875,745829.136,78,2265266.8559999997,41419.959726027344,33005.494907684886,8414.464818342454,494.0887671233795,6440800.0,6934079.248612088,6482027.877749074,-452051.3708630139,1.0064010492095818,0.6036874268547473,12,
2018-07-10,9840.0,9850.0,22196.890625,59051.80799999999,6,1534732.992,41953.05221917809,33430.28966085207,8522.76255832603,388.3868493150221,5062900.0,6967509.538272941,6570897.912341434,-396611.6259315068,1.2978525968005359,0.777174855203524,12,
2018-07-11,9660.0,9590.0,21932.2109375,0.0,0,0.0,0.0,0.0,0.0,378.13501369865844,4929260.0,6967509.538272941,6436879.777327735,-530629.7609452055,1.305851137356872,0.7709802900197037,12,
2018-07-12,9680.0,9825.0,22187.9609375,416323.24799999996,43,0.0,0.0,0.0,0.0,419.8101369863143,5472525.0,6967509.538272941,6563401.719190748,-404107.81908219174,1.1993370005967534,0.7174867974305376,12,
2018-07-13,10025.0,10195.0,22597.349609375,0.0,0,430988.78500000003,14633.127958904179,11660.408014052795,2972.719944851384,401.9902465753257,5240230.0,6979169.946286993,6758720.793999322,-220449.1522876712,1.2897756003074907,0.7836962104166509,12,
2018-07-16,10195.0,10195.0,22597.349609375,0.0,0,2140521.8099999996,56550.58506849298,45062.33371182863,11488.251356664348,237.75298630134785,3099280.0,7024232.279998822,6746566.5996563565,-277665.6803424657,2.176817389734505,1.302820610049394,12,
2018-07-17,10185.0,10275.0,22697.359375,0.0,0,0.0,0.0,0.0,0.0,239.6186301370035,3123600.0,7024232.279998822,6770646.981026219,-253585.2989726027,2.167578108921187,1.3003094580143464,12,
2018-07-18,10475.0,10375.0,22794.189453125,0.0,0,219931.005,7067.340287671252,5631.610108230837,1435.7301794404148,225.2369863013737,2936125.0,7029863.890107052,6801442.018860477,-228421.87124657532,2.3164688216136837,1.3913403154204598,12,
2018-07-19,10440.0,10350.0,22764.6796875,0.0,0,260947.80000000002,6664.646821917838,5310.723820045229,1353.923001872609,204.84493150681374,2670300.0,7035174.613927098,6795006.050927098,-240168.56300000002,2.544660169616559,1.5248637321376228,12,
2018-07-20,10300.0,10275.0,22697.880859375,0.0,0,0.0,0.0,0.0,0.0,203.36054794522352,2650950.0,7035174.613927098,6775452.690379153,-259721.92354794522,2.5558583490368183,1.5285414296124802,12,
2018-07-23,10060.0,9985.0,22396.990234375,0.0,0,0.0,0.0,0.0,0.0,197.6209315068554,2576130.0,7035174.613927098,6700435.069447646,-334739.5444794521,2.6009693103405676,1.5437387325050327,12,
2018-07-24,10135.0,10100.0,22510.48046875,20274.054,2,0.0,0.0,0.0,0.0,201.4465753424447,2626000.0,7035174.613927098,6729829.568872304,-305345.0450547945,2.5627683049780288,1.5255387333653865,12,
2018-07-25,10180.0,10190.0,22614.25,0.0,0,0.0,0.0,0.0,0.0,203.24164383555762,2649400.0,7035174.613927098,6753026.327228468,-282148.28669863014,2.548888928522861,1.5207436515927506,12,
2018-07-26,10210.0,10165.0,22586.869140625,0.0,0,0.0,0.0,0.0,0.0,202.74301369860768,2642900.0,7035174.613927098,6746323.584214769,-288851.0297123288,2.55262158394747,1.5218709540665316,12,
2018-07-27,10215.0,10270.0,22712.75,0.0,0,0.0,0.0,0.0,0.0,204.8372602739837,2670200.0,7035174.613927098,6773418.746954495,-261755.86697260276,2.536670941110964,1.5163819451658636,12,
2018-07-30,10190.0,10135.0,22544.83984375,0.0,0,20375.924,95.62178082191679,76.19621604794439,19.425564773972393,200.58969863012317,2614830.0,7035250.810143146,6738204.655691091,-297046.1544520548,2.5769188267272027,1.5349115495994128,12,
2018-07-31,10065.0,10145.0,22553.720703125,0.0,0,0.0,0.0,0.0,0.0,200.78761643831967,2617410.0,7035250.810143146,6740583.868074653,-294666.94206849317,2.5752877340862352,1.534230858752032,12,
2018-08-01,10230.0,10315.0,22746.69921875,0.0,0,0.0,0.0,0.0,0.0,204.15221917803865,2661270.0,7035250.810143146,6784239.715855475,-251011.09428767124,2.5492489359799926,1.5252728537757536,12,
2018-08-02,10250.0,10080.0,22512.529296875,0.0,0,0.0,0.0,0.0,0.0,199.50115068495506,2600640.0,7035250.810143146,6723410.214704789,-311840.59543835616,2.5852906264245683,1.5373653736258879,12,
2018-08-03,10185.0,10105.0,22525.1796875,0.0,0,0.0,0.0,0.0,0.0,199.99594520550454,2607090.0,7035250.810143146,6729660.218759584,-305590.59138356167,2.5812918690032123,1.5358824948030252,12,
2018-08-06,10120.0,10095.0,22507.3203125,10122.024,1,0.0,0.0,0.0,0.0,200.57243835617555,2614605.0,7035250.810143146,6726852.622321228,-308398.1878219178,2.5727988060610407,1.5303174760620843,12,
2018-08-07,10140.0,10220.0,22662.740234375,0.0,0,0.0,0.0,0.0,0.0,203.0560000000114,2646980.0,7035250.810143146,6759024.566321228,-276226.2438219178,2.5534853177285917,1.5236777809047692,12,
2018-08-08,10225.0,10225.0,22644.310546875,0.0,0,0.0,0.0,0.0,0.0,203.15534246576135,2648275.0,7035250.810143146,6760116.410978762,-275134.39916438353,2.552648954877708,1.5232682790927583,12,
2018-08-09,10160.0,10185.0,22598.390625,0.0,0,0.0,0.0,0.0,0.0,202.3606027396745,2637915.0,7035250.810143146,6749554.050376022,-285696.7597671233,2.5586700293133107,1.5251699090413813,12,
2018-08-10,10185.0,9920.0,22298.080078125,0.0,0,0.0,0.0,0.0,0.0,197.09545205481118,2569280.0,7035250.810143146,6680721.954923968,-354528.85521917813,2.6002311756305145,1.5390457208652955,12,
2018-08-13,9755.0,9520.0,21857.4296875,741528.276,76,0.0,0.0,0.0,0.0,244.6509589040652,3189200.0,7035250.810143146,6558869.027965063,-476381.78217808215,2.056587554234624,1.2015997152223057,12,
2018-08-14,9680.0,9930.0,22356.080078125,745509.0719999999,77,0.0,0.0,0.0,0.0,313.8424109588668,4091160.0,7035250.810143146,6715006.113554105,-320244.696589041,1.6413452696922401,0.974776116056341,12,
2018-08-15,9950.0,9825.0,22204.220703125,527455.47,53,1522045.53,34836.130821917955,27759.170845445322,7076.959976472633,235.1539726027404,3065400.0,7063009.980988591,6676524.059605029,-386485.9213835616,2.1780270306012364,1.276966045612796,12,
2018-08-16,9575.0,9825.0,22192.0390625,746999.3699999999,78,0.0,0.0,0.0,0.0,293.94246575341094,3831750.0,7063009.980988591,6695580.747139276,-367429.233849315,1.7473949884880997,1.0264694881685803,12,
2018-08-17,9925.0,9885.0,22270.380859375,744523.875,75,773995.1699999999,26937.01150684936,21464.757619232914,5472.253887616448,293.46263013701537,3825495.0,7084474.738607824,6713031.325621523,-371443.4129863013,1.7548137758960665,1.0255913458611805,12,
2018-08-20,9845.0,9815.0,22199.0,374184.822,38,0.0,0.0,0.0,0.0,319.99589041090803,4171375.0,7084474.738607824,6684406.507731112,-400068.2308767123,1.6024467969748852,0.9336129578027378,12,
2018-08-21,9740.0,9845.0,22219.73046875,68193.636,7,0.0,0.0,0.0,0.0,326.2606027396978,4253040.0,7084474.738607824,6697551.611128372,-386923.127479452,1.574768074395814,0.9187001755565233,12,
2018-08-22,9825.0,9940.0,22362.55078125,619098.795,63,0.0,0.0,0.0,0.0,377.44767123289057,4920300.0,7084474.738607824,6745335.368457139,-339139.370150685,1.37091953101582,0.8037467033120848,12,
2018-08-23,9995.0,9985.0,22410.8203125,0.0,0,699510.07,12158.975931506773,9688.879971021172,2470.0959604856007,325.5383561643539,4243625.0,7094163.618578846,6765374.80414049,-328788.8144383562,1.5942442614841061,0.9336899056118599,12,
2018-08-24,10070.0,10160.0,22601.76953125,0.0,0,382583.46800000005,8283.253013698697,6600.510163965807,1682.7428497328904,301.6267397259944,3931920.0,7100764.12874281,6834268.90255103,-266495.2261917808,1.7381505479641066,1.023047021393936,12,
2018-08-27,10235.0,10350.0,22799.640625,0.0,0,1309817.984,37173.22935616435,29621.487812459563,7551.741543704788,205.638904109539,2680650.0,7130385.61655527,6885059.506103215,-245326.11045205483,2.5684291146189224,1.5055866225173584,12,
2018-08-28,10490.0,10365.0,22813.470703125,0.0,0,10487.902,353.62512328767184,281.7861794917813,71.83894379589053,205.1418082191958,2674170.0,7130667.402734762,6888790.4273512,-241876.97538356166,2.576048055041826,1.5104211527193991,12,
2018-08-29,10375.0,10410.0,22848.220703125,0.0,0,0.0,0.0,0.0,0.0,206.0324383561674,2685780.0,7130667.402734762,6900194.3949128445,-230473.00782191782,2.569158454867057,1.5080612965659594,12,
2018-08-30,10565.0,10420.0,22869.5,0.0,0,0.0,0.0,0.0,0.0,206.23035616442212,2688360.0,7130667.402734762,6902568.16455668,-228099.2381780822,2.56757583231289,1.5074202890902237,12,
2018-08-31,10280.0,10410.0,22865.150390625,0.0,0,0.0,0.0,0.0,0.0,206.0324383561674,2685780.0,7130667.402734762,6899782.132118324,-230885.2706164384,2.569004956518525,1.5077542998688953,12,
2018-09-03,10375.0,10280.0,22707.380859375,0.0,0,0.0,0.0,0.0,0.0,203.45950684932177,2652240.0,7130667.402734762,6866038.672611474,-264628.73012328765,2.5887697465581825,1.5140218926221543,12,
2018-09-04,10320.0,10270.0,22696.900390625,0.0,0,0.0,0.0,0.0,0.0,203.26158904109616,2649660.0,7130667.402734762,6863255.411022433,-267411.99171232875,2.5902400349563464,1.5143689761365988,12,
2018-09-05,10240.0,10175.0,22580.830078125,0.0,0,0.0,0.0,0.0,0.0,201.3813698630256,2625150.0,7130667.402734762,6838544.02965257,-292123.3730821918,2.605010772585403,1.5190180136641238,12,
2018-09-06,10065.0,10075.0,22487.939453125,60402.077999999994,6,0.0,0.0,0.0,0.0,204.03945205474156,2659800.0,7130667.402734762,6812587.912200515,-318079.4905342466,2.5613158554028557,1.4893939325010397,12,
2018-09-07,9950.0,9915.0,22307.060546875,427935.57,43,0.0,0.0,0.0,0.0,233.50504109592293,3043905.0,7130667.402734762,6768523.837159419,-362143.5655753425,2.2236317615560997,1.2868970620252842,12,
2018-09-10,9880.0,9990.0,22373.08984375,741148.2000000001,75,0.0,0.0,0.0,0.0,292.7480547945597,3816180.0,7130667.402734762,6799357.889104625,-331309.5136301372,1.7817183385229798,1.0344726154097774,12,
2018-09-11,10050.0,10230.0,22664.689453125,673484.67,67,0.0,0.0,0.0,0.0,352.360438356176,4593270.0,7130667.402734762,6902610.858666269,-228056.54406849327,1.5027661902449168,0.8818628808229806,12,
2018-09-12,10275.0,10175.0,22604.609375,0.0,0,1962132.4949999999,58875.15152054779,46914.664489148505,11960.487031399283,201.3813698630256,2625150.0,7177582.06722391,6884461.485265006,-293120.58195890416,2.622502137121691,1.5135929026174118,12,
2018-09-13,10205.0,10375.0,22821.3203125,0.0,0,0.0,0.0,0.0,0.0,205.33972602739232,2676750.0,7177582.06722391,6935856.145538978,-241725.92168493153,2.591148275161662,1.503538891885325,12,
2018-09-14,10530.0,10620.0,23094.669921875,0.0,0,0.0,0.0,0.0,0.0,210.18871232875972,2739960.0,7177582.06722391,6998855.95682665,-178726.11039726032,2.5543642815320844,1.4917689862003045,12,
2018-09-18,10590.0,10935.0,23420.5390625,0.0,0,0.0,0.0,0.0,0.0,216.4231232876482,2821230.0,7177582.06722391,7079909.533703363,-97672.53352054795,2.5095116433978664,1.4774493767551071,12,
2018-09-19,11250.0,11175.0,23672.51953125,0.0,0,0.0,0.0,0.0,0.0,221.17315068491735,2883150.0,7177582.06722391,7141608.360552677,-35973.706671232896,2.4770158890632388,1.4670420057511544,12,
2018-09-20,11245.0,11175.0,23674.9296875,0.0,0,764507.068,17311.496904109626,13794.666308039756,3516.830596069871,162.87945205479627,2123250.0,7191376.73353195,7142535.718504553,-48841.01502739729,3.3639636022628294,1.984295368174804,12,
2018-09-21,11350.0,11375.0,23869.9296875,0.0,0,0.0,0.0,0.0,0.0,165.79452054793364,2161250.0,7191376.73353195,7180369.923984005,-11006.809547945239,3.3223226947294413,1.9668356513295808,8,
2018-09-25,11350.0,11415.0,23940.259765625,0.0,0,465256.93,4175.155808219163,3326.97290577944,848.182902439723,130.47501369862584,1700835.0,7194703.706437729,7184233.196067866,-10470.510369863037,4.223944824787746,2.498996782579145,8,
2018-09-26,11480.0,11650.0,24033.7890625,0.0,0,459108.16,3601.845479452011,2870.130570301335,731.714909150676,97.41315068493714,1269850.0,7197573.837008031,7211527.228008031,13953.390999999994,5.679038648665615,3.365732933817401,8,
2018-09-27,11560.0,11445.0,23796.740234375,0.0,0,820595.848,9590.743369863005,7642.383854275335,1948.3595155876692,33.36295890409383,434910.0,7205216.220862307,7195201.35353354,-10014.86732876712,16.544115687230782,9.767597859798048,8,
2018-09-28,11695.0,11750.0,24120.0390625,11697.339,1,0.0,0.0,0.0,0.0,35.153424657532014,458250.0,7205216.220862307,7206808.861108882,1592.6402465753438,15.726806025333076,9.295359169351782,8,
2018-10-01,11800.0,11890.0,24245.759765625,0.0,0,188762.24,3106.3032465753295,2475.257742033551,631.0455045417781,20.978520547942026,273470.0,7207691.478604339,7210139.077083791,2447.5984794520455,26.365374911631225,15.576850380528908,8,
2018-10-02,11995.0,11890.0,24270.619140625,0.0,0,275829.82300000003,4807.421479452055,3830.79380590137,976.6276735506849,0.0,0.0,7211522.272410241,7211522.272410241,0.0,inf,inf,8,
2018-10-03,11835.0,11735.0,24110.9609375,0.0,0,0.0,0.0,0.0,0.0,0.0,0.0,7211522.272410241,7211522.272410241,0.0,inf,inf,8,
2018-10-04,11870.0,11590.0,23975.619140625,11872.374,1,0.0,0.0,0.0,0.0,0.8890958904230502,11590.0,7211522.272410241,7211239.009314351,-283.26309589041074,622.1949102083132,367.2211298721706,8,
2018-10-05,11415.0,11425.0,23783.720703125,22834.566,2,0.0,0.0,0.0,0.0,2.6293150684796274,34275.0,7211522.272410241,7211086.813999282,-435.4584109589028,210.3891120058142,124.17033028704068,8,
2018-10-09,11195.0,11140.0,23469.390625,89577.912,8,0.0,0.0,0.0,0.0,9.40032876713667,122540.0,7211522.272410241,7209764.501670515,-1757.7707397260228,58.836008663869066,34.72014328326086,8,
2018-10-10,11170.0,11160.0,23506.0390625,301650.318,27,0.0,0.0,0.0,0.0,32.53216438356321,424080.0,7211522.272410241,7209621.6515061315,-1900.6209041096126,17.00061698619631,10.032142462747638,8,
2018-10-11,10385.0,10280.0,22590.859375,290838.15599999996,28,0.0,0.0,0.0,0.0,52.047780821914785,678480.0,7211522.272410241,7173131.447725309,-38390.82468493149,10.572355040274303,6.216673629348507,8,
2018-10-12,10200.0,10400.0,22694.66015625,714142.7999999999,70,0.0,0.0,0.0,0.0,108.50191780822934,1414400.0,7211522.272410241,7194800.145807501,-16722.12660273964,5.086821370056208,2.9973479356651285,8,
2018-10-15,10205.0,9985.0,22271.30078125,694078.788,68,714207.13,8.48342465760875,6.760016938415533,1.7234077191932178,102.64032876709825,1337990.0,7211529.032427179,7138414.124071014,-73114.9083561643,5.335177485684508,3.126295244893346,8,
2018-10-16,9995.0,10220.0,22549.240234375,739777.926,74,0.0,0.0,0.0,0.0,163.07200000001467,2125760.0,7211529.032427179,7186243.126071014,-25285.906356164287,3.38055242645972,1.9901671424407494,8,
2018-10-17,10490.0,10470.0,22841.119140625,692478.468,66,776104.748,36268.80600000004,28900.79806110003,7368.007938900008,160.63561643834691,2094000.0,7240429.830488279,7230580.762515677,-9849.067972602656,3.4529994090332745,2.02412889185438,8,
2018-10-18,10495.0,10305.0,22658.16015625,556346.247,53,713517.268,19278.465753424756,15362.045435616517,3916.4203178082394,146.24630136985797,1906425.0,7255791.875923896,7196114.116896499,-59677.75902739721,3.774664157727946,2.195016610603144,8,
2018-10-19,10000.0,10195.0,22532.080078125,570114.0,57,0.0,0.0,0.0,0.0,189.26389041097718,2467190.0,7255791.875923896,7186575.853006088,-69216.02291780816,2.9128586987650276,1.6921708559487822,8,
2018-10-22,10060.0,10275.0,22614.8203125,654030.78,65,573305.316,3146.737315068485,2507.477629512322,639.2596855561627,197.05479452054715,2568750.0,7258299.353553409,7206574.074526012,-51725.279027397235,2.8054789584529485,1.6317514135274394,8,
2018-10-23,10085.0,9720.0,22010.779296875,544698.918,54,655393.895,1311.8807534246482,1045.372178366431,266.5085750582173,178.20887671233504,2323080.0,7259344.725731775,7071154.334074241,-188190.39165753417,3.04387035060103,1.7453775218316643,8,
2018-10-24,9875.0,9800.0,22091.1796875,730896.15,74,0.0,0.0,0.0,0.0,235.3073972602433,3067400.0,7259344.725731775,7084342.87667698,-175001.84905479444,2.309559521639493,1.3260757803423688,8,
2018-10-25,9200.0,9050.0,21268.73046875,736147.2,80,0.0,0.0,0.0,0.0,272.83890410957974,3556650.0,7259344.725731775,6837172.837772871,-422171.88795890403,1.9223631332216753,1.0740899359830074,8,
2018-10-26,9230.0,8985.0,21184.599609375,747779.526,81,0.0,0.0,0.0,0.0,326.7093698629469,4258890.0,7259344.725731775,6791306.602403008,-468038.12332876696,1.5946189270920377,0.8861391174870065,8,
2018-10-29,9105.0,8955.0,21149.80078125,746759.322,82,0.0,0.0,0.0,0.0,381.949150684959,4978980.0,7259344.725731775,6764255.331252323,-495089.394479452,1.358562462844262,0.7524705473355721,8,
2018-10-30,8845.0,9210.0,21457.2890625,743128.596,84,0.0,0.0,0.0,0.0,452.17315068491735,5894400.0,7259344.725731775,6936094.562101638,-323250.16363013687,1.1767261404216949,0.6646856106595238,8,
2018-10-31,9380.0,9585.0,21920.4609375,731786.328,78,787762.416,44574.472273972555,35519.16823151503,9055.304042457525,466.1723835616722,6076890.0,7294863.89396329,7165039.173675619,-129824.72028767104,1.179063496899832,0.6749878359469965,8,
2018-11-01,9505.0,9395.0,21687.650390625,627455.466,66,3050494.779,87281.24952054811,69550.06368044877,17731.185840099348,273.14997260275413,3560705.0,7364413.957643739,7053889.150862917,-310524.8067808218,1.9810372246122376,1.0961656211570718,8,
2018-11-02,9505.0,9880.0,22243.66015625,655976.169,69,0.0,0.0,0.0,0.0,339.5471780822263,4426240.0,7364413.957643739,7263108.434684835,-101305.52295890404,1.6409206086169832,0.9290056898690371,8,
2018-11-05,9605.0,9560.0,21898.990234375,115283.052,12,1296415.665,12834.144082191808,10226.887711894542,2607.2563702972657,238.34520547944703,3107000.0,7374640.845355634,7122155.446109058,-252485.39924657525,2.2922933524650975,1.273890140605883,8,
2018-11-06,9705.0,9785.0,22147.75,359156.817,37,0.0,0.0,0.0,0.0,271.7281095890503,3542170.0,7374640.845355634,7197896.90099947,-176743.94435616425,2.0320585688997053,1.1386936238642698,8,
2018-11-07,9815.0,9750.0,22085.80078125,147254.445,15,0.0,0.0,0.0,0.0,281.97534246573923,3675750.0,7374640.845355634,7183940.480657004,-190700.36469863006,1.9544148760544118,1.093438889467012,8,
2018-11-08,10115.0,10080.0,22486.919921875,232691.52899999998,23,0.0,0.0,0.0,0.0,309.3041095890803,4032000.0,7374640.845355634,7307189.6475474145,-67451.19780821905,1.8122990197290214,1.0273184178420616,8,
2018-11-09,10055.0,9885.0,22250.25,30171.033000000003,3,1387312.4819999998,33931.73564383557,27038.503547790377,6893.232096045196,200.9498630137241,2619525.0,7401679.348903424,7244761.914588355,-156917.43431506836,2.7656777143139903,1.5443973400800848,8,
2018-11-12,9755.0,9895.0,22269.880859375,165868.167,17,0.0,0.0,0.0,0.0,214.05731506846496,2790390.0,7401679.348903424,7249544.690273288,-152134.65863013684,2.5980399479188527,1.4514659816882753,8,
2018-11-13,9400.0,9490.0,21810.51953125,94018.79999999999,10,0.0,0.0,0.0,0.0,212.57600000000093,2771080.0,7401679.348903424,7136003.314273288,-265676.03463013686,2.5751704441132293,1.4205299769920556,8,
2018-11-14,9520.0,9515.0,21846.48046875,476095.2,50,0.0,0.0,0.0,0.0,249.63189041099395,3254130.0,7401679.348903424,7142708.482382876,-258970.86652054783,2.1949671593891074,1.2116472743443945,8,
2018-11-15,9350.0,9480.0,21803.619140625,392778.54,42,0.0,0.0,0.0,0.0,279.2574246575241,3640320.0,7401679.348903424,7135840.684958219,-265838.66394520534,1.9602234652333363,1.0811441549130318,8,
2018-11-16,9500.0,9380.0,21680.33984375,494098.8,52,0.0,0.0,0.0,0.0,313.72887671235367,4089680.0,7401679.348903424,7090788.156081506,-310891.1928219177,1.7338246894821858,0.9512588838881243,8,
2018-11-19,9360.0,9495.0,21821.16015625,524264.83199999994,56,0.0,0.0,0.0,0.0,358.3647123288247,4671540.0,7401679.348903424,7148024.959369178,-253654.3895342464,1.530121749866035,0.8449511019567265,8,
2018-11-20,9250.0,9285.0,21583.119140625,370074.0,40,0.0,0.0,0.0,0.0,378.929753424658,4939620.0,7401679.348903424,7045652.029615753,-356027.319287671,1.4263550697453962,0.7782928669266213,8,
2018-11-21,9000.0,9235.0,21507.5390625,504100.79999999993,56,0.0,0.0,0.0,0.0,416.5617534246703,5430180.0,7401679.348903424,7031694.667862329,-369984.6810410957,1.29492846790757,0.705335198431954,8,
2018-11-22,9295.0,9355.0,21646.55078125,539217.822,58,520415.89599999995,16275.423452054814,12969.071177769878,3306.3522742849354,423.40986301368685,5519450.0,7414648.4200811945,7098432.97972503,-316215.4403561642,1.286076145218279,0.7029933356346848,8,
2018-11-26,9360.0,9495.0,21812.0,468093.6,50,0.0,0.0,0.0,0.0,466.1654794521164,6076800.0,7414648.4200811945,7187223.214245578,-227425.2058356162,1.1827315715912285,0.6530510524305484,8,
2018-11-27,9630.0,9620.0,21952.400390625,250430.076,26,943551.2520000001,34060.8908219178,27141.4208514452,6919.469970472601,419.1684383561369,5464160.0,7441789.840932639,7260365.751836749,-181424.08909589014,1.3287249553155012,0.7333465919264542,8,
2018-11-28,9710.0,9815.0,22177.01953125,155391.072,16,1533873.164,54086.28734246598,43098.658068844015,10987.629273621964,320.7488219177758,4181190.0,7484888.499001484,7344569.465741211,-140319.03326027383,1.7565739575913102,0.9654954191225298,8,
2018-11-29,9975.0,9860.0,22262.599609375,49884.97499999999,5,1276544.6400000001,55216.77287671249,43999.48546680834,11217.287409904142,229.18421917813248,2987580.0,7528887.984468292,7366172.659112128,-162715.32535616422,2.465598464011718,1.339906221006955,8,
2018-11-30,9895.0,9965.0,22351.060546875,39587.916,4,158288.336,2873.1149589041343,2289.4416550027595,583.6733039013749,222.45156164382934,2899815.0,7531177.426123295,7396301.954246582,-134875.4718767122,2.5506116611737584,1.3897820227738202,8,
2018-12-03,10185.0,10160.0,22574.759765625,40748.148,4,173110.37099999998,7067.603287671231,5631.8196797808205,1435.7836078904104,216.67243835612317,2824480.0,7536809.245803076,7451676.721200336,-85132.5246027396,2.6382472955022997,1.4438768366558061,8,
2018-12-04,10125.0,9680.0,22036.05078125,20254.05,2,91106.775,1616.2075616438483,1287.8749954959007,328.3325661479478,201.23791780823376,2623280.0,7538097.120798571,7320799.875716379,-217297.24508219166,2.790704719174613,1.5040357707275558,8,
2018-12-05,9395.0,9555.0,21919.330078125,291303.24899999995,31,0.0,0.0,0.0,0.0,221.36186301367707,2885610.0,7538097.120798571,7291605.264853366,-246491.8559452053,2.52688522179136,1.357110276131617,8,
2018-12-06,9445.0,9200.0,21501.619140625,472344.44999999995,50,292736.44100000005,1410.4694246576316,1123.9325610384337,286.53686361919785,226.54684931505471,2953200.0,7539221.05335961,7179074.1721404325,-360146.881219178,2.4309475051267886,1.2873909233784535,8,
2018-12-07,9305.0,9345.0,21678.6796875,707321.4359999999,76,0.0,0.0,0.0,0.0,284.6000547944859,3709965.0,7539221.05335961,7228233.136085638,-310987.9172739723,1.9483291988160638,1.0379605303046417,8,
2018-12-10,9000.0,8960.0,21219.5,648129.6,72,0.0,0.0,0.0,0.0,322.3636164383788,4202240.0,7539221.05335961,7072056.1724692,-467164.8808904106,1.6829253380266713,0.879125873719441,8,
2018-12-11,9000.0,8895.0,21148.01953125,738147.6,82,0.0,0.0,0.0,0.0,375.97824657536694,4901145.0,7539221.05335961,7032437.594222624,-506783.4591369859,1.434856057966582,0.7456019675169033,8,
2018-12-12,9070.0,9285.0,21602.75,734816.934,81,0.0,0.0,0.0,0.0,450.1571506849141,5868120.0,7539221.05335961,7264145.50307194,-275075.55028767086,1.2378999582612387,0.6621475202934267,8,
2018-12-13,9400.0,9445.0,21816.189453125,545309.0399999999,58,2208558.2,87142.11010958927,69439.1904408262,17702.91966876306,329.6693150685169,4297475.0,7608660.243800436,7338717.074088108,-269943.16971232835,1.70768115558278,0.9011479760500697,8,
2018-12-14,9340.0,9070.0,21374.830078125,270914.172,29,709698.032,2108.817808219314,1680.4114704795604,428.4063377397536,283.8785753424454,3700560.0,7610340.6552709155,7179873.6491750255,-430467.00609589013,1.9402127378491432,1.0029359818727785,8,
2018-12-17,9080.0,9190.0,21506.880859375,644808.9359999999,71,0.0,0.0,0.0,0.0,337.68843835615553,4402010.0,7610340.6552709155,7236177.024736669,-374163.6305342463,1.6438347538366949,0.8558341449025372,8,
2018-12-18,8930.0,8860.0,21115.44921875,446589.3,50,0.0,0.0,0.0,0.0,359.54608219180955,4686940.0,7610340.6552709155,7074158.178654478,-536182.4766164379,1.5093340598886433,0.7691611311512487,8,
2018-12-19,8830.0,8750.0,20987.919921875,671214.216,76,0.0,0.0,0.0,0.0,406.09589041097206,5293750.0,7610340.6552709155,7009347.866764067,-600992.788506849,1.3240798803804612,0.6686745056448099,8,
2018-12-20,8550.0,8225.0,20392.580078125,726895.35,85,0.0,0.0,0.0,0.0,435.3616438356112,5675250.0,7610340.6552709155,6663517.155120231,-946823.5001506845,1.1741363208881073,0.5627117027390055,8,
2018-12-21,8160.0,8065.0,20166.189453125,750870.144,92,0.0,0.0,0.0,0.0,483.81161643835367,6306830.0,7610340.6552709155,6543743.199503792,-1066597.455767123,1.0375645450255981,0.4872926373053759,8,margin_warning
2018-12-25,7465.0,7240.0,19155.740234375,754115.793,101,0.0,0.0,0.0,0.0,490.41578082193155,6392920.0,7610340.6552709155,5875226.990722971,-1735113.6645479447,0.9190208841535591,0.3760824786130627,8,margin_warning
2018-12-26,7470.0,7400.0,19327.060546875,747149.4,100,0.0,0.0,0.0,0.0,558.020821917773,7274200.0,7610340.6552709155,6008799.569901053,-1601541.0853698628,0.8260426672212825,0.3488053335804879,8,margin_warning
2018-12-27,7990.0,7965.0,20077.619140625,0.0,0,0.0,0.0,0.0,0.0,600.6264657534484,7829595.0,7610340.6552709155,6563593.943435299,-1046746.7118356162,0.8383056778077664,0.39484462537330184,6,margin_warning
2018-12-28,7900.0,7910.0,20014.76953125,0.0,0,1587582.42,86024.21620547952,68548.39668333635,17475.819522143163,474.51331506847055,6185620.0,7678889.051954252,6489251.030598088,-1189638.0213561638,1.049086596104851,0.4737814256682302,6,margin_warning
2019-01-04,7450.0,7530.0,19561.9609375,0.0,0,0.0,0.0,0.0,0.0,451.71747945199604,5888460.0,7678889.051954252,6191639.313118636,-1487249.7388356158,1.0514870293962488,0.4470724819873132,6,margin_warning
2019-01-07,8020.0,7925.0,20038.970703125,0.0,0,0.0,0.0,0.0,0.0,475.41315068496624,6197350.0,7678889.051954252,6500053.899967951,-1178835.1519863012,1.048844086580224,0.47447822068814,6,margin_warning
2019-01-08,8050.0,8085.0,20204.0390625,0.0,0,0.0,0.0,0.0,0.0,485.0113972602703,6322470.0,7678889.051954252,6624688.8885706905,-1054200.1633835614,1.047800762766876,0.48472473229404395,6,margin_warning
2019-01-09,8190.0,8240.0,20427.060546875,0.0,0,0.0,0.0,0.0,0.0,494.30969863012433,6443680.0,7678889.051954252,6745404.57887206,-933484.4730821912,1.0468248856045086,0.49426398560913387,6,margin_warning
2019-01-10,8115.0,8025.0,20163.80078125,0.0,0,0.0,0.0,0.0,0.0,481.4120547945786,6275550.0,7678889.051954252,6576793.166817266,-1102095.885136986,1.0480026717685726,0.4805612471704112,6,margin_warning
2019-01-11,8140.0,8190.0,20359.69921875,0.0,0,0.0,0.0,0.0,0.0,491.3102465753618,6404580.0,7678889.051954252,6705331.856570691,-973557.1953835611,1.0469588726459331,0.4908727058116416,6,margin_warning
2019-01-15,8065.0,8330.0,20555.2890625,0.0,0,0.0,0.0,0.0,0.0,499.70871232866193,6514060.0,7678889.051954252,6814312.147858362,-864576.9040958901,1.0460929355668143,0.49927604240097057,6,margin_warning
2019-01-16,8360.0,8250.0,20442.75,0.0,0,0.0,0.0,0.0,0.0,494.90958904111176,6451500.0,7678889.051954252,6751257.238269321,-927631.813684931,1.0464631850374828,0.4942671127000518,6,margin_warning
2019-01-17,8330.0,8215.0,20402.26953125,0.0,0,0.0,0.0,0.0,0.0,492.8099726027285,6424130.0,7678889.051954252,6723394.428296718,-955494.6236575339,1.0465844290661488,0.49195901353789206,6,margin_warning
2019-01-18,8285.0,8440.0,20666.0703125,0.0,0,0.0,0.0,0.0,0.0,506.3075068493199,6600080.0,7678889.051954252,6898838.120789869,-780050.9311643832,1.045265833261092,0.505349335557369,6,
2019-01-21,8600.0,8465.0,20719.330078125,0.0,0,791041.76,39326.052821917845,31336.965191145235,7989.08763077261,448.0652054794191,5840850.0,7710226.017145397,6922212.7279536165,-788013.2891917804,1.185137904235448,0.5682300575707013,6,
2019-01-22,8520.0,8375.0,20622.91015625,0.0,0,0.0,0.0,0.0,0.0,443.3013698630384,5778750.0,7710226.017145397,6859669.426583754,-850556.5905616435,1.1870507335641365,0.5634367171139268,6,
2019-01-23,8260.0,8370.0,20593.720703125,0.0,0,0.0,0.0,0.0,0.0,443.03671232878696,5775300.0,7710226.017145397,6855776.389871425,-854449.6272739723,1.1870857600248341,0.5630225019648238,6,
2019-01-24,8315.0,8365.0,20574.630859375,0.0,0,0.0,0.0,0.0,0.0,442.7720547944773,5771850.0,7710226.017145397,6851883.617816631,-858342.3993287666,1.187120874211324,0.5626078833455233,6,
2019-01-25,8380.0,8530.0,20773.560546875,0.0,0,0.0,0.0,0.0,0.0,451.5057534246298,5885700.0,7710226.017145397,6965282.112063206,-744943.9050821915,1.183424590458774,0.5709151502762643,6,
2019-01-28,8505.0,8410.0,20649.0,0.0,0,0.0,0.0,0.0,0.0,445.1539726027404,5802900.0,7710226.017145397,6882036.958090603,-828189.0590547943,1.185965113665685,0.5646392307356327,6,
2019-01-29,8330.0,8425.0,20664.640625,0.0,0,0.0,0.0,0.0,0.0,445.94794520549476,5813250.0,7710226.017145397,6891941.010145398,-818285.0069999996,1.185557306179056,0.5652609291094297,6,
2019-01-30,8460.0,8350.0,20556.5390625,0.0,0,0.0,0.0,0.0,0.0,441.97808219178114,5761500.0,7710226.017145397,6839749.032063206,-870476.9850821913,1.1871472762411188,0.5612026624977885,6,
2019-01-31,8575.0,8520.0,20773.490234375,0.0,0,0.0,0.0,0.0,0.0,450.9764383561269,5878800.0,7710226.017145397,6956598.05562485,-753627.9615205475,1.18333640464463,0.5698045837763313,6,
2019-02-01,8530.0,8510.0,20788.390625,0.0,0,0.0,0.0,0.0,0.0,450.4471232876822,5871900.0,7710226.017145397,6949247.608501562,-760978.4086438351,1.1834751287490526,0.5691456415909196,6,
2019-02-04,8545.0,8595.0,20883.76953125,0.0,0,0.0,0.0,0.0,0.0,454.9463013698987,5930550.0,7710226.017145397,7007442.662200192,-702783.354945205,1.1815839445245706,0.5732531384534286,6,
2019-02-05,8665.0,8555.0,20844.44921875,0.0,0,0.0,0.0,0.0,0.0,452.829041095858,5902950.0,7710226.017145397,6979389.833159097,-730836.1839863011,1.1823562512233876,0.5711044040984237,6,
2019-02-06,8640.0,8590.0,20874.060546875,0.0,0,0.0,0.0,0.0,0.0,454.68164383558906,5927100.0,7710226.017145397,7003085.15151526,-707140.8656301367,1.1815365273937104,0.5726985167932239,6,
2019-02-07,8610.0,8495.0,20751.279296875,0.0,0,0.0,0.0,0.0,0.0,449.6531506849569,5861550.0,7710226.017145397,6937085.498364575,-773140.5187808216,1.1834899469192577,0.5677665587743427,6,
2019-02-08,8295.0,8150.0,20333.169921875,0.0,0,0.0,0.0,0.0,0.0,431.39178082189756,5623500.0,7710226.017145397,6698604.106583754,-1011621.9105616435,1.191180600441674,0.5493161356845566,6,
2019-02-12,8240.0,8575.0,20864.2109375,0.0,0,0.0,0.0,0.0,0.0,453.8876712328929,5916750.0,7710226.017145397,6991400.21891252,-718825.7982328763,1.1816284647674011,0.5714998121738519,6,
2019-02-13,8710.0,8810.0,21144.48046875,0.0,0,0.0,0.0,0.0,0.0,466.32657534244936,6078900.0,7710226.017145397,7153083.892337179,-557142.1248082187,1.1767069523001166,0.5827763017205341,6,
2019-02-14,8810.0,8800.0,21139.7109375,0.0,0,748700.23,20030.475890410962,15961.284713273975,4069.191177136987,408.4164383561292,5324000.0,7726187.301858671,7142406.514721685,-583780.7871369862,1.3415489321415637,0.6595647240016327,6,
2019-02-15,8680.0,8595.0,20900.630859375,0.0,0,0.0,0.0,0.0,0.0,398.9021917808568,5199975.0,7726187.301858671,7017982.612529905,-708204.6893287667,1.3496185294217578,0.6512915516326774,6,
2019-02-18,8900.0,8920.0,21281.849609375,0.0,0,0.0,0.0,0.0,0.0,413.9857534246403,5396600.0,7726187.301858671,7214193.626776479,-511993.67508219136,1.3368034738124892,0.6638433114728315,6,
2019-02-19,8895.0,8940.0,21302.650390625,0.0,0,0.0,0.0,0.0,0.0,414.9139726026915,5408700.0,7726187.301858671,7225878.712803877,-500308.58905479417,1.3359732861508082,0.664441915201264,6,
2019-02-20,8975.0,9035.0,21431.490234375,0.0,0,0.0,0.0,0.0,0.0,419.323013698624,5466175.0,7726187.301858671,7282934.389790178,-443252.9120684928,1.332363927205071,0.6678167714574962,6,
2019-02-21,9015.0,9075.0,21464.23046875,0.0,0,685002.9720000001,11892.999506849368,9476.936657032918,2416.062849816449,368.27095890411874,4800675.0,7735664.238515704,7299653.027981457,-436011.21053424623,1.520547220543248,0.7613222533179618,6,
2019-02-22,8995.0,9040.0,21425.509765625,0.0,0,449660.05000000005,1754.750000000058,1398.2725375000462,356.47746250001177,332.1766575341753,4330160.0,7737062.511053205,7278109.423861424,-458953.08719178045,1.6807945719930497,0.838590300974938,13,
2019-02-25,9150.0,9135.0,21528.23046875,0.0,0,0.0,0.0,0.0,0.0,335.66745205476764,4375665.0,7737062.511053205,7323278.756409369,-413783.75464383524,1.673637894219363,0.8401154665097826,13,
2019-02-26,9150.0,9050.0,21449.390625,0.0,0,0.0,0.0,0.0,0.0,332.5441095890419,4334950.0,7737062.511053205,7282231.21229978,-454831.2987534244,1.6798881676374076,0.8384603639133899,13,
2019-02-27,9110.0,9170.0,21556.509765625,0.0,0,0.0,0.0,0.0,0.0,336.95353424656787,4392430.0,7737062.511053205,7339374.258765534,-397688.25228767097,1.6709143364300703,0.840420871243903,13,
2019-02-28,9150.0,8990.0,21385.16015625,0.0,0,0.0,0.0,0.0,0.0,330.33939726030803,4306210.0,7737062.511053205,7252823.919368274,-484238.5916849312,1.684270836621594,0.8370723138637772,13,
2019-03-01,9100.0,9205.0,21602.689453125,0.0,0,0.0,0.0,0.0,0.0,338.2396164383681,4409195.0,7737062.511053205,7355470.679751835,-381591.8313013695,1.6682116984510404,0.8407243701969316,13,
2019-03-04,9375.0,9395.0,21822.0390625,0.0,0,0.0,0.0,0.0,0.0,345.22120547949453,4500205.0,7737062.511053205,7446135.458546355,-290927.0525068489,1.6546213913691388,0.843792059926048,13,
2019-03-05,9295.0,9290.0,21726.279296875,0.0,0,659813.0109999999,12736.801849315138,10149.320553626767,2587.48129568837,290.76427397259977,3790320.0,7747211.831606831,7393185.223976695,-354026.60763013683,1.9505438126534687,0.9844180560867029,13,
2019-03-06,9255.0,9205.0,21596.810546875,0.0,0,0.0,0.0,0.0,0.0,288.1038904109737,3755640.0,7747211.831606831,7358217.120086283,-388994.71152054775,1.959244528252517,0.9841207460155204,13,
2019-03-07,9075.0,9060.0,21456.009765625,0.0,0,0.0,0.0,0.0,0.0,283.5655890410417,3696480.0,7747211.831606831,7298773.554497243,-448438.2771095888,1.9745199634509703,0.9837131831871531,13,
2019-03-08,8945.0,8700.0,21025.560546875,0.0,0,0.0,0.0,0.0,0.0,272.298082191759,3549600.0,7747211.831606831,7151621.2564150505,-595590.5751917807,2.014768215127071,0.9828858212821904,13,
2019-03-11,8740.0,8770.0,21125.08984375,43708.74,5,0.0,0.0,0.0,0.0,277.8528219178261,3622010.0,7747211.831606831,7180044.663593133,-567167.1680136984,1.9823370624578984,0.9710070004167377,13,
2019-03-12,9035.0,9135.0,21503.689453125,45184.035,5,0.0,0.0,0.0,0.0,292.9206575342105,3818430.0,7747211.831606831,7330987.707935599,-416224.12367123255,1.9198957969468076,0.9605118305859633,13,
2019-03-13,9045.0,8890.0,21290.240234375,9046.809,1,45215.955,1500.347328767127,1195.551768928085,304.79555983904186,282.336657534237,3680460.0,7748407.383375759,7228599.721718226,-519807.66165753396,1.9640478966537405,0.968214983741349,13,
2019-03-14,9090.0,8955.0,21287.01953125,18183.636,2,0.0,0.0,0.0,0.0,285.774904109654,3725280.0,7748407.383375759,7254950.310814115,-493457.0725616437,1.9474912787264622,0.9635628283652413,13,
2019-03-15,9005.0,9070.0,21450.849609375,9006.801,1,0.0,0.0,0.0,0.0,290.14060273973155,3782190.0,7748407.383375759,7302563.369211376,-445844.01416438335,1.9307764467706212,0.9615762960208204,13,
2019-03-18,9170.0,9155.0,21584.5,0.0,0,0.0,0.0,0.0,0.0,292.85967123287264,3817635.0,7748407.383375759,7337715.509540143,-410691.8738356162,1.9220578996001827,0.9617796179321807,13,
2019-03-19,9165.0,9150.0,21566.849609375,0.0,0,9163.167,154.96791780821917,123.48618530547944,31.481732502739725,291.9978082192538,3806400.0,7748530.869561065,7335320.196999421,-413210.67256164365,1.9271017751679858,0.9638717038245512,13,
2019-03-20,9135.0,9175.0,21608.919921875,0.0,0,0.0,0.0,0.0,0.0,292.7956164384086,3816800.0,7748530.869561065,7345427.401382983,-403103.46817808185,1.9244988999641015,0.9638167213909283,13,
2019-03-22,9190.0,9145.0,21627.33984375,0.0,0,55128.971999999994,869.5875616438308,692.9308484958866,176.65671314794423,287.62904109590454,3749450.0,7749223.80040956,7332742.087628738,-416481.7127808217,1.95568472379382,0.9774375259965891,13,
2019-03-25,8795.0,8615.0,20977.109375,0.0,0,0.0,0.0,0.0,0.0,270.95945205472526,3532150.0,7749223.80040956,7115171.128176684,-634052.6722328766,2.014402312522595,0.9758960443196925,13,
2019-03-26,8805.0,9035.0,21428.390625,44033.805,5,0.0,0.0,0.0,0.0,287.63479452053434,3749525.0,7749223.80040956,7288224.688382163,-460999.11202739703,1.94377279478925,0.9653961870782996,13,
2019-03-27,9100.0,9080.0,21378.73046875,0.0,0,45490.9,1453.6295205479464,1158.324683448631,295.3048370993153,285.58465753425844,3722800.0,7750382.125093009,7306409.69888753,-443972.4262054792,1.9626113943503625,0.9767440997856572,13,
2019-03-28,8960.0,8830.0,21033.759765625,0.0,0,0.0,0.0,0.0,0.0,277.7216438356263,3620300.0,7750382.125093009,7203631.9772436945,-546750.147849315,1.9897886852591482,0.9759322408072186,13,
2019-03-29,9015.0,8960.0,21205.810546875,36067.212,4,0.0,0.0,0.0,0.0,284.5597808219609,3709440.0,7750382.125093009,7256420.205462873,-493961.9196301367,1.9562036872042339,0.9666340902758178,13,
2019-04-01,9260.0,9225.0,21509.029296875,18523.703999999998,2,0.0,0.0,0.0,0.0,294.3912328767183,3837600.0,7750382.125093009,7365762.110229996,-384620.01486301346,1.919366820468521,0.96276805122133,13,
2019-04-02,9425.0,9255.0,21505.310546875,0.0,0,56538.69,2265.6314794520554,1805.3684444013702,460.26303505068506,291.0887671232922,3794550.0,7752187.49353741,7378499.4484278215,-373688.0451095889,1.944499202389696,0.9763738233303626,13,
2019-04-03,9270.0,9390.0,21713.2109375,0.0,0,0.0,0.0,0.0,0.0,295.334794520546,3849900.0,7752187.49353741,7433554.113633301,-318633.3799041094,1.9308434280457418,0.9765600721393245,13,
2019-04-04,9405.0,9400.0,21724.94921875,0.0,0,0.0,0.0,0.0,0.0,295.64931506849825,3854000.0,7752187.49353741,7437358.464318233,-314829.02921917784,1.9297764567509685,0.976431583575259,13,
2019-04-05,9425.0,9485.0,21807.5,0.0,0,18846.23,316.8078630137003,252.44834564246707,64.35951737123321,296.8675068492885,3869880.0,7752439.941883053,7471723.467294012,-280716.47458904085,1.9307377663633012,0.9811463535574657,13,
2019-04-08,9570.0,9445.0,21761.650390625,0.0,0,277474.494,5149.177232876698,4103.121878017797,1046.0553548589012,274.6036712329078,3579655.0,7756543.06376107,7457652.30226792,-298890.76149315044,2.083343870364021,1.0552479791417788,13,
2019-04-09,9445.0,9450.0,21802.58984375,0.0,0,0.0,0.0,0.0,0.0,274.7490410958417,3581550.0,7756543.06376107,7459272.553226824,-297270.5105342464,2.0826939602202463,1.055065322749249,13,
2019-04-10,9280.0,9365.0,21687.5703125,0.0,0,0.0,0.0,0.0,0.0,272.2777534246561,3549335.0,7756543.06376107,7426785.275473399,-329757.78828767093,2.092444155165235,1.0554116901294817,13,
2019-04-11,9355.0,9395.0,21711.380859375,0.0,0,0.0,0.0,0.0,0.0,273.14997260278324,3560705.0,7756543.06376107,7437882.125500796,-318660.9382602736,2.088879063416036,1.0550813255353977,13,
2019-04-12,9480.0,9535.0,21870.560546875,0.0,0,0.0,0.0,0.0,0.0,277.22032876711455,3613765.0,7756543.06376107,7490664.9051720295,-265878.1585890408,2.072814614445607,1.0541191556681142,13,
2019-04-15,9725.0,9805.0,22169.109375,0.0,0,563937.1900000001,15553.873506849455,12394.104103932988,3159.769402916467,241.44476712329197,3147405.0,7768937.167865003,7584840.88100199,-184096.28686301355,2.409871268871337,1.2352142695773092,13,
2019-04-16,9770.0,9850.0,22221.66015625,0.0,0,488402.3,13194.773287671269,10514.25509428085,2680.518193390418,204.7720547945064,2669350.0,7779451.422959285,7592302.890753806,-187148.53220547934,2.844251555904548,1.4542049684561111,13,
2019-04-17,9875.0,9895.0,22277.970703125,0.0,0,0.0,0.0,0.0,0.0,205.70756164379418,2681545.0,7779451.422959285,7604292.183192162,-175159.23976712316,2.835787645999661,1.4519859325221216,13,
2019-04-18,9900.0,9720.0,22090.119140625,0.0,0,0.0,0.0,0.0,0.0,202.06947945203865,2634120.0,7779451.422959285,7556665.113712709,-222786.30924657526,2.868762665980559,1.4599701146743989,13,
2019-04-19,9860.0,9825.0,22200.560546875,0.0,0,0.0,0.0,0.0,0.0,204.25232876715017,2662575.0,7779451.422959285,7584915.861383943,-194535.56157534235,2.848714444244366,1.4549009788676728,13,
2019-04-22,9830.0,9855.0,22217.900390625,0.0,0,0.0,0.0,0.0,0.0,204.8760000000184,2670705.0,7779451.422959285,7592840.985383943,-186610.43757534234,2.8430099862710194,1.4533627719304807,13,
2019-04-23,9870.0,9875.0,22259.740234375,0.0,0,0.0,0.0,0.0,0.0,205.29178082189173,2676125.0,7779451.422959285,7598055.693603121,-181395.72935616426,2.839200595489045,1.4522911441905555,13,
2019-04-24,9960.0,9820.0,22200.0,0.0,0,0.0,0.0,0.0,0.0,204.14838356160908,2661220.0,7779451.422959285,7582946.545219559,-196504.8777397259,2.8494249048254408,1.454670918405779,13,
2019-04-25,9820.0,9935.0,22307.580078125,9821.964,1,0.0,0.0,0.0,0.0,207.30126027399092,2702320.0,7779451.422959285,7614017.279959285,-165434.1429999999,2.8175853636724315,1.4439676925601999,13,
2019-04-26,9795.0,9870.0,22258.73046875,0.0,0,0.0,0.0,0.0,0.0,205.94498630135786,2684640.0,7779451.422959285,7596131.334972983,-183320.08798630122,2.829478565086188,1.4467380672964256,13,
2019-05-07,9770.0,9575.0,21923.720703125,39087.816,4,0.0,0.0,0.0,0.0,202.7276712328894,2642700.0,7779451.422959285,7514900.791301751,-264550.63165753416,2.843645056685114,1.4388835712128543,14,
2019-05-08,9295.0,9290.0,21602.58984375,92968.59,10,0.0,0.0,0.0,0.0,203.82005479454529,2656940.0,7779451.422959285,7435968.381246956,-343483.0417123286,2.798696388042995,1.4013870781931925,14,
2019-05-09,9210.0,9125.0,21402.130859375,138177.63,15,0.0,0.0,0.0,0.0,210.70000000001164,2746625.0,7779451.422959285,7387265.051246956,-392186.37171232863,2.689579047466238,1.3378190883482897,14,
2019-05-10,9125.0,9090.0,21344.919921875,164282.84999999998,18,0.0,0.0,0.0,0.0,222.4435068492603,2899710.0,7779451.422959285,7375844.757740107,-403606.66521917784,2.5436491089592086,1.263176185384374,14,
2019-05-13,8940.0,8955.0,21191.279296875,169893.972,19,0.0,0.0,0.0,0.0,232.19210958911572,3026790.0,7779451.422959285,7332798.593630518,-446652.8293287669,2.422632093283815,1.1958432069293687,14,
2019-05-14,8650.0,8925.0,21067.23046875,77865.56999999999,9,0.0,0.0,0.0,0.0,237.57616438358673,3096975.0,7779451.422959285,7324880.447466134,-454570.9754931506,2.3651726111661007,1.166109038004174,13,
2019-05-15,8960.0,8950.0,21188.560546875,71694.336,8,80623.872,2752.1400821917914,2193.0428244945288,559.0972576972624,237.55506849309313,3096700.0,7781644.465783779,7332738.331139943,-448906.1346438355,2.367920150850887,1.1677846502716125,13,
2019-05-16,8905.0,8825.0,21062.98046875,71254.24799999999,8,0.0,0.0,0.0,0.0,239.65315068492782,3124050.0,7781644.465783779,7288594.429989258,-493050.0357945204,2.333059467674736,1.143354034728872,13,
2019-05-17,8995.0,9000.0,21250.08984375,71974.39199999999,8,0.0,0.0,0.0,0.0,249.9287671232887,3258000.0,7781644.465783779,7350320.109222135,-431324.35656164365,2.2560835203260083,1.115215138938148,13,
2019-05-20,9035.0,9050.0,21301.73046875,45184.035,5,0.0,0.0,0.0,0.0,254.78849315067055,3321350.0,7781644.465783779,7368231.2857289845,-413413.18005479436,2.2184446943950453,1.0992600330209656,13,
2019-05-21,8950.0,9000.0,21272.44921875,143228.63999999998,16,0.0,0.0,0.0,0.0,264.42739726029686,3447000.0,7781644.465783779,7350388.218331724,-431256.24745205464,2.132401571897802,1.0539367031852813,14,
2019-05-22,9100.0,9020.0,21283.369140625,154730.94,17,0.0,0.0,0.0,0.0,276.7780821917695,3608000.0,7781644.465783779,7356380.500249532,-425263.96553424635,2.038908120911733,1.0084909422714192,14,
2019-05-23,8930.0,8895.0,21151.140625,151840.362,17,0.0,0.0,0.0,0.0,284.54252054789686,3709215.0,7781644.465783779,7305470.595728984,-476173.8700547943,1.969546277508579,0.9671698385437847,14,
2019-05-24,8720.0,8865.0,21117.220703125,156991.39200000002,18,0.0,0.0,0.0,0.0,295.82383561643655,3856275.0,7781644.465783779,7295243.379893368,-486401.08589041093,1.8917850464226147,0.9275577683134506,14,
2019-05-27,8920.0,8930.0,21182.580078125,160592.112,18,160527.888,3524.2550136986147,2808.302607665741,715.9524060328736,297.9928767122328,3884550.0,7784452.768391445,7322440.2106106235,-462012.5577808217,1.8850163366697876,0.9268235486297759,14,
2019-05-28,8945.0,8980.0,21260.140625,44733.94500000001,5,0.0,0.0,0.0,0.0,303.1057534245774,3951200.0,7784452.768391445,7344053.159857199,-440399.6085342464,1.8586892994171893,0.9165828759169232,13,
2019-05-29,8810.0,8775.0,21003.369140625,26435.286,3,0.0,0.0,0.0,0.0,298.20575342458324,3887325.0,7784452.768391445,7253444.668103774,-531008.1002876711,1.8659218532290904,0.9082583940926207,13,
2019-05-30,8680.0,8710.0,20942.529296875,60772.151999999995,7,0.0,0.0,0.0,0.0,300.67397260281723,3919500.0,7784452.768391445,7224546.842131171,-559905.9262602739,1.8432317494913053,0.8933529944816663,13,
2019-05-31,8595.0,8425.0,20601.189453125,60177.032999999996,7,0.0,0.0,0.0,0.0,295.35972602741094,3850225.0,7784452.768391445,7094799.449405144,-689653.3189863013,1.8426973616879907,0.8756512436075388,13,
2019-06-03,8210.0,8260.0,20410.880859375,73904.77799999999,9,0.0,0.0,0.0,0.0,295.2780273972021,3849160.0,7784452.768391445,7019534.393377747,-764918.3750136984,1.8236535746442724,0.856263178294496,13,
2019-06-04,8300.0,8275.0,20408.5390625,33206.64,4,0.0,0.0,0.0,0.0,298.35342465748545,3889250.0,7784452.768391445,7026119.39995309,-758333.3684383557,1.8065486661832204,0.8490533209525559,6,
2019-06-05,8550.0,8575.0,20776.099609375,34206.84,4,0.0,0.0,0.0,0.0,311.801095890376,4064550.0,7784452.768391445,7166900.758857199,-617552.0095342463,1.7632704134177706,0.8469941780327334,6,
2019-06-06,8555.0,8580.0,20774.0390625,8556.711,1,111192.75700000001,4058.8323698630356,3234.28057392536,824.5517959376756,304.0846027396328,3963960.0,7787687.04896537,7167818.168458521,-619868.8805068491,1.8082468461988823,0.867618411626673,6,
2019-06-07,8655.0,8680.0,20884.7109375,8656.731,1,0.0,0.0,0.0,0.0,308.29457534241374,4018840.0,7787687.04896537,7213733.142883179,-573953.9060821915,1.7949789349372403,0.8671187105734446,6,
2019-06-10,8860.0,8865.0,21134.419921875,0.0,0,0.0,0.0,0.0,0.0,314.86536986302235,4104495.0,7787687.04896537,7299073.277513316,-488613.77145205456,1.7783121376718247,0.8697383303089066,6,
2019-06-11,8835.0,8935.0,21204.279296875,79530.90299999999,9,176664.66000000003,4212.444945205497,3356.6867545870005,855.7581906184967,309.81194520549616,4038620.0,7791043.735719956,7329166.464377491,-461877.2713424654,1.814770011632065,0.8902564633550618,14,
2019-06-12,8885.0,8885.0,21129.720703125,71094.216,8,0.0,0.0,0.0,0.0,313.53095890406985,4087100.0,7791043.735719956,7306238.717418587,-484805.0183013696,1.7876339500914062,0.8740100022307289,14,
2019-06-13,8810.0,8770.0,21032.0,88117.62000000001,10,0.0,0.0,0.0,0.0,316.2005479452491,4121900.0,7791043.735719956,7252604.896870642,-538438.8388493148,1.7595295608507344,0.8535423612948693,14,
2019-06-14,8795.0,8850.0,21116.890625,105561.10800000001,12,0.0,0.0,0.0,0.0,327.23178082189406,4265700.0,7791043.735719956,7290516.55708982,-500527.1786301367,1.7091020364980705,0.8335796440114582,14,
2019-06-17,8825.0,8870.0,21124.0,97094.415,11,0.0,0.0,0.0,0.0,335.4561095889949,4372910.0,7791043.735719956,7300296.685980231,-490747.0497397259,1.6694367562973467,0.8153027069481191,14,
2019-06-18,8845.0,8725.0,20972.7109375,0.0,0,0.0,0.0,0.0,0.0,329.972328767064,4301425.0,7791043.735719956,7228481.713651463,-562562.0220684928,1.6804853539586215,0.8120798143831324,6,
2019-06-19,8995.0,9045.0,21333.869140625,0.0,0,0.0,0.0,0.0,0.0,342.0744657535397,4459185.0,7791043.735719956,7385899.63918571,-405144.0965342464,1.6563339801299364,0.8185747545014298,6,
2019-06-20,9110.0,9145.0,21462.859375,0.0,0,482733.43399999995,14703.266547945197,11716.29794873013,2986.9685992150667,308.6750684931758,4023800.0,7802760.033668688,7429952.429518003,-372807.60415068484,1.8465014239072526,0.9143638141476494,6,
2019-06-21,9165.0,8960.0,21258.640625,0.0,0,833848.1969999999,19173.336246575305,15278.272988083527,3895.0632584917726,239.88252054803888,3127040.0,7818038.30665677,7362905.680738962,-455132.62591780804,2.3545927396959945,1.1489322643206192,6,
2019-06-24,8935.0,8990.0,21285.990234375,0.0,0,0.0,0.0,0.0,0.0,240.68569863017183,3137510.0,7818038.30665677,7373134.995040332,-444903.31161643815,2.349995695644104,1.1482818465674656,6,
2019-06-25,8950.0,8905.0,21193.810546875,62662.52999999999,7,0.0,0.0,0.0,0.0,243.1918904109043,3170180.0,7818038.30665677,7342899.273149922,-475139.0335068491,2.3162404889154313,1.1268340796557508,14,
2019-06-26,8835.0,8840.0,21086.58984375,70694.136,8,0.0,0.0,0.0,0.0,246.84186301377486,3217760.0,7818038.30665677,7319538.295286908,-498500.0113698629,2.2747309604466794,1.1028352154657401,14,
2019-06-27,8895.0,9045.0,21338.169921875,106761.348,12,0.0,0.0,0.0,0.0,260.89249315077905,3400920.0,7818038.30665677,7395676.054793756,-422362.2518630136,2.1746104156503994,1.0657515936660487,14,
2019-06-28,9005.0,8985.0,21275.919921875,63047.606999999996,7,72025.592,1320.4800000000055,1052.2244880000044,268.2555120000011,258.4726027396973,3369375.0,7819090.531144771,7372582.311679018,-446508.21946575324,2.1881156925777088,1.0684068155706203,14,
2019-07-01,9320.0,9405.0,21729.970703125,74574.912,8,0.0,0.0,0.0,0.0,276.32663013690035,3602115.0,7819090.531144771,7530471.07304888,-288619.4580958902,2.090569310821248,1.0431303967122052,14,
2019-07-02,9355.0,9390.0,21754.26953125,18713.742,2,832428.4810000003,24093.849493150792,19199.18396861721,4894.665524533583,213.21731506846845,2779440.0,7838289.715113388,7516402.929209279,-321886.78590410954,2.704286809288662,1.338075453438521,14,
2019-07-03,9355.0,9285.0,21638.16015625,18713.742,2,0.0,0.0,0.0,0.0,212.2576438356482,2766930.0,7838289.715113388,7484966.929565444,-353322.7855479451,2.705152255230687,1.332687195200996,14,
2019-07-04,9380.0,9345.0,21702.44921875,28145.628,3,0.0,0.0,0.0,0.0,215.77989041092223,2812845.0,7838289.715113388,7502520.521675033,-335769.193438356,2.667235671242117,1.317097100350951,14,
2019-07-05,9355.0,9375.0,21746.380859375,28070.612999999998,3,0.0,0.0,0.0,0.0,218.630136986234,2850000.0,7838289.715113388,7511386.278538046,-326903.4365753423,2.6355741328203672,1.3029603929693676,14,
2019-07-08,9325.0,9215.0,21534.349609375,18653.73,2,0.0,0.0,0.0,0.0,216.31265753414482,2819790.0,7838289.715113388,7462306.235880512,-375983.4792328765,2.646404957773633,1.2994374633031642,14,
2019-07-09,9270.0,9220.0,21565.150390625,64902.977999999996,7,0.0,0.0,0.0,0.0,221.38104109585402,2885860.0,7838289.715113388,7463251.876839416,-375037.83827397256,2.586144815354666,1.269938605672291,14,
2019-07-10,9210.0,9245.0,21533.48046875,64482.894,7,0.0,0.0,0.0,0.0,226.94575342454482,2958400.0,7838289.715113388,7471082.037085991,-367207.67802739714,2.525379271594778,1.2413697400819999,14,
2019-07-11,9240.0,9310.0,21643.529296875,64692.936,7,0.0,0.0,0.0,0.0,233.54071232871502,3044370.0,7838289.715113388,7492125.560373663,-346164.1547397258,2.4609773320501986,1.213150248371233,14,
2019-07-12,9365.0,9335.0,21685.900390625,56201.238,6,0.0,0.0,0.0,0.0,238.4644931507646,3108555.0,7838289.715113388,7499870.857880511,-338418.85723287676,2.4126550303534957,1.1905161898848915,14,
2019-07-16,9305.0,9220.0,21535.25,46534.30499999999,5,0.0,0.0,0.0,0.0,239.06323287665145,3116360.0,7838289.715113388,7460902.489647635,-377387.22546575335,2.3941080265590737,1.1749533504415008,14,
2019-07-17,9180.0,9165.0,21469.1796875,64272.852,7,0.0,0.0,0.0,0.0,242.5586301369476,3161925.0,7838289.715113388,7441952.079017498,-396337.63609589037,2.3536143580311037,1.1519516288089067,14,
2019-07-18,9045.0,8780.0,21046.240234375,81421.28099999999,9,0.0,0.0,0.0,0.0,238.43112328767893,3108120.0,7838289.715113388,7306487.366894211,-531802.348219178,2.35077389769192,1.1282323432412606,14,
2019-07-19,8885.0,9145.0,21466.990234375,151075.209,17,0.0,0.0,0.0,0.0,260.2692054795625,3392795.0,7838289.715113388,7439826.888688731,-398462.82642465725,2.1928312464174025,1.0727912424016388,14,
2019-07-22,9080.0,9080.0,21416.7890625,72654.52799999999,8,154329.12800000003,3241.9929178082425,2583.382056555498,658.6108612527445,252.1503561643185,3286960.0,7840873.097169943,7414755.727471313,-426117.36969862983,2.255809540569801,1.0986429584700388,14,
2019-07-23,9115.0,9275.0,21620.880859375,82051.407,9,0.0,0.0,0.0,0.0,263.96904109604657,3441025.0,7840873.097169943,7486505.351430217,-354367.74573972606,2.175661423974024,1.0702279447811296,14,
2019-07-24,9375.0,9330.0,21709.5703125,46884.375,5,159343.125,5231.003452054816,4168.32510076988,1062.6783512849358,256.94564383567194,3349470.0,7845041.422270713,7506089.477435097,-338951.9448356163,2.2409782674378627,1.1036902228112135,14,
2019-07-25,9415.0,9405.0,21756.55078125,37667.532,4,84718.053,2653.8009041095825,2114.6812504397208,539.1196536698617,255.40372602723073,3329370.0,7847156.103521153,7532245.4750554,-314910.62846575317,2.262363592828493,1.1173357372685047,14,
2019-07-26,9325.0,9300.0,21658.150390625,27980.595,3,195785.835,2198.870972602738,1752.170334518492,446.7006380842463,239.71068493140046,3124800.0,7848908.273855671,7494794.303732384,-354113.9701232876,2.3984876804059088,1.1777183597699346,14,
2019-07-29,9300.0,9250.0,21616.80078125,46509.3,5,0.0,0.0,0.0,0.0,241.96986301374272,3154250.0,7848908.273855671,7477493.03386937,-371415.2399863013,2.3706088717981677,1.1611606850703222,14,
2019-07-30,9325.0,9340.0,21709.310546875,55961.19,6,0.0,0.0,0.0,0.0,248.62312328768894,3240980.0,7848908.273855671,7508013.220746082,-340895.053109589,2.316587334925264,1.1394277825338288,14,
2019-07-31,9200.0,9205.0,21521.529296875,55211.04,6,0.0,0.0,0.0,0.0,249.266356164444,3249365.0,7848908.273855671,7460937.914389918,-387970.35946575325,2.2961218313085534,1.1219232317465597,14,
2019-08-01,9050.0,9195.0,21540.990234375,81466.29,9,0.0,0.0,0.0,0.0,255.34389041093527,3328590.0,7848908.273855671,7458441.280499507,-390466.9933561642,2.2407209300332895,1.0943931526992925,14,
2019-08-02,8825.0,8815.0,21087.16015625,88267.65,10,0.0,0.0,0.0,0.0,251.5535342466319,3279180.0,7848908.273855671,7320512.07696526,-528396.1968904109,2.232421543485036,1.0687444260683598,14,
2019-08-05,8680.0,8505.0,20720.2890625,147589.512,17,0.0,0.0,0.0,0.0,253.7985205478617,3308445.0,7848908.273855671,7201933.766444713,-646974.5074109586,2.176833456939654,1.023372985808665,14,
2019-08-06,8005.0,8385.0,20585.310546875,168138.62099999998,21,0.0,0.0,0.0,0.0,263.725479452085,3437850.0,7848908.273855671,7162936.419965261,-685971.8538904109,2.083551178778964,0.973431698903339,14,
2019-08-07,8370.0,8330.0,20516.560546875,50230.043999999994,6,175734.84600000002,7582.717109589076,6042.288128776056,1540.4289808130209,252.4104109586915,3290350.0,7854950.561984448,7139148.382573489,-715802.1794109587,2.1697230940700805,1.0074578695769525,5,
2019-08-08,8350.0,8420.0,20593.349609375,50110.020000000004,6,0.0,0.0,0.0,0.0,259.01304109589546,3376420.0,7854950.561984448,7174849.349532394,-680101.2124520544,2.124987220053309,0.9922731636112609,5,
2019-08-09,8535.0,8480.0,20684.8203125,51220.242,6,0.0,0.0,0.0,0.0,264.76186301361304,3451360.0,7854950.561984448,7198304.345669379,-656646.2163150682,2.085642861269001,0.9774469163907289,5,
2019-08-13,8280.0,8270.0,20455.439453125,49689.935999999994,6,0.0,0.0,0.0,0.0,262.0117260272964,3415510.0,7854950.561984448,7112502.397943352,-742448.1640410958,2.0824129918938468,0.9625084481972681,5,
2019-08-14,8470.0,8435.0,20655.130859375,50830.164,6,0.0,0.0,0.0,0.0,271.121698630217,3534265.0,7854950.561984448,7180156.1122447215,-674794.4497397258,2.0315839678815033,0.9492326756779673,5,
2019-08-15,8120.0,8235.0,20405.650390625,40608.119999999995,5,0.0,0.0,0.0,0.0,267.851835616515,3491640.0,7854950.561984448,7096655.140409105,-758295.4215753423,2.0324704552614548,0.9368293978857379,5,
2019-08-16,8175.0,8260.0,20418.810546875,49059.81,6,0.0,0.0,0.0,0.0,272.46684931515483,3551800.0,7854950.561984448,7107482.86355979,-747467.6984246575,2.001093210079337,0.9239332887930424,5,
2019-08-19,8410.0,8375.0,20563.16015625,50470.092000000004,6,0.0,0.0,0.0,0.0,280.1150684929744,3651500.0,7854950.561984448,7156432.656491297,-698517.9054931507,1.9598610588775291,0.9120350357382287,5,
2019-08-20,8410.0,8460.0,20677.220703125,50470.092000000004,6,42041.59,1423.9308219178095,1134.6592754452065,289.271546472603,283.6070136985509,3697020.0,7856085.221259892,7192951.275931125,-663133.9453287671,1.9456078884969854,0.9102214796247665,5,
2019-08-21,8310.0,8420.0,20618.5703125,8311.662,1,49850.028,778.667424657535,620.4811373383568,158.18628731917823,279.03649315072107,3637440.0,7856705.702397231,7174472.419150656,-682233.283246575,1.972396086024967,0.9197596259743325,5,
2019-08-22,8490.0,8420.0,20628.009765625,33966.792,4,0.0,0.0,0.0,0.0,281.62016438361024,3671120.0,7856705.702397231,7173904.006986272,-682801.6954109591,1.95414587564184,0.9110899184922608,5,
2019-08-23,8405.0,8500.0,20710.91015625,16813.362,2,0.0,0.0,0.0,0.0,285.60000000006403,3723000.0,7856705.702397231,7208685.044986272,-648020.6574109589,1.936257062848851,0.9076593767325569,5,
2019-08-26,8085.0,8130.0,20261.0390625,0.0,0,0.0,0.0,0.0,0.0,273.16800000006333,3560940.0,7856705.702397231,7046351.876986273,-810353.8254109587,1.9787898355451854,0.9033034882854832,5,
2019-08-27,8285.0,8265.0,20456.080078125,49719.941999999995,6,0.0,0.0,0.0,0.0,281.508164383471,3669660.0,7856705.702397231,7105070.426821888,-751635.2755753424,1.9361658646364754,0.8924659410535423,5,
2019-08-28,8290.0,8305.0,20479.419921875,41458.28999999999,5,0.0,0.0,0.0,0.0,286.0560547945497,3728945.0,7856705.702397231,7122611.080767094,-734094.6216301371,1.9100874592591455,0.8829041895595008,5,
2019-08-29,8310.0,8280.0,20460.9296875,24934.986,3,0.0,0.0,0.0,0.0,287.1004931506468,3742560.0,7856705.702397231,7111003.994273944,-745701.7081232874,1.9000374060199285,0.876514197808626,5,
2019-08-30,8455.0,8500.0,20704.369140625,25370.073000000004,3,0.0,0.0,0.0,0.0,296.68493150692666,3867500.0,7856705.702397231,7210277.236342437,-646428.4660547944,1.864325077270184,0.8737901831383678,5,
2019-09-02,8410.0,8420.0,20620.189453125,0.0,0,0.0,0.0,0.0,0.0,293.89260273976834,3831100.0,7856705.702397231,7173583.343739697,-683122.358657534,1.8724604796898272,0.872437615327754,5,
2019-09-03,8385.0,8420.0,20625.16015625,0.0,0,0.0,0.0,0.0,0.0,293.89260273976834,3831100.0,7856705.702397231,7173289.451136958,-683416.2512602735,1.8723837673610602,0.8722841906702197,5,
2019-09-04,8390.0,8455.0,20649.140625,0.0,0,0.0,0.0,0.0,0.0,295.1142465755984,3847025.0,7856705.702397231,7188919.336890382,-667786.3655068491,1.8686957680000473,0.8726594535734828,5,
2019-09-05,8555.0,8825.0,21085.939453125,0.0,0,0.0,0.0,0.0,0.0,308.02876712338184,4015375.0,7856705.702397231,7356961.308123259,-499744.39427397243,1.832197816672978,0.8778449526754738,5,
2019-09-06,8900.0,8880.0,21199.5703125,0.0,0,587282.52,33091.0010273972,26368.56416868145,6722.43685871574,264.98893150681397,3454320.0,7883074.266565912,7376201.402333036,-506872.8642328765,2.135355555458972,1.0163391871917349,5,
2019-09-09,8900.0,8995.0,21318.419921875,0.0,0,0.0,0.0,0.0,0.0,268.4206575342396,3499055.0,7883074.266565912,7420667.981675502,-462406.2848904109,2.1207634580409573,1.0159768679786643,5,
2019-09-10,9040.0,9060.0,21392.099609375,0.0,0,153649.26400000002,5784.624000000037,4609.477634400029,1175.1463656000076,258.5450958903821,3370320.0,7887683.7442003125,7444148.554214011,-443535.1899863012,2.2087364268716354,1.059957613291232,5,
2019-09-11,9120.0,9225.0,21597.759765625,0.0,0,0.0,0.0,0.0,0.0,263.253698630142,3431700.0,7887683.7442003125,7505265.300515382,-382418.4436849314,2.1870400386150832,1.0587317760382449,5,
2019-09-12,9390.0,9385.0,21759.609375,0.0,0,178374.318,8287.034493150697,6603.523435867133,1683.5110572835642,254.14065753426985,3312905.0,7894287.26763618,7562906.966800564,-331380.30083561625,2.282862613567417,1.1115170302091193,14,
2019-09-13,9485.0,9585.0,21988.2890625,0.0,0,56898.618,1565.2118630137,1247.2390730424668,317.9727899712331,255.1448219178419,3325995.0,7895534.506709222,7632322.467188674,-263212.03952054784,2.2947486292639265,1.127465757064614,14,
2019-09-17,9535.0,9580.0,22001.3203125,0.0,0,676849.603,11976.309657534328,9543.32235060623,2432.987306928099,202.83353424654342,2644080.0,7905077.829059828,7624621.2493475,-280456.5797123287,2.883657547936333,1.410723241972696,14,
2019-09-18,9590.0,9555.0,21960.7109375,0.0,0,0.0,0.0,0.0,0.0,202.30421917806962,2637180.0,7905077.829059828,7617518.945128322,-287558.8839315067,2.888509295963234,1.411644446415038,14,
2019-09-19,9645.0,9640.0,22044.44921875,0.0,0,0.0,0.0,0.0,0.0,204.1038904109737,2660640.0,7905077.829059828,7640774.84123791,-264302.9878219177,2.8717807900497285,1.4078613767424335,14,
2019-09-20,9705.0,9640.0,22079.08984375,0.0,0,0.0,0.0,0.0,0.0,204.1038904109737,2660640.0,7905077.829059828,7640570.7373474995,-264507.0917123286,2.8717040777209615,1.407707952084899,14,
2019-09-24,9660.0,9690.0,22098.83984375,0.0,0,0.0,0.0,0.0,0.0,205.1625205478922,2674440.0,7905077.829059828,7654165.574826951,-250912.25423287658,2.8619694496144805,1.4054507712246564,14,
2019-09-25,9555.0,9595.0,22020.150390625,0.0,0,0.0,0.0,0.0,0.0,203.151123287651,2648220.0,7905077.829059828,7627742.423703664,-277335.40535616426,2.8803280783710052,1.4093117106386535,14,
2019-09-26,9735.0,9610.0,22048.240234375,9736.947,1,0.0,0.0,0.0,0.0,204.20591780819814,2661970.0,7905077.829059828,7631551.270785855,-273526.55827397254,2.866881020742478,1.4033862513521482,14,
2019-09-27,9680.0,9600.0,21878.900390625,9681.936,1,0.0,0.0,0.0,0.0,204.72986301369383,2668800.0,7905077.829059828,7628494.604922842,-276583.2241369862,2.858398757839794,1.3985726557950582,14,
2019-09-30,9505.0,9485.0,21755.83984375,28520.703,3,0.0,0.0,0.0,0.0,204.46021917805774,2665285.0,7905077.829059828,7596254.441703664,-308823.3873561643,2.8500721092504793,1.388244064086015,14,
2019-10-01,9565.0,9630.0,21885.240234375,47834.565,5,0.0,0.0,0.0,0.0,211.27956164380885,2754180.0,7905077.829059828,7637103.59714202,-267974.23191780807,2.772913751876065,1.3581915329514438,14,
2019-10-02,9480.0,9525.0,21778.609375,37927.584,4,0.0,0.0,0.0,0.0,211.89863013694412,2762250.0,7905077.829059828,7607034.114511883,-298043.71454794507,2.753926731654225,1.343260955729544,14,
2019-10-03,9190.0,9140.0,21341.740234375,45959.19,5,0.0,0.0,0.0,0.0,206.83945205478813,2696300.0,7905077.829059828,7494918.085059828,-410159.74399999983,2.7797048121721724,1.3344582227718813,14,
2019-10-04,9135.0,9195.0,21410.19921875,118778.75099999999,13,0.0,0.0,0.0,0.0,217.25391780820792,2832060.0,7905077.829059828,7511682.08014202,-393395.7489178082,2.652373918681815,1.2763311678510365,14,
2019-10-07,9225.0,9155.0,21375.25,101495.295,11,0.0,0.0,0.0,0.0,224.03413698633085,2920445.0,7905077.829059828,7498347.751005034,-406730.0780547944,2.5675360265319274,1.2330614286350998,14,
2019-10-08,9260.0,9355.0,21587.779296875,120404.07599999999,13,0.0,0.0,0.0,0.0,238.25775342460838,3105860.0,7905077.829059828,7563120.417251609,-341957.41180821887,2.435113114323121,1.1802278571614258,14,
2019-10-09,9160.0,9225.0,21456.380859375,82456.488,9,119056.184,249.8039041095936,199.05624098972964,50.74766311986394,232.11616438359488,3025800.0,7905276.885300819,7519377.249424106,-385899.6358767123,2.485087332085434,1.1968396472164018,14,
2019-10-10,9225.0,9300.0,21551.98046875,101495.295,11,0.0,0.0,0.0,0.0,241.85095890404773,3152700.0,7905276.885300819,7544540.103465202,-360736.7818356162,2.3930409184080954,1.156570053487354,14,
2019-10-11,9460.0,9515.0,21798.869140625,75695.136,8,0.0,0.0,0.0,0.0,253.2814794520964,3301705.0,7905276.885300819,7617596.6859857505,-287680.1993150684,2.307170593976673,1.126424592345675,14,
2019-10-15,9770.0,9880.0,22207.2109375,39087.816,4,478634.254,26687.213616438396,21265.706170258934,5421.50744617946,228.89117808220908,2983760.0,7926542.591471078,7733547.725361489,-192994.86610958888,2.5918799519269275,1.2762945556116758,14,
2019-10-16,10165.0,10115.0,22472.919921875,10167.033,1,213422.307,13656.125684931518,10881.88375203768,2774.2419328938377,218.8165479452,2852430.0,7937424.475223115,7802479.940880649,-134944.53434246557,2.735379988599422,1.3543588857704407,14,
2019-10-17,10110.0,10105.0,22451.859375,0.0,0,101079.78000000001,2941.209273972615,2343.702609965078,597.5066640075366,210.84843835615902,2748560.0,7939768.17783308,7798881.365778286,-140886.81205479434,2.8374426484334654,1.4030849913130823,14,
2019-10-18,10165.0,10145.0,22492.6796875,0.0,0,0.0,0.0,0.0,0.0,211.68306849317742,2759440.0,7939768.17783308,7809549.682709793,-130218.49512328752,2.830121213981747,1.401342271470479,14,
2019-10-21,10175.0,10190.0,22548.900390625,0.0,0,0.0,0.0,0.0,0.0,212.62202739727218,2771680.0,7939768.17783308,7821577.0606823955,-118191.11715068479,2.8219625139562994,1.399416481531672,14,
2019-10-23,10300.0,10280.0,22625.380859375,0.0,0,0.0,0.0,0.0,0.0,214.4999452054908,2796160.0,7939768.17783308,7845842.56073719,-93925.61709589028,2.8059347679450353,1.3957662199735685,14,
2019-10-24,10380.0,10380.0,22750.599609375,0.0,0,591541.6680000001,7169.738260274097,5713.205932699414,1456.5323275746828,171.19890410965309,2231700.0,7945481.383765779,7871296.497505506,-74184.8862602739,3.527040595736661,1.7569111767913366,14,
2019-10-25,10395.0,10415.0,22799.810546875,0.0,0,311787.63,3375.5118082192207,2689.776584379486,685.7352238397345,147.8073972602724,1926775.0,7948171.160350159,7877325.584884405,-70845.57546575337,4.088347412066486,2.0362545919573622,14,
2019-10-28,10470.0,10470.0,22867.26953125,0.0,0,0.0,0.0,0.0,0.0,148.58794520547963,1936950.0,7948171.160350159,7887351.9969392,-60819.16341095884,4.072047289263636,2.0306576140469477,14,
2019-10-29,10555.0,10570.0,22974.130859375,0.0,0,0.0,0.0,0.0,0.0,150.00712328767986,1955450.0,7948171.160350159,7905701.989815912,-42469.17053424651,4.042906742599357,2.0207534077995657,14,
2019-10-30,10535.0,10450.0,22843.119140625,0.0,0,0.0,0.0,0.0,0.0,148.30410958905122,1933250.0,7948171.160350159,7883353.685706323,-64817.474643835536,4.077772500042065,2.0323215533751364,14,
2019-10-31,10535.0,10530.0,22927.0390625,0.0,0,0.0,0.0,0.0,0.0,149.43945205482305,1948050.0,7948171.160350159,7898004.246254268,-50166.91409589034,4.054312900723425,2.0243252299265277,14,
2019-11-01,10335.0,10450.0,22850.76953125,0.0,0,0.0,0.0,0.0,0.0,148.30410958905122,1933250.0,7948171.160350159,7883055.94214468,-65115.21820547938,4.0776184881131154,2.032013529517235,14,
2019-11-05,10770.0,10850.0,23251.990234375,0.0,0,0.0,0.0,0.0,0.0,153.98082191779395,2007250.0,7948171.160350159,7956901.961322762,8730.800972602812,3.964081186360823,1.9938135231263465,14,
2019-11-06,10890.0,10875.0,23303.8203125,0.0,0,1600509.8339999998,34809.51100000007,27737.95884035005,7071.552159650013,31.701369863003492,413250.0,7975909.119190509,7956308.54179325,-19600.577397260295,19.25301522515003,9.598663187891065,14,
2019-11-07,10835.0,10880.0,23330.3203125,0.0,0,0.0,0.0,0.0,0.0,31.7159452054766,413440.0,7975909.119190509,7956466.825848044,-19442.293342465775,19.24455017861853,9.594558171694977,15,
2019-11-08,11110.0,10955.0,23391.869140625,0.0,0,0.0,0.0,0.0,0.0,31.934575342485914,416290.0,7975909.119190509,7959284.891272701,-16624.22791780824,19.11956782837133,9.535564777810869,15,
2019-11-11,11000.0,10900.0,23331.83984375,0.0,0,0.0,0.0,0.0,0.0,31.774246575369034,414200.0,7975909.119190509,7957163.117026126,-18746.002164383583,19.210920128020586,9.578480716711097,15,
2019-11-12,10895.0,11090.0,23520.009765625,0.0,0,0.0,0.0,0.0,0.0,32.32810958905611,421420.0,7975909.119190509,7964350.788916537,-11558.330273972624,18.89884388238939,9.431356026393047,15,
2019-11-13,11000.0,10885.0,23319.869140625,0.0,0,0.0,0.0,0.0,0.0,31.73052054794971,413630.0,7975909.119190509,7956529.058395989,-19380.060794520567,19.235860692880085,9.58999249474521,15,
2019-11-14,10890.0,10725.0,23141.55078125,0.0,0,0.0,0.0,0.0,0.0,31.264109589043073,407550.0,7975909.119190509,7950417.7942864,-25491.32490410961,19.507834116762115,9.717988142270356,15,
2019-11-15,10745.0,10885.0,23303.3203125,0.0,0,0.0,0.0,0.0,0.0,31.73052054794971,413630.0,7975909.119190509,7956466.063765852,-19443.055424657556,19.23570839582683,9.589687900638705,15,
2019-11-18,10865.0,10955.0,23416.759765625,0.0,0,0.0,0.0,0.0,0.0,31.934575342485914,416290.0,7975909.119190509,7959094.129190509,-16814.99000000002,19.11910958512217,9.534648291312553,15,
2019-11-19,10920.0,10860.0,23292.650390625,0.0,0,0.0,0.0,0.0,0.0,31.65764383561327,412680.0,7975909.119190509,7955452.471546674,-20456.647643835637,19.277533371005802,9.609153392223591,15,
2019-11-20,10745.0,10710.0,23148.5703125,0.0,0,0.0,0.0,0.0,0.0,31.220383561652852,406980.0,7975909.119190509,7949721.251163112,-26187.86802739728,19.53344452101605,9.729576345608402,15,
2019-11-21,10650.0,10615.0,23038.580078125,0.0,0,0.0,0.0,0.0,0.0,30.94345205478021,403370.0,7975909.119190509,7946080.307711057,-29828.811479452077,19.6992347167887,9.807549134124002,15,
2019-11-22,10615.0,10695.0,23112.880859375,0.0,0,0.0,0.0,0.0,0.0,31.17665753426263,406410.0,7975909.119190509,7949089.131053523,-26819.98813698632,19.559285281005693,9.741514089014862,15,
2019-11-25,10855.0,10845.0,23292.810546875,0.0,0,0.0,0.0,0.0,0.0,31.61391780822305,412110.0,7975909.119190509,7954757.517135715,-21151.602054794545,19.302510293697594,9.620454522047304,15,
2019-11-26,11005.0,10925.0,23373.3203125,0.0,0,0.0,0.0,0.0,0.0,31.847123287676368,415150.0,7975909.119190509,7957765.6700124275,-18143.449178082214,19.16841062269644,9.557176487617339,15,
2019-11-27,10995.0,11000.0,23437.76953125,0.0,0,0.0,0.0,0.0,0.0,32.065753424627474,418000.0,7975909.119190509,7960583.604259003,-15325.51493150687,19.044458383394744,9.49867867781696,15,
2019-11-28,11010.0,10965.0,23409.140625,0.0,0,0.0,0.0,0.0,0.0,31.963726027373923,416670.0,7975909.119190509,7959221.640532975,-16687.478657534266,19.101979121446167,9.525652818478493,15,
2019-11-29,11025.0,10855.0,23293.91015625,0.0,0,0.0,0.0,0.0,0.0,31.643068493140163,412490.0,7975909.119190509,7955009.997464482,-20899.12172602742,19.285340244525884,9.611894770148243,15,
2019-12-02,10930.0,11080.0,23529.5,0.0,0,0.0,0.0,0.0,0.0,32.298958904109895,421040.0,7975909.119190509,7963527.698505578,-12381.420684931527,18.913945702321815,9.436860810898349,15,
2019-12-03,10760.0,10925.0,23379.810546875,0.0,0,0.0,0.0,0.0,0.0,31.847123287676368,415150.0,7975909.119190509,7957605.85138229,-18303.2678082192,19.16802565670791,9.556406555640287,15,
2019-12-04,10720.0,10685.0,23135.23046875,0.0,0,0.0,0.0,0.0,0.0,31.14750684928731,406030.0,7975909.119190509,7948454.703875441,-27454.415315068512,19.576028135545258,9.748441953945191,15,
2019-12-05,10850.0,10860.0,23300.08984375,0.0,0,0.0,0.0,0.0,0.0,31.65764383561327,412680.0,7975909.119190509,7955073.046231605,-20836.07295890413,19.27661395326065,9.607314556733293,15,
2019-12-06,10905.0,10915.0,23354.400390625,0.0,0,0.0,0.0,0.0,0.0,31.81797260273015,414770.0,7975909.119190509,7957131.228259003,-18777.89093150687,19.184442530219165,9.56378941419941,15,
2019-12-09,11085.0,10970.0,23430.69921875,0.0,0,0.0,0.0,0.0,0.0,31.97830136984703,416860.0,7975909.119190509,7959189.249957632,-16719.869232876736,19.093194957438065,9.520699944165306,15,
2019-12-10,10920.0,10975.0,23410.189453125,0.0,0,0.0,0.0,0.0,0.0,31.992876712349243,417050.0,7975909.119190509,7959347.25708092,-16561.862109589063,19.084875331689055,9.516664651651661,15,
2019-12-11,10965.0,10925.0,23391.859375,0.0,0,0.0,0.0,0.0,0.0,31.847123287676368,415150.0,7975909.119190509,7957415.409957632,-18493.709232876732,19.16756692751447,9.555489097253403,15,
2019-12-12,10985.0,10980.0,23424.810546875,0.0,0,0.0,0.0,0.0,0.0,32.00745205482235,417240.0,7975909.119190509,7959473.402505578,-16435.71668493153,19.07648692001145,9.512480308265364,15,
2019-12-13,11410.0,11550.0,24023.099609375,0.0,0,0.0,0.0,0.0,0.0,33.669041095883586,438900.0,7975909.119190509,7981099.733464482,5190.614273972582,18.1843238402016,9.092230452810318,15,
2019-12-16,11470.0,11495.0,23952.349609375,0.0,0,0.0,0.0,0.0,0.0,33.508712328766705,436810.0,7975909.119190509,7978976.224752153,3067.1055616438152,18.26646877304126,9.13079583414709,15,
2019-12-17,11605.0,11585.0,24066.119140625,0.0,0,0.0,0.0,0.0,0.0,33.77106849316624,440230.0,7975909.119190509,7982362.45368366,6453.334493150665,18.13225462527238,9.067476969258806,15,
2019-12-18,11540.0,11440.0,23934.4296875,0.0,0,0.0,0.0,0.0,0.0,33.34838356162072,434720.0,7975909.119190509,7976819.105300099,909.9861095890215,18.349326245169532,9.169577404788557,15,
2019-12-19,11405.0,11380.0,23864.849609375,0.0,0,0.0,0.0,0.0,0.0,33.17347945205984,432440.0,7975909.119190509,7974505.931820647,-1403.1873698630334,18.44072225469579,9.212497323214265,15,
2019-12-20,11415.0,11340.0,23816.630859375,0.0,0,0.0,0.0,0.0,0.0,33.05687671233318,430920.0,7975909.119190509,7972952.874943934,-2956.2442465753625,18.50216484485272,9.241312143083059,15,
2019-12-23,11410.0,11330.0,23821.109375,0.0,0,0.0,0.0,0.0,0.0,33.027726027416065,430540.0,7975909.119190509,7972539.847217906,-3369.2719726027594,18.517535762572365,9.248432603812184,15,
2019-12-24,11350.0,11345.0,23830.580078125,0.0,0,0.0,0.0,0.0,0.0,33.07145205480629,431110.0,7975909.119190509,7973076.775765852,-2832.3434246575544,18.494297918781406,9.237373362578433,15,
2019-12-25,11330.0,11310.0,23782.869140625,0.0,0,0.0,0.0,0.0,0.0,32.969424657552736,429780.0,7975909.119190509,7971713.806341195,-4195.312849315088,18.548359175255236,9.262711367424899,15,
2019-12-26,11290.0,11415.0,23924.919921875,643658.706,57,0.0,0.0,0.0,0.0,83.18876712329802,1084425.0,7975909.119190509,7982616.911574071,6707.792383561618,7.361151680912992,3.680981172471703,1,
2019-12-27,11480.0,11410.0,23837.720703125,654490.872,57,401719.63999999996,3060.429013698579,2438.702859565713,621.7261541328664,102.40865753425169,1334970.0,7978347.822050075,7979666.544762404,1318.7227123287885,5.977412634562877,2.985561326078284,1,
2019-12-30,11335.0,11235.0,23656.619140625,646224.219,57,0.0,0.0,0.0,0.0,149.9641643835348,1954890.0,7978347.822050075,7953212.36159802,-25135.460452054813,4.068368226139588,2.025193569022277,1,
2020-01-06,10830.0,10755.0,23204.859375,649929.96,60,0.0,0.0,0.0,0.0,193.0596164384042,2516670.0,7978347.822050075,7864869.341981582,-113478.48006849313,3.1251095066026067,1.5379428279882075,1,
2020-01-07,10870.0,11100.0,23575.720703125,652330.44,60,0.0,0.0,0.0,0.0,250.3430136986135,3263400.0,7978347.822050075,7959018.558967884,-19329.263082191697,2.4388731258711416,1.2148046365403216,1,
2020-01-08,10765.0,10765.0,23204.759765625,0.0,0,0.0,0.0,0.0,0.0,242.78761643834878,3164910.0,7978347.822050075,7860285.771351445,-118062.05069863008,2.483573236316813,1.2213357964848317,15,
2020-01-09,11100.0,11240.0,23739.869140625,55511.1,5,0.0,0.0,0.0,0.0,257.81172602737206,3360760.0,7978347.822050075,8000366.859625418,22019.037575342543,2.3805231137080356,1.1917664909725045,15,
2020-01-10,11295.0,11365.0,23850.5703125,0.0,0,0.0,0.0,0.0,0.0,260.67884931506705,3398135.0,7978347.822050075,8037481.1807761025,59133.35872602747,2.3652624692003417,1.1895038880156685,15,
2020-01-14,11495.0,11520.0,24025.169921875,0.0,0,0.0,0.0,0.0,0.0,264.2340821918333,3444480.0,7978347.822050075,8083561.94669391,105214.12464383569,2.346816339968271,1.1868007148648678,15,
2020-01-15,11440.0,11415.0,23916.580078125,0.0,0,1372525.44,69700.12273972607,55540.54280515072,14159.579934575351,156.74515068496112,2043285.0,8033888.364855226,8040576.061608651,6687.69675342464,3.9351221496798785,1.945430311171505,15,
2020-01-16,11475.0,11455.0,23933.130859375,0.0,0,0.0,0.0,0.0,0.0,157.29441095894435,2050445.0,8033888.364855226,8047578.767197692,13690.402342465735,3.9247962111627923,1.9419755148468507,15,
2020-01-17,11600.0,11550.0,24041.259765625,0.0,0,0.0,0.0,0.0,0.0,158.59890410955995,2067450.0,8033888.364855226,8064425.168293582,30536.803438356146,3.900662733460825,1.9340742396342991,15,
2020-01-20,11570.0,11590.0,24083.509765625,0.0,0,0.0,0.0,0.0,0.0,159.1481643835432,2074610.0,8033888.364855226,8071426.020129199,37537.65527397258,3.8905751057447904,1.9306970902498128,15,
2020-01-21,11570.0,11360.0,23864.560546875,0.0,0,0.0,0.0,0.0,0.0,155.98991780824144,2033440.0,8033888.364855226,8030100.030211391,-3788.334643835635,3.949022361225997,1.9493870045674069,15,
2020-01-22,11335.0,11525.0,24031.349609375,0.0,0,0.0,0.0,0.0,0.0,158.25561643831315,2062975.0,8033888.364855226,8059476.774594952,25588.40973972601,3.90672537214215,1.9356414883043522,15,
2020-01-23,11345.0,11300.0,23795.439453125,646794.333,57,703249.322,3297.9707945205587,2627.9880276137073,669.9827669068515,150.83178082187078,1966200.0,8036516.35288284,8018335.949047224,-18180.40383561644,4.0780876559084644,2.008234346054115,1,
2020-01-24,11365.0,11325.0,23827.1796875,647934.561,57,0.0,0.0,0.0,0.0,200.68520547941444,2616075.0,8036516.35288284,8020075.702841744,-16440.650041095872,3.0656902813725693,1.509945028258227,1,
2020-01-27,10840.0,10850.0,23343.509765625,650530.08,60,0.0,0.0,0.0,0.0,242.20767123284168,3157350.0,8036516.35288284,7910578.415170511,-125937.93771232871,2.5054486880360147,1.2163332999059895,1,
2020-01-28,10695.0,10760.0,23215.7109375,652525.4789999999,61,0.0,0.0,0.0,0.0,290.54947945202,3787520.0,8036516.35288284,7887932.386691059,-148583.96619178072,2.082611415039672,1.0079031573428712,1,
2020-01-29,10830.0,10900.0,23379.400390625,649929.96,60,0.0,0.0,0.0,0.0,344.499726027454,4490800.0,8036516.35288284,7940937.926965032,-95578.42591780805,1.7682679983444,0.8617873000461426,1,
2020-01-30,10805.0,10510.0,22977.75,0.0,0,0.0,0.0,0.0,0.0,332.17358904110733,4330120.0,8036516.35288284,7779925.75337599,-256590.59950684913,1.7966998035564812,0.8565051453237174,15,
2020-01-31,10680.0,10730.0,23205.1796875,747749.52,70,0.0,0.0,0.0,0.0,396.7454246575362,5171860.0,8036516.35288284,7873519.487951333,-162996.86493150672,1.5223767634760672,0.7351256702655949,15,
2020-02-03,10350.0,10525.0,22971.939453125,0.0,0,0.0,0.0,0.0,0.0,389.1654794520291,5073050.0,8036516.35288284,7774320.322471881,-262196.0304109588,1.5324746104359077,0.7298131731524261,15,
2020-02-04,10430.0,10620.0,23084.58984375,0.0,0,0.0,0.0,0.0,0.0,392.6781369863602,5118840.0,8036516.35288284,7819717.644334895,-216798.70854794508,1.5276347071474972,0.7320766739704586,15,
2020-02-05,10855.0,10840.0,23319.560546875,0.0,0,0.0,0.0,0.0,0.0,400.8127123287122,5224880.0,8036516.35288284,7925356.831622566,-111159.52126027385,1.516849541352637,0.7373608075902768,15,
2020-02-06,11150.0,11375.0,23873.58984375,0.0,0,0.0,0.0,0.0,0.0,420.5945205479802,5482750.0,8036516.35288284,8182806.237102018,146289.88421917823,1.492463861584427,0.7495600834109143,15,
2020-02-07,11440.0,11315.0,23827.98046875,0.0,0,1498340.2719999999,97371.16757534251,77590.21488241167,19780.95269293083,304.66800000012154,3971565.0,8114106.567765251,8149875.8884090865,35769.32064383571,2.0520565289524626,1.0018832281614214,15,
2020-02-10,11115.0,11185.0,23685.98046875,0.0,0,0.0,0.0,0.0,0.0,301.16761643841164,3925935.0,8114106.567765251,8103944.720792648,-10161.846972602641,2.06420756349574,1.0017516917167604,15,
2020-02-12,11330.0,11345.0,23861.2109375,0.0,0,0.0,0.0,0.0,0.0,305.4757808218128,3982095.0,8114106.567765251,8159799.245011826,45692.67724657543,2.0491221944759794,1.0015735627247453,15,
2020-02-13,11340.0,11300.0,23827.73046875,0.0,0,0.0,0.0,0.0,0.0,304.2641095891013,3966300.0,8114106.567765251,8143699.980902237,29593.413136986394,2.053223402390701,1.0014264044674424,15,
2020-02-14,11175.0,11160.0,23687.58984375,0.0,0,1340731.7999999998,39061.69972602729,31126.315426684847,7935.384299342444,197.76131506852107,2577960.0,8145232.883191936,8087958.635287826,-57274.24790410957,3.137348382165676,1.5038855301803404,1,
2020-02-17,11015.0,11025.0,23523.240234375,650014.977,59,0.0,0.0,0.0,0.0,245.26849315082654,3197250.0,8145232.883191936,8056988.389794676,-88244.49339726022,2.519974474875182,1.2028278137141009,1,
2020-02-18,10915.0,10695.0,23193.80078125,644113.7969999999,59,0.0,0.0,0.0,0.0,286.33298630133504,3732555.0,8145232.883191936,7947893.259808375,-197339.6233835615,2.1293439104871528,1.0010193458434788,1,
2020-02-19,10825.0,10900.0,23400.69921875,649629.8999999999,60,0.0,0.0,0.0,0.0,341.9912328768405,4458100.0,8145232.883191936,8023466.3685754975,-121766.5146164381,1.7997502004386392,0.8549810192591133,1,
2020-02-20,11150.0,10970.0,23479.150390625,646829.34,58,0.0,0.0,0.0,0.0,392.9964931505965,5122990.0,8145232.883191936,8041134.032082347,-104098.85110958877,1.5696173586289153,0.7473888391296395,1,
2020-02-21,10905.0,10875.0,23386.740234375,0.0,0,0.0,0.0,0.0,0.0,389.59315068484284,5078625.0,8145232.883191936,7996379.438931662,-148853.44426027368,1.5745166140306996,0.7450286962851917,15,
2020-02-25,10020.0,10200.0,22605.41015625,0.0,0,0.0,0.0,0.0,0.0,365.4115068492829,4763400.0,8145232.883191936,7680789.027424812,-464443.855767123,1.6124593835127876,0.7280021706465304,15,
2020-02-26,9950.0,10010.0,22426.189453125,776255.22,78,0.0,0.0,0.0,0.0,418.5002739726333,5455450.0,8145232.883191936,7596165.30715084,-549067.5760410955,1.3923994000771411,0.6200631147035971,15,
2020-02-27,9865.0,9585.0,21948.23046875,779490.867,79,0.0,0.0,0.0,0.0,458.8195068492787,5981040.0,8145232.883191936,7341805.620643991,-803427.2625479449,1.2275132118567993,0.5229700542206772,15,
2020-02-28,9095.0,8815.0,21142.9609375,782326.434,86,0.0,0.0,0.0,0.0,480.1156164383283,6258650.0,8145232.883191936,6836609.071027553,-1308623.8121643835,1.09234564499174,0.41897663998836215,15,margin_warning
2020-03-02,8615.0,9045.0,21344.080078125,784121.793,91,0.0,0.0,0.0,0.0,555.784273972793,7245045.0,8145232.883191936,7038326.49375358,-1106906.3894383556,0.9714676021685966,0.3896994133666827,15,margin_warning
2020-03-03,9335.0,8820.0,21082.73046875,784296.828,84,849315.103,65130.16846575348,51898.97474193566,13231.19372381782,537.2225753425737,7003080.0,8197131.857933871,6847611.352454419,-1349520.505479452,0.9777999612248353,0.3665540382196064,15,margin_warning
2020-03-04,8665.0,8835.0,21100.060546875,780005.97,90,0.0,0.0,0.0,0.0,599.1340273973183,7810140.0,8197131.857933871,6874066.248427022,-1323065.609506849,0.8801463544093988,0.3319867525960056,15,margin_warning
2020-03-05,9045.0,9030.0,21329.119140625,778025.5739999999,86,0.0,0.0,0.0,0.0,671.9309589041513,8759100.0,8197131.857933871,7044328.743468119,-1152803.1144657528,0.8042297431777373,0.3153809843479763,15,margin_warning
2020-03-06,8750.0,8510.0,20749.75,778905.75,89,0.0,0.0,0.0,0.0,691.3384109588224,9012090.0,8197131.857933871,6517721.65505716,-1679410.2028767117,0.723219769782277,0.24801740253153723,15,margin_call
2020-03-09,7870.0,7605.0,19698.759765625,0.0,0,0.0,0.0,0.0,0.0,617.8176986301551,8053695.0,8197131.857933871,5558708.837358529,-2638423.0205753422,0.6902060280850627,0.158377554375126,4,margin_call
2020-03-10,7405.0,7755.0,19867.119140625,296259.24,40,0.0,0.0,0.0,0.0,653.7996164385695,8522745.0,8197131.857933871,5730845.797742091,-2466286.06019178,0.6724178416392947,0.16978188113692294,4,margin_call
2020-03-11,7625.0,7410.0,19416.060546875,297434.475,39,304939.0,8655.963835616447,6897.504782410966,1758.4590532054813,624.1453150683665,8136180.0,8204029.362716282,5349402.718373816,-2854626.644342466,0.6574833298149521,0.1298256048945997,4,margin_call
2020-03-12,7110.0,6745.0,18559.630859375,298679.724,42,0.0,0.0,0.0,0.0,589.864109589078,7689300.0,8204029.362716282,4603253.130264228,-3600776.232452054,0.598656981814239,0.040256595244322284,4,margin_call
2020-03-13,5750.0,5940.0,17431.05078125,299059.8,52,0.0,0.0,0.0,0.0,543.160109589051,7080480.0,8204029.362716282,3694830.1701546386,-4509199.192561643,0.521833289572831,-0.08465825514753389,4,margin_call
2020-03-16,5995.0,5520.0,17002.0390625,53965.791,9,0.0,0.0,0.0,0.0,508.5659178083879,6629520.0,8204029.362716282,3189395.8132368308,-5014633.549479451,0.48109000549614916,-0.16673364063199556,5,margin_call
2020-03-17,5285.0,5570.0,17011.529296875,52860.57,10,0.0,0.0,0.0,0.0,517.4453698630678,6745270.0,8204029.362716282,3251767.7978669684,-4952261.564849313,0.48208119139292693,-0.1547024012355847,5,margin_call
2020-03-18,5680.0,5415.0,16726.55078125,51130.223999999995,9,56788.64000000001,3923.797123287678,3126.677737691786,797.1193855958918,502.6306849314715,6552150.0,8207156.040453974,3063006.4637964405,-5144149.576657534,0.46748112662201574,-0.1887467820274415,5,margin_call
2020-03-19,5700.0,5305.0,16552.830078125,51310.26,9,0.0,0.0,0.0,0.0,496.0829041095567,6466795.0,8207156.040453974,2925845.12089233,-5281310.919561644,0.4524412975658468,-0.2125248525226671,5,margin_call
2020-03-23,5295.0,5500.0,16887.779296875,52960.590000000004,10,0.0,0.0,0.0,0.0,518.536986301362,6759500.0,8207156.040453974,3165070.9939060286,-5042085.046547946,0.4682404014950852,-0.1680075919286816,5,margin_call
2020-03-24,6030.0,6325.0,18092.349609375,48249.648,8,0.0,0.0,0.0,0.0,600.1991780822282,7824025.0,8207156.040453974,4180746.146727948,-4026409.893726026,0.5343472377360691,-0.015410528979404675,5,margin_call
2020-03-25,6925.0,7365.0,19546.630859375,0.0,0,553889.2,99233.99641095889,79074.61004007258,20159.3863708863,653.6891506849206,8521305.0,8286230.6504940465,5411102.271206375,-2875128.3792876713,0.6350086367295121,0.11851425044857537,5,margin_call
2020-03-26,6860.0,6725.0,18664.599609375,0.0,0,116596.67599999999,14344.52861643835,11430.437628008898,2914.0909884294506,588.1150684933527,7666500.0,8297661.088122056,4669391.741149453,-3628269.346972603,0.6090643372007374,0.033033705234049866,5,margin_call
2020-03-27,7150.0,7010.0,19389.4296875,0.0,0,0.0,0.0,0.0,0.0,613.0389041095041,7991400.0,8297661.088122056,4993678.7022453435,-3303982.3858767124,0.6248815854850643,0.07219346089153639,5,margin_call
2020-03-30,6775.0,7055.0,19084.970703125,0.0,0,0.0,0.0,0.0,0.0,616.9742465753225,8042700.0,8297661.088122056,5044361.727998769,-3253299.360123287,0.627197549081623,0.07795800848912353,5,margin_call
2020-03-31,7170.0,6945.0,18917.009765625,0.0,0,0.0,0.0,0.0,0.0,607.354520547844,7917300.0,8297661.088122056,4918354.373478221,-3379306.7146438346,0.6212161183077843,0.06320060700420331,5,margin_call
2020-04-01,6750.0,6340.0,18065.41015625,0.0,0,0.0,0.0,0.0,0.0,554.446027397411,7227600.0,8297661.088122056,4228099.927450824,-4069561.1606712323,0.5849936254705329,-0.026347712410816303,5,margin_call
2020-04-02,6245.0,6160.0,17818.720703125,0.0,0,0.0,0.0,0.0,0.0,538.7046575341956,7022400.0,8297661.088122056,4022361.2227932895,-4275299.865328766,0.5727901034964242,-0.05649181697645879,5,margin_call
2020-04-03,6750.0,6175.0,17820.189453125,0.0,0,0.0,0.0,0.0,0.0,540.0164383560768,7039500.0,8297661.088122056,4038921.206354933,-4258739.881767123,0.5737511480012689,-0.05407886475064953,5,margin_call
2020-04-06,6190.0,6710.0,18576.30078125,0.0,0,0.0,0.0,0.0,0.0,586.8032876713551,7649400.0,8297661.088122056,4648234.403067261,-3649426.6850547944,0.6076599998780637,0.02981125644004239,5,margin_call
2020-04-07,7010.0,6975.0,18950.1796875,0.0,0,0.0,0.0,0.0,0.0,609.9780821919558,7951500.0,8297661.088122056,4949724.42498507,-3347936.6631369856,0.6224893950808111,0.0665180492797682,5,margin_call
2020-04-08,7010.0,7270.0,19353.240234375,0.0,0,0.0,0.0,0.0,0.0,635.7764383560279,8287800.0,8297661.088122056,5285388.648546714,-3012272.439575342,0.6377312011084624,0.10424319071060645,5,margin_call
2020-04-09,7270.0,7235.0,19345.76953125,0.0,0,0.0,0.0,0.0,0.0,632.7156164383632,8247900.0,8297661.088122056,5244855.932930276,-3052805.15519178,0.635901979040759,0.09975645736957135,5,margin_call
2020-04-10,7380.0,7345.0,19498.5,0.0,0,0.0,0.0,0.0,0.0,642.3353424657835,8373300.0,8297661.088122056,5369613.59758781,-2928047.490534246,0.6412780621245877,0.11308523689030092,5,margin_call
2020-04-13,7195.0,7000.0,19043.400390625,0.0,0,0.0,0.0,0.0,0.0,612.1643835617579,7980000.0,8297661.088122056,4975701.433204249,-3321959.654917808,0.6235214828576753,0.06921958462235997,5,margin_call
2020-04-14,7100.0,7460.0,19638.810546875,0.0,0,0.0,0.0,0.0,0.0,652.3923287669895,8504400.0,8297661.088122056,5499449.040875481,-2798212.047246574,0.6466592635430461,0.12646012659669104,5,margin_call
2020-04-15,7400.0,7405.0,19550.08984375,0.0,0,0.0,0.0,0.0,0.0,647.5824657533667,8441700.0,8297661.088122056,5436101.458409728,-2861559.6297123283,0.6439581433135183,0.11981855973292015,5,margin_call
2020-04-16,7185.0,7205.0,19290.19921875,0.0,0,0.0,0.0,0.0,0.0,630.0920547945425,8213700.0,8297661.088122056,5207471.366354933,-3090189.721767123,0.6339982427352999,0.09523261764951275,5,margin_call
2020-04-17,7490.0,7630.0,19897.259765625,0.0,0,0.0,0.0,0.0,0.0,667.2591780822258,8698200.0,8297661.088122056,5691304.10717685,-2606356.980945206,0.6543082600051562,0.14547580341123884,5,margin_call
2020-04-20,7430.0,7490.0,19669.119140625,0.0,0,311997.588,12762.63090410959,10169.902435939726,2592.7284681698634,630.8837260274449,8224020.0,8307830.990557996,5525898.082982654,-2781932.907575342,0.671921770980938,0.13212250145394877,5,margin_call
2020-04-21,7325.0,7175.0,19280.779296875,0.0,0,0.0,0.0,0.0,0.0,604.3512328767683,7878150.0,8307830.990557996,5179423.731749777,-3128407.2588082193,0.6574416242074316,0.09386713783585615,5,margin_call
2020-04-22,7040.0,7075.0,19137.94921875,0.0,0,0.0,0.0,0.0,0.0,595.9282191781094,7768350.0,8307830.990557996,5069027.803530598,-3238803.187027397,0.6525230973798295,0.08090618155762726,5,margin_call
2020-04-23,7175.0,7280.0,19429.439453125,0.0,0,0.0,0.0,0.0,0.0,613.195397260366,7993440.0,8307830.990557996,5293504.608133338,-3014326.3824246572,0.6622311055231963,0.10663383283150607,5,margin_call
2020-04-24,7215.0,7165.0,19262.0,0.0,0,0.0,0.0,0.0,0.0,603.5089315068908,7867170.0,8307830.990557996,5166631.099201832,-3141199.891356163,0.65673311994044,0.09214166299262132,5,margin_call
2020-04-27,7315.0,7535.0,19783.220703125,0.0,0,0.0,0.0,0.0,0.0,634.6740821917774,8273430.0,8307830.990557996,5572256.42511964,-2735574.5654383553,0.6735122464467144,0.13656787797579442,5,margin_call
2020-04-28,7550.0,7530.0,19771.189453125,0.0,0,0.0,0.0,0.0,0.0,634.2529315069551,8267940.0,8307830.990557996,5566132.172188133,-2741698.8183698626,0.6732187427809264,0.13584112521598635,5,margin_call
2020-04-30,7930.0,7865.0,20193.689453125,0.0,0,0.0,0.0,0.0,0.0,662.4700273972121,8635770.0,8307830.990557996,5933299.702160737,-2374531.2883972595,0.6870608761188333,0.17249548479909352,5,margin_call
2020-05-01,7675.0,7445.0,19619.349609375,0.0,0,0.0,0.0,0.0,0.0,627.093369862996,8174610.0,8307830.990557996,5471512.608790873,-2836318.381767123,0.6693301097900539,0.12565946828334826,5,margin_call
2020-05-07,7295.0,7460.0,19674.76953125,0.0,0,0.0,0.0,0.0,0.0,628.3568219176959,8191080.0,8307830.990557996,5487354.251968956,-2820476.7385890405,0.6699182832995106,0.1272641009952176,5,margin_call
2020-05-08,7680.0,7840.0,20179.08984375,0.0,0,0.0,0.0,0.0,0.0,660.3642739725765,8608320.0,8307830.990557996,5903933.887694983,-2403897.102863013,0.6858404296883692,0.16941165103434375,5,margin_call
2020-05-11,7970.0,8005.0,20390.66015625,0.0,0,0.0,0.0,0.0,0.0,674.2622465753811,8789490.0,8307830.990557996,6084429.625448408,-2223401.3651095885,0.6922392113135583,0.18637841095886234,5,margin_call
2020-05-12,8030.0,7995.0,20366.48046875,0.0,0,313107.36600000004,14866.29193150691,11846.20472562128,3020.087205885629,649.5006575341686,8466705.0,8319677.195283617,6071082.403584987,-2248594.79169863,0.7170537302982668,0.19007490693089577,5,margin_call
2020-05-13,7775.0,7915.0,20267.05078125,0.0,0,0.0,0.0,0.0,0.0,643.0015890409122,8381985.0,8319677.195283617,5985719.401995946,-2333957.7932876707,0.7141171693812319,0.18173525265295368,5,margin_call
2020-05-14,7805.0,7615.0,19914.779296875,0.0,0,0.0,0.0,0.0,0.0,618.6300821918412,8064285.0,8319677.195283617,5667400.771913754,-2652276.423369863,0.7027778373301233,0.14934552803427503,5,margin_call
2020-05-15,7825.0,7710.0,20037.470703125,0.0,0,0.0,0.0,0.0,0.0,626.3477260274813,8164890.0,8319677.195283617,5767379.424187726,-2552297.7710958906,0.7063633954882095,0.1596735787122458,5,margin_call
2020-05-18,7800.0,7805.0,20133.73046875,0.0,0,0.0,0.0,0.0,0.0,634.0653698630631,8265495.0,8319677.195283617,5867350.358817864,-2452326.836465753,0.7098607353604187,0.1697483423983806,5,margin_call
2020-05-19,8190.0,8050.0,20433.44921875,0.0,0,0.0,0.0,0.0,0.0,653.9687671233551,8524950.0,8319677.195283617,6126151.390050741,-2193525.805232876,0.7186143484772041,0.19486344645046091,5,margin_call
2020-05-20,8045.0,8170.0,20595.150390625,0.0,0,0.0,0.0,0.0,0.0,663.7173698629485,8652030.0,8319677.195283617,6252567.672680877,-2067109.5226027397,0.7226705955343287,0.2065357728854535,5,margin_call
2020-05-21,8260.0,8130.0,20552.310546875,0.0,0,0.0,0.0,0.0,0.0,660.4678356164368,8609670.0,8319677.195283617,6209547.204845261,-2110129.990438356,0.7212294088908473,0.20247846519168536,5,margin_call
2020-05-22,8150.0,7995.0,20388.16015625,0.0,0,0.0,0.0,0.0,0.0,649.5006575341686,8466705.0,8319677.195283617,6065932.704187727,-2253744.4910958903,0.7164455008397868,0.18885844801393567,5,margin_call
2020-05-25,8230.0,8270.0,20741.650390625,0.0,0,0.0,0.0,0.0,0.0,671.8412054795772,8757930.0,8319677.195283617,6356485.862982247,-1963191.3323013696,0.7257977470683423,0.21567768681422098,5,margin_call
2020-05-26,8450.0,8695.0,21271.169921875,0.0,0,0.0,0.0,0.0,0.0,706.3675068494049,9208005.0,8319677.195283617,6805854.495475398,-1513822.6998082187,0.7391236750496333,0.2538608904607645,5,margin_call
2020-05-27,8675.0,8835.0,21419.23046875,0.0,0,0.0,0.0,0.0,0.0,717.7408767124289,9356265.0,8319677.195283617,6953396.7545986865,-1366280.440684931,0.7431808263873123,0.26553083596004895,5,margin_call
2020-05-28,9035.0,9230.0,21916.310546875,0.0,0,0.0,0.0,0.0,0.0,749.8300273971399,9774570.0,8319677.195283617,7370951.924571289,-948725.2707123283,0.7540947504157511,0.29680919026197083,5,margin_call
2020-05-29,9110.0,9180.0,21877.890625,0.0,0,1630363.862,65837.70780821917,52462.777466979445,13374.930341239724,619.7128767123795,8078400.0,8372139.972750597,7291151.143353337,-1080988.8293972597,0.9025489135662182,0.34102347060755456,5,margin_warning
2020-06-01,9245.0,9350.0,22062.390625,0.0,0,0.0,0.0,0.0,0.0,631.1890410960186,8228000.0,8372139.972750597,7440119.954312241,-932020.0184383555,0.9042440391726106,0.3528514373935194,5,margin_warning
2020-06-02,9440.0,9585.0,22325.609375,0.0,0,811677.6320000001,30832.059095890603,24568.52629056043,6263.5328053301755,583.8184109588619,7610490.0,8396708.499041157,7627440.235095952,-769268.2639452051,1.0022272199419422,0.40196702579607074,5,margin_warning
2020-06-03,9950.0,9825.0,22613.759765625,0.0,0,855528.86,70084.89065753423,55847.145120456145,14237.745537078077,533.6186301370035,6956100.0,8452555.644161614,7813807.730928738,-638747.9132328762,1.1233029615630508,0.4564217042158469,5,margin_warning
2020-06-04,10050.0,9880.0,22695.740234375,0.0,0,844031.16,56741.07369863019,45214.12457675347,11526.949121876723,472.9407123285928,6165120.0,8497769.768738367,7854859.001094531,-642910.7676438354,1.2740804722526944,0.5123586033119691,5,
2020-06-05,9830.0,10030.0,22863.73046875,0.0,0,0.0,0.0,0.0,0.0,480.1209863014519,6258720.0,8497769.768738367,7947978.88010823,-549790.8886301367,1.269904849571195,0.5194979213765889,5,
2020-06-08,10280.0,10285.0,23178.099609375,0.0,0,811957.576,29364.636561643867,23399.210644145915,5965.425917497952,429.9975342467078,5605325.0,8521168.979382513,8100146.032656486,-421022.9467260272,1.445080531932847,0.6018856264231691,13,
2020-06-09,10275.0,10240.0,23091.029296875,0.0,0,801289.71,21850.24791780821,17411.370053305473,4438.877864502738,366.84449315071106,4782080.0,8538580.349435817,8073385.020298831,-465195.32913698605,1.6882580425879181,0.6952594779179432,13,
2020-06-10,10085.0,10240.0,23124.94921875,0.0,0,0.0,0.0,0.0,0.0,366.84449315071106,4782080.0,8538580.349435817,8073018.17580568,-465562.17363013665,1.6881813302591508,0.695106053260409,13,
2020-06-11,9960.0,9690.0,22472.91015625,0.0,0,0.0,0.0,0.0,0.0,347.14093150693225,4525230.0,8538580.349435817,7815821.034874174,-722759.3145616436,1.7271654777490146,0.6776469866310713,13,
2020-06-12,9170.0,9530.0,22305.48046875,0.0,0,0.0,0.0,0.0,0.0,341.4089863013942,4450510.0,8538580.349435817,7740759.625887873,-797820.723547945,1.739297209957482,0.6720815491572694,13,
2020-06-15,9380.0,8855.0,21530.94921875,0.0,0,0.0,0.0,0.0,0.0,317.227342465776,4135285.0,8538580.349435817,7425217.398545407,-1113362.9508904107,1.7955757338479468,0.6469315175749647,13,
2020-06-16,9420.0,9730.0,22582.2109375,0.0,0,0.0,0.0,0.0,0.0,348.5739178081858,4543910.0,8538580.349435817,7833493.824627599,-705086.524808219,1.7239544411371701,0.6785288557254372,13,
2020-06-17,9685.0,9625.0,22455.759765625,0.0,0,0.0,0.0,0.0,0.0,344.81232876720605,4494875.0,8538580.349435817,7784114.012298832,-754466.3371369861,1.7317754136208086,0.6748684731303622,13,
2020-06-18,9575.0,9545.0,22355.4609375,0.0,0,0.0,0.0,0.0,0.0,341.9463561644661,4457515.0,8538580.349435817,7746412.065942667,-792168.2834931504,1.7378319682474803,0.6719900068647012,13,
2020-06-19,9695.0,9630.0,22478.7890625,0.0,0,0.0,0.0,0.0,0.0,344.9914520547027,4497210.0,8538580.349435817,7785762.074490612,-752818.2749452052,1.7312427203734342,0.6747317898308949,13,
2020-06-22,9525.0,9625.0,22437.26953125,0.0,0,0.0,0.0,0.0,0.0,344.81232876720605,4494875.0,8538580.349435817,7783082.262161845,-755498.0872739723,1.731545874392913,0.6744093946745715,13,
2020-06-23,9800.0,9710.0,22549.05078125,0.0,0,0.0,0.0,0.0,0.0,347.857424657559,4534570.0,8538580.349435817,7822429.404737188,-716150.9446986299,1.725065310434548,0.6771061452438818,13,
2020-06-24,9720.0,9680.0,22534.3203125,0.0,0,0.0,0.0,0.0,0.0,346.78268493158976,4520560.0,8538580.349435817,7808072.622052256,-730507.7273835614,1.7272357013405986,0.675952016491029,13,
2020-06-25,9480.0,9455.0,22259.7890625,0.0,0,0.0,0.0,0.0,0.0,338.7221369863255,4415485.0,8538580.349435817,7702658.89991527,-835921.4495205476,1.7444649681553146,0.6680872437330698,13,
2020-06-26,9625.0,9690.0,22512.080078125,0.0,0,0.0,0.0,0.0,0.0,347.14093150693225,4525230.0,8538580.349435817,7812056.758983763,-726523.5904520545,1.7263336358558046,0.675983302844651,13,
2020-06-29,9420.0,9255.0,21995.0390625,0.0,0,0.0,0.0,0.0,0.0,331.5572054795339,4322085.0,8538580.349435817,7608580.201778283,-930000.1476575341,1.7603957816142632,0.6606005682721975,13,
2020-06-30,9580.0,9490.0,22288.140625,0.0,0,0.0,0.0,0.0,0.0,339.9759999999078,4431830.0,8538580.349435817,7717985.225778284,-820595.1236575339,1.741489458255006,0.6688516606279441,13,
2020-07-01,9555.0,9350.0,22121.73046875,0.0,0,0.0,0.0,0.0,0.0,334.96054794528754,4366450.0,8538580.349435817,7652270.265230338,-886310.0842054791,1.7525152618787203,0.663739865113502,13,
2020-07-02,9400.0,9355.0,22145.9609375,0.0,0,0.0,0.0,0.0,0.0,335.1396712329006,4368785.0,8538580.349435817,7654270.125559106,-884310.2238767119,1.7520363500513543,0.6637661626018184,13,
2020-07-03,9480.0,9500.0,22306.48046875,0.0,0,0.0,0.0,0.0,0.0,340.3342465753667,4436500.0,8538580.349435817,7721644.79131253,-816935.5581232874,1.7404811881691715,0.6687447280940457,13,
2020-07-06,9515.0,9855.0,22714.439453125,0.0,0,0.0,0.0,0.0,0.0,353.05199999996694,4602285.0,8538580.349435817,7887076.73931253,-651503.6101232874,1.713730622791185,0.680523888066305,5,
2020-07-07,9810.0,9760.0,22614.689453125,0.0,0,0.0,0.0,0.0,0.0,349.64865753421327,4557920.0,8538580.349435817,7842362.090654996,-696218.2587808216,1.7206010835326193,0.6772608086307277,5,
2020-07-08,9660.0,9630.0,22438.650390625,0.0,0,0.0,0.0,0.0,0.0,344.9914520547027,4497210.0,8538580.349435817,7781307.099202941,-757273.2502328764,1.7302521116876777,0.6727505724593819,5,
2020-07-09,9705.0,9725.0,22529.2890625,0.0,0,0.0,0.0,0.0,0.0,348.39479452057276,4541575.0,8538580.349435817,7825323.70440842,-713256.645027397,1.7230418311727584,0.6757939288420901,5,
2020-07-10,9720.0,9520.0,22290.810546875,0.0,0,0.0,0.0,0.0,0.0,341.0507397259353,4445840.0,8538580.349435817,7729247.653668694,-809332.695767123,1.7385348221413037,0.6686591759715966,5,
2020-07-13,9765.0,9895.0,22784.740234375,0.0,0,0.0,0.0,0.0,0.0,354.4849863011623,4620965.0,8538580.349435817,7904018.168682393,-634562.1807534244,1.710469170115418,0.6810628820882567,13,
2020-07-14,9755.0,9745.0,22587.009765625,0.0,0,0.0,0.0,0.0,0.0,349.1112876711413,4550915.0,8538580.349435817,7833619.057394722,-704961.2920410957,1.7213283608669292,0.6760002149795412,13,
2020-07-15,9945.0,10045.0,22945.5,0.0,0,0.0,0.0,0.0,0.0,359.8586849316489,4691015.0,8538580.349435817,7973359.198709791,-565221.1507260271,1.6997087407969897,0.6855232398497457,13,
2020-07-16,10035.0,9900.0,22770.359375,0.0,0,0.0,0.0,0.0,0.0,354.6641095891828,4623300.0,8538580.349435817,7905289.534600201,-633290.8148356162,1.7098802878031278,0.6807638424425362,13,
2020-07-17,9935.0,9840.0,22696.419921875,0.0,0,0.0,0.0,0.0,0.0,352.5146301370696,4595280.0,8538580.349435817,7876917.019970064,-661663.3294657532,1.7141321138146237,0.6786638558486757,13,
2020-07-20,9905.0,9855.0,22717.48046875,0.0,0,0.0,0.0,0.0,0.0,353.05199999996694,4602285.0,8538580.349435817,7883568.967970064,-655011.3814657531,1.7129684424085132,0.678999527300961,13,
2020-07-21,9930.0,10005.0,22884.220703125,0.0,0,0.0,0.0,0.0,0.0,358.4256986299879,4672335.0,8538580.349435817,7953260.542271434,-585319.8071643832,1.702202548034641,0.6836587034335173,13,
2020-07-22,9925.0,9900.0,22751.609375,0.0,0,0.0,0.0,0.0,0.0,354.6641095891828,4623300.0,8538580.349435817,7903870.878161845,-634709.4712739724,1.7095734384880594,0.6801501438123992,13,
2020-07-27,9620.0,9830.0,22715.849609375,0.0,0,0.0,0.0,0.0,0.0,352.1563835616107,4590610.0,8538580.349435817,7870828.721778284,-667751.627657534,1.7145496397599194,0.6777190497822166,13,
2020-07-28,9855.0,9815.0,22657.380859375,0.0,0,0.0,0.0,0.0,0.0,351.61901369853877,4583605.0,8538580.349435817,7863472.102764585,-675108.2466712326,1.715564954389522,0.6770730918334682,13,
2020-07-29,9710.0,9560.0,22397.109375,0.0,0,0.0,0.0,0.0,0.0,342.48372602753807,4464520.0,8538580.349435817,7744044.619038558,-794535.7303972599,1.7345749641705173,0.6683060310271406,13,
2020-07-30,9685.0,9525.0,22339.23046875,0.0,0,0.0,0.0,0.0,0.0,341.2298630134901,4448175.0,8538580.349435817,7727358.389175544,-811221.9602602737,1.737197477431878,0.6669337833865041,13,
2020-07-31,9480.0,9010.0,21710.0,0.0,0,0.0,0.0,0.0,0.0,322.78016438341,4207670.0,8538580.349435817,7486530.60901116,-1052049.7404246572,1.7792580238020472,0.6477427225962339,13,
2020-08-03,9210.0,9375.0,22195.380859375,9211.842,1,0.0,0.0,0.0,0.0,336.57534246565774,4387500.0,8538580.349435817,7656812.191668695,-881768.157767123,1.7451423798675088,0.6599276647069091,13,
2020-08-04,9560.0,9700.0,22573.66015625,0.0,0,9558.088,345.5268219178074,275.3330480452048,70.19377387260258,347.4991780821583,4529900.0,8538855.682483863,7808352.58671674,-730503.0957671229,1.7237361943346963,0.6724828358130664,13,
2020-08-05,9625.0,9660.0,22514.849609375,0.0,0,0.0,0.0,0.0,0.0,346.0661917809048,4511220.0,8538855.682483863,7789326.520524959,-749529.1619589039,1.726656319249551,0.6709732324218386,13,
2020-08-06,9620.0,9565.0,22418.150390625,0.0,0,0.0,0.0,0.0,0.0,342.6628493151511,4466855.0,8538855.682483863,7744618.857675645,-794236.8248082189,1.733796789391114,0.6675518994611235,13,
2020-08-07,9565.0,9485.0,22329.939453125,0.0,0,0.0,0.0,0.0,0.0,339.79687671229476,4429495.0,8538855.682483863,7706919.060798932,-831936.6216849312,1.7399091907314337,0.6645944844985698,13,
2020-08-11,9680.0,9845.0,22750.240234375,0.0,0,0.0,0.0,0.0,0.0,352.69375342456624,4597615.0,8538855.682483863,7874686.367045507,-664169.3154383559,1.7127763779797802,0.6767057612712554,13,
2020-08-12,9860.0,9930.0,22843.9609375,0.0,0,0.0,0.0,0.0,0.0,355.73884931521025,4637310.0,8538855.682483863,7914025.628196192,-624830.054287671,1.7065983572795849,0.6793197092513791,13,
2020-08-13,10215.0,10295.0,23249.609375,0.0,0,0.0,0.0,0.0,0.0,368.81484931497835,4807765.0,8538855.682483863,8084111.813346877,-454743.869136986,1.6814698333522702,0.6905357169516153,13,
2020-08-14,10365.0,10320.0,23289.359375,0.0,0,0.0,0.0,0.0,0.0,369.710465753451,4819440.0,8538855.682483863,8095417.102881123,-443438.57960273937,1.6797422735589869,0.6911319635223959,13,
2020-08-17,10240.0,10165.0,23096.75,0.0,0,0.0,0.0,0.0,0.0,364.15764383558417,4747055.0,8538855.682483863,8022667.945237288,-516187.73724657507,1.6900305442505485,0.6862687950720405,13,
2020-08-18,10160.0,10125.0,23051.080078125,0.0,0,0.0,0.0,0.0,0.0,362.7246575343306,4728375.0,8538855.682483863,8003625.220579754,-535230.4619041092,1.6926798785163515,0.684875938493803,13,
2020-08-19,10070.0,10175.0,23110.609375,0.0,0,0.0,0.0,0.0,0.0,364.51589041098487,4751725.0,8538855.682483863,8026610.7046893425,-512244.9777945203,1.6891993338607227,0.6862710350230314,13,
2020-08-20,10075.0,9965.0,22880.619140625,0.0,0,0.0,0.0,0.0,0.0,356.99271232879255,4653655.0,8538855.682483863,7928183.711977014,-610671.970506849,1.7036466416133156,0.6795061620318129,13,
2020-08-21,10095.0,10020.0,22920.30078125,0.0,0,0.0,0.0,0.0,0.0,358.96306849305984,4679340.0,8538855.682483863,7953509.748908521,-585345.9335753422,1.6997075974194054,0.6811119350876769,13,
2020-08-24,10010.0,10055.0,22985.509765625,0.0,0,0.0,0.0,0.0,0.0,360.21693150675856,4695685.0,8538855.682483863,7969494.531977015,-569361.1505068489,1.6971953041945989,0.6820685136396833,13,
2020-08-25,10290.0,10320.0,23296.76953125,0.0,0,0.0,0.0,0.0,0.0,369.710465753451,4819440.0,8538855.682483863,8092879.82151126,-445975.86097260244,1.6792158054693616,0.6900790273431456,13,
2020-08-26,10295.0,10305.0,23290.859375,0.0,0,0.0,0.0,0.0,0.0,369.17309589049546,4812435.0,8538855.682483863,8085505.64841537,-453350.0340684928,1.6801277624353097,0.6894744804546699,13,
2020-08-27,10360.0,10235.0,23208.859375,0.0,0,0.0,0.0,0.0,0.0,366.665369863098,4779745.0,8538855.682483863,8052448.983045507,-486406.6994383558,1.684702632262915,0.6871972857562785,13,
2020-08-28,10290.0,9990.0,22882.650390625,0.0,0,0.0,0.0,0.0,0.0,357.88832876703236,4665330.0,8538855.682483863,7937676.09471674,-601179.587767123,1.7014179264310862,0.6793725232619361,13,
2020-08-31,10225.0,10205.0,23139.759765625,0.0,0,0.0,0.0,0.0,0.0,365.59063013707055,4765735.0,8538855.682483863,8037715.504086603,-501140.1783972599,1.6865636683715322,0.6859741115881044,13,
2020-09-01,10150.0,10195.0,23138.0703125,0.0,0,0.0,0.0,0.0,0.0,365.23238356166985,4761065.0,8538855.682483863,8032680.271703041,-506175.4107808217,1.6871603877920258,0.6855126674225643,13,
2020-09-02,10305.0,10285.0,23247.150390625,0.0,0,0.0,0.0,0.0,0.0,368.4566027398687,4803095.0,8538855.682483863,8074341.815100302,-464513.86738356133,1.6810706044957058,0.6881111980330874,13,
2020-09-03,10550.0,10475.0,23465.529296875,0.0,0,0.0,0.0,0.0,0.0,375.2632876711432,4891825.0,8538855.682483863,8162696.55181263,-376159.13067123253,1.6686403442094986,0.6936149449625425,13,
2020-09-04,10160.0,10240.0,23205.4296875,0.0,0,0.0,0.0,0.0,0.0,366.84449315071106,4782080.0,8538855.682483863,8052584.707319479,-486270.97516438336,1.6839084054050706,0.6864302226552228,13,
2020-09-07,10190.0,10155.0,23089.94921875,0.0,0,0.0,0.0,0.0,0.0,363.7993972604745,4742385.0,8538855.682483863,8012525.9079222195,-526329.7745616436,1.6895561848989948,0.6836521371336505,13,
2020-09-08,10245.0,10315.0,23274.130859375,0.0,0,0.0,0.0,0.0,0.0,369.53134246566333,4817105.0,8538855.682483863,8086876.376579754,-451979.3059041093,1.6787834968471216,0.6884057079253276,13,
2020-09-09,10030.0,10095.0,23032.5390625,0.0,0,0.0,0.0,0.0,0.0,361.64991780824494,4714365.0,8538855.682483863,7983774.726661946,-555080.9558219175,1.6934994907398866,0.6814617192007872,13,
2020-09-10,10245.0,10275.0,23235.470703125,0.0,0,0.0,0.0,0.0,0.0,368.098356164468,4798425.0,8538855.682483863,8067466.628305782,-471389.0541780819,1.6812738822229756,0.6868885271995896,13,
2020-09-11,10235.0,10405.0,23406.490234375,0.0,0,0.0,0.0,0.0,0.0,372.75556164386217,4859135.0,8538855.682483863,8127803.872744137,-411051.8097397257,1.6726853385930083,0.6906471151767553,13,
2020-09-14,10510.0,10555.0,23559.30078125,0.0,0,0.0,0.0,0.0,0.0,378.1292602738831,4929185.0,8538855.682483863,8197475.743483864,-341379.9389999997,1.6630489104149802,0.694889989214009,13,
2020-09-15,10465.0,10445.0,23454.890625,0.0,0,0.0,0.0,0.0,0.0,374.18854794529034,4877815.0,8538855.682483863,8145731.554935918,-393124.1275479449,1.6699550013553033,0.6915233428057366,13,
2020-09-16,10440.0,10480.0,23475.529296875,0.0,0,0.0,0.0,0.0,0.0,375.44241095887264,4894160.0,8538855.682483863,8161701.112524959,-377154.5699589038,1.667640843888422,0.6924001359918855,13,
2020-09-17,10430.0,10350.0,23319.369140625,0.0,0,0.0,0.0,0.0,0.0,370.78520547947846,4833450.0,8538855.682483863,8100620.32731948,-438235.35516438325,1.6759499585843403,0.688383138163235,13,
2020-09-18,10350.0,10375.0,23360.30078125,0.0,0,0.0,0.0,0.0,0.0,371.68082191766007,4845125.0,8538855.682483863,8111923.646497562,-426932.0359863011,1.674244451174647,0.6889805975101266,13,
2020-09-23,10255.0,10375.0,23346.490234375,0.0,0,0.0,0.0,0.0,0.0,371.68082191766007,4845125.0,8538855.682483863,8111551.965675645,-427303.71680821886,1.67416773884588,0.6888271728525923,13,
2020-09-24,10225.0,10135.0,23087.8203125,0.0,0,0.0,0.0,0.0,0.0,363.0829041094985,4733045.0,8538855.682483863,7999108.882771535,-539746.7997123285,1.690055531433049,0.6813050773992636,13,
2020-09-25,10250.0,10255.0,23204.619140625,0.0,0,0.0,0.0,0.0,0.0,367.3818630137248,4789085.0,8538855.682483863,8054781.500908521,-484074.1815753422,1.6819040591070153,0.6848808961071209,13,
2020-09-28,10390.0,10490.0,23511.619140625,0.0,0,0.0,0.0,0.0,0.0,375.8006575340987,4898830.0,8538855.682483863,8164150.700250987,-374704.9822328764,1.6665511357305698,0.6917868603356521,13,
2020-09-29,10540.0,10665.0,23539.099609375,0.0,0,0.0,0.0,0.0,0.0,382.0699726026505,4980555.0,8538855.682483863,8245493.630278384,-293362.0522054792,1.6555371098759846,0.6966908477213678,13,
2020-09-30,10610.0,10350.0,23185.119140625,0.0,0,0.0,0.0,0.0,0.0,370.78520547947846,4833450.0,8538855.682483863,8098017.845072905,-440837.83741095866,1.6754115269782257,0.6873062749510056,13,
2020-10-02,10515.0,10195.0,23029.900390625,0.0,0,0.0,0.0,0.0,0.0,365.23238356166985,4761065.0,8538855.682483863,8025267.612689342,-513588.0697945203,1.685603454834022,0.6823988015065566,13,
2020-10-05,10410.0,10435.0,23312.140625,0.0,0,0.0,0.0,0.0,0.0,373.83030136983143,4873145.0,8538855.682483863,8136973.782387973,-401881.9000958901,1.6697581915555504,0.6895500522336344,13,
2020-10-06,10525.0,10545.0,23433.73046875,0.0,0,0.0,0.0,0.0,0.0,377.77101369865704,4924515.0,8538855.682483863,8187966.011374274,-350889.6711095887,1.6626949072902153,0.6926350812749432,13,
2020-10-07,10420.0,10540.0,23422.8203125,0.0,0,0.0,0.0,0.0,0.0,377.5918904108694,4922180.0,8538855.682483863,8185253.419483864,-353602.2629999997,1.6629325663595935,0.6923358478324352,13,
2020-10-08,10610.0,10750.0,23647.0703125,0.0,0,0.0,0.0,0.0,0.0,385.1150684931781,5020250.0,8538855.682483863,8282938.30441537,-255917.37806849286,1.6499055434321737,0.6981926066125929,13,
2020-10-09,10815.0,10710.0,23619.689453125,0.0,0,0.0,0.0,0.0,0.0,383.68208219174994,5001570.0,8538855.682483863,8263874.622333178,-274981.0601506846,1.652256116046197,0.6969119834736863,13,
2020-10-12,10685.0,10670.0,23558.689453125,0.0,0,0.0,0.0,0.0,0.0,382.2490958905546,4982890.0,8538855.682483863,8244812.373237288,-294043.30924657505,1.6546246000287559,0.6956223338244882,13,
2020-10-13,10750.0,10695.0,23601.779296875,0.0,0,0.0,0.0,0.0,0.0,383.1447123287362,4994565.0,8538855.682483863,8256104.22852496,-282751.4539589038,1.6530176759187156,0.6961804044128063,13,
2020-10-14,10645.0,10720.0,23626.73046875,0.0,0,0.0,0.0,0.0,0.0,384.04032876720885,5006240.0,8538855.682483863,8267395.1881961925,-271460.4942876709,1.651418067890511,0.6967355142599061,13,
2020-10-15,10660.0,10625.0,23507.23046875,0.0,0,0.0,0.0,0.0,0.0,380.636986301397,4961875.0,8538855.682483863,8222649.551209891,-316206.13127397234,1.6571657994628828,0.6938705483181076,13,
2020-10-16,10615.0,10550.0,23410.630859375,0.0,0,0.0,0.0,0.0,0.0,377.9501369862701,4926850.0,8538855.682483863,8187246.601072905,-351609.08141095855,1.661760881917027,0.6915408479377164,13,
2020-10-19,10660.0,10770.0,23671.130859375,0.0,0,0.0,0.0,0.0,0.0,385.8315616439213,5029590.0,8538855.682483863,8289600.769511261,-249254.91297260244,1.6481663057050895,0.6976883530344719,13,
2020-10-20,10695.0,10665.0,23567.0390625,0.0,0,0.0,0.0,0.0,0.0,382.0699726026505,4980555.0,8538855.682483863,8240183.699538657,-298671.9829452052,1.6544709775393822,0.6945585830481631,13,
2020-10-21,10705.0,10740.0,23639.4609375,0.0,0,0.0,0.0,0.0,0.0,384.7568219177774,5015580.0,8538855.682483863,8274823.94271674,-264031.73976712296,1.6498239371551724,0.6965381291793987,13,
2020-10-22,10650.0,10595.0,23474.26953125,0.0,0,0.0,0.0,0.0,0.0,379.5622465753113,4947865.0,8538855.682483863,8206729.380470165,-332126.3020136984,1.6586405208044612,0.6922316161529182,13,
2020-10-23,10655.0,10640.0,23516.58984375,0.0,0,0.0,0.0,0.0,0.0,381.1743561645271,4968880.0,8538855.682483863,8227363.206114001,-311492.4763698627,1.6557782047692842,0.693379843494737,13,
2020-10-26,10640.0,10610.0,23494.33984375,0.0,0,0.0,0.0,0.0,0.0,380.09961643838324,4954870.0,8538855.682483863,8212973.1064975625,-325882.575986301,1.6575557192212031,0.6923594438423717,13,
2020-10-27,10520.0,10595.0,23485.80078125,0.0,0,0.0,0.0,0.0,0.0,379.5622465753113,4947865.0,8538855.682483863,8205588.544250987,-333267.1382328765,1.658409949392513,0.6917704733290221,13,
2020-10-28,10500.0,10540.0,23418.509765625,0.0,0,0.0,0.0,0.0,0.0,377.5918904108694,4922180.0,8538855.682483863,8179525.952360576,-359329.73012328736,1.6617689626061167,0.6900086403254817,13,
2020-10-29,10300.0,10450.0,23331.939453125,0.0,0,0.0,0.0,0.0,0.0,374.3676712329034,4880150.0,8538855.682483863,8137121.584689342,-401734.09779452026,1.6673916958883113,0.6871854336229039,13,
2020-10-30,10420.0,10165.0,22977.130859375,0.0,0,0.0,0.0,0.0,0.0,364.15764383558417,4747055.0,8538855.682483863,8003662.427045507,-535193.2554383558,1.6860269002666932,0.6782615071043296,13,
2020-11-02,10240.0,10440.0,23295.48046875,0.0,0,0.0,0.0,0.0,0.0,374.0094246575027,4875480.0,8538855.682483863,8131713.41762085,-407142.26486301335,1.6678795559864568,0.6865829948554457,13,
2020-11-04,10785.0,10810.0,23695.23046875,0.0,0,0.0,0.0,0.0,0.0,387.26454794517485,5048270.0,8538855.682483863,8304116.153072905,-234739.5294109586,1.644942951362131,0.6971570717616011,13,
2020-11-05,10965.0,11190.0,24105.279296875,0.0,0,0.0,0.0,0.0,0.0,400.87791780824773,5225730.0,8538855.682483863,8481175.275155095,-57680.407328766814,1.6229646910871964,0.707287857357024,13,
2020-11-06,11195.0,11375.0,24325.23046875,0.0,0,1992311.458,26640.125534246796,21228.18403196456,5411.941502282236,252.18219178071013,3287375.0,8560083.866515828,8529467.609461034,-30616.25705479445,2.5946135166998086,1.1308400779972563,13,
2020-11-09,11590.0,11855.0,24839.83984375,0.0,0,672085.5560000001,18161.827616438488,14472.25233615901,3689.5752802794786,210.0770958903595,2738505.0,8574556.118851986,8648783.513084862,74227.39423287674,3.1582135190860936,1.394351808858385,13,
2020-11-10,12215.0,11915.0,24905.58984375,0.0,0,2808888.1100000003,156848.99242465783,124985.1196135886,31863.872811069243,0.9140273972880095,11915.0,8699541.238465576,8699216.836246397,-324.4022191780822,730.1063228070833,311.54199051843983,13,
2020-11-11,12190.0,12335.0,25349.599609375,0.0,0,0.0,0.0,0.0,0.0,0.9462465753313154,12335.0,8699541.238465576,8699635.889999822,94.65153424657535,705.2805747871764,300.9680522524572,13,
2020-11-12,12425.0,12500.0,25520.880859375,0.0,0,12422.515,182.16653424657477,145.1594028143831,37.00713143219166,0.0,0.0,8699686.39786839,8699686.39786839,0.0,inf,inf,13,
2020-11-13,12390.0,12345.0,25385.869140625,0.0,0,0.0,0.0,0.0,0.0,0.0,0.0,8699686.39786839,8699686.39786839,0.0,inf,inf,13,
2020-11-16,12645.0,12875.0,25906.9296875,0.0,0,0.0,0.0,0.0,0.0,0.0,0.0,8699686.39786839,8699686.39786839,0.0,inf,inf,13,
2020-11-17,13060.0,12950.0,26014.619140625,0.0,0,0.0,0.0,0.0,0.0,0.0,0.0,8699686.39786839,8699686.39786839,0.0,inf,inf,13,
2020-11-18,12845.0,12695.0,25728.140625,0.0,0,0.0,0.0,0.0,0.0,0.0,0.0,8699686.39786839,8699686.39786839,0.0,inf,inf,13,
2020-11-19,12585.0,12555.0,25634.33984375,0.0,0,0.0,0.0,0.0,0.0,0.0,0.0,8699686.39786839,8699686.39786839,0.0,inf,inf,13,
2020-11-20,12435.0,12495.0,25527.369140625,0.0,0,0.0,0.0,0.0,0.0,0.0,0.0,8699686.39786839,8699686.39786839,0.0,inf,inf,13,
2020-11-24,12925.0,13110.0,26165.58984375,0.0,0,0.0,0.0,0.0,0.0,0.0,0.0,8699686.39786839,8699686.39786839,0.0,inf,inf,13,
2020-11-25,13485.0,13225.0,26296.859375,0.0,0,0.0,0.0,0.0,0.0,0.0,0.0,8699686.39786839,8699686.39786839,0.0,inf,inf,13,
2020-11-26,13210.0,13500.0,26537.310546875,0.0,0,0.0,0.0,0.0,0.0,0.0,0.0,8699686.39786839,8699686.39786839,0.0,inf,inf,13,
2020-11-27,13435.0,13595.0,26644.7109375,0.0,0,0.0,0.0,0.0,0.0,0.0,0.0,8699686.39786839,8699686.39786839,0.0,inf,inf,13,
2020-11-30,13805.0,13415.0,26433.619140625,0.0,0,0.0,0.0,0.0,0.0,0.0,0.0,8699686.39786839,8699686.39786839,0.0,inf,inf,13,
2020-12-01,13570.0,13745.0,26787.5390625,0.0,0,0.0,0.0,0.0,0.0,0.0,0.0,8699686.39786839,8699686.39786839,0.0,inf,inf,13,
2020-12-02,13825.0,13745.0,26800.98046875,0.0,0,0.0,0.0,0.0,0.0,0.0,0.0,8699686.39786839,8699686.39786839,0.0,inf,inf,13,
2020-12-03,13715.0,13755.0,26809.369140625,0.0,0,0.0,0.0,0.0,0.0,0.0,0.0,8699686.39786839,8699686.39786839,0.0,inf,inf,13,
2020-12-04,13655.0,13695.0,26751.240234375,0.0,0,0.0,0.0,0.0,0.0,0.0,0.0,8699686.39786839,8699686.39786839,0.0,inf,inf,13,
2020-12-07,13825.0,13505.0,26547.439453125,0.0,0,0.0,0.0,0.0,0.0,0.0,0.0,8699686.39786839,8699686.39786839,0.0,inf,inf,13,
2020-12-08,13335.0,13400.0,26467.080078125,0.0,0,0.0,0.0,0.0,0.0,0.0,0.0,8699686.39786839,8699686.39786839,0.0,inf,inf,13,
2020-12-09,13480.0,13740.0,26817.939453125,0.0,0,0.0,0.0,0.0,0.0,0.0,0.0,8699686.39786839,8699686.39786839,0.0,inf,inf,13,
2020-12-10,13610.0,13710.0,26756.240234375,0.0,0,0.0,0.0,0.0,0.0,0.0,0.0,8699686.39786839,8699686.39786839,0.0,inf,inf,13,
2020-12-11,13690.0,13580.0,26652.51953125,0.0,0,0.0,0.0,0.0,0.0,0.0,0.0,8699686.39786839,8699686.39786839,0.0,inf,inf,13,
2020-12-14,13635.0,13665.0,26732.439453125,0.0,0,0.0,0.0,0.0,0.0,0.0,0.0,8699686.39786839,8699686.39786839,0.0,inf,inf,13,
2020-12-15,13600.0,13625.0,26687.83984375,0.0,0,0.0,0.0,0.0,0.0,0.0,0.0,8699686.39786839,8699686.39786839,0.0,inf,inf,13,
2020-12-16,13760.0,13705.0,26757.400390625,0.0,0,0.0,0.0,0.0,0.0,0.0,0.0,8699686.39786839,8699686.39786839,0.0,inf,inf,13,
2020-12-17,13720.0,13755.0,26806.669921875,0.0,0,0.0,0.0,0.0,0.0,0.0,0.0,8699686.39786839,8699686.39786839,0.0,inf,inf,13,
2020-12-18,13705.0,13705.0,26763.390625,0.0,0,0.0,0.0,0.0,0.0,0.0,0.0,8699686.39786839,8699686.39786839,0.0,inf,inf,13,
2020-12-21,13780.0,13635.0,26714.419921875,0.0,0,0.0,0.0,0.0,0.0,0.0,0.0,8699686.39786839,8699686.39786839,0.0,inf,inf,13,
2020-12-22,13515.0,13345.0,26436.390625,0.0,0,0.0,0.0,0.0,0.0,0.0,0.0,8699686.39786839,8699686.39786839,0.0,inf,inf,13,
2020-12-23,13505.0,13440.0,26524.7890625,13507.701,1,0.0,0.0,0.0,0.0,1.0310136986081488,13440.0,8699686.39786839,8699617.66585469,-68.73201369862925,647.2929810903788,276.2082963423351,13,
2020-12-24,13605.0,13595.0,26668.349609375,0.0,0,0.0,0.0,0.0,0.0,1.0429041095776483,13595.0,8699686.39786839,8699771.622950582,85.22508219178171,639.9243562302745,273.0704242024836,13,
2020-12-25,13610.0,13610.0,26656.609375,0.0,0,0.0,0.0,0.0,0.0,1.0440547945327125,13610.0,8699686.39786839,8699785.578895787,99.18102739726116,639.2201013148998,272.7704135873017,13,
2020-12-28,13635.0,13795.0,26854.029296875,0.0,0,0.0,0.0,0.0,0.0,1.0582465753541328,13795.0,8699686.39786839,8699969.520649211,283.1227808219187,630.6610743493447,269.1256406255908,13,
2020-12-29,13900.0,14595.0,27568.150390625,0.0,0,13897.220000000001,385.34278082191986,307.0603948979468,78.28238592397302,0.0,0.0,8699993.458263287,8699993.458263287,0.0,inf,inf,13,
2020-12-30,14605.0,14450.0,27444.169921875,0.0,0,0.0,0.0,0.0,0.0,0.0,0.0,8699993.458263287,8699993.458263287,0.0,inf,inf,13,
2021-01-04,14610.0,14225.0,27258.380859375,0.0,0,0.0,0.0,0.0,0.0,0.0,0.0,8699993.458263287,8699993.458263287,0.0,inf,inf,13,
2021-01-05,14090.0,14130.0,27158.630859375,0.0,0,0.0,0.0,0.0,0.0,0.0,0.0,8699993.458263287,8699993.458263287,0.0,inf,inf,13,
2021-01-06,14065.0,14020.0,27055.939453125,0.0,0,0.0,0.0,0.0,0.0,0.0,0.0,8699993.458263287,8699993.458263287,0.0,inf,inf,13,
2021-01-07,14375.0,14450.0,27490.130859375,0.0,0,0.0,0.0,0.0,0.0,0.0,0.0,8699993.458263287,8699993.458263287,0.0,inf,inf,13,
2021-01-08,14685.0,15100.0,28139.029296875,0.0,0,0.0,0.0,0.0,0.0,0.0,0.0,8699993.458263287,8699993.458263287,0.0,inf,inf,13,
2021-01-12,15075.0,15225.0,28164.33984375,0.0,0,0.0,0.0,0.0,0.0,0.0,0.0,8699993.458263287,8699993.458263287,0.0,inf,inf,13,
2021-01-13,15175.0,15525.0,28456.58984375,0.0,0,0.0,0.0,0.0,0.0,0.0,0.0,8699993.458263287,8699993.458263287,0.0,inf,inf,13,
2021-01-14,15500.0,15750.0,28698.259765625,0.0,0,0.0,0.0,0.0,0.0,0.0,0.0,8699993.458263287,8699993.458263287,0.0,inf,inf,13,
2021-01-15,15975.0,15550.0,28519.1796875,0.0,0,0.0,0.0,0.0,0.0,0.0,0.0,8699993.458263287,8699993.458263287,0.0,inf,inf,13,
2021-01-18,15200.0,15250.0,28242.2109375,0.0,0,0.0,0.0,0.0,0.0,0.0,0.0,8699993.458263287,8699993.458263287,0.0,inf,inf,13,
2021-01-19,15475.0,15700.0,28633.4609375,0.0,0,0.0,0.0,0.0,0.0,0.0,0.0,8699993.458263287,8699993.458263287,0.0,inf,inf,13,
2021-01-20,15900.0,15575.0,28523.259765625,0.0,0,0.0,0.0,0.0,0.0,0.0,0.0,8699993.458263287,8699993.458263287,0.0,inf,inf,13,
2021-01-21,15775.0,15800.0,28756.859375,0.0,0,0.0,0.0,0.0,0.0,0.0,0.0,8699993.458263287,8699993.458263287,0.0,inf,inf,13,
2021-01-22,15625.0,15700.0,28631.44921875,0.0,0,0.0,0.0,0.0,0.0,0.0,0.0,8699993.458263287,8699993.458263287,0.0,inf,inf,13,
2021-01-25,15775.0,15875.0,28822.2890625,0.0,0,0.0,0.0,0.0,0.0,0.0,0.0,8699993.458263287,8699993.458263287,0.0,inf,inf,13,
2021-01-26,15775.0,15575.0,28546.1796875,0.0,0,0.0,0.0,0.0,0.0,0.0,0.0,8699993.458263287,8699993.458263287,0.0,inf,inf,13,
2021-01-27,15725.0,15700.0,28635.2109375,0.0,0,0.0,0.0,0.0,0.0,0.0,0.0,8699993.458263287,8699993.458263287,0.0,inf,inf,13,
2021-01-28,15000.0,15175.0,28197.419921875,0.0,0,0.0,0.0,0.0,0.0,0.0,0.0,8699993.458263287,8699993.458263287,0.0,inf,inf,13,
2021-01-29,15325.0,14595.0,27663.390625,0.0,0,0.0,0.0,0.0,0.0,0.0,0.0,8699993.458263287,8699993.458263287,0.0,inf,inf,13,
2021-02-01,14595.0,15075.0,28091.05078125,14597.919,1,0.0,0.0,0.0,0.0,1.1564383561490104,15075.0,8699993.458263287,8700469.382824931,475.9245616438358,577.1455643664963,246.2820282180144,13,
2021-02-02,15225.0,15375.0,28362.169921875,0.0,0,15221.955,622.8795616438357,496.34157869589046,126.53798294794522,0.0,0.0,8700489.799841983,8700489.799841983,0.0,inf,inf,13,
2021-02-03,15475.0,15675.0,28646.5,0.0,0,0.0,0.0,0.0,0.0,0.0,0.0,8700489.799841983,8700489.799841983,0.0,inf,inf,13,
2021-02-04,15600.0,15375.0,28341.94921875,0.0,0,0.0,0.0,0.0,0.0,0.0,0.0,8700489.799841983,8700489.799841983,0.0,inf,inf,13,
2021-02-05,15675.0,15825.0,28779.189453125,0.0,0,0.0,0.0,0.0,0.0,0.0,0.0,8700489.799841983,8700489.799841983,0.0,inf,inf,13,
2021-02-08,15900.0,16475.0,29388.5,0.0,0,0.0,0.0,0.0,0.0,0.0,0.0,8700489.799841983,8700489.799841983,0.0,inf,inf,13,
2021-02-09,16625.0,16625.0,29505.9296875,0.0,0,0.0,0.0,0.0,0.0,0.0,0.0,8700489.799841983,8700489.799841983,0.0,inf,inf,13,
2021-02-10,16475.0,16675.0,29562.9296875,0.0,0,0.0,0.0,0.0,0.0,0.0,0.0,8700489.799841983,8700489.799841983,0.0,inf,inf,13,
2021-02-12,16775.0,16625.0,29520.0703125,0.0,0,0.0,0.0,0.0,0.0,0.0,0.0,8700489.799841983,8700489.799841983,0.0,inf,inf,13,
2021-02-15,16825.0,17250.0,30084.150390625,0.0,0,0.0,0.0,0.0,0.0,0.0,0.0,8700489.799841983,8700489.799841983,0.0,inf,inf,13,
2021-02-16,17400.0,17700.0,30467.75,0.0,0,0.0,0.0,0.0,0.0,0.0,0.0,8700489.799841983,8700489.799841983,0.0,inf,inf,13,
2021-02-17,17550.0,17525.0,30292.189453125,0.0,0,0.0,0.0,0.0,0.0,0.0,0.0,8700489.799841983,8700489.799841983,0.0,inf,inf,13,
2021-02-18,17575.0,17475.0,30236.08984375,0.0,0,0.0,0.0,0.0,0.0,0.0,0.0,8700489.799841983,8700489.799841983,0.0,inf,inf,13,
2021-02-19,17150.0,17150.0,30017.919921875,0.0,0,0.0,0.0,0.0,0.0,0.0,0.0,8700489.799841983,8700489.799841983,0.0,inf,inf,13,
2021-02-22,17500.0,17350.0,30156.029296875,0.0,0,0.0,0.0,0.0,0.0,0.0,0.0,8700489.799841983,8700489.799841983,0.0,inf,inf,13,
2021-02-24,17150.0,16800.0,29671.69921875,0.0,0,0.0,0.0,0.0,0.0,0.0,0.0,8700489.799841983,8700489.799841983,0.0,inf,inf,13,
2021-02-25,17350.0,17375.0,30168.26953125,17353.47,1,0.0,0.0,0.0,0.0,1.3328767123166472,17375.0,8700489.799841983,8700509.99696527,20.19712328767007,500.7487768037566,213.64707781804609,6,
2021-02-26,16675.0,16025.0,28966.009765625,0.0,0,0.0,0.0,0.0,0.0,1.229315068514552,16025.0,8700489.799841983,8699158.767650202,-1331.032191780823,542.8492210702154,231.5610307930367,6,
2021-03-01,16625.0,16750.0,29663.5,33256.65,2,0.0,0.0,0.0,0.0,3.8547945205355063,50250.0,8700489.799841983,8700123.262855683,-366.5369863013725,173.13678135036184,73.8651971914303,6,
2021-03-02,17025.0,16450.0,29408.169921875,17028.405,1,0.0,0.0,0.0,0.0,5.047671232838184,65800.0,8700489.799841983,8698639.810184449,-1849.9896575342482,132.1981734070585,56.386590555120165,6,
2021-03-03,16575.0,16600.0,29559.099609375,16578.315,1,0.0,0.0,0.0,0.0,6.367123287636787,83000.0,8700489.799841983,8699255.12806116,-1234.671780821918,104.81030274772482,44.70899529253411,6,
2021-03-04,16150.0,15900.0,28930.109375,16153.23,1,0.0,0.0,0.0,0.0,7.318356164381839,95400.0,8700489.799841983,8695494.579704996,-4995.2201369863005,91.14774192562889,38.858267741802955,6,
2021-03-05,15675.0,15825.0,28864.3203125,31356.27,2,0.0,0.0,0.0,0.0,9.71178082190454,126600.0,8700489.799841983,8695328.597924175,-5161.20191780822,68.68348023636788,29.28043482627455,6,
2021-03-08,16250.0,15675.0,28743.25,32506.5,2,0.0,0.0,0.0,0.0,12.02465753420256,156750.0,8700489.799841983,8692960.07326664,-7529.726575342465,55.457480531206635,23.633317382400577,6,
2021-03-09,15725.0,15975.0,29027.939453125,31456.29,2,0.0,0.0,0.0,0.0,14.705753424670547,191700.0,8700489.799841983,8696439.077513216,-4050.7223287671236,45.36483608509763,19.342654137634014,6,
2021-03-10,16175.0,16025.0,29036.560546875,32356.469999999998,2,0.0,0.0,0.0,0.0,17.21041095891269,224350.0,8700489.799841983,8696715.397102257,-3774.4027397260256,38.76405347493763,16.528842912246592,6,
2021-03-11,16025.0,16225.0,29211.640625,641128.2,40,0.0,0.0,0.0,0.0,67.21150684909662,876150.0,8700489.799841983,8707319.985595409,6830.185753424705,9.938161257313713,4.244459606629943,1,
2021-03-12,16350.0,16775.0,29717.830078125,654130.8,40,65386.92,2554.72931506849,2035.7360547123264,518.9932603561638,115.8164383561234,1509750.0,8702525.535896696,8751541.295896696,49015.76,5.796682428148167,2.4906998171198462,1,
2021-03-15,16900.0,16850.0,29766.970703125,557811.54,33,760347.8999999999,38073.71808219175,30339.042253794498,7734.675828397254,100.82301369856577,1314300.0,8732864.57815049,8750792.1570546,17927.578904109505,6.65813905276923,2.831477112499963,1,
2021-03-16,16850.0,17025.0,29921.08984375,404480.88,24,673865.2000000001,19631.22191780824,15643.139185205497,3988.0827326027443,80.9736986301723,1055550.0,8748507.717335695,8757357.420623366,8849.703287671191,8.296487537893388,3.513110167127119,1,
2021-03-17,16900.0,17000.0,29914.330078125,524004.78,31,0.0,0.0,0.0,0.0,121.28219178080326,1581000.0,8748507.717335695,8758681.358431585,10173.64109589034,5.539962908558877,2.346278363394983,1,
2021-03-18,17275.0,17375.0,30216.75,431961.37499999994,25,0.0,0.0,0.0,0.0,157.27945205470314,2050250.0,8748507.717335695,8795812.703979531,47304.9866438356,4.290117158385334,1.8273089421404018,1,
2021-03-19,17025.0,16900.0,29792.05078125,0.0,0,1548965.145,12433.337534246612,9907.505014164411,2525.832520082199,35.00383561645867,456300.0,8758415.22234986,8748267.012623832,-10148.209726027339,19.172182802156108,8.07895271947797,1,
2021-03-22,16400.0,16150.0,29174.150390625,639727.9199999999,39,0.0,0.0,0.0,0.0,81.76767123281024,1065900.0,8758415.22234986,8718057.3249526,-40357.89739726014,8.179057439677832,3.4300916320061283,1,
2021-03-23,16400.0,15950.0,28995.919921875,639727.9199999999,39,0.0,0.0,0.0,0.0,128.4739726028056,1674750.0,8758415.22234986,8687050.930979997,-71364.29136986281,5.187073253309447,2.1645020466398726,1,
2021-03-24,15675.0,15300.0,28405.51953125,642803.535,41,0.0,0.0,0.0,0.0,171.36000000004424,2233800.0,8758415.22234986,8603126.035979997,-155289.18636986284,3.8513412283910813,1.5851479754723459,1,
2021-03-25,15350.0,15625.0,28729.880859375,644828.94,42,0.0,0.0,0.0,0.0,225.34246575343423,2937500.0,8758415.22234986,8661771.753514243,-96643.4688356162,2.9486882565154873,1.2253017609118706,1,
2021-03-26,16050.0,16175.0,29176.69921875,642128.3999999999,40,0.0,0.0,0.0,0.0,282.90739726036554,3687900.0,8758415.22234986,8769760.446116984,11345.223767123616,2.377982170372565,1.005187154717888,1,
2021-03-29,16525.0,16325.0,29384.51953125,644603.895,39,1371300.685,83417.6138356164,66471.32558491093,16946.28825070547,230.42849315074272,3003800.0,8824886.54793477,8795180.519373126,-29706.028561643558,2.9280180169695473,1.2147285900564206,1,
2021-03-30,16575.0,16600.0,29432.69921875,646554.2849999999,39,0.0,0.0,0.0,0.0,283.9736986302305,3701800.0,8824886.54793477,8846342.260674497,21455.712739726387,2.389740737120994,0.9994271722983995,1,
2021-03-31,16450.0,16375.0,29178.80078125,625225.02,38,657868.3999999999,15589.33698630137,12422.363177534247,3166.9738087671235,277.6123287670198,3618875.0,8837308.911112305,8792616.054536963,-44692.856575342215,2.4296545347758522,1.0030980210594764,1,
2021-04-01,16625.0,16575.0,29388.869140625,615248.025,37,0.0,0.0,0.0,0.0,328.04876712331316,4276350.0,8837308.911112305,8834514.98076984,-2793.930342465523,2.0659008221426776,0.8585960523407499,1,
2021-04-02,17000.0,17100.0,29854.0,306061.19999999995,18,0.0,0.0,0.0,0.0,362.05150684923865,4719600.0,8837308.911112305,8971341.729262989,134032.81815068517,1.9008690840882678,0.8068738718140663,1,
2021-04-05,17375.0,17350.0,30089.25,0.0,0,4012822.2750000004,200124.01712328833,159468.8230446923,40655.194078596025,59.893150684947614,780750.0,8996777.734156996,9004598.917033708,7821.182876712433,11.533267905262514,4.663714637093069,1,
2021-04-06,17500.0,16950.0,29696.630859375,332566.5,19,0.0,0.0,0.0,0.0,83.21753424662165,1084800.0,8996777.734156996,8975999.199499462,-20778.53465753414,8.274335545261303,3.3301182410047203,1,
2021-04-07,16975.0,16925.0,29730.7890625,645179.01,38,0.0,0.0,0.0,0.0,132.43232876708498,1726350.0,8996777.734156996,8972237.757170694,-24539.97698630127,5.197229853257274,2.090316791603317,1,
2021-04-08,16875.0,16950.0,29708.98046875,624499.875,37,0.0,0.0,0.0,0.0,180.73808219184866,2356050.0,8996777.734156996,8977257.144088503,-19520.590068493057,3.8102999274584595,1.5336928511788812,1,
2021-04-09,17125.0,16975.0,29768.060546875,650880.15,38,0.0,0.0,0.0,0.0,230.4879452054738,3004575.0,8996777.734156996,8974671.506143298,-22106.228013698557,2.987001990678648,1.2017143576477844,1,
2021-04-12,17100.0,16750.0,29538.73046875,649929.96,38,0.0,0.0,0.0,0.0,276.2602739726426,3601250.0,8996777.734156996,8921140.285869325,-75637.44828767113,2.477234373028622,0.9876663479574167,1,
2021-04-13,16825.0,16975.0,29751.609375,639477.8699999999,38,0.0,0.0,0.0,0.0,329.45452054793714,4294675.0,8996777.734156996,8974757.961348778,-22019.77280821895,2.089740891068306,0.8406041566685608,1,
2021-04-14,16950.0,16850.0,29620.990234375,644228.82,38,0.0,0.0,0.0,0.0,376.1473972601816,4903350.0,8996777.734156996,8938827.993951516,-57949.740205479175,1.8230042713556072,0.7288518139121274,1,
2021-04-15,16750.0,16825.0,29642.689453125,636627.2999999999,38,0.0,0.0,0.0,0.0,424.63534246583004,5535425.0,8996777.734156996,8933851.058609052,-62926.67554794485,1.6139413068750912,0.6446504055354554,1,
2021-04-16,17025.0,16900.0,29683.369140625,630050.985,37,0.0,0.0,0.0,0.0,474.4964383561746,6185400.0,8996777.734156996,8953300.577170694,-43477.156986301,1.447489342188168,0.5799768799405675,1,
2021-04-19,16900.0,16875.0,29685.369140625,591618.3,35,0.0,0.0,0.0,0.0,519.1027397261932,6766875.0,8996777.734156996,8942638.174430968,-54139.55972602709,1.321531456459735,0.5284872984508999,1,
2021-04-20,16525.0,16225.0,29100.380859375,132226.44,8,0.0,0.0,0.0,0.0,509.0649315068149,6636025.0,8996777.734156996,8679052.669499462,-317725.064657534,1.3078691942088017,0.49911097650203556,1,margin_warning
2021-04-21,15650.0,15550.0,28508.55078125,641778.33,41,0.0,0.0,0.0,0.0,536.7945205479627,6997500.0,8996777.734156996,8398212.544978915,-598565.1891780818,1.2001732825979157,0.43311697017518036,1,margin_warning
2021-04-22,15950.0,16300.0,29188.169921875,143578.71,9,0.0,0.0,0.0,0.0,573.9386301369523,7481700.0,8996777.734156996,8738259.896348776,-258517.8378082188,1.1679511202465718,0.4504603781948689,16,margin_warning
2021-04-23,15950.0,16125.0,29020.630859375,15953.19,1,653819.21,11940.705205479457,9514.950942986305,2425.7542624931516,518.2972602741793,6756375.0,9006292.685099982,8647856.864826009,-358435.8202739724,1.2799551334592898,0.48359473498022676,16,margin_warning
2021-04-26,16150.0,16250.0,29126.23046875,32306.46,2,0.0,0.0,0.0,0.0,524.8082191780559,6841250.0,9006292.685099982,8699900.596606832,-306392.0884931503,1.2716828937119433,0.485125715492589,16,margin_warning
2021-04-27,8170.0,8040.0,28991.890625,32686.536,4,0.0,0.0,0.0,0.0,262.12602739734575,3417000.0,9006292.685099982,5242701.934579434,-3763590.750520548,1.5342996589345723,-0.04056028297954962,16,margin_call
2021-04-28,8000.0,8070.0,29053.970703125,0.0,0,0.0,0.0,0.0,0.0,263.1041095890105,3429750.0,9006292.685099982,5255188.830469845,-3751103.8546301364,1.5322367025205466,-0.03684545379701104,16,margin_call
2021-04-30,16080.0,15900.0,28812.630859375,0.0,0,0.0,0.0,0.0,0.0,518.3835616437136,6757500.0,9006292.685099982,8582420.446908202,-423872.2381917805,1.2700585197052463,0.4735985997360582,5,margin_warning
2021-05-06,16110.0,16460.0,29331.369140625,0.0,0,64427.112,31730.75375342466,25284.651128416437,6446.10262500822,531.5903561643208,6929660.0,9031577.336228399,8812029.86592703,-219547.47030136953,1.2716395704734473,0.4903111570590262,5,margin_warning
2021-05-07,16470.0,16490.0,29357.8203125,0.0,0,164667.06000000003,5061.888219178113,4033.5656274520793,1028.3225917260338,519.9093698629295,6777390.0,9035610.901855852,8822878.693965442,-212732.20789041065,1.3018106813929025,0.5021042972405338,5,
2021-05-10,16520.0,16680.0,29518.33984375,0.0,0,0.0,0.0,0.0,0.0,525.8998356163502,6855480.0,9035610.901855852,8900442.794129826,-135168.10772602708,1.29829607760942,0.5076223464153916,5,
2021-05-11,16360.0,15650.0,28608.58984375,0.0,0,32713.456000000002,391.97726027397545,312.3470798493173,79.6301804246581,491.0241095892852,6400850.0,9035923.248935701,8477955.595839811,-557967.6530958902,1.3245046510759995,0.4775341780769604,5,margin_warning
2021-05-12,15730.0,15140.0,28147.509765625,424794.942,27,0.0,0.0,0.0,0.0,506.3811506849015,6601040.0,9035923.248935701,8252844.272689126,-783078.9762465751,1.2502339438465948,0.4288728654034126,9,margin_warning
2021-05-13,14740.0,14350.0,27448.009765625,781376.2440000001,53,0.0,0.0,0.0,0.0,538.3019178082468,7017150.0,9035923.248935701,7887039.726771318,-1148883.5221643832,1.1239662436703388,0.3512343460816608,9,margin_warning
2021-05-14,14820.0,15040.0,28084.470703125,933846.732,63,0.0,0.0,0.0,0.0,636.8718904110137,8302080.0,9035923.248935701,8237486.122880907,-798437.1260547942,0.9922195549646482,0.33900825044158867,9,margin_warning
2021-05-17,15300.0,14760.0,27824.830078125,780456.0599999999,51,1774445.04,59029.885041096015,47037.96389499736,11991.921146098655,551.4174246575567,7188120.0,9082961.212830698,8104971.76431015,-977989.4485205477,1.127550981941057,0.3648211152275692,9,margin_warning
2021-05-18,14910.0,15370.0,28406.83984375,894778.92,60,0.0,0.0,0.0,0.0,644.9504657534999,8407390.0,9082961.212830698,8428817.893844398,-654143.318986301,1.0025486974964166,0.3503559527817893,9,margin_warning
2021-05-19,14810.0,14990.0,28044.44921875,118503.696,8,0.0,0.0,0.0,0.0,638.2043835616205,8319450.0,9082961.212830698,8221735.993460836,-861225.2193698626,0.9882547516315184,0.3290913496794818,9,margin_warning
2021-05-20,14810.0,15010.0,28098.25,237007.392,16,0.0,0.0,0.0,0.0,657.4791232877178,8570710.0,9082961.212830698,8235331.122337548,-847630.09049315,0.9608691838059563,0.3209531857739195,9,margin_warning
2021-05-21,15250.0,15280.0,28317.830078125,45759.149999999994,3,365926.80000000005,10378.877808219208,8270.408781479475,2108.469026739732,644.6904109589523,8404000.0,9091231.621612178,8386035.61289985,-705196.0087123283,0.9978624003926523,0.3439406950484903,9,margin_warning
2021-05-24,15160.0,15310.0,28364.609375,45489.096,3,909418.0800000001,14360.003835616471,11442.769056410985,2917.234779205486,579.0116164383362,7547830.0,9102674.39066859,8390298.350504206,-712376.0401643832,1.1116172927191268,0.3815403001047737,9,margin_warning
2021-05-25,15530.0,15520.0,28553.98046875,15533.106,1,0.0,0.0,0.0,0.0,588.1442191781825,7666880.0,9102674.39066859,8493227.100285029,-609447.2903835613,1.107781405250249,0.38896421085258376,9,margin_warning
2021-05-26,15360.0,15610.0,28642.189453125,15363.072,1,875344.896,3207.237452054842,2555.6871636699007,651.5502883849412,524.4960000002757,6837180.0,9105230.07783226,8522332.877996642,-582897.1998356162,1.246468994233974,0.4398766703759469,9,margin_warning
2021-05-27,15520.0,15510.0,28549.009765625,0.0,0,15516.896,152.62652054794572,121.62044289863054,31.006077649315174,519.9461917808512,6777870.0,9105351.698275156,8477988.82172721,-627362.876547945,1.2508337902212954,0.4370841199638321,9,margin_warning
2021-05-28,16030.0,16180.0,29149.41015625,16033.206,1,0.0,0.0,0.0,0.0,543.6479999999283,7086840.0,9105351.698275156,8770381.967727212,-334969.7305479449,1.2375589074576556,0.4592101475663707,9,margin_warning
2021-05-31,16020.0,15860.0,28860.080078125,0.0,0,448470.288,7727.171835616486,6157.3968772109965,1569.774958405489,498.82958904106636,6502600.0,9111509.095152369,8632543.651179766,-478965.4439726023,1.3275526175960026,0.47800641654217607,9,margin_warning
2021-06-01,16030.0,15790.0,28814.33984375,0.0,0,0.0,0.0,0.0,0.0,496.6279452054878,6473900.0,9111509.095152369,8603347.023234561,-508162.0719178078,1.3289280068018599,0.47553889746779265,9,margin_warning
2021-06-02,15700.0,15920.0,28946.140625,0.0,0,0.0,0.0,0.0,0.0,500.71671232878,6527200.0,9111509.095152369,8656146.306522232,-455362.78863013675,1.3261653245683036,0.4796681325671169,9,margin_warning
2021-06-03,15870.0,16050.0,29058.109375,0.0,0,0.0,0.0,0.0,0.0,504.80547945189755,6580500.0,9111509.095152369,8708941.50104278,-402567.5941095887,1.3234467747196685,0.48372923393863404,9,margin_warning
2021-06-04,15880.0,15940.0,28941.51953125,0.0,0,0.0,0.0,0.0,0.0,501.3457534245681,6535400.0,9111509.095152369,8663340.155289356,-448168.93986301334,1.3256021292176998,0.4800130875579662,9,margin_warning
2021-06-07,16250.0,16000.0,29019.240234375,0.0,0,0.0,0.0,0.0,0.0,503.23287671239814,6560000.0,9111509.095152369,8687436.922412643,-424072.1727397256,1.3243044089043663,0.48180961382208964,9,margin_warning
2021-06-08,16090.0,16000.0,28963.560546875,0.0,0,0.0,0.0,0.0,0.0,503.23287671239814,6560000.0,9111509.095152369,8686933.68953593,-424575.4056164381,1.3242276965755992,0.4816561891645554,9,margin_warning
2021-06-09,15960.0,15860.0,28860.80078125,0.0,0,0.0,0.0,0.0,0.0,498.82958904106636,6502600.0,9111509.095152369,8629034.85994689,-482474.23520547914,1.327013019399454,0.4769272201490789,9,margin_warning
2021-06-10,15780.0,15960.0,28958.560546875,15783.155999999999,1,0.0,0.0,0.0,0.0,503.1991232876899,6559560.0,9111509.095152369,8669708.504823603,-441800.5903287668,1.3216905561994405,0.47890977252968564,9,margin_warning
2021-06-11,16000.0,15920.0,28948.73046875,0.0,0,15996.800000000001,212.41967123287876,169.26661502191945,43.15305621095932,500.71671232878,6527200.0,9111678.36176739,8652801.435055062,-458876.92671232845,1.3256528733691417,0.4785845663290115,9,margin_warning
2021-06-14,16150.0,16170.0,29161.80078125,0.0,0,0.0,0.0,0.0,0.0,508.579726027383,6629700.0,9111678.36176739,8754792.855329035,-356885.50643835583,1.3205413299740614,0.48649260477708933,9,margin_warning
2021-06-15,16290.0,16470.0,29441.30078125,0.0,0,16286.742,238.83408219178088,190.3149383945206,48.519143797260284,516.7518904110766,6736230.0,9111868.676705785,8877044.326294826,-234824.35041095864,1.3178060022141207,0.49683515956014834,9,margin_warning
2021-06-16,16330.0,16330.0,29291.009765625,0.0,0,0.0,0.0,0.0,0.0,512.3593424655846,6678970.0,9111868.676705785,8819271.966952361,-292596.70975342434,1.3204538973752482,0.49236801306173356,9,margin_warning
2021-06-17,16150.0,16010.0,29018.330078125,0.0,0,0.0,0.0,0.0,0.0,502.319232876529,6548090.0,9111868.676705785,8687889.647719484,-423979.028986301,1.326782259822251,0.482068290101873,9,margin_warning
2021-06-18,16150.0,15950.0,28964.080078125,0.0,0,0.0,0.0,0.0,0.0,500.43671232875204,6523550.0,9111868.676705785,8662849.211007155,-449019.4656986298,1.327934822452063,0.4799665329933114,9,margin_warning
2021-06-21,15310.0,14870.0,28010.9296875,15313.062,1,0.0,0.0,0.0,0.0,467.6920547944028,6096700.0,9111868.676705785,8220218.45695236,-891650.2197534244,1.3483062077767252,0.44089215972557716,9,margin_warning
2021-06-22,15570.0,15790.0,28884.130859375,778655.7,50,0.0,0.0,0.0,0.0,557.1923287671525,7263400.0,9111868.676705785,8607705.564623594,-504163.11208219145,1.185079379439876,0.42334404625125877,9,margin_warning
2021-06-23,15820.0,15810.0,28874.890625,31646.327999999998,2,806658.636,12626.957616438449,10061.791176658979,2565.166439779471,498.4698082189425,6497910.0,9121930.467882443,8614164.236375595,-507766.23150684894,1.3256822942108455,0.47219034887659833,9,margin_warning
2021-06-24,15730.0,15780.0,28875.23046875,31466.291999999998,2,0.0,0.0,0.0,0.0,499.94498630118323,6517140.0,9121930.467882443,8601427.999389293,-520502.4684931503,1.319816361070852,0.4687660857210578,9,margin_warning
2021-06-25,16050.0,16010.0,29066.1796875,32106.42,2,0.0,0.0,0.0,0.0,509.6882191778859,6644150.0,9121930.467882443,8695821.891170114,-426108.5767123285,1.3087937345138376,0.47393547879830805,9,margin_warning
2021-06-28,16050.0,15950.0,29048.01953125,0.0,0,64187.16,1062.3596164383644,846.5412603589107,215.8183560794537,502.8838356164051,6555450.0,9122777.009142803,8670590.348978419,-452186.6601643833,1.3226537230820796,0.4762604589790216,9,margin_warning
2021-06-29,15850.0,15740.0,28812.609375,0.0,0,0.0,0.0,0.0,0.0,496.2627945204731,6469140.0,9122777.009142803,8583784.0861839,-538992.9229589038,1.326881793589859,0.46911940385043244,9,margin_warning
2021-06-30,15830.0,15730.0,28791.529296875,31666.332,2,0.0,0.0,0.0,0.0,498.3608767122496,6496490.0,9122777.009142803,8578969.393307187,-543807.615835616,1.3205545445782547,0.46632659274032007,9,margin_warning
2021-07-01,15780.0,15620.0,28707.0390625,47349.46799999999,3,0.0,0.0,0.0,0.0,498.4705753424787,6497920.0,9122777.009142803,8532551.454731844,-590225.5544109587,1.3131204223400479,0.4590037484796484,9,margin_warning
2021-07-02,15620.0,15700.0,28783.279296875,78115.62,5,0.0,0.0,0.0,0.0,507.04547945194645,6609700.0,9122777.009142803,8565708.789252393,-557068.2198904105,1.2959300405846548,0.45618105607848664,9,margin_warning
2021-07-05,15650.0,15520.0,28598.189453125,62612.52,4,0.0,0.0,0.0,0.0,505.9945205480908,6596000.0,9122777.009142803,8488890.274731845,-633886.7344109585,1.2869754813116805,0.4454056120862458,9,margin_warning
2021-07-06,15620.0,15560.0,28643.2109375,156231.24,10,0.0,0.0,0.0,0.0,519.2350684931735,6768600.0,9122777.009142803,8504739.799663352,-618037.2094794519,1.2564990987299223,0.4363126358750539,9,margin_warning
2021-07-07,15050.0,15260.0,28366.94921875,75265.05,5,0.0,0.0,0.0,0.0,515.077260273858,6714400.0,9122777.009142803,8374759.672403078,-748017.3367397255,1.247283401704259,0.42039951487301075,9,margin_warning
2021-07-08,15200.0,15020.0,28118.029296875,258451.68,17,75984.8,713.8968493150685,568.8687043767123,145.02814493835615,520.803068492969,6789040.0,9123345.87784718,8266266.961189645,-857078.9166575342,1.2175899628209061,0.3996151284323119,9,margin_warning
2021-07-09,14620.0,14850.0,27940.419921875,497179.41599999997,34,0.0,0.0,0.0,0.0,553.6405479452224,7217100.0,9123345.87784718,8196593.904641701,-926751.9732054791,1.1357184886785137,0.36618259334583325,9,margin_warning
2021-07-12,15440.0,15460.0,28569.01953125,679495.872,44,524855.008,27636.859945205542,22022.431847337037,5614.428097868506,588.2424109589192,7668160.0,9145368.309694517,8486810.370132875,-658557.9395616434,1.1067596881302522,0.3788089655890359,9,margin_warning
2021-07-13,15630.0,15640.0,28718.240234375,31266.252,2,265656.858,7146.062712328781,5694.34007231919,1451.722640009592,577.0945753424894,7522840.0,9151062.649766836,8573852.158917522,-577210.4908493147,1.1397094925476976,0.39667019225029343,9,margin_warning
2021-07-14,15410.0,15510.0,28608.490234375,15413.082,1,0.0,0.0,0.0,0.0,573.4875616438803,7475820.0,9151062.649766836,8510845.589355879,-640217.0604109584,1.1384497739854462,0.3906603331734726,9,margin_warning
2021-07-15,15430.0,15160.0,28279.08984375,15433.086,1,0.0,0.0,0.0,0.0,561.7091506849974,7322280.0,9151062.649766836,8341310.7942051925,-809751.8555616434,1.1391685095633044,0.3756220504601763,9,margin_warning
2021-07-16,14840.0,14890.0,28003.080078125,74214.84,5,0.0,0.0,0.0,0.0,557.4163287671981,7266320.0,9151062.649766836,8210578.537876425,-940484.1118904107,1.1299500349387896,0.36044657474292435,9,margin_warning
2021-07-19,14500.0,14470.0,27652.740234375,188537.69999999998,13,0.0,0.0,0.0,0.0,556.1237260274938,7249470.0,9151062.649766836,8004634.714150398,-1146427.935616438,1.1041682652870346,0.332799529832381,9,margin_warning
2021-07-20,14200.0,14220.0,27388.16015625,766953.36,54,0.0,0.0,0.0,0.0,605.421369863092,7892100.0,9151062.649766836,7879705.932780536,-1271356.716986301,0.9984295602920054,0.28979435192081004,9,margin_call
2021-07-21,14610.0,14380.0,27548.0,906001.164,62,0.0,0.0,0.0,0.0,680.6270684932824,8872460.0,9151062.649766836,7953384.1417120425,-1197678.5080547938,0.8964125103648867,0.2660010399209733,9,margin_call
2021-07-26,14900.0,14670.0,27833.2890625,745149.0,50,804439.0800000001,37367.24547945214,29776.089560301436,7591.155919150702,689.8517260272638,8992710.0,9180838.739327136,8124643.214066863,-1056195.5252602738,0.9034699455522154,0.27725630669804546,9,margin_call
2021-07-27,14750.0,14800.0,27970.220703125,236047.19999999998,16,191711.65000000002,3116.3681917808626,2483.27799362058,633.0901981602823,699.370958903979,9116800.0,9183322.017320758,8203065.202909799,-980256.8144109586,0.8997746142187828,0.2816659147396929,9,margin_call
2021-07-28,14500.0,14420.0,27581.66015625,72514.5,5,0.0,0.0,0.0,0.0,686.9450958906673,8954820.0,9183322.017320758,7967883.757813908,-1215438.259506849,0.8897871490229741,0.26042102703427317,9,margin_call
2021-07-29,14610.0,14630.0,27782.419921875,233806.752,16,0.0,0.0,0.0,0.0,714.9059726026026,9319310.0,9183322.017320758,8097852.099841306,-1085469.917479452,0.86893258190159,0.2641050525588101,9,margin_call
2021-07-30,14480.0,14090.0,27283.58984375,43448.687999999995,3,0.0,0.0,0.0,0.0,691.7610958904261,9017600.0,9183322.017320758,7752001.650745415,-1431320.3665753426,0.8596524186862818,0.23451191527347232,9,margin_call
2021-08-02,14360.0,14590.0,27781.01953125,445249.032,31,0.0,0.0,0.0,0.0,751.0052602738724,9789890.0,9183322.017320758,8078291.613485143,-1105030.4038356156,0.8251667397167018,0.24926466024128127,9,margin_call
2021-08-03,14360.0,14460.0,27641.830078125,57451.488,4,0.0,0.0,0.0,0.0,748.7506849317579,9760500.0,9183322.017320758,7990701.37480021,-1192620.6425205478,0.8186774627119727,0.2409645628071977,9,margin_call
2021-08-04,14420.0,14400.0,27584.080078125,115383.072,8,0.0,0.0,0.0,0.0,754.4810958903981,9835200.0,9183322.017320758,7949263.82170432,-1234058.195616438,0.8082462808793233,0.2348444953928616,9,margin_call
2021-08-05,14330.0,14550.0,27728.119140625,71664.33,5,0.0,0.0,0.0,0.0,767.9210958901676,10010400.0,9183322.017320758,8052031.57060843,-1131290.4467123281,0.8043666157804313,0.24092368026213662,9,margin_call
2021-08-06,14580.0,14650.0,27820.0390625,29165.832,2,699700.0320000001,9777.513506849366,7791.211637932918,1986.3018689164487,721.502465753525,9405300.0,9191113.22895869,8114757.96627376,-1076355.2626849306,0.8627856598166737,0.2619767353076265,9,margin_call
2021-08-10,14700.0,14700.0,27888.150390625,0.0,0,117576.48000000001,1548.9173150685017,1234.2547625123354,314.66255255616613,714.9435616440023,9319800.0,9192347.483721204,8145804.840159561,-1046542.6435616437,0.8740321509216464,0.2674684866196599,9,margin_call
2021-08-11,14900.0,14910.0,28070.509765625,14902.98,1,0.0,0.0,0.0,0.0,726.3008219177136,9467850.0,9192347.483721204,8278225.559337643,-914121.9243835611,0.8743511525148416,0.27719569067465916,9,margin_call
2021-08-12,15040.0,14840.0,28015.01953125,0.0,0,1443551.2319999998,37265.995780821904,29695.408737947935,7570.58704287397,613.603506849322,7998760.0,9222042.89245915,8244502.600787918,-977540.2916712326,1.0307225870994903,0.3191550517976132,9,margin_warning
2021-08-13,14900.0,14820.0,27977.150390625,0.0,0,0.0,0.0,0.0,0.0,612.7765479449299,7987980.0,9222042.89245915,8233109.824239973,-988933.0682191778,1.030687335751964,0.3180828080466884,9,margin_warning
2021-08-16,14630.0,14330.0,27523.189453125,0.0,0,0.0,0.0,0.0,0.0,592.5160547944834,7723870.0,9222042.89245915,7968407.308185179,-1253635.584273972,1.03165994613907,0.2946119078792363,9,margin_call
2021-08-17,14510.0,14230.0,27424.470703125,145129.02,10,0.0,0.0,0.0,0.0,599.2974246573285,7812270.0,9222042.89245915,7911078.99076052,-1310963.9016986298,1.0126479231722048,0.2838632640784154,9,margin_call
2021-08-18,14180.0,14400.0,27585.91015625,226925.376,16,0.0,0.0,0.0,0.0,624.131506849255,8136000.0,9222042.89245915,8007259.483253672,-1214783.4092054788,0.9841764359947974,0.28431327716914745,9,margin_call
2021-08-19,14180.0,14080.0,27281.169921875,127645.52399999999,9,0.0,0.0,0.0,0.0,619.9829041095218,8081920.0,9222042.89245915,7824913.9763495615,-1397128.9161095887,0.9681998802697331,0.26357688930847684,9,margin_call
2021-08-20,14010.0,13820.0,27013.25,364332.852,26,0.0,0.0,0.0,0.0,636.0986301369849,8292000.0,9222042.89245915,7670025.025719425,-1552017.866739726,0.9249909582391974,0.2381430636733829,9,margin_call
2021-08-23,13990.0,14300.0,27494.240234375,0.0,0,0.0,0.0,0.0,0.0,658.1917808220023,8580000.0,9222042.89245915,7957366.833938602,-1264676.0585205476,0.9274320319275761,0.2635624592561826,17,margin_call
2021-08-24,14450.0,14540.0,27732.099609375,0.0,0,375624.86,11235.922082191753,8953.344511194498,2282.5775709972545,640.2380273973686,8345960.0,9230996.236970346,8096028.87834021,-1134967.3586301366,0.9700536401253073,0.2861446477948688,17,margin_call
2021-08-25,14600.0,14540.0,27724.80078125,0.0,0,364927.0,10229.609041095911,8151.463964397277,2078.1450766986345,612.3530958905467,7982460.0,9239147.700934742,8094765.380167618,-1144382.3207671233,1.0140690188447694,0.29765840660654586,17,margin_call
2021-08-26,14610.0,14540.0,27742.2890625,0.0,0,0.0,0.0,0.0,0.0,612.3530958905467,7982460.0,9239147.700934742,8094153.027071728,-1144994.673863013,1.0139923065160024,0.29750498194901165,17,margin_call
2021-08-27,14370.0,14420.0,27641.140625,0.0,0,0.0,0.0,0.0,0.0,607.2992876714561,7916580.0,9239147.700934742,8027665.727784057,-1211481.9731506843,1.014032035018159,0.2915055515934109,17,margin_call
2021-08-30,14670.0,14600.0,27789.2890625,0.0,0,0.0,0.0,0.0,0.0,614.8799999999464,8015400.0,9239147.700934742,8125870.847784057,-1113276.8531506849,1.0137823249973872,0.30008698999842354,9,margin_warning
2021-08-31,14480.0,14940.0,28089.5390625,0.0,0,0.0,0.0,0.0,0.0,629.1991232876899,8202060.0,9239147.700934742,8311901.64866077,-927246.0522739724,1.0133919586860825,0.31586197386836834,9,margin_warning
2021-09-01,15000.0,15320.0,28451.01953125,0.0,0,224955.0,5322.682465753438,4241.3795228356275,1081.302942917811,627.5743561644922,8180880.0,9243389.08045758,8513967.77136169,-729421.3090958899,1.04071539630965,0.34065219478415387,9,margin_warning
2021-09-02,15360.0,15380.0,28543.509765625,0.0,0,783203.328,21627.677753424683,17234.01501781646,4393.6627356082245,569.8606027395581,7428540.0,9260623.095475394,8539867.57602334,-720755.5194520545,1.149602422013389,0.37565079996490247,9,margin_warning
2021-09-03,15480.0,16020.0,29128.109375,0.0,0,0.0,0.0,0.0,0.0,593.5739178083022,7737660.0,9260623.095475394,8848394.002105532,-412229.0933698626,1.1435490835867086,0.40044016482187894,9,margin_warning
2021-09-06,16500.0,16620.0,29659.890625,0.0,0,1187762.4,67035.28668493162,53417.06819488776,13618.218490043859,524.0081095889909,6830820.0,9314040.163670283,9115174.175505899,-198865.98816438325,1.3344187338424813,0.4827664503443959,9,margin_warning
2021-09-07,16880.0,16900.0,29916.140625,0.0,0,33753.248,1534.628547945207,1222.868758430138,311.7597895150688,530.243287671241,6912100.0,9315263.032428712,9229365.420428712,-85897.61199999967,1.3352476700899454,0.4933113087815142,9,margin_warning
2021-09-08,16810.0,17230.0,30181.2109375,0.0,0,134453.104,1351.2290410958801,1076.7268613972522,274.502179698628,530.0231232877122,6909230.0,9316339.75929011,9360143.999125727,43804.239835616754,1.3547304112217609,0.5121720400046508,9,
2021-09-09,16930.0,16990.0,30008.189453125,0.0,0,643211.332,2227.9868493151916,1775.3713208768104,452.6155284383812,473.113315068651,6167370.0,9318115.130610988,9260569.60228222,-57545.52832876687,1.5015427325232993,0.5571968159772226,9,
2021-09-10,17080.0,17420.0,30381.83984375,0.0,0,648910.1919999999,4928.14764383566,3926.994449990446,1001.1531938452143,434.30684931518044,5661500.0,9322042.125060977,9402174.33423906,80132.20917808231,1.6607214226334117,0.6310485214902645,9,
2021-09-13,17400.0,17510.0,30447.369140625,0.0,0,4871025.6,77670.38705479466,61891.647924613135,15778.739130181537,60.44547945208615,787950.0,9383933.77298559,9383810.749629427,-123.02335616432902,11.909144932583827,4.412192128019864,9,
2021-09-14,17660.0,17760.0,30670.099609375,0.0,0,441411.7,5847.885273972672,4659.887380565124,1187.9978934075482,27.248219178116415,355200.0,9388593.660366155,9391257.203516841,2663.5431506849286,26.43935023512624,9.792111789604492,9,
2021-09-15,17520.0,17570.0,30511.7109375,0.0,0,0.0,0.0,0.0,0.0,26.956712328770664,351400.0,9388593.660366155,9387430.246804511,-1163.4135616438386,26.71437178942661,9.887035271038298,9,
2021-09-16,17710.0,17360.0,30323.33984375,0.0,0,17706.458,187.27249315068252,149.22808616712138,38.04440698356115,25.30279452056857,329840.0,9388742.888452323,9383513.357603008,-5229.530849315071,28.44868226292447,10.52078198445817,9,
2021-09-17,17450.0,17570.0,30500.05078125,0.0,0,0.0,0.0,0.0,0.0,25.60887671232922,333830.0,9388742.888452323,9387477.748726295,-1265.1397260273993,28.120533651038837,10.406834352815082,9,
2021-09-21,16840.0,16840.0,29839.7109375,0.0,0,0.0,0.0,0.0,0.0,24.54487671231618,319960.0,9388742.888452323,9373583.203849584,-15159.684602739728,29.296109525720663,10.814459376943473,9,
2021-09-22,16760.0,16600.0,29639.400390625,33526.704,2,0.0,0.0,0.0,0.0,26.74191780819092,348600.0,9388742.888452323,9368669.757931774,-20073.130520547948,26.875128393378585,9.91180216411709,9,
2021-09-24,17270.0,17280.0,30248.810546875,138187.63199999998,8,0.0,0.0,0.0,0.0,38.44208219181746,501120.0,9388742.888452323,9382963.683849584,-5779.204602739709,18.72398563986587,6.9235107723635725,9,
2021-09-27,17300.0,17270.0,30240.060546875,0.0,0,34593.08,1061.1779726027435,845.5996674684961,215.57830513424733,35.77019178081537,466290.0,9389588.488119792,9382475.415352669,-7113.072767123273,20.12154542313296,7.437269728249663,9,
2021-09-28,17180.0,17180.0,30183.9609375,0.0,0,0.0,0.0,0.0,0.0,35.58378082193667,463860.0,9389588.488119792,9380009.831571847,-9578.656547945191,20.221639786944007,7.470838904031154,9,
2021-09-29,16750.0,16660.0,29544.2890625,16753.35,1,0.0,0.0,0.0,0.0,35.78476712323027,466480.0,9389588.488119792,9365840.696804725,-23747.791315068476,20.077689711894884,7.398427402010042,9,
2021-09-30,16710.0,16610.0,29452.66015625,167133.42,10,0.0,0.0,0.0,0.0,48.419287671218626,631180.0,9389588.488119792,9363358.857517052,-26229.630602739726,14.834688769474718,5.463874260772366,9,
2021-10-01,16340.0,15800.0,28771.0703125,212462.484,13,0.0,0.0,0.0,0.0,61.81479452055646,805800.0,9389588.488119792,9325454.558722531,-64133.92939726026,11.572914567786711,4.232715366499455,9,
2021-10-04,16120.0,15430.0,28444.890625,919023.768,57,0.0,0.0,0.0,0.0,127.83649315068033,1666440.0,9389588.488119792,9266942.954229381,-122645.533890411,5.560922057937508,2.011523127948777,9,
2021-10-05,14860.0,14760.0,27822.119140625,936367.236,63,0.0,0.0,0.0,0.0,193.61884931504028,2523960.0,9389588.488119792,9187902.099380067,-201686.3887397261,3.64027246841474,1.2967115673942253,9,
2021-10-06,14970.0,14440.0,27528.869140625,943298.622,63,0.0,0.0,0.0,0.0,259.2078904109658,3378960.0,9389588.488119792,9099344.269489655,-290244.21863013704,2.692942286824838,0.9423109743410715,9,
2021-10-07,14590.0,14590.0,27678.2109375,948539.6699999999,65,0.0,0.0,0.0,0.0,334.65063013701,4362410.0,9389588.488119792,9133919.948859518,-255668.53926027392,2.0937784272591338,0.7377280261596763,9,
2021-10-08,15070.0,15010.0,28048.939453125,949599.882,63,0.0,0.0,0.0,0.0,416.8256438355311,5433620.0,9389588.488119792,9255113.241215684,-134475.24690410955,1.7033052074336599,0.6145163970449833,9,
2021-10-11,14910.0,15480.0,28498.19921875,909691.902,61,968956.17,20268.905479452173,16151.277331301464,4117.6281481507085,425.1274520547013,5541840.0,9405739.765451092,9418054.753615476,12314.988164383525,1.6994454465692759,0.6281841526965503,9,
2021-10-12,15400.0,15170.0,28230.609375,492898.56,32,3849230.0,109405.92676712318,87180.11274438212,22225.814022741073,162.92164383560885,2123800.0,9492919.878195474,9333957.457948899,-158962.42024657538,4.394932412632498,1.547994124071153,9,
2021-10-13,14980.0,15080.0,28140.279296875,734166.804,49,0.0,0.0,0.0,0.0,218.63934246567078,2850120.0,9492919.878195474,9325892.014606433,-167027.8635890411,3.272105039298848,1.1505992161794532,9,
2021-10-14,15220.0,15530.0,28550.9296875,654590.892,43,0.0,0.0,0.0,0.0,276.39145205478417,3602960.0,9492919.878195474,9423864.731154379,-69055.14704109593,2.615589607199186,0.93729660143695,9,
2021-10-15,15860.0,16090.0,29068.630859375,158631.72,10,1458828.176,69904.19221917794,55703.155569851944,14201.036649326,185.1452054794645,2413500.0,9548623.033765327,9520215.005299574,-28408.028465753465,3.94456805688816,1.4101110834198514,9,
2021-10-18,16110.0,16030.0,29025.4609375,32226.444,2,676484.676,24790.174849315074,19754.050828676718,5036.124020638358,135.26684931496857,1763300.0,9568377.084594004,9509101.84642962,-59275.23816438359,5.392787300192604,1.909637894439532,9,
2021-10-19,16110.0,16230.0,29215.51953125,80566.11,5,0.0,0.0,0.0,0.0,143.17972602741793,1866450.0,9568377.084594004,9531542.556703594,-36834.527890410995,5.106776263336062,1.8160475929240925,9,
2021-10-20,16440.0,16300.0,29255.55078125,16443.288,1,0.0,0.0,0.0,0.0,145.04767123283818,1890800.0,9568377.084594004,9539304.22103236,-29072.86356164387,5.045115412012038,1.7966885162210209,9,
2021-10-21,16130.0,15660.0,28708.580078125,0.0,0,112887.418,74.9364383561767,59.7131009041194,15.223337452057295,130.9433424656745,1706940.0,9568436.797694907,9468185.472352441,-100251.3253424658,5.5468765582577255,1.9484305353497884,9,
2021-10-22,15570.0,15750.0,28804.849609375,264742.93799999997,17,0.0,0.0,0.0,0.0,152.23561643838184,1984500.0,9568436.797694907,9480850.298736002,-87586.49895890412,4.777450389889646,1.6822205133671404,9,
2021-10-25,15420.0,15550.0,28600.41015625,293038.59599999996,19,0.0,0.0,0.0,0.0,172.96712328772992,2254750.0,9568436.797694907,9457888.735612715,-110548.06208219175,4.1946507309514205,1.4703324441869452,9,
2021-10-26,15930.0,16100.0,29106.009765625,462062.394,29,0.0,0.0,0.0,0.0,214.90191780833993,2801400.0,9568436.797694907,9542261.439694908,-26175.357999999935,3.406247390481512,1.2134610839918964,9,
2021-10-27,16030.0,16070.0,29098.240234375,64132.824,4,576964.584,19075.104246575447,15199.996818883645,3875.1074276918016,175.0529315067688,2281940.0,9583636.79451379,9531583.039335707,-52053.75517808219,4.176964792823521,1.4765775275237811,9,
2021-10-28,15770.0,15780.0,28820.08984375,63092.616,4,0.0,0.0,0.0,0.0,176.73599999997532,2303880.0,9583636.79451379,9490253.687335707,-93383.1071780822,4.119248262642024,1.444500249647385,9,
2021-10-29,15810.0,15880.0,28892.689453125,94878.97200000001,6,0.0,0.0,0.0,0.0,185.1651506848866,2413760.0,9583636.79451379,9505069.550185023,-78567.24432876713,3.9378685329879617,1.3848045923605694,9,
2021-11-01,16470.0,16670.0,29647.080078125,65893.17599999999,4,0.0,0.0,0.0,0.0,199.49194520543097,2600520.0,9583636.79451379,9625736.882239817,42100.08772602739,3.7014661999291745,1.3316774233483444,9,
2021-11-02,16530.0,16530.0,29520.900390625,0.0,0,1950149.892,50140.64484931499,39954.57284817665,10186.07200113834,48.18608219176531,628140.0,9623591.367361967,9593272.516156487,-30318.85120547945,15.272506950928912,5.381603744310185,9,
2021-11-04,16930.0,16830.0,29794.369140625,0.0,0,0.0,0.0,0.0,0.0,49.060602739686146,639540.0,9623591.367361967,9604623.455553748,-18967.911808219178,15.018018349991788,5.303346866099885,9,
2021-11-05,16840.0,16630.0,29611.5703125,0.0,0,0.0,0.0,0.0,0.0,48.47758904105285,631940.0,9623591.367361967,9596974.977964707,-26616.389397260275,15.186528749508984,5.3549474626822775,9,
2021-11-08,16800.0,16520.0,29507.05078125,0.0,0,0.0,0.0,0.0,0.0,48.15693150681909,627760.0,9623591.367361967,9592746.8210332,-30844.54632876712,15.280914395681789,5.383791872219358,9,
2021-11-09,16680.0,16250.0,29285.4609375,0.0,0,0.0,0.0,0.0,0.0,47.369863013736904,617500.0,9623591.367361967,9582439.451170186,-41151.91619178082,15.518120568696657,5.456476835592545,9,
2021-11-10,16200.0,16060.0,29106.779296875,81016.2,5,0.0,0.0,0.0,0.0,52.976000000024214,690580.0,9623591.367361967,9574450.275170187,-49141.09219178082,13.864360791175804,4.867404636650926,9,
2021-11-11,15990.0,16240.0,29277.859375,175925.178,11,0.0,0.0,0.0,0.0,67.27364383562235,876960.0,9623591.367361967,9584837.82352635,-38753.54383561645,10.929618025367578,3.8447050819772004,9,
2021-11-12,16420.0,16650.0,29609.970703125,147809.55599999998,9,180583.876,4644.994109589016,3701.363556226008,943.6305533630086,66.4175342466333,865800.0,9627292.730918191,9605442.09543874,-21850.63547945203,11.094296714528458,3.912618883066852,9,
2021-11-15,16830.0,16800.0,29776.80078125,16833.365999999998,1,235572.87600000002,6716.849315068532,5352.32137671236,1364.5279383561724,50.261917808267754,655200.0,9632645.052294903,9612166.815582573,-20478.236712328762,14.670584272867176,5.170181681731135,9,
2021-11-16,16770.0,16830.0,29808.119140625,16773.354,1,0.0,0.0,0.0,0.0,51.64273972599767,673200.0,9632645.052294903,9613341.818842847,-19303.23345205479,14.280068061263885,5.033610217455121,9,
2021-11-17,16940.0,16710.0,29688.330078125,0.0,0,0.0,0.0,0.0,0.0,51.27452054794412,668400.0,9632645.052294903,9608490.5443223,-24154.507972602732,14.375359880793388,5.06242347299475,9,
2021-11-18,16600.0,16600.0,29598.66015625,16603.32,1,0.0,0.0,0.0,0.0,52.21041095885448,680600.0,9632645.052294903,9604035.01391134,-28610.038383561634,14.111129905835059,4.965054523255619,9,
2021-11-19,16620.0,16800.0,29745.869140625,33246.648,2,0.0,0.0,0.0,0.0,55.41698630142491,722400.0,9632645.052294903,9612532.948925039,-20112.10336986301,13.306385588212954,4.689449926017678,9,
2021-11-22,16620.0,16840.0,29774.109375,33246.648,2,16616.676,10.79380821917785,8.60104607945187,2.19276213972598,56.84076712327078,740960.0,9632653.653340984,9614403.943395779,-18249.709945205475,12.975604544639088,4.574419653490829,9,
2021-11-24,16680.0,16270.0,29302.66015625,50050.008,3,66706.656,205.61512328767182,163.8444109917813,41.77071229589053,53.66871232871199,699610.0,9632817.497751975,9589615.151971154,-43202.345780821925,13.707087022728597,4.808984878990187,9,
2021-11-25,16430.0,16500.0,29499.279296875,361532.292,22,0.0,0.0,0.0,0.0,82.27397260279395,1072500.0,9632817.497751975,9600890.58599855,-31926.911753424672,8.951879334264383,3.147419180648129,9,
2021-11-26,16310.0,15680.0,28751.619140625,146819.35799999998,9,0.0,0.0,0.0,0.0,89.01084931509104,1160320.0,9632817.497751975,9541802.217149235,-91015.28060273972,8.223423036015268,2.8582026437073296,9,
2021-11-29,15280.0,15150.0,28283.919921875,825285.024,54,0.0,0.0,0.0,0.0,148.7605479451595,1939200.0,9632817.497751975,9495248.43260129,-137569.0651506849,4.896477120772118,1.686121672055795,9,
2021-11-30,15550.0,14655.0,27821.759765625,933186.6,60,0.0,0.0,0.0,0.0,211.35320547950687,2755140.0,9632817.497751975,9377790.47939581,-255027.01835616434,3.4037437224227483,1.1440644903851125,9,
2021-12-01,14695.0,14765.0,27935.619140625,955366.035,65,0.0,0.0,0.0,0.0,286.5623561645043,3735545.0,9632817.497751975,9402542.882039648,-230274.61571232876,2.517047146277089,0.8503508003055272,9,
2021-12-02,14465.0,14565.0,27753.369140625,940413.045,65,0.0,0.0,0.0,0.0,355.30619178077905,4631670.0,9632817.497751975,9357899.530847866,-274917.9669041096,2.020415860984886,0.6761114291268049,9,
2021-12-03,14650.0,14850.0,28029.5703125,952440.4500000001,65,0.0,0.0,0.0,0.0,436.3052054793807,5687550.0,9632817.497751975,9460902.775642386,-171914.72210958914,1.6634408094245123,0.5686265549371503,9,
2021-12-06,14805.0,14740.0,27927.369140625,873669.6989999999,59,2886397.605,37737.06157534242,30070.77751631161,7666.284059030813,279.2927123287227,3640780.0,9662888.275268286,9418915.104871027,-243973.1703972601,2.5870596698704746,0.8663220346941478,9,
2021-12-07,15000.0,15440.0,28455.599609375,885177.0,59,0.0,0.0,0.0,0.0,362.438136986224,4724640.0,9662888.275268286,9617235.66673404,-45652.60853424642,2.0355488813399623,0.7094817935757618,9,
2021-12-08,15705.0,15730.0,28860.619140625,157081.41,10,2700719.748,115950.04768493165,92394.79549773778,23555.252187193866,173.76263013709104,2265120.0,9755283.070766024,9677624.989916708,-77658.08084931504,4.272455759481488,1.4552480990267125,9,
2021-12-09,15690.0,15580.0,28725.470703125,31386.275999999998,2,941211.7200000001,7543.006027397372,6010.644352931597,1532.361674465776,102.78531506849686,1339880.0,9761293.715118956,9660575.286927175,-100718.42819178083,7.210030216830742,2.441723198894966,9,
2021-12-10,15375.0,15255.0,28437.76953125,61512.299999999996,4,0.0,0.0,0.0,0.0,105.3221917807823,1372950.0,9761293.715118956,9632027.664735394,-129266.05038356161,7.015570606894201,2.3620402311459454,9,
2021-12-13,15535.0,15480.0,28640.490234375,341838.354,22,0.0,0.0,0.0,0.0,133.00076712312875,1733760.0,9761293.715118956,9650866.30996827,-110427.40515068492,5.566437286572692,1.8812689067792423,9,
2021-12-14,15375.0,15265.0,28432.640625,107646.525,7,0.0,0.0,0.0,0.0,139.35063013690524,1816535.0,9761293.715118956,9625855.434338134,-135438.2807808219,5.2990200763201,1.7816989783061186,9,
2021-12-15,15150.0,15310.0,28459.720703125,439437.87,29,0.0,0.0,0.0,0.0,173.82093150680885,2265880.0,9761293.715118956,9635588.743406627,-125704.97171232873,4.252470891400527,1.432590446843739,9,
2021-12-16,15865.0,15950.0,29066.3203125,523649.709,33,459992.983,20521.053493150695,16352.201476017131,4168.852017133564,185.98136986308964,2424400.0,9777645.916594975,9726097.184019633,-51548.732575342416,4.011754324377014,1.3677113708316622,9,
2021-12-17,15660.0,15365.0,28545.6796875,31326.264,2,516676.64400000003,5526.130479452096,4403.497072551402,1122.6334069006932,142.6208767122589,1859165.0,9782049.413667526,9644947.309736019,-137102.1039315068,5.187784467616386,1.7368339129687276,9,
2021-12-20,15090.0,14710.0,27937.810546875,241488.288,16,0.0,0.0,0.0,0.0,154.59605479444144,2015270.0,9782049.413667526,9559409.425681224,-222639.98798630136,4.74348818058187,1.5597752865347647,9,
2021-12-21,15140.0,15325.0,28517.58984375,863152.596,57,0.0,0.0,0.0,0.0,228.06958904117346,2973050.0,9782049.413667526,9653808.760092184,-128240.65357534244,3.247106089736864,1.0889623808939752,9,
2021-12-22,15430.0,15360.0,28562.2109375,138897.774,9,246830.624,5305.471123287682,4227.664664591789,1077.8064586958926,220.34235616453225,2872320.0,9786277.078332117,9659713.461277323,-126563.61705479451,3.3630352681029003,1.1272833438553227,9,
2021-12-23,15525.0,15595.0,28798.369140625,108696.735,7,884748.015,21461.245684931502,17101.393624037668,4359.852060893834,163.89704109576996,2136515.0,9803378.471956154,9695435.992175333,-107942.4797808219,4.537967667989849,1.5221123569900064,9,
2021-12-24,15660.0,15625.0,28782.58984375,93978.792,6,0.0,0.0,0.0,0.0,171.40410958894063,2234375.0,9803378.471956154,9699145.796065744,-104232.67589041093,4.340876440197256,1.4570312871274185,9,
2021-12-27,15605.0,15490.0,28676.4609375,46824.363,3,140416.91100000002,1486.9776575342635,1184.8981464061778,302.07951112808564,162.79353424650617,2122130.0,9804563.37010256,9680028.471020369,-124534.89908219177,4.5614681810352655,1.5243115105757756,9,
2021-12-28,15790.0,15890.0,29069.16015625,15793.158,1,0.0,0.0,0.0,0.0,168.2163287671283,2192820.0,9804563.37010256,9734757.096691601,-69806.27341095888,4.4393781052214045,1.5000536274206897,9,
2021-12-29,15875.0,15745.0,28906.880859375,0.0,0,476154.75,6568.42200000003,5234.047070700024,1334.3749293000058,130.44624657533132,1700460.0,9809797.417173259,9717087.025515724,-92710.3916575342,5.71438729844614,1.920056135315259,9,
2021-12-30,15645.0,15655.0,28791.7109375,15648.128999999999,1,0.0,0.0,0.0,0.0,130.90153424674645,1706395.0,9809797.417173259,9707242.994981479,-102554.4221917808,5.688743224740742,1.9075323848169334,9,
2022-01-04,15950.0,16190.0,29301.7890625,47859.57,3,0.0,0.0,0.0,0.0,139.1009315068368,1813280.0,9809797.417173259,9766129.324049972,-43668.09312328763,5.385891491689079,1.8274899364282835,9,
2022-01-05,16170.0,16240.0,29332.16015625,0.0,0,614337.1079999998,10902.364849315027,8687.549430176678,2214.8154191383474,92.18980821914738,1201760.0,9818484.966603436,9766639.426822614,-51845.53978082191,8.126946667240226,2.748690670384924,9,
2022-01-06,15915.0,15335.0,28487.869140625,0.0,0,0.0,0.0,0.0,0.0,87.05238356156042,1134790.0,9818484.966603436,9699582.374439051,-118902.59216438356,8.547469024611647,2.851736792952584,9,
2022-01-07,15530.0,15315.0,28478.560546875,419393.86199999996,27,0.0,0.0,0.0,0.0,118.6597808218794,1546815.0,9818484.966603436,9692094.85265823,-126390.11394520542,6.265839711056739,2.087202550862915,9,
2022-01-11,15180.0,15025.0,28222.48046875,349209.828,23,0.0,0.0,0.0,0.0,142.92273972614203,1863100.0,9818484.966603436,9659027.101918504,-159457.86468493144,5.184384682474641,1.715047791440914,9,
2022-01-12,15285.0,15600.0,28765.66015625,611522.2799999999,40,0.0,0.0,0.0,0.0,196.26082191779278,2558400.0,9818484.966603436,9742608.561096586,-75876.40550684917,3.8080865232553887,1.2815395319690943,9,
2022-01-13,15460.0,15275.0,28489.130859375,154630.92,10,973785.2039999999,12951.19326027399,10320.15834944933,2631.0349108246614,130.06767123291502,1695525.0,9828805.124952886,9696126.74251453,-132678.38243835612,5.718657491051167,1.8986022966787086,9,
2022-01-14,15050.0,14895.0,28124.279296875,526855.35,35,0.0,0.0,0.0,0.0,166.82399999990594,2174670.0,9828805.124952886,9648249.56851453,-180555.55643835608,4.4366499600006115,1.458190742078645,9,
2022-01-17,15110.0,15105.0,28333.51953125,604520.88,40,0.0,0.0,0.0,0.0,215.52558904106263,2809530.0,9828805.124952886,9678373.16292549,-150431.96202739718,3.44483709479005,1.1393335290593394,9,
2022-01-18,15255.0,15020.0,28257.25,274644.918,18,0.0,0.0,0.0,0.0,235.0527123286738,3064080.0,9828805.124952886,9658043.19221316,-170761.93273972595,3.1520205713340257,1.0379711712727566,9,
2022-01-19,14620.0,14185.0,27467.23046875,263212.632,18,0.0,0.0,0.0,0.0,241.57249315059744,3149070.0,9828805.124952886,9479578.987720009,-349226.13723287656,3.0102789038414546,0.9532087027240191,9,
2022-01-20,14100.0,14510.0,27772.9296875,930786.12,66,0.0,0.0,0.0,0.0,320.5716164385085,4178880.0,9828805.124952886,9578282.29610357,-250522.82884931503,2.292069237715266,0.7418503681020393,9,
2022-01-21,13950.0,14255.0,27522.259765625,767403.45,55,0.0,0.0,0.0,0.0,375.0822465752717,4889465.0,9828805.124952886,9521088.763856996,-307716.3610958903,1.9472659613796184,0.6222633870497282,9,
2022-01-24,13960.0,14310.0,27588.369140625,823804.728,59,767646.4400000001,182.84561643846325,145.70052945898945,37.14508697947381,380.9204383561155,4965570.0,9828950.825482346,9540617.41033166,-288333.4151506848,1.9213539251952265,0.6165455188791961,9,
2022-01-25,14160.0,13825.0,27131.33984375,807281.424,57,1769646.0,14772.295232876713,11771.303456317808,3000.9917765589043,295.89287671243073,3857175.0,9840722.128938664,9391290.10167839,-449432.02726027387,2.4347586255947395,0.7510948907991233,9,
2022-01-26,13840.0,13735.0,27011.330078125,941308.224,68,0.0,0.0,0.0,0.0,365.6144109588349,4766045.0,9840722.128938664,9358486.263267431,-482235.8656712328,1.9635748851023085,0.6009038904576416,9,
2022-01-27,13875.0,12850.0,26170.30078125,902055.375,65,0.0,0.0,0.0,0.0,406.1304109588382,5294200.0,9840722.128938664,8984179.757856471,-856542.3710821918,1.6969853344899082,0.47017912938201656,9,margin_warning
2022-01-28,13215.0,13415.0,26717.33984375,951670.296,72,0.0,0.0,0.0,0.0,498.0824109588866,6492860.0,9840722.128938664,9230671.379445514,-610050.7494931506,1.421664933395378,0.42126518759874,9,margin_warning
2022-01-31,13360.0,13695.0,27001.98046875,908661.696,68,961727.6159999999,9983.22509589036,7955.132917660234,2028.0921782301268,504.27616438333644,6573600.0,9848677.261856323,9361944.931102898,-486732.33075342455,1.4241731975025707,0.43446542782485503,9,margin_warning
2022-02-01,13985.0,13765.0,27078.48046875,797304.429,57,950789.804,42056.668876712334,33512.85659440822,8543.81228230411,495.23830136988545,6455785.0,9882190.118450731,9388576.255519224,-493613.8629315068,1.4542888673521848,0.4399281192895537,9,margin_warning
2022-02-02,14000.0,14220.0,27533.599609375,532106.4,38,0.0,0.0,0.0,0.0,553.0606027396861,7209540.0,9882190.118450731,9609671.794916485,-272518.32353424653,1.332910531728305,0.4245241488891429,9,margin_warning
2022-02-03,13920.0,13915.0,27241.310546875,55691.136,4,1850989.7280000001,6861.256068493225,5467.3918981788265,1393.8641703143985,403.4968767123646,5259870.0,9887657.510348909,9453503.025869457,-434154.484479452,1.7972883409417832,0.5508102501373607,9,
2022-02-04,13810.0,14095.0,27439.990234375,69063.81,5,0.0,0.0,0.0,0.0,414.12268493161537,5398385.0,9887657.510348909,9522540.093184525,-365117.4171643835,1.7639609055642613,0.5493889848575336,9,
2022-02-07,13970.0,13910.0,27248.869140625,55891.176,4,125704.85399999999,935.9068493150716,745.7773728767147,190.1294764383568,403.3518904110533,5257980.0,9888403.287721787,9451355.289817678,-437047.9979041096,1.7975259110566564,0.5502662986381769,9,
2022-02-08,13980.0,13965.0,27284.51953125,209741.94,15,0.0,0.0,0.0,0.0,421.01605479454156,5488245.0,9888403.287721787,9471457.333762882,-416945.953958904,1.7257715961592244,0.5307653395218276,9,
2022-02-09,14190.0,14265.0,27579.869140625,170314.05599999998,12,0.0,0.0,0.0,0.0,443.192054794461,5777325.0,9888403.287721787,9589780.085708087,-298623.20201369846,1.6598997088978182,0.5246112657145622,9,
2022-02-10,14530.0,14400.0,27696.080078125,58131.623999999996,4,1656088.716,60324.306835616466,48069.42390196098,12254.882933655485,325.87397260271246,4248000.0,9936472.711623747,9645831.42080183,-290641.2908219177,2.2706759465164383,0.7123942878954581,9,
2022-02-14,13800.0,13740.0,27079.58984375,27605.52,2,0.0,0.0,0.0,0.0,313.04613698623143,4080780.0,9936472.711623747,9450692.854664844,-485779.856958904,2.315903541642736,0.6936907460598055,9,
2022-02-15,13800.0,13500.0,26865.189453125,496899.36,36,0.0,0.0,0.0,0.0,344.86027397267753,4495500.0,9936472.711623747,9368168.63439087,-568304.0772328767,2.083899151238098,0.6112624273513485,9,
2022-02-16,14090.0,14135.0,27460.400390625,605991.174,43,0.0,0.0,0.0,0.0,407.7076164385071,5314760.0,9936472.711623747,9581029.752774432,-355442.95884931495,1.8027210547182624,0.5570117282671486,9,
2022-02-17,14070.0,13900.0,27232.869140625,42218.442,3,534553.068,9965.522027397268,7941.0262275315135,2024.495799865755,363.60876712336903,4739900.0,9944413.73785128,9496116.274207445,-448297.4636438355,2.00344232456538,0.6044728883654934,9,
2022-02-18,13565.0,13795.0,27122.0703125,217083.408,16,0.0,0.0,0.0,0.0,377.79402739723446,4924815.0,9944413.73785128,9463570.072180048,-480843.66567123274,1.9216092527699107,0.5750910536758858,9,
2022-02-21,13240.0,13570.0,26910.869140625,331066.19999999995,25,0.0,0.0,0.0,0.0,397.6567671233788,5183740.0,9944413.73785128,9391031.215412924,-553382.522438356,1.8116323765105742,0.5322953184331315,9,
2022-02-22,13040.0,13090.0,26449.609375,299979.984,23,0.0,0.0,0.0,0.0,406.6865753424936,5301450.0,9944413.73785128,9208354.544837583,-736059.1930136986,1.736950182466605,0.48594199262916277,9,margin_warning
2022-02-24,12910.0,12645.0,25970.8203125,697279.4280000001,54,0.0,0.0,0.0,0.0,445.2425753424177,5804055.0,9944413.73785128,9013234.87426224,-931178.8635890408,1.5529203073131181,0.4101670752040067,9,margin_warning
2022-02-25,12910.0,13120.0,26476.5,942618.486,73,0.0,0.0,0.0,0.0,535.4397808217327,6979840.0,9944413.73785128,9245865.948481418,-698547.7893698628,1.3246529932607938,0.3743248982944519,9,margin_warning
2022-02-28,13100.0,13175.0,26526.8203125,589617.8999999999,45,1663367.2600000002,23289.143369863035,18557.953894275357,4731.189475587676,454.8082191780559,5928750.0,9962971.691745555,9263339.310786651,-699632.3809589039,1.562443906521046,0.4396301596167389,9,margin_warning
2022-03-01,13500.0,13470.0,26844.720703125,540108.0,40,0.0,0.0,0.0,0.0,506.32438356179046,6600300.0,9962971.691745555,9394274.986403089,-568696.7053424653,1.423310302017043,0.414660948753938,9,margin_warning
2022-03-02,13090.0,13055.0,26393.029296875,104740.944,8,301009.78599999996,914.2348767122957,728.5080615081928,185.72681520410285,475.70273972616997,6201125.0,9963700.199807063,9190707.39884816,-772992.800958904,1.4821032310827729,0.40830157993739014,9,margin_warning
2022-03-03,13300.0,13225.0,26577.26953125,345869.16,26,0.0,0.0,0.0,0.0,508.2747945205192,6625725.0,9963700.199807063,9268929.964053638,-694770.2357534245,1.3989306776320536,0.393865339310069,9,margin_warning
2022-03-04,13075.0,12640.0,25985.470703125,52310.46,4,0.0,0.0,0.0,0.0,489.67013698630035,6383200.0,9963700.199807063,8973604.833916653,-990095.3658904104,1.4058160223581673,0.36248725169605134,9,margin_warning
2022-03-07,12060.0,11905.0,25221.41015625,759931.956,63,0.0,0.0,0.0,0.0,518.7318356164033,6762040.0,9963700.199807063,8591994.146081036,-1371706.053726027,1.27062160917135,0.285668112781794,9,margin_call
2022-03-08,11605.0,11455.0,24790.94921875,940193.001,81,0.0,0.0,0.0,0.0,570.3020821916871,7434295.0,9963700.199807063,8323485.842998844,-1640214.3568082189,1.1196066127317847,0.22364199970415732,9,margin_call
2022-03-09,11565.0,11390.0,24717.529296875,936952.353,81,0.0,0.0,0.0,0.0,637.840000000142,8314700.0,9963700.199807063,8266300.649998844,-1697399.549808219,0.9941790623833504,0.1930072723237902,9,margin_call
2022-03-10,12025.0,12315.0,25690.400390625,938137.5899999999,78,0.0,0.0,0.0,0.0,763.3275616438477,9950520.0,9963700.199807063,8963219.7324372,-1000480.4673698625,0.9007790278736388,0.23123950527885287,9,margin_call
2022-03-11,12045.0,11805.0,25162.779296875,0.0,0,2890221.84,74499.43906849333,59364.87802172891,15134.561046764422,514.3745753423427,6705240.0,10023065.077828793,8592512.636815093,-1430552.4410136985,1.2814623543400525,0.276683968478591,18,margin_call
2022-03-14,12010.0,11950.0,25307.849609375,0.0,0,0.0,0.0,0.0,0.0,520.6926027397276,6787600.0,10023065.077828793,8674351.944212355,-1348713.1336164381,1.277970408423059,0.2853071818604379,18,margin_call
2022-03-15,11850.0,11970.0,25346.48046875,0.0,0,0.0,0.0,0.0,0.0,521.5640547944349,6798960.0,10023065.077828793,8685190.38015756,-1337874.6976712323,1.2774292509674363,0.28634789724992066,18,margin_call
2022-03-16,12185.0,12370.0,25762.009765625,0.0,0,0.0,0.0,0.0,0.0,538.9930958903278,7026160.0,10023065.077828793,8911851.38706167,-1111213.6907671231,1.2683815038458661,0.3092713392940865,18,margin_warning
2022-03-17,13080.0,13240.0,26652.890625,0.0,0,823875.192,63483.339452054825,50586.69904236989,12896.640409684938,512.9139726026915,6686200.0,10073651.776871163,9382357.024679383,-691294.7521917808,1.4032420544822743,0.38579451668923953,18,margin_warning
2022-03-18,13200.0,13430.0,26827.4296875,0.0,0,0.0,0.0,0.0,0.0,520.2745205480023,6782150.0,10073651.776871163,9477786.750158835,-595865.0267123284,1.3974605029612786,0.3943305218030415,18,margin_warning
2022-03-22,13730.0,13815.0,27224.109375,0.0,0,617726.43,27461.632191780966,21882.801612020663,5578.830579760303,487.4991780821583,6354900.0,10095534.578483183,9662196.850400992,-433337.7280821916,1.5204325560435241,0.4454625119701006,18,margin_warning
2022-03-23,14320.0,14650.0,28040.16015625,0.0,0,1302859.3760000002,84430.47358904127,67278.42287942754,17152.050709613733,414.6953424658277,5405850.0,10162813.00136261,9998439.480348913,-164373.5210136985,1.8495591776221896,0.5701725313013135,18,
2022-03-24,14280.0,14720.0,28110.390625,0.0,0,1827474.432,36269.29723287674,28901.189500017837,7368.107732858911,272.1385205480037,3547520.0,10191714.19086263,9959943.666095506,-231770.5247671232,2.8075792852740804,0.8476992175740728,18,
2022-03-25,14955.0,14750.0,28149.83984375,0.0,0,0.0,0.0,0.0,0.0,272.69315068487776,3554750.0,10191714.19086263,9966900.972944822,-224813.2179178081,2.8038261405006883,0.8478555572197778,18,
2022-03-28,14670.0,14550.0,27943.890625,0.0,0,220005.99000000002,7034.526410958939,5605.462370572631,1429.0640403863085,252.25315068481723,3288300.0,10197319.6532332,9918775.645753749,-278544.007479452,3.0163840421353734,0.8997057553368882,9,
2022-03-29,14760.0,14830.0,28252.419921875,0.0,0,0.0,0.0,0.0,0.0,257.1075068494538,3351580.0,10197319.6532332,9981798.5382469,-215521.11498630128,2.9782366938121423,0.9014459509427166,9,
2022-03-30,15125.0,14850.0,28027.25,0.0,0,60487.9,2230.282136986307,1777.2003208575386,453.0818161287682,252.89753424644005,3296700.0,10199096.853554059,9986700.458896525,-212396.39465753417,3.0293021685007813,0.9171859620951202,9,
2022-03-31,14590.0,14660.0,27821.4296875,0.0,0,0.0,0.0,0.0,0.0,249.6618082190398,3254520.0,10199096.853554059,9944270.797088305,-254826.0564657534,3.0555260981921464,0.9159592313528706,9,
2022-04-01,14430.0,14520.0,27665.98046875,0.0,0,0.0,0.0,0.0,0.0,247.277589040983,3223440.0,10199096.853554059,9912943.519499265,-286153.3340547945,3.075268508022257,0.9149954962538351,9,
2022-04-04,14495.0,14565.0,27736.470703125,0.0,0,0.0,0.0,0.0,0.0,248.0439452053979,3233430.0,10199096.853554059,9922685.475554058,-276411.37799999997,3.068780049530702,0.915104701371006,9,
2022-04-05,14800.0,14620.0,27787.98046875,0.0,0,0.0,0.0,0.0,0.0,248.98060273984447,3245640.0,10199096.853554059,9934646.494951319,-264450.35860273964,3.060920648917107,0.9152706502719252,9,
2022-04-06,14325.0,14175.0,27350.30078125,0.0,0,0.0,0.0,0.0,0.0,241.4021917808568,3146850.0,10199096.853554059,9835615.092759538,-363481.7607945205,3.1255430327977307,0.9124572918839507,9,
2022-04-07,13775.0,13690.0,26888.5703125,41333.265,3,0.0,0.0,0.0,0.0,236.2931506849127,3080250.0,10199096.853554059,9727445.534608854,-471651.31894520536,3.1580052056193018,0.8969922498705107,9,
2022-04-08,13935.0,13780.0,26985.80078125,320569.101,23,0.0,0.0,0.0,0.0,262.1597808219958,3417440.0,10199096.853554059,9743804.273828031,-455292.5797260274,2.85119980857836,0.8131984634995778,9,
2022-04-11,13670.0,13615.0,26821.51953125,0.0,0,0.0,0.0,0.0,0.0,259.0207123288419,3376520.0,10199096.853554059,9702625.253115702,-496471.60043835617,2.8735577615757353,0.8107811935594454,18,
2022-04-12,13370.0,13120.0,26334.98046875,0.0,0,0.0,0.0,0.0,0.0,249.60350684914738,3253760.0,10199096.853554059,9579615.649608854,-619481.2039452055,2.944167870282029,0.8034887971650154,18,
2022-04-13,13200.0,13640.0,26843.490234375,158431.68,12,0.0,0.0,0.0,0.0,272.05260273988824,3546400.0,10199096.853554059,9713551.917006114,-485544.9365479452,2.738989374296784,0.7748770368424771,18,
2022-04-14,13705.0,13965.0,27172.0,0.0,0,0.0,0.0,0.0,0.0,278.53479452064494,3630900.0,10199096.853554059,9797773.382211594,-401323.4713424657,2.698442089347433,0.7799627788892891,18,
2022-04-15,13615.0,13895.0,27093.189453125,0.0,0,163347.324,4890.232273972603,3896.781587515069,993.4506864575343,264.34761643834645,3445960.0,10202993.635141574,9774922.907908697,-428070.72723287664,2.836632725832191,0.8136953997364487,18,
2022-04-18,13595.0,13570.0,26799.7109375,81586.314,6,0.0,0.0,0.0,0.0,264.41052054805914,3446780.0,10202993.635141574,9693892.18338815,-509101.45175342466,2.8124487734604906,0.7899159983041322,9,
2022-04-19,13870.0,13760.0,26985.08984375,305201.028,22,0.0,0.0,0.0,0.0,291.33501369849546,3797760.0,10202993.635141574,9739379.82037445,-463613.81476712326,2.564506398607192,0.7288146082446811,9,
2022-04-20,14000.0,13995.0,27217.849609375,56011.2,4,83983.20000000001,2384.30671232878,1899.9348037191885,484.3719086095917,294.16339726018487,3834630.0,10204893.569945294,9803443.285068583,-401450.2848767122,2.5565552048225206,0.7378151115471011,9,
2022-04-21,14040.0,14330.0,27553.060546875,70214.04,5,42111.576,746.7753287671248,595.0679207280834,151.7074080390414,303.40339726029197,3955080.0,10205488.63786602,9895335.71026328,-310152.9276027397,2.501930608296995,0.738313816069595,9,
2022-04-22,13850.0,13880.0,27105.259765625,27705.54,2,0.0,0.0,0.0,0.0,296.00526027416345,3858640.0,10205488.63786602,9770894.165003007,-434594.4728630136,2.5322119101556524,0.7244398692648151,9,
2022-04-25,13335.0,13345.0,26590.779296875,213402.672,16,0.0,0.0,0.0,0.0,300.97545205487404,3923430.0,10205488.63786602,9621980.517550953,-583508.1203150684,2.452440980863926,0.6744450733760704,9,
2022-04-26,13555.0,13435.0,26700.109375,677885.5499999999,50,0.0,0.0,0.0,0.0,354.5367671234417,4621640.0,10205488.63786602,9641950.430783829,-563538.2070821917,2.0862616800061944,0.5767981518901579,9,
2022-04-27,12930.0,13135.0,26386.630859375,569033.784,44,0.0,0.0,0.0,0.0,390.9551780821639,5096380.0,10205488.63786602,9547265.691605747,-658222.9462602737,1.8733425866214346,0.5044124881475608,9,
2022-04-28,13160.0,13600.0,26847.900390625,855571.08,65,578924.192,9846.072876712382,7845.843171808261,2000.2297049041204,426.70465753413737,5562400.0,10213334.48103783,9734211.869243309,-479122.6117945204,1.750002133834911,0.4939146980527795,9,margin_warning
2022-05-02,13475.0,13545.0,26818.529296875,458241.63,34,1091256.705,22149.455136986428,17649.793325907634,4499.661811078793,376.1427945206524,4903290.0,10230984.274363738,9703241.13963771,-527743.1347260273,1.978924587295002,0.5493974023383634,9,
2022-05-06,13500.0,13750.0,27003.560546875,310562.1,23,0.0,0.0,0.0,0.0,406.09589041076833,5293750.0,10230984.274363738,9782732.943747299,-448251.33061643824,1.847977887838923,0.5238140254320381,9,
2022-05-09,13450.0,13065.0,26319.33984375,40358.07,3,0.0,0.0,0.0,0.0,388.8716712326277,5069220.0,10230984.274363738,9517456.002076067,-713528.272287671,1.8774991028355579,0.49460758929152554,9,margin_warning
2022-05-10,12875.0,12925.0,26167.099609375,669633.8999999999,52,0.0,0.0,0.0,0.0,436.2630136985681,5687000.0,10230984.274363738,9465165.839062368,-765818.4353013698,1.6643512992900245,0.4316068679024073,9,margin_warning
2022-05-11,12790.0,12975.0,26213.640625,639627.8999999999,50,0.0,0.0,0.0,0.0,487.71780821913853,6357750.0,10230984.274363738,9495800.22125415,-735184.0531095888,1.4935787379582635,0.3908135617387522,9,margin_warning
2022-05-12,12575.0,12505.0,25748.720703125,679185.8099999999,54,0.0,0.0,0.0,0.0,521.8524931506254,6802720.0,10230984.274363738,9261062.558760999,-969921.7156027392,1.361376413958093,0.33066705775899213,9,margin_warning
2022-05-13,12690.0,13140.0,26427.650390625,0.0,0,0.0,0.0,0.0,0.0,548.3519999998971,7148160.0,10230984.274363738,9605954.206760999,-625030.0676027396,1.3438359251557042,0.3628596314517653,19,margin_warning
2022-05-16,13480.0,13265.0,26547.05078125,0.0,0,2102459.4239999996,113551.83383561656,90483.77879191106,23068.055043705506,394.8245479450561,5146820.0,10321468.053155648,9683610.751169346,-637857.3019863012,1.881474532074047,0.49690655379108617,19,margin_warning
2022-05-17,13270.0,13370.0,26659.75,0.0,0,0.0,0.0,0.0,0.0,397.9498082191567,5187560.0,10321468.053155648,9723952.801361127,-597515.2517945206,1.8744752448860595,0.5007041247844073,19,
2022-05-18,13550.0,13620.0,26911.19921875,0.0,0,0.0,0.0,0.0,0.0,405.390904109634,5284560.0,10321468.053155648,9820547.410457017,-500920.64269862993,1.8583472248317772,0.5097154555456616,19,
2022-05-19,12885.0,13115.0,26402.83984375,0.0,0,0.0,0.0,0.0,0.0,390.359890410793,5088620.0,10321468.053155648,9624217.050566606,-697251.0025890411,1.8913216256208178,0.4906833656232061,19,margin_warning
2022-05-20,13175.0,13445.0,26739.029296875,0.0,0,0.0,0.0,0.0,0.0,400.1821369861718,5216660.0,10321468.053155648,9751856.86842962,-569611.1847260273,1.8693679228528637,0.5030308326982373,19,
2022-05-23,13710.0,13710.0,27001.51953125,0.0,0,0.0,0.0,0.0,0.0,408.06969863013364,5319480.0,10321468.053155648,9854268.79873099,-467199.25442465744,1.8524872353558977,0.5124833036887677,19,
2022-05-24,13710.0,13450.0,26748.140625,0.0,0,507168.546,8085.709835616429,6443.097882510951,1642.6119531054776,362.15506849298254,4720950.0,10327911.151038159,9760902.577709392,-567008.573328767,2.067571691653034,0.5558903607071919,19,
2022-05-25,13445.0,13395.0,26677.80078125,0.0,0,0.0,0.0,0.0,0.0,360.67413698649034,4701645.0,10327911.151038159,9741236.903572405,-586674.2474657533,2.071878439051099,0.5539134175605869,19,
2022-05-26,13390.0,13310.0,26604.83984375,0.0,0,0.0,0.0,0.0,0.0,358.38542465749197,4671810.0,10327911.151038159,9711043.518147748,-616867.632890411,2.0786469308785565,0.5509112055621548,19,
2022-05-27,13690.0,13475.0,26781.6796875,0.0,0,0.0,0.0,0.0,0.0,362.8282191780163,4729725.0,10327911.151038159,9768595.68992857,-559315.4611095887,2.0653622969471948,0.5562568273671248,18,
2022-05-30,13835.0,14090.0,27369.4296875,0.0,0,0.0,0.0,0.0,0.0,379.3877260273439,4945590.0,10327911.151038159,9984081.302202541,-343829.8488356164,2.018784675276871,0.5754718946307557,18,
2022-05-31,14060.0,13975.0,27279.80078125,0.0,0,1026174.724,36252.05586301384,28887.450714442577,7364.6051485712605,298.03123287676135,3885050.0,10356798.6017526,9942053.389821094,-414745.21193150687,2.5590541665669924,0.7123383348707429,18,
2022-06-01,14005.0,14165.0,27457.890625,0.0,0,0.0,0.0,0.0,0.0,302.0831780823064,3937870.0,10356798.6017526,9994571.306643011,-362227.295109589,2.538065326342162,0.7160434147225316,18,
2022-06-02,14085.0,14130.0,27413.880859375,0.0,0,0.0,0.0,0.0,0.0,301.33676712348824,3928140.0,10356798.6017526,9984539.969875887,-372258.6318767124,2.541798400738234,0.7151866298042252,18,
2022-06-03,14430.0,14480.0,27761.5703125,0.0,0,0.0,0.0,0.0,0.0,308.80087671236834,4025440.0,10356798.6017526,10081531.168999175,-275267.43275342457,2.5044544618722857,0.721917506221865,18,
2022-06-06,14270.0,14640.0,27915.890625,0.0,0,642021.5700000001,14679.946369863006,11697.715264825336,2982.2311050376697,261.6749589040992,3411120.0,10368496.317017425,10105988.832935233,-262507.48408219166,2.9626600157529586,0.8547197544656991,18,
2022-06-07,14700.0,14665.0,27943.94921875,0.0,0,29394.12,1630.4420273972585,1299.2177295315055,331.22429786575304,259.871835616359,3387615.0,10369795.534746956,10111286.85680175,-258508.67794520542,2.984780400606843,0.8616561677925443,18,
2022-06-08,14860.0,14975.0,28234.2890625,0.0,0,0.0,0.0,0.0,0.0,265.36520547949476,3459225.0,10369795.534746956,10182631.49159627,-187164.04315068485,2.943616414542642,0.8643666221322931,18,
2022-06-09,14960.0,14985.0,28246.529296875,0.0,0,134613.072,8091.5593972602765,6447.759105706851,1643.8002915534253,255.19660273974296,3326670.0,10376243.293852663,10182790.566701978,-193452.7271506849,3.060956021096766,0.8963470820824693,18,
2022-06-10,14740.0,14530.0,27824.2890625,0.0,0,0.0,0.0,0.0,0.0,247.44789041095646,3225660.0,10376243.293852663,10081533.118811566,-294710.17504109576,3.1254171607706844,0.8929478158796854,18,
2022-06-13,13855.0,13660.0,26987.439453125,0.0,0,0.0,0.0,0.0,0.0,232.63167123275343,3032520.0,10376243.293852663,9888160.487140333,-488082.80671232875,3.2607074272025685,0.8859762799348398,18,
2022-06-14,13100.0,13305.0,26629.859375,0.0,0,0.0,0.0,0.0,0.0,226.58597260265378,2953710.0,10376243.293852663,9809123.901167732,-567119.3926849315,3.3209502290907813,0.882780508744188,18,
2022-06-15,13280.0,13005.0,26326.16015625,225805.15199999997,17,0.0,0.0,0.0,0.0,238.43687671230873,3108195.0,10376243.293852663,9737565.312291019,-638677.9815616438,3.1328682120301394,0.8158048612552851,18,
2022-06-16,13480.0,13105.0,26431.19921875,310102.008,23,0.0,0.0,0.0,0.0,263.3925479450845,3433510.0,10376243.293852663,9752514.911743073,-623728.3821095891,2.8403921677068285,0.7427870597824036,18,
2022-06-17,12420.0,12630.0,25963.0,310562.10000000003,25,0.0,0.0,0.0,0.0,278.0676164382021,3624810.0,10376243.293852663,9632974.744126635,-743268.5497260273,2.657511633472274,0.670531300233834,18,
2022-06-20,12840.0,12435.0,25771.220703125,308221.632,24,0.0,0.0,0.0,0.0,296.6684383559623,3867285.0,10376243.293852663,9566931.443688279,-809311.8501643834,2.4738108113801487,0.611335495967815,18,
2022-06-21,12735.0,12890.0,26246.310546875,305701.128,24,0.0,0.0,0.0,0.0,331.25534246576717,4318150.0,10376243.293852663,9711764.060345814,-664479.2335068494,2.2490566701818633,0.5809686914162222,18,
2022-06-22,13085.0,12815.0,26149.55078125,0.0,0,327059.575,16424.684589041073,13088.00991477738,3336.6746742636938,304.7512328766752,3972650.0,10389331.303767439,9689682.209438672,-699649.0943287669,2.4390978841424924,0.6217257166148294,18,
2022-06-23,12780.0,12810.0,26171.25,0.0,0,0.0,0.0,0.0,0.0,304.6323287670384,3971100.0,10389331.303767439,9687827.577109905,-701503.7266575343,2.4395828805897373,0.6214246439153805,18,
2022-06-24,12840.0,13150.0,26491.970703125,0.0,0,0.0,0.0,0.0,0.0,312.71780821919674,4076500.0,10389331.303767439,9792914.859301686,-596416.4444657533,2.402285013933935,0.6310594794151672,3,
2022-06-27,13425.0,13520.0,26871.26953125,0.0,0,0.0,0.0,0.0,0.0,321.51671232876834,4191200.0,10389331.303767439,9907293.342589356,-482037.96117808204,2.36383215847236,0.6410027997736379,3,
2022-06-28,13425.0,13690.0,27049.470703125,0.0,0,644271.12,30085.442301369847,23973.584697846563,6111.857603523285,275.1502465753583,3586780.0,10413304.888465285,9940757.454739258,-472547.4337260274,2.771499075700003,0.7498855391223402,3,
2022-06-29,13460.0,13460.0,26804.599609375,0.0,0,0.0,0.0,0.0,0.0,270.52756164385937,3526520.0,10413304.888465285,9880226.927177614,-533077.9612876712,2.80169314995452,0.7454582418049351,3,
2022-06-30,13405.0,13040.0,26393.0390625,0.0,0,0.0,0.0,0.0,0.0,262.0861369863851,3416480.0,10413304.888465285,9769924.841040628,-643380.0474246573,2.8596464317193804,0.7371063862852901,3,
2022-07-01,13075.0,12605.0,25935.619140625,0.0,0,0.0,0.0,0.0,0.0,253.3432328766212,3302510.0,10413304.888465285,9655701.49780775,-757603.3906575342,2.9237463316712895,0.7278804727768317,18,
2022-07-04,12760.0,12810.0,26153.810546875,0.0,0,0.0,0.0,0.0,0.0,257.4634520547115,3356220.0,10413304.888465285,9709154.034355696,-704150.8541095891,2.8928836710214756,0.732081810264555,18,
2022-07-05,13080.0,13065.0,26423.470703125,0.0,0,0.0,0.0,0.0,0.0,262.5886027395027,3423030.0,10413304.888465285,9775701.445752956,-637603.4427123285,2.855862042036721,0.7371575580817655,18,
2022-07-06,12780.0,12770.0,26107.650390625,0.0,0,0.0,0.0,0.0,0.0,256.6595068492461,3345740.0,10413304.888465285,9698154.786246108,-715150.102219178,2.8986576321669073,0.7309322054394326,18,
2022-07-07,12935.0,13135.0,26490.529296875,0.0,0,0.0,0.0,0.0,0.0,263.99550684931455,3441370.0,10413304.888465285,9793520.790739259,-619784.0977260272,2.845820353736814,0.7382557312969044,18,
2022-07-08,13250.0,13235.0,26517.189453125,0.0,0,0.0,0.0,0.0,0.0,266.005369862949,3467570.0,10413304.888465285,9819454.785369394,-593850.1030958904,2.831797133257409,0.7400799739510673,18,
2022-07-11,13570.0,13435.0,26812.30078125,0.0,0,0.0,0.0,0.0,0.0,270.0250958905672,3519970.0,10413304.888465285,9871584.760273505,-541720.1281917808,2.804451390288413,0.7437958462946337,18,
2022-07-12,13320.0,12975.0,26336.66015625,0.0,0,0.0,0.0,0.0,0.0,260.77972602739464,3399450.0,10413304.888465285,9750803.980547477,-662500.9079178082,2.868347521083551,0.7345592685962925,18,
2022-07-13,13030.0,13115.0,26478.76953125,0.0,0,0.0,0.0,0.0,0.0,263.5935342464363,3436130.0,10413304.888465285,9787220.38701323,-626084.5014520547,2.8483265729216387,0.7372393706178675,18,
2022-07-14,13005.0,13295.0,26643.390625,0.0,0,0.0,0.0,0.0,0.0,267.21128767123446,3483290.0,10413304.888465285,9834113.175725559,-579191.712739726,2.823225506841394,0.7406434422588504,18,
2022-07-15,13440.0,13445.0,26788.470703125,0.0,0,0.0,0.0,0.0,0.0,270.22608219168615,3522590.0,10413304.888465285,9873142.949643368,-540161.9388219176,2.802807862863225,0.7433835455790904,18,
2022-07-19,13620.0,13595.0,26961.6796875,0.0,0,0.0,0.0,0.0,0.0,273.24087671242887,3561890.0,10413304.888465285,9912169.708766656,-501135.17969863,2.7828399273325837,0.7460614904076269,18,
2022-07-20,14015.0,14330.0,27680.259765625,0.0,0,0.0,0.0,0.0,0.0,288.01336986303795,3754460.0,10413304.888465285,10104451.695396792,-308853.19306849304,2.691319576023394,0.7589328253139723,18,
2022-07-21,14250.0,14440.0,27803.0,0.0,0,569886.0,32994.21539726033,26291.440539306896,6702.774857953436,245.91517808218487,3205680.0,10439596.329004593,10118609.005360758,-320987.32364383555,3.156462593072533,0.8829016354461201,18,
2022-07-22,14440.0,14565.0,27914.66015625,0.0,0,0.0,0.0,0.0,0.0,248.0439452053979,3233430.0,10439596.329004593,10146110.961415552,-293485.367589041,3.137878649426631,0.8837531744390654,18,
2022-07-25,14340.0,14335.0,27699.25,0.0,0,0.0,0.0,0.0,0.0,244.1270136985113,3182370.0,10439596.329004593,10094806.834401853,-344789.4946027397,3.1721034431577264,0.8817346106201072,18,
2022-07-26,14305.0,14290.0,27655.2109375,0.0,0,0.0,0.0,0.0,0.0,243.3606575341546,3172380.0,10439596.329004593,10084573.47374432,-355022.8552602739,3.178866804652759,0.881208761713301,18,
2022-07-27,14210.0,14365.0,27715.75,0.0,0,0.0,0.0,0.0,0.0,244.63791780814063,3189030.0,10439596.329004593,10100978.83582651,-338617.4931780821,3.1674141779244818,0.8816755488811411,18,
2022-07-28,14655.0,14460.0,27815.48046875,0.0,0,0.0,0.0,0.0,0.0,246.25578082195716,3210120.0,10439596.329004593,10121822.580045689,-317773.74895890406,3.153097884205478,0.882299497865121,18,
2022-07-29,14600.0,14430.0,27801.640625,0.0,0,0.0,0.0,0.0,0.0,245.74487671244424,3203460.0,10439596.329004593,10114916.835168976,-324679.4938356164,3.157497466854269,0.8819013736189485,18,
2022-08-01,14475.0,14635.0,27993.349609375,0.0,0,0.0,0.0,0.0,0.0,249.2360547943972,3248970.0,10439596.329004593,10160177.599114181,-279418.7298904109,3.127199573746197,0.8834022173869776,18,
2022-08-02,14470.0,14220.0,27594.73046875,0.0,0,0.0,0.0,0.0,0.0,242.1685479450971,3156840.0,10439596.329004593,10067805.430566236,-371790.8984383562,3.189203580341809,0.8798459741792038,18,
2022-08-03,14375.0,14375.0,27741.900390625,0.0,0,0.0,0.0,0.0,0.0,244.80821917805588,3191250.0,10439596.329004593,10101970.622347059,-337625.7066575341,3.1655215424510956,0.8809881233653025,18,
2022-08-04,14615.0,14570.0,27932.19921875,0.0,0,0.0,0.0,0.0,0.0,248.12909589050105,3234540.0,10439596.329004593,10145012.49325117,-294583.83575342456,3.1364622151066825,0.8824275138034282,18,
2022-08-05,14510.0,14825.0,28175.869140625,0.0,0,0.0,0.0,0.0,0.0,252.47178082179744,3291150.0,10439596.329004593,10201370.021470347,-238226.3075342465,3.099636911556856,0.8842964152153796,18,
2022-08-08,14710.0,14915.0,28249.240234375,0.0,0,0.0,0.0,0.0,0.0,254.00449315074366,3311130.0,10439596.329004593,10221096.016977197,-218500.31202739722,3.086890583268309,0.8848411684077023,18,
2022-08-09,14800.0,14645.0,27999.9609375,0.0,0,0.0,0.0,0.0,0.0,249.40635616448708,3251190.0,10439596.329004593,10160906.610621031,-278689.7183835616,3.125288466875523,0.8825646379440965,18,
2022-08-10,14550.0,14460.0,27819.330078125,0.0,0,0.0,0.0,0.0,0.0,246.25578082195716,3210120.0,10439596.329004593,10119590.35484021,-320005.97416438354,3.1524025129403914,0.880908755334948,18,
2022-08-12,14880.0,15190.0,28546.98046875,0.0,0,0.0,0.0,0.0,0.0,258.68778082187055,3372180.0,10439596.329004593,10281391.667059388,-158204.66194520544,3.0488857851773594,0.8864786097166163,18,
2022-08-15,15340.0,15560.0,28871.779296875,0.0,0,0.0,0.0,0.0,0.0,264.98893150681397,3454320.0,10439596.329004593,10363266.678127881,-76329.6508767123,3.0000887810416756,0.8890246011519389,18,
2022-08-16,15570.0,15555.0,28868.91015625,0.0,0,1447720.3980000003,39263.523780822055,31287.138924748055,7976.384856073999,153.93057534244144,2006595.0,10470883.46792934,10355131.760696463,-115751.7072328767,5.1605489701192635,1.5067430589947572,18,
2022-08-17,15665.0,15930.0,29222.76953125,0.0,0,0.0,0.0,0.0,0.0,157.64153424662072,2054970.0,10470883.46792934,10403349.119162217,-67534.34876712327,5.062530897853602,1.494660654605708,18,
2022-08-18,15640.0,15620.0,28942.140625,0.0,0,281463.696,4111.71805479451,3276.422531963005,835.2955228315047,133.00536986312363,1733820.0,10474159.890461303,10362694.514269523,-111465.37619178079,5.9767995029873475,1.7456157369725456,18,
2022-08-19,15795.0,15615.0,28930.330078125,0.0,0,0.0,0.0,0.0,0.0,132.96279452060116,1733265.0,10474159.890461303,10362006.551475001,-112153.33898630133,5.978316386400811,1.7457010621507378,18,
2022-08-22,15265.0,15445.0,28794.5,0.0,0,0.0,0.0,0.0,0.0,131.51523287669988,1714395.0,10474159.890461303,10343005.036242126,-131154.85421917806,6.033034998493419,1.7537554186887763,18,
2022-08-23,15225.0,15100.0,28452.75,0.0,0,0.0,0.0,0.0,0.0,128.5775342466659,1676100.0,10474159.890461303,10304581.458707878,-169578.43175342464,6.147951469905064,1.7708235582330716,18,
2022-08-24,15130.0,14980.0,28313.470703125,0.0,0,0.0,0.0,0.0,0.0,127.55572602734901,1662780.0,10474159.890461303,10291133.902981851,-183025.98747945201,6.189113354130944,1.776844955136817,18,
2022-08-25,15055.0,15155.0,28479.009765625,0.0,0,0.0,0.0,0.0,0.0,129.04586301365634,1682205.0,10474159.890461303,10310429.857118838,-163730.0333424657,6.129116164271797,1.7677210344615366,18,
2022-08-26,15340.0,15290.0,28641.380859375,0.0,0,0.0,0.0,0.0,0.0,130.1953972602496,1697190.0,10474159.890461303,10325284.661721578,-148875.22873972598,6.083752945587458,1.7607891703237994,18,
2022-08-29,14530.0,14495.0,27878.9609375,0.0,0,0.0,0.0,0.0,0.0,123.4259178081993,1608945.0,10474159.890461303,10236916.23580377,-237243.65465753424,6.362502283051173,1.8023623679779184,18,
2022-08-30,14695.0,14845.0,28195.580078125,0.0,0,0.0,0.0,0.0,0.0,126.40619178075576,1647795.0,10474159.890461303,10275639.829611989,-198520.06084931505,6.235994058491492,1.7832916763084432,3,
2022-08-31,14545.0,14715.0,28091.529296875,0.0,0,0.0,0.0,0.0,0.0,125.29923287674319,1633365.0,10474159.890461303,10261084.530379111,-213075.36008219176,6.28217485398494,1.790058259664507,3,
2022-09-01,14415.0,14265.0,27661.470703125,0.0,0,0.0,0.0,0.0,0.0,121.46745205472689,1583415.0,10474159.890461303,10211013.062927056,-263146.82753424655,6.448728263232985,1.8148278084979665,3,
2022-09-02,14360.0,14245.0,27650.83984375,0.0,0,0.0,0.0,0.0,0.0,121.29715068504447,1581195.0,10474159.890461303,10208671.765776372,-265488.1246849315,6.456301573035819,1.8158184032275828,3,
2022-09-05,14175.0,14220.0,27619.609375,0.0,0,0.0,0.0,0.0,0.0,121.08427397249034,1578420.0,10474159.890461303,10205775.6815024,-268384.2089589041,6.465817514668085,1.817099258463205,3,
2022-09-06,14275.0,14215.0,27626.509765625,0.0,0,0.0,0.0,0.0,0.0,121.04169863008428,1577865.0,10474159.890461303,10205099.639803769,-269060.25065753417,6.467663355105645,1.8172332412127985,3,
2022-09-07,14140.0,14045.0,27430.30078125,0.0,0,0.0,0.0,0.0,0.0,119.59413698624121,1558995.0,10474159.890461303,10186110.045666782,-288049.8447945205,6.533766975305746,1.8269715681398977,3,
2022-09-08,14345.0,14685.0,28065.279296875,0.0,0,0.0,0.0,0.0,0.0,125.04378082189942,1630035.0,10474159.890461303,10257025.001885962,-217134.88857534243,6.292518259967401,1.7907771626441247,3,
2022-09-09,14850.0,14865.0,28214.75,0.0,0,0.0,0.0,0.0,0.0,126.5764931506128,1650015.0,10474159.890461303,10276878.42539281,-197281.46506849313,6.228354545499775,1.7810482324853498,3,
2022-09-12,15165.0,15170.0,28542.109375,0.0,0,0.0,0.0,0.0,0.0,129.17358904110733,1683870.0,10474159.890461303,10310604.251803769,-163555.63865753423,6.123159300779614,1.7651914649861529,3,
2022-09-13,15230.0,15280.0,28614.630859375,0.0,0,0.0,0.0,0.0,0.0,130.11024657537928,1696080.0,10474159.890461303,10322684.141557194,-151475.74890410955,6.086201206049947,1.7595294630283254,18,
2022-09-14,14420.0,14425.0,27818.619140625,0.0,0,0.0,0.0,0.0,0.0,122.82986301369965,1601175.0,10474159.890461303,10227656.31169418,-246503.57876712328,6.387594305240952,1.8043949424185706,18,
2022-09-15,14480.0,14480.0,27875.91015625,0.0,0,0.0,0.0,0.0,0.0,123.29819178080652,1607280.0,10474159.890461303,10233638.013502399,-240521.87695890406,6.367053664266586,1.8011861502311315,18,
2022-09-16,14200.0,14150.0,27567.650390625,0.0,0,0.0,0.0,0.0,0.0,120.4882191780489,1570650.0,10474159.890461303,10196887.525283221,-277272.3651780821,6.492144987924249,1.819717632257433,18,
2022-09-20,14415.0,14290.0,27688.419921875,259521.894,18,0.0,0.0,0.0,0.0,141.41227397246985,1843410.0,10474159.890461303,10209984.219009249,-264175.67145205475,5.538639922214401,1.5574911607060782,18,
2022-09-21,14030.0,13885.0,27313.130859375,238557.70200000002,17,0.0,0.0,0.0,0.0,155.51199999992969,2027210.0,10474159.890461303,10155071.005009249,-319088.8854520548,5.009382848846074,1.3891141295461207,18,
2022-09-22,13630.0,13730.0,27153.830078125,313552.69800000003,23,0.0,0.0,0.0,0.0,178.00098630151479,2320370.0,10474159.890461303,10134500.306022948,-339659.5844383562,4.36762253693288,1.2046688047960405,18,
2022-09-26,13255.0,12975.0,26431.55078125,291668.322,22,0.0,0.0,0.0,0.0,190.11041095887776,2478225.0,10474159.890461303,10000496.873611988,-473663.0168493151,4.035346618491859,1.0737862025290967,18,
2022-09-27,13120.0,13125.0,26571.869140625,301820.352,23,0.0,0.0,0.0,0.0,215.46575342473807,2808750.0,10474159.890461303,10028986.055858564,-445173.83460273984,3.5706225388014468,0.9574926669357621,18,
2022-09-28,13025.0,12690.0,26173.98046875,312662.52,24,0.0,0.0,0.0,0.0,231.68810958910035,3020220.0,10474159.890461303,9927561.847748974,-546598.0427123287,3.2870326823042606,0.8567924297026852,18,
2022-09-29,13185.0,13210.0,26422.05078125,65938.185,5,0.0,0.0,0.0,0.0,246.2488767124596,3210030.0,10474159.890461303,10051187.413872262,-422972.47658904124,3.131181768977942,0.8445656113130466,3,
2022-09-30,12995.0,12660.0,25937.2109375,0.0,0,0.0,0.0,0.0,0.0,235.9962739724433,3076380.0,10474159.890461303,9917301.41759829,-556858.4728630137,3.2236919423472687,0.837659507842098,3,
2022-10-03,12490.0,12955.0,26215.7890625,62462.49,5,0.0,0.0,0.0,0.0,246.4644383561099,3212840.0,10474159.890461303,9991052.463159934,-483107.4273013698,3.109726118686251,0.8249597047654293,3,
2022-10-04,13405.0,13720.0,26992.2109375,0.0,0,0.0,0.0,0.0,0.0,261.0183013698552,3402560.0,10474159.890461303,10180511.444858564,-293648.4456027398,2.9920152605269457,0.8345661799515134,3,
2022-10-05,13920.0,13855.0,27120.529296875,0.0,0,403599.264,28343.91860273972,22585.851538593146,5758.067064146573,232.76399999996647,3034245.0,10496745.741999898,10209804.877794418,-286940.8642054795,3.364858433578837,0.9361070881187693,3,
2022-10-06,13895.0,14080.0,27311.30078125,0.0,0,694611.0499999999,34818.49373972597,27745.11673650064,7073.377003225332,182.5385205479106,2379520.0,10524490.858736398,10242435.012270644,-282055.84646575345,4.304412239556988,1.1926806052501715,20,
2022-10-07,13700.0,13845.0,27116.109375,0.0,0,0.0,0.0,0.0,0.0,179.49189041095087,2339805.0,10524490.858736398,10202540.520380232,-321950.3383561644,4.360423420062882,1.1957976711837377,20,
2022-10-11,13355.0,13135.0,26401.25,0.0,0,0.0,0.0,0.0,0.0,170.287178082217,2219815.0,10524490.858736398,10082380.233202152,-442110.62553424656,4.5419912169267045,1.2062279044280273,20,
2022-10-12,13090.0,13115.0,26396.830078125,0.0,0,0.0,0.0,0.0,0.0,170.02789041079814,2216435.0,10524490.858736398,10078830.20531174,-445660.6534246576,4.547315939926837,1.2063889714280274,20,
2022-10-13,13135.0,12965.0,26237.419921875,0.0,0,0.0,0.0,0.0,0.0,168.08323287667008,2191085.0,10524490.858736398,10053312.122078864,-471178.73665753426,4.588280291307212,1.2086233867793015,20,
2022-10-14,13565.0,13820.0,27090.759765625,0.0,0,0.0,0.0,0.0,0.0,179.1677808217937,2335580.0,10524490.858736398,10197627.954298042,-326862.90443835617,4.366207945905532,1.195563088337665,20,
2022-10-17,13515.0,13485.0,26775.7890625,0.0,0,0.0,0.0,0.0,0.0,174.82471232872922,2278965.0,10524490.858736398,10140838.129585713,-383652.72915068496,4.449755976763887,1.2002679235683853,20,
2022-10-18,13940.0,13885.0,27156.140625,0.0,0,0.0,0.0,0.0,0.0,180.01046575338114,2346565.0,10524490.858736398,10208258.119119959,-316232.73961643834,4.350298465680669,1.1943451672992302,20,
2022-10-19,13925.0,13970.0,27257.380859375,0.0,0,0.0,0.0,0.0,0.0,181.1124383561546,2360930.0,10524490.858736398,10222442.006681602,-302048.8520547945,4.329836973854203,1.193009255940162,20,
2022-10-20,13675.0,13720.0,27006.9609375,0.0,0,0.0,0.0,0.0,0.0,177.87134246574715,2318680.0,10524490.858736398,10180014.135339137,-344476.72339726024,4.390435133497998,1.1963727637888257,20,
2022-10-21,13630.0,13580.0,26890.580078125,0.0,0,0.0,0.0,0.0,0.0,176.0563287671539,2295020.0,10524490.858736398,10156178.079010371,-368312.7797260274,4.425311360689829,1.1982438006136504,20,
2022-10-24,14000.0,13690.0,26974.900390625,0.0,0,0.0,0.0,0.0,0.0,177.4824109589681,2313610.0,10524490.858736398,10174590.596599411,-349900.26213698636,4.397712058903363,1.196497474709403,20,
2022-10-25,13870.0,13925.0,27250.279296875,0.0,0,0.0,0.0,0.0,0.0,180.52904109586962,2353325.0,10524490.858736398,10214125.067558315,-310365.7911780823,4.340295143067071,1.1930279346797534,20,
2022-10-26,14120.0,14140.0,27431.83984375,0.0,0,0.0,0.0,0.0,0.0,183.31638356146868,2389660.0,10524490.858736398,10250276.751174754,-274214.1075616438,4.289428935988699,1.1899395025288564,20,
2022-10-27,14120.0,14035.0,27345.240234375,0.0,0,0.0,0.0,0.0,0.0,181.9551232876256,2371915.0,10524490.858736398,10232349.796051467,-292141.06268493156,4.3139614176947605,1.1912070716558272,20,
2022-10-28,13735.0,13810.0,27105.19921875,0.0,0,0.0,0.0,0.0,0.0,179.0381369863171,2333890.0,10524490.858736398,10194145.75791448,-330345.1008219179,4.367877559745524,1.194168896174438,20,
2022-10-31,14190.0,14275.0,27587.4609375,0.0,0,0.0,0.0,0.0,0.0,185.06657534249825,2412475.0,10524490.858736398,10272545.691339137,-251945.16739726026,4.2580941528260965,1.1876905302404686,20,
2022-11-01,14320.0,14375.0,27678.919921875,0.0,0,329294.128,15119.670054794513,12048.109083163008,3071.5609716315053,161.0,2098750.0,10536538.96781956,10284882.258367505,-251656.70945205475,4.900479932515785,1.3638259006148652,20,
2022-11-02,14285.0,14380.0,27663.390625,0.0,0,0.0,0.0,0.0,0.0,161.0559999998659,2099480.0,10536538.96781956,10285451.202367505,-251087.7654520548,4.8990470032424716,1.363545971819426,20,
2022-11-04,13950.0,13880.0,27199.740234375,0.0,0,0.0,0.0,0.0,0.0,155.4560000001802,2026480.0,10536538.96781956,10212295.746367505,-324243.2214520548,5.039425874603996,1.3764885836107186,20,
2022-11-07,14085.0,14215.0,27527.640625,0.0,0,0.0,0.0,0.0,0.0,159.20799999992596,2075390.0,10536538.96781956,10261046.538367506,-275492.4294520548,4.9441534065248005,1.3674625824136422,20,
2022-11-08,14400.0,14570.0,27872.109375,0.0,0,0.0,0.0,0.0,0.0,163.1840000000666,2127220.0,10536538.96781956,10312713.354367506,-223825.6134520548,4.847976868573775,1.3583558827556383,20,
2022-11-09,14655.0,14420.0,27716.4296875,0.0,0,0.0,0.0,0.0,0.0,161.50399999995716,2105320.0,10536538.96781956,10290651.850367505,-245887.1174520548,4.887927654877883,1.361930154520666,20,
2022-11-10,14135.0,14140.0,27446.099609375,0.0,0,0.0,0.0,0.0,0.0,158.36799999984214,2064440.0,10536538.96781956,10249613.482367506,-286925.48545205477,4.964839608982342,1.3689436636160164,20,
2022-11-11,14850.0,14960.0,28263.5703125,0.0,0,0.0,0.0,0.0,0.0,167.55199999996694,2184160.0,10536538.96781956,10369165.930367505,-167373.03745205482,4.747438800439301,1.3485673910864813,20,
2022-11-14,14880.0,14675.0,27963.470703125,0.0,0,252909.408,13724.14238356162,10936.082858341077,2788.059525220543,145.2221917808638,1893075.0,10547475.050677901,10328057.056650504,-219417.99402739722,5.455704109266936,1.5268854718503517,20,
2022-11-15,14605.0,14685.0,27990.169921875,0.0,0,0.0,0.0,0.0,0.0,145.32115068490384,1894365.0,10547475.050677901,10329201.73549982,-218273.31517808218,5.452593209597844,1.5263732555878804,20,
2022-11-16,14680.0,14730.0,28028.30078125,0.0,0,0.0,0.0,0.0,0.0,145.7664657535497,1900170.0,10547475.050677901,10334860.969034066,-212614.08164383555,5.4389138703558455,1.5246117659947416,20,
2022-11-17,14600.0,14635.0,27930.5703125,0.0,0,0.0,0.0,0.0,0.0,144.82635616429616,1887915.0,10547475.050677901,10322461.142677901,-225013.90799999997,5.467651426403149,1.5278637474027696,20,
2022-11-18,14670.0,14590.0,27899.76953125,0.0,0,0.0,0.0,0.0,0.0,144.3810410957667,1882110.0,10547475.050677901,10316511.761636805,-230963.28904109585,5.481354310660272,1.5293384151806793,20,
2022-11-21,14660.0,14620.0,27944.7890625,0.0,0,0.0,0.0,0.0,0.0,144.6779178082943,1885980.0,10547475.050677901,10320237.083718996,-227237.9669589041,5.472081932851354,1.5280987967847441,20,
2022-11-22,14725.0,14825.0,28115.740234375,0.0,0,0.0,0.0,0.0,0.0,146.7065753423958,1912425.0,10547475.050677901,10346535.377143655,-200939.67353424657,5.410165301720933,1.5206428255274882,20,
2022-11-24,15105.0,15085.0,28383.08984375,0.0,0,0.0,0.0,0.0,0.0,149.27950684935786,1945965.0,10547475.050677901,10379926.097636806,-167548.9530410959,5.334076459564692,1.511515775769712,20,
2022-11-25,15080.0,14990.0,28283.029296875,0.0,0,271385.712,11016.88397260274,8778.803993568494,2238.0799790342467,127.64087671245215,1663890.0,10556253.85467147,10366871.08878106,-189382.76589041096,6.230502670718053,1.7532152142813802,20,
2022-11-28,14945.0,14850.0,28162.830078125,0.0,0,0.0,0.0,0.0,0.0,126.44876712316182,1648350.0,10556253.85467147,10351204.640013937,-205049.21465753426,6.279737094678883,1.7601628084790242,20,
2022-11-29,14685.0,14730.0,28027.83984375,0.0,0,0.0,0.0,0.0,0.0,125.42695890425239,1635030.0,10556253.85467147,10337759.213055033,-218494.64161643834,6.322672497174384,1.766202156191991,20,
2022-11-30,14595.0,14665.0,27968.990234375,0.0,0,0.0,0.0,0.0,0.0,124.87347945198417,1627815.0,10556253.85467147,10330419.339575581,-225834.51509589038,6.346187582480553,1.769444786096508,20,
2022-12-01,15165.0,14940.0,28226.080078125,0.0,0,0.0,0.0,0.0,0.0,127.21512328763492,1658340.0,10556253.85467147,10360817.124452293,-195436.73021917808,6.247703802870517,1.755128221132646,20,
2022-12-02,14725.0,14440.0,27777.900390625,0.0,0,0.0,0.0,0.0,0.0,122.95758904109243,1602840.0,10556253.85467147,10305194.166863251,-251059.68780821917,6.429334285932003,1.7811218955448014,20,
2022-12-05,14460.0,14495.0,27820.400390625,0.0,0,0.0,0.0,0.0,0.0,123.4259178081993,1608945.0,10556253.85467147,10311175.740945444,-245078.1137260274,6.408656443163342,1.7780045726978941,20,
2022-12-06,14370.0,14575.0,27885.869140625,0.0,0,0.0,0.0,0.0,0.0,124.10712328774389,1617825.0,10556253.85467147,10319931.633822156,-236322.22084931502,6.378892422741741,1.7735807970409891,20,
2022-12-07,14330.0,14365.0,27686.400390625,0.0,0,0.0,0.0,0.0,0.0,122.3189589039539,1594515.0,10556253.85467147,10296499.314863252,-259754.53980821918,6.457449014191306,1.7847362458522054,20,
2022-12-08,14290.0,14235.0,27574.4296875,0.0,0,0.0,0.0,0.0,0.0,121.21199999994133,1580085.0,10556253.85467147,10281948.102863252,-274305.7518082191,6.5072120188871185,1.7917493622526828,20,
2022-12-09,14335.0,14585.0,27901.009765625,0.0,0,0.0,0.0,0.0,0.0,124.19227397249779,1618935.0,10556253.85467147,10320673.91058928,-235579.94408219174,6.374977321874739,1.772596124308317,20,
2022-12-12,14385.0,14510.0,27842.330078125,0.0,0,0.0,0.0,0.0,0.0,123.5536438357667,1610610.0,10556253.85467147,10312225.356945444,-244028.4977260274,6.402683056075303,1.7764361324090958,20,
2022-12-13,14735.0,14640.0,27954.849609375,176855.364,12,0.0,0.0,0.0,0.0,138.13742465752875,1800720.0,10556253.85467147,10325341.855520787,-230911.99915068492,5.734007427873732,1.5960972057677474,9,
2022-12-14,14710.0,14850.0,28156.2109375,117703.536,8,0.0,0.0,0.0,0.0,149.23232876701513,1945350.0,10556253.85467147,10352119.08719202,-204134.76747945196,5.321468675144328,1.4911209600907622,9,
2022-12-15,14680.0,14705.0,28051.69921875,29365.872,2,0.0,0.0,0.0,0.0,150.03128767112503,1955765.0,10556253.85467147,10333018.183904348,-223235.67076712323,5.283363892852336,1.4733371469155148,9,
2022-12-16,14280.0,14180.0,27527.119140625,42848.568,3,0.0,0.0,0.0,0.0,147.93819178070407,1928480.0,10556253.85467147,10262736.677712567,-293517.1769589041,5.3216713047128135,1.4576618791761697,9,
2022-12-19,13930.0,13885.0,27237.640625,599109.798,43,0.0,0.0,0.0,0.0,190.6619726026547,2485415.0,10556253.85467147,10220371.217739964,-335882.63693150674,4.112138704296854,1.1139047840334333,9,
2022-12-20,13900.0,13205.0,26568.029296875,806361.24,58,0.0,0.0,0.0,0.0,240.07775342470268,3129585.0,10556253.85467147,10057939.899986539,-498313.9546849315,3.213825443305275,0.8326485023738311,9,
2022-12-21,13175.0,13010.0,26387.720703125,948789.72,72,0.0,0.0,0.0,0.0,308.3904657535604,4020090.0,10556253.85467147,9999346.789520785,-556907.0651506848,2.487344012079527,0.6335536672985179,9,
2022-12-22,13215.0,13110.0,26507.869140625,951670.296,72,0.0,0.0,0.0,0.0,383.1711780821206,4994910.0,10556253.85467147,10022113.322342703,-534140.5323287669,2.0064652460890593,0.5143888726751703,9,
2022-12-23,12825.0,12860.0,26235.25,936412.245,73,0.0,0.0,0.0,0.0,447.88032876711804,5838440.0,10556253.85467147,9928783.197013937,-627470.657657534,1.7005883758356577,0.4240084882873508,9,margin_warning
2022-12-26,12910.0,13020.0,26405.869140625,942618.486,73,0.0,0.0,0.0,0.0,526.3647123288247,6861540.0,10556253.85467147,10008738.346301608,-547515.5083698629,1.4586723018887318,0.3723620211981192,9,margin_warning
2022-12-27,13185.0,13065.0,26447.869140625,0.0,0,0.0,0.0,0.0,0.0,528.1839452052955,6885255.0,10556253.85467147,10031925.162356403,-524328.6923150683,1.4570157768094867,0.3743703806237142,20,margin_warning
2022-12-28,12910.0,12930.0,26340.5,0.0,0,0.0,0.0,0.0,0.0,522.7262465752428,6814110.0,10556253.85467147,9960257.436109828,-595996.4185616437,1.461710690920726,0.3676848601722281,20,margin_warning
2022-12-29,12725.0,12720.0,26093.669921875,0.0,0,0.0,0.0,0.0,0.0,514.2364931507618,6703440.0,10556253.85467147,9849073.199616676,-707180.6550547943,1.4692565607533858,0.35709227047036746,20,margin_warning
2022-12-30,12890.0,12750.0,26094.5,0.0,0,0.0,0.0,0.0,0.0,515.4493150686612,6719250.0,10556253.85467147,9864367.750301609,-691886.1043698628,1.468075715340493,0.3584515698823147,20,margin_warning
2023-01-04,12530.0,12385.0,25716.859375,0.0,0,0.0,0.0,0.0,0.0,500.6933150687255,6526895.0,10556253.85467147,9671512.056986539,-884741.7976849313,1.4817937253451356,0.33939098519305205,20,margin_warning
2023-01-05,12535.0,12485.0,25820.80078125,37612.521,3,0.0,0.0,0.0,0.0,507.6093150682864,6617050.0,10556253.85467147,9723546.926671471,-832706.928,1.4694685587492118,0.3425539454396549,3,margin_warning
2023-01-06,12410.0,12625.0,25973.849609375,12412.482,1,0.0,0.0,0.0,0.0,514.2698630135856,6703875.0,10556253.85467147,9797445.174808457,-758808.6798630137,1.4614600025818587,0.3490638717078468,3,margin_warning
2023-01-10,12850.0,12815.0,26175.560546875,0.0,0,0.0,0.0,0.0,0.0,522.0093698629644,6804765.0,10556253.85467147,9897813.165438594,-658440.6892328766,1.4545415110497708,0.35856147041164765,3,margin_warning
2023-01-11,12990.0,13085.0,26446.0,0.0,0,0.0,0.0,0.0,0.0,533.0076164384955,6948135.0,10556253.85467147,10040650.157822156,-515603.69684931496,1.4450856464104622,0.37164368984955504,3,margin_warning
2023-01-12,13140.0,13095.0,26449.8203125,0.0,0,52549.488,2509.790369863007,1999.926456225337,509.86391363766984,529.3967671232531,6901065.0,10558253.781127695,10045090.385141393,-513163.3959863012,1.4555855342822293,0.374381572866665,3,margin_warning
2023-01-13,12930.0,12750.0,26119.51953125,0.0,0,0.0,0.0,0.0,0.0,515.4493150686612,6719250.0,10558253.781127695,9862759.935826326,-695493.8453013698,1.467836430528158,0.3572996495925816,3,margin_warning
2023-01-16,12485.0,12465.0,25822.3203125,0.0,0,0.0,0.0,0.0,0.0,503.92750684922794,6569055.0,10558253.781127695,9712061.008319477,-846192.7728082191,1.4784563393546677,0.34245151174883687,3,margin_warning
2023-01-17,12560.0,12770.0,26138.6796875,0.0,0,0.0,0.0,0.0,0.0,516.2578630136559,6729790.0,10558253.781127695,9872279.750456462,-685974.030671233,1.4669521263600294,0.3580030431536836,3,margin_warning
2023-01-18,12885.0,13410.0,26791.119140625,0.0,0,0.0,0.0,0.0,0.0,542.1313972602366,7067070.0,10558253.781127695,10209017.619059201,-349236.1620684931,1.4445898539365256,0.38848929428896384,3,margin_warning
2023-01-19,13165.0,13025.0,26405.23046875,0.0,0,1921705.582,40448.29099999991,32231.220683349922,8217.07031664998,380.6868493152433,4962525.0,10590485.001811046,10017580.443893239,-572904.5579178081,2.018645839344535,0.5064387351147707,3,
2023-01-20,12950.0,13170.0,26553.529296875,116573.31,9,0.0,0.0,0.0,0.0,394.0175342466682,5136300.0,10590485.001811046,10074388.116358992,-516096.8854520547,1.9614095976401285,0.5002878606987391,9,
2023-01-23,13470.0,13530.0,26906.0390625,13472.694,1,121205.754,4623.351287671236,3684.117473580824,939.2338140904116,396.4846027397434,5168460.0,10594169.119284626,10212945.45794216,-381223.6613424656,1.976013253066128,0.5230118922463738,9,
2023-01-24,13810.0,13925.0,27299.189453125,0.0,0,1988242.272,84859.663561644,67620.42290909603,17239.240652547982,254.23616438359022,3314150.0,10661789.542193722,10329384.253125228,-332405.28906849306,3.116752184760867,0.8250957078154985,9,
2023-01-25,13820.0,14010.0,27395.009765625,0.0,0,13817.236,342.43586301369993,272.8700174424668,69.56584557123314,254.7133150685113,3320370.0,10662062.412211165,10349097.20996459,-312965.20224657527,3.1168505949531498,0.829307200016267,9,
2023-01-26,14070.0,13980.0,27362.75,0.0,0,0.0,0.0,0.0,0.0,254.16789041092852,3313260.0,10662062.412211165,10341733.04207418,-320329.3701369861,3.12131648046763,0.8287874817965359,9,
2023-01-27,14055.0,14020.0,27382.560546875,0.0,0,0.0,0.0,0.0,0.0,254.89512328768615,3322740.0,10662062.412211165,10350958.146950891,-311104.2652602739,3.115187509992022,0.8291225379327346,9,
2023-01-30,14005.0,14050.0,27433.400390625,0.0,0,0.0,0.0,0.0,0.0,255.4405479451525,3329850.0,10662062.412211165,10357812.706402946,-304249.7058082191,3.1105943830511724,0.8293339761835292,9,
2023-01-31,14085.0,13940.0,27327.109375,0.0,0,816766.6140000001,8829.137397260343,7035.498135006905,1793.6392622534388,191.41720547957812,2495260.0,10669097.910346173,10338004.263935214,-331093.64641095896,4.143056941535236,1.0951679358160078,9,
2023-02-01,14140.0,13975.0,27346.880859375,0.0,0,0.0,0.0,0.0,0.0,191.89780821918976,2501525.0,10669097.910346173,10344077.366126996,-325020.5442191779,4.135108530247347,1.0947761657020474,9,
2023-02-02,14120.0,14030.0,27402.05078125,0.0,0,0.0,0.0,0.0,0.0,192.65304109588033,2511370.0,10669097.910346173,10353729.7130859,-315368.19726027397,4.122741656182043,1.0942512022623594,9,
2023-02-03,14110.0,14150.0,27509.4609375,0.0,0,0.0,0.0,0.0,0.0,194.30082191783004,2532850.0,10669097.910346173,10375015.412263982,-294082.4980821917,4.096182329101203,1.0932984741227416,9,
2023-02-06,14420.0,14315.0,27693.650390625,0.0,0,619935.988,19426.762657534306,15480.215823656212,3946.5468338780943,149.3466301370645,1946840.0,10684578.126169827,10404845.506799964,-279732.619369863,5.344479005362518,1.4276545712180249,9,
2023-02-07,14380.0,14320.0,27685.470703125,0.0,0,0.0,0.0,0.0,0.0,149.39879452058813,1947520.0,10684578.126169827,10405376.108005444,-279202.0181643836,5.342885366006739,1.4273518258303166,9,
2023-02-08,14265.0,14225.0,27606.4609375,0.0,0,0.0,0.0,0.0,0.0,148.40767123288242,1934600.0,10684578.126169827,10392307.70033421,-292270.42583561636,5.371812106034431,1.430052420396254,9,
2023-02-09,14075.0,14235.0,27584.349609375,0.0,0,0.0,0.0,0.0,0.0,148.51199999992969,1935960.0,10684578.126169827,10393519.18833421,-291058.9378356164,5.368664222573922,1.4295968865568465,9,
2023-02-10,14235.0,14290.0,27670.98046875,0.0,0,0.0,0.0,0.0,0.0,149.08580821903888,1943440.0,10684578.126169827,10400850.10252599,-283728.02364383556,5.351773197282134,1.4277900099216618,9,
2023-02-13,14170.0,14045.0,27427.3203125,0.0,0,0.0,0.0,0.0,0.0,146.52975342457648,1910120.0,10684578.126169827,10367383.572772566,-317194.55339726026,5.427608512958645,1.435098924347845,9,
2023-02-14,14330.0,14235.0,27602.76953125,71664.33,5,0.0,0.0,0.0,0.0,153.97199999995064,2007135.0,10684578.126169827,10392580.270772567,-291997.8553972603,5.1778182687126515,1.3782101768816275,9,
2023-02-15,14330.0,14125.0,27501.859375,28665.732,2,0.0,0.0,0.0,0.0,154.94931506854482,2019875.0,10684578.126169827,10376499.589457499,-308078.5367123287,5.1371988808503,1.361479424590714,9,
2023-02-16,14265.0,14330.0,27696.439453125,57071.412,4,0.0,0.0,0.0,0.0,161.59528767119627,2106510.0,10684578.126169827,10405901.582169827,-278676.54399999994,4.939877609016728,1.3193664640423384,9,
2023-02-17,14095.0,14135.0,27513.130859375,28195.638,2,0.0,0.0,0.0,0.0,161.56498630146962,2106115.0,10684578.126169827,10377149.379183525,-307428.7469863013,4.927152306110314,1.3058854251535283,9,
2023-02-20,14120.0,14145.0,27531.939453125,84736.944,6,0.0,0.0,0.0,0.0,168.1898630137439,2192475.0,10684578.126169827,10378604.245320512,-305973.88084931497,4.733738923052948,1.2550344056243266,9,
2023-02-21,14115.0,14095.0,27473.099609375,70589.115,5,0.0,0.0,0.0,0.0,173.00164383562515,2255200.0,10684578.126169827,10370567.128676675,-314010.99749315076,4.598513270963407,1.216486981280385,9,
2023-02-22,13885.0,13735.0,27104.3203125,138877.77,10,0.0,0.0,0.0,0.0,179.11945205467055,2334950.0,10684578.126169827,10311260.239224622,-373317.88694520545,4.416051838037055,1.1494616292766076,9,
2023-02-24,13770.0,14055.0,27453.48046875,509591.898,37,0.0,0.0,0.0,0.0,223.18569863017183,2909385.0,10684578.126169827,10375880.155525992,-308697.97064383555,3.5663482679418474,0.9446436830746546,9,
2023-02-27,13970.0,14075.0,27423.9609375,153700.734,11,656458.682,7927.802547945259,6317.269460330179,1610.5330876150792,184.63315068476368,2406825.0,10690895.395630158,10374282.937287692,-316612.45834246575,4.3103603034236775,1.137856930996323,9,
2023-02-28,14155.0,14070.0,27445.560546875,169893.972,12,155673.859,1961.24801369863,1562.8204797157534,398.4275339828767,185.64690410956973,2420040.0,10692458.216109874,10372693.7498496,-319764.4662602738,4.28616624099172,1.1300996783480124,9,
2023-03-01,14005.0,14135.0,27516.529296875,168093.612,12,0.0,0.0,0.0,0.0,199.51649315084796,2600840.0,10692458.216109874,10385200.62135645,-307257.5947534246,3.9930178793606874,1.0562717355173799,9,
2023-03-02,14165.0,14145.0,27498.869140625,113342.664,8,169946.004,1839.3800547945132,1465.7099966630078,373.67005813150536,195.31726027402328,2546100.0,10693923.926106537,10386494.974038044,-307428.95206849306,4.079374327024879,1.0786903247985342,9,
2023-03-03,14325.0,14560.0,27927.470703125,57311.46,4,0.0,0.0,0.0,0.0,205.51539726019837,2679040.0,10693923.926106537,10461917.998640783,-232005.9274657534,3.905099587404736,1.0532395728227377,9,
2023-03-06,14830.0,14910.0,28237.779296875,0.0,0,756178.7339999999,31353.90519178079,24984.359352070525,6369.545839710267,152.12284931511385,1983030.0,10718908.285458608,10515565.063951759,-203343.2215068493,5.302776591353514,1.4340741100461951,12,
2023-03-07,14880.0,14980.0,28309.16015625,0.0,0,148770.24,1126.110904109591,897.3414739397277,228.76943016986345,141.34553424653132,1842540.0,10719805.626932546,10523475.18898734,-196330.43794520543,5.7113957846165295,1.5470245699100882,12,
2023-03-08,14910.0,15110.0,28444.189453125,0.0,0,178884.21600000001,1309.1860273972738,1043.2248859315177,265.96114146575616,128.662684931478,1677210.0,10720848.85181848,10536634.781160945,-184214.07065753423,6.282239422112284,1.7065104515853158,12,
2023-03-09,15335.0,15310.0,28623.150390625,0.0,0,0.0,0.0,0.0,0.0,130.36569863010664,1699410.0,10720848.85181848,10558704.415462315,-162144.43635616437,6.213158928959059,1.6971276284746748,12,
2023-03-10,15000.0,14770.0,28143.970703125,0.0,0,0.0,0.0,0.0,0.0,125.76756164367544,1639470.0,10720848.85181848,10498638.64790067,-222210.20391780822,6.403678413085125,1.7224616052644208,12,
2023-03-13,14575.0,14485.0,27832.9609375,0.0,0,0.0,0.0,0.0,0.0,123.34076712327078,1607835.0,10720848.85181848,10466880.307133548,-253968.5446849315,6.509921918065938,1.736522992999041,12,
2023-03-14,13950.0,13800.0,27222.0390625,69763.95,5,0.0,0.0,0.0,0.0,122.80109589052154,1600800.0,10720848.85181848,10389958.556037657,-330890.2957808219,6.490478858094488,1.696025671074983,12,
2023-03-15,14055.0,13800.0,27229.48046875,745063.983,53,0.0,0.0,0.0,0.0,178.9084931507823,2332200.0,10720848.85181848,10376115.664544508,-344733.18727397255,4.449067689110929,1.1581237004847487,12,
2023-03-16,13260.0,13580.0,27010.609375,742708.512,56,0.0,0.0,0.0,0.0,234.39452054799767,3055500.0,10720848.85181848,10356472.758023959,-364376.09379452054,3.3894527108571295,0.8774664680835985,12,
2023-03-17,13800.0,13900.0,27333.7890625,745349.04,54,772645.44,29878.589808219134,23808.754288679418,6069.835519539717,237.78520547947846,3099700.0,10744657.606107157,10421661.537298938,-322996.06880821916,3.362151671871129,0.8762690574864398,12,
2023-03-20,13870.0,13545.0,26945.669921875,735257.022,53,0.0,0.0,0.0,0.0,286.78290410962654,3738420.0,10744657.606107157,10324837.732394828,-419819.87371232884,2.761818557678064,0.7005795522393147,12,
2023-03-22,13905.0,14045.0,27466.609375,737112.3929999999,53,0.0,0.0,0.0,0.0,354.4727123287157,4620805.0,10744657.606107157,10469755.8666825,-274901.7394246575,2.2657861274566877,0.5980828602933561,12,
2023-03-23,13850.0,14015.0,27419.609375,0.0,0,747750.4199999999,2229.5090958902992,1776.584323060185,452.9247728301143,295.65890410967404,3854125.0,10746434.190430216,10450077.70300556,-296356.48742465745,2.711400824572519,0.7112952848132587,12,
2023-03-24,13960.0,13960.0,27385.25,13962.792,1,0.0,0.0,0.0,0.0,295.5695342464023,3852960.0,10746434.190430216,10434654.341471313,-311779.84895890404,2.708217666799373,0.7074306529298013,12,
2023-03-27,14070.0,14070.0,27476.869140625,0.0,0,0.0,0.0,0.0,0.0,297.8985205477802,3883320.0,10746434.190430216,10464716.442950765,-281717.7474794519,2.6947860189092747,0.7095645508151045,12,
2023-03-28,14165.0,14105.0,27518.25,0.0,0,750594.851,15054.710260274,11996.345870899337,3058.364389374663,241.2921095888596,3145415.0,10758430.536301117,10474106.637451803,-284323.89884931495,3.3299601602496978,0.8741486905869292,12,
2023-03-29,14120.0,14445.0,27883.779296875,0.0,0,748210.328,10812.53943835622,8615.972051454153,2196.567386902066,188.3786301369546,2455650.0,10767046.50835257,10530167.019434761,-236879.48891780816,4.288138382682695,1.1380367183910385,12,
2023-03-30,14640.0,14610.0,27782.9296875,0.0,0,863587.248,34166.36573972602,27225.46853970068,6940.897200025341,124.4051506848773,1621710.0,10794271.97689227,10552748.965084052,-241523.01180821922,6.50717388749163,1.7160349521652032,12,
2023-03-31,14850.0,14940.0,28041.48046875,0.0,0,0.0,0.0,0.0,0.0,127.21512328763492,1658340.0,10794271.97689227,10589251.749960763,-205020.2269315068,6.385452772025498,1.700065494427715,12,
2023-04-03,15095.0,15085.0,28188.150390625,0.0,0,0.0,0.0,0.0,0.0,128.4498082192149,1674435.0,10794271.97689227,10605218.300152544,-189053.676739726,6.333610023770731,1.6931829019417408,12,
2023-04-04,15075.0,15175.0,28287.419921875,0.0,0,0.0,0.0,0.0,0.0,129.216164383688,1684425.0,10794271.97689227,10615079.08398816,-179192.89290410955,6.301900698450901,1.6889183431046506,12,
2023-04-05,14995.0,14680.0,27813.259765625,0.0,0,0.0,0.0,0.0,0.0,125.00120547943516,1629480.0,10794271.97689227,10560009.082782682,-234262.894109589,6.480600610490882,1.7119947944577978,12,
2023-04-06,14485.0,14315.0,27472.630859375,0.0,0,0.0,0.0,0.0,0.0,121.89320547954412,1588965.0,10794271.97689227,10519372.189577201,-274899.7873150685,6.620266770871103,1.7299956205845524,12,
2023-04-07,14380.0,14350.0,27518.310546875,690378.048,48,0.0,0.0,0.0,0.0,175.03068493149476,2281650.0,10794271.97689227,10521504.11089227,-272767.866,4.6113576187812635,1.2056447666786188,12,
2023-04-10,14520.0,14485.0,27633.66015625,726145.2000000001,50,0.0,0.0,0.0,0.0,232.23621917807031,3027365.0,10794271.97689227,10540841.674673092,-253430.30221917803,3.4818535837842783,0.9149754685853586,12,
2023-04-11,14740.0,14790.0,27923.369140625,427545.492,29,0.0,0.0,0.0,0.0,270.02893150702585,3520020.0,10794271.97689227,10605681.153741585,-188590.82315068494,3.0129604814011244,0.8052608109018984,12,
2023-04-12,14870.0,14965.0,28082.69921875,0.0,0,1456968.548,40172.37671232881,32011.358383219216,8161.018329109598,160.71999999991385,2095100.0,10826283.33527549,10629407.963412477,-196875.37186301374,5.073460915189002,1.3450087692947652,12,
2023-04-13,14810.0,15020.0,28156.970703125,0.0,0,429404.102,1792.4153150684792,1428.2861438123177,364.12917125616156,127.8963287670631,1667220.0,10827711.621419303,10630440.039912453,-197271.5815068493,6.376147143095964,1.6896628143889845,12,
2023-04-14,15250.0,15370.0,28493.470703125,0.0,0,0.0,0.0,0.0,0.0,130.87660273967776,1706070.0,10827711.621419303,10669159.163309714,-158552.458109589,6.2536467807942895,1.6738046411929899,12,
2023-04-17,15450.0,15415.0,28514.779296875,0.0,0,0.0,0.0,0.0,0.0,131.25978082191432,1711065.0,10827711.621419303,10674022.903528892,-153688.71789041095,6.238233441470015,1.6716842227726472,12,
2023-04-18,15445.0,15575.0,28658.830078125,0.0,0,0.0,0.0,0.0,0.0,132.62219178088708,1728825.0,10827711.621419303,10691650.281337112,-136061.34008219175,6.184345021235297,1.6646306712680101,12,
2023-04-19,15535.0,15490.0,28606.759765625,0.0,0,0.0,0.0,0.0,0.0,131.89841095893644,1719390.0,10827711.621419303,10682083.382926153,-145628.23849315065,6.212716942012082,1.6681243484218244,12,
2023-04-20,15360.0,15545.0,28657.5703125,0.0,0,0.0,0.0,0.0,0.0,132.36673972615972,1725495.0,10827711.621419303,10688056.016186427,-139655.60523287667,6.194197036900383,1.6656070228853446,12,
2023-04-21,15460.0,15460.0,28564.369140625,0.0,0,0.0,0.0,0.0,0.0,131.64295890420908,1716060.0,10827711.621419303,10678489.373227522,-149222.2481917808,6.222678328978895,1.669113145248849,12,
2023-04-24,15540.0,15480.0,28593.51953125,0.0,0,0.0,0.0,0.0,0.0,131.8132602738333,1718280.0,10827711.621419303,10680577.559967248,-147134.06145205477,6.215853970230258,1.6680952333235515,12,
2023-04-25,15590.0,15535.0,28620.0703125,0.0,0,0.0,0.0,0.0,0.0,132.2815890412312,1724385.0,10827711.621419303,10686550.278378207,-141161.34304109588,6.1973110867806245,1.6655764892046205,12,
2023-04-26,15385.0,15310.0,28416.470703125,0.0,0,0.0,0.0,0.0,0.0,130.36569863010664,1699410.0,10827711.621419303,10661444.912679577,-166266.70873972602,6.273615497543016,1.6752045609593031,12,
2023-04-27,15200.0,15345.0,28457.6796875,0.0,0,0.0,0.0,0.0,0.0,130.66372602747288,1703295.0,10827711.621419303,10665199.24895355,-162512.37246575337,6.26151033670242,1.673511080281334,12,
2023-04-28,15605.0,15790.0,28856.439453125,0.0,0,0.0,0.0,0.0,0.0,134.4529315068503,1752690.0,10827711.621419303,10714459.796022043,-113251.82539726024,6.113151667449488,1.6543765010496898,12,
2023-05-01,15990.0,16085.0,29123.1796875,0.0,0,0.0,0.0,0.0,0.0,136.96487671224168,1785435.0,10827711.621419303,10747067.831145331,-80643.79027397258,6.019299403868151,1.6422217666122574,12,
2023-05-02,16205.0,16080.0,29157.94921875,0.0,0,599465.083,12676.656726027435,10101.393912134961,2575.262813892473,91.28153424646007,1189920.0,10837813.015331436,10748351.369797189,-89461.64553424656,9.032835291277724,2.4544472067558685,12,
2023-05-08,16010.0,15880.0,28949.880859375,0.0,0,0.0,0.0,0.0,0.0,90.14619178086286,1175120.0,10837813.015331436,10733461.22360541,-104351.79172602738,9.133927789166561,2.472611756994504,12,
2023-05-09,15965.0,16190.0,29242.8203125,0.0,0,0.0,0.0,0.0,0.0,91.90597260271898,1198060.0,10837813.015331436,10756309.317632806,-81503.69769863015,8.97810570224597,2.444261319077656,12,
2023-05-10,16180.0,16075.0,29122.1796875,0.0,0,0.0,0.0,0.0,0.0,91.25315068487544,1189550.0,10837813.015331436,10747708.06448212,-90104.95084931505,9.035104085143223,2.4544400904819526,12,
2023-05-11,15995.0,16065.0,29126.720703125,0.0,0,0.0,0.0,0.0,0.0,91.19638356176438,1188810.0,10837813.015331436,10746876.868098559,-90936.14723287671,9.040028993782487,2.4551920129084404,12,
2023-05-12,16045.0,16370.0,29388.30078125,0.0,0,0.0,0.0,0.0,0.0,92.92778082186123,1211380.0,10837813.015331436,10769353.940317737,-68459.07501369862,8.890153329523136,2.427925969806369,12,
2023-05-15,16530.0,16610.0,29626.33984375,0.0,0,0.0,0.0,0.0,0.0,94.2901917808922,1229140.0,10837813.015331436,10787019.650125956,-50793.36520547945,8.776070789434854,2.407140261418941,12,
2023-05-16,16835.0,16855.0,29842.990234375,0.0,0,0.0,0.0,0.0,0.0,95.68098630133318,1247270.0,10837813.015331436,10805053.969139656,-32759.04619178082,8.662963086693063,2.38653300323737,12,
2023-05-17,16910.0,17110.0,30093.58984375,0.0,0,524105.15799999994,3668.0118356163803,2922.8552312109127,745.1566044054676,56.43956164381234,735730.0,10840735.870562647,10816817.530973606,-23918.33958904109,14.702156403807926,4.056773720501495,12,
2023-05-18,17650.0,17705.0,30573.9296875,0.0,0,52939.41,1711.0534520547976,1363.4529432698655,347.6005087849321,54.327671232807916,708200.0,10842099.323505918,10841825.01279359,-274.31071232876843,15.308987592196539,4.247292050383027,12,
2023-05-19,18025.0,17965.0,30808.349609375,0.0,0,234278.13499999998,11145.586917808221,8881.360935455481,2264.22598235274,37.209698630147614,485055.0,10850980.684441373,10850656.712112606,-323.9723287671127,22.369951267614198,6.1963718192449075,12,
2023-05-22,17855.0,18280.0,31086.8203125,0.0,0,142811.432,1054.1820273972758,840.0249485315192,214.15707886575657,26.643726027396042,347320.0,10851820.709389906,10855492.343307715,3671.6339178082144,31.25501653606966,8.66444759364713,12,
2023-05-23,18515.0,18155.0,30957.76953125,0.0,0,351714.643,8066.276917808196,6427.612761955461,1638.6641558527351,0.0,0.0,10858248.322151862,10858248.322151862,0.0,inf,inf,12,
2023-05-24,17920.0,17830.0,30682.6796875,0.0,0,0.0,0.0,0.0,0.0,0.0,0.0,10858248.322151862,10858248.322151862,0.0,inf,inf,12,
2023-05-25,17815.0,17925.0,30801.130859375,0.0,0,0.0,0.0,0.0,0.0,0.0,0.0,10858248.322151862,10858248.322151862,0.0,inf,inf,12,
2023-05-26,18100.0,18095.0,30916.310546875,0.0,0,0.0,0.0,0.0,0.0,0.0,0.0,10858248.322151862,10858248.322151862,0.0,inf,inf,12,
2023-05-29,18890.0,18455.0,31233.5390625,0.0,0,0.0,0.0,0.0,0.0,0.0,0.0,10858248.322151862,10858248.322151862,0.0,inf,inf,12,
2023-05-30,18425.0,18550.0,31328.16015625,0.0,0,0.0,0.0,0.0,0.0,0.0,0.0,10858248.322151862,10858248.322151862,0.0,inf,inf,12,
2023-05-31,18265.0,18030.0,30887.880859375,0.0,0,0.0,0.0,0.0,0.0,0.0,0.0,10858248.322151862,10858248.322151862,0.0,inf,inf,12,
2023-06-01,18040.0,18315.0,31148.009765625,0.0,0,0.0,0.0,0.0,0.0,0.0,0.0,10858248.322151862,10858248.322151862,0.0,inf,inf,12,
2023-06-02,18550.0,18795.0,31524.220703125,0.0,0,0.0,0.0,0.0,0.0,0.0,0.0,10858248.322151862,10858248.322151862,0.0,inf,inf,12,
2023-06-05,19195.0,19600.0,32217.4296875,0.0,0,0.0,0.0,0.0,0.0,0.0,0.0,10858248.322151862,10858248.322151862,0.0,inf,inf,12,
2023-06-06,19360.0,19985.0,32506.779296875,0.0,0,0.0,0.0,0.0,0.0,0.0,0.0,10858248.322151862,10858248.322151862,0.0,inf,inf,12,
2023-06-07,20120.0,19230.0,31913.740234375,0.0,0,0.0,0.0,0.0,0.0,0.0,0.0,10858248.322151862,10858248.322151862,0.0,inf,inf,12,
2023-06-08,19265.0,18930.0,31641.26953125,0.0,0,0.0,0.0,0.0,0.0,0.0,0.0,10858248.322151862,10858248.322151862,0.0,inf,inf,12,
2023-06-09,19290.0,19640.0,32265.169921875,0.0,0,0.0,0.0,0.0,0.0,0.0,0.0,10858248.322151862,10858248.322151862,0.0,inf,inf,12,
2023-06-12,19860.0,19895.0,32434.0,0.0,0,0.0,0.0,0.0,0.0,0.0,0.0,10858248.322151862,10858248.322151862,0.0,inf,inf,12,
2023-06-13,20145.0,20620.0,33018.6484375,0.0,0,0.0,0.0,0.0,0.0,0.0,0.0,10858248.322151862,10858248.322151862,0.0,inf,inf,12,
2023-06-14,21030.0,21195.0,33502.421875,0.0,0,0.0,0.0,0.0,0.0,0.0,0.0,10858248.322151862,10858248.322151862,0.0,inf,inf,12,
2023-06-15,21185.0,21155.0,33485.48828125,0.0,0,0.0,0.0,0.0,0.0,0.0,0.0,10858248.322151862,10858248.322151862,0.0,inf,inf,12,
2023-06-16,21080.0,21470.0,33706.078125,0.0,0,0.0,0.0,0.0,0.0,0.0,0.0,10858248.322151862,10858248.322151862,0.0,inf,inf,12,
2023-06-19,21570.0,21015.0,33370.421875,0.0,0,0.0,0.0,0.0,0.0,0.0,0.0,10858248.322151862,10858248.322151862,0.0,inf,inf,12,
2023-06-20,20885.0,21035.0,33388.91015625,0.0,0,0.0,0.0,0.0,0.0,0.0,0.0,10858248.322151862,10858248.322151862,0.0,inf,inf,12,
2023-06-21,20790.0,21265.0,33575.140625,0.0,0,0.0,0.0,0.0,0.0,0.0,0.0,10858248.322151862,10858248.322151862,0.0,inf,inf,12,
2023-06-22,21090.0,20875.0,33264.87890625,0.0,0,0.0,0.0,0.0,0.0,0.0,0.0,10858248.322151862,10858248.322151862,0.0,inf,inf,12,
2023-06-23,21165.0,20255.0,32781.5390625,0.0,0,0.0,0.0,0.0,0.0,0.0,0.0,10858248.322151862,10858248.322151862,0.0,inf,inf,12,
2023-06-26,20050.0,20190.0,32698.810546875,0.0,0,0.0,0.0,0.0,0.0,0.0,0.0,10858248.322151862,10858248.322151862,0.0,inf,inf,12,
2023-06-27,20080.0,19970.0,32538.330078125,0.0,0,0.0,0.0,0.0,0.0,0.0,0.0,10858248.322151862,10858248.322151862,0.0,inf,inf,12,
2023-06-28,20265.0,20740.0,33193.98828125,0.0,0,0.0,0.0,0.0,0.0,0.0,0.0,10858248.322151862,10858248.322151862,0.0,inf,inf,12,
2023-06-29,20910.0,20875.0,33234.140625,0.0,0,0.0,0.0,0.0,0.0,0.0,0.0,10858248.322151862,10858248.322151862,0.0,inf,inf,12,
2023-06-30,20680.0,20825.0,33189.0390625,0.0,0,0.0,0.0,0.0,0.0,0.0,0.0,10858248.322151862,10858248.322151862,0.0,inf,inf,12,
2023-07-03,21220.0,21495.0,33753.328125,0.0,0,0.0,0.0,0.0,0.0,0.0,0.0,10858248.322151862,10858248.322151862,0.0,inf,inf,12,
2023-07-04,21190.0,21050.0,33422.51953125,0.0,0,0.0,0.0,0.0,0.0,0.0,0.0,10858248.322151862,10858248.322151862,0.0,inf,inf,12,
2023-07-05,20765.0,20955.0,33338.69921875,0.0,0,0.0,0.0,0.0,0.0,0.0,0.0,10858248.322151862,10858248.322151862,0.0,inf,inf,12,
2023-07-06,20560.0,20240.0,32773.01953125,0.0,0,0.0,0.0,0.0,0.0,0.0,0.0,10858248.322151862,10858248.322151862,0.0,inf,inf,12,
2023-07-07,19880.0,19815.0,32388.419921875,0.0,0,0.0,0.0,0.0,0.0,0.0,0.0,10858248.322151862,10858248.322151862,0.0,inf,inf,12,
2023-07-10,19805.0,19605.0,32189.73046875,633886.752,32,0.0,0.0,0.0,0.0,48.12624657532433,627360.0,10858248.322151862,10851673.443905286,-6574.878246575321,17.29736266881103,4.777803232049714,12,
2023-07-11,19835.0,19600.0,32203.5703125,734041.779,37,0.0,0.0,0.0,0.0,103.7457534247078,1352400.0,10858248.322151862,10842567.919151861,-15680.402999999958,8.017278851783393,2.209548480591437,12,
2023-07-12,19725.0,19235.0,31943.9296875,729970.965,37,0.0,0.0,0.0,0.0,156.40953424660256,2038910.0,10858248.322151862,10798950.544617616,-59297.777534246496,5.296433165082135,1.4441145421246482,12,
2023-07-13,19435.0,19835.0,32419.330078125,738677.706,38,0.0,0.0,0.0,0.0,219.10882191784913,2856240.0,10858248.322151862,10877383.729795698,19135.407643835686,3.808287724349389,1.0582561890595785,12,
2023-07-14,20235.0,19810.0,32391.259765625,20239.047,1,768776.214,30040.687616438387,23937.921927158928,6102.7656892794585,162.60482191783376,2119670.0,10882186.24407902,10883085.5262845,899.2822054795273,5.134330120388786,1.4144334549670363,12,
2023-07-18,19855.0,19935.0,32493.890625,0.0,0,0.0,0.0,0.0,0.0,163.63084931502817,2133045.0,10882186.24407902,10896296.895435184,14110.651356164459,5.108329592406716,1.4116813755881137,12,
2023-07-19,20320.0,20355.0,32896.03125,0.0,0,0.0,0.0,0.0,0.0,167.07830136991106,2177985.0,10882186.24407902,10941069.817133814,58883.57305479459,5.023482630566241,1.403033419967818,12,
2023-07-20,20280.0,19850.0,32490.51953125,0.0,0,2149250.064,50392.294465753395,40155.09984503559,10237.194620717803,1.522739726002328,19850.0,10922341.343924055,10921946.163773369,-395.18015068493014,550.2239880994141,150.44172658048785,12,
2023-07-21,19630.0,19690.0,32304.25,0.0,0,0.0,0.0,0.0,0.0,1.5104657534393482,19690.0,10922341.343924055,10921784.653307617,-556.6906164383548,554.6868792944447,151.6559294916799,12,
2023-07-24,20070.0,20135.0,32700.939453125,60222.042,3,0.0,0.0,0.0,0.0,6.17841095890617,80540.0,10922341.343924055,10922406.432896657,65.08897260273977,135.61468131234986,37.08369571479091,12,
2023-07-25,20160.0,20100.0,32682.509765625,0.0,0,0.0,0.0,0.0,0.0,6.167671232891735,80400.0,10922341.343924055,10922260.265225425,-81.07869863013693,135.84900827394807,37.1463745961044,12,
2023-07-26,20100.0,20090.0,32668.33984375,0.0,0,0.0,0.0,0.0,0.0,6.164602739736438,80360.0,10922341.343924055,10922214.100622686,-127.24330136986295,135.91605401471733,37.164213393744575,12,
2023-07-27,19885.0,20405.0,32891.16015625,0.0,0,0.0,0.0,0.0,0.0,6.261260273924563,81620.0,10922341.343924055,10923467.83936241,1126.4954383561644,133.83322518209275,36.60577880177366,12,
2023-07-28,19745.0,20230.0,32759.23046875,0.0,0,0.0,0.0,0.0,0.0,6.207561643852387,80920.0,10922341.343924055,10922761.631800767,420.2878767123288,134.98222481216965,36.9136338442595,12,
2023-07-31,20625.0,20725.0,33172.21875,0.0,0,0.0,0.0,0.0,0.0,6.359452054777648,82900.0,10922341.343924055,10924735.272348713,2393.9284246575344,131.78209013689641,36.055712084117836,12,
2023-08-01,20830.0,21095.0,33476.578125,0.0,0,83303.336,2797.2644246575264,2229.00015678835,568.2642678691765,0.0,0.0,10924570.344080843,10924570.344080843,0.0,inf,inf,12,
2023-08-02,20655.0,20115.0,32707.689453125,0.0,0,0.0,0.0,0.0,0.0,0.0,0.0,10924570.344080843,10924570.344080843,0.0,inf,inf,12,
2023-08-03,19745.0,19470.0,32159.279296875,0.0,0,0.0,0.0,0.0,0.0,0.0,0.0,10924570.344080843,10924570.344080843,0.0,inf,inf,12,
2023-08-04,19280.0,19470.0,32192.75,694218.816,36,0.0,0.0,0.0,0.0,53.769205479475204,700920.0,10924570.344080843,10931217.758875364,6647.414794520556,15.595528389652692,4.26960278586698,12,
2023-08-07,19150.0,19590.0,32254.560546875,344768.93999999994,18,0.0,0.0,0.0,0.0,81.1509041095851,1057860.0,10924570.344080843,10943307.667971253,18737.323890411022,10.344759862336465,2.840317946478423,12,
2023-08-08,19760.0,19705.0,32377.2890625,533626.704,27,1066826.592,27703.91589041103,22075.86537727403,5628.050513137001,40.8136438356014,532035.0,10946646.209458116,10945013.691814281,-1632.5176438356434,20.571980587394215,5.5985415192054,12,
2023-08-09,19605.0,19530.0,32204.330078125,431396.262,22,0.0,0.0,0.0,0.0,73.4113972602645,956970.0,10946646.209458116,10938479.018417021,-8167.191041095905,11.43032594377778,3.10564798517814,12,
2023-08-10,19350.0,19860.0,32473.650390625,96769.34999999999,5,0.0,0.0,0.0,0.0,82.2693698630319,1072440.0,10946646.209458116,10957097.399047157,10451.18958904109,10.216979410547124,2.788545805486739,12,
2023-08-14,19845.0,19340.0,32059.91015625,0.0,0,99205.155,2428.187465753432,1934.9011820856224,493.28628366780976,72.69720547943143,947660.0,10948581.110640202,10930956.57055801,-17624.540082191794,11.534681816852046,3.1254947454528192,12,
2023-08-15,19700.0,19530.0,32238.890625,19703.94,1,0.0,0.0,0.0,0.0,74.90958904108265,976500.0,10948581.110640202,10940017.72096897,-8563.38967123289,11.203295157162282,3.0423887263673697,12,
2023-08-16,19170.0,18995.0,31766.8203125,0.0,0,0.0,0.0,0.0,0.0,72.85753424651921,949750.0,10948581.110640202,10913194.863434723,-35386.24720547946,11.490597381873885,3.099759806506179,12,
2023-08-17,18805.0,18770.0,31626.0,733541.679,39,0.0,0.0,0.0,0.0,128.15024657535832,1670530.0,10948581.110640202,10900305.034188148,-48276.07645205482,6.525057936216738,1.754520359847529,12,
2023-08-18,18445.0,18580.0,31450.759765625,737947.5599999999,40,0.0,0.0,0.0,0.0,183.86564383562654,2396820.0,10948581.110640202,10888463.60854431,-60117.50209589037,4.542879151769557,1.217844312651105,12,
2023-08-21,18730.0,18710.0,31565.640625,730616.0939999999,39,0.0,0.0,0.0,0.0,241.12832876708126,3143280.0,10948581.110640202,10904066.386215545,-44514.72442465741,3.4690089289581407,0.933520161993487,12,
2023-08-22,19025.0,19090.0,31856.7109375,742123.395,39,760847.8,22785.815890411068,18156.87739227406,4628.9384981370085,244.56120547954924,3188030.0,10966737.988032475,10962667.291511927,-4070.696520547907,3.4386964023274333,0.9315739760891146,12,
2023-08-23,18900.0,19275.0,32010.259765625,113422.68,6,1473905.1600000001,9409.465356164605,7497.932469059765,1911.5328871048393,140.46986301377183,1831125.0,10974235.920501536,10964192.76876181,-10043.15173972605,5.987681217154377,1.6175090859564933,12,
2023-08-24,19460.0,19560.0,32287.2109375,0.0,0,116736.648,3305.0962191780905,2633.665922252061,671.4302969260291,133.54389041097602,1740840.0,10976869.586423788,10989839.442574473,12969.856150684898,6.312952047617514,1.7141548670326725,12,
2023-08-25,18980.0,18770.0,31624.279296875,0.0,0,0.0,0.0,0.0,0.0,128.15024657535832,1670530.0,10976869.586423788,10919401.292327898,-57468.294095890444,6.53648919344633,1.7440591059316544,12,
2023-08-28,19140.0,19450.0,32169.990234375,76575.312,4,0.0,0.0,0.0,0.0,138.76109589042608,1808850.0,10976869.586423788,10981007.219232008,4137.632808219142,6.070711899401282,1.6446749172348318,12,
2023-08-29,19575.0,19470.0,32226.970703125,0.0,0,841556.6549999999,22564.335013698546,17980.390355665688,4583.9446580328595,74.67945205478463,973500.0,10994849.976779453,10982555.25012192,-12294.726657534258,11.281515408445731,3.0342878689926915,12,
2023-08-30,19745.0,19610.0,32333.4609375,0.0,0,0.0,0.0,0.0,0.0,75.21643835614668,980500.0,10994849.976779453,10989480.033683563,-5369.943095890424,11.2080367503147,3.0196112265045105,12,
2023-08-31,19675.0,19980.0,32619.33984375,0.0,0,0.0,0.0,0.0,0.0,76.63561643834691,999000.0,10994849.976779453,11007903.398067124,13053.421287671219,11.018922320387512,2.982057593948745,12,
2023-09-01,19810.0,20105.0,32710.619140625,0.0,0,435732.836,3815.893671232899,3040.694871921936,775.1987993109634,43.18443835619837,562940.0,10997890.671651376,11006757.850829458,8867.179178082166,19.552275288360143,5.283104613293673,12,
2023-09-04,20200.0,20350.0,32939.1796875,0.0,0,565486.8799999999,11414.05917808209,9095.293056054712,2318.7661220273767,0.0,0.0,11006985.96470743,11006985.96470743,0.0,inf,inf,12,
2023-09-05,20380.0,20460.0,33036.76171875,101920.38,5,0.0,0.0,0.0,0.0,7.84767123288475,102300.0,11006985.96470743,11007357.737036198,371.7723287671186,107.59880485861386,28.966264812951753,10,
2023-09-06,20580.0,20765.0,33241.01953125,82336.46399999999,4,0.0,0.0,0.0,0.0,14.336383561661933,186885.0,11006985.96470743,11009591.936652636,2605.9719452054824,58.91105191242013,15.867879998918275,10,
2023-09-07,20625.0,20440.0,32991.078125,41258.25,2,0.0,0.0,0.0,0.0,17.24800000002142,224840.0,11006985.96470743,11006271.438652636,-714.5260547945179,48.951571956291744,13.174395159214734,10,
2023-09-08,20305.0,19940.0,32606.83984375,162472.48799999998,8,0.0,0.0,0.0,0.0,29.063232876709662,378860.0,11006985.96470743,10997789.887419758,-9196.077287671214,29.02863825006535,7.796073465480884,10,
2023-09-11,20080.0,19800.0,32467.759765625,441848.352,22,0.0,0.0,0.0,0.0,62.2750684931525,811800.0,11006985.96470743,10988819.260351267,-18166.704356164377,13.536362725241768,3.627232681688964,10,
2023-09-12,20015.0,20195.0,32776.37109375,180171.027,9,0.0,0.0,0.0,0.0,77.46027397259604,1009750.0,11006985.96470743,11006520.773077294,-465.19163013698153,10.900243399927996,2.933608857090524,9,
2023-09-13,20170.0,20080.0,32706.51953125,60522.102,3,0.0,0.0,0.0,0.0,81.64032876712736,1064240.0,11006985.96470743,11000407.030748526,-6578.933958904104,10.336396894261187,2.7775841546921956,9,
2023-09-14,20370.0,20700.0,33168.1015625,122244.444,6,0.0,0.0,0.0,0.0,93.68876712321071,1221300.0,11006985.96470743,11035128.897981403,28142.933273972605,9.035559566020964,2.448738507537358,9,
2023-09-15,20970.0,21145.0,33533.08984375,0.0,0,1111187.7179999999,41687.50149315073,33218.68556481716,8468.81592833357,9.732493150688242,126870.0,11040204.650272246,11043408.067559918,3203.41728767124,87.04507028895655,23.309105973418376,9,
2023-09-19,20770.0,20770.0,33242.58984375,0.0,0,124595.076,928.4932876712485,739.8698762808344,188.62341139041413,0.0,0.0,11040944.520148527,11040944.520148527,0.0,inf,inf,9,
2023-09-20,20780.0,20455.0,33023.78125,83136.624,4,0.0,0.0,0.0,0.0,6.2766027397010475,81820.0,11040944.520148527,11039621.619545788,-1322.9006027397222,134.92571033421888,36.08537102105902,10,
2023-09-21,20290.0,19940.0,32571.029296875,243528.696,12,0.0,0.0,0.0,0.0,24.47430136986077,319040.0,11040944.520148527,11033288.449244417,-7656.0709041095815,34.582774728073026,9.234413905279304,10,
2023-09-22,19540.0,19705.0,32402.41015625,547229.424,28,0.0,0.0,0.0,0.0,66.51112328766612,867020.0,11040944.520148527,11033972.51412113,-6972.00602739725,12.726318324976505,3.3987277872410484,10,
2023-09-25,19840.0,20075.0,32678.619140625,535787.136,27,0.0,0.0,0.0,0.0,109.3399999999674,1425325.0,11040944.520148527,11056381.03812113,15436.51797260269,7.757094724446095,2.0830787014145784,10,
2023-09-26,20030.0,19625.0,32315.05078125,540918.162,27,0.0,0.0,0.0,0.0,147.53698630142026,1923250.0,11040944.520148527,11013240.339134827,-27704.18101369869,5.726369603085833,1.5212665613524663,10,
2023-09-27,19280.0,19605.0,32371.900390625,539947.968,28,0.0,0.0,0.0,0.0,189.4970958903432,2470230.0,11040944.520148527,11020082.874038938,-20861.64610958909,4.4611566024374,1.1871076587724019,10,
2023-09-28,19585.0,19275.0,31872.51953125,548489.676,28,0.0,0.0,0.0,0.0,227.70904109586263,2968350.0,11040944.520148527,10969485.488997841,-71459.03115068497,3.6954825034102585,0.9707763093459861,10,
2023-09-29,19480.0,19300.0,31857.619140625,545549.088,28,0.0,0.0,0.0,0.0,269.45972602744587,3512600.0,11040944.520148527,10967916.941271815,-73027.57887671234,3.122449735600927,0.8198388232064862,10,
2023-10-02,19600.0,19200.0,31759.880859375,548909.76,28,0.0,0.0,0.0,0.0,309.3041095890221,4032000.0,11040944.520148527,10938097.877162226,-102846.64298630142,2.712821894137457,0.7067553279206163,10,
2023-10-03,18970.0,18520.0,31237.939453125,550240.026,29,0.0,0.0,0.0,0.0,339.5502465754398,4426280.0,11040944.520148527,10781798.300915651,-259146.2192328767,2.4358599774337932,0.6084112066301217,10,
2023-10-04,17915.0,17700.0,30526.880859375,913847.7329999999,51,0.0,0.0,0.0,0.0,393.76438356155995,5133000.0,11040944.520148527,10574276.803532088,-466667.71661643824,2.060057822624603,0.4841385337844636,9,margin_warning
2023-10-05,17945.0,18315.0,31075.359375,951275.217,53,0.0,0.0,0.0,0.0,481.91030136996415,6282045.0,11040944.520148527,10771564.67623072,-269379.84391780803,1.714658948834451,0.4269133787346178,9,margin_warning
2023-10-06,18220.0,18255.0,30994.669921875,856511.268,47,1894501.024,29162.707205479594,23238.303236686414,5924.403968793179,400.5096986301942,5220930.0,11064182.823385214,10742114.518563297,-322068.30482191785,2.0575097767185726,0.5023771017311819,9,
2023-10-10,18655.0,19135.0,31746.529296875,895619.088,48,0.0,0.0,0.0,0.0,490.2753972602077,6391090.0,11064182.823385214,11016165.155166036,-48017.66821917808,1.7236754849589093,0.45319906979042046,9,margin_warning
2023-10-11,19240.0,19345.0,31936.509765625,173194.63199999998,9,1827434.4400000002,75098.81638356179,59842.49183524121,15256.32454832058,368.03200000023935,4797560.0,11124025.315220457,11061250.606617717,-62774.70860273969,2.305599222650205,0.5973983954374674,9,
2023-10-12,19600.0,20010.0,32494.66015625,254850.95999999996,13,0.0,0.0,0.0,0.0,400.6385753423092,5222610.0,11124025.315220457,11231049.008042375,107023.69282191788,2.150466722202572,0.5812136860428582,10,
2023-10-13,19815.0,19780.0,32315.990234375,19818.963,1,2416946.514,59077.49452054791,47075.901508698604,12001.593011849307,212.4317808219348,2769200.0,11171101.216729153,11162552.5342497,-8548.682479452065,4.030966536996137,1.0500021698578113,10,
2023-10-16,19245.0,18970.0,31659.029296875,76995.396,4,0.0,0.0,0.0,0.0,209.5535342466319,2731680.0,11171101.216729153,11047827.584715454,-123273.63201369865,4.044334469892321,1.022349435403033,10,
2023-10-17,19530.0,19410.0,32040.2890625,410212.02599999995,21,0.0,0.0,0.0,0.0,245.6827397259185,3202650.0,11171101.216729153,11108339.875975728,-62761.34075342463,3.468483873035058,0.8908241969064071,10,
2023-10-18,19420.0,19460.0,32042.25,330206.028,17,0.0,0.0,0.0,0.0,271.69358904112596,3541720.0,11171101.216729153,11116932.154386688,-54169.0623424657,3.138851223243703,0.8078895844516852,10,
2023-10-19,18845.0,18730.0,31430.619140625,358126.61100000003,19,0.0,0.0,0.0,0.0,288.80120547953993,3764730.0,11171101.216729153,10981526.742181208,-189574.47454794517,2.9169493541850833,0.7239893659394602,10,
2023-10-20,18480.0,18515.0,31259.359375,536027.184,29,0.0,0.0,0.0,0.0,326.67561643838417,4258450.0,11171101.216729153,10938892.88256477,-232208.33416438356,2.5687498696860995,0.6299625334101344,10,
2023-10-23,18380.0,18215.0,30999.55078125,551510.28,30,0.0,0.0,0.0,0.0,363.3019178081886,4735900.0,11171101.216729153,10864469.30064696,-306631.9160821918,2.2940664500194177,0.5506613455868515,10,
2023-10-24,18400.0,18295.0,31062.349609375,552110.4,30,0.0,0.0,0.0,0.0,407.00109589047497,5305550.0,11171101.216729153,10881601.899551071,-289499.3171780823,2.050984704611411,0.49469002542111373,10,margin_warning
2023-10-25,18575.0,18470.0,31269.919921875,538782.735,29,0.0,0.0,0.0,0.0,451.98367123299977,5891930.0,11171101.216729153,10928747.180879839,-242354.0358493151,1.8548671116051683,0.4533821620471601,10,margin_warning
2023-10-26,17960.0,17695.0,30601.779296875,413162.61600000004,23,0.0,0.0,0.0,0.0,464.2392328767455,6051690.0,11171101.216729153,10674880.325646961,-496220.8910821919,1.7639502891997048,0.3993867609816053,9,margin_warning
2023-10-27,17910.0,18190.0,30991.689453125,788197.6079999999,44,0.0,0.0,0.0,0.0,538.6233424658421,7021340.0,11171101.216729153,10855794.094304495,-315307.12242465746,1.5461142879143432,0.3699208431552722,9,margin_warning
2023-10-30,17735.0,17815.0,30696.9609375,248339.658,14,0.0,0.0,0.0,0.0,546.6520547944237,7126000.0,11171101.216729153,10711567.7842497,-459533.43247945205,1.503166963829596,0.344171632159732,9,margin_warning
2023-10-31,17800.0,18030.0,30858.849609375,409481.88,23,0.0,0.0,0.0,0.0,585.0611506848945,7626690.0,11171101.216729153,10802190.843099017,-368910.37363013695,1.4163668436895975,0.3333825091184879,9,margin_warning
2023-11-01,18700.0,18855.0,31601.650390625,205741.13999999998,11,691761.6200000001,33869.77361643841,26989.129106258944,6880.6445101794625,574.2251506848261,7485435.0,11198090.345835414,11139501.453438153,-58588.892397260184,1.488156861082643,0.38013444242597694,9,margin_warning
2023-11-02,19355.0,19290.0,31949.890625,0.0,0,3579958.865,198526.476410959,158195.8227280727,40330.65368288631,313.7135342465481,4089480.0,11356286.168563485,11282860.951221019,-73425.21734246571,2.7589964864043885,0.6822361199659992,9,
2023-11-06,20015.0,20190.0,32708.48046875,0.0,0,600329.9099999999,36135.40321917804,28794.49605520202,7340.907163976019,281.88558904099045,3674580.0,11385080.66461869,11460668.068468004,75587.40384931512,3.1189055806290797,0.797745809403338,9,
2023-11-07,20000.0,19645.0,32271.8203125,0.0,0,2779444.0,49856.78256164389,39728.37718424593,10128.405377397956,64.80158904113341,844735.0,11424809.041802935,11400073.861501565,-24735.180301369866,13.495443969412378,3.3393490327738204,9,
2023-11-08,19955.0,19525.0,32166.48046875,0.0,0,0.0,0.0,0.0,0.0,64.40575342462398,839575.0,11424809.041802935,11394849.45574814,-29959.586054794527,13.572163839738131,3.353573169393258,9,
2023-11-09,19680.0,20160.0,32646.4609375,0.0,0,0.0,0.0,0.0,0.0,66.50038356165169,866880.0,11424809.041802935,11422087.95536458,-2721.086438356169,13.176088911227136,3.279286859687871,9,
2023-11-10,19865.0,20050.0,32568.109375,19868.972999999998,1,0.0,0.0,0.0,0.0,67.67561643832596,882200.0,11424809.041802935,11417471.30674814,-7337.7350547945225,12.9420441019589,3.217030003052986,10,
2023-11-13,20425.0,20025.0,32585.109375,40858.17,2,0.0,0.0,0.0,0.0,70.66356164385797,921150.0,11424809.041802935,11415492.473186497,-9316.568616438357,12.392653176123863,3.078775847115081,10,
2023-11-14,20300.0,20195.0,32695.9296875,162432.48,8,0.0,0.0,0.0,0.0,83.65709589031758,1090530.0,11424809.041802935,11422356.336090606,-2452.705712328778,10.474133069324646,2.6068008925735886,10,
2023-11-15,20810.0,21200.0,33519.69921875,62442.486000000004,3,0.0,0.0,0.0,0.0,92.69917808216996,1208400.0,11424809.041802935,11477691.150912525,52882.10910958903,9.498254841867366,2.3982428773767888,10,
2023-11-16,21050.0,21035.0,33424.41015625,0.0,0,1052289.5,42585.48031506858,33934.23998906239,8651.24032600618,11.29550684930291,147245.0,11458743.281791996,11460163.115079667,1419.8332876712323,77.83057567373878,19.27340066805215,10,
2023-11-17,20920.0,21250.0,33585.19921875,0.0,0,0.0,0.0,0.0,0.0,11.410958904132713,148750.0,11458743.281791996,11461656.704120763,2913.422328767123,77.0531543134169,19.088363424870796,10,
2023-11-20,21215.0,20995.0,33388.03125,0.0,0,0.0,0.0,0.0,0.0,11.27402739727404,146965.0,11458743.281791996,11459860.430093367,1117.1483013698626,77.97680012311343,19.307906721972824,10,
2023-11-21,21100.0,21005.0,33354.140625,21104.22,1,0.0,0.0,0.0,0.0,12.890739726019092,168040.0,11458743.281791996,11459818.31935364,1075.037561643834,68.19696690879339,16.88604802377579,10,
2023-11-22,20750.0,21090.0,33451.828125,20754.149999999998,1,0.0,0.0,0.0,0.0,14.560767123301048,189810.0,11458743.281791996,11460819.608586516,2076.3267945205484,60.3804836867737,14.954524199889558,10,
2023-11-24,21510.0,21325.0,33625.53125,86057.208,4,0.0,0.0,0.0,0.0,21.266575342568103,277225.0,11458743.281791996,11462156.134011174,3412.852219178084,41.34604070344007,10.24378572361927,10,
2023-11-27,21450.0,21055.0,33447.671875,42908.58,2,0.0,0.0,0.0,0.0,24.227671232947614,315825.0,11458743.281791996,11457823.326339941,-919.9554520547948,36.279025809672895,8.977998771116557,10,
2023-11-28,21195.0,21040.0,33408.390625,105996.19499999999,5,0.0,0.0,0.0,0.0,32.280547945178114,420800.0,11458743.281791996,11456769.850791996,-1973.4309999999923,27.226164094087444,6.735719357870712,10,
2023-11-29,20855.0,20925.0,33321.21875,104295.855,5,0.0,0.0,0.0,0.0,40.130136986263096,523125.0,11458743.281791996,11454758.86565501,-3984.41613698629,21.896791141037056,5.414269229186186,10,
2023-11-30,20820.0,21120.0,33486.890625,145769.14800000002,7,0.0,0.0,0.0,0.0,51.84526027395623,675840.0,11458743.281791996,11461652.872394737,2909.590602739722,16.95912179272422,4.200967317704598,10,
2023-12-01,21240.0,21085.0,33431.51171875,127465.488,6,0.0,0.0,0.0,0.0,61.46421917807311,801230.0,11458743.281791996,11459515.920175558,772.6383835616423,14.302404952604817,3.5407852121851646,10,
2023-12-04,20940.0,20795.0,33231.26953125,188497.69199999998,9,0.0,0.0,0.0,0.0,74.97594520560233,977365.0,11458743.281791996,11447078.252230352,-11665.029561643818,11.712183526349268,2.8898831978520905,10,
2023-12-05,20540.0,20250.0,32775.8203125,287617.512,14,0.0,0.0,0.0,0.0,94.75890410965076,1235250.0,11458743.281791996,11417250.981326243,-41492.30046575339,9.242866611071639,2.2623344763088356,10,
2023-12-06,20430.0,21070.0,33445.8984375,551720.3219999999,27,0.0,0.0,0.0,0.0,142.23693150701,1854160.0,11458743.281791996,11484298.422394736,25555.140602739826,6.193801194284601,1.5432615664222478,10,
2023-12-07,20695.0,20350.0,32858.30859375,165593.112,8,558653.247,6889.284123287718,5489.726053641818,1399.5580696458999,107.71561643847963,1404150.0,11464233.00784564,11425841.283708654,-38391.72413698626,8.137194234026746,1.9912400580932692,10,
2023-12-08,19900.0,19605.0,32307.859375,537407.46,27,0.0,0.0,0.0,0.0,144.37873972591478,1882080.0,11464233.00784564,11366219.444968928,-98013.56287671223,6.0391797612051175,1.45383485829094,10,
2023-12-11,20170.0,20260.0,32791.80078125,544698.918,27,0.0,0.0,0.0,0.0,191.1655890410184,2491980.0,11464233.00784564,11431229.361379886,-33003.64646575329,4.587207506231946,1.1240267822832166,10,
2023-12-12,20650.0,20265.0,32843.69921875,537007.38,26,0.0,0.0,0.0,0.0,231.63172602729173,3019485.0,11464233.00784564,11421495.349653859,-42737.65819178069,3.782597148074542,0.9243584973802076,10,
2023-12-13,20445.0,20380.0,32926.3515625,347634.513,17,0.0,0.0,0.0,0.0,259.5239452055539,3383080.0,11464233.00784564,11437196.312708654,-27036.69513698616,3.3807052486812768,0.8295777979154099,10,
2023-12-14,20550.0,20075.0,32686.25,513852.75,25,0.0,0.0,0.0,0.0,294.13999999995576,3834325.0,11464233.00784564,11374294.422708655,-89938.58513698615,2.9664398356186954,0.715466744882519,10,
2023-12-15,20200.0,20470.0,32970.55078125,484896.96,24,0.0,0.0,0.0,0.0,337.61479452066123,4401050.0,11464233.00784564,11455784.847914133,-8448.159931506721,2.6029663030218093,0.6417752211364616,10,
2023-12-18,20235.0,20185.0,32758.98046875,141673.329,7,546235.731,8577.537904109655,6835.011078889778,1742.5268252198764,301.94547945208615,3936075.0,11471068.018924529,11393327.77760946,-77740.24131506842,2.894591128880791,0.6994654022838463,10,
2023-12-19,20235.0,20705.0,33219.390625,404780.93999999994,20,0.0,0.0,0.0,0.0,341.4906849314575,4451575.0,11471068.018924529,11503705.346924528,32637.328000000147,2.58418769692177,0.6431845721850193,10,
2023-12-20,21055.0,21350.0,33675.94140625,147414.47699999998,7,1641961.5420000001,65449.88212328787,52153.73856994194,13296.14355334593,235.84438356175087,3074400.0,11523221.757494472,11607545.423987623,84323.66649315075,3.7755482123300883,0.9437089228730061,10,
2023-12-21,20830.0,20610.0,33140.46875,41668.332,2,1895150.8939999999,21627.88510958899,17234.180249575984,4393.704860013003,86.95726027403725,1133550.0,11540455.937744047,11515697.323867336,-24758.6138767123,10.158967247909079,2.459331983583097,10,
2023-12-22,20780.0,20645.0,33169.05078125,228625.716,11,0.0,0.0,0.0,0.0,104.52591780829243,1362570.0,11540455.937744047,11515987.081949526,-24468.855794520507,8.451666396551756,2.046104788858557,10,
2023-12-25,20960.0,20790.0,33254.03125,649889.9519999999,31,0.0,0.0,0.0,0.0,154.7003835614887,2016630.0,11540455.937744047,11520002.429565966,-20453.50817808208,5.712501762626742,1.3843995424980686,1,
2023-12-26,20850.0,20810.0,33305.8515625,563062.59,27,0.0,0.0,0.0,0.0,197.95156164391665,2580440.0,11540455.937744047,11520551.888004322,-19904.049739725884,4.464568789820466,1.0820531212756712,1,
2023-12-27,21095.0,21320.0,33681.23828125,632976.5700000001,30,0.0,0.0,0.0,0.0,251.86805479455506,3283280.0,11540455.937744047,11590163.449949527,49707.512205479536,3.5300563613062326,0.8715470048716538,1,
2023-12-28,21055.0,21185.0,33539.62109375,400125.00899999996,19,1136742.6060000001,11084.685506849437,8832.831646132974,2251.8538607164633,193.39293150685262,2521015.0,11549288.76939018,11562070.800157305,12782.030767123375,4.586276083306647,1.1194547124568572,1,
2023-12-29,21135.0,21055.0,33464.171875,253670.724,12,0.0,0.0,0.0,0.0,211.58832876716042,2758205.0,11549288.76939018,11545378.487828538,-3910.2815616437347,4.185830454164407,1.0170593633420615,1,
2024-01-04,20375.0,20880.0,33288.2890625,0.0,0,0.0,0.0,0.0,0.0,209.82969863014296,2735280.0,11549288.76939018,11522243.658129906,-27045.11126027387,4.212454907040561,1.0170489170650279,21,
2024-01-05,20960.0,21010.0,33377.421875,0.0,0,0.0,0.0,0.0,0.0,211.1361095891334,2752310.0,11549288.76939018,11539062.522020318,-10226.247369862913,4.19250103441121,1.0167900017259872,21,
2024-01-09,21510.0,21490.0,33763.1796875,0.0,0,0.0,0.0,0.0,0.0,215.95978082186775,2815190.0,11549288.76939018,11601726.562239496,52437.79284931517,4.121116714054645,1.0162615560899293,21,
2024-01-10,21670.0,22375.0,34441.71875,0.0,0,0.0,0.0,0.0,0.0,224.85342465760186,2931125.0,11549288.76939018,11717436.708814839,168147.93942465764,3.997590245661594,1.0154649369233633,21,
2024-01-11,23050.0,23195.0,35049.859375,0.0,0,714407.09,64063.1264383562,51048.70230240414,13014.424135952062,177.93424657528521,2319500.0,11600337.471692584,11807026.44043231,206688.96873972606,5.090332589106406,1.2941596612080337,21,
2024-01-12,23535.0,23825.0,35577.109375,0.0,0,2353029.3000000003,240218.2687397262,191417.92744525083,48800.34129447537,0.0,0.0,11791755.399137836,11791755.399137836,0.0,inf,inf,21,
2024-01-15,23895.0,23915.0,35901.7890625,0.0,0,0.0,0.0,0.0,0.0,0.0,0.0,11791755.399137836,11791755.399137836,0.0,inf,inf,21,
2024-01-16,23895.0,23910.0,35619.1796875,0.0,0,0.0,0.0,0.0,0.0,0.0,0.0,11791755.399137836,11791755.399137836,0.0,inf,inf,21,
2024-01-17,24255.0,23690.0,35477.75,0.0,0,0.0,0.0,0.0,0.0,0.0,0.0,11791755.399137836,11791755.399137836,0.0,inf,inf,21,
2024-01-18,23560.0,23660.0,35466.171875,0.0,0,0.0,0.0,0.0,0.0,0.0,0.0,11791755.399137836,11791755.399137836,0.0,inf,inf,21,
2024-01-19,24495.0,24340.0,35963.26953125,0.0,0,0.0,0.0,0.0,0.0,0.0,0.0,11791755.399137836,11791755.399137836,0.0,inf,inf,21,
2024-01-22,24840.0,25155.0,36546.94921875,0.0,0,0.0,0.0,0.0,0.0,0.0,0.0,11791755.399137836,11791755.399137836,0.0,inf,inf,21,
2024-01-23,25220.0,25080.0,36517.5703125,0.0,0,0.0,0.0,0.0,0.0,0.0,0.0,11791755.399137836,11791755.399137836,0.0,inf,inf,21,
2024-01-24,25025.0,24650.0,36226.48046875,0.0,0,0.0,0.0,0.0,0.0,0.0,0.0,11791755.399137836,11791755.399137836,0.0,inf,inf,21,
2024-01-25,24600.0,24725.0,36236.46875,0.0,0,0.0,0.0,0.0,0.0,0.0,0.0,11791755.399137836,11791755.399137836,0.0,inf,inf,21,
2024-01-26,24280.0,24035.0,35751.0703125,0.0,0,0.0,0.0,0.0,0.0,0.0,0.0,11791755.399137836,11791755.399137836,0.0,inf,inf,21,
2024-01-29,24130.0,24405.0,36026.94140625,0.0,0,0.0,0.0,0.0,0.0,0.0,0.0,11791755.399137836,11791755.399137836,0.0,inf,inf,21,
2024-01-30,24665.0,24445.0,36065.859375,0.0,0,0.0,0.0,0.0,0.0,0.0,0.0,11791755.399137836,11791755.399137836,0.0,inf,inf,21,
2024-01-31,23990.0,24760.0,36286.7109375,0.0,0,0.0,0.0,0.0,0.0,0.0,0.0,11791755.399137836,11791755.399137836,0.0,inf,inf,21,
2024-02-01,24295.0,24335.0,36011.4609375,0.0,0,0.0,0.0,0.0,0.0,0.0,0.0,11791755.399137836,11791755.399137836,0.0,inf,inf,21,
2024-02-02,24690.0,24590.0,36158.01953125,0.0,0,0.0,0.0,0.0,0.0,0.0,0.0,11791755.399137836,11791755.399137836,0.0,inf,inf,21,
2024-02-05,25000.0,24880.0,36354.16015625,0.0,0,0.0,0.0,0.0,0.0,0.0,0.0,11791755.399137836,11791755.399137836,0.0,inf,inf,21,
2024-02-06,24710.0,24550.0,36160.66015625,0.0,0,0.0,0.0,0.0,0.0,0.0,0.0,11791755.399137836,11791755.399137836,0.0,inf,inf,21,
2024-02-07,24260.0,24540.0,36119.921875,0.0,0,0.0,0.0,0.0,0.0,0.0,0.0,11791755.399137836,11791755.399137836,0.0,inf,inf,21,
2024-02-08,24870.0,25535.0,36863.28125,0.0,0,0.0,0.0,0.0,0.0,0.0,0.0,11791755.399137836,11791755.399137836,0.0,inf,inf,21,
2024-02-09,25720.0,25590.0,36897.421875,0.0,0,0.0,0.0,0.0,0.0,0.0,0.0,11791755.399137836,11791755.399137836,0.0,inf,inf,21,
2024-02-13,26450.0,27060.0,37963.96875,0.0,0,0.0,0.0,0.0,0.0,0.0,0.0,11791755.399137836,11791755.399137836,0.0,inf,inf,21,
2024-02-14,26685.0,26710.0,37703.3203125,0.0,0,0.0,0.0,0.0,0.0,0.0,0.0,11791755.399137836,11791755.399137836,0.0,inf,inf,21,
2024-02-15,27210.0,27325.0,38157.94140625,0.0,0,0.0,0.0,0.0,0.0,0.0,0.0,11791755.399137836,11791755.399137836,0.0,inf,inf,21,
2024-02-16,28055.0,27810.0,38487.23828125,0.0,0,0.0,0.0,0.0,0.0,0.0,0.0,11791755.399137836,11791755.399137836,0.0,inf,inf,21,
2024-02-19,27735.0,27745.0,38470.37890625,0.0,0,0.0,0.0,0.0,0.0,0.0,0.0,11791755.399137836,11791755.399137836,0.0,inf,inf,21,
2024-02-20,27820.0,27640.0,38363.609375,0.0,0,0.0,0.0,0.0,0.0,0.0,0.0,11791755.399137836,11791755.399137836,0.0,inf,inf,21,
2024-02-21,27390.0,27485.0,38262.16015625,0.0,0,0.0,0.0,0.0,0.0,0.0,0.0,11791755.399137836,11791755.399137836,0.0,inf,inf,21,
2024-02-22,28290.0,28685.0,39098.6796875,0.0,0,0.0,0.0,0.0,0.0,0.0,0.0,11791755.399137836,11791755.399137836,0.0,inf,inf,21,
2024-02-26,29030.0,28790.0,39233.7109375,0.0,0,0.0,0.0,0.0,0.0,0.0,0.0,11791755.399137836,11791755.399137836,0.0,inf,inf,21,
2024-02-27,28870.0,28880.0,39239.51953125,0.0,0,0.0,0.0,0.0,0.0,0.0,0.0,11791755.399137836,11791755.399137836,0.0,inf,inf,1,
2024-02-28,28870.0,28810.0,39208.03125,0.0,0,0.0,0.0,0.0,0.0,0.0,0.0,11791755.399137836,11791755.399137836,0.0,inf,inf,1,
2024-02-29,28460.0,28805.0,39166.19140625,0.0,0,0.0,0.0,0.0,0.0,0.0,0.0,11791755.399137836,11791755.399137836,0.0,inf,inf,1,
2024-03-01,29005.0,29905.0,39910.8203125,0.0,0,0.0,0.0,0.0,0.0,0.0,0.0,11791755.399137836,11791755.399137836,0.0,inf,inf,1,
2024-03-04,30410.0,30160.0,40109.23046875,0.0,0,0.0,0.0,0.0,0.0,0.0,0.0,11791755.399137836,11791755.399137836,0.0,inf,inf,1,
2024-03-05,29930.0,30170.0,40097.62890625,0.0,0,0.0,0.0,0.0,0.0,0.0,0.0,11791755.399137836,11791755.399137836,0.0,inf,inf,1,
2024-03-06,29755.0,30170.0,40090.78125,0.0,0,0.0,0.0,0.0,0.0,0.0,0.0,11791755.399137836,11791755.399137836,0.0,inf,inf,1,
2024-03-07,30580.0,29395.0,39598.7109375,0.0,0,0.0,0.0,0.0,0.0,0.0,0.0,11791755.399137836,11791755.399137836,0.0,inf,inf,1,
2024-03-08,29565.0,29500.0,39688.94140625,532276.434,18,0.0,0.0,0.0,0.0,40.73424657533178,531000.0,11791755.399137836,11790438.230891261,-1317.1682465753508,22.204215124089004,5.169408891986218,1,
2024-03-11,28505.0,28220.0,38820.48828125,627235.422,22,0.0,0.0,0.0,0.0,86.59287671232596,1128800.0,11791755.399137836,11760916.21601455,-30839.1831232877,10.418954833464342,2.405516932929888,1,
2024-03-12,27780.0,28220.0,38797.51171875,639067.7880000001,23,0.0,0.0,0.0,0.0,136.38378082192503,1777860.0,11791755.399137836,11770772.044233726,-20983.354904109674,6.620753065052212,1.5327792730190304,1,
2024-03-13,28720.0,28040.0,38695.96875,631966.368,22,0.0,0.0,0.0,0.0,182.83616438356694,2383400.0,11791755.399137836,11744162.840069342,-47592.559068493254,4.927482940366427,1.132111654779242,1,
2024-03-14,27900.0,28255.0,38807.37890625,641828.34,23,0.0,0.0,0.0,0.0,234.09073972597253,3051540.0,11791755.399137836,11770240.409329617,-21514.989808219252,3.8571476727585474,0.8927028308727377,1,
2024-03-15,27800.0,28055.0,38707.640625,639527.8799999999,23,0.0,0.0,0.0,0.0,281.93353424652014,3675205.0,11791755.399137836,11754095.59579537,-37659.80334246572,3.1982149555726473,0.7367457460067944,1,
2024-03-18,28460.0,29550.0,39740.44140625,626245.2239999999,22,0.0,0.0,0.0,0.0,346.8279452054412,4521150.0,11791755.399137836,11973448.543850165,181693.14471232885,2.6483192426374185,0.6473348085249306,1,
2024-03-19,29320.0,29900.0,40003.6015625,0.0,0,3957408.3600000003,150503.882164384,119929.0185026894,30574.86366169461,41.286575342470314,538200.0,11911684.417640526,11917290.75361313,5606.335972602731,22.142866506155944,5.053873672585892,1,
2024-03-21,30800.0,31140.0,40815.66015625,92418.48,3,0.0,0.0,0.0,0.0,50.16526027396321,653940.0,11911684.417640526,11940562.108352855,28877.690712328764,18.259415402564233,4.1949047314205865,1,
2024-03-22,31470.0,31320.0,40888.4296875,0.0,0,566346.708,33710.04517808217,26861.849500154774,6848.195677927392,7.207890410965774,93960.0,11938546.267140679,11940073.412784515,1527.1456438356206,127.07613253282796,28.83152460013141,1,
2024-03-25,31130.0,30590.0,40414.12109375,0.0,0,0.0,0.0,0.0,0.0,7.039890410960652,91770.0,11938546.267140679,11937876.372894105,-669.8942465753383,130.08473763641828,29.495542896889237,1,
2024-03-26,30560.0,30580.0,40398.03125,0.0,0,0.0,0.0,0.0,0.0,7.037589041108731,91740.0,11938546.267140679,11937839.335305063,-706.9318356164342,130.12687306850952,29.504707831583207,1,
2024-03-27,30700.0,31080.0,40762.73046875,644828.94,21,0.0,0.0,0.0,0.0,57.22126027394552,745920.0,11938546.267140679,11947133.174044788,8586.906904109648,16.016641428095223,3.6411391489018876,1,
2024-03-28,30860.0,30460.0,40168.0703125,246929.376,8,0.0,0.0,0.0,0.0,74.77304109581746,974720.0,11938546.267140679,11928929.025003692,-9617.242136986231,12.238313592625259,2.7676867119446644,1,
2024-03-29,30790.0,30810.0,40369.44140625,646719.318,21,0.0,0.0,0.0,0.0,125.26586301368661,1632930.0,11938546.267140679,11940294.44114068,1748.1740000001005,7.312190014967378,1.6589564415747622,1,
2024-04-01,30790.0,30000.0,39803.08984375,646719.318,21,0.0,0.0,0.0,0.0,170.30136986303842,2220000.0,11938546.267140679,11880474.821770817,-58071.44536986288,5.3515652350319,1.1932296492797074,1,
2024-04-02,30160.0,30040.0,39838.91015625,633486.672,21,0.0,0.0,0.0,0.0,218.92164383549243,2853800.0,11938546.267140679,11880569.22812698,-57977.039013698515,4.163070021769914,0.9281818298806082,1,
2024-04-03,29580.0,29465.0,39451.8515625,650890.152,22,0.0,0.0,0.0,0.0,264.4584657534142,3447405.0,11938546.267140679,11823019.617661227,-115526.64947945195,3.4295418199083736,0.751588872552477,1,
2024-04-04,30250.0,30000.0,39773.140625,635377.0499999999,21,0.0,0.0,0.0,0.0,317.5890410958091,4140000.0,11938546.267140679,11879919.97862013,-58626.288520547765,2.869545888555587,0.639520292053039,1,
2024-04-05,29055.0,28775.0,38992.078125,639337.842,22,0.0,0.0,0.0,0.0,353.18356164416764,4604000.0,11938546.267140679,11704228.953058487,-234317.31408219156,2.5421870010987155,0.5368309730617491,1,
2024-04-08,29275.0,29250.0,39347.0390625,644178.8099999999,22,0.0,0.0,0.0,0.0,408.37808219203725,5323500.0,11938546.267140679,11779141.764976297,-159404.50216438327,2.2126686888280824,0.4782707304990907,1,margin_warning
2024-04-09,29500.0,29895.0,39773.12890625,649129.7999999999,22,0.0,0.0,0.0,0.0,467.8362739722943,6098580.0,11938546.267140679,11904624.128702324,-33922.1384383558,1.9520321334970312,0.4379853607338043,1,margin_warning
2024-04-10,29640.0,29560.0,39581.80859375,622564.488,21,651949.584,12463.361945205565,9931.429966037054,2531.93197916851,460.3261369866086,6000680.0,11948477.697106717,11833116.966586169,-115360.73052054766,1.9719626719948686,0.43106079828713023,1,margin_warning
2024-04-11,28975.0,29425.0,39442.62890625,608596.695,21,0.0,0.0,0.0,0.0,505.6263013695134,6591200.0,11948477.697106717,11814534.6452848,-133943.05182191747,1.7924709681522029,0.38954514556725295,1,margin_warning
2024-04-12,29810.0,29545.0,39523.55078125,626135.202,21,0.0,0.0,0.0,0.0,555.2841095884796,7238525.0,11948477.697106717,11835169.15917521,-113308.53793150657,1.6350249752781416,0.35748293930651626,1,margin_warning
2024-04-15,28780.0,29070.0,39232.80078125,28785.755999999998,1,0.0,0.0,0.0,0.0,548.586739726481,7151220.0,11948477.697106717,11718529.816435484,-229947.88067123256,1.6386756128933921,0.3454601122275987,1,margin_warning
2024-04-16,28215.0,27980.0,38471.19921875,649074.789,23,0.0,0.0,0.0,0.0,577.3845479449956,7526620.0,11948477.697106717,11444277.64288754,-504200.05421917787,1.520506899894978,0.2917154985462741,1,margin_call
2024-04-17,28180.0,27255.0,37961.80078125,56371.272,2,0.0,0.0,0.0,0.0,566.6053150683874,7386105.0,11948477.697106717,11246824.765572472,-701652.9315342463,1.522700363124065,0.27045543260463,21,margin_call
2024-04-18,26930.0,27385.0,38079.69921875,781126.1939999999,29,0.0,0.0,0.0,0.0,630.2301369857742,8215500.0,11948477.697106717,11294463.341435485,-654014.3556712326,1.3747749183172642,0.24887354010884893,21,margin_call
2024-04-19,26695.0,25960.0,37068.3515625,560707.119,21,0.0,0.0,0.0,0.0,639.2561095893616,8333160.0,11948477.697106717,10850776.966325896,-1097700.7307808215,1.3021203200617648,0.19203938692465652,21,margin_call
2024-04-22,26150.0,26460.0,37438.609375,967743.51,37,0.0,0.0,0.0,0.0,726.6713424657937,9472680.0,11948477.697106717,11021826.78498343,-926650.9121232872,1.1635383845947957,0.18691838897335697,21,margin_call
2024-04-23,26905.0,26560.0,37552.16015625,511297.239,19,0.0,0.0,0.0,0.0,768.1297534250189,10013120.0,11948477.697106717,11050201.416230006,-898276.2808767117,1.1035722548246707,0.17958684070033012,21,exposure_limit_hit;margin_call
2024-04-24,27255.0,27830.0,38460.078125,0.0,0,0.0,0.0,0.0,0.0,804.8588493152056,10491910.0,11948477.697106717,11528186.55738069,-420291.13972602703,1.09876910470836,0.2168723205455116,21,exposure_limit_hit;margin_call
2024-04-25,27165.0,26705.0,37628.48046875,0.0,0,1004903.9789999999,36930.98790410951,29428.457711389667,7502.530192719847,696.5249315067194,9079700.0,11977906.154818106,11112681.481256463,-865224.6735616433,1.2239040366153575,0.20069741067379054,21,margin_call
2024-04-26,26900.0,27110.0,37934.76171875,322864.56,12,0.0,0.0,0.0,0.0,732.0442739727441,9542720.0,11977906.154818106,11252104.87698249,-725801.2778356161,1.1791297320871292,0.20549315406371252,21,margin_call
2024-04-30,27610.0,27705.0,38405.66015625,0.0,0,0.0,0.0,0.0,0.0,748.1109041096643,9752160.0,11977906.154818106,11460796.76607838,-517109.38873972546,1.175205981657231,0.22240277121567445,21,margin_call
2024-05-01,27270.0,27535.0,38274.05078125,0.0,0,0.0,0.0,0.0,0.0,743.5204383562086,9692320.0,11977906.154818106,11400213.245640025,-577692.9091780817,1.1762109841235147,0.21744849204957528,21,margin_call
2024-05-02,27230.0,27550.0,38236.0703125,0.0,0,0.0,0.0,0.0,0.0,743.9254794517765,9697600.0,11977906.154818106,11404749.320160573,-573156.8346575338,1.1760383311500344,0.21772113899346593,21,margin_call
2024-05-07,28365.0,28285.0,38835.1015625,0.0,0,0.0,0.0,0.0,0.0,763.7724931502016,9956320.0,11977906.154818106,11662705.547667421,-315200.6071506844,1.171387173942523,0.23789562534317238,21,margin_call
2024-05-08,28135.0,27445.0,38202.37109375,0.0,0,0.0,0.0,0.0,0.0,741.0901917805895,9660640.0,11977906.154818106,11366284.457475642,-611621.6973424654,1.1765560519257152,0.2144167251996941,21,margin_call
2024-05-09,27540.0,27250.0,38073.98046875,0.0,0,0.0,0.0,0.0,0.0,735.8246575338999,9592000.0,11977906.154818106,11296908.632818107,-680997.5219999994,1.1777427682254074,0.2086416954564329,21,margin_call
2024-05-10,27870.0,27495.0,38229.109375,0.0,0,0.0,0.0,0.0,0.0,742.4403287670575,9678240.0,11977906.154818106,11382406.192489339,-595499.9623287666,1.1760822414498233,0.21553983597850135,21,margin_call
2024-05-13,27395.0,27375.0,38179.4609375,0.0,0,0.0,0.0,0.0,0.0,739.1999999997206,9636000.0,11977906.154818106,11339426.99248934,-638479.1623287668,1.1767773964808363,0.21194768183484541,21,margin_call
2024-05-14,27480.0,27605.0,38356.05859375,0.0,0,0.0,0.0,0.0,0.0,745.4106301368447,9716960.0,11977906.154818106,11419641.581859203,-558264.5729589036,1.1752278060071466,0.21836017035166314,21,margin_call
2024-05-15,28045.0,27700.0,38385.73046875,0.0,0,0.0,0.0,0.0,0.0,747.9758904114133,9750400.0,11977906.154818106,11452333.605968792,-525572.5488493145,1.1745501318888243,0.2208874599113344,21,margin_call
2024-05-16,28200.0,28460.0,38920.26171875,0.0,0,0.0,0.0,0.0,0.0,768.4979726022575,10017920.0,11977906.154818106,11719085.10799619,-258821.04682191732,1.1698122073240942,0.24153957040725718,21,margin_call
2024-05-17,28015.0,28250.0,38787.37890625,0.0,0,812272.513,30050.864260274106,23946.03118579942,6104.8330744746845,699.9808219182305,9124750.0,12001852.186003905,11631382.807099795,-370469.3789041091,1.2747070119290715,0.2522009860210619,21,margin_call
2024-05-20,28220.0,28695.0,39069.6796875,0.0,0,0.0,0.0,0.0,0.0,711.0070684929378,9268485.0,12001852.186003905,11774406.800031302,-227445.38597260235,1.2703701629803903,0.26364437478818803,21,margin_call
2024-05-21,29025.0,28490.0,38946.9296875,0.0,0,609403.095,47855.09572602742,38133.33302928495,9721.762696742471,660.0313424657797,8603980.0,12039985.51903319,11708923.100992095,-331062.41804109566,1.3608728868491204,0.2707566855049636,21,margin_call
2024-05-22,28415.0,28010.0,38617.1015625,0.0,0,0.0,0.0,0.0,0.0,648.911123287864,8459020.0,12039985.51903319,11563314.189868806,-476671.32916438323,1.3669803582292992,0.258106410045658,21,margin_call
2024-05-23,28415.0,28720.0,39103.21875,0.0,0,0.0,0.0,0.0,0.0,665.3597808222985,8673440.0,12039985.51903319,11777068.830087984,-262916.68894520524,1.3578313598858105,0.2762936695408946,21,margin_call
2024-05-24,27720.0,28025.0,38646.109375,0.0,0,859148.1359999999,23741.688287671233,18918.564312030823,4823.123975640411,582.6128767119953,7594775.0,12058904.083345221,11552146.229235632,-506757.8541095888,1.5210649728577388,0.28271669182115877,21,margin_call
2024-05-27,28225.0,28400.0,38900.01953125,0.0,0,0.0,0.0,0.0,0.0,590.4087671230081,7696400.0,12058904.083345221,11653180.82046851,-405723.26287671196,1.5141080012042656,0.29203443760612696,21,margin_call
2024-05-28,28400.0,28340.0,38855.37109375,0.0,0,0.0,0.0,0.0,0.0,589.1614246572135,7680140.0,12058904.083345221,11636331.659043852,-422572.4243013695,1.5151197320678857,0.2903821444325859,21,margin_call
2024-05-29,28375.0,27865.0,38556.87109375,0.0,0,0.0,0.0,0.0,0.0,579.2866301367758,7551415.0,12058904.083345221,11507027.372413715,-551876.7109315065,1.5238239948954886,0.27813223739950815,21,margin_call
2024-05-30,27000.0,27150.0,38054.12890625,0.0,0,0.0,0.0,0.0,0.0,564.4224657529267,7357650.0,12058904.083345221,11312697.94994796,-746206.1333972599,1.5375422791173758,0.25896829892026674,21,margin_call
2024-05-31,27270.0,27810.0,38487.8984375,0.0,0,0.0,0.0,0.0,0.0,578.1432328762021,7536510.0,12058904.083345221,11490979.806715084,-567924.2766301365,1.5247083605959635,0.2764013871254662,21,margin_call
2024-06-03,28180.0,28470.0,38923.03125,0.0,0,0.0,0.0,0.0,0.0,591.8639999993611,7715370.0,12058904.083345221,11669247.942715084,-389656.1406301367,1.5124677031322002,0.29302264053246285,21,margin_call
2024-06-04,28060.0,28270.0,38837.4609375,0.0,0,0.0,0.0,0.0,0.0,587.7061917807441,7661170.0,12058904.083345221,11614460.236523304,-444443.8468219175,1.5160165139950301,0.28786760738913064,21,margin_call
2024-06-05,27915.0,27750.0,38490.171875,0.0,0,0.0,0.0,0.0,0.0,576.8958904105239,7520250.0,12058904.083345221,11472963.340632893,-585940.7427123284,1.5256093003068905,0.27436971987906855,21,margin_call
2024-06-06,28545.0,28115.0,38703.51171875,0.0,0,0.0,0.0,0.0,0.0,584.483890411444,7619165.0,12058904.083345221,11571293.856742483,-487610.2266027394,1.5187089210881353,0.28363671322772804,21,margin_call
2024-06-07,27980.0,28040.0,38683.9296875,0.0,0,0.0,0.0,0.0,0.0,582.9247123284731,7598840.0,12058904.083345221,11550385.932030153,-508518.1513150682,1.5200196256310374,0.2815671956134207,21,margin_call
2024-06-10,28025.0,28605.0,39038.16015625,0.0,0,0.0,0.0,0.0,0.0,594.6705205481267,7751955.0,12058904.083345221,11702906.261509605,-355997.82183561614,1.5096715940055903,0.2956041060189319,21,margin_call
2024-06-11,28725.0,28695.0,39134.7890625,0.0,0,0.0,0.0,0.0,0.0,596.5415342464112,7776345.0,12058904.083345221,11726699.719975358,-332204.3633698627,1.507996329892174,0.2976599732400629,21,margin_call
2024-06-12,28350.0,28370.0,38876.7109375,0.0,0,0.0,0.0,0.0,0.0,589.7850958905183,7688270.0,12058904.083345221,11638034.934879469,-420869.1484657531,1.5137391031895953,0.28946070759920184,21,margin_call
2024-06-13,28810.0,28080.0,38720.46875,0.0,0,0.0,0.0,0.0,0.0,583.756273972569,7609680.0,12058904.083345221,11558861.178605495,-500042.9047397257,1.5189681009721165,0.281969092243796,21,margin_call
2024-06-14,27910.0,28235.0,38814.55859375,0.0,0,0.0,0.0,0.0,0.0,586.9785753429169,7651685.0,12058904.083345221,11600279.200030154,-458624.8833150681,1.5160424403291763,0.28575739915000226,21,margin_call
2024-06-17,27735.0,27120.0,38102.44140625,0.0,0,0.0,0.0,0.0,0.0,563.7987945204368,7349520.0,12058904.083345221,11297550.401235633,-761353.6821095886,1.5371820746437364,0.256238911810029,21,margin_call
2024-06-18,27620.0,27615.0,38482.109375,55251.047999999995,2,0.0,0.0,0.0,0.0,578.326191780623,7538895.0,12058904.083345221,11431096.027043853,-627808.0563013693,1.5162826948835144,0.2674397649446614,21,margin_call
2024-06-19,27925.0,27735.0,38570.76171875,0.0,0,0.0,0.0,0.0,0.0,580.8392876712605,7571655.0,12058904.083345221,11463275.18775618,-595628.8955890407,1.5139722012897023,0.2704558815961821,21,margin_call
2024-06-20,27555.0,27900.0,38633.01953125,0.0,0,0.0,0.0,0.0,0.0,584.2947945207125,7616700.0,12058904.083345221,11507735.89296166,-551168.1903835613,1.5108558684156734,0.2746169651657672,21,margin_call
2024-06-21,27870.0,27855.0,38596.46875,0.0,0,0.0,0.0,0.0,0.0,583.3523835614324,7604415.0,12058904.083345221,11494867.540578099,-564036.542767123,1.511604448281439,0.27329167777021324,21,margin_call
2024-06-24,27665.0,28165.0,38804.6484375,0.0,0,0.0,0.0,0.0,0.0,589.8445479448419,7689045.0,12058904.083345221,11578907.696030153,-479996.3873150681,1.505896726580499,0.2811368179943135,21,margin_call
2024-06-25,28115.0,28710.0,39173.1484375,0.0,0,0.0,0.0,0.0,0.0,601.2581917803036,7837830.0,12058904.083345221,11727091.437838372,-331812.64550684893,1.4962166106994375,0.2946295247959607,21,margin_call
2024-06-26,28995.0,29420.0,39667.0703125,0.0,0,0.0,0.0,0.0,0.0,616.1273424652172,8031660.0,12058904.083345221,11920305.310495907,-138598.77284931476,1.4841645824768364,0.31149897700432955,21,margin_warning
2024-06-27,28995.0,28910.0,39341.5390625,0.0,0,57978.402,2697.0679726027465,2149.1586139684987,547.909358634248,601.0111780824373,7834610.0,12061053.24195919,11780084.79195919,-280968.44999999966,1.5035955576549682,0.3010150187385449,21,margin_warning
2024-06-28,29270.0,29250.0,39583.078125,0.0,0,0.0,0.0,0.0,0.0,608.0794520551572,7926750.0,12061053.24195919,11871616.712507136,-189436.52945205447,1.497665084997904,0.308986547709349,21,margin_warning
2024-07-01,29660.0,29310.0,39631.05859375,29665.932,1,771005.7679999999,33938.379493150715,27043.797699117145,6894.581794033567,553.1158356169472,7210260.0,12088097.039658308,11889018.850877486,-199078.18878082166,1.648902931500041,0.3373206736090882,10,margin_warning
2024-07-02,29205.0,30030.0,40074.69140625,29210.841,1,0.0,0.0,0.0,0.0,569.0067945208866,7417410.0,12088097.039658308,12066389.003082966,-21708.03657534217,1.626765812201694,0.3517361053936109,10,margin_warning
2024-07-03,30230.0,30800.0,40580.76171875,0.0,0,1994780.964,55583.50210958923,44291.71365602617,11291.788453563053,427.6558904105332,5574800.0,12132388.753314335,12206840.522738993,74451.76942465766,2.1896463591050788,0.48314042964117987,10,margin_warning
2024-07-04,31000.0,31340.0,40913.6484375,0.0,0,2665466.7999999993,91646.43975342433,73028.46551751619,18617.974235908157,228.3956164382398,2977300.0,12205417.21883185,12255960.952886645,50543.734054794724,4.116468260802286,0.8902888059454673,10,
2024-07-05,31360.0,31240.0,40912.37109375,0.0,0,658428.288,20184.190273972614,16083.772019815078,4100.4182541575365,177.3404931507539,2311760.0,12221500.990851665,12244571.482139336,23070.491287671364,5.2966447564363675,1.1328623474871995,10,
2024-07-08,31240.0,31130.0,40780.69921875,0.0,0,0.0,0.0,0.0,0.0,176.716054794495,2303620.0,12221500.990851665,12236254.766084542,14753.775232876846,5.311750534413029,1.1331784010893373,10,
2024-07-09,31400.0,32350.0,41580.171875,0.0,0,0.0,0.0,0.0,0.0,183.6416438355809,2393900.0,12221500.990851665,12326351.124440705,104850.13358904122,5.149066846752456,1.1280024834077234,10,
2024-07-10,32150.0,32790.0,41831.98828125,0.0,0,2378624.1799999997,89574.31358904114,71377.29178342743,18197.021805613706,0.0,0.0,12292878.282635093,12292878.282635093,0.0,inf,inf,10,
2024-07-11,33580.0,33410.0,42224.01953125,0.0,0,0.0,0.0,0.0,0.0,0.0,0.0,12292878.282635093,12292878.282635093,0.0,inf,inf,10,
2024-07-12,32320.0,31700.0,41190.6796875,0.0,0,0.0,0.0,0.0,0.0,0.0,0.0,12292878.282635093,12292878.282635093,0.0,inf,inf,10,
2024-07-16,31930.0,31770.0,41275.078125,95809.158,3,0.0,0.0,0.0,0.0,7.311452054767869,95310.0,12292878.282635093,12292371.813183038,-506.46945205479034,128.97252977843917,27.035612304385513,10,
2024-07-17,32100.0,31530.0,41097.69140625,64212.84,2,0.0,0.0,0.0,0.0,12.09369863010943,157650.0,12292878.282635093,12290486.879484408,-2391.403150684924,77.96058914991696,16.332808000848225,10,
2024-07-18,30130.0,30070.0,40126.3515625,301360.26,10,0.0,0.0,0.0,0.0,34.60109589039348,451050.0,12292878.282635093,12282492.018388517,-10386.264246575345,27.230887968935853,5.690805274674521,10,
2024-07-19,29930.0,29895.0,40063.7890625,538847.748,18,0.0,0.0,0.0,0.0,75.67939726030454,986535.0,12292878.282635093,12279053.590991257,-13824.69164383564,12.446647702302764,2.5983098545387864,10,
2024-07-22,29705.0,29175.0,39599.0,534796.938,18,0.0,0.0,0.0,0.0,114.14219178096391,1487925.0,12292878.282635093,12245532.510799477,-47345.771835616426,8.229939352319153,1.7001450946545424,10,
2024-07-23,29670.0,29220.0,39594.390625,534166.812,18,0.0,0.0,0.0,0.0,154.6658630138263,2016180.0,12292878.282635093,12239466.032936463,-53412.24969863016,6.070621687020238,1.251608113480856,10,
2024-07-24,28815.0,28540.0,39154.8515625,547594.497,19,0.0,0.0,0.0,0.0,192.66454794537276,2511520.0,12292878.282635093,12187018.871388517,-105859.41124657536,4.852447470610832,0.9837976285842605,10,
2024-07-25,27320.0,26725.0,37869.51171875,546509.28,20,0.0,0.0,0.0,0.0,221.41479452035856,2886300.0,12292878.282635093,12015068.176593997,-277810.1060410959,4.162792563695388,0.796402075512906,10,
2024-07-26,26700.0,26400.0,37667.41015625,534106.8,20,0.0,0.0,0.0,0.0,259.22630136983935,3379200.0,12292878.282635093,11973602.150292628,-319276.13234246586,3.5433244999682256,0.6678888665808952,10,
2024-07-29,27200.0,27585.0,38468.62890625,544108.7999999999,20,0.0,0.0,0.0,0.0,313.1842191781616,4082580.0,12292878.282635093,12132560.166073449,-160318.11656164384,2.9717874888118416,0.591678519346052,10,
2024-07-30,27280.0,27605.0,38525.94921875,545709.12,20,545490.88,11301.253698630095,9005.40400975339,2295.8496888767036,313.4112876713043,4085540.0,12301883.686644847,12132692.665096901,-169191.02154794516,2.9696668408819646,0.5884394042278269,10,
2024-07-31,26860.0,28470.0,39101.8203125,537307.44,20,0.0,0.0,0.0,0.0,366.9120000003604,4782960.0,12301883.686644847,12292438.313096901,-9445.373547945092,2.570048320098203,0.5359592092655919,10,
2024-08-01,27700.0,26975.0,38126.328125,526405.26,19,2215556.8,41454.23013698622,33032.803284657464,8421.42685232875,221.41671232879162,2886325.0,12334916.489929505,12076312.009532245,-258604.48039726025,4.183975127379019,0.7988253260235708,10,
2024-08-02,24625.0,23885.0,35909.69921875,541858.35,22,0.0,0.0,0.0,0.0,236.3633424657164,3081165.0,12334916.489929505,11729057.29618978,-605859.193739726,3.8066956155187337,0.6355318304764761,10,
2024-08-05,21480.0,18885.0,31458.419921875,537107.3999999999,25,0.0,0.0,0.0,0.0,223.10169862990733,2908290.0,12334916.489929505,11018851.79449115,-1316064.6954383561,3.7887734010333047,0.42903212164288673,10,margin_warning
2024-08-06,20920.0,20980.0,34675.4609375,0.0,0,0.0,0.0,0.0,0.0,247.85139725997578,3230920.0,12334916.489929505,11341233.943093888,-993682.5468356165,3.5102181245880084,0.48589384022454024,3,margin_warning
2024-08-07,20035.0,22070.0,35089.62109375,0.0,0,0.0,0.0,0.0,0.0,260.728328767349,3398780.0,12334916.489929505,11508833.21476512,-826083.2751643835,3.386165981547826,0.5111312499193053,3,
2024-08-08,21320.0,21640.0,34831.1484375,0.0,0,0.0,0.0,0.0,0.0,255.64843835600186,3332560.0,12334916.489929505,11442357.566326765,-892558.9236027396,3.433503842789557,0.5012637049967665,3,
2024-08-09,22585.0,22010.0,35025.0,0.0,0,0.0,0.0,0.0,0.0,260.0195068491157,3389540.0,12334916.489929505,11499077.546819916,-835838.943109589,3.392518615157194,0.5094943071066653,3,
2024-08-13,22750.0,23400.0,36232.51171875,0.0,0,0.0,0.0,0.0,0.0,276.4405479452107,3603600.0,12334916.489929505,11712861.106271971,-622055.3836575341,3.250322207312679,0.5384777590782649,3,
2024-08-14,23850.0,23660.0,36442.4296875,644078.79,27,596130.75,58775.981506849406,46835.64086373295,11940.340643116457,283.1421369864838,3690960.0,12381752.130793236,11740049.583491866,-641702.5473013698,3.1807577387703647,0.5170979382573903,21,
2024-08-15,23580.0,24015.0,36726.640625,377355.456,16,0.0,0.0,0.0,0.0,316.86641095904633,4130580.0,12381752.130793236,11801997.261080908,-579754.8697123287,2.857225198659972,0.47698352709996655,21,margin_warning
2024-08-16,25205.0,25855.0,38062.671875,0.0,0,0.0,0.0,0.0,0.0,341.1443287670845,4447060.0,12381752.130793236,12118136.11675214,-263616.014041096,2.7249769773180796,0.5140511548553528,21,
2024-08-19,25470.0,24850.0,37388.62109375,0.0,0,687552.4619999999,43321.374246575244,34520.63706838348,8800.73717819176,276.41369863040745,3603250.0,12416272.76786162,11952801.427875318,-463471.3399863014,3.317227899223012,0.5764473327937326,21,
2024-08-20,25495.0,25825.0,38062.921875,0.0,0,0.0,0.0,0.0,0.0,287.25890410947613,3744625.0,12416272.76786162,12093889.168971209,-322383.5988904109,3.2296663000891166,0.5922847639164931,21,
2024-08-21,25230.0,25645.0,37951.80078125,0.0,0,0.0,0.0,0.0,0.0,285.25671232887544,3718525.0,12416272.76786162,12067503.91225888,-348768.8556027397,3.2452394194630614,0.5892696218678483,21,
2024-08-22,25710.0,25950.0,38211.01171875,0.0,0,0.0,0.0,0.0,0.0,288.6493150687311,3762750.0,12416272.76786162,12111440.262943812,-304832.5049178082,3.218773573302455,0.5939436640823874,21,
2024-08-23,26000.0,26225.0,38364.26953125,0.0,0,0.0,0.0,0.0,0.0,291.70821917813737,3802625.0,12416272.76786162,12151023.554724634,-265249.21313698625,3.1954304078694675,0.5980482181618348,21,
2024-08-26,25840.0,25790.0,38110.21875,0.0,0,0.0,0.0,0.0,0.0,286.8695890409872,3739550.0,12416272.76786162,12087661.685135592,-328611.0827260274,3.232384026189138,0.5911150717090466,21,
2024-08-27,25740.0,26100.0,38288.62109375,0.0,0,0.0,0.0,0.0,0.0,290.31780821911525,3784500.0,12416272.76786162,12132321.367327373,-283951.4005342466,3.205792407802186,0.5958181347055428,21,
2024-08-28,26015.0,26170.0,38371.76171875,0.0,0,0.0,0.0,0.0,0.0,291.09643835609313,3794650.0,12416272.76786162,12142180.270889018,-274092.4969726027,3.199815601146092,0.5967458231764233,21,
2024-08-29,25785.0,26215.0,38362.53125,0.0,0,0.0,0.0,0.0,0.0,291.5969863013597,3801175.0,12416272.76786162,12148413.673902715,-267859.0939589041,3.1959627414951206,0.5972846143478823,21,
2024-08-30,26315.0,26530.0,38647.75,0.0,0,0.0,0.0,0.0,0.0,295.1008219178766,3846850.0,12416272.76786162,12193793.573080797,-222479.19478082194,3.1698125929216885,0.6019127707864813,21,
2024-09-02,27200.0,26605.0,38700.87109375,0.0,0,435112.96,57378.029589041114,45721.68287802741,11656.346711013703,263.28016438370105,3432045.0,12461994.450739648,12202181.9062054,-259812.54453424655,3.5553676907515492,0.6603104462998457,21,
2024-09-03,26690.0,26695.0,38686.30859375,0.0,0,587062.564,44339.61158904113,35332.01949472743,9007.592094313706,219.1184109590249,2856365.0,12497326.470234375,12204337.759700129,-292988.7105342466,4.272681453420739,0.7785462604274599,21,
2024-09-04,24865.0,24335.0,37047.609375,0.0,0,0.0,0.0,0.0,0.0,199.74701369868126,2603845.0,12497326.470234375,11951618.01268643,-545708.4575479453,4.589988272222974,0.7569163276379675,21,
2024-09-05,23510.0,23835.0,36657.08984375,564352.848,24,0.0,0.0,0.0,0.0,239.52542465750594,3122385.0,12497326.470234375,11905565.639261773,-591760.8309726027,3.8129716992817264,0.6163880803581777,21,
2024-09-06,24110.0,23530.0,36391.46875,940478.058,39,0.0,0.0,0.0,0.0,306.85698630136903,4000100.0,12497326.470234375,11842495.724275472,-654830.745958904,2.960549917320935,0.4652943987191736,21,margin_warning
2024-09-09,22165.0,23215.0,36215.75,975455.052,44,0.0,0.0,0.0,0.0,381.10761643841397,4968010.0,12497326.470234375,11834569.564659033,-662756.9055753425,2.3821549402394586,0.372969631116622,21,margin_warning
2024-09-10,23450.0,23205.0,36159.16015625,985096.98,42,1031593.64,56060.229424657526,44671.593817038345,11388.635607619177,377.38323287677485,4919460.0,12541998.064051414,11820750.205818538,-721247.8582328766,2.402855233261077,0.36236901724694565,21,margin_warning
2024-09-11,23005.0,22510.0,35619.76953125,989412.843,43,0.0,0.0,0.0,0.0,440.33260273968335,5740050.0,12541998.064051414,11651487.030215798,-890511.0338356162,2.0298581075453694,0.2810004054633985,21,margin_call
2024-09-12,23895.0,24085.0,36833.26953125,979890.9389999999,41,0.0,0.0,0.0,0.0,546.8944657536922,7129160.0,12541998.064051414,12060159.196750045,-481838.8673013696,1.6916662267013287,0.2834950610518874,21,margin_call
2024-09-13,24025.0,23720.0,36581.76171875,456566.295,19,1032868.385,43301.84232876714,34505.07305967809,8796.769269089044,494.93567123264074,6451840.0,12576503.137111092,11949849.581809722,-626653.5553013696,1.8521614890960907,0.28937097890033725,21,margin_call
2024-09-17,23665.0,23205.0,36203.21875,970459.053,41,0.0,0.0,0.0,0.0,557.174301370047,7263165.0,12576503.137111092,11790158.354508352,-786344.7826027395,1.623281084005162,0.23498390232159283,21,margin_call
2024-09-18,23655.0,23410.0,36380.171875,993708.702,42,0.0,0.0,0.0,0.0,637.521643835702,8310550.0,12576503.137111092,11843197.130864516,-733306.0062465753,1.4250798239424005,0.2116740901165314,21,margin_call
2024-09-19,24520.0,24400.0,37155.328125,980996.1599999999,40,0.0,0.0,0.0,0.0,739.3534246576019,9638000.0,12576503.137111092,12188911.617439859,-387591.5196712326,1.264672298966576,0.21831326444995078,21,margin_call
2024-09-20,25310.0,25245.0,37723.91015625,25315.061999999998,1,0.0,0.0,0.0,0.0,766.8946849313797,9997020.0,12576503.137111092,12521849.660754928,-54653.47635616407,1.2525582284275643,0.24370006175828024,21,margin_call
2024-09-24,25985.0,25530.0,37940.58984375,0.0,0,5325859.615,453915.54776712344,361702.60423823236,92212.94352889112,374.06695890426636,4876230.0,12938205.741349325,12634332.265267134,-303873.4760821917,2.591004170284653,0.42952596189780623,21,margin_warning
2024-09-25,25460.0,25400.0,37870.26171875,0.0,0,610917.792,46038.59309589043,36685.85290846029,9352.74018743014,325.39835616445635,4241800.0,12974891.594257785,12601141.918723539,-373749.67553424643,2.9707062847667354,0.47501368362235136,21,margin_warning
2024-09-26,26125.0,26710.0,38925.62890625,0.0,0,0.0,0.0,0.0,0.0,342.1807123288745,4460570.0,12974891.594257785,12819569.73801121,-155321.85624657522,2.8739756887597796,0.5006083710746905,21,
2024-09-27,27400.0,28295.0,39829.55859375,0.0,0,1616276.6800000002,178035.613931507,141867.67896132136,36167.93497018565,234.42213698627893,3055860.0,13116759.273219107,12994734.06090404,-122025.21231506848,4.252398362786266,0.7297104476608771,21,
2024-09-30,26795.0,25730.0,37919.55078125,0.0,0,26789.641,1464.5158767123303,1166.9994763582204,297.5164003541099,211.19747945212293,2753110.0,13117926.272695465,12718264.988024233,-399661.2846712329,4.619599285180843,0.7089248821707073,21,
2024-10-01,26190.0,26650.0,38651.96875,0.0,0,0.0,0.0,0.0,0.0,218.7490410959581,2851550.0,13117926.272695465,12816486.238983136,-301440.03371232876,4.494568301093488,0.7188198293106572,21,
2024-10-02,25790.0,25480.0,37808.76171875,0.0,0,0.0,0.0,0.0,0.0,209.1454246577341,2726360.0,13117926.272695465,12691087.09355848,-426839.17913698626,4.6549564597333,0.7057550702847348,21,
2024-10-03,26845.0,26465.0,38552.05859375,0.0,0,0.0,0.0,0.0,0.0,217.23052054806612,2831755.0,13117926.272695465,12796264.86303793,-321661.4096575342,4.518846038247634,0.7165531383825202,21,
2024-10-04,26465.0,26585.0,38635.62109375,0.0,0,0.0,0.0,0.0,0.0,218.2155068492284,2844595.0,13117926.272695465,12808886.647531081,-309039.62516438356,4.5028858756803976,0.7176791428539723,21,
2024-10-07,27715.0,27620.0,39332.73828125,0.0,0,0.0,0.0,0.0,0.0,226.71101369871758,2955340.0,13117926.272695465,12919404.936517382,-198521.3361780822,4.371546061203578,0.7281050841322142,21,
2024-10-08,27120.0,26980.0,38937.5390625,0.0,0,0.0,0.0,0.0,0.0,221.45775342488196,2886860.0,13117926.272695465,12850703.478763958,-267222.7939315068,4.451446720230271,0.7215019653992392,21,
2024-10-09,27645.0,27540.0,39277.9609375,0.0,0,0.0,0.0,0.0,0.0,226.05435616453178,2946780.0,13117926.272695465,12910397.424407793,-207528.84828767125,4.3811880847595654,0.727011536361764,21,
2024-10-10,27990.0,27680.0,39380.890625,0.0,0,0.0,0.0,0.0,0.0,227.20350684947334,2961760.0,13117926.272695465,12925150.220900945,-192776.05179452055,4.364009987609038,0.7282388337024,21,
2024-10-11,27735.0,27940.0,39605.80078125,0.0,0,0.0,0.0,0.0,0.0,229.33764383534435,2989580.0,13117926.272695465,12952740.88325711,-165185.3894383562,4.3326289590033085,0.7306143246940204,21,
2024-10-15,28600.0,28420.0,39910.55078125,0.0,0,0.0,0.0,0.0,0.0,233.2775890410412,3040940.0,13117926.272695465,13003867.605668068,-114058.66702739726,4.276265761793415,0.7350106932858481,21,
2024-10-16,27155.0,27395.0,39180.30078125,0.0,0,0.0,0.0,0.0,0.0,224.8641643837327,2931265.0,13117926.272695465,12893967.741503684,-223958.53119178084,4.398772455408734,0.7249425382256125,21,
2024-10-17,27550.0,27080.0,38911.19140625,0.0,0,0.0,0.0,0.0,0.0,222.27857534238137,2897560.0,13117926.272695465,12860040.462928342,-257885.80976712328,4.438230947047979,0.7215895899174531,21,
2024-10-18,27270.0,27055.0,38981.75,0.0,0,0.0,0.0,0.0,0.0,222.07336986297742,2894885.0,13117926.272695465,12857143.38955848,-260782.8831369863,4.441331310072241,0.7211789018981718,21,
2024-10-21,27060.0,27110.0,38954.6015625,0.0,0,0.0,0.0,0.0,0.0,222.52482191787567,2900770.0,13117926.272695465,12862805.86473656,-255120.40795890414,4.434272922271177,0.7215911415857355,21,
2024-10-22,27040.0,26290.0,38411.9609375,0.0,0,0.0,0.0,0.0,0.0,215.79408219165634,2813030.0,13117926.272695465,12774850.07065437,-343076.2020410959,4.541313128780842,0.7127539868445307,21,
2024-10-23,26265.0,25815.0,38104.859375,0.0,0,0.0,0.0,0.0,0.0,211.89517808204982,2762205.0,13117926.272695465,12723813.175476287,-394113.0972191781,4.6063971267434125,0.707315191036547,21,
2024-10-24,25440.0,25905.0,38143.2890625,407121.408,16,0.0,0.0,0.0,0.0,244.429643835756,3186315.0,13117926.272695465,12740557.33783245,-377368.9348630137,3.9985241063210797,0.6183473040077437,21,
2024-10-25,25695.0,25595.0,37913.921875,385502.08499999996,15,0.0,0.0,0.0,0.0,270.95638356159907,3532110.0,13117926.272695465,12700579.29644889,-417346.97624657524,3.5957485175854913,0.5464156813356073,21,
2024-10-28,25420.0,26600.0,38605.53125,915303.024,36,0.0,0.0,0.0,0.0,355.05534246575553,4628400.0,13117926.272695465,12881211.217106424,-236715.05558904103,2.7830808091579,0.45594096394377737,21,margin_warning
2024-10-29,26400.0,26900.0,38903.6796875,0.0,0,0.0,0.0,0.0,0.0,359.0597260274226,4680600.0,13117926.272695465,12933052.157380397,-184874.1153150684,2.763118437247446,0.4618551121790636,21,margin_warning
2024-10-30,27225.0,27500.0,39277.390625,0.0,0,979903.98,64453.20805479453,51359.53883846302,13093.66921633151,291.1232876710128,3795000.0,13169285.811533928,13013971.344876394,-155314.46665753418,3.429241461100499,0.5738956243000939,21,
2024-10-31,27320.0,27165.0,39081.25,0.0,0,437032.576,29748.537863013702,23705.12239614247,6043.415466871234,254.23463013709988,3314130.0,13192990.93393007,12963836.270779384,-229154.66315068485,3.911686104884052,0.6329854434281993,21,
2024-11-01,26015.0,25670.0,38053.671875,0.0,0,0.0,0.0,0.0,0.0,240.2430684932042,3131740.0,13192990.93393007,12781206.02771089,-411784.90621917805,4.0811836320099655,0.611457388382085,21,
2024-11-05,26065.0,26430.0,38474.8984375,964597.8809999999,37,0.0,0.0,0.0,0.0,322.3735890411772,4202370.0,13192990.93393007,12886915.77312185,-306075.16080821905,3.0665828504205606,0.4807556053640277,21,margin_warning
2024-11-06,26755.0,27700.0,39480.671875,481686.31799999997,18,0.0,0.0,0.0,0.0,376.1128767125774,4902900.0,13192990.93393007,13105383.342245137,-87607.5916849314,2.672986057689355,0.4565470210610464,21,margin_warning
2024-11-07,28155.0,27490.0,39381.41015625,0.0,0,1041526.653,76775.13178082203,61178.263759548034,15596.868021273996,295.23506849317346,3848600.0,13254169.197689619,13076717.892155372,-177451.3055342465,3.397785660280458,0.5541413949543007,21,
2024-11-08,28140.0,27630.0,39500.37109375,0.0,0,0.0,0.0,0.0,0.0,296.7386301372899,3868200.0,13254169.197689619,13096021.153525235,-158148.0441643835,3.3855594730172265,0.5562471163230565,21,
2024-11-11,27495.0,27710.0,39533.3203125,0.0,0,0.0,0.0,0.0,0.0,297.5978082190268,3879400.0,13254169.197689619,13106923.555717016,-147245.6419726027,3.378595544598911,0.5573748259381371,21,
2024-11-12,27945.0,27445.0,39376.08984375,0.0,0,0.0,0.0,0.0,0.0,294.75178082229104,3842300.0,13254169.197689619,13069528.803936195,-184640.3937534246,3.4014857777727388,0.5529475564590908,21,
2024-11-13,27455.0,26625.0,38721.66015625,0.0,0,0.0,0.0,0.0,0.0,285.9452054796275,3727500.0,13254169.197689619,12954442.858730715,-299726.3389589041,3.4753703175669255,0.5390257560756017,21,
2024-11-14,26880.0,26345.0,38535.69921875,295739.136,11,0.0,0.0,0.0,0.0,305.1689315069234,3978095.0,13254169.197689619,12908993.553799208,-345175.6438904109,3.2450189233286806,0.4935689147465789,21,margin_warning
2024-11-15,26655.0,26520.0,38642.91015625,746489.2679999999,28,0.0,0.0,0.0,0.0,364.1595616437262,4747080.0,13254169.197689619,12931125.126237564,-323044.0714520546,2.7240166852544223,0.4182005453427169,21,margin_warning
2024-11-18,25865.0,25925.0,38220.8515625,362182.42199999996,14,0.0,0.0,0.0,0.0,383.8320547945332,5003525.0,13254169.197689619,12825003.87218277,-429165.3255068491,2.563193722861936,0.37548055794183405,21,margin_warning
2024-11-19,26115.0,26180.0,38414.4296875,940328.0279999999,36,0.0,0.0,0.0,0.0,459.90728767134715,5995220.0,13254169.197689619,12875910.936895099,-378258.2607945203,2.147696154085271,0.3217852749524743,21,margin_warning
2024-11-20,26185.0,26110.0,38352.33984375,549994.9770000001,21,0.0,0.0,0.0,0.0,500.7397260275902,6527500.0,13254169.197689619,12857695.220169071,-396473.9775205478,1.9697733006769929,0.2926782167213356,21,margin_call
2024-11-21,26050.0,25620.0,38026.171875,573214.62,22,0.0,0.0,0.0,0.0,534.5806027399376,6968640.0,13254169.197689619,12725086.019566331,-529083.1781232875,1.8260501359757904,0.2550444962636954,21,margin_call
2024-11-22,25865.0,26045.0,38283.8515625,931326.228,36,0.0,0.0,0.0,0.0,615.3755616439739,8021860.0,13254169.197689619,12846364.416004688,-407804.7816849313,1.6014196727448107,0.23660052647637209,21,margin_call
2024-11-25,26655.0,26610.0,38780.140625,399904.96499999997,15,0.0,0.0,0.0,0.0,659.3447671228787,8595030.0,13254169.197689619,13018970.106237564,-235199.09145205465,1.514709094236735,0.24082785572423882,21,margin_call
2024-11-26,26370.0,26145.0,38442.0,0.0,0,0.0,0.0,0.0,0.0,647.8229589040857,8444835.0,13254169.197689619,12868127.28327866,-386041.91441095865,1.5237867031479788,0.22717222999237952,21,margin_call
2024-11-27,25970.0,25740.0,38134.96875,77925.582,3,0.0,0.0,0.0,0.0,643.7115616438678,8391240.0,13254169.197689619,12735962.989717016,-518206.20797260257,1.5177688863287209,0.21279620100776628,21,margin_call
2024-11-28,25450.0,26080.0,38349.05859375,661832.34,26,0.0,0.0,0.0,0.0,704.2314520549262,9180160.0,13254169.197689619,12862346.41826496,-391822.7794246574,1.4011026407235778,0.20819933321862566,21,margin_call
2024-11-29,25895.0,25815.0,38208.03125,129500.895,5,0.0,0.0,0.0,0.0,706.9773698628414,9215955.0,13254169.197689619,12767933.545895098,-486235.6517945203,1.3854162206624379,0.19706946714698292,21,margin_call
2024-12-02,25815.0,26235.0,38513.01953125,413122.608,16,0.0,0.0,0.0,0.0,750.6803835615283,9785655.0,13254169.197689619,12923760.257511538,-330408.94017808203,1.3206842319202483,0.2014437840219637,21,margin_call
2024-12-03,26505.0,27230.0,39248.859375,53020.602,2,0.0,0.0,0.0,0.0,783.3287671231665,10211250.0,13254169.197689619,13295551.326744413,41382.129054794736,1.30204934035935,0.22938103687591657,21,margin_call
2024-12-04,27335.0,27250.0,39276.390625,0.0,0,2104374.041,124098.46613698633,98887.86274125756,25210.603395728773,622.9424657532945,8120500.0,13353057.060430877,13283341.821882932,-69715.23854794502,1.6357788094185002,0.2715764053118628,21,margin_call
2024-12-05,27775.0,27445.0,39395.6015625,0.0,0,444311.12,31089.442630136975,24773.62235982465,6315.820270312326,593.7143013703171,7739490.0,13377830.6827907,13339733.407311248,-38097.27547945186,1.7235933384901652,0.28813844682683126,21,margin_call
2024-12-06,27435.0,27025.0,39091.171875,0.0,0,1590911.7539999997,79539.12047945212,63380.74815405142,16158.372325400698,464.3857534249546,6053600.0,13441211.430944752,13228132.403232424,-213079.0277123287,2.185167900626474,0.3367318814457661,21,margin_warning
2024-12-09,27350.0,27135.0,39160.5,0.0,0,0.0,0.0,0.0,0.0,466.2759452054743,6078240.0,13441211.430944752,13252306.127287218,-188905.30365753412,2.1802867486784363,0.33926721643595487,21,margin_warning
2024-12-10,27430.0,27420.0,39367.578125,0.0,0,0.0,0.0,0.0,0.0,471.17326027411036,6142080.0,13441211.430944752,13315674.954026943,-125536.4769178081,2.167942285679598,0.34598136447410816,21,margin_warning
2024-12-11,27440.0,27460.0,39372.23046875,0.0,0,0.0,0.0,0.0,0.0,471.8606027398491,6151040.0,13441211.430944752,13324163.093424205,-117048.33752054788,2.1661642735901903,0.3467806253745141,21,margin_warning
2024-12-12,28195.0,28175.0,39849.140625,0.0,0,0.0,0.0,0.0,0.0,484.146849314915,6311200.0,13441211.430944752,13483838.94657489,42627.515630137044,2.136493685285665,0.36320401891954324,21,margin_warning
2024-12-13,27900.0,27595.0,39470.44140625,0.0,0,2454708.96,129023.4625205481,102812.34610949876,26211.116411049345,287.8952328765299,3752920.0,13544023.777054252,13353768.894930964,-190254.88212328765,3.5582343601598128,0.5416773591783651,21,
2024-12-16,27660.0,27500.0,39457.48828125,0.0,0,0.0,0.0,0.0,0.0,286.9041095888242,3740000.0,13544023.777054252,13340561.990821375,-203461.7862328767,3.5669951847115975,0.5399406381252654,21,
2024-12-17,27705.0,27450.0,39364.6796875,0.0,0,0.0,0.0,0.0,0.0,286.38246575323865,3733200.0,13544023.777054252,13333475.608355623,-210548.16869863015,3.5715942377466043,0.5389492182730594,21,
2024-12-18,27220.0,27105.0,39081.7109375,0.0,0,0.0,0.0,0.0,0.0,282.7831232876051,3686280.0,13544023.777054252,13286272.825232334,-257750.95182191776,3.604249494132929,0.5329274106715741,21,
2024-12-19,26105.0,26670.0,38813.578125,78330.663,3,0.0,0.0,0.0,0.0,284.3825753425481,3707130.0,13544023.777054252,13228507.779656991,-315515.9973972602,3.5683959773887053,0.5142712090646202,21,
2024-12-20,26880.0,26545.0,38701.8984375,591478.272,22,0.0,0.0,0.0,0.0,327.8489315068582,4273745.0,13544023.777054252,13203316.658725485,-340707.11832876713,3.0894020721230406,0.4401178023950215,21,margin_warning
2024-12-23,26945.0,27170.0,39161.33984375,781561.281,29,0.0,0.0,0.0,0.0,396.01205479435157,5162300.0,13544023.777054252,13309914.36567069,-234109.4113835616,2.578291530068127,0.38493558148250245,21,margin_warning
2024-12-24,27245.0,26970.0,39036.8515625,27250.449,1,0.0,0.0,0.0,0.0,395.16591780819,5151270.0,13544023.777054252,13271238.750752883,-272785.02630136977,2.5763042416244697,0.37817512408619736,21,margin_warning
2024-12-25,27185.0,27030.0,39130.4296875,81571.31099999999,3,0.0,0.0,0.0,0.0,402.2656438355334,5243820.0,13544023.777054252,13281815.174109047,-262208.6029452054,2.5328510845355194,0.3734407987237997,21,margin_warning
2024-12-26,27040.0,27625.0,39568.05859375,54090.816,2,0.0,0.0,0.0,0.0,415.35890410956927,5414500.0,13544023.777054252,13397988.999204937,-146034.777849315,2.4744646780321244,0.3830482584459537,21,margin_warning
2024-12-27,27800.0,28715.0,40281.16015625,0.0,0,83383.32,5015.372506849321,3996.4995820828817,1018.8729247664396,425.13934246543795,5541995.0,13548020.276636334,13607423.306937704,59403.03030136996,2.4553294088027333,0.41104486583605176,21,margin_warning
2024-12-30,28715.0,28175.0,39894.5390625,0.0,0,2354159.074,146873.81521917827,117036.39965740222,29837.415561776066,239.91205479437485,3127425.0,13665056.676293736,13516935.053321134,-148121.62297260275,4.322065294394313,0.6524238344160214,21,
2025-01-06,28070.0,27280.0,39307.05078125,0.0,0,0.0,0.0,0.0,0.0,232.2910684933886,3028080.0,13665056.676293736,13417357.76225264,-247698.91404109588,4.430978627464479,0.6408671594579863,21,
2025-01-07,27830.0,28345.0,40083.30078125,83506.698,3,0.0,0.0,0.0,0.0,247.88284931483213,3231330.0,13665056.676293736,13536853.181403326,-128203.49489041092,4.189251231351587,0.6374602917414531,21,
2025-01-08,28000.0,28230.0,39981.05859375,0.0,0,0.0,0.0,0.0,0.0,246.87715068471152,3218220.0,13665056.676293736,13523496.304252641,-141560.3720410959,4.202166509515397,0.6358299961505239,21,
2025-01-09,28050.0,27740.0,39605.08984375,0.0,0,0.0,0.0,0.0,0.0,242.5920000000624,3162360.0,13665056.676293736,13467393.712252641,-197662.9640410959,4.2586529402891005,0.6292438641430894,21,
2025-01-10,27295.0,27175.0,39190.3984375,0.0,0,0.0,0.0,0.0,0.0,237.6509589041816,3097950.0,13665056.676293736,13402746.061293736,-262310.615,4.326327429846749,0.6213819862469478,21,
2025-01-14,26830.0,26125.0,38474.30078125,429365.85599999997,16,0.0,0.0,0.0,0.0,260.5342465752037,3396250.0,13665056.676293736,13271419.67104716,-393637.0052465753,3.907668655442668,0.5280598895253826,21,
2025-01-15,26525.0,26100.0,38444.578125,981621.285,37,0.0,0.0,0.0,0.0,334.36602739722,4358700.0,13665056.676293736,13251914.020019764,-413142.65627397265,3.040336343409678,0.4069065048628688,21,margin_warning
2025-01-16,26470.0,26295.0,38572.6015625,979585.8779999999,37,0.0,0.0,0.0,0.0,411.49873972602654,5364180.0,13665056.676293736,13277396.643280039,-387660.0330136985,2.4751959560044665,0.33530838026806226,21,margin_warning
2025-01-17,26080.0,26100.0,38451.4609375,965152.992,37,0.0,0.0,0.0,0.0,482.52821917796973,6290100.0,13665056.676293736,13237681.12306086,-427375.5532328767,2.104526338700634,0.2795593804276528,21,margin_call
2025-01-20,26440.0,26655.0,38902.5,978475.656,37,0.0,0.0,0.0,0.0,568.4452602739912,7410090.0,13665056.676293736,13378627.021800585,-286429.6544931505,1.8054608003142452,0.25624977730465226,21,margin_call
2025-01-21,27050.0,26795.0,39027.98046875,189387.87,7,0.0,0.0,0.0,0.0,585.8194520544494,7636575.0,13665056.676293736,13415138.332348531,-249918.34394520527,1.7566956825996642,0.25335433795953305,21,margin_call
2025-01-22,27295.0,27655.0,39646.25,27300.459,1,0.0,0.0,0.0,0.0,606.7431232878007,7909330.0,13665056.676293736,13659986.130225243,-5070.546068492996,1.7270724739295544,0.27549747679724407,21,margin_call
2025-01-23,27910.0,28140.0,39958.87109375,0.0,0,3097390.398,173262.46060273994,138064.19173129334,35198.26887144662,377.76986301364377,4924500.0,13803120.86802503,13736970.489490783,-66150.37853424659,2.7895157862708464,0.4228540129874163,21,margin_warning
2025-01-24,28190.0,28130.0,39931.98046875,0.0,0,1042821.3940000001,60667.23601369868,48342.6870175158,12324.548996182888,297.79265753447544,3881940.0,13851463.555042544,13724609.541837065,-126854.01320547941,3.535502749098921,0.5175295369407001,21,
2025-01-27,28485.0,27585.0,39565.80078125,0.0,0,0.0,0.0,0.0,0.0,292.02312328782864,3806730.0,13851463.555042544,13649107.518713778,-202356.03632876714,3.5855202545790688,0.5078438881625452,21,
2025-01-28,26960.0,26855.0,39016.87109375,0.0,0,0.0,0.0,0.0,0.0,284.29512328770943,3705990.0,13851463.555042544,13548083.22359049,-303380.3314520547,3.6557257908387473,0.49431217411229683,21,margin_warning
2025-01-29,27300.0,27375.0,39414.78125,354970.98,13,0.0,0.0,0.0,0.0,317.10000000020955,4133625.0,13851463.555042544,13620430.14359049,-231033.4114520547,3.2950328449219484,0.460599544984954,21,margin_warning
2025-01-30,27195.0,27475.0,39513.96875,0.0,0,0.0,0.0,0.0,0.0,318.2583561645588,4148725.0,13851463.555042544,13635211.885234326,-216251.66980821916,3.286602964822765,0.46240936129198773,21,margin_warning
2025-01-31,27685.0,27650.0,39572.48828125,0.0,0,0.0,0.0,0.0,0.0,320.2854794522282,4175150.0,13851463.555042544,13661316.599754874,-190146.9552876712,3.2720540818305626,0.46565840903133954,21,margin_warning
2025-02-03,26285.0,26100.0,38520.08984375,0.0,0,0.0,0.0,0.0,0.0,302.3309589041164,3941100.0,13851463.555042544,13426964.268795969,-424499.28624657524,3.406907784323151,0.43377205464195007,21,margin_warning
2025-02-04,27000.0,26460.0,38798.37109375,972194.3999999999,36,0.0,0.0,0.0,0.0,379.5741369863972,4948020.0,13851463.555042544,13461310.294658983,-390153.26038356154,2.7205448431208814,0.3523642782922092,21,margin_warning
2025-02-05,26720.0,26510.0,38831.48046875,694858.944,26,0.0,0.0,0.0,0.0,433.1661369864596,5646630.0,13851463.555042544,13464628.184521997,-386835.3705205478,2.3845423171913156,0.3092800874152271,21,margin_warning
2025-02-06,26640.0,26875.0,39066.53125,639487.872,24,0.0,0.0,0.0,0.0,488.6095890412107,6369375.0,13851463.555042544,13547396.702932956,-304066.852109589,2.1269585638988056,0.28710354294155416,21,margin_call
2025-02-07,26615.0,26510.0,38787.01953125,79860.969,3,0.0,0.0,0.0,0.0,488.0745205481071,6362400.0,13851463.555042544,13460072.659412408,-391390.8956301368,2.115565299165788,0.27361656148344426,21,margin_call
2025-02-10,26400.0,26500.0,38801.171875,528105.6,20,0.0,0.0,0.0,0.0,528.5479452059371,6890000.0,13851463.555042544,13459038.511467202,-392425.0435753423,1.9534163296759364,0.2524376364139121,21,margin_call
2025-02-12,26800.0,26740.0,38963.69921875,348469.68,13,0.0,0.0,0.0,0.0,560.0015342466068,7300020.0,13851463.555042544,13520028.829932956,-331434.7251095889,1.8520536697067893,0.24653708233996083,21,margin_call
2025-02-13,27000.0,27420.0,39461.46875,81016.2,3,0.0,0.0,0.0,0.0,580.5527671230957,7567920.0,13851463.555042544,13706332.077165833,-145131.47787671213,1.8111095356671096,0.2623505965032816,21,margin_call
2025-02-14,27460.0,26940.0,39149.4296875,0.0,0,0.0,0.0,0.0,0.0,570.389917808352,7435440.0,13851463.555042544,13573281.687248025,-278181.8677945202,1.8254846636174893,0.24905419806406856,21,margin_call
2025-02-17,26840.0,26980.0,39174.25,0.0,0,0.0,0.0,0.0,0.0,571.2368219179334,7446480.0,13851463.555042544,13583750.450426105,-267713.10461643804,1.8241841044931437,0.25001411039976773,21,margin_call
2025-02-18,26950.0,27185.0,39270.3984375,0.0,0,0.0,0.0,0.0,0.0,575.5772054794943,7503060.0,13851463.555042544,13639754.873220626,-211708.68182191762,1.8178922830446014,0.25551627181426023,21,margin_call
2025-02-19,27030.0,26990.0,39164.609375,0.0,0,0.0,0.0,0.0,0.0,571.4485479453579,7449240.0,13851463.555042544,13585363.424672682,-266100.13036986283,1.8237247591261232,0.2499840280757249,21,margin_call
2025-02-20,26635.0,26275.0,38678.0390625,0.0,0,0.0,0.0,0.0,0.0,556.3101369864307,7251900.0,13851463.555042544,13387467.114535695,-463996.4405068491,1.8460633922883238,0.22942103462938537,21,margin_call
2025-02-21,26095.0,26450.0,38776.94140625,678605.694,26,0.0,0.0,0.0,0.0,612.7704109589104,7987900.0,13851463.555042544,13444248.650124736,-407214.904917808,1.683076734827018,0.21531405828902742,21,margin_call
2025-02-25,25600.0,25750.0,38237.7890625,358471.68,14,0.0,0.0,0.0,0.0,624.208219178021,8137000.0,13851463.555042544,13234252.761905558,-617210.7931369861,1.6264289986365439,0.18548446230411283,21,margin_call
2025-02-26,25500.0,25560.0,38142.37109375,969193.7999999999,38,0.0,0.0,0.0,0.0,694.1115616440075,9048240.0,13851463.555042544,13175604.850343915,-675858.7046986299,1.4561511244555754,0.16024608616098582,21,margin_call
2025-02-27,25770.0,25790.0,38256.171875,927905.544,36,0.0,0.0,0.0,0.0,771.5802739723586,10058100.0,13851463.555042544,13256787.726069942,-594675.8289726024,1.318021070189195,0.15215163322072092,21,exposure_limit_hit;margin_call
2025-02-28,25000.0,24280.0,37155.5,0.0,0,0.0,0.0,0.0,0.0,726.4043835613411,9469200.0,13851463.555042544,12667161.32168638,-1184302.2333561643,1.3377224392436933,0.09926958278737491,21,exposure_limit_hit;margin_call
2025-03-03,24895.0,25110.0,37785.46875,522899.559,21,0.0,0.0,0.0,0.0,791.687342466088,10320210.0,13851463.555042544,12994480.075343914,-856983.4796986299,1.2591294242407776,0.12272333602177456,21,exposure_limit_hit;margin_call
2025-03-04,24470.0,24430.0,37331.1796875,0.0,0,0.0,0.0,0.0,0.0,770.2477808216354,10040730.0,13851463.555042544,12714229.827563092,-1137233.7274794518,1.2662654834422489,0.09815124040618908,21,exposure_limit_hit;margin_call
2025-03-05,24440.0,24540.0,37418.23828125,0.0,0,0.0,0.0,0.0,0.0,773.7159452056512,10085940.0,13851463.555042544,12758666.111617887,-1092797.4434246572,1.2649952420515973,0.10204033260094982,21,exposure_limit_hit;margin_call
2025-03-06,24890.0,24980.0,37704.9296875,0.0,0,0.0,0.0,0.0,0.0,787.5886027392698,10266780.0,13851463.555042544,12938718.523015147,-912745.0320273968,1.2602508793424176,0.11770365148447175,5,margin_call
2025-03-07,23965.0,23830.0,36887.171875,0.0,0,0.0,0.0,0.0,0.0,751.3305205482757,9794130.0,13851463.555042544,12465317.1924946,-1386146.362547945,1.2727334834737336,0.07497193052845416,5,margin_call
2025-03-10,23965.0,24055.0,37028.26953125,0.0,0,0.0,0.0,0.0,0.0,758.4244931512512,9886605.0,13851463.555042544,12557033.768001448,-1294429.7870410956,1.2701057408484964,0.08347081581193408,5,margin_call
2025-03-11,23105.0,23710.0,36793.109375,0.0,0,0.0,0.0,0.0,0.0,747.5470684929751,9744810.0,13851463.555042544,12414491.220932957,-1436972.3341095885,1.2739592891942435,0.06998113773622687,5,margin_call
2025-03-12,23645.0,23740.0,36819.08984375,0.0,0,0.0,0.0,0.0,0.0,748.4929315067129,9757140.0,13851463.555042544,12426072.72800145,-1425390.827041096,1.2735363772582384,0.07100296859124158,5,margin_call
2025-03-13,24185.0,23725.0,36790.03125,0.0,0,0.0,0.0,0.0,0.0,748.0199999996694,9750975.0,13851463.555042544,12419159.70800145,-1432303.8470410956,1.2736326067907517,0.07026219069993994,3,margin_call
2025-03-14,23605.0,24090.0,37053.1015625,0.0,0,0.0,0.0,0.0,0.0,759.5279999995837,9900990.0,13851463.555042544,12568415.180001449,-1283048.3750410953,1.2694099458742458,0.08419570254695219,3,margin_call
2025-03-17,24590.0,24535.0,37396.51953125,0.0,0,0.0,0.0,0.0,0.0,773.5583013700088,10083885.0,13851463.555042544,12750536.621700078,-1100926.9333424657,1.2644468497707062,0.1006525453590166,3,margin_call
2025-03-18,25170.0,25105.0,37845.421875,0.0,0,0.0,0.0,0.0,0.0,791.5296986300964,10318155.0,13851463.555042544,12984015.09200145,-867448.4630410958,1.2583659667839309,0.12091848135256228,3,margin_call
2025-03-19,25070.0,25005.0,37751.87890625,0.0,0,0.0,0.0,0.0,0.0,788.3768219177146,10277055.0,13851463.555042544,12942126.71517953,-909336.8398630132,1.2593225116708562,0.11724943374502834,3,margin_call
2025-03-21,24805.0,24855.0,37677.05859375,0.0,0,0.0,0.0,0.0,0.0,783.6475068497239,10215405.0,13851463.555042544,12879693.067672681,-971770.4873698624,1.2608108114825287,0.11176860675644415,22,margin_call
2025-03-24,25050.0,24810.0,37608.48828125,0.0,0,0.0,0.0,0.0,0.0,782.2287123287097,10196910.0,13851463.555042544,12860415.838960353,-991047.7160821911,1.2612071538299694,0.11000412153075352,22,margin_call
2025-03-25,25265.0,25035.0,37780.5390625,0.0,0,0.0,0.0,0.0,0.0,789.3226849315688,10289385.0,13851463.555042544,12952101.51627542,-899362.0387671231,1.2587828637256182,0.11784946150895241,22,margin_call
2025-03-26,25440.0,25350.0,38027.2890625,0.0,0,0.0,0.0,0.0,0.0,799.2542465748265,10418850.0,13851463.555042544,13080767.262028847,-770696.2930136984,1.2554905063446395,0.128657670761662,22,margin_call
2025-03-27,24855.0,24960.0,37799.96875,0.0,0,0.0,0.0,0.0,0.0,786.9580273973988,10258560.0,13851463.555042544,12919690.304001449,-931773.2510410958,1.2594058331775073,0.11488952220977872,22,margin_call
2025-03-28,24805.0,24460.0,37120.328125,0.0,0,0.0,0.0,0.0,0.0,771.1936438352568,10053060.0,13851463.555042544,12713419.110357612,-1138044.4446849313,1.2646317748384683,0.09664307879120154,22,margin_call
2025-03-31,23015.0,22580.0,35617.55859375,0.0,0,0.0,0.0,0.0,0.0,711.9195616436191,9280380.0,13851463.555042544,11940027.19079597,-1911436.3642465752,1.2865881775095382,0.021276588948878128,22,margin_call
2025-04-01,22950.0,22525.0,35624.48046875,344318.85,15,0.0,0.0,0.0,0.0,736.1046575341607,9595650.0,13851463.555042544,11910242.236138435,-1941221.3189041093,1.2412126574164788,0.017396817436476,22,margin_call
2025-04-02,22695.0,22675.0,35725.87109375,295094.007,13,0.0,0.0,0.0,0.0,763.619452055078,9954325.0,13851463.555042544,11973059.60968638,-1878403.945356164,1.2027997488213797,0.023003822492254453,22,margin_call
2025-04-03,20675.0,21430.0,34735.9296875,41358.27,2,0.0,0.0,0.0,0.0,724.9798356165411,9450630.0,13851463.555042544,11427281.359850764,-2424182.19519178,1.2091555123680393,-0.033597305612538195,22,exposure_limit_hit;margin_call
2025-04-04,20600.0,20280.0,33780.578125,0.0,0,0.0,0.0,0.0,0.0,686.0751780818682,8943480.0,13851463.555042544,10919445.284672681,-2932018.270369863,1.2209391964506748,-0.09236201732403786,3,margin_call
2025-04-07,16700.0,17195.0,31136.580078125,0.0,0,0.0,0.0,0.0,0.0,581.7092054799432,7582995.0,13851463.555042544,9558378.575467203,-4293084.9795753425,1.260501764206254,-0.2884989734409881,3,margin_call
2025-04-08,19035.0,19080.0,33012.578125,0.0,0,0.0,0.0,0.0,0.0,645.479013698874,8414280.0,13851463.555042544,10389018.096453503,-3462445.4585890416,1.2346888974996675,-0.1613557227873976,3,margin_call
2025-04-09,18060.0,17640.0,31714.029296875,0.0,0,0.0,0.0,0.0,0.0,596.763616438373,7779240.0,13851463.555042544,9753381.332837064,-4098082.2222054806,1.253770462517812,-0.2563136962439031,3,margin_call
2025-04-10,20825.0,20755.0,34609.0,0.0,0,0.0,0.0,0.0,0.0,702.1444931512233,9152955.0,13851463.555042544,11126394.188343914,-2725069.3666986297,1.2156067836391542,-0.06791413782267273,3,margin_call
2025-04-11,18735.0,19615.0,33585.578125,0.0,0,0.0,0.0,0.0,0.0,663.57813698682,8650215.0,13851463.555042544,10622990.610206928,-3228472.9448356163,1.2280608759674676,-0.1301334364092332,3,margin_call
2025-04-14,20015.0,20050.0,33982.359375,0.0,0,0.0,0.0,0.0,0.0,678.2942465756787,8842050.0,13851463.555042544,10814147.315960351,-3037316.2390821925,1.2230362094718252,-0.10576775658606852,3,margin_call
2025-04-15,20445.0,20375.0,34267.5390625,0.0,0,0.0,0.0,0.0,0.0,689.2890410955297,8985375.0,13851463.555042544,10956783.026919257,-2894680.5281232875,1.219401864353937,-0.0882831679483647,3,margin_call
2025-04-16,20300.0,19920.0,33920.3984375,0.0,0,0.0,0.0,0.0,0.0,673.8963287675288,8784720.0,13851463.555042544,10755454.13059049,-3096009.4244520552,1.2243365901918888,-0.11329446617098463,3,margin_call
2025-04-17,20065.0,20485.0,34377.6015625,0.0,0,0.0,0.0,0.0,0.0,693.0103561640717,9033885.0,13851463.555042544,11003926.120234326,-2847537.434808219,1.2180724151607338,-0.0827419414320528,3,margin_call
2025-04-18,20595.0,20925.0,34730.28125,0.0,0,0.0,0.0,0.0,0.0,707.8956164384726,9227925.0,13851463.555042544,11197258.224617887,-2654205.3304246566,1.2134101896816334,-0.06012803255409816,3,margin_call
2025-04-21,20665.0,20385.0,34279.921875,0.0,0,0.0,0.0,0.0,0.0,689.6273424649844,8989785.0,13851463.555042544,10958428.597275421,-2893034.957767123,1.2189867274106578,-0.08836431900114496,3,margin_call
2025-04-22,20250.0,20330.0,34220.6015625,0.0,0,0.0,0.0,0.0,0.0,687.7666849313537,8965530.0,13851463.555042544,10933485.83059049,-2917977.7244520546,1.2195024533508325,-0.09146216262302065,3,margin_call
2025-04-23,21385.0,21070.0,34868.62890625,0.0,0,0.0,0.0,0.0,0.0,712.8009863015031,9291870.0,13851463.555042544,11259113.02960419,-2592350.5254383557,1.2117165898365119,-0.0532823172121622,3,margin_call
2025-04-24,21555.0,21275.0,35039.1484375,0.0,0,0.0,0.0,0.0,0.0,719.7361643831246,9382275.0,13851463.555042544,11348798.293439806,-2502665.26160274,1.2095998351614938,-0.04328660555813385,3,margin_call
2025-04-25,21830.0,22085.0,35705.73828125,0.0,0,0.0,0.0,0.0,0.0,747.1385753426002,9739485.0,13851463.555042544,11705261.154864464,-2146202.4001780814,1.2018357392474515,-0.005175952764815107,3,margin_call
2025-04-28,22400.0,22225.0,35839.98828125,0.0,0,0.0,0.0,0.0,0.0,751.8747945206705,9801225.0,13851463.555042544,11766249.280069942,-2085214.2749726023,1.2004876206872042,0.001002439602940795,3,margin_call
2025-04-30,22345.0,22495.0,36045.37890625,0.0,0,0.0,0.0,0.0,0.0,761.0089315067744,9920295.0,13851463.555042544,11884558.271138435,-1966905.2839041087,1.1980045221577016,0.012839650255795875,3,margin_call
2025-05-01,22675.0,22995.0,36452.30078125,0.0,0,0.0,0.0,0.0,0.0,777.9239999998827,10140795.0,13851463.555042544,12104280.347138435,-1747183.2079041093,1.1936224277424436,0.03415089943483921,3,margin_call
2025-05-02,23225.0,23450.0,36830.69140625,0.0,0,46440.71,5019.442301369865,3999.742597846577,1019.6997035232881,789.7189041095553,10294550.0,13855463.29764039,12302666.638530802,-1552796.6591095892,1.1950659949712035,0.052347543158390346,3,margin_call
2025-05-07,23625.0,23415.0,36779.66015625,0.0,0,0.0,0.0,0.0,0.0,788.5402191779576,10279185.0,13855463.29764039,12286513.098311624,-1568950.1993287671,1.1952808611102557,0.05077759763861152,3,margin_call
2025-05-08,23590.0,23755.0,36928.62890625,0.0,0,0.0,0.0,0.0,0.0,799.9903013698058,10428445.0,13855463.29764039,12434973.108010255,-1420490.1896301361,1.1924091375090202,0.06421018084480594,3,margin_call
2025-05-09,24230.0,24290.0,37503.328125,0.0,0,0.0,0.0,0.0,0.0,818.0073424655711,10663310.0,13855463.29764039,12669020.100667788,-1186443.1969726023,1.1880945129296427,0.08466801815713704,3,margin_call
2025-05-12,24590.0,24540.0,37644.26171875,0.0,0,0.0,0.0,0.0,0.0,826.4265205480624,10773060.0,13855463.29764039,12777943.67414724,-1077519.6234931503,1.1861015973314213,0.09383949144013716,3,margin_call
2025-05-13,25585.0,25225.0,38183.26171875,0.0,0,332538.47900000005,36893.25134246582,29398.38733224389,7494.864010221931,824.3391780823004,10745850.0,13884861.684972635,13074952.949958935,-809908.7350136983,1.2167444129556002,0.11820657806922977,3,margin_call
2025-05-14,25380.0,25130.0,38128.12890625,0.0,0,380623.86,35614.040958904116,28379.048538102747,7234.992420801371,792.3179178085411,10328430.0,13913240.733510736,13030129.499620326,-883111.233890411,1.2615789136994031,0.11511917568593771,3,margin_call
2025-05-15,24650.0,24680.0,37755.51171875,0.0,0,0.0,0.0,0.0,0.0,778.1299726024736,10143480.0,13913240.733510736,12844401.369647723,-1068839.3638630137,1.2662716710288504,0.09883137619285538,3,margin_call
2025-05-16,24630.0,24610.0,37753.71875,0.0,0,0.0,0.0,0.0,0.0,775.9229589040624,10114710.0,13913240.733510736,12814855.44668882,-1098385.2868219176,1.266952334440515,0.09611469254846623,3,margin_call
2025-05-19,24445.0,24275.0,37498.62890625,0.0,0,0.0,0.0,0.0,0.0,765.3608219174203,9977025.0,13913240.733510736,12676405.085866902,-1236835.6476438353,1.2705596193120596,0.08348746447193041,3,margin_call
2025-05-20,24590.0,24285.0,37529.48828125,0.0,0,0.0,0.0,0.0,0.0,765.6761095895199,9981135.0,13913240.733510736,12679749.409757312,-1233491.3237534245,1.2703714968044528,0.08371143842898456,3,margin_call
2025-05-21,24420.0,24030.0,37298.98046875,0.0,0,0.0,0.0,0.0,0.0,757.6362739725737,9876330.0,13913240.733510736,12574186.77348334,-1339053.960027397,1.2731638952407767,0.07383460206938586,3,margin_call
2025-05-22,23535.0,23600.0,36985.87109375,0.0,0,0.0,0.0,0.0,0.0,744.0789041096577,9699600.0,13913240.733510736,12396712.694579229,-1516528.0389315067,1.2780643216812269,0.05680612990718367,3,margin_call
2025-05-23,23795.0,23815.0,37160.46875,0.0,0,0.0,0.0,0.0,0.0,750.8575890412321,9787965.0,13913240.733510736,12484326.836990189,-1428913.8965205476,1.2754772659066709,0.06516778742768656,3,margin_call
2025-05-26,23920.0,24330.0,37531.53125,0.0,0,0.0,0.0,0.0,0.0,767.0949041094864,9999630.0,13913240.733510736,12695224.742086079,-1218015.9914246572,1.2695694482781943,0.08480222094831684,3,margin_call
2025-05-27,24340.0,24625.0,37724.109375,0.0,0,0.0,0.0,0.0,0.0,776.3958904109895,10120875.0,13913240.733510736,12815693.346195668,-1097547.3873150684,1.2662633760614244,0.09561258694338141,3,margin_call
2025-05-28,25125.0,24590.0,37722.3984375,0.0,0,0.0,0.0,0.0,0.0,775.2923835618421,10106490.0,13913240.733510736,12800533.053812107,-1112707.6796986298,1.2665656477978118,0.0941719089529077,3,margin_call
2025-05-29,25215.0,25505.0,38432.98046875,0.0,0,0.0,0.0,0.0,0.0,804.1412054792745,10482555.0,13913240.733510736,13175793.912606627,-737446.8209041095,1.2569258079358159,0.12651535562680213,3,margin_call
2025-05-30,24695.0,24970.0,37965.1015625,0.0,0,0.0,0.0,0.0,0.0,787.2733150682179,10262670.0,13913240.733510736,12955121.639291558,-958119.0942191775,1.262353913678561,0.10764690154437166,3,margin_call
2025-06-02,24355.0,24230.0,37470.671875,0.0,0,0.0,0.0,0.0,0.0,763.9420273969881,9958530.0,13913240.733510736,12650217.697264161,-1263023.036246575,1.2702896609503773,0.08024043137065227,3,margin_call
2025-06-03,24415.0,24220.0,37446.80859375,0.0,0,0.0,0.0,0.0,0.0,763.626739726169,9954420.0,13913240.733510736,12645344.070524435,-1267896.6629863011,1.2703245463346369,0.07970725462037268,3,margin_call
2025-06-04,24530.0,24570.0,37747.44921875,0.0,0,0.0,0.0,0.0,0.0,774.6618082195055,10098270.0,13913240.733510736,12788419.408716217,-1124821.3247945204,1.2663970569925558,0.09266341323035442,3,margin_call
2025-06-05,24350.0,24310.0,37554.48828125,0.0,0,0.0,0.0,0.0,0.0,766.4643287671497,9991410.0,13913240.733510736,12680792.944387449,-1232447.7891232874,1.2691695110487358,0.08280585395496294,3,margin_call
2025-06-06,24335.0,24550.0,37741.609375,0.0,0,0.0,0.0,0.0,0.0,774.0312328765867,10090050.0,13913240.733510736,12778658.913154572,-1134581.8203561644,1.266461406351264,0.09161888938096477,3,margin_call
2025-06-09,24950.0,25010.0,38088.5703125,0.0,0,0.0,0.0,0.0,0.0,788.5344657537062,10279110.0,13913240.733510736,12966930.378688818,-946310.354821918,1.2614837645174357,0.10817299414705121,3,margin_call
2025-06-10,25250.0,25135.0,38211.51171875,0.0,0,0.0,0.0,0.0,0.0,792.4755616437178,10330485.0,13913240.733510736,13017512.903127175,-895727.8303835614,1.2601066555081561,0.11245475451961927,3,margin_call
2025-06-11,25440.0,25435.0,38421.19140625,0.0,0,0.0,0.0,0.0,0.0,801.9341917808633,10453785.0,13913240.733510736,13140010.968935395,-773229.7645753422,1.2569620447460317,0.12276972277123045,3,margin_call
2025-06-12,25280.0,25085.0,38173.08984375,0.0,0,0.0,0.0,0.0,0.0,790.8991232874105,10309935.0,13913240.733510736,12995370.069812106,-917870.6636986297,1.2604706110962005,0.11037668890380706,3,margin_call
2025-06-13,24980.0,24640.0,37834.25,0.0,0,0.0,0.0,0.0,0.0,776.8688219181495,10127040.0,13913240.733510736,12811698.200990189,-1101542.5325205477,1.2650980149175068,0.09415660948012805,3,margin_call
2025-06-16,24950.0,25280.0,38311.328125,0.0,0,0.0,0.0,0.0,0.0,797.0472328767646,10390080.0,13913240.733510736,13073941.153757311,-839299.5797534244,1.2583099604389294,0.11693592888638804,3,margin_call
2025-06-17,25350.0,25600.0,38536.73828125,0.0,0,0.0,0.0,0.0,0.0,807.1364383562468,10521600.0,13913240.733510736,13204654.017318957,-708586.7161917806,1.2550043736046759,0.12782080511777388,3,margin_call
2025-06-18,25325.0,26015.0,38885.1484375,0.0,0,0.0,0.0,0.0,0.0,820.2208767125849,10692165.0,13913240.733510736,13374398.796442244,-538841.9370684929,1.2508597460329358,0.14158067532382312,3,margin_call
2025-06-19,25995.0,25535.0,38488.33984375,0.0,0,545785.821,20096.218109589026,16013.671400626015,4082.5467089630106,763.9512328763958,9958650.0,13929254.404911362,13181823.119500402,-747431.2854109587,1.3236556279717033,0.13057674434681807,3,margin_call
2025-06-20,25475.0,25430.0,38403.23046875,0.0,0,0.0,0.0,0.0,0.0,760.8098630139139,9917700.0,13929254.404911362,13140112.30963739,-789142.0952739723,1.3249152837489933,0.1268334871354662,3,margin_call
2025-06-23,25175.0,25350.0,38354.08984375,0.0,0,0.0,0.0,0.0,0.0,758.4164383556927,9886500.0,13929254.404911362,13108153.893199034,-821100.5117123285,1.3258639450967515,0.12392450740774802,3,margin_call
2025-06-24,26005.0,25875.0,38790.55859375,0.0,0,0.0,0.0,0.0,0.0,774.1232876710128,10091250.0,13929254.404911362,13312129.769911362,-617124.6349999997,1.3191755005486299,0.14154652752744787,3,margin_call
2025-06-25,26055.0,26080.0,38942.0703125,0.0,0,0.0,0.0,0.0,0.0,780.2564383560093,10171200.0,13929254.404911362,13391299.513473006,-537954.8914383559,1.3165899317163172,0.14814091582454836,17,margin_call
2025-06-26,26250.0,26935.0,39584.578125,0.0,0,1364727.0,29311.819616438435,23357.123461358966,5954.696155079468,698.391342465533,9104030.0,13952611.528372722,13682203.425975462,-270408.10239726,1.5028732798524898,0.19416286903472382,17,margin_call
2025-06-27,27435.0,27750.0,40150.7890625,0.0,0,2249220.066,101813.20082191781,81129.8490749452,20683.351746972603,544.9643835616298,7104000.0,14033741.377447667,13910165.175844926,-123576.20160273954,1.9580750529060988,0.26650734364332535,17,margin_call
2025-06-30,28415.0,28220.0,40487.390625,0.0,0,3750029.8439999996,182118.08954794533,145120.7996562802,36997.28989166509,268.4379178081872,3499280.0,14178862.177103946,14018209.292035453,-160652.88506849317,4.006026751799071,0.5198000039913802,17,
2025-07-01,28010.0,27510.0,39986.328125,0.0,0,392061.572,7093.615246575363,5652.547309233578,1441.067937341785,232.13917808246333,3026100.0,14184514.724413179,13935417.656920029,-249097.0674931507,4.605075065900013,0.5712991535067828,17,
2025-07-02,26885.0,27230.0,39762.48046875,0.0,0,0.0,0.0,0.0,0.0,229.77643835614435,2995300.0,14184514.724413179,13904387.880481672,-280126.8439315069,4.642068534197467,0.5667374939238684,17,
2025-07-03,27310.0,27185.0,39785.8984375,0.0,0,0.0,0.0,0.0,0.0,229.39671232900582,2990350.0,14184514.724413179,13899208.483769342,-285306.2406438356,4.648020627608588,0.5658668791698312,17,
2025-07-04,27520.0,27285.0,39810.87890625,0.0,0,0.0,0.0,0.0,0.0,230.24054794502445,3001350.0,14184514.724413179,13909978.243221398,-274536.4811917808,4.634573856171856,0.5673045599578905,17,
2025-07-07,27200.0,26980.0,39587.6796875,0.0,0,0.0,0.0,0.0,0.0,227.6668493152829,2967800.0,14184514.724413179,13876200.576372083,-308314.14804109593,4.675584802335765,0.5622596560856474,17,
2025-07-08,26885.0,27180.0,39688.80859375,0.0,0,0.0,0.0,0.0,0.0,229.3545205479022,2989800.0,14184514.724413179,13897971.221851535,-286543.50256164384,4.648461844220862,0.5653272788447016,17,
2025-07-09,27495.0,27285.0,39821.28125,0.0,0,0.0,0.0,0.0,0.0,230.24054794502445,3001350.0,14184514.724413179,13909290.98130359,-275223.7431095891,4.634344871908837,0.5668465914318552,17,
2025-07-10,27290.0,27080.0,39646.359375,0.0,0,0.0,0.0,0.0,0.0,228.51068493141793,2978800.0,14184514.724413179,13886512.470618658,-298002.2537945206,4.661780740774358,0.5634141250920288,17,
2025-07-11,27385.0,26940.0,39569.6796875,0.0,0,0.0,0.0,0.0,0.0,227.32931506854948,2963400.0,14184514.724413179,13870885.14130359,-313629.58310958906,4.6807333270242255,0.5609918800006745,17,
2025-07-14,26735.0,26815.0,39459.62109375,0.0,0,0.0,0.0,0.0,0.0,226.27452054806054,2949650.0,14184514.724413179,13856908.866783042,-327605.857630137,4.697814610812483,0.5587919882538277,17,
2025-07-15,26910.0,27085.0,39678.01953125,0.0,0,0.0,0.0,0.0,0.0,228.5528767121723,2979350.0,14184514.724413179,13886380.313906329,-298134.4105068493,4.66087579972354,0.5630367974220812,17,
2025-07-16,27140.0,27080.0,39663.3984375,0.0,0,0.0,0.0,0.0,0.0,228.51068493141793,2978800.0,14184514.724413179,13885601.803221397,-298912.9211917808,4.661475024580837,0.5628026927049871,17,
2025-07-17,26795.0,27425.0,39901.19140625,0.0,0,0.0,0.0,0.0,0.0,231.42191780812573,3016750.0,14184514.724413179,13923320.38130359,-261194.34310958904,4.6153378242491385,0.5681491065530783,17,
2025-07-18,27670.0,27300.0,39819.109375,0.0,0,0.0,0.0,0.0,0.0,230.3671232877532,3003000.0,14184514.724413179,13909340.014180303,-275174.7102328767,4.631814856536898,0.5660183426398345,17,
2025-07-22,27280.0,27200.0,39774.921875,0.0,0,0.0,0.0,0.0,0.0,229.5232876711525,2992000.0,14184514.724413179,13898110.49089263,-286404.2335205479,4.645090404710103,0.5642693971831823,17,
2025-07-23,28095.0,29230.0,41171.3203125,0.0,0,0.0,0.0,0.0,0.0,246.65315068489872,3215300.0,14184514.724413179,14121163.837741947,-63350.88667123287,4.391865094312179,0.5943771125775857,17,
2025-07-24,29900.0,30090.0,41826.33984375,0.0,0,657668.44,38167.3001369863,30413.613114157528,7753.687022828766,203.12810958886985,2647920.0,14214928.337527337,14203495.462609528,-11432.874917808216,5.364019858080882,0.7383387438788626,17,
2025-07-25,29870.0,29510.0,41456.23046875,0.0,0,567416.4940000001,10717.94658904119,8540.595739477472,2177.350849563718,156.2008767123334,2036190.0,14223468.933266815,14156848.404883252,-66620.52838356167,6.952616604974611,0.9319074946344342,17,
2025-07-28,29580.0,28930.0,40998.26953125,0.0,0,0.0,0.0,0.0,0.0,153.13084931496996,1996170.0,14223468.933266815,14116675.274033938,-106793.65923287673,7.071880287768044,0.9303889246913127,17,
2025-07-29,28640.0,28425.0,40674.55078125,0.0,0,0.0,0.0,0.0,0.0,150.45780821924563,1961325.0,14223468.933266815,14081679.816225719,-141789.11704109592,7.179676910367083,0.9289987861188839,17,
2025-07-30,28550.0,28375.0,40654.69921875,0.0,0,0.0,0.0,0.0,0.0,150.19315068493597,1957875.0,14223468.933266815,14078079.623075034,-145389.31019178082,7.190489496558786,0.9287202491901932,17,
2025-07-31,28530.0,29015.0,41069.8203125,0.0,0,0.0,0.0,0.0,0.0,153.58076712314505,2002035.0,14223468.933266815,14122086.042307911,-101382.89095890411,7.053865712791191,0.9301390816589138,17,
2025-08-01,28410.0,28655.0,40799.6015625,0.0,0,0.0,0.0,0.0,0.0,151.6752328767907,1977195.0,14223468.933266815,14097094.367075033,-126374.56619178085,7.129845243931445,0.9291079766453231,17,
2025-08-04,27360.0,27920.0,40290.69921875,0.0,0,0.0,0.0,0.0,0.0,147.78476712317206,1926480.0,14223468.933266815,14046231.58230791,-177237.35095890414,7.2911380249511595,0.9270883042383016,17,
2025-08-05,28220.0,28245.0,40549.5390625,0.0,0,0.0,0.0,0.0,0.0,149.50504109577741,1948905.0,14223468.933266815,14068507.077266814,-154961.85600000003,7.2186725762758135,0.927773835187868,17,
2025-08-06,28075.0,28605.0,40794.859375,0.0,0,0.0,0.0,0.0,0.0,151.41057534248102,1973745.0,14223468.933266815,14093195.666691473,-130273.26657534248,7.140332548881174,0.9285293921535595,17,
2025-08-07,28380.0,28920.0,41059.1484375,0.0,0,0.0,0.0,0.0,0.0,153.07791780820116,1995480.0,14223468.933266815,14114777.588773664,-108691.34449315071,7.073374621030361,0.9291544336603275,17,
2025-08-08,29160.0,30000.0,41820.48046875,0.0,0,0.0,0.0,0.0,0.0,158.79452054796275,2070000.0,14223468.933266815,14189138.794253116,-34330.13901369865,6.854656422344501,0.9315514493910216,17,
2025-08-12,30620.0,31340.0,42718.171875,0.0,0,0.0,0.0,0.0,0.0,165.88734246580862,2162460.0,14223468.933266815,14281432.90691065,57963.97364383559,6.604252983597685,0.9343246698456772,17,
2025-08-13,32040.0,32180.0,43274.671875,0.0,0,2050149.8879999998,108269.92232876696,86274.88760767794,21995.034721089007,12.343013698700815,160900.0,14309743.820874494,14308015.417175863,-1728.4036986301303,88.92489382955787,12.049347237273027,17,
2025-08-14,31840.0,31200.0,42649.26171875,0.0,0,0.0,0.0,0.0,0.0,11.967123287613504,156000.0,14309743.820874494,14303103.450052576,-6640.370821917802,91.68656057726011,12.396256642504195,17,
2025-08-15,31500.0,32280.0,43378.30859375,0.0,0,0.0,0.0,0.0,0.0,12.381369863054715,161400.0,14309743.820874494,14308491.068682713,-1252.752191780815,88.65236102033899,12.01481582088555,17,
2025-08-18,32380.0,32730.0,43714.30859375,0.0,0,0.0,0.0,0.0,0.0,12.553972602705471,163650.0,14309743.820874494,14310728.51471011,984.6938356164451,87.44716477060868,11.863221298782298,17,
2025-08-19,32940.0,32470.0,43546.2890625,0.0,0,0.0,0.0,0.0,0.0,12.454246575362049,162350.0,14309743.820874494,14309416.060463535,-327.7604109588974,88.13930434532513,11.950053939344453,17,
2025-08-20,32010.0,31510.0,42888.55078125,0.0,0,0.0,0.0,0.0,0.0,12.086027397308499,157550.0,14309743.820874494,14304603.974436138,-5139.846438356158,90.794058866621,12.283510536323567,17,
2025-08-21,31400.0,31160.0,42610.171875,0.0,0,0.0,0.0,0.0,0.0,11.951780821895227,155800.0,14309743.820874494,14302842.022655316,-6901.798219178076,91.80258037647828,12.410097441823709,17,
2025-08-22,31200.0,31100.0,42633.2890625,0.0,0,0.0,0.0,0.0,0.0,11.928767123259604,155500.0,14309743.820874494,14302530.093888192,-7213.7269863013635,91.97768549124238,12.431957066893165,17,
2025-08-25,31800.0,31400.0,42807.8203125,0.0,0,0.0,0.0,0.0,0.0,12.043835616437718,157000.0,14309743.820874494,14304018.050052576,-5725.770821917802,91.10839522326481,12.322581122488243,17,
2025-08-26,31180.0,30810.0,42394.3984375,0.0,0,0.0,0.0,0.0,0.0,11.81753424659837,154050.0,14309743.820874494,14301056.232518328,-8687.588356164377,92.83386064601316,12.5392509001114,17,
2025-08-27,30930.0,30970.0,42520.26953125,0.0,0,0.0,0.0,0.0,0.0,11.878904109587893,154850.0,14309743.820874494,14301844.35361422,-7899.4672602739665,92.35934358162234,12.4794823594055,17,
2025-08-28,30730.0,31450.0,42828.7890625,0.0,0,0.0,0.0,0.0,0.0,12.06301369855646,157250.0,14309743.820874494,14304232.290600521,-5511.530273972596,90.96491122798423,12.304125388404103,17,
2025-08-29,31410.0,31300.0,42718.46875,0.0,0,0.0,0.0,0.0,0.0,12.005479452083819,156500.0,14309743.820874494,14303470.285121068,-6273.5357534246505,91.39597626275443,12.358145088611122,17,
2025-09-01,30680.0,30490.0,42188.7890625,0.0,0,0.0,0.0,0.0,0.0,11.69479452050291,152450.0,14309743.820874494,14299408.590326548,-10335.230547945197,93.79736694212232,12.659733137281728,17,
2025-09-02,30690.0,30640.0,42310.48828125,0.0,0,0.0,0.0,0.0,0.0,11.752328767091967,153200.0,14309743.820874494,14300146.837997781,-9596.982876712322,93.34299502609518,12.602498773636196,17,
2025-09-03,30340.0,30090.0,41938.890625,0.0,0,0.0,0.0,0.0,0.0,11.541369862970896,150450.0,14309743.820874494,14297385.296627918,-12358.524246575336,95.03080954887284,12.814421597749014,17,
2025-09-04,30300.0,31040.0,42580.26953125,0.0,0,0.0,0.0,0.0,0.0,11.905753424740396,155200.0,14309743.820874494,14302123.390874494,-7620.429999999993,92.15285689996452,12.452679883211921,17,
2025-09-05,31690.0,31660.0,43018.75,0.0,0,0.0,0.0,0.0,0.0,12.143561643897556,158300.0,14309743.820874494,14305211.24731285,-4532.573561643829,90.36772739932312,12.228247825339247,17,
2025-09-08,32360.0,32620.0,43643.80859375,0.0,0,0.0,0.0,0.0,0.0,12.511780821951106,163100.0,14309743.820874494,14309998.735532029,254.9146575342536,87.73757655139195,11.897649338991773,17,
2025-09-09,32970.0,32310.0,43459.2890625,0.0,0,0.0,0.0,0.0,0.0,12.392876712256111,161550.0,14309743.820874494,14308436.342655316,-1307.4782191780753,88.56970809443092,12.002053985986594,17,
2025-09-10,32400.0,32860.0,43837.671875,0.0,0,0.0,0.0,0.0,0.0,12.603835616377182,164300.0,14309743.820874494,14311173.7388197,1429.9179452054864,87.10391806950517,11.817751757546564,17,
2025-09-11,33020.0,33680.0,44372.5,0.0,0,165066.97999999998,2196.8979452054823,1750.5981276369885,446.2998175684937,0.0,0.0,14311494.41900213,14311494.41900213,0.0,inf,inf,17,
2025-09-12,34380.0,34270.0,44768.12109375,0.0,0,0.0,0.0,0.0,0.0,0.0,0.0,14311494.41900213,14311494.41900213,0.0,inf,inf,17,
2025-09-16,34540.0,34460.0,44902.26953125,0.0,0,0.0,0.0,0.0,0.0,0.0,0.0,14311494.41900213,14311494.41900213,0.0,inf,inf,17,
2025-09-17,34300.0,34350.0,44790.37890625,0.0,0,0.0,0.0,0.0,0.0,0.0,0.0,14311494.41900213,14311494.41900213,0.0,inf,inf,17,
2025-09-18,34590.0,35150.0,45303.4296875,0.0,0,0.0,0.0,0.0,0.0,0.0,0.0,14311494.41900213,14311494.41900213,0.0,inf,inf,17,
2025-09-19,35970.0,34660.0,45045.80859375,0.0,0,0.0,0.0,0.0,0.0,0.0,0.0,14311494.41900213,14311494.41900213,0.0,inf,inf,17,
2025-09-22,35000.0,35410.0,45493.66015625,0.0,0,0.0,0.0,0.0,0.0,0.0,0.0,14311494.41900213,14311494.41900213,0.0,inf,inf,17,
2025-09-24,35310.0,35640.0,45630.30859375,0.0,0,0.0,0.0,0.0,0.0,0.0,0.0,14311494.41900213,14311494.41900213,0.0,inf,inf,17,
2025-09-25,35570.0,35790.0,45754.9296875,0.0,0,0.0,0.0,0.0,0.0,0.0,0.0,14311494.41900213,14311494.41900213,0.0,inf,inf,17,
2025-09-26,35580.0,35210.0,45354.98828125,0.0,0,0.0,0.0,0.0,0.0,0.0,0.0,14311494.41900213,14311494.41900213,0.0,inf,inf,17,
2025-09-29,35340.0,35080.0,45043.75,0.0,0,0.0,0.0,0.0,0.0,0.0,0.0,14311494.41900213,14311494.41900213,0.0,inf,inf,17,
2025-09-30,35170.0,34970.0,44932.62890625,0.0,0,0.0,0.0,0.0,0.0,0.0,0.0,14311494.41900213,14311494.41900213,0.0,inf,inf,17,
2025-10-01,34760.0,34410.0,44550.8515625,0.0,0,0.0,0.0,0.0,0.0,0.0,0.0,14311494.41900213,14311494.41900213,0.0,inf,inf,17,
2025-10-02,34910.0,35000.0,44936.73046875,0.0,0,0.0,0.0,0.0,0.0,0.0,0.0,14311494.41900213,14311494.41900213,0.0,inf,inf,17,
2025-10-03,35210.0,36260.0,45769.5,0.0,0,0.0,0.0,0.0,0.0,0.0,0.0,14311494.41900213,14311494.41900213,0.0,inf,inf,17,
2025-10-06,39060.0,39780.0,47944.76171875,0.0,0,0.0,0.0,0.0,0.0,0.0,0.0,14311494.41900213,14311494.41900213,0.0,inf,inf,17,
2025-10-07,40430.0,39710.0,47950.87890625,0.0,0,0.0,0.0,0.0,0.0,0.0,0.0,14311494.41900213,14311494.41900213,0.0,inf,inf,17,
2025-10-08,39640.0,39400.0,47734.98828125,0.0,0,0.0,0.0,0.0,0.0,0.0,0.0,14311494.41900213,14311494.41900213,0.0,inf,inf,17,
2025-10-09,40070.0,40760.0,48580.44140625,0.0,0,0.0,0.0,0.0,0.0,0.0,0.0,14311494.41900213,14311494.41900213,0.0,inf,inf,17,
2025-10-10,40770.0,39900.0,48088.80078125,0.0,0,0.0,0.0,0.0,0.0,0.0,0.0,14311494.41900213,14311494.41900213,0.0,inf,inf,17,
2025-10-14,39200.0,37820.0,46847.3203125,0.0,0,0.0,0.0,0.0,0.0,0.0,0.0,14311494.41900213,14311494.41900213,0.0,inf,inf,17,
2025-10-15,38120.0,39200.0,47672.671875,0.0,0,0.0,0.0,0.0,0.0,0.0,0.0,14311494.41900213,14311494.41900213,0.0,inf,inf,17,
2025-10-16,39900.0,40150.0,48277.73828125,0.0,0,0.0,0.0,0.0,0.0,0.0,0.0,14311494.41900213,14311494.41900213,0.0,inf,inf,17,
2025-10-17,39330.0,38930.0,47582.1484375,0.0,0,0.0,0.0,0.0,0.0,0.0,0.0,14311494.41900213,14311494.41900213,0.0,inf,inf,17,
2025-10-20,40330.0,41600.0,49185.5,0.0,0,0.0,0.0,0.0,0.0,0.0,0.0,14311494.41900213,14311494.41900213,0.0,inf,inf,17,
2025-10-21,42480.0,41770.0,49316.05859375,0.0,0,0.0,0.0,0.0,0.0,0.0,0.0,14311494.41900213,14311494.41900213,0.0,inf,inf,17,
2025-10-22,41680.0,41820.0,49307.7890625,0.0,0,0.0,0.0,0.0,0.0,0.0,0.0,14311494.41900213,14311494.41900213,0.0,inf,inf,17,
2025-10-23,40500.0,40700.0,48641.609375,0.0,0,0.0,0.0,0.0,0.0,0.0,0.0,14311494.41900213,14311494.41900213,0.0,inf,inf,17,
2025-10-27,43120.0,43890.0,50512.3203125,0.0,0,0.0,0.0,0.0,0.0,0.0,0.0,14311494.41900213,14311494.41900213,0.0,inf,inf,17,
2025-10-28,43560.0,43330.0,50219.1796875,0.0,0,0.0,0.0,0.0,0.0,0.0,0.0,14311494.41900213,14311494.41900213,0.0,inf,inf,17,
2025-10-29,44170.0,45350.0,51307.6484375,0.0,0,0.0,0.0,0.0,0.0,0.0,0.0,14311494.41900213,14311494.41900213,0.0,inf,inf,17,
2025-10-30,44920.0,45200.0,51325.609375,0.0,0,0.0,0.0,0.0,0.0,0.0,0.0,14311494.41900213,14311494.41900213,0.0,inf,inf,17,
2025-10-31,45900.0,47210.0,52411.33984375,0.0,0,0.0,0.0,0.0,0.0,0.0,0.0,14311494.41900213,14311494.41900213,0.0,inf,inf,17,
2025-11-04,47160.0,45730.0,51497.19921875,0.0,0,0.0,0.0,0.0,0.0,0.0,0.0,14311494.41900213,14311494.41900213,0.0,inf,inf,17,
2025-11-05,43940.0,43340.0,50212.26953125,0.0,0,0.0,0.0,0.0,0.0,0.0,0.0,14311494.41900213,14311494.41900213,0.0,inf,inf,17,
2025-11-06,45000.0,44240.0,50883.6796875,0.0,0,0.0,0.0,0.0,0.0,0.0,0.0,14311494.41900213,14311494.41900213,0.0,inf,inf,17,
2025-11-07,43090.0,43400.0,50276.37109375,0.0,0,0.0,0.0,0.0,0.0,0.0,0.0,14311494.41900213,14311494.41900213,0.0,inf,inf,17,
2025-11-10,44100.0,44460.0,50911.76171875,0.0,0,0.0,0.0,0.0,0.0,0.0,0.0,14311494.41900213,14311494.41900213,0.0,inf,inf,17,
2025-11-11,45160.0,44300.0,50842.9296875,0.0,0,0.0,0.0,0.0,0.0,0.0,0.0,14311494.41900213,14311494.41900213,0.0,inf,inf,17,
2025-11-12,44280.0,44680.0,51063.30859375,0.0,0,0.0,0.0,0.0,0.0,0.0,0.0,14311494.41900213,14311494.41900213,0.0,inf,inf,17,
2025-11-13,44510.0,45040.0,51281.828125,0.0,0,0.0,0.0,0.0,0.0,0.0,0.0,14311494.41900213,14311494.41900213,0.0,inf,inf,17,
2025-11-14,43210.0,43440.0,50376.53125,0.0,0,0.0,0.0,0.0,0.0,0.0,0.0,14311494.41900213,14311494.41900213,0.0,inf,inf,17,
2025-11-17,43110.0,43460.0,50323.91015625,0.0,0,0.0,0.0,0.0,0.0,0.0,0.0,14311494.41900213,14311494.41900213,0.0,inf,inf,17,
2025-11-18,42640.0,40760.0,48702.98046875,0.0,0,0.0,0.0,0.0,0.0,0.0,0.0,14311494.41900213,14311494.41900213,0.0,inf,inf,17,
2025-11-19,40780.0,40390.0,48537.69921875,40788.156,1,0.0,0.0,0.0,0.0,3.098410958889872,40390.0,14311494.41900213,14311093.16459117,-401.25441095890676,354.32268295595867,48.01624271305296,17,
2025-11-20,43280.0,42390.0,49823.94140625,43288.656,1,0.0,0.0,0.0,0.0,6.503671232843772,84780.0,14311494.41900213,14312188.004919939,693.5859178082138,168.81561694880796,22.888232836019622,17,
2025-11-21,40160.0,40520.0,48625.87890625,0.0,0,0.0,0.0,0.0,0.0,6.216767123201862,81040.0,14311494.41900213,14308441.788152816,-3052.630849315074,176.56023924176722,23.89822243711127,17,
2025-11-25,41430.0,40410.0,48659.51953125,41438.286,1,0.0,0.0,0.0,0.0,9.299835616489872,121230.0,14311494.41900213,14307184.202317199,-4310.216684931513,118.01686218194506,15.96506690284801,17,
2025-11-26,41000.0,41900.0,49559.0703125,0.0,0,0.0,0.0,0.0,0.0,9.642739726114087,125700.0,14311494.41900213,14311644.559577473,150.14057534246024,113.85556531087886,15.432742841311152,17,
2025-11-27,42600.0,42940.0,50167.1015625,0.0,0,0.0,0.0,0.0,0.0,9.882082191877998,128820.0,14311494.41900213,14314754.677495282,3260.25849315068,111.1221446785847,15.083030670613475,17,
2025-11-28,43030.0,43060.0,50253.91015625,0.0,0,86042.788,3787.6709315068474,3018.205581771231,769.465349735616,3.303232876700349,43060.0,14314512.624583902,14314264.696912669,-247.9276712328794,332.4260264029881,45.02357306645221,17,
2025-12-01,43170.0,41510.0,49303.28125,0.0,0,0.0,0.0,0.0,0.0,3.1843287671217695,41510.0,14314512.624583902,14312711.512583902,-1801.1120000000026,344.8015300550205,46.66727746528303,17,
2025-12-02,41860.0,41400.0,49303.44921875,0.0,0,0.0,0.0,0.0,0.0,3.1758904109010473,41400.0,14314512.624583902,14312598.336693492,-1914.2878904109616,345.7149356689249,46.78846221746561,17,
2025-12-03,41940.0,42400.0,49864.6796875,0.0,0,0.0,0.0,0.0,0.0,3.252602739725262,42400.0,14314512.624583902,14313595.08409075,-917.5404931506876,337.5847897191215,45.708392231075386,17,
2025-12-04,42480.0,44350.0,51028.421875,0.0,0,0.0,0.0,0.0,0.0,3.4021917808568105,44350.0,14314512.624583902,14315541.68189897,1029.0573150684904,322.7856072581504,43.74248086164679,17,
2025-12-05,43500.0,43420.0,50491.87109375,0.0,0,0.0,0.0,0.0,0.0,3.3308493150398135,43420.0,14314512.624583902,14314608.351049656,95.72646575342199,329.6777602729078,44.65781585710283,17,
2025-12-08,43810.0,43590.0,50581.94140625,0.0,0,0.0,0.0,0.0,0.0,3.3438904109643772,43590.0,14314512.624583902,14314775.007159244,262.3825753424631,328.3958478357248,44.48739795215836,17,
2025-12-09,43640.0,43690.0,50655.1015625,0.0,0,0.0,0.0,0.0,0.0,3.3515616438817233,43690.0,14314512.624583902,14314871.655597601,359.0310136986275,327.6464100617441,44.38770825386347,17,
2025-12-10,44050.0,43570.0,50602.80078125,0.0,0,0.0,0.0,0.0,0.0,3.342356164357625,43570.0,14314512.624583902,14314748.313241435,235.6886575342439,328.54597918846537,44.50705276334558,17,
2025-12-11,43940.0,42840.0,50148.8203125,0.0,0,0.0,0.0,0.0,0.0,3.28635616437532,42840.0,14314512.624583902,14314015.026885271,-497.5976986301397,334.1273348946142,45.248266017428506,17,
2025-12-12,43540.0,44030.0,50836.55078125,0.0,0,0.0,0.0,0.0,0.0,3.3776438356144354,44030.0,14314512.624583902,14315201.649241436,689.0246575342439,325.1238166986472,44.052213511218866,17,
2025-12-15,42700.0,42920.0,50168.109375,0.0,0,0.0,0.0,0.0,0.0,3.292493150685914,42920.0,14314512.624583902,14314088.356748285,-424.26783561644106,333.5062524871455,45.16547940150663,17,
2025-12-16,42540.0,41620.0,49383.2890625,0.0,0,0.0,0.0,0.0,0.0,3.1927671233424917,41620.0,14314512.624583902,14312785.163981162,-1727.4606027397288,343.89200297888425,46.544833983143164,17,
2025-12-17,41720.0,41810.0,49512.28125,0.0,0,0.0,0.0,0.0,0.0,3.2073424657573923,41810.0,14314512.624583902,14312971.956638696,-1540.667945205482,342.3336990346495,46.337708100777,17,
2025-12-18,40290.0,40960.0,49001.5,0.0,0,0.0,0.0,0.0,0.0,3.142136986250989,40960.0,14314512.624583902,14312118.81450171,-2393.8100821917833,349.4169632446707,47.27840066942174,17,
2025-12-19,41470.0,41720.0,49507.2109375,0.0,0,0.0,0.0,0.0,0.0,3.2004383561434224,41720.0,14314512.624583902,14312875.614063354,-1637.0105205479479,343.06988528435653,46.435208306395076,17,
2025-12-22,43120.0,43130.0,50402.390625,43128.623999999996,1,0.0,0.0,0.0,0.0,6.617205479415134,86260.0,14314512.624583902,14314280.372857874,-232.2517260273961,165.94343117154966,22.474785904612137,23,
2025-12-23,43220.0,43130.0,50412.87109375,0.0,0,0.0,0.0,0.0,0.0,6.617205479415134,86260.0,14314512.624583902,14314273.755652394,-238.86893150684816,165.9433544592209,22.474632479954607,23,
2025-12-24,43360.0,43100.0,50344.1015625,0.0,0,0.0,0.0,0.0,0.0,6.612602739827707,86200.0,14314512.624583902,14314207.143049655,-305.4815342465742,166.05808750637652,22.489426595306323,23,
2025-12-25,43250.0,43120.0,50407.7890625,0.0,0,0.0,0.0,0.0,0.0,6.615671232808381,86240.0,14314512.624583902,14314240.527378423,-272.0972054794509,165.98145323954571,22.4793059041389,23,
2025-12-26,43320.0,43690.0,50750.390625,0.0,0,0.0,0.0,0.0,0.0,6.703123287763447,87380.0,14314512.624583902,14315373.824255135,861.1996712328778,163.8289519827779,22.198923494236254,23,
2025-12-29,43750.0,43330.0,50526.921875,0.0,0,0.0,0.0,0.0,0.0,6.647890410851687,86660.0,14314512.624583902,14314647.176364724,134.55178082191898,165.1817121666827,22.374897751506367,23,
2025-12-30,43030.0,43100.0,50339.48046875,0.0,0,0.0,0.0,0.0,0.0,6.612602739827707,86200.0,14314512.624583902,14314180.563761985,-332.06082191780706,166.05777916197198,22.48880990649724,23,
2026-01-05,45000.0,45740.0,51832.80078125,0.0,0,0.0,0.0,0.0,0.0,7.017643835628405,91480.0,14314512.624583902,14319453.546118148,4940.921534246576,156.53097448751802,21.248375367866103,23,
2026-01-06,46260.0,46850.0,52518.078125,0.0,0,92501.496,5962.417534246575,4751.152412164383,1211.2651220821917,0.0,0.0,14319263.776996067,14319263.776996067,0.0,inf,inf,23,
2026-01-07,46250.0,45810.0,51961.98046875,0.0,0,0.0,0.0,0.0,0.0,0.0,0.0,14319263.776996067,14319263.776996067,0.0,inf,inf,23,
2026-01-08,45510.0,44350.0,51117.26171875,0.0,0,0.0,0.0,0.0,0.0,0.0,0.0,14319263.776996067,14319263.776996067,0.0,inf,inf,23,
2026-01-09,44900.0,45710.0,51939.890625,0.0,0,0.0,0.0,0.0,0.0,0.0,0.0,14319263.776996067,14319263.776996067,0.0,inf,inf,23,
2026-01-13,49060.0,48610.0,53549.16015625,0.0,0,0.0,0.0,0.0,0.0,0.0,0.0,14319263.776996067,14319263.776996067,0.0,inf,inf,23,
2026-01-14,49280.0,50110.0,54341.23046875,0.0,0,0.0,0.0,0.0,0.0,0.0,0.0,14319263.776996067,14319263.776996067,0.0,inf,inf,23,
2026-01-15,49360.0,49650.0,54110.5,0.0,0,0.0,0.0,0.0,0.0,0.0,0.0,14319263.776996067,14319263.776996067,0.0,inf,inf,23,
2026-01-16,49590.0,49360.0,53936.171875,0.0,0,0.0,0.0,0.0,0.0,0.0,0.0,14319263.776996067,14319263.776996067,0.0,inf,inf,23,
2026-01-19,48120.0,48670.0,53583.5703125,0.0,0,0.0,0.0,0.0,0.0,0.0,0.0,14319263.776996067,14319263.776996067,0.0,inf,inf,23,
2026-01-20,48380.0,47600.0,52991.1015625,0.0,0,0.0,0.0,0.0,0.0,0.0,0.0,14319263.776996067,14319263.776996067,0.0,inf,inf,23,
2026-01-21,46200.0,47080.0,52774.640625,0.0,0,0.0,0.0,0.0,0.0,0.0,0.0,14319263.776996067,14319263.776996067,0.0,inf,inf,23,
2026-01-22,48460.0,48740.0,53688.890625,0.0,0,0.0,0.0,0.0,0.0,0.0,0.0,14319263.776996067,14319263.776996067,0.0,inf,inf,23,
2026-01-23,49250.0,49070.0,53846.87109375,837417.45,17,0.0,0.0,0.0,0.0,63.99265753419604,834190.0,14319263.776996067,14315972.334338533,-3291.4426575342,17.161524753759373,2.3187688136767326,24,
2026-01-26,47670.0,47370.0,52885.25,190718.136,4,0.0,0.0,0.0,0.0,76.31112328765448,994770.0,14319263.776996067,14285757.887215246,-33505.88978082187,14.360865212275446,1.914013287930294,24,
2026-01-27,47350.0,48050.0,53333.5390625,426235.23,9,0.0,0.0,0.0,0.0,110.58082191774156,1441500.0,14319263.776996067,14306142.076393327,-13121.700602739656,9.924482883380733,1.3349126651339462,24,
2026-01-28,47450.0,48110.0,53358.7109375,47459.49,1,0.0,0.0,0.0,0.0,114.40953424666077,1491410.0,14319263.776996067,14308478.17685908,-10785.600136986232,9.593926671310426,1.2917295027672406,24,
2026-01-29,48810.0,48150.0,53375.6015625,48819.762,1,0.0,0.0,0.0,0.0,118.19835616427008,1540800.0,14319263.776996067,14308930.216502916,-10333.560493150617,9.286688873638964,1.2505400694507796,24,
2026-01-30,47990.0,48070.0,53322.8515625,47999.598,1,0.0,0.0,0.0,0.0,121.68953424680512,1586310.0,14319263.776996067,14306318.92896867,-12944.848027397193,9.018614853949524,1.212940195763292,24,
2026-02-02,48550.0,46990.0,52655.1796875,48559.71,1,0.0,0.0,0.0,0.0,122.56021917797625,1597660.0,14319263.776996067,14268986.658749491,-50277.11824657528,8.931178510289731,1.1808797438146488,24,
2026-02-03,49090.0,50650.0,54720.66015625,147299.454,3,0.0,0.0,0.0,0.0,143.76273972610943,1874050.0,14319263.776996067,14397933.442009766,78669.66501369872,7.682790449566322,1.0754501491547501,24,
2026-02-04,49450.0,49830.0,54293.359375,0.0,0,692161.5399999999,27426.361041095908,21854.695795597272,5571.665245498633,87.91923287673853,1146090.0,14341118.472791664,14356475.39753139,15356.924739726079,12.526481687765699,1.69836140902644,24,
2026-02-05,49750.0,49010.0,53818.0390625,0.0,0,0.0,0.0,0.0,0.0,86.47243835625704,1127230.0,14341118.472791664,14337528.925093034,-3589.5476986300887,12.7192577602557,1.709892464177142,24,
2026-02-06,47690.0,49680.0,54253.6796875,95399.076,2,0.0,0.0,0.0,0.0,95.27671232889406,1242000.0,14341118.472791664,14356804.572380705,15686.099589041143,11.559423971321019,1.5673288671253967,24,
2026-02-09,54740.0,53410.0,56363.94140625,54750.948,1,0.0,0.0,0.0,0.0,106.52734246547334,1388660.0,14341118.472791664,14448607.09703824,107488.6242465754,10.404711806373223,1.467831182783987,24,
2026-02-10,54880.0,55930.0,57650.5390625,0.0,0,1371725.5999999999,145309.26945205475,115789.69136286984,29519.57808918492,4.290520547889173,55930.0,14456908.164154535,14458078.828428507,1170.664273972606,258.5031079640355,34.01531596106697,24,
2026-02-12,56380.0,56050.0,57639.83984375,225565.104,4,0.0,0.0,0.0,0.0,21.49863013694994,280250.0,14456908.164154535,14456812.22579837,-95.93835616437218,51.58541382978901,6.78390194627012,24,
2026-02-13,55050.0,54720.0,56941.96875,110122.02,2,0.0,0.0,0.0,0.0,29.38389041100163,383040.0,14456908.164154535,14449450.82190796,-7457.342246575336,37.72308589679396,4.944125241910452,24,
2026-02-16,55570.0,54410.0,56806.41015625,111162.228,2,0.0,0.0,0.0,0.0,37.565260273986496,489690.0,14456908.164154535,14444901.028647685,-12007.13550684931,29.498051887209634,3.8579721336781048,24,
2026-02-17,54420.0,53780.0,56566.48828125,108861.768,2,0.0,0.0,0.0,0.0,45.3814794520149,591580.0,14456908.164154535,14437883.879168233,-19024.28498630136,24.405632170066994,3.181560977690131,24,
2026-02-18,54320.0,54980.0,57143.83984375,217323.456,4,0.0,0.0,0.0,0.0,63.26465753430966,824700.0,14456908.164154535,14453617.1585107,-3291.005643835615,17.52590900753086,2.301222090295694,24,
2026-02-19,55580.0,55580.0,57467.828125,55591.116,1,0.0,0.0,0.0,0.0,68.21873972588219,889280.0,14456908.164154535,14462537.823770974,5629.659616438357,16.263199244074954,2.144060705725314,24,
2026-02-20,54810.0,54370.0,56825.69921875,0.0,0,0.0,0.0,0.0,0.0,66.73358904116321,869920.0,14456908.164154535,14443111.090181932,-13797.073972602742,16.602803809754842,2.169368260540423,24,
2026-02-24,54020.0,55210.0,57321.08984375,108061.608,2,0.0,0.0,0.0,0.0,76.23517808201723,993780.0,14456908.164154535,14458833.24700385,1925.0828493150746,14.549330080102084,1.9147323943459926,24,
2026-02-25,56210.0,57780.0,58583.12109375,0.0,0,0.0,0.0,0.0,0.0,79.78389041102491,1040040.0,14456908.164154535,14505013.46311344,48105.29895890412,13.946591922535134,1.8738925340105557,24,
2026-02-26,58780.0,58110.0,58753.390625,0.0,0,470145.952,35745.614027397256,28483.892537731503,7261.721489665753,44.57753424649127,581100.0,14485392.056692267,14508913.116089527,23521.059397260276,24.968014310943946,3.2989720400736227,24,
2026-02-27,57380.0,58200.0,58850.26953125,57391.475999999995,1,57368.524000000005,2566.6136986301453,2045.2061257534315,521.407572876714,44.64657534251455,582000.0,14487437.26281802,14509224.109941307,21786.84712328768,24.92993833323249,3.289918189114416,24,
2026-03-02,55980.0,56580.0,58057.23828125,55991.195999999996,1,111937.60800000001,1730.1089863013733,1378.6373457342493,351.471640567124,39.063452054862864,509220.0,14488815.900163755,14491999.986848686,3184.086684931519,28.459212102526777,3.7228292104269505,24,
2026-03-03,56000.0,53190.0,56279.05078125,168033.59999999998,3,0.0,0.0,0.0,0.0,48.9639452053234,638280.0,14488815.900163755,14452977.42290348,-35838.47726027394,22.643631984244344,2.9088606295719766,24,
2026-03-04,50550.0,49290.0,54245.5390625,657281.43,13,0.0,0.0,0.0,0.0,94.52876712323632,1232250.0,14488815.900163755,14389571.464136358,-99244.43602739727,11.677477349674463,1.4551974640770582,24,
2026-03-05,52930.0,51160.0,55278.05859375,899989.9619999999,17,0.0,0.0,0.0,0.0,164.83331506850664,2148720.0,14488815.900163755,14405886.668821288,-82929.23134246572,6.704403863147031,0.8420443084621624,24,
2026-03-06,50160.0,51840.0,55620.83984375,50170.032,1,0.0,0.0,0.0,0.0,171.000986301573,2229120.0,14488815.900163755,14435945.635834988,-52870.26432876708,6.476073803041105,0.8250813830149184,24,
2026-03-09,45640.0,46460.0,52728.71875,0.0,0,0.0,0.0,0.0,0.0,153.25435616425239,1997780.0,14488815.900163755,14204452.381478824,-284363.51868493145,7.110118422188041,0.8046726385257065,24,
2026-03-10,49190.0,49010.0,54248.390625,639597.894,13,0.0,0.0,0.0,0.0,210.5415890412405,2744560.0,14488815.900163755,14311423.945889782,-177391.95427397251,5.214469330562925,0.6246246854198136,1,
2026-03-11,50410.0,50260.0,55025.37109375,605040.984,12,0.0,0.0,0.0,0.0,262.178191781044,3417680.0,14488815.900163755,14379240.783698002,-109575.1164657534,4.207310451446011,0.5213696385361537,1,
2026-03-12,49260.0,49460.0,54452.9609375,640508.076,13,0.0,0.0,0.0,0.0,307.3295342467027,4006260.0,14488815.900163755,14327005.378163755,-161810.52200000003,3.5761546624941354,0.4316574189303112,1,margin_warning
2026-03-13,47450.0,48140.0,53819.609375,616973.37,13,0.0,0.0,0.0,0.0,347.1355616438668,4525160.0,14488815.900163755,14228584.87260211,-260231.0275616438,3.1443274652392645,0.36033294072263977,1,margin_warning
2026-03-16,48010.0,48040.0,53751.1484375,624254.826,13,0.0,0.0,0.0,0.0,394.3228493152419,5140280.0,14488815.900163755,14219055.723752797,-269760.1764109589,2.766202565570902,0.31528257961469625,1,margin_warning
2026-03-17,48870.0,48030.0,53700.390625,635437.0619999999,13,0.0,0.0,0.0,0.0,442.1391780823469,5763600.0,14488815.900163755,14206496.522574713,-282319.3775890409,2.4648651055893387,0.2789297310683716,1,margin_call
2026-03-18,49200.0,50850.0,55239.3984375,639727.9199999999,13,0.0,0.0,0.0,0.0,518.809315068298,6763050.0,14488815.900163755,14565699.793259645,76883.89309589058,2.1537175968327373,0.2907451311694471,1,margin_call
2026-03-19,48180.0,47260.0,53372.53125,626465.2679999999,13,1252429.4640000002,10860.224931507006,8653.970236671357,2206.254694835648,435.0509589040885,5671200.0,14497469.870400427,14097172.683605906,-400297.18679452036,2.4857477577242744,0.26211409821755155,1,margin_call
2026-03-23,43760.0,43980.0,51515.48828125,612762.528,14,0.0,0.0,0.0,0.0,452.09030137001537,5893320.0,14497469.870400427,13706078.065304536,-791391.8050958903,2.3256972411653427,0.18579591218678757,1,margin_call
2026-03-24,45970.0,45270.0,52252.28125,643708.7159999999,14,0.0,0.0,0.0,0.0,513.9695342466002,6699960.0,14497469.870400427,13868495.37977029,-628974.4906301368,2.0699370413808875,0.18759188265902263,1,margin_call
2026-03-25,47450.0,47830.0,53749.62109375,616973.37,13,0.0,0.0,0.0,0.0,590.7332602743991,7700630.0,14497469.870400427,14251601.276510017,-245868.59389041064,1.8507058872468898,0.2128882018249932,1,margin_call
2026-03-26,48110.0,47400.0,53603.6484375,625555.0859999999,13,1346810.584,90092.13298630145,71789.91617013431,18302.21681616714,530.8800000000047,6920400.0,14569259.78657056,14173793.677693848,-395466.108876712,2.048117692285684,0.21255168224627607,1,margin_call
2026-03-27,46700.0,47200.0,53373.0703125,653930.76,14,0.0,0.0,0.0,0.0,579.3315068490338,7552000.0,14569259.78657056,14150883.586187,-418376.2003835614,1.8737928477472192,0.19166488861274236,1,margin_call
2026-03-30,43000.0,45000.0,51885.8515625,645129.0,15,0.0,0.0,0.0,0.0,604.1095890410943,7875000.0,14569259.78657056,13828150.476597957,-741109.3099726024,1.755955616075931,0.14274489138099658,1,margin_call
2026-03-31,43400.0,43890.0,51063.71875,651130.2,15,650869.8,5689.019178082239,4533.294932054832,1155.7242460274067,589.2082191784866,7680750.0,14573793.081502615,13631895.144132752,-941897.9373698627,1.7748130253077827,0.11998599873226981,1,margin_call
2026-04-01,46750.0,48330.0,53739.6796875,280556.1,6,0.0,0.0,0.0,0.0,671.0587397258496,8747730.0,14573793.081502615,14417647.985393025,-156145.09610958866,1.6481587778078455,0.19509795595925228,7,margin_call
2026-04-02,49030.0,46000.0,52463.26953125,294238.836,6,1421585.6260000002,116220.48780821926,92610.29570997952,23610.192098239742,557.5452054794878,7268000.0,14666403.377212595,14041097.038089307,-625306.3391232874,1.9319065820155898,0.1669421108924067,7,margin_call
2026-04-03,47340.0,47100.0,53123.48828125,284096.808,6,0.0,0.0,0.0,0.0,592.5567123291548,7724400.0,14666403.377212595,14212807.67337698,-453595.7038356161,1.839988565244806,0.17923118177998987,7,margin_call
2026-04-06,47220.0,47670.0,53413.6796875,283376.664,6,0.0,0.0,0.0,0.0,621.669041096,8103900.0,14666403.377212595,14308309.340335883,-358094.036876712,1.7656078357748595,0.182545853041025,7,margin_call
2026-04-07,48060.0,47750.0,53429.55859375,288417.672,6,0.0,0.0,0.0,0.0,644.6904109590687,8404000.0,14666403.377212595,14319346.977924924,-347056.3992876708,1.7038727960405669,0.17726395593018135,7,margin_call
2026-04-08,52180.0,52900.0,56308.421875,0.0,0,0.0,0.0,0.0,0.0,714.2224657534389,9310400.0,14666403.377212595,15225032.75545917,558629.3782465757,1.635271605458323,0.25720676240609824,1,margin_call
2026-04-09,52870.0,52140.0,55895.3203125,0.0,0,7770335.621999998,595279.0159452051,474348.08385593677,120930.93208926842,115.99364383565262,1512060.0,15140751.461068531,15075981.451726066,-64770.00934246566,9.970491549095978,1.0913928861180062,1,
2026-04-10,53070.0,53800.0,56924.109375,0.0,0,0.0,0.0,0.0,0.0,119.68657534243539,1560200.0,15140751.461068531,15124001.765150724,-16749.695917808123,9.693630153282095,1.0884195322605479,1,
2026-04-13,52800.0,53100.0,56502.76953125,0.0,0,0.0,0.0,0.0,0.0,118.12931506859604,1539900.0,15140751.461068531,15103583.635835655,-37167.825232876625,9.808158734876066,1.0894317134896878,1,
2026-04-14,54760.0,55560.0,57877.390625,0.0,0,0.0,0.0,0.0,0.0,123.60197260254063,1611240.0,15140751.461068531,15174800.033863053,34048.572794520645,9.418087953292527,1.0853185693363898,1,
2026-04-15,57000.0,56180.0,58134.23828125,0.0,0,968806.2,67035.56764383563,53417.29207699042,13618.275566845208,51.716383561491966,674160.0,15194168.753145522,15192856.241912644,-1312.5112328766766,22.53597994825063,2.521178378544797,1,
2026-04-16,56940.0,59020.0,59518.33984375,0.0,0,0.0,0.0,0.0,0.0,54.33073972607963,708240.0,15194168.753145522,15226881.911172919,32713.158027397294,21.499607352271713,2.44782694312706,1,
2026-04-17,58390.0,57070.0,58475.8984375,0.0,0,642161.542,24156.425123287718,19249.04735949182,4907.3777637959,4.377972602727823,57070.0,15213417.800505012,15212961.697436519,-456.1030684931458,266.56670225050846,29.710319561381112,1,
2026-04-20,57570.0,57370.0,58824.890625,0.0,0,0.0,0.0,0.0,0.0,4.400986301363446,57370.0,15213417.800505012,15213257.296450218,-160.5040547945157,265.1779204540739,29.56003373532189,1,
2026-04-21,57830.0,58390.0,59349.171875,0.0,0,0.0,0.0,0.0,0.0,4.479232876677997,58390.0,15213417.800505012,15214272.81721734,855.016712328772,260.5629871076784,29.060972374202155,1,
2026-04-22,57860.0,58850.0,59585.859375,0.0,0,0.0,0.0,0.0,0.0,4.514520547934808,58850.0,15213417.800505012,15214728.302696792,1310.5021917808267,258.5340408274731,28.84148084772417,1,
2026-04-23,59540.0,57970.0,59140.23046875,0.0,0,0.0,0.0,0.0,0.0,4.4470136986346915,57970.0,15213417.800505012,15213843.855683094,426.0551780821966,262.4433992700206,29.26396849855391,1,
2026-04-24,58500.0,59020.0,59716.1796875,409581.89999999997,7,0.0,0.0,0.0,0.0,36.22049315075856,472160.0,15213417.800505012,15218415.735189945,4997.934684931547,32.23148029309968,3.6025243834184786,1,
2026-04-27,59790.0,60810.0,60537.359375,0.0,0,0.0,0.0,0.0,0.0,37.31901369872503,486480.0,15213417.800505012,15232698.416176245,19280.615671232918,31.31207534981139,3.525763186251176,1,
2026-04-28,60380.0,59440.0,59917.4609375,0.0,0,482943.392,15744.007671232908,12545.612512821945,3198.3951584109655,0.0,0.0,15225963.413017834,15225963.413017834,0.0,inf,inf,1,
2026-04-30,57960.0,58070.0,59284.921875,0.0,0,0.0,0.0,0.0,0.0,0.0,0.0,15225963.413017834,15225963.413017834,0.0,inf,inf,1,
2026-05-01,58940.0,58570.0,59513.12109375,530566.092,9,0.0,0.0,0.0,0.0,40.43736986303702,527130.0,15225963.413017834,15222486.88364797,-3476.52936986296,28.878050734444958,3.20455541759737,1,
2026-05-07,63400.0,65520.0,62833.83984375,0.0,0,0.0,0.0,0.0,0.0,45.23572602740023,589680.0,15225963.413017834,15284991.647921944,59028.234904109646,25.920824257091887,2.9705549210182585,1,
2026-05-08,64560.0,64800.0,62713.6484375,0.0,0,580923.792,50272.02690410966,40059.26463853978,10212.762265569878,0.0,0.0,15266022.677656373,15266022.677656373,0.0,inf,inf,1,
2026-05-11,66270.0,64310.0,62417.87890625,0.0,0,0.0,0.0,0.0,0.0,0.0,0.0,15266022.677656373,15266022.677656373,0.0,inf,inf,1,
2026-05-12,65150.0,64830.0,62742.5703125,0.0,0,0.0,0.0,0.0,0.0,0.0,0.0,15266022.677656373,15266022.677656373,0.0,inf,inf,1,
2026-05-13,63950.0,66000.0,63272.109375,0.0,0,0.0,0.0,0.0,0.0,0.0,0.0,15266022.677656373,15266022.677656373,0.0,inf,inf,1,
2026-05-14,66780.0,64770.0,62654.05078125,0.0,0,0.0,0.0,0.0,0.0,0.0,0.0,15266022.677656373,15266022.677656373,0.0,inf,inf,1,
2026-05-15,65350.0,62240.0,61409.2890625,457541.49,7,0.0,0.0,0.0,0.0,33.42202739720233,435680.0,15266022.677656373,15244127.765628975,-21894.91202739725,34.98927599529236,3.8113007129121668,1,
2026-05-18,62680.0,60970.0,60815.94921875,626925.36,10,0.0,0.0,0.0,0.0,79.5115616437979,1036490.0,15266022.677656373,15217932.894067332,-48089.78358904108,14.68218014073202,1.576699352119447,1,
2026-05-19,61890.0,60530.0,60550.58984375,619023.78,10,0.0,0.0,0.0,0.0,125.37172602734063,1634310.0,15266022.677656373,15196603.742341304,-69418.93531506849,9.298482994255254,0.9868253807577696,1,
2026-05-20,60220.0,59060.0,59804.41015625,602320.4400000001,10,0.0,0.0,0.0,0.0,167.63331506866962,2185220.0,15266022.677656373,15145025.669026235,-120997.00863013705,6.9306640379578415,0.7143595982995274,1,
2026-05-21,61820.0,62540.0,61684.140625,618323.64,10,0.0,0.0,0.0,0.0,225.48668493144214,2939380.0,15266022.677656373,15280636.542341305,14613.864684931428,5.198591724221198,0.5771347250189599,1,
2026-05-22,63980.0,65880.0,63339.0703125,639927.96,10,639672.04,37258.31780821915,29689.29054547943,7569.027262739721,237.52898630162235,3096360.0,15295711.968201853,15429554.066092264,133842.09789041098,4.983126660366451,0.5838597401408974,1,
2026-05-25,66880.0,70010.0,65158.19140625,0.0,0,2005998.72,141200.1460273972,112515.33636193146,28684.809665465742,91.30071232875343,1190170.0,15408227.304563785,15500586.67571447,92359.37115068498,13.023842539901418,1.4599436281078735,1,
2026-05-26,70110.0,69260.0,64996.08984375,0.0,0,1191631.6260000002,93820.99715068503,74761.26157952336,19059.735571161662,0.0,0.0,15482988.566143308,15482988.566143308,0.0,inf,inf,1,
2026-05-27,72450.0,69560.0,64999.41015625,0.0,0,0.0,0.0,0.0,0.0,0.0,0.0,15482988.566143308,15482988.566143308,0.0,inf,inf,1,
2026-05-28,68560.0,68680.0,64693.12109375,0.0,0,0.0,0.0,0.0,0.0,0.0,0.0,15482988.566143308,15482988.566143308,0.0,inf,inf,1,
2026-05-29,70670.0,72090.0,66329.5,0.0,0,0.0,0.0,0.0,0.0,0.0,0.0,15482988.566143308,15482988.566143308,0.0,inf,inf,1,
2026-06-01,72090.0,73490.0,66934.328125,0.0,0,0.0,0.0,0.0,0.0,0.0,0.0,15482988.566143308,15482988.566143308,0.0,inf,inf,1,
2026-06-02,73900.0,72930.0,66734.2421875,0.0,0,0.0,0.0,0.0,0.0,0.0,0.0,15482988.566143308,15482988.566143308,0.0,inf,inf,1,
2026-06-03,75310.0,76720.0,68402.1328125,0.0,0,0.0,0.0,0.0,0.0,0.0,0.0,15482988.566143308,15482988.566143308,0.0,inf,inf,1,
2026-06-05,73450.0,72670.0,66640.8125,0.0,0,0.0,0.0,0.0,0.0,0.0,0.0,15482988.566143308,15482988.566143308,0.0,inf,inf,1,
