date,selected_params,training_score,training_net_profit,training_max_drawdown,training_max_unrealized_loss,training_margin_call_count
2015-08-19,"{""base_buy_amount"": 654587.925002388, ""max_daily_buy_amount"": 1187584.984921411, ""score_threshold"": -1.4194789813398012, ""score_scale"": 4.757110041011428, ""w_drawdown"": 1.5067131625735897, ""w_rsi"": 2.8900860790377108, ""w_ma_gap_25"": 3.498879722945331, ""w_ret_5"": 3.2461657762265443, ""w_trend"": 2.643566458173111, ""w_vol"": 0.74219494960029, ""w_exposure"": 5.083527384469421, ""w_unrealized_loss"": 4.04034390740766, ""fixed_profit_yen"": 25285.93028568305, ""base_take_profit_pct"": 0.0053380907335368495, ""min_take_profit_pct"": 0.002206851488854888, ""exposure_tp_sensitivity"": 0.25026799120313165, ""vol_tp_multiplier"": 1.5235230188041564}",1354185.0293925088,1720650.3716911739,361702.2358576041,371228.44873972604,0
2015-08-26,"{""base_buy_amount"": 100712.83599581663, ""max_daily_buy_amount"": 1223173.2506108454, ""score_threshold"": 0.7228581071980256, ""score_scale"": 2.271337055744127, ""w_drawdown"": 1.589955484760247, ""w_rsi"": 2.5226311851111505, ""w_ma_gap_25"": 4.375024711173043, ""w_ret_5"": 4.25565813411103, ""w_trend"": -2.7391496279232483, ""w_vol"": 0.9074920479826204, ""w_exposure"": 2.36744871104396, ""w_unrealized_loss"": 2.493875758322118, ""fixed_profit_yen"": 29847.934631910317, ""base_take_profit_pct"": 0.013655347919689382, ""min_take_profit_pct"": 0.001443287079348346, ""exposure_tp_sensitivity"": 0.33625272461361444, ""vol_tp_multiplier"": 2.6187647435881862}",-12234.22910193981,29190.884680696618,41777.83478445094,41072.392780821916,0
2015-09-02,"{""base_buy_amount"": 151098.55527781372, ""max_daily_buy_amount"": 1998298.9879010534, ""score_threshold"": 0.6627389444261476, ""score_scale"": 3.4255625700145864, ""w_drawdown"": 0.45220363492066373, ""w_rsi"": 4.4851669944831265, ""w_ma_gap_25"": 0.14499751602234712, ""w_ret_5"": 1.2041402902057352, ""w_trend"": -2.14186874900019, ""w_vol"": 3.883839703461093, ""w_exposure"": 1.9820422721289788, ""w_unrealized_loss"": 9.106382271308853, ""fixed_profit_yen"": 33844.64484839204, ""base_take_profit_pct"": 0.003012555893851494, ""min_take_profit_pct"": 0.0010488685071583042, ""exposure_tp_sensitivity"": 0.046492125312959036, ""vol_tp_multiplier"": 3.0296258882386384}",-11071.564469215735,8858.54722872054,23701.171053406782,16159.052342465766,0
2015-09-09,"{""base_buy_amount"": 151098.55527781372, ""max_daily_buy_amount"": 1998298.9879010534, ""score_threshold"": 0.6627389444261476, ""score_scale"": 3.4255625700145864, ""w_drawdown"": 0.45220363492066373, ""w_rsi"": 4.4851669944831265, ""w_ma_gap_25"": 0.14499751602234712, ""w_ret_5"": 1.2041402902057352, ""w_trend"": -2.14186874900019, ""w_vol"": 3.883839703461093, ""w_exposure"": 1.9820422721289788, ""w_unrealized_loss"": 9.106382271308853, ""fixed_profit_yen"": 33844.64484839204, ""base_take_profit_pct"": 0.003012555893851494, ""min_take_profit_pct"": 0.0010488685071583042, ""exposure_tp_sensitivity"": 0.046492125312959036, ""vol_tp_multiplier"": 3.0296258882386384}",-46682.97219524324,-9137.92471648494,41697.642998612486,33392.45195890411,0
2015-09-16,"{""base_buy_amount"": 151098.55527781372, ""max_daily_buy_amount"": 1998298.9879010534, ""score_threshold"": 0.6627389444261476, ""score_scale"": 3.4255625700145864, ""w_drawdown"": 0.45220363492066373, ""w_rsi"": 4.4851669944831265, ""w_ma_gap_25"": 0.14499751602234712, ""w_ret_5"": 1.2041402902057352, ""w_trend"": -2.14186874900019, ""w_vol"": 3.883839703461093, ""w_exposure"": 1.9820422721289788, ""w_unrealized_loss"": 9.106382271308853, ""fixed_profit_yen"": 33844.64484839204, ""base_take_profit_pct"": 0.003012555893851494, ""min_take_profit_pct"": 0.0010488685071583042, ""exposure_tp_sensitivity"": 0.046492125312959036, ""vol_tp_multiplier"": 3.0296258882386384}",-31454.335790373374,6090.711688384923,41697.642998612486,33392.45195890411,0
2015-09-28,"{""base_buy_amount"": 151098.55527781372, ""max_daily_buy_amount"": 1998298.9879010534, ""score_threshold"": 0.6627389444261476, ""score_scale"": 3.4255625700145864, ""w_drawdown"": 0.45220363492066373, ""w_rsi"": 4.4851669944831265, ""w_ma_gap_25"": 0.14499751602234712, ""w_ret_5"": 1.2041402902057352, ""w_trend"": -2.14186874900019, ""w_vol"": 3.883839703461093, ""w_exposure"": 1.9820422721289788, ""w_unrealized_loss"": 9.106382271308853, ""fixed_profit_yen"": 33844.64484839204, ""base_take_profit_pct"": 0.003012555893851494, ""min_take_profit_pct"": 0.0010488685071583042, ""exposure_tp_sensitivity"": 0.046492125312959036, ""vol_tp_multiplier"": 3.0296258882386384}",-39773.803211920036,-776.7617362726123,42939.425375952385,35054.65757534246,0
2015-10-05,"{""base_buy_amount"": 151098.55527781372, ""max_daily_buy_amount"": 1998298.9879010534, ""score_threshold"": 0.6627389444261476, ""score_scale"": 3.4255625700145864, ""w_drawdown"": 0.45220363492066373, ""w_rsi"": 4.4851669944831265, ""w_ma_gap_25"": 0.14499751602234712, ""w_ret_5"": 1.2041402902057352, ""w_trend"": -2.14186874900019, ""w_vol"": 3.883839703461093, ""w_exposure"": 1.9820422721289788, ""w_unrealized_loss"": 9.106382271308853, ""fixed_profit_yen"": 33844.64484839204, ""base_take_profit_pct"": 0.003012555893851494, ""min_take_profit_pct"": 0.0010488685071583042, ""exposure_tp_sensitivity"": 0.046492125312959036, ""vol_tp_multiplier"": 3.0296258882386384}",-60289.61299274176,-2100.877818464396,62131.11907458212,54246.3512739726,0
2015-10-13,"{""base_buy_amount"": 151098.55527781372, ""max_daily_buy_amount"": 1998298.9879010534, ""score_threshold"": 0.6627389444261476, ""score_scale"": 3.4255625700145864, ""w_drawdown"": 0.45220363492066373, ""w_rsi"": 4.4851669944831265, ""w_ma_gap_25"": 0.14499751602234712, ""w_ret_5"": 1.2041402902057352, ""w_trend"": -2.14186874900019, ""w_vol"": 3.883839703461093, ""w_exposure"": 1.9820422721289788, ""w_unrealized_loss"": 9.106382271308853, ""fixed_profit_yen"": 33844.64484839204, ""base_take_profit_pct"": 0.003012555893851494, ""min_take_profit_pct"": 0.0010488685071583042, ""exposure_tp_sensitivity"": 0.046492125312959036, ""vol_tp_multiplier"": 3.0296258882386384}",-35593.70848825751,22595.026686019854,62131.11907458212,54246.3512739726,0
2015-10-20,"{""base_buy_amount"": 151098.55527781372, ""max_daily_buy_amount"": 1998298.9879010534, ""score_threshold"": 0.6627389444261476, ""score_scale"": 3.4255625700145864, ""w_drawdown"": 0.45220363492066373, ""w_rsi"": 4.4851669944831265, ""w_ma_gap_25"": 0.14499751602234712, ""w_ret_5"": 1.2041402902057352, ""w_trend"": -2.14186874900019, ""w_vol"": 3.883839703461093, ""w_exposure"": 1.9820422721289788, ""w_unrealized_loss"": 9.106382271308853, ""fixed_profit_yen"": 33844.64484839204, ""base_take_profit_pct"": 0.003012555893851494, ""min_take_profit_pct"": 0.0010488685071583042, ""exposure_tp_sensitivity"": 0.046492125312959036, ""vol_tp_multiplier"": 3.0296258882386384}",-46063.23588551778,12125.499288759578,62131.11907458212,54246.3512739726,0
2015-10-27,"{""base_buy_amount"": 151098.55527781372, ""max_daily_buy_amount"": 1998298.9879010534, ""score_threshold"": 0.6627389444261476, ""score_scale"": 3.4255625700145864, ""w_drawdown"": 0.45220363492066373, ""w_rsi"": 4.4851669944831265, ""w_ma_gap_25"": 0.14499751602234712, ""w_ret_5"": 1.2041402902057352, ""w_trend"": -2.14186874900019, ""w_vol"": 3.883839703461093, ""w_exposure"": 1.9820422721289788, ""w_unrealized_loss"": 9.106382271308853, ""fixed_profit_yen"": 33844.64484839204, ""base_take_profit_pct"": 0.003012555893851494, ""min_take_profit_pct"": 0.0010488685071583042, ""exposure_tp_sensitivity"": 0.046492125312959036, ""vol_tp_multiplier"": 3.0296258882386384}",-22456.16488002395,35732.57029425341,62131.11907458212,54246.3512739726,0
2015-11-04,"{""base_buy_amount"": 151098.55527781372, ""max_daily_buy_amount"": 1998298.9879010534, ""score_threshold"": 0.6627389444261476, ""score_scale"": 3.4255625700145864, ""w_drawdown"": 0.45220363492066373, ""w_rsi"": 4.4851669944831265, ""w_ma_gap_25"": 0.14499751602234712, ""w_ret_5"": 1.2041402902057352, ""w_trend"": -2.14186874900019, ""w_vol"": 3.883839703461093, ""w_exposure"": 1.9820422721289788, ""w_unrealized_loss"": 9.106382271308853, ""fixed_profit_yen"": 33844.64484839204, ""base_take_profit_pct"": 0.003012555893851494, ""min_take_profit_pct"": 0.0010488685071583042, ""exposure_tp_sensitivity"": 0.046492125312959036, ""vol_tp_multiplier"": 3.0296258882386384}",-25765.252003311616,32423.483170965745,62131.11907458212,54246.3512739726,0
2015-11-11,"{""base_buy_amount"": 302576.46338654356, ""max_daily_buy_amount"": 1941435.1169606755, ""score_threshold"": 1.1150036158631784, ""score_scale"": 3.72600585121548, ""w_drawdown"": 2.246807510718943, ""w_rsi"": 1.361207809225795, ""w_ma_gap_25"": 0.48195481076749647, ""w_ret_5"": 4.513011982719208, ""w_trend"": -0.2653422609983336, ""w_vol"": 1.0118168239761516, ""w_exposure"": 3.0595662415065252, ""w_unrealized_loss"": 5.79219568941896, ""fixed_profit_yen"": 11308.32079814389, ""base_take_profit_pct"": 0.025985199954586514, ""min_take_profit_pct"": 0.00782667576851689, ""exposure_tp_sensitivity"": 0.6475166603558431, ""vol_tp_multiplier"": 2.1604651988755186}",5832.8717383202165,505717.88825553295,468463.7840344254,531306.2490000001,0
2015-11-18,"{""base_buy_amount"": 302576.46338654356, ""max_daily_buy_amount"": 1941435.1169606755, ""score_threshold"": 1.1150036158631784, ""score_scale"": 3.72600585121548, ""w_drawdown"": 2.246807510718943, ""w_rsi"": 1.361207809225795, ""w_ma_gap_25"": 0.48195481076749647, ""w_ret_5"": 4.513011982719208, ""w_trend"": -0.2653422609983336, ""w_vol"": 1.0118168239761516, ""w_exposure"": 3.0595662415065252, ""w_unrealized_loss"": 5.79219568941896, ""fixed_profit_yen"": 11308.32079814389, ""base_take_profit_pct"": 0.025985199954586514, ""min_take_profit_pct"": 0.00782667576851689, ""exposure_tp_sensitivity"": 0.6475166603558431, ""vol_tp_multiplier"": 2.1604651988755186}",4412.4883958544815,504297.5049130672,468463.7840344254,531306.2490000001,0
2015-11-26,"{""base_buy_amount"": 302576.46338654356, ""max_daily_buy_amount"": 1941435.1169606755, ""score_threshold"": 1.1150036158631784, ""score_scale"": 3.72600585121548, ""w_drawdown"": 2.246807510718943, ""w_rsi"": 1.361207809225795, ""w_ma_gap_25"": 0.48195481076749647, ""w_ret_5"": 4.513011982719208, ""w_trend"": -0.2653422609983336, ""w_vol"": 1.0118168239761516, ""w_exposure"": 3.0595662415065252, ""w_unrealized_loss"": 5.79219568941896, ""fixed_profit_yen"": 11308.32079814389, ""base_take_profit_pct"": 0.025985199954586514, ""min_take_profit_pct"": 0.00782667576851689, ""exposure_tp_sensitivity"": 0.6475166603558431, ""vol_tp_multiplier"": 2.1604651988755186}",16862.946039690112,516747.96255690284,468463.7840344254,531306.2490000001,0
2015-12-03,"{""base_buy_amount"": 302576.46338654356, ""max_daily_buy_amount"": 1941435.1169606755, ""score_threshold"": 1.1150036158631784, ""score_scale"": 3.72600585121548, ""w_drawdown"": 2.246807510718943, ""w_rsi"": 1.361207809225795, ""w_ma_gap_25"": 0.48195481076749647, ""w_ret_5"": 4.513011982719208, ""w_trend"": -0.2653422609983336, ""w_vol"": 1.0118168239761516, ""w_exposure"": 3.0595662415065252, ""w_unrealized_loss"": 5.79219568941896, ""fixed_profit_yen"": 11308.32079814389, ""base_take_profit_pct"": 0.025985199954586514, ""min_take_profit_pct"": 0.00782667576851689, ""exposure_tp_sensitivity"": 0.6475166603558431, ""vol_tp_multiplier"": 2.1604651988755186}",23981.610916402424,523866.62743361515,468463.7840344254,531306.2490000001,0
2015-12-10,"{""base_buy_amount"": 151098.55527781372, ""max_daily_buy_amount"": 1998298.9879010534, ""score_threshold"": 0.6627389444261476, ""score_scale"": 3.4255625700145864, ""w_drawdown"": 0.45220363492066373, ""w_rsi"": 4.4851669944831265, ""w_ma_gap_25"": 0.14499751602234712, ""w_ret_5"": 1.2041402902057352, ""w_trend"": -2.14186874900019, ""w_vol"": 3.883839703461093, ""w_exposure"": 1.9820422721289788, ""w_unrealized_loss"": 9.106382271308853, ""fixed_profit_yen"": 33844.64484839204, ""base_take_profit_pct"": 0.003012555893851494, ""min_take_profit_pct"": 0.0010488685071583042, ""exposure_tp_sensitivity"": 0.046492125312959036, ""vol_tp_multiplier"": 3.0296258882386384}",-14290.760931093813,43897.97424318355,62131.11907458212,54246.3512739726,0
2015-12-17,"{""base_buy_amount"": 151098.55527781372, ""max_daily_buy_amount"": 1998298.9879010534, ""score_threshold"": 0.6627389444261476, ""score_scale"": 3.4255625700145864, ""w_drawdown"": 0.45220363492066373, ""w_rsi"": 4.4851669944831265, ""w_ma_gap_25"": 0.14499751602234712, ""w_ret_5"": 1.2041402902057352, ""w_trend"": -2.14186874900019, ""w_vol"": 3.883839703461093, ""w_exposure"": 1.9820422721289788, ""w_unrealized_loss"": 9.106382271308853, ""fixed_profit_yen"": 33844.64484839204, ""base_take_profit_pct"": 0.003012555893851494, ""min_take_profit_pct"": 0.0010488685071583042, ""exposure_tp_sensitivity"": 0.046492125312959036, ""vol_tp_multiplier"": 3.0296258882386384}",-13167.9119721897,45020.82320208766,62131.11907458212,54246.3512739726,0
2015-12-25,"{""base_buy_amount"": 151098.55527781372, ""max_daily_buy_amount"": 1998298.9879010534, ""score_threshold"": 0.6627389444261476, ""score_scale"": 3.4255625700145864, ""w_drawdown"": 0.45220363492066373, ""w_rsi"": 4.4851669944831265, ""w_ma_gap_25"": 0.14499751602234712, ""w_ret_5"": 1.2041402902057352, ""w_trend"": -2.14186874900019, ""w_vol"": 3.883839703461093, ""w_exposure"": 1.9820422721289788, ""w_unrealized_loss"": 9.106382271308853, ""fixed_profit_yen"": 33844.64484839204, ""base_take_profit_pct"": 0.003012555893851494, ""min_take_profit_pct"": 0.0010488685071583042, ""exposure_tp_sensitivity"": 0.046492125312959036, ""vol_tp_multiplier"": 3.0296258882386384}",-11359.965379564339,46828.76979471302,62131.11907458212,54246.3512739726,0
2016-01-05,"{""base_buy_amount"": 151098.55527781372, ""max_daily_buy_amount"": 1998298.9879010534, ""score_threshold"": 0.6627389444261476, ""score_scale"": 3.4255625700145864, ""w_drawdown"": 0.45220363492066373, ""w_rsi"": 4.4851669944831265, ""w_ma_gap_25"": 0.14499751602234712, ""w_ret_5"": 1.2041402902057352, ""w_trend"": -2.14186874900019, ""w_vol"": 3.883839703461093, ""w_exposure"": 1.9820422721289788, ""w_unrealized_loss"": 9.106382271308853, ""fixed_profit_yen"": 33844.64484839204, ""base_take_profit_pct"": 0.003012555893851494, ""min_take_profit_pct"": 0.0010488685071583042, ""exposure_tp_sensitivity"": 0.046492125312959036, ""vol_tp_multiplier"": 3.0296258882386384}",-15339.337324769818,42849.39784950754,62131.11907458212,54246.3512739726,0
2016-01-13,"{""base_buy_amount"": 151098.55527781372, ""max_daily_buy_amount"": 1998298.9879010534, ""score_threshold"": 0.6627389444261476, ""score_scale"": 3.4255625700145864, ""w_drawdown"": 0.45220363492066373, ""w_rsi"": 4.4851669944831265, ""w_ma_gap_25"": 0.14499751602234712, ""w_ret_5"": 1.2041402902057352, ""w_trend"": -2.14186874900019, ""w_vol"": 3.883839703461093, ""w_exposure"": 1.9820422721289788, ""w_unrealized_loss"": 9.106382271308853, ""fixed_profit_yen"": 33844.64484839204, ""base_take_profit_pct"": 0.003012555893851494, ""min_take_profit_pct"": 0.0010488685071583042, ""exposure_tp_sensitivity"": 0.046492125312959036, ""vol_tp_multiplier"": 3.0296258882386384}",-65819.27230422186,-5851.749081999296,62131.11907458212,57803.927369863,0
2016-01-20,"{""base_buy_amount"": 151098.55527781372, ""max_daily_buy_amount"": 1998298.9879010534, ""score_threshold"": 0.6627389444261476, ""score_scale"": 3.4255625700145864, ""w_drawdown"": 0.45220363492066373, ""w_rsi"": 4.4851669944831265, ""w_ma_gap_25"": 0.14499751602234712, ""w_ret_5"": 1.2041402902057352, ""w_trend"": -2.14186874900019, ""w_vol"": 3.883839703461093, ""w_exposure"": 1.9820422721289788, ""w_unrealized_loss"": 9.106382271308853, ""fixed_profit_yen"": 33844.64484839204, ""base_take_profit_pct"": 0.003012555893851494, ""min_take_profit_pct"": 0.0010488685071583042, ""exposure_tp_sensitivity"": 0.046492125312959036, ""vol_tp_multiplier"": 3.0296258882386384}",-126399.66878568665,-28106.77080802666,100103.44059915561,96482.35535616436,0
2016-01-27,"{""base_buy_amount"": 151098.55527781372, ""max_daily_buy_amount"": 1998298.9879010534, ""score_threshold"": 0.6627389444261476, ""score_scale"": 3.4255625700145864, ""w_drawdown"": 0.45220363492066373, ""w_rsi"": 4.4851669944831265, ""w_ma_gap_25"": 0.14499751602234712, ""w_ret_5"": 1.2041402902057352, ""w_trend"": -2.14186874900019, ""w_vol"": 3.883839703461093, ""w_exposure"": 1.9820422721289788, ""w_unrealized_loss"": 9.106382271308853, ""fixed_profit_yen"": 33844.64484839204, ""base_take_profit_pct"": 0.003012555893851494, ""min_take_profit_pct"": 0.0010488685071583042, ""exposure_tp_sensitivity"": 0.046492125312959036, ""vol_tp_multiplier"": 3.0296258882386384}",-446654.25348957314,-89967.79486807737,258497.00124299154,254875.91599999997,0
2016-02-03,"{""base_buy_amount"": 151098.55527781372, ""max_daily_buy_amount"": 1998298.9879010534, ""score_threshold"": 0.6627389444261476, ""score_scale"": 3.4255625700145864, ""w_drawdown"": 0.45220363492066373, ""w_rsi"": 4.4851669944831265, ""w_ma_gap_25"": 0.14499751602234712, ""w_ret_5"": 1.2041402902057352, ""w_trend"": -2.14186874900019, ""w_vol"": 3.883839703461093, ""w_exposure"": 1.9820422721289788, ""w_unrealized_loss"": 9.106382271308853, ""fixed_profit_yen"": 33844.64484839204, ""base_take_profit_pct"": 0.003012555893851494, ""min_take_profit_pct"": 0.0010488685071583042, ""exposure_tp_sensitivity"": 0.046492125312959036, ""vol_tp_multiplier"": 3.0296258882386384}",-271122.74816381285,85563.71045768289,258497.00124299154,254875.91599999997,0
2016-02-10,"{""base_buy_amount"": 151098.55527781372, ""max_daily_buy_amount"": 1998298.9879010534, ""score_threshold"": 0.6627389444261476, ""score_scale"": 3.4255625700145864, ""w_drawdown"": 0.45220363492066373, ""w_rsi"": 4.4851669944831265, ""w_ma_gap_25"": 0.14499751602234712, ""w_ret_5"": 1.2041402902057352, ""w_trend"": -2.14186874900019, ""w_vol"": 3.883839703461093, ""w_exposure"": 1.9820422721289788, ""w_unrealized_loss"": 9.106382271308853, ""fixed_profit_yen"": 33844.64484839204, ""base_take_profit_pct"": 0.003012555893851494, ""min_take_profit_pct"": 0.0010488685071583042, ""exposure_tp_sensitivity"": 0.046492125312959036, ""vol_tp_multiplier"": 3.0296258882386384}",-459097.99336929235,-102411.53474779658,258497.00124299154,254875.91599999997,0
2016-02-18,"{""base_buy_amount"": 151098.55527781372, ""max_daily_buy_amount"": 1998298.9879010534, ""score_threshold"": 0.6627389444261476, ""score_scale"": 3.4255625700145864, ""w_drawdown"": 0.45220363492066373, ""w_rsi"": 4.4851669944831265, ""w_ma_gap_25"": 0.14499751602234712, ""w_ret_5"": 1.2041402902057352, ""w_trend"": -2.14186874900019, ""w_vol"": 3.883839703461093, ""w_exposure"": 1.9820422721289788, ""w_unrealized_loss"": 9.106382271308853, ""fixed_profit_yen"": 33844.64484839204, ""base_take_profit_pct"": 0.003012555893851494, ""min_take_profit_pct"": 0.0010488685071583042, ""exposure_tp_sensitivity"": 0.046492125312959036, ""vol_tp_multiplier"": 3.0296258882386384}",-566416.022951623,-137959.5197434788,331464.1873614937,325448.8190547945,0
2016-02-25,"{""base_buy_amount"": 151098.55527781372, ""max_daily_buy_amount"": 1998298.9879010534, ""score_threshold"": 0.6627389444261476, ""score_scale"": 3.4255625700145864, ""w_drawdown"": 0.45220363492066373, ""w_rsi"": 4.4851669944831265, ""w_ma_gap_25"": 0.14499751602234712, ""w_ret_5"": 1.2041402902057352, ""w_trend"": -2.14186874900019, ""w_vol"": 3.883839703461093, ""w_exposure"": 1.9820422721289788, ""w_unrealized_loss"": 9.106382271308853, ""fixed_profit_yen"": 33844.64484839204, ""base_take_profit_pct"": 0.003012555893851494, ""min_take_profit_pct"": 0.0010488685071583042, ""exposure_tp_sensitivity"": 0.046492125312959036, ""vol_tp_multiplier"": 3.0296258882386384}",-561036.5674447736,-132580.06423662946,331464.1873614937,325448.8190547945,0
2016-03-03,"{""base_buy_amount"": 151098.55527781372, ""max_daily_buy_amount"": 1998298.9879010534, ""score_threshold"": 0.6627389444261476, ""score_scale"": 3.4255625700145864, ""w_drawdown"": 0.45220363492066373, ""w_rsi"": 4.4851669944831265, ""w_ma_gap_25"": 0.14499751602234712, ""w_ret_5"": 1.2041402902057352, ""w_trend"": -2.14186874900019, ""w_vol"": 3.883839703461093, ""w_exposure"": 1.9820422721289788, ""w_unrealized_loss"": 9.106382271308853, ""fixed_profit_yen"": 33844.64484839204, ""base_take_profit_pct"": 0.003012555893851494, ""min_take_profit_pct"": 0.0010488685071583042, ""exposure_tp_sensitivity"": 0.046492125312959036, ""vol_tp_multiplier"": 3.0296258882386384}",-473350.5522118968,-44894.04900375272,331464.1873614937,325448.8190547945,0
2016-03-10,"{""base_buy_amount"": 151098.55527781372, ""max_daily_buy_amount"": 1998298.9879010534, ""score_threshold"": 0.6627389444261476, ""score_scale"": 3.4255625700145864, ""w_drawdown"": 0.45220363492066373, ""w_rsi"": 4.4851669944831265, ""w_ma_gap_25"": 0.14499751602234712, ""w_ret_5"": 1.2041402902057352, ""w_trend"": -2.14186874900019, ""w_vol"": 3.883839703461093, ""w_exposure"": 1.9820422721289788, ""w_unrealized_loss"": 9.106382271308853, ""fixed_profit_yen"": 33844.64484839204, ""base_take_profit_pct"": 0.003012555893851494, ""min_take_profit_pct"": 0.0010488685071583042, ""exposure_tp_sensitivity"": 0.046492125312959036, ""vol_tp_multiplier"": 3.0296258882386384}",-483883.9064058886,-55427.40319774451,331464.1873614937,325448.8190547945,0
2016-03-17,"{""base_buy_amount"": 151098.55527781372, ""max_daily_buy_amount"": 1998298.9879010534, ""score_threshold"": 0.6627389444261476, ""score_scale"": 3.4255625700145864, ""w_drawdown"": 0.45220363492066373, ""w_rsi"": 4.4851669944831265, ""w_ma_gap_25"": 0.14499751602234712, ""w_ret_5"": 1.2041402902057352, ""w_trend"": -2.14186874900019, ""w_vol"": 3.883839703461093, ""w_exposure"": 1.9820422721289788, ""w_unrealized_loss"": 9.106382271308853, ""fixed_profit_yen"": 33844.64484839204, ""base_take_profit_pct"": 0.003012555893851494, ""min_take_profit_pct"": 0.0010488685071583042, ""exposure_tp_sensitivity"": 0.046492125312959036, ""vol_tp_multiplier"": 3.0296258882386384}",-449260.31035109406,-20803.80714294997,331464.1873614937,325448.8190547945,0
2016-03-25,"{""base_buy_amount"": 151098.55527781372, ""max_daily_buy_amount"": 1998298.9879010534, ""score_threshold"": 0.6627389444261476, ""score_scale"": 3.4255625700145864, ""w_drawdown"": 0.45220363492066373, ""w_rsi"": 4.4851669944831265, ""w_ma_gap_25"": 0.14499751602234712, ""w_ret_5"": 1.2041402902057352, ""w_trend"": -2.14186874900019, ""w_vol"": 3.883839703461093, ""w_exposure"": 1.9820422721289788, ""w_unrealized_loss"": 9.106382271308853, ""fixed_profit_yen"": 33844.64484839204, ""base_take_profit_pct"": 0.003012555893851494, ""min_take_profit_pct"": 0.0010488685071583042, ""exposure_tp_sensitivity"": 0.046492125312959036, ""vol_tp_multiplier"": 3.0296258882386384}",-460819.4573099982,-32362.95410185412,331464.1873614937,325448.8190547945,0
2016-04-01,"{""base_buy_amount"": 151098.55527781372, ""max_daily_buy_amount"": 1998298.9879010534, ""score_threshold"": 0.6627389444261476, ""score_scale"": 3.4255625700145864, ""w_drawdown"": 0.45220363492066373, ""w_rsi"": 4.4851669944831265, ""w_ma_gap_25"": 0.14499751602234712, ""w_ret_5"": 1.2041402902057352, ""w_trend"": -2.14186874900019, ""w_vol"": 3.883839703461093, ""w_exposure"": 1.9820422721289788, ""w_unrealized_loss"": 9.106382271308853, ""fixed_profit_yen"": 33844.64484839204, ""base_take_profit_pct"": 0.003012555893851494, ""min_take_profit_pct"": 0.0010488685071583042, ""exposure_tp_sensitivity"": 0.046492125312959036, ""vol_tp_multiplier"": 3.0296258882386384}",-461178.59374835435,-32722.09054021028,331464.1873614937,325448.8190547945,0
2016-04-08,"{""base_buy_amount"": 151098.55527781372, ""max_daily_buy_amount"": 1998298.9879010534, ""score_threshold"": 0.6627389444261476, ""score_scale"": 3.4255625700145864, ""w_drawdown"": 0.45220363492066373, ""w_rsi"": 4.4851669944831265, ""w_ma_gap_25"": 0.14499751602234712, ""w_ret_5"": 1.2041402902057352, ""w_trend"": -2.14186874900019, ""w_vol"": 3.883839703461093, ""w_exposure"": 1.9820422721289788, ""w_unrealized_loss"": 9.106382271308853, ""fixed_profit_yen"": 33844.64484839204, ""base_take_profit_pct"": 0.003012555893851494, ""min_take_profit_pct"": 0.0010488685071583042, ""exposure_tp_sensitivity"": 0.046492125312959036, ""vol_tp_multiplier"": 3.0296258882386384}",-792071.6441182175,-163615.14091007336,331464.1873614937,325448.8190547945,0
2016-04-15,"{""base_buy_amount"": 151098.55527781372, ""max_daily_buy_amount"": 1998298.9879010534, ""score_threshold"": 0.6627389444261476, ""score_scale"": 3.4255625700145864, ""w_drawdown"": 0.45220363492066373, ""w_rsi"": 4.4851669944831265, ""w_ma_gap_25"": 0.14499751602234712, ""w_ret_5"": 1.2041402902057352, ""w_trend"": -2.14186874900019, ""w_vol"": 3.883839703461093, ""w_exposure"": 1.9820422721289788, ""w_unrealized_loss"": 9.106382271308853, ""fixed_profit_yen"": 33844.64484839204, ""base_take_profit_pct"": 0.003012555893851494, ""min_take_profit_pct"": 0.0010488685071583042, ""exposure_tp_sensitivity"": 0.046492125312959036, ""vol_tp_multiplier"": 3.0296258882386384}",-609137.0767419242,69319.42646621991,331464.1873614937,325448.8190547945,0
2016-04-22,"{""base_buy_amount"": 151098.55527781372, ""max_daily_buy_amount"": 1998298.9879010534, ""score_threshold"": 0.6627389444261476, ""score_scale"": 3.4255625700145864, ""w_drawdown"": 0.45220363492066373, ""w_rsi"": 4.4851669944831265, ""w_ma_gap_25"": 0.14499751602234712, ""w_ret_5"": 1.2041402902057352, ""w_trend"": -2.14186874900019, ""w_vol"": 3.883839703461093, ""w_exposure"": 1.9820422721289788, ""w_unrealized_loss"": 9.106382271308853, ""fixed_profit_yen"": 33844.64484839204, ""base_take_profit_pct"": 0.003012555893851494, ""min_take_profit_pct"": 0.0010488685071583042, ""exposure_tp_sensitivity"": 0.046492125312959036, ""vol_tp_multiplier"": 3.0296258882386384}",-571636.4769384968,106820.0262696473,331464.1873614937,325448.8190547945,0
2016-05-02,"{""base_buy_amount"": 151098.55527781372, ""max_daily_buy_amount"": 1998298.9879010534, ""score_threshold"": 0.6627389444261476, ""score_scale"": 3.4255625700145864, ""w_drawdown"": 0.45220363492066373, ""w_rsi"": 4.4851669944831265, ""w_ma_gap_25"": 0.14499751602234712, ""w_ret_5"": 1.2041402902057352, ""w_trend"": -2.14186874900019, ""w_vol"": 3.883839703461093, ""w_exposure"": 1.9820422721289788, ""w_unrealized_loss"": 9.106382271308853, ""fixed_profit_yen"": 33844.64484839204, ""base_take_profit_pct"": 0.003012555893851494, ""min_take_profit_pct"": 0.0010488685071583042, ""exposure_tp_sensitivity"": 0.046492125312959036, ""vol_tp_multiplier"": 3.0296258882386384}",-651547.6672767537,26908.835931390437,331464.1873614937,325448.8190547945,0
2016-05-12,"{""base_buy_amount"": 151098.55527781372, ""max_daily_buy_amount"": 1998298.9879010534, ""score_threshold"": 0.6627389444261476, ""score_scale"": 3.4255625700145864, ""w_drawdown"": 0.45220363492066373, ""w_rsi"": 4.4851669944831265, ""w_ma_gap_25"": 0.14499751602234712, ""w_ret_5"": 1.2041402902057352, ""w_trend"": -2.14186874900019, ""w_vol"": 3.883839703461093, ""w_exposure"": 1.9820422721289788, ""w_unrealized_loss"": 9.106382271308853, ""fixed_profit_yen"": 33844.64484839204, ""base_take_profit_pct"": 0.003012555893851494, ""min_take_profit_pct"": 0.0010488685071583042, ""exposure_tp_sensitivity"": 0.046492125312959036, ""vol_tp_multiplier"": 3.0296258882386384}",-659517.5121945619,18938.991013582214,331464.1873614937,325448.8190547945,0
2016-05-19,"{""base_buy_amount"": 151098.55527781372, ""max_daily_buy_amount"": 1998298.9879010534, ""score_threshold"": 0.6627389444261476, ""score_scale"": 3.4255625700145864, ""w_drawdown"": 0.45220363492066373, ""w_rsi"": 4.4851669944831265, ""w_ma_gap_25"": 0.14499751602234712, ""w_ret_5"": 1.2041402902057352, ""w_trend"": -2.14186874900019, ""w_vol"": 3.883839703461093, ""w_exposure"": 1.9820422721289788, ""w_unrealized_loss"": 9.106382271308853, ""fixed_profit_yen"": 33844.64484839204, ""base_take_profit_pct"": 0.003012555893851494, ""min_take_profit_pct"": 0.0010488685071583042, ""exposure_tp_sensitivity"": 0.046492125312959036, ""vol_tp_multiplier"": 3.0296258882386384}",-652314.6940027811,26141.80920536304,331464.1873614937,325448.8190547945,0
2016-05-26,"{""base_buy_amount"": 56994.15626345524, ""max_daily_buy_amount"": 1595156.317254063, ""score_threshold"": 0.6594034263681285, ""score_scale"": 3.673244203818508, ""w_drawdown"": 3.9036451551098397, ""w_rsi"": 2.2945788776916998, ""w_ma_gap_25"": 2.8437059797644686, ""w_ret_5"": 0.6989849906382872, ""w_trend"": -2.3128195587841596, ""w_vol"": 3.3420148089523583, ""w_exposure"": 4.710962061431325, ""w_unrealized_loss"": 5.652361064811888, ""fixed_profit_yen"": 38954.9462985532, ""base_take_profit_pct"": 0.01977211296001654, ""min_take_profit_pct"": 0.005982214605921963, ""exposure_tp_sensitivity"": 0.5032864446708722, ""vol_tp_multiplier"": 1.519750490313061}",-639676.4830714392,16687.419281763112,341301.9405009253,371425.86420547945,0
2016-06-02,"{""base_buy_amount"": 56994.15626345524, ""max_daily_buy_amount"": 1595156.317254063, ""score_threshold"": 0.6594034263681285, ""score_scale"": 3.673244203818508, ""w_drawdown"": 3.9036451551098397, ""w_rsi"": 2.2945788776916998, ""w_ma_gap_25"": 2.8437059797644686, ""w_ret_5"": 0.6989849906382872, ""w_trend"": -2.3128195587841596, ""w_vol"": 3.3420148089523583, ""w_exposure"": 4.710962061431325, ""w_unrealized_loss"": 5.652361064811888, ""fixed_profit_yen"": 38954.9462985532, ""base_take_profit_pct"": 0.01977211296001654, ""min_take_profit_pct"": 0.005982214605921963, ""exposure_tp_sensitivity"": 0.5032864446708722, ""vol_tp_multiplier"": 1.519750490313061}",-616027.7281472941,40336.17420590826,341301.9405009253,371425.86420547945,0
2016-06-09,"{""base_buy_amount"": 56994.15626345524, ""max_daily_buy_amount"": 1595156.317254063, ""score_threshold"": 0.6594034263681285, ""score_scale"": 3.673244203818508, ""w_drawdown"": 3.9036451551098397, ""w_rsi"": 2.2945788776916998, ""w_ma_gap_25"": 2.8437059797644686, ""w_ret_5"": 0.6989849906382872, ""w_trend"": -2.3128195587841596, ""w_vol"": 3.3420148089523583, ""w_exposure"": 4.710962061431325, ""w_unrealized_loss"": 5.652361064811888, ""fixed_profit_yen"": 38954.9462985532, ""base_take_profit_pct"": 0.01977211296001654, ""min_take_profit_pct"": 0.005982214605921963, ""exposure_tp_sensitivity"": 0.5032864446708722, ""vol_tp_multiplier"": 1.519750490313061}",-625530.9037347736,30832.99861842877,341301.9405009253,371425.86420547945,0
2016-06-16,"{""base_buy_amount"": 151098.55527781372, ""max_daily_buy_amount"": 1998298.9879010534, ""score_threshold"": 0.6627389444261476, ""score_scale"": 3.4255625700145864, ""w_drawdown"": 0.45220363492066373, ""w_rsi"": 4.4851669944831265, ""w_ma_gap_25"": 0.14499751602234712, ""w_ret_5"": 1.2041402902057352, ""w_trend"": -2.14186874900019, ""w_vol"": 3.883839703461093, ""w_exposure"": 1.9820422721289788, ""w_unrealized_loss"": 9.106382271308853, ""fixed_profit_yen"": 33844.64484839204, ""base_take_profit_pct"": 0.003012555893851494, ""min_take_profit_pct"": 0.0010488685071583042, ""exposure_tp_sensitivity"": 0.046492125312959036, ""vol_tp_multiplier"": 3.0296258882386384}",-735443.0139795474,-56986.51077140335,331464.1873614937,325448.8190547945,0
2016-06-23,"{""base_buy_amount"": 151098.55527781372, ""max_daily_buy_amount"": 1998298.9879010534, ""score_threshold"": 0.6627389444261476, ""score_scale"": 3.4255625700145864, ""w_drawdown"": 0.45220363492066373, ""w_rsi"": 4.4851669944831265, ""w_ma_gap_25"": 0.14499751602234712, ""w_ret_5"": 1.2041402902057352, ""w_trend"": -2.14186874900019, ""w_vol"": 3.883839703461093, ""w_exposure"": 1.9820422721289788, ""w_unrealized_loss"": 9.106382271308853, ""fixed_profit_yen"": 33844.64484839204, ""base_take_profit_pct"": 0.003012555893851494, ""min_take_profit_pct"": 0.0010488685071583042, ""exposure_tp_sensitivity"": 0.046492125312959036, ""vol_tp_multiplier"": 3.0296258882386384}",-711510.1663369995,-30053.75712200612,331464.1873614937,331448.6310684931,0
2016-06-30,"{""base_buy_amount"": 56994.15626345524, ""max_daily_buy_amount"": 1595156.317254063, ""score_threshold"": 0.6594034263681285, ""score_scale"": 3.673244203818508, ""w_drawdown"": 3.9036451551098397, ""w_rsi"": 2.2945788776916998, ""w_ma_gap_25"": 2.8437059797644686, ""w_ret_5"": 0.6989849906382872, ""w_trend"": -2.3128195587841596, ""w_vol"": 3.3420148089523583, ""w_exposure"": 4.710962061431325, ""w_unrealized_loss"": 5.652361064811888, ""fixed_profit_yen"": 38954.9462985532, ""base_take_profit_pct"": 0.01977211296001654, ""min_take_profit_pct"": 0.005982214605921963, ""exposure_tp_sensitivity"": 0.5032864446708722, ""vol_tp_multiplier"": 1.519750490313061}",-835735.729424627,-132663.0489755343,341301.9405009253,464843.4203972601,0
2016-07-07,"{""base_buy_amount"": 56994.15626345524, ""max_daily_buy_amount"": 1595156.317254063, ""score_threshold"": 0.6594034263681285, ""score_scale"": 3.673244203818508, ""w_drawdown"": 3.9036451551098397, ""w_rsi"": 2.2945788776916998, ""w_ma_gap_25"": 2.8437059797644686, ""w_ret_5"": 0.6989849906382872, ""w_trend"": -2.3128195587841596, ""w_vol"": 3.3420148089523583, ""w_exposure"": 4.710962061431325, ""w_unrealized_loss"": 5.652361064811888, ""fixed_profit_yen"": 38954.9462985532, ""base_take_profit_pct"": 0.01977211296001654, ""min_take_profit_pct"": 0.005982214605921963, ""exposure_tp_sensitivity"": 0.5032864446708722, ""vol_tp_multiplier"": 1.519750490313061}",-873793.743696112,-170721.0632470192,341301.9405009253,464843.4203972601,0
2016-07-14,"{""base_buy_amount"": 56994.15626345524, ""max_daily_buy_amount"": 1595156.317254063, ""score_threshold"": 0.6594034263681285, ""score_scale"": 3.673244203818508, ""w_drawdown"": 3.9036451551098397, ""w_rsi"": 2.2945788776916998, ""w_ma_gap_25"": 2.8437059797644686, ""w_ret_5"": 0.6989849906382872, ""w_trend"": -2.3128195587841596, ""w_vol"": 3.3420148089523583, ""w_exposure"": 4.710962061431325, ""w_unrealized_loss"": 5.652361064811888, ""fixed_profit_yen"": 38954.9462985532, ""base_take_profit_pct"": 0.01977211296001654, ""min_take_profit_pct"": 0.005982214605921963, ""exposure_tp_sensitivity"": 0.5032864446708722, ""vol_tp_multiplier"": 1.519750490313061}",-693946.2075170097,9126.47293208298,341301.9405009253,464843.4203972601,0
2016-07-22,"{""base_buy_amount"": 56994.15626345524, ""max_daily_buy_amount"": 1595156.317254063, ""score_threshold"": 0.6594034263681285, ""score_scale"": 3.673244203818508, ""w_drawdown"": 3.9036451551098397, ""w_rsi"": 2.2945788776916998, ""w_ma_gap_25"": 2.8437059797644686, ""w_ret_5"": 0.6989849906382872, ""w_trend"": -2.3128195587841596, ""w_vol"": 3.3420148089523583, ""w_exposure"": 4.710962061431325, ""w_unrealized_loss"": 5.652361064811888, ""fixed_profit_yen"": 38954.9462985532, ""base_take_profit_pct"": 0.01977211296001654, ""min_take_profit_pct"": 0.005982214605921963, ""exposure_tp_sensitivity"": 0.5032864446708722, ""vol_tp_multiplier"": 1.519750490313061}",-612484.2837266139,90588.39672247885,341301.9405009253,464843.4203972601,0
2016-07-29,"{""base_buy_amount"": 56994.15626345524, ""max_daily_buy_amount"": 1595156.317254063, ""score_threshold"": 0.6594034263681285, ""score_scale"": 3.673244203818508, ""w_drawdown"": 3.9036451551098397, ""w_rsi"": 2.2945788776916998, ""w_ma_gap_25"": 2.8437059797644686, ""w_ret_5"": 0.6989849906382872, ""w_trend"": -2.3128195587841596, ""w_vol"": 3.3420148089523583, ""w_exposure"": 4.710962061431325, ""w_unrealized_loss"": 5.652361064811888, ""fixed_profit_yen"": 38954.9462985532, ""base_take_profit_pct"": 0.01977211296001654, ""min_take_profit_pct"": 0.005982214605921963, ""exposure_tp_sensitivity"": 0.5032864446708722, ""vol_tp_multiplier"": 1.519750490313061}",-658456.7606033261,44615.919845766504,341301.9405009253,464843.4203972601,0
2016-08-05,"{""base_buy_amount"": 56994.15626345524, ""max_daily_buy_amount"": 1595156.317254063, ""score_threshold"": 0.6594034263681285, ""score_scale"": 3.673244203818508, ""w_drawdown"": 3.9036451551098397, ""w_rsi"": 2.2945788776916998, ""w_ma_gap_25"": 2.8437059797644686, ""w_ret_5"": 0.6989849906382872, ""w_trend"": -2.3128195587841596, ""w_vol"": 3.3420148089523583, ""w_exposure"": 4.710962061431325, ""w_unrealized_loss"": 5.652361064811888, ""fixed_profit_yen"": 38954.9462985532, ""base_take_profit_pct"": 0.01977211296001654, ""min_take_profit_pct"": 0.005982214605921963, ""exposure_tp_sensitivity"": 0.5032864446708722, ""vol_tp_multiplier"": 1.519750490313061}",-689344.0101375728,13728.670311519934,341301.9405009253,464843.4203972601,0
2016-08-15,"{""base_buy_amount"": 56994.15626345524, ""max_daily_buy_amount"": 1595156.317254063, ""score_threshold"": 0.6594034263681285, ""score_scale"": 3.673244203818508, ""w_drawdown"": 3.9036451551098397, ""w_rsi"": 2.2945788776916998, ""w_ma_gap_25"": 2.8437059797644686, ""w_ret_5"": 0.6989849906382872, ""w_trend"": -2.3128195587841596, ""w_vol"": 3.3420148089523583, ""w_exposure"": 4.710962061431325, ""w_unrealized_loss"": 5.652361064811888, ""fixed_profit_yen"": 38954.9462985532, ""base_take_profit_pct"": 0.01977211296001654, ""min_take_profit_pct"": 0.005982214605921963, ""exposure_tp_sensitivity"": 0.5032864446708722, ""vol_tp_multiplier"": 1.519750490313061}",-599687.1827551461,103385.49769394664,341301.9405009253,464843.4203972601,0
2016-08-22,"{""base_buy_amount"": 56994.15626345524, ""max_daily_buy_amount"": 1595156.317254063, ""score_threshold"": 0.6594034263681285, ""score_scale"": 3.673244203818508, ""w_drawdown"": 3.9036451551098397, ""w_rsi"": 2.2945788776916998, ""w_ma_gap_25"": 2.8437059797644686, ""w_ret_5"": 0.6989849906382872, ""w_trend"": -2.3128195587841596, ""w_vol"": 3.3420148089523583, ""w_exposure"": 4.710962061431325, ""w_unrealized_loss"": 5.652361064811888, ""fixed_profit_yen"": 38954.9462985532, ""base_take_profit_pct"": 0.01977211296001654, ""min_take_profit_pct"": 0.005982214605921963, ""exposure_tp_sensitivity"": 0.5032864446708722, ""vol_tp_multiplier"": 1.519750490313061}",-647017.5020848666,56055.17836422607,341301.9405009253,464843.4203972601,0
2016-08-29,"{""base_buy_amount"": 56994.15626345524, ""max_daily_buy_amount"": 1595156.317254063, ""score_threshold"": 0.6594034263681285, ""score_scale"": 3.673244203818508, ""w_drawdown"": 3.9036451551098397, ""w_rsi"": 2.2945788776916998, ""w_ma_gap_25"": 2.8437059797644686, ""w_ret_5"": 0.6989849906382872, ""w_trend"": -2.3128195587841596, ""w_vol"": 3.3420148089523583, ""w_exposure"": 4.710962061431325, ""w_unrealized_loss"": 5.652361064811888, ""fixed_profit_yen"": 38954.9462985532, ""base_take_profit_pct"": 0.01977211296001654, ""min_take_profit_pct"": 0.005982214605921963, ""exposure_tp_sensitivity"": 0.5032864446708722, ""vol_tp_multiplier"": 1.519750490313061}",-673925.669591716,29147.010857376736,341301.9405009253,464843.4203972601,0
2016-09-05,"{""base_buy_amount"": 56994.15626345524, ""max_daily_buy_amount"": 1595156.317254063, ""score_threshold"": 0.6594034263681285, ""score_scale"": 3.673244203818508, ""w_drawdown"": 3.9036451551098397, ""w_rsi"": 2.2945788776916998, ""w_ma_gap_25"": 2.8437059797644686, ""w_ret_5"": 0.6989849906382872, ""w_trend"": -2.3128195587841596, ""w_vol"": 3.3420148089523583, ""w_exposure"": 4.710962061431325, ""w_unrealized_loss"": 5.652361064811888, ""fixed_profit_yen"": 38954.9462985532, ""base_take_profit_pct"": 0.01977211296001654, ""min_take_profit_pct"": 0.005982214605921963, ""exposure_tp_sensitivity"": 0.5032864446708722, ""vol_tp_multiplier"": 1.519750490313061}",-284047.63092963985,115427.57984821993,338039.3162269527,460911.10532876686,0
2016-09-12,"{""base_buy_amount"": 56994.15626345524, ""max_daily_buy_amount"": 1595156.317254063, ""score_threshold"": 0.6594034263681285, ""score_scale"": 3.673244203818508, ""w_drawdown"": 3.9036451551098397, ""w_rsi"": 2.2945788776916998, ""w_ma_gap_25"": 2.8437059797644686, ""w_ret_5"": 0.6989849906382872, ""w_trend"": -2.3128195587841596, ""w_vol"": 3.3420148089523583, ""w_exposure"": 4.710962061431325, ""w_unrealized_loss"": 5.652361064811888, ""fixed_profit_yen"": 38954.9462985532, ""base_take_profit_pct"": 0.01977211296001654, ""min_take_profit_pct"": 0.005982214605921963, ""exposure_tp_sensitivity"": 0.5032864446708722, ""vol_tp_multiplier"": 1.519750490313061}",-293341.32722229604,106133.88355556375,338039.3162269527,460911.10532876686,0
2016-09-20,"{""base_buy_amount"": 54275.118692676166, ""max_daily_buy_amount"": 1077795.7500210647, ""score_threshold"": 0.7091495974575888, ""score_scale"": 0.6332328010787595, ""w_drawdown"": 2.0067777877669397, ""w_rsi"": 4.478174406918484, ""w_ma_gap_25"": 3.3580640442792937, ""w_ret_5"": 1.1882918168029866, ""w_trend"": 2.116686777791476, ""w_vol"": 1.7401571170475716, ""w_exposure"": 8.533446711440595, ""w_unrealized_loss"": 2.989436511189055, ""fixed_profit_yen"": 30745.051791508, ""base_take_profit_pct"": 0.013114321896939353, ""min_take_profit_pct"": 0.0034734254567956035, ""exposure_tp_sensitivity"": 0.7979018059546823, ""vol_tp_multiplier"": 0.9379684096974567}",-354685.89039144723,-77822.08486811101,254620.9511699602,299106.65987671225,0
2016-09-28,"{""base_buy_amount"": 56994.15626345524, ""max_daily_buy_amount"": 1595156.317254063, ""score_threshold"": 0.6594034263681285, ""score_scale"": 3.673244203818508, ""w_drawdown"": 3.9036451551098397, ""w_rsi"": 2.2945788776916998, ""w_ma_gap_25"": 2.8437059797644686, ""w_ret_5"": 0.6989849906382872, ""w_trend"": -2.3128195587841596, ""w_vol"": 3.3420148089523583, ""w_exposure"": 4.710962061431325, ""w_unrealized_loss"": 5.652361064811888, ""fixed_profit_yen"": 38954.9462985532, ""base_take_profit_pct"": 0.01977211296001654, ""min_take_profit_pct"": 0.005982214605921963, ""exposure_tp_sensitivity"": 0.5032864446708722, ""vol_tp_multiplier"": 1.519750490313061}",-336156.83167771803,63318.379100141756,338039.3162269527,460911.10532876686,0
2016-10-05,"{""base_buy_amount"": 56994.15626345524, ""max_daily_buy_amount"": 1595156.317254063, ""score_threshold"": 0.6594034263681285, ""score_scale"": 3.673244203818508, ""w_drawdown"": 3.9036451551098397, ""w_rsi"": 2.2945788776916998, ""w_ma_gap_25"": 2.8437059797644686, ""w_ret_5"": 0.6989849906382872, ""w_trend"": -2.3128195587841596, ""w_vol"": 3.3420148089523583, ""w_exposure"": 4.710962061431325, ""w_unrealized_loss"": 5.652361064811888, ""fixed_profit_yen"": 38954.9462985532, ""base_take_profit_pct"": 0.01977211296001654, ""min_take_profit_pct"": 0.005982214605921963, ""exposure_tp_sensitivity"": 0.5032864446708722, ""vol_tp_multiplier"": 1.519750490313061}",-323545.3335806783,75929.87719718146,338039.3162269527,460911.10532876686,0
2016-10-13,"{""base_buy_amount"": 56994.15626345524, ""max_daily_buy_amount"": 1595156.317254063, ""score_threshold"": 0.6594034263681285, ""score_scale"": 3.673244203818508, ""w_drawdown"": 3.9036451551098397, ""w_rsi"": 2.2945788776916998, ""w_ma_gap_25"": 2.8437059797644686, ""w_ret_5"": 0.6989849906382872, ""w_trend"": -2.3128195587841596, ""w_vol"": 3.3420148089523583, ""w_exposure"": 4.710962061431325, ""w_unrealized_loss"": 5.652361064811888, ""fixed_profit_yen"": 38954.9462985532, ""base_take_profit_pct"": 0.01977211296001654, ""min_take_profit_pct"": 0.005982214605921963, ""exposure_tp_sensitivity"": 0.5032864446708722, ""vol_tp_multiplier"": 1.519750490313061}",-316819.12348743365,82656.08729042616,338039.3162269527,460911.10532876686,0
2016-10-20,"{""base_buy_amount"": 56994.15626345524, ""max_daily_buy_amount"": 1595156.317254063, ""score_threshold"": 0.6594034263681285, ""score_scale"": 3.673244203818508, ""w_drawdown"": 3.9036451551098397, ""w_rsi"": 2.2945788776916998, ""w_ma_gap_25"": 2.8437059797644686, ""w_ret_5"": 0.6989849906382872, ""w_trend"": -2.3128195587841596, ""w_vol"": 3.3420148089523583, ""w_exposure"": 4.710962061431325, ""w_unrealized_loss"": 5.652361064811888, ""fixed_profit_yen"": 38954.9462985532, ""base_take_profit_pct"": 0.01977211296001654, ""min_take_profit_pct"": 0.005982214605921963, ""exposure_tp_sensitivity"": 0.5032864446708722, ""vol_tp_multiplier"": 1.519750490313061}",-303102.42441739666,96372.78636046316,338039.3162269527,460911.10532876686,0
2016-10-27,"{""base_buy_amount"": 56994.15626345524, ""max_daily_buy_amount"": 1595156.317254063, ""score_threshold"": 0.6594034263681285, ""score_scale"": 3.673244203818508, ""w_drawdown"": 3.9036451551098397, ""w_rsi"": 2.2945788776916998, ""w_ma_gap_25"": 2.8437059797644686, ""w_ret_5"": 0.6989849906382872, ""w_trend"": -2.3128195587841596, ""w_vol"": 3.3420148089523583, ""w_exposure"": 4.710962061431325, ""w_unrealized_loss"": 5.652361064811888, ""fixed_profit_yen"": 38954.9462985532, ""base_take_profit_pct"": 0.01977211296001654, ""min_take_profit_pct"": 0.005982214605921963, ""exposure_tp_sensitivity"": 0.5032864446708722, ""vol_tp_multiplier"": 1.519750490313061}",-266770.03377051174,132705.17700734807,338039.3162269527,460911.10532876686,0
2016-11-04,"{""base_buy_amount"": 56994.15626345524, ""max_daily_buy_amount"": 1595156.317254063, ""score_threshold"": 0.6594034263681285, ""score_scale"": 3.673244203818508, ""w_drawdown"": 3.9036451551098397, ""w_rsi"": 2.2945788776916998, ""w_ma_gap_25"": 2.8437059797644686, ""w_ret_5"": 0.6989849906382872, ""w_trend"": -2.3128195587841596, ""w_vol"": 3.3420148089523583, ""w_exposure"": 4.710962061431325, ""w_unrealized_loss"": 5.652361064811888, ""fixed_profit_yen"": 38954.9462985532, ""base_take_profit_pct"": 0.01977211296001654, ""min_take_profit_pct"": 0.005982214605921963, ""exposure_tp_sensitivity"": 0.5032864446708722, ""vol_tp_multiplier"": 1.519750490313061}",-289821.0069211966,109654.2038566632,338039.3162269527,460911.10532876686,0
2016-11-11,"{""base_buy_amount"": 56994.15626345524, ""max_daily_buy_amount"": 1595156.317254063, ""score_threshold"": 0.6594034263681285, ""score_scale"": 3.673244203818508, ""w_drawdown"": 3.9036451551098397, ""w_rsi"": 2.2945788776916998, ""w_ma_gap_25"": 2.8437059797644686, ""w_ret_5"": 0.6989849906382872, ""w_trend"": -2.3128195587841596, ""w_vol"": 3.3420148089523583, ""w_exposure"": 4.710962061431325, ""w_unrealized_loss"": 5.652361064811888, ""fixed_profit_yen"": 38954.9462985532, ""base_take_profit_pct"": 0.01977211296001654, ""min_take_profit_pct"": 0.005982214605921963, ""exposure_tp_sensitivity"": 0.5032864446708722, ""vol_tp_multiplier"": 1.519750490313061}",-277435.31351023767,122039.89726762212,338039.3162269527,460911.10532876686,0
2016-11-18,"{""base_buy_amount"": 56994.15626345524, ""max_daily_buy_amount"": 1595156.317254063, ""score_threshold"": 0.6594034263681285, ""score_scale"": 3.673244203818508, ""w_drawdown"": 3.9036451551098397, ""w_rsi"": 2.2945788776916998, ""w_ma_gap_25"": 2.8437059797644686, ""w_ret_5"": 0.6989849906382872, ""w_trend"": -2.3128195587841596, ""w_vol"": 3.3420148089523583, ""w_exposure"": 4.710962061431325, ""w_unrealized_loss"": 5.652361064811888, ""fixed_profit_yen"": 38954.9462985532, ""base_take_profit_pct"": 0.01977211296001654, ""min_take_profit_pct"": 0.005982214605921963, ""exposure_tp_sensitivity"": 0.5032864446708722, ""vol_tp_multiplier"": 1.519750490313061}",-227904.82527034733,171570.38550751246,338039.3162269527,460911.10532876686,0
2016-11-28,"{""base_buy_amount"": 56994.15626345524, ""max_daily_buy_amount"": 1595156.317254063, ""score_threshold"": 0.6594034263681285, ""score_scale"": 3.673244203818508, ""w_drawdown"": 3.9036451551098397, ""w_rsi"": 2.2945788776916998, ""w_ma_gap_25"": 2.8437059797644686, ""w_ret_5"": 0.6989849906382872, ""w_trend"": -2.3128195587841596, ""w_vol"": 3.3420148089523583, ""w_exposure"": 4.710962061431325, ""w_unrealized_loss"": 5.652361064811888, ""fixed_profit_yen"": 38954.9462985532, ""base_take_profit_pct"": 0.01977211296001654, ""min_take_profit_pct"": 0.005982214605921963, ""exposure_tp_sensitivity"": 0.5032864446708722, ""vol_tp_multiplier"": 1.519750490313061}",-182462.1716813062,217013.03909655358,338039.3162269527,460911.10532876686,0
2016-12-05,"{""base_buy_amount"": 56994.15626345524, ""max_daily_buy_amount"": 1595156.317254063, ""score_threshold"": 0.6594034263681285, ""score_scale"": 3.673244203818508, ""w_drawdown"": 3.9036451551098397, ""w_rsi"": 2.2945788776916998, ""w_ma_gap_25"": 2.8437059797644686, ""w_ret_5"": 0.6989849906382872, ""w_trend"": -2.3128195587841596, ""w_vol"": 3.3420148089523583, ""w_exposure"": 4.710962061431325, ""w_unrealized_loss"": 5.652361064811888, ""fixed_profit_yen"": 38954.9462985532, ""base_take_profit_pct"": 0.01977211296001654, ""min_take_profit_pct"": 0.005982214605921963, ""exposure_tp_sensitivity"": 0.5032864446708722, ""vol_tp_multiplier"": 1.519750490313061}",-181509.3780693775,217965.83270848228,338039.3162269527,460911.10532876686,0
2016-12-12,"{""base_buy_amount"": 56994.15626345524, ""max_daily_buy_amount"": 1595156.317254063, ""score_threshold"": 0.6594034263681285, ""score_scale"": 3.673244203818508, ""w_drawdown"": 3.9036451551098397, ""w_rsi"": 2.2945788776916998, ""w_ma_gap_25"": 2.8437059797644686, ""w_ret_5"": 0.6989849906382872, ""w_trend"": -2.3128195587841596, ""w_vol"": 3.3420148089523583, ""w_exposure"": 4.710962061431325, ""w_unrealized_loss"": 5.652361064811888, ""fixed_profit_yen"": 38954.9462985532, ""base_take_profit_pct"": 0.01977211296001654, ""min_take_profit_pct"": 0.005982214605921963, ""exposure_tp_sensitivity"": 0.5032864446708722, ""vol_tp_multiplier"": 1.519750490313061}",-141154.00633897752,258321.20443888227,338039.3162269527,460911.10532876686,0
2016-12-19,"{""base_buy_amount"": 56994.15626345524, ""max_daily_buy_amount"": 1595156.317254063, ""score_threshold"": 0.6594034263681285, ""score_scale"": 3.673244203818508, ""w_drawdown"": 3.9036451551098397, ""w_rsi"": 2.2945788776916998, ""w_ma_gap_25"": 2.8437059797644686, ""w_ret_5"": 0.6989849906382872, ""w_trend"": -2.3128195587841596, ""w_vol"": 3.3420148089523583, ""w_exposure"": 4.710962061431325, ""w_unrealized_loss"": 5.652361064811888, ""fixed_profit_yen"": 38954.9462985532, ""base_take_profit_pct"": 0.01977211296001654, ""min_take_profit_pct"": 0.005982214605921963, ""exposure_tp_sensitivity"": 0.5032864446708722, ""vol_tp_multiplier"": 1.519750490313061}",-119446.59030036925,280028.62047749053,338039.3162269527,460911.10532876686,0
2016-12-27,"{""base_buy_amount"": 56994.15626345524, ""max_daily_buy_amount"": 1595156.317254063, ""score_threshold"": 0.6594034263681285, ""score_scale"": 3.673244203818508, ""w_drawdown"": 3.9036451551098397, ""w_rsi"": 2.2945788776916998, ""w_ma_gap_25"": 2.8437059797644686, ""w_ret_5"": 0.6989849906382872, ""w_trend"": -2.3128195587841596, ""w_vol"": 3.3420148089523583, ""w_exposure"": 4.710962061431325, ""w_unrealized_loss"": 5.652361064811888, ""fixed_profit_yen"": 38954.9462985532, ""base_take_profit_pct"": 0.01977211296001654, ""min_take_profit_pct"": 0.005982214605921963, ""exposure_tp_sensitivity"": 0.5032864446708722, ""vol_tp_multiplier"": 1.519750490313061}",-73635.33917463385,283986.62524335965,295673.64826064464,419570.28057534236,0
2017-01-05,"{""base_buy_amount"": 576334.336362097, ""max_daily_buy_amount"": 306293.90815734275, ""score_threshold"": 0.6889603721592468, ""score_scale"": 1.7655520272755374, ""w_drawdown"": 3.297113173459509, ""w_rsi"": 3.634973071434413, ""w_ma_gap_25"": 3.843237459588285, ""w_ret_5"": 0.5387047297794828, ""w_trend"": 2.4960710708256473, ""w_vol"": 1.151069954474404, ""w_exposure"": 0.3741255617617978, ""w_unrealized_loss"": 5.548524693914834, ""fixed_profit_yen"": 20433.34734153462, ""base_take_profit_pct"": 0.025234112807707564, ""min_take_profit_pct"": 0.008274263248578717, ""exposure_tp_sensitivity"": 0.2854250035404438, ""vol_tp_multiplier"": 4.764496975348725}",87089.49692873424,1923943.3953418229,1597911.7433330277,2075796.0534931496,0
2017-01-13,"{""base_buy_amount"": 576334.336362097, ""max_daily_buy_amount"": 306293.90815734275, ""score_threshold"": 0.6889603721592468, ""score_scale"": 1.7655520272755374, ""w_drawdown"": 3.297113173459509, ""w_rsi"": 3.634973071434413, ""w_ma_gap_25"": 3.843237459588285, ""w_ret_5"": 0.5387047297794828, ""w_trend"": 2.4960710708256473, ""w_vol"": 1.151069954474404, ""w_exposure"": 0.3741255617617978, ""w_unrealized_loss"": 5.548524693914834, ""fixed_profit_yen"": 20433.34734153462, ""base_take_profit_pct"": 0.025234112807707564, ""min_take_profit_pct"": 0.008274263248578717, ""exposure_tp_sensitivity"": 0.2854250035404438, ""vol_tp_multiplier"": 4.764496975348725}",531279.0641446458,2001134.178068256,1362060.3762718784,1577649.851575342,0
2017-01-20,"{""base_buy_amount"": 758713.566231274, ""max_daily_buy_amount"": 1651480.6505054298, ""score_threshold"": -1.5788876805835002, ""score_scale"": 0.7995148562983017, ""w_drawdown"": 2.972168318782259, ""w_rsi"": 0.7308662209634914, ""w_ma_gap_25"": 4.1233209522817065, ""w_ret_5"": 1.5516733696203722, ""w_trend"": -2.136768402173144, ""w_vol"": 4.604852362437251, ""w_exposure"": 1.6553172273527816, ""w_unrealized_loss"": 2.8472008233793558, ""fixed_profit_yen"": 10219.829574026757, ""base_take_profit_pct"": 0.0052337217826299385, ""min_take_profit_pct"": 0.0011903321470279604, ""exposure_tp_sensitivity"": 0.049855868247834105, ""vol_tp_multiplier"": 0.8732073546792635}",1767237.1153522744,2650441.0653468254,797444.4134548558,968963.4865342465,0
2017-01-27,"{""base_buy_amount"": 654587.925002388, ""max_daily_buy_amount"": 1187584.984921411, ""score_threshold"": -1.4194789813398012, ""score_scale"": 4.757110041011428, ""w_drawdown"": 1.5067131625735897, ""w_rsi"": 2.8900860790377108, ""w_ma_gap_25"": 3.498879722945331, ""w_ret_5"": 3.2461657762265443, ""w_trend"": 2.643566458173111, ""w_vol"": 0.74219494960029, ""w_exposure"": 5.083527384469421, ""w_unrealized_loss"": 4.04034390740766, ""fixed_profit_yen"": 25285.93028568305, ""base_take_profit_pct"": 0.0053380907335368495, ""min_take_profit_pct"": 0.002206851488854888, ""exposure_tp_sensitivity"": 0.25026799120313165, ""vol_tp_multiplier"": 1.5235230188041564}",1896156.017738528,2519573.9563823636,637760.4319863012,609075.4453013698,0
2017-02-03,"{""base_buy_amount"": 758713.566231274, ""max_daily_buy_amount"": 1651480.6505054298, ""score_threshold"": -1.5788876805835002, ""score_scale"": 0.7995148562983017, ""w_drawdown"": 2.972168318782259, ""w_rsi"": 0.7308662209634914, ""w_ma_gap_25"": 4.1233209522817065, ""w_ret_5"": 1.5516733696203722, ""w_trend"": -2.136768402173144, ""w_vol"": 4.604852362437251, ""w_exposure"": 1.6553172273527816, ""w_unrealized_loss"": 2.8472008233793558, ""fixed_profit_yen"": 10219.829574026757, ""base_take_profit_pct"": 0.0052337217826299385, ""min_take_profit_pct"": 0.0011903321470279604, ""exposure_tp_sensitivity"": 0.049855868247834105, ""vol_tp_multiplier"": 0.8732073546792635}",1561278.518449062,2465403.519416709,812651.047428445,995598.9545068492,0
2017-02-10,"{""base_buy_amount"": 758713.566231274, ""max_daily_buy_amount"": 1651480.6505054298, ""score_threshold"": -1.5788876805835002, ""score_scale"": 0.7995148562983017, ""w_drawdown"": 2.972168318782259, ""w_rsi"": 0.7308662209634914, ""w_ma_gap_25"": 4.1233209522817065, ""w_ret_5"": 1.5516733696203722, ""w_trend"": -2.136768402173144, ""w_vol"": 4.604852362437251, ""w_exposure"": 1.6553172273527816, ""w_unrealized_loss"": 2.8472008233793558, ""fixed_profit_yen"": 10219.829574026757, ""base_take_profit_pct"": 0.0052337217826299385, ""min_take_profit_pct"": 0.0011903321470279604, ""exposure_tp_sensitivity"": 0.049855868247834105, ""vol_tp_multiplier"": 0.8732073546792635}",1462916.093941667,2319446.275382845,779539.2038686583,933521.1590136983,0
2017-02-17,"{""base_buy_amount"": 654587.925002388, ""max_daily_buy_amount"": 1187584.984921411, ""score_threshold"": -1.4194789813398012, ""score_scale"": 4.757110041011428, ""w_drawdown"": 1.5067131625735897, ""w_rsi"": 2.8900860790377108, ""w_ma_gap_25"": 3.498879722945331, ""w_ret_5"": 3.2461657762265443, ""w_trend"": 2.643566458173111, ""w_vol"": 0.74219494960029, ""w_exposure"": 5.083527384469421, ""w_unrealized_loss"": 4.04034390740766, ""fixed_profit_yen"": 25285.93028568305, ""base_take_profit_pct"": 0.0053380907335368495, ""min_take_profit_pct"": 0.002206851488854888, ""exposure_tp_sensitivity"": 0.25026799120313165, ""vol_tp_multiplier"": 1.5235230188041564}",1906784.9366721045,2452629.871305519,482614.42396545876,609075.4453013698,0
2017-02-24,"{""base_buy_amount"": 654587.925002388, ""max_daily_buy_amount"": 1187584.984921411, ""score_threshold"": -1.4194789813398012, ""score_scale"": 4.757110041011428, ""w_drawdown"": 1.5067131625735897, ""w_rsi"": 2.8900860790377108, ""w_ma_gap_25"": 3.498879722945331, ""w_ret_5"": 3.2461657762265443, ""w_trend"": 2.643566458173111, ""w_vol"": 0.74219494960029, ""w_exposure"": 5.083527384469421, ""w_unrealized_loss"": 4.04034390740766, ""fixed_profit_yen"": 25285.93028568305, ""base_take_profit_pct"": 0.0053380907335368495, ""min_take_profit_pct"": 0.002206851488854888, ""exposure_tp_sensitivity"": 0.25026799120313165, ""vol_tp_multiplier"": 1.5235230188041564}",1851753.4203777174,2397598.3550111316,482614.42396545876,609075.4453013698,0
2017-03-03,"{""base_buy_amount"": 654587.925002388, ""max_daily_buy_amount"": 1187584.984921411, ""score_threshold"": -1.4194789813398012, ""score_scale"": 4.757110041011428, ""w_drawdown"": 1.5067131625735897, ""w_rsi"": 2.8900860790377108, ""w_ma_gap_25"": 3.498879722945331, ""w_ret_5"": 3.2461657762265443, ""w_trend"": 2.643566458173111, ""w_vol"": 0.74219494960029, ""w_exposure"": 5.083527384469421, ""w_unrealized_loss"": 4.04034390740766, ""fixed_profit_yen"": 25285.93028568305, ""base_take_profit_pct"": 0.0053380907335368495, ""min_take_profit_pct"": 0.002206851488854888, ""exposure_tp_sensitivity"": 0.25026799120313165, ""vol_tp_multiplier"": 1.5235230188041564}",1971591.3797639557,2517436.3143973695,482614.4239654578,609075.4453013698,0
2017-03-10,"{""base_buy_amount"": 654587.925002388, ""max_daily_buy_amount"": 1187584.984921411, ""score_threshold"": -1.4194789813398012, ""score_scale"": 4.757110041011428, ""w_drawdown"": 1.5067131625735897, ""w_rsi"": 2.8900860790377108, ""w_ma_gap_25"": 3.498879722945331, ""w_ret_5"": 3.2461657762265443, ""w_trend"": 2.643566458173111, ""w_vol"": 0.74219494960029, ""w_exposure"": 5.083527384469421, ""w_unrealized_loss"": 4.04034390740766, ""fixed_profit_yen"": 25285.93028568305, ""base_take_profit_pct"": 0.0053380907335368495, ""min_take_profit_pct"": 0.002206851488854888, ""exposure_tp_sensitivity"": 0.25026799120313165, ""vol_tp_multiplier"": 1.5235230188041564}",1760877.8844804359,2306722.81911385,482614.42396545876,609075.4453013698,0
2017-03-17,"{""base_buy_amount"": 654587.925002388, ""max_daily_buy_amount"": 1187584.984921411, ""score_threshold"": -1.4194789813398012, ""score_scale"": 4.757110041011428, ""w_drawdown"": 1.5067131625735897, ""w_rsi"": 2.8900860790377108, ""w_ma_gap_25"": 3.498879722945331, ""w_ret_5"": 3.2461657762265443, ""w_trend"": 2.643566458173111, ""w_vol"": 0.74219494960029, ""w_exposure"": 5.083527384469421, ""w_unrealized_loss"": 4.04034390740766, ""fixed_profit_yen"": 25285.93028568305, ""base_take_profit_pct"": 0.0053380907335368495, ""min_take_profit_pct"": 0.002206851488854888, ""exposure_tp_sensitivity"": 0.25026799120313165, ""vol_tp_multiplier"": 1.5235230188041564}",1844654.2292246372,2390499.163858051,482614.4239654578,609075.4453013698,0
2017-03-27,"{""base_buy_amount"": 654587.925002388, ""max_daily_buy_amount"": 1187584.984921411, ""score_threshold"": -1.4194789813398012, ""score_scale"": 4.757110041011428, ""w_drawdown"": 1.5067131625735897, ""w_rsi"": 2.8900860790377108, ""w_ma_gap_25"": 3.498879722945331, ""w_ret_5"": 3.2461657762265443, ""w_trend"": 2.643566458173111, ""w_vol"": 0.74219494960029, ""w_exposure"": 5.083527384469421, ""w_unrealized_loss"": 4.04034390740766, ""fixed_profit_yen"": 25285.93028568305, ""base_take_profit_pct"": 0.0053380907335368495, ""min_take_profit_pct"": 0.002206851488854888, ""exposure_tp_sensitivity"": 0.25026799120313165, ""vol_tp_multiplier"": 1.5235230188041564}",1781931.489306829,2327776.4239402427,482614.4239654578,609075.4453013698,0
2017-04-03,"{""base_buy_amount"": 654587.925002388, ""max_daily_buy_amount"": 1187584.984921411, ""score_threshold"": -1.4194789813398012, ""score_scale"": 4.757110041011428, ""w_drawdown"": 1.5067131625735897, ""w_rsi"": 2.8900860790377108, ""w_ma_gap_25"": 3.498879722945331, ""w_ret_5"": 3.2461657762265443, ""w_trend"": 2.643566458173111, ""w_vol"": 0.74219494960029, ""w_exposure"": 5.083527384469421, ""w_unrealized_loss"": 4.04034390740766, ""fixed_profit_yen"": 25285.93028568305, ""base_take_profit_pct"": 0.0053380907335368495, ""min_take_profit_pct"": 0.002206851488854888, ""exposure_tp_sensitivity"": 0.25026799120313165, ""vol_tp_multiplier"": 1.5235230188041564}",1679979.9880389404,2225824.9226723546,482614.42396545876,609075.4453013698,0
2017-04-10,"{""base_buy_amount"": 654587.925002388, ""max_daily_buy_amount"": 1187584.984921411, ""score_threshold"": -1.4194789813398012, ""score_scale"": 4.757110041011428, ""w_drawdown"": 1.5067131625735897, ""w_rsi"": 2.8900860790377108, ""w_ma_gap_25"": 3.498879722945331, ""w_ret_5"": 3.2461657762265443, ""w_trend"": 2.643566458173111, ""w_vol"": 0.74219494960029, ""w_exposure"": 5.083527384469421, ""w_unrealized_loss"": 4.04034390740766, ""fixed_profit_yen"": 25285.93028568305, ""base_take_profit_pct"": 0.0053380907335368495, ""min_take_profit_pct"": 0.002206851488854888, ""exposure_tp_sensitivity"": 0.25026799120313165, ""vol_tp_multiplier"": 1.5235230188041564}",1482309.90424442,2028154.8388778341,482614.42396545876,609075.4453013698,0
2017-04-17,"{""base_buy_amount"": 960631.2525793731, ""max_daily_buy_amount"": 1016376.5301915105, ""score_threshold"": 1.1309409090011449, ""score_scale"": 0.8722849996509736, ""w_drawdown"": 2.4332916541908016, ""w_rsi"": 2.4535349717726045, ""w_ma_gap_25"": 4.689132274874915, ""w_ret_5"": 2.858640261880377, ""w_trend"": -0.15906359365827694, ""w_vol"": 1.334878315459468, ""w_exposure"": 3.315689973425522, ""w_unrealized_loss"": 5.206724024715378, ""fixed_profit_yen"": 23628.838634337193, ""base_take_profit_pct"": 0.002605138236649252, ""min_take_profit_pct"": 0.002605138236649252, ""exposure_tp_sensitivity"": 0.80654469465579, ""vol_tp_multiplier"": 0.7012454449930539}",937138.2898180803,1347914.0560621168,375244.9359401278,446306.5965479451,0
2017-04-24,"{""base_buy_amount"": 960631.2525793731, ""max_daily_buy_amount"": 1016376.5301915105, ""score_threshold"": 1.1309409090011449, ""score_scale"": 0.8722849996509736, ""w_drawdown"": 2.4332916541908016, ""w_rsi"": 2.4535349717726045, ""w_ma_gap_25"": 4.689132274874915, ""w_ret_5"": 2.858640261880377, ""w_trend"": -0.15906359365827694, ""w_vol"": 1.334878315459468, ""w_exposure"": 3.315689973425522, ""w_unrealized_loss"": 5.206724024715378, ""fixed_profit_yen"": 23628.838634337193, ""base_take_profit_pct"": 0.002605138236649252, ""min_take_profit_pct"": 0.002605138236649252, ""exposure_tp_sensitivity"": 0.80654469465579, ""vol_tp_multiplier"": 0.7012454449930539}",1038694.9297709287,1449470.6960149652,375244.9359401278,446306.5965479451,0
2017-05-01,"{""base_buy_amount"": 960631.2525793731, ""max_daily_buy_amount"": 1016376.5301915105, ""score_threshold"": 1.1309409090011449, ""score_scale"": 0.8722849996509736, ""w_drawdown"": 2.4332916541908016, ""w_rsi"": 2.4535349717726045, ""w_ma_gap_25"": 4.689132274874915, ""w_ret_5"": 2.858640261880377, ""w_trend"": -0.15906359365827694, ""w_vol"": 1.334878315459468, ""w_exposure"": 3.315689973425522, ""w_unrealized_loss"": 5.206724024715378, ""fixed_profit_yen"": 23628.838634337193, ""base_take_profit_pct"": 0.002605138236649252, ""min_take_profit_pct"": 0.002605138236649252, ""exposure_tp_sensitivity"": 0.80654469465579, ""vol_tp_multiplier"": 0.7012454449930539}",1304053.3766766593,1714829.1429206962,375244.93594012875,446306.5965479451,0
2017-05-11,"{""base_buy_amount"": 960631.2525793731, ""max_daily_buy_amount"": 1016376.5301915105, ""score_threshold"": 1.1309409090011449, ""score_scale"": 0.8722849996509736, ""w_drawdown"": 2.4332916541908016, ""w_rsi"": 2.4535349717726045, ""w_ma_gap_25"": 4.689132274874915, ""w_ret_5"": 2.858640261880377, ""w_trend"": -0.15906359365827694, ""w_vol"": 1.334878315459468, ""w_exposure"": 3.315689973425522, ""w_unrealized_loss"": 5.206724024715378, ""fixed_profit_yen"": 23628.838634337193, ""base_take_profit_pct"": 0.002605138236649252, ""min_take_profit_pct"": 0.002605138236649252, ""exposure_tp_sensitivity"": 0.80654469465579, ""vol_tp_multiplier"": 0.7012454449930539}",1328937.7690058597,1739713.5352498966,375244.93594012875,446306.5965479451,0
2017-05-18,"{""base_buy_amount"": 960631.2525793731, ""max_daily_buy_amount"": 1016376.5301915105, ""score_threshold"": 1.1309409090011449, ""score_scale"": 0.8722849996509736, ""w_drawdown"": 2.4332916541908016, ""w_rsi"": 2.4535349717726045, ""w_ma_gap_25"": 4.689132274874915, ""w_ret_5"": 2.858640261880377, ""w_trend"": -0.15906359365827694, ""w_vol"": 1.334878315459468, ""w_exposure"": 3.315689973425522, ""w_unrealized_loss"": 5.206724024715378, ""fixed_profit_yen"": 23628.838634337193, ""base_take_profit_pct"": 0.002605138236649252, ""min_take_profit_pct"": 0.002605138236649252, ""exposure_tp_sensitivity"": 0.80654469465579, ""vol_tp_multiplier"": 0.7012454449930539}",1181790.0979563924,1592565.8642004288,375244.9359401278,446306.5965479451,0
2017-05-25,"{""base_buy_amount"": 960631.2525793731, ""max_daily_buy_amount"": 1016376.5301915105, ""score_threshold"": 1.1309409090011449, ""score_scale"": 0.8722849996509736, ""w_drawdown"": 2.4332916541908016, ""w_rsi"": 2.4535349717726045, ""w_ma_gap_25"": 4.689132274874915, ""w_ret_5"": 2.858640261880377, ""w_trend"": -0.15906359365827694, ""w_vol"": 1.334878315459468, ""w_exposure"": 3.315689973425522, ""w_unrealized_loss"": 5.206724024715378, ""fixed_profit_yen"": 23628.838634337193, ""base_take_profit_pct"": 0.002605138236649252, ""min_take_profit_pct"": 0.002605138236649252, ""exposure_tp_sensitivity"": 0.80654469465579, ""vol_tp_multiplier"": 0.7012454449930539}",1152931.4612794167,1563707.2275234535,375244.93594012875,446306.5965479451,0
2017-06-01,"{""base_buy_amount"": 960631.2525793731, ""max_daily_buy_amount"": 1016376.5301915105, ""score_threshold"": 1.1309409090011449, ""score_scale"": 0.8722849996509736, ""w_drawdown"": 2.4332916541908016, ""w_rsi"": 2.4535349717726045, ""w_ma_gap_25"": 4.689132274874915, ""w_ret_5"": 2.858640261880377, ""w_trend"": -0.15906359365827694, ""w_vol"": 1.334878315459468, ""w_exposure"": 3.315689973425522, ""w_unrealized_loss"": 5.206724024715378, ""fixed_profit_yen"": 23628.838634337193, ""base_take_profit_pct"": 0.002605138236649252, ""min_take_profit_pct"": 0.002605138236649252, ""exposure_tp_sensitivity"": 0.80654469465579, ""vol_tp_multiplier"": 0.7012454449930539}",1129713.577834942,1540489.3440789788,375244.93594012875,446306.5965479451,0
2017-06-08,"{""base_buy_amount"": 960631.2525793731, ""max_daily_buy_amount"": 1016376.5301915105, ""score_threshold"": 1.1309409090011449, ""score_scale"": 0.8722849996509736, ""w_drawdown"": 2.4332916541908016, ""w_rsi"": 2.4535349717726045, ""w_ma_gap_25"": 4.689132274874915, ""w_ret_5"": 2.858640261880377, ""w_trend"": -0.15906359365827694, ""w_vol"": 1.334878315459468, ""w_exposure"": 3.315689973425522, ""w_unrealized_loss"": 5.206724024715378, ""fixed_profit_yen"": 23628.838634337193, ""base_take_profit_pct"": 0.002605138236649252, ""min_take_profit_pct"": 0.002605138236649252, ""exposure_tp_sensitivity"": 0.80654469465579, ""vol_tp_multiplier"": 0.7012454449930539}",1120511.385781271,1531287.1520253078,375244.93594012875,446306.5965479451,0
2017-06-15,"{""base_buy_amount"": 811407.7203164445, ""max_daily_buy_amount"": 553250.3591920381, ""score_threshold"": 1.3976353716922918, ""score_scale"": 0.7575437306896717, ""w_drawdown"": 4.004819268208381, ""w_rsi"": 4.638977150861402, ""w_ma_gap_25"": 3.8605419955219027, ""w_ret_5"": 3.4906039198931857, ""w_trend"": 2.0278813119322985, ""w_vol"": 0.2007564977353321, ""w_exposure"": 2.017821107190554, ""w_unrealized_loss"": 1.2492367930564308, ""fixed_profit_yen"": 26712.95653907037, ""base_take_profit_pct"": 0.022865267593207644, ""min_take_profit_pct"": 0.006670106601187589, ""exposure_tp_sensitivity"": 0.7660179897857415, ""vol_tp_multiplier"": 0.7760649622054544}",1096243.0029652154,2200144.8575990135,708757.1268018428,699046.5824657533,0
2017-06-22,"{""base_buy_amount"": 758713.566231274, ""max_daily_buy_amount"": 1651480.6505054298, ""score_threshold"": -1.5788876805835002, ""score_scale"": 0.7995148562983017, ""w_drawdown"": 2.972168318782259, ""w_rsi"": 0.7308662209634914, ""w_ma_gap_25"": 4.1233209522817065, ""w_ret_5"": 1.5516733696203722, ""w_trend"": -2.136768402173144, ""w_vol"": 4.604852362437251, ""w_exposure"": 1.6553172273527816, ""w_unrealized_loss"": 2.8472008233793558, ""fixed_profit_yen"": 10219.829574026757, ""base_take_profit_pct"": 0.0052337217826299385, ""min_take_profit_pct"": 0.0011903321470279604, ""exposure_tp_sensitivity"": 0.049855868247834105, ""vol_tp_multiplier"": 0.8732073546792635}",1275543.3385389831,1571774.9598981175,300446.36170457024,292016.8810136986,0
2017-06-29,"{""base_buy_amount"": 758713.566231274, ""max_daily_buy_amount"": 1651480.6505054298, ""score_threshold"": -1.5788876805835002, ""score_scale"": 0.7995148562983017, ""w_drawdown"": 2.972168318782259, ""w_rsi"": 0.7308662209634914, ""w_ma_gap_25"": 4.1233209522817065, ""w_ret_5"": 1.5516733696203722, ""w_trend"": -2.136768402173144, ""w_vol"": 4.604852362437251, ""w_exposure"": 1.6553172273527816, ""w_unrealized_loss"": 2.8472008233793558, ""fixed_profit_yen"": 10219.829574026757, ""base_take_profit_pct"": 0.0052337217826299385, ""min_take_profit_pct"": 0.0011903321470279604, ""exposure_tp_sensitivity"": 0.049855868247834105, ""vol_tp_multiplier"": 0.8732073546792635}",1209590.7636816541,1505822.3850407884,300446.36170457024,292016.8810136986,0
2017-07-06,"{""base_buy_amount"": 758713.566231274, ""max_daily_buy_amount"": 1651480.6505054298, ""score_threshold"": -1.5788876805835002, ""score_scale"": 0.7995148562983017, ""w_drawdown"": 2.972168318782259, ""w_rsi"": 0.7308662209634914, ""w_ma_gap_25"": 4.1233209522817065, ""w_ret_5"": 1.5516733696203722, ""w_trend"": -2.136768402173144, ""w_vol"": 4.604852362437251, ""w_exposure"": 1.6553172273527816, ""w_unrealized_loss"": 2.8472008233793558, ""fixed_profit_yen"": 10219.829574026757, ""base_take_profit_pct"": 0.0052337217826299385, ""min_take_profit_pct"": 0.0011903321470279604, ""exposure_tp_sensitivity"": 0.049855868247834105, ""vol_tp_multiplier"": 0.8732073546792635}",1096104.561318488,1392336.1826776224,300446.36170457024,292016.8810136986,0
2017-07-13,"{""base_buy_amount"": 758713.566231274, ""max_daily_buy_amount"": 1651480.6505054298, ""score_threshold"": -1.5788876805835002, ""score_scale"": 0.7995148562983017, ""w_drawdown"": 2.972168318782259, ""w_rsi"": 0.7308662209634914, ""w_ma_gap_25"": 4.1233209522817065, ""w_ret_5"": 1.5516733696203722, ""w_trend"": -2.136768402173144, ""w_vol"": 4.604852362437251, ""w_exposure"": 1.6553172273527816, ""w_unrealized_loss"": 2.8472008233793558, ""fixed_profit_yen"": 10219.829574026757, ""base_take_profit_pct"": 0.0052337217826299385, ""min_take_profit_pct"": 0.0011903321470279604, ""exposure_tp_sensitivity"": 0.049855868247834105, ""vol_tp_multiplier"": 0.8732073546792635}",959305.6830260066,1255537.304385141,300446.36170457024,292016.8810136986,0
2017-07-21,"{""base_buy_amount"": 496078.02071201755, ""max_daily_buy_amount"": 459995.58226014284, ""score_threshold"": -1.4803139786581134, ""score_scale"": 2.640672168016702, ""w_drawdown"": 1.1345467452544207, ""w_rsi"": 3.3490699734125515, ""w_ma_gap_25"": 2.1857595943616537, ""w_ret_5"": 4.163390980289187, ""w_trend"": 1.2015906120134945, ""w_vol"": 1.5618332069102054, ""w_exposure"": 8.32259801395201, ""w_unrealized_loss"": 8.047643574968019, ""fixed_profit_yen"": 21211.4838144182, ""base_take_profit_pct"": 0.010073186910046834, ""min_take_profit_pct"": 0.00714245953577478, ""exposure_tp_sensitivity"": 0.12577723524837883, ""vol_tp_multiplier"": 0.9995410123755416}",786875.1085100707,1187408.01822655,398080.75754254777,402985.0618904107,0
2017-07-28,"{""base_buy_amount"": 496078.02071201755, ""max_daily_buy_amount"": 459995.58226014284, ""score_threshold"": -1.4803139786581134, ""score_scale"": 2.640672168016702, ""w_drawdown"": 1.1345467452544207, ""w_rsi"": 3.3490699734125515, ""w_ma_gap_25"": 2.1857595943616537, ""w_ret_5"": 4.163390980289187, ""w_trend"": 1.2015906120134945, ""w_vol"": 1.5618332069102054, ""w_exposure"": 8.32259801395201, ""w_unrealized_loss"": 8.047643574968019, ""fixed_profit_yen"": 21211.4838144182, ""base_take_profit_pct"": 0.010073186910046834, ""min_take_profit_pct"": 0.00714245953577478, ""exposure_tp_sensitivity"": 0.12577723524837883, ""vol_tp_multiplier"": 0.9995410123755416}",764227.4595834096,1164760.3692998888,398080.75754254777,402985.0618904107,0
2017-08-04,"{""base_buy_amount"": 496078.02071201755, ""max_daily_buy_amount"": 459995.58226014284, ""score_threshold"": -1.4803139786581134, ""score_scale"": 2.640672168016702, ""w_drawdown"": 1.1345467452544207, ""w_rsi"": 3.3490699734125515, ""w_ma_gap_25"": 2.1857595943616537, ""w_ret_5"": 4.163390980289187, ""w_trend"": 1.2015906120134945, ""w_vol"": 1.5618332069102054, ""w_exposure"": 8.32259801395201, ""w_unrealized_loss"": 8.047643574968019, ""fixed_profit_yen"": 21211.4838144182, ""base_take_profit_pct"": 0.010073186910046834, ""min_take_profit_pct"": 0.00714245953577478, ""exposure_tp_sensitivity"": 0.12577723524837883, ""vol_tp_multiplier"": 0.9995410123755416}",738380.6882140276,1138913.5979305059,398080.7575425459,402985.0618904107,0
2017-08-14,"{""base_buy_amount"": 496078.02071201755, ""max_daily_buy_amount"": 459995.58226014284, ""score_threshold"": -1.4803139786581134, ""score_scale"": 2.640672168016702, ""w_drawdown"": 1.1345467452544207, ""w_rsi"": 3.3490699734125515, ""w_ma_gap_25"": 2.1857595943616537, ""w_ret_5"": 4.163390980289187, ""w_trend"": 1.2015906120134945, ""w_vol"": 1.5618332069102054, ""w_exposure"": 8.32259801395201, ""w_unrealized_loss"": 8.047643574968019, ""fixed_profit_yen"": 21211.4838144182, ""base_take_profit_pct"": 0.010073186910046834, ""min_take_profit_pct"": 0.00714245953577478, ""exposure_tp_sensitivity"": 0.12577723524837883, ""vol_tp_multiplier"": 0.9995410123755416}",610601.726177042,1011134.6358935203,398080.7575425459,402985.0618904107,0
2017-08-21,"{""base_buy_amount"": 496078.02071201755, ""max_daily_buy_amount"": 459995.58226014284, ""score_threshold"": -1.4803139786581134, ""score_scale"": 2.640672168016702, ""w_drawdown"": 1.1345467452544207, ""w_rsi"": 3.3490699734125515, ""w_ma_gap_25"": 2.1857595943616537, ""w_ret_5"": 4.163390980289187, ""w_trend"": 1.2015906120134945, ""w_vol"": 1.5618332069102054, ""w_exposure"": 8.32259801395201, ""w_unrealized_loss"": 8.047643574968019, ""fixed_profit_yen"": 21211.4838144182, ""base_take_profit_pct"": 0.010073186910046834, ""min_take_profit_pct"": 0.00714245953577478, ""exposure_tp_sensitivity"": 0.12577723524837883, ""vol_tp_multiplier"": 0.9995410123755416}",435927.8021022228,836460.7118187016,398080.75754254684,402985.0618904107,0
2017-08-28,"{""base_buy_amount"": 496078.02071201755, ""max_daily_buy_amount"": 459995.58226014284, ""score_threshold"": -1.4803139786581134, ""score_scale"": 2.640672168016702, ""w_drawdown"": 1.1345467452544207, ""w_rsi"": 3.3490699734125515, ""w_ma_gap_25"": 2.1857595943616537, ""w_ret_5"": 4.163390980289187, ""w_trend"": 1.2015906120134945, ""w_vol"": 1.5618332069102054, ""w_exposure"": 8.32259801395201, ""w_unrealized_loss"": 8.047643574968019, ""fixed_profit_yen"": 21211.4838144182, ""base_take_profit_pct"": 0.010073186910046834, ""min_take_profit_pct"": 0.00714245953577478, ""exposure_tp_sensitivity"": 0.12577723524837883, ""vol_tp_multiplier"": 0.9995410123755416}",420259.26094872155,820792.1706652003,398080.75754254684,402985.0618904107,0
2017-09-04,"{""base_buy_amount"": 496078.02071201755, ""max_daily_buy_amount"": 459995.58226014284, ""score_threshold"": -1.4803139786581134, ""score_scale"": 2.640672168016702, ""w_drawdown"": 1.1345467452544207, ""w_rsi"": 3.3490699734125515, ""w_ma_gap_25"": 2.1857595943616537, ""w_ret_5"": 4.163390980289187, ""w_trend"": 1.2015906120134945, ""w_vol"": 1.5618332069102054, ""w_exposure"": 8.32259801395201, ""w_unrealized_loss"": 8.047643574968019, ""fixed_profit_yen"": 21211.4838144182, ""base_take_profit_pct"": 0.010073186910046834, ""min_take_profit_pct"": 0.00714245953577478, ""exposure_tp_sensitivity"": 0.12577723524837883, ""vol_tp_multiplier"": 0.9995410123755416}",519782.4755577006,920315.3852741794,398080.75754254684,402985.0618904107,0
2017-09-11,"{""base_buy_amount"": 960631.2525793731, ""max_daily_buy_amount"": 1016376.5301915105, ""score_threshold"": 1.1309409090011449, ""score_scale"": 0.8722849996509736, ""w_drawdown"": 2.4332916541908016, ""w_rsi"": 2.4535349717726045, ""w_ma_gap_25"": 4.689132274874915, ""w_ret_5"": 2.858640261880377, ""w_trend"": -0.15906359365827694, ""w_vol"": 1.334878315459468, ""w_exposure"": 3.315689973425522, ""w_unrealized_loss"": 5.206724024715378, ""fixed_profit_yen"": 23628.838634337193, ""base_take_profit_pct"": 0.002605138236649252, ""min_take_profit_pct"": 0.002605138236649252, ""exposure_tp_sensitivity"": 0.80654469465579, ""vol_tp_multiplier"": 0.7012454449930539}",279191.9876870594,653658.2143694524,375244.93594012875,373687.51742465736,0
2017-09-19,"{""base_buy_amount"": 496078.02071201755, ""max_daily_buy_amount"": 459995.58226014284, ""score_threshold"": -1.4803139786581134, ""score_scale"": 2.640672168016702, ""w_drawdown"": 1.1345467452544207, ""w_rsi"": 3.3490699734125515, ""w_ma_gap_25"": 2.1857595943616537, ""w_ret_5"": 4.163390980289187, ""w_trend"": 1.2015906120134945, ""w_vol"": 1.5618332069102054, ""w_exposure"": 8.32259801395201, ""w_unrealized_loss"": 8.047643574968019, ""fixed_profit_yen"": 21211.4838144182, ""base_take_profit_pct"": 0.010073186910046834, ""min_take_profit_pct"": 0.00714245953577478, ""exposure_tp_sensitivity"": 0.12577723524837883, ""vol_tp_multiplier"": 0.9995410123755416}",611779.6895565975,1012805.1561429398,398080.75754254777,403970.1756301368,0
2017-09-26,"{""base_buy_amount"": 496078.02071201755, ""max_daily_buy_amount"": 459995.58226014284, ""score_threshold"": -1.4803139786581134, ""score_scale"": 2.640672168016702, ""w_drawdown"": 1.1345467452544207, ""w_rsi"": 3.3490699734125515, ""w_ma_gap_25"": 2.1857595943616537, ""w_ret_5"": 4.163390980289187, ""w_trend"": 1.2015906120134945, ""w_vol"": 1.5618332069102054, ""w_exposure"": 8.32259801395201, ""w_unrealized_loss"": 8.047643574968019, ""fixed_profit_yen"": 21211.4838144182, ""base_take_profit_pct"": 0.010073186910046834, ""min_take_profit_pct"": 0.00714245953577478, ""exposure_tp_sensitivity"": 0.12577723524837883, ""vol_tp_multiplier"": 0.9995410123755416}",782849.0797909221,1183874.5463772644,398080.75754254777,403970.1756301368,0
2017-10-03,"{""base_buy_amount"": 496078.02071201755, ""max_daily_buy_amount"": 459995.58226014284, ""score_threshold"": -1.4803139786581134, ""score_scale"": 2.640672168016702, ""w_drawdown"": 1.1345467452544207, ""w_rsi"": 3.3490699734125515, ""w_ma_gap_25"": 2.1857595943616537, ""w_ret_5"": 4.163390980289187, ""w_trend"": 1.2015906120134945, ""w_vol"": 1.5618332069102054, ""w_exposure"": 8.32259801395201, ""w_unrealized_loss"": 8.047643574968019, ""fixed_profit_yen"": 21211.4838144182, ""base_take_profit_pct"": 0.010073186910046834, ""min_take_profit_pct"": 0.00714245953577478, ""exposure_tp_sensitivity"": 0.12577723524837883, ""vol_tp_multiplier"": 0.9995410123755416}",731009.8671905482,1132035.33377689,398080.75754254684,403970.1756301368,0
2017-10-11,"{""base_buy_amount"": 496078.02071201755, ""max_daily_buy_amount"": 459995.58226014284, ""score_threshold"": -1.4803139786581134, ""score_scale"": 2.640672168016702, ""w_drawdown"": 1.1345467452544207, ""w_rsi"": 3.3490699734125515, ""w_ma_gap_25"": 2.1857595943616537, ""w_ret_5"": 4.163390980289187, ""w_trend"": 1.2015906120134945, ""w_vol"": 1.5618332069102054, ""w_exposure"": 8.32259801395201, ""w_unrealized_loss"": 8.047643574968019, ""fixed_profit_yen"": 21211.4838144182, ""base_take_profit_pct"": 0.010073186910046834, ""min_take_profit_pct"": 0.00714245953577478, ""exposure_tp_sensitivity"": 0.12577723524837883, ""vol_tp_multiplier"": 0.9995410123755416}",691829.6754631225,1092855.142049464,398080.7575425459,403970.1756301368,0
2017-10-18,"{""base_buy_amount"": 496078.02071201755, ""max_daily_buy_amount"": 459995.58226014284, ""score_threshold"": -1.4803139786581134, ""score_scale"": 2.640672168016702, ""w_drawdown"": 1.1345467452544207, ""w_rsi"": 3.3490699734125515, ""w_ma_gap_25"": 2.1857595943616537, ""w_ret_5"": 4.163390980289187, ""w_trend"": 1.2015906120134945, ""w_vol"": 1.5618332069102054, ""w_exposure"": 8.32259801395201, ""w_unrealized_loss"": 8.047643574968019, ""fixed_profit_yen"": 21211.4838144182, ""base_take_profit_pct"": 0.010073186910046834, ""min_take_profit_pct"": 0.00714245953577478, ""exposure_tp_sensitivity"": 0.12577723524837883, ""vol_tp_multiplier"": 0.9995410123755416}",680449.8067140293,1081475.2733003711,398080.75754254684,403970.1756301368,0
2017-10-25,"{""base_buy_amount"": 496078.02071201755, ""max_daily_buy_amount"": 459995.58226014284, ""score_threshold"": -1.4803139786581134, ""score_scale"": 2.640672168016702, ""w_drawdown"": 1.1345467452544207, ""w_rsi"": 3.3490699734125515, ""w_ma_gap_25"": 2.1857595943616537, ""w_ret_5"": 4.163390980289187, ""w_trend"": 1.2015906120134945, ""w_vol"": 1.5618332069102054, ""w_exposure"": 8.32259801395201, ""w_unrealized_loss"": 8.047643574968019, ""fixed_profit_yen"": 21211.4838144182, ""base_take_profit_pct"": 0.010073186910046834, ""min_take_profit_pct"": 0.00714245953577478, ""exposure_tp_sensitivity"": 0.12577723524837883, ""vol_tp_multiplier"": 0.9995410123755416}",647170.4397365892,1048195.906322931,398080.75754254684,403970.1756301368,0
2017-11-01,"{""base_buy_amount"": 496078.02071201755, ""max_daily_buy_amount"": 459995.58226014284, ""score_threshold"": -1.4803139786581134, ""score_scale"": 2.640672168016702, ""w_drawdown"": 1.1345467452544207, ""w_rsi"": 3.3490699734125515, ""w_ma_gap_25"": 2.1857595943616537, ""w_ret_5"": 4.163390980289187, ""w_trend"": 1.2015906120134945, ""w_vol"": 1.5618332069102054, ""w_exposure"": 8.32259801395201, ""w_unrealized_loss"": 8.047643574968019, ""fixed_profit_yen"": 21211.4838144182, ""base_take_profit_pct"": 0.010073186910046834, ""min_take_profit_pct"": 0.00714245953577478, ""exposure_tp_sensitivity"": 0.12577723524837883, ""vol_tp_multiplier"": 0.9995410123755416}",633505.4441308801,1034530.9107172214,398080.7575425459,403970.1756301368,0
2017-11-09,"{""base_buy_amount"": 496078.02071201755, ""max_daily_buy_amount"": 459995.58226014284, ""score_threshold"": -1.4803139786581134, ""score_scale"": 2.640672168016702, ""w_drawdown"": 1.1345467452544207, ""w_rsi"": 3.3490699734125515, ""w_ma_gap_25"": 2.1857595943616537, ""w_ret_5"": 4.163390980289187, ""w_trend"": 1.2015906120134945, ""w_vol"": 1.5618332069102054, ""w_exposure"": 8.32259801395201, ""w_unrealized_loss"": 8.047643574968019, ""fixed_profit_yen"": 21211.4838144182, ""base_take_profit_pct"": 0.010073186910046834, ""min_take_profit_pct"": 0.00714245953577478, ""exposure_tp_sensitivity"": 0.12577723524837883, ""vol_tp_multiplier"": 0.9995410123755416}",629385.703953653,1030411.1705399948,398080.75754254684,403970.1756301368,0
2017-11-16,"{""base_buy_amount"": 496078.02071201755, ""max_daily_buy_amount"": 459995.58226014284, ""score_threshold"": -1.4803139786581134, ""score_scale"": 2.640672168016702, ""w_drawdown"": 1.1345467452544207, ""w_rsi"": 3.3490699734125515, ""w_ma_gap_25"": 2.1857595943616537, ""w_ret_5"": 4.163390980289187, ""w_trend"": 1.2015906120134945, ""w_vol"": 1.5618332069102054, ""w_exposure"": 8.32259801395201, ""w_unrealized_loss"": 8.047643574968019, ""fixed_profit_yen"": 21211.4838144182, ""base_take_profit_pct"": 0.010073186910046834, ""min_take_profit_pct"": 0.00714245953577478, ""exposure_tp_sensitivity"": 0.12577723524837883, ""vol_tp_multiplier"": 0.9995410123755416}",527120.8065485707,928146.2731349126,398080.75754254684,403970.1756301368,0
2017-11-24,"{""base_buy_amount"": 496078.02071201755, ""max_daily_buy_amount"": 459995.58226014284, ""score_threshold"": -1.4803139786581134, ""score_scale"": 2.640672168016702, ""w_drawdown"": 1.1345467452544207, ""w_rsi"": 3.3490699734125515, ""w_ma_gap_25"": 2.1857595943616537, ""w_ret_5"": 4.163390980289187, ""w_trend"": 1.2015906120134945, ""w_vol"": 1.5618332069102054, ""w_exposure"": 8.32259801395201, ""w_unrealized_loss"": 8.047643574968019, ""fixed_profit_yen"": 21211.4838144182, ""base_take_profit_pct"": 0.010073186910046834, ""min_take_profit_pct"": 0.00714245953577478, ""exposure_tp_sensitivity"": 0.12577723524837883, ""vol_tp_multiplier"": 0.9995410123755416}",582459.4903447796,983484.9569311214,398080.75754254684,403970.1756301368,0
2017-12-01,"{""base_buy_amount"": 496078.02071201755, ""max_daily_buy_amount"": 459995.58226014284, ""score_threshold"": -1.4803139786581134, ""score_scale"": 2.640672168016702, ""w_drawdown"": 1.1345467452544207, ""w_rsi"": 3.3490699734125515, ""w_ma_gap_25"": 2.1857595943616537, ""w_ret_5"": 4.163390980289187, ""w_trend"": 1.2015906120134945, ""w_vol"": 1.5618332069102054, ""w_exposure"": 8.32259801395201, ""w_unrealized_loss"": 8.047643574968019, ""fixed_profit_yen"": 21211.4838144182, ""base_take_profit_pct"": 0.010073186910046834, ""min_take_profit_pct"": 0.00714245953577478, ""exposure_tp_sensitivity"": 0.12577723524837883, ""vol_tp_multiplier"": 0.9995410123755416}",596500.802205457,997526.2687917989,398080.75754254684,403970.1756301368,0
2017-12-08,"{""base_buy_amount"": 496078.02071201755, ""max_daily_buy_amount"": 459995.58226014284, ""score_threshold"": -1.4803139786581134, ""score_scale"": 2.640672168016702, ""w_drawdown"": 1.1345467452544207, ""w_rsi"": 3.3490699734125515, ""w_ma_gap_25"": 2.1857595943616537, ""w_ret_5"": 4.163390980289187, ""w_trend"": 1.2015906120134945, ""w_vol"": 1.5618332069102054, ""w_exposure"": 8.32259801395201, ""w_unrealized_loss"": 8.047643574968019, ""fixed_profit_yen"": 21211.4838144182, ""base_take_profit_pct"": 0.010073186910046834, ""min_take_profit_pct"": 0.00714245953577478, ""exposure_tp_sensitivity"": 0.12577723524837883, ""vol_tp_multiplier"": 0.9995410123755416}",592743.8143185686,993769.2809049104,398080.75754254684,403970.1756301368,0
2017-12-15,"{""base_buy_amount"": 496078.02071201755, ""max_daily_buy_amount"": 459995.58226014284, ""score_threshold"": -1.4803139786581134, ""score_scale"": 2.640672168016702, ""w_drawdown"": 1.1345467452544207, ""w_rsi"": 3.3490699734125515, ""w_ma_gap_25"": 2.1857595943616537, ""w_ret_5"": 4.163390980289187, ""w_trend"": 1.2015906120134945, ""w_vol"": 1.5618332069102054, ""w_exposure"": 8.32259801395201, ""w_unrealized_loss"": 8.047643574968019, ""fixed_profit_yen"": 21211.4838144182, ""base_take_profit_pct"": 0.010073186910046834, ""min_take_profit_pct"": 0.00714245953577478, ""exposure_tp_sensitivity"": 0.12577723524837883, ""vol_tp_multiplier"": 0.9995410123755416}",625257.0127424288,1026282.4793287707,398080.75754254684,403970.1756301368,0
2017-12-22,"{""base_buy_amount"": 496078.02071201755, ""max_daily_buy_amount"": 459995.58226014284, ""score_threshold"": -1.4803139786581134, ""score_scale"": 2.640672168016702, ""w_drawdown"": 1.1345467452544207, ""w_rsi"": 3.3490699734125515, ""w_ma_gap_25"": 2.1857595943616537, ""w_ret_5"": 4.163390980289187, ""w_trend"": 1.2015906120134945, ""w_vol"": 1.5618332069102054, ""w_exposure"": 8.32259801395201, ""w_unrealized_loss"": 8.047643574968019, ""fixed_profit_yen"": 21211.4838144182, ""base_take_profit_pct"": 0.010073186910046834, ""min_take_profit_pct"": 0.00714245953577478, ""exposure_tp_sensitivity"": 0.12577723524837883, ""vol_tp_multiplier"": 0.9995410123755416}",642474.3175351396,1043499.784121481,398080.7575425459,403970.1756301368,0
2017-12-29,"{""base_buy_amount"": 496078.02071201755, ""max_daily_buy_amount"": 459995.58226014284, ""score_threshold"": -1.4803139786581134, ""score_scale"": 2.640672168016702, ""w_drawdown"": 1.1345467452544207, ""w_rsi"": 3.3490699734125515, ""w_ma_gap_25"": 2.1857595943616537, ""w_ret_5"": 4.163390980289187, ""w_trend"": 1.2015906120134945, ""w_vol"": 1.5618332069102054, ""w_exposure"": 8.32259801395201, ""w_unrealized_loss"": 8.047643574968019, ""fixed_profit_yen"": 21211.4838144182, ""base_take_profit_pct"": 0.010073186910046834, ""min_take_profit_pct"": 0.00714245953577478, ""exposure_tp_sensitivity"": 0.12577723524837883, ""vol_tp_multiplier"": 0.9995410123755416}",629655.4021360603,1030669.2340188824,398057.48813550733,403970.1756301368,0
2018-01-11,"{""base_buy_amount"": 496078.02071201755, ""max_daily_buy_amount"": 459995.58226014284, ""score_threshold"": -1.4803139786581134, ""score_scale"": 2.640672168016702, ""w_drawdown"": 1.1345467452544207, ""w_rsi"": 3.3490699734125515, ""w_ma_gap_25"": 2.1857595943616537, ""w_ret_5"": 4.163390980289187, ""w_trend"": 1.2015906120134945, ""w_vol"": 1.5618332069102054, ""w_exposure"": 8.32259801395201, ""w_unrealized_loss"": 8.047643574968019, ""fixed_profit_yen"": 21211.4838144182, ""base_take_profit_pct"": 0.010073186910046834, ""min_take_profit_pct"": 0.00714245953577478, ""exposure_tp_sensitivity"": 0.12577723524837883, ""vol_tp_multiplier"": 0.9995410123755416}",750596.0541530878,1153396.175204127,399877.81647194177,405722.42563013674,0
2018-01-18,"{""base_buy_amount"": 496078.02071201755, ""max_daily_buy_amount"": 459995.58226014284, ""score_threshold"": -1.4803139786581134, ""score_scale"": 2.640672168016702, ""w_drawdown"": 1.1345467452544207, ""w_rsi"": 3.3490699734125515, ""w_ma_gap_25"": 2.1857595943616537, ""w_ret_5"": 4.163390980289187, ""w_trend"": 1.2015906120134945, ""w_vol"": 1.5618332069102054, ""w_exposure"": 8.32259801395201, ""w_unrealized_loss"": 8.047643574968019, ""fixed_profit_yen"": 21211.4838144182, ""base_take_profit_pct"": 0.010073186910046834, ""min_take_profit_pct"": 0.00714245953577478, ""exposure_tp_sensitivity"": 0.12577723524837883, ""vol_tp_multiplier"": 0.9995410123755416}",793324.8571919093,1193259.0894804122,395898.28894686885,403970.1756301368,0
2018-01-25,"{""base_buy_amount"": 496078.02071201755, ""max_daily_buy_amount"": 459995.58226014284, ""score_threshold"": -1.4803139786581134, ""score_scale"": 2.640672168016702, ""w_drawdown"": 1.1345467452544207, ""w_rsi"": 3.3490699734125515, ""w_ma_gap_25"": 2.1857595943616537, ""w_ret_5"": 4.163390980289187, ""w_trend"": 1.2015906120134945, ""w_vol"": 1.5618332069102054, ""w_exposure"": 8.32259801395201, ""w_unrealized_loss"": 8.047643574968019, ""fixed_profit_yen"": 21211.4838144182, ""base_take_profit_pct"": 0.010073186910046834, ""min_take_profit_pct"": 0.00714245953577478, ""exposure_tp_sensitivity"": 0.12577723524837883, ""vol_tp_multiplier"": 0.9995410123755416}",763091.08665641,1163370.8045930574,396589.26024315786,403970.1756301368,0
2018-02-01,"{""base_buy_amount"": 496078.02071201755, ""max_daily_buy_amount"": 459995.58226014284, ""score_threshold"": -1.4803139786581134, ""score_scale"": 2.640672168016702, ""w_drawdown"": 1.1345467452544207, ""w_rsi"": 3.3490699734125515, ""w_ma_gap_25"": 2.1857595943616537, ""w_ret_5"": 4.163390980289187, ""w_trend"": 1.2015906120134945, ""w_vol"": 1.5618332069102054, ""w_exposure"": 8.32259801395201, ""w_unrealized_loss"": 8.047643574968019, ""fixed_profit_yen"": 21211.4838144182, ""base_take_profit_pct"": 0.010073186910046834, ""min_take_profit_pct"": 0.00714245953577478, ""exposure_tp_sensitivity"": 0.12577723524837883, ""vol_tp_multiplier"": 0.9995410123755416}",564119.7937403764,967536.5669654331,400113.8096829904,406719.73676712305,0
2018-02-08,"{""base_buy_amount"": 857760.5838920356, ""max_daily_buy_amount"": 747122.5116238961, ""score_threshold"": -0.004732165874059113, ""score_scale"": 2.8913496845205997, ""w_drawdown"": 0.5248985794803529, ""w_rsi"": 1.9927625335077033, ""w_ma_gap_25"": 4.58668836275838, ""w_ret_5"": 3.1541612018237117, ""w_trend"": -1.934960505378195, ""w_vol"": 1.694278178048025, ""w_exposure"": 1.9160300966269983, ""w_unrealized_loss"": 0.2482313179857254, ""fixed_profit_yen"": 46590.64154968925, ""base_take_profit_pct"": 0.014549805191192401, ""min_take_profit_pct"": 0.0037678156517870756, ""exposure_tp_sensitivity"": 0.5386294724019629, ""vol_tp_multiplier"": 0.03657228146507818}",242653.60122415575,528898.1000409187,296297.9505239371,276191.04710958875,0
2018-02-16,"{""base_buy_amount"": 857760.5838920356, ""max_daily_buy_amount"": 747122.5116238961, ""score_threshold"": -0.004732165874059113, ""score_scale"": 2.8913496845205997, ""w_drawdown"": 0.5248985794803529, ""w_rsi"": 1.9927625335077033, ""w_ma_gap_25"": 4.58668836275838, ""w_ret_5"": 3.1541612018237117, ""w_trend"": -1.934960505378195, ""w_vol"": 1.694278178048025, ""w_exposure"": 1.9160300966269983, ""w_unrealized_loss"": 0.2482313179857254, ""fixed_profit_yen"": 46590.64154968925, ""base_take_profit_pct"": 0.014549805191192401, ""min_take_profit_pct"": 0.0037678156517870756, ""exposure_tp_sensitivity"": 0.5386294724019629, ""vol_tp_multiplier"": 0.03657228146507818}",181433.53753528255,467678.0363520455,296297.9505239371,276191.04710958875,0
2018-02-23,"{""base_buy_amount"": 857760.5838920356, ""max_daily_buy_amount"": 747122.5116238961, ""score_threshold"": -0.004732165874059113, ""score_scale"": 2.8913496845205997, ""w_drawdown"": 0.5248985794803529, ""w_rsi"": 1.9927625335077033, ""w_ma_gap_25"": 4.58668836275838, ""w_ret_5"": 3.1541612018237117, ""w_trend"": -1.934960505378195, ""w_vol"": 1.694278178048025, ""w_exposure"": 1.9160300966269983, ""w_unrealized_loss"": 0.2482313179857254, ""fixed_profit_yen"": 46590.64154968925, ""base_take_profit_pct"": 0.014549805191192401, ""min_take_profit_pct"": 0.0037678156517870756, ""exposure_tp_sensitivity"": 0.5386294724019629, ""vol_tp_multiplier"": 0.03657228146507818}",354015.19054436346,640259.6893611264,296297.9505239371,276191.04710958875,0
2018-03-02,"{""base_buy_amount"": 857760.5838920356, ""max_daily_buy_amount"": 747122.5116238961, ""score_threshold"": -0.004732165874059113, ""score_scale"": 2.8913496845205997, ""w_drawdown"": 0.5248985794803529, ""w_rsi"": 1.9927625335077033, ""w_ma_gap_25"": 4.58668836275838, ""w_ret_5"": 3.1541612018237117, ""w_trend"": -1.934960505378195, ""w_vol"": 1.694278178048025, ""w_exposure"": 1.9160300966269983, ""w_unrealized_loss"": 0.2482313179857254, ""fixed_profit_yen"": 46590.64154968925, ""base_take_profit_pct"": 0.014549805191192401, ""min_take_profit_pct"": 0.0037678156517870756, ""exposure_tp_sensitivity"": 0.5386294724019629, ""vol_tp_multiplier"": 0.03657228146507818}",403005.4556873536,689249.9545041166,296297.9505239371,276191.04710958875,0
2018-03-09,"{""base_buy_amount"": 857760.5838920356, ""max_daily_buy_amount"": 747122.5116238961, ""score_threshold"": -0.004732165874059113, ""score_scale"": 2.8913496845205997, ""w_drawdown"": 0.5248985794803529, ""w_rsi"": 1.9927625335077033, ""w_ma_gap_25"": 4.58668836275838, ""w_ret_5"": 3.1541612018237117, ""w_trend"": -1.934960505378195, ""w_vol"": 1.694278178048025, ""w_exposure"": 1.9160300966269983, ""w_unrealized_loss"": 0.2482313179857254, ""fixed_profit_yen"": 46590.64154968925, ""base_take_profit_pct"": 0.014549805191192401, ""min_take_profit_pct"": 0.0037678156517870756, ""exposure_tp_sensitivity"": 0.5386294724019629, ""vol_tp_multiplier"": 0.03657228146507818}",368132.8990309291,654377.397847692,296297.9505239371,276191.04710958875,0
2018-03-16,"{""base_buy_amount"": 857760.5838920356, ""max_daily_buy_amount"": 747122.5116238961, ""score_threshold"": -0.004732165874059113, ""score_scale"": 2.8913496845205997, ""w_drawdown"": 0.5248985794803529, ""w_rsi"": 1.9927625335077033, ""w_ma_gap_25"": 4.58668836275838, ""w_ret_5"": 3.1541612018237117, ""w_trend"": -1.934960505378195, ""w_vol"": 1.694278178048025, ""w_exposure"": 1.9160300966269983, ""w_unrealized_loss"": 0.2482313179857254, ""fixed_profit_yen"": 46590.64154968925, ""base_take_profit_pct"": 0.014549805191192401, ""min_take_profit_pct"": 0.0037678156517870756, ""exposure_tp_sensitivity"": 0.5386294724019629, ""vol_tp_multiplier"": 0.03657228146507818}",494976.1161226736,781220.6149394365,296297.9505239371,276191.04710958875,0
2018-03-26,"{""base_buy_amount"": 857760.5838920356, ""max_daily_buy_amount"": 747122.5116238961, ""score_threshold"": -0.004732165874059113, ""score_scale"": 2.8913496845205997, ""w_drawdown"": 0.5248985794803529, ""w_rsi"": 1.9927625335077033, ""w_ma_gap_25"": 4.58668836275838, ""w_ret_5"": 3.1541612018237117, ""w_trend"": -1.934960505378195, ""w_vol"": 1.694278178048025, ""w_exposure"": 1.9160300966269983, ""w_unrealized_loss"": 0.2482313179857254, ""fixed_profit_yen"": 46590.64154968925, ""base_take_profit_pct"": 0.014549805191192401, ""min_take_profit_pct"": 0.0037678156517870756, ""exposure_tp_sensitivity"": 0.5386294724019629, ""vol_tp_multiplier"": 0.03657228146507818}",276651.22973911185,562895.7285558748,296297.9505239371,276191.04710958875,0
2018-04-02,"{""base_buy_amount"": 857760.5838920356, ""max_daily_buy_amount"": 747122.5116238961, ""score_threshold"": -0.004732165874059113, ""score_scale"": 2.8913496845205997, ""w_drawdown"": 0.5248985794803529, ""w_rsi"": 1.9927625335077033, ""w_ma_gap_25"": 4.58668836275838, ""w_ret_5"": 3.1541612018237117, ""w_trend"": -1.934960505378195, ""w_vol"": 1.694278178048025, ""w_exposure"": 1.9160300966269983, ""w_unrealized_loss"": 0.2482313179857254, ""fixed_profit_yen"": 46590.64154968925, ""base_take_profit_pct"": 0.014549805191192401, ""min_take_profit_pct"": 0.0037678156517870756, ""exposure_tp_sensitivity"": 0.5386294724019629, ""vol_tp_multiplier"": 0.03657228146507818}",567319.3811972593,850878.0899316047,290238.55852348544,276878.8589452052,0
2018-04-09,"{""base_buy_amount"": 857760.5838920356, ""max_daily_buy_amount"": 747122.5116238961, ""score_threshold"": -0.004732165874059113, ""score_scale"": 2.8913496845205997, ""w_drawdown"": 0.5248985794803529, ""w_rsi"": 1.9927625335077033, ""w_ma_gap_25"": 4.58668836275838, ""w_ret_5"": 3.1541612018237117, ""w_trend"": -1.934960505378195, ""w_vol"": 1.694278178048025, ""w_exposure"": 1.9160300966269983, ""w_unrealized_loss"": 0.2482313179857254, ""fixed_profit_yen"": 46590.64154968925, ""base_take_profit_pct"": 0.014549805191192401, ""min_take_profit_pct"": 0.0037678156517870756, ""exposure_tp_sensitivity"": 0.5386294724019629, ""vol_tp_multiplier"": 0.03657228146507818}",563052.1098113221,836569.2142907737,273517.10447945166,273517.1044794518,0
2018-04-16,"{""base_buy_amount"": 857760.5838920356, ""max_daily_buy_amount"": 747122.5116238961, ""score_threshold"": -0.004732165874059113, ""score_scale"": 2.8913496845205997, ""w_drawdown"": 0.5248985794803529, ""w_rsi"": 1.9927625335077033, ""w_ma_gap_25"": 4.58668836275838, ""w_ret_5"": 3.1541612018237117, ""w_trend"": -1.934960505378195, ""w_vol"": 1.694278178048025, ""w_exposure"": 1.9160300966269983, ""w_unrealized_loss"": 0.2482313179857254, ""fixed_profit_yen"": 46590.64154968925, ""base_take_profit_pct"": 0.014549805191192401, ""min_take_profit_pct"": 0.0037678156517870756, ""exposure_tp_sensitivity"": 0.5386294724019629, ""vol_tp_multiplier"": 0.03657228146507818}",580904.014198441,844840.8608590635,255395.65432124492,272478.0390000001,0
2018-04-23,"{""base_buy_amount"": 857760.5838920356, ""max_daily_buy_amount"": 747122.5116238961, ""score_threshold"": -0.004732165874059113, ""score_scale"": 2.8913496845205997, ""w_drawdown"": 0.5248985794803529, ""w_rsi"": 1.9927625335077033, ""w_ma_gap_25"": 4.58668836275838, ""w_ret_5"": 3.1541612018237117, ""w_trend"": -1.934960505378195, ""w_vol"": 1.694278178048025, ""w_exposure"": 1.9160300966269983, ""w_unrealized_loss"": 0.2482313179857254, ""fixed_profit_yen"": 46590.64154968925, ""base_take_profit_pct"": 0.014549805191192401, ""min_take_profit_pct"": 0.0037678156517870756, ""exposure_tp_sensitivity"": 0.5386294724019629, ""vol_tp_multiplier"": 0.03657228146507818}",548603.5948191353,812540.4414797578,255395.65432124492,272478.0390000001,0
2018-05-01,"{""base_buy_amount"": 857760.5838920356, ""max_daily_buy_amount"": 747122.5116238961, ""score_threshold"": -0.004732165874059113, ""score_scale"": 2.8913496845205997, ""w_drawdown"": 0.5248985794803529, ""w_rsi"": 1.9927625335077033, ""w_ma_gap_25"": 4.58668836275838, ""w_ret_5"": 3.1541612018237117, ""w_trend"": -1.934960505378195, ""w_vol"": 1.694278178048025, ""w_exposure"": 1.9160300966269983, ""w_unrealized_loss"": 0.2482313179857254, ""fixed_profit_yen"": 46590.64154968925, ""base_take_profit_pct"": 0.014549805191192401, ""min_take_profit_pct"": 0.0037678156517870756, ""exposure_tp_sensitivity"": 0.5386294724019629, ""vol_tp_multiplier"": 0.03657228146507818}",439373.3697151891,703310.2163758121,255395.65432124585,272478.0390000001,0
2018-05-10,"{""base_buy_amount"": 857760.5838920356, ""max_daily_buy_amount"": 747122.5116238961, ""score_threshold"": -0.004732165874059113, ""score_scale"": 2.8913496845205997, ""w_drawdown"": 0.5248985794803529, ""w_rsi"": 1.9927625335077033, ""w_ma_gap_25"": 4.58668836275838, ""w_ret_5"": 3.1541612018237117, ""w_trend"": -1.934960505378195, ""w_vol"": 1.694278178048025, ""w_exposure"": 1.9160300966269983, ""w_unrealized_loss"": 0.2482313179857254, ""fixed_profit_yen"": 46590.64154968925, ""base_take_profit_pct"": 0.014549805191192401, ""min_take_profit_pct"": 0.0037678156517870756, ""exposure_tp_sensitivity"": 0.5386294724019629, ""vol_tp_multiplier"": 0.03657228146507818}",419546.7046268156,683483.5512874381,255395.65432124492,272478.0390000001,0
2018-05-17,"{""base_buy_amount"": 857760.5838920356, ""max_daily_buy_amount"": 747122.5116238961, ""score_threshold"": -0.004732165874059113, ""score_scale"": 2.8913496845205997, ""w_drawdown"": 0.5248985794803529, ""w_rsi"": 1.9927625335077033, ""w_ma_gap_25"": 4.58668836275838, ""w_ret_5"": 3.1541612018237117, ""w_trend"": -1.934960505378195, ""w_vol"": 1.694278178048025, ""w_exposure"": 1.9160300966269983, ""w_unrealized_loss"": 0.2482313179857254, ""fixed_profit_yen"": 46590.64154968925, ""base_take_profit_pct"": 0.014549805191192401, ""min_take_profit_pct"": 0.0037678156517870756, ""exposure_tp_sensitivity"": 0.5386294724019629, ""vol_tp_multiplier"": 0.03657228146507818}",424696.3355309253,688633.1821915478,255395.65432124492,272478.0390000001,0
2018-05-24,"{""base_buy_amount"": 857760.5838920356, ""max_daily_buy_amount"": 747122.5116238961, ""score_threshold"": -0.004732165874059113, ""score_scale"": 2.8913496845205997, ""w_drawdown"": 0.5248985794803529, ""w_rsi"": 1.9927625335077033, ""w_ma_gap_25"": 4.58668836275838, ""w_ret_5"": 3.1541612018237117, ""w_trend"": -1.934960505378195, ""w_vol"": 1.694278178048025, ""w_exposure"": 1.9160300966269983, ""w_unrealized_loss"": 0.2482313179857254, ""fixed_profit_yen"": 46590.64154968925, ""base_take_profit_pct"": 0.014549805191192401, ""min_take_profit_pct"": 0.0037678156517870756, ""exposure_tp_sensitivity"": 0.5386294724019629, ""vol_tp_multiplier"": 0.03657228146507818}",423860.02632544586,687796.8729860684,255395.65432124492,272478.0390000001,0
2018-05-31,"{""base_buy_amount"": 857760.5838920356, ""max_daily_buy_amount"": 747122.5116238961, ""score_threshold"": -0.004732165874059113, ""score_scale"": 2.8913496845205997, ""w_drawdown"": 0.5248985794803529, ""w_rsi"": 1.9927625335077033, ""w_ma_gap_25"": 4.58668836275838, ""w_ret_5"": 3.1541612018237117, ""w_trend"": -1.934960505378195, ""w_vol"": 1.694278178048025, ""w_exposure"": 1.9160300966269983, ""w_unrealized_loss"": 0.2482313179857254, ""fixed_profit_yen"": 46590.64154968925, ""base_take_profit_pct"": 0.014549805191192401, ""min_take_profit_pct"": 0.0037678156517870756, ""exposure_tp_sensitivity"": 0.5386294724019629, ""vol_tp_multiplier"": 0.03657228146507818}",342453.48272270616,606390.3293833287,255395.65432124492,272478.0390000001,0
2018-06-07,"{""base_buy_amount"": 857760.5838920356, ""max_daily_buy_amount"": 747122.5116238961, ""score_threshold"": -0.004732165874059113, ""score_scale"": 2.8913496845205997, ""w_drawdown"": 0.5248985794803529, ""w_rsi"": 1.9927625335077033, ""w_ma_gap_25"": 4.58668836275838, ""w_ret_5"": 3.1541612018237117, ""w_trend"": -1.934960505378195, ""w_vol"": 1.694278178048025, ""w_exposure"": 1.9160300966269983, ""w_unrealized_loss"": 0.2482313179857254, ""fixed_profit_yen"": 46590.64154968925, ""base_take_profit_pct"": 0.014549805191192401, ""min_take_profit_pct"": 0.0037678156517870756, ""exposure_tp_sensitivity"": 0.5386294724019629, ""vol_tp_multiplier"": 0.03657228146507818}",505670.8758779493,769607.7225385718,255395.65432124492,272478.0390000001,0
2018-06-14,"{""base_buy_amount"": 857760.5838920356, ""max_daily_buy_amount"": 747122.5116238961, ""score_threshold"": -0.004732165874059113, ""score_scale"": 2.8913496845205997, ""w_drawdown"": 0.5248985794803529, ""w_rsi"": 1.9927625335077033, ""w_ma_gap_25"": 4.58668836275838, ""w_ret_5"": 3.1541612018237117, ""w_trend"": -1.934960505378195, ""w_vol"": 1.694278178048025, ""w_exposure"": 1.9160300966269983, ""w_unrealized_loss"": 0.2482313179857254, ""fixed_profit_yen"": 46590.64154968925, ""base_take_profit_pct"": 0.014549805191192401, ""min_take_profit_pct"": 0.0037678156517870756, ""exposure_tp_sensitivity"": 0.5386294724019629, ""vol_tp_multiplier"": 0.03657228146507818}",522205.6215996329,786142.4682602554,255395.65432124492,272478.0390000001,0
2018-06-21,"{""base_buy_amount"": 857760.5838920356, ""max_daily_buy_amount"": 747122.5116238961, ""score_threshold"": -0.004732165874059113, ""score_scale"": 2.8913496845205997, ""w_drawdown"": 0.5248985794803529, ""w_rsi"": 1.9927625335077033, ""w_ma_gap_25"": 4.58668836275838, ""w_ret_5"": 3.1541612018237117, ""w_trend"": -1.934960505378195, ""w_vol"": 1.694278178048025, ""w_exposure"": 1.9160300966269983, ""w_unrealized_loss"": 0.2482313179857254, ""fixed_profit_yen"": 46590.64154968925, ""base_take_profit_pct"": 0.014549805191192401, ""min_take_profit_pct"": 0.0037678156517870756, ""exposure_tp_sensitivity"": 0.5386294724019629, ""vol_tp_multiplier"": 0.03657228146507818}",527028.2372043015,790965.083864924,255395.65432124492,272478.0390000001,0
2018-06-28,"{""base_buy_amount"": 857760.5838920356, ""max_daily_buy_amount"": 747122.5116238961, ""score_threshold"": -0.004732165874059113, ""score_scale"": 2.8913496845205997, ""w_drawdown"": 0.5248985794803529, ""w_rsi"": 1.9927625335077033, ""w_ma_gap_25"": 4.58668836275838, ""w_ret_5"": 3.1541612018237117, ""w_trend"": -1.934960505378195, ""w_vol"": 1.694278178048025, ""w_exposure"": 1.9160300966269983, ""w_unrealized_loss"": 0.2482313179857254, ""fixed_profit_yen"": 46590.64154968925, ""base_take_profit_pct"": 0.014549805191192401, ""min_take_profit_pct"": 0.0037678156517870756, ""exposure_tp_sensitivity"": 0.5386294724019629, ""vol_tp_multiplier"": 0.03657228146507818}",503863.684241061,767800.530901684,255395.65432124585,272478.0390000001,0
2018-07-05,"{""base_buy_amount"": 857760.5838920356, ""max_daily_buy_amount"": 747122.5116238961, ""score_threshold"": -0.004732165874059113, ""score_scale"": 2.8913496845205997, ""w_drawdown"": 0.5248985794803529, ""w_rsi"": 1.9927625335077033, ""w_ma_gap_25"": 4.58668836275838, ""w_ret_5"": 3.1541612018237117, ""w_trend"": -1.934960505378195, ""w_vol"": 1.694278178048025, ""w_exposure"": 1.9160300966269983, ""w_unrealized_loss"": 0.2482313179857254, ""fixed_profit_yen"": 46590.64154968925, ""base_take_profit_pct"": 0.014549805191192401, ""min_take_profit_pct"": 0.0037678156517870756, ""exposure_tp_sensitivity"": 0.5386294724019629, ""vol_tp_multiplier"": 0.03657228146507818}",319051.1767753075,582988.0234359305,255395.65432124585,272478.0390000001,0
2018-07-12,"{""base_buy_amount"": 857760.5838920356, ""max_daily_buy_amount"": 747122.5116238961, ""score_threshold"": -0.004732165874059113, ""score_scale"": 2.8913496845205997, ""w_drawdown"": 0.5248985794803529, ""w_rsi"": 1.9927625335077033, ""w_ma_gap_25"": 4.58668836275838, ""w_ret_5"": 3.1541612018237117, ""w_trend"": -1.934960505378195, ""w_vol"": 1.694278178048025, ""w_exposure"": 1.9160300966269983, ""w_unrealized_loss"": 0.2482313179857254, ""fixed_profit_yen"": 46590.64154968925, ""base_take_profit_pct"": 0.014549805191192401, ""min_take_profit_pct"": 0.0037678156517870756, ""exposure_tp_sensitivity"": 0.5386294724019629, ""vol_tp_multiplier"": 0.03657228146507818}",415059.6627470065,713306.0235176662,295377.58319885377,301115.13834246557,0
2018-07-19,"{""base_buy_amount"": 857760.5838920356, ""max_daily_buy_amount"": 747122.5116238961, ""score_threshold"": -0.004732165874059113, ""score_scale"": 2.8913496845205997, ""w_drawdown"": 0.5248985794803529, ""w_rsi"": 1.9927625335077033, ""w_ma_gap_25"": 4.58668836275838, ""w_ret_5"": 3.1541612018237117, ""w_trend"": -1.934960505378195, ""w_vol"": 1.694278178048025, ""w_exposure"": 1.9160300966269983, ""w_unrealized_loss"": 0.2482313179857254, ""fixed_profit_yen"": 46590.64154968925, ""base_take_profit_pct"": 0.014549805191192401, ""min_take_profit_pct"": 0.0037678156517870756, ""exposure_tp_sensitivity"": 0.5386294724019629, ""vol_tp_multiplier"": 0.03657228146507818}",662663.3030269123,960909.6637975719,295377.58319885377,301115.13834246557,0
2018-07-26,"{""base_buy_amount"": 857760.5838920356, ""max_daily_buy_amount"": 747122.5116238961, ""score_threshold"": -0.004732165874059113, ""score_scale"": 2.8913496845205997, ""w_drawdown"": 0.5248985794803529, ""w_rsi"": 1.9927625335077033, ""w_ma_gap_25"": 4.58668836275838, ""w_ret_5"": 3.1541612018237117, ""w_trend"": -1.934960505378195, ""w_vol"": 1.694278178048025, ""w_exposure"": 1.9160300966269983, ""w_unrealized_loss"": 0.2482313179857254, ""fixed_profit_yen"": 46590.64154968925, ""base_take_profit_pct"": 0.014549805191192401, ""min_take_profit_pct"": 0.0037678156517870756, ""exposure_tp_sensitivity"": 0.5386294724019629, ""vol_tp_multiplier"": 0.03657228146507818}",659312.2387677085,957558.5995383686,295377.5831988547,301115.13834246557,0
2018-08-02,"{""base_buy_amount"": 857760.5838920356, ""max_daily_buy_amount"": 747122.5116238961, ""score_threshold"": -0.004732165874059113, ""score_scale"": 2.8913496845205997, ""w_drawdown"": 0.5248985794803529, ""w_rsi"": 1.9927625335077033, ""w_ma_gap_25"": 4.58668836275838, ""w_ret_5"": 3.1541612018237117, ""w_trend"": -1.934960505378195, ""w_vol"": 1.694278178048025, ""w_exposure"": 1.9160300966269983, ""w_unrealized_loss"": 0.2482313179857254, ""fixed_profit_yen"": 46590.64154968925, ""base_take_profit_pct"": 0.014549805191192401, ""min_take_profit_pct"": 0.0037678156517870756, ""exposure_tp_sensitivity"": 0.5386294724019629, ""vol_tp_multiplier"": 0.03657228146507818}",660598.0233119748,958844.3840826349,295377.5831988547,301115.13834246557,0
2018-08-09,"{""base_buy_amount"": 857760.5838920356, ""max_daily_buy_amount"": 747122.5116238961, ""score_threshold"": -0.004732165874059113, ""score_scale"": 2.8913496845205997, ""w_drawdown"": 0.5248985794803529, ""w_rsi"": 1.9927625335077033, ""w_ma_gap_25"": 4.58668836275838, ""w_ret_5"": 3.1541612018237117, ""w_trend"": -1.934960505378195, ""w_vol"": 1.694278178048025, ""w_exposure"": 1.9160300966269983, ""w_unrealized_loss"": 0.2482313179857254, ""fixed_profit_yen"": 46590.64154968925, ""base_take_profit_pct"": 0.014549805191192401, ""min_take_profit_pct"": 0.0037678156517870756, ""exposure_tp_sensitivity"": 0.5386294724019629, ""vol_tp_multiplier"": 0.03657228146507818}",660831.9078248664,959078.268595526,295377.58319885377,301115.13834246557,0
2018-08-16,"{""base_buy_amount"": 857760.5838920356, ""max_daily_buy_amount"": 747122.5116238961, ""score_threshold"": -0.004732165874059113, ""score_scale"": 2.8913496845205997, ""w_drawdown"": 0.5248985794803529, ""w_rsi"": 1.9927625335077033, ""w_ma_gap_25"": 4.58668836275838, ""w_ret_5"": 3.1541612018237117, ""w_trend"": -1.934960505378195, ""w_vol"": 1.694278178048025, ""w_exposure"": 1.9160300966269983, ""w_unrealized_loss"": 0.2482313179857254, ""fixed_profit_yen"": 46590.64154968925, ""base_take_profit_pct"": 0.014549805191192401, ""min_take_profit_pct"": 0.0037678156517870756, ""exposure_tp_sensitivity"": 0.5386294724019629, ""vol_tp_multiplier"": 0.03657228146507818}",663854.747173614,962101.1079442741,295377.5831988547,301115.13834246557,0
2018-08-23,"{""base_buy_amount"": 857760.5838920356, ""max_daily_buy_amount"": 747122.5116238961, ""score_threshold"": -0.004732165874059113, ""score_scale"": 2.8913496845205997, ""w_drawdown"": 0.5248985794803529, ""w_rsi"": 1.9927625335077033, ""w_ma_gap_25"": 4.58668836275838, ""w_ret_5"": 3.1541612018237117, ""w_trend"": -1.934960505378195, ""w_vol"": 1.694278178048025, ""w_exposure"": 1.9160300966269983, ""w_unrealized_loss"": 0.2482313179857254, ""fixed_profit_yen"": 46590.64154968925, ""base_take_profit_pct"": 0.014549805191192401, ""min_take_profit_pct"": 0.0037678156517870756, ""exposure_tp_sensitivity"": 0.5386294724019629, ""vol_tp_multiplier"": 0.03657228146507818}",685750.1363914928,983996.4971621529,295377.5831988547,301115.13834246557,0
2018-08-30,"{""base_buy_amount"": 857760.5838920356, ""max_daily_buy_amount"": 747122.5116238961, ""score_threshold"": -0.004732165874059113, ""score_scale"": 2.8913496845205997, ""w_drawdown"": 0.5248985794803529, ""w_rsi"": 1.9927625335077033, ""w_ma_gap_25"": 4.58668836275838, ""w_ret_5"": 3.1541612018237117, ""w_trend"": -1.934960505378195, ""w_vol"": 1.694278178048025, ""w_exposure"": 1.9160300966269983, ""w_unrealized_loss"": 0.2482313179857254, ""fixed_profit_yen"": 46590.64154968925, ""base_take_profit_pct"": 0.014549805191192401, ""min_take_profit_pct"": 0.0037678156517870756, ""exposure_tp_sensitivity"": 0.5386294724019629, ""vol_tp_multiplier"": 0.03657228146507818}",705994.8216753353,1004241.1824459954,295377.5831988547,301115.13834246557,0
2018-09-06,"{""base_buy_amount"": 857760.5838920356, ""max_daily_buy_amount"": 747122.5116238961, ""score_threshold"": -0.004732165874059113, ""score_scale"": 2.8913496845205997, ""w_drawdown"": 0.5248985794803529, ""w_rsi"": 1.9927625335077033, ""w_ma_gap_25"": 4.58668836275838, ""w_ret_5"": 3.1541612018237117, ""w_trend"": -1.934960505378195, ""w_vol"": 1.694278178048025, ""w_exposure"": 1.9160300966269983, ""w_unrealized_loss"": 0.2482313179857254, ""fixed_profit_yen"": 46590.64154968925, ""base_take_profit_pct"": 0.014549805191192401, ""min_take_profit_pct"": 0.0037678156517870756, ""exposure_tp_sensitivity"": 0.5386294724019629, ""vol_tp_multiplier"": 0.03657228146507818}",627372.942966415,925619.3037370751,295377.5831988547,301115.13834246557,0
2018-09-13,"{""base_buy_amount"": 857760.5838920356, ""max_daily_buy_amount"": 747122.5116238961, ""score_threshold"": -0.004732165874059113, ""score_scale"": 2.8913496845205997, ""w_drawdown"": 0.5248985794803529, ""w_rsi"": 1.9927625335077033, ""w_ma_gap_25"": 4.58668836275838, ""w_ret_5"": 3.1541612018237117, ""w_trend"": -1.934960505378195, ""w_vol"": 1.694278178048025, ""w_exposure"": 1.9160300966269983, ""w_unrealized_loss"": 0.2482313179857254, ""fixed_profit_yen"": 46590.64154968925, ""base_take_profit_pct"": 0.014549805191192401, ""min_take_profit_pct"": 0.0037678156517870756, ""exposure_tp_sensitivity"": 0.5386294724019629, ""vol_tp_multiplier"": 0.03657228146507818}",617516.6354885672,915762.9962592268,295377.58319885377,301115.13834246557,0
2018-09-21,"{""base_buy_amount"": 758713.566231274, ""max_daily_buy_amount"": 1651480.6505054298, ""score_threshold"": -1.5788876805835002, ""score_scale"": 0.7995148562983017, ""w_drawdown"": 2.972168318782259, ""w_rsi"": 0.7308662209634914, ""w_ma_gap_25"": 4.1233209522817065, ""w_ret_5"": 1.5516733696203722, ""w_trend"": -2.136768402173144, ""w_vol"": 4.604852362437251, ""w_exposure"": 1.6553172273527816, ""w_unrealized_loss"": 2.8472008233793558, ""fixed_profit_yen"": 10219.829574026757, ""base_take_profit_pct"": 0.0052337217826299385, ""min_take_profit_pct"": 0.0011903321470279604, ""exposure_tp_sensitivity"": 0.049855868247834105, ""vol_tp_multiplier"": 0.8732073546792635}",675025.6085329617,1109311.647580418,420496.2658894332,448075.8122054794,0
2018-10-01,"{""base_buy_amount"": 758713.566231274, ""max_daily_buy_amount"": 1651480.6505054298, ""score_threshold"": -1.5788876805835002, ""score_scale"": 0.7995148562983017, ""w_drawdown"": 2.972168318782259, ""w_rsi"": 0.7308662209634914, ""w_ma_gap_25"": 4.1233209522817065, ""w_ret_5"": 1.5516733696203722, ""w_trend"": -2.136768402173144, ""w_vol"": 4.604852362437251, ""w_exposure"": 1.6553172273527816, ""w_unrealized_loss"": 2.8472008233793558, ""fixed_profit_yen"": 10219.829574026757, ""base_take_profit_pct"": 0.0052337217826299385, ""min_take_profit_pct"": 0.0011903321470279604, ""exposure_tp_sensitivity"": 0.049855868247834105, ""vol_tp_multiplier"": 0.8732073546792635}",675083.4004192639,1109369.4394667202,420496.2658894332,448075.8122054794,0
2018-10-09,"{""base_buy_amount"": 758713.566231274, ""max_daily_buy_amount"": 1651480.6505054298, ""score_threshold"": -1.5788876805835002, ""score_scale"": 0.7995148562983017, ""w_drawdown"": 2.972168318782259, ""w_rsi"": 0.7308662209634914, ""w_ma_gap_25"": 4.1233209522817065, ""w_ret_5"": 1.5516733696203722, ""w_trend"": -2.136768402173144, ""w_vol"": 4.604852362437251, ""w_exposure"": 1.6553172273527816, ""w_unrealized_loss"": 2.8472008233793558, ""fixed_profit_yen"": 10219.829574026757, ""base_take_profit_pct"": 0.0052337217826299385, ""min_take_profit_pct"": 0.0011903321470279604, ""exposure_tp_sensitivity"": 0.049855868247834105, ""vol_tp_multiplier"": 0.8732073546792635}",671789.1415297776,1106075.1805772344,420496.26588943414,448075.8122054794,0
2018-10-16,"{""base_buy_amount"": 758713.566231274, ""max_daily_buy_amount"": 1651480.6505054298, ""score_threshold"": -1.5788876805835002, ""score_scale"": 0.7995148562983017, ""w_drawdown"": 2.972168318782259, ""w_rsi"": 0.7308662209634914, ""w_ma_gap_25"": 4.1233209522817065, ""w_ret_5"": 1.5516733696203722, ""w_trend"": -2.136768402173144, ""w_vol"": 4.604852362437251, ""w_exposure"": 1.6553172273527816, ""w_unrealized_loss"": 2.8472008233793558, ""fixed_profit_yen"": 10219.829574026757, ""base_take_profit_pct"": 0.0052337217826299385, ""min_take_profit_pct"": 0.0011903321470279604, ""exposure_tp_sensitivity"": 0.049855868247834105, ""vol_tp_multiplier"": 0.8732073546792635}",596829.495114259,1031115.5341617153,420496.2658894332,448075.8122054794,0
2018-10-23,"{""base_buy_amount"": 758713.566231274, ""max_daily_buy_amount"": 1651480.6505054298, ""score_threshold"": -1.5788876805835002, ""score_scale"": 0.7995148562983017, ""w_drawdown"": 2.972168318782259, ""w_rsi"": 0.7308662209634914, ""w_ma_gap_25"": 4.1233209522817065, ""w_ret_5"": 1.5516733696203722, ""w_trend"": -2.136768402173144, ""w_vol"": 4.604852362437251, ""w_exposure"": 1.6553172273527816, ""w_unrealized_loss"": 2.8472008233793558, ""fixed_profit_yen"": 10219.829574026757, ""base_take_profit_pct"": 0.0052337217826299385, ""min_take_profit_pct"": 0.0011903321470279604, ""exposure_tp_sensitivity"": 0.049855868247834105, ""vol_tp_multiplier"": 0.8732073546792635}",664030.4947424734,1098316.5337899297,420496.2658894332,448075.8122054794,0
2018-10-30,"{""base_buy_amount"": 758713.566231274, ""max_daily_buy_amount"": 1651480.6505054298, ""score_threshold"": -1.5788876805835002, ""score_scale"": 0.7995148562983017, ""w_drawdown"": 2.972168318782259, ""w_rsi"": 0.7308662209634914, ""w_ma_gap_25"": 4.1233209522817065, ""w_ret_5"": 1.5516733696203722, ""w_trend"": -2.136768402173144, ""w_vol"": 4.604852362437251, ""w_exposure"": 1.6553172273527816, ""w_unrealized_loss"": 2.8472008233793558, ""fixed_profit_yen"": 10219.829574026757, ""base_take_profit_pct"": 0.0052337217826299385, ""min_take_profit_pct"": 0.0011903321470279604, ""exposure_tp_sensitivity"": 0.049855868247834105, ""vol_tp_multiplier"": 0.8732073546792635}",174833.26186973727,655540.6747411401,466325.4312633537,495089.394479452,0
2018-11-06,"{""base_buy_amount"": 758713.566231274, ""max_daily_buy_amount"": 1651480.6505054298, ""score_threshold"": -1.5788876805835002, ""score_scale"": 0.7995148562983017, ""w_drawdown"": 2.972168318782259, ""w_rsi"": 0.7308662209634914, ""w_ma_gap_25"": 4.1233209522817065, ""w_ret_5"": 1.5516733696203722, ""w_trend"": -2.136768402173144, ""w_vol"": 4.604852362437251, ""w_exposure"": 1.6553172273527816, ""w_unrealized_loss"": 2.8472008233793558, ""fixed_profit_yen"": 10219.829574026757, ""base_take_profit_pct"": 0.0052337217826299385, ""min_take_profit_pct"": 0.0011903321470279604, ""exposure_tp_sensitivity"": 0.049855868247834105, ""vol_tp_multiplier"": 0.8732073546792635}",532362.8124514838,1013070.2253228866,466325.4312633537,495089.394479452,0
2018-11-13,"{""base_buy_amount"": 758713.566231274, ""max_daily_buy_amount"": 1651480.6505054298, ""score_threshold"": -1.5788876805835002, ""score_scale"": 0.7995148562983017, ""w_drawdown"": 2.972168318782259, ""w_rsi"": 0.7308662209634914, ""w_ma_gap_25"": 4.1233209522817065, ""w_ret_5"": 1.5516733696203722, ""w_trend"": -2.136768402173144, ""w_vol"": 4.604852362437251, ""w_exposure"": 1.6553172273527816, ""w_unrealized_loss"": 2.8472008233793558, ""fixed_profit_yen"": 10219.829574026757, ""base_take_profit_pct"": 0.0052337217826299385, ""min_take_profit_pct"": 0.0011903321470279604, ""exposure_tp_sensitivity"": 0.049855868247834105, ""vol_tp_multiplier"": 0.8732073546792635}",659524.79047659,1140232.2033479933,466325.4312633546,495089.394479452,0
2018-11-20,"{""base_buy_amount"": 758713.566231274, ""max_daily_buy_amount"": 1651480.6505054298, ""score_threshold"": -1.5788876805835002, ""score_scale"": 0.7995148562983017, ""w_drawdown"": 2.972168318782259, ""w_rsi"": 0.7308662209634914, ""w_ma_gap_25"": 4.1233209522817065, ""w_ret_5"": 1.5516733696203722, ""w_trend"": -2.136768402173144, ""w_vol"": 4.604852362437251, ""w_exposure"": 1.6553172273527816, ""w_unrealized_loss"": 2.8472008233793558, ""fixed_profit_yen"": 10219.829574026757, ""base_take_profit_pct"": 0.0052337217826299385, ""min_take_profit_pct"": 0.0011903321470279604, ""exposure_tp_sensitivity"": 0.049855868247834105, ""vol_tp_multiplier"": 0.8732073546792635}",557908.0206640231,1038615.4335354264,466325.4312633546,495089.394479452,0
2018-11-28,"{""base_buy_amount"": 758713.566231274, ""max_daily_buy_amount"": 1651480.6505054298, ""score_threshold"": -1.5788876805835002, ""score_scale"": 0.7995148562983017, ""w_drawdown"": 2.972168318782259, ""w_rsi"": 0.7308662209634914, ""w_ma_gap_25"": 4.1233209522817065, ""w_ret_5"": 1.5516733696203722, ""w_trend"": -2.136768402173144, ""w_vol"": 4.604852362437251, ""w_exposure"": 1.6553172273527816, ""w_unrealized_loss"": 2.8472008233793558, ""fixed_profit_yen"": 10219.829574026757, ""base_take_profit_pct"": 0.0052337217826299385, ""min_take_profit_pct"": 0.0011903321470279604, ""exposure_tp_sensitivity"": 0.049855868247834105, ""vol_tp_multiplier"": 0.8732073546792635}",657094.8672195381,1137802.2800909413,466325.4312633546,495089.394479452,0
2018-12-05,"{""base_buy_amount"": 758713.566231274, ""max_daily_buy_amount"": 1651480.6505054298, ""score_threshold"": -1.5788876805835002, ""score_scale"": 0.7995148562983017, ""w_drawdown"": 2.972168318782259, ""w_rsi"": 0.7308662209634914, ""w_ma_gap_25"": 4.1233209522817065, ""w_ret_5"": 1.5516733696203722, ""w_trend"": -2.136768402173144, ""w_vol"": 4.604852362437251, ""w_exposure"": 1.6553172273527816, ""w_unrealized_loss"": 2.8472008233793558, ""fixed_profit_yen"": 10219.829574026757, ""base_take_profit_pct"": 0.0052337217826299385, ""min_take_profit_pct"": 0.0011903321470279604, ""exposure_tp_sensitivity"": 0.049855868247834105, ""vol_tp_multiplier"": 0.8732073546792635}",715573.5651350761,1196280.9780064789,466325.4312633537,495089.394479452,0
2018-12-12,"{""base_buy_amount"": 758713.566231274, ""max_daily_buy_amount"": 1651480.6505054298, ""score_threshold"": -1.5788876805835002, ""score_scale"": 0.7995148562983017, ""w_drawdown"": 2.972168318782259, ""w_rsi"": 0.7308662209634914, ""w_ma_gap_25"": 4.1233209522817065, ""w_ret_5"": 1.5516733696203722, ""w_trend"": -2.136768402173144, ""w_vol"": 4.604852362437251, ""w_exposure"": 1.6553172273527816, ""w_unrealized_loss"": 2.8472008233793558, ""fixed_profit_yen"": 10219.829574026757, ""base_take_profit_pct"": 0.0052337217826299385, ""min_take_profit_pct"": 0.0011903321470279604, ""exposure_tp_sensitivity"": 0.049855868247834105, ""vol_tp_multiplier"": 0.8732073546792635}",416263.7093095345,902818.1545097048,466325.4312633546,506783.4591369859,0
2018-12-19,"{""base_buy_amount"": 758713.566231274, ""max_daily_buy_amount"": 1651480.6505054298, ""score_threshold"": -1.5788876805835002, ""score_scale"": 0.7995148562983017, ""w_drawdown"": 2.972168318782259, ""w_rsi"": 0.7308662209634914, ""w_ma_gap_25"": 4.1233209522817065, ""w_ret_5"": 1.5516733696203722, ""w_trend"": -2.136768402173144, ""w_vol"": 4.604852362437251, ""w_exposure"": 1.6553172273527816, ""w_unrealized_loss"": 2.8472008233793558, ""fixed_profit_yen"": 10219.829574026757, ""base_take_profit_pct"": 0.0052337217826299385, ""min_take_profit_pct"": 0.0011903321470279604, ""exposure_tp_sensitivity"": 0.049855868247834105, ""vol_tp_multiplier"": 0.8732073546792635}",430156.27659376705,931410.2305336633,466325.4312633546,536182.4766164379,0
2018-12-27,"{""base_buy_amount"": 54275.118692676166, ""max_daily_buy_amount"": 1077795.7500210647, ""score_threshold"": 0.7091495974575888, ""score_scale"": 0.6332328010787595, ""w_drawdown"": 2.0067777877669397, ""w_rsi"": 4.478174406918484, ""w_ma_gap_25"": 3.3580640442792937, ""w_ret_5"": 1.1882918168029866, ""w_trend"": 2.116686777791476, ""w_vol"": 1.7401571170475716, ""w_exposure"": 8.533446711440595, ""w_unrealized_loss"": 2.989436511189055, ""fixed_profit_yen"": 30745.051791508, ""base_take_profit_pct"": 0.013114321896939353, ""min_take_profit_pct"": 0.0034734254567956035, ""exposure_tp_sensitivity"": 0.7979018059546823, ""vol_tp_multiplier"": 0.9379684096974567}",-91981.4326923383,12411.240936110393,100299.97301032208,108485.37424657533,0
2019-01-09,"{""base_buy_amount"": 54275.118692676166, ""max_daily_buy_amount"": 1077795.7500210647, ""score_threshold"": 0.7091495974575888, ""score_scale"": 0.6332328010787595, ""w_drawdown"": 2.0067777877669397, ""w_rsi"": 4.478174406918484, ""w_ma_gap_25"": 3.3580640442792937, ""w_ret_5"": 1.1882918168029866, ""w_trend"": 2.116686777791476, ""w_vol"": 1.7401571170475716, ""w_exposure"": 8.533446711440595, ""w_unrealized_loss"": 2.989436511189055, ""fixed_profit_yen"": 30745.051791508, ""base_take_profit_pct"": 0.013114321896939353, ""min_take_profit_pct"": 0.0034734254567956035, ""exposure_tp_sensitivity"": 0.7979018059546823, ""vol_tp_multiplier"": 0.9379684096974567}",-57557.878102723735,46834.795525725436,100299.97301032301,108485.37424657533,0
2019-01-17,"{""base_buy_amount"": 54275.118692676166, ""max_daily_buy_amount"": 1077795.7500210647, ""score_threshold"": 0.7091495974575888, ""score_scale"": 0.6332328010787595, ""w_drawdown"": 2.0067777877669397, ""w_rsi"": 4.478174406918484, ""w_ma_gap_25"": 3.3580640442792937, ""w_ret_5"": 1.1882918168029866, ""w_trend"": 2.116686777791476, ""w_vol"": 1.7401571170475716, ""w_exposure"": 8.533446711440595, ""w_unrealized_loss"": 2.989436511189055, ""fixed_profit_yen"": 30745.051791508, ""base_take_profit_pct"": 0.013114321896939353, ""min_take_profit_pct"": 0.0034734254567956035, ""exposure_tp_sensitivity"": 0.7979018059546823, ""vol_tp_multiplier"": 0.9379684096974567}",-50731.48139288627,53661.192235562434,100299.97301032208,108485.37424657533,0
2019-01-24,"{""base_buy_amount"": 54275.118692676166, ""max_daily_buy_amount"": 1077795.7500210647, ""score_threshold"": 0.7091495974575888, ""score_scale"": 0.6332328010787595, ""w_drawdown"": 2.0067777877669397, ""w_rsi"": 4.478174406918484, ""w_ma_gap_25"": 3.3580640442792937, ""w_ret_5"": 1.1882918168029866, ""w_trend"": 2.116686777791476, ""w_vol"": 1.7401571170475716, ""w_exposure"": 8.533446711440595, ""w_unrealized_loss"": 2.989436511189055, ""fixed_profit_yen"": 30745.051791508, ""base_take_profit_pct"": 0.013114321896939353, ""min_take_profit_pct"": 0.0034734254567956035, ""exposure_tp_sensitivity"": 0.7979018059546823, ""vol_tp_multiplier"": 0.9379684096974567}",-43939.09515676207,60453.5784716871,100299.97301032301,108485.37424657533,0
2019-01-31,"{""base_buy_amount"": 54275.118692676166, ""max_daily_buy_amount"": 1077795.7500210647, ""score_threshold"": 0.7091495974575888, ""score_scale"": 0.6332328010787595, ""w_drawdown"": 2.0067777877669397, ""w_rsi"": 4.478174406918484, ""w_ma_gap_25"": 3.3580640442792937, ""w_ret_5"": 1.1882918168029866, ""w_trend"": 2.116686777791476, ""w_vol"": 1.7401571170475716, ""w_exposure"": 8.533446711440595, ""w_unrealized_loss"": 2.989436511189055, ""fixed_profit_yen"": 30745.051791508, ""base_take_profit_pct"": 0.013114321896939353, ""min_take_profit_pct"": 0.0034734254567956035, ""exposure_tp_sensitivity"": 0.7979018059546823, ""vol_tp_multiplier"": 0.9379684096974567}",-44850.74450768699,59541.92912076171,100299.97301032208,108485.37424657533,0
2019-02-07,"{""base_buy_amount"": 54275.118692676166, ""max_daily_buy_amount"": 1077795.7500210647, ""score_threshold"": 0.7091495974575888, ""score_scale"": 0.6332328010787595, ""w_drawdown"": 2.0067777877669397, ""w_rsi"": 4.478174406918484, ""w_ma_gap_25"": 3.3580640442792937, ""w_ret_5"": 1.1882918168029866, ""w_trend"": 2.116686777791476, ""w_vol"": 1.7401571170475716, ""w_exposure"": 8.533446711440595, ""w_unrealized_loss"": 2.989436511189055, ""fixed_profit_yen"": 30745.051791508, ""base_take_profit_pct"": 0.013114321896939353, ""min_take_profit_pct"": 0.0034734254567956035, ""exposure_tp_sensitivity"": 0.7979018059546823, ""vol_tp_multiplier"": 0.9379684096974567}",-34270.612423393155,70122.06120505555,100299.97301032208,108485.37424657533,0
2019-02-15,"{""base_buy_amount"": 54275.118692676166, ""max_daily_buy_amount"": 1077795.7500210647, ""score_threshold"": 0.7091495974575888, ""score_scale"": 0.6332328010787595, ""w_drawdown"": 2.0067777877669397, ""w_rsi"": 4.478174406918484, ""w_ma_gap_25"": 3.3580640442792937, ""w_ret_5"": 1.1882918168029866, ""w_trend"": 2.116686777791476, ""w_vol"": 1.7401571170475716, ""w_exposure"": 8.533446711440595, ""w_unrealized_loss"": 2.989436511189055, ""fixed_profit_yen"": 30745.051791508, ""base_take_profit_pct"": 0.013114321896939353, ""min_take_profit_pct"": 0.0034734254567956035, ""exposure_tp_sensitivity"": 0.7979018059546823, ""vol_tp_multiplier"": 0.9379684096974567}",-26811.10646609842,77581.56716235075,100299.97301032301,108485.37424657533,0
2019-02-22,"{""base_buy_amount"": 79276.94283954243, ""max_daily_buy_amount"": 929763.0395414885, ""score_threshold"": -1.1416613087218832, ""score_scale"": 2.3383788967608625, ""w_drawdown"": 4.26701536634083, ""w_rsi"": 1.1696974293267037, ""w_ma_gap_25"": 0.2915137084453301, ""w_ret_5"": 1.4069194601099828, ""w_trend"": -1.2384374533998983, ""w_vol"": 3.3095825736344753, ""w_exposure"": 5.570321523412783, ""w_unrealized_loss"": 7.8389820910641355, ""fixed_profit_yen"": 34222.73639538721, ""base_take_profit_pct"": 0.013378832120321973, ""min_take_profit_pct"": 0.008326183461994312, ""exposure_tp_sensitivity"": 0.15027562791693352, ""vol_tp_multiplier"": 0.11356036566930239}",-16822.729849540658,173069.65663846472,179773.21800340805,200011.5549726027,0
2019-03-01,"{""base_buy_amount"": 79276.94283954243, ""max_daily_buy_amount"": 929763.0395414885, ""score_threshold"": -1.1416613087218832, ""score_scale"": 2.3383788967608625, ""w_drawdown"": 4.26701536634083, ""w_rsi"": 1.1696974293267037, ""w_ma_gap_25"": 0.2915137084453301, ""w_ret_5"": 1.4069194601099828, ""w_trend"": -1.2384374533998983, ""w_vol"": 3.3095825736344753, ""w_exposure"": 5.570321523412783, ""w_unrealized_loss"": 7.8389820910641355, ""fixed_profit_yen"": 34222.73639538721, ""base_take_profit_pct"": 0.013378832120321973, ""min_take_profit_pct"": 0.008326183461994312, ""exposure_tp_sensitivity"": 0.15027562791693352, ""vol_tp_multiplier"": 0.11356036566930239}",-30437.05061808569,159455.33586992015,179773.21800340898,200011.5549726027,0
2019-03-08,"{""base_buy_amount"": 79276.94283954243, ""max_daily_buy_amount"": 929763.0395414885, ""score_threshold"": -1.1416613087218832, ""score_scale"": 2.3383788967608625, ""w_drawdown"": 4.26701536634083, ""w_rsi"": 1.1696974293267037, ""w_ma_gap_25"": 0.2915137084453301, ""w_ret_5"": 1.4069194601099828, ""w_trend"": -1.2384374533998983, ""w_vol"": 3.3095825736344753, ""w_exposure"": 5.570321523412783, ""w_unrealized_loss"": 7.8389820910641355, ""fixed_profit_yen"": 34222.73639538721, ""base_take_profit_pct"": 0.013378832120321973, ""min_take_profit_pct"": 0.008326183461994312, ""exposure_tp_sensitivity"": 0.15027562791693352, ""vol_tp_multiplier"": 0.11356036566930239}",-22068.346006283595,167824.04048172224,179773.21800340898,200011.5549726027,0
2019-03-15,"{""base_buy_amount"": 79276.94283954243, ""max_daily_buy_amount"": 929763.0395414885, ""score_threshold"": -1.1416613087218832, ""score_scale"": 2.3383788967608625, ""w_drawdown"": 4.26701536634083, ""w_rsi"": 1.1696974293267037, ""w_ma_gap_25"": 0.2915137084453301, ""w_ret_5"": 1.4069194601099828, ""w_trend"": -1.2384374533998983, ""w_vol"": 3.3095825736344753, ""w_exposure"": 5.570321523412783, ""w_unrealized_loss"": 7.8389820910641355, ""fixed_profit_yen"": 34222.73639538721, ""base_take_profit_pct"": 0.013378832120321973, ""min_take_profit_pct"": 0.008326183461994312, ""exposure_tp_sensitivity"": 0.15027562791693352, ""vol_tp_multiplier"": 0.11356036566930239}",-35490.695725553465,154401.69076245237,179773.21800340898,200011.5549726027,0
2019-03-25,"{""base_buy_amount"": 79276.94283954243, ""max_daily_buy_amount"": 929763.0395414885, ""score_threshold"": -1.1416613087218832, ""score_scale"": 2.3383788967608625, ""w_drawdown"": 4.26701536634083, ""w_rsi"": 1.1696974293267037, ""w_ma_gap_25"": 0.2915137084453301, ""w_ret_5"": 1.4069194601099828, ""w_trend"": -1.2384374533998983, ""w_vol"": 3.3095825736344753, ""w_exposure"": 5.570321523412783, ""w_unrealized_loss"": 7.8389820910641355, ""fixed_profit_yen"": 34222.73639538721, ""base_take_profit_pct"": 0.013378832120321973, ""min_take_profit_pct"": 0.008326183461994312, ""exposure_tp_sensitivity"": 0.15027562791693352, ""vol_tp_multiplier"": 0.11356036566930239}",-20493.71773813042,169398.66874987495,179773.21800340805,200011.5549726027,0
2019-04-01,"{""base_buy_amount"": 79276.94283954243, ""max_daily_buy_amount"": 929763.0395414885, ""score_threshold"": -1.1416613087218832, ""score_scale"": 2.3383788967608625, ""w_drawdown"": 4.26701536634083, ""w_rsi"": 1.1696974293267037, ""w_ma_gap_25"": 0.2915137084453301, ""w_ret_5"": 1.4069194601099828, ""w_trend"": -1.2384374533998983, ""w_vol"": 3.3095825736344753, ""w_exposure"": 5.570321523412783, ""w_unrealized_loss"": 7.8389820910641355, ""fixed_profit_yen"": 34222.73639538721, ""base_take_profit_pct"": 0.013378832120321973, ""min_take_profit_pct"": 0.008326183461994312, ""exposure_tp_sensitivity"": 0.15027562791693352, ""vol_tp_multiplier"": 0.11356036566930239}",-41390.67635361236,148501.71013439348,179773.21800340898,200011.5549726027,0
2019-04-08,"{""base_buy_amount"": 79276.94283954243, ""max_daily_buy_amount"": 929763.0395414885, ""score_threshold"": -1.1416613087218832, ""score_scale"": 2.3383788967608625, ""w_drawdown"": 4.26701536634083, ""w_rsi"": 1.1696974293267037, ""w_ma_gap_25"": 0.2915137084453301, ""w_ret_5"": 1.4069194601099828, ""w_trend"": -1.2384374533998983, ""w_vol"": 3.3095825736344753, ""w_exposure"": 5.570321523412783, ""w_unrealized_loss"": 7.8389820910641355, ""fixed_profit_yen"": 34222.73639538721, ""base_take_profit_pct"": 0.013378832120321973, ""min_take_profit_pct"": 0.008326183461994312, ""exposure_tp_sensitivity"": 0.15027562791693352, ""vol_tp_multiplier"": 0.11356036566930239}",9583.409631423274,199475.7961194291,179773.21800340898,200011.5549726027,0
2019-04-15,"{""base_buy_amount"": 79276.94283954243, ""max_daily_buy_amount"": 929763.0395414885, ""score_threshold"": -1.1416613087218832, ""score_scale"": 2.3383788967608625, ""w_drawdown"": 4.26701536634083, ""w_rsi"": 1.1696974293267037, ""w_ma_gap_25"": 0.2915137084453301, ""w_ret_5"": 1.4069194601099828, ""w_trend"": -1.2384374533998983, ""w_vol"": 3.3095825736344753, ""w_exposure"": 5.570321523412783, ""w_unrealized_loss"": 7.8389820910641355, ""fixed_profit_yen"": 34222.73639538721, ""base_take_profit_pct"": 0.013378832120321973, ""min_take_profit_pct"": 0.008326183461994312, ""exposure_tp_sensitivity"": 0.15027562791693352, ""vol_tp_multiplier"": 0.11356036566930239}",11782.687870523921,201675.07435852976,179773.21800340898,200011.5549726027,0
2019-04-22,"{""base_buy_amount"": 79276.94283954243, ""max_daily_buy_amount"": 929763.0395414885, ""score_threshold"": -1.1416613087218832, ""score_scale"": 2.3383788967608625, ""w_drawdown"": 4.26701536634083, ""w_rsi"": 1.1696974293267037, ""w_ma_gap_25"": 0.2915137084453301, ""w_ret_5"": 1.4069194601099828, ""w_trend"": -1.2384374533998983, ""w_vol"": 3.3095825736344753, ""w_exposure"": 5.570321523412783, ""w_unrealized_loss"": 7.8389820910641355, ""fixed_profit_yen"": 34222.73639538721, ""base_take_profit_pct"": 0.013378832120321973, ""min_take_profit_pct"": 0.008326183461994312, ""exposure_tp_sensitivity"": 0.15027562791693352, ""vol_tp_multiplier"": 0.11356036566930239}",25991.374193665484,215883.76068167086,179773.21800340805,200011.5549726027,0
2019-05-07,"{""base_buy_amount"": 184516.09414033598, ""max_daily_buy_amount"": 951666.6651832671, ""score_threshold"": -0.42970913663232047, ""score_scale"": 0.8602217764078326, ""w_drawdown"": 3.7766508639737224, ""w_rsi"": 2.168895136612965, ""w_ma_gap_25"": 2.3466346709520063, ""w_ret_5"": 0.7533648690662009, ""w_trend"": -1.9144400866147913, ""w_vol"": 4.535518110781075, ""w_exposure"": 0.44649088974278883, ""w_unrealized_loss"": 2.3285228494370624, ""fixed_profit_yen"": 16726.78852478283, ""base_take_profit_pct"": 0.01572553118724442, ""min_take_profit_pct"": 0.006278006557133164, ""exposure_tp_sensitivity"": 0.44396097826559994, ""vol_tp_multiplier"": 0.42057667278441013}",25007.705442403298,382501.63031230395,344999.49215076026,369988.35758904106,0
2019-05-14,"{""base_buy_amount"": 79276.94283954243, ""max_daily_buy_amount"": 929763.0395414885, ""score_threshold"": -1.1416613087218832, ""score_scale"": 2.3383788967608625, ""w_drawdown"": 4.26701536634083, ""w_rsi"": 1.1696974293267037, ""w_ma_gap_25"": 0.2915137084453301, ""w_ret_5"": 1.4069194601099828, ""w_trend"": -1.2384374533998983, ""w_vol"": 3.3095825736344753, ""w_exposure"": 5.570321523412783, ""w_unrealized_loss"": 7.8389820910641355, ""fixed_profit_yen"": 34222.73639538721, ""base_take_profit_pct"": 0.013378832120321973, ""min_take_profit_pct"": 0.008326183461994312, ""exposure_tp_sensitivity"": 0.15027562791693352, ""vol_tp_multiplier"": 0.11356036566930239}",-39390.95086173501,150501.43562627083,179773.21800340898,200011.5549726027,0
2019-05-21,"{""base_buy_amount"": 184516.09414033598, ""max_daily_buy_amount"": 951666.6651832671, ""score_threshold"": -0.42970913663232047, ""score_scale"": 0.8602217764078326, ""w_drawdown"": 3.7766508639737224, ""w_rsi"": 2.168895136612965, ""w_ma_gap_25"": 2.3466346709520063, ""w_ret_5"": 0.7533648690662009, ""w_trend"": -1.9144400866147913, ""w_vol"": 4.535518110781075, ""w_exposure"": 0.44649088974278883, ""w_unrealized_loss"": 2.3285228494370624, ""fixed_profit_yen"": 16726.78852478283, ""base_take_profit_pct"": 0.01572553118724442, ""min_take_profit_pct"": 0.006278006557133164, ""exposure_tp_sensitivity"": 0.44396097826559994, ""vol_tp_multiplier"": 0.42057667278441013}",-27946.976500847813,329546.9483690533,344999.4921507612,369988.35758904106,0
2019-05-28,"{""base_buy_amount"": 79276.94283954243, ""max_daily_buy_amount"": 929763.0395414885, ""score_threshold"": -1.1416613087218832, ""score_scale"": 2.3383788967608625, ""w_drawdown"": 4.26701536634083, ""w_rsi"": 1.1696974293267037, ""w_ma_gap_25"": 0.2915137084453301, ""w_ret_5"": 1.4069194601099828, ""w_trend"": -1.2384374533998983, ""w_vol"": 3.3095825736344753, ""w_exposure"": 5.570321523412783, ""w_unrealized_loss"": 7.8389820910641355, ""fixed_profit_yen"": 34222.73639538721, ""base_take_profit_pct"": 0.013378832120321973, ""min_take_profit_pct"": 0.008326183461994312, ""exposure_tp_sensitivity"": 0.15027562791693352, ""vol_tp_multiplier"": 0.11356036566930239}",-49966.37445832009,139926.01202968528,179773.21800340805,200011.5549726027,0
2019-06-04,"{""base_buy_amount"": 54275.118692676166, ""max_daily_buy_amount"": 1077795.7500210647, ""score_threshold"": 0.7091495974575888, ""score_scale"": 0.6332328010787595, ""w_drawdown"": 2.0067777877669397, ""w_rsi"": 4.478174406918484, ""w_ma_gap_25"": 3.3580640442792937, ""w_ret_5"": 1.1882918168029866, ""w_trend"": 2.116686777791476, ""w_vol"": 1.7401571170475716, ""w_exposure"": 8.533446711440595, ""w_unrealized_loss"": 2.989436511189055, ""fixed_profit_yen"": 30745.051791508, ""base_take_profit_pct"": 0.013114321896939353, ""min_take_profit_pct"": 0.0034734254567956035, ""exposure_tp_sensitivity"": 0.7979018059546823, ""vol_tp_multiplier"": 0.9379684096974567}",-108779.82090702734,-4387.147278578646,100299.97301032208,108485.37424657533,0
2019-06-11,"{""base_buy_amount"": 184516.09414033598, ""max_daily_buy_amount"": 951666.6651832671, ""score_threshold"": -0.42970913663232047, ""score_scale"": 0.8602217764078326, ""w_drawdown"": 3.7766508639737224, ""w_rsi"": 2.168895136612965, ""w_ma_gap_25"": 2.3466346709520063, ""w_ret_5"": 0.7533648690662009, ""w_trend"": -1.9144400866147913, ""w_vol"": 4.535518110781075, ""w_exposure"": 0.44649088974278883, ""w_unrealized_loss"": 2.3285228494370624, ""fixed_profit_yen"": 16726.78852478283, ""base_take_profit_pct"": 0.01572553118724442, ""min_take_profit_pct"": 0.006278006557133164, ""exposure_tp_sensitivity"": 0.44396097826559994, ""vol_tp_multiplier"": 0.42057667278441013}",-49656.267538547254,307837.6573313534,344999.49215076026,369988.35758904106,0
2019-06-18,"{""base_buy_amount"": 54275.118692676166, ""max_daily_buy_amount"": 1077795.7500210647, ""score_threshold"": 0.7091495974575888, ""score_scale"": 0.6332328010787595, ""w_drawdown"": 2.0067777877669397, ""w_rsi"": 4.478174406918484, ""w_ma_gap_25"": 3.3580640442792937, ""w_ret_5"": 1.1882918168029866, ""w_trend"": 2.116686777791476, ""w_vol"": 1.7401571170475716, ""w_exposure"": 8.533446711440595, ""w_unrealized_loss"": 2.989436511189055, ""fixed_profit_yen"": 30745.051791508, ""base_take_profit_pct"": 0.013114321896939353, ""min_take_profit_pct"": 0.0034734254567956035, ""exposure_tp_sensitivity"": 0.7979018059546823, ""vol_tp_multiplier"": 0.9379684096974567}",-61216.0968392705,43176.5767891782,100299.97301032208,108485.37424657533,0
2019-06-25,"{""base_buy_amount"": 184516.09414033598, ""max_daily_buy_amount"": 951666.6651832671, ""score_threshold"": -0.42970913663232047, ""score_scale"": 0.8602217764078326, ""w_drawdown"": 3.7766508639737224, ""w_rsi"": 2.168895136612965, ""w_ma_gap_25"": 2.3466346709520063, ""w_ret_5"": 0.7533648690662009, ""w_trend"": -1.9144400866147913, ""w_vol"": 4.535518110781075, ""w_exposure"": 0.44649088974278883, ""w_unrealized_loss"": 2.3285228494370624, ""fixed_profit_yen"": 16726.78852478283, ""base_take_profit_pct"": 0.01572553118724442, ""min_take_profit_pct"": 0.006278006557133164, ""exposure_tp_sensitivity"": 0.44396097826559994, ""vol_tp_multiplier"": 0.42057667278441013}",-1774.3031792411057,355719.62169065955,344999.49215076026,369988.35758904106,0
2019-07-02,"{""base_buy_amount"": 184516.09414033598, ""max_daily_buy_amount"": 951666.6651832671, ""score_threshold"": -0.42970913663232047, ""score_scale"": 0.8602217764078326, ""w_drawdown"": 3.7766508639737224, ""w_rsi"": 2.168895136612965, ""w_ma_gap_25"": 2.3466346709520063, ""w_ret_5"": 0.7533648690662009, ""w_trend"": -1.9144400866147913, ""w_vol"": 4.535518110781075, ""w_exposure"": 0.44649088974278883, ""w_unrealized_loss"": 2.3285228494370624, ""fixed_profit_yen"": 16726.78852478283, ""base_take_profit_pct"": 0.01572553118724442, ""min_take_profit_pct"": 0.006278006557133164, ""exposure_tp_sensitivity"": 0.44396097826559994, ""vol_tp_multiplier"": 0.42057667278441013}",90774.47823205349,448268.40310195414,344999.49215076026,369988.35758904106,0
2019-07-09,"{""base_buy_amount"": 184516.09414033598, ""max_daily_buy_amount"": 951666.6651832671, ""score_threshold"": -0.42970913663232047, ""score_scale"": 0.8602217764078326, ""w_drawdown"": 3.7766508639737224, ""w_rsi"": 2.168895136612965, ""w_ma_gap_25"": 2.3466346709520063, ""w_ret_5"": 0.7533648690662009, ""w_trend"": -1.9144400866147913, ""w_vol"": 4.535518110781075, ""w_exposure"": 0.44649088974278883, ""w_unrealized_loss"": 2.3285228494370624, ""fixed_profit_yen"": 16726.78852478283, ""base_take_profit_pct"": 0.01572553118724442, ""min_take_profit_pct"": 0.006278006557133164, ""exposure_tp_sensitivity"": 0.44396097826559994, ""vol_tp_multiplier"": 0.42057667278441013}",48834.345154515264,406328.2700244159,344999.49215076026,369988.35758904106,0
2019-07-17,"{""base_buy_amount"": 184516.09414033598, ""max_daily_buy_amount"": 951666.6651832671, ""score_threshold"": -0.42970913663232047, ""score_scale"": 0.8602217764078326, ""w_drawdown"": 3.7766508639737224, ""w_rsi"": 2.168895136612965, ""w_ma_gap_25"": 2.3466346709520063, ""w_ret_5"": 0.7533648690662009, ""w_trend"": -1.9144400866147913, ""w_vol"": 4.535518110781075, ""w_exposure"": 0.44649088974278883, ""w_unrealized_loss"": 2.3285228494370624, ""fixed_profit_yen"": 16726.78852478283, ""base_take_profit_pct"": 0.01572553118724442, ""min_take_profit_pct"": 0.006278006557133164, ""exposure_tp_sensitivity"": 0.44396097826559994, ""vol_tp_multiplier"": 0.42057667278441013}",38312.87050426731,395806.79537416797,344999.49215076026,369988.35758904106,0
2019-07-24,"{""base_buy_amount"": 184516.09414033598, ""max_daily_buy_amount"": 951666.6651832671, ""score_threshold"": -0.42970913663232047, ""score_scale"": 0.8602217764078326, ""w_drawdown"": 3.7766508639737224, ""w_rsi"": 2.168895136612965, ""w_ma_gap_25"": 2.3466346709520063, ""w_ret_5"": 0.7533648690662009, ""w_trend"": -1.9144400866147913, ""w_vol"": 4.535518110781075, ""w_exposure"": 0.44649088974278883, ""w_unrealized_loss"": 2.3285228494370624, ""fixed_profit_yen"": 16726.78852478283, ""base_take_profit_pct"": 0.01572553118724442, ""min_take_profit_pct"": 0.006278006557133164, ""exposure_tp_sensitivity"": 0.44396097826559994, ""vol_tp_multiplier"": 0.42057667278441013}",31084.6208010783,388578.54567097896,344999.49215076026,369988.35758904106,0
2019-07-31,"{""base_buy_amount"": 184516.09414033598, ""max_daily_buy_amount"": 951666.6651832671, ""score_threshold"": -0.42970913663232047, ""score_scale"": 0.8602217764078326, ""w_drawdown"": 3.7766508639737224, ""w_rsi"": 2.168895136612965, ""w_ma_gap_25"": 2.3466346709520063, ""w_ret_5"": 0.7533648690662009, ""w_trend"": -1.9144400866147913, ""w_vol"": 4.535518110781075, ""w_exposure"": 0.44649088974278883, ""w_unrealized_loss"": 2.3285228494370624, ""fixed_profit_yen"": 16726.78852478283, ""base_take_profit_pct"": 0.01572553118724442, ""min_take_profit_pct"": 0.006278006557133164, ""exposure_tp_sensitivity"": 0.44396097826559994, ""vol_tp_multiplier"": 0.42057667278441013}",30459.20143669084,387953.12630659196,344999.4921507612,369988.35758904106,0
2019-08-07,"{""base_buy_amount"": 56994.15626345524, ""max_daily_buy_amount"": 1595156.317254063, ""score_threshold"": 0.6594034263681285, ""score_scale"": 3.673244203818508, ""w_drawdown"": 3.9036451551098397, ""w_rsi"": 2.2945788776916998, ""w_ma_gap_25"": 2.8437059797644686, ""w_ret_5"": 0.6989849906382872, ""w_trend"": -2.3128195587841596, ""w_vol"": 3.3420148089523583, ""w_exposure"": 4.710962061431325, ""w_unrealized_loss"": 5.652361064811888, ""fixed_profit_yen"": 38954.9462985532, ""base_take_profit_pct"": 0.01977211296001654, ""min_take_profit_pct"": 0.005982214605921963, ""exposure_tp_sensitivity"": 0.5032864446708722, ""vol_tp_multiplier"": 1.519750490313061}",-80592.38528815283,68601.91707825635,146751.3687328184,151637.23599999995,0
2019-08-15,"{""base_buy_amount"": 56994.15626345524, ""max_daily_buy_amount"": 1595156.317254063, ""score_threshold"": 0.6594034263681285, ""score_scale"": 3.673244203818508, ""w_drawdown"": 3.9036451551098397, ""w_rsi"": 2.2945788776916998, ""w_ma_gap_25"": 2.8437059797644686, ""w_ret_5"": 0.6989849906382872, ""w_trend"": -2.3128195587841596, ""w_vol"": 3.3420148089523583, ""w_exposure"": 4.710962061431325, ""w_unrealized_loss"": 5.652361064811888, ""fixed_profit_yen"": 38954.9462985532, ""base_take_profit_pct"": 0.01977211296001654, ""min_take_profit_pct"": 0.005982214605921963, ""exposure_tp_sensitivity"": 0.5032864446708722, ""vol_tp_multiplier"": 1.519750490313061}",-78112.11377947405,71082.18858693512,146751.3687328184,151637.23599999995,0
2019-08-22,"{""base_buy_amount"": 56994.15626345524, ""max_daily_buy_amount"": 1595156.317254063, ""score_threshold"": 0.6594034263681285, ""score_scale"": 3.673244203818508, ""w_drawdown"": 3.9036451551098397, ""w_rsi"": 2.2945788776916998, ""w_ma_gap_25"": 2.8437059797644686, ""w_ret_5"": 0.6989849906382872, ""w_trend"": -2.3128195587841596, ""w_vol"": 3.3420148089523583, ""w_exposure"": 4.710962061431325, ""w_unrealized_loss"": 5.652361064811888, ""fixed_profit_yen"": 38954.9462985532, ""base_take_profit_pct"": 0.01977211296001654, ""min_take_profit_pct"": 0.005982214605921963, ""exposure_tp_sensitivity"": 0.5032864446708722, ""vol_tp_multiplier"": 1.519750490313061}",-77139.44922024115,72054.85314616802,146751.3687328184,151637.23599999995,0
2019-08-29,"{""base_buy_amount"": 56994.15626345524, ""max_daily_buy_amount"": 1595156.317254063, ""score_threshold"": 0.6594034263681285, ""score_scale"": 3.673244203818508, ""w_drawdown"": 3.9036451551098397, ""w_rsi"": 2.2945788776916998, ""w_ma_gap_25"": 2.8437059797644686, ""w_ret_5"": 0.6989849906382872, ""w_trend"": -2.3128195587841596, ""w_vol"": 3.3420148089523583, ""w_exposure"": 4.710962061431325, ""w_unrealized_loss"": 5.652361064811888, ""fixed_profit_yen"": 38954.9462985532, ""base_take_profit_pct"": 0.01977211296001654, ""min_take_profit_pct"": 0.005982214605921963, ""exposure_tp_sensitivity"": 0.5032864446708722, ""vol_tp_multiplier"": 1.519750490313061}",-92316.07513634322,56878.22723006595,146751.3687328184,151637.23599999995,0
2019-09-05,"{""base_buy_amount"": 56994.15626345524, ""max_daily_buy_amount"": 1595156.317254063, ""score_threshold"": 0.6594034263681285, ""score_scale"": 3.673244203818508, ""w_drawdown"": 3.9036451551098397, ""w_rsi"": 2.2945788776916998, ""w_ma_gap_25"": 2.8437059797644686, ""w_ret_5"": 0.6989849906382872, ""w_trend"": -2.3128195587841596, ""w_vol"": 3.3420148089523583, ""w_exposure"": 4.710962061431325, ""w_unrealized_loss"": 5.652361064811888, ""fixed_profit_yen"": 38954.9462985532, ""base_take_profit_pct"": 0.01977211296001654, ""min_take_profit_pct"": 0.005982214605921963, ""exposure_tp_sensitivity"": 0.5032864446708722, ""vol_tp_multiplier"": 1.519750490313061}",-77127.8310112396,72066.47135517004,146751.36873281933,151637.23599999995,0
2019-09-12,"{""base_buy_amount"": 184516.09414033598, ""max_daily_buy_amount"": 951666.6651832671, ""score_threshold"": -0.42970913663232047, ""score_scale"": 0.8602217764078326, ""w_drawdown"": 3.7766508639737224, ""w_rsi"": 2.168895136612965, ""w_ma_gap_25"": 2.3466346709520063, ""w_ret_5"": 0.7533648690662009, ""w_trend"": -1.9144400866147913, ""w_vol"": 4.535518110781075, ""w_exposure"": 0.44649088974278883, ""w_unrealized_loss"": 2.3285228494370624, ""fixed_profit_yen"": 16726.78852478283, ""base_take_profit_pct"": 0.01572553118724442, ""min_take_profit_pct"": 0.006278006557133164, ""exposure_tp_sensitivity"": 0.44396097826559994, ""vol_tp_multiplier"": 0.42057667278441013}",79825.02554870394,437318.9504186046,344999.49215076026,369988.35758904106,0
2019-09-20,"{""base_buy_amount"": 184516.09414033598, ""max_daily_buy_amount"": 951666.6651832671, ""score_threshold"": -0.42970913663232047, ""score_scale"": 0.8602217764078326, ""w_drawdown"": 3.7766508639737224, ""w_rsi"": 2.168895136612965, ""w_ma_gap_25"": 2.3466346709520063, ""w_ret_5"": 0.7533648690662009, ""w_trend"": -1.9144400866147913, ""w_vol"": 4.535518110781075, ""w_exposure"": 0.44649088974278883, ""w_unrealized_loss"": 2.3285228494370624, ""fixed_profit_yen"": 16726.78852478283, ""base_take_profit_pct"": 0.01572553118724442, ""min_take_profit_pct"": 0.006278006557133164, ""exposure_tp_sensitivity"": 0.44396097826559994, ""vol_tp_multiplier"": 0.42057667278441013}",131482.7213157293,488976.64618562994,344999.49215076026,369988.35758904106,0
2019-09-30,"{""base_buy_amount"": 184516.09414033598, ""max_daily_buy_amount"": 951666.6651832671, ""score_threshold"": -0.42970913663232047, ""score_scale"": 0.8602217764078326, ""w_drawdown"": 3.7766508639737224, ""w_rsi"": 2.168895136612965, ""w_ma_gap_25"": 2.3466346709520063, ""w_ret_5"": 0.7533648690662009, ""w_trend"": -1.9144400866147913, ""w_vol"": 4.535518110781075, ""w_exposure"": 0.44649088974278883, ""w_unrealized_loss"": 2.3285228494370624, ""fixed_profit_yen"": 16726.78852478283, ""base_take_profit_pct"": 0.01572553118724442, ""min_take_profit_pct"": 0.006278006557133164, ""exposure_tp_sensitivity"": 0.44396097826559994, ""vol_tp_multiplier"": 0.42057667278441013}",115869.0021126848,473362.92698258546,344999.49215076026,369988.35758904106,0
2019-10-07,"{""base_buy_amount"": 184516.09414033598, ""max_daily_buy_amount"": 951666.6651832671, ""score_threshold"": -0.42970913663232047, ""score_scale"": 0.8602217764078326, ""w_drawdown"": 3.7766508639737224, ""w_rsi"": 2.168895136612965, ""w_ma_gap_25"": 2.3466346709520063, ""w_ret_5"": 0.7533648690662009, ""w_trend"": -1.9144400866147913, ""w_vol"": 4.535518110781075, ""w_exposure"": 0.44649088974278883, ""w_unrealized_loss"": 2.3285228494370624, ""fixed_profit_yen"": 16726.78852478283, ""base_take_profit_pct"": 0.01572553118724442, ""min_take_profit_pct"": 0.006278006557133164, ""exposure_tp_sensitivity"": 0.44396097826559994, ""vol_tp_multiplier"": 0.42057667278441013}",77411.97356254715,434905.8984324478,344999.49215076026,369988.35758904106,0
2019-10-15,"{""base_buy_amount"": 184516.09414033598, ""max_daily_buy_amount"": 951666.6651832671, ""score_threshold"": -0.42970913663232047, ""score_scale"": 0.8602217764078326, ""w_drawdown"": 3.7766508639737224, ""w_rsi"": 2.168895136612965, ""w_ma_gap_25"": 2.3466346709520063, ""w_ret_5"": 0.7533648690662009, ""w_trend"": -1.9144400866147913, ""w_vol"": 4.535518110781075, ""w_exposure"": 0.44649088974278883, ""w_unrealized_loss"": 2.3285228494370624, ""fixed_profit_yen"": 16726.78852478283, ""base_take_profit_pct"": 0.01572553118724442, ""min_take_profit_pct"": 0.006278006557133164, ""exposure_tp_sensitivity"": 0.44396097826559994, ""vol_tp_multiplier"": 0.42057667278441013}",119082.29976244105,476576.2246323417,344999.49215076026,369988.35758904106,0
2019-10-23,"{""base_buy_amount"": 184516.09414033598, ""max_daily_buy_amount"": 951666.6651832671, ""score_threshold"": -0.42970913663232047, ""score_scale"": 0.8602217764078326, ""w_drawdown"": 3.7766508639737224, ""w_rsi"": 2.168895136612965, ""w_ma_gap_25"": 2.3466346709520063, ""w_ret_5"": 0.7533648690662009, ""w_trend"": -1.9144400866147913, ""w_vol"": 4.535518110781075, ""w_exposure"": 0.44649088974278883, ""w_unrealized_loss"": 2.3285228494370624, ""fixed_profit_yen"": 16726.78852478283, ""base_take_profit_pct"": 0.01572553118724442, ""min_take_profit_pct"": 0.006278006557133164, ""exposure_tp_sensitivity"": 0.44396097826559994, ""vol_tp_multiplier"": 0.42057667278441013}",183702.20612756713,541196.1309974678,344999.49215076026,369988.35758904106,0
2019-10-30,"{""base_buy_amount"": 184516.09414033598, ""max_daily_buy_amount"": 951666.6651832671, ""score_threshold"": -0.42970913663232047, ""score_scale"": 0.8602217764078326, ""w_drawdown"": 3.7766508639737224, ""w_rsi"": 2.168895136612965, ""w_ma_gap_25"": 2.3466346709520063, ""w_ret_5"": 0.7533648690662009, ""w_trend"": -1.9144400866147913, ""w_vol"": 4.535518110781075, ""w_exposure"": 0.44649088974278883, ""w_unrealized_loss"": 2.3285228494370624, ""fixed_profit_yen"": 16726.78852478283, ""base_take_profit_pct"": 0.01572553118724442, ""min_take_profit_pct"": 0.006278006557133164, ""exposure_tp_sensitivity"": 0.44396097826559994, ""vol_tp_multiplier"": 0.42057667278441013}",220759.8484713996,555265.6099988342,324487.6621781569,344523.8608767123,0
2019-11-07,"{""base_buy_amount"": 785258.2461281652, ""max_daily_buy_amount"": 933869.0355288994, ""score_threshold"": 1.4343916796455298, ""score_scale"": 3.6381561307671375, ""w_drawdown"": 0.47088673943824766, ""w_rsi"": 4.878111758183779, ""w_ma_gap_25"": 3.805698509951765, ""w_ret_5"": 3.930321526384769, ""w_trend"": -2.2313182039467248, ""w_vol"": 2.251929689477836, ""w_exposure"": 3.7079802423258124, ""w_unrealized_loss"": 9.267649888486018, ""fixed_profit_yen"": 33261.660643791234, ""base_take_profit_pct"": 0.02503732517158324, ""min_take_profit_pct"": 0.00499072778944598, ""exposure_tp_sensitivity"": 0.2045148496062992, ""vol_tp_multiplier"": 2.772923935079174}",511940.0643758412,1733127.241566707,1215916.4412584445,1226457.913123287,0
2019-11-14,"{""base_buy_amount"": 785258.2461281652, ""max_daily_buy_amount"": 933869.0355288994, ""score_threshold"": 1.4343916796455298, ""score_scale"": 3.6381561307671375, ""w_drawdown"": 0.47088673943824766, ""w_rsi"": 4.878111758183779, ""w_ma_gap_25"": 3.805698509951765, ""w_ret_5"": 3.930321526384769, ""w_trend"": -2.2313182039467248, ""w_vol"": 2.251929689477836, ""w_exposure"": 3.7079802423258124, ""w_unrealized_loss"": 9.267649888486018, ""fixed_profit_yen"": 33261.660643791234, ""base_take_profit_pct"": 0.02503732517158324, ""min_take_profit_pct"": 0.00499072778944598, ""exposure_tp_sensitivity"": 0.2045148496062992, ""vol_tp_multiplier"": 2.772923935079174}",976654.7030719176,1904489.997093484,964860.2047143662,890810.3833287667,0
2019-11-21,"{""base_buy_amount"": 785258.2461281652, ""max_daily_buy_amount"": 933869.0355288994, ""score_threshold"": 1.4343916796455298, ""score_scale"": 3.6381561307671375, ""w_drawdown"": 0.47088673943824766, ""w_rsi"": 4.878111758183779, ""w_ma_gap_25"": 3.805698509951765, ""w_ret_5"": 3.930321526384769, ""w_trend"": -2.2313182039467248, ""w_vol"": 2.251929689477836, ""w_exposure"": 3.7079802423258124, ""w_unrealized_loss"": 9.267649888486018, ""fixed_profit_yen"": 33261.660643791234, ""base_take_profit_pct"": 0.02503732517158324, ""min_take_profit_pct"": 0.00499072778944598, ""exposure_tp_sensitivity"": 0.2045148496062992, ""vol_tp_multiplier"": 2.772923935079174}",848387.6035416455,1776222.8975632119,964860.2047143662,890810.3833287667,0
2019-11-28,"{""base_buy_amount"": 785258.2461281652, ""max_daily_buy_amount"": 933869.0355288994, ""score_threshold"": 1.4343916796455298, ""score_scale"": 3.6381561307671375, ""w_drawdown"": 0.47088673943824766, ""w_rsi"": 4.878111758183779, ""w_ma_gap_25"": 3.805698509951765, ""w_ret_5"": 3.930321526384769, ""w_trend"": -2.2313182039467248, ""w_vol"": 2.251929689477836, ""w_exposure"": 3.7079802423258124, ""w_unrealized_loss"": 9.267649888486018, ""fixed_profit_yen"": 33261.660643791234, ""base_take_profit_pct"": 0.02503732517158324, ""min_take_profit_pct"": 0.00499072778944598, ""exposure_tp_sensitivity"": 0.2045148496062992, ""vol_tp_multiplier"": 2.772923935079174}",848387.6035416455,1776222.8975632119,964860.2047143662,890810.3833287667,0
2019-12-05,"{""base_buy_amount"": 785258.2461281652, ""max_daily_buy_amount"": 933869.0355288994, ""score_threshold"": 1.4343916796455298, ""score_scale"": 3.6381561307671375, ""w_drawdown"": 0.47088673943824766, ""w_rsi"": 4.878111758183779, ""w_ma_gap_25"": 3.805698509951765, ""w_ret_5"": 3.930321526384769, ""w_trend"": -2.2313182039467248, ""w_vol"": 2.251929689477836, ""w_exposure"": 3.7079802423258124, ""w_unrealized_loss"": 9.267649888486018, ""fixed_profit_yen"": 33261.660643791234, ""base_take_profit_pct"": 0.02503732517158324, ""min_take_profit_pct"": 0.00499072778944598, ""exposure_tp_sensitivity"": 0.2045148496062992, ""vol_tp_multiplier"": 2.772923935079174}",801898.3681965063,1729733.6622180727,964860.2047143662,890810.3833287667,0
2019-12-12,"{""base_buy_amount"": 785258.2461281652, ""max_daily_buy_amount"": 933869.0355288994, ""score_threshold"": 1.4343916796455298, ""score_scale"": 3.6381561307671375, ""w_drawdown"": 0.47088673943824766, ""w_rsi"": 4.878111758183779, ""w_ma_gap_25"": 3.805698509951765, ""w_ret_5"": 3.930321526384769, ""w_trend"": -2.2313182039467248, ""w_vol"": 2.251929689477836, ""w_exposure"": 3.7079802423258124, ""w_unrealized_loss"": 9.267649888486018, ""fixed_profit_yen"": 33261.660643791234, ""base_take_profit_pct"": 0.02503732517158324, ""min_take_profit_pct"": 0.00499072778944598, ""exposure_tp_sensitivity"": 0.2045148496062992, ""vol_tp_multiplier"": 2.772923935079174}",659930.406132062,1587765.7001536284,964860.2047143662,890810.3833287667,0
2019-12-19,"{""base_buy_amount"": 785258.2461281652, ""max_daily_buy_amount"": 933869.0355288994, ""score_threshold"": 1.4343916796455298, ""score_scale"": 3.6381561307671375, ""w_drawdown"": 0.47088673943824766, ""w_rsi"": 4.878111758183779, ""w_ma_gap_25"": 3.805698509951765, ""w_ret_5"": 3.930321526384769, ""w_trend"": -2.2313182039467248, ""w_vol"": 2.251929689477836, ""w_exposure"": 3.7079802423258124, ""w_unrealized_loss"": 9.267649888486018, ""fixed_profit_yen"": 33261.660643791234, ""base_take_profit_pct"": 0.02503732517158324, ""min_take_profit_pct"": 0.00499072778944598, ""exposure_tp_sensitivity"": 0.2045148496062992, ""vol_tp_multiplier"": 2.772923935079174}",659930.406132062,1587765.7001536284,964860.2047143662,890810.3833287667,0
2019-12-26,"{""base_buy_amount"": 654587.925002388, ""max_daily_buy_amount"": 1187584.984921411, ""score_threshold"": -1.4194789813398012, ""score_scale"": 4.757110041011428, ""w_drawdown"": 1.5067131625735897, ""w_rsi"": 2.8900860790377108, ""w_ma_gap_25"": 3.498879722945331, ""w_ret_5"": 3.2461657762265443, ""w_trend"": 2.643566458173111, ""w_vol"": 0.74219494960029, ""w_exposure"": 5.083527384469421, ""w_unrealized_loss"": 4.04034390740766, ""fixed_profit_yen"": 25285.93028568305, ""base_take_profit_pct"": 0.0053380907335368495, ""min_take_profit_pct"": 0.002206851488854888, ""exposure_tp_sensitivity"": 0.25026799120313165, ""vol_tp_multiplier"": 1.5235230188041564}",747348.0021817598,1539218.843737434,785089.9324812116,798651.7506301367,0
2020-01-08,"{""base_buy_amount"": 785258.2461281652, ""max_daily_buy_amount"": 933869.0355288994, ""score_threshold"": 1.4343916796455298, ""score_scale"": 3.6381561307671375, ""w_drawdown"": 0.47088673943824766, ""w_rsi"": 4.878111758183779, ""w_ma_gap_25"": 3.805698509951765, ""w_ret_5"": 3.930321526384769, ""w_trend"": -2.2313182039467248, ""w_vol"": 2.251929689477836, ""w_exposure"": 3.7079802423258124, ""w_unrealized_loss"": 9.267649888486018, ""fixed_profit_yen"": 33261.660643791234, ""base_take_profit_pct"": 0.02503732517158324, ""min_take_profit_pct"": 0.00499072778944598, ""exposure_tp_sensitivity"": 0.2045148496062992, ""vol_tp_multiplier"": 2.772923935079174}",892852.1468999148,1455122.6750282708,575735.8476265753,548805.2086301367,0
2020-01-16,"{""base_buy_amount"": 785258.2461281652, ""max_daily_buy_amount"": 933869.0355288994, ""score_threshold"": 1.4343916796455298, ""score_scale"": 3.6381561307671375, ""w_drawdown"": 0.47088673943824766, ""w_rsi"": 4.878111758183779, ""w_ma_gap_25"": 3.805698509951765, ""w_ret_5"": 3.930321526384769, ""w_trend"": -2.2313182039467248, ""w_vol"": 2.251929689477836, ""w_exposure"": 3.7079802423258124, ""w_unrealized_loss"": 9.267649888486018, ""fixed_profit_yen"": 33261.660643791234, ""base_take_profit_pct"": 0.02503732517158324, ""min_take_profit_pct"": 0.00499072778944598, ""exposure_tp_sensitivity"": 0.2045148496062992, ""vol_tp_multiplier"": 2.772923935079174}",829010.3296819928,1391280.8578103483,575735.8476265743,548805.2086301367,0
2020-01-23,"{""base_buy_amount"": 654587.925002388, ""max_daily_buy_amount"": 1187584.984921411, ""score_threshold"": -1.4194789813398012, ""score_scale"": 4.757110041011428, ""w_drawdown"": 1.5067131625735897, ""w_rsi"": 2.8900860790377108, ""w_ma_gap_25"": 3.498879722945331, ""w_ret_5"": 3.2461657762265443, ""w_trend"": 2.643566458173111, ""w_vol"": 0.74219494960029, ""w_exposure"": 5.083527384469421, ""w_unrealized_loss"": 4.04034390740766, ""fixed_profit_yen"": 25285.93028568305, ""base_take_profit_pct"": 0.0053380907335368495, ""min_take_profit_pct"": 0.002206851488854888, ""exposure_tp_sensitivity"": 0.25026799120313165, ""vol_tp_multiplier"": 1.5235230188041564}",753158.9107688784,1542090.373197874,780285.4993785396,797577.4254794518,0
2020-01-30,"{""base_buy_amount"": 785258.2461281652, ""max_daily_buy_amount"": 933869.0355288994, ""score_threshold"": 1.4343916796455298, ""score_scale"": 3.6381561307671375, ""w_drawdown"": 0.47088673943824766, ""w_rsi"": 4.878111758183779, ""w_ma_gap_25"": 3.805698509951765, ""w_ret_5"": 3.930321526384769, ""w_trend"": -2.2313182039467248, ""w_vol"": 2.251929689477836, ""w_exposure"": 3.7079802423258124, ""w_unrealized_loss"": 9.267649888486018, ""fixed_profit_yen"": 33261.660643791234, ""base_take_profit_pct"": 0.02503732517158324, ""min_take_profit_pct"": 0.00499072778944598, ""exposure_tp_sensitivity"": 0.2045148496062992, ""vol_tp_multiplier"": 2.772923935079174}",579511.2505870136,1141781.7787153695,575735.8476265753,548805.2086301367,0
2020-02-06,"{""base_buy_amount"": 785258.2461281652, ""max_daily_buy_amount"": 933869.0355288994, ""score_threshold"": 1.4343916796455298, ""score_scale"": 3.6381561307671375, ""w_drawdown"": 0.47088673943824766, ""w_rsi"": 4.878111758183779, ""w_ma_gap_25"": 3.805698509951765, ""w_ret_5"": 3.930321526384769, ""w_trend"": -2.2313182039467248, ""w_vol"": 2.251929689477836, ""w_exposure"": 3.7079802423258124, ""w_unrealized_loss"": 9.267649888486018, ""fixed_profit_yen"": 33261.660643791234, ""base_take_profit_pct"": 0.02503732517158324, ""min_take_profit_pct"": 0.00499072778944598, ""exposure_tp_sensitivity"": 0.2045148496062992, ""vol_tp_multiplier"": 2.772923935079174}",585882.3369375819,1148152.8650659379,575735.8476265753,548805.2086301367,0
2020-02-14,"{""base_buy_amount"": 654587.925002388, ""max_daily_buy_amount"": 1187584.984921411, ""score_threshold"": -1.4194789813398012, ""score_scale"": 4.757110041011428, ""w_drawdown"": 1.5067131625735897, ""w_rsi"": 2.8900860790377108, ""w_ma_gap_25"": 3.498879722945331, ""w_ret_5"": 3.2461657762265443, ""w_trend"": 2.643566458173111, ""w_vol"": 0.74219494960029, ""w_exposure"": 5.083527384469421, ""w_unrealized_loss"": 4.04034390740766, ""fixed_profit_yen"": 25285.93028568305, ""base_take_profit_pct"": 0.0053380907335368495, ""min_take_profit_pct"": 0.002206851488854888, ""exposure_tp_sensitivity"": 0.25026799120313165, ""vol_tp_multiplier"": 1.5235230188041564}",829480.47724031,1618411.9396693057,780285.4993785396,797577.4254794518,0
2020-02-21,"{""base_buy_amount"": 785258.2461281652, ""max_daily_buy_amount"": 933869.0355288994, ""score_threshold"": 1.4343916796455298, ""score_scale"": 3.6381561307671375, ""w_drawdown"": 0.47088673943824766, ""w_rsi"": 4.878111758183779, ""w_ma_gap_25"": 3.805698509951765, ""w_ret_5"": 3.930321526384769, ""w_trend"": -2.2313182039467248, ""w_vol"": 2.251929689477836, ""w_exposure"": 3.7079802423258124, ""w_unrealized_loss"": 9.267649888486018, ""fixed_profit_yen"": 33261.660643791234, ""base_take_profit_pct"": 0.02503732517158324, ""min_take_profit_pct"": 0.00499072778944598, ""exposure_tp_sensitivity"": 0.2045148496062992, ""vol_tp_multiplier"": 2.772923935079174}",700947.5400227511,1263218.068151107,575735.8476265753,548805.2086301367,0
2020-03-02,"{""base_buy_amount"": 785258.2461281652, ""max_daily_buy_amount"": 933869.0355288994, ""score_threshold"": 1.4343916796455298, ""score_scale"": 3.6381561307671375, ""w_drawdown"": 0.47088673943824766, ""w_rsi"": 4.878111758183779, ""w_ma_gap_25"": 3.805698509951765, ""w_ret_5"": 3.930321526384769, ""w_trend"": -2.2313182039467248, ""w_vol"": 2.251929689477836, ""w_exposure"": 3.7079802423258124, ""w_unrealized_loss"": 9.267649888486018, ""fixed_profit_yen"": 33261.660643791234, ""base_take_profit_pct"": 0.02503732517158324, ""min_take_profit_pct"": 0.00499072778944598, ""exposure_tp_sensitivity"": 0.2045148496062992, ""vol_tp_multiplier"": 2.772923935079174}",280451.1588366488,842721.6869650043,575735.8476265743,548805.2086301367,0
2020-03-09,"{""base_buy_amount"": 302576.46338654356, ""max_daily_buy_amount"": 1941435.1169606755, ""score_threshold"": 1.1150036158631784, ""score_scale"": 3.72600585121548, ""w_drawdown"": 2.246807510718943, ""w_rsi"": 1.361207809225795, ""w_ma_gap_25"": 0.48195481076749647, ""w_ret_5"": 4.513011982719208, ""w_trend"": -0.2653422609983336, ""w_vol"": 1.0118168239761516, ""w_exposure"": 3.0595662415065252, ""w_unrealized_loss"": 5.79219568941896, ""fixed_profit_yen"": 11308.32079814389, ""base_take_profit_pct"": 0.025985199954586514, ""min_take_profit_pct"": 0.00782667576851689, ""exposure_tp_sensitivity"": 0.6475166603558431, ""vol_tp_multiplier"": 2.1604651988755186}",101915.70159891006,390801.66435622127,283084.21148722526,294687.71402739716,0
2020-03-16,"{""base_buy_amount"": 56994.15626345524, ""max_daily_buy_amount"": 1595156.317254063, ""score_threshold"": 0.6594034263681285, ""score_scale"": 3.673244203818508, ""w_drawdown"": 3.9036451551098397, ""w_rsi"": 2.2945788776916998, ""w_ma_gap_25"": 2.8437059797644686, ""w_ret_5"": 0.6989849906382872, ""w_trend"": -2.3128195587841596, ""w_vol"": 3.3420148089523583, ""w_exposure"": 4.710962061431325, ""w_unrealized_loss"": 5.652361064811888, ""fixed_profit_yen"": 38954.9462985532, ""base_take_profit_pct"": 0.01977211296001654, ""min_take_profit_pct"": 0.005982214605921963, ""exposure_tp_sensitivity"": 0.5032864446708722, ""vol_tp_multiplier"": 1.519750490313061}",-210110.92163899954,-48128.05132695194,159811.488706287,164154.2519178082,0
2020-03-24,"{""base_buy_amount"": 56994.15626345524, ""max_daily_buy_amount"": 1595156.317254063, ""score_threshold"": 0.6594034263681285, ""score_scale"": 3.673244203818508, ""w_drawdown"": 3.9036451551098397, ""w_rsi"": 2.2945788776916998, ""w_ma_gap_25"": 2.8437059797644686, ""w_ret_5"": 0.6989849906382872, ""w_trend"": -2.3128195587841596, ""w_vol"": 3.3420148089523583, ""w_exposure"": 4.710962061431325, ""w_unrealized_loss"": 5.652361064811888, ""fixed_profit_yen"": 38954.9462985532, ""base_take_profit_pct"": 0.01977211296001654, ""min_take_profit_pct"": 0.005982214605921963, ""exposure_tp_sensitivity"": 0.5032864446708722, ""vol_tp_multiplier"": 1.519750490313061}",-301678.77379958506,-82481.09749336974,215462.95583160874,222932.3967808219,0
2020-03-31,"{""base_buy_amount"": 56994.15626345524, ""max_daily_buy_amount"": 1595156.317254063, ""score_threshold"": 0.6594034263681285, ""score_scale"": 3.673244203818508, ""w_drawdown"": 3.9036451551098397, ""w_rsi"": 2.2945788776916998, ""w_ma_gap_25"": 2.8437059797644686, ""w_ret_5"": 0.6989849906382872, ""w_trend"": -2.3128195587841596, ""w_vol"": 3.3420148089523583, ""w_exposure"": 4.710962061431325, ""w_unrealized_loss"": 5.652361064811888, ""fixed_profit_yen"": 38954.9462985532, ""base_take_profit_pct"": 0.01977211296001654, ""min_take_profit_pct"": 0.005982214605921963, ""exposure_tp_sensitivity"": 0.5032864446708722, ""vol_tp_multiplier"": 1.519750490313061}",-147779.96358218254,71417.7127240323,215462.9558316078,222932.3967808219,0
2020-04-07,"{""base_buy_amount"": 56994.15626345524, ""max_daily_buy_amount"": 1595156.317254063, ""score_threshold"": 0.6594034263681285, ""score_scale"": 3.673244203818508, ""w_drawdown"": 3.9036451551098397, ""w_rsi"": 2.2945788776916998, ""w_ma_gap_25"": 2.8437059797644686, ""w_ret_5"": 0.6989849906382872, ""w_trend"": -2.3128195587841596, ""w_vol"": 3.3420148089523583, ""w_exposure"": 4.710962061431325, ""w_unrealized_loss"": 5.652361064811888, ""fixed_profit_yen"": 38954.9462985532, ""base_take_profit_pct"": 0.01977211296001654, ""min_take_profit_pct"": 0.005982214605921963, ""exposure_tp_sensitivity"": 0.5032864446708722, ""vol_tp_multiplier"": 1.519750490313061}",-168399.48733649123,50798.188969724084,215462.95583160874,222932.3967808219,0
2020-04-14,"{""base_buy_amount"": 56994.15626345524, ""max_daily_buy_amount"": 1595156.317254063, ""score_threshold"": 0.6594034263681285, ""score_scale"": 3.673244203818508, ""w_drawdown"": 3.9036451551098397, ""w_rsi"": 2.2945788776916998, ""w_ma_gap_25"": 2.8437059797644686, ""w_ret_5"": 0.6989849906382872, ""w_trend"": -2.3128195587841596, ""w_vol"": 3.3420148089523583, ""w_exposure"": 4.710962061431325, ""w_unrealized_loss"": 5.652361064811888, ""fixed_profit_yen"": 38954.9462985532, ""base_take_profit_pct"": 0.01977211296001654, ""min_take_profit_pct"": 0.005982214605921963, ""exposure_tp_sensitivity"": 0.5032864446708722, ""vol_tp_multiplier"": 1.519750490313061}",-144303.7268557921,74893.94945042273,215462.9558316078,222932.3967808219,0
2020-04-21,"{""base_buy_amount"": 56994.15626345524, ""max_daily_buy_amount"": 1595156.317254063, ""score_threshold"": 0.6594034263681285, ""score_scale"": 3.673244203818508, ""w_drawdown"": 3.9036451551098397, ""w_rsi"": 2.2945788776916998, ""w_ma_gap_25"": 2.8437059797644686, ""w_ret_5"": 0.6989849906382872, ""w_trend"": -2.3128195587841596, ""w_vol"": 3.3420148089523583, ""w_exposure"": 4.710962061431325, ""w_unrealized_loss"": 5.652361064811888, ""fixed_profit_yen"": 38954.9462985532, ""base_take_profit_pct"": 0.01977211296001654, ""min_take_profit_pct"": 0.005982214605921963, ""exposure_tp_sensitivity"": 0.5032864446708722, ""vol_tp_multiplier"": 1.519750490313061}",-113061.11875247295,106136.5575537419,215462.9558316078,222932.3967808219,0
2020-04-28,"{""base_buy_amount"": 56994.15626345524, ""max_daily_buy_amount"": 1595156.317254063, ""score_threshold"": 0.6594034263681285, ""score_scale"": 3.673244203818508, ""w_drawdown"": 3.9036451551098397, ""w_rsi"": 2.2945788776916998, ""w_ma_gap_25"": 2.8437059797644686, ""w_ret_5"": 0.6989849906382872, ""w_trend"": -2.3128195587841596, ""w_vol"": 3.3420148089523583, ""w_exposure"": 4.710962061431325, ""w_unrealized_loss"": 5.652361064811888, ""fixed_profit_yen"": 38954.9462985532, ""base_take_profit_pct"": 0.01977211296001654, ""min_take_profit_pct"": 0.005982214605921963, ""exposure_tp_sensitivity"": 0.5032864446708722, ""vol_tp_multiplier"": 1.519750490313061}",-109831.77838260993,109365.89792360492,215462.9558316078,222932.3967808219,0
2020-05-11,"{""base_buy_amount"": 56994.15626345524, ""max_daily_buy_amount"": 1595156.317254063, ""score_threshold"": 0.6594034263681285, ""score_scale"": 3.673244203818508, ""w_drawdown"": 3.9036451551098397, ""w_rsi"": 2.2945788776916998, ""w_ma_gap_25"": 2.8437059797644686, ""w_ret_5"": 0.6989849906382872, ""w_trend"": -2.3128195587841596, ""w_vol"": 3.3420148089523583, ""w_exposure"": 4.710962061431325, ""w_unrealized_loss"": 5.652361064811888, ""fixed_profit_yen"": 38954.9462985532, ""base_take_profit_pct"": 0.01977211296001654, ""min_take_profit_pct"": 0.005982214605921963, ""exposure_tp_sensitivity"": 0.5032864446708722, ""vol_tp_multiplier"": 1.519750490313061}",-93777.65342063595,125420.0228855789,215462.9558316078,222932.3967808219,0
2020-05-18,"{""base_buy_amount"": 56994.15626345524, ""max_daily_buy_amount"": 1595156.317254063, ""score_threshold"": 0.6594034263681285, ""score_scale"": 3.673244203818508, ""w_drawdown"": 3.9036451551098397, ""w_rsi"": 2.2945788776916998, ""w_ma_gap_25"": 2.8437059797644686, ""w_ret_5"": 0.6989849906382872, ""w_trend"": -2.3128195587841596, ""w_vol"": 3.3420148089523583, ""w_exposure"": 4.710962061431325, ""w_unrealized_loss"": 5.652361064811888, ""fixed_profit_yen"": 38954.9462985532, ""base_take_profit_pct"": 0.01977211296001654, ""min_take_profit_pct"": 0.005982214605921963, ""exposure_tp_sensitivity"": 0.5032864446708722, ""vol_tp_multiplier"": 1.519750490313061}",-99256.73994406677,119940.93636214809,215462.9558316078,222932.3967808219,0
2020-05-25,"{""base_buy_amount"": 56994.15626345524, ""max_daily_buy_amount"": 1595156.317254063, ""score_threshold"": 0.6594034263681285, ""score_scale"": 3.673244203818508, ""w_drawdown"": 3.9036451551098397, ""w_rsi"": 2.2945788776916998, ""w_ma_gap_25"": 2.8437059797644686, ""w_ret_5"": 0.6989849906382872, ""w_trend"": -2.3128195587841596, ""w_vol"": 3.3420148089523583, ""w_exposure"": 4.710962061431325, ""w_unrealized_loss"": 5.652361064811888, ""fixed_profit_yen"": 38954.9462985532, ""base_take_profit_pct"": 0.01977211296001654, ""min_take_profit_pct"": 0.005982214605921963, ""exposure_tp_sensitivity"": 0.5032864446708722, ""vol_tp_multiplier"": 1.519750490313061}",-87906.66483003667,131291.0114761782,215462.9558316078,222932.3967808219,0
2020-06-01,"{""base_buy_amount"": 56994.15626345524, ""max_daily_buy_amount"": 1595156.317254063, ""score_threshold"": 0.6594034263681285, ""score_scale"": 3.673244203818508, ""w_drawdown"": 3.9036451551098397, ""w_rsi"": 2.2945788776916998, ""w_ma_gap_25"": 2.8437059797644686, ""w_ret_5"": 0.6989849906382872, ""w_trend"": -2.3128195587841596, ""w_vol"": 3.3420148089523583, ""w_exposure"": 4.710962061431325, ""w_unrealized_loss"": 5.652361064811888, ""fixed_profit_yen"": 38954.9462985532, ""base_take_profit_pct"": 0.01977211296001654, ""min_take_profit_pct"": 0.005982214605921963, ""exposure_tp_sensitivity"": 0.5032864446708722, ""vol_tp_multiplier"": 1.519750490313061}",-47607.036987240106,171590.63931897475,215462.9558316078,222932.3967808219,0
2020-06-08,"{""base_buy_amount"": 79276.94283954243, ""max_daily_buy_amount"": 929763.0395414885, ""score_threshold"": -1.1416613087218832, ""score_scale"": 2.3383788967608625, ""w_drawdown"": 4.26701536634083, ""w_rsi"": 1.1696974293267037, ""w_ma_gap_25"": 0.2915137084453301, ""w_ret_5"": 1.4069194601099828, ""w_trend"": -1.2384374533998983, ""w_vol"": 3.3095825736344753, ""w_exposure"": 5.570321523412783, ""w_unrealized_loss"": 7.8389820910641355, ""fixed_profit_yen"": 34222.73639538721, ""base_take_profit_pct"": 0.013378832120321973, ""min_take_profit_pct"": 0.008326183461994312, ""exposure_tp_sensitivity"": 0.15027562791693352, ""vol_tp_multiplier"": 0.11356036566930239}",-29599.975103614037,289829.8811975734,311477.87660237495,327381.8359999999,0
2020-06-15,"{""base_buy_amount"": 79276.94283954243, ""max_daily_buy_amount"": 929763.0395414885, ""score_threshold"": -1.1416613087218832, ""score_scale"": 2.3383788967608625, ""w_drawdown"": 4.26701536634083, ""w_rsi"": 1.1696974293267037, ""w_ma_gap_25"": 0.2915137084453301, ""w_ret_5"": 1.4069194601099828, ""w_trend"": -1.2384374533998983, ""w_vol"": 3.3095825736344753, ""w_exposure"": 5.570321523412783, ""w_unrealized_loss"": 7.8389820910641355, ""fixed_profit_yen"": 34222.73639538721, ""base_take_profit_pct"": 0.013378832120321973, ""min_take_profit_pct"": 0.008326183461994312, ""exposure_tp_sensitivity"": 0.15027562791693352, ""vol_tp_multiplier"": 0.11356036566930239}",-37161.79595417436,282268.0603470126,311477.876602374,327381.8359999999,0
2020-06-22,"{""base_buy_amount"": 79276.94283954243, ""max_daily_buy_amount"": 929763.0395414885, ""score_threshold"": -1.1416613087218832, ""score_scale"": 2.3383788967608625, ""w_drawdown"": 4.26701536634083, ""w_rsi"": 1.1696974293267037, ""w_ma_gap_25"": 0.2915137084453301, ""w_ret_5"": 1.4069194601099828, ""w_trend"": -1.2384374533998983, ""w_vol"": 3.3095825736344753, ""w_exposure"": 5.570321523412783, ""w_unrealized_loss"": 7.8389820910641355, ""fixed_profit_yen"": 34222.73639538721, ""base_take_profit_pct"": 0.013378832120321973, ""min_take_profit_pct"": 0.008326183461994312, ""exposure_tp_sensitivity"": 0.15027562791693352, ""vol_tp_multiplier"": 0.11356036566930239}",-43484.27077129466,275945.58552989276,311477.87660237495,327381.8359999999,0
2020-06-29,"{""base_buy_amount"": 79276.94283954243, ""max_daily_buy_amount"": 929763.0395414885, ""score_threshold"": -1.1416613087218832, ""score_scale"": 2.3383788967608625, ""w_drawdown"": 4.26701536634083, ""w_rsi"": 1.1696974293267037, ""w_ma_gap_25"": 0.2915137084453301, ""w_ret_5"": 1.4069194601099828, ""w_trend"": -1.2384374533998983, ""w_vol"": 3.3095825736344753, ""w_exposure"": 5.570321523412783, ""w_unrealized_loss"": 7.8389820910641355, ""fixed_profit_yen"": 34222.73639538721, ""base_take_profit_pct"": 0.013378832120321973, ""min_take_profit_pct"": 0.008326183461994312, ""exposure_tp_sensitivity"": 0.15027562791693352, ""vol_tp_multiplier"": 0.11356036566930239}",-51011.29887303931,268418.55742814764,311477.876602374,327381.8359999999,0
2020-07-06,"{""base_buy_amount"": 56994.15626345524, ""max_daily_buy_amount"": 1595156.317254063, ""score_threshold"": 0.6594034263681285, ""score_scale"": 3.673244203818508, ""w_drawdown"": 3.9036451551098397, ""w_rsi"": 2.2945788776916998, ""w_ma_gap_25"": 2.8437059797644686, ""w_ret_5"": 0.6989849906382872, ""w_trend"": -2.3128195587841596, ""w_vol"": 3.3420148089523583, ""w_exposure"": 4.710962061431325, ""w_unrealized_loss"": 5.652361064811888, ""fixed_profit_yen"": 38954.9462985532, ""base_take_profit_pct"": 0.01977211296001654, ""min_take_profit_pct"": 0.005982214605921963, ""exposure_tp_sensitivity"": 0.5032864446708722, ""vol_tp_multiplier"": 1.519750490313061}",-57329.0403413724,161868.63596484245,215462.9558316078,222932.3967808219,0
2020-07-13,"{""base_buy_amount"": 79276.94283954243, ""max_daily_buy_amount"": 929763.0395414885, ""score_threshold"": -1.1416613087218832, ""score_scale"": 2.3383788967608625, ""w_drawdown"": 4.26701536634083, ""w_rsi"": 1.1696974293267037, ""w_ma_gap_25"": 0.2915137084453301, ""w_ret_5"": 1.4069194601099828, ""w_trend"": -1.2384374533998983, ""w_vol"": 3.3095825736344753, ""w_exposure"": 5.570321523412783, ""w_unrealized_loss"": 7.8389820910641355, ""fixed_profit_yen"": 34222.73639538721, ""base_take_profit_pct"": 0.013378832120321973, ""min_take_profit_pct"": 0.008326183461994312, ""exposure_tp_sensitivity"": 0.15027562791693352, ""vol_tp_multiplier"": 0.11356036566930239}",-66184.77746976065,253245.07883142677,311477.87660237495,327381.8359999999,0
2020-07-20,"{""base_buy_amount"": 79276.94283954243, ""max_daily_buy_amount"": 929763.0395414885, ""score_threshold"": -1.1416613087218832, ""score_scale"": 2.3383788967608625, ""w_drawdown"": 4.26701536634083, ""w_rsi"": 1.1696974293267037, ""w_ma_gap_25"": 0.2915137084453301, ""w_ret_5"": 1.4069194601099828, ""w_trend"": -1.2384374533998983, ""w_vol"": 3.3095825736344753, ""w_exposure"": 5.570321523412783, ""w_unrealized_loss"": 7.8389820910641355, ""fixed_profit_yen"": 34222.73639538721, ""base_take_profit_pct"": 0.013378832120321973, ""min_take_profit_pct"": 0.008326183461994312, ""exposure_tp_sensitivity"": 0.15027562791693352, ""vol_tp_multiplier"": 0.11356036566930239}",-65050.3811406024,254379.47516058502,311477.87660237495,327381.8359999999,0
2020-07-29,"{""base_buy_amount"": 79276.94283954243, ""max_daily_buy_amount"": 929763.0395414885, ""score_threshold"": -1.1416613087218832, ""score_scale"": 2.3383788967608625, ""w_drawdown"": 4.26701536634083, ""w_rsi"": 1.1696974293267037, ""w_ma_gap_25"": 0.2915137084453301, ""w_ret_5"": 1.4069194601099828, ""w_trend"": -1.2384374533998983, ""w_vol"": 3.3095825736344753, ""w_exposure"": 5.570321523412783, ""w_unrealized_loss"": 7.8389820910641355, ""fixed_profit_yen"": 34222.73639538721, ""base_take_profit_pct"": 0.013378832120321973, ""min_take_profit_pct"": 0.008326183461994312, ""exposure_tp_sensitivity"": 0.15027562791693352, ""vol_tp_multiplier"": 0.11356036566930239}",-67385.92815382447,252043.9281473625,311477.876602374,327381.8359999999,0
2020-08-05,"{""base_buy_amount"": 79276.94283954243, ""max_daily_buy_amount"": 929763.0395414885, ""score_threshold"": -1.1416613087218832, ""score_scale"": 2.3383788967608625, ""w_drawdown"": 4.26701536634083, ""w_rsi"": 1.1696974293267037, ""w_ma_gap_25"": 0.2915137084453301, ""w_ret_5"": 1.4069194601099828, ""w_trend"": -1.2384374533998983, ""w_vol"": 3.3095825736344753, ""w_exposure"": 5.570321523412783, ""w_unrealized_loss"": 7.8389820910641355, ""fixed_profit_yen"": 34222.73639538721, ""base_take_profit_pct"": 0.013378832120321973, ""min_take_profit_pct"": 0.008326183461994312, ""exposure_tp_sensitivity"": 0.15027562791693352, ""vol_tp_multiplier"": 0.11356036566930239}",-72143.74638009781,247286.10992108914,311477.876602374,327381.8359999999,0
2020-08-13,"{""base_buy_amount"": 79276.94283954243, ""max_daily_buy_amount"": 929763.0395414885, ""score_threshold"": -1.1416613087218832, ""score_scale"": 2.3383788967608625, ""w_drawdown"": 4.26701536634083, ""w_rsi"": 1.1696974293267037, ""w_ma_gap_25"": 0.2915137084453301, ""w_ret_5"": 1.4069194601099828, ""w_trend"": -1.2384374533998983, ""w_vol"": 3.3095825736344753, ""w_exposure"": 5.570321523412783, ""w_unrealized_loss"": 7.8389820910641355, ""fixed_profit_yen"": 34222.73639538721, ""base_take_profit_pct"": 0.013378832120321973, ""min_take_profit_pct"": 0.008326183461994312, ""exposure_tp_sensitivity"": 0.15027562791693352, ""vol_tp_multiplier"": 0.11356036566930239}",-70788.97616949643,248640.88013169053,311477.876602374,327381.8359999999,0
2020-08-20,"{""base_buy_amount"": 79276.94283954243, ""max_daily_buy_amount"": 929763.0395414885, ""score_threshold"": -1.1416613087218832, ""score_scale"": 2.3383788967608625, ""w_drawdown"": 4.26701536634083, ""w_rsi"": 1.1696974293267037, ""w_ma_gap_25"": 0.2915137084453301, ""w_ret_5"": 1.4069194601099828, ""w_trend"": -1.2384374533998983, ""w_vol"": 3.3095825736344753, ""w_exposure"": 5.570321523412783, ""w_unrealized_loss"": 7.8389820910641355, ""fixed_profit_yen"": 34222.73639538721, ""base_take_profit_pct"": 0.013378832120321973, ""min_take_profit_pct"": 0.008326183461994312, ""exposure_tp_sensitivity"": 0.15027562791693352, ""vol_tp_multiplier"": 0.11356036566930239}",-71939.0144206832,247490.84188050422,311477.87660237495,327381.8359999999,0
2020-08-27,"{""base_buy_amount"": 79276.94283954243, ""max_daily_buy_amount"": 929763.0395414885, ""score_threshold"": -1.1416613087218832, ""score_scale"": 2.3383788967608625, ""w_drawdown"": 4.26701536634083, ""w_rsi"": 1.1696974293267037, ""w_ma_gap_25"": 0.2915137084453301, ""w_ret_5"": 1.4069194601099828, ""w_trend"": -1.2384374533998983, ""w_vol"": 3.3095825736344753, ""w_exposure"": 5.570321523412783, ""w_unrealized_loss"": 7.8389820910641355, ""fixed_profit_yen"": 34222.73639538721, ""base_take_profit_pct"": 0.013378832120321973, ""min_take_profit_pct"": 0.008326183461994312, ""exposure_tp_sensitivity"": 0.15027562791693352, ""vol_tp_multiplier"": 0.11356036566930239}",-76056.54221942634,243373.31408176108,311477.87660237495,327381.8359999999,0
2020-09-03,"{""base_buy_amount"": 79276.94283954243, ""max_daily_buy_amount"": 929763.0395414885, ""score_threshold"": -1.1416613087218832, ""score_scale"": 2.3383788967608625, ""w_drawdown"": 4.26701536634083, ""w_rsi"": 1.1696974293267037, ""w_ma_gap_25"": 0.2915137084453301, ""w_ret_5"": 1.4069194601099828, ""w_trend"": -1.2384374533998983, ""w_vol"": 3.3095825736344753, ""w_exposure"": 5.570321523412783, ""w_unrealized_loss"": 7.8389820910641355, ""fixed_profit_yen"": 34222.73639538721, ""base_take_profit_pct"": 0.013378832120321973, ""min_take_profit_pct"": 0.008326183461994312, ""exposure_tp_sensitivity"": 0.15027562791693352, ""vol_tp_multiplier"": 0.11356036566930239}",-89795.14647460601,229634.70982658095,311477.876602374,327381.8359999999,0
2020-09-10,"{""base_buy_amount"": 79276.94283954243, ""max_daily_buy_amount"": 929763.0395414885, ""score_threshold"": -1.1416613087218832, ""score_scale"": 2.3383788967608625, ""w_drawdown"": 4.26701536634083, ""w_rsi"": 1.1696974293267037, ""w_ma_gap_25"": 0.2915137084453301, ""w_ret_5"": 1.4069194601099828, ""w_trend"": -1.2384374533998983, ""w_vol"": 3.3095825736344753, ""w_exposure"": 5.570321523412783, ""w_unrealized_loss"": 7.8389820910641355, ""fixed_profit_yen"": 34222.73639538721, ""base_take_profit_pct"": 0.013378832120321973, ""min_take_profit_pct"": 0.008326183461994312, ""exposure_tp_sensitivity"": 0.15027562791693352, ""vol_tp_multiplier"": 0.11356036566930239}",-102120.62509575329,217309.23120543367,311477.876602374,327381.8359999999,0
2020-09-17,"{""base_buy_amount"": 79276.94283954243, ""max_daily_buy_amount"": 929763.0395414885, ""score_threshold"": -1.1416613087218832, ""score_scale"": 2.3383788967608625, ""w_drawdown"": 4.26701536634083, ""w_rsi"": 1.1696974293267037, ""w_ma_gap_25"": 0.2915137084453301, ""w_ret_5"": 1.4069194601099828, ""w_trend"": -1.2384374533998983, ""w_vol"": 3.3095825736344753, ""w_exposure"": 5.570321523412783, ""w_unrealized_loss"": 7.8389820910641355, ""fixed_profit_yen"": 34222.73639538721, ""base_take_profit_pct"": 0.013378832120321973, ""min_take_profit_pct"": 0.008326183461994312, ""exposure_tp_sensitivity"": 0.15027562791693352, ""vol_tp_multiplier"": 0.11356036566930239}",-107242.05604704551,212187.8002541419,311477.87660237495,327381.8359999999,0
2020-09-28,"{""base_buy_amount"": 79276.94283954243, ""max_daily_buy_amount"": 929763.0395414885, ""score_threshold"": -1.1416613087218832, ""score_scale"": 2.3383788967608625, ""w_drawdown"": 4.26701536634083, ""w_rsi"": 1.1696974293267037, ""w_ma_gap_25"": 0.2915137084453301, ""w_ret_5"": 1.4069194601099828, ""w_trend"": -1.2384374533998983, ""w_vol"": 3.3095825736344753, ""w_exposure"": 5.570321523412783, ""w_unrealized_loss"": 7.8389820910641355, ""fixed_profit_yen"": 34222.73639538721, ""base_take_profit_pct"": 0.013378832120321973, ""min_take_profit_pct"": 0.008326183461994312, ""exposure_tp_sensitivity"": 0.15027562791693352, ""vol_tp_multiplier"": 0.11356036566930239}",-118276.55087581216,201153.3054253748,311477.876602374,327381.8359999999,0
2020-10-06,"{""base_buy_amount"": 79276.94283954243, ""max_daily_buy_amount"": 929763.0395414885, ""score_threshold"": -1.1416613087218832, ""score_scale"": 2.3383788967608625, ""w_drawdown"": 4.26701536634083, ""w_rsi"": 1.1696974293267037, ""w_ma_gap_25"": 0.2915137084453301, ""w_ret_5"": 1.4069194601099828, ""w_trend"": -1.2384374533998983, ""w_vol"": 3.3095825736344753, ""w_exposure"": 5.570321523412783, ""w_unrealized_loss"": 7.8389820910641355, ""fixed_profit_yen"": 34222.73639538721, ""base_take_profit_pct"": 0.013378832120321973, ""min_take_profit_pct"": 0.008326183461994312, ""exposure_tp_sensitivity"": 0.15027562791693352, ""vol_tp_multiplier"": 0.11356036566930239}",-116331.48695372246,203098.3693474645,311477.876602374,327381.8359999999,0
2020-10-13,"{""base_buy_amount"": 79276.94283954243, ""max_daily_buy_amount"": 929763.0395414885, ""score_threshold"": -1.1416613087218832, ""score_scale"": 2.3383788967608625, ""w_drawdown"": 4.26701536634083, ""w_rsi"": 1.1696974293267037, ""w_ma_gap_25"": 0.2915137084453301, ""w_ret_5"": 1.4069194601099828, ""w_trend"": -1.2384374533998983, ""w_vol"": 3.3095825736344753, ""w_exposure"": 5.570321523412783, ""w_unrealized_loss"": 7.8389820910641355, ""fixed_profit_yen"": 34222.73639538721, ""base_take_profit_pct"": 0.013378832120321973, ""min_take_profit_pct"": 0.008326183461994312, ""exposure_tp_sensitivity"": 0.15027562791693352, ""vol_tp_multiplier"": 0.11356036566930239}",-117750.94371940717,201678.91258178026,311477.87660237495,327381.8359999999,0
2020-10-20,"{""base_buy_amount"": 79276.94283954243, ""max_daily_buy_amount"": 929763.0395414885, ""score_threshold"": -1.1416613087218832, ""score_scale"": 2.3383788967608625, ""w_drawdown"": 4.26701536634083, ""w_rsi"": 1.1696974293267037, ""w_ma_gap_25"": 0.2915137084453301, ""w_ret_5"": 1.4069194601099828, ""w_trend"": -1.2384374533998983, ""w_vol"": 3.3095825736344753, ""w_exposure"": 5.570321523412783, ""w_unrealized_loss"": 7.8389820910641355, ""fixed_profit_yen"": 34222.73639538721, ""base_take_profit_pct"": 0.013378832120321973, ""min_take_profit_pct"": 0.008326183461994312, ""exposure_tp_sensitivity"": 0.15027562791693352, ""vol_tp_multiplier"": 0.11356036566930239}",-132818.5517173101,186611.30458387686,311477.876602374,327381.8359999999,0
2020-10-27,"{""base_buy_amount"": 79276.94283954243, ""max_daily_buy_amount"": 929763.0395414885, ""score_threshold"": -1.1416613087218832, ""score_scale"": 2.3383788967608625, ""w_drawdown"": 4.26701536634083, ""w_rsi"": 1.1696974293267037, ""w_ma_gap_25"": 0.2915137084453301, ""w_ret_5"": 1.4069194601099828, ""w_trend"": -1.2384374533998983, ""w_vol"": 3.3095825736344753, ""w_exposure"": 5.570321523412783, ""w_unrealized_loss"": 7.8389820910641355, ""fixed_profit_yen"": 34222.73639538721, ""base_take_profit_pct"": 0.013378832120321973, ""min_take_profit_pct"": 0.008326183461994312, ""exposure_tp_sensitivity"": 0.15027562791693352, ""vol_tp_multiplier"": 0.11356036566930239}",-146904.7803308962,172525.07597029122,311477.87660237495,327381.8359999999,0
2020-11-04,"{""base_buy_amount"": 79276.94283954243, ""max_daily_buy_amount"": 929763.0395414885, ""score_threshold"": -1.1416613087218832, ""score_scale"": 2.3383788967608625, ""w_drawdown"": 4.26701536634083, ""w_rsi"": 1.1696974293267037, ""w_ma_gap_25"": 0.2915137084453301, ""w_ret_5"": 1.4069194601099828, ""w_trend"": -1.2384374533998983, ""w_vol"": 3.3095825736344753, ""w_exposure"": 5.570321523412783, ""w_unrealized_loss"": 7.8389820910641355, ""fixed_profit_yen"": 34222.73639538721, ""base_take_profit_pct"": 0.013378832120321973, ""min_take_profit_pct"": 0.008326183461994312, ""exposure_tp_sensitivity"": 0.15027562791693352, ""vol_tp_multiplier"": 0.11356036566930239}",-152984.1364039567,166445.71989723024,311477.876602374,327381.8359999999,0
2020-11-11,"{""base_buy_amount"": 79276.94283954243, ""max_daily_buy_amount"": 929763.0395414885, ""score_threshold"": -1.1416613087218832, ""score_scale"": 2.3383788967608625, ""w_drawdown"": 4.26701536634083, ""w_rsi"": 1.1696974293267037, ""w_ma_gap_25"": 0.2915137084453301, ""w_ret_5"": 1.4069194601099828, ""w_trend"": -1.2384374533998983, ""w_vol"": 3.3095825736344753, ""w_exposure"": 5.570321523412783, ""w_unrealized_loss"": 7.8389820910641355, ""fixed_profit_yen"": 34222.73639538721, ""base_take_profit_pct"": 0.013378832120321973, ""min_take_profit_pct"": 0.008326183461994312, ""exposure_tp_sensitivity"": 0.15027562791693352, ""vol_tp_multiplier"": 0.11356036566930239}",-137739.29038356766,181690.5659176193,311477.876602374,327381.8359999999,0
2020-11-18,"{""base_buy_amount"": 79276.94283954243, ""max_daily_buy_amount"": 929763.0395414885, ""score_threshold"": -1.1416613087218832, ""score_scale"": 2.3383788967608625, ""w_drawdown"": 4.26701536634083, ""w_rsi"": 1.1696974293267037, ""w_ma_gap_25"": 0.2915137084453301, ""w_ret_5"": 1.4069194601099828, ""w_trend"": -1.2384374533998983, ""w_vol"": 3.3095825736344753, ""w_exposure"": 5.570321523412783, ""w_unrealized_loss"": 7.8389820910641355, ""fixed_profit_yen"": 34222.73639538721, ""base_take_profit_pct"": 0.013378832120321973, ""min_take_profit_pct"": 0.008326183461994312, ""exposure_tp_sensitivity"": 0.15027562791693352, ""vol_tp_multiplier"": 0.11356036566930239}",-137739.29038356766,181690.5659176193,311477.876602374,327381.8359999999,0
2020-11-26,"{""base_buy_amount"": 79276.94283954243, ""max_daily_buy_amount"": 929763.0395414885, ""score_threshold"": -1.1416613087218832, ""score_scale"": 2.3383788967608625, ""w_drawdown"": 4.26701536634083, ""w_rsi"": 1.1696974293267037, ""w_ma_gap_25"": 0.2915137084453301, ""w_ret_5"": 1.4069194601099828, ""w_trend"": -1.2384374533998983, ""w_vol"": 3.3095825736344753, ""w_exposure"": 5.570321523412783, ""w_unrealized_loss"": 7.8389820910641355, ""fixed_profit_yen"": 34222.73639538721, ""base_take_profit_pct"": 0.013378832120321973, ""min_take_profit_pct"": 0.008326183461994312, ""exposure_tp_sensitivity"": 0.15027562791693352, ""vol_tp_multiplier"": 0.11356036566930239}",-137739.29038356766,181690.5659176193,311477.876602374,327381.8359999999,0
2020-12-03,"{""base_buy_amount"": 79276.94283954243, ""max_daily_buy_amount"": 929763.0395414885, ""score_threshold"": -1.1416613087218832, ""score_scale"": 2.3383788967608625, ""w_drawdown"": 4.26701536634083, ""w_rsi"": 1.1696974293267037, ""w_ma_gap_25"": 0.2915137084453301, ""w_ret_5"": 1.4069194601099828, ""w_trend"": -1.2384374533998983, ""w_vol"": 3.3095825736344753, ""w_exposure"": 5.570321523412783, ""w_unrealized_loss"": 7.8389820910641355, ""fixed_profit_yen"": 34222.73639538721, ""base_take_profit_pct"": 0.013378832120321973, ""min_take_profit_pct"": 0.008326183461994312, ""exposure_tp_sensitivity"": 0.15027562791693352, ""vol_tp_multiplier"": 0.11356036566930239}",-138339.1423842969,181090.71391689053,311477.87660237495,327381.8359999999,0
2020-12-10,"{""base_buy_amount"": 79276.94283954243, ""max_daily_buy_amount"": 929763.0395414885, ""score_threshold"": -1.1416613087218832, ""score_scale"": 2.3383788967608625, ""w_drawdown"": 4.26701536634083, ""w_rsi"": 1.1696974293267037, ""w_ma_gap_25"": 0.2915137084453301, ""w_ret_5"": 1.4069194601099828, ""w_trend"": -1.2384374533998983, ""w_vol"": 3.3095825736344753, ""w_exposure"": 5.570321523412783, ""w_unrealized_loss"": 7.8389820910641355, ""fixed_profit_yen"": 34222.73639538721, ""base_take_profit_pct"": 0.013378832120321973, ""min_take_profit_pct"": 0.008326183461994312, ""exposure_tp_sensitivity"": 0.15027562791693352, ""vol_tp_multiplier"": 0.11356036566930239}",-140731.55299629914,178698.3033048878,311477.876602374,327381.8359999999,0
2020-12-17,"{""base_buy_amount"": 79276.94283954243, ""max_daily_buy_amount"": 929763.0395414885, ""score_threshold"": -1.1416613087218832, ""score_scale"": 2.3383788967608625, ""w_drawdown"": 4.26701536634083, ""w_rsi"": 1.1696974293267037, ""w_ma_gap_25"": 0.2915137084453301, ""w_ret_5"": 1.4069194601099828, ""w_trend"": -1.2384374533998983, ""w_vol"": 3.3095825736344753, ""w_exposure"": 5.570321523412783, ""w_unrealized_loss"": 7.8389820910641355, ""fixed_profit_yen"": 34222.73639538721, ""base_take_profit_pct"": 0.013378832120321973, ""min_take_profit_pct"": 0.008326183461994312, ""exposure_tp_sensitivity"": 0.15027562791693352, ""vol_tp_multiplier"": 0.11356036566930239}",-140731.55299629914,178698.3033048878,311477.876602374,327381.8359999999,0
2020-12-24,"{""base_buy_amount"": 79276.94283954243, ""max_daily_buy_amount"": 929763.0395414885, ""score_threshold"": -1.1416613087218832, ""score_scale"": 2.3383788967608625, ""w_drawdown"": 4.26701536634083, ""w_rsi"": 1.1696974293267037, ""w_ma_gap_25"": 0.2915137084453301, ""w_ret_5"": 1.4069194601099828, ""w_trend"": -1.2384374533998983, ""w_vol"": 3.3095825736344753, ""w_exposure"": 5.570321523412783, ""w_unrealized_loss"": 7.8389820910641355, ""fixed_profit_yen"": 34222.73639538721, ""base_take_profit_pct"": 0.013378832120321973, ""min_take_profit_pct"": 0.008326183461994312, ""exposure_tp_sensitivity"": 0.15027562791693352, ""vol_tp_multiplier"": 0.11356036566930239}",-142985.5934774037,176444.26282378373,311477.87660237495,327381.8359999999,0
2021-01-04,"{""base_buy_amount"": 79276.94283954243, ""max_daily_buy_amount"": 929763.0395414885, ""score_threshold"": -1.1416613087218832, ""score_scale"": 2.3383788967608625, ""w_drawdown"": 4.26701536634083, ""w_rsi"": 1.1696974293267037, ""w_ma_gap_25"": 0.2915137084453301, ""w_ret_5"": 1.4069194601099828, ""w_trend"": -1.2384374533998983, ""w_vol"": 3.3095825736344753, ""w_exposure"": 5.570321523412783, ""w_unrealized_loss"": 7.8389820910641355, ""fixed_profit_yen"": 34222.73639538721, ""base_take_profit_pct"": 0.013378832120321973, ""min_take_profit_pct"": 0.008326183461994312, ""exposure_tp_sensitivity"": 0.15027562791693352, ""vol_tp_multiplier"": 0.11356036566930239}",-142609.8010688071,176820.0552323803,311477.87660237495,327381.8359999999,0
2021-01-12,"{""base_buy_amount"": 79276.94283954243, ""max_daily_buy_amount"": 929763.0395414885, ""score_threshold"": -1.1416613087218832, ""score_scale"": 2.3383788967608625, ""w_drawdown"": 4.26701536634083, ""w_rsi"": 1.1696974293267037, ""w_ma_gap_25"": 0.2915137084453301, ""w_ret_5"": 1.4069194601099828, ""w_trend"": -1.2384374533998983, ""w_vol"": 3.3095825736344753, ""w_exposure"": 5.570321523412783, ""w_unrealized_loss"": 7.8389820910641355, ""fixed_profit_yen"": 34222.73639538721, ""base_take_profit_pct"": 0.013378832120321973, ""min_take_profit_pct"": 0.008326183461994312, ""exposure_tp_sensitivity"": 0.15027562791693352, ""vol_tp_multiplier"": 0.11356036566930239}",-142609.8010688071,176820.0552323803,311477.87660237495,327381.8359999999,0
2021-01-19,"{""base_buy_amount"": 79276.94283954243, ""max_daily_buy_amount"": 929763.0395414885, ""score_threshold"": -1.1416613087218832, ""score_scale"": 2.3383788967608625, ""w_drawdown"": 4.26701536634083, ""w_rsi"": 1.1696974293267037, ""w_ma_gap_25"": 0.2915137084453301, ""w_ret_5"": 1.4069194601099828, ""w_trend"": -1.2384374533998983, ""w_vol"": 3.3095825736344753, ""w_exposure"": 5.570321523412783, ""w_unrealized_loss"": 7.8389820910641355, ""fixed_profit_yen"": 34222.73639538721, ""base_take_profit_pct"": 0.013378832120321973, ""min_take_profit_pct"": 0.008326183461994312, ""exposure_tp_sensitivity"": 0.15027562791693352, ""vol_tp_multiplier"": 0.11356036566930239}",-142974.12917386353,176455.72712732342,311477.876602374,327381.8359999999,0
2021-01-26,"{""base_buy_amount"": 79276.94283954243, ""max_daily_buy_amount"": 929763.0395414885, ""score_threshold"": -1.1416613087218832, ""score_scale"": 2.3383788967608625, ""w_drawdown"": 4.26701536634083, ""w_rsi"": 1.1696974293267037, ""w_ma_gap_25"": 0.2915137084453301, ""w_ret_5"": 1.4069194601099828, ""w_trend"": -1.2384374533998983, ""w_vol"": 3.3095825736344753, ""w_exposure"": 5.570321523412783, ""w_unrealized_loss"": 7.8389820910641355, ""fixed_profit_yen"": 34222.73639538721, ""base_take_profit_pct"": 0.013378832120321973, ""min_take_profit_pct"": 0.008326183461994312, ""exposure_tp_sensitivity"": 0.15027562791693352, ""vol_tp_multiplier"": 0.11356036566930239}",-146605.98957374846,172823.8667274385,311477.876602374,327381.8359999999,0
2021-02-02,"{""base_buy_amount"": 79276.94283954243, ""max_daily_buy_amount"": 929763.0395414885, ""score_threshold"": -1.1416613087218832, ""score_scale"": 2.3383788967608625, ""w_drawdown"": 4.26701536634083, ""w_rsi"": 1.1696974293267037, ""w_ma_gap_25"": 0.2915137084453301, ""w_ret_5"": 1.4069194601099828, ""w_trend"": -1.2384374533998983, ""w_vol"": 3.3095825736344753, ""w_exposure"": 5.570321523412783, ""w_unrealized_loss"": 7.8389820910641355, ""fixed_profit_yen"": 34222.73639538721, ""base_take_profit_pct"": 0.013378832120321973, ""min_take_profit_pct"": 0.008326183461994312, ""exposure_tp_sensitivity"": 0.15027562791693352, ""vol_tp_multiplier"": 0.11356036566930239}",-146130.06501210463,173299.79128908232,311477.876602374,327381.8359999999,0
2021-02-09,"{""base_buy_amount"": 79276.94283954243, ""max_daily_buy_amount"": 929763.0395414885, ""score_threshold"": -1.1416613087218832, ""score_scale"": 2.3383788967608625, ""w_drawdown"": 4.26701536634083, ""w_rsi"": 1.1696974293267037, ""w_ma_gap_25"": 0.2915137084453301, ""w_ret_5"": 1.4069194601099828, ""w_trend"": -1.2384374533998983, ""w_vol"": 3.3095825736344753, ""w_exposure"": 5.570321523412783, ""w_unrealized_loss"": 7.8389820910641355, ""fixed_profit_yen"": 34222.73639538721, ""base_take_profit_pct"": 0.013378832120321973, ""min_take_profit_pct"": 0.008326183461994312, ""exposure_tp_sensitivity"": 0.15027562791693352, ""vol_tp_multiplier"": 0.11356036566930239}",-145992.90991140401,173466.51042459602,311537.0046720002,327381.8359999999,0
2021-02-17,"{""base_buy_amount"": 79276.94283954243, ""max_daily_buy_amount"": 929763.0395414885, ""score_threshold"": -1.1416613087218832, ""score_scale"": 2.3383788967608625, ""w_drawdown"": 4.26701536634083, ""w_rsi"": 1.1696974293267037, ""w_ma_gap_25"": 0.2915137084453301, ""w_ret_5"": 1.4069194601099828, ""w_trend"": -1.2384374533998983, ""w_vol"": 3.3095825736344753, ""w_exposure"": 5.570321523412783, ""w_unrealized_loss"": 7.8389820910641355, ""fixed_profit_yen"": 34222.73639538721, ""base_take_profit_pct"": 0.013378832120321973, ""min_take_profit_pct"": 0.008326183461994312, ""exposure_tp_sensitivity"": 0.15027562791693352, ""vol_tp_multiplier"": 0.11356036566930239}",-153444.19137143303,165852.9882044269,311212.52315171994,327381.8359999999,0
2021-02-25,"{""base_buy_amount"": 54275.118692676166, ""max_daily_buy_amount"": 1077795.7500210647, ""score_threshold"": 0.7091495974575888, ""score_scale"": 0.6332328010787595, ""w_drawdown"": 2.0067777877669397, ""w_rsi"": 4.478174406918484, ""w_ma_gap_25"": 3.3580640442792937, ""w_ret_5"": 1.1882918168029866, ""w_trend"": 2.116686777791476, ""w_vol"": 1.7401571170475716, ""w_exposure"": 8.533446711440595, ""w_unrealized_loss"": 2.989436511189055, ""fixed_profit_yen"": 30745.051791508, ""base_take_profit_pct"": 0.013114321896939353, ""min_take_profit_pct"": 0.0034734254567956035, ""exposure_tp_sensitivity"": 0.7979018059546823, ""vol_tp_multiplier"": 0.9379684096974567}",-132356.4618002253,127016.31455113989,255091.02719588112,263654.5255068493,0
2021-03-04,"{""base_buy_amount"": 54275.118692676166, ""max_daily_buy_amount"": 1077795.7500210647, ""score_threshold"": 0.7091495974575888, ""score_scale"": 0.6332328010787595, ""w_drawdown"": 2.0067777877669397, ""w_rsi"": 4.478174406918484, ""w_ma_gap_25"": 3.3580640442792937, ""w_ret_5"": 1.1882918168029866, ""w_trend"": 2.116686777791476, ""w_vol"": 1.7401571170475716, ""w_exposure"": 8.533446711440595, ""w_unrealized_loss"": 2.989436511189055, ""fixed_profit_yen"": 30745.051791508, ""base_take_profit_pct"": 0.013114321896939353, ""min_take_profit_pct"": 0.0034734254567956035, ""exposure_tp_sensitivity"": 0.7979018059546823, ""vol_tp_multiplier"": 0.9379684096974567}",-85481.7335951958,124445.1117972652,205645.0962369768,214208.5945479452,0
2021-03-11,"{""base_buy_amount"": 654587.925002388, ""max_daily_buy_amount"": 1187584.984921411, ""score_threshold"": -1.4194789813398012, ""score_scale"": 4.757110041011428, ""w_drawdown"": 1.5067131625735897, ""w_rsi"": 2.8900860790377108, ""w_ma_gap_25"": 3.498879722945331, ""w_ret_5"": 3.2461657762265443, ""w_trend"": 2.643566458173111, ""w_vol"": 0.74219494960029, ""w_exposure"": 5.083527384469421, ""w_unrealized_loss"": 4.04034390740766, ""fixed_profit_yen"": 25285.93028568305, ""base_take_profit_pct"": 0.0053380907335368495, ""min_take_profit_pct"": 0.002206851488854888, ""exposure_tp_sensitivity"": 0.25026799120313165, ""vol_tp_multiplier"": 1.5235230188041564}",540830.4337502798,2381220.8912738245,1810814.8881018842,1869966.0269452052,0
2021-03-18,"{""base_buy_amount"": 654587.925002388, ""max_daily_buy_amount"": 1187584.984921411, ""score_threshold"": -1.4194789813398012, ""score_scale"": 4.757110041011428, ""w_drawdown"": 1.5067131625735897, ""w_rsi"": 2.8900860790377108, ""w_ma_gap_25"": 3.498879722945331, ""w_ret_5"": 3.2461657762265443, ""w_trend"": 2.643566458173111, ""w_vol"": 0.74219494960029, ""w_exposure"": 5.083527384469421, ""w_unrealized_loss"": 4.04034390740766, ""fixed_profit_yen"": 25285.93028568305, ""base_take_profit_pct"": 0.0053380907335368495, ""min_take_profit_pct"": 0.002206851488854888, ""exposure_tp_sensitivity"": 0.25026799120313165, ""vol_tp_multiplier"": 1.5235230188041564}",1610079.5310307574,2630858.614368232,993962.7599900179,1047595.4066849313,0
2021-03-25,"{""base_buy_amount"": 654587.925002388, ""max_daily_buy_amount"": 1187584.984921411, ""score_threshold"": -1.4194789813398012, ""score_scale"": 4.757110041011428, ""w_drawdown"": 1.5067131625735897, ""w_rsi"": 2.8900860790377108, ""w_ma_gap_25"": 3.498879722945331, ""w_ret_5"": 3.2461657762265443, ""w_trend"": 2.643566458173111, ""w_vol"": 0.74219494960029, ""w_exposure"": 5.083527384469421, ""w_unrealized_loss"": 4.04034390740766, ""fixed_profit_yen"": 25285.93028568305, ""base_take_profit_pct"": 0.0053380907335368495, ""min_take_profit_pct"": 0.002206851488854888, ""exposure_tp_sensitivity"": 0.25026799120313165, ""vol_tp_multiplier"": 1.5235230188041564}",1814841.707608588,2216857.9025346213,420242.81634521764,383789.57350684906,0
2021-04-01,"{""base_buy_amount"": 654587.925002388, ""max_daily_buy_amount"": 1187584.984921411, ""score_threshold"": -1.4194789813398012, ""score_scale"": 4.757110041011428, ""w_drawdown"": 1.5067131625735897, ""w_rsi"": 2.8900860790377108, ""w_ma_gap_25"": 3.498879722945331, ""w_ret_5"": 3.2461657762265443, ""w_trend"": 2.643566458173111, ""w_vol"": 0.74219494960029, ""w_exposure"": 5.083527384469421, ""w_unrealized_loss"": 4.04034390740766, ""fixed_profit_yen"": 25285.93028568305, ""base_take_profit_pct"": 0.0053380907335368495, ""min_take_profit_pct"": 0.002206851488854888, ""exposure_tp_sensitivity"": 0.25026799120313165, ""vol_tp_multiplier"": 1.5235230188041564}",1761240.0765436678,2163256.271469701,420242.81634521764,383789.57350684906,0
2021-04-08,"{""base_buy_amount"": 654587.925002388, ""max_daily_buy_amount"": 1187584.984921411, ""score_threshold"": -1.4194789813398012, ""score_scale"": 4.757110041011428, ""w_drawdown"": 1.5067131625735897, ""w_rsi"": 2.8900860790377108, ""w_ma_gap_25"": 3.498879722945331, ""w_ret_5"": 3.2461657762265443, ""w_trend"": 2.643566458173111, ""w_vol"": 0.74219494960029, ""w_exposure"": 5.083527384469421, ""w_unrealized_loss"": 4.04034390740766, ""fixed_profit_yen"": 25285.93028568305, ""base_take_profit_pct"": 0.0053380907335368495, ""min_take_profit_pct"": 0.002206851488854888, ""exposure_tp_sensitivity"": 0.25026799120313165, ""vol_tp_multiplier"": 1.5235230188041564}",1739932.8294531908,2141949.024379224,420242.81634521764,383789.57350684906,0
2021-04-15,"{""base_buy_amount"": 654587.925002388, ""max_daily_buy_amount"": 1187584.984921411, ""score_threshold"": -1.4194789813398012, ""score_scale"": 4.757110041011428, ""w_drawdown"": 1.5067131625735897, ""w_rsi"": 2.8900860790377108, ""w_ma_gap_25"": 3.498879722945331, ""w_ret_5"": 3.2461657762265443, ""w_trend"": 2.643566458173111, ""w_vol"": 0.74219494960029, ""w_exposure"": 5.083527384469421, ""w_unrealized_loss"": 4.04034390740766, ""fixed_profit_yen"": 25285.93028568305, ""base_take_profit_pct"": 0.0053380907335368495, ""min_take_profit_pct"": 0.002206851488854888, ""exposure_tp_sensitivity"": 0.25026799120313165, ""vol_tp_multiplier"": 1.5235230188041564}",1601350.7308162379,2003366.9257422711,420242.81634521764,383789.57350684906,0
2021-04-22,"{""base_buy_amount"": 415835.0212953358, ""max_daily_buy_amount"": 1315170.2153505092, ""score_threshold"": -0.9341467299966157, ""score_scale"": 1.1289578492928058, ""w_drawdown"": 2.389386370118729, ""w_rsi"": 2.084446842974425, ""w_ma_gap_25"": 1.1628497026443685, ""w_ret_5"": 1.83755905057564, ""w_trend"": -0.8016453010425155, ""w_vol"": 1.6374778220627273, ""w_exposure"": 3.79464079726929, ""w_unrealized_loss"": 6.8574334545594535, ""fixed_profit_yen"": 16953.19430485041, ""base_take_profit_pct"": 0.02856802194802953, ""min_take_profit_pct"": 0.009247132175843602, ""exposure_tp_sensitivity"": 0.4328193854700707, ""vol_tp_multiplier"": 1.641806025023444}",686091.0152989046,892513.4599042349,227282.22893668804,185562.6602739725,0
2021-04-30,"{""base_buy_amount"": 56994.15626345524, ""max_daily_buy_amount"": 1595156.317254063, ""score_threshold"": 0.6594034263681285, ""score_scale"": 3.673244203818508, ""w_drawdown"": 3.9036451551098397, ""w_rsi"": 2.2945788776916998, ""w_ma_gap_25"": 2.8437059797644686, ""w_ret_5"": 0.6989849906382872, ""w_trend"": -2.3128195587841596, ""w_vol"": 3.3420148089523583, ""w_exposure"": 4.710962061431325, ""w_unrealized_loss"": 5.652361064811888, ""fixed_profit_yen"": 38954.9462985532, ""base_take_profit_pct"": 0.01977211296001654, ""min_take_profit_pct"": 0.005982214605921963, ""exposure_tp_sensitivity"": 0.5032864446708722, ""vol_tp_multiplier"": 1.519750490313061}",3861.3459771038033,4520.602508771233,1318.51306333486,0.0,0
2021-05-12,"{""base_buy_amount"": 960631.2525793731, ""max_daily_buy_amount"": 1016376.5301915105, ""score_threshold"": 1.1309409090011449, ""score_scale"": 0.8722849996509736, ""w_drawdown"": 2.4332916541908016, ""w_rsi"": 2.4535349717726045, ""w_ma_gap_25"": 4.689132274874915, ""w_ret_5"": 2.858640261880377, ""w_trend"": -0.15906359365827694, ""w_vol"": 1.334878315459468, ""w_exposure"": 3.315689973425522, ""w_unrealized_loss"": 5.206724024715378, ""fixed_profit_yen"": 23628.838634337193, ""base_take_profit_pct"": 0.002605138236649252, ""min_take_profit_pct"": 0.002605138236649252, ""exposure_tp_sensitivity"": 0.80654469465579, ""vol_tp_multiplier"": 0.7012454449930539}",364920.04486272135,1159207.1573862832,788212.2608279455,800361.9642191781,0
2021-05-19,"{""base_buy_amount"": 960631.2525793731, ""max_daily_buy_amount"": 1016376.5301915105, ""score_threshold"": 1.1309409090011449, ""score_scale"": 0.8722849996509736, ""w_drawdown"": 2.4332916541908016, ""w_rsi"": 2.4535349717726045, ""w_ma_gap_25"": 4.689132274874915, ""w_ret_5"": 2.858640261880377, ""w_trend"": -0.15906359365827694, ""w_vol"": 1.334878315459468, ""w_exposure"": 3.315689973425522, ""w_unrealized_loss"": 5.206724024715378, ""fixed_profit_yen"": 23628.838634337193, ""base_take_profit_pct"": 0.002605138236649252, ""min_take_profit_pct"": 0.002605138236649252, ""exposure_tp_sensitivity"": 0.80654469465579, ""vol_tp_multiplier"": 0.7012454449930539}",398193.92281942815,1192481.03534299,788212.2608279455,800361.9642191781,0
2021-05-26,"{""base_buy_amount"": 960631.2525793731, ""max_daily_buy_amount"": 1016376.5301915105, ""score_threshold"": 1.1309409090011449, ""score_scale"": 0.8722849996509736, ""w_drawdown"": 2.4332916541908016, ""w_rsi"": 2.4535349717726045, ""w_ma_gap_25"": 4.689132274874915, ""w_ret_5"": 2.858640261880377, ""w_trend"": -0.15906359365827694, ""w_vol"": 1.334878315459468, ""w_exposure"": 3.315689973425522, ""w_unrealized_loss"": 5.206724024715378, ""fixed_profit_yen"": 23628.838634337193, ""base_take_profit_pct"": 0.002605138236649252, ""min_take_profit_pct"": 0.002605138236649252, ""exposure_tp_sensitivity"": 0.80654469465579, ""vol_tp_multiplier"": 0.7012454449930539}",437183.1248809586,1231470.2374045204,788212.2608279455,800361.9642191781,0
2021-06-02,"{""base_buy_amount"": 960631.2525793731, ""max_daily_buy_amount"": 1016376.5301915105, ""score_threshold"": 1.1309409090011449, ""score_scale"": 0.8722849996509736, ""w_drawdown"": 2.4332916541908016, ""w_rsi"": 2.4535349717726045, ""w_ma_gap_25"": 4.689132274874915, ""w_ret_5"": 2.858640261880377, ""w_trend"": -0.15906359365827694, ""w_vol"": 1.334878315459468, ""w_exposure"": 3.315689973425522, ""w_unrealized_loss"": 5.206724024715378, ""fixed_profit_yen"": 23628.838634337193, ""base_take_profit_pct"": 0.002605138236649252, ""min_take_profit_pct"": 0.002605138236649252, ""exposure_tp_sensitivity"": 0.80654469465579, ""vol_tp_multiplier"": 0.7012454449930539}",456036.4982421186,1250323.6107656804,788212.2608279455,800361.9642191781,0
2021-06-09,"{""base_buy_amount"": 960631.2525793731, ""max_daily_buy_amount"": 1016376.5301915105, ""score_threshold"": 1.1309409090011449, ""score_scale"": 0.8722849996509736, ""w_drawdown"": 2.4332916541908016, ""w_rsi"": 2.4535349717726045, ""w_ma_gap_25"": 4.689132274874915, ""w_ret_5"": 2.858640261880377, ""w_trend"": -0.15906359365827694, ""w_vol"": 1.334878315459468, ""w_exposure"": 3.315689973425522, ""w_unrealized_loss"": 5.206724024715378, ""fixed_profit_yen"": 23628.838634337193, ""base_take_profit_pct"": 0.002605138236649252, ""min_take_profit_pct"": 0.002605138236649252, ""exposure_tp_sensitivity"": 0.80654469465579, ""vol_tp_multiplier"": 0.7012454449930539}",469889.74451579875,1264176.8570393606,788212.2608279455,800361.9642191781,0
2021-06-16,"{""base_buy_amount"": 960631.2525793731, ""max_daily_buy_amount"": 1016376.5301915105, ""score_threshold"": 1.1309409090011449, ""score_scale"": 0.8722849996509736, ""w_drawdown"": 2.4332916541908016, ""w_rsi"": 2.4535349717726045, ""w_ma_gap_25"": 4.689132274874915, ""w_ret_5"": 2.858640261880377, ""w_trend"": -0.15906359365827694, ""w_vol"": 1.334878315459468, ""w_exposure"": 3.315689973425522, ""w_unrealized_loss"": 5.206724024715378, ""fixed_profit_yen"": 23628.838634337193, ""base_take_profit_pct"": 0.002605138236649252, ""min_take_profit_pct"": 0.002605138236649252, ""exposure_tp_sensitivity"": 0.80654469465579, ""vol_tp_multiplier"": 0.7012454449930539}",510540.8211880822,1304827.933711644,788212.2608279455,800361.9642191781,0
2021-06-23,"{""base_buy_amount"": 960631.2525793731, ""max_daily_buy_amount"": 1016376.5301915105, ""score_threshold"": 1.1309409090011449, ""score_scale"": 0.8722849996509736, ""w_drawdown"": 2.4332916541908016, ""w_rsi"": 2.4535349717726045, ""w_ma_gap_25"": 4.689132274874915, ""w_ret_5"": 2.858640261880377, ""w_trend"": -0.15906359365827694, ""w_vol"": 1.334878315459468, ""w_exposure"": 3.315689973425522, ""w_unrealized_loss"": 5.206724024715378, ""fixed_profit_yen"": 23628.838634337193, ""base_take_profit_pct"": 0.002605138236649252, ""min_take_profit_pct"": 0.002605138236649252, ""exposure_tp_sensitivity"": 0.80654469465579, ""vol_tp_multiplier"": 0.7012454449930539}",474247.9145624195,1268535.0270859813,788212.2608279455,800361.9642191781,0
2021-06-30,"{""base_buy_amount"": 960631.2525793731, ""max_daily_buy_amount"": 1016376.5301915105, ""score_threshold"": 1.1309409090011449, ""score_scale"": 0.8722849996509736, ""w_drawdown"": 2.4332916541908016, ""w_rsi"": 2.4535349717726045, ""w_ma_gap_25"": 4.689132274874915, ""w_ret_5"": 2.858640261880377, ""w_trend"": -0.15906359365827694, ""w_vol"": 1.334878315459468, ""w_exposure"": 3.315689973425522, ""w_unrealized_loss"": 5.206724024715378, ""fixed_profit_yen"": 23628.838634337193, ""base_take_profit_pct"": 0.002605138236649252, ""min_take_profit_pct"": 0.002605138236649252, ""exposure_tp_sensitivity"": 0.80654469465579, ""vol_tp_multiplier"": 0.7012454449930539}",451194.611795543,1245481.7243191048,788212.2608279455,800361.9642191781,0
2021-07-07,"{""base_buy_amount"": 960631.2525793731, ""max_daily_buy_amount"": 1016376.5301915105, ""score_threshold"": 1.1309409090011449, ""score_scale"": 0.8722849996509736, ""w_drawdown"": 2.4332916541908016, ""w_rsi"": 2.4535349717726045, ""w_ma_gap_25"": 4.689132274874915, ""w_ret_5"": 2.858640261880377, ""w_trend"": -0.15906359365827694, ""w_vol"": 1.334878315459468, ""w_exposure"": 3.315689973425522, ""w_unrealized_loss"": 5.206724024715378, ""fixed_profit_yen"": 23628.838634337193, ""base_take_profit_pct"": 0.002605138236649252, ""min_take_profit_pct"": 0.002605138236649252, ""exposure_tp_sensitivity"": 0.80654469465579, ""vol_tp_multiplier"": 0.7012454449930539}",422447.90351947723,1216735.016043039,788212.2608279455,800361.9642191781,0
2021-07-14,"{""base_buy_amount"": 960631.2525793731, ""max_daily_buy_amount"": 1016376.5301915105, ""score_threshold"": 1.1309409090011449, ""score_scale"": 0.8722849996509736, ""w_drawdown"": 2.4332916541908016, ""w_rsi"": 2.4535349717726045, ""w_ma_gap_25"": 4.689132274874915, ""w_ret_5"": 2.858640261880377, ""w_trend"": -0.15906359365827694, ""w_vol"": 1.334878315459468, ""w_exposure"": 3.315689973425522, ""w_unrealized_loss"": 5.206724024715378, ""fixed_profit_yen"": 23628.838634337193, ""base_take_profit_pct"": 0.002605138236649252, ""min_take_profit_pct"": 0.002605138236649252, ""exposure_tp_sensitivity"": 0.80654469465579, ""vol_tp_multiplier"": 0.7012454449930539}",459207.7328474065,1253494.8453709683,788212.2608279455,800361.9642191781,0
2021-07-21,"{""base_buy_amount"": 960631.2525793731, ""max_daily_buy_amount"": 1016376.5301915105, ""score_threshold"": 1.1309409090011449, ""score_scale"": 0.8722849996509736, ""w_drawdown"": 2.4332916541908016, ""w_rsi"": 2.4535349717726045, ""w_ma_gap_25"": 4.689132274874915, ""w_ret_5"": 2.858640261880377, ""w_trend"": -0.15906359365827694, ""w_vol"": 1.334878315459468, ""w_exposure"": 3.315689973425522, ""w_unrealized_loss"": 5.206724024715378, ""fixed_profit_yen"": 23628.838634337193, ""base_take_profit_pct"": 0.002605138236649252, ""min_take_profit_pct"": 0.002605138236649252, ""exposure_tp_sensitivity"": 0.80654469465579, ""vol_tp_multiplier"": 0.7012454449930539}",67081.40627910104,861368.5188026628,788212.2608279455,800361.9642191781,0
2021-07-30,"{""base_buy_amount"": 960631.2525793731, ""max_daily_buy_amount"": 1016376.5301915105, ""score_threshold"": 1.1309409090011449, ""score_scale"": 0.8722849996509736, ""w_drawdown"": 2.4332916541908016, ""w_rsi"": 2.4535349717726045, ""w_ma_gap_25"": 4.689132274874915, ""w_ret_5"": 2.858640261880377, ""w_trend"": -0.15906359365827694, ""w_vol"": 1.334878315459468, ""w_exposure"": 3.315689973425522, ""w_unrealized_loss"": 5.206724024715378, ""fixed_profit_yen"": 23628.838634337193, ""base_take_profit_pct"": 0.002605138236649252, ""min_take_profit_pct"": 0.002605138236649252, ""exposure_tp_sensitivity"": 0.80654469465579, ""vol_tp_multiplier"": 0.7012454449930539}",195075.87644555233,989362.9889691141,788212.2608279455,800361.9642191781,0
2021-08-06,"{""base_buy_amount"": 960631.2525793731, ""max_daily_buy_amount"": 1016376.5301915105, ""score_threshold"": 1.1309409090011449, ""score_scale"": 0.8722849996509736, ""w_drawdown"": 2.4332916541908016, ""w_rsi"": 2.4535349717726045, ""w_ma_gap_25"": 4.689132274874915, ""w_ret_5"": 2.858640261880377, ""w_trend"": -0.15906359365827694, ""w_vol"": 1.334878315459468, ""w_exposure"": 3.315689973425522, ""w_unrealized_loss"": 5.206724024715378, ""fixed_profit_yen"": 23628.838634337193, ""base_take_profit_pct"": 0.002605138236649252, ""min_take_profit_pct"": 0.002605138236649252, ""exposure_tp_sensitivity"": 0.80654469465579, ""vol_tp_multiplier"": 0.7012454449930539}",162686.3044852619,956973.4170088237,788212.2608279455,800361.9642191781,0
2021-08-16,"{""base_buy_amount"": 960631.2525793731, ""max_daily_buy_amount"": 1016376.5301915105, ""score_threshold"": 1.1309409090011449, ""score_scale"": 0.8722849996509736, ""w_drawdown"": 2.4332916541908016, ""w_rsi"": 2.4535349717726045, ""w_ma_gap_25"": 4.689132274874915, ""w_ret_5"": 2.858640261880377, ""w_trend"": -0.15906359365827694, ""w_vol"": 1.334878315459468, ""w_exposure"": 3.315689973425522, ""w_unrealized_loss"": 5.206724024715378, ""fixed_profit_yen"": 23628.838634337193, ""base_take_profit_pct"": 0.002605138236649252, ""min_take_profit_pct"": 0.002605138236649252, ""exposure_tp_sensitivity"": 0.80654469465579, ""vol_tp_multiplier"": 0.7012454449930539}",259169.07972003543,1053456.1922435972,788212.2608279455,800361.9642191781,0
2021-08-23,"{""base_buy_amount"": 63239.47332279147, ""max_daily_buy_amount"": 536346.4569978251, ""score_threshold"": -1.4727111288539159, ""score_scale"": 3.5494640312578585, ""w_drawdown"": 0.6091625231426556, ""w_rsi"": 2.531649658103165, ""w_ma_gap_25"": 3.4713121782144323, ""w_ret_5"": 2.905583046104512, ""w_trend"": -1.8013460900396543, ""w_vol"": 4.020622630911314, ""w_exposure"": 7.154071296158016, ""w_unrealized_loss"": 7.389840039155418, ""fixed_profit_yen"": 9159.714323193723, ""base_take_profit_pct"": 0.005465106502209649, ""min_take_profit_pct"": 0.005465106502209649, ""exposure_tp_sensitivity"": 0.3578203744424466, ""vol_tp_multiplier"": 1.5047434589046986}",-22763.614580805268,10774.961842235673,33729.10380498599,33348.04904109589,0
2021-08-30,"{""base_buy_amount"": 960631.2525793731, ""max_daily_buy_amount"": 1016376.5301915105, ""score_threshold"": 1.1309409090011449, ""score_scale"": 0.8722849996509736, ""w_drawdown"": 2.4332916541908016, ""w_rsi"": 2.4535349717726045, ""w_ma_gap_25"": 4.689132274874915, ""w_ret_5"": 2.858640261880377, ""w_trend"": -0.15906359365827694, ""w_vol"": 1.334878315459468, ""w_exposure"": 3.315689973425522, ""w_unrealized_loss"": 5.206724024715378, ""fixed_profit_yen"": 23628.838634337193, ""base_take_profit_pct"": 0.002605138236649252, ""min_take_profit_pct"": 0.002605138236649252, ""exposure_tp_sensitivity"": 0.80654469465579, ""vol_tp_multiplier"": 0.7012454449930539}",156598.0138486456,950885.1263722074,788212.2608279455,800361.9642191781,0
2021-09-06,"{""base_buy_amount"": 960631.2525793731, ""max_daily_buy_amount"": 1016376.5301915105, ""score_threshold"": 1.1309409090011449, ""score_scale"": 0.8722849996509736, ""w_drawdown"": 2.4332916541908016, ""w_rsi"": 2.4535349717726045, ""w_ma_gap_25"": 4.689132274874915, ""w_ret_5"": 2.858640261880377, ""w_trend"": -0.15906359365827694, ""w_vol"": 1.334878315459468, ""w_exposure"": 3.315689973425522, ""w_unrealized_loss"": 5.206724024715378, ""fixed_profit_yen"": 23628.838634337193, ""base_take_profit_pct"": 0.002605138236649252, ""min_take_profit_pct"": 0.002605138236649252, ""exposure_tp_sensitivity"": 0.80654469465579, ""vol_tp_multiplier"": 0.7012454449930539}",628670.7054951333,1422957.818018695,788212.2608279455,800361.9642191781,0
2021-09-13,"{""base_buy_amount"": 960631.2525793731, ""max_daily_buy_amount"": 1016376.5301915105, ""score_threshold"": 1.1309409090011449, ""score_scale"": 0.8722849996509736, ""w_drawdown"": 2.4332916541908016, ""w_rsi"": 2.4535349717726045, ""w_ma_gap_25"": 4.689132274874915, ""w_ret_5"": 2.858640261880377, ""w_trend"": -0.15906359365827694, ""w_vol"": 1.334878315459468, ""w_exposure"": 3.315689973425522, ""w_unrealized_loss"": 5.206724024715378, ""fixed_profit_yen"": 23628.838634337193, ""base_take_profit_pct"": 0.002605138236649252, ""min_take_profit_pct"": 0.002605138236649252, ""exposure_tp_sensitivity"": 0.80654469465579, ""vol_tp_multiplier"": 0.7012454449930539}",764121.8070506507,1558408.9195742125,788212.2608279455,800361.9642191781,0
2021-09-21,"{""base_buy_amount"": 960631.2525793731, ""max_daily_buy_amount"": 1016376.5301915105, ""score_threshold"": 1.1309409090011449, ""score_scale"": 0.8722849996509736, ""w_drawdown"": 2.4332916541908016, ""w_rsi"": 2.4535349717726045, ""w_ma_gap_25"": 4.689132274874915, ""w_ret_5"": 2.858640261880377, ""w_trend"": -0.15906359365827694, ""w_vol"": 1.334878315459468, ""w_exposure"": 3.315689973425522, ""w_unrealized_loss"": 5.206724024715378, ""fixed_profit_yen"": 23628.838634337193, ""base_take_profit_pct"": 0.002605138236649252, ""min_take_profit_pct"": 0.002605138236649252, ""exposure_tp_sensitivity"": 0.80654469465579, ""vol_tp_multiplier"": 0.7012454449930539}",759857.939138575,1554145.0516621368,788212.2608279455,800361.9642191781,0
2021-09-29,"{""base_buy_amount"": 960631.2525793731, ""max_daily_buy_amount"": 1016376.5301915105, ""score_threshold"": 1.1309409090011449, ""score_scale"": 0.8722849996509736, ""w_drawdown"": 2.4332916541908016, ""w_rsi"": 2.4535349717726045, ""w_ma_gap_25"": 4.689132274874915, ""w_ret_5"": 2.858640261880377, ""w_trend"": -0.15906359365827694, ""w_vol"": 1.334878315459468, ""w_exposure"": 3.315689973425522, ""w_unrealized_loss"": 5.206724024715378, ""fixed_profit_yen"": 23628.838634337193, ""base_take_profit_pct"": 0.002605138236649252, ""min_take_profit_pct"": 0.002605138236649252, ""exposure_tp_sensitivity"": 0.80654469465579, ""vol_tp_multiplier"": 0.7012454449930539}",749480.7659458229,1543767.8784693847,788212.2608279455,800361.9642191781,0
2021-10-06,"{""base_buy_amount"": 960631.2525793731, ""max_daily_buy_amount"": 1016376.5301915105, ""score_threshold"": 1.1309409090011449, ""score_scale"": 0.8722849996509736, ""w_drawdown"": 2.4332916541908016, ""w_rsi"": 2.4535349717726045, ""w_ma_gap_25"": 4.689132274874915, ""w_ret_5"": 2.858640261880377, ""w_trend"": -0.15906359365827694, ""w_vol"": 1.334878315459468, ""w_exposure"": 3.315689973425522, ""w_unrealized_loss"": 5.206724024715378, ""fixed_profit_yen"": 23628.838634337193, ""base_take_profit_pct"": 0.002605138236649252, ""min_take_profit_pct"": 0.002605138236649252, ""exposure_tp_sensitivity"": 0.80654469465579, ""vol_tp_multiplier"": 0.7012454449930539}",588864.7721806511,1383151.884704213,788212.2608279455,800361.9642191781,0
2021-10-13,"{""base_buy_amount"": 960631.2525793731, ""max_daily_buy_amount"": 1016376.5301915105, ""score_threshold"": 1.1309409090011449, ""score_scale"": 0.8722849996509736, ""w_drawdown"": 2.4332916541908016, ""w_rsi"": 2.4535349717726045, ""w_ma_gap_25"": 4.689132274874915, ""w_ret_5"": 2.858640261880377, ""w_trend"": -0.15906359365827694, ""w_vol"": 1.334878315459468, ""w_exposure"": 3.315689973425522, ""w_unrealized_loss"": 5.206724024715378, ""fixed_profit_yen"": 23628.838634337193, ""base_take_profit_pct"": 0.002605138236649252, ""min_take_profit_pct"": 0.002605138236649252, ""exposure_tp_sensitivity"": 0.80654469465579, ""vol_tp_multiplier"": 0.7012454449930539}",706043.7714549368,1500330.8839784986,788212.2608279455,800361.9642191781,0
2021-10-20,"{""base_buy_amount"": 960631.2525793731, ""max_daily_buy_amount"": 1016376.5301915105, ""score_threshold"": 1.1309409090011449, ""score_scale"": 0.8722849996509736, ""w_drawdown"": 2.4332916541908016, ""w_rsi"": 2.4535349717726045, ""w_ma_gap_25"": 4.689132274874915, ""w_ret_5"": 2.858640261880377, ""w_trend"": -0.15906359365827694, ""w_vol"": 1.334878315459468, ""w_exposure"": 3.315689973425522, ""w_unrealized_loss"": 5.206724024715378, ""fixed_profit_yen"": 23628.838634337193, ""base_take_profit_pct"": 0.002605138236649252, ""min_take_profit_pct"": 0.002605138236649252, ""exposure_tp_sensitivity"": 0.80654469465579, ""vol_tp_multiplier"": 0.7012454449930539}",882237.52142823,1676524.6339517918,788212.2608279455,800361.9642191781,0
2021-10-27,"{""base_buy_amount"": 960631.2525793731, ""max_daily_buy_amount"": 1016376.5301915105, ""score_threshold"": 1.1309409090011449, ""score_scale"": 0.8722849996509736, ""w_drawdown"": 2.4332916541908016, ""w_rsi"": 2.4535349717726045, ""w_ma_gap_25"": 4.689132274874915, ""w_ret_5"": 2.858640261880377, ""w_trend"": -0.15906359365827694, ""w_vol"": 1.334878315459468, ""w_exposure"": 3.315689973425522, ""w_unrealized_loss"": 5.206724024715378, ""fixed_profit_yen"": 23628.838634337193, ""base_take_profit_pct"": 0.002605138236649252, ""min_take_profit_pct"": 0.002605138236649252, ""exposure_tp_sensitivity"": 0.80654469465579, ""vol_tp_multiplier"": 0.7012454449930539}",893264.7005703212,1687551.813093883,788212.2608279455,800361.9642191781,0
2021-11-04,"{""base_buy_amount"": 960631.2525793731, ""max_daily_buy_amount"": 1016376.5301915105, ""score_threshold"": 1.1309409090011449, ""score_scale"": 0.8722849996509736, ""w_drawdown"": 2.4332916541908016, ""w_rsi"": 2.4535349717726045, ""w_ma_gap_25"": 4.689132274874915, ""w_ret_5"": 2.858640261880377, ""w_trend"": -0.15906359365827694, ""w_vol"": 1.334878315459468, ""w_exposure"": 3.315689973425522, ""w_unrealized_loss"": 5.206724024715378, ""fixed_profit_yen"": 23628.838634337193, ""base_take_profit_pct"": 0.002605138236649252, ""min_take_profit_pct"": 0.002605138236649252, ""exposure_tp_sensitivity"": 0.80654469465579, ""vol_tp_multiplier"": 0.7012454449930539}",932175.2287828594,1726462.3413064212,788212.2608279455,800361.9642191781,0
2021-11-11,"{""base_buy_amount"": 960631.2525793731, ""max_daily_buy_amount"": 1016376.5301915105, ""score_threshold"": 1.1309409090011449, ""score_scale"": 0.8722849996509736, ""w_drawdown"": 2.4332916541908016, ""w_rsi"": 2.4535349717726045, ""w_ma_gap_25"": 4.689132274874915, ""w_ret_5"": 2.858640261880377, ""w_trend"": -0.15906359365827694, ""w_vol"": 1.334878315459468, ""w_exposure"": 3.315689973425522, ""w_unrealized_loss"": 5.206724024715378, ""fixed_profit_yen"": 23628.838634337193, ""base_take_profit_pct"": 0.002605138236649252, ""min_take_profit_pct"": 0.002605138236649252, ""exposure_tp_sensitivity"": 0.80654469465579, ""vol_tp_multiplier"": 0.7012454449930539}",890190.7711633623,1684477.8836869246,788212.2608279465,800361.9642191781,0
2021-11-18,"{""base_buy_amount"": 960631.2525793731, ""max_daily_buy_amount"": 1016376.5301915105, ""score_threshold"": 1.1309409090011449, ""score_scale"": 0.8722849996509736, ""w_drawdown"": 2.4332916541908016, ""w_rsi"": 2.4535349717726045, ""w_ma_gap_25"": 4.689132274874915, ""w_ret_5"": 2.858640261880377, ""w_trend"": -0.15906359365827694, ""w_vol"": 1.334878315459468, ""w_exposure"": 3.315689973425522, ""w_unrealized_loss"": 5.206724024715378, ""fixed_profit_yen"": 23628.838634337193, ""base_take_profit_pct"": 0.002605138236649252, ""min_take_profit_pct"": 0.002605138236649252, ""exposure_tp_sensitivity"": 0.80654469465579, ""vol_tp_multiplier"": 0.7012454449930539}",865831.9252862569,1660119.0378098188,788212.2608279455,800361.9642191781,0
2021-11-26,"{""base_buy_amount"": 960631.2525793731, ""max_daily_buy_amount"": 1016376.5301915105, ""score_threshold"": 1.1309409090011449, ""score_scale"": 0.8722849996509736, ""w_drawdown"": 2.4332916541908016, ""w_rsi"": 2.4535349717726045, ""w_ma_gap_25"": 4.689132274874915, ""w_ret_5"": 2.858640261880377, ""w_trend"": -0.15906359365827694, ""w_vol"": 1.334878315459468, ""w_exposure"": 3.315689973425522, ""w_unrealized_loss"": 5.206724024715378, ""fixed_profit_yen"": 23628.838634337193, ""base_take_profit_pct"": 0.002605138236649252, ""min_take_profit_pct"": 0.002605138236649252, ""exposure_tp_sensitivity"": 0.80654469465579, ""vol_tp_multiplier"": 0.7012454449930539}",861759.3014556572,1656046.413979219,788212.2608279455,800361.9642191781,0
2021-12-03,"{""base_buy_amount"": 960631.2525793731, ""max_daily_buy_amount"": 1016376.5301915105, ""score_threshold"": 1.1309409090011449, ""score_scale"": 0.8722849996509736, ""w_drawdown"": 2.4332916541908016, ""w_rsi"": 2.4535349717726045, ""w_ma_gap_25"": 4.689132274874915, ""w_ret_5"": 2.858640261880377, ""w_trend"": -0.15906359365827694, ""w_vol"": 1.334878315459468, ""w_exposure"": 3.315689973425522, ""w_unrealized_loss"": 5.206724024715378, ""fixed_profit_yen"": 23628.838634337193, ""base_take_profit_pct"": 0.002605138236649252, ""min_take_profit_pct"": 0.002605138236649252, ""exposure_tp_sensitivity"": 0.80654469465579, ""vol_tp_multiplier"": 0.7012454449930539}",647156.7424145613,1441443.8549381231,788212.2608279455,800361.9642191781,0
2021-12-10,"{""base_buy_amount"": 960631.2525793731, ""max_daily_buy_amount"": 1016376.5301915105, ""score_threshold"": 1.1309409090011449, ""score_scale"": 0.8722849996509736, ""w_drawdown"": 2.4332916541908016, ""w_rsi"": 2.4535349717726045, ""w_ma_gap_25"": 4.689132274874915, ""w_ret_5"": 2.858640261880377, ""w_trend"": -0.15906359365827694, ""w_vol"": 1.334878315459468, ""w_exposure"": 3.315689973425522, ""w_unrealized_loss"": 5.206724024715378, ""fixed_profit_yen"": 23628.838634337193, ""base_take_profit_pct"": 0.002605138236649252, ""min_take_profit_pct"": 0.002605138236649252, ""exposure_tp_sensitivity"": 0.80654469465579, ""vol_tp_multiplier"": 0.7012454449930539}",935500.4138736073,1729787.526397169,788212.2608279455,800361.9642191781,0
2021-12-17,"{""base_buy_amount"": 960631.2525793731, ""max_daily_buy_amount"": 1016376.5301915105, ""score_threshold"": 1.1309409090011449, ""score_scale"": 0.8722849996509736, ""w_drawdown"": 2.4332916541908016, ""w_rsi"": 2.4535349717726045, ""w_ma_gap_25"": 4.689132274874915, ""w_ret_5"": 2.858640261880377, ""w_trend"": -0.15906359365827694, ""w_vol"": 1.334878315459468, ""w_exposure"": 3.315689973425522, ""w_unrealized_loss"": 5.206724024715378, ""fixed_profit_yen"": 23628.838634337193, ""base_take_profit_pct"": 0.002605138236649252, ""min_take_profit_pct"": 0.002605138236649252, ""exposure_tp_sensitivity"": 0.80654469465579, ""vol_tp_multiplier"": 0.7012454449930539}",997906.9664071347,1792194.0789306965,788212.2608279455,800361.9642191781,0
2021-12-24,"{""base_buy_amount"": 960631.2525793731, ""max_daily_buy_amount"": 1016376.5301915105, ""score_threshold"": 1.1309409090011449, ""score_scale"": 0.8722849996509736, ""w_drawdown"": 2.4332916541908016, ""w_rsi"": 2.4535349717726045, ""w_ma_gap_25"": 4.689132274874915, ""w_ret_5"": 2.858640261880377, ""w_trend"": -0.15906359365827694, ""w_vol"": 1.334878315459468, ""w_exposure"": 3.315689973425522, ""w_unrealized_loss"": 5.206724024715378, ""fixed_profit_yen"": 23628.838634337193, ""base_take_profit_pct"": 0.002605138236649252, ""min_take_profit_pct"": 0.002605138236649252, ""exposure_tp_sensitivity"": 0.80654469465579, ""vol_tp_multiplier"": 0.7012454449930539}",970388.4326208781,1764675.54514444,788212.2608279455,800361.9642191781,0
2022-01-04,"{""base_buy_amount"": 960631.2525793731, ""max_daily_buy_amount"": 1016376.5301915105, ""score_threshold"": 1.1309409090011449, ""score_scale"": 0.8722849996509736, ""w_drawdown"": 2.4332916541908016, ""w_rsi"": 2.4535349717726045, ""w_ma_gap_25"": 4.689132274874915, ""w_ret_5"": 2.858640261880377, ""w_trend"": -0.15906359365827694, ""w_vol"": 1.334878315459468, ""w_exposure"": 3.315689973425522, ""w_unrealized_loss"": 5.206724024715378, ""fixed_profit_yen"": 23628.838634337193, ""base_take_profit_pct"": 0.002605138236649252, ""min_take_profit_pct"": 0.002605138236649252, ""exposure_tp_sensitivity"": 0.80654469465579, ""vol_tp_multiplier"": 0.7012454449930539}",975187.0253062975,1769474.1378298593,788212.2608279455,800361.9642191781,0
2022-01-12,"{""base_buy_amount"": 960631.2525793731, ""max_daily_buy_amount"": 1016376.5301915105, ""score_threshold"": 1.1309409090011449, ""score_scale"": 0.8722849996509736, ""w_drawdown"": 2.4332916541908016, ""w_rsi"": 2.4535349717726045, ""w_ma_gap_25"": 4.689132274874915, ""w_ret_5"": 2.858640261880377, ""w_trend"": -0.15906359365827694, ""w_vol"": 1.334878315459468, ""w_exposure"": 3.315689973425522, ""w_unrealized_loss"": 5.206724024715378, ""fixed_profit_yen"": 23628.838634337193, ""base_take_profit_pct"": 0.002605138236649252, ""min_take_profit_pct"": 0.002605138236649252, ""exposure_tp_sensitivity"": 0.80654469465579, ""vol_tp_multiplier"": 0.7012454449930539}",922998.6578543286,1717285.7703778904,788212.2608279455,800361.9642191781,0
2022-01-19,"{""base_buy_amount"": 960631.2525793731, ""max_daily_buy_amount"": 1016376.5301915105, ""score_threshold"": 1.1309409090011449, ""score_scale"": 0.8722849996509736, ""w_drawdown"": 2.4332916541908016, ""w_rsi"": 2.4535349717726045, ""w_ma_gap_25"": 4.689132274874915, ""w_ret_5"": 2.858640261880377, ""w_trend"": -0.15906359365827694, ""w_vol"": 1.334878315459468, ""w_exposure"": 3.315689973425522, ""w_unrealized_loss"": 5.206724024715378, ""fixed_profit_yen"": 23628.838634337193, ""base_take_profit_pct"": 0.002605138236649252, ""min_take_profit_pct"": 0.002605138236649252, ""exposure_tp_sensitivity"": 0.80654469465579, ""vol_tp_multiplier"": 0.7012454449930539}",919072.3969235616,1713359.5094471234,788212.2608279455,800361.9642191781,0
2022-01-26,"{""base_buy_amount"": 960631.2525793731, ""max_daily_buy_amount"": 1016376.5301915105, ""score_threshold"": 1.1309409090011449, ""score_scale"": 0.8722849996509736, ""w_drawdown"": 2.4332916541908016, ""w_rsi"": 2.4535349717726045, ""w_ma_gap_25"": 4.689132274874915, ""w_ret_5"": 2.858640261880377, ""w_trend"": -0.15906359365827694, ""w_vol"": 1.334878315459468, ""w_exposure"": 3.315689973425522, ""w_unrealized_loss"": 5.206724024715378, ""fixed_profit_yen"": 23628.838634337193, ""base_take_profit_pct"": 0.002605138236649252, ""min_take_profit_pct"": 0.002605138236649252, ""exposure_tp_sensitivity"": 0.80654469465579, ""vol_tp_multiplier"": 0.7012454449930539}",663377.3826749036,1457664.495198466,788212.2608279465,800361.9642191781,0
2022-02-02,"{""base_buy_amount"": 960631.2525793731, ""max_daily_buy_amount"": 1016376.5301915105, ""score_threshold"": 1.1309409090011449, ""score_scale"": 0.8722849996509736, ""w_drawdown"": 2.4332916541908016, ""w_rsi"": 2.4535349717726045, ""w_ma_gap_25"": 4.689132274874915, ""w_ret_5"": 2.858640261880377, ""w_trend"": -0.15906359365827694, ""w_vol"": 1.334878315459468, ""w_exposure"": 3.315689973425522, ""w_unrealized_loss"": 5.206724024715378, ""fixed_profit_yen"": 23628.838634337193, ""base_take_profit_pct"": 0.002605138236649252, ""min_take_profit_pct"": 0.002605138236649252, ""exposure_tp_sensitivity"": 0.80654469465579, ""vol_tp_multiplier"": 0.7012454449930539}",661519.0948202095,1455806.2073437718,788212.2608279465,800361.9642191781,0
2022-02-09,"{""base_buy_amount"": 960631.2525793731, ""max_daily_buy_amount"": 1016376.5301915105, ""score_threshold"": 1.1309409090011449, ""score_scale"": 0.8722849996509736, ""w_drawdown"": 2.4332916541908016, ""w_rsi"": 2.4535349717726045, ""w_ma_gap_25"": 4.689132274874915, ""w_ret_5"": 2.858640261880377, ""w_trend"": -0.15906359365827694, ""w_vol"": 1.334878315459468, ""w_exposure"": 3.315689973425522, ""w_unrealized_loss"": 5.206724024715378, ""fixed_profit_yen"": 23628.838634337193, ""base_take_profit_pct"": 0.002605138236649252, ""min_take_profit_pct"": 0.002605138236649252, ""exposure_tp_sensitivity"": 0.80654469465579, ""vol_tp_multiplier"": 0.7012454449930539}",740773.2506230164,1535060.3631465782,788212.2608279455,800361.9642191781,0
2022-02-17,"{""base_buy_amount"": 960631.2525793731, ""max_daily_buy_amount"": 1016376.5301915105, ""score_threshold"": 1.1309409090011449, ""score_scale"": 0.8722849996509736, ""w_drawdown"": 2.4332916541908016, ""w_rsi"": 2.4535349717726045, ""w_ma_gap_25"": 4.689132274874915, ""w_ret_5"": 2.858640261880377, ""w_trend"": -0.15906359365827694, ""w_vol"": 1.334878315459468, ""w_exposure"": 3.315689973425522, ""w_unrealized_loss"": 5.206724024715378, ""fixed_profit_yen"": 23628.838634337193, ""base_take_profit_pct"": 0.002605138236649252, ""min_take_profit_pct"": 0.002605138236649252, ""exposure_tp_sensitivity"": 0.80654469465579, ""vol_tp_multiplier"": 0.7012454449930539}",817704.0180575177,1611991.1305810795,788212.2608279455,800361.9642191781,0
2022-02-25,"{""base_buy_amount"": 960631.2525793731, ""max_daily_buy_amount"": 1016376.5301915105, ""score_threshold"": 1.1309409090011449, ""score_scale"": 0.8722849996509736, ""w_drawdown"": 2.4332916541908016, ""w_rsi"": 2.4535349717726045, ""w_ma_gap_25"": 4.689132274874915, ""w_ret_5"": 2.858640261880377, ""w_trend"": -0.15906359365827694, ""w_vol"": 1.334878315459468, ""w_exposure"": 3.315689973425522, ""w_unrealized_loss"": 5.206724024715378, ""fixed_profit_yen"": 23628.838634337193, ""base_take_profit_pct"": 0.002605138236649252, ""min_take_profit_pct"": 0.002605138236649252, ""exposure_tp_sensitivity"": 0.80654469465579, ""vol_tp_multiplier"": 0.7012454449930539}",223096.83368673,1052745.1270459082,788212.2608279455,871084.3258904109,0
2022-03-04,"{""base_buy_amount"": 960631.2525793731, ""max_daily_buy_amount"": 1016376.5301915105, ""score_threshold"": 1.1309409090011449, ""score_scale"": 0.8722849996509736, ""w_drawdown"": 2.4332916541908016, ""w_rsi"": 2.4535349717726045, ""w_ma_gap_25"": 4.689132274874915, ""w_ret_5"": 2.858640261880377, ""w_trend"": -0.15906359365827694, ""w_vol"": 1.334878315459468, ""w_exposure"": 3.315689973425522, ""w_unrealized_loss"": 5.206724024715378, ""fixed_profit_yen"": 23628.838634337193, ""base_take_profit_pct"": 0.002605138236649252, ""min_take_profit_pct"": 0.002605138236649252, ""exposure_tp_sensitivity"": 0.80654469465579, ""vol_tp_multiplier"": 0.7012454449930539}",476169.0598369589,1305817.3531961371,788212.2608279455,871084.3258904109,0
2022-03-11,"{""base_buy_amount"": 314121.0012707731, ""max_daily_buy_amount"": 1435763.584827896, ""score_threshold"": 0.5350790922770519, ""score_scale"": 4.91812676394141, ""w_drawdown"": 3.1017885482902203, ""w_rsi"": 2.387529368138664, ""w_ma_gap_25"": 3.807162815920038, ""w_ret_5"": 4.516639359820266, ""w_trend"": 1.324175680310109, ""w_vol"": 4.816056117746898, ""w_exposure"": 7.820051707381772, ""w_unrealized_loss"": 8.668014382619265, ""fixed_profit_yen"": 8362.89134563095, ""base_take_profit_pct"": 0.02250757808382605, ""min_take_profit_pct"": 0.004960798295746318, ""exposure_tp_sensitivity"": 0.4977934221701477, ""vol_tp_multiplier"": 3.270512047411784}",41820.52244408327,514011.7702292886,477460.1068443833,466922.3887260274,0
2022-03-18,"{""base_buy_amount"": 314121.0012707731, ""max_daily_buy_amount"": 1435763.584827896, ""score_threshold"": 0.5350790922770519, ""score_scale"": 4.91812676394141, ""w_drawdown"": 3.1017885482902203, ""w_rsi"": 2.387529368138664, ""w_ma_gap_25"": 3.807162815920038, ""w_ret_5"": 4.516639359820266, ""w_trend"": 1.324175680310109, ""w_vol"": 4.816056117746898, ""w_exposure"": 7.820051707381772, ""w_unrealized_loss"": 8.668014382619265, ""fixed_profit_yen"": 8362.89134563095, ""base_take_profit_pct"": 0.02250757808382605, ""min_take_profit_pct"": 0.004960798295746318, ""exposure_tp_sensitivity"": 0.4977934221701477, ""vol_tp_multiplier"": 3.270512047411784}",179731.6372890156,651922.885074221,477460.1068443833,466922.3887260274,0
2022-03-28,"{""base_buy_amount"": 960631.2525793731, ""max_daily_buy_amount"": 1016376.5301915105, ""score_threshold"": 1.1309409090011449, ""score_scale"": 0.8722849996509736, ""w_drawdown"": 2.4332916541908016, ""w_rsi"": 2.4535349717726045, ""w_ma_gap_25"": 4.689132274874915, ""w_ret_5"": 2.858640261880377, ""w_trend"": -0.15906359365827694, ""w_vol"": 1.334878315459468, ""w_exposure"": 3.315689973425522, ""w_unrealized_loss"": 5.206724024715378, ""fixed_profit_yen"": 23628.838634337193, ""base_take_profit_pct"": 0.002605138236649252, ""min_take_profit_pct"": 0.002605138236649252, ""exposure_tp_sensitivity"": 0.80654469465579, ""vol_tp_multiplier"": 0.7012454449930539}",531530.1452664221,2079907.7126794364,1461522.406195892,1635232.7286301367,0
2022-04-04,"{""base_buy_amount"": 960631.2525793731, ""max_daily_buy_amount"": 1016376.5301915105, ""score_threshold"": 1.1309409090011449, ""score_scale"": 0.8722849996509736, ""w_drawdown"": 2.4332916541908016, ""w_rsi"": 2.4535349717726045, ""w_ma_gap_25"": 4.689132274874915, ""w_ret_5"": 2.858640261880377, ""w_trend"": -0.15906359365827694, ""w_vol"": 1.334878315459468, ""w_exposure"": 3.315689973425522, ""w_unrealized_loss"": 5.206724024715378, ""fixed_profit_yen"": 23628.838634337193, ""base_take_profit_pct"": 0.002605138236649252, ""min_take_profit_pct"": 0.002605138236649252, ""exposure_tp_sensitivity"": 0.80654469465579, ""vol_tp_multiplier"": 0.7012454449930539}",485339.1035017781,2033716.6709147925,1461522.406195892,1635232.7286301367,0
2022-04-11,"{""base_buy_amount"": 314121.0012707731, ""max_daily_buy_amount"": 1435763.584827896, ""score_threshold"": 0.5350790922770519, ""score_scale"": 4.91812676394141, ""w_drawdown"": 3.1017885482902203, ""w_rsi"": 2.387529368138664, ""w_ma_gap_25"": 3.807162815920038, ""w_ret_5"": 4.516639359820266, ""w_trend"": 1.324175680310109, ""w_vol"": 4.816056117746898, ""w_exposure"": 7.820051707381772, ""w_unrealized_loss"": 8.668014382619265, ""fixed_profit_yen"": 8362.89134563095, ""base_take_profit_pct"": 0.02250757808382605, ""min_take_profit_pct"": 0.004960798295746318, ""exposure_tp_sensitivity"": 0.4977934221701477, ""vol_tp_multiplier"": 3.270512047411784}",250956.92698125434,706501.5733007065,461066.15695397276,450023.1356849315,0
2022-04-18,"{""base_buy_amount"": 960631.2525793731, ""max_daily_buy_amount"": 1016376.5301915105, ""score_threshold"": 1.1309409090011449, ""score_scale"": 0.8722849996509736, ""w_drawdown"": 2.4332916541908016, ""w_rsi"": 2.4535349717726045, ""w_ma_gap_25"": 4.689132274874915, ""w_ret_5"": 2.858640261880377, ""w_trend"": -0.15906359365827694, ""w_vol"": 1.334878315459468, ""w_exposure"": 3.315689973425522, ""w_unrealized_loss"": 5.206724024715378, ""fixed_profit_yen"": 23628.838634337193, ""base_take_profit_pct"": 0.002605138236649252, ""min_take_profit_pct"": 0.002605138236649252, ""exposure_tp_sensitivity"": 0.80654469465579, ""vol_tp_multiplier"": 0.7012454449930539}",276264.28622189024,1824641.8536349046,1461522.406195892,1635232.7286301367,0
2022-04-25,"{""base_buy_amount"": 960631.2525793731, ""max_daily_buy_amount"": 1016376.5301915105, ""score_threshold"": 1.1309409090011449, ""score_scale"": 0.8722849996509736, ""w_drawdown"": 2.4332916541908016, ""w_rsi"": 2.4535349717726045, ""w_ma_gap_25"": 4.689132274874915, ""w_ret_5"": 2.858640261880377, ""w_trend"": -0.15906359365827694, ""w_vol"": 1.334878315459468, ""w_exposure"": 3.315689973425522, ""w_unrealized_loss"": 5.206724024715378, ""fixed_profit_yen"": 23628.838634337193, ""base_take_profit_pct"": 0.002605138236649252, ""min_take_profit_pct"": 0.002605138236649252, ""exposure_tp_sensitivity"": 0.80654469465579, ""vol_tp_multiplier"": 0.7012454449930539}",324552.5752334143,1872930.1426464287,1461522.406195892,1635232.7286301367,0
2022-05-06,"{""base_buy_amount"": 960631.2525793731, ""max_daily_buy_amount"": 1016376.5301915105, ""score_threshold"": 1.1309409090011449, ""score_scale"": 0.8722849996509736, ""w_drawdown"": 2.4332916541908016, ""w_rsi"": 2.4535349717726045, ""w_ma_gap_25"": 4.689132274874915, ""w_ret_5"": 2.858640261880377, ""w_trend"": -0.15906359365827694, ""w_vol"": 1.334878315459468, ""w_exposure"": 3.315689973425522, ""w_unrealized_loss"": 5.206724024715378, ""fixed_profit_yen"": 23628.838634337193, ""base_take_profit_pct"": 0.002605138236649252, ""min_take_profit_pct"": 0.002605138236649252, ""exposure_tp_sensitivity"": 0.80654469465579, ""vol_tp_multiplier"": 0.7012454449930539}",347991.18766408204,1896368.7550770964,1461522.406195892,1635232.7286301367,0
2022-05-13,"{""base_buy_amount"": 350403.44423284096, ""max_daily_buy_amount"": 1596121.2217733124, ""score_threshold"": 0.19657753439871772, ""score_scale"": 2.4413818783095054, ""w_drawdown"": 3.1300624047052854, ""w_rsi"": 1.8032866722512715, ""w_ma_gap_25"": 2.563696223033791, ""w_ret_5"": 3.6835284424111014, ""w_trend"": 2.3184173203422462, ""w_vol"": 4.605285986475958, ""w_exposure"": 5.036329251830992, ""w_unrealized_loss"": 5.2027511474056904, ""fixed_profit_yen"": 40593.90930590031, ""base_take_profit_pct"": 0.010804619368837634, ""min_take_profit_pct"": 0.008536441261105619, ""exposure_tp_sensitivity"": 0.4447274818656811, ""vol_tp_multiplier"": 0.579283621676342}",313448.5403869075,586896.4483056751,200262.38120739814,246633.43463013694,0
2022-05-20,"{""base_buy_amount"": 350403.44423284096, ""max_daily_buy_amount"": 1596121.2217733124, ""score_threshold"": 0.19657753439871772, ""score_scale"": 2.4413818783095054, ""w_drawdown"": 3.1300624047052854, ""w_rsi"": 1.8032866722512715, ""w_ma_gap_25"": 2.563696223033791, ""w_ret_5"": 3.6835284424111014, ""w_trend"": 2.3184173203422462, ""w_vol"": 4.605285986475958, ""w_exposure"": 5.036329251830992, ""w_unrealized_loss"": 5.2027511474056904, ""fixed_profit_yen"": 40593.90930590031, ""base_take_profit_pct"": 0.010804619368837634, ""min_take_profit_pct"": 0.008536441261105619, ""exposure_tp_sensitivity"": 0.4447274818656811, ""vol_tp_multiplier"": 0.579283621676342}",90212.76706024347,363660.674979011,200262.38120739814,246633.43463013694,0
2022-05-27,"{""base_buy_amount"": 314121.0012707731, ""max_daily_buy_amount"": 1435763.584827896, ""score_threshold"": 0.5350790922770519, ""score_scale"": 4.91812676394141, ""w_drawdown"": 3.1017885482902203, ""w_rsi"": 2.387529368138664, ""w_ma_gap_25"": 3.807162815920038, ""w_ret_5"": 4.516639359820266, ""w_trend"": 1.324175680310109, ""w_vol"": 4.816056117746898, ""w_exposure"": 7.820051707381772, ""w_unrealized_loss"": 8.668014382619265, ""fixed_profit_yen"": 8362.89134563095, ""base_take_profit_pct"": 0.02250757808382605, ""min_take_profit_pct"": 0.004960798295746318, ""exposure_tp_sensitivity"": 0.4977934221701477, ""vol_tp_multiplier"": 3.270512047411784}",77282.70356203982,471573.42456292716,405700.65580999386,382880.7861917808,0
2022-06-03,"{""base_buy_amount"": 314121.0012707731, ""max_daily_buy_amount"": 1435763.584827896, ""score_threshold"": 0.5350790922770519, ""score_scale"": 4.91812676394141, ""w_drawdown"": 3.1017885482902203, ""w_rsi"": 2.387529368138664, ""w_ma_gap_25"": 3.807162815920038, ""w_ret_5"": 4.516639359820266, ""w_trend"": 1.324175680310109, ""w_vol"": 4.816056117746898, ""w_exposure"": 7.820051707381772, ""w_unrealized_loss"": 8.668014382619265, ""fixed_profit_yen"": 8362.89134563095, ""base_take_profit_pct"": 0.02250757808382605, ""min_take_profit_pct"": 0.004960798295746318, ""exposure_tp_sensitivity"": 0.4977934221701477, ""vol_tp_multiplier"": 3.270512047411784}",94925.43482791405,489216.15582880186,405700.6558099948,382880.7861917808,0
2022-06-10,"{""base_buy_amount"": 314121.0012707731, ""max_daily_buy_amount"": 1435763.584827896, ""score_threshold"": 0.5350790922770519, ""score_scale"": 4.91812676394141, ""w_drawdown"": 3.1017885482902203, ""w_rsi"": 2.387529368138664, ""w_ma_gap_25"": 3.807162815920038, ""w_ret_5"": 4.516639359820266, ""w_trend"": 1.324175680310109, ""w_vol"": 4.816056117746898, ""w_exposure"": 7.820051707381772, ""w_unrealized_loss"": 8.668014382619265, ""fixed_profit_yen"": 8362.89134563095, ""base_take_profit_pct"": 0.02250757808382605, ""min_take_profit_pct"": 0.004960798295746318, ""exposure_tp_sensitivity"": 0.4977934221701477, ""vol_tp_multiplier"": 3.270512047411784}",109605.01481174695,503895.73581263475,405700.6558099948,382880.7861917808,0
2022-06-17,"{""base_buy_amount"": 314121.0012707731, ""max_daily_buy_amount"": 1435763.584827896, ""score_threshold"": 0.5350790922770519, ""score_scale"": 4.91812676394141, ""w_drawdown"": 3.1017885482902203, ""w_rsi"": 2.387529368138664, ""w_ma_gap_25"": 3.807162815920038, ""w_ret_5"": 4.516639359820266, ""w_trend"": 1.324175680310109, ""w_vol"": 4.816056117746898, ""w_exposure"": 7.820051707381772, ""w_unrealized_loss"": 8.668014382619265, ""fixed_profit_yen"": 8362.89134563095, ""base_take_profit_pct"": 0.02250757808382605, ""min_take_profit_pct"": 0.004960798295746318, ""exposure_tp_sensitivity"": 0.4977934221701477, ""vol_tp_multiplier"": 3.270512047411784}",66586.23437339091,460876.9553742787,405700.6558099948,382880.7861917808,0
2022-06-24,"{""base_buy_amount"": 151098.55527781372, ""max_daily_buy_amount"": 1998298.9879010534, ""score_threshold"": 0.6627389444261476, ""score_scale"": 3.4255625700145864, ""w_drawdown"": 0.45220363492066373, ""w_rsi"": 4.4851669944831265, ""w_ma_gap_25"": 0.14499751602234712, ""w_ret_5"": 1.2041402902057352, ""w_trend"": -2.14186874900019, ""w_vol"": 3.883839703461093, ""w_exposure"": 1.9820422721289788, ""w_unrealized_loss"": 9.106382271308853, ""fixed_profit_yen"": 33844.64484839204, ""base_take_profit_pct"": 0.003012555893851494, ""min_take_profit_pct"": 0.0010488685071583042, ""exposure_tp_sensitivity"": 0.046492125312959036, ""vol_tp_multiplier"": 3.0296258882386384}",59168.58963253796,143276.94353074944,89987.45959094353,78229.24820547944,0
2022-07-01,"{""base_buy_amount"": 314121.0012707731, ""max_daily_buy_amount"": 1435763.584827896, ""score_threshold"": 0.5350790922770519, ""score_scale"": 4.91812676394141, ""w_drawdown"": 3.1017885482902203, ""w_rsi"": 2.387529368138664, ""w_ma_gap_25"": 3.807162815920038, ""w_ret_5"": 4.516639359820266, ""w_trend"": 1.324175680310109, ""w_vol"": 4.816056117746898, ""w_exposure"": 7.820051707381772, ""w_unrealized_loss"": 8.668014382619265, ""fixed_profit_yen"": 8362.89134563095, ""base_take_profit_pct"": 0.02250757808382605, ""min_take_profit_pct"": 0.004960798295746318, ""exposure_tp_sensitivity"": 0.4977934221701477, ""vol_tp_multiplier"": 3.270512047411784}",113034.75400465803,507325.4750055458,405700.6558099948,382880.7861917808,0
2022-07-08,"{""base_buy_amount"": 314121.0012707731, ""max_daily_buy_amount"": 1435763.584827896, ""score_threshold"": 0.5350790922770519, ""score_scale"": 4.91812676394141, ""w_drawdown"": 3.1017885482902203, ""w_rsi"": 2.387529368138664, ""w_ma_gap_25"": 3.807162815920038, ""w_ret_5"": 4.516639359820266, ""w_trend"": 1.324175680310109, ""w_vol"": 4.816056117746898, ""w_exposure"": 7.820051707381772, ""w_unrealized_loss"": 8.668014382619265, ""fixed_profit_yen"": 8362.89134563095, ""base_take_profit_pct"": 0.02250757808382605, ""min_take_profit_pct"": 0.004960798295746318, ""exposure_tp_sensitivity"": 0.4977934221701477, ""vol_tp_multiplier"": 3.270512047411784}",124713.90116811002,519004.6221689978,405700.6558099948,382880.7861917808,0
2022-07-15,"{""base_buy_amount"": 314121.0012707731, ""max_daily_buy_amount"": 1435763.584827896, ""score_threshold"": 0.5350790922770519, ""score_scale"": 4.91812676394141, ""w_drawdown"": 3.1017885482902203, ""w_rsi"": 2.387529368138664, ""w_ma_gap_25"": 3.807162815920038, ""w_ret_5"": 4.516639359820266, ""w_trend"": 1.324175680310109, ""w_vol"": 4.816056117746898, ""w_exposure"": 7.820051707381772, ""w_unrealized_loss"": 8.668014382619265, ""fixed_profit_yen"": 8362.89134563095, ""base_take_profit_pct"": 0.02250757808382605, ""min_take_profit_pct"": 0.004960798295746318, ""exposure_tp_sensitivity"": 0.4977934221701477, ""vol_tp_multiplier"": 3.270512047411784}",137678.1305155668,531968.8515164546,405700.6558099948,382880.7861917808,0
2022-07-25,"{""base_buy_amount"": 314121.0012707731, ""max_daily_buy_amount"": 1435763.584827896, ""score_threshold"": 0.5350790922770519, ""score_scale"": 4.91812676394141, ""w_drawdown"": 3.1017885482902203, ""w_rsi"": 2.387529368138664, ""w_ma_gap_25"": 3.807162815920038, ""w_ret_5"": 4.516639359820266, ""w_trend"": 1.324175680310109, ""w_vol"": 4.816056117746898, ""w_exposure"": 7.820051707381772, ""w_unrealized_loss"": 8.668014382619265, ""fixed_profit_yen"": 8362.89134563095, ""base_take_profit_pct"": 0.02250757808382605, ""min_take_profit_pct"": 0.004960798295746318, ""exposure_tp_sensitivity"": 0.4977934221701477, ""vol_tp_multiplier"": 3.270512047411784}",150809.07568195253,545099.7966828403,405700.6558099948,382880.7861917808,0
2022-08-01,"{""base_buy_amount"": 314121.0012707731, ""max_daily_buy_amount"": 1435763.584827896, ""score_threshold"": 0.5350790922770519, ""score_scale"": 4.91812676394141, ""w_drawdown"": 3.1017885482902203, ""w_rsi"": 2.387529368138664, ""w_ma_gap_25"": 3.807162815920038, ""w_ret_5"": 4.516639359820266, ""w_trend"": 1.324175680310109, ""w_vol"": 4.816056117746898, ""w_exposure"": 7.820051707381772, ""w_unrealized_loss"": 8.668014382619265, ""fixed_profit_yen"": 8362.89134563095, ""base_take_profit_pct"": 0.02250757808382605, ""min_take_profit_pct"": 0.004960798295746318, ""exposure_tp_sensitivity"": 0.4977934221701477, ""vol_tp_multiplier"": 3.270512047411784}",148478.49504612375,542769.2160470115,405700.6558099948,382880.7861917808,0
2022-08-08,"{""base_buy_amount"": 314121.0012707731, ""max_daily_buy_amount"": 1435763.584827896, ""score_threshold"": 0.5350790922770519, ""score_scale"": 4.91812676394141, ""w_drawdown"": 3.1017885482902203, ""w_rsi"": 2.387529368138664, ""w_ma_gap_25"": 3.807162815920038, ""w_ret_5"": 4.516639359820266, ""w_trend"": 1.324175680310109, ""w_vol"": 4.816056117746898, ""w_exposure"": 7.820051707381772, ""w_unrealized_loss"": 8.668014382619265, ""fixed_profit_yen"": 8362.89134563095, ""base_take_profit_pct"": 0.02250757808382605, ""min_take_profit_pct"": 0.004960798295746318, ""exposure_tp_sensitivity"": 0.4977934221701477, ""vol_tp_multiplier"": 3.270512047411784}",127278.55356638791,521569.2745672757,405700.6558099948,382880.7861917808,0
2022-08-16,"{""base_buy_amount"": 314121.0012707731, ""max_daily_buy_amount"": 1435763.584827896, ""score_threshold"": 0.5350790922770519, ""score_scale"": 4.91812676394141, ""w_drawdown"": 3.1017885482902203, ""w_rsi"": 2.387529368138664, ""w_ma_gap_25"": 3.807162815920038, ""w_ret_5"": 4.516639359820266, ""w_trend"": 1.324175680310109, ""w_vol"": 4.816056117746898, ""w_exposure"": 7.820051707381772, ""w_unrealized_loss"": 8.668014382619265, ""fixed_profit_yen"": 8362.89134563095, ""base_take_profit_pct"": 0.02250757808382605, ""min_take_profit_pct"": 0.004960798295746318, ""exposure_tp_sensitivity"": 0.4977934221701477, ""vol_tp_multiplier"": 3.270512047411784}",119045.80348302494,513336.52448391274,405700.6558099948,382880.7861917808,0
2022-08-23,"{""base_buy_amount"": 314121.0012707731, ""max_daily_buy_amount"": 1435763.584827896, ""score_threshold"": 0.5350790922770519, ""score_scale"": 4.91812676394141, ""w_drawdown"": 3.1017885482902203, ""w_rsi"": 2.387529368138664, ""w_ma_gap_25"": 3.807162815920038, ""w_ret_5"": 4.516639359820266, ""w_trend"": 1.324175680310109, ""w_vol"": 4.816056117746898, ""w_exposure"": 7.820051707381772, ""w_unrealized_loss"": 8.668014382619265, ""fixed_profit_yen"": 8362.89134563095, ""base_take_profit_pct"": 0.02250757808382605, ""min_take_profit_pct"": 0.004960798295746318, ""exposure_tp_sensitivity"": 0.4977934221701477, ""vol_tp_multiplier"": 3.270512047411784}",117511.99161461001,511802.7126154978,405700.6558099948,382880.7861917808,0
2022-08-30,"{""base_buy_amount"": 151098.55527781372, ""max_daily_buy_amount"": 1998298.9879010534, ""score_threshold"": 0.6627389444261476, ""score_scale"": 3.4255625700145864, ""w_drawdown"": 0.45220363492066373, ""w_rsi"": 4.4851669944831265, ""w_ma_gap_25"": 0.14499751602234712, ""w_ret_5"": 1.2041402902057352, ""w_trend"": -2.14186874900019, ""w_vol"": 3.883839703461093, ""w_exposure"": 1.9820422721289788, ""w_unrealized_loss"": 9.106382271308853, ""fixed_profit_yen"": 33844.64484839204, ""base_take_profit_pct"": 0.003012555893851494, ""min_take_profit_pct"": 0.0010488685071583042, ""exposure_tp_sensitivity"": 0.046492125312959036, ""vol_tp_multiplier"": 3.0296258882386384}",89220.91620795488,173329.2701061659,89987.4595909426,78229.24820547944,0
2022-09-06,"{""base_buy_amount"": 151098.55527781372, ""max_daily_buy_amount"": 1998298.9879010534, ""score_threshold"": 0.6627389444261476, ""score_scale"": 3.4255625700145864, ""w_drawdown"": 0.45220363492066373, ""w_rsi"": 4.4851669944831265, ""w_ma_gap_25"": 0.14499751602234712, ""w_ret_5"": 1.2041402902057352, ""w_trend"": -2.14186874900019, ""w_vol"": 3.883839703461093, ""w_exposure"": 1.9820422721289788, ""w_unrealized_loss"": 9.106382271308853, ""fixed_profit_yen"": 33844.64484839204, ""base_take_profit_pct"": 0.003012555893851494, ""min_take_profit_pct"": 0.0010488685071583042, ""exposure_tp_sensitivity"": 0.046492125312959036, ""vol_tp_multiplier"": 3.0296258882386384}",83051.18686534527,167159.5407635563,89987.4595909426,78229.24820547944,0
2022-09-13,"{""base_buy_amount"": 314121.0012707731, ""max_daily_buy_amount"": 1435763.584827896, ""score_threshold"": 0.5350790922770519, ""score_scale"": 4.91812676394141, ""w_drawdown"": 3.1017885482902203, ""w_rsi"": 2.387529368138664, ""w_ma_gap_25"": 3.807162815920038, ""w_ret_5"": 4.516639359820266, ""w_trend"": 1.324175680310109, ""w_vol"": 4.816056117746898, ""w_exposure"": 7.820051707381772, ""w_unrealized_loss"": 8.668014382619265, ""fixed_profit_yen"": 8362.89134563095, ""base_take_profit_pct"": 0.02250757808382605, ""min_take_profit_pct"": 0.004960798295746318, ""exposure_tp_sensitivity"": 0.4977934221701477, ""vol_tp_multiplier"": 3.270512047411784}",133758.7452063111,528049.4662071984,405700.65580999386,382880.7861917808,0
2022-09-21,"{""base_buy_amount"": 314121.0012707731, ""max_daily_buy_amount"": 1435763.584827896, ""score_threshold"": 0.5350790922770519, ""score_scale"": 4.91812676394141, ""w_drawdown"": 3.1017885482902203, ""w_rsi"": 2.387529368138664, ""w_ma_gap_25"": 3.807162815920038, ""w_ret_5"": 4.516639359820266, ""w_trend"": 1.324175680310109, ""w_vol"": 4.816056117746898, ""w_exposure"": 7.820051707381772, ""w_unrealized_loss"": 8.668014382619265, ""fixed_profit_yen"": 8362.89134563095, ""base_take_profit_pct"": 0.02250757808382605, ""min_take_profit_pct"": 0.004960798295746318, ""exposure_tp_sensitivity"": 0.4977934221701477, ""vol_tp_multiplier"": 3.270512047411784}",103065.60885002348,497356.3298509108,405700.65580999386,382880.7861917808,0
2022-09-29,"{""base_buy_amount"": 151098.55527781372, ""max_daily_buy_amount"": 1998298.9879010534, ""score_threshold"": 0.6627389444261476, ""score_scale"": 3.4255625700145864, ""w_drawdown"": 0.45220363492066373, ""w_rsi"": 4.4851669944831265, ""w_ma_gap_25"": 0.14499751602234712, ""w_ret_5"": 1.2041402902057352, ""w_trend"": -2.14186874900019, ""w_vol"": 3.883839703461093, ""w_exposure"": 1.9820422721289788, ""w_unrealized_loss"": 9.106382271308853, ""fixed_profit_yen"": 33844.64484839204, ""base_take_profit_pct"": 0.003012555893851494, ""min_take_profit_pct"": 0.0010488685071583042, ""exposure_tp_sensitivity"": 0.046492125312959036, ""vol_tp_multiplier"": 3.0296258882386384}",77012.25118041378,161120.6050786248,89987.4595909426,78229.24820547944,0
2022-10-06,"{""base_buy_amount"": 809282.4806864633, ""max_daily_buy_amount"": 1035091.1095933153, ""score_threshold"": 0.39837376609044917, ""score_scale"": 4.6905630606054585, ""w_drawdown"": 0.5986679425056141, ""w_rsi"": 0.5855178295005525, ""w_ma_gap_25"": 0.43854505955384204, ""w_ret_5"": 3.2893164252026392, ""w_trend"": -0.4883501952577234, ""w_vol"": 3.871607080709216, ""w_exposure"": 6.7123141330859255, ""w_unrealized_loss"": 3.3363775832823817, ""fixed_profit_yen"": 45223.22772599218, ""base_take_profit_pct"": 0.02335090011797826, ""min_take_profit_pct"": 0.003434814468191582, ""exposure_tp_sensitivity"": 0.32777281599484864, ""vol_tp_multiplier"": 1.5721999010213143}",420953.8418145018,722458.4017832655,321096.7791704042,281912.3407671232,0
2022-10-14,"{""base_buy_amount"": 809282.4806864633, ""max_daily_buy_amount"": 1035091.1095933153, ""score_threshold"": 0.39837376609044917, ""score_scale"": 4.6905630606054585, ""w_drawdown"": 0.5986679425056141, ""w_rsi"": 0.5855178295005525, ""w_ma_gap_25"": 0.43854505955384204, ""w_ret_5"": 3.2893164252026392, ""w_trend"": -0.4883501952577234, ""w_vol"": 3.871607080709216, ""w_exposure"": 6.7123141330859255, ""w_unrealized_loss"": 3.3363775832823817, ""fixed_profit_yen"": 45223.22772599218, ""base_take_profit_pct"": 0.02335090011797826, ""min_take_profit_pct"": 0.003434814468191582, ""exposure_tp_sensitivity"": 0.32777281599484864, ""vol_tp_multiplier"": 1.5721999010213143}",350218.532820737,651723.0927895012,321096.7791704051,281912.3407671232,0
2022-10-21,"{""base_buy_amount"": 809282.4806864633, ""max_daily_buy_amount"": 1035091.1095933153, ""score_threshold"": 0.39837376609044917, ""score_scale"": 4.6905630606054585, ""w_drawdown"": 0.5986679425056141, ""w_rsi"": 0.5855178295005525, ""w_ma_gap_25"": 0.43854505955384204, ""w_ret_5"": 3.2893164252026392, ""w_trend"": -0.4883501952577234, ""w_vol"": 3.871607080709216, ""w_exposure"": 6.7123141330859255, ""w_unrealized_loss"": 3.3363775832823817, ""fixed_profit_yen"": 45223.22772599218, ""base_take_profit_pct"": 0.02335090011797826, ""min_take_profit_pct"": 0.003434814468191582, ""exposure_tp_sensitivity"": 0.32777281599484864, ""vol_tp_multiplier"": 1.5721999010213143}",265963.811534832,567468.3715035957,321096.7791704042,281912.3407671232,0
2022-10-28,"{""base_buy_amount"": 809282.4806864633, ""max_daily_buy_amount"": 1035091.1095933153, ""score_threshold"": 0.39837376609044917, ""score_scale"": 4.6905630606054585, ""w_drawdown"": 0.5986679425056141, ""w_rsi"": 0.5855178295005525, ""w_ma_gap_25"": 0.43854505955384204, ""w_ret_5"": 3.2893164252026392, ""w_trend"": -0.4883501952577234, ""w_vol"": 3.871607080709216, ""w_exposure"": 6.7123141330859255, ""w_unrealized_loss"": 3.3363775832823817, ""fixed_profit_yen"": 45223.22772599218, ""base_take_profit_pct"": 0.02335090011797826, ""min_take_profit_pct"": 0.003434814468191582, ""exposure_tp_sensitivity"": 0.32777281599484864, ""vol_tp_multiplier"": 1.5721999010213143}",289809.0533978457,591313.6133666094,321096.7791704042,281912.3407671232,0
2022-11-07,"{""base_buy_amount"": 809282.4806864633, ""max_daily_buy_amount"": 1035091.1095933153, ""score_threshold"": 0.39837376609044917, ""score_scale"": 4.6905630606054585, ""w_drawdown"": 0.5986679425056141, ""w_rsi"": 0.5855178295005525, ""w_ma_gap_25"": 0.43854505955384204, ""w_ret_5"": 3.2893164252026392, ""w_trend"": -0.4883501952577234, ""w_vol"": 3.871607080709216, ""w_exposure"": 6.7123141330859255, ""w_unrealized_loss"": 3.3363775832823817, ""fixed_profit_yen"": 45223.22772599218, ""base_take_profit_pct"": 0.02335090011797826, ""min_take_profit_pct"": 0.003434814468191582, ""exposure_tp_sensitivity"": 0.32777281599484864, ""vol_tp_multiplier"": 1.5721999010213143}",294333.6485657429,595838.2085345066,321096.7791704042,281912.3407671232,0
2022-11-14,"{""base_buy_amount"": 809282.4806864633, ""max_daily_buy_amount"": 1035091.1095933153, ""score_threshold"": 0.39837376609044917, ""score_scale"": 4.6905630606054585, ""w_drawdown"": 0.5986679425056141, ""w_rsi"": 0.5855178295005525, ""w_ma_gap_25"": 0.43854505955384204, ""w_ret_5"": 3.2893164252026392, ""w_trend"": -0.4883501952577234, ""w_vol"": 3.871607080709216, ""w_exposure"": 6.7123141330859255, ""w_unrealized_loss"": 3.3363775832823817, ""fixed_profit_yen"": 45223.22772599218, ""base_take_profit_pct"": 0.02335090011797826, ""min_take_profit_pct"": 0.003434814468191582, ""exposure_tp_sensitivity"": 0.32777281599484864, ""vol_tp_multiplier"": 1.5721999010213143}",317971.6214972498,619476.1814660135,321096.7791704042,281912.3407671232,0
2022-11-21,"{""base_buy_amount"": 809282.4806864633, ""max_daily_buy_amount"": 1035091.1095933153, ""score_threshold"": 0.39837376609044917, ""score_scale"": 4.6905630606054585, ""w_drawdown"": 0.5986679425056141, ""w_rsi"": 0.5855178295005525, ""w_ma_gap_25"": 0.43854505955384204, ""w_ret_5"": 3.2893164252026392, ""w_trend"": -0.4883501952577234, ""w_vol"": 3.871607080709216, ""w_exposure"": 6.7123141330859255, ""w_unrealized_loss"": 3.3363775832823817, ""fixed_profit_yen"": 45223.22772599218, ""base_take_profit_pct"": 0.02335090011797826, ""min_take_profit_pct"": 0.003434814468191582, ""exposure_tp_sensitivity"": 0.32777281599484864, ""vol_tp_multiplier"": 1.5721999010213143}",309965.17920661136,611469.7391753751,321096.7791704042,281912.3407671232,0
2022-11-29,"{""base_buy_amount"": 809282.4806864633, ""max_daily_buy_amount"": 1035091.1095933153, ""score_threshold"": 0.39837376609044917, ""score_scale"": 4.6905630606054585, ""w_drawdown"": 0.5986679425056141, ""w_rsi"": 0.5855178295005525, ""w_ma_gap_25"": 0.43854505955384204, ""w_ret_5"": 3.2893164252026392, ""w_trend"": -0.4883501952577234, ""w_vol"": 3.871607080709216, ""w_exposure"": 6.7123141330859255, ""w_unrealized_loss"": 3.3363775832823817, ""fixed_profit_yen"": 45223.22772599218, ""base_take_profit_pct"": 0.02335090011797826, ""min_take_profit_pct"": 0.003434814468191582, ""exposure_tp_sensitivity"": 0.32777281599484864, ""vol_tp_multiplier"": 1.5721999010213143}",315051.0772888032,616555.6372575669,321096.7791704042,281912.3407671232,0
2022-12-06,"{""base_buy_amount"": 809282.4806864633, ""max_daily_buy_amount"": 1035091.1095933153, ""score_threshold"": 0.39837376609044917, ""score_scale"": 4.6905630606054585, ""w_drawdown"": 0.5986679425056141, ""w_rsi"": 0.5855178295005525, ""w_ma_gap_25"": 0.43854505955384204, ""w_ret_5"": 3.2893164252026392, ""w_trend"": -0.4883501952577234, ""w_vol"": 3.871607080709216, ""w_exposure"": 6.7123141330859255, ""w_unrealized_loss"": 3.3363775832823817, ""fixed_profit_yen"": 45223.22772599218, ""base_take_profit_pct"": 0.02335090011797826, ""min_take_profit_pct"": 0.003434814468191582, ""exposure_tp_sensitivity"": 0.32777281599484864, ""vol_tp_multiplier"": 1.5721999010213143}",307838.66304222785,609343.2230109916,321096.7791704042,281912.3407671232,0
2022-12-13,"{""base_buy_amount"": 960631.2525793731, ""max_daily_buy_amount"": 1016376.5301915105, ""score_threshold"": 1.1309409090011449, ""score_scale"": 0.8722849996509736, ""w_drawdown"": 2.4332916541908016, ""w_rsi"": 2.4535349717726045, ""w_ma_gap_25"": 4.689132274874915, ""w_ret_5"": 2.858640261880377, ""w_trend"": -0.15906359365827694, ""w_vol"": 1.334878315459468, ""w_exposure"": 3.315689973425522, ""w_unrealized_loss"": 5.206724024715378, ""fixed_profit_yen"": 23628.838634337193, ""base_take_profit_pct"": 0.002605138236649252, ""min_take_profit_pct"": 0.002605138236649252, ""exposure_tp_sensitivity"": 0.80654469465579, ""vol_tp_multiplier"": 0.7012454449930539}",423869.2742742681,1809842.4448715905,1322902.9679891653,1449043.3732054795,0
2022-12-20,"{""base_buy_amount"": 960631.2525793731, ""max_daily_buy_amount"": 1016376.5301915105, ""score_threshold"": 1.1309409090011449, ""score_scale"": 0.8722849996509736, ""w_drawdown"": 2.4332916541908016, ""w_rsi"": 2.4535349717726045, ""w_ma_gap_25"": 4.689132274874915, ""w_ret_5"": 2.858640261880377, ""w_trend"": -0.15906359365827694, ""w_vol"": 1.334878315459468, ""w_exposure"": 3.315689973425522, ""w_unrealized_loss"": 5.206724024715378, ""fixed_profit_yen"": 23628.838634337193, ""base_take_profit_pct"": 0.002605138236649252, ""min_take_profit_pct"": 0.002605138236649252, ""exposure_tp_sensitivity"": 0.80654469465579, ""vol_tp_multiplier"": 0.7012454449930539}",235667.145396361,1621640.3159936834,1322902.9679891653,1449043.3732054795,0
2022-12-27,"{""base_buy_amount"": 809282.4806864633, ""max_daily_buy_amount"": 1035091.1095933153, ""score_threshold"": 0.39837376609044917, ""score_scale"": 4.6905630606054585, ""w_drawdown"": 0.5986679425056141, ""w_rsi"": 0.5855178295005525, ""w_ma_gap_25"": 0.43854505955384204, ""w_ret_5"": 3.2893164252026392, ""w_trend"": -0.4883501952577234, ""w_vol"": 3.871607080709216, ""w_exposure"": 6.7123141330859255, ""w_unrealized_loss"": 3.3363775832823817, ""fixed_profit_yen"": 45223.22772599218, ""base_take_profit_pct"": 0.02335090011797826, ""min_take_profit_pct"": 0.003434814468191582, ""exposure_tp_sensitivity"": 0.32777281599484864, ""vol_tp_multiplier"": 1.5721999010213143}",63277.96776087189,414782.52772963606,321096.7791704051,281912.3407671232,0
2023-01-05,"{""base_buy_amount"": 151098.55527781372, ""max_daily_buy_amount"": 1998298.9879010534, ""score_threshold"": 0.6627389444261476, ""score_scale"": 3.4255625700145864, ""w_drawdown"": 0.45220363492066373, ""w_rsi"": 4.4851669944831265, ""w_ma_gap_25"": 0.14499751602234712, ""w_ret_5"": 1.2041402902057352, ""w_trend"": -2.14186874900019, ""w_vol"": 3.883839703461093, ""w_exposure"": 1.9820422721289788, ""w_unrealized_loss"": 9.106382271308853, ""fixed_profit_yen"": 33844.64484839204, ""base_take_profit_pct"": 0.003012555893851494, ""min_take_profit_pct"": 0.0010488685071583042, ""exposure_tp_sensitivity"": 0.046492125312959036, ""vol_tp_multiplier"": 3.0296258882386384}",15206.083520148633,99314.43741835965,89987.4595909426,78229.24820547944,0
2023-01-13,"{""base_buy_amount"": 151098.55527781372, ""max_daily_buy_amount"": 1998298.9879010534, ""score_threshold"": 0.6627389444261476, ""score_scale"": 3.4255625700145864, ""w_drawdown"": 0.45220363492066373, ""w_rsi"": 4.4851669944831265, ""w_ma_gap_25"": 0.14499751602234712, ""w_ret_5"": 1.2041402902057352, ""w_trend"": -2.14186874900019, ""w_vol"": 3.883839703461093, ""w_exposure"": 1.9820422721289788, ""w_unrealized_loss"": 9.106382271308853, ""fixed_profit_yen"": 33844.64484839204, ""base_take_profit_pct"": 0.003012555893851494, ""min_take_profit_pct"": 0.0010488685071583042, ""exposure_tp_sensitivity"": 0.046492125312959036, ""vol_tp_multiplier"": 3.0296258882386384}",85239.29851395208,169347.6524121631,89987.4595909426,78229.24820547944,0
2023-01-20,"{""base_buy_amount"": 960631.2525793731, ""max_daily_buy_amount"": 1016376.5301915105, ""score_threshold"": 1.1309409090011449, ""score_scale"": 0.8722849996509736, ""w_drawdown"": 2.4332916541908016, ""w_rsi"": 2.4535349717726045, ""w_ma_gap_25"": 4.689132274874915, ""w_ret_5"": 2.858640261880377, ""w_trend"": -0.15906359365827694, ""w_vol"": 1.334878315459468, ""w_exposure"": 3.315689973425522, ""w_unrealized_loss"": 5.206724024715378, ""fixed_profit_yen"": 23628.838634337193, ""base_take_profit_pct"": 0.002605138236649252, ""min_take_profit_pct"": 0.002605138236649252, ""exposure_tp_sensitivity"": 0.80654469465579, ""vol_tp_multiplier"": 0.7012454449930539}",181760.22541084245,1595722.6818335159,1254701.253680963,1373223.6591643838,0
2023-01-27,"{""base_buy_amount"": 960631.2525793731, ""max_daily_buy_amount"": 1016376.5301915105, ""score_threshold"": 1.1309409090011449, ""score_scale"": 0.8722849996509736, ""w_drawdown"": 2.4332916541908016, ""w_rsi"": 2.4535349717726045, ""w_ma_gap_25"": 4.689132274874915, ""w_ret_5"": 2.858640261880377, ""w_trend"": -0.15906359365827694, ""w_vol"": 1.334878315459468, ""w_exposure"": 3.315689973425522, ""w_unrealized_loss"": 5.206724024715378, ""fixed_profit_yen"": 23628.838634337193, ""base_take_profit_pct"": 0.002605138236649252, ""min_take_profit_pct"": 0.002605138236649252, ""exposure_tp_sensitivity"": 0.80654469465579, ""vol_tp_multiplier"": 0.7012454449930539}",799601.6067340878,2008447.3053149777,1084249.4159563007,1133441.981205479,0
2023-02-03,"{""base_buy_amount"": 960631.2525793731, ""max_daily_buy_amount"": 1016376.5301915105, ""score_threshold"": 1.1309409090011449, ""score_scale"": 0.8722849996509736, ""w_drawdown"": 2.4332916541908016, ""w_rsi"": 2.4535349717726045, ""w_ma_gap_25"": 4.689132274874915, ""w_ret_5"": 2.858640261880377, ""w_trend"": -0.15906359365827694, ""w_vol"": 1.334878315459468, ""w_exposure"": 3.315689973425522, ""w_unrealized_loss"": 5.206724024715378, ""fixed_profit_yen"": 23628.838634337193, ""base_take_profit_pct"": 0.002605138236649252, ""min_take_profit_pct"": 0.002605138236649252, ""exposure_tp_sensitivity"": 0.80654469465579, ""vol_tp_multiplier"": 0.7012454449930539}",976390.6304508082,2053533.5571096872,969785.0721944706,984500.7811232876,0
2023-02-10,"{""base_buy_amount"": 960631.2525793731, ""max_daily_buy_amount"": 1016376.5301915105, ""score_threshold"": 1.1309409090011449, ""score_scale"": 0.8722849996509736, ""w_drawdown"": 2.4332916541908016, ""w_rsi"": 2.4535349717726045, ""w_ma_gap_25"": 4.689132274874915, ""w_ret_5"": 2.858640261880377, ""w_trend"": -0.15906359365827694, ""w_vol"": 1.334878315459468, ""w_exposure"": 3.315689973425522, ""w_unrealized_loss"": 5.206724024715378, ""fixed_profit_yen"": 23628.838634337193, ""base_take_profit_pct"": 0.002605138236649252, ""min_take_profit_pct"": 0.002605138236649252, ""exposure_tp_sensitivity"": 0.80654469465579, ""vol_tp_multiplier"": 0.7012454449930539}",1113331.3486619645,2066905.88469202,844614.9173614811,862534.1546986299,0
2023-02-17,"{""base_buy_amount"": 960631.2525793731, ""max_daily_buy_amount"": 1016376.5301915105, ""score_threshold"": 1.1309409090011449, ""score_scale"": 0.8722849996509736, ""w_drawdown"": 2.4332916541908016, ""w_rsi"": 2.4535349717726045, ""w_ma_gap_25"": 4.689132274874915, ""w_ret_5"": 2.858640261880377, ""w_trend"": -0.15906359365827694, ""w_vol"": 1.334878315459468, ""w_exposure"": 3.315689973425522, ""w_unrealized_loss"": 5.206724024715378, ""fixed_profit_yen"": 23628.838634337193, ""base_take_profit_pct"": 0.002605138236649252, ""min_take_profit_pct"": 0.002605138236649252, ""exposure_tp_sensitivity"": 0.80654469465579, ""vol_tp_multiplier"": 0.7012454449930539}",1031931.9860226274,2017070.3222825546,874643.0009034164,895633.6716164381,0
2023-02-27,"{""base_buy_amount"": 960631.2525793731, ""max_daily_buy_amount"": 1016376.5301915105, ""score_threshold"": 1.1309409090011449, ""score_scale"": 0.8722849996509736, ""w_drawdown"": 2.4332916541908016, ""w_rsi"": 2.4535349717726045, ""w_ma_gap_25"": 4.689132274874915, ""w_ret_5"": 2.858640261880377, ""w_trend"": -0.15906359365827694, ""w_vol"": 1.334878315459468, ""w_exposure"": 3.315689973425522, ""w_unrealized_loss"": 5.206724024715378, ""fixed_profit_yen"": 23628.838634337193, ""base_take_profit_pct"": 0.002605138236649252, ""min_take_profit_pct"": 0.002605138236649252, ""exposure_tp_sensitivity"": 0.80654469465579, ""vol_tp_multiplier"": 0.7012454449930539}",1081942.3176653106,1972041.030930625,789504.028311451,790693.3982191781,0
2023-03-06,"{""base_buy_amount"": 857760.5838920356, ""max_daily_buy_amount"": 747122.5116238961, ""score_threshold"": -0.004732165874059113, ""score_scale"": 2.8913496845205997, ""w_drawdown"": 0.5248985794803529, ""w_rsi"": 1.9927625335077033, ""w_ma_gap_25"": 4.58668836275838, ""w_ret_5"": 3.1541612018237117, ""w_trend"": -1.934960505378195, ""w_vol"": 1.694278178048025, ""w_exposure"": 1.9160300966269983, ""w_unrealized_loss"": 0.2482313179857254, ""fixed_profit_yen"": 46590.64154968925, ""base_take_profit_pct"": 0.014549805191192401, ""min_take_profit_pct"": 0.0037678156517870756, ""exposure_tp_sensitivity"": 0.5386294724019629, ""vol_tp_multiplier"": 0.03657228146507818}",1371324.7331669696,1919603.1895573805,551670.912808219,544885.9999726027,0
2023-03-13,"{""base_buy_amount"": 857760.5838920356, ""max_daily_buy_amount"": 747122.5116238961, ""score_threshold"": -0.004732165874059113, ""score_scale"": 2.8913496845205997, ""w_drawdown"": 0.5248985794803529, ""w_rsi"": 1.9927625335077033, ""w_ma_gap_25"": 4.58668836275838, ""w_ret_5"": 3.1541612018237117, ""w_trend"": -1.934960505378195, ""w_vol"": 1.694278178048025, ""w_exposure"": 1.9160300966269983, ""w_unrealized_loss"": 0.2482313179857254, ""fixed_profit_yen"": 46590.64154968925, ""base_take_profit_pct"": 0.014549805191192401, ""min_take_profit_pct"": 0.0037678156517870756, ""exposure_tp_sensitivity"": 0.5386294724019629, ""vol_tp_multiplier"": 0.03657228146507818}",1289800.7823551171,1838079.238745528,551670.912808219,544885.9999726027,0
2023-03-20,"{""base_buy_amount"": 857760.5838920356, ""max_daily_buy_amount"": 747122.5116238961, ""score_threshold"": -0.004732165874059113, ""score_scale"": 2.8913496845205997, ""w_drawdown"": 0.5248985794803529, ""w_rsi"": 1.9927625335077033, ""w_ma_gap_25"": 4.58668836275838, ""w_ret_5"": 3.1541612018237117, ""w_trend"": -1.934960505378195, ""w_vol"": 1.694278178048025, ""w_exposure"": 1.9160300966269983, ""w_unrealized_loss"": 0.2482313179857254, ""fixed_profit_yen"": 46590.64154968925, ""base_take_profit_pct"": 0.014549805191192401, ""min_take_profit_pct"": 0.0037678156517870756, ""exposure_tp_sensitivity"": 0.5386294724019629, ""vol_tp_multiplier"": 0.03657228146507818}",1114115.3803531416,1662393.8367435525,551670.912808219,544885.9999726027,0
2023-03-28,"{""base_buy_amount"": 857760.5838920356, ""max_daily_buy_amount"": 747122.5116238961, ""score_threshold"": -0.004732165874059113, ""score_scale"": 2.8913496845205997, ""w_drawdown"": 0.5248985794803529, ""w_rsi"": 1.9927625335077033, ""w_ma_gap_25"": 4.58668836275838, ""w_ret_5"": 3.1541612018237117, ""w_trend"": -1.934960505378195, ""w_vol"": 1.694278178048025, ""w_exposure"": 1.9160300966269983, ""w_unrealized_loss"": 0.2482313179857254, ""fixed_profit_yen"": 46590.64154968925, ""base_take_profit_pct"": 0.014549805191192401, ""min_take_profit_pct"": 0.0037678156517870756, ""exposure_tp_sensitivity"": 0.5386294724019629, ""vol_tp_multiplier"": 0.03657228146507818}",950091.392132249,1498369.8485226599,551670.912808219,544885.9999726027,0
2023-04-04,"{""base_buy_amount"": 857760.5838920356, ""max_daily_buy_amount"": 747122.5116238961, ""score_threshold"": -0.004732165874059113, ""score_scale"": 2.8913496845205997, ""w_drawdown"": 0.5248985794803529, ""w_rsi"": 1.9927625335077033, ""w_ma_gap_25"": 4.58668836275838, ""w_ret_5"": 3.1541612018237117, ""w_trend"": -1.934960505378195, ""w_vol"": 1.694278178048025, ""w_exposure"": 1.9160300966269983, ""w_unrealized_loss"": 0.2482313179857254, ""fixed_profit_yen"": 46590.64154968925, ""base_take_profit_pct"": 0.014549805191192401, ""min_take_profit_pct"": 0.0037678156517870756, ""exposure_tp_sensitivity"": 0.5386294724019629, ""vol_tp_multiplier"": 0.03657228146507818}",1004099.7120139506,1552378.1684043615,551670.912808219,544885.9999726027,0
2023-04-11,"{""base_buy_amount"": 857760.5838920356, ""max_daily_buy_amount"": 747122.5116238961, ""score_threshold"": -0.004732165874059113, ""score_scale"": 2.8913496845205997, ""w_drawdown"": 0.5248985794803529, ""w_rsi"": 1.9927625335077033, ""w_ma_gap_25"": 4.58668836275838, ""w_ret_5"": 3.1541612018237117, ""w_trend"": -1.934960505378195, ""w_vol"": 1.694278178048025, ""w_exposure"": 1.9160300966269983, ""w_unrealized_loss"": 0.2482313179857254, ""fixed_profit_yen"": 46590.64154968925, ""base_take_profit_pct"": 0.014549805191192401, ""min_take_profit_pct"": 0.0037678156517870756, ""exposure_tp_sensitivity"": 0.5386294724019629, ""vol_tp_multiplier"": 0.03657228146507818}",982369.627068745,1530648.0834591559,551670.912808219,544885.9999726027,0
2023-04-18,"{""base_buy_amount"": 857760.5838920356, ""max_daily_buy_amount"": 747122.5116238961, ""score_threshold"": -0.004732165874059113, ""score_scale"": 2.8913496845205997, ""w_drawdown"": 0.5248985794803529, ""w_rsi"": 1.9927625335077033, ""w_ma_gap_25"": 4.58668836275838, ""w_ret_5"": 3.1541612018237117, ""w_trend"": -1.934960505378195, ""w_vol"": 1.694278178048025, ""w_exposure"": 1.9160300966269983, ""w_unrealized_loss"": 0.2482313179857254, ""fixed_profit_yen"": 46590.64154968925, ""base_take_profit_pct"": 0.014549805191192401, ""min_take_profit_pct"": 0.0037678156517870756, ""exposure_tp_sensitivity"": 0.5386294724019629, ""vol_tp_multiplier"": 0.03657228146507818}",1051860.771813258,1600139.228203669,551670.912808219,544885.9999726027,0
2023-04-25,"{""base_buy_amount"": 857760.5838920356, ""max_daily_buy_amount"": 747122.5116238961, ""score_threshold"": -0.004732165874059113, ""score_scale"": 2.8913496845205997, ""w_drawdown"": 0.5248985794803529, ""w_rsi"": 1.9927625335077033, ""w_ma_gap_25"": 4.58668836275838, ""w_ret_5"": 3.1541612018237117, ""w_trend"": -1.934960505378195, ""w_vol"": 1.694278178048025, ""w_exposure"": 1.9160300966269983, ""w_unrealized_loss"": 0.2482313179857254, ""fixed_profit_yen"": 46590.64154968925, ""base_take_profit_pct"": 0.014549805191192401, ""min_take_profit_pct"": 0.0037678156517870756, ""exposure_tp_sensitivity"": 0.5386294724019629, ""vol_tp_multiplier"": 0.03657228146507818}",992654.9380332916,1540933.3944237025,551670.912808219,544885.9999726027,0
2023-05-02,"{""base_buy_amount"": 857760.5838920356, ""max_daily_buy_amount"": 747122.5116238961, ""score_threshold"": -0.004732165874059113, ""score_scale"": 2.8913496845205997, ""w_drawdown"": 0.5248985794803529, ""w_rsi"": 1.9927625335077033, ""w_ma_gap_25"": 4.58668836275838, ""w_ret_5"": 3.1541612018237117, ""w_trend"": -1.934960505378195, ""w_vol"": 1.694278178048025, ""w_exposure"": 1.9160300966269983, ""w_unrealized_loss"": 0.2482313179857254, ""fixed_profit_yen"": 46590.64154968925, ""base_take_profit_pct"": 0.014549805191192401, ""min_take_profit_pct"": 0.0037678156517870756, ""exposure_tp_sensitivity"": 0.5386294724019629, ""vol_tp_multiplier"": 0.03657228146507818}",987551.0452105284,1535829.5016009393,551670.912808219,544885.9999726027,0
2023-05-12,"{""base_buy_amount"": 857760.5838920356, ""max_daily_buy_amount"": 747122.5116238961, ""score_threshold"": -0.004732165874059113, ""score_scale"": 2.8913496845205997, ""w_drawdown"": 0.5248985794803529, ""w_rsi"": 1.9927625335077033, ""w_ma_gap_25"": 4.58668836275838, ""w_ret_5"": 3.1541612018237117, ""w_trend"": -1.934960505378195, ""w_vol"": 1.694278178048025, ""w_exposure"": 1.9160300966269983, ""w_unrealized_loss"": 0.2482313179857254, ""fixed_profit_yen"": 46590.64154968925, ""base_take_profit_pct"": 0.014549805191192401, ""min_take_profit_pct"": 0.0037678156517870756, ""exposure_tp_sensitivity"": 0.5386294724019629, ""vol_tp_multiplier"": 0.03657228146507818}",945344.673039004,1493623.1294294149,551670.912808219,544885.9999726027,0
2023-05-19,"{""base_buy_amount"": 857760.5838920356, ""max_daily_buy_amount"": 747122.5116238961, ""score_threshold"": -0.004732165874059113, ""score_scale"": 2.8913496845205997, ""w_drawdown"": 0.5248985794803529, ""w_rsi"": 1.9927625335077033, ""w_ma_gap_25"": 4.58668836275838, ""w_ret_5"": 3.1541612018237117, ""w_trend"": -1.934960505378195, ""w_vol"": 1.694278178048025, ""w_exposure"": 1.9160300966269983, ""w_unrealized_loss"": 0.2482313179857254, ""fixed_profit_yen"": 46590.64154968925, ""base_take_profit_pct"": 0.014549805191192401, ""min_take_profit_pct"": 0.0037678156517870756, ""exposure_tp_sensitivity"": 0.5386294724019629, ""vol_tp_multiplier"": 0.03657228146507818}",875229.3924321607,1423507.8488225716,551670.912808219,544885.9999726027,0
2023-05-26,"{""base_buy_amount"": 857760.5838920356, ""max_daily_buy_amount"": 747122.5116238961, ""score_threshold"": -0.004732165874059113, ""score_scale"": 2.8913496845205997, ""w_drawdown"": 0.5248985794803529, ""w_rsi"": 1.9927625335077033, ""w_ma_gap_25"": 4.58668836275838, ""w_ret_5"": 3.1541612018237117, ""w_trend"": -1.934960505378195, ""w_vol"": 1.694278178048025, ""w_exposure"": 1.9160300966269983, ""w_unrealized_loss"": 0.2482313179857254, ""fixed_profit_yen"": 46590.64154968925, ""base_take_profit_pct"": 0.014549805191192401, ""min_take_profit_pct"": 0.0037678156517870756, ""exposure_tp_sensitivity"": 0.5386294724019629, ""vol_tp_multiplier"": 0.03657228146507818}",777419.6331816285,1325698.0895720394,551670.912808219,544885.9999726027,0
2023-06-02,"{""base_buy_amount"": 857760.5838920356, ""max_daily_buy_amount"": 747122.5116238961, ""score_threshold"": -0.004732165874059113, ""score_scale"": 2.8913496845205997, ""w_drawdown"": 0.5248985794803529, ""w_rsi"": 1.9927625335077033, ""w_ma_gap_25"": 4.58668836275838, ""w_ret_5"": 3.1541612018237117, ""w_trend"": -1.934960505378195, ""w_vol"": 1.694278178048025, ""w_exposure"": 1.9160300966269983, ""w_unrealized_loss"": 0.2482313179857254, ""fixed_profit_yen"": 46590.64154968925, ""base_take_profit_pct"": 0.014549805191192401, ""min_take_profit_pct"": 0.0037678156517870756, ""exposure_tp_sensitivity"": 0.5386294724019629, ""vol_tp_multiplier"": 0.03657228146507818}",761828.4554824317,1310106.9118728426,551670.912808219,544885.9999726027,0
2023-06-09,"{""base_buy_amount"": 857760.5838920356, ""max_daily_buy_amount"": 747122.5116238961, ""score_threshold"": -0.004732165874059113, ""score_scale"": 2.8913496845205997, ""w_drawdown"": 0.5248985794803529, ""w_rsi"": 1.9927625335077033, ""w_ma_gap_25"": 4.58668836275838, ""w_ret_5"": 3.1541612018237117, ""w_trend"": -1.934960505378195, ""w_vol"": 1.694278178048025, ""w_exposure"": 1.9160300966269983, ""w_unrealized_loss"": 0.2482313179857254, ""fixed_profit_yen"": 46590.64154968925, ""base_take_profit_pct"": 0.014549805191192401, ""min_take_profit_pct"": 0.0037678156517870756, ""exposure_tp_sensitivity"": 0.5386294724019629, ""vol_tp_multiplier"": 0.03657228146507818}",726377.1519417532,1274655.6083321641,551670.912808219,544885.9999726027,0
2023-06-16,"{""base_buy_amount"": 857760.5838920356, ""max_daily_buy_amount"": 747122.5116238961, ""score_threshold"": -0.004732165874059113, ""score_scale"": 2.8913496845205997, ""w_drawdown"": 0.5248985794803529, ""w_rsi"": 1.9927625335077033, ""w_ma_gap_25"": 4.58668836275838, ""w_ret_5"": 3.1541612018237117, ""w_trend"": -1.934960505378195, ""w_vol"": 1.694278178048025, ""w_exposure"": 1.9160300966269983, ""w_unrealized_loss"": 0.2482313179857254, ""fixed_profit_yen"": 46590.64154968925, ""base_take_profit_pct"": 0.014549805191192401, ""min_take_profit_pct"": 0.0037678156517870756, ""exposure_tp_sensitivity"": 0.5386294724019629, ""vol_tp_multiplier"": 0.03657228146507818}",726377.1519417532,1274655.6083321641,551670.912808219,544885.9999726027,0
2023-06-23,"{""base_buy_amount"": 857760.5838920356, ""max_daily_buy_amount"": 747122.5116238961, ""score_threshold"": -0.004732165874059113, ""score_scale"": 2.8913496845205997, ""w_drawdown"": 0.5248985794803529, ""w_rsi"": 1.9927625335077033, ""w_ma_gap_25"": 4.58668836275838, ""w_ret_5"": 3.1541612018237117, ""w_trend"": -1.934960505378195, ""w_vol"": 1.694278178048025, ""w_exposure"": 1.9160300966269983, ""w_unrealized_loss"": 0.2482313179857254, ""fixed_profit_yen"": 46590.64154968925, ""base_take_profit_pct"": 0.014549805191192401, ""min_take_profit_pct"": 0.0037678156517870756, ""exposure_tp_sensitivity"": 0.5386294724019629, ""vol_tp_multiplier"": 0.03657228146507818}",712763.4108082647,1261041.8671986756,551670.912808219,544885.9999726027,0
2023-06-30,"{""base_buy_amount"": 857760.5838920356, ""max_daily_buy_amount"": 747122.5116238961, ""score_threshold"": -0.004732165874059113, ""score_scale"": 2.8913496845205997, ""w_drawdown"": 0.5248985794803529, ""w_rsi"": 1.9927625335077033, ""w_ma_gap_25"": 4.58668836275838, ""w_ret_5"": 3.1541612018237117, ""w_trend"": -1.934960505378195, ""w_vol"": 1.694278178048025, ""w_exposure"": 1.9160300966269983, ""w_unrealized_loss"": 0.2482313179857254, ""fixed_profit_yen"": 46590.64154968925, ""base_take_profit_pct"": 0.014549805191192401, ""min_take_profit_pct"": 0.0037678156517870756, ""exposure_tp_sensitivity"": 0.5386294724019629, ""vol_tp_multiplier"": 0.03657228146507818}",590834.449923266,1139112.9063136769,551670.912808219,544885.9999726027,0
2023-07-07,"{""base_buy_amount"": 857760.5838920356, ""max_daily_buy_amount"": 747122.5116238961, ""score_threshold"": -0.004732165874059113, ""score_scale"": 2.8913496845205997, ""w_drawdown"": 0.5248985794803529, ""w_rsi"": 1.9927625335077033, ""w_ma_gap_25"": 4.58668836275838, ""w_ret_5"": 3.1541612018237117, ""w_trend"": -1.934960505378195, ""w_vol"": 1.694278178048025, ""w_exposure"": 1.9160300966269983, ""w_unrealized_loss"": 0.2482313179857254, ""fixed_profit_yen"": 46590.64154968925, ""base_take_profit_pct"": 0.014549805191192401, ""min_take_profit_pct"": 0.0037678156517870756, ""exposure_tp_sensitivity"": 0.5386294724019629, ""vol_tp_multiplier"": 0.03657228146507818}",533601.5150188012,1081879.971409212,551670.912808219,544885.9999726027,0
2023-07-14,"{""base_buy_amount"": 857760.5838920356, ""max_daily_buy_amount"": 747122.5116238961, ""score_threshold"": -0.004732165874059113, ""score_scale"": 2.8913496845205997, ""w_drawdown"": 0.5248985794803529, ""w_rsi"": 1.9927625335077033, ""w_ma_gap_25"": 4.58668836275838, ""w_ret_5"": 3.1541612018237117, ""w_trend"": -1.934960505378195, ""w_vol"": 1.694278178048025, ""w_exposure"": 1.9160300966269983, ""w_unrealized_loss"": 0.2482313179857254, ""fixed_profit_yen"": 46590.64154968925, ""base_take_profit_pct"": 0.014549805191192401, ""min_take_profit_pct"": 0.0037678156517870756, ""exposure_tp_sensitivity"": 0.5386294724019629, ""vol_tp_multiplier"": 0.03657228146507818}",522421.88868066046,1070700.3450710713,551670.912808219,544885.9999726027,0
2023-07-24,"{""base_buy_amount"": 857760.5838920356, ""max_daily_buy_amount"": 747122.5116238961, ""score_threshold"": -0.004732165874059113, ""score_scale"": 2.8913496845205997, ""w_drawdown"": 0.5248985794803529, ""w_rsi"": 1.9927625335077033, ""w_ma_gap_25"": 4.58668836275838, ""w_ret_5"": 3.1541612018237117, ""w_trend"": -1.934960505378195, ""w_vol"": 1.694278178048025, ""w_exposure"": 1.9160300966269983, ""w_unrealized_loss"": 0.2482313179857254, ""fixed_profit_yen"": 46590.64154968925, ""base_take_profit_pct"": 0.014549805191192401, ""min_take_profit_pct"": 0.0037678156517870756, ""exposure_tp_sensitivity"": 0.5386294724019629, ""vol_tp_multiplier"": 0.03657228146507818}",519464.30138017173,1067742.7577705826,551670.912808219,544885.9999726027,0
2023-07-31,"{""base_buy_amount"": 857760.5838920356, ""max_daily_buy_amount"": 747122.5116238961, ""score_threshold"": -0.004732165874059113, ""score_scale"": 2.8913496845205997, ""w_drawdown"": 0.5248985794803529, ""w_rsi"": 1.9927625335077033, ""w_ma_gap_25"": 4.58668836275838, ""w_ret_5"": 3.1541612018237117, ""w_trend"": -1.934960505378195, ""w_vol"": 1.694278178048025, ""w_exposure"": 1.9160300966269983, ""w_unrealized_loss"": 0.2482313179857254, ""fixed_profit_yen"": 46590.64154968925, ""base_take_profit_pct"": 0.014549805191192401, ""min_take_profit_pct"": 0.0037678156517870756, ""exposure_tp_sensitivity"": 0.5386294724019629, ""vol_tp_multiplier"": 0.03657228146507818}",514768.13224506826,1063046.588635479,551670.912808219,544885.9999726027,0
2023-08-07,"{""base_buy_amount"": 857760.5838920356, ""max_daily_buy_amount"": 747122.5116238961, ""score_threshold"": -0.004732165874059113, ""score_scale"": 2.8913496845205997, ""w_drawdown"": 0.5248985794803529, ""w_rsi"": 1.9927625335077033, ""w_ma_gap_25"": 4.58668836275838, ""w_ret_5"": 3.1541612018237117, ""w_trend"": -1.934960505378195, ""w_vol"": 1.694278178048025, ""w_exposure"": 1.9160300966269983, ""w_unrealized_loss"": 0.2482313179857254, ""fixed_profit_yen"": 46590.64154968925, ""base_take_profit_pct"": 0.014549805191192401, ""min_take_profit_pct"": 0.0037678156517870756, ""exposure_tp_sensitivity"": 0.5386294724019629, ""vol_tp_multiplier"": 0.03657228146507818}",523224.2593196645,1071502.7157100753,551670.912808219,544885.9999726027,0
2023-08-15,"{""base_buy_amount"": 857760.5838920356, ""max_daily_buy_amount"": 747122.5116238961, ""score_threshold"": -0.004732165874059113, ""score_scale"": 2.8913496845205997, ""w_drawdown"": 0.5248985794803529, ""w_rsi"": 1.9927625335077033, ""w_ma_gap_25"": 4.58668836275838, ""w_ret_5"": 3.1541612018237117, ""w_trend"": -1.934960505378195, ""w_vol"": 1.694278178048025, ""w_exposure"": 1.9160300966269983, ""w_unrealized_loss"": 0.2482313179857254, ""fixed_profit_yen"": 46590.64154968925, ""base_take_profit_pct"": 0.014549805191192401, ""min_take_profit_pct"": 0.0037678156517870756, ""exposure_tp_sensitivity"": 0.5386294724019629, ""vol_tp_multiplier"": 0.03657228146507818}",522963.0710023116,1071241.5273927224,551670.912808219,544885.9999726027,0
2023-08-22,"{""base_buy_amount"": 857760.5838920356, ""max_daily_buy_amount"": 747122.5116238961, ""score_threshold"": -0.004732165874059113, ""score_scale"": 2.8913496845205997, ""w_drawdown"": 0.5248985794803529, ""w_rsi"": 1.9927625335077033, ""w_ma_gap_25"": 4.58668836275838, ""w_ret_5"": 3.1541612018237117, ""w_trend"": -1.934960505378195, ""w_vol"": 1.694278178048025, ""w_exposure"": 1.9160300966269983, ""w_unrealized_loss"": 0.2482313179857254, ""fixed_profit_yen"": 46590.64154968925, ""base_take_profit_pct"": 0.014549805191192401, ""min_take_profit_pct"": 0.0037678156517870756, ""exposure_tp_sensitivity"": 0.5386294724019629, ""vol_tp_multiplier"": 0.03657228146507818}",496072.886659846,1044351.3430502568,551670.912808219,544885.9999726027,0
2023-08-29,"{""base_buy_amount"": 857760.5838920356, ""max_daily_buy_amount"": 747122.5116238961, ""score_threshold"": -0.004732165874059113, ""score_scale"": 2.8913496845205997, ""w_drawdown"": 0.5248985794803529, ""w_rsi"": 1.9927625335077033, ""w_ma_gap_25"": 4.58668836275838, ""w_ret_5"": 3.1541612018237117, ""w_trend"": -1.934960505378195, ""w_vol"": 1.694278178048025, ""w_exposure"": 1.9160300966269983, ""w_unrealized_loss"": 0.2482313179857254, ""fixed_profit_yen"": 46590.64154968925, ""base_take_profit_pct"": 0.014549805191192401, ""min_take_profit_pct"": 0.0037678156517870756, ""exposure_tp_sensitivity"": 0.5386294724019629, ""vol_tp_multiplier"": 0.03657228146507818}",573013.7196763083,1121292.1760667192,551670.912808219,544885.9999726027,0
2023-09-05,"{""base_buy_amount"": 811407.7203164445, ""max_daily_buy_amount"": 553250.3591920381, ""score_threshold"": 1.3976353716922918, ""score_scale"": 0.7575437306896717, ""w_drawdown"": 4.004819268208381, ""w_rsi"": 4.638977150861402, ""w_ma_gap_25"": 3.8605419955219027, ""w_ret_5"": 3.4906039198931857, ""w_trend"": 2.0278813119322985, ""w_vol"": 0.2007564977353321, ""w_exposure"": 2.017821107190554, ""w_unrealized_loss"": 1.2492367930564308, ""fixed_profit_yen"": 26712.95653907037, ""base_take_profit_pct"": 0.022865267593207644, ""min_take_profit_pct"": 0.006670106601187589, ""exposure_tp_sensitivity"": 0.7660179897857415, ""vol_tp_multiplier"": 0.7760649622054544}",867318.7425105285,1668948.943806047,808177.4048650097,795082.9977260273,0
2023-09-12,"{""base_buy_amount"": 960631.2525793731, ""max_daily_buy_amount"": 1016376.5301915105, ""score_threshold"": 1.1309409090011449, ""score_scale"": 0.8722849996509736, ""w_drawdown"": 2.4332916541908016, ""w_rsi"": 2.4535349717726045, ""w_ma_gap_25"": 4.689132274874915, ""w_ret_5"": 2.858640261880377, ""w_trend"": -0.15906359365827694, ""w_vol"": 1.334878315459468, ""w_exposure"": 3.315689973425522, ""w_unrealized_loss"": 5.206724024715378, ""fixed_profit_yen"": 23628.838634337193, ""base_take_profit_pct"": 0.002605138236649252, ""min_take_profit_pct"": 0.002605138236649252, ""exposure_tp_sensitivity"": 0.80654469465579, ""vol_tp_multiplier"": 0.7012454449930539}",734377.8038519977,1319248.248268852,568834.9354775446,600905.953356164,0
2023-09-20,"{""base_buy_amount"": 811407.7203164445, ""max_daily_buy_amount"": 553250.3591920381, ""score_threshold"": 1.3976353716922918, ""score_scale"": 0.7575437306896717, ""w_drawdown"": 4.004819268208381, ""w_rsi"": 4.638977150861402, ""w_ma_gap_25"": 3.8605419955219027, ""w_ret_5"": 3.4906039198931857, ""w_trend"": 2.0278813119322985, ""w_vol"": 0.2007564977353321, ""w_exposure"": 2.017821107190554, ""w_unrealized_loss"": 1.2492367930564308, ""fixed_profit_yen"": 26712.95653907037, ""base_take_profit_pct"": 0.022865267593207644, ""min_take_profit_pct"": 0.006670106601187589, ""exposure_tp_sensitivity"": 0.7660179897857415, ""vol_tp_multiplier"": 0.7760649622054544}",777323.171942844,1564837.381909596,793308.3182896683,781720.1016438355,0
2023-09-27,"{""base_buy_amount"": 811407.7203164445, ""max_daily_buy_amount"": 553250.3591920381, ""score_threshold"": 1.3976353716922918, ""score_scale"": 0.7575437306896717, ""w_drawdown"": 4.004819268208381, ""w_rsi"": 4.638977150861402, ""w_ma_gap_25"": 3.8605419955219027, ""w_ret_5"": 3.4906039198931857, ""w_trend"": 2.0278813119322985, ""w_vol"": 0.2007564977353321, ""w_exposure"": 2.017821107190554, ""w_unrealized_loss"": 1.2492367930564308, ""fixed_profit_yen"": 26712.95653907037, ""base_take_profit_pct"": 0.022865267593207644, ""min_take_profit_pct"": 0.006670106601187589, ""exposure_tp_sensitivity"": 0.7660179897857415, ""vol_tp_multiplier"": 0.7760649622054544}",674994.1650800719,1466578.6578344947,803221.0426732292,779947.9428356163,0
2023-10-04,"{""base_buy_amount"": 960631.2525793731, ""max_daily_buy_amount"": 1016376.5301915105, ""score_threshold"": 1.1309409090011449, ""score_scale"": 0.8722849996509736, ""w_drawdown"": 2.4332916541908016, ""w_rsi"": 2.4535349717726045, ""w_ma_gap_25"": 4.689132274874915, ""w_ret_5"": 2.858640261880377, ""w_trend"": -0.15906359365827694, ""w_vol"": 1.334878315459468, ""w_exposure"": 3.315689973425522, ""w_unrealized_loss"": 5.206724024715378, ""fixed_profit_yen"": 23628.838634337193, ""base_take_profit_pct"": 0.002605138236649252, ""min_take_profit_pct"": 0.002605138236649252, ""exposure_tp_sensitivity"": 0.80654469465579, ""vol_tp_multiplier"": 0.7012454449930539}",408564.09811919974,974199.2974386064,552537.7257210054,578732.6729178079,0
2023-10-12,"{""base_buy_amount"": 811407.7203164445, ""max_daily_buy_amount"": 553250.3591920381, ""score_threshold"": 1.3976353716922918, ""score_scale"": 0.7575437306896717, ""w_drawdown"": 4.004819268208381, ""w_rsi"": 4.638977150861402, ""w_ma_gap_25"": 3.8605419955219027, ""w_ret_5"": 3.4906039198931857, ""w_trend"": 2.0278813119322985, ""w_vol"": 0.2007564977353321, ""w_exposure"": 2.017821107190554, ""w_unrealized_loss"": 1.2492367930564308, ""fixed_profit_yen"": 26712.95653907037, ""base_take_profit_pct"": 0.022865267593207644, ""min_take_profit_pct"": 0.006670106601187589, ""exposure_tp_sensitivity"": 0.7660179897857415, ""vol_tp_multiplier"": 0.7760649622054544}",505422.71033010905,1297076.5353790524,803221.0426732292,780086.6074246574,0
2023-10-19,"{""base_buy_amount"": 811407.7203164445, ""max_daily_buy_amount"": 553250.3591920381, ""score_threshold"": 1.3976353716922918, ""score_scale"": 0.7575437306896717, ""w_drawdown"": 4.004819268208381, ""w_rsi"": 4.638977150861402, ""w_ma_gap_25"": 3.8605419955219027, ""w_ret_5"": 3.4906039198931857, ""w_trend"": 2.0278813119322985, ""w_vol"": 0.2007564977353321, ""w_exposure"": 2.017821107190554, ""w_unrealized_loss"": 1.2492367930564308, ""fixed_profit_yen"": 26712.95653907037, ""base_take_profit_pct"": 0.022865267593207644, ""min_take_profit_pct"": 0.006670106601187589, ""exposure_tp_sensitivity"": 0.7660179897857415, ""vol_tp_multiplier"": 0.7760649622054544}",537723.0412810799,1329376.8663300232,803221.0426732292,780086.6074246574,0
2023-10-26,"{""base_buy_amount"": 960631.2525793731, ""max_daily_buy_amount"": 1016376.5301915105, ""score_threshold"": 1.1309409090011449, ""score_scale"": 0.8722849996509736, ""w_drawdown"": 2.4332916541908016, ""w_rsi"": 2.4535349717726045, ""w_ma_gap_25"": 4.689132274874915, ""w_ret_5"": 2.858640261880377, ""w_trend"": -0.15906359365827694, ""w_vol"": 1.334878315459468, ""w_exposure"": 3.315689973425522, ""w_unrealized_loss"": 5.206724024715378, ""fixed_profit_yen"": 23628.838634337193, ""base_take_profit_pct"": 0.002605138236649252, ""min_take_profit_pct"": 0.002605138236649252, ""exposure_tp_sensitivity"": 0.80654469465579, ""vol_tp_multiplier"": 0.7012454449930539}",350306.2421545272,915941.4414739343,552537.7257210063,578732.6729178079,0
2023-11-02,"{""base_buy_amount"": 960631.2525793731, ""max_daily_buy_amount"": 1016376.5301915105, ""score_threshold"": 1.1309409090011449, ""score_scale"": 0.8722849996509736, ""w_drawdown"": 2.4332916541908016, ""w_rsi"": 2.4535349717726045, ""w_ma_gap_25"": 4.689132274874915, ""w_ret_5"": 2.858640261880377, ""w_trend"": -0.15906359365827694, ""w_vol"": 1.334878315459468, ""w_exposure"": 3.315689973425522, ""w_unrealized_loss"": 5.206724024715378, ""fixed_profit_yen"": 23628.838634337193, ""base_take_profit_pct"": 0.002605138236649252, ""min_take_profit_pct"": 0.002605138236649252, ""exposure_tp_sensitivity"": 0.80654469465579, ""vol_tp_multiplier"": 0.7012454449930539}",536403.8797815456,1102039.0791009523,552537.7257210054,578732.6729178079,0
2023-11-10,"{""base_buy_amount"": 811407.7203164445, ""max_daily_buy_amount"": 553250.3591920381, ""score_threshold"": 1.3976353716922918, ""score_scale"": 0.7575437306896717, ""w_drawdown"": 4.004819268208381, ""w_rsi"": 4.638977150861402, ""w_ma_gap_25"": 3.8605419955219027, ""w_ret_5"": 3.4906039198931857, ""w_trend"": 2.0278813119322985, ""w_vol"": 0.2007564977353321, ""w_exposure"": 2.017821107190554, ""w_unrealized_loss"": 1.2492367930564308, ""fixed_profit_yen"": 26712.95653907037, ""base_take_profit_pct"": 0.022865267593207644, ""min_take_profit_pct"": 0.006670106601187589, ""exposure_tp_sensitivity"": 0.7660179897857415, ""vol_tp_multiplier"": 0.7760649622054544}",879376.4644381085,1673522.9075007506,805699.2237691199,782593.6623561644,0
2023-11-17,"{""base_buy_amount"": 811407.7203164445, ""max_daily_buy_amount"": 553250.3591920381, ""score_threshold"": 1.3976353716922918, ""score_scale"": 0.7575437306896717, ""w_drawdown"": 4.004819268208381, ""w_rsi"": 4.638977150861402, ""w_ma_gap_25"": 3.8605419955219027, ""w_ret_5"": 3.4906039198931857, ""w_trend"": 2.0278813119322985, ""w_vol"": 0.2007564977353321, ""w_exposure"": 2.017821107190554, ""w_unrealized_loss"": 1.2492367930564308, ""fixed_profit_yen"": 26712.95653907037, ""base_take_profit_pct"": 0.022865267593207644, ""min_take_profit_pct"": 0.006670106601187589, ""exposure_tp_sensitivity"": 0.7660179897857415, ""vol_tp_multiplier"": 0.7760649622054544}",963423.1273357596,1757569.5703984012,805699.223769119,782593.6623561644,0
2023-11-27,"{""base_buy_amount"": 811407.7203164445, ""max_daily_buy_amount"": 553250.3591920381, ""score_threshold"": 1.3976353716922918, ""score_scale"": 0.7575437306896717, ""w_drawdown"": 4.004819268208381, ""w_rsi"": 4.638977150861402, ""w_ma_gap_25"": 3.8605419955219027, ""w_ret_5"": 3.4906039198931857, ""w_trend"": 2.0278813119322985, ""w_vol"": 0.2007564977353321, ""w_exposure"": 2.017821107190554, ""w_unrealized_loss"": 1.2492367930564308, ""fixed_profit_yen"": 26712.95653907037, ""base_take_profit_pct"": 0.022865267593207644, ""min_take_profit_pct"": 0.006670106601187589, ""exposure_tp_sensitivity"": 0.7660179897857415, ""vol_tp_multiplier"": 0.7760649622054544}",1035103.2224945526,1776624.8144355786,753322.2950601345,729720.8888219177,0
2023-12-04,"{""base_buy_amount"": 811407.7203164445, ""max_daily_buy_amount"": 553250.3591920381, ""score_threshold"": 1.3976353716922918, ""score_scale"": 0.7575437306896717, ""w_drawdown"": 4.004819268208381, ""w_rsi"": 4.638977150861402, ""w_ma_gap_25"": 3.8605419955219027, ""w_ret_5"": 3.4906039198931857, ""w_trend"": 2.0278813119322985, ""w_vol"": 0.2007564977353321, ""w_exposure"": 2.017821107190554, ""w_unrealized_loss"": 1.2492367930564308, ""fixed_profit_yen"": 26712.95653907037, ""base_take_profit_pct"": 0.022865267593207644, ""min_take_profit_pct"": 0.006670106601187589, ""exposure_tp_sensitivity"": 0.7660179897857415, ""vol_tp_multiplier"": 0.7760649622054544}",1071078.2397202435,1757216.2288163325,684569.3947949177,687706.5833972603,0
2023-12-11,"{""base_buy_amount"": 811407.7203164445, ""max_daily_buy_amount"": 553250.3591920381, ""score_threshold"": 1.3976353716922918, ""score_scale"": 0.7575437306896717, ""w_drawdown"": 4.004819268208381, ""w_rsi"": 4.638977150861402, ""w_ma_gap_25"": 3.8605419955219027, ""w_ret_5"": 3.4906039198931857, ""w_trend"": 2.0278813119322985, ""w_vol"": 0.2007564977353321, ""w_exposure"": 2.017821107190554, ""w_unrealized_loss"": 1.2492367930564308, ""fixed_profit_yen"": 26712.95653907037, ""base_take_profit_pct"": 0.022865267593207644, ""min_take_profit_pct"": 0.006670106601187589, ""exposure_tp_sensitivity"": 0.7660179897857415, ""vol_tp_multiplier"": 0.7760649622054544}",926466.874905729,1612604.864001818,684569.3947949177,687706.5833972603,0
2023-12-18,"{""base_buy_amount"": 811407.7203164445, ""max_daily_buy_amount"": 553250.3591920381, ""score_threshold"": 1.3976353716922918, ""score_scale"": 0.7575437306896717, ""w_drawdown"": 4.004819268208381, ""w_rsi"": 4.638977150861402, ""w_ma_gap_25"": 3.8605419955219027, ""w_ret_5"": 3.4906039198931857, ""w_trend"": 2.0278813119322985, ""w_vol"": 0.2007564977353321, ""w_exposure"": 2.017821107190554, ""w_unrealized_loss"": 1.2492367930564308, ""fixed_profit_yen"": 26712.95653907037, ""base_take_profit_pct"": 0.022865267593207644, ""min_take_profit_pct"": 0.006670106601187589, ""exposure_tp_sensitivity"": 0.7660179897857415, ""vol_tp_multiplier"": 0.7760649622054544}",998500.6161186949,1684638.605214784,684569.3947949177,687706.5833972603,0
2023-12-25,"{""base_buy_amount"": 654587.925002388, ""max_daily_buy_amount"": 1187584.984921411, ""score_threshold"": -1.4194789813398012, ""score_scale"": 4.757110041011428, ""w_drawdown"": 1.5067131625735897, ""w_rsi"": 2.8900860790377108, ""w_ma_gap_25"": 3.498879722945331, ""w_ret_5"": 3.2461657762265443, ""w_trend"": 2.643566458173111, ""w_vol"": 0.74219494960029, ""w_exposure"": 5.083527384469421, ""w_unrealized_loss"": 4.04034390740766, ""fixed_profit_yen"": 25285.93028568305, ""base_take_profit_pct"": 0.0053380907335368495, ""min_take_profit_pct"": 0.002206851488854888, ""exposure_tp_sensitivity"": 0.25026799120313165, ""vol_tp_multiplier"": 1.5235230188041564}",1157136.7213493788,1990665.865287371,810854.0498896828,856204.2379863014,0
2024-01-04,"{""base_buy_amount"": 995691.2489544553, ""max_daily_buy_amount"": 1566999.2935737127, ""score_threshold"": -0.7561539603169352, ""score_scale"": 3.5944927212474163, ""w_drawdown"": 3.5270318274200636, ""w_rsi"": 1.9392084758182486, ""w_ma_gap_25"": 3.204443172930797, ""w_ret_5"": 0.05363822487838121, ""w_trend"": -1.7456540483865512, ""w_vol"": 2.625441514836306, ""w_exposure"": 1.6375130425829587, ""w_unrealized_loss"": 1.6590686787653364, ""fixed_profit_yen"": 42306.301655861185, ""base_take_profit_pct"": 0.02969572407514095, ""min_take_profit_pct"": 0.006003724852256036, ""exposure_tp_sensitivity"": 0.7551627577935421, ""vol_tp_multiplier"": 4.951608321631363}",1721016.1100765052,2405448.1322264425,530393.3466149429,438470.6976849315,0
2024-01-12,"{""base_buy_amount"": 995691.2489544553, ""max_daily_buy_amount"": 1566999.2935737127, ""score_threshold"": -0.7561539603169352, ""score_scale"": 3.5944927212474163, ""w_drawdown"": 3.5270318274200636, ""w_rsi"": 1.9392084758182486, ""w_ma_gap_25"": 3.204443172930797, ""w_ret_5"": 0.05363822487838121, ""w_trend"": -1.7456540483865512, ""w_vol"": 2.625441514836306, ""w_exposure"": 1.6375130425829587, ""w_unrealized_loss"": 1.6590686787653364, ""fixed_profit_yen"": 42306.301655861185, ""base_take_profit_pct"": 0.02969572407514095, ""min_take_profit_pct"": 0.006003724852256036, ""exposure_tp_sensitivity"": 0.7551627577935421, ""vol_tp_multiplier"": 4.951608321631363}",1833417.9711190294,2317849.993268966,530393.346614942,438470.6976849315,0
2024-01-19,"{""base_buy_amount"": 995691.2489544553, ""max_daily_buy_amount"": 1566999.2935737127, ""score_threshold"": -0.7561539603169352, ""score_scale"": 3.5944927212474163, ""w_drawdown"": 3.5270318274200636, ""w_rsi"": 1.9392084758182486, ""w_ma_gap_25"": 3.204443172930797, ""w_ret_5"": 0.05363822487838121, ""w_trend"": -1.7456540483865512, ""w_vol"": 2.625441514836306, ""w_exposure"": 1.6375130425829587, ""w_unrealized_loss"": 1.6590686787653364, ""fixed_profit_yen"": 42306.301655861185, ""base_take_profit_pct"": 0.02969572407514095, ""min_take_profit_pct"": 0.006003724852256036, ""exposure_tp_sensitivity"": 0.7551627577935421, ""vol_tp_multiplier"": 4.951608321631363}",1653317.830071499,2137749.8522214363,530393.3466149429,438470.6976849315,0
2024-01-26,"{""base_buy_amount"": 995691.2489544553, ""max_daily_buy_amount"": 1566999.2935737127, ""score_threshold"": -0.7561539603169352, ""score_scale"": 3.5944927212474163, ""w_drawdown"": 3.5270318274200636, ""w_rsi"": 1.9392084758182486, ""w_ma_gap_25"": 3.204443172930797, ""w_ret_5"": 0.05363822487838121, ""w_trend"": -1.7456540483865512, ""w_vol"": 2.625441514836306, ""w_exposure"": 1.6375130425829587, ""w_unrealized_loss"": 1.6590686787653364, ""fixed_profit_yen"": 42306.301655861185, ""base_take_profit_pct"": 0.02969572407514095, ""min_take_profit_pct"": 0.006003724852256036, ""exposure_tp_sensitivity"": 0.7551627577935421, ""vol_tp_multiplier"": 4.951608321631363}",1491037.3865758893,1975469.408725826,530393.346614942,438470.6976849315,0
2024-02-02,"{""base_buy_amount"": 995691.2489544553, ""max_daily_buy_amount"": 1566999.2935737127, ""score_threshold"": -0.7561539603169352, ""score_scale"": 3.5944927212474163, ""w_drawdown"": 3.5270318274200636, ""w_rsi"": 1.9392084758182486, ""w_ma_gap_25"": 3.204443172930797, ""w_ret_5"": 0.05363822487838121, ""w_trend"": -1.7456540483865512, ""w_vol"": 2.625441514836306, ""w_exposure"": 1.6375130425829587, ""w_unrealized_loss"": 1.6590686787653364, ""fixed_profit_yen"": 42306.301655861185, ""base_take_profit_pct"": 0.02969572407514095, ""min_take_profit_pct"": 0.006003724852256036, ""exposure_tp_sensitivity"": 0.7551627577935421, ""vol_tp_multiplier"": 4.951608321631363}",1349313.5069799996,1833745.5291299368,530393.3466149429,438470.6976849315,0
2024-02-09,"{""base_buy_amount"": 995691.2489544553, ""max_daily_buy_amount"": 1566999.2935737127, ""score_threshold"": -0.7561539603169352, ""score_scale"": 3.5944927212474163, ""w_drawdown"": 3.5270318274200636, ""w_rsi"": 1.9392084758182486, ""w_ma_gap_25"": 3.204443172930797, ""w_ret_5"": 0.05363822487838121, ""w_trend"": -1.7456540483865512, ""w_vol"": 2.625441514836306, ""w_exposure"": 1.6375130425829587, ""w_unrealized_loss"": 1.6590686787653364, ""fixed_profit_yen"": 42306.301655861185, ""base_take_profit_pct"": 0.02969572407514095, ""min_take_profit_pct"": 0.006003724852256036, ""exposure_tp_sensitivity"": 0.7551627577935421, ""vol_tp_multiplier"": 4.951608321631363}",1349313.5069799996,1833745.5291299368,530393.3466149429,438470.6976849315,0
2024-02-19,"{""base_buy_amount"": 995691.2489544553, ""max_daily_buy_amount"": 1566999.2935737127, ""score_threshold"": -0.7561539603169352, ""score_scale"": 3.5944927212474163, ""w_drawdown"": 3.5270318274200636, ""w_rsi"": 1.9392084758182486, ""w_ma_gap_25"": 3.204443172930797, ""w_ret_5"": 0.05363822487838121, ""w_trend"": -1.7456540483865512, ""w_vol"": 2.625441514836306, ""w_exposure"": 1.6375130425829587, ""w_unrealized_loss"": 1.6590686787653364, ""fixed_profit_yen"": 42306.301655861185, ""base_take_profit_pct"": 0.02969572407514095, ""min_take_profit_pct"": 0.006003724852256036, ""exposure_tp_sensitivity"": 0.7551627577935421, ""vol_tp_multiplier"": 4.951608321631363}",1349313.5069799996,1833745.5291299368,530393.3466149429,438470.6976849315,0
2024-02-27,"{""base_buy_amount"": 654587.925002388, ""max_daily_buy_amount"": 1187584.984921411, ""score_threshold"": -1.4194789813398012, ""score_scale"": 4.757110041011428, ""w_drawdown"": 1.5067131625735897, ""w_rsi"": 2.8900860790377108, ""w_ma_gap_25"": 3.498879722945331, ""w_ret_5"": 3.2461657762265443, ""w_trend"": 2.643566458173111, ""w_vol"": 0.74219494960029, ""w_exposure"": 5.083527384469421, ""w_unrealized_loss"": 4.04034390740766, ""fixed_profit_yen"": 25285.93028568305, ""base_take_profit_pct"": 0.0053380907335368495, ""min_take_profit_pct"": 0.002206851488854888, ""exposure_tp_sensitivity"": 0.25026799120313165, ""vol_tp_multiplier"": 1.5235230188041564}",1360088.576988716,2193617.720926708,810854.0498896828,856204.2379863014,0
2024-03-05,"{""base_buy_amount"": 654587.925002388, ""max_daily_buy_amount"": 1187584.984921411, ""score_threshold"": -1.4194789813398012, ""score_scale"": 4.757110041011428, ""w_drawdown"": 1.5067131625735897, ""w_rsi"": 2.8900860790377108, ""w_ma_gap_25"": 3.498879722945331, ""w_ret_5"": 3.2461657762265443, ""w_trend"": 2.643566458173111, ""w_vol"": 0.74219494960029, ""w_exposure"": 5.083527384469421, ""w_unrealized_loss"": 4.04034390740766, ""fixed_profit_yen"": 25285.93028568305, ""base_take_profit_pct"": 0.0053380907335368495, ""min_take_profit_pct"": 0.002206851488854888, ""exposure_tp_sensitivity"": 0.25026799120313165, ""vol_tp_multiplier"": 1.5235230188041564}",1318583.8732081584,2152113.0171461506,810854.0498896828,856204.2379863014,0
2024-03-12,"{""base_buy_amount"": 654587.925002388, ""max_daily_buy_amount"": 1187584.984921411, ""score_threshold"": -1.4194789813398012, ""score_scale"": 4.757110041011428, ""w_drawdown"": 1.5067131625735897, ""w_rsi"": 2.8900860790377108, ""w_ma_gap_25"": 3.498879722945331, ""w_ret_5"": 3.2461657762265443, ""w_trend"": 2.643566458173111, ""w_vol"": 0.74219494960029, ""w_exposure"": 5.083527384469421, ""w_unrealized_loss"": 4.04034390740766, ""fixed_profit_yen"": 25285.93028568305, ""base_take_profit_pct"": 0.0053380907335368495, ""min_take_profit_pct"": 0.002206851488854888, ""exposure_tp_sensitivity"": 0.25026799120313165, ""vol_tp_multiplier"": 1.5235230188041564}",1190976.4962091914,2024505.640147184,810854.0498896837,856204.2379863014,0
2024-03-19,"{""base_buy_amount"": 654587.925002388, ""max_daily_buy_amount"": 1187584.984921411, ""score_threshold"": -1.4194789813398012, ""score_scale"": 4.757110041011428, ""w_drawdown"": 1.5067131625735897, ""w_rsi"": 2.8900860790377108, ""w_ma_gap_25"": 3.498879722945331, ""w_ret_5"": 3.2461657762265443, ""w_trend"": 2.643566458173111, ""w_vol"": 0.74219494960029, ""w_exposure"": 5.083527384469421, ""w_unrealized_loss"": 4.04034390740766, ""fixed_profit_yen"": 25285.93028568305, ""base_take_profit_pct"": 0.0053380907335368495, ""min_take_profit_pct"": 0.002206851488854888, ""exposure_tp_sensitivity"": 0.25026799120313165, ""vol_tp_multiplier"": 1.5235230188041564}",1384861.8679982817,2218391.011936274,810854.0498896828,856204.2379863014,0
2024-03-27,"{""base_buy_amount"": 654587.925002388, ""max_daily_buy_amount"": 1187584.984921411, ""score_threshold"": -1.4194789813398012, ""score_scale"": 4.757110041011428, ""w_drawdown"": 1.5067131625735897, ""w_rsi"": 2.8900860790377108, ""w_ma_gap_25"": 3.498879722945331, ""w_ret_5"": 3.2461657762265443, ""w_trend"": 2.643566458173111, ""w_vol"": 0.74219494960029, ""w_exposure"": 5.083527384469421, ""w_unrealized_loss"": 4.04034390740766, ""fixed_profit_yen"": 25285.93028568305, ""base_take_profit_pct"": 0.0053380907335368495, ""min_take_profit_pct"": 0.002206851488854888, ""exposure_tp_sensitivity"": 0.25026799120313165, ""vol_tp_multiplier"": 1.5235230188041564}",1315952.842823928,2149481.98676192,810854.0498896828,856204.2379863014,0
2024-04-03,"{""base_buy_amount"": 654587.925002388, ""max_daily_buy_amount"": 1187584.984921411, ""score_threshold"": -1.4194789813398012, ""score_scale"": 4.757110041011428, ""w_drawdown"": 1.5067131625735897, ""w_rsi"": 2.8900860790377108, ""w_ma_gap_25"": 3.498879722945331, ""w_ret_5"": 3.2461657762265443, ""w_trend"": 2.643566458173111, ""w_vol"": 0.74219494960029, ""w_exposure"": 5.083527384469421, ""w_unrealized_loss"": 4.04034390740766, ""fixed_profit_yen"": 25285.93028568305, ""base_take_profit_pct"": 0.0053380907335368495, ""min_take_profit_pct"": 0.002206851488854888, ""exposure_tp_sensitivity"": 0.25026799120313165, ""vol_tp_multiplier"": 1.5235230188041564}",1186368.111445148,2019897.2553831402,810854.0498896828,856204.2379863014,0
2024-04-10,"{""base_buy_amount"": 654587.925002388, ""max_daily_buy_amount"": 1187584.984921411, ""score_threshold"": -1.4194789813398012, ""score_scale"": 4.757110041011428, ""w_drawdown"": 1.5067131625735897, ""w_rsi"": 2.8900860790377108, ""w_ma_gap_25"": 3.498879722945331, ""w_ret_5"": 3.2461657762265443, ""w_trend"": 2.643566458173111, ""w_vol"": 0.74219494960029, ""w_exposure"": 5.083527384469421, ""w_unrealized_loss"": 4.04034390740766, ""fixed_profit_yen"": 25285.93028568305, ""base_take_profit_pct"": 0.0053380907335368495, ""min_take_profit_pct"": 0.002206851488854888, ""exposure_tp_sensitivity"": 0.25026799120313165, ""vol_tp_multiplier"": 1.5235230188041564}",1159985.8251249385,1993514.9690629311,810854.0498896837,856204.2379863014,0
2024-04-17,"{""base_buy_amount"": 995691.2489544553, ""max_daily_buy_amount"": 1566999.2935737127, ""score_threshold"": -0.7561539603169352, ""score_scale"": 3.5944927212474163, ""w_drawdown"": 3.5270318274200636, ""w_rsi"": 1.9392084758182486, ""w_ma_gap_25"": 3.204443172930797, ""w_ret_5"": 0.05363822487838121, ""w_trend"": -1.7456540483865512, ""w_vol"": 2.625441514836306, ""w_exposure"": 1.6375130425829587, ""w_unrealized_loss"": 1.6590686787653364, ""fixed_profit_yen"": 42306.301655861185, ""base_take_profit_pct"": 0.02969572407514095, ""min_take_profit_pct"": 0.006003724852256036, ""exposure_tp_sensitivity"": 0.7551627577935421, ""vol_tp_multiplier"": 4.951608321631363}",709694.9838548335,1194127.0060047703,530393.346614942,438470.6976849315,0
2024-04-24,"{""base_buy_amount"": 995691.2489544553, ""max_daily_buy_amount"": 1566999.2935737127, ""score_threshold"": -0.7561539603169352, ""score_scale"": 3.5944927212474163, ""w_drawdown"": 3.5270318274200636, ""w_rsi"": 1.9392084758182486, ""w_ma_gap_25"": 3.204443172930797, ""w_ret_5"": 0.05363822487838121, ""w_trend"": -1.7456540483865512, ""w_vol"": 2.625441514836306, ""w_exposure"": 1.6375130425829587, ""w_unrealized_loss"": 1.6590686787653364, ""fixed_profit_yen"": 42306.301655861185, ""base_take_profit_pct"": 0.02969572407514095, ""min_take_profit_pct"": 0.006003724852256036, ""exposure_tp_sensitivity"": 0.7551627577935421, ""vol_tp_multiplier"": 4.951608321631363}",562186.8476684444,1046618.8698183812,530393.346614942,438470.6976849315,0
2024-05-02,"{""base_buy_amount"": 995691.2489544553, ""max_daily_buy_amount"": 1566999.2935737127, ""score_threshold"": -0.7561539603169352, ""score_scale"": 3.5944927212474163, ""w_drawdown"": 3.5270318274200636, ""w_rsi"": 1.9392084758182486, ""w_ma_gap_25"": 3.204443172930797, ""w_ret_5"": 0.05363822487838121, ""w_trend"": -1.7456540483865512, ""w_vol"": 2.625441514836306, ""w_exposure"": 1.6375130425829587, ""w_unrealized_loss"": 1.6590686787653364, ""fixed_profit_yen"": 42306.301655861185, ""base_take_profit_pct"": 0.02969572407514095, ""min_take_profit_pct"": 0.006003724852256036, ""exposure_tp_sensitivity"": 0.7551627577935421, ""vol_tp_multiplier"": 4.951608321631363}",744927.8043620375,1229359.8265119742,530393.346614942,438470.6976849315,0
2024-05-13,"{""base_buy_amount"": 995691.2489544553, ""max_daily_buy_amount"": 1566999.2935737127, ""score_threshold"": -0.7561539603169352, ""score_scale"": 3.5944927212474163, ""w_drawdown"": 3.5270318274200636, ""w_rsi"": 1.9392084758182486, ""w_ma_gap_25"": 3.204443172930797, ""w_ret_5"": 0.05363822487838121, ""w_trend"": -1.7456540483865512, ""w_vol"": 2.625441514836306, ""w_exposure"": 1.6375130425829587, ""w_unrealized_loss"": 1.6590686787653364, ""fixed_profit_yen"": 42306.301655861185, ""base_take_profit_pct"": 0.02969572407514095, ""min_take_profit_pct"": 0.006003724852256036, ""exposure_tp_sensitivity"": 0.7551627577935421, ""vol_tp_multiplier"": 4.951608321631363}",788597.4812802793,1273029.503430216,530393.346614942,438470.6976849315,0
2024-05-20,"{""base_buy_amount"": 995691.2489544553, ""max_daily_buy_amount"": 1566999.2935737127, ""score_threshold"": -0.7561539603169352, ""score_scale"": 3.5944927212474163, ""w_drawdown"": 3.5270318274200636, ""w_rsi"": 1.9392084758182486, ""w_ma_gap_25"": 3.204443172930797, ""w_ret_5"": 0.05363822487838121, ""w_trend"": -1.7456540483865512, ""w_vol"": 2.625441514836306, ""w_exposure"": 1.6375130425829587, ""w_unrealized_loss"": 1.6590686787653364, ""fixed_profit_yen"": 42306.301655861185, ""base_take_profit_pct"": 0.02969572407514095, ""min_take_profit_pct"": 0.006003724852256036, ""exposure_tp_sensitivity"": 0.7551627577935421, ""vol_tp_multiplier"": 4.951608321631363}",843676.2043487725,1328108.2264987093,530393.346614942,438470.6976849315,0
2024-05-27,"{""base_buy_amount"": 995691.2489544553, ""max_daily_buy_amount"": 1566999.2935737127, ""score_threshold"": -0.7561539603169352, ""score_scale"": 3.5944927212474163, ""w_drawdown"": 3.5270318274200636, ""w_rsi"": 1.9392084758182486, ""w_ma_gap_25"": 3.204443172930797, ""w_ret_5"": 0.05363822487838121, ""w_trend"": -1.7456540483865512, ""w_vol"": 2.625441514836306, ""w_exposure"": 1.6375130425829587, ""w_unrealized_loss"": 1.6590686787653364, ""fixed_profit_yen"": 42306.301655861185, ""base_take_profit_pct"": 0.02969572407514095, ""min_take_profit_pct"": 0.006003724852256036, ""exposure_tp_sensitivity"": 0.7551627577935421, ""vol_tp_multiplier"": 4.951608321631363}",849710.3483619778,1334142.3705119146,530393.346614942,438470.6976849315,0
2024-06-03,"{""base_buy_amount"": 995691.2489544553, ""max_daily_buy_amount"": 1566999.2935737127, ""score_threshold"": -0.7561539603169352, ""score_scale"": 3.5944927212474163, ""w_drawdown"": 3.5270318274200636, ""w_rsi"": 1.9392084758182486, ""w_ma_gap_25"": 3.204443172930797, ""w_ret_5"": 0.05363822487838121, ""w_trend"": -1.7456540483865512, ""w_vol"": 2.625441514836306, ""w_exposure"": 1.6375130425829587, ""w_unrealized_loss"": 1.6590686787653364, ""fixed_profit_yen"": 42306.301655861185, ""base_take_profit_pct"": 0.02969572407514095, ""min_take_profit_pct"": 0.006003724852256036, ""exposure_tp_sensitivity"": 0.7551627577935421, ""vol_tp_multiplier"": 4.951608321631363}",847522.4583893751,1331954.480539312,530393.346614942,438470.6976849315,0
2024-06-10,"{""base_buy_amount"": 995691.2489544553, ""max_daily_buy_amount"": 1566999.2935737127, ""score_threshold"": -0.7561539603169352, ""score_scale"": 3.5944927212474163, ""w_drawdown"": 3.5270318274200636, ""w_rsi"": 1.9392084758182486, ""w_ma_gap_25"": 3.204443172930797, ""w_ret_5"": 0.05363822487838121, ""w_trend"": -1.7456540483865512, ""w_vol"": 2.625441514836306, ""w_exposure"": 1.6375130425829587, ""w_unrealized_loss"": 1.6590686787653364, ""fixed_profit_yen"": 42306.301655861185, ""base_take_profit_pct"": 0.02969572407514095, ""min_take_profit_pct"": 0.006003724852256036, ""exposure_tp_sensitivity"": 0.7551627577935421, ""vol_tp_multiplier"": 4.951608321631363}",858482.9981154026,1342915.0202653394,530393.346614942,438470.6976849315,0
2024-06-17,"{""base_buy_amount"": 995691.2489544553, ""max_daily_buy_amount"": 1566999.2935737127, ""score_threshold"": -0.7561539603169352, ""score_scale"": 3.5944927212474163, ""w_drawdown"": 3.5270318274200636, ""w_rsi"": 1.9392084758182486, ""w_ma_gap_25"": 3.204443172930797, ""w_ret_5"": 0.05363822487838121, ""w_trend"": -1.7456540483865512, ""w_vol"": 2.625441514836306, ""w_exposure"": 1.6375130425829587, ""w_unrealized_loss"": 1.6590686787653364, ""fixed_profit_yen"": 42306.301655861185, ""base_take_profit_pct"": 0.02969572407514095, ""min_take_profit_pct"": 0.006003724852256036, ""exposure_tp_sensitivity"": 0.7551627577935421, ""vol_tp_multiplier"": 4.951608321631363}",867688.3981154026,1352120.4202653393,530393.346614942,438470.6976849315,0
2024-06-24,"{""base_buy_amount"": 995691.2489544553, ""max_daily_buy_amount"": 1566999.2935737127, ""score_threshold"": -0.7561539603169352, ""score_scale"": 3.5944927212474163, ""w_drawdown"": 3.5270318274200636, ""w_rsi"": 1.9392084758182486, ""w_ma_gap_25"": 3.204443172930797, ""w_ret_5"": 0.05363822487838121, ""w_trend"": -1.7456540483865512, ""w_vol"": 2.625441514836306, ""w_exposure"": 1.6375130425829587, ""w_unrealized_loss"": 1.6590686787653364, ""fixed_profit_yen"": 42306.301655861185, ""base_take_profit_pct"": 0.02969572407514095, ""min_take_profit_pct"": 0.006003724852256036, ""exposure_tp_sensitivity"": 0.7551627577935421, ""vol_tp_multiplier"": 4.951608321631363}",704041.957992115,1338473.9801420518,530393.346614942,438470.6976849315,0
2024-07-01,"{""base_buy_amount"": 811407.7203164445, ""max_daily_buy_amount"": 553250.3591920381, ""score_threshold"": 1.3976353716922918, ""score_scale"": 0.7575437306896717, ""w_drawdown"": 4.004819268208381, ""w_rsi"": 4.638977150861402, ""w_ma_gap_25"": 3.8605419955219027, ""w_ret_5"": 3.4906039198931857, ""w_trend"": 2.0278813119322985, ""w_vol"": 0.2007564977353321, ""w_exposure"": 2.017821107190554, ""w_unrealized_loss"": 1.2492367930564308, ""fixed_profit_yen"": 26712.95653907037, ""base_take_profit_pct"": 0.022865267593207644, ""min_take_profit_pct"": 0.006670106601187589, ""exposure_tp_sensitivity"": 0.7660179897857415, ""vol_tp_multiplier"": 0.7760649622054544}",716404.5980818635,1559268.510274848,858830.9301530924,826896.8942328765,0
2024-07-08,"{""base_buy_amount"": 811407.7203164445, ""max_daily_buy_amount"": 553250.3591920381, ""score_threshold"": 1.3976353716922918, ""score_scale"": 0.7575437306896717, ""w_drawdown"": 4.004819268208381, ""w_rsi"": 4.638977150861402, ""w_ma_gap_25"": 3.8605419955219027, ""w_ret_5"": 3.4906039198931857, ""w_trend"": 2.0278813119322985, ""w_vol"": 0.2007564977353321, ""w_exposure"": 2.017821107190554, ""w_unrealized_loss"": 1.2492367930564308, ""fixed_profit_yen"": 26712.95653907037, ""base_take_profit_pct"": 0.022865267593207644, ""min_take_profit_pct"": 0.006670106601187589, ""exposure_tp_sensitivity"": 0.7660179897857415, ""vol_tp_multiplier"": 0.7760649622054544}",948941.9023190017,1791805.8145119862,858830.9301530924,826896.8942328765,0
2024-07-16,"{""base_buy_amount"": 811407.7203164445, ""max_daily_buy_amount"": 553250.3591920381, ""score_threshold"": 1.3976353716922918, ""score_scale"": 0.7575437306896717, ""w_drawdown"": 4.004819268208381, ""w_rsi"": 4.638977150861402, ""w_ma_gap_25"": 3.8605419955219027, ""w_ret_5"": 3.4906039198931857, ""w_trend"": 2.0278813119322985, ""w_vol"": 0.2007564977353321, ""w_exposure"": 2.017821107190554, ""w_unrealized_loss"": 1.2492367930564308, ""fixed_profit_yen"": 26712.95653907037, ""base_take_profit_pct"": 0.022865267593207644, ""min_take_profit_pct"": 0.006670106601187589, ""exposure_tp_sensitivity"": 0.7660179897857415, ""vol_tp_multiplier"": 0.7760649622054544}",993553.6714245137,1836417.5836174982,858830.9301530924,826896.8942328765,0
2024-07-23,"{""base_buy_amount"": 811407.7203164445, ""max_daily_buy_amount"": 553250.3591920381, ""score_threshold"": 1.3976353716922918, ""score_scale"": 0.7575437306896717, ""w_drawdown"": 4.004819268208381, ""w_rsi"": 4.638977150861402, ""w_ma_gap_25"": 3.8605419955219027, ""w_ret_5"": 3.4906039198931857, ""w_trend"": 2.0278813119322985, ""w_vol"": 0.2007564977353321, ""w_exposure"": 2.017821107190554, ""w_unrealized_loss"": 1.2492367930564308, ""fixed_profit_yen"": 26712.95653907037, ""base_take_profit_pct"": 0.022865267593207644, ""min_take_profit_pct"": 0.006670106601187589, ""exposure_tp_sensitivity"": 0.7660179897857415, ""vol_tp_multiplier"": 0.7760649622054544}",910639.3270830964,1753503.2392760809,858830.9301530924,826896.8942328765,0
2024-07-30,"{""base_buy_amount"": 811407.7203164445, ""max_daily_buy_amount"": 553250.3591920381, ""score_threshold"": 1.3976353716922918, ""score_scale"": 0.7575437306896717, ""w_drawdown"": 4.004819268208381, ""w_rsi"": 4.638977150861402, ""w_ma_gap_25"": 3.8605419955219027, ""w_ret_5"": 3.4906039198931857, ""w_trend"": 2.0278813119322985, ""w_vol"": 0.2007564977353321, ""w_exposure"": 2.017821107190554, ""w_unrealized_loss"": 1.2492367930564308, ""fixed_profit_yen"": 26712.95653907037, ""base_take_profit_pct"": 0.022865267593207644, ""min_take_profit_pct"": 0.006670106601187589, ""exposure_tp_sensitivity"": 0.7660179897857415, ""vol_tp_multiplier"": 0.7760649622054544}",743115.7968102307,1585979.7090032152,858830.9301530924,826896.8942328765,0
2024-08-06,"{""base_buy_amount"": 151098.55527781372, ""max_daily_buy_amount"": 1998298.9879010534, ""score_threshold"": 0.6627389444261476, ""score_scale"": 3.4255625700145864, ""w_drawdown"": 0.45220363492066373, ""w_rsi"": 4.4851669944831265, ""w_ma_gap_25"": 0.14499751602234712, ""w_ret_5"": 1.2041402902057352, ""w_trend"": -2.14186874900019, ""w_vol"": 3.883839703461093, ""w_exposure"": 1.9820422721289788, ""w_unrealized_loss"": 9.106382271308853, ""fixed_profit_yen"": 33844.64484839204, ""base_take_profit_pct"": 0.003012555893851494, ""min_take_profit_pct"": 0.0010488685071583042, ""exposure_tp_sensitivity"": 0.046492125312959036, ""vol_tp_multiplier"": 3.0296258882386384}",455.4022180706006,3534.791862275353,3558.0345760807395,2600.7447123287657,0
2024-08-14,"{""base_buy_amount"": 995691.2489544553, ""max_daily_buy_amount"": 1566999.2935737127, ""score_threshold"": -0.7561539603169352, ""score_scale"": 3.5944927212474163, ""w_drawdown"": 3.5270318274200636, ""w_rsi"": 1.9392084758182486, ""w_ma_gap_25"": 3.204443172930797, ""w_ret_5"": 0.05363822487838121, ""w_trend"": -1.7456540483865512, ""w_vol"": 2.625441514836306, ""w_exposure"": 1.6375130425829587, ""w_unrealized_loss"": 1.6590686787653364, ""fixed_profit_yen"": 42306.301655861185, ""base_take_profit_pct"": 0.02969572407514095, ""min_take_profit_pct"": 0.006003724852256036, ""exposure_tp_sensitivity"": 0.7551627577935421, ""vol_tp_multiplier"": 4.951608321631363}",396559.34770934004,1545008.9017245623,930376.8815920884,766522.2264383561,0
2024-08-21,"{""base_buy_amount"": 995691.2489544553, ""max_daily_buy_amount"": 1566999.2935737127, ""score_threshold"": -0.7561539603169352, ""score_scale"": 3.5944927212474163, ""w_drawdown"": 3.5270318274200636, ""w_rsi"": 1.9392084758182486, ""w_ma_gap_25"": 3.204443172930797, ""w_ret_5"": 0.05363822487838121, ""w_trend"": -1.7456540483865512, ""w_vol"": 2.625441514836306, ""w_exposure"": 1.6375130425829587, ""w_unrealized_loss"": 1.6590686787653364, ""fixed_profit_yen"": 42306.301655861185, ""base_take_profit_pct"": 0.02969572407514095, ""min_take_profit_pct"": 0.006003724852256036, ""exposure_tp_sensitivity"": 0.7551627577935421, ""vol_tp_multiplier"": 4.951608321631363}",625222.7542027293,1823672.308217951,930376.8815920874,766522.2264383561,0
2024-08-28,"{""base_buy_amount"": 995691.2489544553, ""max_daily_buy_amount"": 1566999.2935737127, ""score_threshold"": -0.7561539603169352, ""score_scale"": 3.5944927212474163, ""w_drawdown"": 3.5270318274200636, ""w_rsi"": 1.9392084758182486, ""w_ma_gap_25"": 3.204443172930797, ""w_ret_5"": 0.05363822487838121, ""w_trend"": -1.7456540483865512, ""w_vol"": 2.625441514836306, ""w_exposure"": 1.6375130425829587, ""w_unrealized_loss"": 1.6590686787653364, ""fixed_profit_yen"": 42306.301655861185, ""base_take_profit_pct"": 0.02969572407514095, ""min_take_profit_pct"": 0.006003724852256036, ""exposure_tp_sensitivity"": 0.7551627577935421, ""vol_tp_multiplier"": 4.951608321631363}",652453.1792618304,1800902.7332770522,930376.8815920874,766522.2264383561,0
2024-09-04,"{""base_buy_amount"": 995691.2489544553, ""max_daily_buy_amount"": 1566999.2935737127, ""score_threshold"": -0.7561539603169352, ""score_scale"": 3.5944927212474163, ""w_drawdown"": 3.5270318274200636, ""w_rsi"": 1.9392084758182486, ""w_ma_gap_25"": 3.204443172930797, ""w_ret_5"": 0.05363822487838121, ""w_trend"": -1.7456540483865512, ""w_vol"": 2.625441514836306, ""w_exposure"": 1.6375130425829587, ""w_unrealized_loss"": 1.6590686787653364, ""fixed_profit_yen"": 42306.301655861185, ""base_take_profit_pct"": 0.02969572407514095, ""min_take_profit_pct"": 0.006003724852256036, ""exposure_tp_sensitivity"": 0.7551627577935421, ""vol_tp_multiplier"": 4.951608321631363}",649116.4474054426,1797566.0014206644,930376.8815920874,766522.2264383561,0
2024-09-11,"{""base_buy_amount"": 995691.2489544553, ""max_daily_buy_amount"": 1566999.2935737127, ""score_threshold"": -0.7561539603169352, ""score_scale"": 3.5944927212474163, ""w_drawdown"": 3.5270318274200636, ""w_rsi"": 1.9392084758182486, ""w_ma_gap_25"": 3.204443172930797, ""w_ret_5"": 0.05363822487838121, ""w_trend"": -1.7456540483865512, ""w_vol"": 2.625441514836306, ""w_exposure"": 1.6375130425829587, ""w_unrealized_loss"": 1.6590686787653364, ""fixed_profit_yen"": 42306.301655861185, ""base_take_profit_pct"": 0.02969572407514095, ""min_take_profit_pct"": 0.006003724852256036, ""exposure_tp_sensitivity"": 0.7551627577935421, ""vol_tp_multiplier"": 4.951608321631363}",351317.696118274,1499767.2501334958,930376.8815920874,766522.2264383561,0
2024-09-19,"{""base_buy_amount"": 995691.2489544553, ""max_daily_buy_amount"": 1566999.2935737127, ""score_threshold"": -0.7561539603169352, ""score_scale"": 3.5944927212474163, ""w_drawdown"": 3.5270318274200636, ""w_rsi"": 1.9392084758182486, ""w_ma_gap_25"": 3.204443172930797, ""w_ret_5"": 0.05363822487838121, ""w_trend"": -1.7456540483865512, ""w_vol"": 2.625441514836306, ""w_exposure"": 1.6375130425829587, ""w_unrealized_loss"": 1.6590686787653364, ""fixed_profit_yen"": 42306.301655861185, ""base_take_profit_pct"": 0.02969572407514095, ""min_take_profit_pct"": 0.006003724852256036, ""exposure_tp_sensitivity"": 0.7551627577935421, ""vol_tp_multiplier"": 4.951608321631363}",361705.93568480154,1510155.4897000233,930376.8815920874,766522.2264383561,0
2024-09-27,"{""base_buy_amount"": 995691.2489544553, ""max_daily_buy_amount"": 1566999.2935737127, ""score_threshold"": -0.7561539603169352, ""score_scale"": 3.5944927212474163, ""w_drawdown"": 3.5270318274200636, ""w_rsi"": 1.9392084758182486, ""w_ma_gap_25"": 3.204443172930797, ""w_ret_5"": 0.05363822487838121, ""w_trend"": -1.7456540483865512, ""w_vol"": 2.625441514836306, ""w_exposure"": 1.6375130425829587, ""w_unrealized_loss"": 1.6590686787653364, ""fixed_profit_yen"": 42306.301655861185, ""base_take_profit_pct"": 0.02969572407514095, ""min_take_profit_pct"": 0.006003724852256036, ""exposure_tp_sensitivity"": 0.7551627577935421, ""vol_tp_multiplier"": 4.951608321631363}",1247934.614694739,2396384.1687099608,930376.8815920874,766522.2264383561,0
2024-10-04,"{""base_buy_amount"": 995691.2489544553, ""max_daily_buy_amount"": 1566999.2935737127, ""score_threshold"": -0.7561539603169352, ""score_scale"": 3.5944927212474163, ""w_drawdown"": 3.5270318274200636, ""w_rsi"": 1.9392084758182486, ""w_ma_gap_25"": 3.204443172930797, ""w_ret_5"": 0.05363822487838121, ""w_trend"": -1.7456540483865512, ""w_vol"": 2.625441514836306, ""w_exposure"": 1.6375130425829587, ""w_unrealized_loss"": 1.6590686787653364, ""fixed_profit_yen"": 42306.301655861185, ""base_take_profit_pct"": 0.02969572407514095, ""min_take_profit_pct"": 0.006003724852256036, ""exposure_tp_sensitivity"": 0.7551627577935421, ""vol_tp_multiplier"": 4.951608321631363}",1239188.785369682,2387638.3393849037,930376.8815920874,766522.2264383561,0
2024-10-11,"{""base_buy_amount"": 995691.2489544553, ""max_daily_buy_amount"": 1566999.2935737127, ""score_threshold"": -0.7561539603169352, ""score_scale"": 3.5944927212474163, ""w_drawdown"": 3.5270318274200636, ""w_rsi"": 1.9392084758182486, ""w_ma_gap_25"": 3.204443172930797, ""w_ret_5"": 0.05363822487838121, ""w_trend"": -1.7456540483865512, ""w_vol"": 2.625441514836306, ""w_exposure"": 1.6375130425829587, ""w_unrealized_loss"": 1.6590686787653364, ""fixed_profit_yen"": 42306.301655861185, ""base_take_profit_pct"": 0.02969572407514095, ""min_take_profit_pct"": 0.006003724852256036, ""exposure_tp_sensitivity"": 0.7551627577935421, ""vol_tp_multiplier"": 4.951608321631363}",1108458.062239744,2406907.6162549662,930376.8815920884,766522.2264383561,0
2024-10-21,"{""base_buy_amount"": 995691.2489544553, ""max_daily_buy_amount"": 1566999.2935737127, ""score_threshold"": -0.7561539603169352, ""score_scale"": 3.5944927212474163, ""w_drawdown"": 3.5270318274200636, ""w_rsi"": 1.9392084758182486, ""w_ma_gap_25"": 3.204443172930797, ""w_ret_5"": 0.05363822487838121, ""w_trend"": -1.7456540483865512, ""w_vol"": 2.625441514836306, ""w_exposure"": 1.6375130425829587, ""w_unrealized_loss"": 1.6590686787653364, ""fixed_profit_yen"": 42306.301655861185, ""base_take_profit_pct"": 0.02969572407514095, ""min_take_profit_pct"": 0.006003724852256036, ""exposure_tp_sensitivity"": 0.7551627577935421, ""vol_tp_multiplier"": 4.951608321631363}",1008324.8081690979,2156774.3621843196,930376.8815920874,766522.2264383561,0
2024-10-28,"{""base_buy_amount"": 995691.2489544553, ""max_daily_buy_amount"": 1566999.2935737127, ""score_threshold"": -0.7561539603169352, ""score_scale"": 3.5944927212474163, ""w_drawdown"": 3.5270318274200636, ""w_rsi"": 1.9392084758182486, ""w_ma_gap_25"": 3.204443172930797, ""w_ret_5"": 0.05363822487838121, ""w_trend"": -1.7456540483865512, ""w_vol"": 2.625441514836306, ""w_exposure"": 1.6375130425829587, ""w_unrealized_loss"": 1.6590686787653364, ""fixed_profit_yen"": 42306.301655861185, ""base_take_profit_pct"": 0.02969572407514095, ""min_take_profit_pct"": 0.006003724852256036, ""exposure_tp_sensitivity"": 0.7551627577935421, ""vol_tp_multiplier"": 4.951608321631363}",857852.4767558973,2006302.030771119,930376.8815920874,766522.2264383561,0
2024-11-05,"{""base_buy_amount"": 995691.2489544553, ""max_daily_buy_amount"": 1566999.2935737127, ""score_threshold"": -0.7561539603169352, ""score_scale"": 3.5944927212474163, ""w_drawdown"": 3.5270318274200636, ""w_rsi"": 1.9392084758182486, ""w_ma_gap_25"": 3.204443172930797, ""w_ret_5"": 0.05363822487838121, ""w_trend"": -1.7456540483865512, ""w_vol"": 2.625441514836306, ""w_exposure"": 1.6375130425829587, ""w_unrealized_loss"": 1.6590686787653364, ""fixed_profit_yen"": 42306.301655861185, ""base_take_profit_pct"": 0.02969572407514095, ""min_take_profit_pct"": 0.006003724852256036, ""exposure_tp_sensitivity"": 0.7551627577935421, ""vol_tp_multiplier"": 4.951608321631363}",792408.1434291392,1940857.697444361,930376.8815920874,766522.2264383561,0
2024-11-12,"{""base_buy_amount"": 995691.2489544553, ""max_daily_buy_amount"": 1566999.2935737127, ""score_threshold"": -0.7561539603169352, ""score_scale"": 3.5944927212474163, ""w_drawdown"": 3.5270318274200636, ""w_rsi"": 1.9392084758182486, ""w_ma_gap_25"": 3.204443172930797, ""w_ret_5"": 0.05363822487838121, ""w_trend"": -1.7456540483865512, ""w_vol"": 2.625441514836306, ""w_exposure"": 1.6375130425829587, ""w_unrealized_loss"": 1.6590686787653364, ""fixed_profit_yen"": 42306.301655861185, ""base_take_profit_pct"": 0.02969572407514095, ""min_take_profit_pct"": 0.006003724852256036, ""exposure_tp_sensitivity"": 0.7551627577935421, ""vol_tp_multiplier"": 4.951608321631363}",707795.1223805323,1856244.6763957546,930376.8815920884,766522.2264383561,0
2024-11-19,"{""base_buy_amount"": 995691.2489544553, ""max_daily_buy_amount"": 1566999.2935737127, ""score_threshold"": -0.7561539603169352, ""score_scale"": 3.5944927212474163, ""w_drawdown"": 3.5270318274200636, ""w_rsi"": 1.9392084758182486, ""w_ma_gap_25"": 3.204443172930797, ""w_ret_5"": 0.05363822487838121, ""w_trend"": -1.7456540483865512, ""w_vol"": 2.625441514836306, ""w_exposure"": 1.6375130425829587, ""w_unrealized_loss"": 1.6590686787653364, ""fixed_profit_yen"": 42306.301655861185, ""base_take_profit_pct"": 0.02969572407514095, ""min_take_profit_pct"": 0.006003724852256036, ""exposure_tp_sensitivity"": 0.7551627577935421, ""vol_tp_multiplier"": 4.951608321631363}",472726.190158549,1621175.7441737712,930376.8815920884,766522.2264383561,0
2024-11-26,"{""base_buy_amount"": 995691.2489544553, ""max_daily_buy_amount"": 1566999.2935737127, ""score_threshold"": -0.7561539603169352, ""score_scale"": 3.5944927212474163, ""w_drawdown"": 3.5270318274200636, ""w_rsi"": 1.9392084758182486, ""w_ma_gap_25"": 3.204443172930797, ""w_ret_5"": 0.05363822487838121, ""w_trend"": -1.7456540483865512, ""w_vol"": 2.625441514836306, ""w_exposure"": 1.6375130425829587, ""w_unrealized_loss"": 1.6590686787653364, ""fixed_profit_yen"": 42306.301655861185, ""base_take_profit_pct"": 0.02969572407514095, ""min_take_profit_pct"": 0.006003724852256036, ""exposure_tp_sensitivity"": 0.7551627577935421, ""vol_tp_multiplier"": 4.951608321631363}",647496.7330078643,1795946.2870230866,930376.8815920884,766522.2264383561,0
2024-12-03,"{""base_buy_amount"": 995691.2489544553, ""max_daily_buy_amount"": 1566999.2935737127, ""score_threshold"": -0.7561539603169352, ""score_scale"": 3.5944927212474163, ""w_drawdown"": 3.5270318274200636, ""w_rsi"": 1.9392084758182486, ""w_ma_gap_25"": 3.204443172930797, ""w_ret_5"": 0.05363822487838121, ""w_trend"": -1.7456540483865512, ""w_vol"": 2.625441514836306, ""w_exposure"": 1.6375130425829587, ""w_unrealized_loss"": 1.6590686787653364, ""fixed_profit_yen"": 42306.301655861185, ""base_take_profit_pct"": 0.02969572407514095, ""min_take_profit_pct"": 0.006003724852256036, ""exposure_tp_sensitivity"": 0.7551627577935421, ""vol_tp_multiplier"": 4.951608321631363}",564326.9403777274,1712776.4943929496,930376.8815920884,766522.2264383561,0
2024-12-10,"{""base_buy_amount"": 995691.2489544553, ""max_daily_buy_amount"": 1566999.2935737127, ""score_threshold"": -0.7561539603169352, ""score_scale"": 3.5944927212474163, ""w_drawdown"": 3.5270318274200636, ""w_rsi"": 1.9392084758182486, ""w_ma_gap_25"": 3.204443172930797, ""w_ret_5"": 0.05363822487838121, ""w_trend"": -1.7456540483865512, ""w_vol"": 2.625441514836306, ""w_exposure"": 1.6375130425829587, ""w_unrealized_loss"": 1.6590686787653364, ""fixed_profit_yen"": 42306.301655861185, ""base_take_profit_pct"": 0.02969572407514095, ""min_take_profit_pct"": 0.006003724852256036, ""exposure_tp_sensitivity"": 0.7551627577935421, ""vol_tp_multiplier"": 4.951608321631363}",886681.2201979421,2035130.7742131643,930376.8815920884,766522.2264383561,0
2024-12-17,"{""base_buy_amount"": 995691.2489544553, ""max_daily_buy_amount"": 1566999.2935737127, ""score_threshold"": -0.7561539603169352, ""score_scale"": 3.5944927212474163, ""w_drawdown"": 3.5270318274200636, ""w_rsi"": 1.9392084758182486, ""w_ma_gap_25"": 3.204443172930797, ""w_ret_5"": 0.05363822487838121, ""w_trend"": -1.7456540483865512, ""w_vol"": 2.625441514836306, ""w_exposure"": 1.6375130425829587, ""w_unrealized_loss"": 1.6590686787653364, ""fixed_profit_yen"": 42306.301655861185, ""base_take_profit_pct"": 0.02969572407514095, ""min_take_profit_pct"": 0.006003724852256036, ""exposure_tp_sensitivity"": 0.7551627577935421, ""vol_tp_multiplier"": 4.951608321631363}",969647.3358867455,2118096.8899019677,930376.8815920884,766522.2264383561,0
2024-12-24,"{""base_buy_amount"": 995691.2489544553, ""max_daily_buy_amount"": 1566999.2935737127, ""score_threshold"": -0.7561539603169352, ""score_scale"": 3.5944927212474163, ""w_drawdown"": 3.5270318274200636, ""w_rsi"": 1.9392084758182486, ""w_ma_gap_25"": 3.204443172930797, ""w_ret_5"": 0.05363822487838121, ""w_trend"": -1.7456540483865512, ""w_vol"": 2.625441514836306, ""w_exposure"": 1.6375130425829587, ""w_unrealized_loss"": 1.6590686787653364, ""fixed_profit_yen"": 42306.301655861185, ""base_take_profit_pct"": 0.02969572407514095, ""min_take_profit_pct"": 0.006003724852256036, ""exposure_tp_sensitivity"": 0.7551627577935421, ""vol_tp_multiplier"": 4.951608321631363}",954468.3710451496,2102917.9250603714,930376.8815920874,766522.2264383561,0
2025-01-06,"{""base_buy_amount"": 995691.2489544553, ""max_daily_buy_amount"": 1566999.2935737127, ""score_threshold"": -0.7561539603169352, ""score_scale"": 3.5944927212474163, ""w_drawdown"": 3.5270318274200636, ""w_rsi"": 1.9392084758182486, ""w_ma_gap_25"": 3.204443172930797, ""w_ret_5"": 0.05363822487838121, ""w_trend"": -1.7456540483865512, ""w_vol"": 2.625441514836306, ""w_exposure"": 1.6375130425829587, ""w_unrealized_loss"": 1.6590686787653364, ""fixed_profit_yen"": 42306.301655861185, ""base_take_profit_pct"": 0.02969572407514095, ""min_take_profit_pct"": 0.006003724852256036, ""exposure_tp_sensitivity"": 0.7551627577935421, ""vol_tp_multiplier"": 4.951608321631363}",1055474.1483255427,2203923.702340765,930376.8815920884,766522.2264383561,0
2025-01-14,"{""base_buy_amount"": 995691.2489544553, ""max_daily_buy_amount"": 1566999.2935737127, ""score_threshold"": -0.7561539603169352, ""score_scale"": 3.5944927212474163, ""w_drawdown"": 3.5270318274200636, ""w_rsi"": 1.9392084758182486, ""w_ma_gap_25"": 3.204443172930797, ""w_ret_5"": 0.05363822487838121, ""w_trend"": -1.7456540483865512, ""w_vol"": 2.625441514836306, ""w_exposure"": 1.6375130425829587, ""w_unrealized_loss"": 1.6590686787653364, ""fixed_profit_yen"": 42306.301655861185, ""base_take_profit_pct"": 0.02969572407514095, ""min_take_profit_pct"": 0.006003724852256036, ""exposure_tp_sensitivity"": 0.7551627577935421, ""vol_tp_multiplier"": 4.951608321631363}",994408.1600652689,2142857.714080491,930376.8815920884,766522.2264383561,0
2025-01-21,"{""base_buy_amount"": 995691.2489544553, ""max_daily_buy_amount"": 1566999.2935737127, ""score_threshold"": -0.7561539603169352, ""score_scale"": 3.5944927212474163, ""w_drawdown"": 3.5270318274200636, ""w_rsi"": 1.9392084758182486, ""w_ma_gap_25"": 3.204443172930797, ""w_ret_5"": 0.05363822487838121, ""w_trend"": -1.7456540483865512, ""w_vol"": 2.625441514836306, ""w_exposure"": 1.6375130425829587, ""w_unrealized_loss"": 1.6590686787653364, ""fixed_profit_yen"": 42306.301655861185, ""base_take_profit_pct"": 0.02969572407514095, ""min_take_profit_pct"": 0.006003724852256036, ""exposure_tp_sensitivity"": 0.7551627577935421, ""vol_tp_multiplier"": 4.951608321631363}",995269.1498323923,2143718.7038476146,930376.8815920884,766522.2264383561,0
2025-01-28,"{""base_buy_amount"": 995691.2489544553, ""max_daily_buy_amount"": 1566999.2935737127, ""score_threshold"": -0.7561539603169352, ""score_scale"": 3.5944927212474163, ""w_drawdown"": 3.5270318274200636, ""w_rsi"": 1.9392084758182486, ""w_ma_gap_25"": 3.204443172930797, ""w_ret_5"": 0.05363822487838121, ""w_trend"": -1.7456540483865512, ""w_vol"": 2.625441514836306, ""w_exposure"": 1.6375130425829587, ""w_unrealized_loss"": 1.6590686787653364, ""fixed_profit_yen"": 42306.301655861185, ""base_take_profit_pct"": 0.02969572407514095, ""min_take_profit_pct"": 0.006003724852256036, ""exposure_tp_sensitivity"": 0.7551627577935421, ""vol_tp_multiplier"": 4.951608321631363}",1230801.1095127084,2379250.6635279306,930376.8815920884,766522.2264383561,0
2025-02-04,"{""base_buy_amount"": 995691.2489544553, ""max_daily_buy_amount"": 1566999.2935737127, ""score_threshold"": -0.7561539603169352, ""score_scale"": 3.5944927212474163, ""w_drawdown"": 3.5270318274200636, ""w_rsi"": 1.9392084758182486, ""w_ma_gap_25"": 3.204443172930797, ""w_ret_5"": 0.05363822487838121, ""w_trend"": -1.7456540483865512, ""w_vol"": 2.625441514836306, ""w_exposure"": 1.6375130425829587, ""w_unrealized_loss"": 1.6590686787653364, ""fixed_profit_yen"": 42306.301655861185, ""base_take_profit_pct"": 0.02969572407514095, ""min_take_profit_pct"": 0.006003724852256036, ""exposure_tp_sensitivity"": 0.7551627577935421, ""vol_tp_multiplier"": 4.951608321631363}",1052218.410170243,2200667.964185465,930376.8815920884,766522.2264383561,0
2025-02-12,"{""base_buy_amount"": 995691.2489544553, ""max_daily_buy_amount"": 1566999.2935737127, ""score_threshold"": -0.7561539603169352, ""score_scale"": 3.5944927212474163, ""w_drawdown"": 3.5270318274200636, ""w_rsi"": 1.9392084758182486, ""w_ma_gap_25"": 3.204443172930797, ""w_ret_5"": 0.05363822487838121, ""w_trend"": -1.7456540483865512, ""w_vol"": 2.625441514836306, ""w_exposure"": 1.6375130425829587, ""w_unrealized_loss"": 1.6590686787653364, ""fixed_profit_yen"": 42306.301655861185, ""base_take_profit_pct"": 0.02969572407514095, ""min_take_profit_pct"": 0.006003724852256036, ""exposure_tp_sensitivity"": 0.7551627577935421, ""vol_tp_multiplier"": 4.951608321631363}",1072084.5291839417,2220534.083199164,930376.8815920884,766522.2264383561,0
2025-02-19,"{""base_buy_amount"": 995691.2489544553, ""max_daily_buy_amount"": 1566999.2935737127, ""score_threshold"": -0.7561539603169352, ""score_scale"": 3.5944927212474163, ""w_drawdown"": 3.5270318274200636, ""w_rsi"": 1.9392084758182486, ""w_ma_gap_25"": 3.204443172930797, ""w_ret_5"": 0.05363822487838121, ""w_trend"": -1.7456540483865512, ""w_vol"": 2.625441514836306, ""w_exposure"": 1.6375130425829587, ""w_unrealized_loss"": 1.6590686787653364, ""fixed_profit_yen"": 42306.301655861185, ""base_take_profit_pct"": 0.02969572407514095, ""min_take_profit_pct"": 0.006003724852256036, ""exposure_tp_sensitivity"": 0.7551627577935421, ""vol_tp_multiplier"": 4.951608321631363}",1244131.8784442155,2392581.4324594378,930376.8815920884,766522.2264383561,0
2025-02-27,"{""base_buy_amount"": 995691.2489544553, ""max_daily_buy_amount"": 1566999.2935737127, ""score_threshold"": -0.7561539603169352, ""score_scale"": 3.5944927212474163, ""w_drawdown"": 3.5270318274200636, ""w_rsi"": 1.9392084758182486, ""w_ma_gap_25"": 3.204443172930797, ""w_ret_5"": 0.05363822487838121, ""w_trend"": -1.7456540483865512, ""w_vol"": 2.625441514836306, ""w_exposure"": 1.6375130425829587, ""w_unrealized_loss"": 1.6590686787653364, ""fixed_profit_yen"": 42306.301655861185, ""base_take_profit_pct"": 0.02969572407514095, ""min_take_profit_pct"": 0.006003724852256036, ""exposure_tp_sensitivity"": 0.7551627577935421, ""vol_tp_multiplier"": 4.951608321631363}",744546.6471154483,1942996.2011306705,930376.8815920884,766522.2264383561,0
2025-03-06,"{""base_buy_amount"": 56994.15626345524, ""max_daily_buy_amount"": 1595156.317254063, ""score_threshold"": 0.6594034263681285, ""score_scale"": 3.673244203818508, ""w_drawdown"": 3.9036451551098397, ""w_rsi"": 2.2945788776916998, ""w_ma_gap_25"": 2.8437059797644686, ""w_ret_5"": 0.6989849906382872, ""w_trend"": -2.3128195587841596, ""w_vol"": 3.3420148089523583, ""w_exposure"": 4.710962061431325, ""w_unrealized_loss"": 5.652361064811888, ""fixed_profit_yen"": 38954.9462985532, ""base_take_profit_pct"": 0.01977211296001654, ""min_take_profit_pct"": 0.005982214605921963, ""exposure_tp_sensitivity"": 0.5032864446708722, ""vol_tp_multiplier"": 1.519750490313061}",36445.59557000836,49949.36815255071,15504.141069194302,11503.404095890404,0
2025-03-13,"{""base_buy_amount"": 151098.55527781372, ""max_daily_buy_amount"": 1998298.9879010534, ""score_threshold"": 0.6627389444261476, ""score_scale"": 3.4255625700145864, ""w_drawdown"": 0.45220363492066373, ""w_rsi"": 4.4851669944831265, ""w_ma_gap_25"": 0.14499751602234712, ""w_ret_5"": 1.2041402902057352, ""w_trend"": -2.14186874900019, ""w_vol"": 3.883839703461093, ""w_exposure"": 1.9820422721289788, ""w_unrealized_loss"": 9.106382271308853, ""fixed_profit_yen"": 33844.64484839204, ""base_take_profit_pct"": 0.003012555893851494, ""min_take_profit_pct"": 0.0010488685071583042, ""exposure_tp_sensitivity"": 0.046492125312959036, ""vol_tp_multiplier"": 3.0296258882386384}",-7383.378928228227,3974.057736155515,11749.613232877105,10965.260095890379,0
2025-03-21,"{""base_buy_amount"": 645943.3986673211, ""max_daily_buy_amount"": 1209786.1409341977, ""score_threshold"": 0.59938640621928, ""score_scale"": 0.8799994451295009, ""w_drawdown"": 2.0790370108530483, ""w_rsi"": 0.2080708693094624, ""w_ma_gap_25"": 2.4699540962225948, ""w_ret_5"": 1.6493060616639266, ""w_trend"": -2.1328548668037186, ""w_vol"": 0.5170148386127582, ""w_exposure"": 5.87644572177712, ""w_unrealized_loss"": 1.705929685368861, ""fixed_profit_yen"": 46480.64556370947, ""base_take_profit_pct"": 0.01826971191161106, ""min_take_profit_pct"": 0.004121828240813534, ""exposure_tp_sensitivity"": 0.5318239423332751, ""vol_tp_multiplier"": 0.11401935514848749}",113198.82596167788,620744.7899533123,487268.3433668306,527823.5846164381,0
2025-03-28,"{""base_buy_amount"": 645943.3986673211, ""max_daily_buy_amount"": 1209786.1409341977, ""score_threshold"": 0.59938640621928, ""score_scale"": 0.8799994451295009, ""w_drawdown"": 2.0790370108530483, ""w_rsi"": 0.2080708693094624, ""w_ma_gap_25"": 2.4699540962225948, ""w_ret_5"": 1.6493060616639266, ""w_trend"": -2.1328548668037186, ""w_vol"": 0.5170148386127582, ""w_exposure"": 5.87644572177712, ""w_unrealized_loss"": 1.705929685368861, ""fixed_profit_yen"": 46480.64556370947, ""base_take_profit_pct"": 0.01826971191161106, ""min_take_profit_pct"": 0.004121828240813534, ""exposure_tp_sensitivity"": 0.5318239423332751, ""vol_tp_multiplier"": 0.11401935514848749}",91691.668770004,599237.6327616384,487268.3433668306,527823.5846164381,0
2025-04-04,"{""base_buy_amount"": 151098.55527781372, ""max_daily_buy_amount"": 1998298.9879010534, ""score_threshold"": 0.6627389444261476, ""score_scale"": 3.4255625700145864, ""w_drawdown"": 0.45220363492066373, ""w_rsi"": 4.4851669944831265, ""w_ma_gap_25"": 0.14499751602234712, ""w_ret_5"": 1.2041402902057352, ""w_trend"": -2.14186874900019, ""w_vol"": 3.883839703461093, ""w_exposure"": 1.9820422721289788, ""w_unrealized_loss"": 9.106382271308853, ""fixed_profit_yen"": 33844.64484839204, ""base_take_profit_pct"": 0.003012555893851494, ""min_take_profit_pct"": 0.0010488685071583042, ""exposure_tp_sensitivity"": 0.046492125312959036, ""vol_tp_multiplier"": 3.0296258882386384}",-50221.171236587135,-7871.681645431432,44169.37277135253,40529.60641095887,0
2025-04-11,"{""base_buy_amount"": 151098.55527781372, ""max_daily_buy_amount"": 1998298.9879010534, ""score_threshold"": 0.6627389444261476, ""score_scale"": 3.4255625700145864, ""w_drawdown"": 0.45220363492066373, ""w_rsi"": 4.4851669944831265, ""w_ma_gap_25"": 0.14499751602234712, ""w_ret_5"": 1.2041402902057352, ""w_trend"": -2.14186874900019, ""w_vol"": 3.883839703461093, ""w_exposure"": 1.9820422721289788, ""w_unrealized_loss"": 9.106382271308853, ""fixed_profit_yen"": 33844.64484839204, ""base_take_profit_pct"": 0.003012555893851494, ""min_take_profit_pct"": 0.0010488685071583042, ""exposure_tp_sensitivity"": 0.046492125312959036, ""vol_tp_multiplier"": 3.0296258882386384}",-177252.37324575701,-1009.3690244643221,178062.88740148954,174423.12104109584,0
2025-04-18,"{""base_buy_amount"": 151098.55527781372, ""max_daily_buy_amount"": 1998298.9879010534, ""score_threshold"": 0.6627389444261476, ""score_scale"": 3.4255625700145864, ""w_drawdown"": 0.45220363492066373, ""w_rsi"": 4.4851669944831265, ""w_ma_gap_25"": 0.14499751602234712, ""w_ret_5"": 1.2041402902057352, ""w_trend"": -2.14186874900019, ""w_vol"": 3.883839703461093, ""w_exposure"": 1.9820422721289788, ""w_unrealized_loss"": 9.106382271308853, ""fixed_profit_yen"": 33844.64484839204, ""base_take_profit_pct"": 0.003012555893851494, ""min_take_profit_pct"": 0.0010488685071583042, ""exposure_tp_sensitivity"": 0.046492125312959036, ""vol_tp_multiplier"": 3.0296258882386384}",-191074.7786972659,-14831.774475973216,178062.88740148954,174423.12104109584,0
2025-04-25,"{""base_buy_amount"": 151098.55527781372, ""max_daily_buy_amount"": 1998298.9879010534, ""score_threshold"": 0.6627389444261476, ""score_scale"": 3.4255625700145864, ""w_drawdown"": 0.45220363492066373, ""w_rsi"": 4.4851669944831265, ""w_ma_gap_25"": 0.14499751602234712, ""w_ret_5"": 1.2041402902057352, ""w_trend"": -2.14186874900019, ""w_vol"": 3.883839703461093, ""w_exposure"": 1.9820422721289788, ""w_unrealized_loss"": 9.106382271308853, ""fixed_profit_yen"": 33844.64484839204, ""base_take_profit_pct"": 0.003012555893851494, ""min_take_profit_pct"": 0.0010488685071583042, ""exposure_tp_sensitivity"": 0.046492125312959036, ""vol_tp_multiplier"": 3.0296258882386384}",-158229.80982055358,18013.194400739103,178062.88740148954,174423.12104109584,0
2025-05-07,"{""base_buy_amount"": 151098.55527781372, ""max_daily_buy_amount"": 1998298.9879010534, ""score_threshold"": 0.6627389444261476, ""score_scale"": 3.4255625700145864, ""w_drawdown"": 0.45220363492066373, ""w_rsi"": 4.4851669944831265, ""w_ma_gap_25"": 0.14499751602234712, ""w_ret_5"": 1.2041402902057352, ""w_trend"": -2.14186874900019, ""w_vol"": 3.883839703461093, ""w_exposure"": 1.9820422721289788, ""w_unrealized_loss"": 9.106382271308853, ""fixed_profit_yen"": 33844.64484839204, ""base_take_profit_pct"": 0.003012555893851494, ""min_take_profit_pct"": 0.0010488685071583042, ""exposure_tp_sensitivity"": 0.046492125312959036, ""vol_tp_multiplier"": 3.0296258882386384}",-92925.63287565907,83317.37134563363,178062.88740148954,174423.12104109584,0
2025-05-14,"{""base_buy_amount"": 151098.55527781372, ""max_daily_buy_amount"": 1998298.9879010534, ""score_threshold"": 0.6627389444261476, ""score_scale"": 3.4255625700145864, ""w_drawdown"": 0.45220363492066373, ""w_rsi"": 4.4851669944831265, ""w_ma_gap_25"": 0.14499751602234712, ""w_ret_5"": 1.2041402902057352, ""w_trend"": -2.14186874900019, ""w_vol"": 3.883839703461093, ""w_exposure"": 1.9820422721289788, ""w_unrealized_loss"": 9.106382271308853, ""fixed_profit_yen"": 33844.64484839204, ""base_take_profit_pct"": 0.003012555893851494, ""min_take_profit_pct"": 0.0010488685071583042, ""exposure_tp_sensitivity"": 0.046492125312959036, ""vol_tp_multiplier"": 3.0296258882386384}",-59321.34629888508,116921.65792240761,178062.88740148954,174423.12104109584,0
2025-05-21,"{""base_buy_amount"": 151098.55527781372, ""max_daily_buy_amount"": 1998298.9879010534, ""score_threshold"": 0.6627389444261476, ""score_scale"": 3.4255625700145864, ""w_drawdown"": 0.45220363492066373, ""w_rsi"": 4.4851669944831265, ""w_ma_gap_25"": 0.14499751602234712, ""w_ret_5"": 1.2041402902057352, ""w_trend"": -2.14186874900019, ""w_vol"": 3.883839703461093, ""w_exposure"": 1.9820422721289788, ""w_unrealized_loss"": 9.106382271308853, ""fixed_profit_yen"": 33844.64484839204, ""base_take_profit_pct"": 0.003012555893851494, ""min_take_profit_pct"": 0.0010488685071583042, ""exposure_tp_sensitivity"": 0.046492125312959036, ""vol_tp_multiplier"": 3.0296258882386384}",-68911.27192473986,107331.73229655283,178062.88740148954,174423.12104109584,0
2025-05-28,"{""base_buy_amount"": 151098.55527781372, ""max_daily_buy_amount"": 1998298.9879010534, ""score_threshold"": 0.6627389444261476, ""score_scale"": 3.4255625700145864, ""w_drawdown"": 0.45220363492066373, ""w_rsi"": 4.4851669944831265, ""w_ma_gap_25"": 0.14499751602234712, ""w_ret_5"": 1.2041402902057352, ""w_trend"": -2.14186874900019, ""w_vol"": 3.883839703461093, ""w_exposure"": 1.9820422721289788, ""w_unrealized_loss"": 9.106382271308853, ""fixed_profit_yen"": 33844.64484839204, ""base_take_profit_pct"": 0.003012555893851494, ""min_take_profit_pct"": 0.0010488685071583042, ""exposure_tp_sensitivity"": 0.046492125312959036, ""vol_tp_multiplier"": 3.0296258882386384}",-66265.16123980837,109977.84298148433,178062.88740148954,174423.12104109584,0
2025-06-04,"{""base_buy_amount"": 151098.55527781372, ""max_daily_buy_amount"": 1998298.9879010534, ""score_threshold"": 0.6627389444261476, ""score_scale"": 3.4255625700145864, ""w_drawdown"": 0.45220363492066373, ""w_rsi"": 4.4851669944831265, ""w_ma_gap_25"": 0.14499751602234712, ""w_ret_5"": 1.2041402902057352, ""w_trend"": -2.14186874900019, ""w_vol"": 3.883839703461093, ""w_exposure"": 1.9820422721289788, ""w_unrealized_loss"": 9.106382271308853, ""fixed_profit_yen"": 33844.64484839204, ""base_take_profit_pct"": 0.003012555893851494, ""min_take_profit_pct"": 0.0010488685071583042, ""exposure_tp_sensitivity"": 0.046492125312959036, ""vol_tp_multiplier"": 3.0296258882386384}",-69580.96222610972,106662.04199518297,178062.88740148954,174423.12104109584,0
2025-06-11,"{""base_buy_amount"": 151098.55527781372, ""max_daily_buy_amount"": 1998298.9879010534, ""score_threshold"": 0.6627389444261476, ""score_scale"": 3.4255625700145864, ""w_drawdown"": 0.45220363492066373, ""w_rsi"": 4.4851669944831265, ""w_ma_gap_25"": 0.14499751602234712, ""w_ret_5"": 1.2041402902057352, ""w_trend"": -2.14186874900019, ""w_vol"": 3.883839703461093, ""w_exposure"": 1.9820422721289788, ""w_unrealized_loss"": 9.106382271308853, ""fixed_profit_yen"": 33844.64484839204, ""base_take_profit_pct"": 0.003012555893851494, ""min_take_profit_pct"": 0.0010488685071583042, ""exposure_tp_sensitivity"": 0.046492125312959036, ""vol_tp_multiplier"": 3.0296258882386384}",-62336.8000343289,113906.20418696379,178062.88740148954,174423.12104109584,0
2025-06-18,"{""base_buy_amount"": 151098.55527781372, ""max_daily_buy_amount"": 1998298.9879010534, ""score_threshold"": 0.6627389444261476, ""score_scale"": 3.4255625700145864, ""w_drawdown"": 0.45220363492066373, ""w_rsi"": 4.4851669944831265, ""w_ma_gap_25"": 0.14499751602234712, ""w_ret_5"": 1.2041402902057352, ""w_trend"": -2.14186874900019, ""w_vol"": 3.883839703461093, ""w_exposure"": 1.9820422721289788, ""w_unrealized_loss"": 9.106382271308853, ""fixed_profit_yen"": 33844.64484839204, ""base_take_profit_pct"": 0.003012555893851494, ""min_take_profit_pct"": 0.0010488685071583042, ""exposure_tp_sensitivity"": 0.046492125312959036, ""vol_tp_multiplier"": 3.0296258882386384}",-258694.15060967137,117548.85361162132,178062.88740148954,174423.12104109584,0
2025-06-25,"{""base_buy_amount"": 63239.47332279147, ""max_daily_buy_amount"": 536346.4569978251, ""score_threshold"": -1.4727111288539159, ""score_scale"": 3.5494640312578585, ""w_drawdown"": 0.6091625231426556, ""w_rsi"": 2.531649658103165, ""w_ma_gap_25"": 3.4713121782144323, ""w_ret_5"": 2.905583046104512, ""w_trend"": -1.8013460900396543, ""w_vol"": 4.020622630911314, ""w_exposure"": 7.154071296158016, ""w_unrealized_loss"": 7.389840039155418, ""fixed_profit_yen"": 9159.714323193723, ""base_take_profit_pct"": 0.005465106502209649, ""min_take_profit_pct"": 0.005465106502209649, ""exposure_tp_sensitivity"": 0.3578203744424466, ""vol_tp_multiplier"": 1.5047434589046986}",-278621.0087352838,119411.94396977071,236861.86330052,259204.04210958903,0
2025-07-02,"{""base_buy_amount"": 63239.47332279147, ""max_daily_buy_amount"": 536346.4569978251, ""score_threshold"": -1.4727111288539159, ""score_scale"": 3.5494640312578585, ""w_drawdown"": 0.6091625231426556, ""w_rsi"": 2.531649658103165, ""w_ma_gap_25"": 3.4713121782144323, ""w_ret_5"": 2.905583046104512, ""w_trend"": -1.8013460900396543, ""w_vol"": 4.020622630911314, ""w_exposure"": 7.154071296158016, ""w_unrealized_loss"": 7.389840039155418, ""fixed_profit_yen"": 9159.714323193723, ""base_take_profit_pct"": 0.005465106502209649, ""min_take_profit_pct"": 0.005465106502209649, ""exposure_tp_sensitivity"": 0.3578203744424466, ""vol_tp_multiplier"": 1.5047434589046986}",-259158.61069879888,138874.34200625564,236861.86330052,259204.04210958903,0
2025-07-09,"{""base_buy_amount"": 63239.47332279147, ""max_daily_buy_amount"": 536346.4569978251, ""score_threshold"": -1.4727111288539159, ""score_scale"": 3.5494640312578585, ""w_drawdown"": 0.6091625231426556, ""w_rsi"": 2.531649658103165, ""w_ma_gap_25"": 3.4713121782144323, ""w_ret_5"": 2.905583046104512, ""w_trend"": -1.8013460900396543, ""w_vol"": 4.020622630911314, ""w_exposure"": 7.154071296158016, ""w_unrealized_loss"": 7.389840039155418, ""fixed_profit_yen"": 9159.714323193723, ""base_take_profit_pct"": 0.005465106502209649, ""min_take_profit_pct"": 0.005465106502209649, ""exposure_tp_sensitivity"": 0.3578203744424466, ""vol_tp_multiplier"": 1.5047434589046986}",-260860.7213837304,137172.23132132413,236861.86330052,259204.04210958903,0
2025-07-16,"{""base_buy_amount"": 63239.47332279147, ""max_daily_buy_amount"": 536346.4569978251, ""score_threshold"": -1.4727111288539159, ""score_scale"": 3.5494640312578585, ""w_drawdown"": 0.6091625231426556, ""w_rsi"": 2.531649658103165, ""w_ma_gap_25"": 3.4713121782144323, ""w_ret_5"": 2.905583046104512, ""w_trend"": -1.8013460900396543, ""w_vol"": 4.020622630911314, ""w_exposure"": 7.154071296158016, ""w_unrealized_loss"": 7.389840039155418, ""fixed_profit_yen"": 9159.714323193723, ""base_take_profit_pct"": 0.005465106502209649, ""min_take_profit_pct"": 0.005465106502209649, ""exposure_tp_sensitivity"": 0.3578203744424466, ""vol_tp_multiplier"": 1.5047434589046986}",-261387.58083578516,136645.37186926935,236861.86330052,259204.04210958903,0
2025-07-24,"{""base_buy_amount"": 63239.47332279147, ""max_daily_buy_amount"": 536346.4569978251, ""score_threshold"": -1.4727111288539159, ""score_scale"": 3.5494640312578585, ""w_drawdown"": 0.6091625231426556, ""w_rsi"": 2.531649658103165, ""w_ma_gap_25"": 3.4713121782144323, ""w_ret_5"": 2.905583046104512, ""w_trend"": -1.8013460900396543, ""w_vol"": 4.020622630911314, ""w_exposure"": 7.154071296158016, ""w_unrealized_loss"": 7.389840039155418, ""fixed_profit_yen"": 9159.714323193723, ""base_take_profit_pct"": 0.005465106502209649, ""min_take_profit_pct"": 0.005465106502209649, ""exposure_tp_sensitivity"": 0.3578203744424466, ""vol_tp_multiplier"": 1.5047434589046986}",-250715.60247962078,147317.35022543374,236861.86330052,259204.04210958903,0
2025-07-31,"{""base_buy_amount"": 63239.47332279147, ""max_daily_buy_amount"": 536346.4569978251, ""score_threshold"": -1.4727111288539159, ""score_scale"": 3.5494640312578585, ""w_drawdown"": 0.6091625231426556, ""w_rsi"": 2.531649658103165, ""w_ma_gap_25"": 3.4713121782144323, ""w_ret_5"": 2.905583046104512, ""w_trend"": -1.8013460900396543, ""w_vol"": 4.020622630911314, ""w_exposure"": 7.154071296158016, ""w_unrealized_loss"": 7.389840039155418, ""fixed_profit_yen"": 9159.714323193723, ""base_take_profit_pct"": 0.005465106502209649, ""min_take_profit_pct"": 0.005465106502209649, ""exposure_tp_sensitivity"": 0.3578203744424466, ""vol_tp_multiplier"": 1.5047434589046986}",-252279.80766205504,145753.14504299947,236861.86330052,259204.04210958903,0
2025-08-07,"{""base_buy_amount"": 63239.47332279147, ""max_daily_buy_amount"": 536346.4569978251, ""score_threshold"": -1.4727111288539159, ""score_scale"": 3.5494640312578585, ""w_drawdown"": 0.6091625231426556, ""w_rsi"": 2.531649658103165, ""w_ma_gap_25"": 3.4713121782144323, ""w_ret_5"": 2.905583046104512, ""w_trend"": -1.8013460900396543, ""w_vol"": 4.020622630911314, ""w_exposure"": 7.154071296158016, ""w_unrealized_loss"": 7.389840039155418, ""fixed_profit_yen"": 9159.714323193723, ""base_take_profit_pct"": 0.005465106502209649, ""min_take_profit_pct"": 0.005465106502209649, ""exposure_tp_sensitivity"": 0.3578203744424466, ""vol_tp_multiplier"": 1.5047434589046986}",-49460.351382266526,153719.42784177003,201587.63037957996,204771.92806849314,0
2025-08-15,"{""base_buy_amount"": 63239.47332279147, ""max_daily_buy_amount"": 536346.4569978251, ""score_threshold"": -1.4727111288539159, ""score_scale"": 3.5494640312578585, ""w_drawdown"": 0.6091625231426556, ""w_rsi"": 2.531649658103165, ""w_ma_gap_25"": 3.4713121782144323, ""w_ret_5"": 2.905583046104512, ""w_trend"": -1.8013460900396543, ""w_vol"": 4.020622630911314, ""w_exposure"": 7.154071296158016, ""w_unrealized_loss"": 7.389840039155418, ""fixed_profit_yen"": 9159.714323193723, ""base_take_profit_pct"": 0.005465106502209649, ""min_take_profit_pct"": 0.005465106502209649, ""exposure_tp_sensitivity"": 0.3578203744424466, ""vol_tp_multiplier"": 1.5047434589046986}",-56220.16447984325,146959.6147441933,201587.63037957996,204771.92806849314,0
2025-08-22,"{""base_buy_amount"": 63239.47332279147, ""max_daily_buy_amount"": 536346.4569978251, ""score_threshold"": -1.4727111288539159, ""score_scale"": 3.5494640312578585, ""w_drawdown"": 0.6091625231426556, ""w_rsi"": 2.531649658103165, ""w_ma_gap_25"": 3.4713121782144323, ""w_ret_5"": 2.905583046104512, ""w_trend"": -1.8013460900396543, ""w_vol"": 4.020622630911314, ""w_exposure"": 7.154071296158016, ""w_unrealized_loss"": 7.389840039155418, ""fixed_profit_yen"": 9159.714323193723, ""base_take_profit_pct"": 0.005465106502209649, ""min_take_profit_pct"": 0.005465106502209649, ""exposure_tp_sensitivity"": 0.3578203744424466, ""vol_tp_multiplier"": 1.5047434589046986}",-78555.2013135353,124624.57791050078,201587.63037957903,204771.92806849314,0
2025-08-29,"{""base_buy_amount"": 63239.47332279147, ""max_daily_buy_amount"": 536346.4569978251, ""score_threshold"": -1.4727111288539159, ""score_scale"": 3.5494640312578585, ""w_drawdown"": 0.6091625231426556, ""w_rsi"": 2.531649658103165, ""w_ma_gap_25"": 3.4713121782144323, ""w_ret_5"": 2.905583046104512, ""w_trend"": -1.8013460900396543, ""w_vol"": 4.020622630911314, ""w_exposure"": 7.154071296158016, ""w_unrealized_loss"": 7.389840039155418, ""fixed_profit_yen"": 9159.714323193723, ""base_take_profit_pct"": 0.005465106502209649, ""min_take_profit_pct"": 0.005465106502209649, ""exposure_tp_sensitivity"": 0.3578203744424466, ""vol_tp_multiplier"": 1.5047434589046986}",-80709.02333385084,122470.75589018571,201587.63037957996,204771.92806849314,0
2025-09-05,"{""base_buy_amount"": 63239.47332279147, ""max_daily_buy_amount"": 536346.4569978251, ""score_threshold"": -1.4727111288539159, ""score_scale"": 3.5494640312578585, ""w_drawdown"": 0.6091625231426556, ""w_rsi"": 2.531649658103165, ""w_ma_gap_25"": 3.4713121782144323, ""w_ret_5"": 2.905583046104512, ""w_trend"": -1.8013460900396543, ""w_vol"": 4.020622630911314, ""w_exposure"": 7.154071296158016, ""w_unrealized_loss"": 7.389840039155418, ""fixed_profit_yen"": 9159.714323193723, ""base_take_profit_pct"": 0.005465106502209649, ""min_take_profit_pct"": 0.005465106502209649, ""exposure_tp_sensitivity"": 0.3578203744424466, ""vol_tp_multiplier"": 1.5047434589046986}",-80709.02333385084,122470.75589018571,201587.63037957996,204771.92806849314,0
2025-09-12,"{""base_buy_amount"": 63239.47332279147, ""max_daily_buy_amount"": 536346.4569978251, ""score_threshold"": -1.4727111288539159, ""score_scale"": 3.5494640312578585, ""w_drawdown"": 0.6091625231426556, ""w_rsi"": 2.531649658103165, ""w_ma_gap_25"": 3.4713121782144323, ""w_ret_5"": 2.905583046104512, ""w_trend"": -1.8013460900396543, ""w_vol"": 4.020622630911314, ""w_exposure"": 7.154071296158016, ""w_unrealized_loss"": 7.389840039155418, ""fixed_profit_yen"": 9159.714323193723, ""base_take_profit_pct"": 0.005465106502209649, ""min_take_profit_pct"": 0.005465106502209649, ""exposure_tp_sensitivity"": 0.3578203744424466, ""vol_tp_multiplier"": 1.5047434589046986}",-80709.02333385084,122470.75589018571,201587.63037957996,204771.92806849314,0
2025-09-22,"{""base_buy_amount"": 63239.47332279147, ""max_daily_buy_amount"": 536346.4569978251, ""score_threshold"": -1.4727111288539159, ""score_scale"": 3.5494640312578585, ""w_drawdown"": 0.6091625231426556, ""w_rsi"": 2.531649658103165, ""w_ma_gap_25"": 3.4713121782144323, ""w_ret_5"": 2.905583046104512, ""w_trend"": -1.8013460900396543, ""w_vol"": 4.020622630911314, ""w_exposure"": 7.154071296158016, ""w_unrealized_loss"": 7.389840039155418, ""fixed_profit_yen"": 9159.714323193723, ""base_take_profit_pct"": 0.005465106502209649, ""min_take_profit_pct"": 0.005465106502209649, ""exposure_tp_sensitivity"": 0.3578203744424466, ""vol_tp_multiplier"": 1.5047434589046986}",-88507.20863184762,114672.57059218847,201587.63037957903,204771.92806849314,0
2025-09-30,"{""base_buy_amount"": 63239.47332279147, ""max_daily_buy_amount"": 536346.4569978251, ""score_threshold"": -1.4727111288539159, ""score_scale"": 3.5494640312578585, ""w_drawdown"": 0.6091625231426556, ""w_rsi"": 2.531649658103165, ""w_ma_gap_25"": 3.4713121782144323, ""w_ret_5"": 2.905583046104512, ""w_trend"": -1.8013460900396543, ""w_vol"": 4.020622630911314, ""w_exposure"": 7.154071296158016, ""w_unrealized_loss"": 7.389840039155418, ""fixed_profit_yen"": 9159.714323193723, ""base_take_profit_pct"": 0.005465106502209649, ""min_take_profit_pct"": 0.005465106502209649, ""exposure_tp_sensitivity"": 0.3578203744424466, ""vol_tp_multiplier"": 1.5047434589046986}",-98935.38606795634,104244.39315608022,201587.63037957996,204771.92806849314,0
2025-10-07,"{""base_buy_amount"": 63239.47332279147, ""max_daily_buy_amount"": 536346.4569978251, ""score_threshold"": -1.4727111288539159, ""score_scale"": 3.5494640312578585, ""w_drawdown"": 0.6091625231426556, ""w_rsi"": 2.531649658103165, ""w_ma_gap_25"": 3.4713121782144323, ""w_ret_5"": 2.905583046104512, ""w_trend"": -1.8013460900396543, ""w_vol"": 4.020622630911314, ""w_exposure"": 7.154071296158016, ""w_unrealized_loss"": 7.389840039155418, ""fixed_profit_yen"": 9159.714323193723, ""base_take_profit_pct"": 0.005465106502209649, ""min_take_profit_pct"": 0.005465106502209649, ""exposure_tp_sensitivity"": 0.3578203744424466, ""vol_tp_multiplier"": 1.5047434589046986}",-103864.11049895635,99315.6687250802,201587.63037957996,204771.92806849314,0
2025-10-15,"{""base_buy_amount"": 63239.47332279147, ""max_daily_buy_amount"": 536346.4569978251, ""score_threshold"": -1.4727111288539159, ""score_scale"": 3.5494640312578585, ""w_drawdown"": 0.6091625231426556, ""w_rsi"": 2.531649658103165, ""w_ma_gap_25"": 3.4713121782144323, ""w_ret_5"": 2.905583046104512, ""w_trend"": -1.8013460900396543, ""w_vol"": 4.020622630911314, ""w_exposure"": 7.154071296158016, ""w_unrealized_loss"": 7.389840039155418, ""fixed_profit_yen"": 9159.714323193723, ""base_take_profit_pct"": 0.005465106502209649, ""min_take_profit_pct"": 0.005465106502209649, ""exposure_tp_sensitivity"": 0.3578203744424466, ""vol_tp_multiplier"": 1.5047434589046986}",-103864.11049895635,99315.6687250802,201587.63037957996,204771.92806849314,0
2025-10-22,"{""base_buy_amount"": 63239.47332279147, ""max_daily_buy_amount"": 536346.4569978251, ""score_threshold"": -1.4727111288539159, ""score_scale"": 3.5494640312578585, ""w_drawdown"": 0.6091625231426556, ""w_rsi"": 2.531649658103165, ""w_ma_gap_25"": 3.4713121782144323, ""w_ret_5"": 2.905583046104512, ""w_trend"": -1.8013460900396543, ""w_vol"": 4.020622630911314, ""w_exposure"": 7.154071296158016, ""w_unrealized_loss"": 7.389840039155418, ""fixed_profit_yen"": 9159.714323193723, ""base_take_profit_pct"": 0.005465106502209649, ""min_take_profit_pct"": 0.005465106502209649, ""exposure_tp_sensitivity"": 0.3578203744424466, ""vol_tp_multiplier"": 1.5047434589046986}",-103864.11049895635,99315.6687250802,201587.63037957996,204771.92806849314,0
2025-10-30,"{""base_buy_amount"": 63239.47332279147, ""max_daily_buy_amount"": 536346.4569978251, ""score_threshold"": -1.4727111288539159, ""score_scale"": 3.5494640312578585, ""w_drawdown"": 0.6091625231426556, ""w_rsi"": 2.531649658103165, ""w_ma_gap_25"": 3.4713121782144323, ""w_ret_5"": 2.905583046104512, ""w_trend"": -1.8013460900396543, ""w_vol"": 4.020622630911314, ""w_exposure"": 7.154071296158016, ""w_unrealized_loss"": 7.389840039155418, ""fixed_profit_yen"": 9159.714323193723, ""base_take_profit_pct"": 0.005465106502209649, ""min_take_profit_pct"": 0.005465106502209649, ""exposure_tp_sensitivity"": 0.3578203744424466, ""vol_tp_multiplier"": 1.5047434589046986}",-103864.11049895635,99315.6687250802,201587.63037957996,204771.92806849314,0
2025-11-07,"{""base_buy_amount"": 63239.47332279147, ""max_daily_buy_amount"": 536346.4569978251, ""score_threshold"": -1.4727111288539159, ""score_scale"": 3.5494640312578585, ""w_drawdown"": 0.6091625231426556, ""w_rsi"": 2.531649658103165, ""w_ma_gap_25"": 3.4713121782144323, ""w_ret_5"": 2.905583046104512, ""w_trend"": -1.8013460900396543, ""w_vol"": 4.020622630911314, ""w_exposure"": 7.154071296158016, ""w_unrealized_loss"": 7.389840039155418, ""fixed_profit_yen"": 9159.714323193723, ""base_take_profit_pct"": 0.005465106502209649, ""min_take_profit_pct"": 0.005465106502209649, ""exposure_tp_sensitivity"": 0.3578203744424466, ""vol_tp_multiplier"": 1.5047434589046986}",-106190.45018405157,96989.32903998498,201587.63037957996,204771.92806849314,0
2025-11-14,"{""base_buy_amount"": 63239.47332279147, ""max_daily_buy_amount"": 536346.4569978251, ""score_threshold"": -1.4727111288539159, ""score_scale"": 3.5494640312578585, ""w_drawdown"": 0.6091625231426556, ""w_rsi"": 2.531649658103165, ""w_ma_gap_25"": 3.4713121782144323, ""w_ret_5"": 2.905583046104512, ""w_trend"": -1.8013460900396543, ""w_vol"": 4.020622630911314, ""w_exposure"": 7.154071296158016, ""w_unrealized_loss"": 7.389840039155418, ""fixed_profit_yen"": 9159.714323193723, ""base_take_profit_pct"": 0.005465106502209649, ""min_take_profit_pct"": 0.005465106502209649, ""exposure_tp_sensitivity"": 0.3578203744424466, ""vol_tp_multiplier"": 1.5047434589046986}",-108282.79333844128,94896.98588559528,201587.63037957996,204771.92806849314,0
2025-11-21,"{""base_buy_amount"": 63239.47332279147, ""max_daily_buy_amount"": 536346.4569978251, ""score_threshold"": -1.4727111288539159, ""score_scale"": 3.5494640312578585, ""w_drawdown"": 0.6091625231426556, ""w_rsi"": 2.531649658103165, ""w_ma_gap_25"": 3.4713121782144323, ""w_ret_5"": 2.905583046104512, ""w_trend"": -1.8013460900396543, ""w_vol"": 4.020622630911314, ""w_exposure"": 7.154071296158016, ""w_unrealized_loss"": 7.389840039155418, ""fixed_profit_yen"": 9159.714323193723, ""base_take_profit_pct"": 0.005465106502209649, ""min_take_profit_pct"": 0.005465106502209649, ""exposure_tp_sensitivity"": 0.3578203744424466, ""vol_tp_multiplier"": 1.5047434589046986}",-112001.28633845362,91178.49288558293,201587.63037957996,204771.92806849314,0
2025-12-01,"{""base_buy_amount"": 63239.47332279147, ""max_daily_buy_amount"": 536346.4569978251, ""score_threshold"": -1.4727111288539159, ""score_scale"": 3.5494640312578585, ""w_drawdown"": 0.6091625231426556, ""w_rsi"": 2.531649658103165, ""w_ma_gap_25"": 3.4713121782144323, ""w_ret_5"": 2.905583046104512, ""w_trend"": -1.8013460900396543, ""w_vol"": 4.020622630911314, ""w_exposure"": 7.154071296158016, ""w_unrealized_loss"": 7.389840039155418, ""fixed_profit_yen"": 9159.714323193723, ""base_take_profit_pct"": 0.005465106502209649, ""min_take_profit_pct"": 0.005465106502209649, ""exposure_tp_sensitivity"": 0.3578203744424466, ""vol_tp_multiplier"": 1.5047434589046986}",-111765.1883193929,91414.59090464319,201587.63037957903,204771.92806849314,0
2025-12-08,"{""base_buy_amount"": 63239.47332279147, ""max_daily_buy_amount"": 536346.4569978251, ""score_threshold"": -1.4727111288539159, ""score_scale"": 3.5494640312578585, ""w_drawdown"": 0.6091625231426556, ""w_rsi"": 2.531649658103165, ""w_ma_gap_25"": 3.4713121782144323, ""w_ret_5"": 2.905583046104512, ""w_trend"": -1.8013460900396543, ""w_vol"": 4.020622630911314, ""w_exposure"": 7.154071296158016, ""w_unrealized_loss"": 7.389840039155418, ""fixed_profit_yen"": 9159.714323193723, ""base_take_profit_pct"": 0.005465106502209649, ""min_take_profit_pct"": 0.005465106502209649, ""exposure_tp_sensitivity"": 0.3578203744424466, ""vol_tp_multiplier"": 1.5047434589046986}",-118650.198625255,84529.58059878155,201587.63037957996,204771.92806849314,0
2025-12-15,"{""base_buy_amount"": 63239.47332279147, ""max_daily_buy_amount"": 536346.4569978251, ""score_threshold"": -1.4727111288539159, ""score_scale"": 3.5494640312578585, ""w_drawdown"": 0.6091625231426556, ""w_rsi"": 2.531649658103165, ""w_ma_gap_25"": 3.4713121782144323, ""w_ret_5"": 2.905583046104512, ""w_trend"": -1.8013460900396543, ""w_vol"": 4.020622630911314, ""w_exposure"": 7.154071296158016, ""w_unrealized_loss"": 7.389840039155418, ""fixed_profit_yen"": 9159.714323193723, ""base_take_profit_pct"": 0.005465106502209649, ""min_take_profit_pct"": 0.005465106502209649, ""exposure_tp_sensitivity"": 0.3578203744424466, ""vol_tp_multiplier"": 1.5047434589046986}",-119790.57255018788,83389.20667384868,201587.63037957996,204771.92806849314,0
2025-12-22,"{""base_buy_amount"": 66944.94477813835, ""max_daily_buy_amount"": 307373.5938548964, ""score_threshold"": 1.3177144595309453, ""score_scale"": 4.085676897463228, ""w_drawdown"": 1.1632037098321684, ""w_rsi"": 2.6538479529952674, ""w_ma_gap_25"": 3.0300791035000545, ""w_ret_5"": 4.338694768880056, ""w_trend"": 0.618642944032354, ""w_vol"": 2.0628578463684017, ""w_exposure"": 3.741840434071827, ""w_unrealized_loss"": 4.258820863735099, ""fixed_profit_yen"": 33640.75820225879, ""base_take_profit_pct"": 0.026289737689065097, ""min_take_profit_pct"": 0.005085071938686698, ""exposure_tp_sensitivity"": 0.22305560665622232, ""vol_tp_multiplier"": 1.1833118149879058}",-123651.49429393202,80279.1194468076,203594.57167326007,204266.65580821916,0
2025-12-29,"{""base_buy_amount"": 66944.94477813835, ""max_daily_buy_amount"": 307373.5938548964, ""score_threshold"": 1.3177144595309453, ""score_scale"": 4.085676897463228, ""w_drawdown"": 1.1632037098321684, ""w_rsi"": 2.6538479529952674, ""w_ma_gap_25"": 3.0300791035000545, ""w_ret_5"": 4.338694768880056, ""w_trend"": 0.618642944032354, ""w_vol"": 2.0628578463684017, ""w_exposure"": 3.741840434071827, ""w_unrealized_loss"": 4.258820863735099, ""fixed_profit_yen"": 33640.75820225879, ""base_take_profit_pct"": 0.026289737689065097, ""min_take_profit_pct"": 0.005085071938686698, ""exposure_tp_sensitivity"": 0.22305560665622232, ""vol_tp_multiplier"": 1.1833118149879058}",-117092.63516936488,86837.97857137474,203594.57167326007,204266.65580821916,0
2026-01-08,"{""base_buy_amount"": 66944.94477813835, ""max_daily_buy_amount"": 307373.5938548964, ""score_threshold"": 1.3177144595309453, ""score_scale"": 4.085676897463228, ""w_drawdown"": 1.1632037098321684, ""w_rsi"": 2.6538479529952674, ""w_ma_gap_25"": 3.0300791035000545, ""w_ret_5"": 4.338694768880056, ""w_trend"": 0.618642944032354, ""w_vol"": 2.0628578463684017, ""w_exposure"": 3.741840434071827, ""w_unrealized_loss"": 4.258820863735099, ""fixed_profit_yen"": 33640.75820225879, ""base_take_profit_pct"": 0.026289737689065097, ""min_take_profit_pct"": 0.005085071938686698, ""exposure_tp_sensitivity"": 0.22305560665622232, ""vol_tp_multiplier"": 1.1833118149879058}",-116441.70776926627,87488.90597147334,203594.57167326007,204266.65580821916,0
2026-01-16,"{""base_buy_amount"": 66944.94477813835, ""max_daily_buy_amount"": 307373.5938548964, ""score_threshold"": 1.3177144595309453, ""score_scale"": 4.085676897463228, ""w_drawdown"": 1.1632037098321684, ""w_rsi"": 2.6538479529952674, ""w_ma_gap_25"": 3.0300791035000545, ""w_ret_5"": 4.338694768880056, ""w_trend"": 0.618642944032354, ""w_vol"": 2.0628578463684017, ""w_exposure"": 3.741840434071827, ""w_unrealized_loss"": 4.258820863735099, ""fixed_profit_yen"": 33640.75820225879, ""base_take_profit_pct"": 0.026289737689065097, ""min_take_profit_pct"": 0.005085071938686698, ""exposure_tp_sensitivity"": 0.22305560665622232, ""vol_tp_multiplier"": 1.1833118149879058}",-117834.8559936471,86095.75774709252,203594.57167326007,204266.65580821916,0
2026-01-23,"{""base_buy_amount"": 971324.3608702909, ""max_daily_buy_amount"": 1970698.3547200868, ""score_threshold"": -0.8470870180483789, ""score_scale"": 3.8018907384706226, ""w_drawdown"": 3.749917689676343, ""w_rsi"": 1.732464306565244, ""w_ma_gap_25"": 0.6193488743211051, ""w_ret_5"": 0.2047348014285988, ""w_trend"": 1.6640587651750716, ""w_vol"": 2.4484987090845296, ""w_exposure"": 9.855401694949261, ""w_unrealized_loss"": 4.649734561936531, ""fixed_profit_yen"": 48962.09801647049, ""base_take_profit_pct"": 0.013524128061433676, ""min_take_profit_pct"": 0.008143139355039755, ""exposure_tp_sensitivity"": 0.07633734508064886, ""vol_tp_multiplier"": 2.7773085506888195}",-47452.643034131266,1238234.4020361118,951075.2284966507,920298.8616438354,0
2026-01-30,"{""base_buy_amount"": 971324.3608702909, ""max_daily_buy_amount"": 1970698.3547200868, ""score_threshold"": -0.8470870180483789, ""score_scale"": 3.8018907384706226, ""w_drawdown"": 3.749917689676343, ""w_rsi"": 1.732464306565244, ""w_ma_gap_25"": 0.6193488743211051, ""w_ret_5"": 0.2047348014285988, ""w_trend"": 1.6640587651750716, ""w_vol"": 2.4484987090845296, ""w_exposure"": 9.855401694949261, ""w_unrealized_loss"": 4.649734561936531, ""fixed_profit_yen"": 48962.09801647049, ""base_take_profit_pct"": 0.013524128061433676, ""min_take_profit_pct"": 0.008143139355039755, ""exposure_tp_sensitivity"": 0.07633734508064886, ""vol_tp_multiplier"": 2.7773085506888195}",-61066.98913228733,1224849.5037305248,942355.0369174052,929477.948808219,0
2026-02-06,"{""base_buy_amount"": 971324.3608702909, ""max_daily_buy_amount"": 1970698.3547200868, ""score_threshold"": -0.8470870180483789, ""score_scale"": 3.8018907384706226, ""w_drawdown"": 3.749917689676343, ""w_rsi"": 1.732464306565244, ""w_ma_gap_25"": 0.6193488743211051, ""w_ret_5"": 0.2047348014285988, ""w_trend"": 1.6640587651750716, ""w_vol"": 2.4484987090845296, ""w_exposure"": 9.855401694949261, ""w_unrealized_loss"": 4.649734561936531, ""fixed_profit_yen"": 48962.09801647049, ""base_take_profit_pct"": 0.013524128061433676, ""min_take_profit_pct"": 0.008143139355039755, ""exposure_tp_sensitivity"": 0.07633734508064886, ""vol_tp_multiplier"": 2.7773085506888195}",-104559.36539084913,1189534.99751313,942188.2991230269,946000.4266849315,0
2026-02-16,"{""base_buy_amount"": 971324.3608702909, ""max_daily_buy_amount"": 1970698.3547200868, ""score_threshold"": -0.8470870180483789, ""score_scale"": 3.8018907384706226, ""w_drawdown"": 3.749917689676343, ""w_rsi"": 1.732464306565244, ""w_ma_gap_25"": 0.6193488743211051, ""w_ret_5"": 0.2047348014285988, ""w_trend"": 1.6640587651750716, ""w_vol"": 2.4484987090845296, ""w_exposure"": 9.855401694949261, ""w_unrealized_loss"": 4.649734561936531, ""fixed_profit_yen"": 48962.09801647049, ""base_take_profit_pct"": 0.013524128061433676, ""min_take_profit_pct"": 0.008143139355039755, ""exposure_tp_sensitivity"": 0.07633734508064886, ""vol_tp_multiplier"": 2.7773085506888195}",183965.1435971181,1432599.4328435133,908990.7915612836,888277.7869315068,0
2026-02-24,"{""base_buy_amount"": 971324.3608702909, ""max_daily_buy_amount"": 1970698.3547200868, ""score_threshold"": -0.8470870180483789, ""score_scale"": 3.8018907384706226, ""w_drawdown"": 3.749917689676343, ""w_rsi"": 1.732464306565244, ""w_ma_gap_25"": 0.6193488743211051, ""w_ret_5"": 0.2047348014285988, ""w_trend"": 1.6640587651750716, ""w_vol"": 2.4484987090845296, ""w_exposure"": 9.855401694949261, ""w_unrealized_loss"": 4.649734561936531, ""fixed_profit_yen"": 48962.09801647049, ""base_take_profit_pct"": 0.013524128061433676, ""min_take_profit_pct"": 0.008143139355039755, ""exposure_tp_sensitivity"": 0.07633734508064886, ""vol_tp_multiplier"": 2.7773085506888195}",-52279.6636503801,1401704.2047197078,926284.6329867514,881683.1037534245,0
2026-03-03,"{""base_buy_amount"": 971324.3608702909, ""max_daily_buy_amount"": 1970698.3547200868, ""score_threshold"": -0.8470870180483789, ""score_scale"": 3.8018907384706226, ""w_drawdown"": 3.749917689676343, ""w_rsi"": 1.732464306565244, ""w_ma_gap_25"": 0.6193488743211051, ""w_ret_5"": 0.2047348014285988, ""w_trend"": 1.6640587651750716, ""w_vol"": 2.4484987090845296, ""w_exposure"": 9.855401694949261, ""w_unrealized_loss"": 4.649734561936531, ""fixed_profit_yen"": 48962.09801647049, ""base_take_profit_pct"": 0.013524128061433676, ""min_take_profit_pct"": 0.008143139355039755, ""exposure_tp_sensitivity"": 0.07633734508064886, ""vol_tp_multiplier"": 2.7773085506888195}",259135.93425458344,1447303.5699945344,890352.8730552443,885982.3984246575,0
2026-03-10,"{""base_buy_amount"": 654587.925002388, ""max_daily_buy_amount"": 1187584.984921411, ""score_threshold"": -1.4194789813398012, ""score_scale"": 4.757110041011428, ""w_drawdown"": 1.5067131625735897, ""w_rsi"": 2.8900860790377108, ""w_ma_gap_25"": 3.498879722945331, ""w_ret_5"": 3.2461657762265443, ""w_trend"": 2.643566458173111, ""w_vol"": 0.74219494960029, ""w_exposure"": 5.083527384469421, ""w_unrealized_loss"": 4.04034390740766, ""fixed_profit_yen"": 25285.93028568305, ""base_take_profit_pct"": 0.0053380907335368495, ""min_take_profit_pct"": 0.002206851488854888, ""exposure_tp_sensitivity"": 0.25026799120313165, ""vol_tp_multiplier"": 1.5235230188041564}",854782.16455751,2567423.9476944963,1719521.4642328764,1705762.102041096,0
2026-03-17,"{""base_buy_amount"": 654587.925002388, ""max_daily_buy_amount"": 1187584.984921411, ""score_threshold"": -1.4194789813398012, ""score_scale"": 4.757110041011428, ""w_drawdown"": 1.5067131625735897, ""w_rsi"": 2.8900860790377108, ""w_ma_gap_25"": 3.498879722945331, ""w_ret_5"": 3.2461657762265443, ""w_trend"": 2.643566458173111, ""w_vol"": 0.74219494960029, ""w_exposure"": 5.083527384469421, ""w_unrealized_loss"": 4.04034390740766, ""fixed_profit_yen"": 25285.93028568305, ""base_take_profit_pct"": 0.0053380907335368495, ""min_take_profit_pct"": 0.002206851488854888, ""exposure_tp_sensitivity"": 0.25026799120313165, ""vol_tp_multiplier"": 1.5235230188041564}",1508264.6317190635,2653974.9761839006,1158343.9932173458,1133076.6957123284,0
2026-03-25,"{""base_buy_amount"": 654587.925002388, ""max_daily_buy_amount"": 1187584.984921411, ""score_threshold"": -1.4194789813398012, ""score_scale"": 4.757110041011428, ""w_drawdown"": 1.5067131625735897, ""w_rsi"": 2.8900860790377108, ""w_ma_gap_25"": 3.498879722945331, ""w_ret_5"": 3.2461657762265443, ""w_trend"": 2.643566458173111, ""w_vol"": 0.74219494960029, ""w_exposure"": 5.083527384469421, ""w_unrealized_loss"": 4.04034390740766, ""fixed_profit_yen"": 25285.93028568305, ""base_take_profit_pct"": 0.0053380907335368495, ""min_take_profit_pct"": 0.002206851488854888, ""exposure_tp_sensitivity"": 0.25026799120313165, ""vol_tp_multiplier"": 1.5235230188041564}",1117683.151085536,2250463.6164363637,1142014.0949619296,1123546.8357397257,0
2026-04-01,"{""base_buy_amount"": 576334.336362097, ""max_daily_buy_amount"": 306293.90815734275, ""score_threshold"": 0.6889603721592468, ""score_scale"": 1.7655520272755374, ""w_drawdown"": 3.297113173459509, ""w_rsi"": 3.634973071434413, ""w_ma_gap_25"": 3.843237459588285, ""w_ret_5"": 0.5387047297794828, ""w_trend"": 2.4960710708256473, ""w_vol"": 1.151069954474404, ""w_exposure"": 0.3741255617617978, ""w_unrealized_loss"": 5.548524693914834, ""fixed_profit_yen"": 20433.34734153462, ""base_take_profit_pct"": 0.025234112807707564, ""min_take_profit_pct"": 0.008274263248578717, ""exposure_tp_sensitivity"": 0.2854250035404438, ""vol_tp_multiplier"": 4.764496975348725}",988334.4176135666,1594523.9857368541,609876.9023972601,602502.233849315,0
2026-04-08,"{""base_buy_amount"": 654587.925002388, ""max_daily_buy_amount"": 1187584.984921411, ""score_threshold"": -1.4194789813398012, ""score_scale"": 4.757110041011428, ""w_drawdown"": 1.5067131625735897, ""w_rsi"": 2.8900860790377108, ""w_ma_gap_25"": 3.498879722945331, ""w_ret_5"": 3.2461657762265443, ""w_trend"": 2.643566458173111, ""w_vol"": 0.74219494960029, ""w_exposure"": 5.083527384469421, ""w_unrealized_loss"": 4.04034390740766, ""fixed_profit_yen"": 25285.93028568305, ""base_take_profit_pct"": 0.0053380907335368495, ""min_take_profit_pct"": 0.002206851488854888, ""exposure_tp_sensitivity"": 0.25026799120313165, ""vol_tp_multiplier"": 1.5235230188041564}",1601150.7283499045,2612792.0556307263,1012671.5270136986,1010611.1275479451,0
2026-04-15,"{""base_buy_amount"": 654587.925002388, ""max_daily_buy_amount"": 1187584.984921411, ""score_threshold"": -1.4194789813398012, ""score_scale"": 4.757110041011428, ""w_drawdown"": 1.5067131625735897, ""w_rsi"": 2.8900860790377108, ""w_ma_gap_25"": 3.498879722945331, ""w_ret_5"": 3.2461657762265443, ""w_trend"": 2.643566458173111, ""w_vol"": 0.74219494960029, ""w_exposure"": 5.083527384469421, ""w_unrealized_loss"": 4.04034390740766, ""fixed_profit_yen"": 25285.93028568305, ""base_take_profit_pct"": 0.0053380907335368495, ""min_take_profit_pct"": 0.002206851488854888, ""exposure_tp_sensitivity"": 0.25026799120313165, ""vol_tp_multiplier"": 1.5235230188041564}",2623939.8488930133,3478579.6327715283,891875.3465515506,817404.2212054791,0
2026-04-22,"{""base_buy_amount"": 654587.925002388, ""max_daily_buy_amount"": 1187584.984921411, ""score_threshold"": -1.4194789813398012, ""score_scale"": 4.757110041011428, ""w_drawdown"": 1.5067131625735897, ""w_rsi"": 2.8900860790377108, ""w_ma_gap_25"": 3.498879722945331, ""w_ret_5"": 3.2461657762265443, ""w_trend"": 2.643566458173111, ""w_vol"": 0.74219494960029, ""w_exposure"": 5.083527384469421, ""w_unrealized_loss"": 4.04034390740766, ""fixed_profit_yen"": 25285.93028568305, ""base_take_profit_pct"": 0.0053380907335368495, ""min_take_profit_pct"": 0.002206851488854888, ""exposure_tp_sensitivity"": 0.25026799120313165, ""vol_tp_multiplier"": 1.5235230188041564}",2489366.363083965,3344006.1469624797,891875.3465515496,817404.2212054791,0
2026-04-30,"{""base_buy_amount"": 654587.925002388, ""max_daily_buy_amount"": 1187584.984921411, ""score_threshold"": -1.4194789813398012, ""score_scale"": 4.757110041011428, ""w_drawdown"": 1.5067131625735897, ""w_rsi"": 2.8900860790377108, ""w_ma_gap_25"": 3.498879722945331, ""w_ret_5"": 3.2461657762265443, ""w_trend"": 2.643566458173111, ""w_vol"": 0.74219494960029, ""w_exposure"": 5.083527384469421, ""w_unrealized_loss"": 4.04034390740766, ""fixed_profit_yen"": 25285.93028568305, ""base_take_profit_pct"": 0.0053380907335368495, ""min_take_profit_pct"": 0.002206851488854888, ""exposure_tp_sensitivity"": 0.25026799120313165, ""vol_tp_multiplier"": 1.5235230188041564}",2426842.333809536,3281482.1176880505,891875.3465515496,817404.2212054791,0
2026-05-12,"{""base_buy_amount"": 654587.925002388, ""max_daily_buy_amount"": 1187584.984921411, ""score_threshold"": -1.4194789813398012, ""score_scale"": 4.757110041011428, ""w_drawdown"": 1.5067131625735897, ""w_rsi"": 2.8900860790377108, ""w_ma_gap_25"": 3.498879722945331, ""w_ret_5"": 3.2461657762265443, ""w_trend"": 2.643566458173111, ""w_vol"": 0.74219494960029, ""w_exposure"": 5.083527384469421, ""w_unrealized_loss"": 4.04034390740766, ""fixed_profit_yen"": 25285.93028568305, ""base_take_profit_pct"": 0.0053380907335368495, ""min_take_profit_pct"": 0.002206851488854888, ""exposure_tp_sensitivity"": 0.25026799120313165, ""vol_tp_multiplier"": 1.5235230188041564}",2375292.870019801,3229932.6538983155,891875.3465515496,817404.2212054791,0
2026-05-19,"{""base_buy_amount"": 654587.925002388, ""max_daily_buy_amount"": 1187584.984921411, ""score_threshold"": -1.4194789813398012, ""score_scale"": 4.757110041011428, ""w_drawdown"": 1.5067131625735897, ""w_rsi"": 2.8900860790377108, ""w_ma_gap_25"": 3.498879722945331, ""w_ret_5"": 3.2461657762265443, ""w_trend"": 2.643566458173111, ""w_vol"": 0.74219494960029, ""w_exposure"": 5.083527384469421, ""w_unrealized_loss"": 4.04034390740766, ""fixed_profit_yen"": 25285.93028568305, ""base_take_profit_pct"": 0.0053380907335368495, ""min_take_profit_pct"": 0.002206851488854888, ""exposure_tp_sensitivity"": 0.25026799120313165, ""vol_tp_multiplier"": 1.5235230188041564}",2327203.08643076,3181842.8703092746,891875.3465515496,817404.2212054791,0
2026-05-26,"{""base_buy_amount"": 654587.925002388, ""max_daily_buy_amount"": 1187584.984921411, ""score_threshold"": -1.4194789813398012, ""score_scale"": 4.757110041011428, ""w_drawdown"": 1.5067131625735897, ""w_rsi"": 2.8900860790377108, ""w_ma_gap_25"": 3.498879722945331, ""w_ret_5"": 3.2461657762265443, ""w_trend"": 2.643566458173111, ""w_vol"": 0.74219494960029, ""w_exposure"": 5.083527384469421, ""w_unrealized_loss"": 4.04034390740766, ""fixed_profit_yen"": 25285.93028568305, ""base_take_profit_pct"": 0.0053380907335368495, ""min_take_profit_pct"": 0.002206851488854888, ""exposure_tp_sensitivity"": 0.25026799120313165, ""vol_tp_multiplier"": 1.5235230188041564}",2609856.868077897,3464496.6519564115,891875.3465515496,817404.2212054791,0
2026-06-02,"{""base_buy_amount"": 654587.925002388, ""max_daily_buy_amount"": 1187584.984921411, ""score_threshold"": -1.4194789813398012, ""score_scale"": 4.757110041011428, ""w_drawdown"": 1.5067131625735897, ""w_rsi"": 2.8900860790377108, ""w_ma_gap_25"": 3.498879722945331, ""w_ret_5"": 3.2461657762265443, ""w_trend"": 2.643566458173111, ""w_vol"": 0.74219494960029, ""w_exposure"": 5.083527384469421, ""w_unrealized_loss"": 4.04034390740766, ""fixed_profit_yen"": 25285.93028568305, ""base_take_profit_pct"": 0.0053380907335368495, ""min_take_profit_pct"": 0.002206851488854888, ""exposure_tp_sensitivity"": 0.25026799120313165, ""vol_tp_multiplier"": 1.5235230188041564}",2592258.7585067353,3446898.54238525,891875.3465515496,817404.2212054791,0
