date,side,shares,price,value,lot_id,realized_pnl_before_tax,realized_pnl_after_tax,reason,event_type
2014-10-27,BUY,2,5166.032999999999,10332.065999999999,0,0.0,0.0,buy_signal,buy
2014-10-28,BUY,4,5126.025,20504.1,1,0.0,0.0,buy_signal,buy
2014-10-29,BUY,2,5176.035,10352.07,2,0.0,0.0,buy_signal,buy
2014-10-30,SELL,4,5293.941,21175.764,1,668.4789041095897,532.6774147397266,take_profit,take_profit
2014-10-30,BUY,1,5296.059,5296.059,3,0.0,0.0,buy_signal,buy
2014-10-31,SELL,2,5453.909000000001,10907.818000000001,0,572.5484931506871,456.23526676712504,take_profit,take_profit
2014-10-31,SELL,2,5453.909000000001,10907.818000000001,2,554.1193972602754,441.55004170685044,take_profit,take_profit
2014-11-04,SELL,1,6363.727,6363.727,3,1066.8072876712326,850.0853871808217,take_profit,take_profit
2014-12-10,BUY,1,6721.344,6721.344,4,0.0,0.0,buy_signal,buy
2014-12-11,BUY,13,6376.275,82891.575,5,0.0,0.0,buy_signal,buy
2014-12-12,BUY,22,6501.3,143028.6,6,0.0,0.0,buy_signal,buy
2014-12-15,BUY,18,6331.266,113962.788,7,0.0,0.0,buy_signal,buy
2014-12-16,BUY,29,6141.228,178095.612,8,0.0,0.0,buy_signal,buy
2014-12-17,BUY,32,6021.204,192678.528,9,0.0,0.0,buy_signal,buy
2014-12-18,SELL,32,6398.72,204759.04,9,12065.439561643852,9614.345514695904,take_profit,take_profit
2014-12-18,BUY,29,6401.28,185637.12,10,0.0,0.0,buy_signal,buy
2014-12-19,SELL,29,6643.671,192666.459,8,14529.490616438365,11577.82459770891,take_profit,take_profit
2014-12-19,BUY,11,6646.329,73109.61899999999,11,0.0,0.0,buy_signal,buy
2014-12-22,SELL,13,6738.652,87602.476,5,4666.383301369861,3718.407533696574,take_profit,take_profit
2014-12-22,SELL,22,6738.652,148250.344,6,5157.308712328773,4109.601447419183,take_profit,take_profit
2014-12-22,SELL,18,6738.652,121295.736,7,7289.279506849319,5808.462375032879,take_profit,take_profit
2014-12-22,SELL,29,6738.652,195420.908,10,9754.667232876713,7773.006584517809,take_profit,take_profit
2014-12-22,BUY,1,6741.348,6741.348,12,0.0,0.0,buy_signal,buy
2014-12-24,BUY,1,6866.373,6866.373,13,0.0,0.0,buy_signal,buy
2014-12-25,SELL,1,6838.6320000000005,6838.6320000000005,4,112.31780821917854,89.50044547945242,take_profit,take_profit
2014-12-25,SELL,11,6838.6320000000005,75224.952,11,2098.228452054808,1671.9733420198736,take_profit,take_profit
2014-12-25,SELL,1,6838.6320000000005,6838.6320000000005,12,96.24301369863069,76.69124546575387,take_profit,take_profit
2014-12-30,BUY,2,6791.358,13582.716,14,0.0,0.0,buy_signal,buy
2015-01-05,BUY,11,6511.302,71624.322,15,0.0,0.0,buy_signal,buy
2015-01-06,BUY,17,6291.258,106951.386,16,0.0,0.0,buy_signal,buy
2015-01-07,BUY,31,6081.215999999999,188517.696,17,0.0,0.0,buy_signal,buy
2015-01-08,BUY,30,6281.256,188437.68000000002,18,0.0,0.0,buy_signal,buy
2015-01-09,SELL,31,6473.705,200684.855,17,12137.385410958917,9671.675564722613,take_profit,take_profit
2015-01-09,BUY,20,6476.295,129525.9,19,0.0,0.0,buy_signal,buy
2015-01-13,BUY,15,6181.236,92718.54,20,0.0,0.0,buy_signal,buy
2015-01-14,BUY,19,6201.24,117823.56,21,0.0,0.0,buy_signal,buy
2015-01-15,BUY,24,6116.223,146789.352,22,0.0,0.0,buy_signal,buy
2015-01-16,BUY,5,6056.211,30281.055,23,0.0,0.0,buy_signal,buy
2015-01-19,BUY,20,6226.245,124524.9,24,0.0,0.0,buy_signal,buy
2015-01-20,SELL,5,6268.746,31343.73,23,1057.943767123287,843.0224908321912,take_profit,take_profit
2015-01-20,BUY,10,6271.254,62712.54,25,0.0,0.0,buy_signal,buy
2015-01-21,SELL,17,6433.713,109373.121,16,2340.182506849316,1864.7744305828774,take_profit,take_profit
2015-01-21,SELL,30,6433.713,193011.38999999998,18,4458.158219178045,3552.4833769520255,take_profit,take_profit
2015-01-21,SELL,15,6433.713,96505.69499999999,20,3744.0330821917796,2983.4327615445195,take_profit,take_profit
2015-01-21,SELL,19,6433.713,122240.54699999999,21,4371.533794520542,3483.4567041636938,take_profit,take_profit
2015-01-21,SELL,24,6433.713,154409.112,22,7573.511671232857,6034.952775221902,take_profit,take_profit
2015-01-21,SELL,20,6433.713,128674.26,24,4129.859726027398,3290.878722684932,take_profit,take_profit
2015-01-21,SELL,10,6433.713,64337.13,25,1619.6152054794486,1290.5903764862987,take_profit,take_profit
2015-01-22,BUY,1,6441.288,6441.288,26,0.0,0.0,buy_signal,buy
2015-01-23,BUY,3,6591.318,19773.954,27,0.0,0.0,buy_signal,buy
2015-01-27,BUY,1,6681.336,6681.336,28,0.0,0.0,buy_signal,buy
2015-01-28,SELL,11,6658.668000000001,73245.34800000001,15,1535.0940000000126,1223.2396539000101,take_profit,take_profit
2015-01-28,SELL,20,6658.668000000001,133173.36000000002,19,3529.9213698630347,2812.8178435753593,take_profit,take_profit
2015-01-28,SELL,1,6658.668000000001,6658.668000000001,26,215.35901369863114,171.60883006575423,take_profit,take_profit
2015-01-28,SELL,3,6658.668000000001,19976.004,27,197.470273972602,157.35418781506792,take_profit,take_profit
2015-01-29,SELL,1,6688.662,6688.662,28,6.284246575342488,5.007601883561661,take_profit,take_profit
2015-01-30,BUY,1,6786.357,6786.357,29,0.0,0.0,buy_signal,buy
2015-02-02,BUY,1,6606.321,6606.321,30,0.0,0.0,buy_signal,buy
2015-02-03,BUY,3,6696.339,20089.017,31,0.0,0.0,buy_signal,buy
2015-02-04,BUY,14,6631.326,92838.564,32,0.0,0.0,buy_signal,buy
2015-02-05,BUY,3,6656.331,19968.993000000002,33,0.0,0.0,buy_signal,buy
2015-02-06,BUY,5,6716.343,33581.715,34,0.0,0.0,buy_signal,buy
2015-02-09,BUY,2,6786.357,13572.714,35,0.0,0.0,buy_signal,buy
2015-02-10,BUY,1,6676.335,6676.335,36,0.0,0.0,buy_signal,buy
2015-02-12,BUY,1,6871.374,6871.374,37,0.0,0.0,buy_signal,buy
2015-02-13,SELL,2,6878.624,13757.248,14,146.61715068493075,116.83187652328706,take_profit,take_profit
2015-02-13,SELL,1,6878.624,6878.624,29,87.65889041095873,69.85098682397246,take_profit,take_profit
2015-02-13,SELL,1,6878.624,6878.624,30,268.21039726027385,213.72345505684922,take_profit,take_profit
2015-02-13,SELL,3,6878.624,20635.872,31,536.1006986301365,427.1918417034243,take_profit,take_profit
2015-02-13,SELL,14,6878.624,96300.736,32,3418.9123835616497,2724.3603328411004,take_profit,take_profit
2015-02-13,SELL,3,6878.624,20635.872,33,659.1498493150657,525.2435574267101,take_profit,take_profit
2015-02-13,SELL,5,6878.624,34393.119999999995,34,801.0488356164371,638.3157646609579,take_profit,take_profit
2015-02-13,SELL,2,6878.624,13757.248,35,181.4156438356161,144.56105579041068,take_profit,take_profit
2015-02-13,SELL,1,6878.624,6878.624,36,201.24532876712306,160.36234022808202,take_profit,take_profit
2015-02-19,SELL,1,7128.5740000000005,7128.5740000000005,13,244.00445205479545,194.43494761986375,take_profit,take_profit
2015-02-19,SELL,1,7128.5740000000005,7128.5740000000005,37,254.530027397261,202.82225233150743,take_profit,take_profit
2015-03-05,BUY,1,7481.496,7481.496,38,0.0,0.0,buy_signal,buy
2015-03-06,BUY,2,7601.5199999999995,15203.039999999999,39,0.0,0.0,buy_signal,buy
2015-03-09,SELL,1,7643.4710000000005,7643.4710000000005,38,160.80436986301407,128.13696212534276,take_profit,take_profit
2015-03-09,SELL,2,7643.4710000000005,15286.942000000001,39,82.71832876712514,65.91410027808367,take_profit,take_profit
2015-03-09,BUY,1,7646.5289999999995,7646.5289999999995,40,0.0,0.0,buy_signal,buy
2015-03-10,BUY,3,7646.5289999999995,22939.587,41,0.0,0.0,buy_signal,buy
2015-03-11,BUY,6,7396.479,44378.874,42,0.0,0.0,buy_signal,buy
2015-03-12,SELL,6,7563.487,45380.922,42,998.5890410958856,795.7256773972565,take_profit,take_profit
2015-03-12,BUY,4,7566.513,30266.052,43,0.0,0.0,buy_signal,buy
2015-03-13,SELL,4,7853.429,31413.716,43,1145.2889863013706,912.6235287342472,take_profit,take_profit
2015-03-13,BUY,1,7856.571,7856.571,44,0.0,0.0,buy_signal,buy
2015-03-16,SELL,1,7928.414,7928.414,40,278.95190410958924,222.2828247897262,take_profit,take_profit
2015-03-16,SELL,3,7928.414,23785.242,41,838.5978493150674,668.2366962267115,take_profit,take_profit
2015-03-18,SELL,1,8073.385,8073.385,44,214.97252054794552,171.30085299863038,take_profit,take_profit
2015-03-27,BUY,3,8141.628,24424.884,45,0.0,0.0,buy_signal,buy
2015-03-30,BUY,10,8056.611,80566.11,46,0.0,0.0,buy_signal,buy
2015-03-31,BUY,8,8296.659,66373.272,47,0.0,0.0,buy_signal,buy
2015-04-01,BUY,14,7976.595,111672.33,48,0.0,0.0,buy_signal,buy
2015-04-02,BUY,20,7906.581,158131.62,49,0.0,0.0,buy_signal,buy
2015-04-03,SELL,20,8063.387000000001,161267.74000000002,49,3123.753972602764,2489.1633530685126,take_profit,take_profit
2015-04-03,BUY,6,8066.612999999999,48399.678,50,0.0,0.0,buy_signal,buy
2015-04-06,SELL,14,8038.392,112537.488,48,839.3074794520506,668.8021650013666,take_profit,take_profit
2015-04-06,BUY,3,8041.608,24124.824,51,0.0,0.0,buy_signal,buy
2015-04-07,BUY,5,8251.65,41258.25,52,0.0,0.0,buy_signal,buy
2015-04-08,SELL,3,8413.317000000001,25239.951,45,800.1667808219205,637.6128992979474,take_profit,take_profit
2015-04-08,SELL,10,8413.317000000001,84133.17000000001,46,3523.560273972615,2807.7490043150783,take_profit,take_profit
2015-04-08,SELL,6,8413.317000000001,50479.902,50,2068.8920547945227,1648.5966338630153,take_profit,take_profit
2015-04-08,SELL,3,8413.317000000001,25239.951,51,1111.3389452054798,885.5704384869866,take_profit,take_profit
2015-04-08,BUY,1,8416.682999999999,8416.682999999999,53,0.0,0.0,buy_signal,buy
2015-04-09,SELL,8,8518.296,68146.368,47,1738.102904109594,1385.00729913973,take_profit,take_profit
2015-04-09,SELL,5,8518.296,42591.48,52,1326.786164383565,1057.2495550890437,take_profit,take_profit
2015-04-10,SELL,1,8638.272,8638.272,53,220.28143835616615,175.531264154111,take_profit,take_profit
2015-04-14,BUY,1,8486.697,8486.697,54,0.0,0.0,buy_signal,buy
2015-04-15,BUY,1,8511.702,8511.702,55,0.0,0.0,buy_signal,buy
2015-04-16,BUY,3,8521.704,25565.112,56,0.0,0.0,buy_signal,buy
2015-04-17,BUY,4,8486.697,33946.788,57,0.0,0.0,buy_signal,buy
2015-04-20,BUY,10,8251.65,82516.5,58,0.0,0.0,buy_signal,buy
2015-04-21,BUY,11,8401.68,92418.48000000001,59,0.0,0.0,buy_signal,buy
2015-04-22,SELL,10,8633.273000000001,86332.73000000001,58,3803.28095890412,3030.644432102748,take_profit,take_profit
2015-04-22,SELL,11,8633.273000000001,94966.00300000001,59,2540.303986301371,2024.2412314842475,take_profit,take_profit
2015-04-22,BUY,3,8636.726999999999,25910.180999999997,60,0.0,0.0,buy_signal,buy
2015-04-23,SELL,1,8838.232,8838.232,54,346.96141095890397,276.4762003226026,take_profit,take_profit
2015-04-23,SELL,1,8838.232,8838.232,55,322.6134520547952,257.07452926986355,take_profit,take_profit
2015-04-23,SELL,3,8838.232,26514.696,56,939.7962739726016,748.8766609150676,take_profit,take_profit
2015-04-23,SELL,4,8838.232,35352.928,57,1395.713260273972,1112.1741114493148,take_profit,take_profit
2015-04-23,BUY,1,8841.768,8841.768,61,0.0,0.0,buy_signal,buy
2015-04-24,SELL,3,8748.25,26244.75,60,330.5266438356196,263.3801561404135,take_profit,take_profit
2015-04-24,BUY,1,8751.75,8751.75,62,0.0,0.0,buy_signal,buy
2015-04-27,BUY,2,8701.74,17403.48,63,0.0,0.0,buy_signal,buy
2015-04-28,BUY,2,8701.74,17403.48,64,0.0,0.0,buy_signal,buy
2015-04-30,BUY,3,8451.69,25355.07,65,0.0,0.0,buy_signal,buy
2015-05-01,BUY,20,8226.645,164532.90000000002,66,0.0,0.0,buy_signal,buy
2015-05-07,BUY,20,8076.615,161532.3,67,0.0,0.0,buy_signal,buy
2015-05-08,BUY,23,8086.617,185992.191,68,0.0,0.0,buy_signal,buy
2015-05-11,BUY,20,8316.663,166333.26,69,0.0,0.0,buy_signal,buy
2015-05-12,SELL,20,8258.348,165166.96,67,3597.186027397264,2866.41768593151,take_profit,take_profit
2015-05-12,SELL,23,8258.348,189942.004,68,3920.8682876712273,3124.3438950308173,take_profit,take_profit
2015-05-12,BUY,11,8261.652,90878.172,70,0.0,0.0,buy_signal,buy
2015-05-13,BUY,7,8241.648,57691.53599999999,71,0.0,0.0,buy_signal,buy
2015-05-14,SELL,20,8323.335000000001,166466.7,66,1858.0465753424542,1480.5844135616346,take_profit,take_profit
2015-05-14,SELL,11,8323.335000000001,91556.68500000001,70,664.4082876712391,529.4337440308269,take_profit,take_profit
2015-05-14,SELL,7,8323.335000000001,58263.34500000001,71,567.2875753424814,452.0431044116563,take_profit,take_profit
2015-05-14,BUY,4,8326.664999999999,33306.659999999996,72,0.0,0.0,buy_signal,buy
2015-05-15,BUY,8,8356.671,66853.368,73,0.0,0.0,buy_signal,buy
2015-05-18,BUY,4,8396.679,33586.716,74,0.0,0.0,buy_signal,buy
2015-05-19,SELL,20,8583.283,171665.65999999997,69,5255.511232876677,4187.85412591778,take_profit,take_profit
2015-05-19,SELL,4,8583.283,34333.132,72,1018.7670136986317,811.8044948657547,take_profit,take_profit
2015-05-19,SELL,8,8583.283,68666.264,73,1802.5490410958837,1436.361203397255,take_profit,take_profit
2015-05-19,BUY,2,8586.717,17173.434,75,0.0,0.0,buy_signal,buy
2015-05-20,SELL,3,8748.25,26244.75,65,868.6535342465756,692.1865687643838,take_profit,take_profit
2015-05-20,SELL,4,8748.25,34993.0,74,1401.0184657534244,1116.4015644356161,take_profit,take_profit
2015-05-20,BUY,1,8751.75,8751.75,76,0.0,0.0,buy_signal,buy
2015-05-21,SELL,2,8798.24,17596.48,75,420.36950684931355,334.9714415328755,take_profit,take_profit
2015-05-25,SELL,2,8898.22,17796.44,63,372.2376986301361,296.6176101534239,take_profit,take_profit
2015-05-25,SELL,2,8898.22,17796.44,64,373.5579178082183,297.66962680547874,take_profit,take_profit
2015-05-26,SELL,1,8973.205,8973.205,62,209.74179452054787,167.13274896369856,take_profit,take_profit
2015-05-26,SELL,1,8973.205,8973.205,76,218.7420684931506,174.30461727876707,take_profit,take_profit
2015-05-27,SELL,1,8928.214,8928.214,61,73.36578082191772,58.46152244794514,take_profit,take_profit
2015-06-02,BUY,1,9141.828,9141.828,77,0.0,0.0,buy_signal,buy
2015-06-03,BUY,2,8996.798999999999,17993.597999999998,78,0.0,0.0,buy_signal,buy
2015-06-04,BUY,3,9091.818,27275.453999999998,79,0.0,0.0,buy_signal,buy
2015-06-05,BUY,5,8976.795,44883.975,80,0.0,0.0,buy_signal,buy
2015-06-08,BUY,5,9086.817,45434.08499999999,81,0.0,0.0,buy_signal,buy
2015-06-09,BUY,6,8886.777,53320.662,82,0.0,0.0,buy_signal,buy
2015-06-10,BUY,16,8711.742,139387.872,83,0.0,0.0,buy_signal,buy
2015-06-11,BUY,17,8766.753,149034.801,84,0.0,0.0,buy_signal,buy
2015-06-12,SELL,16,8958.208,143331.328,83,3921.8844931506906,3125.1536583671277,take_profit,take_profit
2015-06-12,SELL,17,8958.208,152289.53600000002,84,3243.1023424657687,2584.266101593848,take_profit,take_profit
2015-06-12,BUY,5,8961.792,44808.96,85,0.0,0.0,buy_signal,buy
2015-06-15,BUY,6,8786.757,52720.542,86,0.0,0.0,buy_signal,buy
2015-06-16,SELL,6,8868.226,53209.356,86,484.70835616438205,386.23985360958784,take_profit,take_profit
2015-06-16,BUY,7,8871.774,62102.418,87,0.0,0.0,buy_signal,buy
2015-06-17,BUY,7,8851.77,61962.39,88,0.0,0.0,buy_signal,buy
2015-06-18,BUY,8,8756.751,70054.008,89,0.0,0.0,buy_signal,buy
2015-06-19,BUY,19,8706.741,165428.079,90,0.0,0.0,buy_signal,buy
2015-06-22,BUY,12,8726.744999999999,104720.93999999999,91,0.0,0.0,buy_signal,buy
2015-06-23,SELL,8,9048.19,72385.52,89,2315.3962739726053,1845.0235209150705,take_profit,take_profit
2015-06-23,SELL,19,9048.19,171915.61000000002,90,6461.769082191798,5149.0606931445345,take_profit,take_profit
2015-06-23,SELL,12,9048.19,108578.28,91,3849.1056986301483,3067.1598759534336,take_profit,take_profit
2015-06-23,BUY,4,9051.81,36207.24,92,0.0,0.0,buy_signal,buy
2015-06-24,SELL,2,9343.131,18686.262,78,672.2178630136993,535.6568041424663,take_profit,take_profit
2015-06-24,SELL,3,9343.131,28029.392999999996,79,725.3444794520533,577.9907484513686,take_profit,take_profit
2015-06-24,SELL,5,9343.131,46715.655,80,1787.4821917808222,1424.3551845205482,take_profit,take_profit
2015-06-24,SELL,5,9343.131,46715.655,81,1240.8261643835685,988.7523290890466,take_profit,take_profit
2015-06-24,SELL,6,9343.131,56058.78599999999,82,2693.3715616438317,2146.213128895887,take_profit,take_profit
2015-06-24,SELL,5,9343.131,46715.655,85,1879.4774657534244,1497.6616185856162,take_profit,take_profit
2015-06-24,SELL,7,9343.131,65401.916999999994,87,3270.9823424657498,2606.4822795938326,take_profit,take_profit
2015-06-24,SELL,7,9343.131,65401.916999999994,88,3415.7385068493095,2721.8312291828724,take_profit,take_profit
2015-06-24,SELL,4,9343.131,37372.524,92,1162.4410410958901,926.2911435972601,take_profit,take_profit
2015-06-25,SELL,1,9263.147,9263.147,77,109.68327397260407,87.40111686506955,take_profit,take_profit
2015-06-29,BUY,1,8801.76,8801.76,93,0.0,0.0,buy_signal,buy
2015-06-30,BUY,18,8731.746,157171.42799999999,94,0.0,0.0,buy_signal,buy
2015-07-01,BUY,16,8821.764,141148.224,95,0.0,0.0,buy_signal,buy
2015-07-02,SELL,18,9043.191,162777.43800000002,94,5581.610876712367,4447.706627108249,take_profit,take_profit
2015-07-02,BUY,12,9046.809,108561.70799999998,96,0.0,0.0,buy_signal,buy
2015-07-03,SELL,1,8973.205,8973.205,93,168.73130136986273,134.4535374965751,take_profit,take_profit
2015-07-03,SELL,16,8973.205,143571.28,95,2401.085589041107,1913.305051627406,take_profit,take_profit
2015-07-03,BUY,5,8976.795,44883.975,97,0.0,0.0,buy_signal,buy
2015-07-06,BUY,5,8761.752,43808.76,98,0.0,0.0,buy_signal,buy
2015-07-07,BUY,11,8876.775,97644.525,99,0.0,0.0,buy_signal,buy
2015-07-08,BUY,4,8826.765,35307.06,100,0.0,0.0,buy_signal,buy
2015-07-09,BUY,22,8031.606,176695.332,101,0.0,0.0,buy_signal,buy
2015-07-10,SELL,22,8393.321,184653.062,101,7943.536684931517,6329.807207387679,take_profit,take_profit
2015-07-10,BUY,20,8396.679,167933.58000000002,102,0.0,0.0,buy_signal,buy
2015-07-13,BUY,20,8501.699999999999,170033.99999999997,103,0.0,0.0,buy_signal,buy
2015-07-14,SELL,20,8848.23,176964.59999999998,102,9004.899452054755,7175.554128369831,take_profit,take_profit
2015-07-14,BUY,5,8851.77,44258.850000000006,104,0.0,0.0,buy_signal,buy
2015-07-15,SELL,20,8938.212,178764.24,103,8703.38301369865,6935.29075446577,take_profit,take_profit
2015-07-15,BUY,2,8941.788,17883.576,105,0.0,0.0,buy_signal,buy
2015-07-16,SELL,5,9048.19,45240.950000000004,98,1405.651369863016,1120.0932940753444,take_profit,take_profit
2015-07-17,SELL,11,9103.179,100134.969,99,2431.729917808222,1937.7239850054818,take_profit,take_profit
2015-07-17,SELL,4,9103.179,36412.716,100,1087.0333150684958,866.2024971123309,take_profit,take_profit
2015-07-17,SELL,5,9103.179,45515.895000000004,104,1246.7310273972585,993.4576191815054,take_profit,take_profit
2015-07-22,SELL,12,9113.177,109358.124,96,690.8061369863134,550.4688702575438,take_profit,take_profit
2015-07-22,SELL,5,9113.177,45565.884999999995,97,641.3656164383524,511.0721914589011,take_profit,take_profit
2015-07-22,SELL,2,9113.177,18226.354,105,337.19104109588886,268.690681097259,take_profit,take_profit
2015-07-23,BUY,1,9141.828,9141.828,106,0.0,0.0,buy_signal,buy
2015-07-24,BUY,1,9066.813,9066.813,107,0.0,0.0,buy_signal,buy
2015-07-27,BUY,3,8886.777,26660.331,108,0.0,0.0,buy_signal,buy
2015-07-28,BUY,8,8686.737,69493.896,109,0.0,0.0,buy_signal,buy
2015-07-29,SELL,8,8828.234,70625.872,109,1126.547835616448,897.6896428109667,take_profit,take_profit
2015-07-29,BUY,12,8831.766,105981.192,110,0.0,0.0,buy_signal,buy
2015-07-30,BUY,10,8931.786,89317.86,111,0.0,0.0,buy_signal,buy
2015-07-31,SELL,12,8973.205,107678.45999999999,110,1680.891452054791,1339.4183535698603,take_profit,take_profit
2015-07-31,BUY,4,8976.795,35907.18,112,0.0,0.0,buy_signal,buy
2015-08-03,BUY,2,9001.8,18003.6,113,0.0,0.0,buy_signal,buy
2015-08-04,BUY,2,8926.785,17853.57,114,0.0,0.0,buy_signal,buy
2015-08-05,BUY,2,8961.792,17923.584,115,0.0,0.0,buy_signal,buy
2015-08-06,SELL,3,9203.159,27609.477,108,932.6727945205486,743.2003163136991,take_profit,take_profit
2015-08-06,SELL,10,9203.159,92031.59,111,2679.1365753424616,2134.8699800616405,take_profit,take_profit
2015-08-06,SELL,2,9203.159,18406.318,114,549.9786849315065,438.2505150876709,take_profit,take_profit
2015-08-06,BUY,1,9206.841,9206.841,116,0.0,0.0,buy_signal,buy
2015-08-07,SELL,4,9078.184000000001,36312.736000000004,112,391.68334246575756,312.1128714438389,take_profit,take_profit
2015-08-07,SELL,2,9078.184000000001,18156.368000000002,115,229.99243835616767,183.2694745041122,take_profit,take_profit
2015-08-07,BUY,4,9081.815999999999,36327.263999999996,117,0.0,0.0,buy_signal,buy
2015-08-10,SELL,2,9073.185,18146.37,113,135.81142465753467,108.2213337383565,take_profit,take_profit
2015-08-10,BUY,3,9076.815,27230.445,118,0.0,0.0,buy_signal,buy
2015-08-11,SELL,1,9328.134,9328.134,107,253.0264794520547,201.6241501513698,take_profit,take_profit
2015-08-11,SELL,4,9328.134,37312.536,117,979.6229041095935,780.6125111397296,take_profit,take_profit
2015-08-11,SELL,3,9328.134,27984.402000000002,118,751.8328356164405,599.0979950609607,take_profit,take_profit
2015-08-11,BUY,2,9331.866,18663.732,119,0.0,0.0,buy_signal,buy
2015-08-12,BUY,4,9096.819,36387.276,120,0.0,0.0,buy_signal,buy
2015-08-13,BUY,14,8896.779,124554.906,121,0.0,0.0,buy_signal,buy
2015-08-14,SELL,14,8973.205,125624.87,121,1060.244547945198,844.8558680301311,take_profit,take_profit
2015-08-14,BUY,7,8976.795,62837.565,122,0.0,0.0,buy_signal,buy
2015-08-17,BUY,10,9051.81,90518.09999999999,123,0.0,0.0,buy_signal,buy
2015-08-18,BUY,8,9086.817,72694.536,124,0.0,0.0,buy_signal,buy
2015-08-19,BUY,73,8946.789,653115.5970000001,125,0.0,0.0,buy_signal,buy
2015-08-20,BUY,75,8701.74,652630.5,126,0.0,0.0,buy_signal,buy
2015-08-21,BUY,79,8261.652,652670.508,127,0.0,0.0,buy_signal,buy
2015-08-24,BUY,84,7746.549,650710.116,128,0.0,0.0,buy_signal,buy
2015-08-25,BUY,94,6901.38,648729.72,129,0.0,0.0,buy_signal,buy
2015-08-26,BUY,14,6736.347,94308.858,130,0.0,0.0,buy_signal,buy
2015-08-27,SELL,14,7428.514,103999.196,130,9682.664465753429,7715.63117953562,take_profit,take_profit
2015-08-27,BUY,13,7431.486,96609.318,131,0.0,0.0,buy_signal,buy
2015-08-28,SELL,94,7623.475,716606.65,129,67724.23794520553,53966.05900663703,take_profit,take_profit
2015-08-28,BUY,13,7626.525,99144.825,132,0.0,0.0,buy_signal,buy
2015-08-31,BUY,13,7631.526,99209.838,133,0.0,0.0,buy_signal,buy
2015-09-01,BUY,13,7411.482,96349.266,134,0.0,0.0,buy_signal,buy
2015-09-09,BUY,1,6851.37,6851.37,135,0.0,0.0,buy_signal,buy
2015-10-26,SELL,1,7623.475,7623.475,135,756.7966712328772,603.0534274719182,take_profit,take_profit
2015-11-09,SELL,13,7943.411,103264.343,131,6325.03157534246,5040.10141081164,take_profit,take_profit
2015-11-09,SELL,13,7943.411,103264.343,134,6607.561821917799,5265.235637795198,take_profit,take_profit
2015-11-10,SELL,84,7958.408,668506.272,128,15474.796438356123,12331.091541904076,take_profit,take_profit
2015-11-10,SELL,13,7958.408,103459.304,132,3983.6678219178148,3174.3857038952106,take_profit,take_profit
2015-11-10,SELL,13,7958.408,103459.304,133,3926.3736164383563,3128.7308162589043,take_profit,take_profit
2015-12-07,BUY,15,8166.633,122499.495,136,0.0,0.0,buy_signal,buy
2015-12-09,BUY,34,7916.583,269163.822,137,0.0,0.0,buy_signal,buy
2015-12-11,BUY,2,7756.5509999999995,15513.101999999999,138,0.0,0.0,buy_signal,buy
2015-12-15,BUY,3,7481.496,22444.488,139,0.0,0.0,buy_signal,buy
2015-12-16,BUY,15,7471.494,112072.40999999999,140,0.0,0.0,buy_signal,buy
2015-12-18,SELL,3,7783.443,23350.329,139,900.6330000000004,717.6694060500004,take_profit,take_profit
2015-12-18,SELL,15,7783.443,116751.645,140,4661.525958904124,3714.5369603527515,take_profit,take_profit
2016-01-07,BUY,9,6861.372,61752.348000000005,141,0.0,0.0,buy_signal,buy
2016-01-08,BUY,22,6461.2919999999995,142148.424,142,0.0,0.0,buy_signal,buy
2016-01-12,BUY,23,6391.278,146999.394,143,0.0,0.0,buy_signal,buy
2016-01-13,BUY,23,6356.271,146194.233,144,0.0,0.0,buy_signal,buy
2016-01-14,BUY,4,6126.224999999999,24504.899999999998,145,0.0,0.0,buy_signal,buy
2016-01-15,BUY,18,6411.282,115403.076,146,0.0,0.0,buy_signal,buy
2016-01-18,BUY,15,5801.16,87017.4,147,0.0,0.0,buy_signal,buy
2016-01-19,BUY,20,5936.187,118723.73999999999,148,0.0,0.0,buy_signal,buy
2016-01-20,BUY,7,6011.202,42078.414000000004,149,0.0,0.0,buy_signal,buy
2016-01-21,BUY,25,5646.129,141153.225,150,0.0,0.0,buy_signal,buy
2016-01-22,BUY,25,5676.135,141903.375,151,0.0,0.0,buy_signal,buy
2016-01-26,SELL,25,5798.84,144971.0,150,3784.596917808213,3015.7560539554747,take_profit,take_profit
2016-02-01,SELL,15,6523.695,97855.42499999999,147,10770.04253424657,8582.108393414379,take_profit,take_profit
2016-02-01,SELL,25,6523.695,163092.375,151,21119.68082191781,16829.217662945208,take_profit,take_profit
2016-02-02,SELL,20,6433.713,128674.26,148,9858.948493150689,7856.1031067671265,take_profit,take_profit
2016-02-02,SELL,7,6433.713,45035.990999999995,149,2928.7730547945107,2333.792808713006,take_profit,take_profit
2016-04-04,BUY,21,5276.055,110797.155,152,0.0,0.0,buy_signal,buy
2016-04-05,BUY,22,5261.052,115743.144,153,0.0,0.0,buy_signal,buy
2016-04-06,BUY,26,5041.008,131066.208,154,0.0,0.0,buy_signal,buy
2016-04-07,BUY,26,5046.009,131196.234,155,0.0,0.0,buy_signal,buy
2016-04-08,BUY,26,4900.98,127425.47999999998,156,0.0,0.0,buy_signal,buy
2016-04-11,SELL,26,5063.987,131663.662,156,4227.99997260277,3369.0817781685173,take_profit,take_profit
2016-04-11,BUY,8,5066.013,40528.104,157,0.0,0.0,buy_signal,buy
2016-04-12,BUY,12,5041.008,60492.096,158,0.0,0.0,buy_signal,buy
2016-04-14,SELL,26,5633.8730000000005,146480.698,154,15352.849342465759,12233.91799854384,take_profit,take_profit
2016-04-14,SELL,26,5633.8730000000005,146480.698,155,15232.885698630143,12138.32496895343,take_profit,take_profit
2016-04-14,SELL,8,5633.8730000000005,45070.984000000004,157,4533.241863013704,3612.3137785424697,take_profit,take_profit
2016-04-14,SELL,12,5633.8730000000005,67606.47600000001,158,7104.589972602752,5661.292519668503,take_profit,take_profit
2016-04-15,SELL,21,5698.86,119676.06,152,8803.117438356163,7014.764130754109,take_profit,take_profit
2016-04-15,SELL,22,5698.86,125374.92,153,9561.315726027395,7618.93443628493,take_profit,take_profit
2016-06-03,BUY,9,5566.113,50095.017,159,0.0,0.0,buy_signal,buy
2016-06-06,BUY,8,5381.076,43048.608,160,0.0,0.0,buy_signal,buy
2016-06-07,BUY,9,5581.116,50230.044,161,0.0,0.0,buy_signal,buy
2016-06-08,SELL,8,5618.876,44951.008,160,1895.5664657534262,1510.4821382356176,take_profit,take_profit
2016-06-08,BUY,7,5621.124,39347.868,162,0.0,0.0,buy_signal,buy
2016-06-10,BUY,3,5596.119,16788.357,163,0.0,0.0,buy_signal,buy
2016-06-13,BUY,8,5356.071,42848.568,164,0.0,0.0,buy_signal,buy
2016-06-14,BUY,11,5146.0289999999995,56606.318999999996,165,0.0,0.0,buy_signal,buy
2016-06-15,BUY,11,5026.005,55286.055,166,0.0,0.0,buy_signal,buy
2016-06-16,BUY,21,5061.012,106281.252,167,0.0,0.0,buy_signal,buy
2016-06-17,BUY,26,4960.992,128985.792,168,0.0,0.0,buy_signal,buy
2016-06-20,BUY,18,5046.009,90828.162,169,0.0,0.0,buy_signal,buy
2016-06-22,SELL,26,5198.96,135172.96,168,6156.761534246566,4906.015428564377,take_profit,take_profit
2016-06-24,SELL,11,5353.929,58893.219,166,3577.1276712328736,2850.4341848219156,take_profit,take_profit
2016-06-30,BUY,11,4950.99,54460.89,170,0.0,0.0,buy_signal,buy
2016-07-01,BUY,11,4915.983,54075.813,171,0.0,0.0,buy_signal,buy
2016-07-04,BUY,7,4820.964,33746.748,172,0.0,0.0,buy_signal,buy
2016-07-05,BUY,2,4895.979,9791.958,173,0.0,0.0,buy_signal,buy
2016-07-06,BUY,7,4740.948,33186.636,174,0.0,0.0,buy_signal,buy
2016-07-07,BUY,12,4705.941,56471.292,175,0.0,0.0,buy_signal,buy
2016-07-08,BUY,12,4660.932,55931.183999999994,176,0.0,0.0,buy_signal,buy
2016-07-11,BUY,11,4785.957,52645.527,177,0.0,0.0,buy_signal,buy
2016-07-12,SELL,12,5133.973,61607.676,176,5667.769808219184,4516.362371679456,take_profit,take_profit
2016-07-13,SELL,7,5368.926,37582.482,172,3817.5704383561683,3042.0310038041125,take_profit,take_profit
2016-07-13,SELL,7,5368.926,37582.482,174,4382.969068493156,3492.568902228771,take_profit,take_profit
2016-07-13,SELL,12,5368.926,64427.11200000001,175,7938.0810410958975,6325.459877597266,take_profit,take_profit
2016-07-13,SELL,11,5368.926,59058.186,177,6404.17001369863,5103.162875415754,take_profit,take_profit
2016-07-14,SELL,11,5248.95,57738.45,170,3236.3723835616415,2578.903333841094,take_profit,take_profit
2016-07-14,SELL,11,5248.95,57738.45,171,3625.541986301365,2889.0131317842424,take_profit,take_profit
2016-07-14,SELL,2,5248.95,10497.9,173,700.7086849315059,558.3597155876705,take_profit,take_profit
2016-07-15,SELL,21,5393.921,113272.341,167,6824.757493150692,5438.308008417129,take_profit,take_profit
2016-07-15,SELL,18,5393.921,97090.57800000001,169,6133.2055890411075,4887.244873627406,take_profit,take_profit
2016-07-20,SELL,11,5493.901,60432.911,165,3721.6104109589082,2965.565255972606,take_profit,take_profit
2016-08-04,BUY,9,5181.036,46629.324,178,0.0,0.0,buy_signal,buy
2016-08-09,SELL,9,5488.902,49400.118,178,2759.775041095892,2199.1267414972617,take_profit,take_profit
2016-08-10,SELL,8,5518.896,44151.168,164,1173.1893698630122,934.8559493753412,take_profit,take_profit
2016-08-19,BUY,2,5436.0869999999995,10872.173999999999,179,0.0,0.0,buy_signal,buy
2016-08-22,BUY,1,5456.090999999999,5456.090999999999,180,0.0,0.0,buy_signal,buy
2016-08-24,BUY,1,5451.09,5451.09,181,0.0,0.0,buy_signal,buy
2016-08-29,BUY,8,5511.102,44088.816,182,0.0,0.0,buy_signal,buy
2016-09-01,SELL,2,5648.87,11297.74,179,418.0213424657541,333.1003067438362,take_profit,take_profit
2016-09-01,SELL,1,5648.87,5648.87,180,189.42245205479497,150.94128091986337,take_profit,take_profit
2016-09-01,SELL,1,5648.87,5648.87,181,195.25347945205453,155.58773510136967,take_profit,take_profit
2016-09-06,SELL,8,5753.849,46030.792,182,1921.1992328767146,1530.90760871781,take_profit,take_profit
2016-09-07,SELL,9,5663.867,50974.803,159,638.3596438356166,508.67688219041105,take_profit,take_profit
2016-09-07,SELL,9,5663.867,50974.803,161,511.00656164383383,407.195578645889,take_profit,take_profit
2016-09-07,SELL,3,5663.867,16991.601000000002,163,129.21238356164628,102.96288784109784,take_profit,take_profit
2016-09-15,BUY,2,5401.08,10802.16,183,0.0,0.0,buy_signal,buy
2016-09-16,BUY,10,5361.072,53610.72,184,0.0,0.0,buy_signal,buy
2016-09-20,BUY,3,5326.065,15978.195,185,0.0,0.0,buy_signal,buy
2016-09-21,BUY,2,5356.071,10712.142,186,0.0,0.0,buy_signal,buy
2016-09-23,SELL,2,5563.887,11127.774,183,322.29158904109545,256.8180527273969,take_profit,take_profit
2016-09-23,SELL,10,5563.887,55638.869999999995,184,2015.6152054794463,1606.142976486297,take_profit,take_profit
2016-09-23,SELL,3,5563.887,16691.661,185,710.9460000000004,566.5173201000002,take_profit,take_profit
2016-09-23,SELL,2,5563.887,11127.774,186,414.77589041095854,330.5141682739723,take_profit,take_profit
2016-09-26,BUY,1,5511.102,5511.102,187,0.0,0.0,buy_signal,buy
2016-09-27,BUY,1,5321.064,5321.064,188,0.0,0.0,buy_signal,buy
2016-09-29,BUY,5,5526.105,27630.524999999998,189,0.0,0.0,buy_signal,buy
2016-09-30,SELL,1,5443.911,5443.911,188,121.58239726027372,96.88293325684911,take_profit,take_profit
2016-10-03,BUY,6,5511.102,33066.612,190,0.0,0.0,buy_signal,buy
2016-10-07,SELL,1,5708.858,5708.858,187,193.93726027397292,154.5389058493153,take_profit,take_profit
2016-10-07,SELL,5,5708.858,28544.29,189,900.9195205479483,717.8977199486326,take_profit,take_profit
2016-10-07,SELL,6,5708.858,34253.148,190,1176.1867397260276,937.2444035506851,take_profit,take_profit
2016-10-21,SELL,7,5968.8060000000005,41781.64200000001,162,2167.8127397260323,1727.421581650689,take_profit,take_profit
2016-11-10,BUY,9,5906.181,53155.62899999999,191,0.0,0.0,buy_signal,buy
2016-11-17,SELL,9,6263.747,56373.723000000005,191,3196.905287671245,2547.453978480831,take_profit,take_profit
2016-11-22,SELL,4,6478.704,25914.816,145,1049.360383561645,836.1828216410968,take_profit,take_profit
2016-11-28,SELL,23,6638.6720000000005,152689.456,143,3559.2777260274024,2836.210455984936,take_profit,take_profit
2016-11-28,SELL,23,6638.6720000000005,152689.456,144,4375.36026027397,3486.505823399313,take_profit,take_profit
2016-12-02,SELL,22,6738.652,148250.344,142,4007.553753424671,3193.419208416449,take_profit,take_profit
2016-12-02,SELL,18,6738.652,121295.736,146,4214.22263013699,3358.1033028246607,take_profit,take_profit
2016-12-12,SELL,9,7313.537,65821.833,141,3179.87667123287,2533.8847254719126,take_profit,take_profit
2017-01-05,BUY,5,7631.526,38157.63,192,0.0,0.0,buy_signal,buy
2017-01-06,BUY,13,7426.485,96544.305,193,0.0,0.0,buy_signal,buy
2017-01-10,BUY,26,7476.495,194388.87,194,0.0,0.0,buy_signal,buy
2017-01-11,BUY,41,7441.488,305101.00800000003,195,0.0,0.0,buy_signal,buy
2017-01-12,BUY,41,7371.474,302230.434,196,0.0,0.0,buy_signal,buy
2017-01-13,BUY,41,7296.459,299154.819,197,0.0,0.0,buy_signal,buy
2017-01-16,BUY,41,7326.465,300385.065,198,0.0,0.0,buy_signal,buy
2017-01-17,BUY,42,7201.44,302460.48,199,0.0,0.0,buy_signal,buy
2017-01-18,BUY,43,6981.396,300200.028,200,0.0,0.0,buy_signal,buy
2017-01-19,BUY,42,7206.441,302670.522,201,0.0,0.0,buy_signal,buy
2017-01-20,SELL,43,7193.561000000001,309323.123,200,9075.957575342496,7232.176793911668,take_profit,take_profit
2017-01-20,BUY,14,7196.438999999999,100750.146,202,0.0,0.0,buy_signal,buy
2017-01-23,BUY,13,7126.425,92643.52500000001,203,0.0,0.0,buy_signal,buy
2017-01-24,BUY,28,7001.4,196039.19999999998,204,0.0,0.0,buy_signal,buy
2017-01-25,BUY,30,7226.445,216793.34999999998,205,0.0,0.0,buy_signal,buy
2017-01-26,SELL,28,7328.534000000001,205198.95200000002,204,9129.294136986338,7274.678033057564,take_profit,take_profit
2017-01-26,BUY,8,7331.465999999999,58651.727999999996,206,0.0,0.0,buy_signal,buy
2017-01-27,SELL,42,7493.501,314727.042,199,12082.091095890446,9627.614289760302,take_profit,take_profit
2017-01-27,SELL,42,7493.501,314727.042,201,11917.46202739728,9496.429616531523,take_profit,take_profit
2017-01-27,SELL,14,7493.501,104909.014,202,4120.264054794523,3283.2324120630155,take_profit,take_profit
2017-01-27,SELL,13,7493.501,97415.513,203,4743.381589041093,3779.7636192273953,take_profit,take_profit
2017-01-27,SELL,30,7493.501,224805.03,205,7978.022465753446,6357.287201835634,take_profit,take_profit
2017-01-27,BUY,3,7496.499,22489.497,207,0.0,0.0,buy_signal,buy
2017-01-30,SELL,41,7438.512,304978.99199999997,197,5574.585219178034,4442.108231902017,take_profit,take_profit
2017-01-30,SELL,41,7438.512,304978.99199999997,198,4367.5508356164055,3480.282883360933,take_profit,take_profit
2017-01-30,SELL,8,7438.512,59508.096,206,847.205479452057,675.0956863013716,take_profit,take_profit
2017-01-30,BUY,11,7441.488,81856.368,208,0.0,0.0,buy_signal,buy
2017-01-31,BUY,19,7251.45,137777.55,209,0.0,0.0,buy_signal,buy
2017-02-01,BUY,92,7096.419,652870.548,210,0.0,0.0,buy_signal,buy
2017-02-02,SELL,92,7263.5470000000005,668246.324,210,15324.573589041167,12211.386464427454,take_profit,take_profit
2017-02-02,BUY,89,7266.4529999999995,646714.3169999999,211,0.0,0.0,buy_signal,buy
2017-02-03,BUY,27,7156.431,193223.637,212,0.0,0.0,buy_signal,buy
2017-02-06,BUY,27,7206.441,194573.907,213,0.0,0.0,buy_signal,buy
2017-02-07,BUY,18,7026.405,126475.29,214,0.0,0.0,buy_signal,buy
2017-02-08,BUY,17,7091.418,120554.106,215,0.0,0.0,buy_signal,buy
2017-02-09,SELL,18,7093.581,127684.458,214,1189.5465205479504,947.8901448986343,take_profit,take_profit
2017-02-09,BUY,11,7096.419,78060.609,216,0.0,0.0,buy_signal,buy
2017-02-10,BUY,14,7296.459,102150.42599999999,217,0.0,0.0,buy_signal,buy
2017-02-13,SELL,19,7528.494000000001,143041.386,209,5169.963506849325,4119.685420432885,take_profit,take_profit
2017-02-13,SELL,89,7528.494000000001,670035.966,211,22980.518095890504,18312.025844710348,take_profit,take_profit
2017-02-13,SELL,27,7528.494000000001,203269.33800000002,212,9956.84510958907,7934.112025576051,take_profit,take_profit
2017-02-13,SELL,27,7528.494000000001,203269.33800000002,213,8621.229082191792,6869.826394144529,take_profit,take_profit
2017-02-13,SELL,17,7528.494000000001,127984.39800000002,215,7402.071068493166,5898.34033092878,take_profit,take_profit
2017-02-13,SELL,11,7528.494000000001,82813.43400000001,216,4740.593602739737,3777.5420123431595,take_profit,take_profit
2017-02-13,SELL,14,7528.494000000001,105398.91600000001,217,3240.521123287691,2582.2092570917966,take_profit,take_profit
2017-02-14,SELL,41,7508.4980000000005,307848.418,196,5096.147232876709,4060.864922517805,take_profit,take_profit
2017-02-15,BUY,2,7476.495,14952.99,218,0.0,0.0,buy_signal,buy
2017-02-16,BUY,1,7451.49,7451.49,219,0.0,0.0,buy_signal,buy
2017-02-17,BUY,14,7306.461,102290.454,220,0.0,0.0,buy_signal,buy
2017-02-20,BUY,90,7261.452,653530.68,221,0.0,0.0,buy_signal,buy
2017-02-21,BUY,89,7341.468,653390.652,222,0.0,0.0,buy_signal,buy
2017-02-22,SELL,90,7453.509,670815.81,221,17183.29438356165,13692.5081295411,take_profit,take_profit
2017-02-22,BUY,38,7456.491,283346.658,223,0.0,0.0,buy_signal,buy
2017-02-23,BUY,87,7416.483,645234.0210000001,224,0.0,0.0,buy_signal,buy
2017-02-24,BUY,78,7316.463,570684.114,225,0.0,0.0,buy_signal,buy
2017-02-27,BUY,78,7251.45,565613.1,226,0.0,0.0,buy_signal,buy
2017-02-28,BUY,89,7296.459,649384.851,227,0.0,0.0,buy_signal,buy
2017-03-01,BUY,89,7306.461,650275.029,228,0.0,0.0,buy_signal,buy
2017-03-02,SELL,14,7608.478,106518.692,220,4157.210821917805,3312.6734434452032,take_profit,take_profit
2017-03-02,SELL,78,7608.478,593461.284,226,27717.233753424665,22086.477716416444,take_profit,take_profit
2017-03-02,SELL,89,7608.478,677154.542,227,27669.567219178072,22048.494638602046,take_profit,take_profit
2017-03-02,SELL,89,7608.478,677154.542,228,26828.717164383597,21378.46327243907,take_profit,take_profit
2017-03-02,BUY,2,7611.522,15223.044,229,0.0,0.0,buy_signal,buy
2017-03-03,SELL,13,7548.49,98130.37,193,1302.6885068493175,1038.0473366828787,take_profit,take_profit
2017-03-03,SELL,89,7548.49,671815.61,222,18021.766054794505,14360.644280763001,take_profit,take_profit
2017-03-03,SELL,87,7548.49,656718.63,224,11189.5193013698,8916.368455296526,take_profit,take_profit
2017-03-03,SELL,78,7548.49,588782.22,225,17877.910931506878,14246.013325771255,take_profit,take_profit
2017-03-06,BUY,77,7441.488,572994.576,230,0.0,0.0,buy_signal,buy
2017-03-07,BUY,62,7386.477,457961.57399999996,231,0.0,0.0,buy_signal,buy
2017-03-08,BUY,71,7381.476,524084.796,232,0.0,0.0,buy_signal,buy
2017-03-09,BUY,88,7391.478,650450.064,233,0.0,0.0,buy_signal,buy
2017-03-10,BUY,87,7481.496,650890.152,234,0.0,0.0,buy_signal,buy
2017-03-13,SELL,26,7543.491,196130.766,194,1101.18619178083,877.4802169205544,take_profit,take_profit
2017-03-13,SELL,41,7543.491,309283.131,195,3195.0317123287305,2545.9610199691488,take_profit,take_profit
2017-03-13,SELL,11,7543.491,82978.401,208,936.5748082191739,746.3096359294486,take_profit,take_profit
2017-03-13,SELL,2,7543.491,15086.982,218,113.56273972602759,90.49246915068508,take_profit,take_profit
2017-03-13,SELL,1,7543.491,7543.491,219,82.35902739726048,65.62779098150702,take_profit,take_profit
2017-03-13,SELL,38,7543.491,286652.658,223,3025.468383561644,2410.844481441096,take_profit,take_profit
2017-03-13,SELL,77,7543.491,580848.807,230,7635.027821917837,6083.971919895229,take_profit,take_profit
2017-03-13,SELL,62,7543.491,467696.442,231,9593.633698630154,7644.6870127534385,take_profit,take_profit
2017-03-13,SELL,71,7543.491,535587.861,232,11381.579136986362,9069.411335307583,take_profit,take_profit
2017-03-13,SELL,88,7543.491,663827.208,233,13275.98498630134,10578.968636334223,take_profit,take_profit
2017-03-13,SELL,87,7543.491,656283.717,234,5342.809438356108,4257.417700954065,take_profit,take_profit
2017-03-14,BUY,73,7631.526,557101.398,235,0.0,0.0,buy_signal,buy
2017-03-15,BUY,68,7541.508,512822.544,236,0.0,0.0,buy_signal,buy
2017-03-16,BUY,47,7481.496,351630.312,237,0.0,0.0,buy_signal,buy
2017-03-17,BUY,53,7506.501,397844.553,238,0.0,0.0,buy_signal,buy
2017-03-21,BUY,87,7436.487,646974.3690000001,239,0.0,0.0,buy_signal,buy
2017-03-22,BUY,90,7206.441,648579.69,240,0.0,0.0,buy_signal,buy
2017-03-23,BUY,91,7176.4349999999995,653055.585,241,0.0,0.0,buy_signal,buy
2017-03-24,BUY,91,7176.4349999999995,653055.585,242,0.0,0.0,buy_signal,buy
2017-03-27,BUY,91,7171.434,652600.4940000001,243,0.0,0.0,buy_signal,buy
2017-03-28,BUY,90,7226.445,650380.0499999999,244,0.0,0.0,buy_signal,buy
2017-03-29,BUY,86,7366.473,633516.678,245,0.0,0.0,buy_signal,buy
2017-03-30,SELL,90,7328.534000000001,659568.06,240,10688.9387671234,8517.480856582282,take_profit,take_profit
2017-03-30,SELL,91,7328.534000000001,666896.594,241,13588.198534246654,10827.756002014446,take_profit,take_profit
2017-03-30,SELL,91,7328.534000000001,666896.594,242,13638.355739726107,10867.723771200748,take_profit,take_profit
2017-03-30,SELL,91,7328.534000000001,666896.594,243,14144.546356164361,11271.081763909571,take_profit,take_profit
2017-03-30,SELL,90,7328.534000000001,659568.06,244,9087.071917808345,7241.03325770558,take_profit,take_profit
2017-03-31,BUY,89,7346.469,653835.741,246,0.0,0.0,buy_signal,buy
2017-04-03,BUY,91,7191.438,654420.858,247,0.0,0.0,buy_signal,buy
2017-04-04,BUY,91,7156.431,651235.221,248,0.0,0.0,buy_signal,buy
2017-04-05,BUY,91,7131.4259999999995,648959.766,249,0.0,0.0,buy_signal,buy
2017-04-06,BUY,93,7021.4039999999995,652990.5719999999,250,0.0,0.0,buy_signal,buy
2017-04-07,BUY,93,7001.4,651130.2,251,0.0,0.0,buy_signal,buy
2017-04-10,BUY,92,7051.41,648729.72,252,0.0,0.0,buy_signal,buy
2017-04-11,BUY,43,6986.397,300415.071,253,0.0,0.0,buy_signal,buy
2017-04-12,BUY,9,6896.379,62067.411,254,0.0,0.0,buy_signal,buy
2017-04-13,BUY,32,6756.351,216203.232,255,0.0,0.0,buy_signal,buy
2017-04-14,BUY,17,6721.344,114262.848,256,0.0,0.0,buy_signal,buy
2017-04-17,BUY,15,6636.327,99544.905,257,0.0,0.0,buy_signal,buy
2017-04-18,SELL,15,6823.635,102354.52500000001,257,2801.881643835626,2232.6793878904186,take_profit,take_profit
2017-04-18,BUY,10,6826.365,68263.65,258,0.0,0.0,buy_signal,buy
2017-04-20,SELL,17,6783.643,115321.931,256,1023.8916027397247,815.8880236431496,take_profit,take_profit
2017-04-20,BUY,4,6786.357,27145.428,259,0.0,0.0,buy_signal,buy
2017-04-24,SELL,32,7108.578,227474.496,255,11154.747178082216,8888.660288854815,take_profit,take_profit
2017-04-24,SELL,10,7108.578,71085.78,258,2801.2182191780867,2232.150737952058,take_profit,take_profit
2017-04-24,SELL,4,7108.578,28434.312,259,1284.6786301369882,1023.696166424659,take_profit,take_profit
2017-04-24,BUY,2,7111.422,14222.844,260,0.0,0.0,buy_signal,buy
2017-04-25,SELL,93,7088.582,659238.126,250,5610.180410959024,4470.4722604726985,take_profit,take_profit
2017-04-25,SELL,93,7088.582,659238.126,251,7519.8143835617375,5992.164091541171,take_profit,take_profit
2017-04-25,SELL,92,7088.582,652149.544,252,2887.1213150685153,2300.602619912346,take_profit,take_profit
2017-04-25,SELL,43,7088.582,304809.026,253,4168.229739726044,3321.453868100698,take_profit,take_profit
2017-04-25,SELL,9,7088.582,63797.238000000005,254,1687.4185068493198,1344.6194371828806,take_profit,take_profit
2017-04-26,SELL,91,7348.53,668716.23,247,13471.704821917781,10734.927987345185,take_profit,take_profit
2017-04-26,SELL,91,7348.53,668716.23,248,16707.673547945167,13313.509666680107,take_profit,take_profit
2017-04-26,SELL,91,7348.53,668716.23,249,19032.517863013734,15166.061859142494,take_profit,take_profit
2017-04-26,SELL,2,7348.53,14697.06,260,472.0128219178086,376.1234171452058,take_profit,take_profit
2017-05-02,SELL,86,7453.509,641001.774,245,6367.9489315068695,5074.300106071249,take_profit,take_profit
2017-05-02,SELL,89,7453.509,663362.301,246,8470.22509589035,6749.498867660225,take_profit,take_profit
2017-05-08,SELL,47,7748.45,364177.14999999997,237,11697.891808219167,9321.465087379444,take_profit,take_profit
2017-05-08,SELL,87,7748.45,674115.15,239,25670.17113698626,20455.275870507503,take_profit,take_profit
2017-05-09,SELL,5,7898.42,39492.1,192,1103.391369863015,879.2374130753434,take_profit,take_profit
2017-05-09,SELL,3,7898.42,23695.260000000002,207,1092.2134109589067,870.3302565226048,take_profit,take_profit
2017-05-09,SELL,2,7898.42,15796.84,229,524.9624657534249,418.31634083561664,take_profit,take_profit
2017-05-09,SELL,73,7898.42,576584.66,235,18035.54999999999,14371.62801749999,take_profit,take_profit
2017-05-09,SELL,68,7898.42,537092.56,236,22961.107287671293,18296.55834218087,take_profit,take_profit
2017-05-09,SELL,53,7898.42,418616.26,238,19813.164972602735,15788.12050841849,take_profit,take_profit
2017-05-19,BUY,6,7646.5289999999995,45879.174,261,0.0,0.0,buy_signal,buy
2017-05-22,BUY,5,7711.5419999999995,38557.71,262,0.0,0.0,buy_signal,buy
2017-05-23,SELL,6,7678.464,46070.784,261,184.5401917808225,147.05085182054842,take_profit,take_profit
2017-05-23,BUY,3,7681.536,23044.608,263,0.0,0.0,buy_signal,buy
2017-05-24,BUY,6,7786.557,46719.342,264,0.0,0.0,buy_signal,buy
2017-05-25,SELL,3,7743.451,23230.353,263,182.19628767123186,145.1831118308211,take_profit,take_profit
2017-05-25,BUY,2,7746.549,15493.098,265,0.0,0.0,buy_signal,buy
2017-05-26,SELL,5,7798.4400000000005,38992.200000000004,262,422.6206849315121,336.7652927876754,take_profit,take_profit
2017-05-26,SELL,2,7798.4400000000005,15596.880000000001,265,102.58298630137092,81.74325263424743,take_profit,take_profit
2017-05-26,BUY,1,7801.5599999999995,7801.5599999999995,266,0.0,0.0,buy_signal,buy
2017-05-29,BUY,3,7716.543,23149.629,267,0.0,0.0,buy_signal,buy
2017-05-30,BUY,6,7711.5419999999995,46269.25199999999,268,0.0,0.0,buy_signal,buy
2017-05-31,BUY,6,7661.532,45969.192,269,0.0,0.0,buy_signal,buy
2017-06-01,BUY,12,7706.541,92478.492,270,0.0,0.0,buy_signal,buy
2017-06-02,SELL,6,7918.416,47510.496,264,766.1795342465776,610.5301618643854,take_profit,take_profit
2017-06-02,SELL,3,7918.416,23755.248,267,598.4928082191768,476.9089942294511,take_profit,take_profit
2017-06-02,SELL,6,7918.416,47510.496,268,1230.5449315068554,980.5597286712377,take_profit,take_profit
2017-06-02,SELL,6,7918.416,47510.496,269,1534.153643835613,1222.4903310904083,take_profit,take_profit
2017-06-02,SELL,12,7918.416,95020.992,270,2535.273698630137,2020.2328467534248,take_profit,take_profit
2017-06-02,BUY,3,7921.584,23764.752,271,0.0,0.0,buy_signal,buy
2017-06-05,SELL,2,8053.389,16106.778,138,245.52400000000125,195.645799400001,take_profit,take_profit
2017-06-05,SELL,1,8053.389,8053.389,266,248.23847945205543,197.80883235137037,take_profit,take_profit
2017-06-05,SELL,3,8053.389,24160.167,271,393.5451369863022,313.59644240753494,take_profit,take_profit
2017-06-07,BUY,2,7931.586,15863.172,272,0.0,0.0,buy_signal,buy
2017-06-08,BUY,2,8001.599999999999,16003.199999999999,273,0.0,0.0,buy_signal,buy
2017-06-09,BUY,7,7936.5869999999995,55556.109,274,0.0,0.0,buy_signal,buy
2017-06-12,BUY,8,7891.5779999999995,63132.623999999996,275,0.0,0.0,buy_signal,buy
2017-06-13,BUY,15,7851.57,117773.54999999999,276,0.0,0.0,buy_signal,buy
2017-06-14,BUY,10,7941.588,79415.88,277,0.0,0.0,buy_signal,buy
2017-06-15,BUY,47,7816.563,367378.461,278,0.0,0.0,buy_signal,buy
2017-06-16,BUY,47,7896.579,371139.213,279,0.0,0.0,buy_signal,buy
2017-06-19,BUY,37,7926.585,293283.645,280,0.0,0.0,buy_signal,buy
2017-06-20,SELL,47,8128.374,382033.578,278,14569.558972602708,11609.753067318468,take_profit,take_profit
2017-06-20,BUY,17,8131.626,138237.642,281,0.0,0.0,buy_signal,buy
2017-06-21,SELL,2,8098.38,16196.76,272,321.4206575342463,256.1240509561642,take_profit,take_profit
2017-06-21,SELL,7,8098.38,56688.66,274,1098.4711643835683,875.3167473390464,take_profit,take_profit
2017-06-21,SELL,8,8098.38,64787.04,275,1620.355726027402,1291.1804602849352,take_profit,take_profit
2017-06-21,SELL,15,8098.38,121475.7,276,3647.3658904109675,2906.4035097739793,take_profit,take_profit
2017-06-21,SELL,10,8098.38,80983.8,277,1537.4421917808202,1225.1108105205467,take_profit,take_profit
2017-06-21,SELL,47,8098.38,380623.86,279,9397.95324657534,7488.75904453356,take_profit,take_profit
2017-06-21,SELL,37,8098.38,299640.06,280,6310.603931506828,5028.604742821216,take_profit,take_profit
2017-06-21,BUY,8,8101.62,64812.96,282,0.0,0.0,buy_signal,buy
2017-06-22,BUY,5,8066.612999999999,40333.064999999995,283,0.0,0.0,buy_signal,buy
2017-06-23,BUY,6,8066.612999999999,48399.678,284,0.0,0.0,buy_signal,buy
2017-06-26,BUY,6,8046.6089999999995,48279.653999999995,285,0.0,0.0,buy_signal,buy
2017-06-27,BUY,7,8146.629,57026.403,286,0.0,0.0,buy_signal,buy
2017-06-28,SELL,2,8083.383,16166.766,273,146.42539726027468,116.67907780684988,take_profit,take_profit
2017-06-28,SELL,6,8083.383,48500.297999999995,285,213.18756164383586,169.8785084958906,take_profit,take_profit
2017-06-28,BUY,6,8086.617,48519.702000000005,287,0.0,0.0,buy_signal,buy
2017-06-29,BUY,10,8181.6359999999995,81816.36,288,0.0,0.0,buy_signal,buy
2017-06-30,BUY,7,8001.599999999999,56011.2,289,0.0,0.0,buy_signal,buy
2017-07-03,BUY,21,8006.601,168138.62099999998,290,0.0,0.0,buy_signal,buy
2017-07-04,BUY,20,8121.624,162432.47999999998,291,0.0,0.0,buy_signal,buy
2017-07-05,BUY,27,7986.597,215638.119,292,0.0,0.0,buy_signal,buy
2017-07-06,BUY,20,8016.603,160332.06,293,0.0,0.0,buy_signal,buy
2017-07-07,BUY,33,7856.571,259266.843,294,0.0,0.0,buy_signal,buy
2017-07-10,BUY,35,8021.604,280756.14,295,0.0,0.0,buy_signal,buy
2017-07-11,SELL,33,8023.395,264772.03500000003,294,5464.8271232877105,4354.647493191812,take_profit,take_profit
2017-07-11,BUY,17,8026.605,136452.285,296,0.0,0.0,buy_signal,buy
2017-07-12,SELL,7,8063.387000000001,56443.709,289,398.11502739726575,317.23795958151123,take_profit,take_profit
2017-07-12,SELL,21,8063.387000000001,169331.127,290,1102.1956438356394,878.2845987904293,take_profit,take_profit
2017-07-12,SELL,27,8063.387000000001,217711.44900000002,292,1990.366767123304,1586.023758382205,take_profit,take_profit
2017-07-12,SELL,20,8063.387000000001,161267.74000000002,293,886.5457534246797,706.443983616456,take_profit,take_profit
2017-07-12,SELL,35,8063.387000000001,282218.54500000004,295,1419.0299315068773,1130.7540009212553,take_profit,take_profit
2017-07-12,SELL,17,8063.387000000001,137077.579,296,614.7046301369808,489.8273845246531,take_profit,take_profit
2017-07-12,BUY,10,8066.612999999999,80666.12999999999,297,0.0,0.0,buy_signal,buy
2017-07-13,BUY,19,8091.6179999999995,153740.742,298,0.0,0.0,buy_signal,buy
2017-07-14,BUY,17,8071.614,137217.438,299,0.0,0.0,buy_signal,buy
2017-07-18,BUY,15,8026.605,120399.075,300,0.0,0.0,buy_signal,buy
2017-07-19,BUY,31,7936.5869999999995,246034.197,301,0.0,0.0,buy_signal,buy
2017-07-20,BUY,33,7991.598,263722.734,302,0.0,0.0,buy_signal,buy
2017-07-21,SELL,31,8028.394,248880.214,301,2807.8606712328983,2237.443775871935,take_profit,take_profit
2017-07-24,BUY,1,7941.588,7941.588,303,0.0,0.0,buy_signal,buy
2017-07-25,BUY,10,7936.5869999999995,79365.87,304,0.0,0.0,buy_signal,buy
2017-07-26,BUY,4,8031.606,32126.424,305,0.0,0.0,buy_signal,buy
2017-07-28,BUY,1,7981.596,7981.596,306,0.0,0.0,buy_signal,buy
2017-07-31,BUY,7,7916.583,55416.081,307,0.0,0.0,buy_signal,buy
2017-08-01,BUY,4,7906.581,31626.324,308,0.0,0.0,buy_signal,buy
2017-08-03,SELL,4,8003.399,32013.596,308,382.37315068493234,304.69404512328833,take_profit,take_profit
2017-08-07,BUY,1,8001.599999999999,8001.599999999999,309,0.0,0.0,buy_signal,buy
2017-08-10,BUY,56,7791.558,436327.248,310,0.0,0.0,buy_signal,buy
2017-08-14,BUY,43,7611.522,327295.446,311,0.0,0.0,buy_signal,buy
2017-08-15,BUY,59,7696.539,454095.801,312,0.0,0.0,buy_signal,buy
2017-08-16,SELL,43,7743.451,332968.393,311,5622.296534246561,4480.126993314372,take_profit,take_profit
2017-08-16,BUY,5,7746.549,38732.745,313,0.0,0.0,buy_signal,buy
2017-08-17,BUY,7,7716.543,54015.801,314,0.0,0.0,buy_signal,buy
2017-08-21,BUY,35,7551.51,264302.85000000003,315,0.0,0.0,buy_signal,buy
2017-08-22,BUY,15,7456.491,111847.365,316,0.0,0.0,buy_signal,buy
2017-08-23,BUY,47,7591.518,356801.346,317,0.0,0.0,buy_signal,buy
2017-08-24,BUY,11,7451.49,81966.39,318,0.0,0.0,buy_signal,buy
2017-08-25,BUY,25,7481.496,187037.4,319,0.0,0.0,buy_signal,buy
2017-08-31,SELL,11,7623.475,83858.225,318,1860.1953835616503,1482.296691391101,take_profit,take_profit
2017-09-01,SELL,35,7738.452,270845.82,315,6361.428356164356,5069.104185609567,take_profit,take_profit
2017-09-01,SELL,15,7738.452,116076.78,316,4160.207054794514,3315.060991613009,take_profit,take_profit
2017-09-01,SELL,25,7738.452,193461.30000000002,319,6351.541095890434,5061.225522260293,take_profit,take_profit
2017-09-08,BUY,1,7436.487,7436.487,320,0.0,0.0,buy_signal,buy
2017-09-11,BUY,67,7511.5019999999995,503270.63399999996,321,0.0,0.0,buy_signal,buy
2017-09-12,SELL,1,7733.453,7733.453,320,295.81761643835654,235.7222676589044,take_profit,take_profit
2017-09-12,SELL,67,7733.453,518141.351,321,14831.732178082255,11818.665786104844,take_profit,take_profit
2017-09-12,BUY,5,7736.547,38682.735,322,0.0,0.0,buy_signal,buy
2017-09-13,SELL,59,7843.4310000000005,462762.429,312,7948.121150684958,6333.460338923309,take_profit,take_profit
2017-09-13,SELL,7,7843.4310000000005,54904.01700000001,314,811.2927123287748,646.4785978191842,take_profit,take_profit
2017-09-13,SELL,47,7843.4310000000005,368641.25700000004,317,11432.257465753446,9109.794361585633,take_profit,take_profit
2017-09-14,SELL,56,7838.432,438952.192,310,1843.414136986261,1468.924555057502,take_profit,take_profit
2017-09-14,SELL,5,7838.432,39192.159999999996,313,398.4939041095826,317.5398674897209,take_profit,take_profit
2017-09-14,SELL,5,7838.432,39192.159999999996,322,503.4376027397217,401.16425374314724,take_profit,take_profit
2017-09-15,BUY,1,7771.554,7771.554,323,0.0,0.0,buy_signal,buy
2017-09-20,SELL,34,8188.362,278404.308,137,1765.3428767123578,1406.7134713082423,take_profit,take_profit
2017-09-20,SELL,15,8188.362,122825.43000000001,300,2033.8851369863116,1620.7013714075424,take_profit,take_profit
2017-09-20,SELL,33,8188.362,270215.946,302,5670.105205479452,4518.223332986301,take_profit,take_profit
2017-09-20,SELL,1,8188.362,8188.362,303,223.06643835616472,177.75049140410985,take_profit,take_profit
2017-09-20,SELL,10,8188.362,81883.62,304,2286.7576712328764,1822.2028503219176,take_profit,take_profit
2017-09-20,SELL,4,8188.362,32753.448,305,537.0588493150698,427.95534407671335,take_profit,take_profit
2017-09-20,SELL,1,8188.362,8188.362,306,185.50326027397313,147.81827294931549,take_profit,take_profit
2017-09-20,SELL,7,8188.362,57318.534,307,1757.8694383561658,1400.7582619541108,take_profit,take_profit
2017-09-20,SELL,1,8188.362,8188.362,309,169.15805479452118,134.79359596301418,take_profit,take_profit
2017-09-20,SELL,1,8188.362,8188.362,323,415.57523287671233,331.15112431780824,take_profit,take_profit
2017-09-21,SELL,5,8328.334,41641.670000000006,283,1122.194041095901,894.2203216472687,take_profit,take_profit
2017-09-21,SELL,6,8328.334,49970.004,284,1350.3357534246584,1076.015045116439,take_profit,take_profit
2017-09-21,SELL,10,8328.334,83283.34000000001,297,2330.7431506849525,1857.2526796233044,take_profit,take_profit
2017-09-22,SELL,8,8263.347,66106.776,282,985.5521095890401,785.3371985260267,take_profit,take_profit
2017-09-22,SELL,6,8263.347,49580.081999999995,287,847.7610410958805,675.5383855972524,take_profit,take_profit
2017-09-22,SELL,19,8263.347,157003.593,298,2718.265191780817,2166.049618070544,take_profit,take_profit
2017-09-22,SELL,17,8263.347,140476.899,299,2782.691575342476,2217.387781811652,take_profit,take_profit
2017-09-26,SELL,17,8233.353000000001,139967.00100000002,281,1042.2171369863272,830.4907256075549,take_profit,take_profit
2017-09-26,SELL,20,8233.353000000001,164667.06000000003,291,1550.0221917808672,1235.135183520584,take_profit,take_profit
2017-09-29,SELL,7,8303.339,58123.373,286,822.3713150684944,655.3065824123297,take_profit,take_profit
2017-09-29,SELL,10,8303.339,83033.39,288,837.1773972602728,667.1048090068483,take_profit,take_profit
2017-10-04,SELL,79,8583.283,678079.357,127,4312.550479452002,3436.455849551328,take_profit,take_profit
2017-10-04,SELL,15,8583.283,128749.245,136,2837.8023287671244,2261.302785678083,take_profit,take_profit
2017-10-16,SELL,75,9063.187,679739.025,126,6679.379794520584,5322.463789263727,take_profit,take_profit
2017-10-23,SELL,7,9488.102,66416.714,122,1628.5113561643896,1297.679274159594,take_profit,take_profit
2017-10-23,SELL,73,9488.102,692631.4460000001,125,19325.021000000055,15399.142983850044,take_profit,take_profit
2017-10-23,BUY,1,9491.898,9491.898,324,0.0,0.0,buy_signal,buy
2017-10-24,SELL,1,9438.112000000001,9438.112000000001,106,5.8223561643850985,4.639544509590266,take_profit,take_profit
2017-10-24,SELL,4,9438.112000000001,37752.448000000004,120,242.11578082192432,192.9299599479504,take_profit,take_profit
2017-10-24,SELL,10,9438.112000000001,94381.12000000001,123,1076.0227397260473,857.4287201507009,take_profit,take_profit
2017-10-24,SELL,8,9438.112000000001,75504.89600000001,124,586.3253698630297,467.2133709753552,take_profit,take_profit
2017-10-25,SELL,1,9663.067000000001,9663.067000000001,116,171.9132328767131,136.98905961780883,take_profit,take_profit
2017-10-26,BUY,6,9491.898,56951.38799999999,325,0.0,0.0,buy_signal,buy
2017-10-27,BUY,10,9616.923,96169.23000000001,326,0.0,0.0,buy_signal,buy
2017-10-30,SELL,2,9788.042,19576.084,119,343.53545205479384,273.74622496986245,take_profit,take_profit
2017-10-30,SELL,1,9788.042,9788.042,324,292.4756164383564,233.0591949589043,take_profit,take_profit
2017-10-30,SELL,6,9788.042,58728.25199999999,325,1767.9945205479466,1408.8264336986313,take_profit,take_profit
2017-10-30,SELL,10,9788.042,97880.42,326,1703.706712328755,1357.5986937191683,take_profit,take_profit
2017-10-31,BUY,4,9626.925,38507.7,327,0.0,0.0,buy_signal,buy
2017-11-01,BUY,14,9901.98,138627.72,328,0.0,0.0,buy_signal,buy
2017-11-02,SELL,4,10187.962,40751.848,327,2238.053972602741,1783.3933080684942,take_profit,take_profit
2017-11-02,SELL,14,10187.962,142631.468,328,3992.879397260266,3181.725947706843,take_profit,take_profit
2017-11-13,BUY,17,10277.055,174709.935,329,0.0,0.0,buy_signal,buy
2017-11-14,BUY,45,10037.007,451665.315,330,0.0,0.0,buy_signal,buy
2017-11-15,BUY,46,9956.991,458021.586,331,0.0,0.0,buy_signal,buy
2017-11-16,BUY,47,9711.942,456461.274,332,0.0,0.0,buy_signal,buy
2017-11-17,SELL,47,10262.947,482358.509,332,25861.035986301413,20607.36652568428,take_profit,take_profit
2017-11-17,BUY,44,10267.053,451750.332,333,0.0,0.0,buy_signal,buy
2017-11-20,BUY,46,9991.998,459631.908,334,0.0,0.0,buy_signal,buy
2017-11-21,BUY,39,10137.027,395344.053,335,0.0,0.0,buy_signal,buy
2017-11-22,BUY,8,10282.056,82256.448,336,0.0,0.0,buy_signal,buy
2017-11-24,SELL,46,10082.983,463817.218,331,5583.535452054778,4449.24022496985,take_profit,take_profit
2017-11-24,SELL,46,10082.983,463817.218,334,4078.617726027395,3250.0465349849296,take_profit,take_profit
2017-11-27,BUY,7,10307.061,72149.427,337,0.0,0.0,buy_signal,buy
2017-11-28,BUY,21,10127.025,212667.525,338,0.0,0.0,buy_signal,buy
2017-11-29,BUY,7,10277.055,71939.38500000001,339,0.0,0.0,buy_signal,buy
2017-11-30,SELL,45,10227.954,460257.93,330,8209.64404109588,6541.854854147252,take_profit,take_profit
2017-11-30,BUY,6,10232.046,61392.276,340,0.0,0.0,buy_signal,buy
2017-12-01,SELL,39,10562.887,411952.59300000005,335,16394.867013698666,13064.249779865782,take_profit,take_profit
2017-12-01,SELL,21,10562.887,221820.627,338,9103.516684931521,7254.137270387682,take_profit,take_profit
2017-12-01,BUY,7,10567.113,73969.791,341,0.0,0.0,buy_signal,buy
2017-12-04,SELL,44,10482.903,461247.732,333,9153.45260273975,7293.92870649317,take_profit,take_profit
2017-12-04,SELL,6,10482.903,62897.418000000005,340,1495.556794520555,1191.7344317137042,take_profit,take_profit
2017-12-04,BUY,10,10487.097,104870.97,342,0.0,0.0,buy_signal,buy
2017-12-05,BUY,35,10237.047,358296.645,343,0.0,0.0,buy_signal,buy
2017-12-06,BUY,40,10182.036,407281.44,344,0.0,0.0,buy_signal,buy
2017-12-07,BUY,45,10002.0,450090.0,345,0.0,0.0,buy_signal,buy
2017-12-08,BUY,44,10272.054,451970.376,346,0.0,0.0,buy_signal,buy
2017-12-11,SELL,35,10502.899,367601.46499999997,343,9195.503013698579,7327.436576465712,take_profit,take_profit
2017-12-11,SELL,40,10502.899,420115.95999999996,344,12741.084383561605,10152.733091041066,take_profit,take_profit
2017-12-11,SELL,45,10502.899,472630.45499999996,345,22469.359931506806,17904.709461421196,take_profit,take_profit
2017-12-11,BUY,11,10507.101,115578.111,347,0.0,0.0,buy_signal,buy
2017-12-12,SELL,17,10537.892,179144.164,329,4168.920945205471,3322.0046551869796,take_profit,take_profit
2017-12-12,SELL,8,10537.892,84303.136,336,1964.826739726022,1565.6721875506805,take_profit,take_profit
2017-12-12,SELL,7,10537.892,73765.244,337,1555.1429178082292,1239.2156340554875,take_profit,take_profit
2017-12-12,SELL,7,10537.892,73765.244,339,1776.0830547945172,1415.2717822130112,take_profit,take_profit
2017-12-12,SELL,44,10537.892,463667.248,346,11626.057315068525,9264.223771512354,take_profit,take_profit
2017-12-12,BUY,8,10542.108,84336.864,348,0.0,0.0,buy_signal,buy
2017-12-13,BUY,30,10497.099,314912.97000000003,349,0.0,0.0,buy_signal,buy
2017-12-14,BUY,2,10337.067,20674.134,350,0.0,0.0,buy_signal,buy
2017-12-15,BUY,38,10267.053,390148.01399999997,351,0.0,0.0,buy_signal,buy
2017-12-18,BUY,44,10392.078,457251.432,352,0.0,0.0,buy_signal,buy
2017-12-19,SELL,38,10562.887,401389.706,351,11181.306356164423,8909.823969909621,take_profit,take_profit
2017-12-19,BUY,29,10567.113,306446.277,353,0.0,0.0,buy_signal,buy
2017-12-20,BUY,31,10457.091,324169.821,354,0.0,0.0,buy_signal,buy
2017-12-21,BUY,9,10467.092999999999,94203.83699999998,355,0.0,0.0,buy_signal,buy
2017-12-22,BUY,8,10457.091,83656.728,356,0.0,0.0,buy_signal,buy
2017-12-25,BUY,1,10502.1,10502.1,357,0.0,0.0,buy_signal,buy
2017-12-26,SELL,2,10517.896,21035.792,350,348.84397260274284,277.9763195684956,take_profit,take_profit
2017-12-26,BUY,15,10522.104,157831.56,358,0.0,0.0,buy_signal,buy
2017-12-27,BUY,18,10502.1,189037.80000000002,359,0.0,0.0,buy_signal,buy
2017-12-28,BUY,14,10552.11,147729.54,360,0.0,0.0,buy_signal,buy
2017-12-29,BUY,30,10472.094,314162.81999999995,361,0.0,0.0,buy_signal,buy
2018-01-04,BUY,29,10762.152,312102.408,362,0.0,0.0,buy_signal,buy
2018-01-05,SELL,7,11197.76,78384.32,341,4291.344342465763,3419.557739293843,take_profit,take_profit
2018-01-05,SELL,10,11197.76,111977.6,342,6938.672191780826,5529.080936020551,take_profit,take_profit
2018-01-05,SELL,11,11197.76,123175.36,347,7455.590095890407,5940.98696791027,take_profit,take_profit
2018-01-05,SELL,8,11197.76,89582.08,348,5148.6597260273975,4102.709502684932,take_profit,take_profit
2018-01-05,SELL,30,11197.76,335932.8,349,20681.896849315028,16480.36950437668,take_profit,take_profit
2018-01-05,SELL,44,11197.76,492701.44,352,35058.704547945235,27936.52871903016,take_profit,take_profit
2018-01-05,SELL,29,11197.76,324735.04,353,18054.261849315044,14386.538554626693,take_profit,take_profit
2018-01-05,SELL,31,11197.76,347130.56,354,22734.98765753425,18116.374914906166,take_profit,take_profit
2018-01-05,SELL,9,11197.76,100779.84,355,6517.718506849326,5193.643992182886,take_profit,take_profit
2018-01-05,SELL,8,11197.76,89582.08,356,5879.962849315068,4685.448396476711,take_profit,take_profit
2018-01-05,SELL,1,11197.76,11197.76,357,690.7914520547944,550.4571685698629,take_profit,take_profit
2018-01-05,SELL,15,11197.76,167966.4,358,10073.93424657534,8027.41450438356,take_profit,take_profit
2018-01-05,SELL,18,11197.76,201559.68,359,12463.291726027373,9931.374011884913,take_profit,take_profit
2018-01-05,SELL,14,11197.76,156768.64,360,9004.845643835622,7175.511251290416,take_profit,take_profit
2018-01-05,SELL,30,11197.76,335932.8,361,21720.55808219182,17308.02670779455,take_profit,take_profit
2018-01-05,SELL,29,11197.76,324735.04,362,12608.016164383545,10046.697680589028,take_profit,take_profit
2018-01-15,BUY,28,11362.271999999999,318143.616,363,0.0,0.0,buy_signal,buy
2018-01-16,BUY,33,11277.255,372149.415,364,0.0,0.0,buy_signal,buy
2018-01-17,SELL,33,11317.736,373485.288,364,1306.7859863013912,1041.3124131842635,take_profit,take_profit
2018-01-17,BUY,8,11322.264,90578.112,365,0.0,0.0,buy_signal,buy
2018-01-18,BUY,22,11652.33,256351.26,366,0.0,0.0,buy_signal,buy
2018-01-19,BUY,28,11377.275,318563.7,367,0.0,0.0,buy_signal,buy
2018-01-22,BUY,11,11342.268,124764.948,368,0.0,0.0,buy_signal,buy
2018-01-23,BUY,15,11467.293,172009.395,369,0.0,0.0,buy_signal,buy
2018-01-24,SELL,28,11537.692000000001,323055.37600000005,363,4740.364712328835,3777.359621019232,take_profit,take_profit
2018-01-24,SELL,8,11537.692000000001,92301.53600000001,365,1688.4155616438493,1345.4139402959013,take_profit,take_profit
2018-01-24,SELL,28,11537.692000000001,323055.37600000005,367,4417.915561643871,3520.4160152959184,take_profit,take_profit
2018-01-24,SELL,11,11537.692000000001,126914.61200000001,368,2130.2642191780865,1697.5010430520583,take_profit,take_profit
2018-01-24,BUY,1,11542.307999999999,11542.307999999999,370,0.0,0.0,buy_signal,buy
2018-01-25,BUY,31,11292.258,350059.998,371,0.0,0.0,buy_signal,buy
2018-01-26,BUY,40,11297.259,451890.36,372,0.0,0.0,buy_signal,buy
2018-01-29,BUY,40,11262.252,450490.08,373,0.0,0.0,buy_signal,buy
2018-01-30,BUY,41,11122.224,456011.184,374,0.0,0.0,buy_signal,buy
2018-01-31,BUY,42,10767.153,452220.42600000004,375,0.0,0.0,buy_signal,buy
2018-02-01,BUY,42,10847.169,455581.098,376,0.0,0.0,buy_signal,buy
2018-02-02,SELL,42,10897.82,457708.44,375,5418.066164383528,4317.386023089015,take_profit,take_profit
2018-02-02,BUY,26,10902.18,283456.68,377,0.0,0.0,buy_signal,buy
2018-02-05,BUY,44,10437.087,459231.828,378,0.0,0.0,buy_signal,buy
2018-02-06,BUY,48,9401.88,451290.24,379,0.0,0.0,buy_signal,buy
2018-02-07,BUY,46,9826.965,452040.39,380,0.0,0.0,buy_signal,buy
2018-02-08,BUY,79,9391.878,741958.3620000001,381,0.0,0.0,buy_signal,buy
2018-02-09,BUY,84,8876.775,745649.1,382,0.0,0.0,buy_signal,buy
2018-02-13,SELL,84,9308.138,781883.5920000001,382,36175.78865753433,28826.67719175623,take_profit,take_profit
2018-02-13,BUY,80,9311.862,744948.96,383,0.0,0.0,buy_signal,buy
2018-02-14,BUY,83,8976.795,745073.985,384,0.0,0.0,buy_signal,buy
2018-02-15,BUY,82,9086.817,745118.994,385,0.0,0.0,buy_signal,buy
2018-02-16,SELL,83,9243.151,767181.5329999999,384,21992.685095890363,17524.871118660238,take_profit,take_profit
2018-02-16,BUY,80,9246.849,739747.92,386,0.0,0.0,buy_signal,buy
2018-02-19,SELL,82,9513.097,780073.954,385,34838.49304109597,27761.053179797324,take_profit,take_profit
2018-02-19,SELL,80,9513.097,761047.76,386,21242.397808219146,16927.004693479426,take_profit,take_profit
2018-02-19,BUY,78,9516.903,742318.434,387,0.0,0.0,buy_signal,buy
2018-02-20,SELL,48,9663.067000000001,463827.216,379,12230.028493150709,9745.498204767142,take_profit,take_profit
2018-02-20,SELL,79,9663.067000000001,763382.2930000001,381,21031.58886301368,16759.02158549245,take_profit,take_profit
2018-02-20,SELL,80,9663.067000000001,773045.3600000001,383,27813.454246575482,22163.151016383672,take_profit,take_profit
2018-02-20,SELL,78,9663.067000000001,753719.226,387,11342.512109589057,9038.28077452604,take_profit,take_profit
2018-02-21,BUY,8,9571.914,76575.312,388,0.0,0.0,buy_signal,buy
2018-02-23,BUY,79,9431.886,745118.9940000001,389,0.0,0.0,buy_signal,buy
2018-02-26,BUY,33,9746.949,321649.31700000004,390,0.0,0.0,buy_signal,buy
2018-02-27,SELL,8,9948.01,79584.08,388,2985.3001643835582,2378.8364359890384,take_profit,take_profit
2018-02-27,SELL,79,9948.01,785892.79,389,40657.01452054792,32397.54202069861,take_profit,take_profit
2018-02-28,SELL,46,9868.026,453929.196,380,1423.7321369862836,1134.50095335752,take_profit,take_profit
2018-02-28,SELL,33,9868.026,325644.858,390,3945.619684931475,3144.067045937646,take_profit,take_profit
2018-03-02,BUY,68,8926.785,607021.38,391,0.0,0.0,buy_signal,buy
2018-03-05,BUY,85,8776.755,746024.1749999999,392,0.0,0.0,buy_signal,buy
2018-03-06,BUY,81,9121.824,738867.7440000001,393,0.0,0.0,buy_signal,buy
2018-03-07,SELL,68,8968.206,609838.008,391,2676.8274520548207,2133.029955169884,take_profit,take_profit
2018-03-07,SELL,85,8968.206,762297.51,392,16156.6171917809,12874.40040927061,take_profit,take_profit
2018-03-07,BUY,83,8971.794,744658.902,394,0.0,0.0,buy_signal,buy
2018-03-08,BUY,81,9151.83,741298.23,395,0.0,0.0,buy_signal,buy
2018-03-09,BUY,81,9201.84,745349.04,396,0.0,0.0,buy_signal,buy
2018-03-12,SELL,83,9513.097,789587.051,394,44755.663630136965,35663.55056367464,take_profit,take_profit
2018-03-13,SELL,81,9358.128,758008.368,393,18856.9686575342,15026.175474756126,take_profit,take_profit
2018-03-13,SELL,81,9358.128,758008.368,395,16538.670986301404,13178.839975434274,take_profit,take_profit
2018-03-13,SELL,81,9358.128,758008.368,396,12543.939616438336,9995.638283358889,take_profit,take_profit
2018-03-20,BUY,80,8971.794,717743.52,397,0.0,0.0,buy_signal,buy
2018-03-22,BUY,82,9036.807,741018.1740000001,398,0.0,0.0,buy_signal,buy
2018-03-23,BUY,9,8691.738,78225.64199999999,399,0.0,0.0,buy_signal,buy
2018-03-26,BUY,91,8201.64,746349.24,400,0.0,0.0,buy_signal,buy
2018-03-27,SELL,91,8668.266,788812.206,400,42403.62901369864,33789.331779565764,take_profit,take_profit
2018-03-27,BUY,86,8671.734,745769.1240000001,401,0.0,0.0,buy_signal,buy
2018-03-28,SELL,9,8703.259,78329.331,399,85.86949315069796,68.42510561713367,take_profit,take_profit
2018-03-28,SELL,86,8703.259,748480.274,401,2652.203479451962,2113.4083426012958,take_profit,take_profit
2018-03-28,BUY,27,8706.741,235082.007,402,0.0,0.0,buy_signal,buy
2018-03-29,SELL,27,9058.188,244571.076,402,9470.717876712317,7546.7415400582095,take_profit,take_profit
2018-03-29,BUY,82,9061.812,743068.584,403,0.0,0.0,buy_signal,buy
2018-03-30,BUY,81,9156.831,741703.311,404,0.0,0.0,buy_signal,buy
2018-04-02,SELL,80,9198.16,735852.8,397,17672.84821917811,14082.609103452078,take_profit,take_profit
2018-04-02,SELL,82,9198.16,754249.12,398,12840.500191780702,10231.952577820452,take_profit,take_profit
2018-04-02,SELL,82,9198.16,754249.12,403,11066.207780821882,8818.107670147916,take_profit,take_profit
2018-04-04,BUY,9,9196.839,82771.551,405,0.0,0.0,buy_signal,buy
2018-04-06,SELL,81,9363.127,758413.287,404,16424.36334246578,13087.753929443856,take_profit,take_profit
2018-04-06,SELL,9,9363.127,84268.14300000001,405,1483.8193972602783,1182.3814867068527,take_profit,take_profit
2018-05-22,SELL,44,10592.881,466086.76399999997,378,4569.120328767111,3640.903533978072,take_profit,take_profit
2018-05-25,BUY,36,9991.998,359711.92799999996,406,0.0,0.0,buy_signal,buy
2018-05-28,BUY,47,10112.021999999999,475265.0339999999,407,0.0,0.0,buy_signal,buy
2018-05-29,BUY,42,10052.01,422184.42,408,0.0,0.0,buy_signal,buy
2018-05-30,BUY,77,9656.931,743583.687,409,0.0,0.0,buy_signal,buy
2018-05-31,BUY,75,9836.967,737772.525,410,0.0,0.0,buy_signal,buy
2018-06-01,SELL,77,9778.044,752909.388,409,9210.251630136987,7339.189011474658,take_profit,take_profit
2018-06-01,BUY,70,9781.956,684736.92,411,0.0,0.0,buy_signal,buy
2018-06-04,BUY,74,10002.0,740148.0,412,0.0,0.0,buy_signal,buy
2018-06-05,SELL,75,10162.967,762222.525,410,24278.77808219178,19346.54431479452,take_profit,take_profit
2018-06-05,SELL,70,10162.967,711407.6900000001,411,26563.909726027417,21167.451465184946,take_profit,take_profit
2018-06-06,SELL,36,10137.972,364966.99199999997,406,5034.822904109602,4011.998631139736,take_profit,take_profit
2018-06-06,SELL,74,10137.972,750209.928,412,9947.088109588998,7926.337160125993,take_profit,take_profit
2018-06-07,SELL,42,10357.928,435032.976,408,12623.682246575383,10059.181198183594,take_profit,take_profit
2018-06-08,SELL,47,10382.923,487997.38100000005,407,12406.790232876838,9886.35079706791,take_profit,take_profit
2018-06-19,BUY,1,10172.034,10172.034,413,0.0,0.0,buy_signal,buy
2018-06-20,BUY,74,9976.994999999999,738297.6299999999,414,0.0,0.0,buy_signal,buy
2018-06-21,SELL,74,10117.976,748730.224,414,10374.97536986317,8267.299123475466,take_profit,take_profit
2018-06-21,BUY,21,10122.024,212562.504,415,0.0,0.0,buy_signal,buy
2018-06-25,BUY,24,10157.030999999999,243768.74399999998,416,0.0,0.0,buy_signal,buy
2018-06-26,BUY,75,9816.963,736272.225,417,0.0,0.0,buy_signal,buy
2018-06-27,SELL,75,9973.005000000001,747975.3750000001,417,11645.759589041236,9279.92352852751,take_profit,take_profit
2018-06-27,BUY,8,9976.994999999999,79815.95999999999,418,0.0,0.0,buy_signal,buy
2018-06-28,BUY,75,9876.975,740773.125,419,0.0,0.0,buy_signal,buy
2018-06-29,BUY,74,9971.994,737927.5560000001,420,0.0,0.0,buy_signal,buy
2018-07-02,BUY,47,9886.976999999999,464687.91899999994,421,0.0,0.0,buy_signal,buy
2018-07-03,BUY,78,9571.914,746609.292,422,0.0,0.0,buy_signal,buy
2018-07-04,BUY,79,9371.874,740378.046,423,0.0,0.0,buy_signal,buy
2018-07-05,BUY,79,9396.878999999999,742353.4409999999,424,0.0,0.0,buy_signal,buy
2018-07-06,BUY,79,9376.875,740773.125,425,0.0,0.0,buy_signal,buy
2018-07-09,SELL,79,9558.088,755088.9519999999,423,14540.006273972562,11586.203999415036,take_profit,take_profit
2018-07-09,SELL,79,9558.088,755088.9519999999,424,12621.699054794577,10057.60089181306,take_profit,take_profit
2018-07-09,SELL,79,9558.088,755088.9519999999,425,14258.254397260205,11361.690016456794,take_profit,take_profit
2018-07-09,BUY,78,9561.912,745829.136,426,0.0,0.0,buy_signal,buy
2018-07-10,SELL,78,9838.032000000001,767366.496,422,20473.732767123314,16314.493955482212,take_profit,take_profit
2018-07-10,SELL,78,9838.032000000001,767366.496,426,21479.31945205478,17115.795705369852,take_profit,take_profit
2018-07-10,BUY,6,9841.967999999999,59051.80799999999,427,0.0,0.0,buy_signal,buy
2018-07-12,BUY,43,9681.936,416323.24799999996,428,0.0,0.0,buy_signal,buy
2018-07-13,SELL,43,10022.995,430988.78500000003,428,14633.127958904179,11660.408014052795,take_profit,take_profit
2018-07-16,SELL,8,10192.961,81543.688,418,1650.3221917808248,1315.0592385205503,take_profit,take_profit
2018-07-16,SELL,75,10192.961,764472.075,419,23030.3445205479,18351.730031198596,take_profit,take_profit
2018-07-16,SELL,74,10192.961,754279.114,420,15748.20863013683,12548.960046924534,take_profit,take_profit
2018-07-16,SELL,47,10192.961,479069.16699999996,421,14033.914136986323,11182.92448005755,take_profit,take_profit
2018-07-16,SELL,6,10192.961,61157.765999999996,427,2087.7955890411017,1663.659915127402,take_profit,take_profit
2018-07-18,SELL,21,10472.905,219931.005,415,7067.340287671252,5631.610108230837,take_profit,take_profit
2018-07-19,SELL,1,10437.912,10437.912,413,249.20189041095952,198.57652637397308,take_profit,take_profit
2018-07-19,SELL,24,10437.912,250509.888,416,6415.444931506879,5112.147293671256,take_profit,take_profit
2018-07-24,BUY,2,10137.027,20274.054,429,0.0,0.0,buy_signal,buy
2018-07-30,SELL,2,10187.962,20375.924,429,95.62178082191679,76.19621604794439,take_profit,take_profit
2018-08-06,BUY,1,10122.024,10122.024,430,0.0,0.0,buy_signal,buy
2018-08-13,BUY,76,9756.951,741528.276,431,0.0,0.0,buy_signal,buy
2018-08-14,BUY,77,9681.936,745509.0719999999,432,0.0,0.0,buy_signal,buy
2018-08-15,SELL,76,9948.01,756048.76,431,14407.087835616494,11480.287941811002,take_profit,take_profit
2018-08-15,SELL,77,9948.01,765996.77,432,20429.04298630146,16278.88290363432,take_profit,take_profit
2018-08-15,BUY,53,9951.99,527455.47,433,0.0,0.0,buy_signal,buy
2018-08-16,BUY,78,9576.914999999999,746999.3699999999,434,0.0,0.0,buy_signal,buy
2018-08-17,SELL,78,9923.015,773995.1699999999,434,26937.01150684936,21464.757619232914,take_profit,take_profit
2018-08-17,BUY,75,9926.985,744523.875,435,0.0,0.0,buy_signal,buy
2018-08-20,BUY,38,9846.969,374184.822,436,0.0,0.0,buy_signal,buy
2018-08-21,BUY,7,9741.948,68193.636,437,0.0,0.0,buy_signal,buy
2018-08-22,BUY,63,9826.965,619098.795,438,0.0,0.0,buy_signal,buy
2018-08-23,SELL,7,9993.001,69951.007,437,1746.7467260273963,1391.8951286349306,take_profit,take_profit
2018-08-23,SELL,63,9993.001,629559.063,438,10412.229205479376,8296.98484238624,take_profit,take_profit
2018-08-24,SELL,38,10067.986,382583.46800000005,436,8283.253013698697,6600.510163965807,take_profit,take_profit
2018-08-27,SELL,53,10232.953,542346.509,433,14568.70606849314,11609.07343067876,take_profit,take_profit
2018-08-27,SELL,75,10232.953,767471.475,435,22604.52328767121,18012.414381780804,take_profit,take_profit
2018-08-28,SELL,1,10487.902,10487.902,430,353.62512328767184,281.7861794917813,take_profit,take_profit
2018-09-06,BUY,6,10067.012999999999,60402.077999999994,439,0.0,0.0,buy_signal,buy
2018-09-07,BUY,43,9951.99,427935.57,440,0.0,0.0,buy_signal,buy
2018-09-10,BUY,75,9881.976,741148.2000000001,441,0.0,0.0,buy_signal,buy
2018-09-11,BUY,67,10052.01,673484.67,442,0.0,0.0,buy_signal,buy
2018-09-12,SELL,6,10272.945,61637.67,439,1217.084383561648,969.8336910410993,take_profit,take_profit
2018-09-12,SELL,43,10272.945,441736.635,440,13701.66078082192,10918.168393197946,take_profit,take_profit
2018-09-12,SELL,75,10272.945,770470.875,441,29206.34075342459,23273.072629366383,take_profit,take_profit
2018-09-12,SELL,67,10272.945,688287.315,442,14750.065602739629,11753.589775543074,take_profit,take_profit
2018-09-20,SELL,42,11242.751,472195.542,376,11562.21912328769,9213.354308391796,take_profit,take_profit
2018-09-20,SELL,26,11242.751,292311.526,377,5749.277780821937,4581.311999647961,take_profit,take_profit
2018-09-25,SELL,41,11347.73,465256.93,374,4175.155808219163,3326.97290577944,take_profit,take_profit
2018-09-26,SELL,40,11477.704,459108.16,373,3601.845479452011,2870.130570301335,take_profit,take_profit
2018-09-27,SELL,31,11557.688,358288.328,371,4259.810219178042,3394.429773152023,take_profit,take_profit
2018-09-27,SELL,40,11557.688,462307.52,372,5330.933150684962,4247.954081123312,take_profit,take_profit
2018-09-28,BUY,1,11697.339,11697.339,443,0.0,0.0,buy_signal,buy
2018-10-01,SELL,15,11797.64,176964.59999999998,369,2981.6480136986165,2375.9262197157427,take_profit,take_profit
2018-10-01,SELL,1,11797.64,11797.64,370,124.65523287671272,99.33152231780852,take_profit,take_profit
2018-10-02,SELL,22,11992.601,263837.222,366,4513.972958904109,3596.9593523027393,take_profit,take_profit
2018-10-02,SELL,1,11992.601,11992.601,443,293.4485205479458,233.8344535986306,take_profit,take_profit
2018-10-04,BUY,1,11872.374,11872.374,444,0.0,0.0,buy_signal,buy
2018-10-05,BUY,2,11417.283,22834.566,445,0.0,0.0,buy_signal,buy
2018-10-09,BUY,8,11197.239,89577.912,446,0.0,0.0,buy_signal,buy
2018-10-10,BUY,27,11172.234,301650.318,447,0.0,0.0,buy_signal,buy
2018-10-11,BUY,28,10387.077,290838.15599999996,448,0.0,0.0,buy_signal,buy
2018-10-12,BUY,70,10202.039999999999,714142.7999999999,449,0.0,0.0,buy_signal,buy
2018-10-15,SELL,70,10202.959,714207.13,449,8.48342465760875,6.760016938415533,take_profit,take_profit
2018-10-15,BUY,68,10207.041,694078.788,450,0.0,0.0,buy_signal,buy
2018-10-16,BUY,74,9996.999,739777.926,451,0.0,0.0,buy_signal,buy
2018-10-17,SELL,74,10487.902,776104.748,451,36268.80600000004,28900.79806110003,take_profit,take_profit
2018-10-17,BUY,66,10492.098,692478.468,452,0.0,0.0,buy_signal,buy
2018-10-18,SELL,68,10492.901,713517.268,450,19278.465753424756,15362.045435616517,take_profit,take_profit
2018-10-18,BUY,53,10497.099,556346.247,453,0.0,0.0,buy_signal,buy
2018-10-19,BUY,57,10002.0,570114.0,454,0.0,0.0,buy_signal,buy
2018-10-22,SELL,57,10057.988,573305.316,454,3146.737315068485,2507.477629512322,take_profit,take_profit
2018-10-22,BUY,65,10062.012,654030.78,455,0.0,0.0,buy_signal,buy
2018-10-23,SELL,65,10082.983,655393.895,455,1311.8807534246482,1045.372178366431,take_profit,take_profit
2018-10-23,BUY,54,10087.017,544698.918,456,0.0,0.0,buy_signal,buy
2018-10-24,BUY,74,9876.975,730896.15,457,0.0,0.0,buy_signal,buy
2018-10-25,BUY,80,9201.84,736147.2,458,0.0,0.0,buy_signal,buy
2018-10-26,BUY,81,9231.846,747779.526,459,0.0,0.0,buy_signal,buy
2018-10-29,BUY,82,9106.821,746759.322,460,0.0,0.0,buy_signal,buy
2018-10-30,BUY,84,8846.769,743128.596,461,0.0,0.0,buy_signal,buy
2018-10-31,SELL,84,9378.124,787762.416,461,44574.472273972555,35519.16823151503,take_profit,take_profit
2018-10-31,BUY,78,9381.876,731786.328,462,0.0,0.0,buy_signal,buy
2018-11-01,SELL,80,9503.099,760247.92,458,23819.73808219187,18980.75829079459,take_profit,take_profit
2018-11-01,SELL,81,9503.099,769751.019,459,21743.232780821934,17326.09504139796,take_profit,take_profit
2018-11-01,SELL,82,9503.099,779254.118,460,32320.237095890385,25754.380929860254,take_profit,take_profit
2018-11-01,SELL,78,9503.099,741241.7220000001,462,9398.041561643924,7488.829418395961,take_profit,take_profit
2018-11-01,BUY,66,9506.901,627455.466,463,0.0,0.0,buy_signal,buy
2018-11-02,BUY,69,9506.901,655976.169,464,0.0,0.0,buy_signal,buy
2018-11-05,SELL,66,9603.079,633803.214,463,6250.158410958926,4980.43872977262,take_profit,take_profit
2018-11-05,SELL,69,9603.079,662612.451,464,6583.985671232883,5246.448982121923,take_profit,take_profit
2018-11-05,BUY,12,9606.921,115283.052,465,0.0,0.0,buy_signal,buy
2018-11-06,BUY,37,9706.940999999999,359156.817,466,0.0,0.0,buy_signal,buy
2018-11-07,BUY,15,9816.963,147254.445,467,0.0,0.0,buy_signal,buy
2018-11-08,BUY,23,10117.023,232691.52899999998,468,0.0,0.0,buy_signal,buy
2018-11-09,SELL,74,10052.989,743921.186,457,12377.692109589005,9863.163957525998,take_profit,take_profit
2018-11-09,SELL,12,10052.989,120635.86799999999,465,5316.753534246567,4236.655053764377,take_profit,take_profit
2018-11-09,SELL,37,10052.989,371960.593,466,12719.718082191794,10135.70735379453,take_profit,take_profit
2018-11-09,SELL,15,10052.989,150794.835,467,3517.571917808204,2802.9771827054674,take_profit,take_profit
2018-11-09,BUY,3,10057.011,30171.033000000003,469,0.0,0.0,buy_signal,buy
2018-11-12,BUY,17,9756.951,165868.167,470,0.0,0.0,buy_signal,buy
2018-11-13,BUY,10,9401.88,94018.79999999999,471,0.0,0.0,buy_signal,buy
2018-11-14,BUY,50,9521.904,476095.2,472,0.0,0.0,buy_signal,buy
2018-11-15,BUY,42,9351.869999999999,392778.54,473,0.0,0.0,buy_signal,buy
2018-11-16,BUY,52,9501.9,494098.8,474,0.0,0.0,buy_signal,buy
2018-11-19,BUY,56,9361.872,524264.83199999994,475,0.0,0.0,buy_signal,buy
2018-11-20,BUY,40,9251.85,370074.0,476,0.0,0.0,buy_signal,buy
2018-11-21,BUY,56,9001.8,504100.79999999993,477,0.0,0.0,buy_signal,buy
2018-11-22,SELL,56,9293.141,520415.89599999995,477,16275.423452054814,12969.071177769878,take_profit,take_profit
2018-11-22,BUY,58,9296.859,539217.822,478,0.0,0.0,buy_signal,buy
2018-11-26,BUY,50,9361.872,468093.6,479,0.0,0.0,buy_signal,buy
2018-11-27,SELL,40,9628.074,385122.96,476,14934.290410958925,11900.38931397262,take_profit,take_profit
2018-11-27,SELL,58,9628.074,558428.292,478,19126.600410958876,15241.03153747258,take_profit,take_profit
2018-11-27,BUY,26,9631.926,250430.076,480,0.0,0.0,buy_signal,buy
2018-11-28,SELL,10,9708.058,97080.58000000002,471,2989.401917808247,2382.1049182055017,take_profit,take_profit
2018-11-28,SELL,42,9708.058,407738.43600000005,473,14717.140602739792,11727.353489293204,take_profit,take_profit
2018-11-28,SELL,56,9708.058,543651.248,475,19143.762630137073,15254.707251824726,take_profit,take_profit
2018-11-28,SELL,50,9708.058,485402.9,479,17235.98219178087,13734.492409520586,take_profit,take_profit
2018-11-28,BUY,16,9711.942,155391.072,481,0.0,0.0,buy_signal,buy
2018-11-29,SELL,50,9973.005000000001,498650.25000000006,472,22191.913013698675,17683.62588496579,take_profit,take_profit
2018-11-29,SELL,52,9973.005000000001,518596.26000000007,474,24195.569369863093,19280.239452375405,take_profit,take_profit
2018-11-29,SELL,26,9973.005000000001,259298.13000000003,480,8829.290493150718,7035.62012946715,take_profit,take_profit
2018-11-29,BUY,5,9976.994999999999,49884.97499999999,482,0.0,0.0,buy_signal,buy
2018-11-30,SELL,16,9893.021,158288.336,481,2873.1149589041343,2289.4416550027595,take_profit,take_profit
2018-11-30,BUY,4,9896.979,39587.916,483,0.0,0.0,buy_signal,buy
2018-12-03,SELL,17,10182.963,173110.37099999998,470,7067.603287671231,5631.8196797808205,take_profit,take_profit
2018-12-03,BUY,4,10187.037,40748.148,484,0.0,0.0,buy_signal,buy
2018-12-04,SELL,5,10122.975,50614.875,482,718.3989041095978,572.456166739733,take_profit,take_profit
2018-12-04,SELL,4,10122.975,40491.9,483,897.8086575342506,715.4188287561676,take_profit,take_profit
2018-12-04,BUY,2,10127.025,20254.05,485,0.0,0.0,buy_signal,buy
2018-12-05,BUY,31,9396.878999999999,291303.24899999995,486,0.0,0.0,buy_signal,buy
2018-12-06,SELL,31,9443.111,292736.44100000005,486,1410.4694246576316,1123.9325610384337,take_profit,take_profit
2018-12-06,BUY,50,9446.889,472344.44999999995,487,0.0,0.0,buy_signal,buy
2018-12-07,BUY,76,9306.860999999999,707321.4359999999,488,0.0,0.0,buy_signal,buy
2018-12-10,BUY,72,9001.8,648129.6,489,0.0,0.0,buy_signal,buy
2018-12-11,BUY,82,9001.8,738147.6,490,0.0,0.0,buy_signal,buy
2018-12-12,BUY,81,9071.814,734816.934,491,0.0,0.0,buy_signal,buy
2018-12-13,SELL,72,9398.12,676664.64,489,28385.137972602777,22618.697193468524,take_profit,take_profit
2018-12-13,SELL,82,9398.12,770645.8400000001,490,32383.88032876723,25805.09503997817,take_profit,take_profit
2018-12-13,SELL,81,9398.12,761247.7200000001,491,26373.09180821926,21015.398207379516,take_profit,take_profit
2018-12-13,BUY,58,9401.88,545309.0399999999,492,0.0,0.0,buy_signal,buy
2018-12-14,SELL,76,9338.132,709698.032,488,2108.817808219314,1680.4114704795604,take_profit,take_profit
2018-12-14,BUY,29,9341.868,270914.172,493,0.0,0.0,buy_signal,buy
2018-12-17,BUY,71,9081.815999999999,644808.9359999999,494,0.0,0.0,buy_signal,buy
2018-12-18,BUY,50,8931.786,446589.3,495,0.0,0.0,buy_signal,buy
2018-12-19,BUY,76,8831.766,671214.216,496,0.0,0.0,buy_signal,buy
2018-12-20,BUY,85,8551.71,726895.35,497,0.0,0.0,buy_signal,buy
2018-12-21,BUY,92,8161.632,750870.144,498,0.0,0.0,buy_signal,buy
2018-12-25,BUY,101,7466.4929999999995,754115.793,499,0.0,0.0,buy_signal,buy
2018-12-26,BUY,100,7471.494,747149.4,500,0.0,0.0,buy_signal,buy
2018-12-28,SELL,101,7898.42,797740.42,499,43449.48469863023,34622.7218821035,take_profit,take_profit
2018-12-28,SELL,100,7898.42,789842.0,500,42574.73150684929,33925.67480123286,take_profit,take_profit
2019-01-21,SELL,92,8598.28,791041.76,498,39326.052821917845,31336.965191145235,take_profit,take_profit
2019-02-14,SELL,85,8808.238,748700.23,497,20030.475890410962,15961.284713273975,take_profit,take_profit
2019-02-21,SELL,76,9013.197,685002.9720000001,496,11892.999506849368,9476.936657032918,take_profit,take_profit
2019-02-22,SELL,50,8993.201000000001,449660.05000000005,495,1754.750000000058,1398.2725375000462,take_profit,take_profit
2019-03-05,SELL,71,9293.141,659813.0109999999,494,12736.801849315138,10149.320553626767,take_profit,take_profit
2019-03-11,BUY,5,8741.748,43708.74,501,0.0,0.0,buy_signal,buy
2019-03-12,BUY,5,9036.807,45184.035,502,0.0,0.0,buy_signal,buy
2019-03-13,SELL,5,9043.191,45215.955,501,1500.347328767127,1195.551768928085,take_profit,take_profit
2019-03-13,BUY,1,9046.809,9046.809,503,0.0,0.0,buy_signal,buy
2019-03-14,BUY,2,9091.818,18183.636,504,0.0,0.0,buy_signal,buy
2019-03-15,BUY,1,9006.801,9006.801,505,0.0,0.0,buy_signal,buy
2019-03-19,SELL,1,9163.167,9163.167,505,154.96791780821917,123.48618530547944,take_profit,take_profit
2019-03-22,SELL,5,9188.162,45940.81,502,732.4073287671175,583.6187799280776,take_profit,take_profit
2019-03-22,SELL,1,9188.162,9188.162,503,137.1802328767133,109.31206856780898,take_profit,take_profit
2019-03-26,BUY,5,8806.761,44033.805,506,0.0,0.0,buy_signal,buy
2019-03-27,SELL,5,9098.18,45490.9,506,1453.6295205479464,1158.324683448631,take_profit,take_profit
2019-03-29,BUY,4,9016.803,36067.212,507,0.0,0.0,buy_signal,buy
2019-04-01,BUY,2,9261.851999999999,18523.703999999998,508,0.0,0.0,buy_signal,buy
2019-04-02,SELL,2,9423.115,18846.23,504,645.9635342465763,514.7360422643843,take_profit,take_profit
2019-04-02,SELL,4,9423.115,37692.46,507,1619.667945205479,1290.632402136986,take_profit,take_profit
2019-04-05,SELL,2,9423.115,18846.23,508,316.8078630137003,252.44834564246707,take_profit,take_profit
2019-04-08,SELL,29,9568.086,277474.494,493,5149.177232876698,4103.121878017797,take_profit,take_profit
2019-04-15,SELL,58,9723.055,563937.1900000001,492,15553.873506849455,12394.104103932988,take_profit,take_profit
2019-04-16,SELL,50,9768.046,488402.3,487,13194.773287671269,10514.25509428085,take_profit,take_profit
2019-04-25,BUY,1,9821.964,9821.964,509,0.0,0.0,buy_signal,buy
2019-05-07,BUY,4,9771.954,39087.816,510,0.0,0.0,buy_signal,buy
2019-05-08,BUY,10,9296.859,92968.59,511,0.0,0.0,buy_signal,buy
2019-05-09,BUY,15,9211.842,138177.63,512,0.0,0.0,buy_signal,buy
2019-05-10,BUY,18,9126.824999999999,164282.84999999998,513,0.0,0.0,buy_signal,buy
2019-05-13,BUY,19,8941.788,169893.972,514,0.0,0.0,buy_signal,buy
2019-05-14,BUY,9,8651.73,77865.56999999999,515,0.0,0.0,buy_signal,buy
2019-05-15,SELL,9,8958.208,80623.872,515,2752.1400821917914,2193.0428244945288,take_profit,take_profit
2019-05-15,BUY,8,8961.792,71694.336,516,0.0,0.0,buy_signal,buy
2019-05-16,BUY,8,8906.780999999999,71254.24799999999,517,0.0,0.0,buy_signal,buy
2019-05-17,BUY,8,8996.798999999999,71974.39199999999,518,0.0,0.0,buy_signal,buy
2019-05-20,BUY,5,9036.807,45184.035,519,0.0,0.0,buy_signal,buy
2019-05-21,BUY,16,8951.789999999999,143228.63999999998,520,0.0,0.0,buy_signal,buy
2019-05-22,BUY,17,9101.82,154730.94,521,0.0,0.0,buy_signal,buy
2019-05-23,BUY,17,8931.786,151840.362,522,0.0,0.0,buy_signal,buy
2019-05-24,BUY,18,8721.744,156991.39200000002,523,0.0,0.0,buy_signal,buy
2019-05-27,SELL,18,8918.216,160527.888,523,3524.2550136986147,2808.302607665741,take_profit,take_profit
2019-05-27,BUY,18,8921.784,160592.112,524,0.0,0.0,buy_signal,buy
2019-05-28,BUY,5,8946.789,44733.94500000001,525,0.0,0.0,buy_signal,buy
2019-05-29,BUY,3,8811.762,26435.286,526,0.0,0.0,buy_signal,buy
2019-05-30,BUY,7,8681.735999999999,60772.151999999995,527,0.0,0.0,buy_signal,buy
2019-05-31,BUY,7,8596.719,60177.032999999996,528,0.0,0.0,buy_signal,buy
2019-06-03,BUY,9,8211.642,73904.77799999999,529,0.0,0.0,buy_signal,buy
2019-06-04,BUY,4,8301.66,33206.64,530,0.0,0.0,buy_signal,buy
2019-06-05,BUY,4,8551.71,34206.84,531,0.0,0.0,buy_signal,buy
2019-06-06,SELL,9,8553.289,76979.60100000001,529,3057.4867808219365,2436.35834129796,take_profit,take_profit
2019-06-06,SELL,4,8553.289,34213.156,530,1001.3455890410992,797.9222326273999,take_profit,take_profit
2019-06-06,BUY,1,8556.711,8556.711,532,0.0,0.0,buy_signal,buy
2019-06-07,BUY,1,8656.731,8656.731,533,0.0,0.0,buy_signal,buy
2019-06-11,SELL,7,8833.233,61832.631,527,1023.7652465753491,815.7873367335669,take_profit,take_profit
2019-06-11,SELL,7,8833.233,61832.631,528,1623.5613972602794,1293.7348994068536,take_profit,take_profit
2019-06-11,SELL,4,8833.233,35332.932,531,1115.4443287671274,888.8418133780855,take_profit,take_profit
2019-06-11,SELL,1,8833.233,8833.233,532,274.51789041095975,218.74958097397328,take_profit,take_profit
2019-06-11,SELL,1,8833.233,8833.233,533,175.15608219178122,139.57312409452086,take_profit,take_profit
2019-06-11,BUY,9,8836.767,79530.90299999999,534,0.0,0.0,buy_signal,buy
2019-06-12,BUY,8,8886.777,71094.216,535,0.0,0.0,buy_signal,buy
2019-06-13,BUY,10,8811.762,88117.62000000001,536,0.0,0.0,buy_signal,buy
2019-06-14,BUY,12,8796.759,105561.10800000001,537,0.0,0.0,buy_signal,buy
2019-06-17,BUY,11,8826.765,97094.415,538,0.0,0.0,buy_signal,buy
2019-06-20,SELL,3,9108.178,27324.534,526,857.2071780821914,683.0655398547942,take_profit,take_profit
2019-06-20,SELL,9,9108.178,81973.602,534,2399.838287671241,1912.3111395308283,take_profit,take_profit
2019-06-20,SELL,8,9108.178,72865.424,535,1738.5929863013687,1385.3978211342455,take_profit,take_profit
2019-06-20,SELL,10,9108.178,91081.78,536,2930.20712328766,2334.935546191772,take_profit,take_profit
2019-06-20,SELL,12,9108.178,109298.136,537,3704.3577534246488,2951.8174758164314,take_profit,take_profit
2019-06-20,SELL,11,9108.178,100189.958,538,3073.0632191780874,2448.770426202059,take_profit,take_profit
2019-06-21,SELL,19,9163.167,174100.17299999998,514,3833.4147534246295,3054.6565462664157,take_profit,take_profit
2019-06-21,SELL,8,9163.167,73305.336,516,1465.010301369863,1167.3934586465755,take_profit,take_profit
2019-06-21,SELL,8,9163.167,73305.336,517,1910.5909041095924,1522.4543619397286,take_profit,take_profit
2019-06-21,SELL,16,9163.167,146610.672,520,3134.024109589048,2497.347111726033,take_profit,take_profit
2019-06-21,SELL,17,9163.167,155773.83899999998,522,3693.468671232861,2943.1405106719053,take_profit,take_profit
2019-06-21,SELL,18,9163.167,164937.006,524,4115.290931506849,3279.269578771233,take_profit,take_profit
2019-06-21,SELL,5,9163.167,45815.835,525,1021.5365753424579,814.0114200616376,take_profit,take_profit
2019-06-25,BUY,7,8951.789999999999,62662.52999999999,539,0.0,0.0,buy_signal,buy
2019-06-26,BUY,8,8836.767,70694.136,540,0.0,0.0,buy_signal,buy
2019-06-27,BUY,12,8896.779,106761.348,541,0.0,0.0,buy_signal,buy
2019-06-28,SELL,8,9003.199,72025.592,540,1320.4800000000055,1052.2244880000044,take_profit,take_profit
2019-06-28,BUY,7,9006.801,63047.606999999996,542,0.0,0.0,buy_signal,buy
2019-07-01,BUY,8,9321.864,74574.912,543,0.0,0.0,buy_signal,buy
2019-07-02,SELL,15,9353.129,140296.935,512,1731.397602739719,1379.6641797431453,take_profit,take_profit
2019-07-02,SELL,18,9353.129,168356.32200000001,513,3620.583123287709,2885.061661791811,take_profit,take_profit
2019-07-02,SELL,8,9353.129,74825.032,518,2676.816000000014,2133.020829600011,take_profit,take_profit
2019-07-02,SELL,5,9353.129,46765.645000000004,519,1476.422054794521,1176.486914363014,take_profit,take_profit
2019-07-02,SELL,17,9353.129,159003.19300000003,521,3938.153164383588,3138.117349039062,take_profit,take_profit
2019-07-02,SELL,7,9353.129,65471.903000000006,539,2785.1119589041236,2219.316464452751,take_profit,take_profit
2019-07-02,SELL,12,9353.129,112237.54800000001,541,5450.944767123299,4343.5853376822015,take_profit,take_profit
2019-07-02,SELL,7,9353.129,65471.903000000006,542,2414.4208219178176,1923.9312319452129,take_profit,take_profit
2019-07-02,BUY,2,9356.871,18713.742,544,0.0,0.0,buy_signal,buy
2019-07-03,BUY,2,9356.871,18713.742,545,0.0,0.0,buy_signal,buy
2019-07-04,BUY,3,9381.876,28145.628,546,0.0,0.0,buy_signal,buy
2019-07-05,BUY,3,9356.871,28070.612999999998,547,0.0,0.0,buy_signal,buy
2019-07-08,BUY,2,9326.865,18653.73,548,0.0,0.0,buy_signal,buy
2019-07-09,BUY,7,9271.854,64902.977999999996,549,0.0,0.0,buy_signal,buy
2019-07-10,BUY,7,9211.842,64482.894,550,0.0,0.0,buy_signal,buy
2019-07-11,BUY,7,9241.848,64692.936,551,0.0,0.0,buy_signal,buy
2019-07-12,BUY,6,9366.873,56201.238,552,0.0,0.0,buy_signal,buy
2019-07-16,BUY,5,9306.860999999999,46534.30499999999,553,0.0,0.0,buy_signal,buy
2019-07-17,BUY,7,9181.836,64272.852,554,0.0,0.0,buy_signal,buy
2019-07-18,BUY,9,9046.809,81421.28099999999,555,0.0,0.0,buy_signal,buy
2019-07-19,BUY,17,8886.777,151075.209,556,0.0,0.0,buy_signal,buy
2019-07-22,SELL,17,9078.184000000001,154329.12800000003,556,3241.9929178082425,2583.382056555498,take_profit,take_profit
2019-07-22,BUY,8,9081.815999999999,72654.52799999999,557,0.0,0.0,buy_signal,buy
2019-07-23,BUY,9,9116.823,82051.407,558,0.0,0.0,buy_signal,buy
2019-07-24,SELL,9,9373.125,84358.125,555,2911.795890410971,2320.2645552739823,take_profit,take_profit
2019-07-24,SELL,8,9373.125,74985.0,557,2319.2075616438447,1848.0605454958977,take_profit,take_profit
2019-07-24,BUY,5,9376.875,46884.375,559,0.0,0.0,buy_signal,buy
2019-07-25,SELL,9,9413.117,84718.053,558,2653.8009041095825,2114.6812504397208,take_profit,take_profit
2019-07-25,BUY,4,9416.883,37667.532,560,0.0,0.0,buy_signal,buy
2019-07-26,SELL,7,9323.135,65261.945,550,724.6596575342461,577.445048106164,take_profit,take_profit
2019-07-26,SELL,7,9323.135,65261.945,551,519.5820958904092,414.02899311027255,take_profit,take_profit
2019-07-26,SELL,7,9323.135,65261.945,554,954.629219178083,760.6962933020554,take_profit,take_profit
2019-07-26,BUY,3,9326.865,27980.595,561,0.0,0.0,buy_signal,buy
2019-07-29,BUY,5,9301.86,46509.3,562,0.0,0.0,buy_signal,buy
2019-07-30,BUY,6,9326.865,55961.19,563,0.0,0.0,buy_signal,buy
2019-07-31,BUY,6,9201.84,55211.04,564,0.0,0.0,buy_signal,buy
2019-08-01,BUY,9,9051.81,81466.29,565,0.0,0.0,buy_signal,buy
2019-08-02,BUY,10,8826.765,88267.65,566,0.0,0.0,buy_signal,buy
2019-08-05,BUY,17,8681.735999999999,147589.512,567,0.0,0.0,buy_signal,buy
2019-08-06,BUY,21,8006.601,168138.62099999998,568,0.0,0.0,buy_signal,buy
2019-08-07,SELL,21,8368.326000000001,175734.84600000002,568,7582.717109589076,6042.288128776056,take_profit,take_profit
2019-08-07,BUY,6,8371.673999999999,50230.043999999994,569,0.0,0.0,buy_signal,buy
2019-08-08,BUY,6,8351.67,50110.020000000004,570,0.0,0.0,buy_signal,buy
2019-08-09,BUY,6,8536.707,51220.242,571,0.0,0.0,buy_signal,buy
2019-08-13,BUY,6,8281.655999999999,49689.935999999994,572,0.0,0.0,buy_signal,buy
2019-08-14,BUY,6,8471.694,50830.164,573,0.0,0.0,buy_signal,buy
2019-08-15,BUY,5,8121.624,40608.119999999995,574,0.0,0.0,buy_signal,buy
2019-08-16,BUY,6,8176.635,49059.81,575,0.0,0.0,buy_signal,buy
2019-08-19,BUY,6,8411.682,50470.092000000004,576,0.0,0.0,buy_signal,buy
2019-08-20,SELL,5,8408.318,42041.59,574,1423.9308219178095,1134.6592754452065,take_profit,take_profit
2019-08-20,BUY,6,8411.682,50470.092000000004,577,0.0,0.0,buy_signal,buy
2019-08-21,SELL,6,8308.338,49850.028,575,778.667424657535,620.4811373383568,take_profit,take_profit
2019-08-21,BUY,1,8311.662,8311.662,578,0.0,0.0,buy_signal,buy
2019-08-22,BUY,4,8491.698,33966.792,579,0.0,0.0,buy_signal,buy
2019-08-23,BUY,2,8406.681,16813.362,580,0.0,0.0,buy_signal,buy
2019-08-27,BUY,6,8286.657,49719.941999999995,581,0.0,0.0,buy_signal,buy
2019-08-28,BUY,5,8291.658,41458.28999999999,582,0.0,0.0,buy_signal,buy
2019-08-29,BUY,3,8311.662,24934.986,583,0.0,0.0,buy_signal,buy
2019-08-30,BUY,3,8456.691,25370.073000000004,584,0.0,0.0,buy_signal,buy
2019-09-06,SELL,6,8898.22,53389.31999999999,569,3078.1734246575325,2452.8424934383547,take_profit,take_profit
2019-09-06,SELL,6,8898.22,53389.31999999999,570,3202.0315068493032,2551.5388062328675,take_profit,take_profit
2019-09-06,SELL,6,8898.22,53389.31999999999,571,2095.685013698624,1669.9466031657485,take_profit,take_profit
2019-09-06,SELL,6,8898.22,53389.31999999999,572,3629.8941369862996,2892.481143057533,take_profit,take_profit
2019-09-06,SELL,6,8898.22,53389.31999999999,573,2493.4726027397214,1986.923643493147,take_profit,take_profit
2019-09-06,SELL,6,8898.22,53389.31999999999,576,2865.0192328767007,2282.990575717799,take_profit,take_profit
2019-09-06,SELL,6,8898.22,53389.31999999999,577,2868.8740273972485,2286.0622687314976,take_profit,take_profit
2019-09-06,SELL,1,8898.22,8898.22,578,578.8146575342456,461.2284598561636,take_profit,take_profit
2019-09-06,SELL,4,8898.22,35592.88,579,1597.698301369859,1273.1258914465723,take_profit,take_profit
2019-09-06,SELL,2,8898.22,17796.44,580,970.1749863013675,773.0839378342447,take_profit,take_profit
2019-09-06,SELL,6,8898.22,53389.31999999999,581,3638.32331506849,2899.1979336123263,take_profit,take_profit
2019-09-06,SELL,5,8898.22,44491.1,582,3010.1012328767174,2398.599167417812,take_profit,take_profit
2019-09-06,SELL,3,8898.22,26694.659999999996,583,1747.9600273972558,1392.8619478315031,take_profit,take_profit
2019-09-06,SELL,3,8898.22,26694.659999999996,584,1314.778561643828,1047.6812968458844,take_profit,take_profit
2019-09-10,SELL,17,9038.192000000001,153649.26400000002,567,5784.624000000037,4609.477634400029,take_profit,take_profit
2019-09-12,SELL,9,9388.122,84493.098,565,2856.09353424658,2275.8781327643874,take_profit,take_profit
2019-09-12,SELL,10,9388.122,93881.22,566,5430.940958904117,4327.645303102746,take_profit,take_profit
2019-09-13,SELL,6,9483.103000000001,56898.618,564,1565.2118630137,1247.2390730424668,take_profit,take_profit
2019-09-17,SELL,10,9533.093,95330.93000000001,511,1743.3865753424766,1389.2175925616525,take_profit,take_profit
2019-09-17,SELL,8,9533.093,76264.744,543,1401.4826301369958,1116.771433824665,take_profit,take_profit
2019-09-17,SELL,2,9533.093,19066.186,544,281.7996164383593,224.5520243589066,take_profit,take_profit
2019-09-17,SELL,2,9533.093,19066.186,545,283.2402739726059,225.700012315071,take_profit,take_profit
2019-09-17,SELL,3,9533.093,28599.279000000002,546,351.98223287671397,280.4770422678095,take_profit,take_profit
2019-09-17,SELL,3,9533.093,28599.279000000002,547,429.1478630137034,341.96647464246956,take_profit,take_profit
2019-09-17,SELL,2,9533.093,19066.186,548,347.54893150685126,276.9443660712344,take_profit,take_profit
2019-09-17,SELL,7,9533.093,66731.65100000001,549,1606.446589041113,1280.096964477411,take_profit,take_profit
2019-09-17,SELL,6,9533.093,57198.558000000005,552,819.6243287671302,653.1176463780878,take_profit,take_profit
2019-09-17,SELL,5,9533.093,47665.465000000004,553,986.660821917819,786.2206759452141,take_profit,take_profit
2019-09-17,SELL,5,9533.093,47665.465000000004,559,657.558219178086,523.9752669520578,take_profit,take_profit
2019-09-17,SELL,4,9533.093,38132.372,560,368.8774794520586,293.9400195013729,take_profit,take_profit
2019-09-17,SELL,3,9533.093,28599.279000000002,561,548.8765479452065,437.3722772301378,take_profit,take_profit
2019-09-17,SELL,5,9533.093,47665.465000000004,562,1043.3863698630146,831.4224288253431,take_profit,take_profit
2019-09-17,SELL,6,9533.093,57198.558000000005,563,1106.291178082194,881.5481252547962,take_profit,take_profit
2019-09-26,BUY,1,9736.947,9736.947,585,0.0,0.0,buy_signal,buy
2019-09-27,BUY,1,9681.936,9681.936,586,0.0,0.0,buy_signal,buy
2019-09-30,BUY,3,9506.901,28520.703,587,0.0,0.0,buy_signal,buy
2019-10-01,BUY,5,9566.913,47834.565,588,0.0,0.0,buy_signal,buy
2019-10-02,BUY,4,9481.896,37927.584,589,0.0,0.0,buy_signal,buy
2019-10-03,BUY,5,9191.838,45959.19,590,0.0,0.0,buy_signal,buy
2019-10-04,BUY,13,9136.827,118778.75099999999,591,0.0,0.0,buy_signal,buy
2019-10-07,BUY,11,9226.845,101495.295,592,0.0,0.0,buy_signal,buy
2019-10-08,BUY,13,9261.851999999999,120404.07599999999,593,0.0,0.0,buy_signal,buy
2019-10-09,SELL,13,9158.168,119056.184,591,249.8039041095936,199.05624098972964,take_profit,take_profit
2019-10-09,BUY,9,9161.832,82456.488,594,0.0,0.0,buy_signal,buy
2019-10-10,BUY,11,9226.845,101495.295,595,0.0,0.0,buy_signal,buy
2019-10-11,BUY,8,9461.892,75695.136,596,0.0,0.0,buy_signal,buy
2019-10-15,SELL,5,9768.046,48840.23,590,2856.1526027397267,2275.9252014931512,take_profit,take_profit
2019-10-15,SELL,11,9768.046,107448.50600000001,592,5913.930452054805,4712.515480719871,take_profit,take_profit
2019-10-15,SELL,13,9768.046,126984.598,593,6543.229452054807,5213.972388869873,take_profit,take_profit
2019-10-15,SELL,9,9768.046,87912.414,594,5436.566876712335,4332.128315708224,take_profit,take_profit
2019-10-15,SELL,11,9768.046,107448.50600000001,595,5937.334232876722,4731.164783467816,take_profit,take_profit
2019-10-15,BUY,4,9771.954,39087.816,597,0.0,0.0,buy_signal,buy
2019-10-16,SELL,1,10162.967,10162.967,586,472.3621232876721,376.4017579417815,take_profit,take_profit
2019-10-16,SELL,3,10162.967,30488.901,587,1944.4006849315072,1549.3956857876715,take_profit,take_profit
2019-10-16,SELL,5,10162.967,50814.83500000001,588,2944.245890410963,2346.122337773976,take_profit,take_profit
2019-10-16,SELL,4,10162.967,40651.868,589,2698.419671232876,2150.2357150219173,take_profit,take_profit
2019-10-16,SELL,8,10162.967,81303.736,596,5596.697315068499,4459.728255512333,take_profit,take_profit
2019-10-16,BUY,1,10167.033,10167.033,598,0.0,0.0,buy_signal,buy
2019-10-17,SELL,1,10107.978000000001,10107.978000000001,509,207.25652054794625,165.15235839863098,take_profit,take_profit
2019-10-17,SELL,4,10107.978000000001,40431.912000000004,510,1035.1432328767173,824.8538851178122,take_profit,take_profit
2019-10-17,SELL,1,10107.978000000001,10107.978000000001,585,360.84897260274056,287.5425038184938,take_profit,take_profit
2019-10-17,SELL,4,10107.978000000001,40431.912000000004,597,1337.9605479452105,1066.153862630141,take_profit,take_profit
2019-10-24,SELL,54,10377.924,560407.8960000001,456,6680.121780822041,5323.055041048043,take_profit,take_profit
2019-10-24,SELL,3,10377.924,31133.772000000004,469,489.6164794520562,390.15089165137096,take_profit,take_profit
2019-10-25,SELL,23,10392.921,239037.18300000002,468,2682.2820547945616,2137.3764553630463,take_profit,take_profit
2019-10-25,SELL,4,10392.921,41571.684,484,233.63660273972573,186.17332689315046,take_profit,take_profit
2019-10-25,SELL,2,10392.921,20785.842,485,238.40109589041208,189.96991326027486,take_profit,take_profit
2019-10-25,SELL,1,10392.921,10392.921,598,221.19205479452137,176.25688886301435,take_profit,take_profit
2019-11-06,SELL,28,10887.822,304859.016,448,8982.145698630184,7157.422799953461,take_profit,take_profit
2019-11-06,SELL,66,10887.822,718596.252,452,14447.815890410951,11512.742092273966,take_profit,take_profit
2019-11-06,SELL,53,10887.822,577054.566,453,11379.54941095893,9067.793948122624,take_profit,take_profit
2019-12-26,BUY,57,11292.258,643658.706,599,0.0,0.0,buy_signal,buy
2019-12-27,SELL,8,11477.704,91821.632,446,539.9361095890429,430.2480889260288,take_profit,take_profit
2019-12-27,SELL,27,11477.704,309898.008,447,2520.4929041095365,2008.4547706396843,take_profit,take_profit
2019-12-27,BUY,57,11482.296,654490.872,600,0.0,0.0,buy_signal,buy
2019-12-30,BUY,57,11337.267,646224.219,601,0.0,0.0,buy_signal,buy
2020-01-06,BUY,60,10832.166,649929.96,602,0.0,0.0,buy_signal,buy
2020-01-07,BUY,60,10872.173999999999,652330.44,603,0.0,0.0,buy_signal,buy
2020-01-09,BUY,5,11102.22,55511.1,604,0.0,0.0,buy_signal,buy
2020-01-15,SELL,60,11437.712,686262.72,602,36025.55013698631,28706.959626657543,take_profit,take_profit
2020-01-15,SELL,60,11437.712,686262.72,603,33674.572602739754,26833.583178493172,take_profit,take_profit
2020-01-23,SELL,57,11342.731,646535.667,599,2134.9303150685037,1701.2192215623372,take_profit,take_profit
2020-01-23,SELL,5,11342.731,56713.655,604,1163.040479452055,926.76880605137,take_profit,take_profit
2020-01-23,BUY,57,11347.269,646794.333,605,0.0,0.0,buy_signal,buy
2020-01-24,BUY,57,11367.273,647934.561,606,0.0,0.0,buy_signal,buy
2020-01-27,BUY,60,10842.168,650530.08,607,0.0,0.0,buy_signal,buy
2020-01-28,BUY,61,10697.139,652525.4789999999,608,0.0,0.0,buy_signal,buy
2020-01-29,BUY,60,10832.166,649929.96,609,0.0,0.0,buy_signal,buy
2020-01-31,BUY,70,10682.136,747749.52,610,0.0,0.0,buy_signal,buy
2020-02-07,SELL,61,11437.712,697700.432,608,44771.30346575352,35676.01316668569,take_profit,take_profit
2020-02-07,SELL,70,11437.712,800639.84,610,52599.86410958899,41914.20171572598,take_profit,take_profit
2020-02-14,SELL,60,11172.765,670365.8999999999,607,19181.057260273923,15284.425477849276,take_profit,take_profit
2020-02-14,SELL,60,11172.765,670365.8999999999,609,19880.642465753368,15841.889948835571,take_profit,take_profit
2020-02-17,BUY,59,11017.203,650014.977,611,0.0,0.0,buy_signal,buy
2020-02-18,BUY,59,10917.182999999999,644113.7969999999,612,0.0,0.0,buy_signal,buy
2020-02-19,BUY,60,10827.164999999999,649629.8999999999,613,0.0,0.0,buy_signal,buy
2020-02-20,BUY,58,11152.23,646829.34,614,0.0,0.0,buy_signal,buy
2020-02-26,BUY,78,9951.99,776255.22,615,0.0,0.0,buy_signal,buy
2020-02-27,BUY,79,9866.973,779490.867,616,0.0,0.0,buy_signal,buy
2020-02-28,BUY,86,9096.819,782326.434,617,0.0,0.0,buy_signal,buy
2020-03-02,BUY,91,8616.723,784121.793,618,0.0,0.0,buy_signal,buy
2020-03-03,SELL,91,9333.133,849315.103,618,65130.16846575348,51898.97474193566,take_profit,take_profit
2020-03-03,BUY,84,9336.867,784296.828,619,0.0,0.0,buy_signal,buy
2020-03-04,BUY,90,8666.733,780005.97,620,0.0,0.0,buy_signal,buy
2020-03-05,BUY,86,9046.809,778025.5739999999,621,0.0,0.0,buy_signal,buy
2020-03-06,BUY,89,8751.75,778905.75,622,0.0,0.0,buy_signal,buy
2020-03-10,BUY,40,7406.481,296259.24,623,0.0,0.0,buy_signal,buy
2020-03-11,SELL,40,7623.475,304939.0,623,8655.963835616447,6897.504782410966,take_profit,take_profit
2020-03-11,BUY,39,7626.525,297434.475,624,0.0,0.0,buy_signal,buy
2020-03-12,BUY,42,7111.422,298679.724,625,0.0,0.0,buy_signal,buy
2020-03-13,BUY,52,5751.15,299059.8,626,0.0,0.0,buy_signal,buy
2020-03-16,BUY,9,5996.199,53965.791,627,0.0,0.0,buy_signal,buy
2020-03-17,BUY,10,5286.057,52860.57,628,0.0,0.0,buy_signal,buy
2020-03-18,SELL,10,5678.8640000000005,56788.64000000001,628,3923.797123287678,3126.677737691786,take_profit,take_profit
2020-03-18,BUY,9,5681.1359999999995,51130.223999999995,629,0.0,0.0,buy_signal,buy
2020-03-19,BUY,9,5701.14,51310.26,630,0.0,0.0,buy_signal,buy
2020-03-23,BUY,10,5296.059,52960.590000000004,631,0.0,0.0,buy_signal,buy
2020-03-24,BUY,8,6031.206,48249.648,632,0.0,0.0,buy_signal,buy
2020-03-25,SELL,52,6923.615,360027.98,626,60810.31369863013,48456.69847075342,take_profit,take_profit
2020-03-25,SELL,9,6923.615,62312.534999999996,629,11166.745684931508,8898.221299037672,take_profit,take_profit
2020-03-25,SELL,9,6923.615,62312.534999999996,630,10990.448260273966,8757.73869619931,take_profit,take_profit
2020-03-25,SELL,10,6923.615,69236.15,631,16266.488767123277,12961.951574082184,take_profit,take_profit
2020-03-26,SELL,9,6858.628,61727.651999999995,627,7733.554150684929,6162.482624973285,take_profit,take_profit
2020-03-26,SELL,8,6858.628,54869.024,632,6610.974465753421,5267.955003035613,take_profit,take_profit
2020-04-20,SELL,42,7428.514,311997.588,625,12762.63090410959,10169.902435939726,take_profit,take_profit
2020-05-12,SELL,39,8028.394,313107.36600000004,624,14866.29193150691,11846.20472562128,take_profit,take_profit
2020-05-29,SELL,90,9108.178,819736.02,620,36845.823698630185,29360.594614253463,take_profit,take_profit
2020-05-29,SELL,89,9108.178,810627.842,622,28991.884109588987,23102.182852725986,take_profit,take_profit
2020-06-02,SELL,86,9438.112000000001,811677.6320000001,621,30832.059095890603,24568.52629056043,take_profit,take_profit
2020-06-03,SELL,86,9948.01,855528.86,617,70084.89065753423,55847.145120456145,take_profit,take_profit
2020-06-04,SELL,84,10047.99,844031.16,619,56741.07369863019,45214.12457675347,take_profit,take_profit
2020-06-08,SELL,79,10277.944,811957.576,616,29364.636561643867,23399.210644145915,take_profit,take_profit
2020-06-09,SELL,78,10272.945,801289.71,615,21850.24791780821,17411.370053305473,take_profit,take_profit
2020-08-03,BUY,1,9211.842,9211.842,633,0.0,0.0,buy_signal,buy
2020-08-04,SELL,1,9558.088,9558.088,633,345.5268219178074,275.3330480452048,take_profit,take_profit
2020-11-06,SELL,59,11192.761,660372.899,611,3045.0611232876927,2426.456956091798,take_profit,take_profit
2020-11-06,SELL,59,11192.761,660372.899,612,8996.140575342539,7168.574617461702,take_profit,take_profit
2020-11-06,SELL,60,11192.761,671565.66,613,14598.923835616564,11633.15245841106,take_profit,take_profit
2020-11-09,SELL,58,11587.682,672085.5560000001,614,18161.827616438488,14472.25233615901,take_profit,take_profit
2020-11-10,SELL,2,12212.557,24425.114,445,860.0978082191801,685.3689384794537,take_profit,take_profit
2020-11-10,SELL,57,12212.557,696115.7490000001,600,32996.463739726125,26293.23213100076,take_profit,take_profit
2020-11-10,SELL,57,12212.557,696115.7490000001,601,41313.00813698633,32920.27053395756,take_profit,take_profit
2020-11-10,SELL,57,12212.557,696115.7490000001,605,41385.120164383654,32977.733002989116,take_profit,take_profit
2020-11-10,SELL,57,12212.557,696115.7490000001,606,40294.30257534255,32108.515007161714,take_profit,take_profit
2020-11-12,SELL,1,12422.515,12422.515,444,182.16653424657477,145.1594028143831,take_profit,take_profit
2020-12-23,BUY,1,13507.701,13507.701,634,0.0,0.0,buy_signal,buy
2020-12-29,SELL,1,13897.220000000001,13897.220000000001,634,385.34278082191986,307.0603948979468,take_profit,take_profit
2021-02-01,BUY,1,14597.919,14597.919,635,0.0,0.0,buy_signal,buy
2021-02-02,SELL,1,15221.955,15221.955,635,622.8795616438357,496.34157869589046,take_profit,take_profit
2021-02-25,BUY,1,17353.47,17353.47,636,0.0,0.0,buy_signal,buy
2021-03-01,BUY,2,16628.325,33256.65,637,0.0,0.0,buy_signal,buy
2021-03-02,BUY,1,17028.405,17028.405,638,0.0,0.0,buy_signal,buy
2021-03-03,BUY,1,16578.315,16578.315,639,0.0,0.0,buy_signal,buy
2021-03-04,BUY,1,16153.23,16153.23,640,0.0,0.0,buy_signal,buy
2021-03-05,BUY,2,15678.135,31356.27,641,0.0,0.0,buy_signal,buy
2021-03-08,BUY,2,16253.25,32506.5,642,0.0,0.0,buy_signal,buy
2021-03-09,BUY,2,15728.145,31456.29,643,0.0,0.0,buy_signal,buy
2021-03-10,BUY,2,16178.234999999999,32356.469999999998,644,0.0,0.0,buy_signal,buy
2021-03-11,BUY,40,16028.205,641128.2,645,0.0,0.0,buy_signal,buy
2021-03-12,SELL,2,16346.73,32693.46,641,1324.958219178081,1055.7929569520538,take_profit,take_profit
2021-03-12,SELL,2,16346.73,32693.46,643,1229.7710958904092,979.9430977602726,take_profit,take_profit
2021-03-12,BUY,40,16353.27,654130.8,646,0.0,0.0,buy_signal,buy
2021-03-15,SELL,1,16896.62,16896.62,640,734.7675342465748,585.4995096643831,take_profit,take_profit
2021-03-15,SELL,2,16896.62,33793.24,642,1274.3624657534226,1015.4757308356147,take_profit,take_profit
2021-03-15,SELL,2,16896.62,33793.24,644,1429.248356164384,1138.8965526095894,take_profit,take_profit
2021-03-15,SELL,40,16896.62,675864.7999999999,645,34635.33972602737,27599.17046068491,take_profit,take_profit
2021-03-15,BUY,33,16903.38,557811.54,647,0.0,0.0,buy_signal,buy
2021-03-16,SELL,40,16846.63,673865.2000000001,646,19631.22191780824,15643.139185205497,take_profit,take_profit
2021-03-16,BUY,24,16853.37,404480.88,648,0.0,0.0,buy_signal,buy
2021-03-17,BUY,31,16903.38,524004.78,649,0.0,0.0,buy_signal,buy
2021-03-18,BUY,25,17278.454999999998,431961.37499999994,650,0.0,0.0,buy_signal,buy
2021-03-19,SELL,2,17021.595,34043.19,637,751.1832876712338,598.5804027808226,take_profit,take_profit
2021-03-19,SELL,1,17021.595,17021.595,639,428.1484931506874,341.1701267671252,take_profit,take_profit
2021-03-19,SELL,33,17021.595,561712.635,647,3728.3196575342185,2970.911519106142,take_profit,take_profit
2021-03-19,SELL,24,17021.595,408518.28,648,3942.7676712329,3141.7944188219362,take_profit,take_profit
2021-03-19,SELL,31,17021.595,527669.4450000001,649,3582.9184246575714,2855.0485466883856,take_profit,take_profit
2021-03-22,BUY,39,16403.28,639727.9199999999,651,0.0,0.0,buy_signal,buy
2021-03-23,BUY,39,16403.28,639727.9199999999,652,0.0,0.0,buy_signal,buy
2021-03-24,BUY,41,15678.135,642803.535,653,0.0,0.0,buy_signal,buy
2021-03-25,BUY,42,15353.07,644828.94,654,0.0,0.0,buy_signal,buy
2021-03-26,BUY,40,16053.21,642128.3999999999,655,0.0,0.0,buy_signal,buy
2021-03-29,SELL,41,16521.695,677389.495,653,34437.82082191777,27441.777521945172,take_profit,take_profit
2021-03-29,SELL,42,16521.695,693911.19,654,48979.79301369863,39029.548062965754,take_profit,take_profit
2021-03-29,BUY,39,16528.305,644603.895,656,0.0,0.0,buy_signal,buy
2021-03-30,BUY,39,16578.315,646554.2849999999,657,0.0,0.0,buy_signal,buy
2021-03-31,SELL,40,16446.71,657868.3999999999,655,15589.33698630137,12422.363177534247,take_profit,take_profit
2021-03-31,BUY,38,16453.29,625225.02,658,0.0,0.0,buy_signal,buy
2021-04-01,BUY,37,16628.325,615248.025,659,0.0,0.0,buy_signal,buy
2021-04-02,BUY,18,17003.399999999998,306061.19999999995,660,0.0,0.0,buy_signal,buy
2021-04-05,SELL,39,17371.525,677489.4750000001,651,37276.36294520565,29703.66981288712,take_profit,take_profit
2021-04-05,SELL,39,17371.525,677489.4750000001,652,37324.68020547962,29742.171421736435,take_profit,take_profit
2021-04-05,SELL,39,17371.525,677489.4750000001,656,32637.336986301445,26007.061977534308,take_profit,take_profit
2021-04-05,SELL,39,17371.525,677489.4750000001,657,30735.787808219357,24491.812514979596,take_profit,take_profit
2021-04-05,SELL,38,17371.525,660117.9500000001,658,34747.03082191786,27688.17151044525,take_profit,take_profit
2021-04-05,SELL,37,17371.525,642746.425,659,27402.818356164407,21835.935807109607,take_profit,take_profit
2021-04-06,BUY,19,17503.5,332566.5,661,0.0,0.0,buy_signal,buy
2021-04-07,BUY,38,16978.395,645179.01,662,0.0,0.0,buy_signal,buy
2021-04-08,BUY,37,16878.375,624499.875,663,0.0,0.0,buy_signal,buy
2021-04-09,BUY,38,17128.425,650880.15,664,0.0,0.0,buy_signal,buy
2021-04-12,BUY,38,17103.42,649929.96,665,0.0,0.0,buy_signal,buy
2021-04-13,BUY,38,16828.364999999998,639477.8699999999,666,0.0,0.0,buy_signal,buy
2021-04-14,BUY,38,16953.39,644228.82,667,0.0,0.0,buy_signal,buy
2021-04-15,BUY,38,16753.35,636627.2999999999,668,0.0,0.0,buy_signal,buy
2021-04-16,BUY,37,17028.405,630050.985,669,0.0,0.0,buy_signal,buy
2021-04-19,BUY,35,16903.38,591618.3,670,0.0,0.0,buy_signal,buy
2021-04-20,BUY,8,16528.305,132226.44,671,0.0,0.0,buy_signal,buy
2021-04-21,BUY,41,15653.13,641778.33,672,0.0,0.0,buy_signal,buy
2021-04-22,BUY,9,15953.19,143578.71,673,0.0,0.0,buy_signal,buy
2021-04-23,SELL,41,15946.81,653819.21,672,11940.705205479457,9514.950942986305,take_profit,take_profit
2021-04-23,BUY,1,15953.19,15953.19,674,0.0,0.0,buy_signal,buy
2021-04-26,BUY,2,16153.23,32306.46,675,0.0,0.0,buy_signal,buy
2021-04-27,BUY,4,8171.634,32686.536,676,0.0,0.0,buy_signal,buy
2021-05-06,SELL,4,16106.778,64427.112,676,31730.75375342466,25284.651128416437,take_profit,take_profit
2021-05-07,SELL,9,16466.706000000002,148200.35400000002,673,4554.57402739729,3629.31231373153,take_profit,take_profit
2021-05-07,SELL,1,16466.706000000002,16466.706000000002,674,507.31419178082336,404.2533137205491,take_profit,take_profit
2021-05-11,SELL,2,16356.728000000001,32713.456000000002,675,391.97726027397545,312.3470798493173,take_profit,take_profit
2021-05-12,BUY,27,15733.145999999999,424794.942,677,0.0,0.0,buy_signal,buy
2021-05-13,BUY,53,14742.948,781376.2440000001,678,0.0,0.0,buy_signal,buy
2021-05-14,BUY,63,14822.964,933846.732,679,0.0,0.0,buy_signal,buy
2021-05-17,SELL,53,15296.94,810737.8200000001,678,29242.083506849314,23301.554242432874,take_profit,take_profit
2021-05-17,SELL,63,15296.94,963707.2200000001,679,29787.801534246704,23736.409652564485,take_profit,take_profit
2021-05-17,BUY,51,15303.06,780456.0599999999,680,0.0,0.0,buy_signal,buy
2021-05-18,BUY,60,14912.982,894778.92,681,0.0,0.0,buy_signal,buy
2021-05-19,BUY,8,14812.962,118503.696,682,0.0,0.0,buy_signal,buy
2021-05-20,BUY,16,14812.962,237007.392,683,0.0,0.0,buy_signal,buy
2021-05-21,SELL,8,15246.95,121975.6,682,3453.4930410959,2751.915929797268,take_profit,take_profit
2021-05-21,SELL,16,15246.95,243951.2,683,6925.384767123307,5518.492851682207,take_profit,take_profit
2021-05-21,BUY,3,15253.05,45759.149999999994,684,0.0,0.0,buy_signal,buy
2021-05-24,SELL,60,15156.968,909418.0800000001,681,14360.003835616471,11442.769056410985,take_profit,take_profit
2021-05-24,BUY,3,15163.032,45489.096,685,0.0,0.0,buy_signal,buy
2021-05-25,BUY,1,15533.106,15533.106,686,0.0,0.0,buy_signal,buy
2021-05-26,SELL,51,15356.928,783203.328,680,2331.622191780862,1857.95314352058,take_profit,take_profit
2021-05-26,SELL,3,15356.928,46070.784,684,301.0223835616493,239.86968634110025,take_profit,take_profit
2021-05-26,SELL,3,15356.928,46070.784,685,574.5928767123307,457.86433380822075,take_profit,take_profit
2021-05-26,BUY,1,15363.072,15363.072,687,0.0,0.0,buy_signal,buy
2021-05-27,SELL,1,15516.896,15516.896,687,152.62652054794572,121.62044289863054,take_profit,take_profit
2021-05-28,BUY,1,16033.206,16033.206,688,0.0,0.0,buy_signal,buy
2021-05-31,SELL,27,16016.796,432453.492,677,7248.300904109636,5775.808575439763,take_profit,take_profit
2021-05-31,SELL,1,16016.796,16016.796,686,478.87093150684984,381.5883017712333,take_profit,take_profit
2021-06-10,BUY,1,15783.155999999999,15783.155999999999,689,0.0,0.0,buy_signal,buy
2021-06-11,SELL,1,15996.800000000001,15996.800000000001,689,212.41967123287876,169.26661502191945,take_profit,take_profit
2021-06-15,SELL,1,16286.742,16286.742,688,238.83408219178088,190.3149383945206,take_profit,take_profit
2021-06-21,BUY,1,15313.062,15313.062,690,0.0,0.0,buy_signal,buy
2021-06-22,BUY,50,15573.114,778655.7,691,0.0,0.0,buy_signal,buy
2021-06-23,SELL,1,15816.836000000001,15816.836000000001,690,501.4220000000013,399.55812070000104,take_profit,take_profit
2021-06-23,SELL,50,15816.836000000001,790841.8,691,12125.535616438448,9662.233055958977,take_profit,take_profit
2021-06-23,BUY,2,15823.163999999999,31646.327999999998,692,0.0,0.0,buy_signal,buy
2021-06-24,BUY,2,15733.145999999999,31466.291999999998,693,0.0,0.0,buy_signal,buy
2021-06-25,BUY,2,16053.21,32106.42,694,0.0,0.0,buy_signal,buy
2021-06-28,SELL,2,16046.79,32093.58,692,439.9489863013739,350.5733497342498,take_profit,take_profit
2021-06-28,SELL,2,16046.79,32093.58,693,622.4106301369904,495.9679106246608,take_profit,take_profit
2021-06-30,BUY,2,15833.166,31666.332,695,0.0,0.0,buy_signal,buy
2021-07-01,BUY,3,15783.155999999999,47349.46799999999,696,0.0,0.0,buy_signal,buy
2021-07-02,BUY,5,15623.124,78115.62,697,0.0,0.0,buy_signal,buy
2021-07-05,BUY,4,15653.13,62612.52,698,0.0,0.0,buy_signal,buy
2021-07-06,BUY,10,15623.124,156231.24,699,0.0,0.0,buy_signal,buy
2021-07-07,BUY,5,15053.01,75265.05,700,0.0,0.0,buy_signal,buy
2021-07-08,SELL,5,15196.960000000001,75984.8,700,713.8968493150685,568.8687043767123,take_profit,take_profit
2021-07-08,BUY,17,15203.039999999999,258451.68,701,0.0,0.0,buy_signal,buy
2021-07-09,BUY,34,14622.923999999999,497179.41599999997,702,0.0,0.0,buy_signal,buy
2021-07-12,SELL,34,15436.912,524855.008,702,27636.859945205542,22022.431847337037,take_profit,take_profit
2021-07-12,BUY,44,15443.088,679495.872,703,0.0,0.0,buy_signal,buy
2021-07-13,SELL,17,15626.874,265656.858,701,7146.062712328781,5694.34007231919,take_profit,take_profit
2021-07-13,BUY,2,15633.126,31266.252,704,0.0,0.0,buy_signal,buy
2021-07-14,BUY,1,15413.082,15413.082,705,0.0,0.0,buy_signal,buy
2021-07-15,BUY,1,15433.086,15433.086,706,0.0,0.0,buy_signal,buy
2021-07-16,BUY,5,14842.967999999999,74214.84,707,0.0,0.0,buy_signal,buy
2021-07-19,BUY,13,14502.9,188537.69999999998,708,0.0,0.0,buy_signal,buy
2021-07-20,BUY,54,14202.84,766953.36,709,0.0,0.0,buy_signal,buy
2021-07-21,BUY,62,14612.922,906001.164,710,0.0,0.0,buy_signal,buy
2021-07-26,SELL,54,14897.02,804439.0800000001,709,37367.24547945214,29776.089560301436,take_profit,take_profit
2021-07-26,BUY,50,14902.98,745149.0,711,0.0,0.0,buy_signal,buy
2021-07-27,SELL,13,14747.050000000001,191711.65000000002,708,3116.3681917808626,2483.27799362058,take_profit,take_profit
2021-07-27,BUY,16,14752.949999999999,236047.19999999998,712,0.0,0.0,buy_signal,buy
2021-07-28,BUY,5,14502.9,72514.5,713,0.0,0.0,buy_signal,buy
2021-07-29,BUY,16,14612.922,233806.752,714,0.0,0.0,buy_signal,buy
2021-07-30,BUY,3,14482.895999999999,43448.687999999995,715,0.0,0.0,buy_signal,buy
2021-08-02,BUY,31,14362.872,445249.032,716,0.0,0.0,buy_signal,buy
2021-08-03,BUY,4,14362.872,57451.488,717,0.0,0.0,buy_signal,buy
2021-08-04,BUY,8,14422.884,115383.072,718,0.0,0.0,buy_signal,buy
2021-08-05,BUY,5,14332.866,71664.33,719,0.0,0.0,buy_signal,buy
2021-08-06,SELL,31,14577.084,451889.60400000005,716,6502.643232876756,5181.631260117843,take_profit,take_profit
2021-08-06,SELL,4,14577.084,58308.336,717,843.5276712328821,672.1650248219221,take_profit,take_profit
2021-08-06,SELL,8,14577.084,116616.672,718,1215.83342465754,968.8368644383607,take_profit,take_profit
2021-08-06,SELL,5,14577.084,72885.42,719,1215.5091780821883,968.5784885547918,take_profit,take_profit
2021-08-06,BUY,2,14582.916,29165.832,720,0.0,0.0,buy_signal,buy
2021-08-10,SELL,5,14697.06,73485.3,713,926.3873972602769,738.1917975068516,take_profit,take_profit
2021-08-10,SELL,3,14697.06,44091.18,715,622.5299178082248,496.06296500548393,take_profit,take_profit
2021-08-11,BUY,1,14902.98,14902.98,721,0.0,0.0,buy_signal,buy
2021-08-12,SELL,62,15036.992,932293.504,710,25392.235890410928,20233.803169273946,take_profit,take_profit
2021-08-12,SELL,16,15036.992,240591.872,712,4348.0429589041305,3464.7380318027563,take_profit,take_profit
2021-08-12,SELL,16,15036.992,240591.872,714,6624.355506849311,5278.617685632873,take_profit,take_profit
2021-08-12,SELL,2,15036.992,30073.984,720,901.3614246575361,718.2498512383577,take_profit,take_profit
2021-08-17,BUY,10,14512.902,145129.02,722,0.0,0.0,buy_signal,buy
2021-08-18,BUY,16,14182.836,226925.376,723,0.0,0.0,buy_signal,buy
2021-08-19,BUY,9,14182.836,127645.52399999999,724,0.0,0.0,buy_signal,buy
2021-08-20,BUY,26,14012.802,364332.852,725,0.0,0.0,buy_signal,buy
2021-08-24,SELL,26,14447.11,375624.86,725,11235.922082191753,8953.344511194498,take_profit,take_profit
2021-08-25,SELL,16,14597.08,233553.28,723,6540.5869589041195,5211.8667182027475,take_profit,take_profit
2021-08-25,SELL,9,14597.08,131373.72,724,3689.0220821917915,2939.597246194529,take_profit,take_profit
2021-09-01,SELL,5,14997.0,74985.0,707,603.2224657534282,480.6778218356193,take_profit,take_profit
2021-09-01,SELL,10,14997.0,149970.0,722,4719.46000000001,3760.701701000008,take_profit,take_profit
2021-09-02,SELL,50,15356.928,767846.4,711,21191.575342465778,16886.506811643856,take_profit,take_profit
2021-09-02,SELL,1,15356.928,15356.928,721,436.10241095890444,347.508206172603,take_profit,take_profit
2021-09-06,SELL,2,16496.7,32993.4,695,1224.7368219178113,975.9315365452079,take_profit,take_profit
2021-09-06,SELL,3,16496.7,49490.100000000006,696,1990.7552876712452,1586.3333509808317,take_profit,take_profit
2021-09-06,SELL,5,16496.7,82483.5,697,4124.0767123287715,3286.2705282191814,take_profit,take_profit
2021-09-06,SELL,4,16496.7,65986.8,698,3184.054904109595,2537.2141503397306,take_profit,take_profit
2021-09-06,SELL,10,16496.7,164967.0,699,8272.10301369864,6591.625286465761,take_profit,take_profit
2021-09-06,SELL,44,16496.7,725854.8,703,44523.68679452062,35478.699822213755,take_profit,take_profit
2021-09-06,SELL,2,16496.7,32993.4,704,1646.09989041096,1311.6946976739735,take_profit,take_profit
2021-09-06,SELL,1,16496.7,16496.7,705,1044.2937260273977,832.1454555849318,take_profit,take_profit
2021-09-06,SELL,1,16496.7,16496.7,706,1025.4795342465768,817.1533668643847,take_profit,take_profit
2021-09-07,SELL,2,16876.624,33753.248,694,1534.628547945207,1222.868758430138,take_profit,take_profit
2021-09-08,SELL,8,16806.638,134453.104,671,1351.2290410958801,1076.7268613972522,take_profit,take_profit
2021-09-09,SELL,38,16926.614,643211.332,668,2227.9868493151916,1775.3713208768104,take_profit,take_profit
2021-09-10,SELL,38,17076.584,648910.1919999999,666,4928.14764383566,3926.994449990446,take_profit,take_profit
2021-09-13,SELL,1,17396.52,17396.52,638,210.3000958904126,167.57763141027527,take_profit,take_profit
2021-09-13,SELL,18,17396.52,313137.36,660,4754.232000000033,3788.409769200026,take_profit,take_profit
2021-09-13,SELL,38,17396.52,661067.76,662,11136.736520547944,8874.30849639863,take_profit,take_profit
2021-09-13,SELL,37,17396.52,643671.24,663,14592.443684931499,11627.988750337665,take_profit,take_profit
2021-09-13,SELL,38,17396.52,661067.76,664,5534.344465753408,4410.042387535604,take_profit,take_profit
2021-09-13,SELL,38,17396.52,661067.76,665,6534.017753424703,5206.632046816475,take_profit,take_profit
2021-09-13,SELL,38,17396.52,661067.76,667,12333.468438356223,9827.924325104157,take_profit,take_profit
2021-09-13,SELL,37,17396.52,643671.24,669,9328.930123287679,7433.7579687417865,take_profit,take_profit
2021-09-13,SELL,35,17396.52,608878.2000000001,670,13245.913972602764,10555.006549068512,take_profit,take_profit
2021-09-14,SELL,25,17656.468,441411.7,650,5847.885273972672,4659.887380565124,take_profit,take_profit
2021-09-16,SELL,1,17706.458,17706.458,636,187.27249315068252,149.22808616712138,take_profit,take_profit
2021-09-22,BUY,2,16763.352,33526.704,726,0.0,0.0,buy_signal,buy
2021-09-24,BUY,8,17273.453999999998,138187.63199999998,727,0.0,0.0,buy_signal,buy
2021-09-27,SELL,2,17296.54,34593.08,726,1061.1779726027435,845.5996674684961,take_profit,take_profit
2021-09-29,BUY,1,16753.35,16753.35,728,0.0,0.0,buy_signal,buy
2021-09-30,BUY,10,16713.342,167133.42,729,0.0,0.0,buy_signal,buy
2021-10-01,BUY,13,16343.268,212462.484,730,0.0,0.0,buy_signal,buy
2021-10-04,BUY,57,16123.224,919023.768,731,0.0,0.0,buy_signal,buy
2021-10-05,BUY,63,14862.972,936367.236,732,0.0,0.0,buy_signal,buy
2021-10-06,BUY,63,14972.993999999999,943298.622,733,0.0,0.0,buy_signal,buy
2021-10-07,BUY,65,14592.918,948539.6699999999,734,0.0,0.0,buy_signal,buy
2021-10-08,BUY,63,15073.014,949599.882,735,0.0,0.0,buy_signal,buy
2021-10-11,SELL,65,14907.018,968956.17,734,20268.905479452173,16151.277331301464,take_profit,take_profit
2021-10-11,BUY,61,14912.982,909691.902,736,0.0,0.0,buy_signal,buy
2021-10-12,SELL,63,15396.92,970005.96,732,33279.73791780815,26518.95915980542,take_profit,take_profit
2021-10-12,SELL,63,15396.92,970005.96,733,26419.68517808218,21052.52613415479,take_profit,take_profit
2021-10-12,SELL,63,15396.92,970005.96,735,20258.723589041074,16143.16389192738,take_profit,take_profit
2021-10-12,SELL,61,15396.92,939212.12,736,29447.780082191774,23465.463558494514,take_profit,take_profit
2021-10-12,BUY,32,15403.08,492898.56,737,0.0,0.0,buy_signal,buy
2021-10-13,BUY,49,14982.996,734166.804,738,0.0,0.0,buy_signal,buy
2021-10-14,BUY,43,15223.044,654590.892,739,0.0,0.0,buy_signal,buy
2021-10-15,SELL,49,15856.828,776984.5719999999,738,42702.7079452054,34027.652826136924,take_profit,take_profit
2021-10-15,SELL,43,15856.828,681843.6039999999,739,27201.484273972543,21675.50274371502,take_profit,take_profit
2021-10-15,BUY,10,15863.172,158631.72,740,0.0,0.0,buy_signal,buy
2021-10-18,SELL,32,16106.778,515416.896,737,22366.457863013708,17822.711948142474,take_profit,take_profit
2021-10-18,SELL,10,16106.778,161067.78,740,2423.7169863013673,1931.3388805342447,take_profit,take_profit
2021-10-18,BUY,2,16113.222,32226.444,741,0.0,0.0,buy_signal,buy
2021-10-19,BUY,5,16113.222,80566.11,742,0.0,0.0,buy_signal,buy
2021-10-20,BUY,1,16443.288,16443.288,743,0.0,0.0,buy_signal,buy
2021-10-21,SELL,2,16126.774000000001,32253.548000000003,741,19.653698630139985,15.661049753427047,take_profit,take_profit
2021-10-21,SELL,5,16126.774000000001,80633.87000000001,742,55.28273972603671,44.05205115069235,take_profit,take_profit
2021-10-22,BUY,17,15573.114,264742.93799999997,744,0.0,0.0,buy_signal,buy
2021-10-25,BUY,19,15423.083999999999,293038.59599999996,745,0.0,0.0,buy_signal,buy
2021-10-26,BUY,29,15933.186,462062.394,746,0.0,0.0,buy_signal,buy
2021-10-27,SELL,17,16026.794,272455.498,744,7650.745205479508,6096.496316986346,take_profit,take_profit
2021-10-27,SELL,19,16026.794,304509.086,745,11424.359041095939,9103.500501897299,take_profit,take_profit
2021-10-27,BUY,4,16033.206,64132.824,747,0.0,0.0,buy_signal,buy
2021-10-28,BUY,4,15773.154,63092.616,748,0.0,0.0,buy_signal,buy
2021-10-29,BUY,6,15813.162,94878.97200000001,749,0.0,0.0,buy_signal,buy
2021-11-01,BUY,4,16473.293999999998,65893.17599999999,750,0.0,0.0,buy_signal,buy
2021-11-02,SELL,13,16526.694,214847.022,730,2042.0788219178087,1627.230509245206,take_profit,take_profit
2021-11-02,SELL,57,16526.694,942021.558,731,21565.325342465676,17184.329499143772,take_profit,take_profit
2021-11-02,SELL,1,16526.694,16526.694,743,72.3778356164374,57.67427831095814,take_profit,take_profit
2021-11-02,SELL,29,16526.694,479274.126,746,17032.64706849317,13572.464816528784,take_profit,take_profit
2021-11-02,SELL,4,16526.694,66106.776,747,1954.1909041095864,1557.197021939724,take_profit,take_profit
2021-11-02,SELL,4,16526.694,66106.776,748,2999.329972602736,2390.01608866849,take_profit,take_profit
2021-11-02,SELL,6,16526.694,99160.16399999999,749,4266.210082191762,3399.529503994506,take_profit,take_profit
2021-11-02,SELL,4,16526.694,66106.776,750,208.48482191781403,166.13113034521012,take_profit,take_profit
2021-11-10,BUY,5,16203.24,81016.2,751,0.0,0.0,buy_signal,buy
2021-11-11,BUY,11,15993.198,175925.178,752,0.0,0.0,buy_signal,buy
2021-11-12,SELL,11,16416.716,180583.876,752,4644.994109589016,3701.363556226008,take_profit,take_profit
2021-11-12,BUY,9,16423.284,147809.55599999998,753,0.0,0.0,buy_signal,buy
2021-11-15,SELL,5,16826.634000000002,84133.17000000001,751,3098.194657534262,2468.796412856177,take_profit,take_profit
2021-11-15,SELL,9,16826.634000000002,151439.706,753,3618.65465753427,2883.524963856183,take_profit,take_profit
2021-11-15,BUY,1,16833.365999999998,16833.365999999998,754,0.0,0.0,buy_signal,buy
2021-11-16,BUY,1,16773.354,16773.354,755,0.0,0.0,buy_signal,buy
2021-11-18,BUY,1,16603.32,16603.32,756,0.0,0.0,buy_signal,buy
2021-11-19,BUY,2,16623.324,33246.648,757,0.0,0.0,buy_signal,buy
2021-11-22,SELL,1,16616.676,16616.676,756,10.79380821917785,8.60104607945187,take_profit,take_profit
2021-11-22,BUY,2,16623.324,33246.648,758,0.0,0.0,buy_signal,buy
2021-11-24,SELL,2,16676.664,33353.328,757,101.51879452054824,80.89525141369887,take_profit,take_profit
2021-11-24,SELL,2,16676.664,33353.328,758,104.09632876712358,82.94915957808243,take_profit,take_profit
2021-11-24,BUY,3,16683.336,50050.008,759,0.0,0.0,buy_signal,buy
2021-11-25,BUY,22,16433.286,361532.292,760,0.0,0.0,buy_signal,buy
2021-11-26,BUY,9,16313.261999999999,146819.35799999998,761,0.0,0.0,buy_signal,buy
2021-11-29,BUY,54,15283.056,825285.024,762,0.0,0.0,buy_signal,buy
2021-11-30,BUY,60,15553.109999999999,933186.6,763,0.0,0.0,buy_signal,buy
2021-12-01,BUY,65,14697.939,955366.035,764,0.0,0.0,buy_signal,buy
2021-12-02,BUY,65,14467.893,940413.045,765,0.0,0.0,buy_signal,buy
2021-12-03,BUY,65,14652.93,952440.4500000001,766,0.0,0.0,buy_signal,buy
2021-12-06,SELL,65,14802.039,962132.535,764,6546.205205479452,5216.343617986302,take_profit,take_profit
2021-12-06,SELL,65,14802.039,962132.535,765,21572.817945205472,17190.29997963698,take_profit,take_profit
2021-12-06,SELL,65,14802.039,962132.535,766,9618.038424657498,7664.133918688327,take_profit,take_profit
2021-12-06,BUY,59,14807.961,873669.6989999999,767,0.0,0.0,buy_signal,buy
2021-12-07,BUY,59,15003.0,885177.0,768,0.0,0.0,buy_signal,buy
2021-12-08,SELL,54,15701.859,847900.386,762,22183.8620547946,17677.21047836308,take_profit,take_profit
2021-12-08,SELL,59,15701.859,926409.681,767,52603.38649315076,41917.008527067184,take_profit,take_profit
2021-12-08,SELL,59,15701.859,926409.681,768,41162.79913698629,32800.57649230752,take_profit,take_profit
2021-12-08,BUY,10,15708.141,157081.41,769,0.0,0.0,buy_signal,buy
2021-12-09,SELL,60,15686.862000000001,941211.7200000001,763,7543.006027397372,6010.644352931597,take_profit,take_profit
2021-12-09,BUY,2,15693.137999999999,31386.275999999998,770,0.0,0.0,buy_signal,buy
2021-12-10,BUY,4,15378.074999999999,61512.299999999996,771,0.0,0.0,buy_signal,buy
2021-12-13,BUY,22,15538.107,341838.354,772,0.0,0.0,buy_signal,buy
2021-12-14,BUY,7,15378.074999999999,107646.525,773,0.0,0.0,buy_signal,buy
2021-12-15,BUY,29,15153.029999999999,439437.87,774,0.0,0.0,buy_signal,buy
2021-12-16,SELL,29,15861.827000000001,459992.983,774,20521.053493150695,16352.201476017131,take_profit,take_profit
2021-12-16,BUY,33,15868.172999999999,523649.709,775,0.0,0.0,buy_signal,buy
2021-12-17,SELL,4,15656.868,62627.472,771,1091.464821917814,869.7337433452102,take_profit,take_profit
2021-12-17,SELL,22,15656.868,344451.096,772,2508.097945205507,1998.5778476370083,take_profit,take_profit
2021-12-17,SELL,7,15656.868,109598.076,773,1926.567712328774,1535.1854815691836,take_profit,take_profit
2021-12-17,BUY,2,15663.132,31326.264,776,0.0,0.0,buy_signal,buy
2021-12-20,BUY,16,15093.018,241488.288,777,0.0,0.0,buy_signal,buy
2021-12-21,BUY,57,15143.028,863152.596,778,0.0,0.0,buy_signal,buy
2021-12-22,SELL,16,15426.914,246830.624,777,5305.471123287682,4227.664664591789,take_profit,take_profit
2021-12-22,BUY,9,15433.086,138897.774,779,0.0,0.0,buy_signal,buy
2021-12-23,SELL,57,15521.895,884748.015,778,21461.245684931502,17101.393624037668,take_profit,take_profit
2021-12-23,BUY,7,15528.105,108696.735,780,0.0,0.0,buy_signal,buy
2021-12-24,BUY,6,15663.132,93978.792,781,0.0,0.0,buy_signal,buy
2021-12-27,SELL,9,15601.879,140416.91100000002,779,1486.9776575342635,1184.8981464061778,take_profit,take_profit
2021-12-27,BUY,3,15608.121,46824.363,782,0.0,0.0,buy_signal,buy
2021-12-28,BUY,1,15793.158,15793.158,783,0.0,0.0,buy_signal,buy
2021-12-29,SELL,10,15871.825,158718.25,769,1458.9210958904075,1162.5412752602713,take_profit,take_profit
2021-12-29,SELL,2,15871.825,31743.65,770,324.20358904109935,258.34162992740005,take_profit,take_profit
2021-12-29,SELL,2,15871.825,31743.65,776,398.45953424657756,317.51247986438534,take_profit,take_profit
2021-12-29,SELL,7,15871.825,111102.77500000001,780,2372.424657534255,1890.466588356171,take_profit,take_profit
2021-12-29,SELL,6,15871.825,95230.95000000001,781,1230.5228219178186,980.5421106452138,take_profit,take_profit
2021-12-29,SELL,3,15871.825,47615.475000000006,782,783.8903013698713,624.6429866465819,take_profit,take_profit
2021-12-30,BUY,1,15648.128999999999,15648.128999999999,784,0.0,0.0,buy_signal,buy
2022-01-04,BUY,3,15953.19,47859.57,785,0.0,0.0,buy_signal,buy
2022-01-05,SELL,33,16166.766,533503.2779999999,775,9380.430369862974,7474.795940225311,take_profit,take_profit
2022-01-05,SELL,1,16166.766,16166.766,783,368.73830136986317,293.8291154465755,take_profit,take_profit
2022-01-05,SELL,1,16166.766,16166.766,784,516.1940958904116,411.32926531027454,take_profit,take_profit
2022-01-05,SELL,3,16166.766,48500.297999999995,785,637.0020821917764,507.595109194517,take_profit,take_profit
2022-01-07,BUY,27,15533.106,419393.86199999996,786,0.0,0.0,buy_signal,buy
2022-01-11,BUY,23,15183.036,349209.828,787,0.0,0.0,buy_signal,buy
2022-01-12,BUY,40,15288.056999999999,611522.2799999999,788,0.0,0.0,buy_signal,buy
2022-01-13,SELL,23,15456.908,355508.88399999996,787,6245.021753424639,4976.345584216424,take_profit,take_profit
2022-01-13,SELL,40,15456.908,618276.32,788,6706.171506849352,5343.812765232906,take_profit,take_profit
2022-01-13,BUY,10,15463.092,154630.92,789,0.0,0.0,buy_signal,buy
2022-01-14,BUY,35,15053.01,526855.35,790,0.0,0.0,buy_signal,buy
2022-01-17,BUY,40,15113.021999999999,604520.88,791,0.0,0.0,buy_signal,buy
2022-01-18,BUY,18,15258.051,274644.918,792,0.0,0.0,buy_signal,buy
2022-01-19,BUY,18,14622.923999999999,263212.632,793,0.0,0.0,buy_signal,buy
2022-01-20,BUY,66,14102.82,930786.12,794,0.0,0.0,buy_signal,buy
2022-01-21,BUY,55,13952.789999999999,767403.45,795,0.0,0.0,buy_signal,buy
2022-01-24,SELL,55,13957.208,767646.4400000001,795,182.84561643846325,145.70052945898945,take_profit,take_profit
2022-01-24,BUY,59,13962.792,823804.728,796,0.0,0.0,buy_signal,buy
2022-01-25,SELL,66,14157.168,934373.088,794,3368.8786849315,2684.490980087666,take_profit,take_profit
2022-01-25,SELL,59,14157.168,835272.912,796,11403.416547945213,9086.812476230143,take_profit,take_profit
2022-01-25,BUY,57,14162.832,807281.424,797,0.0,0.0,buy_signal,buy
2022-01-26,BUY,68,13842.768,941308.224,798,0.0,0.0,buy_signal,buy
2022-01-27,BUY,65,13877.775,902055.375,799,0.0,0.0,buy_signal,buy
2022-01-28,BUY,72,13217.643,951670.296,800,0.0,0.0,buy_signal,buy
2022-01-31,SELL,72,13357.328,961727.6159999999,800,9983.22509589036,7955.132917660234,take_profit,take_profit
2022-01-31,BUY,68,13362.672,908661.696,801,0.0,0.0,buy_signal,buy
2022-02-01,SELL,68,13982.203,950789.804,801,42056.668876712334,33512.85659440822,take_profit,take_profit
2022-02-01,BUY,57,13987.797,797304.429,802,0.0,0.0,buy_signal,buy
2022-02-02,BUY,38,14002.8,532106.4,803,0.0,0.0,buy_signal,buy
2022-02-03,SELL,68,13917.216,946370.6880000001,798,4636.38531506853,3694.503638312358,take_profit,take_profit
2022-02-03,SELL,65,13917.216,904619.04,799,2224.870753424695,1772.8882598664682,take_profit,take_profit
2022-02-03,BUY,4,13922.784,55691.136,804,0.0,0.0,buy_signal,buy
2022-02-04,BUY,5,13812.761999999999,69063.81,805,0.0,0.0,buy_signal,buy
2022-02-07,SELL,4,13967.206,55868.824,804,169.09315068493342,134.74187712328919,take_profit,take_profit
2022-02-07,SELL,5,13967.206,69836.03,805,766.8136986301381,611.0354957534255,take_profit,take_profit
2022-02-07,BUY,4,13972.794,55891.176,806,0.0,0.0,buy_signal,buy
2022-02-08,BUY,15,13982.796,209741.94,807,0.0,0.0,buy_signal,buy
2022-02-09,BUY,12,14192.838,170314.05599999998,808,0.0,0.0,buy_signal,buy
2022-02-10,SELL,57,14527.094000000001,828044.358,802,30310.82363013699,24153.17980967466,take_profit,take_profit
2022-02-10,SELL,38,14527.094000000001,552029.572,803,19677.227671232897,15679.798869821934,take_profit,take_profit
2022-02-10,SELL,4,14527.094000000001,58108.376000000004,806,2204.2693698630183,1756.4720473753462,take_profit,take_profit
2022-02-10,SELL,15,14527.094000000001,217906.41,807,8131.986164383563,6479.973175089042,take_profit,take_profit
2022-02-10,BUY,4,14532.905999999999,58131.623999999996,809,0.0,0.0,buy_signal,buy
2022-02-14,BUY,2,13802.76,27605.52,810,0.0,0.0,buy_signal,buy
2022-02-15,BUY,36,13802.76,496899.36,811,0.0,0.0,buy_signal,buy
2022-02-16,BUY,43,14092.818,605991.174,812,0.0,0.0,buy_signal,buy
2022-02-17,SELL,2,14067.186,28134.372,810,522.5040547945194,416.35735606301284,take_profit,take_profit
2022-02-17,SELL,36,14067.186,506418.696,811,9443.017972602749,7524.668871468501,take_profit,take_profit
2022-02-17,BUY,3,14072.814,42218.442,813,0.0,0.0,buy_signal,buy
2022-02-18,BUY,16,13567.713,217083.408,814,0.0,0.0,buy_signal,buy
2022-02-21,BUY,25,13242.648,331066.19999999995,815,0.0,0.0,buy_signal,buy
2022-02-22,BUY,23,13042.608,299979.984,816,0.0,0.0,buy_signal,buy
2022-02-24,BUY,54,12912.582,697279.4280000001,817,0.0,0.0,buy_signal,buy
2022-02-25,BUY,73,12912.582,942618.486,818,0.0,0.0,buy_signal,buy
2022-02-28,SELL,54,13097.380000000001,707258.52,817,9872.36136986296,7866.7911575753,take_profit,take_profit
2022-02-28,SELL,73,13097.380000000001,956108.7400000001,818,13416.782000000074,10691.162736700058,take_profit,take_profit
2022-02-28,BUY,45,13102.619999999999,589617.8999999999,819,0.0,0.0,buy_signal,buy
2022-03-01,BUY,40,13502.699999999999,540108.0,820,0.0,0.0,buy_signal,buy
2022-03-02,SELL,23,13087.382,301009.78599999996,816,914.2348767122957,728.5080615081928,take_profit,take_profit
2022-03-02,BUY,8,13092.618,104740.944,821,0.0,0.0,buy_signal,buy
2022-03-03,BUY,26,13302.66,345869.16,822,0.0,0.0,buy_signal,buy
2022-03-04,BUY,4,13077.615,52310.46,823,0.0,0.0,buy_signal,buy
2022-03-07,BUY,63,12062.412,759931.956,824,0.0,0.0,buy_signal,buy
2022-03-08,BUY,81,11607.321,940193.001,825,0.0,0.0,buy_signal,buy
2022-03-09,BUY,81,11567.313,936952.353,826,0.0,0.0,buy_signal,buy
2022-03-10,BUY,78,12027.404999999999,938137.5899999999,827,0.0,0.0,buy_signal,buy
2022-03-11,SELL,81,12042.591,975449.871,825,35038.396356164376,27920.346136409582,take_profit,take_profit
2022-03-11,SELL,81,12042.591,975449.871,826,38350.22227397264,30559.3746190151,take_profit,take_profit
2022-03-11,SELL,78,12042.591,939322.098,827,1110.8204383563116,885.1572663042268,take_profit,take_profit
2022-03-17,SELL,63,13077.384,823875.192,824,63483.339452054825,50586.69904236989,take_profit,take_profit
2022-03-22,SELL,45,13727.254,617726.43,819,27461.632191780966,21882.801612020663,take_profit,take_profit
2022-03-23,SELL,25,14317.136,357928.4,815,26375.776712328836,21017.53767321923,take_profit,take_profit
2022-03-23,SELL,40,14317.136,572685.4400000001,820,32000.45589041102,25499.56327627402,take_profit,take_profit
2022-03-23,SELL,26,14317.136,372245.536,822,26054.240986301418,20761.321929934285,take_profit,take_profit
2022-03-24,SELL,57,14277.144,813797.208,797,4253.355616438341,3389.2864229588918,take_profit,take_profit
2022-03-24,SELL,43,14277.144,613917.192,812,6903.063315068533,5500.70600261236,take_profit,take_profit
2022-03-24,SELL,16,14277.144,228434.304,814,11004.671780821925,8769.072708547952,take_profit,take_profit
2022-03-24,SELL,8,14277.144,114217.152,821,9360.087013698629,7458.585336865752,take_profit,take_profit
2022-03-24,SELL,4,14277.144,57108.576,823,4748.119506849317,3783.5390290328783,take_profit,take_profit
2022-03-28,SELL,12,14667.066,176004.79200000002,808,5326.668493150719,4244.55578876715,take_profit,take_profit
2022-03-28,SELL,3,14667.066,44001.198000000004,813,1707.8579178082205,1360.9065818054805,take_profit,take_profit
2022-03-30,SELL,4,15121.975,60487.9,809,2230.282136986307,1777.2003208575386,take_profit,take_profit
2022-04-07,BUY,3,13777.755,41333.265,828,0.0,0.0,buy_signal,buy
2022-04-08,BUY,23,13937.787,320569.101,829,0.0,0.0,buy_signal,buy
2022-04-13,BUY,12,13202.64,158431.68,830,0.0,0.0,buy_signal,buy
2022-04-15,SELL,12,13612.277,163347.324,830,4890.232273972603,3896.781587515069,take_profit,take_profit
2022-04-18,BUY,6,13597.719,81586.314,831,0.0,0.0,buy_signal,buy
2022-04-19,BUY,22,13872.774,305201.028,832,0.0,0.0,buy_signal,buy
2022-04-20,SELL,6,13997.2,83983.20000000001,831,2384.30671232878,1899.9348037191885,take_profit,take_profit
2022-04-20,BUY,4,14002.8,56011.2,833,0.0,0.0,buy_signal,buy
2022-04-21,SELL,3,14037.192000000001,42111.576,828,746.7753287671248,595.0679207280834,take_profit,take_profit
2022-04-21,BUY,5,14042.807999999999,70214.04,834,0.0,0.0,buy_signal,buy
2022-04-22,BUY,2,13852.77,27705.54,835,0.0,0.0,buy_signal,buy
2022-04-25,BUY,16,13337.667,213402.672,836,0.0,0.0,buy_signal,buy
2022-04-26,BUY,50,13557.711,677885.5499999999,837,0.0,0.0,buy_signal,buy
2022-04-27,BUY,44,12932.586,569033.784,838,0.0,0.0,buy_signal,buy
2022-04-28,SELL,44,13157.368,578924.192,838,9846.072876712382,7845.843171808261,take_profit,take_profit
2022-04-28,BUY,65,13162.632,855571.08,839,0.0,0.0,buy_signal,buy
2022-05-02,SELL,16,13472.305,215556.88,836,2088.523835616452,1664.2402184109696,take_profit,take_profit
2022-05-02,SELL,65,13472.305,875699.8250000001,839,20060.931301369976,15985.553107496666,take_profit,take_profit
2022-05-02,BUY,34,13477.695,458241.63,840,0.0,0.0,buy_signal,buy
2022-05-06,BUY,23,13502.699999999999,310562.1,841,0.0,0.0,buy_signal,buy
2022-05-09,BUY,3,13452.69,40358.07,842,0.0,0.0,buy_signal,buy
2022-05-10,BUY,52,12877.574999999999,669633.8999999999,843,0.0,0.0,buy_signal,buy
2022-05-11,BUY,50,12792.557999999999,639627.8999999999,844,0.0,0.0,buy_signal,buy
2022-05-12,BUY,54,12577.515,679185.8099999999,845,0.0,0.0,buy_signal,buy
2022-05-16,SELL,52,13477.304,700819.808,843,30980.29287671238,24686.646378808262,take_profit,take_profit
2022-05-16,SELL,50,13477.304,673865.2,844,34089.16849315073,27163.95391376716,take_profit,take_profit
2022-05-16,SELL,54,13477.304,727774.416,845,48482.372465753455,38633.17849933564,take_profit,take_profit
2022-05-24,SELL,34,13707.258,466046.772,840,7355.406767123281,5861.155882382186,take_profit,take_profit
2022-05-24,SELL,3,13707.258,41121.774,842,730.3030684931485,581.9420001287654,take_profit,take_profit
2022-05-31,SELL,50,14057.188,702859.4,837,23898.650000000092,19043.639252500074,take_profit,take_profit
2022-05-31,SELL,23,14057.188,323315.324,841,12353.405863013744,9843.811461942503,take_profit,take_profit
2022-06-06,SELL,23,14267.146,328144.358,829,6689.598205479436,5330.606330036288,take_profit,take_profit
2022-06-06,SELL,22,14267.146,313877.212,832,7990.34816438357,6367.108934789048,take_profit,take_profit
2022-06-07,SELL,2,14697.06,29394.12,835,1630.4420273972585,1299.2177295315055,take_profit,take_profit
2022-06-09,SELL,4,14957.008,59828.032,833,3682.7695342465777,2934.6149033643856,take_profit,take_profit
2022-06-09,SELL,5,14957.008,74785.04,834,4408.789863013699,3513.144202342466,take_profit,take_profit
2022-06-15,BUY,17,13282.655999999999,225805.15199999997,846,0.0,0.0,buy_signal,buy
2022-06-16,BUY,23,13482.696,310102.008,847,0.0,0.0,buy_signal,buy
2022-06-17,BUY,25,12422.484,310562.10000000003,848,0.0,0.0,buy_signal,buy
2022-06-20,BUY,24,12842.568,308221.632,849,0.0,0.0,buy_signal,buy
2022-06-21,BUY,24,12737.547,305701.128,850,0.0,0.0,buy_signal,buy
2022-06-22,SELL,25,13082.383,327059.575,848,16424.684589041073,13088.00991477738,take_profit,take_profit
2022-06-28,SELL,24,13422.315,322135.56,849,13771.022136986316,10973.438989857546,take_profit,take_profit
2022-06-28,SELL,24,13422.315,322135.56,850,16314.420164383533,13000.145707989019,take_profit,take_profit
2022-07-21,SELL,17,14247.15,242201.55,846,15968.180575342481,12724.244691461656,take_profit,take_profit
2022-07-21,SELL,23,14247.15,327684.45,847,17026.03482191785,13567.195847845238,take_profit,take_profit
2022-08-16,SELL,35,15566.886,544841.01,790,12725.919452054826,10140.64891536989,take_profit,take_profit
2022-08-16,SELL,40,15566.886,622675.4400000001,791,12189.133150684986,9712.91075112333,take_profit,take_profit
2022-08-16,SELL,18,15566.886,280203.94800000003,793,14348.47117808224,11433.579258254833,take_profit,take_profit
2022-08-18,SELL,18,15636.872000000001,281463.696,792,4111.71805479451,3276.422531963005,take_profit,take_profit
2022-09-20,BUY,18,14417.883,259521.894,851,0.0,0.0,buy_signal,buy
2022-09-21,BUY,17,14032.806,238557.70200000002,852,0.0,0.0,buy_signal,buy
2022-09-22,BUY,23,13632.726,313552.69800000003,853,0.0,0.0,buy_signal,buy
2022-09-26,BUY,22,13257.651,291668.322,854,0.0,0.0,buy_signal,buy
2022-09-27,BUY,23,13122.624,301820.352,855,0.0,0.0,buy_signal,buy
2022-09-28,BUY,24,13027.605,312662.52,856,0.0,0.0,buy_signal,buy
2022-09-29,BUY,5,13187.636999999999,65938.185,857,0.0,0.0,buy_signal,buy
2022-10-03,BUY,5,12492.498,62462.49,858,0.0,0.0,buy_signal,buy
2022-10-05,SELL,24,13917.216,334013.184,856,21230.56010958903,16917.57182332602,take_profit,take_profit
2022-10-05,SELL,5,13917.216,69586.08,858,7113.358493150688,5668.279715267126,take_profit,take_profit
2022-10-06,SELL,22,13892.221,305628.86199999996,854,13783.013863013677,10982.994596742448,take_profit,take_profit
2022-10-06,SELL,23,13892.221,319521.083,855,17538.028369862983,13975.177906525318,take_profit,take_profit
2022-10-06,SELL,5,13892.221,69461.105,857,3497.4515068493133,2786.9442332328754,take_profit,take_profit
2022-11-01,SELL,23,14317.136,329294.128,853,15119.670054794513,12048.109083163008,take_profit,take_profit
2022-11-14,SELL,17,14877.024,252909.408,852,13724.14238356162,10936.082858341077,take_profit,take_profit
2022-11-25,SELL,18,15076.984,271385.712,851,11016.88397260274,8778.803993568494,take_profit,take_profit
2022-12-13,BUY,12,14737.947,176855.364,859,0.0,0.0,buy_signal,buy
2022-12-14,BUY,8,14712.942,117703.536,860,0.0,0.0,buy_signal,buy
2022-12-15,BUY,2,14682.936,29365.872,861,0.0,0.0,buy_signal,buy
2022-12-16,BUY,3,14282.856,42848.568,862,0.0,0.0,buy_signal,buy
2022-12-19,BUY,43,13932.786,599109.798,863,0.0,0.0,buy_signal,buy
2022-12-20,BUY,58,13902.779999999999,806361.24,864,0.0,0.0,buy_signal,buy
2022-12-21,BUY,72,13177.635,948789.72,865,0.0,0.0,buy_signal,buy
2022-12-22,BUY,72,13217.643,951670.296,866,0.0,0.0,buy_signal,buy
2022-12-23,BUY,73,12827.565,936412.245,867,0.0,0.0,buy_signal,buy
2022-12-26,BUY,73,12912.582,942618.486,868,0.0,0.0,buy_signal,buy
2023-01-05,BUY,3,12537.507,37612.521,869,0.0,0.0,buy_signal,buy
2023-01-06,BUY,1,12412.482,12412.482,870,0.0,0.0,buy_signal,buy
2023-01-12,SELL,3,13137.372,39412.115999999995,869,1787.855712328761,1424.6528243691732,take_profit,take_profit
2023-01-12,SELL,1,13137.372,13137.372,870,721.934657534246,575.2736318561639,take_profit,take_profit
2023-01-19,SELL,73,13162.367,960852.791,867,23291.257999999973,18559.638937299977,take_profit,take_profit
2023-01-19,SELL,73,13162.367,960852.791,868,17157.032999999934,13671.581746049947,take_profit,take_profit
2023-01-20,BUY,9,12952.59,116573.31,871,0.0,0.0,buy_signal,buy
2023-01-23,SELL,9,13467.306,121205.754,871,4623.351287671236,3684.117473580824,take_profit,take_profit
2023-01-23,BUY,1,13472.694,13472.694,872,0.0,0.0,buy_signal,buy
2023-01-24,SELL,72,13807.238000000001,994121.136,865,43834.19079452063,34929.274934613764,take_profit,take_profit
2023-01-24,SELL,72,13807.238000000001,994121.136,866,41025.47276712337,32691.147974482257,take_profit,take_profit
2023-01-25,SELL,1,13817.236,13817.236,872,342.43586301369993,272.8700174424668,take_profit,take_profit
2023-01-31,SELL,58,14082.183,816766.6140000001,864,8829.137397260343,7035.498135006905,take_profit,take_profit
2023-02-06,SELL,43,14417.116,619935.988,863,19426.762657534306,15480.215823656212,take_profit,take_profit
2023-02-14,BUY,5,14332.866,71664.33,873,0.0,0.0,buy_signal,buy
2023-02-15,BUY,2,14332.866,28665.732,874,0.0,0.0,buy_signal,buy
2023-02-16,BUY,4,14267.853,57071.412,875,0.0,0.0,buy_signal,buy
2023-02-17,BUY,2,14097.819,28195.638,876,0.0,0.0,buy_signal,buy
2023-02-20,BUY,6,14122.824,84736.944,877,0.0,0.0,buy_signal,buy
2023-02-21,BUY,5,14117.823,70589.115,878,0.0,0.0,buy_signal,buy
2023-02-22,BUY,10,13887.777,138877.77,879,0.0,0.0,buy_signal,buy
2023-02-24,BUY,37,13772.753999999999,509591.898,880,0.0,0.0,buy_signal,buy
2023-02-27,SELL,10,13967.206,139672.06,879,772.9716438356246,615.9424543904174,take_profit,take_profit
2023-02-27,SELL,37,13967.206,516786.62200000003,880,7154.8309041096345,5701.327005939762,take_profit,take_profit
2023-02-27,BUY,11,13972.794,153700.734,881,0.0,0.0,buy_signal,buy
2023-02-28,SELL,11,14152.169,155673.859,881,1961.24801369863,1562.8204797157534,take_profit,take_profit
2023-02-28,BUY,12,14157.831,169893.972,882,0.0,0.0,buy_signal,buy
2023-03-01,BUY,12,14007.801,168093.612,883,0.0,0.0,buy_signal,buy
2023-03-02,SELL,12,14162.167,169946.004,883,1839.3800547945132,1465.7099966630078,take_profit,take_profit
2023-03-02,BUY,8,14167.833,113342.664,884,0.0,0.0,buy_signal,buy
2023-03-03,BUY,4,14327.865,57311.46,885,0.0,0.0,buy_signal,buy
2023-03-06,SELL,3,14827.034,44481.102,862,1469.6672054794517,1171.104312686301,take_profit,take_profit
2023-03-06,SELL,5,14827.034,74135.17,873,2400.326027397257,1912.6997949315041,take_profit,take_profit
2023-03-06,SELL,2,14827.034,29654.068,874,962.3144109589034,766.8202383726021,take_profit,take_profit
2023-03-06,SELL,4,14827.034,59308.136,875,2189.0150684931527,1744.3166573287688,take_profit,take_profit
2023-03-06,SELL,2,14827.034,29654.068,876,1436.7741095890415,1144.8934492260278,take_profit,take_profit
2023-03-06,SELL,6,14827.034,88962.204,877,4166.798301369858,3320.313226446571,take_profit,take_profit
2023-03-06,SELL,5,14827.034,74135.17,878,3502.762397260267,2791.176216256844,take_profit,take_profit
2023-03-06,SELL,12,14827.034,177924.408,882,7978.0476164383435,6357.307243158894,take_profit,take_profit
2023-03-06,SELL,8,14827.034,118616.272,884,5255.991780821911,4188.237050547939,take_profit,take_profit
2023-03-06,SELL,4,14827.034,59308.136,885,1992.2082739726022,1587.491163115068,take_profit,take_profit
2023-03-07,SELL,8,14877.024,119016.192,860,851.0564383561671,678.1643229041117,take_profit,take_profit
2023-03-07,SELL,2,14877.024,29754.048,861,275.0544657534241,219.177151035616,take_profit,take_profit
2023-03-08,SELL,12,14907.018,178884.21600000001,859,1309.1860273972738,1043.2248859315177,take_profit,take_profit
2023-03-14,BUY,5,13952.789999999999,69763.95,886,0.0,0.0,buy_signal,buy
2023-03-15,BUY,53,14057.811,745063.983,887,0.0,0.0,buy_signal,buy
2023-03-16,BUY,56,13262.652,742708.512,888,0.0,0.0,buy_signal,buy
2023-03-17,SELL,56,13797.24,772645.44,888,29878.589808219134,23808.754288679418,take_profit,take_profit
2023-03-17,BUY,54,13802.76,745349.04,889,0.0,0.0,buy_signal,buy
2023-03-20,BUY,53,13872.774,735257.022,890,0.0,0.0,buy_signal,buy
2023-03-22,BUY,53,13907.780999999999,737112.3929999999,891,0.0,0.0,buy_signal,buy
2023-03-23,SELL,54,13847.23,747750.4199999999,889,2229.5090958902992,1776.584323060185,take_profit,take_profit
2023-03-24,BUY,1,13962.792,13962.792,892,0.0,0.0,buy_signal,buy
2023-03-28,SELL,53,14162.167,750594.851,890,15054.710260274,11996.345870899337,take_profit,take_profit
2023-03-29,SELL,53,14117.176,748210.328,891,10812.53943835622,8615.972051454153,take_profit,take_profit
2023-03-30,SELL,5,14637.072,73185.36,886,3362.6234246575377,2679.506475938359,take_profit,take_profit
2023-03-30,SELL,53,14637.072,775764.816,887,30133.802698630123,24012.120680403415,take_profit,take_profit
2023-03-30,SELL,1,14637.072,14637.072,892,669.9396164383568,533.8413833589046,take_profit,take_profit
2023-04-07,BUY,48,14382.876,690378.048,893,0.0,0.0,buy_signal,buy
2023-04-10,BUY,50,14522.904,726145.2000000001,894,0.0,0.0,buy_signal,buy
2023-04-11,BUY,29,14742.948,427545.492,895,0.0,0.0,buy_signal,buy
2023-04-12,SELL,48,14867.026,713617.248,893,23078.564383561712,18390.15402904115,take_profit,take_profit
2023-04-12,SELL,50,14867.026,743351.3,894,17093.8123287671,13621.204354178064,take_profit,take_profit
2023-04-13,SELL,29,14807.038,429404.102,895,1792.4153150684792,1428.2861438123177,take_profit,take_profit
2023-05-02,SELL,27,16201.759,437447.493,786,8713.903438356218,6943.673954854152,take_profit,take_profit
2023-05-02,SELL,10,16201.759,162017.59,789,3962.7532876712166,3157.719957280809,take_profit,take_profit
2023-05-17,SELL,22,16906.618,371945.59599999996,760,1828.4157808218642,1456.9731149479026,take_profit,take_profit
2023-05-17,SELL,9,16906.618,152159.56199999998,761,1839.596054794516,1465.8821162630102,take_profit,take_profit
2023-05-18,SELL,3,17646.47,52939.41,759,1711.0534520547976,1363.4529432698655,take_profit,take_profit
2023-05-19,SELL,1,18021.395,18021.395,728,827.1892191780838,659.1457293020561,take_profit,take_profit
2023-05-19,SELL,10,18021.395,180213.95,729,8684.752465753423,6920.445002335615,take_profit,take_profit
2023-05-19,SELL,1,18021.395,18021.395,754,786.1722328767144,626.4613437678098,take_profit,take_profit
2023-05-19,SELL,1,18021.395,18021.395,755,847.4730000000009,675.3088600500007,take_profit,take_profit
2023-05-22,SELL,8,17851.429,142811.432,727,1054.1820273972758,840.0249485315192,take_profit,take_profit
2023-05-23,SELL,19,18511.297,351714.643,661,8066.276917808196,6427.612761955461,take_profit,take_profit
2023-07-10,BUY,32,19808.961,633886.752,896,0.0,0.0,buy_signal,buy
2023-07-11,BUY,37,19838.967,734041.779,897,0.0,0.0,buy_signal,buy
2023-07-12,BUY,37,19728.945,729970.965,898,0.0,0.0,buy_signal,buy
2023-07-13,BUY,38,19438.887,738677.706,899,0.0,0.0,buy_signal,buy
2023-07-14,SELL,38,20230.953,768776.214,899,30040.687616438387,23937.921927158928,take_profit,take_profit
2023-07-14,BUY,1,20239.047,20239.047,900,0.0,0.0,buy_signal,buy
2023-07-20,SELL,32,20275.944,648830.208,896,14603.773808219185,11637.017159079456,take_profit,take_profit
2023-07-20,SELL,37,20275.944,750209.928,897,15831.03743835614,12614.96218275409,take_profit,take_profit
2023-07-20,SELL,37,20275.944,750209.928,898,19957.48321917807,15903.120503202044,take_profit,take_profit
2023-07-24,BUY,3,20074.014,60222.042,901,0.0,0.0,buy_signal,buy
2023-08-01,SELL,1,20825.834,20825.834,900,569.8086438356167,454.0520178404112,take_profit,take_profit
2023-08-01,SELL,3,20825.834,62477.50199999999,901,2227.4557808219097,1774.9481389479388,take_profit,take_profit
2023-08-04,BUY,36,19283.856,694218.816,902,0.0,0.0,buy_signal,buy
2023-08-07,BUY,18,19153.829999999998,344768.93999999994,903,0.0,0.0,buy_signal,buy
2023-08-08,SELL,36,19756.048,711217.728,902,16891.042191780834,13459.626970520558,take_profit,take_profit
2023-08-08,SELL,18,19756.048,355608.864,903,10812.873698630194,8616.23840675347,take_profit,take_profit
2023-08-08,BUY,27,19763.952,533626.704,904,0.0,0.0,buy_signal,buy
2023-08-09,BUY,22,19608.921,431396.262,905,0.0,0.0,buy_signal,buy
2023-08-10,BUY,5,19353.87,96769.34999999999,906,0.0,0.0,buy_signal,buy
2023-08-14,SELL,5,19841.031,99205.155,906,2428.187465753432,1934.9011820856224,take_profit,take_profit
2023-08-15,BUY,1,19703.94,19703.94,907,0.0,0.0,buy_signal,buy
2023-08-17,BUY,39,18808.761,733541.679,908,0.0,0.0,buy_signal,buy
2023-08-18,BUY,40,18448.689,737947.5599999999,909,0.0,0.0,buy_signal,buy
2023-08-21,BUY,39,18733.746,730616.0939999999,910,0.0,0.0,buy_signal,buy
2023-08-22,SELL,40,19021.195,760847.8,909,22785.815890411068,18156.87739227406,take_profit,take_profit
2023-08-22,BUY,39,19028.805,742123.395,911,0.0,0.0,buy_signal,buy
2023-08-23,SELL,39,18896.22,736952.5800000001,908,3186.0686712329475,2538.818820671974,take_profit,take_profit
2023-08-23,SELL,39,18896.22,736952.5800000001,910,6223.396684931657,4959.113648387791,take_profit,take_profit
2023-08-23,BUY,6,18903.78,113422.68,912,0.0,0.0,buy_signal,buy
2023-08-24,SELL,6,19456.108,116736.648,912,3305.0962191780905,2633.665922252061,take_profit,take_profit
2023-08-28,BUY,4,19143.828,76575.312,913,0.0,0.0,buy_signal,buy
2023-08-29,SELL,39,19571.085,763272.315,911,20861.275232876636,16623.307169317748,take_profit,take_profit
2023-08-29,SELL,4,19571.085,78284.34,913,1703.059780821909,1357.0831863479382,take_profit,take_profit
2023-09-01,SELL,22,19806.038,435732.836,905,3815.893671232899,3040.694871921936,take_profit,take_profit
2023-09-04,SELL,27,20195.96,545290.9199999999,904,10942.743452054692,8719.72511976978,take_profit,take_profit
2023-09-04,SELL,1,20195.96,20195.96,907,471.3157260273977,375.5679362849319,take_profit,take_profit
2023-09-05,BUY,5,20384.076,101920.38,914,0.0,0.0,buy_signal,buy
2023-09-06,BUY,4,20584.115999999998,82336.46399999999,915,0.0,0.0,buy_signal,buy
2023-09-07,BUY,2,20629.125,41258.25,916,0.0,0.0,buy_signal,buy
2023-09-08,BUY,8,20309.060999999998,162472.48799999998,917,0.0,0.0,buy_signal,buy
2023-09-11,BUY,22,20084.016,441848.352,918,0.0,0.0,buy_signal,buy
2023-09-12,BUY,9,20019.003,180171.027,919,0.0,0.0,buy_signal,buy
2023-09-13,BUY,3,20174.034,60522.102,920,0.0,0.0,buy_signal,buy
2023-09-14,BUY,6,20374.074,122244.444,921,0.0,0.0,buy_signal,buy
2023-09-15,SELL,5,20965.806,104829.03,914,2846.3672602739666,2268.1277513493105,take_profit,take_profit
2023-09-15,SELL,8,20965.806,167726.448,917,5192.151342465774,4137.365797243852,take_profit,take_profit
2023-09-15,SELL,22,20965.806,461247.732,918,19263.058356164387,15349.768051109591,take_profit,take_profit
2023-09-15,SELL,9,20965.806,188692.25400000002,919,8479.129191780836,6756.594096470559,take_profit,take_profit
2023-09-15,SELL,3,20965.806,62897.418000000005,920,2365.9310136986364,1885.2921282657585,take_profit,take_profit
2023-09-15,SELL,6,20965.806,125794.83600000001,921,3540.8643287671302,2821.5377403780876,take_profit,take_profit
2023-09-19,SELL,4,20765.846,83063.384,915,676.883616438369,539.3747097589144,take_profit,take_profit
2023-09-19,SELL,2,20765.846,41531.692,916,251.60967123287946,200.49516652192,take_profit,take_profit
2023-09-20,BUY,4,20784.156,83136.624,922,0.0,0.0,buy_signal,buy
2023-09-21,BUY,12,20294.058,243528.696,923,0.0,0.0,buy_signal,buy
2023-09-22,BUY,28,19543.908,547229.424,924,0.0,0.0,buy_signal,buy
2023-09-25,BUY,27,19843.968,535787.136,925,0.0,0.0,buy_signal,buy
2023-09-26,BUY,27,20034.006,540918.162,926,0.0,0.0,buy_signal,buy
2023-09-27,BUY,28,19283.856,539947.968,927,0.0,0.0,buy_signal,buy
2023-09-28,BUY,28,19588.917,548489.676,928,0.0,0.0,buy_signal,buy
2023-09-29,BUY,28,19483.896,545549.088,929,0.0,0.0,buy_signal,buy
2023-10-02,BUY,28,19603.92,548909.76,930,0.0,0.0,buy_signal,buy
2023-10-03,BUY,29,18973.793999999998,550240.026,931,0.0,0.0,buy_signal,buy
2023-10-04,BUY,51,17918.583,913847.7329999999,932,0.0,0.0,buy_signal,buy
2023-10-05,BUY,53,17948.589,951275.217,933,0.0,0.0,buy_signal,buy
2023-10-06,SELL,51,18216.356,929034.156,932,15045.520479452123,11989.022994051425,take_profit,take_profit
2023-10-06,SELL,53,18216.356,965466.868,933,14117.186726027468,11249.280242634988,take_profit,take_profit
2023-10-06,BUY,47,18223.644,856511.268,934,0.0,0.0,buy_signal,buy
2023-10-10,BUY,48,18658.731,895619.088,935,0.0,0.0,buy_signal,buy
2023-10-11,SELL,47,19236.152000000002,904099.1440000001,934,47453.06712328772,37812.97653719182,take_profit,take_profit
2023-10-11,SELL,48,19236.152000000002,923335.2960000001,935,27645.749260274075,22029.515298049395,take_profit,take_profit
2023-10-11,BUY,9,19243.847999999998,173194.63199999998,936,0.0,0.0,buy_signal,buy
2023-10-12,BUY,13,19603.92,254850.95999999996,937,0.0,0.0,buy_signal,buy
2023-10-13,SELL,28,19811.037,554709.036,924,6903.823068493115,5501.311412128739,take_profit,take_profit
2023-10-13,SELL,28,19811.037,554709.036,927,14312.877753424627,11405.216637816415,take_profit,take_profit
2023-10-13,SELL,28,19811.037,554709.036,929,8795.269863013673,7008.510790342445,take_profit,take_profit
2023-10-13,SELL,29,19811.037,574520.073,931,23987.99395890413,19114.832986152756,take_profit,take_profit
2023-10-13,SELL,9,19811.037,178299.333,936,5077.529876712359,4046.029682258243,take_profit,take_profit
2023-10-13,BUY,1,19818.963,19818.963,938,0.0,0.0,buy_signal,buy
2023-10-16,BUY,4,19248.849,76995.396,939,0.0,0.0,buy_signal,buy
2023-10-17,BUY,21,19533.906,410212.02599999995,940,0.0,0.0,buy_signal,buy
2023-10-18,BUY,17,19423.884,330206.028,941,0.0,0.0,buy_signal,buy
2023-10-19,BUY,19,18848.769,358126.61100000003,942,0.0,0.0,buy_signal,buy
2023-10-20,BUY,29,18483.696,536027.184,943,0.0,0.0,buy_signal,buy
2023-10-23,BUY,30,18383.676,551510.28,944,0.0,0.0,buy_signal,buy
2023-10-24,BUY,30,18403.68,552110.4,945,0.0,0.0,buy_signal,buy
2023-10-25,BUY,29,18578.715,538782.735,946,0.0,0.0,buy_signal,buy
2023-10-26,BUY,23,17963.592,413162.61600000004,947,0.0,0.0,buy_signal,buy
2023-10-27,BUY,44,17913.582,788197.6079999999,948,0.0,0.0,buy_signal,buy
2023-10-30,BUY,14,17738.547,248339.658,949,0.0,0.0,buy_signal,buy
2023-10-31,BUY,23,17803.56,409481.88,950,0.0,0.0,buy_signal,buy
2023-11-01,SELL,14,18696.260000000002,261747.64,949,13369.485452054812,10653.474482469877,take_profit,take_profit
2023-11-01,SELL,23,18696.260000000002,430013.98000000004,950,20500.288164383597,16335.654623789069,take_profit,take_profit
2023-11-01,BUY,11,18703.739999999998,205741.13999999998,951,0.0,0.0,buy_signal,buy
2023-11-02,SELL,29,19351.129,561182.741,943,24790.53519178085,19754.337967570573,take_profit,take_profit
2023-11-02,SELL,30,19351.129,580533.87,944,28688.591095890377,22860.503814760246,take_profit,take_profit
2023-11-02,SELL,30,19351.129,580533.87,945,28130.39054794518,22415.701708130116,take_profit,take_profit
2023-11-02,SELL,29,19351.129,561182.741,946,22157.395972602793,17656.120980768537,take_profit,take_profit
2023-11-02,SELL,23,19351.129,445075.967,947,31753.52431506846,25302.795850462302,take_profit,take_profit
2023-11-02,SELL,44,19351.129,851449.676,948,63006.03928767132,50206.3624063809,take_profit,take_profit
2023-11-06,SELL,19,20010.997,380208.94299999997,942,21787.76432876706,17361.580005378033,take_profit,take_profit
2023-11-06,SELL,11,20010.997,220120.967,951,14347.638890410979,11432.916049823989,take_profit,take_profit
2023-11-07,SELL,27,19996.0,539892.0,925,2969.2691506848746,2366.0621227232423,take_profit,take_profit
2023-11-07,SELL,28,19996.0,559888.0,928,10348.053972602762,8245.84680806851,take_profit,take_profit
2023-11-07,SELL,28,19996.0,559888.0,930,10010.826958904101,7977.127462202733,take_profit,take_profit
2023-11-07,SELL,13,19996.0,259948.0,937,4777.996493150722,3807.3465055671527,take_profit,take_profit
2023-11-07,SELL,1,19996.0,19996.0,938,154.03020547945232,122.73896923630159,take_profit,take_profit
2023-11-07,SELL,4,19996.0,79984.0,939,2902.6463013698694,2312.9737052465807,take_profit,take_profit
2023-11-07,SELL,21,19996.0,419916.0,940,9283.255972602785,7397.362521768529,take_profit,take_profit
2023-11-07,SELL,17,19996.0,339932.0,941,9410.703506849324,7498.919089432884,take_profit,take_profit
2023-11-10,BUY,1,19868.972999999998,19868.972999999998,952,0.0,0.0,buy_signal,buy
2023-11-13,BUY,2,20429.085,40858.17,953,0.0,0.0,buy_signal,buy
2023-11-14,BUY,8,20304.06,162432.48,954,0.0,0.0,buy_signal,buy
2023-11-15,BUY,3,20814.162,62442.486000000004,955,0.0,0.0,buy_signal,buy
2023-11-16,SELL,12,21045.79,252549.48,923,8349.966904109604,6653.671127539737,take_profit,take_profit
2023-11-16,SELL,27,21045.79,568236.3300000001,926,25932.5235616439,20664.33140009594,take_profit,take_profit
2023-11-16,SELL,1,21045.79,21045.79,952,1170.5672465753453,932.7665104335639,take_profit,take_profit
2023-11-16,SELL,2,21045.79,42091.58,953,1223.98665753425,975.3337680561672,take_profit,take_profit
2023-11-16,SELL,8,21045.79,168366.32,954,5908.435945205476,4708.137182936984,take_profit,take_profit
2023-11-21,BUY,1,21104.22,21104.22,956,0.0,0.0,buy_signal,buy
2023-11-22,BUY,1,20754.149999999998,20754.149999999998,957,0.0,0.0,buy_signal,buy
2023-11-24,BUY,4,21514.302,86057.208,958,0.0,0.0,buy_signal,buy
2023-11-27,BUY,2,21454.29,42908.58,959,0.0,0.0,buy_signal,buy
2023-11-28,BUY,5,21199.238999999998,105996.19499999999,960,0.0,0.0,buy_signal,buy
2023-11-29,BUY,5,20859.171,104295.855,961,0.0,0.0,buy_signal,buy
2023-11-30,BUY,7,20824.164,145769.14800000002,962,0.0,0.0,buy_signal,buy
2023-12-01,BUY,6,21244.248,127465.488,963,0.0,0.0,buy_signal,buy
2023-12-04,BUY,9,20944.188,188497.69199999998,964,0.0,0.0,buy_signal,buy
2023-12-05,BUY,14,20544.108,287617.512,965,0.0,0.0,buy_signal,buy
2023-12-06,BUY,27,20434.086,551720.3219999999,966,0.0,0.0,buy_signal,buy
2023-12-07,SELL,27,20690.861,558653.247,966,6889.284123287718,5489.726053641818,take_profit,take_profit
2023-12-07,BUY,8,20699.139,165593.112,967,0.0,0.0,buy_signal,buy
2023-12-08,BUY,27,19903.98,537407.46,968,0.0,0.0,buy_signal,buy
2023-12-11,BUY,27,20174.034,544698.918,969,0.0,0.0,buy_signal,buy
2023-12-12,BUY,26,20654.13,537007.38,970,0.0,0.0,buy_signal,buy
2023-12-13,BUY,17,20449.089,347634.513,971,0.0,0.0,buy_signal,buy
2023-12-14,BUY,25,20554.11,513852.75,972,0.0,0.0,buy_signal,buy
2023-12-15,BUY,24,20204.04,484896.96,973,0.0,0.0,buy_signal,buy
2023-12-18,SELL,27,20230.953,546235.731,968,8577.537904109655,6835.011078889778,take_profit,take_profit
2023-12-18,BUY,7,20239.047,141673.329,974,0.0,0.0,buy_signal,buy
2023-12-19,BUY,20,20239.047,404780.93999999994,975,0.0,0.0,buy_signal,buy
2023-12-20,SELL,27,21050.789,568371.3030000001,969,23377.56571232889,18628.413237869278,take_profit,take_profit
2023-12-20,SELL,24,21050.789,505218.936,973,20209.00635616435,16103.546714909564,take_profit,take_profit
2023-12-20,SELL,7,21050.789,147355.52300000002,974,5660.236630137004,4510.359558724672,take_profit,take_profit
2023-12-20,SELL,20,21050.789,421015.78,975,16203.073424657618,12911.419058438423,take_profit,take_profit
2023-12-20,BUY,7,21059.211,147414.47699999998,976,0.0,0.0,buy_signal,buy
2023-12-21,SELL,1,20825.834,20825.834,957,39.97112328767234,31.850989591781705,take_profit,take_profit
2023-12-21,SELL,14,20825.834,291561.676,965,3681.078301369853,2933.267244446567,take_profit,take_profit
2023-12-21,SELL,8,20825.834,166606.672,967,888.5833424657511,708.0676364438337,take_profit,take_profit
2023-12-21,SELL,26,20825.834,541471.684,970,4178.229917808223,3329.4225100054828,take_profit,take_profit
2023-12-21,SELL,17,20825.834,354039.17799999996,971,6244.044342465732,4975.566734293819,take_profit,take_profit
2023-12-21,SELL,25,20825.834,520645.85,972,6595.9780821917575,5256.005134794502,take_profit,take_profit
2023-12-21,BUY,2,20834.166,41668.332,977,0.0,0.0,buy_signal,buy
2023-12-22,BUY,11,20784.156,228625.716,978,0.0,0.0,buy_signal,buy
2023-12-25,BUY,31,20964.192,649889.9519999999,979,0.0,0.0,buy_signal,buy
2023-12-26,BUY,27,20854.17,563062.59,980,0.0,0.0,buy_signal,buy
2023-12-27,BUY,30,21099.219,632976.5700000001,981,0.0,0.0,buy_signal,buy
2023-12-28,SELL,4,21050.789,84203.156,922,651.9693698630201,519.5217923753476,take_profit,take_profit
2023-12-28,SELL,3,21050.789,63152.367,955,566.4918493150624,451.4090301267075,take_profit,take_profit
2023-12-28,SELL,7,21050.789,147355.52300000002,962,1365.0614657534247,1087.7492289856166,take_profit,take_profit
2023-12-28,SELL,2,21050.789,42101.578,977,417.26298630136904,332.4960106342459,take_profit,take_profit
2023-12-28,SELL,11,21050.789,231558.679,978,2862.447876712347,2280.9415905582337,take_profit,take_profit
2023-12-28,SELL,27,21050.789,568371.3030000001,980,5221.451958904215,4160.713993452824,take_profit,take_profit
2023-12-28,BUY,19,21059.211,400125.00899999996,982,0.0,0.0,buy_signal,buy
2023-12-29,BUY,12,21139.227,253670.724,983,0.0,0.0,buy_signal,buy
2024-01-11,SELL,31,23045.39,714407.09,979,64063.1264383562,51048.70230240414,take_profit,take_profit
2024-01-12,SELL,1,23530.293,23530.293,956,2373.1591369863017,1891.0518583075345,take_profit,take_profit
2024-01-12,SELL,4,23530.293,94121.172,958,7865.225369863021,6267.404835975349,take_profit,take_profit
2024-01-12,SELL,2,23530.293,47060.586,959,4055.908465753426,3231.9506609356176,take_profit,take_profit
2024-01-12,SELL,5,23530.293,117651.46500000001,960,11423.102054794539,9102.498872363029,take_profit,take_profit
2024-01-12,SELL,5,23530.293,117651.46500000001,961,13131.512191780837,10463.84549002056,take_profit,take_profit
2024-01-12,SELL,6,23530.293,141181.758,963,13466.704849315072,10730.943759176716,take_profit,take_profit
2024-01-12,SELL,9,23530.293,211772.63700000002,964,22915.154589041133,18259.940934277427,take_profit,take_profit
2024-01-12,SELL,7,23530.293,164712.051,976,17148.98183561646,13665.166175710978,take_profit,take_profit
2024-01-12,SELL,30,23530.293,705908.79,981,72535.21068493147,57799.682634287645,take_profit,take_profit
2024-01-12,SELL,19,23530.293,447075.56700000004,982,46730.19339726035,37236.95460860691,take_profit,take_profit
2024-01-12,SELL,12,23530.293,282363.516,983,28573.116164383577,22768.487615589052,take_profit,take_profit
2024-03-08,BUY,18,29570.913,532276.434,984,0.0,0.0,buy_signal,buy
2024-03-11,BUY,22,28510.701,627235.422,985,0.0,0.0,buy_signal,buy
2024-03-12,BUY,23,27785.556,639067.7880000001,986,0.0,0.0,buy_signal,buy
2024-03-13,BUY,22,28725.744,631966.368,987,0.0,0.0,buy_signal,buy
2024-03-14,BUY,23,27905.579999999998,641828.34,988,0.0,0.0,buy_signal,buy
2024-03-15,BUY,23,27805.559999999998,639527.8799999999,989,0.0,0.0,buy_signal,buy
2024-03-18,BUY,22,28465.692,626245.2239999999,990,0.0,0.0,buy_signal,buy
2024-03-19,SELL,22,29314.136000000002,644910.9920000001,985,17388.092082191844,13855.701175694572,take_profit,take_profit
2024-03-19,SELL,23,29314.136000000002,674225.128,986,34906.58580821915,27815.312901279427,take_profit,take_profit
2024-03-19,SELL,22,29314.136000000002,644910.9920000001,987,12752.39824657541,10161.748542783616,take_profit,take_profit
2024-03-19,SELL,23,29314.136000000002,674225.128,988,32245.29802739732,25694.665733131555,take_profit,take_profit
2024-03-19,SELL,23,29314.136000000002,674225.128,989,34595.61068493164,27567.51237428778,take_profit,take_profit
2024-03-19,SELL,22,29314.136000000002,644910.9920000001,990,18615.89731506865,14834.077775512455,take_profit,take_profit
2024-03-21,BUY,3,30806.16,92418.48,991,0.0,0.0,buy_signal,buy
2024-03-22,SELL,18,31463.706000000002,566346.708,984,33710.04517808217,26861.849500154774,take_profit,take_profit
2024-03-27,BUY,21,30706.14,644828.94,992,0.0,0.0,buy_signal,buy
2024-03-28,BUY,8,30866.172,246929.376,993,0.0,0.0,buy_signal,buy
2024-03-29,BUY,21,30796.158,646719.318,994,0.0,0.0,buy_signal,buy
2024-04-01,BUY,21,30796.158,646719.318,995,0.0,0.0,buy_signal,buy
2024-04-02,BUY,21,30166.032,633486.672,996,0.0,0.0,buy_signal,buy
2024-04-03,BUY,22,29585.916,650890.152,997,0.0,0.0,buy_signal,buy
2024-04-04,BUY,21,30256.05,635377.0499999999,998,0.0,0.0,buy_signal,buy
2024-04-05,BUY,22,29060.810999999998,639337.842,999,0.0,0.0,buy_signal,buy
2024-04-08,BUY,22,29280.855,644178.8099999999,1000,0.0,0.0,buy_signal,buy
2024-04-09,BUY,22,29505.899999999998,649129.7999999999,1001,0.0,0.0,buy_signal,buy
2024-04-10,SELL,22,29634.072,651949.584,999,12463.361945205565,9931.429966037054,take_profit,take_profit
2024-04-10,BUY,21,29645.928,622564.488,1002,0.0,0.0,buy_signal,buy
2024-04-11,BUY,21,28980.795,608596.695,1003,0.0,0.0,buy_signal,buy
2024-04-12,BUY,21,29815.962,626135.202,1004,0.0,0.0,buy_signal,buy
2024-04-15,BUY,1,28785.755999999998,28785.755999999998,1005,0.0,0.0,buy_signal,buy
2024-04-16,BUY,23,28220.643,649074.789,1006,0.0,0.0,buy_signal,buy
2024-04-17,BUY,2,28185.636,56371.272,1007,0.0,0.0,buy_signal,buy
2024-04-18,BUY,29,26935.386,781126.1939999999,1008,0.0,0.0,buy_signal,buy
2024-04-19,BUY,21,26700.339,560707.119,1009,0.0,0.0,buy_signal,buy
2024-04-22,BUY,37,26155.23,967743.51,1010,0.0,0.0,buy_signal,buy
2024-04-23,BUY,19,26910.381,511297.239,1011,0.0,0.0,buy_signal,buy
2024-04-25,SELL,37,27159.567,1004903.9789999999,1010,36930.98790410951,29428.457711389667,take_profit,take_profit
2024-04-26,BUY,12,26905.38,322864.56,1012,0.0,0.0,buy_signal,buy
2024-05-17,SELL,29,28009.397,812272.513,1008,30050.864260274106,23946.03118579942,take_profit,take_profit
2024-05-21,SELL,21,29019.195,609403.095,1009,47855.09572602742,38133.33302928495,take_profit,take_profit
2024-05-24,SELL,19,27714.456000000002,526574.664,1011,14468.821438356154,11529.4803631541,take_profit,take_profit
2024-05-24,SELL,12,27714.456000000002,332573.472,1012,9272.86684931508,7389.0839488767215,take_profit,take_profit
2024-06-18,BUY,2,27625.523999999998,55251.047999999995,1013,0.0,0.0,buy_signal,buy
2024-06-27,SELL,2,28989.201,57978.402,1013,2697.0679726027465,2149.1586139684987,take_profit,take_profit
2024-07-01,SELL,1,29654.068,29654.068,1005,756.9421917808236,603.1693855205492,take_profit,take_profit
2024-07-01,SELL,23,29654.068,682043.564,1006,30458.560041095916,24270.90356874728,take_profit,take_profit
2024-07-01,SELL,2,29654.068,59308.136,1007,2722.877260273974,2169.7247448493163,take_profit,take_profit
2024-07-01,BUY,1,29665.932,29665.932,1014,0.0,0.0,buy_signal,buy
2024-07-02,BUY,1,29210.841,29210.841,1015,0.0,0.0,buy_signal,buy
2024-07-03,SELL,22,30223.954,664926.988,1000,17948.66895890418,14302.396859902798,take_profit,take_profit
2024-07-03,SELL,22,30223.954,664926.988,1001,13047.043342465835,10396.5364874439,take_profit,take_profit
2024-07-03,SELL,21,30223.954,634703.034,1003,23576.98047945209,18787.316895051397,take_profit,take_profit
2024-07-03,SELL,1,30223.954,30223.954,1015,1010.8093287671245,805.4634136280831,take_profit,take_profit
2024-07-04,SELL,21,30993.8,650869.7999999999,996,14470.707616438267,11530.983364158834,take_profit,take_profit
2024-07-04,SELL,22,30993.8,681863.6,997,27973.03857534244,22290.315788761625,take_profit,take_profit
2024-07-04,SELL,21,30993.8,650869.7999999999,1002,25678.71599999992,20462.084844599936,take_profit,take_profit
2024-07-04,SELL,21,30993.8,650869.7999999999,1004,22203.024410958787,17692.48000187251,take_profit,take_profit
2024-07-04,SELL,1,30993.8,30993.8,1014,1320.95315068493,1052.6015181232865,take_profit,take_profit
2024-07-05,SELL,21,31353.728,658428.288,998,20184.190273972614,16083.772019815078,take_profit,take_profit
2024-07-10,SELL,3,32143.57,96430.70999999999,991,3510.549780821914,2797.381592847942,take_profit,take_profit
2024-07-10,SELL,21,32143.57,675014.97,992,26873.431315068523,21414.09374341235,take_profit,take_profit
2024-07-10,SELL,8,32143.57,257148.56,993,8976.315397260283,7152.776924306857,take_profit,take_profit
2024-07-10,SELL,21,32143.57,675014.97,994,25082.1917260274,19986.74447688493,take_profit,take_profit
2024-07-10,SELL,21,32143.57,675014.97,995,25131.825369863018,20026.295045975345,take_profit,take_profit
2024-07-16,BUY,3,31936.386,95809.158,1016,0.0,0.0,buy_signal,buy
2024-07-17,BUY,2,32106.42,64212.84,1017,0.0,0.0,buy_signal,buy
2024-07-18,BUY,10,30136.025999999998,301360.26,1018,0.0,0.0,buy_signal,buy
2024-07-19,BUY,18,29935.986,538847.748,1019,0.0,0.0,buy_signal,buy
2024-07-22,BUY,18,29710.941,534796.938,1020,0.0,0.0,buy_signal,buy
2024-07-23,BUY,18,29675.934,534166.812,1021,0.0,0.0,buy_signal,buy
2024-07-24,BUY,19,28820.763,547594.497,1022,0.0,0.0,buy_signal,buy
2024-07-25,BUY,20,27325.464,546509.28,1023,0.0,0.0,buy_signal,buy
2024-07-26,BUY,20,26705.34,534106.8,1024,0.0,0.0,buy_signal,buy
2024-07-29,BUY,20,27205.44,544108.7999999999,1025,0.0,0.0,buy_signal,buy
2024-07-30,SELL,20,27274.544,545490.88,1024,11301.253698630095,9005.40400975339,take_profit,take_profit
2024-07-30,BUY,20,27285.456,545709.12,1026,0.0,0.0,buy_signal,buy
2024-07-31,BUY,20,26865.372,537307.44,1027,0.0,0.0,buy_signal,buy
2024-08-01,SELL,20,27694.46,553889.2,1023,7170.0580821917065,5713.460782794461,take_profit,take_profit
2024-08-01,SELL,20,27694.46,553889.2,1025,9652.044931506873,7691.232003671252,take_profit,take_profit
2024-08-01,SELL,20,27694.46,553889.2,1026,8094.047123287629,6449.741450191747,take_profit,take_profit
2024-08-01,SELL,20,27694.46,553889.2,1027,16538.08000000001,13178.369048000008,take_profit,take_profit
2024-08-01,BUY,19,27705.54,526405.26,1028,0.0,0.0,buy_signal,buy
2024-08-02,BUY,22,24629.925,541858.35,1029,0.0,0.0,buy_signal,buy
2024-08-05,BUY,25,21484.296,537107.3999999999,1030,0.0,0.0,buy_signal,buy
2024-08-14,SELL,25,23845.23,596130.75,1030,58775.981506849406,46835.64086373295,take_profit,take_profit
2024-08-14,BUY,27,23854.77,644078.79,1031,0.0,0.0,buy_signal,buy
2024-08-15,BUY,16,23584.716,377355.456,1032,0.0,0.0,buy_signal,buy
2024-08-19,SELL,27,25464.906,687552.4619999999,1031,43321.374246575244,34520.63706838348,take_profit,take_profit
2024-09-02,SELL,16,27194.56,435112.96,1032,57378.029589041114,45721.68287802741,take_profit,take_profit
2024-09-03,SELL,22,26684.662,587062.564,1029,44339.61158904113,35332.01949472743,take_profit,take_profit
2024-09-05,BUY,24,23514.702,564352.848,1033,0.0,0.0,buy_signal,buy
2024-09-06,BUY,39,24114.822,940478.058,1034,0.0,0.0,buy_signal,buy
2024-09-09,BUY,44,22169.433,975455.052,1035,0.0,0.0,buy_signal,buy
2024-09-10,SELL,44,23445.31,1031593.64,1035,56060.229424657526,44671.593817038345,take_profit,take_profit
2024-09-10,BUY,42,23454.69,985096.98,1036,0.0,0.0,buy_signal,buy
2024-09-11,BUY,43,23009.601,989412.843,1037,0.0,0.0,buy_signal,buy
2024-09-12,BUY,41,23899.779,979890.9389999999,1038,0.0,0.0,buy_signal,buy
2024-09-13,SELL,43,24020.195,1032868.385,1037,43301.84232876714,34505.07305967809,take_profit,take_profit
2024-09-13,BUY,19,24029.805,456566.295,1039,0.0,0.0,buy_signal,buy
2024-09-17,BUY,41,23669.733,970459.053,1040,0.0,0.0,buy_signal,buy
2024-09-18,BUY,42,23659.731,993708.702,1041,0.0,0.0,buy_signal,buy
2024-09-19,BUY,40,24524.904,980996.1599999999,1042,0.0,0.0,buy_signal,buy
2024-09-20,BUY,1,25315.061999999998,25315.061999999998,1043,0.0,0.0,buy_signal,buy
2024-09-24,SELL,39,25979.803,1013212.317,1034,72026.62804109597,57394.41855454733,take_profit,take_profit
2024-09-24,SELL,42,25979.803,1091151.726,1036,105443.29043835621,84022.48598580415,take_profit,take_profit
2024-09-24,SELL,41,25979.803,1065171.923,1038,84827.8699726028,67595.08818766855,take_profit,take_profit
2024-09-24,SELL,41,25979.803,1065171.923,1040,94410.11252054795,75230.69816199863,take_profit,take_profit
2024-09-24,SELL,42,25979.803,1091151.726,1041,97207.64679452052,77459.91334821368,take_profit,take_profit
2024-09-25,SELL,24,25454.908,610917.792,1033,46038.59309589043,36685.85290846029,take_profit,take_profit
2024-09-27,SELL,19,27394.52,520495.88,1039,63641.5470821918,50712.766792444534,take_profit,take_profit
2024-09-27,SELL,40,27394.52,1095780.8,1042,114394.0668493152,91154.91216887682,take_profit,take_profit
2024-09-30,SELL,1,26789.641,26789.641,1043,1464.5158767123303,1166.9994763582204,take_profit,take_profit
2024-10-24,BUY,16,25445.088,407121.408,1044,0.0,0.0,buy_signal,buy
2024-10-25,BUY,15,25700.139,385502.08499999996,1045,0.0,0.0,buy_signal,buy
2024-10-28,BUY,36,25425.084,915303.024,1046,0.0,0.0,buy_signal,buy
2024-10-30,SELL,36,27219.555,979903.98,1046,64453.20805479453,51359.53883846302,take_profit,take_profit
2024-10-31,SELL,16,27314.536,437032.576,1044,29748.537863013702,23705.12239614247,take_profit,take_profit
2024-11-05,BUY,37,26070.213,964597.8809999999,1047,0.0,0.0,buy_signal,buy
2024-11-06,BUY,18,26760.351,481686.31799999997,1048,0.0,0.0,buy_signal,buy
2024-11-07,SELL,37,28149.369000000002,1041526.653,1047,76775.13178082203,61178.263759548034,take_profit,take_profit
2024-11-14,BUY,11,26885.376,295739.136,1049,0.0,0.0,buy_signal,buy
2024-11-15,BUY,28,26660.331,746489.2679999999,1050,0.0,0.0,buy_signal,buy
2024-11-18,BUY,14,25870.173,362182.42199999996,1051,0.0,0.0,buy_signal,buy
2024-11-19,BUY,36,26120.222999999998,940328.0279999999,1052,0.0,0.0,buy_signal,buy
2024-11-20,BUY,21,26190.237,549994.9770000001,1053,0.0,0.0,buy_signal,buy
2024-11-21,BUY,22,26055.21,573214.62,1054,0.0,0.0,buy_signal,buy
2024-11-22,BUY,36,25870.173,931326.228,1055,0.0,0.0,buy_signal,buy
2024-11-25,BUY,15,26660.331,399904.96499999997,1056,0.0,0.0,buy_signal,buy
2024-11-27,BUY,3,25975.194,77925.582,1057,0.0,0.0,buy_signal,buy
2024-11-28,BUY,26,25455.09,661832.34,1058,0.0,0.0,buy_signal,buy
2024-11-29,BUY,5,25900.179,129500.895,1059,0.0,0.0,buy_signal,buy
2024-12-02,BUY,16,25820.163,413122.608,1060,0.0,0.0,buy_signal,buy
2024-12-03,BUY,2,26510.301,53020.602,1061,0.0,0.0,buy_signal,buy
2024-12-04,SELL,15,27329.533,409942.995,1045,23615.79986301373,18818.25012084249,take_profit,take_profit
2024-12-04,SELL,36,27329.533,983863.188,1055,51957.29095890407,41402.16730060271,take_profit,take_profit
2024-12-04,SELL,26,27329.533,710567.858,1058,48525.37531506853,38667.44531981236,take_profit,take_profit
2024-12-05,SELL,16,27769.445,444311.12,1060,31089.442630136975,24773.62235982465,take_profit,take_profit
2024-12-06,SELL,14,27429.513,384013.182,1051,21435.076273972612,17080.540528915077,take_profit,take_profit
2024-12-06,SELL,36,27429.513,987462.468,1052,46188.56317808225,36805.356568454845,take_profit,take_profit
2024-12-06,SELL,3,27429.513,82288.53899999999,1057,4320.198698630132,3442.5503330034207,take_profit,take_profit
2024-12-06,SELL,5,27429.513,137147.565,1059,7595.282328767122,6052.300723678081,take_profit,take_profit
2024-12-13,SELL,28,27894.420000000002,781043.76,1050,33411.430739726115,26623.898584950755,take_profit,take_profit
2024-12-13,SELL,21,27894.420000000002,585782.8200000001,1053,35057.20869863013,27935.33675150342,take_profit,take_profit
2024-12-13,SELL,22,27894.420000000002,613677.24,1054,39741.258684931505,31667.82198308767,take_profit,take_profit
2024-12-13,SELL,15,27894.420000000002,418416.30000000005,1056,18078.94787671241,14406.209615558284,take_profit,take_profit
2024-12-13,SELL,2,27894.420000000002,55788.840000000004,1061,2734.61652054795,2179.079174398634,take_profit,take_profit
2024-12-19,BUY,3,26110.220999999998,78330.663,1062,0.0,0.0,buy_signal,buy
2024-12-20,BUY,22,26885.376,591478.272,1063,0.0,0.0,buy_signal,buy
2024-12-23,BUY,29,26950.389,781561.281,1064,0.0,0.0,buy_signal,buy
2024-12-24,BUY,1,27250.449,27250.449,1065,0.0,0.0,buy_signal,buy
2024-12-25,BUY,3,27190.436999999998,81571.31099999999,1066,0.0,0.0,buy_signal,buy
2024-12-26,BUY,2,27045.408,54090.816,1067,0.0,0.0,buy_signal,buy
2024-12-27,SELL,3,27794.440000000002,83383.32,1062,5015.372506849321,3996.4995820828817,take_profit,take_profit
2024-12-30,SELL,18,28709.257,516766.62600000005,1048,33667.05747945213,26827.59475250143,take_profit,take_profit
2024-12-30,SELL,11,28709.257,315801.827,1049,19337.933246575332,15409.432107533554,take_profit,take_profit
2024-12-30,SELL,22,28709.257,631603.654,1063,39848.5110958904,31753.28606676026,take_profit,take_profit
2024-12-30,SELL,29,28709.257,832568.4530000001,1064,50701.25934246589,40401.298507043946,take_profit,take_profit
2024-12-30,SELL,2,28709.257,57418.514,1067,3319.0540547945243,2644.788223563017,take_profit,take_profit
2025-01-07,BUY,3,27835.566,83506.698,1068,0.0,0.0,buy_signal,buy
2025-01-14,BUY,16,26835.365999999998,429365.85599999997,1069,0.0,0.0,buy_signal,buy
2025-01-15,BUY,37,26530.305,981621.285,1070,0.0,0.0,buy_signal,buy
2025-01-16,BUY,37,26475.293999999998,979585.8779999999,1071,0.0,0.0,buy_signal,buy
2025-01-17,BUY,37,26085.216,965152.992,1072,0.0,0.0,buy_signal,buy
2025-01-20,BUY,37,26445.288,978475.656,1073,0.0,0.0,buy_signal,buy
2025-01-21,BUY,7,27055.41,189387.87,1074,0.0,0.0,buy_signal,buy
2025-01-22,BUY,1,27300.459,27300.459,1075,0.0,0.0,buy_signal,buy
2025-01-23,SELL,37,27904.418,1032463.466,1071,52498.6674520549,41833.56315916995,take_profit,take_profit
2025-01-23,SELL,37,27904.418,1032463.466,1072,67006.18802739731,53393.880929631545,take_profit,take_profit
2025-01-23,SELL,37,27904.418,1032463.466,1073,53757.60512328773,42836.74764249183,take_profit,take_profit
2025-01-24,SELL,37,28184.362,1042821.3940000001,1070,60667.23601369868,48342.6870175158,take_profit,take_profit
2025-01-29,BUY,13,27305.46,354970.98,1076,0.0,0.0,buy_signal,buy
2025-02-04,BUY,36,27005.399999999998,972194.3999999999,1077,0.0,0.0,buy_signal,buy
2025-02-05,BUY,26,26725.344,694858.944,1078,0.0,0.0,buy_signal,buy
2025-02-06,BUY,24,26645.327999999998,639487.872,1079,0.0,0.0,buy_signal,buy
2025-02-07,BUY,3,26620.323,79860.969,1080,0.0,0.0,buy_signal,buy
2025-02-10,BUY,20,26405.28,528105.6,1081,0.0,0.0,buy_signal,buy
2025-02-12,BUY,13,26805.36,348469.68,1082,0.0,0.0,buy_signal,buy
2025-02-13,BUY,3,27005.399999999998,81016.2,1083,0.0,0.0,buy_signal,buy
2025-02-21,BUY,26,26100.219,678605.694,1084,0.0,0.0,buy_signal,buy
2025-02-25,BUY,14,25605.12,358471.68,1085,0.0,0.0,buy_signal,buy
2025-02-26,BUY,38,25505.1,969193.7999999999,1086,0.0,0.0,buy_signal,buy
2025-02-27,BUY,36,25775.154,927905.544,1087,0.0,0.0,buy_signal,buy
2025-03-03,BUY,21,24899.979,522899.559,1088,0.0,0.0,buy_signal,buy
2025-04-01,BUY,15,22954.59,344318.85,1089,0.0,0.0,buy_signal,buy
2025-04-02,BUY,13,22699.539,295094.007,1090,0.0,0.0,buy_signal,buy
2025-04-03,BUY,2,20679.135,41358.27,1091,0.0,0.0,buy_signal,buy
2025-05-02,SELL,2,23220.355,46440.71,1091,5019.442301369865,3999.742597846577,take_profit,take_profit
2025-05-13,SELL,13,25579.883,332538.47900000005,1090,36893.25134246582,29398.38733224389,take_profit,take_profit
2025-05-14,SELL,15,25374.924,380623.86,1089,35614.040958904116,28379.048538102747,take_profit,take_profit
2025-06-19,SELL,21,25989.801,545785.821,1088,20096.218109589026,16013.671400626015,take_profit,take_profit
2025-06-26,SELL,14,26244.75,367426.5,1085,6848.1529315068565,5456.950663471239,take_profit,take_profit
2025-06-26,SELL,38,26244.75,997300.5,1086,22463.666684931577,17900.172797887728,take_profit,take_profit
2025-06-27,SELL,20,27429.513,548590.26,1081,17063.32082191784,13596.907196945232,take_profit,take_profit
2025-06-27,SELL,26,27429.513,713167.338,1084,30542.78482191778,24338.018085345182,take_profit,take_profit
2025-06-27,SELL,36,27429.513,987462.468,1087,54207.09517808219,43194.923792654794,take_profit,take_profit
2025-06-30,SELL,1,28409.317,28409.317,1065,925.1711780821904,737.2226532547934,take_profit,take_profit
2025-06-30,SELL,3,28409.317,85227.951,1066,2961.756328767137,2360.075530578093,take_profit,take_profit
2025-06-30,SELL,16,28409.317,454549.072,1069,21784.405698630155,17358.903680953437,take_profit,take_profit
2025-06-30,SELL,7,28409.317,198865.21899999998,1074,8060.862369863001,6423.298179425332,take_profit,take_profit
2025-06-30,SELL,36,28409.317,1022735.412,1077,44012.25123287682,35071.16239491789,take_profit,take_profit
2025-06-30,SELL,26,28409.317,738642.242,1078,39120.85690410954,31173.454824039687,take_profit,take_profit
2025-06-30,SELL,24,28409.317,681823.608,1079,38080.75167123291,30344.646969221943,take_profit,take_profit
2025-06-30,SELL,3,28409.317,85227.951,1080,4841.293890410962,3857.7850365739755,take_profit,take_profit
2025-06-30,SELL,13,28409.317,369321.121,1082,18626.3239589041,14842.386246652732,take_profit,take_profit
2025-06-30,SELL,3,28409.317,85227.951,1083,3704.416315068497,2951.864140662332,take_profit,take_profit
2025-07-01,SELL,1,28004.398,28004.398,1075,501.47445205479676,399.5999171198648,take_profit,take_profit
2025-07-01,SELL,13,28004.398,364057.174,1076,6592.1407945205665,5252.947392113713,take_profit,take_profit
2025-07-24,SELL,19,29894.02,567986.38,1028,32761.893643835618,26106.31495009041,take_profit,take_profit
2025-07-24,SELL,3,29894.02,89682.06,1068,5405.406493150678,4307.298164067118,take_profit,take_profit
2025-07-25,SELL,19,29864.026,567416.4940000001,1022,10717.94658904119,8540.595739477472,take_profit,take_profit
2025-08-13,SELL,10,32033.592,320335.92,1018,13826.344931506825,11017.522958671214,take_profit,take_profit
2025-08-13,SELL,18,32033.592,576604.656,1019,28529.66219178076,22733.8613175205,take_profit,take_profit
2025-08-13,SELL,18,32033.592,576604.656,1020,32621.75186301369,25994.64297204246,take_profit,take_profit
2025-08-13,SELL,18,32033.592,576604.656,1021,33292.163342465676,26528.860359443774,take_profit,take_profit
2025-09-11,SELL,3,33013.396,99040.188,1016,1519.2549863013694,1210.6183358342462,take_profit,take_profit
2025-09-11,SELL,2,33013.396,66026.792,1017,677.6429589041129,539.9797918027424,take_profit,take_profit
2025-11-19,BUY,1,40788.156,40788.156,1092,0.0,0.0,buy_signal,buy
2025-11-20,BUY,1,43288.656,43288.656,1093,0.0,0.0,buy_signal,buy
2025-11-25,BUY,1,41438.286,41438.286,1094,0.0,0.0,buy_signal,buy
2025-11-28,SELL,1,43021.394,43021.394,1092,2214.171150684929,1764.3622814232858,take_profit,take_profit
2025-11-28,SELL,1,43021.394,43021.394,1094,1573.499780821918,1253.8433003479454,take_profit,take_profit
2025-12-22,BUY,1,43128.623999999996,43128.623999999996,1095,0.0,0.0,buy_signal,buy
2026-01-06,SELL,1,46250.748,46250.748,1093,2867.015506849312,2284.581306632874,take_profit,take_profit
2026-01-06,SELL,1,46250.748,46250.748,1095,3095.4020273972637,2466.5711055315096,take_profit,take_profit
2026-01-23,BUY,17,49259.85,837417.45,1096,0.0,0.0,buy_signal,buy
2026-01-26,BUY,4,47679.534,190718.136,1097,0.0,0.0,buy_signal,buy
2026-01-27,BUY,9,47359.47,426235.23,1098,0.0,0.0,buy_signal,buy
2026-01-28,BUY,1,47459.49,47459.49,1099,0.0,0.0,buy_signal,buy
2026-01-29,BUY,1,48819.762,48819.762,1100,0.0,0.0,buy_signal,buy
2026-01-30,BUY,1,47999.598,47999.598,1101,0.0,0.0,buy_signal,buy
2026-02-02,BUY,1,48559.71,48559.71,1102,0.0,0.0,buy_signal,buy
2026-02-03,BUY,3,49099.818,147299.454,1103,0.0,0.0,buy_signal,buy
2026-02-04,SELL,4,49440.11,197760.44,1097,6938.776109589045,5529.16374292603,take_profit,take_profit
2026-02-04,SELL,9,49440.11,444960.99,1098,18525.52701369864,14762.066200865762,take_profit,take_profit
2026-02-04,SELL,1,49440.11,49440.11,1099,1962.0579178082219,1563.4658518054816,take_profit,take_profit
2026-02-06,BUY,2,47699.538,95399.076,1104,0.0,0.0,buy_signal,buy
2026-02-09,BUY,1,54750.948,54750.948,1105,0.0,0.0,buy_signal,buy
2026-02-10,SELL,17,54869.024,932773.4079999999,1096,94588.6329589041,75372.95217330274,take_profit,take_profit
2026-02-10,SELL,1,54869.024,54869.024,1100,6018.900027397255,4796.160486831503,take_profit,take_profit
2026-02-10,SELL,1,54869.024,54869.024,1101,6842.7577260273965,5452.651493984931,take_profit,take_profit
2026-02-10,SELL,1,54869.024,54869.024,1102,6286.333287671231,5009.26468028082,take_profit,take_profit
2026-02-10,SELL,3,54869.024,164607.072,1103,17249.489999999987,13745.25610649999,take_profit,take_profit
2026-02-10,SELL,2,54869.024,109738.048,1104,14323.155452054789,11413.40642196986,take_profit,take_profit
2026-02-12,BUY,4,56391.276,225565.104,1106,0.0,0.0,buy_signal,buy
2026-02-13,BUY,2,55061.01,110122.02,1107,0.0,0.0,buy_signal,buy
2026-02-16,BUY,2,55581.114,111162.228,1108,0.0,0.0,buy_signal,buy
2026-02-17,BUY,2,54430.884,108861.768,1109,0.0,0.0,buy_signal,buy
2026-02-18,BUY,4,54330.864,217323.456,1110,0.0,0.0,buy_signal,buy
2026-02-19,BUY,1,55591.116,55591.116,1111,0.0,0.0,buy_signal,buy
2026-02-24,BUY,2,54030.804,108061.608,1112,0.0,0.0,buy_signal,buy
2026-02-26,SELL,2,58768.244,117536.488,1109,8623.82904109589,6871.898171397261,take_profit,take_profit
2026-02-26,SELL,4,58768.244,235072.976,1110,17664.240438356155,14075.749993304102,take_profit,take_profit
2026-02-26,SELL,2,58768.244,117536.488,1112,9457.54454794521,7536.24437303014,take_profit,take_profit
2026-02-27,SELL,1,57368.524000000005,57368.524000000005,1105,2566.6136986301453,2045.2061257534315,take_profit,take_profit
2026-02-27,BUY,1,57391.475999999995,57391.475999999995,1113,0.0,0.0,buy_signal,buy
2026-03-02,SELL,2,55968.804000000004,111937.60800000001,1107,1730.1089863013733,1378.6373457342493,take_profit,take_profit
2026-03-02,BUY,1,55991.195999999996,55991.195999999996,1114,0.0,0.0,buy_signal,buy
2026-03-03,BUY,3,56011.2,168033.59999999998,1115,0.0,0.0,buy_signal,buy
2026-03-04,BUY,13,50560.11,657281.43,1116,0.0,0.0,buy_signal,buy
2026-03-05,BUY,17,52940.585999999996,899989.9619999999,1117,0.0,0.0,buy_signal,buy
2026-03-06,BUY,1,50170.032,50170.032,1118,0.0,0.0,buy_signal,buy
2026-03-10,BUY,13,49199.837999999996,639597.894,1119,0.0,0.0,buy_signal,buy
2026-03-11,BUY,12,50420.082,605040.984,1120,0.0,0.0,buy_signal,buy
2026-03-12,BUY,13,49269.852,640508.076,1121,0.0,0.0,buy_signal,buy
2026-03-13,BUY,13,47459.49,616973.37,1122,0.0,0.0,buy_signal,buy
2026-03-16,BUY,13,48019.602,624254.826,1123,0.0,0.0,buy_signal,buy
2026-03-17,BUY,13,48879.774,635437.0619999999,1124,0.0,0.0,buy_signal,buy
2026-03-18,BUY,13,49209.84,639727.9199999999,1125,0.0,0.0,buy_signal,buy
2026-03-19,SELL,13,48170.364,626214.7320000001,1122,9046.836410958986,7208.971594072667,take_profit,take_profit
2026-03-19,SELL,13,48170.364,626214.7320000001,1123,1813.3885205480206,1444.9986425986901,take_profit,take_profit
2026-03-19,BUY,13,48189.636,626465.2679999999,1126,0.0,0.0,buy_signal,buy
2026-03-23,BUY,14,43768.752,612762.528,1127,0.0,0.0,buy_signal,buy
2026-03-24,BUY,14,45979.193999999996,643708.7159999999,1128,0.0,0.0,buy_signal,buy
2026-03-25,BUY,13,47459.49,616973.37,1129,0.0,0.0,buy_signal,buy
2026-03-26,SELL,14,48100.378000000004,673405.292,1127,60495.5438356164,48205.87410541093,take_profit,take_profit
2026-03-26,SELL,14,48100.378000000004,673405.292,1128,29596.58915068505,23584.04206472338,take_profit,take_profit
2026-03-26,BUY,13,48119.621999999996,625555.0859999999,1130,0.0,0.0,buy_signal,buy
2026-03-27,BUY,14,46709.34,653930.76,1131,0.0,0.0,buy_signal,buy
2026-03-30,BUY,15,43008.6,645129.0,1132,0.0,0.0,buy_signal,buy
2026-03-31,SELL,15,43391.32,650869.8,1132,5689.019178082239,4533.294932054832,take_profit,take_profit
2026-03-31,BUY,15,43408.68,651130.2,1133,0.0,0.0,buy_signal,buy
2026-04-01,BUY,6,46759.35,280556.1,1134,0.0,0.0,buy_signal,buy
2026-04-02,SELL,14,49020.194,686282.716,1131,32153.893972602746,25621.8304120685,take_profit,take_profit
2026-04-02,SELL,15,49020.194,735302.91,1133,84066.59383561651,66988.46529791103,take_profit,take_profit
2026-04-02,BUY,6,49039.806,294238.836,1135,0.0,0.0,buy_signal,buy
2026-04-03,BUY,6,47349.468,284096.808,1136,0.0,0.0,buy_signal,buy
2026-04-06,BUY,6,47229.443999999996,283376.664,1137,0.0,0.0,buy_signal,buy
2026-04-07,BUY,6,48069.612,288417.672,1138,0.0,0.0,buy_signal,buy
2026-04-09,SELL,13,52859.426,687172.538,1116,28694.27599999989,22865.03383059991,take_profit,take_profit
2026-04-09,SELL,1,52859.426,52859.426,1118,2605.0357534246577,2075.8227401164386,take_profit,take_profit
2026-04-09,SELL,13,52859.426,687172.538,1119,46576.01747945203,37114.09952850135,take_profit,take_profit
2026-04-09,SELL,12,52859.426,634313.112,1120,28395.43495890402,22626.90234700267,take_profit,take_profit
2026-04-09,SELL,13,52859.426,687172.538,1121,45764.83350684926,36467.70757993283,take_profit,take_profit
2026-04-09,SELL,13,52859.426,687172.538,1124,50981.08849315071,40624.28036576715,take_profit,take_profit
2026-04-09,SELL,13,52859.426,687172.538,1125,46738.1289041096,37243.27801723973,take_profit,take_profit
2026-04-09,SELL,13,52859.426,687172.538,1126,60051.491589041114,47852.03107272741,take_profit,take_profit
2026-04-09,SELL,13,52859.426,687172.538,1129,69679.52558904105,55524.12996562736,take_profit,take_profit
2026-04-09,SELL,13,52859.426,687172.538,1130,61145.508547945254,48723.798486430176,take_profit,take_profit
2026-04-09,SELL,6,52859.426,317156.556,1134,36467.09161643836,29058.801954558905,take_profit,take_profit
2026-04-09,SELL,6,52859.426,317156.556,1135,22806.600657534218,18173.43973395614,take_profit,take_profit
2026-04-09,SELL,6,52859.426,317156.556,1136,32969.80126027393,26271.986134249284,take_profit,take_profit
2026-04-09,SELL,6,52859.426,317156.556,1137,33711.62416438355,26863.107715389033,take_profit,take_profit
2026-04-09,SELL,6,52859.426,317156.556,1138,28692.557424657494,22863.664383838324,take_profit,take_profit
2026-04-15,SELL,17,56988.6,968806.2,1117,67035.56764383563,53417.29207699042,take_profit,take_profit
2026-04-17,SELL,4,58378.322,233513.288,1106,7256.889315068502,5782.652250712335,take_profit,take_profit
2026-04-17,SELL,2,58378.322,116756.644,1108,5265.763506849313,4196.023650432875,take_profit,take_profit
2026-04-17,SELL,1,58378.322,58378.322,1111,2635.3969041095875,2100.016023039725,take_profit,take_profit
2026-04-17,SELL,1,58378.322,58378.322,1114,2261.3415616438397,1801.9500233958936,take_profit,take_profit
2026-04-17,SELL,3,58378.322,175134.96600000001,1115,6737.033835616477,5368.40541191099,take_profit,take_profit
2026-04-24,BUY,7,58511.7,409581.89999999997,1139,0.0,0.0,buy_signal,buy
2026-04-28,SELL,1,60367.924,60367.924,1113,2814.786739726031,2242.9628135506878,take_profit,take_profit
2026-04-28,SELL,7,60367.924,422575.468,1139,12929.220931506878,10302.649699271256,take_profit,take_profit
2026-05-01,BUY,9,58951.788,530566.092,1140,0.0,0.0,buy_signal,buy
2026-05-08,SELL,9,64547.088,580923.792,1140,50272.02690410966,40059.26463853978,take_profit,take_profit
2026-05-15,BUY,7,65363.07,457541.49,1141,0.0,0.0,buy_signal,buy
2026-05-18,BUY,10,62692.536,626925.36,1142,0.0,0.0,buy_signal,buy
2026-05-19,BUY,10,61902.378,619023.78,1143,0.0,0.0,buy_signal,buy
2026-05-20,BUY,10,60232.044,602320.4400000001,1144,0.0,0.0,buy_signal,buy
2026-05-21,BUY,10,61832.364,618323.64,1145,0.0,0.0,buy_signal,buy
2026-05-22,SELL,10,63967.204,639672.04,1144,37258.31780821915,29689.29054547943,take_profit,take_profit
2026-05-22,BUY,10,63992.796,639927.96,1146,0.0,0.0,buy_signal,buy
2026-05-25,SELL,10,66866.624,668666.24,1142,41503.85424657535,33072.346256383564,take_profit,take_profit
2026-05-25,SELL,10,66866.624,668666.24,1143,49452.20575342462,39405.990154616404,take_profit,take_profit
2026-05-25,SELL,10,66866.624,668666.24,1145,50244.086027397236,40036.99995093149,take_profit,take_profit
2026-05-26,SELL,7,70095.978,490671.846,1141,32893.421534246605,26211.122949564407,take_profit,take_profit
2026-05-26,SELL,10,70095.978,700959.78,1146,60927.57561643842,48550.13862995896,take_profit,take_profit
