date,target_open,target_close,benchmark_close,buy_amount,buy_shares,sell_value,realized_pnl_before_tax,realized_pnl_after_tax,tax,interest,gross_exposure,cash,equity,unrealized_pnl,margin_ratio,maintenance_ratio,selected_params_id,events
2014-01-06,5770.0,5625.0,15908.8798828125,0.0,0,0.0,0.0,0.0,0.0,0.0,0.0,100000000.0,100000000.0,0.0,inf,inf,-1,
2014-01-07,5560.0,5555.0,15814.3701171875,0.0,0,0.0,0.0,0.0,0.0,0.0,0.0,100000000.0,100000000.0,0.0,inf,inf,-1,
2014-01-08,5635.0,5755.0,16121.4501953125,0.0,0,0.0,0.0,0.0,0.0,0.0,0.0,100000000.0,100000000.0,0.0,inf,inf,-1,
2014-01-09,5670.0,5590.0,15880.330078125,0.0,0,0.0,0.0,0.0,0.0,0.0,0.0,100000000.0,100000000.0,0.0,inf,inf,-1,
2014-01-10,5570.0,5620.0,15912.0595703125,0.0,0,0.0,0.0,0.0,0.0,0.0,0.0,100000000.0,100000000.0,0.0,inf,inf,-1,
2014-01-14,5350.0,5265.0,15422.400390625,0.0,0,0.0,0.0,0.0,0.0,0.0,0.0,100000000.0,100000000.0,0.0,inf,inf,-1,
2014-01-15,5415.0,5510.0,15808.73046875,0.0,0,0.0,0.0,0.0,0.0,0.0,0.0,100000000.0,100000000.0,0.0,inf,inf,-1,
2014-01-16,5540.0,5490.0,15747.2001953125,0.0,0,0.0,0.0,0.0,0.0,0.0,0.0,100000000.0,100000000.0,0.0,inf,inf,-1,
2014-01-17,5440.0,5475.0,15734.4599609375,0.0,0,0.0,0.0,0.0,0.0,0.0,0.0,100000000.0,100000000.0,0.0,inf,inf,-1,
2014-01-20,5465.0,5415.0,15641.6796875,0.0,0,0.0,0.0,0.0,0.0,0.0,0.0,100000000.0,100000000.0,0.0,inf,inf,-1,
2014-01-21,5460.0,5520.0,15795.9599609375,0.0,0,0.0,0.0,0.0,0.0,0.0,0.0,100000000.0,100000000.0,0.0,inf,inf,-1,
2014-01-22,5475.0,5550.0,15820.9599609375,0.0,0,0.0,0.0,0.0,0.0,0.0,0.0,100000000.0,100000000.0,0.0,inf,inf,-1,
2014-01-23,5600.0,5455.0,15695.8896484375,0.0,0,0.0,0.0,0.0,0.0,0.0,0.0,100000000.0,100000000.0,0.0,inf,inf,-1,
2014-01-24,5255.0,5240.0,15391.5595703125,0.0,0,0.0,0.0,0.0,0.0,0.0,0.0,100000000.0,100000000.0,0.0,inf,inf,-1,
2014-01-27,4970.0,4990.0,15005.73046875,0.0,0,0.0,0.0,0.0,0.0,0.0,0.0,100000000.0,100000000.0,0.0,inf,inf,-1,
2014-01-28,4995.0,4955.0,14980.16015625,0.0,0,0.0,0.0,0.0,0.0,0.0,0.0,100000000.0,100000000.0,0.0,inf,inf,-1,
2014-01-29,5100.0,5220.0,15383.91015625,0.0,0,0.0,0.0,0.0,0.0,0.0,0.0,100000000.0,100000000.0,0.0,inf,inf,-1,
2014-01-30,4955.0,4955.0,15007.0595703125,0.0,0,0.0,0.0,0.0,0.0,0.0,0.0,100000000.0,100000000.0,0.0,inf,inf,-1,
2014-01-31,5050.0,4890.0,14914.5302734375,0.0,0,0.0,0.0,0.0,0.0,0.0,0.0,100000000.0,100000000.0,0.0,inf,inf,-1,
2014-02-03,4815.0,4715.0,14619.1298828125,0.0,0,0.0,0.0,0.0,0.0,0.0,0.0,100000000.0,100000000.0,0.0,inf,inf,-1,
2014-02-04,4425.0,4335.0,14008.4697265625,0.0,0,0.0,0.0,0.0,0.0,0.0,0.0,100000000.0,100000000.0,0.0,inf,inf,-1,
2014-02-05,4460.0,4415.0,14180.3798828125,0.0,0,0.0,0.0,0.0,0.0,0.0,0.0,100000000.0,100000000.0,0.0,inf,inf,-1,
2014-02-06,4450.0,4405.0,14155.1201171875,0.0,0,0.0,0.0,0.0,0.0,0.0,0.0,100000000.0,100000000.0,0.0,inf,inf,-1,
2014-02-07,4545.0,4585.0,14462.41015625,0.0,0,0.0,0.0,0.0,0.0,0.0,0.0,100000000.0,100000000.0,0.0,inf,inf,-1,
2014-02-10,4705.0,4750.0,14718.33984375,0.0,0,0.0,0.0,0.0,0.0,0.0,0.0,100000000.0,100000000.0,0.0,inf,inf,-1,
2014-02-12,4825.0,4790.0,14800.0595703125,0.0,0,0.0,0.0,0.0,0.0,0.0,0.0,100000000.0,100000000.0,0.0,inf,inf,-1,
2014-02-13,4785.0,4635.0,14534.740234375,0.0,0,0.0,0.0,0.0,0.0,0.0,0.0,100000000.0,100000000.0,0.0,inf,inf,-1,
2014-02-14,4635.0,4490.0,14313.0302734375,0.0,0,0.0,0.0,0.0,0.0,0.0,0.0,100000000.0,100000000.0,0.0,inf,inf,-1,
2014-02-17,4500.0,4545.0,14393.1103515625,0.0,0,0.0,0.0,0.0,0.0,0.0,0.0,100000000.0,100000000.0,0.0,inf,inf,-1,
2014-02-18,4610.0,4825.0,14843.240234375,0.0,0,0.0,0.0,0.0,0.0,0.0,0.0,100000000.0,100000000.0,0.0,inf,inf,-1,
2014-02-19,4750.0,4780.0,14766.5302734375,0.0,0,0.0,0.0,0.0,0.0,0.0,0.0,100000000.0,100000000.0,0.0,inf,inf,-1,
2014-02-20,4725.0,4565.0,14449.1796875,0.0,0,0.0,0.0,0.0,0.0,0.0,0.0,100000000.0,100000000.0,0.0,inf,inf,-1,
2014-02-21,4700.0,4835.0,14865.669921875,0.0,0,0.0,0.0,0.0,0.0,0.0,0.0,100000000.0,100000000.0,0.0,inf,inf,-1,
2014-02-24,4790.0,4815.0,14837.6796875,0.0,0,0.0,0.0,0.0,0.0,0.0,0.0,100000000.0,100000000.0,0.0,inf,inf,-1,
2014-02-25,4920.0,4950.0,15051.599609375,0.0,0,0.0,0.0,0.0,0.0,0.0,0.0,100000000.0,100000000.0,0.0,inf,inf,-1,
2014-02-26,4865.0,4910.0,14970.9697265625,0.0,0,0.0,0.0,0.0,0.0,0.0,0.0,100000000.0,100000000.0,0.0,inf,inf,-1,
2014-02-27,4885.0,4870.0,14923.1103515625,0.0,0,0.0,0.0,0.0,0.0,0.0,0.0,100000000.0,100000000.0,0.0,inf,inf,-1,
2014-02-28,4870.0,4810.0,14841.0703125,0.0,0,0.0,0.0,0.0,0.0,0.0,0.0,100000000.0,100000000.0,0.0,inf,inf,-1,
2014-03-03,4705.0,4690.0,14652.23046875,0.0,0,0.0,0.0,0.0,0.0,0.0,0.0,100000000.0,100000000.0,0.0,inf,inf,-1,
2014-03-04,4630.0,4735.0,14721.48046875,0.0,0,0.0,0.0,0.0,0.0,0.0,0.0,100000000.0,100000000.0,0.0,inf,inf,-1,
2014-03-05,4900.0,4850.0,14897.6298828125,0.0,0,0.0,0.0,0.0,0.0,0.0,0.0,100000000.0,100000000.0,0.0,inf,inf,-1,
2014-03-06,4870.0,5015.0,15134.75,0.0,0,0.0,0.0,0.0,0.0,0.0,0.0,100000000.0,100000000.0,0.0,inf,inf,-1,
2014-03-07,5090.0,5100.0,15274.0703125,0.0,0,0.0,0.0,0.0,0.0,0.0,0.0,100000000.0,100000000.0,0.0,inf,inf,-1,
2014-03-10,5050.0,4990.0,15120.1396484375,0.0,0,0.0,0.0,0.0,0.0,0.0,0.0,100000000.0,100000000.0,0.0,inf,inf,-1,
2014-03-11,5035.0,5065.0,15224.1103515625,0.0,0,0.0,0.0,0.0,0.0,0.0,0.0,100000000.0,100000000.0,0.0,inf,inf,-1,
2014-03-12,4920.0,4810.0,14830.3896484375,0.0,0,0.0,0.0,0.0,0.0,0.0,0.0,100000000.0,100000000.0,0.0,inf,inf,-1,
2014-03-13,4815.0,4790.0,14815.98046875,0.0,0,0.0,0.0,0.0,0.0,0.0,0.0,100000000.0,100000000.0,0.0,inf,inf,-1,
2014-03-14,4555.0,4460.0,14327.66015625,0.0,0,0.0,0.0,0.0,0.0,0.0,0.0,100000000.0,100000000.0,0.0,inf,inf,-1,
2014-03-17,4450.0,4440.0,14277.669921875,0.0,0,0.0,0.0,0.0,0.0,0.0,0.0,100000000.0,100000000.0,0.0,inf,inf,-1,
2014-03-18,4590.0,4520.0,14411.26953125,0.0,0,0.0,0.0,0.0,0.0,0.0,0.0,100000000.0,100000000.0,0.0,inf,inf,-1,
2014-03-19,4575.0,4555.0,14462.51953125,0.0,0,0.0,0.0,0.0,0.0,0.0,0.0,100000000.0,100000000.0,0.0,inf,inf,-1,
2014-03-20,4605.0,4410.0,14224.23046875,0.0,0,0.0,0.0,0.0,0.0,0.0,0.0,100000000.0,100000000.0,0.0,inf,inf,-1,
2014-03-24,4435.0,4550.0,14475.2998046875,0.0,0,0.0,0.0,0.0,0.0,0.0,0.0,100000000.0,100000000.0,0.0,inf,inf,-1,
2014-03-25,4495.0,4520.0,14423.1904296875,0.0,0,0.0,0.0,0.0,0.0,0.0,0.0,100000000.0,100000000.0,0.0,inf,inf,-1,
2014-03-26,4570.0,4540.0,14477.16015625,0.0,0,0.0,0.0,0.0,0.0,0.0,0.0,100000000.0,100000000.0,0.0,inf,inf,-1,
2014-03-27,4490.0,4710.0,14622.8896484375,0.0,0,0.0,0.0,0.0,0.0,0.0,0.0,100000000.0,100000000.0,0.0,inf,inf,-1,
2014-03-28,4665.0,4755.0,14696.0302734375,0.0,0,0.0,0.0,0.0,0.0,0.0,0.0,100000000.0,100000000.0,0.0,inf,inf,-1,
2014-03-31,4830.0,4815.0,14827.830078125,0.0,0,0.0,0.0,0.0,0.0,0.0,0.0,100000000.0,100000000.0,0.0,inf,inf,-1,
2014-04-01,4855.0,4820.0,14791.990234375,0.0,0,0.0,0.0,0.0,0.0,0.0,0.0,100000000.0,100000000.0,0.0,inf,inf,-1,
2014-04-02,4885.0,4925.0,14946.3203125,0.0,0,0.0,0.0,0.0,0.0,0.0,0.0,100000000.0,100000000.0,0.0,inf,inf,-1,
2014-04-03,4960.0,5000.0,15071.8798828125,0.0,0,0.0,0.0,0.0,0.0,0.0,0.0,100000000.0,100000000.0,0.0,inf,inf,-1,
2014-04-04,4960.0,5000.0,15063.76953125,0.0,0,0.0,0.0,0.0,0.0,0.0,0.0,100000000.0,100000000.0,0.0,inf,inf,-1,
2014-04-07,4865.0,4830.0,14808.849609375,0.0,0,0.0,0.0,0.0,0.0,0.0,0.0,100000000.0,100000000.0,0.0,inf,inf,-1,
2014-04-08,4775.0,4705.0,14606.8798828125,0.0,0,0.0,0.0,0.0,0.0,0.0,0.0,100000000.0,100000000.0,0.0,inf,inf,-1,
2014-04-09,4605.0,4505.0,14299.6904296875,0.0,0,0.0,0.0,0.0,0.0,0.0,0.0,100000000.0,100000000.0,0.0,inf,inf,-1,
2014-04-10,4625.0,4500.0,14300.1201171875,0.0,0,0.0,0.0,0.0,0.0,0.0,0.0,100000000.0,100000000.0,0.0,inf,inf,-1,
2014-04-11,4280.0,4285.0,13960.0498046875,0.0,0,0.0,0.0,0.0,0.0,0.0,0.0,100000000.0,100000000.0,0.0,inf,inf,-1,
2014-04-14,4240.0,4270.0,13910.16015625,0.0,0,0.0,0.0,0.0,0.0,0.0,0.0,100000000.0,100000000.0,0.0,inf,inf,-1,
2014-04-15,4345.0,4305.0,13996.8095703125,0.0,0,0.0,0.0,0.0,0.0,0.0,0.0,100000000.0,100000000.0,0.0,inf,inf,-1,
2014-04-16,4405.0,4560.0,14417.6796875,0.0,0,0.0,0.0,0.0,0.0,0.0,0.0,100000000.0,100000000.0,0.0,inf,inf,-1,
2014-04-17,4545.0,4570.0,14417.5302734375,0.0,0,0.0,0.0,0.0,0.0,0.0,0.0,100000000.0,100000000.0,0.0,inf,inf,-1,
2014-04-18,4615.0,4625.0,14516.26953125,0.0,0,0.0,0.0,0.0,0.0,0.0,0.0,100000000.0,100000000.0,0.0,inf,inf,-1,
2014-04-21,4645.0,4625.0,14512.3798828125,0.0,0,0.0,0.0,0.0,0.0,0.0,0.0,100000000.0,100000000.0,0.0,inf,inf,-1,
2014-04-22,4660.0,4540.0,14388.76953125,0.0,0,0.0,0.0,0.0,0.0,0.0,0.0,100000000.0,100000000.0,0.0,inf,inf,-1,
2014-04-23,4610.0,4645.0,14546.26953125,0.0,0,0.0,0.0,0.0,0.0,0.0,0.0,100000000.0,100000000.0,0.0,inf,inf,-1,
2014-04-24,4650.0,4565.0,14404.990234375,0.0,0,0.0,0.0,0.0,0.0,0.0,0.0,100000000.0,100000000.0,0.0,inf,inf,-1,
2014-04-25,4535.0,4580.0,14429.259765625,0.0,0,0.0,0.0,0.0,0.0,0.0,0.0,100000000.0,100000000.0,0.0,inf,inf,-1,
2014-04-28,4495.0,4485.0,14288.23046875,0.0,0,0.0,0.0,0.0,0.0,0.0,0.0,100000000.0,100000000.0,0.0,inf,inf,-1,
2014-04-30,4560.0,4480.0,14304.1103515625,0.0,0,0.0,0.0,0.0,0.0,0.0,0.0,100000000.0,100000000.0,0.0,inf,inf,-1,
2014-05-01,4515.0,4595.0,14485.1298828125,0.0,0,0.0,0.0,0.0,0.0,0.0,0.0,100000000.0,100000000.0,0.0,inf,inf,-1,
2014-05-02,4575.0,4580.0,14457.509765625,0.0,0,0.0,0.0,0.0,0.0,0.0,0.0,100000000.0,100000000.0,0.0,inf,inf,-1,
2014-05-07,4465.0,4330.0,14033.4501953125,0.0,0,0.0,0.0,0.0,0.0,0.0,0.0,100000000.0,100000000.0,0.0,inf,inf,-1,
2014-05-08,4380.0,4390.0,14163.7802734375,0.0,0,0.0,0.0,0.0,0.0,0.0,0.0,100000000.0,100000000.0,0.0,inf,inf,-1,
2014-05-09,4350.0,4415.0,14199.58984375,0.0,0,0.0,0.0,0.0,0.0,0.0,0.0,100000000.0,100000000.0,0.0,inf,inf,-1,
2014-05-12,4405.0,4390.0,14149.51953125,0.0,0,0.0,0.0,0.0,0.0,0.0,0.0,100000000.0,100000000.0,0.0,inf,inf,-1,
2014-05-13,4530.0,4545.0,14425.4404296875,0.0,0,0.0,0.0,0.0,0.0,0.0,0.0,100000000.0,100000000.0,0.0,inf,inf,-1,
2014-05-14,4535.0,4545.0,14405.759765625,0.0,0,0.0,0.0,0.0,0.0,0.0,0.0,100000000.0,100000000.0,0.0,inf,inf,-1,
2014-05-15,4450.0,4470.0,14298.2099609375,0.0,0,0.0,0.0,0.0,0.0,0.0,0.0,100000000.0,100000000.0,0.0,inf,inf,-1,
2014-05-16,4340.0,4355.0,14096.58984375,0.0,0,0.0,0.0,0.0,0.0,0.0,0.0,100000000.0,100000000.0,0.0,inf,inf,-1,
2014-05-19,4380.0,4300.0,14006.4404296875,0.0,0,0.0,0.0,0.0,0.0,0.0,0.0,100000000.0,100000000.0,0.0,inf,inf,-1,
2014-05-20,4340.0,4335.0,14075.25,0.0,0,0.0,0.0,0.0,0.0,0.0,0.0,100000000.0,100000000.0,0.0,inf,inf,-1,
2014-05-21,4270.0,4320.0,14042.169921875,0.0,0,0.0,0.0,0.0,0.0,0.0,0.0,100000000.0,100000000.0,0.0,inf,inf,-1,
2014-05-22,4400.0,4495.0,14337.7900390625,0.0,0,0.0,0.0,0.0,0.0,0.0,0.0,100000000.0,100000000.0,0.0,inf,inf,-1,
2014-05-23,4525.0,4575.0,14462.169921875,0.0,0,0.0,0.0,0.0,0.0,0.0,0.0,100000000.0,100000000.0,0.0,inf,inf,-1,
2014-05-26,4645.0,4655.0,14602.51953125,0.0,0,0.0,0.0,0.0,0.0,0.0,0.0,100000000.0,100000000.0,0.0,inf,inf,-1,
2014-05-27,4655.0,4680.0,14636.51953125,0.0,0,0.0,0.0,0.0,0.0,0.0,0.0,100000000.0,100000000.0,0.0,inf,inf,-1,
2014-05-28,4680.0,4700.0,14670.9501953125,0.0,0,0.0,0.0,0.0,0.0,0.0,0.0,100000000.0,100000000.0,0.0,inf,inf,-1,
2014-05-29,4650.0,4710.0,14681.7197265625,0.0,0,0.0,0.0,0.0,0.0,0.0,0.0,100000000.0,100000000.0,0.0,inf,inf,-1,
2014-05-30,4730.0,4680.0,14632.3798828125,0.0,0,0.0,0.0,0.0,0.0,0.0,0.0,100000000.0,100000000.0,0.0,inf,inf,-1,
2014-06-02,4785.0,4880.0,14935.919921875,0.0,0,0.0,0.0,0.0,0.0,0.0,0.0,100000000.0,100000000.0,0.0,inf,inf,-1,
2014-06-03,4965.0,4945.0,15034.25,0.0,0,0.0,0.0,0.0,0.0,0.0,0.0,100000000.0,100000000.0,0.0,inf,inf,-1,
2014-06-04,4960.0,4955.0,15067.9599609375,0.0,0,0.0,0.0,0.0,0.0,0.0,0.0,100000000.0,100000000.0,0.0,inf,inf,-1,
2014-06-05,4990.0,4975.0,15079.3701171875,0.0,0,0.0,0.0,0.0,0.0,0.0,0.0,100000000.0,100000000.0,0.0,inf,inf,-1,
2014-06-06,4995.0,4965.0,15077.240234375,0.0,0,0.0,0.0,0.0,0.0,0.0,0.0,100000000.0,100000000.0,0.0,inf,inf,-1,
2014-06-09,5045.0,4990.0,15124.0,0.0,0,0.0,0.0,0.0,0.0,0.0,0.0,100000000.0,100000000.0,0.0,inf,inf,-1,
2014-06-10,5000.0,4900.0,14994.7998046875,0.0,0,0.0,0.0,0.0,0.0,0.0,0.0,100000000.0,100000000.0,0.0,inf,inf,-1,
2014-06-11,4900.0,4950.0,15069.48046875,0.0,0,0.0,0.0,0.0,0.0,0.0,0.0,100000000.0,100000000.0,0.0,inf,inf,-1,
2014-06-12,4880.0,4885.0,14973.5302734375,0.0,0,0.0,0.0,0.0,0.0,0.0,0.0,100000000.0,100000000.0,0.0,inf,inf,-1,
2014-06-13,4810.0,4980.0,15097.83984375,0.0,0,0.0,0.0,0.0,0.0,0.0,0.0,100000000.0,100000000.0,0.0,inf,inf,-1,
2014-06-16,4945.0,4865.0,14933.2900390625,0.0,0,0.0,0.0,0.0,0.0,0.0,0.0,100000000.0,100000000.0,0.0,inf,inf,-1,
2014-06-17,4890.0,4885.0,14975.9697265625,0.0,0,0.0,0.0,0.0,0.0,0.0,0.0,100000000.0,100000000.0,0.0,inf,inf,-1,
2014-06-18,4920.0,4995.0,15115.7998046875,0.0,0,0.0,0.0,0.0,0.0,0.0,0.0,100000000.0,100000000.0,0.0,inf,inf,-1,
2014-06-19,5000.0,5145.0,15361.16015625,0.0,0,0.0,0.0,0.0,0.0,0.0,0.0,100000000.0,100000000.0,0.0,inf,inf,-1,
2014-06-20,5140.0,5130.0,15349.419921875,0.0,0,0.0,0.0,0.0,0.0,0.0,0.0,100000000.0,100000000.0,0.0,inf,inf,-1,
2014-06-23,5180.0,5150.0,15369.2802734375,0.0,0,0.0,0.0,0.0,0.0,0.0,0.0,100000000.0,100000000.0,0.0,inf,inf,-1,
2014-06-24,5105.0,5165.0,15376.240234375,0.0,0,0.0,0.0,0.0,0.0,0.0,0.0,100000000.0,100000000.0,0.0,inf,inf,-1,
2014-06-25,5105.0,5085.0,15266.6103515625,0.0,0,0.0,0.0,0.0,0.0,0.0,0.0,100000000.0,100000000.0,0.0,inf,inf,-1,
2014-06-26,5120.0,5120.0,15308.490234375,0.0,0,0.0,0.0,0.0,0.0,0.0,0.0,100000000.0,100000000.0,0.0,inf,inf,-1,
2014-06-27,5100.0,4965.0,15095.0,0.0,0,0.0,0.0,0.0,0.0,0.0,0.0,100000000.0,100000000.0,0.0,inf,inf,-1,
2014-06-30,5010.0,5015.0,15162.099609375,0.0,0,0.0,0.0,0.0,0.0,0.0,0.0,100000000.0,100000000.0,0.0,inf,inf,-1,
2014-07-01,5020.0,5125.0,15326.2001953125,0.0,0,0.0,0.0,0.0,0.0,0.0,0.0,100000000.0,100000000.0,0.0,inf,inf,-1,
2014-07-02,5175.0,5155.0,15369.9697265625,0.0,0,0.0,0.0,0.0,0.0,0.0,0.0,100000000.0,100000000.0,0.0,inf,inf,-1,
2014-07-03,5180.0,5135.0,15348.2900390625,0.0,0,0.0,0.0,0.0,0.0,0.0,0.0,100000000.0,100000000.0,0.0,inf,inf,-1,
2014-07-04,5230.0,5200.0,15437.1298828125,0.0,0,0.0,0.0,0.0,0.0,0.0,0.0,100000000.0,100000000.0,0.0,inf,inf,-1,
2014-07-07,5195.0,5170.0,15379.4404296875,0.0,0,0.0,0.0,0.0,0.0,0.0,0.0,100000000.0,100000000.0,0.0,inf,inf,-1,
2014-07-08,5110.0,5120.0,15314.41015625,0.0,0,0.0,0.0,0.0,0.0,0.0,0.0,100000000.0,100000000.0,0.0,inf,inf,-1,
2014-07-09,5035.0,5115.0,15302.650390625,0.0,0,0.0,0.0,0.0,0.0,0.0,0.0,100000000.0,100000000.0,0.0,inf,inf,-1,
2014-07-10,5115.0,5055.0,15216.4697265625,0.0,0,0.0,0.0,0.0,0.0,0.0,0.0,100000000.0,100000000.0,0.0,inf,inf,-1,
2014-07-11,4990.0,5025.0,15164.0400390625,0.0,0,0.0,0.0,0.0,0.0,0.0,0.0,100000000.0,100000000.0,0.0,inf,inf,-1,
2014-07-14,5045.0,5110.0,15296.8203125,0.0,0,0.0,0.0,0.0,0.0,0.0,0.0,100000000.0,100000000.0,0.0,inf,inf,-1,
2014-07-15,5140.0,5170.0,15395.16015625,0.0,0,0.0,0.0,0.0,0.0,0.0,0.0,100000000.0,100000000.0,0.0,inf,inf,-1,
2014-07-16,5145.0,5155.0,15379.2998046875,0.0,0,0.0,0.0,0.0,0.0,0.0,0.0,100000000.0,100000000.0,0.0,inf,inf,-1,
2014-07-17,5185.0,5155.0,15370.259765625,0.0,0,0.0,0.0,0.0,0.0,0.0,0.0,100000000.0,100000000.0,0.0,inf,inf,-1,
2014-07-18,5030.0,5055.0,15215.7099609375,0.0,0,0.0,0.0,0.0,0.0,0.0,0.0,100000000.0,100000000.0,0.0,inf,inf,-1,
2014-07-22,5095.0,5125.0,15343.2802734375,0.0,0,0.0,0.0,0.0,0.0,0.0,0.0,100000000.0,100000000.0,0.0,inf,inf,-1,
2014-07-23,5145.0,5115.0,15328.5595703125,0.0,0,0.0,0.0,0.0,0.0,0.0,0.0,100000000.0,100000000.0,0.0,inf,inf,-1,
2014-07-24,5130.0,5090.0,15284.419921875,0.0,0,0.0,0.0,0.0,0.0,0.0,0.0,100000000.0,100000000.0,0.0,inf,inf,-1,
2014-07-25,5140.0,5205.0,15457.8701171875,0.0,0,0.0,0.0,0.0,0.0,0.0,0.0,100000000.0,100000000.0,0.0,inf,inf,-1,
2014-07-28,5190.0,5260.0,15529.400390625,0.0,0,0.0,0.0,0.0,0.0,0.0,0.0,100000000.0,100000000.0,0.0,inf,inf,-1,
2014-07-29,5285.0,5315.0,15618.0703125,0.0,0,0.0,0.0,0.0,0.0,0.0,0.0,100000000.0,100000000.0,0.0,inf,inf,-1,
2014-07-30,5335.0,5335.0,15646.23046875,0.0,0,0.0,0.0,0.0,0.0,0.0,0.0,100000000.0,100000000.0,0.0,inf,inf,-1,
2014-07-31,5400.0,5320.0,15620.76953125,0.0,0,0.0,0.0,0.0,0.0,0.0,0.0,100000000.0,100000000.0,0.0,inf,inf,-1,
2014-08-01,5250.0,5265.0,15523.1103515625,0.0,0,0.0,0.0,0.0,0.0,0.0,0.0,100000000.0,100000000.0,0.0,inf,inf,-1,
2014-08-04,5240.0,5230.0,15474.5,0.0,0,0.0,0.0,0.0,0.0,0.0,0.0,100000000.0,100000000.0,0.0,inf,inf,-1,
2014-08-05,5245.0,5115.0,15320.3095703125,0.0,0,0.0,0.0,0.0,0.0,0.0,0.0,100000000.0,100000000.0,0.0,inf,inf,-1,
2014-08-06,5080.0,5025.0,15159.7900390625,0.0,0,0.0,0.0,0.0,0.0,0.0,0.0,100000000.0,100000000.0,0.0,inf,inf,-1,
2014-08-07,5005.0,5050.0,15232.3701171875,0.0,0,0.0,0.0,0.0,0.0,0.0,0.0,100000000.0,100000000.0,0.0,inf,inf,-1,
2014-08-08,4930.0,4760.0,14778.3701171875,0.0,0,0.0,0.0,0.0,0.0,0.0,0.0,100000000.0,100000000.0,0.0,inf,inf,-1,
2014-08-11,4925.0,4980.0,15130.51953125,0.0,0,0.0,0.0,0.0,0.0,0.0,0.0,100000000.0,100000000.0,0.0,inf,inf,-1,
2014-08-12,4990.0,5000.0,15161.3095703125,0.0,0,0.0,0.0,0.0,0.0,0.0,0.0,100000000.0,100000000.0,0.0,inf,inf,-1,
2014-08-13,4980.0,5035.0,15213.6298828125,0.0,0,0.0,0.0,0.0,0.0,0.0,0.0,100000000.0,100000000.0,0.0,inf,inf,-1,
2014-08-14,5075.0,5090.0,15314.5703125,0.0,0,0.0,0.0,0.0,0.0,0.0,0.0,100000000.0,100000000.0,0.0,inf,inf,-1,
2014-08-15,5100.0,5100.0,15318.33984375,0.0,0,0.0,0.0,0.0,0.0,0.0,0.0,100000000.0,100000000.0,0.0,inf,inf,-1,
2014-08-18,5115.0,5100.0,15322.599609375,0.0,0,0.0,0.0,0.0,0.0,0.0,0.0,100000000.0,100000000.0,0.0,inf,inf,-1,
2014-08-19,5185.0,5190.0,15449.7900390625,0.0,0,0.0,0.0,0.0,0.0,0.0,0.0,100000000.0,100000000.0,0.0,inf,inf,-1,
2014-08-20,5210.0,5190.0,15454.4501953125,0.0,0,0.0,0.0,0.0,0.0,0.0,0.0,100000000.0,100000000.0,0.0,inf,inf,-1,
2014-08-21,5230.0,5280.0,15586.2001953125,0.0,0,0.0,0.0,0.0,0.0,0.0,0.0,100000000.0,100000000.0,0.0,inf,inf,-1,
2014-08-22,5295.0,5250.0,15539.1904296875,0.0,0,0.0,0.0,0.0,0.0,0.0,0.0,100000000.0,100000000.0,0.0,inf,inf,-1,
2014-08-25,5285.0,5300.0,15613.25,0.0,0,0.0,0.0,0.0,0.0,0.0,0.0,100000000.0,100000000.0,0.0,inf,inf,-1,
2014-08-26,5285.0,5235.0,15521.2197265625,0.0,0,0.0,0.0,0.0,0.0,0.0,0.0,100000000.0,100000000.0,0.0,inf,inf,-1,
2014-08-27,5250.0,5250.0,15534.8203125,0.0,0,0.0,0.0,0.0,0.0,0.0,0.0,100000000.0,100000000.0,0.0,inf,inf,-1,
2014-08-28,5215.0,5190.0,15459.8603515625,0.0,0,0.0,0.0,0.0,0.0,0.0,0.0,100000000.0,100000000.0,0.0,inf,inf,-1,
2014-08-29,5170.0,5175.0,15424.58984375,0.0,0,0.0,0.0,0.0,0.0,0.0,0.0,100000000.0,100000000.0,0.0,inf,inf,-1,
2014-09-01,5200.0,5205.0,15476.599609375,0.0,0,0.0,0.0,0.0,0.0,0.0,0.0,100000000.0,100000000.0,0.0,inf,inf,-1,
2014-09-02,5235.0,5340.0,15668.599609375,0.0,0,0.0,0.0,0.0,0.0,0.0,0.0,100000000.0,100000000.0,0.0,inf,inf,-1,
2014-09-03,5415.0,5375.0,15728.349609375,0.0,0,0.0,0.0,0.0,0.0,0.0,0.0,100000000.0,100000000.0,0.0,inf,inf,-1,
2014-09-04,5360.0,5345.0,15676.1796875,0.0,0,0.0,0.0,0.0,0.0,0.0,0.0,100000000.0,100000000.0,0.0,inf,inf,-1,
2014-09-05,5420.0,5345.0,15668.6796875,0.0,0,0.0,0.0,0.0,0.0,0.0,0.0,100000000.0,100000000.0,0.0,inf,inf,-1,
2014-09-08,5375.0,5360.0,15705.1103515625,0.0,0,0.0,0.0,0.0,0.0,0.0,0.0,100000000.0,100000000.0,0.0,inf,inf,-1,
2014-09-09,5420.0,5390.0,15749.150390625,0.0,0,0.0,0.0,0.0,0.0,0.0,0.0,100000000.0,100000000.0,0.0,inf,inf,-1,
2014-09-10,5325.0,5415.0,15788.7802734375,0.0,0,0.0,0.0,0.0,0.0,0.0,0.0,100000000.0,100000000.0,0.0,inf,inf,-1,
2014-09-11,5480.0,5490.0,15909.2001953125,0.0,0,0.0,0.0,0.0,0.0,0.0,0.0,100000000.0,100000000.0,0.0,inf,inf,-1,
2014-09-12,5520.0,5525.0,15948.2900390625,0.0,0,0.0,0.0,0.0,0.0,0.0,0.0,100000000.0,100000000.0,0.0,inf,inf,-1,
2014-09-16,5510.0,5505.0,15911.5302734375,0.0,0,0.0,0.0,0.0,0.0,0.0,0.0,100000000.0,100000000.0,0.0,inf,inf,-1,
2014-09-17,5525.0,5485.0,15888.669921875,0.0,0,0.0,0.0,0.0,0.0,0.0,0.0,100000000.0,100000000.0,0.0,inf,inf,-1,
2014-09-18,5575.0,5605.0,16067.5703125,0.0,0,0.0,0.0,0.0,0.0,0.0,0.0,100000000.0,100000000.0,0.0,inf,inf,-1,
2014-09-19,5680.0,5785.0,16321.169921875,0.0,0,0.0,0.0,0.0,0.0,0.0,0.0,100000000.0,100000000.0,0.0,inf,inf,-1,
2014-09-22,5750.0,5705.0,16205.900390625,0.0,0,0.0,0.0,0.0,0.0,0.0,0.0,100000000.0,100000000.0,0.0,inf,inf,-1,
2014-09-24,5615.0,5680.0,16167.4501953125,0.0,0,0.0,0.0,0.0,0.0,0.0,0.0,100000000.0,100000000.0,0.0,inf,inf,-1,
2014-09-25,5795.0,5805.0,16374.1396484375,0.0,0,0.0,0.0,0.0,0.0,0.0,0.0,100000000.0,100000000.0,0.0,inf,inf,-1,
2014-09-26,5695.0,5780.0,16229.8603515625,0.0,0,0.0,0.0,0.0,0.0,0.0,0.0,100000000.0,100000000.0,0.0,inf,inf,-1,
2014-09-29,5860.0,5835.0,16310.6396484375,0.0,0,0.0,0.0,0.0,0.0,0.0,0.0,100000000.0,100000000.0,0.0,inf,inf,-1,
2014-09-30,5780.0,5735.0,16173.51953125,0.0,0,0.0,0.0,0.0,0.0,0.0,0.0,100000000.0,100000000.0,0.0,inf,inf,-1,
2014-10-01,5735.0,5680.0,16082.25,0.0,0,0.0,0.0,0.0,0.0,0.0,0.0,100000000.0,100000000.0,0.0,inf,inf,-1,
2014-10-02,5560.0,5405.0,15661.990234375,0.0,0,0.0,0.0,0.0,0.0,0.0,0.0,100000000.0,100000000.0,0.0,inf,inf,-1,
2014-10-03,5375.0,5410.0,15708.650390625,0.0,0,0.0,0.0,0.0,0.0,0.0,0.0,100000000.0,100000000.0,0.0,inf,inf,-1,
2014-10-06,5540.0,5545.0,15890.9501953125,0.0,0,0.0,0.0,0.0,0.0,0.0,0.0,100000000.0,100000000.0,0.0,inf,inf,-1,
2014-10-07,5475.0,5460.0,15783.830078125,0.0,0,0.0,0.0,0.0,0.0,0.0,0.0,100000000.0,100000000.0,0.0,inf,inf,-1,
2014-10-08,5310.0,5360.0,15595.98046875,0.0,0,0.0,0.0,0.0,0.0,0.0,0.0,100000000.0,100000000.0,0.0,inf,inf,-1,
2014-10-09,5390.0,5260.0,15478.9296875,0.0,0,0.0,0.0,0.0,0.0,0.0,0.0,100000000.0,100000000.0,0.0,inf,inf,-1,
2014-10-10,5135.0,5140.0,15300.5498046875,0.0,0,0.0,0.0,0.0,0.0,0.0,0.0,100000000.0,100000000.0,0.0,inf,inf,-1,
2014-10-14,4930.0,4905.0,14936.509765625,0.0,0,0.0,0.0,0.0,0.0,0.0,0.0,100000000.0,100000000.0,0.0,inf,inf,-1,
2014-10-15,4940.0,4970.0,15073.51953125,0.0,0,0.0,0.0,0.0,0.0,0.0,0.0,100000000.0,100000000.0,0.0,inf,inf,-1,
2014-10-16,4745.0,4755.0,14738.3798828125,0.0,0,0.0,0.0,0.0,0.0,0.0,0.0,100000000.0,100000000.0,0.0,inf,inf,-1,
2014-10-17,4795.0,4625.0,14532.509765625,0.0,0,0.0,0.0,0.0,0.0,0.0,0.0,100000000.0,100000000.0,0.0,inf,inf,-1,
2014-10-20,4855.0,4980.0,15111.23046875,0.0,0,0.0,0.0,0.0,0.0,0.0,0.0,100000000.0,100000000.0,0.0,inf,inf,-1,
2014-10-21,4975.0,4775.0,14804.2802734375,0.0,0,0.0,0.0,0.0,0.0,0.0,0.0,100000000.0,100000000.0,0.0,inf,inf,-1,
2014-10-22,4975.0,5030.0,15195.76953125,0.0,0,0.0,0.0,0.0,0.0,0.0,0.0,100000000.0,100000000.0,0.0,inf,inf,-1,
2014-10-23,4970.0,5000.0,15138.9599609375,0.0,0,0.0,0.0,0.0,0.0,0.0,0.0,100000000.0,100000000.0,0.0,inf,inf,-1,
2014-10-24,5140.0,5095.0,15291.6396484375,0.0,0,0.0,0.0,0.0,0.0,0.0,0.0,100000000.0,100000000.0,0.0,inf,inf,-1,
2014-10-27,5165.0,5150.0,15388.7197265625,10332.065999999999,2,0.0,0.0,0.0,0.0,0.7901369863013699,10300.0,100000000.0,99999967.143863,-32.856136986300264,9708.734674161456,9708.734674161456,0,
2014-10-28,5125.0,5115.0,15329.91015625,20504.1,4,0.0,0.0,0.0,0.0,2.3543013698630135,30690.0,100000000.0,99999850.68956165,-149.31043835616182,3258.3854900476263,3258.3854900476263,0,
2014-10-29,5175.0,5265.0,15553.91015625,10352.07,2,0.0,0.0,0.0,0.0,3.231123287671232,42120.0,100000000.0,100000925.38843836,925.3884383561673,2374.1910111215184,2374.1690408357076,0,
2014-10-30,5295.0,5350.0,15658.2001953125,5296.059,1,21175.764,668.4789041095897,532.6774147397266,135.80148936986316,2.052054794520549,26750.0,100000532.67741475,100001297.2398942,764.562479452056,3738.3662519586615,3738.3376701837287,0,
2014-10-31,5455.0,5870.0,16413.759765625,0.0,0,21815.636000000002,1126.6678904109626,897.7853084739754,228.88258193698704,0.4503013698630145,5870.0,100001430.46272321,100002003.54301088,573.0802876712327,17036.116446850236,17036.018818181125,0,
2014-11-04,6365.0,6185.0,16862.470703125,0.0,0,6363.727,1066.8072876712326,850.0853871808217,216.72190049041092,0.0,0.0,100002280.5481104,100002280.5481104,0.0,inf,inf,0,
2014-11-05,6120.0,6260.0,16937.3203125,0.0,0,0.0,0.0,0.0,0.0,0.0,0.0,100002280.5481104,100002280.5481104,0.0,inf,inf,0,
2014-11-06,6285.0,6140.0,16792.48046875,0.0,0,0.0,0.0,0.0,0.0,0.0,0.0,100002280.5481104,100002280.5481104,0.0,inf,inf,0,
2014-11-07,6230.0,6205.0,16880.380859375,0.0,0,0.0,0.0,0.0,0.0,0.0,0.0,100002280.5481104,100002280.5481104,0.0,inf,inf,0,
2014-11-10,6100.0,6105.0,16780.529296875,0.0,0,0.0,0.0,0.0,0.0,0.0,0.0,100002280.5481104,100002280.5481104,0.0,inf,inf,0,
2014-11-11,6185.0,6360.0,17124.109375,0.0,0,0.0,0.0,0.0,0.0,0.0,0.0,100002280.5481104,100002280.5481104,0.0,inf,inf,0,
2014-11-12,6465.0,6435.0,17197.05078125,0.0,0,0.0,0.0,0.0,0.0,0.0,0.0,100002280.5481104,100002280.5481104,0.0,inf,inf,0,
2014-11-13,6415.0,6565.0,17392.7890625,0.0,0,0.0,0.0,0.0,0.0,0.0,0.0,100002280.5481104,100002280.5481104,0.0,inf,inf,0,
2014-11-14,6610.0,6640.0,17490.830078125,0.0,0,0.0,0.0,0.0,0.0,0.0,0.0,100002280.5481104,100002280.5481104,0.0,inf,inf,0,
2014-11-17,6580.0,6255.0,16973.80078125,0.0,0,0.0,0.0,0.0,0.0,0.0,0.0,100002280.5481104,100002280.5481104,0.0,inf,inf,0,
2014-11-18,6405.0,6520.0,17344.060546875,0.0,0,0.0,0.0,0.0,0.0,0.0,0.0,100002280.5481104,100002280.5481104,0.0,inf,inf,0,
2014-11-19,6540.0,6490.0,17288.75,0.0,0,0.0,0.0,0.0,0.0,0.0,0.0,100002280.5481104,100002280.5481104,0.0,inf,inf,0,
2014-11-20,6575.0,6495.0,17300.859375,0.0,0,0.0,0.0,0.0,0.0,0.0,0.0,100002280.5481104,100002280.5481104,0.0,inf,inf,0,
2014-11-21,6480.0,6545.0,17357.509765625,0.0,0,0.0,0.0,0.0,0.0,0.0,0.0,100002280.5481104,100002280.5481104,0.0,inf,inf,0,
2014-11-25,6635.0,6570.0,17407.619140625,0.0,0,0.0,0.0,0.0,0.0,0.0,0.0,100002280.5481104,100002280.5481104,0.0,inf,inf,0,
2014-11-26,6515.0,6555.0,17383.580078125,0.0,0,0.0,0.0,0.0,0.0,0.0,0.0,100002280.5481104,100002280.5481104,0.0,inf,inf,0,
2014-11-27,6510.0,6455.0,17248.5,0.0,0,0.0,0.0,0.0,0.0,0.0,0.0,100002280.5481104,100002280.5481104,0.0,inf,inf,0,
2014-11-28,6510.0,6605.0,17459.849609375,0.0,0,0.0,0.0,0.0,0.0,0.0,0.0,100002280.5481104,100002280.5481104,0.0,inf,inf,0,
2014-12-01,6595.0,6705.0,17590.099609375,0.0,0,0.0,0.0,0.0,0.0,0.0,0.0,100002280.5481104,100002280.5481104,0.0,inf,inf,0,
2014-12-02,6610.0,6765.0,17663.220703125,0.0,0,0.0,0.0,0.0,0.0,0.0,0.0,100002280.5481104,100002280.5481104,0.0,inf,inf,0,
2014-12-03,6850.0,6795.0,17720.4296875,0.0,0,0.0,0.0,0.0,0.0,0.0,0.0,100002280.5481104,100002280.5481104,0.0,inf,inf,0,
2014-12-04,6925.0,6930.0,17887.2109375,0.0,0,0.0,0.0,0.0,0.0,0.0,0.0,100002280.5481104,100002280.5481104,0.0,inf,inf,0,
2014-12-05,6870.0,6960.0,17920.44921875,0.0,0,0.0,0.0,0.0,0.0,0.0,0.0,100002280.5481104,100002280.5481104,0.0,inf,inf,0,
2014-12-08,7005.0,6970.0,17935.640625,0.0,0,0.0,0.0,0.0,0.0,0.0,0.0,100002280.5481104,100002280.5481104,0.0,inf,inf,0,
2014-12-09,6870.0,6865.0,17813.380859375,0.0,0,0.0,0.0,0.0,0.0,0.0,0.0,100002280.5481104,100002280.5481104,0.0,inf,inf,0,
2014-12-10,6720.0,6580.0,17412.580078125,6721.344,1,0.0,0.0,0.0,0.0,0.5047671232876709,6580.0,100002280.5481104,100002138.69934328,-141.84876712328773,15197.893419353082,15197.893419353082,0,
2014-12-11,6375.0,6460.0,17257.400390625,82891.575,13,0.0,0.0,0.0,0.0,6.93786301369863,90440.0,100002280.5481104,100003100.18648025,819.6383698630165,1105.7397190013296,1105.7306562152853,0,
2014-12-12,6500.0,6555.0,17371.580078125,143028.6,22,0.0,0.0,0.0,0.0,18.10257534246575,235980.0,100002280.5481104,100005593.48390491,3312.935794520545,423.7884290359561,423.7743899826697,0,
2014-12-15,6330.0,6335.0,17099.400390625,113962.788,18,0.0,0.0,0.0,0.0,26.242520547945205,342090.0,100002280.5481104,99997714.45338437,-4566.094726027401,292.3140531830348,292.3140531830348,0,
2014-12-16,6140.0,6060.0,16755.3203125,178095.612,29,0.0,0.0,0.0,0.0,38.58476712328766,502980.0,100002280.5481104,99980470.25661725,-21810.291493150682,198.77623415765487,198.77623415765487,0,
2014-12-17,6020.0,6140.0,16819.73046875,192678.528,32,0.0,0.0,0.0,0.0,54.16657534246576,706100.0,100002280.5481104,99990857.56204191,-11422.986068493137,141.61005178026045,141.61005178026045,0,
2014-12-18,6400.0,6390.0,17210.05078125,185637.12,29,204759.04,12065.439561643852,9614.345514695904,2451.0940469479488,54.90147945205484,715680.0,100011894.8936251,100017053.4865155,5158.592890410966,139.75108077145583,139.7438728113474,0,
2014-12-19,6645.0,6700.0,17621.400390625,73109.61899999999,11,192666.459,14529.490616438365,11577.82459770891,2951.6660187294538,48.31342465753423,629800.0,100023472.7182228,100047730.34707211,24257.62884931508,158.8563517736934,158.8178353734881,0,
2014-12-22,6740.0,6700.0,17635.140625,6741.348,1,552569.4639999999,26867.638753424664,21409.477940666446,5458.160812758221,6.681643835616455,87100.0,100044882.19616346,100045393.62061551,511.42445205480294,1148.6267924295696,1148.6209207366644,0,
2014-12-24,6865.0,6870.0,17854.23046875,6866.373,1,0.0,0.0,0.0,0.0,7.378191780821908,96180.0,100044882.19616346,100047599.86942373,2717.6732602739817,1040.2121009505483,1040.183844834305,0,
2014-12-25,6840.0,6840.0,17808.75,0.0,0,88902.216,2306.789273972617,1838.16503296508,468.6242410075372,0.5247123287671229,6840.0,100046720.36119643,100046692.9364704,-27.424726027396854,14626.709493636024,14626.709493636024,0,
2014-12-26,6830.0,6880.0,17818.9609375,0.0,0,0.0,0.0,0.0,0.0,0.5277808219178155,6880.0,100046720.36119643,100046732.40868957,12.047493150685339,14541.676222193251,14541.674471104132,0,
2014-12-29,6930.0,6790.0,17729.83984375,0.0,0,0.0,0.0,0.0,0.0,0.520876712328743,6790.0,100046720.36119643,100046641.88781287,-78.47338356164343,14734.409703654324,14734.409703654324,0,
2014-12-30,6790.0,6585.0,17450.76953125,13582.716,2,0.0,0.0,0.0,0.0,1.5154520547944799,19755.0,100046720.36119643,100046022.6563608,-697.7048356164382,5064.339289109634,5064.339289109634,0,
2015-01-05,6510.0,6540.0,17408.7109375,71624.322,11,0.0,0.0,0.0,0.0,7.023780821917853,91560.0,100046720.36119643,100046196.31057999,-524.0506164383562,1092.6845381234161,1092.6845381234161,0,
2015-01-06,6290.0,6165.0,16883.189453125,106951.386,17,0.0,0.0,0.0,0.0,14.660876712328786,191115.0,100046720.36119643,100038785.26370327,-7935.097493150684,523.4481085404248,523.4481085404248,0,
2015-01-07,6080.0,6160.0,16885.330078125,188517.696,31,0.0,0.0,0.0,0.0,29.29797260273972,381920.0,100046720.36119643,100041043.26973067,-5677.0914657534195,261.94240487466135,261.94240487466135,0,
2015-01-08,6280.0,6360.0,17167.099609375,188437.68000000002,30,0.0,0.0,0.0,0.0,44.88591780821923,585120.0,100046720.36119643,100055760.70381287,9040.342616438338,171.00041137512454,170.98496096731685,0,
2015-01-09,6475.0,6375.0,17197.73046875,129525.9,20,200684.855,12137.385410958917,9671.675564722613,2465.709846236304,39.612328767123245,516375.0,100056392.03676115,100055669.33663787,-722.7001232876858,193.76551796008303,193.76551796008303,0,
2015-01-13,6180.0,6290.0,17087.7109375,92718.54,15,0.0,0.0,0.0,0.0,46.32197260273972,603840.0,100056392.03676115,100050369.47466525,-6022.56209589042,165.69019852057707,165.69019852057707,0,
2015-01-14,6200.0,6065.0,16795.9609375,117823.56,19,0.0,0.0,0.0,0.0,53.5049315068494,697475.0,100056392.03676115,100026127.40973376,-30264.627027397262,143.411774486159,143.411774486159,0,
2015-01-15,6115.0,6300.0,17108.69921875,146789.352,24,0.0,0.0,0.0,0.0,67.17698630136994,875700.0,100056392.03676115,100057495.88074745,1103.843986301349,114.26001585103054,114.25875532346825,0,
2015-01-16,6055.0,6110.0,16864.16015625,30281.055,5,0.0,0.0,0.0,0.0,67.49457534246585,879840.0,100056392.03676115,100031287.33117211,-25104.705589041117,113.69258880156859,113.69258880156859,0,
2015-01-19,6225.0,6225.0,17014.2890625,124524.9,20,0.0,0.0,0.0,0.0,78.31561643835607,1020900.0,100056392.03676115,100047744.11555567,-8647.921205479466,97.99955344848239,97.99955344848239,0,
2015-01-20,6270.0,6485.0,17366.30078125,62712.54,10,31343.73,1057.943767123287,843.0224908321912,214.92127629109575,84.07402739726035,1095965.0,100057235.05925198,100091141.31025198,33906.25099999999,91.32695050503618,91.29601315667196,0,
2015-01-21,6435.0,6415.0,17280.48046875,0.0,0,868551.255,28236.894205479384,22500.56914763625,5736.325057843136,16.731726027397258,218110.0,100079735.62839963,100076084.50846812,-3651.119931506844,458.8330865548032,458.8330865548032,0,
2015-01-22,6440.0,6445.0,17329.01953125,6441.288,1,0.0,0.0,0.0,0.0,17.30438356164393,225575.0,100079735.62839963,100077090.91608456,-2644.712315068487,443.6532901078779,443.6532901078779,0,
2015-01-23,6590.0,6575.0,17511.75,19773.954,3,0.0,0.0,0.0,0.0,19.166575342465762,249850.0,100079735.62839963,100081572.79550922,1837.1671095890456,400.5666311607333,400.55927808044675,0,
2015-01-26,6435.0,6555.0,17468.51953125,0.0,0,0.0,0.0,0.0,0.0,19.10827397260266,249090.0,100079735.62839963,100080793.68723524,1058.0588356164428,401.7856746045013,401.78142690754197,0,
2015-01-27,6680.0,6770.0,17768.30078125,6681.336,1,0.0,0.0,0.0,0.0,20.25435616438358,264030.0,100079735.62839963,100089032.09687908,9296.46847945206,379.082044074079,379.0468341794479,0,
2015-01-28,6660.0,6810.0,17795.73046875,0.0,0,233053.38000000006,5477.8446575342805,4365.020515356192,1112.824142178089,2.089643835616357,27240.0,100084100.64891498,100084180.56309307,79.9141780821916,3674.1622820518746,3674.1593483448964,0,
2015-01-29,6690.0,6645.0,17606.220703125,0.0,0,6688.662,6.284246575342488,5.007601883561661,1.2766446917808263,1.5292602739726817,19935.0,100084105.65651686,100083561.4191881,-544.2373287671232,5020.494678665066,5020.494678665066,0,
2015-01-30,6785.0,6720.0,17674.390625,6786.357,1,0.0,0.0,0.0,0.0,2.0620273972602945,26880.0,100084105.65651686,100083718.0001607,-387.6563561643835,3723.352604172645,3723.352604172645,0,
2015-02-02,6605.0,6620.0,17558.0390625,6606.321,1,0.0,0.0,0.0,0.0,2.539178082191711,33100.0,100084105.65651686,100083329.13998261,-776.5165342465751,3023.6655329299883,3023.6655329299883,0,
2015-02-03,6695.0,6450.0,17335.849609375,20089.017,3,0.0,0.0,0.0,0.0,3.9583561643837584,51600.0,100084105.65651686,100081736.16462645,-2369.4918904109586,1939.568530322218,1939.568530322218,0,
2015-02-04,6630.0,6695.0,17678.740234375,92838.564,14,0.0,0.0,0.0,0.0,11.298958904109554,147290.0,100084105.65651686,100084576.30166756,470.64515068493336,679.5069339511681,679.5037385872555,0,
2015-02-05,6655.0,6585.0,17504.619140625,19968.993000000002,3,0.0,0.0,0.0,0.0,12.628767123287844,164625.0,100084105.65651686,100081929.67990042,-2175.9766164383564,607.9388287313617,607.9388287313617,0,
2015-02-06,6715.0,6675.0,17648.5,33581.715,5,0.0,0.0,0.0,0.0,15.361643835616405,200250.0,100084105.65651686,100083957.6032566,-148.05326027396933,499.7950442110192,499.7950442110192,0,
2015-02-09,6785.0,6720.0,17711.9296875,13572.714,2,0.0,0.0,0.0,0.0,16.496219178082242,215040.0,100084105.65651686,100085158.39303741,1052.7365205479484,465.4257737771457,465.42087823901073,0,
2015-02-10,6675.0,6680.0,17652.6796875,6676.335,1,0.0,0.0,0.0,0.0,16.91046575342466,220440.0,100084105.65651686,100083865.14757165,-240.5089452054762,454.018622516656,454.018622516656,0,
2015-02-12,6870.0,6925.0,17979.720703125,6871.374,1,0.0,0.0,0.0,0.0,18.061917808219278,235450.0,100084105.65651686,100091985.71165386,7880.055136986304,425.1093043603901,425.0758362986488,0,
2015-02-13,6880.0,6885.0,17913.359375,0.0,0,220115.968,6300.359178082192,5020.441211054795,1279.9179670273973,1.0563287671232047,13770.0,100089126.09772791,100089140.70535804,14.60763013698691,7268.637669234426,7268.636608404351,0,
2015-02-16,6955.0,6955.0,18004.76953125,0.0,0,0.0,0.0,0.0,0.0,1.0670684931506003,13910.0,100089126.09772791,100089279.63828956,153.5405616438362,7195.490987655611,7195.479949513149,0,
2015-02-17,6910.0,6940.0,17987.08984375,0.0,0,0.0,0.0,0.0,0.0,1.0647671232877656,13880.0,100089126.09772791,100089248.57352243,122.47579452054855,7211.0409635102615,7211.032139605757,0,
2015-02-18,7015.0,7100.0,18199.169921875,0.0,0,0.0,0.0,0.0,0.0,1.0893150684930788,14200.0,100089126.09772791,100089567.48420736,441.38647945205537,7048.561090437138,7048.530006882247,0,
2015-02-19,7130.0,7155.0,18264.7890625,0.0,0,14257.148000000001,498.5344794520564,397.25719995137115,101.27727950068527,0.0,0.0,100089523.35492787,100089523.35492787,0.0,inf,inf,0,
2015-02-20,7215.0,7210.0,18332.30078125,0.0,0,0.0,0.0,0.0,0.0,0.0,0.0,100089523.35492787,100089523.35492787,0.0,inf,inf,0,
2015-02-23,7345.0,7315.0,18466.919921875,0.0,0,0.0,0.0,0.0,0.0,0.0,0.0,100089523.35492787,100089523.35492787,0.0,inf,inf,0,
2015-02-24,7310.0,7425.0,18603.48046875,0.0,0,0.0,0.0,0.0,0.0,0.0,0.0,100089523.35492787,100089523.35492787,0.0,inf,inf,0,
2015-02-25,7445.0,7410.0,18585.19921875,0.0,0,0.0,0.0,0.0,0.0,0.0,0.0,100089523.35492787,100089523.35492787,0.0,inf,inf,0,
2015-02-26,7410.0,7580.0,18785.7890625,0.0,0,0.0,0.0,0.0,0.0,0.0,0.0,100089523.35492787,100089523.35492787,0.0,inf,inf,0,
2015-02-27,7625.0,7580.0,18797.939453125,0.0,0,0.0,0.0,0.0,0.0,0.0,0.0,100089523.35492787,100089523.35492787,0.0,inf,inf,0,
2015-03-02,7635.0,7605.0,18826.880859375,0.0,0,0.0,0.0,0.0,0.0,0.0,0.0,100089523.35492787,100089523.35492787,0.0,inf,inf,0,
2015-03-03,7675.0,7595.0,18815.16015625,0.0,0,0.0,0.0,0.0,0.0,0.0,0.0,100089523.35492787,100089523.35492787,0.0,inf,inf,0,
2015-03-04,7515.0,7515.0,18703.599609375,0.0,0,0.0,0.0,0.0,0.0,0.0,0.0,100089523.35492787,100089523.35492787,0.0,inf,inf,0,
2015-03-05,7480.0,7545.0,18751.83984375,7481.496,1,0.0,0.0,0.0,0.0,0.5787945205479446,7545.0,100089523.35492787,100089586.28013335,62.92520547945196,13265.684066286727,13265.675726299254,0,
2015-03-06,7600.0,7715.0,18971.0,15203.039999999999,2,0.0,0.0,0.0,0.0,1.775506849315093,23145.0,100089523.35492787,100089981.46462649,458.1096986301378,4324.475327916461,4324.455534885628,0,
2015-03-09,7645.0,7570.0,18790.55078125,7646.5289999999995,1,22930.413,243.52269863013922,194.05106240342644,49.47163622671279,0.5807123287671629,7570.0,100089717.40599027,100089640.29627794,-77.10971232876666,13221.881148781762,13221.881148781762,0,
2015-03-10,7645.0,7460.0,18665.109375,22939.587,3,0.0,0.0,0.0,0.0,2.2890958904109766,29840.0,100089717.40599027,100088968.42018205,-748.9858082191772,3354.187949738004,3354.187949738004,0,
2015-03-11,7395.0,7515.0,18723.51953125,44378.874,6,0.0,0.0,0.0,0.0,5.76493150684928,75150.0,100089717.40599027,100089893.78125055,176.37526027397007,1331.8681807218968,1331.8658337457123,0,
2015-03-12,7565.0,7740.0,18991.109375,30266.052,4,45380.922,998.5890410958856,795.7256773972565,202.86336369862914,4.750027397260283,61920.0,100090513.13166767,100091571.03785945,1057.906191780823,1616.465940533906,1616.448855485589,0,
2015-03-13,7855.0,7950.0,19254.25,7856.571,1,31413.716,1145.2889863013706,912.6235287342472,232.66545756712344,3.049315068493229,39750.0,100091425.7551964,100092722.46808682,1296.7128904109597,2518.0559111468383,2518.0232894389032,0,
2015-03-16,7930.0,7940.0,19246.060546875,0.0,0,31713.656,1117.5497534246565,890.5195210164377,227.03023240821898,0.6090958904110266,7940.0,100092316.27471742,100092398.48475851,82.2100410958905,12606.095527047672,12606.085173138214,0,
2015-03-17,8075.0,8115.0,19437.0,0.0,0,0.0,0.0,0.0,0.0,0.6225205479452143,8115.0,100092316.27471742,100092572.86223798,256.5875205479453,12334.266526461857,12334.234907543736,0,
2015-03-18,8075.0,8205.0,19544.48046875,0.0,0,8073.385,214.97252054794552,171.30085299863038,43.67166754931513,0.0,0.0,100092487.57557042,100092487.57557042,0.0,inf,inf,0,
2015-03-19,8150.0,8140.0,19476.560546875,0.0,0,0.0,0.0,0.0,0.0,0.0,0.0,100092487.57557042,100092487.57557042,0.0,inf,inf,0,
2015-03-20,8145.0,8200.0,19560.220703125,0.0,0,0.0,0.0,0.0,0.0,0.0,0.0,100092487.57557042,100092487.57557042,0.0,inf,inf,0,
2015-03-23,8270.0,8375.0,19754.359375,0.0,0,0.0,0.0,0.0,0.0,0.0,0.0,100092487.57557042,100092487.57557042,0.0,inf,inf,0,
2015-03-24,8335.0,8335.0,19713.44921875,0.0,0,0.0,0.0,0.0,0.0,0.0,0.0,100092487.57557042,100092487.57557042,0.0,inf,inf,0,
2015-03-25,8345.0,8350.0,19746.19921875,0.0,0,0.0,0.0,0.0,0.0,0.0,0.0,100092487.57557042,100092487.57557042,0.0,inf,inf,0,
2015-03-26,8240.0,8090.0,19471.119140625,0.0,0,0.0,0.0,0.0,0.0,0.0,0.0,100092487.57557042,100092487.57557042,0.0,inf,inf,0,
2015-03-27,8140.0,8040.0,19285.630859375,24424.884,3,0.0,0.0,0.0,0.0,1.8503013698630184,24120.0,100092487.57557042,100092180.84126905,-306.7343013698612,4149.758741346146,4149.758741346146,0,
2015-03-30,8055.0,8150.0,19411.400390625,80566.11,10,0.0,0.0,0.0,0.0,8.127671232876764,105950.0,100092487.57557042,100093436.60359782,949.0280273972616,944.7233280188563,944.7143706991073,0,
2015-03-31,8295.0,8025.0,19206.990234375,66373.272,8,0.0,0.0,0.0,0.0,12.927945205479546,168525.0,100092487.57557042,100089625.40365261,-2862.171917808215,593.9155935537909,593.9155935537909,0,
2015-04-01,7975.0,7850.0,19034.83984375,111672.33,14,0.0,0.0,0.0,0.0,21.076712328767144,274750.0,100092487.57557042,100084156.99694028,-8330.578630136984,364.27354684964615,364.27354684964615,0,
2015-04-02,7905.0,8060.0,19312.7890625,158131.62,20,0.0,0.0,0.0,0.0,34.00657534246602,443300.0,100092487.57557042,100094541.37036493,2053.794794520555,225.79413798864186,225.78950502046112,0,
2015-04-03,8065.0,8160.0,19435.080078125,48399.678,6,161267.74000000002,3123.753972602764,2489.1633530685126,634.5906195342515,25.664876712328578,334560.0,100094976.73892349,100098009.17686869,3032.437945205482,299.19299730054007,299.18393334207167,0,
2015-04-06,8040.0,8125.0,19397.98046875,24124.824,3,112537.488,839.3074794520506,668.8021650013666,170.5053144506841,18.698630136986367,243750.0,100095645.54108849,100095422.6369241,-222.90416438355814,410.64788774122707,410.64788774122707,0,
2015-04-07,8250.0,8335.0,19640.5390625,41258.25,5,0.0,0.0,0.0,0.0,22.378904109588802,291725.0,100095645.54108849,100102117.00802,6471.466931506852,343.138630587094,343.1164471371617,0,
2015-04-08,8415.0,8465.0,19789.810546875,8416.682999999999,1,185092.97400000002,7503.958054794538,5979.528975963028,1524.4290788315104,9.091178082191618,118510.0,100101625.07006446,100104044.77876309,2419.7086986301406,844.6885898132064,844.6681720535352,0,
2015-04-09,8520.0,8580.0,19937.720703125,0.0,0,110737.848,3064.889068493159,2442.2568542287736,622.6322142643852,0.6581917808218805,8580.0,100104067.32691868,100104229.33635703,162.0094383561653,11667.159596312007,11667.140714093086,0,
2015-04-10,8640.0,8610.0,19907.630859375,0.0,0,8638.272,220.28143835616615,175.531264154111,44.75017420205515,0.0,0.0,100104242.85818283,100104242.85818283,0.0,inf,inf,0,
2015-04-13,8625.0,8565.0,19905.4609375,0.0,0,0.0,0.0,0.0,0.0,0.0,0.0,100104242.85818283,100104242.85818283,0.0,inf,inf,0,
2015-04-14,8485.0,8565.0,19908.6796875,8486.697,1,0.0,0.0,0.0,0.0,0.6570410958904631,8565.0,100104242.85818283,100104320.50414173,77.64595890410948,11687.603094470722,11687.594028976397,0,
2015-04-15,8510.0,8525.0,19869.759765625,8511.702,1,0.0,0.0,0.0,0.0,1.3079452054794274,17050.0,100104242.85818283,100104292.49419653,49.636013698630705,5871.219501125896,5871.216589922747,0,
2015-04-16,8520.0,8550.0,19885.76953125,25565.112,3,0.0,0.0,0.0,0.0,3.2794520547943193,42750.0,100104242.85818283,100104424.10274448,181.2445616438352,2341.623955619754,2341.619715980885,0,
2015-04-17,8485.0,8350.0,19652.880859375,33946.788,4,0.0,0.0,0.0,0.0,5.76493150684928,75150.0,100104242.85818283,100102871.54981297,-1371.3083698630146,1332.0408722530003,1332.0408722530003,0,
2015-04-20,8250.0,8325.0,19634.490234375,82516.5,10,0.0,0.0,0.0,0.0,12.133972602739505,158175.0,100104242.85818283,100103367.91584037,-874.9423424657542,632.8646620252276,632.8646620252276,0,
2015-04-21,8400.0,8555.0,19909.08984375,92418.48000000001,11,0.0,0.0,0.0,0.0,19.688219178082136,256650.0,100104242.85818283,100109404.7476212,5161.889438356153,390.0619705732367,390.041858009674,0,
2015-04-22,8635.0,8750.0,20133.900390625,25910.180999999997,3,181298.733,6343.584945205491,5054.885663586995,1288.6992816184954,8.054794520548057,105000.0,100109297.74384642,100111846.54554504,2548.801698630139,953.4461575766195,953.4218832747277,0,
2015-04-23,8840.0,8815.0,20187.650390625,8841.768,1,79544.088,3005.084397260273,2394.6015019568486,610.4828953034245,2.704876712328769,35260.0,100111692.34534837,100112195.67777303,503.33242465753733,2839.256825801844,2839.242550917424,0,
2015-04-24,8750.0,8660.0,20020.0390625,8751.75,1,26244.75,330.5266438356196,263.3801561404135,67.14648769520612,1.3286575342467586,17320.0,100111955.72550452,100111680.20262781,-275.5228767123288,5780.120104077818,5780.120104077818,0,
2015-04-27,8700.0,8605.0,19983.3203125,17403.48,2,0.0,0.0,0.0,0.0,2.640438356164168,34420.0,100111955.72550452,100111374.08218946,-581.6433150684927,2908.523360900333,2908.523360900333,0,
2015-04-28,8700.0,8695.0,20058.94921875,17403.48,2,0.0,0.0,0.0,0.0,4.002082191781028,52170.0,100111955.72550452,100111716.60010725,-239.1253972602731,1918.9518228887723,1918.9518228887723,0,
2015-04-30,8450.0,8225.0,19520.009765625,25355.07,3,0.0,0.0,0.0,0.0,5.678630136986158,74025.0,100111955.72550452,100108210.85147712,-3744.874027397259,1352.3567828635883,1352.3567828635883,0,
2015-05-01,8225.0,8235.0,19531.630859375,164532.90000000002,20,0.0,0.0,0.0,0.0,18.320054794520274,238815.0,100111955.72550452,100108449.63142233,-3506.094082191803,419.18828227465747,419.18828227465747,0,
2015-05-07,8075.0,8020.0,19291.990234375,161532.3,20,0.0,0.0,0.0,0.0,30.14641095890397,392980.0,100111955.72550452,100101052.18501137,-10903.540493150696,254.72301945394517,254.72301945394517,0,
2015-05-08,8085.0,8115.0,19379.189453125,185992.191,23,0.0,0.0,0.0,0.0,44.821479452054746,584280.0,100111955.72550452,100106315.17253192,-5640.552972602742,171.3327773884643,171.3327773884643,0,
2015-05-11,8315.0,8290.0,19620.91015625,166333.26,20,0.0,0.0,0.0,0.0,58.50695890410907,762680.0,100111955.72550452,100118323.40557301,6367.680068493139,131.27173048404705,131.26338139915103,0,
2015-05-12,8260.0,8295.0,19624.83984375,90878.172,11,355108.964,7518.054315068492,5990.761580962328,1527.292734106164,38.179726027397464,497700.0,100117946.48708548,100116008.72511287,-1937.761972602777,201.15734121983698,201.15734121983698,0,
2015-05-13,8240.0,8420.0,19764.720703125,57691.53599999999,7,0.0,0.0,0.0,0.0,43.27649315068493,564140.0,100117946.48708548,100124713.91261972,6767.425534246545,177.48203267383934,177.47003667012706,0,
2015-05-14,8325.0,8250.0,19570.240234375,33306.659999999996,4,316286.73000000004,3089.7424383561747,2462.061262004118,627.6811763520568,20.884931506849625,272250.0,100120408.54834749,100115155.41651188,-5253.131835616443,367.73243495504823,367.73243495504823,0,
2015-05-15,8355.0,8355.0,19732.919921875,66853.368,8,0.0,0.0,0.0,0.0,26.278191780822,342555.0,100120408.54834749,100118580.77032009,-1827.778027397267,292.2700902638119,292.2700902638119,0,
2015-05-18,8395.0,8505.0,19890.26953125,33586.716,4,0.0,0.0,0.0,0.0,29.3597260273973,382725.0,100120408.54834749,100125134.69459407,4726.146246575335,261.6111691020813,261.5988204281076,0,
2015-05-19,8585.0,8655.0,20026.380859375,17173.434,2,274665.056,8076.827287671193,6436.019824180789,1640.8074634904028,9.959178082191556,129825.0,100126844.56817167,100128075.54995249,1230.9817808219177,771.2541925665511,771.2447107118942,0,
2015-05-20,8750.0,8790.0,20196.560546875,8751.75,1,61237.75,2269.672,1808.5881332,461.0838668,6.068712328767106,79110.0,100128653.15630487,100129379.39737336,726.2410684931505,1265.698134210256,1265.6889540678153,0,
2015-05-21,8800.0,8760.0,20202.869140625,0.0,0,17596.48,420.36950684931355,334.9714415328755,85.39806531643805,4.704000000000178,61320.0,100128988.1277464,100129095.77530804,107.64756164383645,1632.894582115265,1632.8928266103458,0,
2015-05-22,8795.0,8850.0,20264.41015625,0.0,0,0.0,0.0,0.0,0.0,4.752328767123117,61950.0,100128988.1277464,100129721.02297927,732.8952328767132,1616.29896727973,1616.2871368482067,0,
2015-05-25,8900.0,8965.0,20413.76953125,0.0,0,35592.88,745.7956164383544,594.2872369589027,151.5083794794517,2.0631780821918255,26895.0,100129582.41498336,100130105.33142172,522.9164383561643,3723.000755955446,3722.9813130687253,0,
2015-05-26,8975.0,9005.0,20437.48046875,0.0,0,17946.41,428.4838630136985,341.4373662424656,87.04649677123285,0.6907945205480246,9005.0,100129923.8523496,100130074.00413042,150.15178082191778,11119.386341380392,11119.36966711267,0,
2015-05-27,8930.0,9015.0,20472.580078125,0.0,0,8928.214,73.36578082191772,58.46152244794514,14.904258373972585,0.0,0.0,100129982.31387205,100129982.31387205,0.0,inf,inf,0,
2015-05-28,9145.0,9085.0,20551.4609375,0.0,0,0.0,0.0,0.0,0.0,0.0,0.0,100129982.31387205,100129982.31387205,0.0,inf,inf,0,
2015-05-29,9035.0,9115.0,20563.150390625,0.0,0,0.0,0.0,0.0,0.0,0.0,0.0,100129982.31387205,100129982.31387205,0.0,inf,inf,0,
2015-06-01,9005.0,9080.0,20569.869140625,0.0,0,0.0,0.0,0.0,0.0,0.0,0.0,100129982.31387205,100129982.31387205,0.0,inf,inf,0,
2015-06-02,9140.0,9075.0,20543.189453125,9141.828,1,0.0,0.0,0.0,0.0,0.6961643835616087,9075.0,100129982.31387205,100129914.78970768,-67.52416438356116,11033.599425863105,11033.599425863105,0,
2015-06-03,8995.0,9015.0,20473.509765625,17993.597999999998,2,0.0,0.0,0.0,0.0,2.0746849315069085,27045.0,100129982.31387205,100129889.11702274,-93.19684931506615,3702.343838677121,3702.343838677121,0,
2015-06-04,9090.0,9020.0,20488.189453125,27275.453999999998,3,0.0,0.0,0.0,0.0,4.151671232876652,54120.0,100129982.31387205,100129684.51135151,-297.80252054794073,1850.14199023192,1850.14199023192,0,
2015-06-05,8975.0,9005.0,20460.900390625,44883.975,5,0.0,0.0,0.0,0.0,7.598739726027361,99055.0,100129982.31387205,100129727.93761177,-254.3762602739667,1010.8498100813869,1010.8498100813869,0,
2015-06-08,9085.0,8995.0,20457.189453125,45434.08499999999,5,0.0,0.0,0.0,0.0,11.040438356164486,143920.0,100129982.31387205,100129147.81217343,-834.501698630123,695.7278197065968,695.7278197065968,0,
2015-06-09,8885.0,8695.0,20096.30078125,53320.662,6,0.0,0.0,0.0,0.0,14.674301369863088,191290.0,100129982.31387205,100123182.47587205,-6799.8379999999825,523.4104369066447,523.4104369066447,0,
2015-06-10,8710.0,8655.0,20046.359375,139387.872,16,0.0,0.0,0.0,0.0,25.22991780821917,328890.0,100129982.31387205,100121369.37395425,-8612.939917808204,304.4220541030565,304.4220541030565,0,
2015-06-11,8765.0,8920.0,20382.970703125,149034.801,17,0.0,0.0,0.0,0.0,37.63506849315104,490600.0,100129982.31387205,100134006.93788575,4024.624013698638,204.1051914755111,204.09698800218518,0,
2015-06-12,8960.0,8935.0,20407.080078125,44808.96,5,295620.86400000006,7164.986835616459,5709.419759960976,1455.5670756554837,18.506465753424663,241245.0,100135691.73363201,100133989.76834434,-1701.9652876712146,415.07177254800865,415.07177254800865,0,
2015-06-15,8785.0,8920.0,20387.7890625,52720.542,6,0.0,0.0,0.0,0.0,22.581041095890896,294360.0,100135691.73363201,100134361.64530325,-1330.0883287671063,340.17652413814125,340.17652413814125,0,
2015-06-16,8870.0,8805.0,20257.939453125,62102.418,7,53209.356,484.70835616438205,386.23985360958784,98.46850255479421,22.965369863013166,299370.0,100136077.97348562,100130357.14943083,-5720.8240547945,334.4702446785945,334.4702446785945,0,
2015-06-17,8850.0,8775.0,20219.26953125,61962.39,7,0.0,0.0,0.0,0.0,27.599178082191656,359775.0,100136077.97348562,100128772.16025274,-7305.8132328766915,278.3094216114314,278.3094216114314,0,
2015-06-18,8755.0,8585.0,19990.8203125,70054.008,8,0.0,0.0,0.0,0.0,32.27019178082173,420665.0,100136077.97348562,100119575.88206096,-16502.091424657516,238.00310432781657,238.00310432781657,0,
2015-06-19,8705.0,8730.0,20174.240234375,165428.079,19,0.0,0.0,0.0,0.0,45.53950684931556,593640.0,100136077.97348562,100127077.26355411,-9000.709931506828,168.66632515254045,168.66632515254045,0,
2015-06-22,8725.0,8945.0,20428.189453125,104720.93999999999,12,0.0,0.0,0.0,0.0,54.895342465753174,715600.0,100136077.97348562,100144261.42821164,8183.454726027431,139.94446817804868,139.9330323832946,0,
2015-06-23,9050.0,9265.0,20809.419921875,36207.24,4,352879.41000000003,12626.271054794552,10061.244090013039,2565.026964781513,31.98328767123303,416925.0,100146139.21757562,100159661.58795919,13522.370383561667,240.23424258070202,240.20180900060112,0,
2015-06-24,9345.0,9340.0,20868.029296875,0.0,0,411097.76399999997,16847.88161643835,13425.2344660589,3422.6471503794505,0.7164931506849825,9340.0,100159564.45204169,100159750.98831566,186.53627397260323,10723.742075836793,10723.722104072986,0,
2015-06-25,9265.0,9265.0,20771.400390625,0.0,0,9263.147,109.68327397260407,87.40111686506955,22.282157107534516,0.0,0.0,100159651.85315855,100159651.85315855,0.0,inf,inf,0,
2015-06-26,9270.0,9220.0,20706.150390625,0.0,0,0.0,0.0,0.0,0.0,0.0,0.0,100159651.85315855,100159651.85315855,0.0,inf,inf,0,
2015-06-29,8800.0,8685.0,20109.94921875,8801.76,1,0.0,0.0,0.0,0.0,0.666246575342484,8685.0,100159651.85315855,100159534.42691198,-117.42624657534269,11532.473739425674,11532.473739425674,0,
2015-06-30,8730.0,8790.0,20235.73046875,157171.42799999999,18,0.0,0.0,0.0,0.0,12.811726027397299,167010.0,100159651.85315855,100160675.18718594,1023.3340273972748,599.7286101861322,599.7224828043743,0,
2015-07-01,8820.0,8880.0,20329.3203125,141148.224,16,0.0,0.0,0.0,0.0,23.842191780822077,310800.0,100159651.85315855,100163293.12099417,3641.2678356164656,322.27571789251664,322.26400210153975,0,
2015-07-02,9045.0,9020.0,20522.5,108561.70799999998,12,162777.43800000002,5581.610876712367,4447.706627108249,1133.9042496041172,20.06641095890427,261580.0,100164099.55978566,100167134.8803336,3035.3205479452336,382.93116782756175,382.91956403312815,0,
2015-07-03,8975.0,9050.0,20539.7890625,44883.975,5,152544.485,2569.81689041097,2047.7585891239812,522.0583012869886,11.802191780821886,153850.0,100166147.31837478,100166531.52984053,384.2114657534419,651.0661782895062,651.0636809774117,0,
2015-07-06,8760.0,8680.0,20112.119140625,43808.76,5,0.0,0.0,0.0,0.0,14.648986301369632,190960.0,100166147.31837478,100159818.12085423,-6329.19752054793,524.5067978679002,524.5067978679002,0,
2015-07-07,8875.0,8890.0,20376.58984375,97644.525,11,0.0,0.0,0.0,0.0,22.505095890410985,293370.0,100166147.31837478,100164561.09075834,-1586.2276164383352,341.4274162005602,341.4274162005602,0,
2015-07-08,8825.0,8365.0,19737.640625,35307.06,4,0.0,0.0,0.0,0.0,23.742849315067815,309505.0,100166147.31837478,100145365.28790903,-20782.0304657534,323.5662276470785,323.5662276470785,0,
2015-07-09,8030.0,8410.0,19855.5,176695.332,22,0.0,0.0,0.0,0.0,38.06389041095872,496190.0,100166147.31837478,100155316.89201862,-10830.426356164353,201.84872103834945,201.84872103834945,0,
2015-07-10,8395.0,8390.0,19779.830078125,167933.58000000002,20,184653.062,7943.536684931517,6329.807207387679,1613.7294775438377,36.686136986301335,478230.0,100172477.12558217,100152425.9584041,-20051.167178082185,209.42313522448214,209.42313522448214,0,
2015-07-13,8500.0,8635.0,20089.76953125,170033.99999999997,20,0.0,0.0,0.0,0.0,51.005643835616866,664895.0,100172477.12558217,100169005.95276025,-3471.1728219177717,150.6538715928985,150.6538715928985,0,
2015-07-14,8850.0,8870.0,20385.330078125,44258.850000000006,5,176964.59999999998,9004.899452054755,7175.554128369831,1829.3453236849234,42.18717808219162,549940.0,100179652.67971054,100184885.17025848,5232.490547945252,182.17421022340343,182.16469556626276,0,
2015-07-15,8940.0,8950.0,20463.330078125,17883.576,2,178764.24,8703.38301369865,6935.29075446577,1768.092259232881,30.209315068493197,393800.0,100186587.970465,100187827.53268418,1239.562219178099,254.41296986461194,254.40982216979432,0,
2015-07-16,9050.0,9070.0,20600.119140625,0.0,0,45240.950000000004,1405.651369863016,1120.0932940753444,285.5580757876717,27.13545205479477,353730.0,100187708.06375909,100192685.78915635,4977.725397260293,283.2462210984546,283.23214899431514,0,
2015-07-17,9105.0,9110.0,20650.919921875,0.0,0,182063.58000000002,4765.494260273976,3797.384101299318,968.1101589746582,13.278136986300979,173090.0,100191505.44786039,100193127.9808604,1622.5330000000165,578.8498930086105,578.8405190817516,0,
2015-07-21,9200.0,9285.0,20841.970703125,0.0,0,0.0,0.0,0.0,0.0,13.533205479452135,176415.0,100191505.44786039,100196439.44765492,4933.999794520564,567.9587305368303,567.9307623946966,0,
2015-07-22,9115.0,9065.0,20593.669921875,0.0,0,173150.36299999998,1669.3627945205549,1330.231742813704,339.1310517068507,0.0,0.0,100192835.6796032,100192835.6796032,0.0,inf,inf,0,
2015-07-23,9140.0,9130.0,20683.94921875,9141.828,1,0.0,0.0,0.0,0.0,0.7003835616437755,9130.0,100192835.6796032,100192823.15121964,-12.528383561643356,10974.022250955053,10974.022250955053,0,
2015-07-24,9065.0,9020.0,20544.529296875,9066.813,1,0.0,0.0,0.0,0.0,1.3838904109588839,18040.0,100192835.6796032,100192664.95432924,-170.72527397260237,5553.917126071466,5553.917126071466,0,
2015-07-27,8885.0,8850.0,20350.099609375,26660.331,3,0.0,0.0,0.0,0.0,3.3945205479449214,44250.0,100192835.6796032,100192211.22880869,-624.450794520546,2264.2307622329645,2264.2307622329645,0,
2015-07-28,8685.0,8845.0,20328.890625,69493.896,8,0.0,0.0,0.0,0.0,8.820767123287169,114985.0,100192835.6796032,100193443.51204155,607.8324383561732,871.3609906687094,871.3557044797426,0,
2015-07-29,8830.0,8790.0,20302.91015625,105981.192,12,70625.872,1126.547835616448,897.6896428109667,228.85819280548142,11.463123287670896,149430.0,100193733.369246,100192292.87072545,-1440.4985205479386,670.4965058604394,670.4965058604394,0,
2015-07-30,8930.0,9000.0,20522.830078125,89317.86,10,0.0,0.0,0.0,0.0,18.641095890410725,243000.0,100193733.369246,100196526.36962956,2793.00038356165,412.3313842371587,412.3198904084198,0,
2015-07-31,8975.0,9035.0,20585.240234375,35907.18,4,107678.45999999999,1680.891452054791,1339.4183535698603,341.4730984849308,13.168821917808145,171665.0,100195072.78759958,100196608.00770916,1535.2201095890423,583.6752279597423,583.6662848431514,0,
2015-08-03,9000.0,9010.0,20548.109375,18003.6,2,0.0,0.0,0.0,0.0,14.514739726027983,189210.0,100195072.78759958,100196134.89296944,1062.1053698630164,529.5498910891044,529.5442777210485,0,
2015-08-04,8925.0,8970.0,20520.359375,17853.57,2,0.0,0.0,0.0,0.0,15.826520547945165,206310.0,100195072.78759958,100195365.49644889,292.70884931507146,485.6544302091459,485.6530114274615,0,
2015-08-05,8960.0,9080.0,20614.060546875,17923.584,2,0.0,0.0,0.0,0.0,17.413698630137333,227000.0,100195072.78759958,100198114.49875027,3041.711150684935,441.4013854570496,441.3879858484563,0,
2015-08-06,9205.0,9115.0,20664.439453125,9206.841,1,138047.385,4161.788054794517,3316.3208114630106,845.4672433315061,7.691561643835939,100265.0,100198389.10841104,100199366.88394529,977.7755342465775,999.3454035201245,999.335651607351,0,
2015-08-07,9080.0,9180.0,20724.560546875,36327.263999999996,4,54469.10400000001,621.6757808219252,495.3823459479511,126.29343487397412,6.337972602739228,82620.0,100198884.49075699,100199731.0925378,846.6017808219237,1212.7781541096322,1212.7679071744976,0,
2015-08-10,9075.0,9230.0,20808.689453125,27230.445,3,18146.37,135.81142465753467,108.2213337383565,27.59009091917817,7.080547945205581,92300.0,100198992.71209073,100200292.34689894,1299.6348082191828,1085.5936332275076,1085.5795526770394,0,
2015-08-11,9330.0,9160.0,20720.75,18663.732,2,74625.072,1984.4822191780886,1581.33465635206,403.1475628260288,2.810739726027805,36640.0,100200574.04674707,100200187.72859639,-386.3181506849313,2734.721280802303,2734.721280802303,0,
2015-08-12,9095.0,8870.0,20392.76953125,36387.276,4,0.0,0.0,0.0,0.0,5.443506849314872,70960.0,100200574.04674707,100198115.00908954,-2459.0376575342443,1412.0365700266284,1412.0365700266284,0,
2015-08-13,8895.0,9050.0,20595.55078125,124554.906,14,0.0,0.0,0.0,0.0,15.273424657534179,199100.0,100200574.04674707,100201684.82966489,1110.7829178082186,503.273153338347,503.26757431816714,0,
2015-08-14,8975.0,8990.0,20519.44921875,62837.565,7,125624.87,1060.244547945198,844.8558680301311,215.38867991506697,10.344657534246835,134850.0,100201418.90261512,100199996.40132745,-1422.501287671233,743.0478042367627,743.0478042367627,0,
2015-08-17,9050.0,9065.0,20620.259765625,90518.09999999999,10,0.0,0.0,0.0,0.0,17.38493150684917,226625.0,100201418.90261512,100201235.91639593,-182.98621917807367,442.1455528577868,442.1455528577868,0,
2015-08-18,9085.0,9005.0,20554.470703125,72694.536,8,0.0,0.0,0.0,0.0,22.796219178082538,297165.0,100201418.90261512,100199058.58417676,-2360.3184383561484,337.18324359926896,337.18324359926896,0,
2015-08-19,8945.0,8725.0,20222.630859375,393658.716,44,0.0,0.0,0.0,0.0,51.53726027397306,671825.0,100201418.90261512,100180008.33091648,-21410.571698630134,149.1162257000208,149.1162257000208,1,
2015-08-20,8700.0,8570.0,20033.51953125,652630.5,75,0.0,0.0,0.0,0.0,99.92854794520508,1302640.0,100201418.90261512,100158092.90236855,-43326.000246575335,76.88854395870581,76.88854395870581,2,
2015-08-21,8260.0,8070.0,19435.830078125,652670.508,79,0.0,0.0,0.0,0.0,143.00482191780839,1864170.0,100201418.90261512,100066809.38954662,-134609.5130684932,53.679014998388894,53.679014998388894,2,
2015-08-24,7745.0,7350.0,18540.6796875,883106.586,114,0.0,0.0,0.0,0.0,194.52328767123208,2535750.0,100201418.90261512,99855088.28025895,-346330.62235616444,39.378916801837306,39.378916801837306,3,
2015-08-25,6900.0,6750.0,17806.69921875,759151.8,110,0.0,0.0,0.0,0.0,235.60273972602818,3071250.0,100201418.90261512,99631200.87751922,-570218.0250958904,32.4399514456717,32.4399514456717,4,
2015-08-26,6735.0,7145.0,18376.830078125,215563.104,32,0.0,0.0,0.0,0.0,266.92936986301265,3479615.0,100201418.90261512,99823735.84414937,-377683.0584657535,28.68815539769468,28.68815539769468,5,
2015-08-27,7430.0,7280.0,18574.439453125,282396.468,38,0.0,0.0,0.0,0.0,293.19452054794465,3822000.0,100201418.90261512,99883431.18162881,-317987.7209863014,26.13381244940576,26.13381244940576,6,
2015-08-28,7625.0,7740.0,19136.3203125,762652.5,100,243951.2,28352.685589041117,22592.837511627415,5759.848077413702,352.09578082191865,4589820.0,100224011.74012674,100126437.93777058,-97573.80235616445,21.814894252447935,21.814894252447935,4,
2015-08-31,7630.0,7520.0,18890.48046875,579995.976,76,839132.14,79736.34493150681,63537.906458671205,16198.438472835609,322.4740821917803,4203680.0,100287549.6465854,99982913.18921554,-304636.457369863,23.784615667514068,23.784615667514068,4,
2015-09-01,7410.0,6980.0,18165.689453125,7411.482,1,0.0,0.0,0.0,0.0,299.8531506849331,3908800.0,100287549.6465854,99680321.85406485,-607227.792520548,25.50151500564492,25.50151500564492,4,
2015-09-02,6750.0,6920.0,18095.400390625,0.0,0,0.0,0.0,0.0,0.0,297.27561643835634,3875200.0,100287549.6465854,99646424.57844841,-641125.0681369865,25.713879174867984,25.713879174867984,5,
2015-09-03,7150.0,6985.0,18182.390625,0.0,0,0.0,0.0,0.0,0.0,300.0679452054774,3911600.0,100287549.6465854,99682524.51050322,-605025.1360821918,25.483823629845386,25.483823629845386,7,
2015-09-04,7060.0,6670.0,17792.16015625,0.0,0,0.0,0.0,0.0,0.0,286.535890410958,3735200.0,100287549.6465854,99505837.9746128,-781711.671972603,26.64002944276419,26.64002944276419,7,
2015-09-07,6610.0,6735.0,17860.470703125,0.0,0,0.0,0.0,0.0,0.0,289.3282191780809,3771600.0,100287549.6465854,99541948.64639363,-745601.0001917809,26.392498845687143,26.392498845687143,8,
2015-09-08,6780.0,6410.0,17427.080078125,0.0,0,0.0,0.0,0.0,0.0,275.3665753424657,3589600.0,100287549.6465854,99359673.27981828,-927876.3667671233,27.679873322882294,27.679873322882294,8,
2015-09-09,6850.0,7325.0,18770.509765625,0.0,0,0.0,0.0,0.0,0.0,314.6739726027399,4102000.0,100287549.6465854,99871758.60584567,-415791.0407397261,24.347088884896557,24.347088884896557,8,
2015-09-10,6915.0,7020.0,18299.619140625,0.0,0,0.0,0.0,0.0,0.0,301.57150684931275,3931200.0,100287549.6465854,99700657.03433883,-586892.6122465753,25.361379994489933,25.361379994489933,7,
2015-09-11,6870.0,6985.0,18264.220703125,0.0,0,0.0,0.0,0.0,0.0,300.0679452054774,3911600.0,100287549.6465854,99680756.96639362,-606792.6801917809,25.48337175743778,25.48337175743778,7,
2015-09-14,7045.0,6760.0,17965.69921875,0.0,0,0.0,0.0,0.0,0.0,290.40219178082134,3785600.0,100287549.6465854,99554466.56420185,-733083.0823835616,26.29820017017166,26.29820017017166,8,
2015-09-15,6835.0,6800.0,18026.48046875,0.0,0,0.0,0.0,0.0,0.0,292.12054794520736,3808000.0,100287549.6465854,99576574.4436539,-710975.202931507,26.149310515665412,26.149310515665412,8,
2015-09-16,6960.0,6920.0,18171.599609375,0.0,0,0.0,0.0,0.0,0.0,297.27561643835634,3875200.0,100287549.6465854,99643477.16803746,-644072.4785479453,25.713118592082335,25.713118592082335,8,
2015-09-17,7065.0,7115.0,18432.26953125,0.0,0,0.0,0.0,0.0,0.0,305.6526027397258,3984400.0,100287549.6465854,99752371.51543473,-535178.131150685,25.03573223457352,25.03573223457352,8,
2015-09-18,6990.0,6865.0,18070.2109375,0.0,0,0.0,0.0,0.0,0.0,294.9128767123293,3844400.0,100287549.6465854,99612076.602558,-675473.0440273974,25.910955312287484,25.910955312287484,7,
2015-09-24,6630.0,6480.0,17571.830078125,0.0,0,0.0,0.0,0.0,0.0,278.37369863013737,3628800.0,100287549.6465854,99396198.22885938,-891351.4177260275,27.39092764243259,27.39092764243259,8,
2015-09-25,6495.0,6650.0,17880.509765625,0.0,0,0.0,0.0,0.0,0.0,285.67671232876455,3724000.0,100287549.6465854,99491112.55214705,-796437.0944383563,26.716195636989003,26.716195636989003,8,
2015-09-28,6690.0,6615.0,17645.109375,0.0,0,0.0,0.0,0.0,0.0,284.1731506849337,3704400.0,100287549.6465854,99471228.37899636,-816321.267589041,26.85218345184007,26.85218345184007,8,
2015-09-29,6345.0,6055.0,16930.83984375,0.0,0,0.0,0.0,0.0,0.0,260.1161643835603,3390800.0,100287549.6465854,99157368.26283199,-1130181.3837534247,29.243060122340445,29.243060122340445,8,
2015-09-30,6250.0,6335.0,17388.150390625,0.0,0,0.0,0.0,0.0,0.0,272.1446575342452,3547600.0,100287549.6465854,99313896.11817445,-973653.5284109588,27.99467136040547,27.99467136040547,8,
2015-10-01,6450.0,6640.0,17722.419921875,0.0,0,0.0,0.0,0.0,0.0,285.2471232876687,3718400.0,100287549.6465854,99484410.87105116,-803138.7755342468,26.754628569021936,26.754628569021936,8,
2015-10-02,6495.0,6615.0,17725.130859375,0.0,0,0.0,0.0,0.0,0.0,284.1731506849337,3704400.0,100287549.6465854,99470126.69790047,-817422.9486849316,26.851886053855004,26.851886053855004,8,
2015-10-05,6765.0,6825.0,18005.490234375,0.0,0,0.0,0.0,0.0,0.0,293.194520547946,3822000.0,100287549.6465854,99587433.50337993,-700116.1432054795,26.05636669371531,26.05636669371531,7,
2015-10-06,7075.0,6920.0,18186.099609375,0.0,0,0.0,0.0,0.0,0.0,297.27561643835725,3875200.0,100287549.6465854,99640336.22776349,-647213.4188219178,25.712308068683807,25.712308068683807,7,
2015-10-07,6950.0,7090.0,18322.98046875,0.0,0,0.0,0.0,0.0,0.0,304.57863013698625,3970400.0,100287549.6465854,99735231.64913335,-552317.9974520549,25.11969364525825,25.11969364525825,7,
2015-10-08,7065.0,6915.0,18141.169921875,0.0,0,0.0,0.0,0.0,0.0,297.0608219178084,3872400.0,100287549.6465854,99636934.58831143,-650615.0582739727,25.73002132742264,25.73002132742264,7,
2015-10-09,6975.0,7160.0,18438.669921875,0.0,0,0.0,0.0,0.0,0.0,307.58575342465883,4009600.0,100287549.6465854,99773827.00255801,-513722.6440273973,24.883735784756087,24.883735784756087,7,
2015-10-13,7090.0,7035.0,18234.740234375,0.0,0,0.0,0.0,0.0,0.0,302.2158904109601,3939600.0,100287549.6465854,99703524.7866676,-584024.8599178082,25.308032487223983,25.308032487223983,7,
2015-10-14,6915.0,6750.0,17891.0,0.0,0,0.0,0.0,0.0,0.0,289.9726027397228,3780000.0,100287549.6465854,99543634.81406486,-743914.832520548,26.334294924355785,26.334294924355785,7,
2015-10-15,6665.0,6885.0,18096.900390625,0.0,0,0.0,0.0,0.0,0.0,295.7720547945228,3855600.0,100287549.6465854,99618939.04201007,-668610.6045753426,25.837467331157296,25.837467331157296,7,
2015-10-16,7035.0,7025.0,18291.80078125,0.0,0,0.0,0.0,0.0,0.0,301.7863013698625,3934000.0,100287549.6465854,99697037.2557087,-590512.3908767123,25.342409063474502,25.342409063474502,7,
2015-10-19,7050.0,6930.0,18131.23046875,0.0,0,0.0,0.0,0.0,0.0,297.70520547945307,3880800.0,100287549.6465854,99643539.55050321,-644010.0960821919,25.676030599490623,25.676030599490623,7,
2015-10-20,7015.0,6990.0,18207.150390625,0.0,0,0.0,0.0,0.0,0.0,300.282739726028,3914400.0,100287549.6465854,99676839.26776348,-610710.3788219178,25.464142465707,25.464142465707,7,
2015-10-21,6950.0,7230.0,18554.279296875,0.0,0,0.0,0.0,0.0,0.0,310.5928767123314,4048800.0,100287549.6465854,99810928.67488678,-476620.97169863014,24.65197803667427,24.65197803667427,7,
2015-10-22,7145.0,7160.0,18435.869140625,0.0,0,0.0,0.0,0.0,0.0,307.58575342465883,4009600.0,100287549.6465854,99771421.08913335,-516128.5574520548,24.883135746491757,24.883135746491757,7,
2015-10-23,7460.0,7460.0,18825.30078125,0.0,0,0.0,0.0,0.0,0.0,320.47342465753354,4177600.0,100287549.6465854,99939100.6157087,-348449.0308767124,23.92261121593946,23.92261121593946,7,
2015-10-26,7625.0,7545.0,18947.119140625,0.0,0,0.0,0.0,0.0,0.0,324.1249315068526,4225200.0,100287549.6465854,99986376.49077718,-301173.1558082193,23.664294350747227,23.664294350747227,7,
2015-10-27,7555.0,7420.0,18777.0390625,0.0,0,0.0,0.0,0.0,0.0,318.7550684931539,4155200.0,100287549.6465854,99916057.7357087,-371491.91087671247,24.0460285270766,24.0460285270766,7,
2015-10-28,7465.0,7505.0,18903.01953125,0.0,0,0.0,0.0,0.0,0.0,322.4065753424675,4202800.0,100287549.6465854,99963335.32913335,-324214.3174520548,23.784937500983474,23.784937500983474,7,
2015-10-29,7650.0,7525.0,18935.7109375,0.0,0,0.0,0.0,0.0,0.0,323.2657534246555,4214000.0,100287549.6465854,99974212.06337993,-313337.58320547955,23.724302815230168,23.724302815230168,7,
2015-10-30,7520.0,7665.0,19083.099609375,0.0,0,0.0,0.0,0.0,0.0,329.2799999999934,4292400.0,100287549.6465854,100052282.78337993,-235266.86320547946,23.309170343719114,23.309170343719114,7,
2015-11-02,7465.0,7410.0,18683.240234375,0.0,0,0.0,0.0,0.0,0.0,318.32547945205806,4149600.0,100287549.6465854,99909164.45790048,-378385.18868493155,24.07681811690295,24.07681811690295,7,
2015-11-04,7585.0,7550.0,18926.91015625,0.0,0,0.0,0.0,0.0,0.0,324.33972602740323,4228000.0,100287549.6465854,99987240.11817445,-300309.52841095894,23.64882689644618,23.64882689644618,7,
2015-11-05,7605.0,7685.0,19116.41015625,0.0,0,0.0,0.0,0.0,0.0,330.1391780821905,4303600.0,100287549.6465854,100062509.97899637,-225039.66758904117,23.250885300445294,23.250885300445294,7,
2015-11-06,7740.0,7800.0,19265.599609375,0.0,0,0.0,0.0,0.0,0.0,335.079452054797,4368000.0,100287549.6465854,100126574.89954431,-160974.74704109592,22.92275066381509,22.92275066381509,7,
2015-11-09,7945.0,8100.0,19642.740234375,0.0,0,309793.02900000004,18996.827821917832,15137.622249895223,3859.2055720226076,323.7336986301416,4220100.0,100302687.2688353,100284284.98927367,-18402.27956164389,23.763485459888077,23.763485459888077,7,
2015-11-10,7960.0,8125.0,19671.259765625,0.0,0,2307938.32,74599.29230136989,59444.4460703466,15154.846231023294,143.97945205479118,1876875.0,100362131.71490565,100233699.48359059,-128432.23131506852,53.40456848942556,53.40456848942556,9,
2015-11-11,8080.0,8150.0,19691.390625,0.0,0,0.0,0.0,0.0,0.0,144.4224657534287,1882650.0,100362131.71490565,100239330.06112483,-122801.65378082196,53.24374156700652,53.24374156700652,9,
2015-11-12,8095.0,8145.0,19697.76953125,0.0,0,0.0,0.0,0.0,0.0,144.33386301370047,1881495.0,100362131.71490565,100238030.72726181,-124100.98764383564,53.275735905363454,53.275735905363454,9,
2015-11-13,8000.0,8055.0,19596.91015625,0.0,0,0.0,0.0,0.0,0.0,142.7390136986287,1860705.0,100362131.71490565,100217097.98824811,-145033.72665753428,53.859745627731485,53.859745627731485,9,
2015-11-16,7790.0,7885.0,19393.689453125,0.0,0,0.0,0.0,0.0,0.0,139.72652054794162,1821435.0,100362131.71490565,100177688.26172757,-184443.4531780822,54.9993210088351,54.9993210088351,9,
2015-11-17,8110.0,8110.0,19630.630859375,8111.621999999999,1,0.0,0.0,0.0,0.0,144.33578082192616,1881520.0,100362131.71490565,100229517.30394675,-132614.41095890413,53.27050326541666,53.27050326541666,9,
2015-11-18,8215.0,8115.0,19649.1796875,0.0,0,0.0,0.0,0.0,0.0,144.42476712329153,1882680.0,100362131.71490565,100230532.87917963,-131598.83572602744,53.23822045126077,53.23822045126077,9,
2015-11-19,8280.0,8280.0,19859.810546875,0.0,0,0.0,0.0,0.0,0.0,147.36131506850143,1920960.0,100362131.71490565,100268665.51786456,-93466.1970410959,52.197164708200354,52.197164708200354,9,
2015-11-20,8230.0,8265.0,19879.810546875,0.0,0,0.0,0.0,0.0,0.0,147.09435616437622,1917480.0,100362131.71490565,100265038.42350839,-97093.29139726028,52.29000481022404,52.29000481022404,9,
2015-11-24,8300.0,8335.0,19924.890625,0.0,0,0.0,0.0,0.0,0.0,148.34016438356412,1933720.0,100362131.71490565,100281130.08334401,-81001.63156164387,51.85917820746748,51.85917820746748,9,
2015-11-25,8285.0,8265.0,19847.580078125,0.0,0,0.0,0.0,0.0,0.0,147.09435616437622,1917480.0,100362131.71490565,100264742.98898785,-97388.72591780825,52.28985073585532,52.28985073585532,9,
2015-11-26,8325.0,8345.0,19944.41015625,0.0,0,0.0,0.0,0.0,0.0,148.51813698630576,1936040.0,100362131.71490565,100283154.47085086,-78977.24405479456,51.7980798283356,51.7980798283356,9,
2015-11-27,8385.0,8290.0,19883.939453125,0.0,0,0.0,0.0,0.0,0.0,147.5392876712358,1923280.0,100362131.71490565,100270246.93156318,-91884.78334246577,52.13502294598976,52.13502294598976,9,
2015-11-30,8285.0,8190.0,19747.470703125,0.0,0,0.0,0.0,0.0,0.0,145.7595616438266,1900080.0,100362131.71490565,100246901.17200154,-115230.5429041096,52.75930548819078,52.75930548819078,9,
2015-12-01,8245.0,8365.0,20012.400390625,0.0,0,0.0,0.0,0.0,0.0,148.87408219178542,1940680.0,100362131.71490565,100287352.29791935,-74779.4169863014,51.67639811711325,51.67639811711325,9,
2015-12-02,8345.0,8355.0,19938.130859375,0.0,0,0.0,0.0,0.0,0.0,148.6961095890365,1938360.0,100362131.71490565,100284883.60180975,-77248.11309589045,51.73697538218378,51.73697538218378,9,
2015-12-03,8310.0,8330.0,19939.900390625,0.0,0,0.0,0.0,0.0,0.0,148.2511780821951,1932560.0,100362131.71490565,100278935.35063168,-83196.36427397263,51.889170504735525,51.889170504735525,9,
2015-12-04,8075.0,8015.0,19504.48046875,0.0,0,0.0,0.0,0.0,0.0,142.6450410958896,1859480.0,100362131.71490565,100205712.70559058,-156419.00931506854,53.88910486027845,53.88910486027845,9,
2015-12-07,8165.0,8140.0,19698.150390625,146999.394,18,0.0,0.0,0.0,0.0,156.10958904109066,2035000.0,100362131.71490565,100234077.20200154,-128054.51290410961,49.25507479213835,49.25507479213835,9,
2015-12-08,8140.0,7995.0,19492.599609375,0.0,0,0.0,0.0,0.0,0.0,153.32876712328653,1998750.0,100362131.71490565,100197673.87323442,-164457.84167123292,50.130168291799585,50.130168291799585,9,
2015-12-09,7915.0,7860.0,19301.0703125,277080.40499999997,35,0.0,0.0,0.0,0.0,171.84328767123225,2240100.0,100362131.71490565,100161771.62494674,-200360.0899589041,44.71308049861468,44.71308049861468,9,
2015-12-10,7720.0,7735.0,19046.55078125,0.0,0,0.0,0.0,0.0,0.0,169.11041095890687,2204475.0,100362131.71490565,100125977.51453578,-236154.200369863,45.419420730348854,45.419420730348854,7,
2015-12-11,7755.0,7870.0,19230.48046875,23269.653,3,0.0,0.0,0.0,0.0,173.87309589041251,2266560.0,100362131.71490565,100164618.9884399,-197512.72646575343,44.192352723263404,44.192352723263404,7,
2015-12-14,7445.0,7500.0,18883.419921875,0.0,0,0.0,0.0,0.0,0.0,165.6986301369834,2160000.0,100362131.71490565,100057893.28980976,-304238.4250958904,46.323098745282294,46.323098745282294,7,
2015-12-15,7480.0,7240.0,18565.900390625,22444.488,3,0.0,0.0,0.0,0.0,161.62060273973475,2106840.0,100362131.71490565,99982127.18120702,-380004.5336986301,47.45596589261976,47.45596589261976,7,
2015-12-16,7470.0,7580.0,19049.91015625,119543.904,16,0.0,0.0,0.0,0.0,178.51419178082506,2327060.0,100362131.71490565,100082624.76301524,-279506.951890411,43.008184044680945,43.008184044680945,7,
2015-12-17,7865.0,7810.0,19353.560546875,0.0,0,0.0,0.0,0.0,0.0,183.93084931506746,2397670.0,100362131.71490565,100153050.83216593,-209080.88273972602,41.77099051669576,41.77099051669576,7,
2015-12-18,7785.0,7545.0,18986.80078125,0.0,0,147885.41700000002,5872.927356164392,4679.842163759596,1193.085192404796,166.69282191781895,2172960.0,100366811.5570694,100074866.47115159,-291945.0859178083,46.05462892605091,46.05462892605091,7,
2015-12-21,7415.0,7485.0,18916.01953125,0.0,0,0.0,0.0,0.0,0.0,165.36723287670975,2155680.0,100366811.5570694,100057421.10391872,-309390.45315068495,46.41571156383077,46.41571156383077,7,
2015-12-22,7470.0,7450.0,18886.69921875,0.0,0,0.0,0.0,0.0,0.0,164.59397260274272,2145600.0,100366811.5570694,100047176.50994612,-319635.0471232877,46.62899725482202,46.62899725482202,7,
2015-12-24,7595.0,7365.0,18789.689453125,0.0,0,0.0,0.0,0.0,0.0,162.7160547945241,2121120.0,100366811.5570694,100022533.79389133,-344277.7631780822,47.15552811434116,47.15552811434116,7,
2015-12-25,7385.0,7335.0,18769.060546875,0.0,0,0.0,0.0,0.0,0.0,162.0532602739804,2112480.0,100366811.5570694,100013731.74063104,-353079.8164383562,47.34422656812421,47.34422656812421,7,
2015-12-28,7420.0,7440.0,18873.349609375,0.0,0,0.0,0.0,0.0,0.0,164.37304109588877,2142720.0,100366811.5570694,100043807.36758995,-323004.1894794521,46.690098271164665,46.690098271164665,7,
2015-12-29,7425.0,7525.0,18982.23046875,0.0,0,0.0,0.0,0.0,0.0,166.25095890411467,2167200.0,100366811.5570694,100068121.11663105,-298690.4404383562,46.173920781022076,46.173920781022076,7,
2015-12-30,7600.0,7550.0,19033.7109375,0.0,0,0.0,0.0,0.0,0.0,166.80328767123865,2174400.0,100366811.5570694,100075154.31334338,-291657.2437260274,46.02426154955085,46.02426154955085,7,
2016-01-04,7405.0,7110.0,18450.98046875,0.0,0,0.0,0.0,0.0,0.0,157.08230136986822,2047680.0,100366811.5570694,99948277.23104201,-418534.3260273973,48.81049638177939,48.81049638177939,7,
2016-01-05,7075.0,7040.0,18374.0,0.0,0,0.0,0.0,0.0,0.0,155.5357808219269,2027520.0,100366811.5570694,99927961.69526118,-438849.8618082192,49.28580812779217,49.28580812779217,7,
2016-01-06,7055.0,6910.0,18191.3203125,0.0,0,0.0,0.0,0.0,0.0,152.66367123287637,1990080.0,100366811.5570694,99890369.03158996,-476442.52547945204,50.194147487332145,50.194147487332145,7,
2016-01-07,6860.0,6585.0,17767.33984375,75475.092,11,0.0,0.0,0.0,0.0,151.04005479451735,1968915.0,100366811.5570694,99793577.89953516,-573233.6575342467,50.684553624476,50.684553624476,7,
2016-01-08,6460.0,6550.0,17697.9609375,142148.424,22,0.0,0.0,0.0,0.0,161.29150684930937,2102550.0,100366811.5570694,99784903.18402831,-581908.373041096,47.45899178808034,47.45899178808034,7,
2016-01-12,6390.0,6190.0,17218.9609375,146999.394,23,0.0,0.0,0.0,0.0,163.34816438356575,2129360.0,100366811.5570694,99664550.44186392,-702261.1152054794,46.80493220585712,46.80493220585712,7,
2016-01-13,6355.0,6525.0,17715.630859375,146194.233,23,0.0,0.0,0.0,0.0,183.70109589041022,2394675.0,100366811.5570694,99783487.50776803,-583324.04930137,41.668906013454034,41.668906013454034,7,
2016-01-14,6125.0,6180.0,17240.94921875,30631.124999999996,5,0.0,0.0,0.0,0.0,176.35857534245952,2298960.0,100366811.5570694,99656965.02419269,-709846.5328767124,43.34871638662382,43.34871638662382,7,
2016-01-15,6410.0,6100.0,17147.109375,121814.35800000001,19,0.0,0.0,0.0,0.0,182.96657534246697,2385100.0,100366811.5570694,99621107.69961736,-745703.8574520547,41.76810519459031,41.76810519459031,7,
2016-01-18,5800.0,5970.0,16955.5703125,98619.72,17,0.0,0.0,0.0,0.0,186.8528219178079,2435760.0,100366811.5570694,99572961.12679543,-793850.4302739727,40.87962735523838,40.87962735523838,7,
2016-01-19,5935.0,6045.0,17048.369140625,124659.927,21,0.0,0.0,0.0,0.0,198.93846575342468,2593305.0,100366811.5570694,99605647.26132968,-761164.2957397262,38.40876690606376,38.40876690606376,7,
2016-01-20,6010.0,5595.0,16416.189453125,54100.818,9,0.0,0.0,0.0,0.0,187.99200000000565,2450610.0,100366811.5570694,99408663.45132968,-958148.1057397261,40.56486485051872,40.56486485051872,7,
2016-01-21,5645.0,5325.0,16017.259765625,146799.354,26,0.0,0.0,0.0,0.0,189.5408219177989,2470800.0,100366811.5570694,99281864.55650777,-1084947.0005616436,40.18207242856879,40.18207242856879,7,
2016-01-22,5675.0,5930.0,16958.529296875,147579.51,26,0.0,0.0,0.0,0.0,222.90301369862573,2905700.0,100366811.5570694,99568962.14349407,-797849.4135753423,34.26677294403898,34.26677294403898,7,
2016-01-25,6080.0,6045.0,17110.91015625,0.0,0,0.0,0.0,0.0,0.0,227.22575342466007,2962050.0,100366811.5570694,99625084.91774064,-741726.6393287671,33.633829583477876,33.633829583477876,7,
2016-01-26,5800.0,5755.0,16708.900390625,0.0,0,150769.84,3935.9807945205525,3136.3862961137024,799.5944984068502,204.84646575342776,2670320.0,100369947.94336553,99483120.31677648,-886827.626589041,37.255130589883045,37.255130589883045,7,
2016-01-27,5990.0,6060.0,17163.919921875,0.0,0,0.0,0.0,0.0,0.0,215.70279452055183,2811840.0,100369947.94336553,99624424.61398196,-745523.3293835615,35.4303319584265,35.4303319584265,7,
2016-01-28,5975.0,6000.0,17041.44921875,0.0,0,0.0,0.0,0.0,0.0,213.56712328767026,2784000.0,100369947.94336553,99596371.04685868,-773576.8965068493,35.774558565682,35.774558565682,7,
2016-01-29,6030.0,6355.0,17518.30078125,0.0,0,0.0,0.0,0.0,0.0,226.20317808219625,2948720.0,100369947.94336553,99760864.84368059,-609083.0996849313,33.83192193347642,33.83192193347642,7,
2016-02-01,6525.0,6575.0,17865.23046875,0.0,0,280518.885,34170.51626027397,27228.775881999318,6941.740378274657,212.3454794520585,2768075.0,100397176.71924752,99853584.64282286,-543592.0764246576,36.07329448906654,36.07329448906654,7,
2016-02-02,6435.0,6490.0,17750.6796875,0.0,0,193011.39,14117.461273972605,11249.499016165071,2867.962257807535,194.66443835616155,2537590.0,100408426.21826369,99813048.4061267,-595377.8121369864,39.33379639978353,39.33379639978353,7,
2016-02-03,6240.0,6085.0,17191.25,0.0,0,0.0,0.0,0.0,0.0,182.51665753424095,2379235.0,100408426.21826369,99654510.88946916,-753915.3287945207,41.88510630075178,41.88510630075178,7,
2016-02-04,5975.0,5965.0,17044.990234375,0.0,0,0.0,0.0,0.0,0.0,178.91731506849828,2332315.0,100408426.21826369,99607411.9721541,-801014.2461095892,42.70752963135515,42.70752963135515,7,
2016-02-05,5790.0,5820.0,16819.58984375,0.0,0,0.0,0.0,0.0,0.0,174.5681095890468,2275620.0,100408426.21826369,99550542.40404451,-857883.8142191779,43.74655803870792,43.74655803870792,7,
2016-02-08,5670.0,5945.0,17004.30078125,0.0,0,0.0,0.0,0.0,0.0,178.31742465753632,2324495.0,100408426.21826369,99599239.08661985,-809187.1316438356,42.847689105212034,42.847689105212034,7,
2016-02-09,5485.0,5310.0,16085.4404296875,0.0,0,0.0,0.0,0.0,0.0,159.27090410959136,2076210.0,100408426.21826369,99350794.81571575,-1057631.4025479453,47.851997059890735,47.851997059890735,7,
2016-02-10,5345.0,5025.0,15713.3896484375,0.0,0,0.0,0.0,0.0,0.0,150.72246575342433,1964775.0,100408426.21826369,99239209.09324999,-1169217.1250136986,50.5091977927498,50.5091977927498,7,
2016-02-12,4605.0,4565.0,14952.6103515625,0.0,0,0.0,0.0,0.0,0.0,136.9249863013647,1784915.0,100408426.21826369,99059212.16826369,-1349214.0500000003,55.497999718901845,55.497999718901845,7,
2016-02-15,4940.0,5200.0,16022.580078125,0.0,0,0.0,0.0,0.0,0.0,155.9715068493133,2033200.0,100408426.21826369,99307341.19675684,-1101085.0215068494,48.84287881013026,48.84287881013026,7,
2016-02-16,5095.0,5210.0,16054.4296875,0.0,0,0.0,0.0,0.0,0.0,156.27145205479974,2037110.0,100408426.21826369,99311094.92530479,-1097331.292958904,48.750973155747495,48.750973155747495,7,
2016-02-17,5175.0,5080.0,15836.3603515625,0.0,0,0.0,0.0,0.0,0.0,152.37216438356336,1986280.0,100408426.21826369,99260112.5531404,-1148313.6651232876,49.97287016590833,49.97287016590833,7,
2016-02-18,5375.0,5300.0,16196.7998046875,0.0,0,0.0,0.0,0.0,0.0,158.97095890410492,2072300.0,100408426.21826369,99345973.5821815,-1062452.6360821917,47.93995733348526,47.93995733348526,7,
2016-02-19,5175.0,5170.0,15967.169921875,0.0,0,0.0,0.0,0.0,0.0,155.07167123287218,2021470.0,100408426.21826369,99294988.51051027,-1113437.7077534245,49.12018902606037,49.12018902606037,7,
2016-02-22,5065.0,5240.0,16111.0498046875,0.0,0,0.0,0.0,0.0,0.0,157.17128767122995,2048840.0,100408426.21826369,99322201.3392226,-1086224.879041096,48.477285361093394,48.477285361093394,7,
2016-02-23,5325.0,5210.0,16052.0498046875,0.0,0,0.0,0.0,0.0,0.0,156.27145205479974,2037110.0,100408426.21826369,99310315.06777054,-1098111.1504931506,48.75059033030644,48.75059033030644,7,
2016-02-24,5080.0,5115.0,15915.7900390625,0.0,0,0.0,0.0,0.0,0.0,153.42197260274042,1999965.0,100408426.21826369,99273016.64579794,-1135409.5724657532,49.637376976996066,49.637376976996066,7,
2016-02-25,5165.0,5295.0,16140.33984375,0.0,0,0.0,0.0,0.0,0.0,158.82098630136534,2070345.0,100408426.21826369,99343237.82481164,-1065188.3934520548,47.98390501332466,47.98390501332466,7,
2016-02-26,5400.0,5310.0,16188.41015625,0.0,0,0.0,0.0,0.0,0.0,159.27090410959136,2076210.0,100408426.21826369,99348943.55390753,-1059482.6643561642,47.85110540547802,47.85110540547802,7,
2016-02-29,5410.0,5215.0,16026.759765625,0.0,0,0.0,0.0,0.0,0.0,156.42142465754296,2039065.0,100408426.21826369,99311642.13248286,-1096784.0857808222,48.70450041194511,48.70450041194511,7,
2016-03-01,5185.0,5235.0,16085.509765625,0.0,0,0.0,0.0,0.0,0.0,157.021315068494,2046885.0,100408426.21826369,99319305.11116779,-1089121.10709589,48.522171549045396,48.522171549045396,7,
2016-03-02,5520.0,5655.0,16746.55078125,0.0,0,0.0,0.0,0.0,0.0,169.61901369863335,2211105.0,100408426.21826369,99483355.49215409,-925070.7261095891,44.99259668453289,44.99259668453289,7,
2016-03-03,5635.0,5810.0,16960.16015625,0.0,0,0.0,0.0,0.0,0.0,174.268164383564,2271710.0,100408426.21826369,99543786.22398971,-864639.9942739728,43.81887926891624,43.81887926891624,7,
2016-03-04,5785.0,5845.0,17014.779296875,0.0,0,0.0,0.0,0.0,0.0,175.3179726027447,2285395.0,100408426.21826369,99557295.90601711,-851130.3122465754,43.5624020819233,43.5624020819233,7,
2016-03-07,5860.0,5775.0,16911.3203125,0.0,0,0.0,0.0,0.0,0.0,173.2183561643833,2258025.0,100408426.21826369,99529752.68766095,-878673.5306027398,44.07823327361785,44.07823327361785,7,
2016-03-08,5760.0,5675.0,16783.150390625,0.0,0,0.0,0.0,0.0,0.0,170.21890410958804,2218925.0,100408426.21826369,99490482.46875684,-917943.7495068493,44.837244372277944,44.837244372277944,7,
2016-03-09,5580.0,5595.0,16642.19921875,0.0,0,0.0,0.0,0.0,0.0,167.81934246575838,2187645.0,100408426.21826369,99459034.64941438,-949391.5688493153,45.46397365633564,45.46397365633564,7,
2016-03-10,5705.0,5725.0,16852.349609375,0.0,0,0.0,0.0,0.0,0.0,171.71863013699112,2238475.0,100408426.21826369,99509692.93078424,-898733.2874794519,44.454234660107545,44.454234660107545,7,
2016-03-11,5575.0,5790.0,16938.869140625,0.0,0,0.0,0.0,0.0,0.0,173.66827397258385,2263890.0,100408426.21826369,99534934.26251025,-873491.9557534247,43.96632975211263,43.96632975211263,7,
2016-03-14,5940.0,5990.0,17233.75,0.0,0,0.0,0.0,0.0,0.0,179.66717808219255,2342090.0,100408426.21826369,99612954.59533218,-795471.6229315068,42.53165104472167,42.53165104472167,7,
2016-03-15,5990.0,5900.0,17117.0703125,0.0,0,0.0,0.0,0.0,0.0,176.96767123286918,2306900.0,100408426.21826369,99577587.62766095,-830838.5906027397,43.16510799239713,43.16510799239713,7,
2016-03-16,5825.0,5815.0,16974.44921875,0.0,0,0.0,0.0,0.0,0.0,174.41813698630722,2273665.0,100408426.21826369,99544178.20952396,-864248.008739726,43.78137421718853,43.78137421718853,7,
2016-03-17,5900.0,5780.0,16936.380859375,0.0,0,0.0,0.0,0.0,0.0,173.3683287671265,2259980.0,100408426.21826369,99530319.8411952,-878106.3770684932,44.0403542691507,44.0403542691507,7,
2016-03-18,5750.0,5635.0,16724.810546875,0.0,0,0.0,0.0,0.0,0.0,169.01912328766412,2203285.0,100408426.21826369,99473455.82207191,-934970.3961917809,45.14779332772288,45.14779332772288,7,
2016-03-22,5820.0,5840.0,17048.55078125,0.0,0,0.0,0.0,0.0,0.0,175.16799999998693,2283440.0,100408426.21826369,99553435.6540719,-854990.564191781,43.5980081167326,43.5980081167326,7,
2016-03-23,5865.0,5830.0,17000.98046875,0.0,0,0.0,0.0,0.0,0.0,174.86805479453324,2279530.0,100408426.21826369,99549350.7860171,-859075.4322465754,43.67099831369497,43.67099831369497,7,
2016-03-24,5790.0,5745.0,16892.330078125,0.0,0,0.0,0.0,0.0,0.0,172.31852054795309,2246295.0,100408426.21826369,99515943.46749656,-892482.7507671233,44.30225926135996,44.30225926135996,7,
2016-03-25,5795.0,5820.0,17002.75,0.0,0,0.0,0.0,0.0,0.0,174.56810958905407,2275620.0,100408426.21826369,99545093.89938697,-863332.3188767125,43.744163744116754,43.744163744116754,7,
2016-03-28,5900.0,5890.0,17134.369140625,0.0,0,0.0,0.0,0.0,0.0,176.66772602740093,2302990.0,100408426.21826369,99572287.23166095,-836138.9866027397,43.23609187693431,43.23609187693431,7,
2016-03-29,5875.0,5980.0,17103.529296875,0.0,0,0.0,0.0,0.0,0.0,179.36723287669884,2338180.0,100408426.21826369,99607297.86442807,-801128.3538356165,42.60035491896606,42.60035491896606,7,
2016-03-30,5950.0,5825.0,16878.9609375,0.0,0,0.0,0.0,0.0,0.0,174.71808219178638,2277575.0,100408426.21826369,99546518.14634588,-861908.0719178083,43.70724044053253,43.70724044053253,7,
2016-03-31,5920.0,5745.0,16758.669921875,0.0,0,0.0,0.0,0.0,0.0,172.31852054795309,2246295.0,100408426.21826369,99515065.82782532,-893360.3904383563,44.301868555922226,44.301868555922226,7,
2016-04-01,5720.0,5335.0,16164.16015625,0.0,0,0.0,0.0,0.0,0.0,160.02076712327835,2085985.0,100408426.21826369,99354595.8070582,-1053830.4112054796,47.629583054076704,47.629583054076704,7,
2016-04-04,5275.0,5295.0,16123.26953125,121349.26500000001,23,0.0,0.0,0.0,0.0,168.1633972602649,2192130.0,100408426.21826369,99339223.37866095,-1069202.8396027398,45.316301213277015,45.316301213277015,7,
2016-04-05,5260.0,5035.0,15732.8203125,126265.24799999999,24,0.0,0.0,0.0,0.0,169.1759999999922,2205330.0,100408426.21826369,99225988.95466095,-1182437.2636027394,44.99371475228694,44.99371475228694,7,
2016-04-06,5040.0,5045.0,15715.3603515625,136107.216,27,0.0,0.0,0.0,0.0,179.96136986299098,2345925.0,100408426.21826369,99230296.77729109,-1178129.4409726027,42.29900648029715,42.29900648029715,7,
2016-04-07,5045.0,5050.0,15749.83984375,136242.243,27,0.0,0.0,0.0,0.0,190.59945205479016,2484600.0,100408426.21826369,99232538.93483903,-1175887.2834246575,39.93904006070958,39.93904006070958,7,
2016-04-08,4900.0,5105.0,15821.51953125,132326.46,27,0.0,0.0,0.0,0.0,203.2489315068451,2649495.0,100408426.21826369,99264904.22590752,-1143521.9923561644,37.465594094688804,37.465594094688804,7,
2016-04-11,5065.0,5070.0,15751.1298828125,55726.143,11,136727.649,4390.615356164397,3498.6618465596,891.9535096047972,195.63254794520617,2550210.0,100411924.88011025,99245533.14584997,-1166391.7342602739,38.91661202248049,38.91661202248049,10,
2016-04-12,5040.0,5170.0,15928.7900390625,55451.087999999996,11,0.0,0.0,0.0,0.0,203.85380821918807,2657380.0,100411924.88011025,99297048.20404175,-1114876.6760684932,37.366521989343546,37.366521989343546,10,
2016-04-13,5330.0,5465.0,16381.2197265625,53310.659999999996,10,0.0,0.0,0.0,0.0,219.67802739725448,2863660.0,100411924.88011025,99449797.86601436,-962127.0140958899,34.72821419652276,34.72821419652276,10,
2016-04-14,5635.0,5810.0,16911.05078125,0.0,0,428174.34800000006,44507.85783561653,35466.08651631103,9041.771319305499,199.67298630136793,2602880.0,100447390.96662655,99607950.76970875,-839440.1969178081,38.26836072723627,38.26836072723627,7,
2016-04-15,5700.0,5760.0,16848.029296875,0.0,0,324835.01999999996,23741.326506849295,18918.27602698286,4823.050479866434,172.76843835617183,2252160.0,100466309.24265355,99577069.97079054,-889239.2718630137,44.214030073702816,44.214030073702816,7,
2016-04-18,5410.0,5390.0,16275.9501953125,0.0,0,0.0,0.0,0.0,0.0,161.67046575343556,2107490.0,100466309.24265355,99432238.30032478,-1034070.942328767,47.180408115969605,47.180408115969605,7,
2016-04-19,5690.0,5790.0,16874.439453125,0.0,0,0.0,0.0,0.0,0.0,173.66827397260204,2263890.0,100466309.24265355,99588464.63205081,-877844.6106027397,43.98997505711444,43.98997505711444,7,
2016-04-20,5900.0,5810.0,16906.5390625,0.0,0,0.0,0.0,0.0,0.0,174.26816438356764,2271710.0,100466309.24265355,99596110.36388643,-870198.8787671232,43.84191220001075,43.84191220001075,7,
2016-04-21,6030.0,6105.0,17363.619140625,0.0,0,0.0,0.0,0.0,0.0,183.1165479452102,2387055.0,100466309.24265355,99711272.24733847,-755036.9953150684,41.771669378099155,41.771669378099155,7,
2016-04-22,6005.0,6260.0,17572.490234375,0.0,0,0.0,0.0,0.0,0.0,187.76569863012992,2447660.0,100466309.24265355,99771689.48163985,-694619.7610136986,40.76207050065771,40.76207050065771,7,
2016-04-25,6300.0,6170.0,17439.30078125,0.0,0,0.0,0.0,0.0,0.0,185.0661917808102,2412470.0,100466309.24265355,99736314.41544807,-729994.8272054794,41.3419915752105,41.3419915752105,7,
2016-04-26,6130.0,6095.0,17353.279296875,0.0,0,0.0,0.0,0.0,0.0,182.81660273972375,2383145.0,100466309.24265355,99706806.59884533,-759502.6438082192,41.83832985355291,41.83832985355291,7,
2016-04-27,6135.0,6080.0,17290.490234375,0.0,0,0.0,0.0,0.0,0.0,182.36668493151956,2377280.0,100466309.24265355,99700759.2321604,-765550.0104931509,41.93900559974441,41.93900559974441,7,
2016-04-28,6185.0,5615.0,16666.05078125,0.0,0,0.0,0.0,0.0,0.0,168.41923287669488,2195465.0,100466309.24265355,99518775.81292751,-947533.4297260273,45.32924724963846,45.32924724963846,7,
2016-05-02,5180.0,5275.0,16147.3798828125,0.0,0,0.0,0.0,0.0,0.0,158.2210958903961,2062525.0,100466309.24265355,99385677.59183162,-1080631.6508219182,48.18641111832905,48.18641111832905,7,
2016-05-06,5315.0,5255.0,16106.7197265625,0.0,0,0.0,0.0,0.0,0.0,157.62120547945233,2054705.0,100466309.24265355,99377699.97062615,-1088609.2720273975,48.36592112766852,48.36592112766852,7,
2016-05-09,5345.0,5325.0,16216.0302734375,0.0,0,0.0,0.0,0.0,0.0,159.72082191781374,2082075.0,100466309.24265355,99404910.24980423,-1061398.992849315,47.743193808966645,47.743193808966645,7,
2016-05-10,5365.0,5555.0,16565.189453125,0.0,0,0.0,0.0,0.0,0.0,166.61956164384173,2172005.0,100466309.24265355,99494673.63024259,-971635.6124109589,45.807755336770676,45.807755336770676,7,
2016-05-11,5665.0,5555.0,16579.009765625,0.0,0,0.0,0.0,0.0,0.0,166.61956164384173,2172005.0,100466309.24265355,99494507.01068094,-971802.2319726027,45.807678624441905,45.807678624441905,7,
2016-05-12,5475.0,5605.0,16646.33984375,0.0,0,0.0,0.0,0.0,0.0,168.11928767121572,2191555.0,100466309.24265355,99513888.89139327,-952420.3512602741,45.40789023838931,45.40789023838931,7,
2016-05-13,5650.0,5445.0,16412.2109375,0.0,0,0.0,0.0,0.0,0.0,163.32016438357095,2128995.0,100466309.24265355,99451165.57122889,-1015143.6714246575,46.71272857438787,46.71272857438787,7,
2016-05-16,5455.0,5470.0,16466.400390625,0.0,0,0.0,0.0,0.0,0.0,164.0700273972543,2138770.0,100466309.24265355,99460776.5012015,-1005532.7414520547,46.50372714279773,46.50372714279773,7,
2016-05-17,5590.0,5595.0,16652.80078125,0.0,0,0.0,0.0,0.0,0.0,167.81934246574383,2187645.0,100466309.24265355,99509483.68185903,-956825.5607945205,45.48703454256017,45.48703454256017,7,
2016-05-18,5570.0,5600.0,16644.689453125,0.0,0,0.0,0.0,0.0,0.0,167.9693150684907,2189600.0,100466309.24265355,99511270.71254396,-955038.530109589,45.44723726367554,45.44723726367554,7,
2016-05-19,5710.0,5595.0,16646.66015625,0.0,0,0.0,0.0,0.0,0.0,167.81934246574383,2187645.0,100466309.24265355,99509147.8932015,-957161.3494520547,45.48688104934827,45.48688104934827,7,
2016-05-20,5570.0,5655.0,16736.349609375,0.0,0,0.0,0.0,0.0,0.0,169.61901369863335,2211105.0,100466309.24265355,99532438.27418779,-933870.9684657534,45.014794989015805,45.014794989015805,7,
2016-05-23,5620.0,5605.0,16654.599609375,0.0,0,0.0,0.0,0.0,0.0,168.11928767121572,2191555.0,100466309.24265355,99512720.15490012,-953589.0877534248,45.40735694741867,45.40735694741867,10,
2016-05-24,5575.0,5490.0,16498.759765625,0.0,0,0.0,0.0,0.0,0.0,164.66991780821263,2146590.0,100466309.24265355,99467590.48498231,-998718.757671233,46.33748898717609,46.33748898717609,7,
2016-05-25,5685.0,5675.0,16757.349609375,0.0,0,0.0,0.0,0.0,0.0,170.2189041095844,2218925.0,100466309.24265355,99539755.2660782,-926553.9765753425,44.85945007878959,44.85945007878959,7,
2016-05-26,5800.0,5680.0,16772.4609375,0.0,0,0.0,0.0,0.0,0.0,170.36887671233853,2220880.0,100466309.24265355,99541539.8972015,-924769.345452055,44.82076469561682,44.82076469561682,10,
2016-05-27,5725.0,5725.0,16834.83984375,0.0,0,0.0,0.0,0.0,0.0,171.71863013697293,2238475.0,100466309.24265355,99558963.17857136,-907346.0640821919,44.47624529135744,44.47624529135744,10,
2016-05-30,5820.0,5885.0,17068.01953125,0.0,0,0.0,0.0,0.0,0.0,176.51775342465407,2301035.0,100466309.24265355,99621346.66081794,-844962.5818356165,43.29414661698667,43.29414661698667,10,
2016-05-31,5840.0,5995.0,17234.98046875,0.0,0,0.0,0.0,0.0,0.0,179.81715068493213,2344045.0,100466309.24265355,99664176.84366725,-802132.3989863015,42.51803051719026,42.51803051719026,10,
2016-06-01,5900.0,5795.0,16955.73046875,0.0,0,0.0,0.0,0.0,0.0,173.81824657534162,2265845.0,100466309.24265355,99585803.02542067,-880506.2172328768,43.950845280864606,43.950845280864606,10,
2016-06-02,5715.0,5525.0,16562.55078125,0.0,0,0.0,0.0,0.0,0.0,165.7197260273897,2160275.0,100466309.24265355,99480067.30569464,-986241.9369589043,46.04972390352832,46.04972390352832,10,
2016-06-03,5565.0,5575.0,16642.23046875,55661.130000000005,10,0.0,0.0,0.0,0.0,171.49616438357043,2235575.0,100466309.24265355,99499534.67953026,-966774.5631232879,44.50735702426904,44.50735702426904,10,
2016-06-06,5380.0,5540.0,16580.029296875,43048.608,8,0.0,0.0,0.0,0.0,173.81939726027485,2265860.0,100466309.24265355,99486597.252133,-979711.990520548,43.90677149167777,43.90677149167777,10,
2016-06-07,5580.0,5595.0,16675.44921875,50230.044,9,0.0,0.0,0.0,0.0,179.4078904109483,2338710.0,100466309.24265355,99509037.80024259,-957271.4424109589,42.54868615614701,42.54868615614701,10,
2016-06-08,5620.0,5695.0,16830.919921875,44968.992,8,44951.008,1895.5664657534262,1510.4821382356176,385.0843275178085,182.6144657534387,2380510.0,100467819.72479178,99550252.11744931,-917567.6073424658,41.81887583645913,41.81887583645913,10,
2016-06-09,5645.0,5595.0,16668.41015625,0.0,0,0.0,0.0,0.0,0.0,179.4078904109483,2338710.0,100467819.72479178,99508272.7095589,-959547.0152328768,42.54835901396877,42.54835901396877,10,
2016-06-10,5595.0,5540.0,16601.359375,16788.357,3,0.0,0.0,0.0,0.0,178.9192328767167,2332340.0,100467819.72479178,99484935.43332602,-982884.2914657533,42.65455955535043,42.65455955535043,10,
2016-06-13,5355.0,5170.0,16019.1796875,48204.638999999996,9,0.0,0.0,0.0,0.0,170.53917808220285,2223100.0,100467819.72479178,99327320.25514795,-1140499.4696438357,44.67964565478294,44.67964565478294,10,
2016-06-14,5145.0,5065.0,15859.0,56606.318999999996,11,0.0,0.0,0.0,0.0,171.34964383560873,2233665.0,100467819.72479178,99281107.5865041,-1186712.1382876711,44.44762647330916,44.44762647330916,10,
2016-06-15,5025.0,5110.0,15919.580078125,130676.13,26,0.0,0.0,0.0,0.0,183.0639999999912,2386370.0,100467819.72479178,99302953.39250411,-1164866.332287671,41.61255521671162,41.61255521671162,7,
2016-06-16,5060.0,4780.0,15434.1396484375,116403.276,23,0.0,0.0,0.0,0.0,179.6756164383769,2342200.0,100467819.72479178,99142200.44088767,-1325619.2839041094,42.32866554559289,42.32866554559289,7,
2016-06-17,4960.0,4895.0,15599.66015625,54570.912000000004,11,0.0,0.0,0.0,0.0,188.12893150682794,2452395.0,100467819.72479178,99197636.39995617,-1270183.3248356169,40.44928993900092,40.44928993900092,10,
2016-06-20,5045.0,5115.0,15965.2998046875,55506.099,11,0.0,0.0,0.0,0.0,200.9003835616677,2618880.0,100467819.72479178,99308414.4005726,-1159405.3242191782,37.920185117520695,37.920185117520695,10,
2016-06-21,5040.0,5235.0,16169.1103515625,0.0,0,0.0,0.0,0.0,0.0,205.61358904105873,2680320.0,100467819.72479178,99369648.78698356,-1098170.937808219,37.073800436882,37.073800436882,7,
2016-06-22,5200.0,5175.0,16065.7197265625,0.0,0,57188.56,2604.783726027391,2075.6219120849264,529.1618139424645,198.89013698632334,2592675.0,100469895.34670386,99338464.29503262,-1131431.0516712333,38.315046928378074,38.315046928378074,7,
2016-06-23,5205.0,5285.0,16238.349609375,0.0,0,0.0,0.0,0.0,0.0,203.117753424689,2647785.0,100469895.34670386,99393371.1772792,-1076524.169424658,37.53830887979168,37.53830887979168,7,
2016-06-24,5355.0,4430.0,14952.01953125,0.0,0,139202.154,8455.029041095895,6737.389891397264,1717.6391496986312,161.42191780820576,2104250.0,100476632.73659526,98987159.2702117,-1489473.4663835617,47.04153939418401,47.04153939418401,7,
2016-06-27,4565.0,4660.0,15309.2099609375,54790.95599999999,12,0.0,0.0,0.0,0.0,174.09249315068882,2269420.0,100476632.73659526,99097364.22171855,-1379268.5148767126,43.666383578940234,43.666383578940234,10,
2016-06-28,4515.0,4685.0,15323.1396484375,54190.836,12,0.0,0.0,0.0,0.0,179.33923287670768,2337815.0,100476632.73659526,99111389.04648566,-1365243.690109589,42.394881137509024,42.394881137509024,10,
2016-06-29,4800.0,4830.0,15566.830078125,52810.56,11,0.0,0.0,0.0,0.0,188.96547945205384,2463300.0,100476632.73659526,99183874.52100621,-1292758.2155890411,40.26463464499095,40.26463464499095,10,
2016-06-30,4950.0,4850.0,15575.919921875,54460.89,11,118776.24,9772.640219178094,7787.328358652064,1985.3118605260297,184.91123287670052,2410450.0,100484420.06495391,99193169.64791282,-1291250.4170410961,41.151307701015504,41.151307701015504,10,
2016-07-01,4915.0,4895.0,15682.48046875,54075.813,11,0.0,0.0,0.0,0.0,190.75747945204057,2486660.0,100484420.06495391,99215113.07743336,-1269306.9875205485,39.898946006865984,39.898946006865984,10,
2016-07-04,4820.0,4955.0,15775.7998046875,38567.712,8,0.0,0.0,0.0,0.0,196.13654794517788,2556780.0,100484420.06495391,99246469.22888541,-1237950.8360684933,38.81697652081345,38.81697652081345,10,
2016-07-05,4895.0,4890.0,15669.330078125,14687.937000000002,3,0.0,0.0,0.0,0.0,194.68898630141484,2537910.0,100484420.06495391,99212716.60289912,-1271703.4620547947,39.09229113833789,39.09229113833789,10,
2016-07-06,4740.0,4710.0,15378.990234375,37927.584,8,0.0,0.0,0.0,0.0,190.41304109588964,2482170.0,100484420.06495391,99118858.60585801,-1365561.4590958906,39.93234089762507,39.93234089762507,10,
2016-07-07,4705.0,4650.0,15276.240234375,56471.292,12,0.0,0.0,0.0,0.0,192.26794520547992,2506350.0,100484420.06495391,99086375.04591282,-1398045.019041096,39.534133319733,39.534133319733,10,
2016-07-08,4660.0,4560.0,15106.98046875,55931.183999999994,12,0.0,0.0,0.0,0.0,192.74432876711217,2512560.0,100484420.06495391,99036461.11758405,-1447958.9473698633,39.4165556713408,39.4165556713408,10,
2016-07-11,4785.0,4915.0,15708.8203125,0.0,0,0.0,0.0,0.0,0.0,207.7496438356029,2708165.0,100484420.06495391,99231858.3679402,-1252561.697013699,36.641732822017936,36.641732822017936,7,
2016-07-12,5135.0,5145.0,16095.650390625,0.0,0,61607.676,5667.769808219184,4516.362371679456,1151.407436539727,212.73517808217002,2773155.0,100488936.42732559,99357091.9013256,-1131844.5260000003,35.82817833886876,35.82817833886876,10,
2016-07-13,5370.0,5240.0,16231.4296875,0.0,0,209388.114,23516.910547945223,18739.45017013015,4777.460377815072,200.98630136988504,2620000.0,100507675.87749572,99408346.5686464,-1099329.308849315,37.94211701093374,37.94211701093374,10,
2016-07-14,5250.0,5350.0,16385.890625,0.0,0,131223.75,7912.977397260264,6305.45603900684,1607.5213582534225,194.94520547944558,2541250.0,100513981.33353473,99459017.85208268,-1054963.4814520546,39.137832898015816,39.137832898015816,10,
2016-07-15,5395.0,5420.0,16497.849609375,0.0,0,183393.314,11222.804479452061,8942.891749451373,2279.9127300006858,183.3593424657447,2390220.0,100522924.22528417,99488917.8940102,-1034006.3312739726,41.62333086243534,41.62333086243534,10,
2016-07-19,5495.0,5565.0,16723.310546875,0.0,0,0.0,0.0,0.0,0.0,188.26471232876793,2454165.0,100522924.22528417,99552674.62929787,-970249.5959863012,40.56478461281041,40.56478461281041,10,
2016-07-20,5495.0,5530.0,16681.890625,0.0,0,60432.911,3721.6104109589082,2965.565255972606,756.0451549863022,182.41424657533207,2377900.0,100525889.79054016,99535904.08089632,-989985.7096438356,41.85874262201788,41.85874262201788,10,
2016-07-21,5670.0,5610.0,16810.220703125,0.0,0,0.0,0.0,0.0,0.0,185.05315068492928,2412300.0,100525889.79054016,99570119.02774563,-955770.7627945205,41.27601004342148,41.27601004342148,10,
2016-07-22,5460.0,5485.0,16627.25,0.0,0,0.0,0.0,0.0,0.0,180.92986301370547,2358550.0,100525889.79054016,99516188.09788263,-1009701.6926575344,42.1938004697304,42.1938004697304,10,
2016-07-25,5515.0,5490.0,16620.2890625,0.0,0,0.0,0.0,0.0,0.0,181.09479452054074,2360700.0,100525889.79054016,99518157.0030881,-1007732.7874520549,42.15620663493375,42.15620663493375,10,
2016-07-26,5440.0,5340.0,16383.0400390625,0.0,0,0.0,0.0,0.0,0.0,176.14684931506054,2296200.0,100525889.79054016,99453480.85623878,-1072408.93430137,43.31220314268739,43.31220314268739,10,
2016-07-27,5455.0,5530.0,16664.8203125,0.0,0,0.0,0.0,0.0,0.0,182.41424657533207,2377900.0,100525889.79054016,99534998.44199221,-990891.3485479451,41.85836176541999,41.85836176541999,10,
2016-07-28,5450.0,5390.0,16476.83984375,0.0,0,0.0,0.0,0.0,0.0,177.79616438358062,2317700.0,100525889.79054016,99474620.64582783,-1051269.1447123287,42.9195412028424,42.9195412028424,10,
2016-07-29,5375.0,5445.0,16569.26953125,0.0,0,0.0,0.0,0.0,0.0,179.61041095890687,2341350.0,100525889.79054016,99498091.03541687,-1027798.7551232878,42.496034781394016,42.496034781394016,10,
2016-08-01,5320.0,5485.0,16635.76953125,0.0,0,0.0,0.0,0.0,0.0,180.92986301370547,2358550.0,100525889.79054016,99515110.10555385,-1010779.6849863015,42.19334341250084,42.19334341250084,10,
2016-08-02,5375.0,5330.0,16391.44921875,0.0,0,0.0,0.0,0.0,0.0,175.81698630137544,2291900.0,100525889.79054016,99448284.28856756,-1077605.501972603,43.391196949503716,43.391196949503716,10,
2016-08-03,5200.0,5130.0,16083.1103515625,0.0,0,0.0,0.0,0.0,0.0,169.21972602740425,2205900.0,100525889.79054016,99362115.06884153,-1163774.7216986301,45.043798480820314,45.043798480820314,10,
2016-08-04,5180.0,5240.0,16254.8896484375,46629.324,9,0.0,0.0,0.0,0.0,176.46597260275303,2300360.0,100525889.79054016,99409769.27886893,-1116120.5116712335,43.214874749547434,43.214874749547434,10,
2016-08-05,5240.0,5235.0,16254.4501953125,0.0,0,0.0,0.0,0.0,0.0,176.2975890410671,2298165.0,100525889.79054016,99407397.98127988,-1118491.8092602736,43.255117879386326,43.255117879386326,10,
2016-08-08,5410.0,5485.0,16650.5703125,5411.082,1,0.0,0.0,0.0,0.0,185.13753424658353,2413400.0,100525889.79054016,99517036.76174563,-1008853.0287945205,41.23520210563753,41.23520210563753,10,
2016-08-09,5490.0,5565.0,16764.970703125,0.0,0,49400.118,2759.775041095892,2199.1267414972617,560.6482995986305,183.99567123287852,2398515.0,100528088.91728166,99550807.23577482,-977281.681506849,41.505184347721325,41.505184347721325,10,
2016-08-10,5520.0,5530.0,16735.119140625,0.0,0,49670.064,1319.8380410958932,1051.7129430472626,268.1250980486307,179.02049315067416,2333660.0,100529140.6302247,99535175.15418361,-993965.4760410957,42.65196093440502,42.65196093440502,10,
2016-08-12,5620.0,5665.0,16919.919921875,0.0,0,0.0,0.0,0.0,0.0,183.39079452053556,2390630.0,100529140.6302247,99591961.76338908,-937178.8668356166,41.659295567858294,41.659295567858294,10,
2016-08-15,5640.0,5635.0,16869.560546875,0.0,0,5638.872,226.0835342465753,180.15466426438354,45.92886998219178,181.9873424657635,2372335.0,100529320.78488897,99579077.71917664,-950243.0657123288,41.97513324179622,41.97513324179622,10,
2016-08-16,5655.0,5455.0,16596.509765625,0.0,0,0.0,0.0,0.0,0.0,176.17408219179924,2296555.0,100529320.78488897,99503121.54509445,-1026199.2397945207,43.327123254219664,43.327123254219664,10,
2016-08-17,5455.0,5560.0,16745.640625,0.0,0,0.0,0.0,0.0,0.0,179.56515068494627,2340760.0,100529320.78488897,99547146.97994377,-982173.8049452057,42.52770338691013,42.52770338691013,10,
2016-08-18,5470.0,5385.0,16486.009765625,0.0,0,0.0,0.0,0.0,0.0,173.91336986301758,2267085.0,100529320.78488897,99473298.0665739,-1056022.7183150684,43.87718063794428,43.87718063794428,10,
2016-08-19,5435.0,5420.0,16545.8203125,10872.173999999999,2,0.0,0.0,0.0,0.0,175.8752876712242,2292660.0,100529320.78488897,99487825.01728623,-1041495.7676027399,43.39405974600954,43.39405974600954,10,
2016-08-22,5455.0,5445.0,16598.189453125,5456.090999999999,1,0.0,0.0,0.0,0.0,177.10421917808708,2308680.0,100529320.78488897,99498211.82206705,-1031108.9628219178,43.09744608263902,43.09744608263902,10,
2016-08-23,5420.0,5375.0,16497.359375,0.0,0,0.0,0.0,0.0,0.0,174.82739726027648,2279000.0,100529320.78488897,99468356.9946698,-1060963.790219178,43.64561517975858,43.64561517975858,10,
2016-08-24,5450.0,5435.0,16597.30078125,5451.09,1,0.0,0.0,0.0,0.0,177.19589041097788,2309875.0,100529320.78488897,99493603.70877938,-1035717.076109589,43.07315491478084,43.07315491478084,10,
2016-08-25,5445.0,5425.0,16555.94921875,0.0,0,0.0,0.0,0.0,0.0,176.86986301368597,2305625.0,100529320.78488897,99489176.83891636,-1040143.9459726027,43.15063240505996,43.15063240505996,10,
2016-08-26,5400.0,5310.0,16360.7099609375,0.0,0,0.0,0.0,0.0,0.0,173.12054794523283,2256750.0,100529320.78488897,99440128.71836843,-1089192.0665205477,44.06342249623061,44.06342249623061,10,
2016-08-29,5510.0,5555.0,16737.490234375,44088.816,8,0.0,0.0,0.0,0.0,184.51731506850774,2405315.0,100529320.78488897,99544420.38505335,-984900.3998356165,41.38519087315106,41.38519087315106,10,
2016-08-30,5525.0,5555.0,16725.359375,0.0,0,0.0,0.0,0.0,0.0,184.51731506850774,2405315.0,100529320.78488897,99544235.86773828,-985084.917150685,41.3851141608223,41.3851141608223,10,
2016-08-31,5630.0,5655.0,16887.400390625,0.0,0,0.0,0.0,0.0,0.0,187.8389589041035,2448615.0,100529320.78488897,99587348.02877937,-941972.756109589,40.67088865696705,40.67088865696705,10,
2016-09-01,5650.0,5670.0,16926.83984375,0.0,0,22595.48,802.6972739726036,639.6293227650692,163.0679512075344,186.59736986298958,2432430.0,100529960.41421172,99593408.8434583,-936551.5707534247,40.94399791297521,40.94399791297521,10,
2016-09-02,5660.0,5675.0,16925.6796875,0.0,0,0.0,0.0,0.0,0.0,186.7619178082241,2434575.0,100529960.41421172,99595367.08154048,-934593.332671233,40.90872825094338,40.90872825094338,10,
2016-09-05,5815.0,5745.0,17037.630859375,0.0,0,0.0,0.0,0.0,0.0,189.06558904111444,2464605.0,100529960.41421172,99625208.01595144,-904752.398260274,40.422383309273265,40.422383309273265,10,
2016-09-06,5755.0,5780.0,17081.98046875,0.0,0,46030.792,1921.1992328767146,1530.90760871781,390.2916241589046,186.67024657532602,2433380.0,100531491.32182044,99639436.8460807,-892054.4757397261,40.94692848880187,40.94692848880187,10,
2016-09-07,5665.0,5735.0,17012.439453125,0.0,0,124605.074,1349.5074383561587,1075.3550022541049,274.1524361020536,175.538136986288,2288265.0,100532566.67682269,99618477.22950763,-914089.4473150687,43.534502004578854,43.534502004578854,10,
2016-09-08,5725.0,5695.0,16958.76953125,0.0,0,0.0,0.0,0.0,0.0,174.3138082191872,2272305.0,100532566.67682269,99602342.91569941,-930223.7611232876,43.83317508683887,43.83317508683887,10,
2016-09-09,5715.0,5705.0,16965.759765625,0.0,0,0.0,0.0,0.0,0.0,174.61989041097695,2276295.0,100532566.67682269,99606158.295809,-926408.3810136988,43.7580183130082,43.7580183130082,10,
2016-09-12,5570.0,5495.0,16672.919921875,0.0,0,0.0,0.0,0.0,0.0,168.19216438355943,2192505.0,100532566.67682269,99522200.10364461,-1010366.5731780819,45.39200599480713,45.39200599480713,10,
2016-09-13,5565.0,5540.0,16729.0390625,0.0,0,0.0,0.0,0.0,0.0,169.56953424657695,2210460.0,100532566.67682269,99539985.53411037,-992581.1427123288,45.03134439623896,45.03134439623896,10,
2016-09-14,5475.0,5455.0,16614.240234375,0.0,0,0.0,0.0,0.0,0.0,166.96783561645134,2176545.0,100532566.67682269,99505903.56627475,-1026663.1105479453,45.71736562592308,45.71736562592308,10,
2016-09-15,5400.0,5315.0,16405.009765625,16203.24,3,0.0,0.0,0.0,0.0,163.90586301370058,2136630.0,100532566.67682269,99449621.42041174,-1082945.2564109587,46.545083341716506,46.545083341716506,10,
2016-09-16,5360.0,5390.0,16519.2890625,21444.288,4,0.0,0.0,0.0,0.0,167.87265753426618,2188340.0,100532566.67682269,99479719.2597542,-1052847.4170684933,45.45898683922708,45.45898683922708,11,
2016-09-20,5325.0,5370.0,16492.150390625,15978.195,3,0.0,0.0,0.0,0.0,168.4855890411127,2196330.0,100532566.67682269,99471562.57916516,-1061004.0976575345,45.28989841197141,45.28989841197141,11,
2016-09-21,5355.0,5580.0,16807.619140625,16068.213,3,0.0,0.0,0.0,0.0,176.3585753424777,2298960.0,100532566.67682269,99557948.00758982,-974618.6692328766,43.30564603455033,43.30564603455033,11,
2016-09-23,5565.0,5540.0,16754.01953125,0.0,0,72330.531,2622.7933013698625,2089.9728421965747,532.8204591732875,169.56953424657695,2210460.0,100534656.6496649,99541076.1485964,-993580.5010684931,45.031837784260475,45.031837784260475,10,
2016-09-26,5510.0,5390.0,16544.560546875,0.0,0,0.0,0.0,0.0,0.0,164.9783013698834,2150610.0,100534656.6496649,99481061.17029503,-1053595.479369863,46.25713689153079,46.25713689153079,10,
2016-09-27,5320.0,5480.0,16683.9296875,0.0,0,0.0,0.0,0.0,0.0,167.73304109589662,2186520.0,100534656.6496649,99516803.43725394,-1017853.2124109591,45.51378603317323,45.51378603317323,10,
2016-09-28,5450.0,5420.0,16465.400390625,0.0,0,0.0,0.0,0.0,0.0,165.89654794520175,2162580.0,100534656.6496649,99492697.540706,-1041959.1089589039,46.006481859957084,46.006481859957084,10,
2016-09-29,5525.0,5585.0,16693.7109375,33156.63,6,0.0,0.0,0.0,0.0,173.51753424653725,2261925.0,100534656.6496649,99558712.39317174,-975944.2564931507,44.01503692349293,44.01503692349293,10,
2016-09-30,5445.0,5420.0,16449.83984375,0.0,0,0.0,0.0,0.0,0.0,168.391232876711,2195100.0,100534656.6496649,99491719.00193886,-1042937.6477260273,45.32445856769116,45.32445856769116,10,
2016-10-03,5510.0,5515.0,16598.669921875,16533.306,3,0.0,0.0,0.0,0.0,172.6119452054918,2250120.0,100534656.6496649,99530033.08399366,-1004623.565671233,44.23321115495781,44.23321115495781,11,
2016-10-04,5560.0,5585.0,16735.650390625,0.0,0,0.0,0.0,0.0,0.0,174.80284931502683,2278680.0,100534656.6496649,99558418.28114435,-976238.3685205479,43.69126787488561,43.69126787488561,10,
2016-10-05,5640.0,5670.0,16819.240234375,0.0,0,0.0,0.0,0.0,0.0,177.46323287669657,2313360.0,100534656.6496649,99592920.81791148,-941735.8317534247,43.051198610640576,43.051198610640576,10,
2016-10-06,5745.0,5715.0,16899.099609375,0.0,0,0.0,0.0,0.0,0.0,178.87167123286054,2331720.0,100534656.6496649,99611101.94624023,-923554.7034246576,42.720010098228016,42.720010098228016,10,
2016-10-07,5710.0,5695.0,16860.08984375,0.0,0,51379.722,1669.1967945205517,1330.0994657137016,339.0973288068501,174.3138082191872,2272305.0,100535986.7491306,99602553.2571032,-933433.4920273973,43.83326765425557,43.83326765425557,10,
2016-10-11,5750.0,5805.0,17024.759765625,0.0,0,0.0,0.0,0.0,0.0,177.68071232875081,2316195.0,100535986.7491306,99646265.57639088,-889721.1727397261,43.02153556863342,43.02153556863342,10,
2016-10-12,5695.0,5690.0,16840.0,0.0,0,0.0,0.0,0.0,0.0,174.16076712328504,2270310.0,100535986.7491306,99600206.41562375,-935780.3335068492,43.87075175444048,43.87075175444048,10,
2016-10-13,5740.0,5630.0,16774.240234375,0.0,0,0.0,0.0,0.0,0.0,172.32427397259744,2246370.0,100535986.7491306,99576094.09134978,-959892.6577808218,44.32755694357999,44.32755694357999,10,
2016-10-14,5625.0,5685.0,16856.369140625,0.0,0,0.0,0.0,0.0,0.0,174.00772602739016,2268315.0,100535986.7491306,99597865.08362375,-938121.6655068494,43.90830421860445,43.90830421860445,10,
2016-10-17,5685.0,5720.0,16900.119140625,0.0,0,0.0,0.0,0.0,0.0,175.07901369863248,2282280.0,100535986.7491306,99611655.00461006,-924331.7445205478,43.64567669374926,43.64567669374926,10,
2016-10-18,5700.0,5755.0,16963.609375,0.0,0,0.0,0.0,0.0,0.0,176.1503013698457,2296245.0,100535986.7491306,99625443.8543087,-910542.8948219178,43.38624312924304,43.38624312924304,10,
2016-10-19,5755.0,5790.0,16998.91015625,0.0,0,0.0,0.0,0.0,0.0,177.22158904109529,2310210.0,100535986.7491306,99639231.63271965,-896755.1164109592,43.12994560352507,43.12994560352507,10,
2016-10-20,5785.0,5940.0,17235.5,0.0,0,0.0,0.0,0.0,0.0,181.81282191781065,2370060.0,100535986.7491306,99698899.81989773,-837086.9292328765,42.065981375955765,42.065981375955765,10,
2016-10-21,5970.0,5920.0,17184.58984375,0.0,0,47750.448000000004,2477.5002739726083,1974.1960933150729,503.30418065753537,177.56756164383114,2314720.0,100537960.94522393,99690629.39615543,-847331.5490684932,43.06811596916924,43.06811596916924,10,
2016-10-24,5945.0,5950.0,17234.419921875,0.0,0,0.0,0.0,0.0,0.0,178.4673972602759,2326450.0,100537960.94522393,99702180.92875817,-835780.0164657535,42.855931109096765,42.855931109096765,10,
2016-10-25,6000.0,6045.0,17365.25,0.0,0,0.0,0.0,0.0,0.0,181.31687671232794,2363595.0,100537960.94522393,99739144.61188146,-798816.3333424658,42.19806887892446,42.19806887892446,10,
2016-10-26,6005.0,6055.0,17391.83984375,0.0,0,0.0,0.0,0.0,0.0,181.61682191779983,2367505.0,100537960.94522393,99742872.99505955,-795087.9501643836,42.12995241617633,42.12995241617633,10,
2016-10-27,6035.0,6025.0,17336.419921875,0.0,0,0.0,0.0,0.0,0.0,180.7169863013769,2355775.0,100537960.94522393,99730962.27807324,-806998.667150685,42.334672147413585,42.334672147413585,10,
2016-10-28,6090.0,6100.0,17446.41015625,0.0,0,0.0,0.0,0.0,0.0,182.96657534246333,2385100.0,100537960.94522393,99760104.3114979,-777856.6337260274,41.82638225294449,41.82638225294449,10,
2016-10-31,6040.0,6085.0,17425.01953125,0.0,0,0.0,0.0,0.0,0.0,182.51665753425186,2379235.0,100537960.94522393,99754056.79484037,-783904.1503835617,41.926945759809506,41.926945759809506,10,
2016-11-01,6065.0,6090.0,17442.400390625,0.0,0,0.0,0.0,0.0,0.0,182.66663013695506,2381190.0,100537960.94522393,99755829.12821023,-782131.8170136986,41.89326728577318,41.89326728577318,10,
2016-11-02,5955.0,5880.0,17134.6796875,0.0,0,0.0,0.0,0.0,0.0,176.36778082192905,2299080.0,100537960.94522393,99673542.76042941,-864418.1847945207,43.353664405079165,43.353664405079165,10,
2016-11-04,5770.0,5705.0,16905.359375,0.0,0,0.0,0.0,0.0,0.0,171.1187397260437,2230655.0,100537960.94522393,99604946.64168969,-933014.3035342466,44.65277985241541,44.65277985241541,10,
2016-11-07,5900.0,5905.0,17177.2109375,0.0,0,0.0,0.0,0.0,0.0,177.1176438356124,2308855.0,100537960.94522393,99682969.52404584,-854991.4211780824,43.174200858887126,43.174200858887126,10,
2016-11-08,5945.0,5895.0,17171.380859375,0.0,0,0.0,0.0,0.0,0.0,176.8176986301405,2304945.0,100537960.94522393,99678882.70634721,-859078.2388767124,43.24566647201873,43.24566647201873,10,
2016-11-09,5980.0,5290.0,16251.5400390625,0.0,0,0.0,0.0,0.0,0.0,158.67101369863667,2068390.0,100537960.94522393,99442169.03533351,-1095791.909890411,48.07708847718927,48.07708847718927,10,
2016-11-10,5905.0,5970.0,17344.419921875,53155.62899999999,9,0.0,0.0,0.0,0.0,183.18904109588766,2388000.0,100537960.94522393,99708440.21729243,-829520.7279315068,41.75395318982095,41.75395318982095,10,
2016-11-11,6095.0,5995.0,17374.7890625,0.0,0,0.0,0.0,0.0,0.0,183.95616438356228,2398000.0,100537960.94522393,99718256.26112804,-819704.6840958904,41.58392671439868,41.58392671439868,10,
2016-11-14,6070.0,6195.0,17672.619140625,0.0,0,0.0,0.0,0.0,0.0,190.09315068493015,2478000.0,100537960.94522393,99798066.16797735,-739894.7772465755,40.27363445035405,40.27363445035405,10,
2016-11-15,6205.0,6190.0,17668.150390625,0.0,0,0.0,0.0,0.0,0.0,189.93972602739814,2476000.0,100537960.94522393,99795876.22825132,-742084.7169726028,40.30528119073155,40.30528119073155,10,
2016-11-16,6310.0,6340.0,17862.2109375,0.0,0,0.0,0.0,0.0,0.0,194.5424657534386,2536000.0,100537960.94522393,99855681.68578558,-682279.259438356,39.37526880354321,39.37526880354321,10,
2016-11-17,6265.0,6335.0,17862.630859375,0.0,0,56373.723000000005,3196.905287671245,2547.453978480831,649.4513091904134,190.0152876712309,2476985.0,100540508.3992024,99852200.94218871,-688307.4570136988,40.31199258057223,40.31199258057223,10,
2016-11-18,6470.0,6415.0,17967.41015625,0.0,0,0.0,0.0,0.0,0.0,192.4148493150642,2508265.0,100540508.3992024,99883288.5273394,-657219.8718630137,39.821664986490426,39.821664986490426,10,
2016-11-21,6450.0,6500.0,18106.01953125,0.0,0,0.0,0.0,0.0,0.0,194.96438356165163,2541500.0,100540508.3992024,99916328.56295583,-624179.8362465755,39.31392034741524,39.31392034741524,10,
2016-11-22,6480.0,6545.0,18162.939453125,0.0,0,32393.519999999997,1311.7004794520553,1045.2285270513703,266.47195240068504,193.80372602739226,2526370.0,100541553.62772946,99933131.80727741,-608421.8204520548,39.556015867540154,39.556015867540154,10,
2016-11-24,6675.0,6670.0,18333.41015625,0.0,0,0.0,0.0,0.0,0.0,197.50509589040303,2574620.0,100541553.62772946,99981184.30218151,-560369.3255479451,38.83337513970276,38.83337513970276,10,
2016-11-25,6705.0,6710.0,18381.220703125,0.0,0,0.0,0.0,0.0,0.0,198.6895342465723,2590060.0,100541553.62772946,99996425.61264727,-545128.0150821917,38.60776414934298,38.60776414934298,10,
2016-11-28,6640.0,6680.0,18356.890625,0.0,0,305378.912,7934.637986301373,6322.716279384249,1611.9217069171239,174.22904109588126,2271200.0,100547876.34400885,99981158.37389927,-566717.970109589,44.021291992734795,44.021291992734795,10,
2016-11-29,6600.0,6650.0,18307.0390625,0.0,0,0.0,0.0,0.0,0.0,173.4465753424738,2261000.0,100547876.34400885,99970784.92732392,-577091.4166849314,44.2152962969146,44.2152962969146,10,
2016-11-30,6675.0,6645.0,18308.48046875,0.0,0,0.0,0.0,0.0,0.0,173.31616438356286,2259300.0,100547876.34400885,99968911.61115953,-578964.7328493153,44.24773673755568,44.24773673755568,10,
2016-12-01,6825.0,6790.0,18513.119140625,0.0,0,0.0,0.0,0.0,0.0,177.09808219177648,2308600.0,100547876.34400885,100018034.51307735,-529841.8309315068,43.32410747339398,43.32410747339398,10,
2016-12-02,6740.0,6735.0,18426.080078125,0.0,0,276284.732,8455.89986301371,6738.083805842475,1717.8160571712353,154.48060273972806,2013765.0,100554614.42781468,99997611.94841741,-557002.4793972602,49.65704138686362,49.65704138686362,10,
2016-12-05,6680.0,6615.0,18274.990234375,0.0,0,0.0,0.0,0.0,0.0,151.7281643835595,1977885.0,100554614.42781468,99961580.22025304,-593034.2075616439,50.53963209198363,50.53963209198363,10,
2016-12-06,6755.0,6680.0,18360.5390625,0.0,0,0.0,0.0,0.0,0.0,153.2190684931411,1997320.0,100554614.42781468,99980862.00118454,-573752.426630137,50.057508061394536,50.057508061394536,10,
2016-12-07,6740.0,6780.0,18496.689453125,0.0,0,0.0,0.0,0.0,0.0,155.51276712329854,2027220.0,100554614.42781468,100010606.48841742,-544007.9393972603,49.33386928326349,49.33386928326349,10,
2016-12-08,6910.0,6975.0,18765.470703125,0.0,0,0.0,0.0,0.0,0.0,159.9854794520361,2085525.0,100554614.42781468,100068751.50293796,-485862.9248767123,47.98252310710155,47.98252310710155,10,
2016-12-09,7010.0,7170.0,18996.369140625,0.0,0,0.0,0.0,0.0,0.0,164.45819178082456,2143830.0,100554614.42781468,100126892.04474619,-427722.38306849316,46.7046790299353,46.7046790299353,10,
2016-12-12,7315.0,7280.0,19155.029296875,0.0,0,80448.907,3886.515931506852,3096.970220021235,789.5457114856171,160.8381369862982,2096640.0,100557711.3980347,100159200.56789772,-398510.8301369863,47.77129147965207,47.77129147965207,10,
2016-12-13,7220.0,7350.0,19250.51953125,0.0,0,0.0,0.0,0.0,0.0,162.38465753425407,2116800.0,100557711.3980347,100179198.18324019,-378513.2147945205,47.32577389608853,47.32577389608853,10,
2016-12-14,7365.0,7340.0,19253.609375,0.0,0,0.0,0.0,0.0,0.0,162.16372602739284,2113920.0,100557711.3980347,100176156.01951416,-381555.37852054794,47.388811317133175,47.388811317133175,10,
2016-12-15,7400.0,7370.0,19273.7890625,0.0,0,0.0,0.0,0.0,0.0,162.82652054794016,2122560.0,100557711.3980347,100184633.19299361,-373078.20504109585,47.19990633621364,47.19990633621364,10,
2016-12-16,7480.0,7470.0,19401.150390625,0.0,0,0.0,0.0,0.0,0.0,165.03583561644336,2151360.0,100557711.3980347,100213268.15715799,-344443.2408767123,46.58135698216848,46.58135698216848,10,
2016-12-19,7400.0,7450.0,19391.599609375,0.0,0,0.0,0.0,0.0,0.0,164.59397260274272,2145600.0,100557711.3980347,100207343.5631854,-350367.83484931506,46.70364632885225,46.70364632885225,10,
2016-12-20,7445.0,7540.0,19494.529296875,0.0,0,0.0,0.0,0.0,0.0,166.58235616437742,2171520.0,100557711.3980347,100233096.98082922,-324614.41720547946,46.15803537652392,46.15803537652392,10,
2016-12-21,7585.0,7500.0,19444.490234375,0.0,0,0.0,0.0,0.0,0.0,165.6986301369907,2160000.0,100557711.3980347,100221411.28219908,-336300.1158356164,46.39880151953661,46.39880151953661,10,
2016-12-22,7455.0,7475.0,19427.669921875,0.0,0,0.0,0.0,0.0,0.0,165.14630136988126,2152800.0,100557711.3980347,100214046.13589773,-343665.26213698625,46.55056026379493,46.55056026379493,10,
2016-12-26,7475.0,7455.0,19396.640625,0.0,0,0.0,0.0,0.0,0.0,164.70443835612969,2147040.0,100557711.3980347,100208121.43145937,-349589.9665753424,46.67268492038312,46.67268492038312,10,
2016-12-27,7430.0,7460.0,19403.060546875,0.0,0,0.0,0.0,0.0,0.0,164.8149041095894,2148480.0,100557711.3980347,100209396.61655526,-348314.7814794521,46.641996488938815,46.641996488938815,10,
2016-12-28,7480.0,7485.0,19401.720703125,0.0,0,0.0,0.0,0.0,0.0,165.3672328767134,2155680.0,100557711.3980347,100216431.24932238,-341280.1487123288,46.489474898557475,46.489474898557475,10,
2016-12-29,7410.0,7280.0,19145.140625,0.0,0,0.0,0.0,0.0,0.0,160.83813698629092,2096640.0,100557711.3980347,100157230.4111854,-400480.9868493151,47.770351806311716,47.770351806311716,12,
2016-12-30,7170.0,7240.0,19114.369140625,0.0,0,0.0,0.0,0.0,0.0,159.9544109589042,2085120.0,100557711.3980347,100145550.45677443,-412160.9412602739,48.02867482771947,48.02867482771947,12,
2017-01-04,7380.0,7620.0,19594.16015625,0.0,0,0.0,0.0,0.0,0.0,168.34980821916542,2194560.0,100557711.3980347,100254822.10696621,-302889.29106849316,45.68333611610811,45.68333611610811,13,
2017-01-05,7630.0,7570.0,19520.689453125,0.0,0,0.0,0.0,0.0,0.0,167.245150684932,2180160.0,100557711.3980347,100240254.86181553,-317456.53621917806,45.9783937242292,45.9783937242292,12,
2017-01-06,7425.0,7520.0,19454.330078125,0.0,0,0.0,0.0,0.0,0.0,166.1404931506695,2165760.0,100557711.3980347,100225688.72132237,-332022.6767123287,46.27737548081153,46.27737548081153,12,
2017-01-10,7475.0,7395.0,19301.439453125,201865.365,27,0.0,0.0,0.0,0.0,178.69561643835914,2329425.0,100557711.3980347,100187309.66070594,-370401.73732876714,43.00945927029458,43.00945927029458,14,
2017-01-11,7440.0,7445.0,19364.669921875,305101.00800000003,41,0.0,0.0,0.0,0.0,203.31989041097404,2650420.0,100557711.3980347,100203000.33281553,-354711.06521917804,37.806460988377516,37.806460988377516,14,
2017-01-12,7370.0,7260.0,19134.69921875,302230.434,41,0.0,0.0,0.0,0.0,221.10180821918766,2882220.0,100557711.3980347,100132348.7970073,-425362.6010273972,34.74139683889755,34.74139683889755,14,
2017-01-13,7295.0,7380.0,19287.279296875,299154.819,41,0.0,0.0,0.0,0.0,247.96800000002258,3232440.0,100557711.3980347,100183166.0100073,-374545.3880273972,30.99304736051011,30.99304736051011,14,
2017-01-16,7325.0,7230.0,19095.240234375,73264.65,10,0.0,0.0,0.0,0.0,248.47430136984622,3239040.0,100557711.3980347,100116252.88570593,-441458.51232876704,30.9092363433937,30.9092363433937,15,
2017-01-17,7200.0,7020.0,18813.529296875,165633.12,23,0.0,0.0,0.0,0.0,253.64317808221676,3306420.0,100557711.3980347,100017746.12252785,-539965.2755068493,30.24955877430207,30.24955877430207,15,
2017-01-18,6980.0,7075.0,18894.369140625,370013.988,53,0.0,0.0,0.0,0.0,284.395616438298,3707300.0,100557711.3980347,100048327.73891142,-509383.65912328765,26.986844263726006,26.986844263726006,15,
2017-01-19,7205.0,7215.0,19072.25,295464.081,41,381788.62700000004,11745.873794520572,9359.699533163719,2386.174261356854,283.38147945205856,3694080.0,100567071.09756787,100118762.7291706,-448308.36839726026,27.102489044409054,27.102489044409054,15,
2017-01-20,7195.0,7260.0,19137.91015625,115143.02399999999,16,0.0,0.0,0.0,0.0,294.0598356164701,3833280.0,100567071.09756787,100142525.64533499,-424545.45223287673,26.12450059618264,26.12450059618264,15,
2017-01-23,7125.0,7065.0,18891.029296875,99769.95,14,0.0,0.0,0.0,0.0,293.7491506849037,3829230.0,100567071.09756787,100038411.9461843,-528659.1513835615,26.124942076131312,26.124942076131312,15,
2017-01-24,7000.0,6995.0,18787.990234375,217043.4,31,0.0,0.0,0.0,0.0,307.4733698630007,4008135.0,100567071.09756787,99999966.07281445,-567105.0247534246,24.94925097902502,24.94925097902502,15,
2017-01-25,7225.0,7185.0,19057.5,231246.24,32,0.0,0.0,0.0,0.0,333.4627397260192,4346925.0,100567071.09756787,100107176.37007472,-459894.7274931506,23.029423413119556,23.029423413119556,15,
2017-01-26,7330.0,7440.0,19402.390625,58651.727999999996,8,227184.554,10107.432794520557,8054.107822313706,2053.3249722068513,332.1705205479375,4330080.0,100575125.20539019,100256478.70058197,-318646.5048082192,23.153493399794453,23.153493399794453,15,
2017-01-27,7495.0,7490.0,19467.400390625,104950.986,14,944181.126,36577.11708219185,29146.475746944576,7430.641335247275,270.05041095895285,3520300.0,100604271.68113713,100278228.14883576,-326043.5323013698,28.485705237859207,28.485705237859207,2,
2017-01-30,7440.0,7415.0,19368.849609375,200920.176,27,438872.208,7487.046999999955,5966.053401949965,1520.9935980499909,249.14399999997113,3247770.0,100610237.73453908,100241880.0432377,-368357.6913013698,30.864833422082754,30.864833422082754,2,
2017-01-31,7250.0,7185.0,19041.33984375,174034.8,24,0.0,0.0,0.0,0.0,254.64427397260442,3319470.0,100610237.73453908,100139290.59896374,-470947.1355753425,30.16725278401785,30.16725278401785,2,
2017-02-01,7095.0,7255.0,19148.080078125,652870.548,92,0.0,0.0,0.0,0.0,308.3275616438186,4019270.0,100610237.73453908,100185911.7234021,-424326.01113698626,24.92639502282805,24.92639502282805,2,
2017-02-02,7265.0,7065.0,18914.580078125,646714.3169999999,89,668246.324,15324.573589041167,12211.386464427454,3113.187124613713,298.6269041095802,3892815.0,100622449.12100351,100077576.91637337,-544872.2046301368,25.708279719527738,25.708279719527738,2,
2017-02-03,7155.0,7075.0,18918.19921875,200380.068,28,0.0,0.0,0.0,0.0,314.2463013698143,4096425.0,100622449.12100351,100080492.602072,-541956.5189315068,24.431179040766523,24.431179040766523,15,
2017-02-06,7205.0,7120.0,18976.7109375,194573.907,27,0.0,0.0,0.0,0.0,330.9922191781079,4314720.0,100622449.12100351,100103882.70285283,-518566.4181506848,23.200551299470842,23.200551299470842,15,
2017-02-07,7025.0,7065.0,18910.779296875,126475.29,18,0.0,0.0,0.0,0.0,338.1909041095787,4408560.0,100622449.12100351,100070909.22194871,-551539.8990547946,22.699228142964756,22.699228142964756,15,
2017-02-08,7090.0,7145.0,19007.599609375,652410.456,92,0.0,0.0,0.0,0.0,392.4464657534263,5115820.0,100622449.12100351,100125366.31948297,-497082.8015205478,19.5717140789713,19.5717140789713,2,
2017-02-09,7095.0,7075.0,18907.669921875,652870.548,92,0.0,0.0,0.0,0.0,438.5336986300972,5716600.0,100622449.12100351,100072837.23778433,-549611.8832191778,17.505656725638374,17.505656725638374,2,
2017-02-10,7295.0,7420.0,19378.9296875,87557.508,12,0.0,0.0,0.0,0.0,466.7484931507206,6084400.0,100622449.12100351,100352612.98129117,-269836.13971232856,16.493427943805663,16.493427943805663,15,
2017-02-13,7530.0,7480.0,19459.150390625,0.0,0,2115506.8140000002,114182.15995890443,90986.05416325301,23196.105795651438,309.2826301369787,4031720.0,100713435.17516676,100391934.40686539,-321500.7683013699,24.900522458619495,24.900522458619495,2,
2017-02-14,7510.0,7325.0,19238.98046875,0.0,0,758358.2980000001,23680.55700000013,18869.851845450106,4810.705154550026,246.1199999999517,3208350.0,100732305.02701221,100321865.87971084,-410439.14730137,31.26899056515369,31.26899056515369,2,
2017-02-15,7475.0,7465.0,19437.98046875,545784.135,73,0.0,0.0,0.0,0.0,292.6279999999824,3814615.0,100732305.02701221,100382054.11671084,-350250.9103013699,26.31512069152741,26.31512069152741,2,
2017-02-16,7450.0,7395.0,19347.529296875,0.0,0,0.0,0.0,0.0,0.0,289.8839999999909,3778845.0,100732305.02701221,100345994.23271084,-386310.79430136987,26.554673248760093,26.554673248760093,2,
2017-02-17,7305.0,7310.0,19234.619140625,21919.383,3,0.0,0.0,0.0,0.0,288.234301369841,3757340.0,100732305.02701221,100302281.61540948,-430023.41160273977,26.695024037060655,26.695024037060655,2,
2017-02-20,7260.0,7330.0,19251.080078125,653530.68,90,0.0,0.0,0.0,0.0,339.6300273972738,4427320.0,100732305.02701221,100318391.30538207,-413913.7216301371,22.658942950900787,22.658942950900787,2,
2017-02-21,7340.0,7420.0,19381.439453125,653390.652,89,0.0,0.0,0.0,0.0,394.4593972603034,5142060.0,100732305.02701221,100379346.19398482,-352958.8330273972,19.521231995345214,19.521231995345214,2,
2017-02-22,7455.0,7420.0,19379.869140625,96934.383,13,670815.81,17183.29438356165,13692.5081295411,3490.786254020549,350.63057534249674,4570720.0,100745997.53514175,100378046.20415545,-367951.3309863014,21.96110157790358,21.96110157790358,2,
2017-02-23,7415.0,7415.0,19371.4609375,630401.055,85,0.0,0.0,0.0,0.0,398.7441643835482,5197915.0,100745997.53514175,100374441.40499106,-371556.1301506849,19.3105199690628,19.3105199690628,2,
2017-02-24,7315.0,7355.0,19283.5390625,468253.632,64,0.0,0.0,0.0,0.0,431.62767123286903,5626575.0,100745997.53514175,100334416.14531983,-411581.38982191787,17.832236510722748,17.832236510722748,2,
2017-02-27,7250.0,7220.0,19107.470703125,493098.6,68,0.0,0.0,0.0,0.0,461.36789041096927,6014260.0,100745997.53514175,100228541.17742942,-517456.3577123287,16.66514935793089,16.66514935793089,2,
2017-02-28,7295.0,7225.0,19118.990234375,649384.851,89,0.0,0.0,0.0,0.0,511.0153424657765,6661450.0,100745997.53514175,100225835.31108695,-520162.2240547945,15.045648516627304,15.045648516627304,2,
2017-03-01,7305.0,7440.0,19393.5390625,650275.029,89,0.0,0.0,0.0,0.0,577.0178630136943,7521840.0,100745997.53514175,100435373.26422395,-310624.2709178083,13.352500620090822,13.352500620090822,2,
2017-03-02,7610.0,7560.0,19564.80078125,7611.522,1,1894511.0219999999,79552.85752054802,63391.69451524868,16161.163005299328,442.4981917807745,5768280.0,100809389.229657,100552109.10302685,-257280.1266301371,17.431905022472357,17.431905022472357,2,
2017-03-03,7550.0,7490.0,19469.169921875,0.0,0,2106028.71,50057.367082191704,39888.212959444456,10169.154122747244,278.09446575348557,3625160.0,100849277.44261645,100504570.56443837,-344706.87817808223,27.72417508866874,27.72417508866874,2,
2017-03-06,7440.0,7415.0,19379.140625,513462.672,69,0.0,0.0,0.0,0.0,314.5585205479292,4100495.0,100849277.44261645,100466128.33391781,-383149.1086986301,24.50097569535332,24.50097569535332,2,
2017-03-07,7385.0,7390.0,19344.150390625,376710.327,51,0.0,0.0,0.0,0.0,342.4100821917673,4463560.0,100849277.44261645,100452140.59683563,-397136.845780822,22.504937896395617,22.504937896395617,2,
2017-03-08,7380.0,7320.0,19254.029296875,479795.94,65,0.0,0.0,0.0,0.0,375.6664109588892,4897080.0,100849277.44261645,100405488.99042466,-443788.45219178085,20.503134314821214,20.503134314821214,2,
2017-03-09,7390.0,7380.0,19318.580078125,650450.064,88,0.0,0.0,0.0,0.0,428.56569863013283,5586660.0,100849277.44261645,100444190.36072604,-405087.08189041103,17.97929180596744,17.97929180596744,2,
2017-03-10,7480.0,7605.0,19604.609375,650890.152,87,0.0,0.0,0.0,0.0,492.3872876712121,6418620.0,100849277.44261645,100624767.82143837,-224509.6211780822,15.677009672085024,15.677009672085024,2,
2017-03-13,7545.0,7610.0,19633.75,0.0,0,4081028.631,55589.370863013595,44296.39017219238,11292.980690821212,176.88558904113597,2305830.0,100893573.83278863,100581536.5861585,-312037.246630137,43.6205342918422,43.6205342918422,2,
2017-03-14,7630.0,7600.0,19609.5,587627.502,77,0.0,0.0,0.0,0.0,221.54520547944412,2888000.0,100893573.83278863,100575857.53895302,-317716.2938356164,34.82543543592556,34.82543543592556,2,
2017-03-15,7540.0,7575.0,19577.380859375,550530.084,73,0.0,0.0,0.0,0.0,263.2364383561362,3431475.0,100893573.83278863,100568539.21851467,-325034.6142739726,29.30767067179993,29.30767067179993,2,
2017-03-16,7480.0,7585.0,19590.140625,396519.288,53,0.0,0.0,0.0,0.0,294.4226849314873,3838010.0,100893573.83278863,100578260.50782973,-315313.3249589041,26.205835969116738,26.205835969116738,2,
2017-03-17,7505.0,7525.0,19521.58984375,412857.555,55,0.0,0.0,0.0,0.0,323.84301369865716,4221525.0,100893573.83278863,100548594.10981603,-344979.72297260264,23.818073826358017,23.818073826358017,2,
2017-03-21,7435.0,7475.0,19455.880859375,646974.3690000001,87,0.0,0.0,0.0,0.0,371.5791780822037,4843800.0,100893573.83278863,100523523.16163795,-370050.671150685,20.753029266616696,20.753029266616696,2,
2017-03-22,7205.0,7155.0,19041.380859375,648579.69,90,0.0,0.0,0.0,0.0,405.07101369863085,5280390.0,100893573.83278863,100311128.40062425,-582445.4321643836,18.996916591506356,18.996916591506356,2,
2017-03-23,7175.0,7185.0,19085.310546875,653055.585,91,0.0,0.0,0.0,0.0,456.92663013700803,5956365.0,100893573.83278863,100333590.88899411,-559982.9437945206,16.844768728745485,16.844768728745485,2,
2017-03-24,7175.0,7320.0,19262.529296875,653055.585,91,0.0,0.0,0.0,0.0,516.6115068492945,6734400.0,100893573.83278863,100458053.69248725,-435520.1403013698,14.917149811785348,14.917149811785348,2,
2017-03-27,7170.0,7090.0,18985.58984375,652600.4940000001,91,0.0,0.0,0.0,0.0,549.8732054794673,7167990.0,100893573.83278863,100238493.32528178,-655080.5075068492,13.984184314610063,13.984184314610063,2,
2017-03-28,7225.0,7255.0,19202.869140625,650380.0499999999,90,0.0,0.0,0.0,0.0,612.7592876712151,7987755.0,100893573.83278863,100407265.51599412,-486308.31679452036,12.570148372852461,12.570148372852461,2,
2017-03-29,7365.0,7365.0,19217.48046875,633516.678,86,0.0,0.0,0.0,0.0,670.6387397259969,8742255.0,100893573.83278863,100527578.19925438,-365995.6335342465,11.499044376908977,11.499044376908977,2,
2017-03-30,7330.0,7250.0,19063.220703125,0.0,0,3319825.9020000002,61147.11131506887,48725.075651412626,12422.035663656241,408.2246575342724,5321500.0,100942298.90844005,100413818.8409332,-528480.0675068493,18.86945764181776,18.86945764181776,2,
2017-03-31,7345.0,7155.0,18909.259765625,653835.741,89,0.0,0.0,0.0,0.0,451.7255342465796,5888565.0,100942298.90844005,100326596.37439896,-615702.5340410959,17.037528901251658,17.037528901251658,2,
2017-04-03,7190.0,7210.0,18983.23046875,654420.858,91,0.0,0.0,0.0,0.0,505.5296438356163,6589940.0,100942298.90844005,100373044.98675512,-569253.9216849315,15.231253241570503,15.231253241570503,2,
2017-04-04,7155.0,7075.0,18810.25,651235.221,91,0.0,0.0,0.0,0.0,545.4534246574622,7110375.0,100942298.90844005,100241699.31233047,-700599.5961095891,14.09794832372842,14.09794832372842,2,
2017-04-05,7130.0,7110.0,18861.26953125,648959.766,91,0.0,0.0,0.0,0.0,597.7854246575735,7792560.0,100942298.90844005,100274326.7609058,-667972.1475342467,12.867956969327897,12.867956969327897,2,
2017-04-06,7020.0,6905.0,18597.060546875,652990.5719999999,93,0.0,0.0,0.0,0.0,629.811671232892,8210045.0,100942298.90844005,100038191.37723458,-904107.5312054792,12.184852991333736,12.184852991333736,2,
2017-04-07,7000.0,6955.0,18664.630859375,651130.2,93,0.0,0.0,0.0,0.0,683.9909041096107,8916310.0,100942298.90844005,100092642.18633047,-849656.7221095888,11.225792080617483,11.225792080617483,2,
2017-04-10,7050.0,7050.0,18797.880859375,648729.72,92,0.0,0.0,0.0,0.0,743.089315068486,9686700.0,100942298.90844005,100213559.3770154,-728739.5314246576,10.345479820477086,10.345479820477086,2,
2017-04-11,6985.0,7005.0,18747.869140625,307401.468,44,0.0,0.0,0.0,0.0,761.9904657534789,9933090.0,100942298.90844005,100151785.91854964,-790512.989890411,10.08264154644221,10.08264154644221,2,exposure_limit_hit
2017-04-12,6895.0,6855.0,18552.609375,62067.411,9,0.0,0.0,0.0,0.0,750.4065205479419,9782085.0,100942298.90844005,99937963.1010291,-1004335.8074109589,10.216427591973398,10.216427591973398,2,exposure_limit_hit
2017-04-13,6755.0,6775.0,18426.83984375,216203.232,32,0.0,0.0,0.0,0.0,758.2802739725885,9884725.0,100942298.90844005,99823641.58875512,-1118657.319684931,10.098777820197842,10.098777820197842,2,exposure_limit_hit
2017-04-14,6720.0,6705.0,18335.630859375,114262.848,17,0.0,0.0,0.0,0.0,759.1896986300999,9896580.0,100942298.90844005,99720474.55105649,-1221824.3573835613,10.076256095646828,10.076256095646828,2,exposure_limit_hit
2017-04-17,6635.0,6725.0,18355.259765625,99544.905,15,0.0,0.0,0.0,0.0,769.1926027397421,10026975.0,100942298.90844005,99750555.45345375,-1191743.4549863013,9.948220221298422,9.948220221298422,16,exposure_limit_hit
2017-04-18,6825.0,6770.0,18418.58984375,68263.65,10,102354.52500000001,2801.881643835626,2232.6793878904186,569.2022559452074,771.7429041095747,10060220.0,100944531.58782794,99816550.38329369,-1127981.2045342464,9.921905324465438,9.921905324465438,16,exposure_limit_hit
2017-04-19,6705.0,6785.0,18432.19921875,0.0,0,0.0,0.0,0.0,0.0,773.4528219178028,10082510.0,100944531.58782794,99838066.93047178,-1106464.6573561642,9.902104429400197,9.902104429400197,16,exposure_limit_hit
2017-04-20,6785.0,6785.0,18430.490234375,27145.428,4,115321.931,1023.8916027397247,815.8880236431496,208.00357909657507,766.6864109588932,9994305.0,100945347.47585158,99837063.74348171,-1108283.732369863,9.989395334991448,9.989395334991448,16,exposure_limit_hit
2017-04-21,6880.0,6920.0,18620.75,0.0,0,0.0,0.0,0.0,0.0,781.9410410959099,10193160.0,100945347.47585158,100035136.80244063,-910210.6734109586,9.813947470896231,9.813947470896231,16,exposure_limit_hit
2017-04-24,7110.0,7105.0,18875.880859375,14222.844,2,326994.588,15240.644027397291,12144.507193231533,3096.13683416576,778.8637260273972,10153045.0,100957491.98304482,100303918.54588044,-653573.4371643834,9.879195703937137,9.879195703937137,16,
2017-04-25,7090.0,7255.0,19079.330078125,0.0,0,2346320.642,21969.699931507104,17506.555390421436,4463.144541085668,611.0896438355994,7965990.0,100974998.53843524,100458109.9536955,-516888.584739726,12.610875729657645,12.610875729657645,16,
2017-04-26,7350.0,7415.0,19289.4296875,0.0,0,2020845.75,49683.90905479449,39590.622930312995,10093.286124481501,468.14043835614575,6102545.0,101014589.16136554,100604949.27713266,-409639.88423287676,16.485736570092094,16.485736570092094,16,
2017-04-27,7350.0,7390.0,19251.869140625,0.0,0,0.0,0.0,0.0,0.0,466.56208219176915,6081970.0,101014589.16136554,100583907.71505047,-430681.4463150685,16.538047329245373,16.538047329245373,16,
2017-04-28,7375.0,7345.0,19196.740234375,0.0,0,0.0,0.0,0.0,0.0,463.7210410958505,6044935.0,101014589.16136554,100546408.99400938,-468180.1673561646,16.633166277885433,16.633166277885433,16,
2017-05-01,7355.0,7425.0,19310.51953125,0.0,0,0.0,0.0,0.0,0.0,468.7717808219313,6110775.0,101014589.16136554,100611780.22222856,-402808.93913698633,16.46465141037406,16.46465141037406,16,
2017-05-02,7455.0,7535.0,19445.69921875,0.0,0,1304364.075,14838.17402739722,11823.798973731475,3014.375053665745,374.5617534246412,4882680.0,101026412.96033928,100684660.36042146,-341752.5999178082,20.62077800724632,20.62077800724632,16,
2017-05-08,7750.0,7885.0,19895.69921875,0.0,0,1084783.0,38861.41083561638,30966.71522436091,7894.695611255466,307.2773698629899,4005580.0,101057379.67556363,100884141.38744034,-173238.2881232877,25.18590101494424,25.18590101494424,16,
2017-05-09,7900.0,7850.0,19843.0,0.0,0,1737652.4,69593.53204109587,55455.60600694724,14137.926034148622,173.43123287669732,2260800.0,101112835.28157058,100862702.43017332,-250132.85139726024,44.613721881711484,44.613721881711484,16,
2017-05-10,7885.0,7895.0,19900.08984375,0.0,0,0.0,0.0,0.0,0.0,174.42542465755832,2273760.0,101112835.28157058,100875488.00474867,-237347.2768219178,44.365055240987914,44.365055240987914,16,
2017-05-11,7925.0,7950.0,19961.55078125,0.0,0,0.0,0.0,0.0,0.0,175.64054794519325,2289600.0,101112835.28157058,100891152.36420073,-221682.917369863,44.06496871252652,44.06496871252652,16,
2017-05-12,7890.0,7885.0,19883.900390625,0.0,0,0.0,0.0,0.0,0.0,174.204493150668,2270880.0,101112835.28157058,100872258.15970758,-240577.12186301366,44.41989808343355,44.41989808343355,16,
2017-05-15,7785.0,7855.0,19869.849609375,0.0,0,0.0,0.0,0.0,0.0,173.54169863015704,2262240.0,101112835.28157058,100863444.61800894,-249390.66356164377,44.58565166295749,44.58565166295749,16,
2017-05-16,7920.0,7895.0,19919.8203125,0.0,0,0.0,0.0,0.0,0.0,174.42542465755832,2273760.0,101112835.28157058,100874790.19258428,-238045.08898630133,44.36474834308998,44.36474834308998,16,
2017-05-17,7815.0,7815.0,19814.880859375,0.0,0,0.0,0.0,0.0,0.0,172.6579726027412,2250720.0,101112835.28157058,100851577.53461167,-261257.7469589041,44.80858460164377,44.80858460164377,16,
2017-05-18,7600.0,7615.0,19553.859375,0.0,0,0.0,0.0,0.0,0.0,168.2393424657348,2193120.0,101112835.28157058,100793809.29526922,-319025.98630136985,45.959094484236715,45.959094484236715,16,
2017-05-19,7645.0,7650.0,19590.759765625,53525.702999999994,7,0.0,0.0,0.0,0.0,173.12054794521828,2256750.0,101112835.28157058,100803740.47172126,-309094.809849315,44.66765945351557,44.66765945351557,16,
2017-05-22,7710.0,7710.0,19678.279296875,38557.71,5,0.0,0.0,0.0,0.0,177.43561643834983,2313000.0,101112835.28157058,100821255.32610483,-291579.9554657534,43.588956042414544,43.588956042414544,16,
2017-05-23,7680.0,7655.0,19613.279296875,23044.608,3,53749.248,215.29689041096444,171.55932712397703,43.737563286987424,173.82093150686705,2265880.0,101113006.84089771,100804622.40761004,-308384.4332876712,44.48806750913996,44.48806750913996,16,
2017-05-24,7785.0,7765.0,19742.98046875,54505.899,7,0.0,0.0,0.0,0.0,180.4883835616638,2352795.0,101113006.84089771,100836851.02022648,-276155.8206712328,42.85832425699072,42.85832425699072,16,
2017-05-25,7745.0,7815.0,19813.130859375,15493.098,2,23230.353,182.19628767123186,145.1831118308211,37.01317584041075,181.05106849315052,2360130.0,101113152.02400954,100851705.21098214,-261446.81302739723,42.731419545102234,42.731419545102234,16,
2017-05-26,7800.0,7715.0,19686.83984375,7801.5599999999995,1,54589.08,525.203671232883,418.5085454219228,106.69512581096018,175.18334246573795,2283640.0,101113570.53255497,100821720.85251388,-291849.6800410959,44.14956860648521,44.14956860648521,16,
2017-05-29,7715.0,7720.0,19682.5703125,30866.172,4,0.0,0.0,0.0,0.0,177.6657534246624,2316000.0,101113570.53255497,100823037.01476045,-290533.5177945205,43.53326295974113,43.53326295974113,16,
2017-05-30,7710.0,7710.0,19677.849609375,46269.25199999999,6,0.0,0.0,0.0,0.0,180.98432876711013,2359260.0,101113570.53255497,100819846.77843168,-293723.7541232876,42.733673600379646,42.733673600379646,16,
2017-05-31,7660.0,7685.0,19650.5703125,45969.192,6,0.0,0.0,0.0,0.0,183.93468493151886,2397720.0,101113570.53255497,100812153.65174675,-301416.8808082191,42.04500677800024,42.04500677800024,16,
2017-06-01,7705.0,7850.0,19860.029296875,92478.492,12,0.0,0.0,0.0,0.0,195.11013698630268,2543400.0,101113570.53255497,100865160.04960977,-248410.4829452054,39.65760794590303,39.65760794590303,16,
2017-06-02,7920.0,8125.0,20177.279296875,31686.336,4,277144.55999999994,6991.838808219189,5571.446754329461,1420.3920538897282,182.62328767118743,2380625.0,101119141.97930929,100946240.25826819,-172901.72104109588,42.403251355534024,42.403251355534024,16,
2017-06-05,8055.0,8105.0,20170.8203125,8056.611,1,64427.112,1141.2513287671277,909.4061213280856,231.84520743904199,177.82147945203178,2318030.0,101120051.38543062,100939606.0925813,-180445.292849315,43.54542697574289,43.54542697574289,3,
2017-06-06,8070.0,7930.0,19979.900390625,0.0,0,0.0,0.0,0.0,0.0,173.98202739724366,2267980.0,101120051.38543062,100889382.1105539,-230669.2748767123,44.484246823408455,44.484246823408455,16,
2017-06-07,7930.0,7950.0,19984.619140625,47589.516,6,0.0,0.0,0.0,0.0,178.0799999999872,2321400.0,101120051.38543062,100895034.5145539,-225016.8708767123,43.463011335639656,43.463011335639656,3,
2017-06-08,8000.0,7890.0,19909.259765625,40008.0,5,0.0,0.0,0.0,0.0,179.76230136981758,2343330.0,101120051.38543062,100876776.75225253,-243274.63317808215,43.048472367209285,43.048472367209285,3,
2017-06-09,7935.0,7965.0,20013.259765625,55556.109,7,0.0,0.0,0.0,0.0,185.748164383549,2421360.0,101120051.38543062,100899064.89508815,-220986.49034246572,41.670410387174215,41.670410387174215,16,
2017-06-12,7890.0,7890.0,19908.580078125,63132.623999999996,8,0.0,0.0,0.0,0.0,188.84120547940256,2461680.0,101120051.38543062,100876063.42988268,-243987.9555479451,40.978544502080965,40.978544502080965,16,
2017-06-13,7850.0,7880.0,19898.75,125625.12,16,0.0,0.0,0.0,0.0,198.27375342469895,2584640.0,101120051.38543062,100873200.03612925,-246851.34930136983,39.02794974779051,39.02794974779051,16,
2017-06-14,7940.0,7865.0,19883.51953125,285897.168,36,0.0,0.0,0.0,0.0,219.61665753420675,2862860.0,101120051.38543062,100865303.25147171,-254748.13395890404,35.23235619327236,35.23235619327236,3,
2017-06-15,7815.0,7820.0,19831.8203125,250130.016,32,0.0,0.0,0.0,0.0,237.55660273968533,3096720.0,101120051.38543062,100848795.67886898,-271255.7065616438,32.56632684868796,32.56632684868796,3,
2017-06-16,7895.0,7905.0,19943.259765625,94758.948,12,0.0,0.0,0.0,0.0,247.4156712328695,3225240.0,101120051.38543062,100882309.31519774,-237742.0702328767,31.279008481600666,31.279008481600666,17,
2017-06-19,7925.0,8005.0,20067.75,79265.85,10,0.0,0.0,0.0,0.0,256.6863561643986,3346090.0,101120051.38543062,100923636.77884158,-196414.60658904107,30.161662351832014,30.161662351832014,17,
2017-06-20,8130.0,8135.0,20230.41015625,56921.382,7,0.0,0.0,0.0,0.0,265.22328767119325,3457375.0,101120051.38543062,100977735.17355391,-142316.2118767123,29.206474615439145,29.206474615439145,17,
2017-06-21,8100.0,8060.0,20138.7890625,48609.72,6,0.0,0.0,0.0,0.0,266.4878904109355,3473860.0,101120051.38543062,100945343.9656635,-174707.41976712324,29.058552723962247,29.058552723962247,17,
2017-06-22,8065.0,8045.0,20110.509765625,56466.291,7,0.0,0.0,0.0,0.0,270.31200000003446,3523710.0,101120051.38543062,100938457.3626635,-181594.02276712327,28.645506401679903,28.645506401679903,17,
2017-06-23,8065.0,8060.0,20132.669921875,56466.291,7,0.0,0.0,0.0,0.0,275.1441095890186,3586700.0,101120051.38543062,100944705.9275539,-175345.45787671226,28.144173175217862,28.144173175217862,17,
2017-06-26,8045.0,8070.0,20153.349609375,64372.871999999996,8,0.0,0.0,0.0,0.0,280.4380273972056,3655710.0,101120051.38543062,100949062.61752652,-170988.76790410955,27.61407841911052,27.61407841911052,17,
2017-06-27,8145.0,8130.0,20225.08984375,65173.032,8,0.0,0.0,0.0,0.0,287.51243835622154,3747930.0,101120051.38543062,100975822.07308815,-144229.31234246568,26.94175773642735,26.94175773642735,17,
2017-06-28,8085.0,8075.0,20130.41015625,64692.936,8,0.0,0.0,0.0,0.0,290.5230136986647,3787175.0,101120051.38543062,100950083.61407445,-169967.77135616436,26.655774717058087,26.655774717058087,17,
2017-06-29,8180.0,8140.0,20220.30078125,73634.724,9,0.0,0.0,0.0,0.0,298.48153424664633,3890920.0,101120051.38543062,100979895.4085402,-140155.97689041088,25.952704092744185,25.952704092744185,17,
2017-06-30,8000.0,7990.0,20033.4296875,64012.799999999996,8,0.0,0.0,0.0,0.0,297.88471232879965,3883140.0,101120051.38543062,100907804.72382788,-212246.6616027397,25.986136148536463,25.986136148536463,17,
2017-07-03,8005.0,8015.0,20055.80078125,0.0,0,0.0,0.0,0.0,0.0,298.8167671233241,3895290.0,101120051.38543062,100919655.90706076,-200395.47836986298,25.90812388989286,25.90812388989286,4,
2017-07-04,8120.0,7990.0,20032.349609375,0.0,0,0.0,0.0,0.0,0.0,297.88471232879965,3883140.0,101120051.38543062,100907208.02234843,-212843.3630821918,25.98598248385287,25.98598248385287,4,
2017-07-05,7985.0,8030.0,20081.630859375,0.0,0,0.0,0.0,0.0,0.0,299.37600000003295,3902580.0,101120051.38543062,100926348.64634843,-193702.73908219175,25.861442596013006,25.861442596013006,4,
2017-07-06,8015.0,7960.0,19994.060546875,88182.633,11,0.0,0.0,0.0,0.0,303.4831780822278,3956120.0,101120051.38543062,100891402.53017035,-228648.85526027394,25.502614311540185,25.502614311540185,17,
2017-07-07,7855.0,7910.0,19929.08984375,0.0,0,0.0,0.0,0.0,0.0,301.5768767123227,3931270.0,101120051.38543062,100866250.95329364,-253800.43213698626,25.65742138120598,25.65742138120598,4,
2017-07-10,8020.0,8035.0,20080.98046875,0.0,0,0.0,0.0,0.0,0.0,306.34263013702,3993395.0,101120051.38543062,100928069.61066349,-191981.77476712337,25.27375068348197,25.27375068348197,4,
2017-07-11,8025.0,8120.0,20195.48046875,0.0,0,256748.64,6264.213041095901,4991.638161797268,1272.5748792986321,289.65041095892957,3775800.0,101125043.02359241,100965661.02537324,-159381.99821917812,26.740203672168345,26.740203672168345,4,
2017-07-12,8065.0,8040.0,20098.380859375,0.0,0,290281.93200000003,6317.471671232896,5034.077301221934,1283.394370010963,264.5930958903482,3449160.0,101130077.10089365,100927754.96990734,-202322.1309863014,29.26154628080673,29.26154628080673,4,
2017-07-13,8090.0,8045.0,20099.810546875,0.0,0,0.0,0.0,0.0,0.0,264.7576438356482,3451305.0,101130077.10089365,100929635.21226351,-200441.88863013702,29.24390490329412,29.24390490329412,4,
2017-07-14,8070.0,8065.0,20118.859375,0.0,0,0.0,0.0,0.0,0.0,265.41583561646985,3459885.0,101130077.10089365,100937949.79642789,-192127.30446575343,29.173787509246086,29.173787509246086,4,
2017-07-18,8025.0,7955.0,19999.91015625,0.0,0,0.0,0.0,0.0,0.0,261.795780821878,3412695.0,101130077.10089365,100890498.00064707,-239579.10024657528,29.563291768132537,29.563291768132537,4,
2017-07-19,7935.0,7975.0,20020.859375,0.0,0,0.0,0.0,0.0,0.0,262.4539726026851,3421275.0,101130077.10089365,100898815.54667448,-231261.55421917798,29.491582976134474,29.491582976134474,4,
2017-07-20,7990.0,8070.0,20144.58984375,119873.97,15,0.0,0.0,0.0,0.0,274.8664109588426,3583080.0,101130077.10089365,100940471.7102635,-189605.39063013694,28.171425619931316,28.171425619931316,17,
2017-07-21,8030.0,8030.0,20099.75,96379.272,12,0.0,0.0,0.0,0.0,280.896000000037,3661680.0,101130077.10089365,100922411.54226351,-207665.55863013695,27.56177807516318,27.56177807516318,17,
2017-07-24,7940.0,7930.0,19975.669921875,103240.644,13,0.0,0.0,0.0,0.0,285.3061917807936,3719170.0,101130077.10089365,100876375.59207173,-253701.50882191773,27.123356983432252,27.123356983432252,17,
2017-07-25,7935.0,7925.0,19955.19921875,0.0,0,0.0,0.0,0.0,0.0,285.12630136989173,3716825.0,101130077.10089365,100873745.46577036,-256331.63512328765,27.139761884342246,27.139761884342246,4,
2017-07-26,8030.0,8000.0,20050.16015625,0.0,0,0.0,0.0,0.0,0.0,287.8246575342346,3752000.0,101130077.10089365,100908632.64111282,-221444.4597808219,26.894624904347765,26.894624904347765,4,
2017-07-27,7985.0,8015.0,20079.640625,111812.358,14,0.0,0.0,0.0,0.0,296.9722191781184,3871245.0,101130077.10089365,100915768.31089364,-214308.7899999999,26.068039690304705,26.068039690304705,17,
2017-07-28,7980.0,7925.0,19959.83984375,111742.344,14,0.0,0.0,0.0,0.0,302.148767123319,3938725.0,101130077.10089365,100871203.81812653,-258873.28276712325,25.61011591774661,25.61011591774661,17,
2017-07-31,7915.0,7910.0,19925.1796875,0.0,0,0.0,0.0,0.0,0.0,301.57687671233725,3931270.0,101130077.10089365,100863447.24124981,-266629.85964383563,25.656708198940752,25.656708198940752,4,
2017-08-01,7905.0,7940.0,19985.7890625,0.0,0,0.0,0.0,0.0,0.0,302.72065753428615,3946180.0,101130077.10089365,100878054.52059227,-252022.58030136977,25.563470120621023,25.563470120621023,4,
2017-08-02,8005.0,8025.0,20080.0390625,0.0,0,0.0,0.0,0.0,0.0,305.9613698629546,3988425.0,101130077.10089365,100919993.55922242,-210083.54167123276,25.30321958146948,25.30321958146948,4,
2017-08-03,8005.0,7970.0,20029.259765625,0.0,0,0.0,0.0,0.0,0.0,303.8644383561914,3961090.0,101130077.10089365,100892354.69478406,-237722.40610958898,25.470856429615097,25.470856429615097,18,
2017-08-04,7930.0,7925.0,19952.330078125,0.0,0,0.0,0.0,0.0,0.0,302.148767123319,3938725.0,101130077.10089365,100869687.54601693,-260389.5548767123,25.609730952533354,25.609730952533354,4,
2017-08-07,8000.0,8000.0,20055.890625,0.0,0,0.0,0.0,0.0,0.0,305.0082191780821,3976000.0,101130077.10089365,100906657.53779775,-223419.56309589042,25.378938012524586,25.378938012524586,4,
2017-08-08,8000.0,7945.0,19996.009765625,0.0,0,0.0,0.0,0.0,0.0,302.911287671217,3948665.0,101130077.10089365,100879019.62651008,-251057.47438356164,25.547626761578936,25.547626761578936,4,
2017-08-09,7895.0,7740.0,19738.7109375,0.0,0,0.0,0.0,0.0,0.0,295.0954520547966,3846780.0,101130077.10089365,100776839.53105803,-353237.5698356164,26.19771329035142,26.19771329035142,4,
2017-08-10,7790.0,7740.0,19729.740234375,148039.602,19,0.0,0.0,0.0,0.0,306.37676712329267,3993840.0,101130077.10089365,100775553.5522909,-354523.54860273976,25.23274681817271,25.23274681817271,4,
2017-08-14,7610.0,7590.0,19537.099609375,106561.308,14,0.0,0.0,0.0,0.0,308.590684931507,4022700.0,101130077.10089365,100697543.65360598,-432533.4472876712,25.03232745509384,25.03232745509384,4,
2017-08-15,7695.0,7765.0,19753.310546875,538757.73,70,0.0,0.0,0.0,0.0,357.40273972610885,4659000.0,101130077.10089365,100794728.52086625,-335348.58002739714,21.634412646676594,21.634412646676594,4,
2017-08-16,7745.0,7735.0,19729.279296875,54225.843,7,0.0,0.0,0.0,0.0,360.1755068492639,4695145.0,101130077.10089365,100776287.5023594,-353789.59853424644,21.46393508663937,21.46393508663937,4,
2017-08-17,7715.0,7715.0,19702.630859375,46299.258,6,0.0,0.0,0.0,0.0,362.7952328766987,4729295.0,101130077.10089365,100763775.44912653,-366301.65176712326,21.30629944825318,21.30629944825318,4,
2017-08-18,7535.0,7525.0,19470.41015625,0.0,0,0.0,0.0,0.0,0.0,353.86054794520896,4612825.0,101130077.10089365,100646951.58857858,-483125.51231506857,21.818939931295592,21.818939931295592,4,
2017-08-21,7550.0,7470.0,19393.130859375,256751.34,34,0.0,0.0,0.0,0.0,370.75758904115355,4833090.0,101130077.10089365,100610094.49098954,-519982.6099041095,20.8169296435592,20.8169296435592,4,
2017-08-22,7455.0,7475.0,19383.83984375,156586.311,21,0.0,0.0,0.0,0.0,383.0476712328964,4993300.0,101130077.10089365,100613335.1323183,-516741.9685753423,20.149667581022232,20.149667581022232,4,
2017-08-23,7590.0,7500.0,19434.640625,303660.72,40,0.0,0.0,0.0,0.0,407.3424657534342,5310000.0,101130077.10089365,100625967.06985255,-504110.0310410958,18.950276284341346,18.950276284341346,19,
2017-08-24,7450.0,7440.0,19353.76953125,149029.8,20,0.0,0.0,0.0,0.0,415.498520547917,5416320.0,101130077.10089365,100582841.771332,-547235.3295616437,18.57032852034813,18.57032852034813,19,
2017-08-25,7480.0,7520.0,19452.609375,216963.384,29,0.0,0.0,0.0,0.0,436.69567123286834,5692640.0,101130077.10089365,100641761.69166078,-488315.4092328768,17.679277398827395,17.679277398827395,19,
2017-08-28,7540.0,7515.0,19449.900390625,22624.523999999998,3,0.0,0.0,0.0,0.0,438.1347945206071,5711400.0,101130077.10089365,100637459.03286625,-492618.0680273971,17.62045365984982,17.62045365984982,19,
2017-08-29,7410.0,7450.0,19362.55078125,14822.964,2,0.0,0.0,0.0,0.0,435.4882191781653,5676900.0,101130077.10089365,100587700.58064707,-542376.5202465754,17.71877267181861,17.71877267181861,19,
2017-08-30,7540.0,7570.0,19506.5390625,30166.032,4,0.0,0.0,0.0,0.0,444.82564383554563,5798620.0,101130077.10089365,100678809.72300324,-451267.3778904107,17.36254655814715,17.36254655814715,19,
2017-08-31,7625.0,7675.0,19646.240234375,7626.525,1,327809.425,7225.991972602771,5758.031703368519,1467.960269234253,426.267397260337,5556700.0,101135835.13259701,100755178.39533675,-380656.73726027383,18.132196878603622,18.132196878603622,19,
2017-09-01,7740.0,7710.0,19691.470703125,0.0,0,541691.64,14914.438575342507,11884.570378761677,3029.8681965808305,386.8096438355569,5042340.0,101147719.70297576,100779093.3574963,-368626.3454794521,19.98657237661409,19.98657237661409,19,
2017-09-04,7650.0,7565.0,19508.25,0.0,0,305938.8,2092.80438356166,1667.6511730411087,425.1532105205512,356.321863013698,4644910.0,101149387.3541488,100686820.68242277,-462566.6717260275,21.67680766310279,21.67680766310279,19,
2017-09-05,7595.0,7465.0,19385.810546875,7596.519,1,0.0,0.0,0.0,0.0,352.18438356160186,4590975.0,101149387.3541488,100624936.97903922,-524450.3751095888,21.917988440154698,21.917988440154698,19,
2017-09-06,7400.0,7450.0,19357.970703125,14802.96,2,0.0,0.0,0.0,0.0,352.619726027493,4596650.0,101149387.3541488,100615456.39931318,-533930.9548356164,21.888866108864757,21.888866108864757,19,
2017-09-07,7500.0,7470.0,19396.51953125,45009.0,6,0.0,0.0,0.0,0.0,357.00460273979115,4653810.0,101149387.3541488,100627250.39471045,-522136.9594383561,21.622552359187516,21.622552359187516,19,
2017-09-08,7435.0,7385.0,19274.8203125,52055.409,7,0.0,0.0,0.0,0.0,356.9079452055448,4652550.0,101149387.3541488,100573578.07776524,-575809.2763835617,21.616872054629233,21.616872054629233,19,
2017-09-11,7510.0,7585.0,19545.76953125,165253.044,22,0.0,0.0,0.0,0.0,379.37468493147753,4945420.0,101149387.3541488,100700815.65908031,-448571.6950684931,20.362439521634222,20.362439521634222,19,
2017-09-12,7735.0,7765.0,19776.619140625,0.0,0,69601.077,2730.0834520547987,2175.466998769866,554.6164532849323,383.01660273980815,4992895.0,101151562.82114758,100816954.10302429,-334608.71812328754,20.192083771644363,20.192083771644363,19,
2017-09-13,7845.0,7845.0,19865.8203125,0.0,0,345110.96400000004,12837.432000000037,10229.507689200029,2607.9243108000073,360.48312328761676,4699155.0,101161792.32883678,100865356.65959021,-296435.66924657515,21.464573239144105,21.464573239144105,19,
2017-09-14,7840.0,7800.0,19807.439453125,0.0,0,595720.8319999999,9699.70657534247,7729.211184561647,1970.4953907808228,312.9402739726065,4079400.0,101169521.54002135,100839039.05592546,-330482.4840958903,24.719085908693792,24.719085908693792,19,
2017-09-15,7770.0,7875.0,19909.5,0.0,0,0.0,0.0,0.0,0.0,315.94931506853027,4118625.0,101169521.54002135,100877948.10661039,-291573.43341095885,24.49311314009175,24.49311314009175,19,
2017-09-19,8050.0,8195.0,20299.380859375,0.0,0,56338.73,2019.1802054794546,1608.9837467363034,410.1964587431512,324.38728767128487,4228620.0,101171130.52376808,101043547.25286397,-127583.2709041096,23.895159000540122,23.895159000540122,19,
2017-09-20,8190.0,8205.0,20310.4609375,0.0,0,1580353.866,35567.151164383584,28341.68440533906,7225.466759044524,203.30416438353132,2650215.0,101199472.20817342,101038067.34794055,-161404.86023287664,38.12447946598316,38.12447946598316,3,
2017-09-21,8330.0,8245.0,20347.48046875,0.0,0,0.0,0.0,0.0,0.0,204.29528767120792,2663135.0,101199472.20817342,101050783.05265288,-148689.15552054794,37.9442961219213,37.9442961219213,3,
2017-09-22,8265.0,8195.0,20296.44921875,0.0,0,173530.28699999998,4075.225643835611,3247.3435542904067,827.8820895452044,189.85457534249872,2474890.0,101202719.55172771,101035050.60298799,-167668.94873972604,40.8240570704104,40.8240570704104,3,
2017-09-25,8295.0,8270.0,20397.580078125,0.0,0,0.0,0.0,0.0,0.0,191.59210958902258,2497540.0,101202719.55172771,101057509.0108784,-145210.54084931506,40.462819018265336,40.462819018265336,3,
2017-09-26,8235.0,8205.0,20330.189453125,0.0,0,181133.766,2670.4830136986516,2127.9743894657704,542.5086242328811,176.23890410957392,2297400.0,101204847.52611718,101037784.02935006,-167063.49676712332,43.97918691971361,43.97918691971361,3,
2017-09-27,8265.0,8275.0,20267.05078125,16533.306,2,0.0,0.0,0.0,0.0,179.0120547945262,2333550.0,101204847.52611718,101057221.71129526,-147625.81482191783,43.306216584729384,43.306216584729384,3,
2017-09-28,8375.0,8355.0,20363.109375,33506.7,4,0.0,0.0,0.0,0.0,183.3064109588886,2389530.0,101204847.52611718,101079511.7048843,-125335.8212328767,42.30100132866476,42.30100132866476,3,
2017-09-29,8305.0,8325.0,20356.279296875,24919.983,3,174370.119,2805.6738767123297,2235.7012286582194,569.9726480541096,171.15287671235274,2231100.0,101207083.22734584,101069790.71535954,-137292.51198630134,45.30043060165817,45.30043060165817,3,
2017-10-02,8370.0,8380.0,20400.779296875,25115.021999999997,3,0.0,0.0,0.0,0.0,174.21216438357078,2270980.0,101207083.22734584,101084381.48119515,-122701.74615068494,44.51134817620373,44.51134817620373,3,
2017-10-03,8430.0,8560.0,20614.0703125,33726.744,4,84283.14,1948.3586575342465,1552.5495962561643,395.8090612780822,174.01424657534517,2268400.0,101208635.77694209,101131788.0538873,-76847.72305479448,44.582872533013266,44.582872533013266,3,
2017-10-04,8585.0,8570.0,20626.66015625,0.0,0,935577.847,10615.84134246568,8459.233173743778,2156.608168721903,102.55824657532503,1336920.0,101217095.01011583,101133626.73447199,-83468.27564383562,75.64673034622265,75.64673034622265,3,
2017-10-05,8585.0,8575.0,20628.560546875,8586.717,1,0.0,0.0,0.0,0.0,103.27589041097963,1346275.0,101217095.01011583,101134291.74158159,-82803.26853424656,75.12157006672604,75.12157006672604,3,
2017-10-06,8630.0,8625.0,20690.7109375,25895.178,3,0.0,0.0,0.0,0.0,105.86301369861758,1380000.0,101217095.01011583,101142015.70056789,-75079.30954794516,73.29131572504919,73.29131572504919,3,
2017-10-10,8600.0,8725.0,20823.509765625,17203.44,2,34393.12,655.8418630137024,522.6075885424688,133.23427447123365,105.75178082191269,1378550.0,101217617.61770438,101157516.3945126,-60101.2231917808,73.37964991803895,73.37964991803895,3,
2017-10-11,8710.0,8775.0,20881.26953125,8711.742,1,0.0,0.0,0.0,0.0,107.03095890412806,1395225.0,101217617.61770438,101165372.62155369,-52244.996150684914,72.5082854891173,72.5082854891173,3,
2017-10-12,8850.0,8840.0,20954.720703125,26555.31,3,26544.69,749.1861506849309,596.9889841732872,152.19716651164373,107.82378082194191,1405560.0,101218214.60668854,101175436.98060635,-42777.62608219176,71.98229672202278,71.98229672202278,3,
2017-10-13,8835.0,9020.0,21155.1796875,17673.534,2,26499.699,596.4742602739732,475.3005142993155,121.17374597465765,109.32734246576729,1425160.0,101218689.90720285,101203632.64451793,-15057.262684931487,71.01211979322878,71.01211979322878,3,
2017-10-16,9065.0,9105.0,21255.560546875,0.0,0,706928.586,7480.237671232913,5960.6273883219465,1519.6102829109661,55.8772602739773,728400.0,101224650.53459117,101212225.74297473,-12424.79161643835,138.95143567129975,138.95143567129975,3,
2017-10-17,9190.0,9175.0,21336.119140625,9191.838,1,27564.486,1002.970356164383,799.2169283095886,203.7534278547944,54.89917808219616,715650.0,101225449.75151949,101217589.7383688,-7860.013150684924,141.43448576590345,141.43448576590345,3,
2017-10-18,9195.0,9195.0,21363.05078125,18393.678,2,0.0,0.0,0.0,0.0,56.42958904111583,735600.0,101225449.75151949,101219089.63077976,-6360.12073972602,137.60071999834116,137.60071999834116,3,
2017-10-19,9265.0,9265.0,21448.51953125,27800.558999999997,3,0.0,0.0,0.0,0.0,58.991397260222584,768995.0,101225449.75151949,101224625.0803825,-824.6711369862911,131.6323579222004,131.6323579222004,3,
2017-10-20,9200.0,9260.0,21457.640625,27605.52,3,0.0,0.0,0.0,0.0,61.090630136983236,796360.0,101225449.75151949,101224323.46975236,-1126.2817671232776,127.10874914580386,127.10874914580386,3,
2017-10-23,9490.0,9475.0,21696.650390625,94918.98,10,483893.20200000005,13276.469219178089,10579.35449730206,2697.1147218760284,32.70821917807916,426375.0,101236029.10601678,101240582.86881131,4553.762794520576,237.44493197024053,237.4342517877849,3,
2017-10-24,9440.0,9575.0,21805.169921875,56651.327999999994,6,302019.58400000003,3841.680013698686,3061.242718915798,780.4372947828879,13.95589041095809,181925.0,101239090.34873569,101240706.73162611,1616.3828904109691,556.4969450687157,556.488060182689,3,
2017-10-25,9665.0,9500.0,21707.619140625,58001.598,6,9663.067000000001,171.9132328767131,136.98905961780883,34.92417325890427,17.490410958911525,228000.0,101239227.33779532,101238390.78604189,-836.5517534246453,444.0280297633416,444.0280297633416,3,
2017-10-26,9490.0,9515.0,21739.779296875,151870.368,16,0.0,0.0,0.0,0.0,29.19671232876135,380600.0,101239227.33779532,101239091.22132957,-136.11646575340006,265.99866321946814,265.99866321946814,3,
2017-10-27,9615.0,9755.0,22008.44921875,182721.537,19,0.0,0.0,0.0,0.0,44.151397260284284,575545.0,101239227.33779532,101251270.5329323,12043.195136986316,175.92242228310957,175.90149742903736,3,
2017-10-30,9790.0,9740.0,22011.669921875,19583.916,2,332793.42799999996,10042.21846575343,8002.14178443562,2040.0766813178088,20.173808219173225,262980.0,101247229.47957975,101249854.79444276,2625.314863013688,385.0097147860779,384.99973184112764,3,
2017-10-31,9625.0,9740.0,22011.609375,134776.94999999998,14,0.0,0.0,0.0,0.0,30.63430136986426,399340.0,101247229.47957975,101251407.21014139,4177.7305616438425,253.54687036144986,253.5364087734255,3,
2017-11-01,9900.0,10120.0,22420.080078125,227745.53999999998,23,0.0,0.0,0.0,0.0,49.685041095886845,647680.0,101247229.47957975,101271951.9851003,24722.505520547973,156.36109187422846,156.32292100972663,3,
2017-11-02,10190.0,10205.0,22539.119140625,10192.038,1,652029.568,29072.073520547943,23166.081784848633,5905.991735699315,0.7828493150591385,10205.0,101270395.5613646,101270407.74051529,12.179150684931042,9923.606833955442,9923.605640506086,3,
2017-11-06,10285.0,10220.0,22548.349609375,10287.056999999999,1,0.0,0.0,0.0,0.0,1.5680000000284053,20440.0,101270395.5613646,101270354.11551529,-41.445849315067846,4954.518303107402,4954.518303107402,3,
2017-11-07,10205.0,10595.0,22937.599609375,51035.204999999994,5,0.0,0.0,0.0,0.0,5.689369862986496,74165.0,101270395.5613646,101273038.22114542,2642.659780821924,1365.509852641346,1365.4742204727918,3,
2017-11-08,10485.0,10555.0,22913.8203125,0.0,0,73380.321,1857.9807808219239,1480.53198519795,377.44879562397387,0.0,0.0,101271876.0933498,101271876.0933498,0.0,inf,inf,3,
2017-11-09,10645.0,10515.0,22868.7109375,0.0,0,0.0,0.0,0.0,0.0,0.0,0.0,101271876.0933498,101271876.0933498,0.0,inf,inf,3,
2017-11-10,10270.0,10340.0,22681.419921875,82176.432,8,0.0,0.0,0.0,0.0,6.345643835607916,82720.0,101271876.0933498,101272413.31570597,537.2223561643829,1224.2796580718807,1224.2731636043254,3,
2017-11-13,10275.0,10065.0,22380.990234375,359696.925,35,0.0,0.0,0.0,0.0,33.20071232877672,432795.0,101271876.0933498,101262758.18999363,-9117.903356164372,233.9739557758145,233.9739557758145,3,
2017-11-14,10035.0,10070.0,22380.009765625,562072.392,56,0.0,0.0,0.0,0.0,76.47682191780768,996930.0,101271876.0933498,101264744.32117172,-7131.772178082172,101.57658443538836,101.57658443538836,20,
2017-11-15,9955.0,9755.0,22028.3203125,577505.478,58,0.0,0.0,0.0,0.0,117.48761643836042,1531535.0,101271876.0933498,101221726.35555528,-50149.73779452053,66.09168341275601,66.09168341275601,20,
2017-11-16,9710.0,10040.0,22351.119140625,582716.5199999999,60,0.0,0.0,0.0,0.0,167.13161643838976,2178680.0,101271876.0933498,101285987.70393884,14111.610589041211,46.48961192278758,46.483134784984394,20,
2017-11-17,10265.0,10075.0,22396.80078125,574954.968,56,1211027.746,50671.462301370004,40377.554734846686,10293.907566523314,119.7958904109837,1561625.0,101312253.64808464,101294591.7784819,-17661.8696027397,64.86486306154288,64.86486306154288,20,
2017-11-20,9990.0,9950.0,22261.759765625,559551.888,56,0.0,0.0,0.0,0.0,161.0536986301886,2099450.0,101312253.64808464,101272703.83678328,-39549.811301369875,48.237730756523504,48.237730756523504,20,
2017-11-21,10135.0,10095.0,22416.48046875,506851.35,50,0.0,0.0,0.0,0.0,202.1212602739397,2634795.0,101312253.64808464,101300995.365523,-11258.282561643824,38.44739168152475,38.44739168152475,20,
2017-11-22,10280.0,10190.0,22523.150390625,287897.568,28,575564.864,15926.864876712236,12691.322277008145,3235.5425997040907,182.1357808219327,2374270.0,101324944.97036165,101324719.98314247,-224.98721917806415,42.676157295986755,42.676157295986755,20,
2017-11-24,10085.0,10210.0,22550.849609375,10087.017,1,564647.048,2273.191890410918,1811.3929578739398,461.798932536978,139.41545205478906,1817380.0,101326756.36331953,101321788.79975788,-4967.563561643823,55.75157028236136,55.75157028236136,20,
2017-11-27,10305.0,10145.0,22495.990234375,164912.976,16,0.0,0.0,0.0,0.0,150.97983561645378,1968130.0,101326756.36331953,101307474.84392227,-19281.51939726026,51.473975217044746,51.473975217044746,20,
2017-11-28,10125.0,10150.0,22486.240234375,283556.7,28,0.0,0.0,0.0,0.0,172.85589041092317,2253300.0,101326756.36331953,101308915.28803186,-17841.07528767123,44.96024288289702,44.96024288289702,20,
2017-11-29,10275.0,10260.0,22597.19921875,133601.715,13,0.0,0.0,0.0,0.0,184.96109589043772,2411100.0,101326756.36331953,101332928.61193597,6172.248616438365,42.027675588708874,42.02511565813095,20,
2017-11-30,10230.0,10370.0,22724.9609375,143248.644,14,511397.7,4312.185616438391,3436.1651084589316,876.0205079794591,158.30586301369476,2063630.0,101330192.52842799,101352573.34156497,22380.813136986286,49.11373324751286,49.10288788611717,20,
2017-12-01,10565.0,10455.0,22819.029296875,137372.46899999998,13,897845.395,28783.835863013723,22936.399607442487,5847.436255571238,101.85747945206822,1327785.0,101353128.92803542,101371251.97382994,18123.045794520556,76.34613433186091,76.33248525027427,20,
2017-12-04,10485.0,10355.0,22707.16015625,136332.261,13,807183.531,15783.045178082135,12576.719550154749,3206.3256279273855,50.0444383561844,652365.0,101365705.64758559,101363426.87376367,-2278.773821917782,155.378395336604,155.378395336604,20,
2017-12-05,10235.0,10265.0,22622.380859375,296874.363,29,0.0,0.0,0.0,0.0,72.44558904107544,944380.0,101365705.64758559,101358495.06517462,-7210.58241095889,107.32808304408672,107.32808304408672,20,
2017-12-06,10180.0,9855.0,22177.0390625,376735.332,37,0.0,0.0,0.0,0.0,97.524000000034,1271295.0,101365705.64758559,101308577.20917463,-57128.43841095889,79.68927527377566,79.68927527377566,20,
2017-12-07,10000.0,10155.0,22498.029296875,580116.0,58,0.0,0.0,0.0,0.0,145.67556164381676,1898985.0,101365705.64758559,101356005.53361298,-9700.113972602718,53.373778904842844,53.373778904842844,20,
2017-12-08,10270.0,10440.0,22811.080078125,554690.916,54,595540.868,15379.685205479469,12255.302155986315,3124.383049493154,146.56043835615856,1910520.0,101377960.94974157,101405119.54212514,27158.5923835617,53.0772352773722,53.06301998918701,20,
2017-12-11,10505.0,10540.0,22938.73046875,378255.636,36,1260347.88,31827.01678082189,25361.35832179792,6465.658459023967,80.04624657533714,1043460.0,101403322.30806337,101413606.08141954,10283.77335616441,97.18973998181008,97.17988452653995,20,
2017-12-12,10540.0,10495.0,22866.169921875,158131.62,15,221295.732,5293.9474657534165,4218.48203808561,1075.4654276678066,74.87391780823236,976035.0,101407540.79010145,101408194.85407406,654.063972602769,103.89811313536303,103.89744301188118,20,
2017-12-13,10495.0,10390.0,22758.0703125,178450.683,17,0.0,0.0,0.0,0.0,87.6745205479092,1142900.0,101407540.79010145,101396521.49655351,-11019.293547945166,88.71862936088328,88.71862936088328,20,
2017-12-14,10335.0,10325.0,22694.44921875,10337.067,1,0.0,0.0,0.0,0.0,87.91808219178347,1146075.0,101407540.79010145,101389271.51147132,-18269.27863013695,88.46652401585526,88.46652401585526,20,
2017-12-15,10265.0,10195.0,22553.220703125,277210.431,27,0.0,0.0,0.0,0.0,107.92734246575856,1406910.0,101407540.79010145,101372788.15312885,-34752.636972602675,72.05349891118043,72.05349891118043,20,
2017-12-18,10390.0,10520.0,22901.76953125,571564.2899999999,55,0.0,0.0,0.0,0.0,155.75364383560373,2030360.0,101407540.79010145,101424518.10948502,16977.319383561782,49.953957972716665,49.94559624406581,20,
2017-12-19,10565.0,10480.0,22868.0,401550.294,38,866156.734,17294.7216575344,13781.298952806286,3513.422704728113,119.78783561638556,1561520.0,101421322.08905426,101416651.33894467,-4670.750109588995,64.94739186109987,64.94739186109987,20,
2017-12-20,10455.0,10510.0,22891.720703125,418283.64,40,0.0,0.0,0.0,0.0,152.38060273975134,1986390.0,101421322.08905426,101423085.31834193,1763.229287671265,51.05899914837566,51.05811149323862,20,
2017-12-21,10465.0,10460.0,22866.099609375,219808.95299999998,21,0.0,0.0,0.0,0.0,168.50630136983818,2196600.0,101421322.08905426,101413317.85904056,-8004.230013698578,46.168313693453776,46.168313693453776,20,
2017-12-22,10455.0,10495.0,22902.759765625,167313.456,16,0.0,0.0,0.0,0.0,181.95167123290594,2371870.0,101421322.08905426,101421092.45136933,-229.63768493146017,42.75997101500897,42.75997101500897,20,
2017-12-25,10500.0,10535.0,22939.1796875,42008.4,4,0.0,0.0,0.0,0.0,185.87780821925844,2423050.0,101421322.08905426,101430078.17356111,8756.08450684936,41.860497378742124,41.85688371641289,20,
2017-12-26,10520.0,10500.0,22892.689453125,294618.912,28,168286.336,3106.5299726027547,2475.438408668505,631.0915639342496,194.9260273971886,2541000.0,101423797.52746293,101420869.57996978,-2927.947493150656,39.9137621330066,39.9137621330066,20,
2017-12-27,10500.0,10535.0,22911.2109375,315063.0,30,0.0,0.0,0.0,0.0,219.82071232883027,2865520.0,101423797.52746293,101430106.75925745,6309.231794520578,35.39675408276943,35.394552307247174,20,
2017-12-28,10550.0,10420.0,22783.98046875,284906.97000000003,27,0.0,0.0,0.0,0.0,239.00339726026868,3115580.0,101423797.52746293,101395020.7858602,-28776.741602739727,32.54450881885883,32.54450881885883,20,
2017-12-29,10470.0,10410.0,22764.939453125,408411.66599999997,39,0.0,0.0,0.0,0.0,269.91846575334785,3518580.0,101423797.52746293,101389339.20139444,-34458.326068493116,28.815413945794734,28.815413945794734,20,
2018-01-04,10760.0,11065.0,23506.330078125,430486.08,40,0.0,0.0,0.0,0.0,320.8546849316044,4182570.0,101423797.52746293,101622522.2667095,198724.73924657534,24.29666981466168,24.249157223301207,20,
2018-01-05,11200.0,11285.0,23714.529296875,0.0,0,4232753.28,248908.01924657542,198342.35513663365,50565.6641099418,0.0,0.0,101622139.88259956,101622139.88259956,0.0,inf,inf,20,
2018-01-09,11525.0,11400.0,23849.990234375,0.0,0,0.0,0.0,0.0,0.0,0.0,0.0,101622139.88259956,101622139.88259956,0.0,inf,inf,20,
2018-01-10,11380.0,11345.0,23788.19921875,0.0,0,0.0,0.0,0.0,0.0,0.0,0.0,101622139.88259956,101622139.88259956,0.0,inf,inf,20,
2018-01-11,11225.0,11250.0,23710.4296875,0.0,0,0.0,0.0,0.0,0.0,0.0,0.0,101622139.88259956,101622139.88259956,0.0,inf,inf,20,
2018-01-12,11305.0,11205.0,23653.8203125,0.0,0,0.0,0.0,0.0,0.0,0.0,0.0,101622139.88259956,101622139.88259956,0.0,inf,inf,20,
2018-01-15,11360.0,11260.0,23714.880859375,352230.432,31,0.0,0.0,0.0,0.0,26.77720547944773,349060.0,101622139.88259956,101618942.67339408,-3197.209205479424,291.1217059342064,291.1217059342064,20,
2018-01-16,11275.0,11490.0,23951.810546875,451090.19999999995,40,0.0,0.0,0.0,0.0,62.581150684913155,815790.0,101622139.88259956,101634519.8922434,12380.00964383569,124.58416981360816,124.56899432770635,20,
2018-01-17,11320.0,11400.0,23868.33984375,305701.12799999997,27,0.0,0.0,0.0,0.0,85.70301369862864,1117200.0,101622139.88259956,101630143.0612297,8003.178630137094,90.96862071359622,90.9614571093802,3,
2018-01-18,11650.0,11305.0,23763.369140625,326265.24,28,0.0,0.0,0.0,0.0,109.27134246577043,1424430.0,101622139.88259956,101610998.54988724,-11141.33271232865,71.3344976937352,71.3344976937352,3,
2018-01-19,11375.0,11350.0,23808.060546875,352695.52499999997,31,0.0,0.0,0.0,0.0,136.69753424657392,1781950.0,101622139.88259956,101615686.32735299,-6453.555246575192,57.024993028622006,57.024993028622006,3,
2018-01-22,11340.0,11340.0,23816.330078125,192818.556,17,0.0,0.0,0.0,0.0,151.36569863010664,1973160.0,101622139.88259956,101613926.40565436,-8213.476945205339,51.4980672655306,51.4980672655306,3,
2018-01-23,11465.0,11650.0,24124.150390625,206411.274,18,0.0,0.0,0.0,0.0,171.59013698631315,2236800.0,101622139.88259956,101670983.54151738,48843.65891780835,45.45376588944804,45.431929489717255,3,
2018-01-24,11540.0,11480.0,23940.779296875,80796.15599999999,7,1326834.58,24446.070794520776,19479.85151261388,4966.219281906896,73.97523287672084,964320.0,101641619.73411217,101639501.77100259,-2117.9631095889895,105.40018020055852,105.40018020055852,3,
2018-01-25,11290.0,11225.0,23669.490234375,440398.062,39,0.0,0.0,0.0,0.0,105.91479452056228,1380675.0,101641619.73411217,101615352.79420806,-26266.939904109517,73.59831444344836,73.59831444344836,3,
2018-01-26,11295.0,11160.0,23631.880859375,655241.022,58,0.0,0.0,0.0,0.0,154.9558356164489,2019960.0,101641619.73411217,101599241.81637245,-42377.917739725955,50.29765035761721,50.29765035761721,3,
2018-01-29,11260.0,11175.0,23629.33984375,630686.112,56,0.0,0.0,0.0,0.0,203.17068493150873,2648475.0,101641619.73411217,101596867.53368752,-44752.20042465742,38.36051597001577,38.36051597001577,3,
2018-01-30,11120.0,10855.0,23291.970703125,533866.752,48,0.0,0.0,0.0,0.0,237.32301369865309,3093675.0,101641619.73411217,101507963.45867382,-133656.27543835604,32.81145028442672,32.81145028442672,3,
2018-01-31,10765.0,10680.0,23098.2890625,872139.393,81,0.0,0.0,0.0,0.0,299.85928767122095,3908880.0,101641619.73411217,101450729.20638615,-190890.5277260273,25.953912426676222,25.953912426676222,3,
2018-02-01,10845.0,11030.0,23486.109375,585747.126,54,0.0,0.0,0.0,0.0,355.37753424656694,4632600.0,101641619.73411217,101588346.7028519,-53273.03126027393,21.929013232925765,21.929013232925765,20,
2018-02-02,10900.0,10830.0,23274.529296875,196239.24,18,0.0,0.0,0.0,0.0,363.8880000000063,4743540.0,101641619.73411217,101502683.5748519,-138936.15926027394,21.39808741464221,21.39808741464221,3,
2018-02-05,10435.0,10285.0,22682.080078125,521854.35,50,0.0,0.0,0.0,0.0,385.02531506842934,5019080.0,101641619.73411217,101255984.19953683,-385635.5345753424,20.17421204673702,20.17421204673702,3,
2018-02-06,9400.0,9300.0,21610.240234375,582916.5599999999,62,0.0,0.0,0.0,0.0,392.38356164385914,5115000.0,101641619.73411217,100768595.25597519,-873024.478136986,19.700605133132978,19.700605133132978,20,
2018-02-07,9825.0,9320.0,21645.369140625,746849.34,76,0.0,0.0,0.0,0.0,447.564273972559,5834320.0,101641619.73411217,100740618.35170121,-901001.3824109586,17.266899716111084,17.266899716111084,21,
2018-02-08,9390.0,9525.0,21890.859375,741958.3620000001,79,0.0,0.0,0.0,0.0,515.132876712305,6715125.0,101641619.73411217,100878949.8568245,-762669.8772876711,15.022646615934104,15.022646615934104,21,
2018-02-09,8875.0,9110.0,21382.619140625,923184.6,104,0.0,0.0,0.0,0.0,565.3690958903753,7369990.0,101641619.73411217,100610064.88772862,-1031554.8463835616,13.65131633662035,13.65131633662035,19,
2018-02-13,9310.0,8965.0,21244.6796875,744948.96,80,968046.3520000001,44789.071671232974,35690.171761221995,9098.899910010978,539.8649315068615,7037525.0,101677309.9058734,100491058.5148871,-1186251.390986301,14.27931815729068,14.27931815729068,21,
2018-02-14,8975.0,8885.0,21154.169921875,448839.75,50,0.0,0.0,0.0,0.0,569.1268493151001,7418975.0,101677309.9058734,100423099.63803779,-1254210.2678356164,13.535980325858732,13.535980325858732,22,
2018-02-15,9085.0,9155.0,21464.98046875,445254.03299999994,49,0.0,0.0,0.0,0.0,620.8344109588943,8093020.0,101677309.9058734,100651269.77062683,-1026040.1352465752,12.43679983129003,12.43679983129003,22,
2018-02-16,9245.0,9360.0,21720.25,443848.752,48,0.0,0.0,0.0,0.0,669.2015342465893,8723520.0,101677309.9058734,100837251.81709258,-840058.0887808218,11.559238910106538,11.559238910106538,22,
2018-02-19,9515.0,9740.0,22149.2109375,742318.434,78,1398425.2589999998,60273.5666849315,48028.991612887665,12244.575072043834,644.814684931509,8405620.0,101725338.89748628,101162569.2523356,-562769.6451506848,12.035110943908432,12.035110943908432,21,
2018-02-20,9665.0,9535.0,21925.099609375,0.0,0,2889257.033,75984.67535616469,60548.388557559825,15436.286798604855,412.5389589041879,5377740.0,101785887.28604384,101008097.45957808,-777789.8264657534,18.782629405582657,18.782629405582657,21,
2018-02-21,9570.0,9595.0,21970.810546875,19143.828,2,0.0,0.0,0.0,0.0,416.60701369858,5430770.0,101785887.28604384,101041567.02456439,-744320.2614794519,18.605385060417653,18.605385060417653,21,
2018-02-22,9415.0,9375.0,21736.439453125,0.0,0,0.0,0.0,0.0,0.0,407.05479452048894,5306250.0,101785887.28604384,100916639.96976987,-869247.3162739724,19.01844805084002,19.01844805084002,21,
2018-02-23,9430.0,9510.0,21892.779296875,688527.6780000001,73,0.0,0.0,0.0,0.0,466.1723835617013,6076890.0,101785887.28604384,100998286.1193863,-787601.1666575343,16.62006159719631,16.62006159719631,21,
2018-02-26,9745.0,9760.0,22153.630859375,146204.23500000002,15,0.0,0.0,0.0,0.0,489.65786301365006,6383040.0,101785887.28604384,101157742.2265233,-628145.0595205479,15.84789414237155,15.84789414237155,21,
2018-02-27,9950.0,9960.0,22389.859375,0.0,0,746100.75,38315.4650410958,30531.67831799719,7783.786723098612,442.387726027373,5766840.0,101816418.96436185,101279416.80207418,-537002.1622876711,17.562376761289404,17.562376761289404,21,
2018-02-28,9870.0,9710.0,22068.240234375,0.0,0,897990.366,4145.7165890411225,3303.5142639774185,842.2023250637039,363.4998356165015,4738480.0,101819722.47862582,101147841.46591349,-671881.0127123287,21.34605220786275,21.34605220786275,21,
2018-03-01,9550.0,9375.0,21724.470703125,0.0,0,0.0,0.0,0.0,0.0,350.958904109546,4575000.0,101819722.47862582,100984010.50700939,-835711.9716164384,22.07300776109495,22.07300776109495,21,
2018-03-02,8925.0,8900.0,21181.640625,410632.11,46,0.0,0.0,0.0,0.0,364.5830136986333,4752600.0,101819722.47862582,100750613.81399569,-1069108.664630137,21.199051848250576,21.199051848250576,21,
2018-03-05,8775.0,8795.0,21042.08984375,746024.1749999999,85,0.0,0.0,0.0,0.0,417.6299726027646,5444105.0,101819722.47862582,100695677.00902309,-1124045.4696027397,18.49627753487912,18.49627753487912,21,
2018-03-06,9120.0,9105.0,21417.759765625,738867.7440000001,81,0.0,0.0,0.0,0.0,488.9260273972468,6373500.0,101819722.47862582,100885715.33899568,-934007.1396301368,15.828934704478808,15.828934704478808,21,
2018-03-07,8970.0,8950.0,21252.720703125,744658.902,83,1174834.986,17967.412232876828,14317.332437767902,3650.0797951089276,447.64712328769383,5835400.0,101834039.81106359,100773693.69607729,-1060346.1149863014,17.26937205608481,17.26937205608481,21,
2018-03-08,9150.0,9025.0,21368.0703125,741298.23,81,0.0,0.0,0.0,0.0,507.4769863014517,6615325.0,101834039.81106359,100811812.98909098,-1022226.8219726029,15.239132316113112,15.239132316113112,21,
2018-03-09,9200.0,9115.0,21469.19921875,745349.04,81,0.0,0.0,0.0,0.0,569.1755616438459,7419610.0,101834039.81106359,100870179.77352934,-963860.0375342466,13.595078416996222,13.595078416996222,21,
2018-03-12,9515.0,9455.0,21824.029296875,0.0,0,789587.051,44755.663630136965,35663.55056367464,9092.113066462325,530.2053150684806,6911605.0,101869703.36162727,101142139.50614782,-727563.8554794521,14.633668953325287,14.633668953325287,21,
2018-03-13,9360.0,9555.0,21968.099609375,0.0,0,2274025.1040000003,47939.57926027394,38200.65373354929,9738.92552672465,357.6973150684498,4662840.0,101907904.01536082,101157302.98730603,-750601.0280547944,21.694354296374318,21.694354296374318,21,
2018-03-14,9380.0,9390.0,21777.2890625,0.0,0,0.0,0.0,0.0,0.0,351.5204383560922,4582320.0,101907904.01536082,101076431.46686767,-831472.5484931506,22.057916397560117,22.057916397560117,21,
2018-03-15,9325.0,9420.0,21803.94921875,0.0,0,0.0,0.0,0.0,0.0,352.64350684933015,4596960.0,101907904.01536082,101090718.82336082,-817185.192,21.99077625721364,21.99077625721364,21,
2018-03-16,9450.0,9300.0,21676.509765625,0.0,0,0.0,0.0,0.0,0.0,348.1512328767276,4538400.0,101907904.01536082,101031810.67212795,-876093.3432328767,22.261548270784406,22.261548270784406,21,
2018-03-19,9180.0,9130.0,21480.900390625,0.0,0,0.0,0.0,0.0,0.0,341.7871780821879,4455440.0,101907904.01536082,100948508.88494986,-959395.1304109589,22.65736019000365,22.65736019000365,21,
2018-03-20,8970.0,9045.0,21380.970703125,565223.022,63,0.0,0.0,0.0,0.0,382.31852054796764,4983795.0,101907904.01536082,100911258.54442932,-996645.4709315066,20.247875071994198,20.247875071994198,21,
2018-03-22,9035.0,9225.0,21591.990234375,741018.1740000001,82,0.0,0.0,0.0,0.0,447.9558904109872,5839425.0,101907904.01536082,101025422.4145389,-882481.6008219178,17.300577096981108,17.300577096981108,21,
2018-03-23,8690.0,8375.0,20617.859375,34766.952,4,0.0,0.0,0.0,0.0,409.2506849314668,5334875.0,101907904.01536082,100485696.21185397,-1422207.8035068493,18.835623367342997,18.835623367342997,21,
2018-03-26,8200.0,8500.0,20766.099609375,877575.48,107,0.0,0.0,0.0,0.0,485.12876712330035,6324000.0,101907904.01536082,100596760.60308684,-1311143.4122739725,15.907141145333151,15.907141145333151,23,
2018-03-27,8670.0,8935.0,21317.3203125,875845.1340000001,101,927504.4619999999,49859.21213698626,39730.3131913575,10128.898945628758,505.8433972602361,6594030.0,101947634.32855217,100907815.18874395,-1039819.1398082192,15.30290508061746,15.30290508061746,23,
2018-03-28,8705.0,8860.0,21031.310546875,113187.633,13,913842.195,3152.9613287670327,2512.43723482801,640.5240939390227,439.0676164383476,5723560.0,101950146.76578699,100836920.15903357,-1113226.6067534247,17.617867229317692,17.617867229317692,21,
2018-03-29,9060.0,8955.0,21159.080078125,743068.584,82,117756.444,4559.975273972605,3633.61629706507,926.3589769075346,491.17561643835506,6402825.0,101953780.38208406,100889455.48444022,-1064324.8976438355,15.75702217137595,15.75702217137595,21,
2018-03-30,9155.0,9220.0,21454.30078125,741703.311,81,0.0,0.0,0.0,0.0,563.0009863013984,7339120.0,101953780.38208406,101083484.17245393,-870296.2096301371,13.773243137113704,13.773243137113704,21,
2018-04-02,9200.0,9170.0,21388.580078125,0.0,0,2087982.3199999998,37824.07594520529,30140.11491693683,7683.961028268453,400.26421917809057,5217730.0,101983920.49700099,101041992.26720648,-941928.2297945203,19.365124731867397,19.365124731867397,21,
2018-04-03,8885.0,9075.0,21292.2890625,0.0,0,0.0,0.0,0.0,0.0,396.1175342465285,5163675.0,101983920.49700099,100987541.14967223,-996379.3473287671,19.55730001397691,19.55730001397691,21,
2018-04-04,9195.0,9105.0,21319.55078125,27590.517,3,0.0,0.0,0.0,0.0,399.52241095888894,5208060.0,101983920.49700099,101003936.11026126,-979984.386739726,19.39377351840441,19.39377351840441,21,
2018-04-05,9305.0,9395.0,21645.419921875,0.0,0,0.0,0.0,0.0,0.0,412.24745205481304,5373940.0,101983920.49700099,101169403.86280921,-814516.6341917806,18.825927320142988,18.825927320142988,21,
2018-04-06,9365.0,9340.0,21567.51953125,0.0,0,786502.6680000001,16918.969808219204,13481.881091679474,3437.088716539731,349.6486575342715,4557920.0,101997402.37809268,101136099.79343514,-861302.5846575341,22.18909059251482,22.18909059251482,21,
2018-04-09,9290.0,9420.0,21678.259765625,0.0,0,0.0,0.0,0.0,0.0,352.64350684933015,4596960.0,101997402.37809268,101174787.14992829,-822615.2281643834,22.00906406623688,22.00906406623688,21,
2018-04-10,9335.0,9515.0,21794.3203125,0.0,0,0.0,0.0,0.0,0.0,356.19989041099325,4643320.0,101997402.37809268,101220790.95003788,-776611.4280547943,21.79922791236397,21.79922791236397,21,
2018-04-11,9565.0,9425.0,21687.099609375,0.0,0,0.0,0.0,0.0,0.0,352.8306849315122,4599400.0,101997402.37809268,101176518.11935295,-820884.258739726,21.997764516970246,21.997764516970246,21,
2018-04-12,9415.0,9400.0,21660.279296875,0.0,0,0.0,0.0,0.0,0.0,351.89479452060186,4587200.0,101997402.37809268,101163966.22455843,-833436.1535342464,22.053532923037675,22.053532923037675,21,
2018-04-13,9525.0,9505.0,21778.740234375,0.0,0,0.0,0.0,0.0,0.0,355.8255342466291,4638440.0,101997402.37809268,101214850.39902419,-782551.979068493,21.82088167552543,21.82088167552543,21,
2018-04-16,9560.0,9555.0,21835.529296875,0.0,0,0.0,0.0,0.0,0.0,357.6973150684498,4662840.0,101997402.37809268,101238892.70170912,-758509.6763835616,21.711852154847502,21.711852154847502,21,
2018-04-17,9530.0,9565.0,21847.58984375,0.0,0,0.0,0.0,0.0,0.0,358.0716712328431,4667720.0,101997402.37809268,101243414.63003789,-753987.7480547944,21.690121650407026,21.690121650407026,21,
2018-04-18,9620.0,9840.0,22158.19921875,0.0,0,0.0,0.0,0.0,0.0,368.36646575341,4801920.0,101997402.37809268,101377246.26357213,-620156.1145205479,21.111814912279282,21.111814912279282,21,
2018-04-19,9910.0,9860.0,22191.1796875,0.0,0,0.0,0.0,0.0,0.0,369.1151780822256,4811680.0,101997402.37809268,101386637.14839405,-610765.22969863,21.070943443536155,21.070943443536155,21,
2018-04-20,9825.0,9840.0,22162.240234375,0.0,0,0.0,0.0,0.0,0.0,368.36646575341,4801920.0,101997402.37809268,101376508.78192829,-620893.5961643835,21.11166133170238,21.11166133170238,21,
2018-04-23,9845.0,9775.0,22088.0390625,0.0,0,0.0,0.0,0.0,0.0,365.93315068486845,4770200.0,101997402.37809268,101344422.8487776,-652979.5293150684,21.245319451758334,21.245319451758334,21,
2018-04-24,9910.0,9945.0,22278.119140625,0.0,0,0.0,0.0,0.0,0.0,372.29720547943725,4853160.0,101997402.37809268,101427010.55157213,-570391.8265205477,20.899168902647375,20.899168902647375,21,
2018-04-25,9795.0,9895.0,22215.3203125,0.0,0,0.0,0.0,0.0,0.0,370.4254246575292,4828760.0,101997402.37809268,101402240.12614746,-595162.2519452054,20.999643827017177,20.999643827017177,21,
2018-04-26,9980.0,9975.0,22319.609375,0.0,0,0.0,0.0,0.0,0.0,373.420273972617,4867800.0,101997402.37809268,101440906.7058735,-556495.6722191779,20.839168968707323,20.839168968707323,21,
2018-04-27,10035.0,10115.0,22467.869140625,0.0,0,0.0,0.0,0.0,0.0,378.66126027397695,4936120.0,101997402.37809268,101508848.04461323,-488554.33347945195,20.56450168241721,20.56450168241721,21,
2018-05-01,10100.0,10145.0,22508.029296875,0.0,0,0.0,0.0,0.0,0.0,379.7843287670985,4950760.0,101997402.37809268,101523108.26028445,-474294.1178082191,20.506570356931956,20.506570356931956,21,
2018-05-02,10190.0,10095.0,22472.779296875,0.0,0,0.0,0.0,0.0,0.0,377.91254794521956,4926360.0,101997402.37809268,101498330.34773651,-499072.03035616426,20.603108653800476,20.603108653800476,21,
2018-05-07,10145.0,10105.0,22467.16015625,0.0,0,0.0,0.0,0.0,0.0,378.2869041095837,4931240.0,101997402.37809268,101502832.0608324,-494570.3172602739,20.58363252667329,20.58363252667329,21,
2018-05-08,10065.0,10140.0,22508.689453125,0.0,0,0.0,0.0,0.0,0.0,379.5971506849164,4948320.0,101997402.37809268,101519532.46368171,-477869.9144109589,20.515959449607486,20.515959449607486,21,
2018-05-09,10090.0,10055.0,22408.880859375,0.0,0,0.0,0.0,0.0,0.0,376.41512328764657,4906840.0,101997402.37809268,101477676.04855843,-519726.32953424647,20.680861012088926,20.680861012088926,21,
2018-05-10,10130.0,10130.0,22497.1796875,0.0,0,0.0,0.0,0.0,0.0,379.22279452055227,4943440.0,101997402.37809268,101513896.82576391,-483505.552328767,20.53507210075654,20.53507210075654,21,
2018-05-11,10190.0,10380.0,22758.48046875,0.0,0,0.0,0.0,0.0,0.0,388.58169863012154,5065440.0,101997402.37809268,101635508.24406528,-361894.13402739714,20.064497505461574,20.064497505461574,21,
2018-05-14,10365.0,10460.0,22865.859375,0.0,0,0.0,0.0,0.0,0.0,391.5765479451802,5104480.0,101997402.37809268,101674156.66751733,-323245.7105753424,19.918612016800406,19.918612016800406,21,
2018-05-15,10475.0,10410.0,22818.01953125,0.0,0,0.0,0.0,0.0,0.0,389.7047671233013,5080080.0,101997402.37809268,101649366.96275021,-348035.4153424656,20.00940279734772,20.00940279734772,21,
2018-05-16,10330.0,10330.0,22717.23046875,0.0,0,0.0,0.0,0.0,0.0,386.7099178081844,5041040.0,101997402.37809268,101609940.2528324,-387462.12526027387,20.15654314443694,20.15654314443694,21,
2018-05-17,10410.0,10440.0,22838.369140625,0.0,0,0.0,0.0,0.0,0.0,390.827835616481,5094720.0,101997402.37809268,101663229.4249968,-334172.95309589023,19.954625460279818,19.954625460279818,21,
2018-05-18,10500.0,10505.0,22930.359375,0.0,0,0.0,0.0,0.0,0.0,393.26115068490617,5126440.0,101997402.37809268,101694556.1638461,-302846.21424657525,19.837266439058315,19.837266439058315,21,
2018-05-21,10515.0,10580.0,23002.369140625,0.0,0,0.0,0.0,0.0,0.0,396.068821917841,5163040.0,101997402.37809268,101730760.09502418,-266642.28306849307,19.703655229288206,19.703655229288206,21,
2018-05-22,10595.0,10540.0,22960.33984375,0.0,0,529644.0499999999,5192.182191780776,4137.3903795205115,1054.7918122602646,354.14400000002934,4616520.0,102001539.7684722,101712475.20921192,-289064.5592602739,22.032283020372905,22.032283020372905,21,
2018-05-23,10455.0,10290.0,22689.740234375,0.0,0,0.0,0.0,0.0,0.0,345.74400000003516,4507020.0,102001539.7684722,101602629.46521193,-398910.3032602739,22.543194719617823,22.543194719617823,21,
2018-05-24,10225.0,10065.0,22437.009765625,0.0,0,0.0,0.0,0.0,0.0,338.1840000000084,4408470.0,102001539.7684722,101503741.28121193,-497798.487260274,23.02470954349512,23.02470954349512,21,
2018-05-25,9990.0,10085.0,22450.7890625,179855.96399999998,18,0.0,0.0,0.0,0.0,352.7815890410857,4598760.0,102001539.7684722,101513822.53562288,-487717.232849315,22.07417271952067,22.07417271952067,21,
2018-05-28,10110.0,10100.0,22481.08984375,283136.616,28,0.0,0.0,0.0,0.0,375.0005479452375,4888400.0,102001539.7684722,101519950.91907494,-481588.84939726023,20.76752125830025,20.76752125830025,21,
2018-05-29,10050.0,9980.0,22358.4296875,261352.26,26,0.0,0.0,0.0,0.0,390.45041095884517,5089800.0,102001539.7684722,101459608.20866397,-541931.5598082193,19.933908642513256,19.933908642513256,21,
2018-05-30,9655.0,9685.0,22018.51953125,743583.687,77,0.0,0.0,0.0,0.0,436.11687671235995,5685095.0,102001539.7684722,101310883.40478726,-690656.3636849314,17.820438076195256,17.820438076195256,21,
2018-05-31,9835.0,9860.0,22201.8203125,737772.525,75,0.0,0.0,0.0,0.0,500.72591780821676,6527320.0,102001539.7684722,101414835.15386945,-586704.6146027397,15.536979212581802,15.536979212581802,21,
2018-06-01,9780.0,9810.0,22171.349609375,567353.448,58,752909.388,9210.251630136987,7339.189011474658,1871.0626186623288,483.8883287671488,6307830.0,102008878.95748368,101378546.14292203,-630332.8145616436,16.071857697959842,16.071857697959842,21,
2018-06-04,10000.0,10090.0,22475.939453125,720144.0,72,0.0,0.0,0.0,0.0,553.4295890411304,7214350.0,102008878.95748368,101564368.713333,-444510.24415068486,14.078103878150214,14.078103878150214,21,
2018-06-05,10165.0,10140.0,22539.5390625,0.0,0,1534608.017,49270.19769863021,39260.957036153486,10009.240662476726,438.71473972604144,5718960.0,102048139.91451983,101593138.77493079,-455001.13958904106,17.764268114295394,17.764268114295394,21,
2018-06-06,10140.0,10230.0,22625.73046875,0.0,0,729933.9839999999,9678.247890410898,7712.111831473923,1966.1360589369738,386.10542465755134,5033160.0,102055852.0263513,101634920.51744719,-420931.5089041095,20.193063704997893,20.193063704997893,21,
2018-06-07,10360.0,10400.0,22823.259765625,0.0,0,559328.112,14528.418356164417,11576.970167109615,2951.4481890548013,349.4399999999732,4555200.0,102067428.9965184,101712987.74125813,-354441.255260274,22.32898396146341,22.32898396146341,21,
2018-06-08,10385.0,10275.0,22694.5,0.0,0,0.0,0.0,0.0,0.0,345.2399999999907,4500450.0,102067428.9965184,101657892.50125813,-409536.495260274,22.588383939663398,22.588383939663398,21,
2018-06-11,10270.0,10395.0,22804.0390625,0.0,0,0.0,0.0,0.0,0.0,349.2719999999972,4553010.0,102067428.9965184,101710103.22925813,-357325.76726027386,22.3390906739186,22.3390906739186,21,
2018-06-12,10550.0,10465.0,22878.349609375,0.0,0,0.0,0.0,0.0,0.0,351.6239999999816,4583670.0,102067428.9965184,101740411.60525812,-327017.3912602739,22.19627756912215,22.19627756912215,21,
2018-06-13,10465.0,10530.0,22966.380859375,0.0,0,0.0,0.0,0.0,0.0,353.8079999999609,4612140.0,102067428.9965184,101768527.79725812,-298901.1992602739,22.0653596372309,22.0653596372309,21,
2018-06-14,10420.0,10325.0,22738.609375,0.0,0,0.0,0.0,0.0,0.0,346.9200000000128,4522350.0,102067428.9965184,101678390.87725812,-389038.1192602739,22.48352977484231,22.48352977484231,21,
2018-06-15,10460.0,10435.0,22851.75,0.0,0,0.0,0.0,0.0,0.0,350.6159999999509,4570530.0,102067428.9965184,101726220.26125813,-341208.73526027385,22.25698557087649,22.25698557087649,21,
2018-06-18,10385.0,10265.0,22680.330078125,0.0,0,0.0,0.0,0.0,0.0,344.90400000006775,4496070.0,102067428.9965184,101651415.35725813,-416013.6392602739,22.608948561134085,22.608948561134085,21,
2018-06-19,10170.0,9915.0,22278.48046875,0.0,0,0.0,0.0,0.0,0.0,333.14399999997113,4342770.0,102067428.9965184,101497782.21325813,-569646.783260274,23.371668822723315,23.371668822723315,21,
2018-06-20,9975.0,10150.0,22555.4296875,738297.6299999999,74,0.0,0.0,0.0,0.0,398.65863013695343,5196800.0,102067428.9965184,101613115.92462799,-454313.07189041085,19.553016457171335,19.553016457171335,21,
2018-06-21,10120.0,10285.0,22693.0390625,91098.216,9,748730.224,10374.97536986317,8267.299123475466,2107.676246387703,352.6768767122703,4597395.0,102075696.29564188,101668882.57950489,-406813.7161369862,22.114454507281817,22.114454507281817,21,
2018-06-22,10050.0,10130.0,22516.830078125,0.0,0,0.0,0.0,0.0,0.0,347.36186301370617,4528110.0,102075696.29564188,101599250.21764189,-476446.07799999986,22.43745187675253,22.43745187675253,21,
2018-06-25,10155.0,9955.0,22338.150390625,111727.34099999999,11,0.0,0.0,0.0,0.0,349.76142465756857,4559390.0,102075696.29564188,101518453.11521722,-557243.1804246575,22.26579720427891,22.26579720427891,21,
2018-06-26,9815.0,9975.0,22342.0,608651.706,62,0.0,0.0,0.0,0.0,397.90684931506985,5187000.0,102075696.29564188,101537013.50236791,-538682.7932739727,19.575286967875055,19.575286967875055,21,
2018-06-27,9975.0,9920.0,22271.76953125,39907.979999999996,4,618326.31,9627.161260274022,7671.403450249355,1955.7578100246676,351.57567123294575,4583040.0,102083367.69909213,101509164.49888666,-574203.2002054794,22.14887160026678,22.14887160026678,21,
2018-06-28,9875.0,9925.0,22270.390625,681511.275,69,0.0,0.0,0.0,0.0,404.287397260312,5270175.0,102083367.69909213,101514383.93648939,-568983.7626027397,19.262051817347505,19.262051817347505,21,
2018-06-29,9970.0,9950.0,22304.509765625,737927.5560000001,74,0.0,0.0,0.0,0.0,461.78904109590803,6019750.0,102083367.69909213,101525569.59144829,-557798.1076438356,16.865412947622126,16.865412947622126,21,
2018-07-02,9885.0,9500.0,21811.9296875,296609.30999999994,30,0.0,0.0,0.0,0.0,462.76712328766007,6032500.0,102083367.69909213,101241247.51432501,-842120.1847671232,16.78263531111894,16.78263531111894,21,
2018-07-03,9570.0,9475.0,21785.5390625,746609.292,78,0.0,0.0,0.0,0.0,518.2435616438452,6755675.0,102083367.69909213,101217294.97876337,-866072.7203287671,14.982558364451128,14.982558364451128,21,
2018-07-04,9370.0,9420.0,21717.0390625,740378.046,79,0.0,0.0,0.0,0.0,572.3230684931332,7460640.0,102083367.69909213,101181309.60969487,-902058.0893972602,13.562014734619934,13.562014734619934,21,
2018-07-05,9395.0,9280.0,21546.990234375,742353.4409999999,79,0.0,0.0,0.0,0.0,620.0565479451907,8082880.0,102083367.69909213,101060576.11214693,-1022791.5869452052,12.50304051429032,12.50304051429032,21,
2018-07-06,9375.0,9500.0,21788.140625,740773.125,79,0.0,0.0,0.0,0.0,692.3287671232829,9025000.0,102083367.69909213,101261230.65837981,-822137.0407123284,11.220080959377263,11.220080959377263,21,
2018-07-09,9560.0,9700.0,22052.1796875,745829.136,78,2265266.8559999997,41419.959726027344,33005.494907684886,8414.464818342454,588.5906849314342,7672700.0,102116373.19399983,101419365.32287654,-697007.8711232877,13.218210711076484,13.218210711076484,21,
2018-07-10,9840.0,9850.0,22196.890625,29525.903999999995,3,1534732.992,41953.05221917809,33430.28966085207,8522.76255832603,482.0832876712375,6284300.0,102149803.48366067,101527167.56503053,-622635.9186301369,16.155684414338992,16.155684414338992,21,
2018-07-11,9660.0,9590.0,21932.2109375,0.0,0,0.0,0.0,0.0,0.0,469.3582465753425,6118420.0,102149803.48366067,101360818.20678395,-788985.2768767121,16.566502169969365,16.566502169969365,21,
2018-07-12,9680.0,9825.0,22187.9609375,271094.208,28,0.0,0.0,0.0,0.0,501.96328767121304,6543450.0,102149803.48366067,101514252.03549628,-635551.4481643835,15.513872962351096,15.513872962351096,21,
2018-07-13,10025.0,10195.0,22597.349609375,0.0,0,280643.86000000004,9528.548438356225,7592.823823104158,1935.7246152520672,498.96843835612526,6504410.0,102157396.30748378,101753421.20244268,-403975.1050410958,15.643758804017994,15.643758804017994,21,
2018-07-16,10195.0,10195.0,22597.349609375,0.0,0,1834732.98,47763.002013698475,38059.94815461564,9703.053859082847,358.19364383557695,4669310.0,102195456.25563839,101742992.93493976,-452463.32069863006,21.789727590359124,21.789727590359124,21,
2018-07-17,10185.0,10275.0,22697.359375,0.0,0,0.0,0.0,0.0,0.0,361.00438356163795,4705950.0,102195456.25563839,101779271.9305562,-416184.3250821916,21.627784385842645,21.627784385842645,21,
2018-07-18,10475.0,10375.0,22794.189453125,0.0,0,209458.1,6362.950178082212,5070.31684940481,1292.633328677401,348.6000000000349,4544250.0,102200526.5724878,101825388.79722753,-375137.77526027383,22.407523529125275,22.407523529125275,21,
2018-07-19,10440.0,10350.0,22764.6796875,0.0,0,0.0,0.0,0.0,0.0,347.7599999999802,4533300.0,102200526.5724878,101814091.03722753,-386435.5352602739,22.45915581082821,22.45915581082821,21,
2018-07-20,10300.0,10275.0,22697.880859375,0.0,0,0.0,0.0,0.0,0.0,345.2399999999907,4500450.0,102200526.5724878,101780895.79722753,-419630.7752602739,22.61571527230111,22.61571527230111,21,
2018-07-23,10060.0,9985.0,22396.990234375,0.0,0,0.0,0.0,0.0,0.0,335.49599999995553,4373430.0,102200526.5724878,101653540.30122752,-546986.271260274,23.243435999027657,23.243435999027657,21,
2018-07-24,10135.0,10100.0,22510.48046875,0.0,0,0.0,0.0,0.0,0.0,339.36000000001513,4423800.0,102200526.5724878,101703570.94122753,-496955.63126027386,22.990092441165405,22.990092441165405,21,
2018-07-25,10180.0,10190.0,22614.25,0.0,0,0.0,0.0,0.0,0.0,342.3839999999909,4463220.0,102200526.5724878,101742648.55722752,-457878.01526027394,22.795795089022615,22.795795089022615,21,
2018-07-26,10210.0,10165.0,22586.869140625,0.0,0,0.0,0.0,0.0,0.0,341.5440000000235,4452270.0,102200526.5724878,101731357.01322752,-469169.5592602739,22.84932338183163,22.84932338183163,21,
2018-07-27,10215.0,10270.0,22712.75,0.0,0,0.0,0.0,0.0,0.0,345.0720000000438,4498260.0,102200526.5724878,101777001.94122753,-423524.63126027386,22.62586020844227,22.62586020844227,21,
2018-07-30,10190.0,10135.0,22544.83984375,0.0,0,0.0,0.0,0.0,0.0,340.536000000051,4439130.0,102200526.5724878,101717531.40522753,-482995.1672602739,22.91384379489394,22.91384379489394,21,
2018-07-31,10065.0,10145.0,22553.720703125,0.0,0,0.0,0.0,0.0,0.0,340.8719999999739,4443510.0,102200526.5724878,101721570.53322753,-478956.0392602739,22.89216644797188,22.89216644797188,21,
2018-08-01,10230.0,10315.0,22746.69921875,0.0,0,0.0,0.0,0.0,0.0,346.58400000003166,4517970.0,102200526.5724878,101795683.94922753,-404842.62326027395,22.531288155792872,22.531288155792872,21,
2018-08-02,10250.0,10080.0,22512.529296875,0.0,0,0.0,0.0,0.0,0.0,338.68799999999464,4415040.0,102200526.5724878,101692415.26122753,-508111.3112602739,23.033180959000944,23.033180959000944,21,
2018-08-03,10185.0,10105.0,22525.1796875,0.0,0,0.0,0.0,0.0,0.0,339.52799999999115,4425990.0,102200526.5724878,101703025.73322752,-497500.8392602739,22.978593655482168,22.978593655482168,21,
2018-08-06,10120.0,10095.0,22507.3203125,0.0,0,0.0,0.0,0.0,0.0,339.19200000001,4421610.0,102200526.5724878,101698306.54122753,-502220.0312602739,23.000288705070673,23.000288705070673,21,
2018-08-07,10140.0,10220.0,22662.740234375,0.0,0,0.0,0.0,0.0,0.0,343.39200000002165,4476360.0,102200526.5724878,101752713.14922753,-447813.4232602739,22.73112822677969,22.73112822677969,21,
2018-08-08,10225.0,10225.0,22644.310546875,0.0,0,0.0,0.0,0.0,0.0,343.5600000000268,4478550.0,102200526.5724878,101754559.58922753,-445966.9832602739,22.72042504588037,22.72042504588037,21,
2018-08-09,10160.0,10185.0,22598.390625,0.0,0,0.0,0.0,0.0,0.0,342.2159999999567,4461030.0,102200526.5724878,101736697.37322752,-463829.19926027395,22.80565191743331,22.80565191743331,21,
2018-08-10,10185.0,9920.0,22298.080078125,0.0,0,0.0,0.0,0.0,0.0,333.31200000006356,4344960.0,102200526.5724878,101620294.06122753,-580232.5112602739,23.38808505975372,23.38808505975372,21,
2018-08-13,9755.0,9520.0,21857.4296875,722014.374,74,0.0,0.0,0.0,0.0,373.9143013698631,4874240.0,102200526.5724878,101427185.77292615,-773340.7995616436,20.808820610582604,20.808820610582604,21,
2018-08-14,9680.0,9930.0,22356.080078125,745509.0719999999,77,0.0,0.0,0.0,0.0,448.67276712329476,5848770.0,102200526.5724878,101655758.02815904,-544768.5443287669,17.3807070594602,17.3807070594602,21,
2018-08-15,9950.0,9825.0,22204.220703125,318463.68,32,1502149.51,34456.996931506976,27457.05800487134,6999.938926635643,354.23835616439465,4617750.0,102227983.63049267,101601069.68087624,-626913.9496164382,22.002288924449406,22.002288924449406,21,
2018-08-16,9575.0,9825.0,22192.0390625,746999.3699999999,78,0.0,0.0,0.0,0.0,413.0268493150652,5384100.0,102227983.63049267,101620007.28402692,-607976.3464657533,18.874093587419797,18.874093587419797,21,
2018-08-17,9925.0,9885.0,22270.380859375,744523.875,75,773995.1699999999,26937.01150684936,21464.757619232914,5472.253887616448,413.27424657533993,5387325.0,102249448.3881119,101646818.05089273,-602630.337219178,18.86777167720394,18.86777167720394,21,
2018-08-20,9845.0,9815.0,22199.0,206786.349,21,0.0,0.0,0.0,0.0,426.1592328767583,5555290.0,102249448.3881119,101607570.54265985,-641877.8454520548,18.29023697100599,18.29023697100599,21,
2018-08-21,9740.0,9845.0,22219.73046875,29225.844,3,0.0,0.0,0.0,0.0,429.7275068492745,5601805.0,102249448.3881119,101624429.971153,-625018.416958904,18.14137228467485,18.14137228467485,21,
2018-08-22,9825.0,9940.0,22362.55078125,471694.32,48,29469.105,240.9953013698616,192.03710589657422,48.95819547328738,468.18761643834296,6103160.0,102249640.42521779,101683042.61034109,-566597.8148767122,16.66072044815163,16.66072044815163,21,
2018-08-23,9995.0,9985.0,22410.8203125,0.0,0,479664.048,7933.127013698633,6321.512260865756,1611.6147528328772,433.54049315062,5651510.0,102255961.93747866,101709011.5030951,-546950.4343835616,17.996785196008695,17.996785196008695,21,
2018-08-24,10070.0,10160.0,22601.76953125,0.0,0,211427.706,4577.58719178084,3647.650353770562,929.9368380102776,424.7715068492398,5537200.0,102259609.58783244,101804774.50075024,-454835.08708219166,18.38560545054364,18.38560545054364,21,
2018-08-27,10235.0,10350.0,22799.640625,0.0,0,1094925.971,31400.72317808216,25021.66626445477,6379.056913627391,347.7599999999802,4533300.0,102284631.2540969,101889073.65483662,-395557.59926027386,22.47569621574496,22.47569621574496,21,
2018-08-28,10490.0,10365.0,22813.470703125,0.0,0,0.0,0.0,0.0,0.0,348.2639999999956,4539870.0,102284631.2540969,101895295.39083663,-389335.863260274,22.444540348255924,22.444540348255924,24,
2018-08-29,10375.0,10410.0,22848.220703125,0.0,0,0.0,0.0,0.0,0.0,349.7760000000126,4559580.0,102284631.2540969,101914655.61483662,-369975.639260274,22.351763893787723,22.351763893787723,21,
2018-08-30,10565.0,10420.0,22869.5,0.0,0,0.0,0.0,0.0,0.0,350.1119999999937,4563960.0,102284631.2540969,101918685.50283661,-365945.75126027386,22.331196045284493,22.331196045284493,21,
2018-08-31,10280.0,10410.0,22865.150390625,51410.28,5,0.0,0.0,0.0,0.0,353.7688767123327,4611630.0,102284631.2540969,101914591.45395991,-370039.8001369863,22.09947273609546,22.09947273609546,15,
2018-09-03,10375.0,10280.0,22707.380859375,62262.45,6,0.0,0.0,0.0,0.0,354.0826301370107,4615720.0,102284631.2540969,101856064.92132977,-428566.3327671232,22.06721051565731,22.06721051565731,15,
2018-09-04,10320.0,10270.0,22696.900390625,0.0,0,0.0,0.0,0.0,0.0,353.73819178086706,4611230.0,102284631.2540969,101851221.183138,-433410.0709589041,22.087647153392478,22.087647153392478,21,
2018-09-05,10240.0,10175.0,22580.830078125,0.0,0,0.0,0.0,0.0,0.0,350.46602739731316,4568575.0,102284631.2540969,101808215.71711059,-476415.5369863013,22.284457564363198,22.284457564363198,21,
2018-09-06,10065.0,10075.0,22487.939453125,20134.025999999998,2,0.0,0.0,0.0,0.0,348.5673972602526,4543825.0,102284631.2540969,101762983.12371333,-521648.13038356154,22.39588521206546,22.39588521206546,21,
2018-09-07,9950.0,9915.0,22307.060546875,218943.78,22,0.0,0.0,0.0,0.0,359.76509589038324,4689795.0,102284631.2540969,101689649.57861744,-594981.6754794519,21.683175827220047,21.683175827220047,21,
2018-09-10,9880.0,9990.0,22373.08984375,741148.2000000001,75,0.0,0.0,0.0,0.0,419.96317808225285,5474520.0,102284631.2540969,101732806.41543937,-551824.8386575342,18.58296369644085,18.58296369644085,21,
2018-09-11,10050.0,10230.0,22664.689453125,502600.5,50,753599.25,12393.573287671163,9875.818874280765,2517.7544133903966,410.43320547949406,5350290.0,102294507.07297117,101856646.97782049,-437860.0951506848,19.037593659001754,19.037593659001754,21,
2018-09-12,10275.0,10175.0,22604.609375,0.0,0,760197.9299999999,18423.358465753405,14680.653193435603,3742.7052723178044,350.46602739731316,4568575.0,102309187.72616461,101831036.73652077,-478150.9896438355,22.289452780466725,22.289452780466725,21,
2018-09-13,10205.0,10375.0,22821.3203125,0.0,0,0.0,0.0,0.0,0.0,357.3547945205937,4658375.0,102309187.72616461,101920479.38172625,-388708.3444383561,21.87897697839402,21.87897697839402,21,
2018-09-14,10530.0,10620.0,23094.669921875,115853.166,11,0.0,0.0,0.0,0.0,374.7550684931921,4885200.0,102309187.72616461,102031076.46065776,-278111.2655068493,20.88575216176569,20.88575216176569,15,
2018-09-18,10590.0,10935.0,23420.5390625,21184.236,2,116466.70199999999,2703.8192876712346,2154.538399380823,549.2808882904112,378.32104109591455,4931685.0,102311342.264564,102171916.32472837,-139425.9398356164,20.717445725898628,20.717445725898628,15,
2018-09-19,11250.0,11175.0,23672.51953125,0.0,0,1057288.5,38351.337657534204,30560.26341240613,7791.074245128075,306.0419178082375,3989475.0,102341902.5279764,102278897.70856543,-63004.81941095881,25.6371822629708,25.6371822629708,15,
2018-09-20,11245.0,11175.0,23674.9296875,0.0,0,809478.072,18845.97953424655,15017.418791864366,3828.560742382187,244.3191780821944,3184875.0,102356919.94676825,102279702.90064497,-77217.04612328755,32.11419691530907,32.11419691530907,15,
2018-09-21,11350.0,11375.0,23869.9296875,0.0,0,0.0,0.0,0.0,0.0,248.6917808218859,3241875.0,102356919.94676825,102336454.20886414,-20465.737904109454,31.567057400073764,31.567057400073764,15,
2018-09-25,11350.0,11415.0,23940.259765625,0.0,0,544691.04,4887.987287671297,3894.992670180873,992.9946174904239,207.53408219182165,2705355.0,102360814.93943843,102343424.72016446,-17390.219273972496,37.829942732160646,37.829942732160646,15,
2018-09-26,11480.0,11650.0,24033.7890625,0.0,0,642751.424,5042.583671232908,4018.182798421943,1024.4008728109652,161.75945205480093,2108650.0,102364833.12223686,102388284.9838396,23451.8616027398,48.55632038690138,48.54519864474278,15,
2018-09-27,11560.0,11445.0,23796.740234375,0.0,0,1479384.0639999998,14604.288643835629,11637.427405840423,2966.8612379952083,46.5325479451858,606585.0,102376470.5496427,102362590.65405366,-13879.895589041082,168.75226168476578,168.75226168476578,15,
2018-09-28,11695.0,11750.0,24120.0390625,11697.339,1,0.0,0.0,0.0,0.0,48.67397260275902,634500.0,102376470.5496427,102378759.64108105,2289.091438356178,161.3534430907503,161.34983538162757,15,
2018-10-01,11800.0,11890.0,24245.759765625,0.0,0,294941.0,4450.564246575334,3546.432119883555,904.1321266917791,26.45117808217765,344810.0,102380016.98176259,102383080.05777629,3063.0760136986373,296.9260753973965,296.9171920239047,15,
2018-10-02,11995.0,11890.0,24270.619140625,0.0,0,347785.42900000006,6038.505013698676,4811.782720165789,1226.722293532886,0.0,0.0,102384828.76448275,102384828.76448275,0.0,inf,inf,15,
2018-10-03,11835.0,11735.0,24110.9609375,0.0,0,0.0,0.0,0.0,0.0,0.0,0.0,102384828.76448275,102384828.76448275,0.0,inf,inf,15,
2018-10-04,11870.0,11590.0,23975.619140625,11872.374,1,0.0,0.0,0.0,0.0,0.8890958904230502,11590.0,102384828.76448275,102384545.50138687,-283.26309589041074,8833.8693271257,8833.8693271257,15,
2018-10-05,11415.0,11425.0,23783.720703125,22834.566,2,0.0,0.0,0.0,0.0,2.6293150684796274,34275.0,102384828.76448275,102384393.30607179,-435.4584109589028,2987.1449542252894,2987.1449542252894,15,
2018-10-09,11195.0,11140.0,23469.390625,89577.912,8,0.0,0.0,0.0,0.0,9.40032876713667,122540.0,102384828.76448275,102383070.99374303,-1757.7707397260228,835.5073526500981,835.5073526500981,15,
2018-10-10,11170.0,11160.0,23506.0390625,301650.318,27,0.0,0.0,0.0,0.0,32.53216438356321,424080.0,102384828.76448275,102382928.14357865,-1900.6209041096126,241.42361852381308,241.42361852381308,15,
2018-10-11,10385.0,10280.0,22590.859375,290838.15599999996,28,0.0,0.0,0.0,0.0,52.047780821914785,678480.0,102384828.76448275,102346437.93979782,-38390.82468493149,150.84665419732022,150.84665419732022,15,
2018-10-12,10200.0,10400.0,22694.66015625,714142.7999999999,70,0.0,0.0,0.0,0.0,108.50191780822934,1414400.0,102384828.76448275,102368106.63788001,-16722.12660273964,72.37564100528847,72.37564100528847,15,
2018-10-15,10205.0,9985.0,22271.30078125,694078.788,68,714207.13,8.48342465760875,6.760016938415533,1.7234077191932178,102.64032876709825,1337990.0,102384835.52449968,102311720.61614352,-73114.9083561643,76.46673040616412,76.46673040616412,15,
2018-10-16,9995.0,10220.0,22549.240234375,739777.926,74,0.0,0.0,0.0,0.0,163.07200000001467,2125760.0,102384835.52449968,102359549.61814351,-25285.906356164287,48.15197840684909,48.15197840684909,15,
2018-10-17,10490.0,10470.0,22841.119140625,692478.468,66,776104.748,36268.80600000004,28900.79806110003,7368.007938900008,160.63561643834691,2094000.0,102413736.32256079,102403887.25458819,-9849.067972602656,48.90348006427325,48.90348006427325,15,
2018-10-18,10495.0,10305.0,22658.16015625,556346.247,53,713517.268,19278.465753424756,15362.045435616517,3916.4203178082394,146.24630136985797,1906425.0,102429098.36799641,102369420.60896902,-59677.75902739721,53.69706157282296,53.69706157282296,15,
2018-10-19,10000.0,10195.0,22532.080078125,570114.0,57,0.0,0.0,0.0,0.0,189.26389041097718,2467190.0,102429098.36799641,102359882.3450786,-69216.02291780816,41.48844732066789,41.48844732066789,15,
2018-10-22,10060.0,10275.0,22614.8203125,654030.78,65,573305.316,3146.737315068485,2507.477629512322,639.2596855561627,197.05479452054715,2568750.0,102431605.84562592,102379880.56659852,-51725.279027397235,39.855914575804775,39.855914575804775,15,
2018-10-23,10085.0,9720.0,22010.779296875,544698.918,54,655393.895,1311.8807534246482,1045.372178366431,266.5085750582173,178.20887671233504,2323080.0,102432651.21780428,102244460.82614675,-188190.39165753417,44.01245795501952,44.01245795501952,15,
2018-10-24,9875.0,9800.0,22091.1796875,730896.15,74,0.0,0.0,0.0,0.0,235.3073972602433,3067400.0,102432651.21780428,102257649.36874948,-175001.84905479444,33.33691379303302,33.33691379303302,15,
2018-10-25,9200.0,9050.0,21268.73046875,736147.2,80,0.0,0.0,0.0,0.0,272.83890410957974,3556650.0,102432651.21780428,102010479.32984538,-422171.88795890403,28.6816187507473,28.6816187507473,15,
2018-10-26,9230.0,8985.0,21184.599609375,747779.526,81,0.0,0.0,0.0,0.0,326.7093698629469,4258890.0,102432651.21780428,101964613.09447552,-468038.12332876696,23.941593489025433,23.941593489025433,15,
2018-10-29,9105.0,8955.0,21149.80078125,746759.322,82,0.0,0.0,0.0,0.0,381.949150684959,4978980.0,102432651.21780428,101937561.82332483,-495089.394479452,20.473583308895563,20.473583308895563,15,
2018-10-30,8845.0,9210.0,21457.2890625,743128.596,84,0.0,0.0,0.0,0.0,452.17315068491735,5894400.0,102432651.21780428,102109401.05417414,-323250.16363013687,17.32312042857189,17.32312042857189,15,
2018-10-31,9380.0,9585.0,21920.4609375,731786.328,78,787762.416,44574.472273972555,35519.16823151503,9055.304042457525,466.1723835616722,6076890.0,102468170.3860358,102338345.66574813,-129824.72028767104,16.84057892536283,16.84057892536283,15,
2018-11-01,9505.0,9395.0,21687.650390625,627455.466,66,3050494.779,87281.24952054811,69550.06368044877,17731.185840099348,273.14997260275413,3560705.0,102537720.44971624,102227195.64293543,-310524.8067808218,28.709818882197606,28.709818882197606,15,
2018-11-02,9505.0,9880.0,22243.66015625,655976.169,69,0.0,0.0,0.0,0.0,339.5471780822263,4426240.0,102537720.44971624,102436414.92675734,-101305.52295890404,23.142987033409245,23.142987033409245,15,
2018-11-05,9605.0,9560.0,21898.990234375,115283.052,12,1296415.665,12834.144082191808,10226.887711894542,2607.2563702972657,238.34520547944703,3107000.0,102547947.33742814,102295461.93818156,-252485.39924657525,32.92419116130723,32.92419116130723,15,
2018-11-06,9705.0,9785.0,22147.75,359156.817,37,0.0,0.0,0.0,0.0,271.7281095890503,3542170.0,102547947.33742814,102371203.39307198,-176743.94435616425,28.90070306988992,28.90070306988992,15,
2018-11-07,9815.0,9750.0,22085.80078125,147254.445,15,0.0,0.0,0.0,0.0,281.97534246573923,3675750.0,102547947.33742814,102357246.9727295,-190700.36469863006,27.84662911588914,27.84662911588914,15,
2018-11-08,10115.0,10080.0,22486.919921875,232691.52899999998,23,0.0,0.0,0.0,0.0,309.3041095890803,4032000.0,102547947.33742814,102480496.13961992,-67451.19780821905,25.41678971716764,25.41678971716764,15,
2018-11-09,10055.0,9885.0,22250.25,30171.033000000003,3,1387312.4819999998,33931.73564383557,27038.503547790377,6893.232096045196,200.9498630137241,2619525.0,102574985.84097594,102418068.40666087,-156917.43431506836,39.097954173623414,39.097954173623414,15,
2018-11-12,9755.0,9895.0,22269.880859375,165868.167,17,0.0,0.0,0.0,0.0,214.05731506846496,2790390.0,102574985.84097594,102422851.18234581,-152134.65863013684,36.705568462596915,36.705568462596915,15,
2018-11-13,9400.0,9490.0,21810.51953125,94018.79999999999,10,0.0,0.0,0.0,0.0,212.57600000000093,2771080.0,102574985.84097594,102309309.8063458,-265676.03463013686,36.920373935918775,36.920373935918775,15,
2018-11-14,9520.0,9515.0,21846.48046875,476095.2,50,0.0,0.0,0.0,0.0,249.63189041099395,3254130.0,102574985.84097594,102316014.97445539,-258970.86652054783,31.44189536817994,31.44189536817994,15,
2018-11-15,9350.0,9480.0,21803.619140625,392778.54,42,0.0,0.0,0.0,0.0,279.2574246575241,3640320.0,102574985.84097594,102309147.17703074,-265838.66394520534,28.10443784530776,28.10443784530776,15,
2018-11-16,9500.0,9380.0,21680.33984375,494098.8,52,0.0,0.0,0.0,0.0,313.72887671235367,4089680.0,102574985.84097594,102264094.64815402,-310891.1928219177,25.00540253715548,25.00540253715548,15,
2018-11-19,9360.0,9495.0,21821.16015625,524264.83199999994,56,0.0,0.0,0.0,0.0,358.3647123288247,4671540.0,102574985.84097594,102321331.45144169,-253654.3895342464,21.90312647466182,21.90312647466182,15,
2018-11-20,9250.0,9285.0,21583.119140625,370074.0,40,0.0,0.0,0.0,0.0,378.929753424658,4939620.0,102574985.84097594,102218958.52168827,-356027.319287671,20.693688688945358,20.693688688945358,15,
2018-11-21,9000.0,9235.0,21507.5390625,504100.79999999993,56,0.0,0.0,0.0,0.0,416.5617534246703,5430180.0,102574985.84097594,102205001.15993485,-369984.6810410957,18.82165990076477,18.82165990076477,15,
2018-11-22,9295.0,9355.0,21646.55078125,539217.822,58,520415.89599999995,16275.423452054814,12969.071177769878,3306.3522742849354,423.40986301368685,5519450.0,102587954.9121537,102271739.47179754,-316215.4403561642,18.52933525474414,18.52933525474414,15,
2018-11-26,9360.0,9495.0,21812.0,468093.6,50,0.0,0.0,0.0,0.0,466.1654794521164,6076800.0,102587954.9121537,102360529.7063181,-227425.2058356162,16.84447895377799,16.84447895377799,15,
2018-11-27,9630.0,9620.0,21952.400390625,250430.076,26,943551.2520000001,34060.8908219178,27141.4208514452,6919.469970472601,419.1684383561369,5464160.0,102615096.33300515,102433672.24390925,-181424.08909589014,18.746462812931767,18.746462812931767,15,
2018-11-28,9710.0,9815.0,22177.01953125,155391.072,16,1533873.164,54086.28734246598,43098.658068844015,10987.629273621964,320.7488219177758,4181190.0,102658194.991074,102517875.95781372,-140319.03326027383,24.518827405072173,24.518827405072173,15,
2018-11-29,9975.0,9860.0,22262.599609375,49884.97499999999,5,1276544.6400000001,55216.77287671249,43999.48546680834,11217.287409904142,229.18421917813248,2987580.0,102702194.4765408,102539479.15118463,-162715.32535616422,34.32191912892195,34.32191912892195,15,
2018-11-30,9895.0,9965.0,22351.060546875,39587.916,4,158288.336,2873.1149589041343,2289.4416550027595,583.6733039013749,222.45156164382934,2899815.0,102704483.9181958,102569608.44631909,-134875.4718767122,35.37108693013833,35.37108693013833,15,
2018-12-03,10185.0,10160.0,22574.759765625,40748.148,4,173110.37099999998,7067.603287671231,5631.8196797808205,1435.7836078904104,216.67243835612317,2824480.0,102710115.73787558,102624983.21327284,-85132.5246027396,36.33411573573643,36.33411573573643,15,
2018-12-04,10125.0,9680.0,22036.05078125,20254.05,2,91106.775,1616.2075616438483,1287.8749954959007,328.3325661479478,201.23791780823376,2623280.0,102711403.61287108,102494106.3677889,-217297.24508219166,39.07097464540152,39.07097464540152,15,
2018-12-05,9395.0,9555.0,21919.330078125,291303.24899999995,31,0.0,0.0,0.0,0.0,221.36186301367707,2885610.0,102711403.61287108,102464911.75692588,-246491.8559452053,35.50892593140649,35.50892593140649,15,
2018-12-06,9445.0,9200.0,21501.619140625,472344.44999999995,50,292736.44100000005,1410.4694246576316,1123.9325610384337,286.53686361919785,226.54684931505471,2953200.0,102712527.54543212,102352380.66421294,-360146.881219178,34.658127002645585,34.658127002645585,15,
2018-12-07,9305.0,9345.0,21678.6796875,707321.4359999999,76,0.0,0.0,0.0,0.0,284.6000547944859,3709965.0,102712527.54543212,102401539.62815815,-310987.9172739723,27.601753555130077,27.601753555130077,15,
2018-12-10,9000.0,8960.0,21219.5,648129.6,72,0.0,0.0,0.0,0.0,322.3636164383788,4202240.0,102712527.54543212,102245362.6645417,-467164.8808904106,24.33115735049443,24.33115735049443,15,
2018-12-11,9000.0,8895.0,21148.01953125,738147.6,82,0.0,0.0,0.0,0.0,375.97824657536694,4901145.0,102712527.54543212,102205744.08629513,-506783.4591369859,20.853442223459034,20.853442223459034,15,
2018-12-12,9070.0,9285.0,21602.75,734816.934,81,0.0,0.0,0.0,0.0,450.1571506849141,5868120.0,102712527.54543212,102437451.99514446,-275075.55028767086,17.456604840246015,17.456604840246015,15,
2018-12-13,9400.0,9445.0,21816.189453125,545309.0399999999,58,2208558.2,87142.11010958927,69439.1904408262,17702.91966876306,329.6693150685169,4297475.0,102781966.73587294,102512023.5661606,-269943.16971232835,23.854012778703915,23.854012778703915,15,
2018-12-14,9340.0,9070.0,21374.830078125,270914.172,29,709698.032,2108.817808219314,1680.4114704795604,428.4063377397536,283.8785753424454,3700560.0,102783647.14734343,102353180.14124754,-430467.00609589013,27.65883545767331,27.65883545767331,15,
2018-12-17,9080.0,9190.0,21506.880859375,644808.9359999999,71,0.0,0.0,0.0,0.0,337.68843835615553,4402010.0,102783647.14734343,102409483.51680918,-374163.6305342463,23.264255082748377,23.264255082748377,15,
2018-12-18,8930.0,8860.0,21115.44921875,446589.3,50,0.0,0.0,0.0,0.0,359.54608219180955,4686940.0,102783647.14734343,102247464.67072698,-536182.4766164379,21.815398676050254,21.815398676050254,15,
2018-12-19,8830.0,8750.0,20987.919921875,671214.216,76,0.0,0.0,0.0,0.0,406.09589041097206,5293750.0,102783647.14734343,102182654.35883658,-600992.788506849,19.302508497537016,19.302508497537016,15,
2018-12-20,8550.0,8225.0,20392.580078125,726895.35,85,0.0,0.0,0.0,0.0,435.3616438356112,5675250.0,102783647.14734343,101836823.64719275,-946823.5001506845,17.944024253943482,17.944024253943482,15,
2018-12-21,8160.0,8065.0,20166.189453125,0.0,0,0.0,0.0,0.0,0.0,426.8926027397101,5564850.0,102783647.14734343,101725996.75459,-1057650.3927534244,18.28009681385662,18.28009681385662,25,
2018-12-25,7465.0,7240.0,19155.740234375,0.0,0,0.0,0.0,0.0,0.0,383.224109589064,4995600.0,102783647.14734343,101156363.53048041,-1627283.6168630132,20.249091906974222,20.249091906974222,25,
2018-12-26,7470.0,7400.0,19327.060546875,14942.988,2,0.0,0.0,0.0,0.0,392.8284931506496,5120800.0,102783647.14734343,101266227.71398726,-1517419.4333561643,19.775470183172015,19.775470183172015,11,
2018-12-27,7990.0,7965.0,20077.619140625,15983.196,2,0.0,0.0,0.0,0.0,424.0435068492952,5527710.0,102783647.14734343,101656730.47448042,-1126916.6728630136,18.390387787072843,18.390387787072843,11,
2018-12-28,7900.0,7910.0,20014.76953125,0.0,0,15796.84,851.4946301369871,678.5134960246581,172.98113411232893,419.9018082191469,5473720.0,102784325.66083945,101617944.43153809,-1166381.2293013693,18.564695386599624,18.564695386599624,11,
2019-01-04,7450.0,7530.0,19561.9609375,0.0,0,0.0,0.0,0.0,0.0,399.72953424649313,5210760.0,102784325.66083945,101354584.70200384,-1429740.9588356158,19.451017644643745,19.451017644643745,11,
2019-01-07,8020.0,7925.0,20038.970703125,8021.604,1,0.0,0.0,0.0,0.0,421.30602739728056,5492025.0,102784325.66083945,101627406.79197644,-1156918.8688630133,18.504541911585697,18.504541911585697,11,
2019-01-08,8050.0,8085.0,20204.0390625,0.0,0,0.0,0.0,0.0,0.0,429.81189041095786,5602905.0,102784325.66083945,101737856.98008603,-1046468.6807534245,18.158054969714108,18.158054969714108,11,
2019-01-09,8190.0,8240.0,20427.060546875,0.0,0,0.0,0.0,0.0,0.0,438.05194520545774,5710320.0,102784325.66083945,101844833.92814082,-939491.7326986295,17.835223582590963,17.835223582590963,11,
2019-01-10,8115.0,8025.0,20163.80078125,0.0,0,24340.131,326.1592739726038,259.9000174650693,66.25925650753445,424.7753424658149,5537250.0,102784585.56085691,101695613.02454184,-1088972.5363150681,18.3657254096423,18.3657254096423,11,
2019-01-11,8140.0,8190.0,20359.69921875,0.0,0,0.0,0.0,0.0,0.0,433.5090410959092,5651100.0,102784585.56085691,101809029.51550074,-975556.0453561639,18.015789760489238,18.015789760489238,11,
2019-01-15,8065.0,8330.0,20555.2890625,0.0,0,0.0,0.0,0.0,0.0,440.919452054688,5747700.0,102784585.56085691,101905188.59604868,-879396.9648082189,17.729733388320316,17.729733388320316,11,
2019-01-16,8360.0,8250.0,20442.75,0.0,0,0.0,0.0,0.0,0.0,436.68493150686845,5692500.0,102784585.56085691,101849551.91111718,-935033.6497397256,17.891884393696476,17.891884393696476,11,
2019-01-17,8330.0,8215.0,20402.26953125,0.0,0,0.0,0.0,0.0,0.0,434.83232876710827,5668350.0,102784585.56085691,101824967.07878841,-959618.4820684928,17.96377553940537,17.96377553940537,11,
2019-01-18,8285.0,8440.0,20666.0703125,0.0,0,0.0,0.0,0.0,0.0,446.74191780822,5823600.0,102784585.56085691,101979770.33687061,-804815.223986301,17.511465474426576,17.511465474426576,11,
2019-01-21,8600.0,8465.0,20719.330078125,0.0,0,0.0,0.0,0.0,0.0,448.0652054794191,5840850.0,102784585.56085691,101996572.27166513,-788013.2891917804,17.462624835711434,17.462624835711434,11,
2019-01-22,8520.0,8375.0,20622.91015625,0.0,0,0.0,0.0,0.0,0.0,443.3013698630384,5778750.0,102784585.56085691,101934028.97029527,-850556.5905616435,17.639459912661955,17.639459912661955,11,
2019-01-23,8260.0,8370.0,20593.720703125,0.0,0,0.0,0.0,0.0,0.0,443.03671232878696,5775300.0,102784585.56085691,101930135.93358293,-854449.6272739723,17.649323140543856,17.649323140543856,11,
2019-01-24,8315.0,8365.0,20574.630859375,0.0,0,0.0,0.0,0.0,0.0,442.7720547944773,5771850.0,102784585.56085691,101926243.16152814,-858342.3993287666,17.659198205346318,17.659198205346318,11,
2019-01-25,8380.0,8530.0,20773.560546875,0.0,0,0.0,0.0,0.0,0.0,451.5057534246298,5885700.0,102784585.56085691,102039641.65577471,-744943.9050821915,17.33687439994813,17.33687439994813,11,
2019-01-28,8505.0,8410.0,20649.0,0.0,0,0.0,0.0,0.0,0.0,445.1539726027404,5802900.0,102784585.56085691,101956396.50180212,-828189.0590547943,17.569904099984857,17.569904099984857,11,
2019-01-29,8330.0,8425.0,20664.640625,0.0,0,0.0,0.0,0.0,0.0,445.94794520549476,5813250.0,102784585.56085691,101966300.55385691,-818285.0069999996,17.54032607471843,17.54032607471843,11,
2019-01-30,8460.0,8350.0,20556.5390625,0.0,0,0.0,0.0,0.0,0.0,441.97808219178114,5761500.0,102784585.56085691,101914108.57577471,-870476.9850821913,17.688815165455996,17.688815165455996,11,
2019-01-31,8575.0,8520.0,20773.490234375,0.0,0,0.0,0.0,0.0,0.0,450.9764383561269,5878800.0,102784585.56085691,102030957.59933636,-753627.9615205475,17.35574566226719,17.35574566226719,11,
2019-02-01,8530.0,8510.0,20788.390625,0.0,0,0.0,0.0,0.0,0.0,450.4471232876822,5871900.0,102784585.56085691,102023607.15221307,-760978.4086438351,17.37488839254978,17.37488839254978,11,
2019-02-04,8545.0,8595.0,20883.76953125,0.0,0,0.0,0.0,0.0,0.0,454.9463013698987,5930550.0,102784585.56085691,102081802.20591171,-702783.354945205,17.21287270251692,17.21287270251692,11,
2019-02-05,8665.0,8555.0,20844.44921875,0.0,0,0.0,0.0,0.0,0.0,452.829041095858,5902950.0,102784585.56085691,102053749.3768706,-730836.1839863011,17.288601356418503,17.288601356418503,26,
2019-02-06,8640.0,8590.0,20874.060546875,0.0,0,0.0,0.0,0.0,0.0,454.68164383558906,5927100.0,102784585.56085691,102077444.69522677,-707140.8656301367,17.222156652532735,17.222156652532735,11,
2019-02-07,8610.0,8495.0,20751.279296875,0.0,0,0.0,0.0,0.0,0.0,449.6531506849569,5861550.0,102784585.56085691,102011445.04207608,-773140.5187808216,17.403493110538353,17.403493110538353,11,
2019-02-08,8295.0,8150.0,20333.169921875,0.0,0,0.0,0.0,0.0,0.0,431.39178082189756,5623500.0,102784585.56085691,101772963.65029526,-1011621.9105616435,18.097797394913357,18.097797394913357,11,
2019-02-12,8240.0,8575.0,20864.2109375,0.0,0,0.0,0.0,0.0,0.0,453.8876712328929,5916750.0,102784585.56085691,102065759.76262403,-718825.7982328763,17.250307983711334,17.250307983711334,11,
2019-02-13,8710.0,8810.0,21144.48046875,0.0,0,0.0,0.0,0.0,0.0,466.32657534244936,6078900.0,102784585.56085691,102227443.43604869,-557142.1248082187,16.816766756493557,16.816766756493557,26,
2019-02-14,8810.0,8800.0,21139.7109375,0.0,0,748700.23,20030.475890410962,15961.284713273975,4069.191177136987,408.4164383561292,5324000.0,102800546.84557019,102216766.0584332,-583780.7871369862,19.199242309998723,19.199242309998723,25,
2019-02-15,8680.0,8595.0,20900.630859375,0.0,0,0.0,0.0,0.0,0.0,398.9021917808568,5199975.0,102800546.84557019,102092342.15624143,-708204.6893287667,19.633237112917165,19.633237112917165,25,
2019-02-18,8900.0,8920.0,21281.849609375,0.0,0,0.0,0.0,0.0,0.0,413.9857534246403,5396600.0,102800546.84557019,102288553.170488,-511993.67508219136,18.954258824164846,18.954258824164846,25,
2019-02-19,8895.0,8940.0,21302.650390625,0.0,0,0.0,0.0,0.0,0.0,414.9139726026915,5408700.0,102800546.84557019,102300238.2565154,-500308.58905479417,18.914015984712666,18.914015984712666,25,
2019-02-20,8975.0,9035.0,21431.490234375,0.0,0,0.0,0.0,0.0,0.0,419.323013698624,5466175.0,102800546.84557019,102357293.9335017,-443252.9120684928,18.725579392079784,18.725579392079784,26,
2019-02-21,9015.0,9075.0,21464.23046875,0.0,0,685002.9720000001,11892.999506849368,9476.936657032918,2416.062849816449,368.27095890411874,4800675.0,102810023.78222722,102374012.57169297,-436011.21053424623,21.32492046882844,21.32492046882844,13,
2019-02-22,8995.0,9040.0,21425.509765625,0.0,0,449660.05000000005,1754.750000000058,1398.2725375000462,356.47746250001177,332.1766575341753,4330160.0,102811422.05476472,102352468.96757294,-458953.08719178045,23.637110168578747,23.637110168578747,13,
2019-02-25,9150.0,9135.0,21528.23046875,0.0,0,0.0,0.0,0.0,0.0,335.66745205476764,4375665.0,102811422.05476472,102397638.30012088,-413783.75464383524,23.4016174227508,23.4016174227508,13,
2019-02-26,9150.0,9050.0,21449.390625,0.0,0,0.0,0.0,0.0,0.0,332.5441095890419,4334950.0,102811422.05476472,102356590.75601129,-454831.2987534244,23.61194264201693,23.61194264201693,13,
2019-02-27,9110.0,9170.0,21556.509765625,0.0,0,0.0,0.0,0.0,0.0,336.95353424656787,4392430.0,102811422.05476472,102413733.80247705,-397688.25228767097,23.31596264538696,23.31596264538696,13,
2019-02-28,9150.0,8990.0,21385.16015625,0.0,0,0.0,0.0,0.0,0.0,330.33939726030803,4306210.0,102811422.05476472,102327183.46307978,-484238.5916849312,23.76270164787128,23.76270164787128,13,
2019-03-01,9100.0,9205.0,21602.689453125,0.0,0,0.0,0.0,0.0,0.0,338.2396164383681,4409195.0,102811422.05476472,102429830.22346334,-381591.8313013695,23.230959443495546,23.230959443495546,13,
2019-03-04,9375.0,9395.0,21822.0390625,0.0,0,0.0,0.0,0.0,0.0,345.22120547949453,4500205.0,102811422.05476472,102520495.00225787,-290927.0525068489,22.78129440820093,22.78129440820093,13,
2019-03-05,9295.0,9290.0,21726.279296875,0.0,0,659813.0109999999,12736.801849315138,10149.320553626767,2587.48129568837,290.76427397259977,3790320.0,102821571.37531835,102467544.76768821,-354026.60763013683,27.034008940587658,27.034008940587658,13,
2019-03-06,9255.0,9205.0,21596.810546875,0.0,0,0.0,0.0,0.0,0.0,288.1038904109737,3755640.0,102821571.37531835,102432576.6637978,-388994.71152054775,27.274333179910162,27.274333179910162,13,
2019-03-07,9075.0,9060.0,21456.009765625,0.0,0,0.0,0.0,0.0,0.0,283.5655890410417,3696480.0,102821571.37531835,102373133.09820876,-448438.2771095888,27.694761799930948,27.694761799930948,13,
2019-03-08,8945.0,8700.0,21025.560546875,0.0,0,0.0,0.0,0.0,0.0,272.298082191759,3549600.0,102821571.37531835,102225980.80012657,-595590.5751917807,28.799295920702775,28.799295920702775,13,
2019-03-11,8740.0,8770.0,21125.08984375,0.0,0,0.0,0.0,0.0,0.0,274.4889863013814,3578160.0,102821571.37531835,102254266.31114027,-567305.0641780819,28.57733201174354,28.57733201174354,26,
2019-03-12,9035.0,9135.0,21503.689453125,0.0,0,0.0,0.0,0.0,0.0,285.91298630135134,3727080.0,102821571.37531835,102402900.39815396,-418670.9771643832,27.475369564955397,27.475369564955397,26,
2019-03-13,9045.0,8890.0,21290.240234375,9046.809,1,0.0,0.0,0.0,0.0,278.9267945205502,3636010.0,102821571.37531835,102302504.66235945,-519066.7129589038,28.13592500085518,28.13592500085518,13,
2019-03-14,9090.0,8955.0,21287.01953125,18183.636,2,0.0,0.0,0.0,0.0,282.3401095891022,3680505.0,102821571.37531835,102328533.68624985,-493037.689068493,27.802851425619544,27.802851425619544,13,
2019-03-15,9005.0,9070.0,21450.849609375,9006.801,1,0.0,0.0,0.0,0.0,286.66169863013783,3736840.0,102821571.37531835,102375575.22355123,-445996.1517671231,27.396296128159417,27.396296128159417,13,
2019-03-18,9170.0,9155.0,21584.5,0.0,0,0.0,0.0,0.0,0.0,289.34816438355483,3771860.0,102821571.37531835,102410305.87538685,-411265.49993150664,27.151141843914367,27.151141843914367,13,
2019-03-19,9165.0,9150.0,21566.849609375,0.0,0,9163.167,154.96791780821917,123.48618530547944,31.481732502739725,288.4882191781653,3760650.0,102821694.86150365,102407939.07243516,-413755.78906849294,27.231446444746297,27.231446444746297,13,
2019-03-20,9135.0,9175.0,21608.919921875,0.0,0,0.0,0.0,0.0,0.0,289.27643835620256,3770925.0,102821694.86150365,102417924.7959968,-403770.065506849,27.15989440150541,27.15989440150541,13,
2019-03-22,9190.0,9145.0,21627.33984375,0.0,0,9188.162,137.1802328767133,109.31206856780898,27.868164308904305,287.62904109590454,3749450.0,102821804.17357223,102405322.46079141,-416481.7127808217,27.31209176300295,27.31209176300295,13,
2019-03-25,8795.0,8615.0,20977.109375,0.0,0,0.0,0.0,0.0,0.0,270.95945205472526,3532150.0,102821804.17357223,102187751.50133935,-634052.6722328766,28.93075081786995,28.93075081786995,13,
2019-03-26,8805.0,9035.0,21428.390625,0.0,0,0.0,0.0,0.0,0.0,284.1693150684878,3704350.0,102821804.17357223,102359667.33202428,-462136.841547945,27.632288345330295,27.632288345330295,26,
2019-03-27,9100.0,9080.0,21378.73046875,0.0,0,0.0,0.0,0.0,0.0,285.58465753425844,3722800.0,102821804.17357223,102377831.74736674,-443972.4262054792,27.500223419836345,27.500223419836345,13,
2019-03-28,8960.0,8830.0,21033.759765625,0.0,0,0.0,0.0,0.0,0.0,277.7216438356263,3620300.0,102821804.17357223,102275054.0257229,-546750.147849315,28.25043615880532,28.25043615880532,13,
2019-03-29,9015.0,8960.0,21205.810546875,0.0,0,0.0,0.0,0.0,0.0,281.8104109589476,3673600.0,102821804.17357223,102328072.21531196,-493731.9582602737,27.854984814708178,27.854984814708178,26,
2019-04-01,9260.0,9225.0,21509.029296875,0.0,0,0.0,0.0,0.0,0.0,290.1452054794645,3782250.0,102821804.17357223,102436432.07010648,-385372.1034657532,27.08346409415202,27.08346409415202,26,
2019-04-02,9425.0,9255.0,21505.310546875,0.0,0,18846.23,645.9635342465763,514.7360422643843,131.22749198219196,289.6688219178177,3776040.0,102822318.90961449,102448647.40379258,-373671.5058219177,27.13123997727582,27.13123997727582,13,
2019-04-03,9270.0,9390.0,21713.2109375,0.0,0,0.0,0.0,0.0,0.0,293.8941369862878,3831120.0,102822318.90961449,102503433.50965558,-318885.3999589039,26.75547451128014,26.75547451128014,13,
2019-04-04,9405.0,9400.0,21724.94921875,0.0,0,0.0,0.0,0.0,0.0,294.2071232876624,3835200.0,102822318.90961449,102507219.3025323,-315099.60708219156,26.72799835798193,26.72799835798193,13,
2019-04-05,9425.0,9485.0,21807.5,0.0,0,0.0,0.0,0.0,0.0,296.8675068492885,3869880.0,102822318.90961449,102541602.43502545,-280716.47458904085,26.497359720463027,26.497359720463027,13,
2019-04-08,9570.0,9445.0,21761.650390625,0.0,0,277474.494,5149.177232876698,4103.121878017797,1046.0553548589012,274.6036712329078,3579655.0,102826422.0314925,102527531.26999936,-298890.76149315044,28.64173538232018,28.64173538232018,13,
2019-04-09,9445.0,9450.0,21802.58984375,0.0,0,0.0,0.0,0.0,0.0,274.7490410958417,3581550.0,102826422.0314925,102529151.52095826,-297270.5105342464,28.627033413175372,28.627033413175372,13,
2019-04-10,9280.0,9365.0,21687.5703125,0.0,0,0.0,0.0,0.0,0.0,272.2777534246561,3549335.0,102826422.0314925,102496664.24320483,-329757.78828767093,28.877709273203244,28.877709273203244,13,
2019-04-11,9355.0,9395.0,21711.380859375,0.0,0,0.0,0.0,0.0,0.0,273.14997260278324,3560705.0,102826422.0314925,102507761.09323223,-318660.9382602736,28.788613797894584,28.788613797894584,13,
2019-04-12,9480.0,9535.0,21870.560546875,0.0,0,0.0,0.0,0.0,0.0,277.22032876711455,3613765.0,102826422.0314925,102560543.87290347,-265878.1585890408,28.380523878255357,28.380523878255357,13,
2019-04-15,9725.0,9805.0,22169.109375,0.0,0,563937.1900000001,15553.873506849455,12394.104103932988,3159.769402916467,241.44476712329197,3147405.0,102838816.13559644,102654719.84873343,-184096.28686301355,32.61566905076831,32.61566905076831,13,
2019-04-16,9770.0,9850.0,22221.66015625,9771.954,1,488402.3,13194.773287671269,10514.25509428085,2680.518193390418,205.52767123284866,2679200.0,102849330.39069071,102662259.1488688,-187071.2418219177,38.31825139924933,38.31825139924933,27,
2019-04-17,9875.0,9895.0,22277.970703125,0.0,0,0.0,0.0,0.0,0.0,206.46663013694342,2691440.0,102849330.39069071,102674292.68223865,-175037.70845205468,38.148460557262524,38.148460557262524,13,
2019-04-18,9900.0,9720.0,22090.119140625,0.0,0,0.0,0.0,0.0,0.0,202.81512328764074,2643840.0,102849330.39069071,102626489.86711538,-222840.52357534238,38.81720900928777,38.81720900928777,13,
2019-04-19,9860.0,9825.0,22200.560546875,0.0,0,0.0,0.0,0.0,0.0,205.0060273972922,2672400.0,102849330.39069071,102654844.86108798,-194485.5296027396,38.41297891823379,38.41297891823379,13,
2019-04-22,9830.0,9855.0,22217.900390625,0.0,0,0.0,0.0,0.0,0.0,205.63200000001234,2680560.0,102849330.39069071,102662799.22908798,-186531.1616027396,38.29901185912197,38.29901185912197,13,
2019-04-23,9870.0,9875.0,22259.740234375,0.0,0,0.0,0.0,0.0,0.0,206.04931506846333,2686000.0,102849330.39069071,102668033.17977291,-181297.2109178081,38.22339284429371,38.22339284429371,13,
2019-04-24,9960.0,9820.0,22200.0,29885.976000000002,3,0.0,0.0,0.0,0.0,207.16164383557043,2700500.0,102849330.39069071,102652440.04212907,-196890.3485616437,38.012382907657496,38.012382907657496,27,
2019-04-25,9820.0,9935.0,22307.580078125,9821.964,1,0.0,0.0,0.0,0.0,210.34980821920908,2742060.0,102849330.39069071,102683967.72832085,-165362.6623698629,37.447746485606025,37.447746485606025,13,
2019-04-26,9795.0,9870.0,22258.73046875,29390.876999999997,3,9793.041000000001,15.043986301371216,11.987800484247654,3.0561858171235627,210.4878904109355,2743860.0,102849342.3784912,102665956.34824462,-183386.0302465752,37.41661613502315,37.41661613502315,27,
2019-05-07,9770.0,9575.0,21923.720703125,39087.816,4,0.0,0.0,0.0,0.0,207.13479452056345,2700150.0,102849342.3784912,102582951.3974501,-266390.9810410958,37.99157505970042,37.99157505970042,27,
2019-05-08,9295.0,9290.0,21602.58984375,37187.436,4,0.0,0.0,0.0,0.0,203.82005479454529,2656940.0,102849342.3784912,102502350.1413953,-346992.2370958903,38.57909856503922,38.57909856503922,13,
2019-05-09,9210.0,9125.0,21402.130859375,64482.894,7,0.0,0.0,0.0,0.0,205.10000000000582,2673625.0,102849342.3784912,102454347.1473953,-394995.2310958903,38.320387918049576,38.320387918049576,13,
2019-05-10,9125.0,9090.0,21344.919921875,73014.59999999999,8,0.0,0.0,0.0,0.0,209.89183561634854,2736090.0,102849342.3784912,102443587.65555969,-405754.72293150664,37.44160011387041,37.44160011387041,13,
2019-05-13,8940.0,8955.0,21191.279296875,71534.304,8,0.0,0.0,0.0,0.0,212.27030136986286,2767095.0,102849342.3784912,102402846.08125831,-446496.29723287653,37.007347446061054,37.007347446061054,13,
2019-05-14,8650.0,8925.0,21067.23046875,95169.03,11,0.0,0.0,0.0,0.0,219.09041095891735,2856000.0,102849342.3784912,102396362.96084736,-452979.41764383554,35.85306826360202,35.85306826360202,26,
2019-05-15,8960.0,8950.0,21188.560546875,98579.712,11,98540.288,3363.7267671232894,2680.3856743821934,683.3410927410962,219.704109588929,2864000.0,102852022.76416558,102403420.49164504,-448602.27252054785,35.75538424987606,35.75538424987606,26,
2019-05-16,8905.0,8825.0,21062.98046875,80161.029,9,0.0,0.0,0.0,0.0,222.72849315067288,2903425.0,102852022.76416558,102362461.73415188,-489561.0300136985,35.25576232695933,35.25576232695933,26,
2019-05-17,8995.0,9000.0,21250.08984375,89967.98999999999,10,0.0,0.0,0.0,0.0,234.04931506846333,3051000.0,102852022.76416558,102419834.69483681,-432188.06932876713,33.56926735327329,33.56926735327329,26,
2019-05-20,9035.0,9050.0,21301.73046875,0.0,0,0.0,0.0,0.0,0.0,235.3495890411141,3067950.0,102852022.76416558,102436549.34524778,-415473.41891780804,33.38924993733528,33.38924993733528,26,
2019-05-21,8950.0,9000.0,21272.44921875,0.0,0,80533.89000000001,354.30620547947103,282.3288998363165,71.97730564315454,227.83561643832945,2970000.0,102852305.09306543,102418833.4223257,-433471.670739726,34.484455697752765,34.484455697752765,26,
2019-05-22,9100.0,9020.0,21283.369140625,0.0,0,0.0,0.0,0.0,0.0,228.34191780822584,2976600.0,102852305.09306543,102425205.08040789,-427100.0126575341,34.41013407256867,34.41013407256867,26,
2019-05-23,8930.0,8895.0,21151.140625,0.0,0,0.0,0.0,0.0,0.0,225.1775342465553,2935350.0,102852305.09306543,102383729.90287365,-468575.1901917806,34.87956458441877,34.87956458441877,26,
2019-05-24,8720.0,8865.0,21117.220703125,17443.488,2,0.0,0.0,0.0,0.0,225.7781917808461,2943180.0,102852305.09306543,102373890.63668187,-478414.4563835615,34.783428345083166,34.783428345083166,26,
2019-05-27,8920.0,8930.0,21182.580078125,44608.92,5,17836.432,391.5838904109584,312.0336230739722,79.5502673369862,229.48876712316996,2991550.0,102852617.1266885,102395179.1096474,-457438.01704109577,34.22813561854136,34.22813561854136,26,
2019-05-28,8945.0,8980.0,21260.140625,0.0,0,0.0,0.0,0.0,0.0,230.77369863007334,3008300.0,102852617.1266885,102411698.33594877,-440918.79073972587,34.04304701524075,34.04304701524075,26,
2019-05-29,8810.0,8775.0,21003.369140625,0.0,0,0.0,0.0,0.0,0.0,225.5054794519674,2939625.0,102852617.1266885,102342797.83046931,-509819.2962191779,34.814916130618464,34.814916130618464,26,
2019-05-30,8680.0,8710.0,20942.529296875,69453.88799999999,8,0.0,0.0,0.0,0.0,229.1803835617029,2987530.0,102852617.1266885,102321019.76208575,-531597.3646027397,34.249369801168775,34.249369801168775,26,
2019-05-31,8595.0,8425.0,20601.189453125,77370.47099999999,9,0.0,0.0,0.0,0.0,227.49808219174156,2965600.0,102852617.1266885,102221491.79300356,-631125.3336849315,34.46907600249648,34.46907600249648,26,
2019-06-03,8210.0,8260.0,20410.880859375,32846.568,4,0.0,0.0,0.0,0.0,225.57720547940698,2940560.0,102852617.1266885,102163379.64779809,-689237.478890411,34.74283117766619,34.74283117766619,11,
2019-06-04,8300.0,8275.0,20408.5390625,33206.64,4,0.0,0.0,0.0,0.0,228.52602739725262,2979000.0,102852617.1266885,102168384.4817707,-684232.644917808,34.29620157159137,34.29620157159137,11,
2019-06-05,8550.0,8575.0,20776.099609375,34206.84,4,0.0,0.0,0.0,0.0,239.44219178080675,3121300.0,102852617.1266885,102276238.19957891,-576378.9271095889,32.76719257987983,32.76719257987983,11,
2019-06-06,8555.0,8580.0,20774.0390625,8556.711,1,68426.312,2360.2286027397327,1880.7481620931558,479.48044064657665,234.97446575335925,3063060.0,102854497.87485059,102277153.3456725,-577344.5291780819,33.39051580630889,33.39051580630889,11,
2019-06-07,8655.0,8680.0,20884.7109375,0.0,0,0.0,0.0,0.0,0.0,237.7130958903872,3098760.0,102854497.87485059,102312615.63257661,-541882.2422739726,33.01727646948348,33.01727646948348,26,
2019-06-10,8860.0,8865.0,21134.419921875,0.0,0,44291.14000000001,1518.3374931506942,1209.8872314171306,308.4502617335635,239.37928767126868,3120480.0,102855707.76208201,102378078.94302721,-477628.8190547944,32.80843938850023,32.80843938850023,26,
2019-06-11,8835.0,8935.0,21204.279296875,0.0,0,150164.961,3257.4535068493433,2595.701826932899,661.7516799164441,229.61726027401164,2993225.0,102858303.46390894,102400097.53508702,-458205.9288219176,34.21062483945811,34.21062483945811,26,
2019-06-12,8885.0,8885.0,21129.720703125,0.0,0,0.0,0.0,0.0,0.0,228.33232876713737,2976475.0,102858303.46390894,102383119.20275825,-475184.26115068473,34.39743965689557,34.39743965689557,26,
2019-06-13,8810.0,8770.0,21032.0,0.0,0,0.0,0.0,0.0,0.0,225.37698630135856,2937950.0,102858303.46390894,102344368.82577196,-513934.6381369862,34.83529972456031,34.83529972456031,26,
2019-06-14,8795.0,8850.0,21116.890625,0.0,0,0.0,0.0,0.0,0.0,227.43287671232247,2964750.0,102858303.46390894,102370941.39289524,-487362.0710136984,34.52936719551235,34.52936719551235,26,
2019-06-17,8825.0,8870.0,21124.0,0.0,0,0.0,0.0,0.0,0.0,227.9468493150489,2971450.0,102858303.46390894,102377413.44604592,-480890.0178630135,34.453688753317714,34.453688753317714,26,
2019-06-18,8845.0,8725.0,20972.7109375,0.0,0,0.0,0.0,0.0,0.0,224.22054794518044,2922875.0,102858303.46390894,102328614.22549798,-529689.2384109587,35.009575922849244,35.009575922849244,26,
2019-06-19,8995.0,9045.0,21333.869140625,0.0,0,0.0,0.0,0.0,0.0,232.4441095891234,3030075.0,102858303.46390894,102435581.78138839,-422721.6825205477,33.80628591087296,33.80628591087296,26,
2019-06-20,9110.0,9145.0,21462.859375,54670.932,6,0.0,0.0,0.0,0.0,239.22317808226217,3118445.0,102858303.46390894,102469041.62621032,-389261.83769863,32.85901839737764,32.85901839737764,27,
2019-06-21,9165.0,8960.0,21258.640625,36667.332,4,219916.008,4771.594904109582,3802.2453993397203,969.3495047698616,220.63693150694598,2876160.0,102862105.70930828,102408815.31577404,-453290.3935342465,35.606091217378044,35.606091217378044,27,
2019-06-24,8935.0,8990.0,21285.990234375,71494.296,8,0.0,0.0,0.0,0.0,226.89282191789243,2957710.0,102862105.70930828,102418644.12695211,-443461.58235616423,34.62768294624967,34.62768294624967,27,
2019-06-25,8950.0,8905.0,21193.810546875,62662.52999999999,7,0.0,0.0,0.0,0.0,229.5294246574922,2992080.0,102862105.70930828,102390122.06752746,-471983.6417808218,34.22038249897311,34.22038249897311,27,
2019-06-26,8835.0,8840.0,21086.58984375,0.0,0,0.0,0.0,0.0,0.0,227.85402739731944,2970240.0,102862105.70930828,102368054.21350007,-494051.49580821925,34.464573305019144,34.464573305019144,26,
2019-06-27,8895.0,9045.0,21338.169921875,0.0,0,0.0,0.0,0.0,0.0,233.13797260282445,3039120.0,102862105.70930828,102436701.07552746,-425404.6337808218,33.70604026018303,33.70604026018303,26,
2019-06-28,9005.0,8985.0,21275.919921875,63047.606999999996,7,0.0,0.0,0.0,0.0,236.41627397254342,3081855.0,102862105.70930828,102416152.05225348,-445953.65705479437,33.23198270270778,33.23198270270778,27,
2019-07-01,9320.0,9405.0,21729.970703125,74574.912,8,0.0,0.0,0.0,0.0,253.2392876711383,3301155.0,102862105.70930828,102560623.90096581,-301481.8083424656,31.06810310360035,31.06810310360035,27,
2019-07-02,9355.0,9390.0,21754.26953125,18713.742,2,533128.353,16400.56663013706,13068.791519224715,3331.7751109123433,213.21731506846845,2779440.0,102875174.5008275,102549778.51953983,-325395.9812876712,36.89584179530403,36.89584179530403,27,
2019-07-03,9355.0,9285.0,21638.16015625,18713.742,2,0.0,0.0,0.0,0.0,212.2576438356482,2766930.0,102875174.5008275,102518342.519896,-356831.9809315068,37.051296028412715,37.051296028412715,27,
2019-07-04,9380.0,9345.0,21702.44921875,28145.628,3,0.0,0.0,0.0,0.0,215.77989041092223,2812845.0,102875174.5008275,102535896.11200559,-339278.38882191764,36.45273597087845,36.45273597087845,27,
2019-07-05,9355.0,9375.0,21746.380859375,28070.612999999998,3,0.0,0.0,0.0,0.0,218.6301369862049,2850000.0,102875174.5008275,102544761.8688686,-330412.631958904,35.98061819960302,35.98061819960302,27,
2019-07-08,9325.0,9215.0,21534.349609375,18653.73,2,0.0,0.0,0.0,0.0,216.31265753414482,2819790.0,102875174.5008275,102495681.82621107,-379492.6746164381,36.348693280780154,36.348693280780154,27,
2019-07-09,9270.0,9220.0,21565.150390625,64902.977999999996,7,0.0,0.0,0.0,0.0,221.3810410958249,2885860.0,102875174.5008275,102496627.46716997,-378547.03365753416,35.51683985611567,35.51683985611567,27,
2019-07-10,9210.0,9245.0,21533.48046875,64482.894,7,0.0,0.0,0.0,0.0,226.94575342451571,2958400.0,102875174.5008275,102504457.62741655,-370716.87341095885,34.64861331375627,34.64861331375627,27,
2019-07-11,9240.0,9310.0,21643.529296875,64692.936,7,0.0,0.0,0.0,0.0,233.54071232871502,3044370.0,102875174.5008275,102525501.15070422,-349673.35012328747,33.677082992771645,33.677082992771645,27,
2019-07-12,9365.0,9335.0,21685.900390625,56201.238,6,0.0,0.0,0.0,0.0,238.4644931507646,3108555.0,102875174.5008275,102533246.44821107,-341928.05261643836,32.98421499642473,32.98421499642473,27,
2019-07-16,9305.0,9220.0,21535.25,46534.30499999999,5,0.0,0.0,0.0,0.0,239.06323287662235,3116360.0,102875174.5008275,102494278.0799782,-380896.42084931495,32.88910077140581,32.88910077140581,27,
2019-07-17,9180.0,9165.0,21469.1796875,64272.852,7,0.0,0.0,0.0,0.0,242.5586301369476,3161925.0,102875174.5008275,102475327.66934806,-399846.831479452,32.40915824042255,32.40915824042255,27,
2019-07-18,9045.0,8780.0,21046.240234375,81421.28099999999,9,0.0,0.0,0.0,0.0,238.43112328770803,3108120.0,102875174.5008275,102339862.95722477,-535311.5436027397,32.926612536589566,32.926612536589566,27,
2019-07-19,8885.0,9145.0,21466.990234375,0.0,0,0.0,0.0,0.0,0.0,248.34312328780652,3237330.0,102875174.5008275,102468824.61410148,-406349.8867260271,31.652264246802606,31.652264246802606,26,
2019-07-22,9080.0,9080.0,21416.7890625,72654.52799999999,8,0.0,0.0,0.0,0.0,252.1503561643185,3286960.0,102875174.5008275,102445547.93574531,-429626.5650821915,31.16726334842691,31.16726334842691,27,
2019-07-23,9115.0,9275.0,21620.880859375,82051.407,9,0.0,0.0,0.0,0.0,263.96904109607567,3441025.0,102875174.5008275,102517297.55970421,-357876.9411232877,29.79266281404646,29.79266281404646,27,
2019-07-24,9375.0,9330.0,21709.5703125,46884.375,5,159343.125,5231.003452054816,4168.32510076988,1062.6783512849358,256.94564383570105,3349470.0,102879342.82592827,102536881.68570909,-342461.140219178,30.612867613595313,30.612867613595313,27,
2019-07-25,9415.0,9405.0,21756.55078125,37667.532,4,84718.053,2653.8009041095825,2114.6812504397208,539.1196536698617,255.40372602723073,3329370.0,102881457.50717871,102563037.68332939,-318419.8238493148,30.80553909097799,30.80553909097799,27,
2019-07-26,9325.0,9300.0,21658.150390625,27980.595,3,195785.835,2198.870972602738,1752.170334518492,446.7006380842463,239.71068493137136,3124800.0,102883209.67751323,102525586.51200637,-357623.16550684924,32.810287542244744,32.810287542244744,27,
2019-07-29,9300.0,9250.0,21616.80078125,46509.3,5,0.0,0.0,0.0,0.0,241.96986301374272,3154250.0,102883209.67751323,102508285.24214336,-374924.43536986294,32.49846563910386,32.49846563910386,27,
2019-07-30,9325.0,9340.0,21709.310546875,55961.19,6,0.0,0.0,0.0,0.0,248.62312328768894,3240980.0,102883209.67751323,102538805.42902008,-344404.24849315063,31.638209871403117,31.638209871403117,27,
2019-07-31,9200.0,9205.0,21521.529296875,55211.04,6,0.0,0.0,0.0,0.0,249.266356164444,3249365.0,102883209.67751323,102491730.12266392,-391479.5548493149,31.54207979794942,31.54207979794942,27,
2019-08-01,9050.0,9195.0,21540.990234375,81466.29,9,0.0,0.0,0.0,0.0,255.34389041090617,3328590.0,102883209.67751323,102489233.4887735,-393976.18873972585,30.790585049157,30.790585049157,27,
2019-08-02,8825.0,8815.0,21087.16015625,88267.65,10,0.0,0.0,0.0,0.0,251.5535342466319,3279180.0,102883209.67751323,102351304.28523925,-531905.3922739726,31.212469057886192,31.212469057886192,27,
2019-08-05,8680.0,8505.0,20720.2890625,0.0,0,0.0,0.0,0.0,0.0,242.7070684930368,3163860.0,102883209.67751323,102235741.57817076,-647468.0993424655,32.313611088408074,32.313611088408074,26,
2019-08-06,8005.0,8385.0,20585.310546875,96079.212,12,0.0,0.0,0.0,0.0,247.00142465758836,3219840.0,102883209.67751323,102195395.36474611,-687814.3127671231,31.739277530792247,31.739277530792247,26,
2019-08-07,8370.0,8330.0,20516.560546875,92088.41399999999,11,100419.91200000001,4332.981205479464,3452.736073586311,880.245131893153,244.74224657507148,3190390.0,102886662.41358681,102173151.87536763,-713510.5382191779,32.02528589776411,32.02528589776411,26,
2019-08-08,8350.0,8420.0,20593.349609375,91868.37,11,0.0,0.0,0.0,0.0,254.49161643825937,3317480.0,102886662.41358681,102208119.0137512,-678543.3998356161,30.808963132784882,30.808963132784882,26,
2019-08-09,8535.0,8480.0,20684.8203125,93903.777,11,0.0,0.0,0.0,0.0,263.4608219178044,3434400.0,102886662.41358681,102230871.77592927,-655790.637657534,29.766734153252177,29.766734153252177,26,
2019-08-13,8280.0,8270.0,20455.439453125,8281.655999999999,1,0.0,0.0,0.0,0.0,257.5708493151469,3357620.0,102886662.41358681,102145552.54907995,-741109.8645068492,30.422010992631673,30.422010992631673,26,
2019-08-14,8470.0,8435.0,20655.130859375,84716.94,10,0.0,0.0,0.0,0.0,269.1804931508377,3508960.0,102886662.41358681,102211906.42858681,-674755.9849999998,29.128832026750608,29.128832026750608,26,
2019-08-15,8120.0,8235.0,20405.650390625,0.0,0,0.0,0.0,0.0,0.0,262.79802739730803,3425760.0,102886662.41358681,102128443.63055941,-758218.7830273971,29.811908490542073,29.811908490542073,26,
2019-08-16,8175.0,8260.0,20418.810546875,57236.445,7,0.0,0.0,0.0,0.0,268.03134246566333,3493980.0,102886662.41358681,102139159.15421695,-747503.2593698626,29.232897484878833,29.232897484878833,26,
2019-08-19,8410.0,8375.0,20563.16015625,42058.41,5,0.0,0.0,0.0,0.0,274.97534246539,3584500.0,102886662.41358681,102187345.76887448,-699316.6447123287,28.508117106674426,28.508117106674426,26,
2019-08-20,8410.0,8460.0,20677.220703125,0.0,0,58858.225999999995,1612.8482328767077,1285.1981143678045,327.6501185089032,273.2232328764512,3561660.0,102887947.61170118,102222763.1215231,-665184.4901780821,28.700876310912072,28.700876310912072,26,
2019-08-21,8310.0,8420.0,20618.5703125,0.0,0,8308.338,22.843698630137684,18.203001253425214,4.64069737671247,271.28547945193714,3536400.0,102887965.81470244,102205535.53334627,-682430.2813561644,28.901011065871018,28.901011065871018,26,
2019-08-22,8490.0,8420.0,20628.009765625,0.0,0,0.0,0.0,0.0,0.0,271.28547945193714,3536400.0,102887965.81470244,102205264.24786682,-682701.5668356164,28.900934353542254,28.900934353542254,26,
2019-08-23,8405.0,8500.0,20710.91015625,0.0,0,0.0,0.0,0.0,0.0,273.863013698603,3570000.0,102887965.81470244,102238590.38485312,-649375.4298493147,28.638260612003677,28.638260612003677,26,
2019-08-26,8085.0,8130.0,20261.0390625,0.0,0,0.0,0.0,0.0,0.0,261.94191780820256,3414600.0,102887965.81470244,102082928.44293532,-805037.371767123,29.896013718425383,29.896013718425383,26,
2019-08-27,8285.0,8265.0,20456.080078125,58006.598999999995,7,0.0,0.0,0.0,0.0,270.7296986300498,3529155.0,102887965.81470244,102139206.11423668,-748759.7004657532,28.941547229928037,28.941547229928037,26,
2019-08-28,8290.0,8305.0,20479.419921875,0.0,0,0.0,0.0,0.0,0.0,272.0399452056736,3546235.0,102887965.81470244,102156014.07429148,-731951.740410959,28.80689352913484,28.80689352913484,26,
2019-08-29,8310.0,8280.0,20460.9296875,0.0,0,0.0,0.0,0.0,0.0,271.22104109602515,3535560.0,102887965.81470244,102145067.85325038,-742897.9614520548,28.8907748286694,28.8907748286694,26,
2019-08-30,8455.0,8500.0,20704.369140625,0.0,0,0.0,0.0,0.0,0.0,278.42739726026775,3629500.0,102887965.81470244,102238729.42585312,-649236.388849315,28.16881923842213,28.16881923842213,26,
2019-09-02,8410.0,8420.0,20620.189453125,0.0,0,151349.724,1343.9792739726001,1070.9498844650664,273.0293895075337,264.1803835615283,3443780.0,102889036.7645869,102203821.94008005,-685214.8245068489,29.67780228123749,29.67780228123749,26,
2019-09-03,8385.0,8420.0,20625.16015625,0.0,0,0.0,0.0,0.0,0.0,264.1803835615283,3443780.0,102889036.7645869,102203557.75969648,-685479.0048904109,29.677725568908723,29.677725568908723,26,
2019-09-04,8390.0,8455.0,20649.140625,0.0,0,0.0,0.0,0.0,0.0,265.2785205481923,3458095.0,102889036.7645869,102217607.48117594,-671429.2834109587,29.558935622409432,29.558935622409432,26,
2019-09-05,8555.0,8825.0,21085.939453125,0.0,0,0.0,0.0,0.0,0.0,276.8873972603469,3609425.0,102889036.7645869,102368660.59377867,-520376.170808219,28.36148710494848,28.36148710494848,26,
2019-09-06,8900.0,8880.0,21199.5703125,0.0,0,142371.52,8030.833972602743,6399.370051068497,1631.4639215342472,267.71375342452666,3489840.0,102895436.13463797,102389547.93610372,-505888.1985342465,29.33932442063353,29.33932442063353,12,
2019-09-09,8900.0,8995.0,21318.419921875,0.0,0,88982.2,4148.975616438351,3306.1112199588997,842.864396479451,264.28049315075623,3445085.0,102898742.24585792,102432667.99121408,-466074.25464383553,29.7329871370994,29.7329871370994,12,
2019-09-10,9040.0,9060.0,21392.099609375,0.0,0,99420.11200000001,5366.697630136992,4276.453006574662,1090.24462356233,258.5450958905276,3370320.0,102903018.6988645,102455974.31349464,-447044.3853698628,30.39947966765608,30.39947966765608,12,
2019-09-11,9120.0,9225.0,21597.759765625,0.0,0,0.0,0.0,0.0,0.0,263.2536986300838,3431700.0,102903018.6988645,102517091.059796,-385927.63906849304,29.873558603548098,29.873558603548098,12,
2019-09-12,9390.0,9385.0,21759.609375,0.0,0,178374.318,8287.034493150697,6603.523435867133,1683.5110572835642,254.14065753424075,3312905.0,102909622.22230037,102574732.72608119,-334889.4962191779,30.96217148577493,30.96217148577493,27,
2019-09-13,9485.0,9585.0,21988.2890625,0.0,0,56898.618,1565.2118630137,1247.2390730424668,317.9727899712331,255.144821917871,3325995.0,102910869.46137342,102644148.22646931,-266721.23490410944,30.861185367527405,30.861185367527405,27,
2019-09-17,9535.0,9580.0,22001.3203125,0.0,0,619651.045,10930.27771232884,8709.791795069235,2220.485917259604,207.242958904244,2701560.0,102919579.25316848,102636936.54259314,-282642.7105753424,37.99172942395991,37.99172942395991,27,
2019-09-18,9590.0,9555.0,21960.7109375,0.0,0,0.0,0.0,0.0,0.0,206.70213698642328,2694510.0,102919579.25316848,102629679.84045614,-289899.4127123286,38.08843902618886,38.08843902618886,27,
2019-09-19,9645.0,9640.0,22044.44921875,0.0,0,0.0,0.0,0.0,0.0,208.54093150695553,2718480.0,102919579.25316848,102653441.29952465,-266137.9536438355,37.76133769589059,37.76133769589059,27,
2019-09-20,9705.0,9640.0,22079.08984375,0.0,0,0.0,0.0,0.0,0.0,208.54093150695553,2718480.0,102919579.25316848,102653232.75859314,-266346.49457534234,37.76126098356182,37.76126098356182,27,
2019-09-24,9660.0,9690.0,22098.83984375,0.0,0,0.0,0.0,0.0,0.0,209.62257534253877,2732580.0,102919579.25316848,102667123.1360178,-252456.1171506848,37.57149768205059,37.57149768205059,27,
2019-09-25,9555.0,9595.0,22020.150390625,0.0,0,0.0,0.0,0.0,0.0,207.5674520545872,2705790.0,102919579.25316848,102640125.56856574,-279453.68460273964,37.933515006177764,37.933515006177764,27,
2019-09-26,9735.0,9610.0,22048.240234375,9736.947,1,0.0,0.0,0.0,0.0,208.62915068492293,2719630.0,102919579.25316848,102644019.99241506,-275559.2607534246,37.74190606531589,37.74190606531589,27,
2019-09-27,9680.0,9600.0,21878.900390625,9681.936,1,0.0,0.0,0.0,0.0,209.148493150773,2726400.0,102919579.25316848,102640898.90792191,-278680.34524657525,37.647043320100465,37.647043320100465,27,
2019-09-30,9505.0,9485.0,21755.83984375,28520.703,3,0.0,0.0,0.0,0.0,208.82591780810617,2722195.0,102919579.25316848,102607964.37900409,-311614.87416438345,37.69309853959914,37.69309853959914,27,
2019-10-01,9565.0,9630.0,21885.240234375,47834.565,5,0.0,0.0,0.0,0.0,215.71200000005774,2811960.0,102919579.25316848,102649679.1020041,-269900.1511643834,36.504672577847515,36.504672577847515,27,
2019-10-02,9480.0,9525.0,21778.609375,37927.584,4,0.0,0.0,0.0,0.0,216.28273972595343,2819400.0,102919579.25316848,102618975.23526438,-300604.01790410944,36.39745166888855,36.39745166888855,27,
2019-10-03,9190.0,9140.0,21341.740234375,45959.19,5,0.0,0.0,0.0,0.0,211.04635616432643,2751140.0,102919579.25316848,102504544.9989082,-415034.2542602738,37.25893447767406,37.25893447767406,27,
2019-10-04,9135.0,9195.0,21410.19921875,118778.75099999999,13,0.0,0.0,0.0,0.0,221.4861369865248,2887230.0,102919579.25316848,102521634.76177122,-397944.4913972602,35.50864834522058,35.50864834522058,27,
2019-10-07,9225.0,9155.0,21375.25,101495.295,11,0.0,0.0,0.0,0.0,228.24794520554133,2975375.0,102919579.25316848,102508056.21882601,-411523.03434246563,34.45214677774264,34.45214677774264,27,
2019-10-08,9260.0,9355.0,21587.779296875,120404.07599999999,13,0.0,0.0,0.0,0.0,242.56361643853597,3161990.0,102919579.25316848,102574024.57920958,-345554.67395890376,32.439705558591136,32.439705558591136,27,
2019-10-09,9160.0,9225.0,21456.380859375,82456.488,9,119056.184,249.8039041095936,199.05624098972964,50.74766311986394,236.36219178070314,3081150.0,102919778.30940947,102529497.16535467,-390281.14405479445,33.27637316111019,33.27637316111019,27,
2019-10-10,9225.0,9300.0,21551.98046875,101495.295,11,0.0,0.0,0.0,0.0,246.13150684913853,3208500.0,102919778.30940947,102555105.73884782,-364672.57056164363,31.963567317702296,31.963567317702296,27,
2019-10-11,9460.0,9515.0,21798.869140625,75695.136,8,0.0,0.0,0.0,0.0,257.66098630125634,3358795.0,102919778.30940947,102629447.94186153,-290330.3675479452,30.55543667948223,30.55543667948223,27,
2019-10-15,9770.0,9880.0,22207.2109375,39087.816,4,478634.254,26687.213616438396,21265.706170258934,5421.50744617946,233.43868493137415,3043040.0,102941044.01557973,102747584.43373041,-193459.5818493149,33.76478272836716,33.76478272836716,27,
2019-10-16,10165.0,10115.0,22472.919921875,0.0,0,213422.307,13656.125684931518,10881.88375203768,2774.2419328938377,222.69627397245495,2903005.0,102951925.89933176,102817974.80252354,-133951.096808219,35.41777392823076,35.41777392823076,22,
2019-10-17,10110.0,10105.0,22451.859375,0.0,0,131403.714,3640.2802465753584,2900.757314483574,739.522932091784,212.39879452052992,2768770.0,102954826.65664625,102814191.59479694,-140635.0618493149,37.13352557084804,37.13352557084804,22,
2019-10-18,10165.0,10145.0,22492.6796875,0.0,0,0.0,0.0,0.0,0.0,213.2395616438589,2779730.0,102954826.65664625,102824938.3552353,-129888.30141095875,36.99098054675645,36.99098054675645,22,
2019-10-21,10175.0,10190.0,22548.900390625,0.0,0,30518.895,389.7263424657514,310.553435993834,79.17290647191739,211.840328767139,2761490.0,102955137.21008225,102836926.23700006,-118210.97308219165,37.239651868013304,37.239651868013304,22,
2019-10-23,10300.0,10280.0,22625.380859375,0.0,0,0.0,0.0,0.0,0.0,213.71134246577276,2785880.0,102955137.21008225,102861102.5256576,-94034.6844246574,36.92230193894123,36.92230193894123,22,
2019-10-24,10380.0,10380.0,22750.599609375,0.0,0,591541.6680000001,7169.738260274097,5713.205932699414,1456.5323275746828,170.4026301370468,2221320.0,102960850.41601494,102886457.25869986,-74393.15731506841,46.31771075698227,46.31771075698227,22,
2019-10-25,10395.0,10415.0,22799.810546875,0.0,0,301394.70900000003,3154.3197534246992,2513.5196955164715,640.8000579082276,147.80739726033062,1926775.0,102963363.93571046,102892518.3602447,-70845.57546575337,53.40141861932229,53.40141861932229,22,
2019-10-28,10470.0,10470.0,22867.26953125,0.0,0,0.0,0.0,0.0,0.0,148.58794520550873,1936950.0,102963363.93571046,102902544.7722995,-60819.16341095884,53.12607179963319,53.12607179963319,22,
2019-10-29,10555.0,10570.0,22974.130859375,0.0,0,0.0,0.0,0.0,0.0,150.00712328776717,1955450.0,102963363.93571046,102920894.7651762,-42469.17053424651,52.63284398229369,52.63284398229369,22,
2019-10-30,10535.0,10450.0,22843.119140625,0.0,0,0.0,0.0,0.0,0.0,148.3041095889639,1933250.0,102963363.93571046,102898546.46106662,-64817.474643835536,53.22568031090993,53.22568031090993,28,
2019-10-31,10535.0,10530.0,22927.0390625,0.0,0,0.0,0.0,0.0,0.0,149.43945205479395,1948050.0,102963363.93571046,102913197.02161457,-50166.91409589034,52.82882729992278,52.82882729992278,28,
2019-11-01,10335.0,10450.0,22850.76953125,0.0,0,0.0,0.0,0.0,0.0,148.3041095889639,1933250.0,102963363.93571046,102898248.71750498,-65115.21820547938,53.22552629898098,53.22552629898098,28,
2019-11-05,10770.0,10850.0,23251.990234375,0.0,0,0.0,0.0,0.0,0.0,153.98082191782305,2007250.0,102963363.93571046,102972094.73668306,8730.800972602812,51.30008456180499,51.295734928738554,28,
2019-11-06,10890.0,10875.0,23303.8203125,0.0,0,304859.016,8982.145698630184,7157.422799953461,1824.7228986767218,130.9767123288475,1707375.0,102970521.35851042,102975123.05307207,4601.694561643864,60.31195434691973,60.30925916012031,28,
2019-11-07,10835.0,10880.0,23330.3203125,0.0,0,714966.978,10763.481616438374,8576.880326058917,2186.601290379456,75.95134246576345,990080.0,102979098.23883647,102970532.47843921,-8565.760397260261,104.00223464612881,104.00223464612881,28,
2019-11-08,11110.0,10955.0,23391.869140625,0.0,0,0.0,0.0,0.0,0.0,76.47490410954924,996905.0,102979098.23883647,102977281.00353509,-1817.2353013698485,103.29698517264443,103.29698517264443,29,
2019-11-11,11000.0,10900.0,23331.83984375,0.0,0,0.0,0.0,0.0,0.0,76.09095890412573,991900.0,102979098.23883647,102972199.9125762,-6898.32626027396,103.81308590843452,103.81308590843452,30,
2019-11-12,10895.0,11090.0,23520.009765625,0.0,0,0.0,0.0,0.0,0.0,77.4173150684801,1009190.0,102979098.23883647,102989412.49526112,10314.256424657546,102.05155867107395,102.04133833949649,30,
2019-11-13,11000.0,10885.0,23319.869140625,0.0,0,582883.4,16985.986698630193,13535.283500803469,3450.7031978267237,31.73052054794971,413630.0,102992633.52233727,102973253.46154276,-19380.060794520567,248.95015705229977,248.95015705229977,30,
2019-11-14,10890.0,10725.0,23141.55078125,141598.314,13,0.0,0.0,0.0,0.0,41.95972602738766,546975.0,102992633.52233727,102964958.18781672,-27675.334520547978,188.2443588606732,188.2443588606732,30,
2019-11-15,10745.0,10885.0,23303.3203125,558851.748,52,0.0,0.0,0.0,0.0,86.00641095888568,1121155.0,102992633.52233727,102980200.43340577,-12433.088931506903,91.85188527313866,91.85188527313866,30,
2019-11-18,10865.0,10955.0,23416.759765625,478155.61199999996,44,0.0,0.0,0.0,0.0,123.53638356161537,1610385.0,102992633.52233727,102991151.2850222,-1482.2373150685116,63.95436574795605,63.95436574795605,30,
2019-11-19,10920.0,10860.0,23292.650390625,196599.31199999998,18,0.0,0.0,0.0,0.0,137.46082191780442,1791900.0,102992633.52233727,102975929.51220028,-16704.010136986297,57.46745326870935,57.46745326870935,30,
2019-11-20,10745.0,10710.0,23148.5703125,580346.046,54,0.0,0.0,0.0,0.0,179.92800000001444,2345490.0,102992633.52233727,102948993.53820029,-43639.98413698626,43.892318252561424,43.892318252561424,30,
2019-11-21,10650.0,10615.0,23038.580078125,575215.0199999999,54,0.0,0.0,0.0,0.0,222.3042739725788,2897895.0,102992633.52233727,102925961.21392632,-66672.30841095878,35.51749156333349,35.51749156333349,30,
2019-11-22,10615.0,10695.0,23112.880859375,573324.642,54,0.0,0.0,0.0,0.0,268.28334246581653,3497265.0,102992633.52233727,102951738.28858384,-40895.23375342452,29.437785895144877,29.437785895144877,30,
2019-11-25,10855.0,10845.0,23292.810546875,575430.063,53,0.0,0.0,0.0,0.0,316.1391780821141,4121100.0,102992633.52233727,102999827.08640577,7193.564068493314,24.993285066221585,24.99153952156882,30,
2019-11-26,11005.0,10925.0,23373.3203125,561367.2509999999,51,0.0,0.0,0.0,0.0,361.2134246574715,4708675.0,102992633.52233727,103025673.62198111,33040.099643835856,21.87997124923277,21.872954392124594,30,
2019-11-27,10995.0,11000.0,23437.76953125,351910.368,32,0.0,0.0,0.0,0.0,390.6958904109197,5093000.0,102992633.52233727,103057697.5580907,65064.035753424876,20.235165434535777,20.22239024589383,30,
2019-11-28,11010.0,10965.0,23409.140625,44048.808,4,0.0,0.0,0.0,0.0,392.81736986292526,5120655.0,102992633.52233727,103040910.93272084,48277.41038356187,20.122603638151922,20.113175662554355,30,
2019-11-29,11025.0,10855.0,23293.91015625,22054.41,2,0.0,0.0,0.0,0.0,390.542082191736,5090995.0,102992633.52233727,102988805.98063864,-3827.541698629917,20.229602657366318,20.229602657366318,30,
2019-12-02,10930.0,11080.0,23529.5,295169.022,27,0.0,0.0,0.0,0.0,421.586410958902,5495680.0,102992633.52233727,103097900.37222768,105266.84989041119,18.759807771236257,18.740653299016184,30,
2019-12-03,10760.0,10925.0,23379.810546875,75335.064,7,1161847.584,12631.270931506986,10065.228241771341,2566.042689735644,331.04246575332945,4315375.0,103002698.75057904,103001210.80707219,-1487.9435068491907,23.868426453569434,23.868426453569434,30,
2019-12-04,10720.0,10685.0,23135.23046875,546829.344,51,0.0,0.0,0.0,0.0,365.5733698629774,4765510.0,103002698.75057904,102904150.88970234,-98547.86087671225,21.593523230399754,21.593523230399754,30,
2019-12-05,10850.0,10860.0,23300.08984375,586017.18,54,0.0,0.0,0.0,0.0,416.54794520541327,5430000.0,103002698.75057904,102982207.16175713,-20491.588821917772,18.96541568356485,18.96541568356485,30,
2019-12-06,10905.0,10915.0,23354.400390625,578080.593,53,0.0,0.0,0.0,0.0,463.0352328768349,6035995.0,103002698.75057904,103009658.53352425,6959.782945205518,17.065895272200233,17.064742225694197,30,
2019-12-09,11085.0,10970.0,23430.69921875,476750.331,43,0.0,0.0,0.0,0.0,501.55441095889546,6538120.0,103002698.75057904,103034531.6481133,31832.897534246607,15.759045665743868,15.75417685062052,30,
2019-12-10,10920.0,10975.0,23410.189453125,557031.384,51,0.0,0.0,0.0,0.0,544.720821917872,7100825.0,103002698.75057904,103039660.54329138,36961.79271232884,14.510942114936134,14.505736833477666,30,
2019-12-11,10965.0,10925.0,23391.859375,482556.49199999997,44,0.0,0.0,0.0,0.0,579.1147945204284,7549175.0,103002698.75057904,103004874.93649685,2176.185917808323,13.64452075047894,13.644232482434047,30,
2019-12-12,10985.0,10980.0,23424.810546875,120859.167,11,0.0,0.0,0.0,0.0,591.2955616438994,7707960.0,103002698.75057904,103042209.4739352,39510.72335616448,13.368285444389333,13.36315948066402,30,
2019-12-13,11410.0,11550.0,24023.099609375,319543.89599999995,28,0.0,0.0,0.0,0.0,646.7999999999884,8431500.0,103002698.75057904,103445558.7779352,442860.02735616453,12.26893895249187,12.216414487407821,30,
2019-12-16,11470.0,11495.0,23952.349609375,0.0,0,7924184.846000001,381658.04009589076,304124.20925041055,77533.83084548019,34.390520547982305,448305.0,103306822.95982946,103308980.40256919,2157.4427397260833,230.44351591565828,230.43870347158622,30,
2019-12-17,11605.0,11585.0,24066.119140625,0.0,0,0.0,0.0,0.0,0.0,34.659780821879394,451815.0,103306822.95982946,103312455.74278837,5632.782958904165,228.66096907537016,228.6485020635204,30,
2019-12-18,11540.0,11440.0,23934.4296875,0.0,0,0.0,0.0,0.0,0.0,34.22597260278417,446160.0,103306822.95982946,103306766.51681577,-56.443013698574646,231.546455345203,231.546455345203,30,
2019-12-19,11405.0,11380.0,23864.849609375,0.0,0,0.0,0.0,0.0,0.0,34.046465753461234,443820.0,103306822.95982946,103304392.47035001,-2430.489479451999,232.7619135468208,232.7619135468208,30,
2019-12-20,11415.0,11340.0,23816.630859375,22834.566,2,0.0,0.0,0.0,0.0,35.666630136955064,464940.0,103306822.95982946,103302642.23771988,-4180.7221095889845,222.18488888398477,222.18488888398477,30,
2019-12-23,11410.0,11330.0,23821.109375,582026.382,51,0.0,0.0,0.0,0.0,79.9618630137411,1042360.0,103306822.95982946,103297955.89385687,-8867.065972602666,99.1000766470863,99.1000766470863,30,
2019-12-24,11350.0,11345.0,23830.580078125,578965.77,51,0.0,0.0,0.0,0.0,124.45309589040698,1622335.0,103306822.95982946,103298840.67076097,-7982.289068493095,63.67294095902571,63.67294095902571,30,
2019-12-25,11330.0,11310.0,23782.869140625,577945.566,51,0.0,0.0,0.0,0.0,168.31758904113667,2194140.0,103306822.95982946,103292531.78717193,-14291.172657534184,47.07654561111503,47.07654561111503,30,
2019-12-26,11290.0,11415.0,23924.919921875,575905.1579999999,51,0.0,0.0,0.0,0.0,214.53945205482887,2796675.0,103306822.95982946,103318947.08971988,12124.129890411084,36.94349436016694,36.93915916573412,30,
2019-12-27,11480.0,11410.0,23837.720703125,447809.544,39,0.0,0.0,0.0,0.0,248.58169863017974,3240440.0,103306822.95982946,103314653.96402125,7831.004191780954,31.882909100005325,31.880492451589742,30,
2019-12-30,11335.0,11235.0,23656.619140625,532851.549,47,0.0,0.0,0.0,0.0,285.27665753418114,3718785.0,103306822.95982946,103259862.1383637,-46960.82146575329,27.767096548567263,27.767096548567263,30,
2020-01-06,10830.0,10755.0,23204.859375,584936.9639999999,54,0.0,0.0,0.0,0.0,317.64082191791385,4140675.0,103306822.95982946,103096497.5335418,-210325.42628767103,24.898476101974147,24.898476101974147,30,
2020-01-07,10870.0,11100.0,23575.720703125,587097.396,54,0.0,0.0,0.0,0.0,373.81150684930617,4872900.0,103306822.95982946,103241251.32603495,-65571.6337945203,21.186819209512805,21.186819209512805,30,
2020-01-08,10765.0,10765.0,23204.759765625,581426.262,54,0.0,0.0,0.0,0.0,407.1234520548023,5307145.0,103306822.95982946,103093662.94058289,-213160.0192465751,19.42544681567639,19.42544681567639,30,
2020-01-09,11100.0,11240.0,23739.869140625,588417.6599999999,53,0.0,0.0,0.0,0.0,470.78663013718324,6137040.0,103306822.95982946,103334669.49395275,27846.53412328803,16.83786801030346,16.833330556722697,30,
2020-01-10,11295.0,11365.0,23850.5703125,530971.173,47,609808.014,28290.59704109587,22543.362252197243,5747.234788898626,469.91939726041164,6125735.0,103329366.32208166,103395984.18076658,66617.85868493191,16.878951534920557,16.86807645483875,30,
2020-01-14,11495.0,11520.0,24025.169921875,80481.093,7,1241211.708,68764.36487671256,54794.88415200841,13969.480724704157,387.07199999992736,5045760.0,103384161.20623367,103462383.24304189,78222.03680821945,20.50481656738368,20.489314039160337,30,
2020-01-15,11440.0,11415.0,23916.580078125,0.0,0,0.0,0.0,0.0,0.0,383.5440000001108,4999770.0,103384161.20623367,103416009.69904189,31848.492808219446,20.684153410865278,20.67778341928402,30,
2020-01-16,11475.0,11455.0,23933.130859375,22954.59,2,0.0,0.0,0.0,0.0,386.645479452156,5040200.0,103384161.20623367,103433098.46356243,48937.2573287674,20.521625821110757,20.511916433124412,30,
2020-01-17,11600.0,11550.0,24041.259765625,0.0,0,0.0,0.0,0.0,0.0,389.8520547944936,5082000.0,103384161.20623367,103474508.61150764,90347.40527397288,20.360981623673286,20.343203700557588,30,
2020-01-20,11570.0,11590.0,24083.509765625,34716.942,3,0.0,0.0,0.0,0.0,393.8694794520852,5134370.0,103384161.20623367,103491767.80002819,107606.59379452083,20.156663388113476,20.135705297092663,30,
2020-01-21,11570.0,11360.0,23864.560546875,81006.198,7,613087.358,24343.88884931516,19398.427829576787,4945.4610197383745,345.9664657531539,4509920.0,103403559.63406324,103394107.53254269,-9452.101520547763,22.925929402859182,22.925929402859182,30,
2020-01-22,11335.0,11525.0,24031.349609375,578200.617,51,0.0,0.0,0.0,0.0,396.08109589020023,5163200.0,103403559.63406324,103468790.8344468,65231.20038356186,20.039663548661064,20.02702967811885,30,
2020-01-23,11345.0,11300.0,23795.439453125,317723.532,28,0.0,0.0,0.0,0.0,412.6202739725122,5378800.0,103403559.63406324,103366254.68217283,-37304.95189041075,19.21734488773943,19.21734488773943,30,
2020-01-24,11365.0,11325.0,23827.1796875,579730.923,51,0.0,0.0,0.0,0.0,457.8402739727171,5968275.0,103403559.63406324,103375540.91889887,-28018.71516438331,17.320840765363336,17.320840765363336,30,
2020-01-27,10840.0,10850.0,23343.509765625,574634.904,53,0.0,0.0,0.0,0.0,482.75068493152503,6293000.0,103403559.63406324,103125148.26421393,-278411.36984931485,16.38727924109549,16.38727924109549,30,
2020-01-28,10695.0,10760.0,23215.7109375,588342.6449999999,55,0.0,0.0,0.0,0.0,524.1446575341397,6832600.0,103403559.63406324,103075881.4745564,-327678.15950684896,15.085894311763663,15.085894311763663,30,
2020-01-29,10830.0,10900.0,23379.400390625,584936.9639999999,54,0.0,0.0,0.0,0.0,576.1172602737788,7510100.0,103403559.63406324,103167868.39329612,-235691.24076712277,13.737216334442435,13.737216334442435,30,
2020-01-30,10805.0,10510.0,22977.75,583586.694,54,0.0,0.0,0.0,0.0,599.041205479356,7808930.0,103403559.63406324,102882512.65809064,-521046.97597260226,13.174982060037756,13.174982060037756,30,
2020-01-31,10680.0,10730.0,23205.1796875,587517.48,55,0.0,0.0,0.0,0.0,656.8523835613742,8562540.0,103403559.63406324,103047948.32570708,-355611.30835616385,12.034740664067797,12.034740664067797,30,
2020-02-03,10350.0,10525.0,22971.939453125,590067.99,57,0.0,0.0,0.0,0.0,690.3246575339581,8998875.0,103403559.63406324,102893525.01104954,-510034.6230136983,11.434043145509804,11.434043145509804,30,
2020-02-04,10430.0,10620.0,23084.58984375,584196.816,56,0.0,0.0,0.0,0.0,742.1779726028908,9674820.0,103403559.63406324,102984531.01707694,-419028.61698630085,10.644594009715627,10.644594009715627,30,
2020-02-05,10855.0,10840.0,23319.560546875,314857.95900000003,29,0.0,0.0,0.0,0.0,781.6679452056997,10189600.0,103403559.63406324,103183671.39013174,-219888.2439315064,10.126371142157861,10.126371142157861,30,exposure_limit_hit
2020-02-06,11150.0,11375.0,23873.58984375,535307.04,48,1259698.01,85201.15649315072,67892.54155156715,17308.614941583568,763.5273972603609,9953125.0,103471452.1756148,103653515.21779288,182063.04217808257,10.414167933969772,10.395875885776055,30,
2020-02-07,11440.0,11315.0,23827.98046875,0.0,0,3431313.5999999996,195820.18682191777,156039.31586904518,39780.87095287259,499.0999999998021,6506125.0,103627491.49148385,103597548.84684002,-29942.644643835403,15.923079997208788,15.923079997208788,30,
2020-02-10,11115.0,11185.0,23685.98046875,0.0,0,0.0,0.0,0.0,0.0,493.3657534245867,6431375.0,103627491.49148385,103522305.4810866,-105186.01039726008,16.096449900851155,16.096449900851155,30,
2020-02-12,11330.0,11345.0,23861.2109375,0.0,0,0.0,0.0,0.0,0.0,500.4232876711176,6523375.0,103627491.49148385,103613805.05779892,-13686.433684931297,15.883466006139296,15.883466006139296,30,
2020-02-13,11340.0,11300.0,23827.73046875,0.0,0,0.0,0.0,0.0,0.0,498.438356164319,6497500.0,103627491.49148385,103587431.61944276,-40059.87204109566,15.942659733657985,15.942659733657985,30,
2020-02-14,11175.0,11160.0,23687.58984375,0.0,0,0.0,0.0,0.0,0.0,492.26301369880093,6417000.0,103627491.49148385,103506439.35642906,-121052.13505479431,16.130035742002345,16.130035742002345,30,
2020-02-17,11015.0,11025.0,23523.240234375,550860.15,50,0.0,0.0,0.0,0.0,528.5958904108847,6890625.0,103627491.49148385,103428675.61053865,-198815.88094520534,15.01005723146139,15.01005723146139,30,
2020-02-18,10915.0,10695.0,23193.80078125,578610.6989999999,53,0.0,0.0,0.0,0.0,556.2572054792545,7251210.0,103627491.49148385,103210093.65433317,-417397.8371506846,14.233499464824929,14.233499464824929,30,
2020-02-19,10825.0,10900.0,23400.69921875,584666.9099999999,54,0.0,0.0,0.0,0.0,612.0723287669243,7978800.0,103627491.49148385,103352404.6720044,-275086.8194794517,12.953377033138366,12.953377033138366,30,
2020-02-20,11150.0,10970.0,23479.150390625,579915.96,52,0.0,0.0,0.0,0.0,659.7628493150696,8600480.0,103627491.49148385,103393508.94915509,-233982.54232876672,12.02183005473591,12.02183005473591,30,
2020-02-21,10905.0,10875.0,23386.740234375,578080.593,53,0.0,0.0,0.0,0.0,698.2643835616764,9102375.0,103627491.49148385,103316625.09177153,-310866.39971232845,11.35051292566737,11.35051292566737,30,
2020-02-25,10020.0,10200.0,22605.41015625,581276.232,58,0.0,0.0,0.0,0.0,700.3068493151804,9129000.0,103627491.49148385,102761273.5529222,-866217.9385616431,11.256575041397985,11.256575041397985,30,
2020-02-26,9950.0,10010.0,22426.189453125,408031.58999999997,41,0.0,0.0,0.0,0.0,718.745424657478,9369360.0,103627491.49148385,102592883.21749756,-1034608.2739863008,10.949828293234283,10.949828293234283,29,
2020-02-27,9865.0,9585.0,21948.23046875,493348.65,50,0.0,0.0,0.0,0.0,724.9936438357108,9450810.0,103627491.49148385,102180259.57385372,-1447231.9176301367,10.811799155189208,10.811799155189208,29,
2020-02-28,9095.0,8815.0,21142.9609375,545809.14,60,0.0,0.0,0.0,0.0,707.3252602738794,9220490.0,103627491.49148385,101403423.10859345,-2224068.3828904103,10.997617600430504,10.997617600430504,29,exposure_limit_hit
2020-03-02,8615.0,9045.0,21344.080078125,775505.07,90,0.0,0.0,0.0,0.0,788.2283835618291,10275120.0,103627491.49148385,101681759.81020989,-1945731.681273972,9.89591944524345,9.89591944524345,29,exposure_limit_hit
2020-03-03,9335.0,8820.0,21082.73046875,532201.419,57,839981.97,64414.45232876715,51328.6563381781,13085.795990589046,746.2928219176247,9728460.0,103678820.14782204,101429048.27239738,-2249771.875424657,10.42601277821951,10.42601277821951,29,exposure_limit_hit
2020-03-04,8665.0,8835.0,21100.060546875,268668.723,31,0.0,0.0,0.0,0.0,768.5723835614626,10018890.0,103678820.14782204,101450040.97701381,-2228779.170808219,10.12587631733793,10.12587631733793,29,exposure_limit_hit
2020-03-05,9045.0,9030.0,21329.119140625,0.0,0,0.0,0.0,0.0,0.0,785.5357808221015,10240020.0,103678820.14782204,101670385.441233,-2008434.7065890408,9.928729186196218,9.928729186196218,29,exposure_limit_hit
2020-03-06,8750.0,8510.0,20749.75,0.0,0,0.0,0.0,0.0,0.0,740.3000547944685,9650340.0,103678820.14782204,101079965.1411782,-2598855.006643835,10.474238746114459,10.474238746114459,29,exposure_limit_hit
2020-03-09,7870.0,7605.0,19698.759765625,275505.08999999997,35,0.0,0.0,0.0,0.0,681.9913972602808,8890245.0,103678820.14782204,100043683.05978094,-3635137.0880410955,11.253197528277449,11.253197528277449,6,
2020-03-10,7405.0,7755.0,19867.119140625,22219.443,3,0.0,0.0,0.0,0.0,697.2276164383511,9088860.0,103678820.14782204,100219381.3891645,-3459438.758657533,11.026617352359317,11.026617352359317,10,
2020-03-11,7625.0,7410.0,19416.060546875,7626.525,1,22870.425000000003,649.1972876712365,517.3128586808248,131.8844289904117,665.072876712482,8669700.0,103679337.46068071,99814668.33185878,-3864669.128821918,11.513047548572475,11.513047548572475,10,
2020-03-12,7110.0,6745.0,18559.630859375,21334.266,3,0.0,0.0,0.0,0.0,606.9391232879134,7911885.0,103679337.46068071,99034912.12673551,-4644425.333945205,12.517233519791493,12.517233519791493,10,
2020-03-13,5750.0,5940.0,17431.05078125,40258.049999999996,7,0.0,0.0,0.0,0.0,537.6920547944028,7009200.0,103679337.46068071,98091431.3846807,-5587906.075999999,13.99466863332202,13.99466863332202,10,
2020-03-16,5995.0,5520.0,17002.0390625,41973.393,7,0.0,0.0,0.0,0.0,502.6375890407944,6552240.0,103679337.46068071,97591995.35409167,-6087342.10658904,14.89444760175019,14.89444760175019,10,
2020-03-17,5285.0,5570.0,17011.529296875,47574.513,9,0.0,0.0,0.0,0.0,511.0360547946184,6661720.0,103679337.46068071,97653389.80503687,-6025947.655643837,14.658885363695394,14.658885363695394,10,
2020-03-18,5680.0,5415.0,16726.55078125,45449.087999999996,8,51109.776000000005,3531.4174109589103,2814.0099639226078,717.4074470363026,496.3997260274482,6470925.0,103682151.47064464,97467041.68586382,-6215109.784780822,15.062304336066918,15.062304336066918,10,
2020-03-19,5700.0,5305.0,16552.830078125,51310.26,9,0.0,0.0,0.0,0.0,489.97852054797113,6387220.0,103682151.47064464,97331536.44734327,-6350615.023301369,15.238481913468345,15.238481913468345,10,
2020-03-23,5295.0,5500.0,16887.779296875,52960.590000000004,10,0.0,0.0,0.0,0.0,512.208219178021,6677000.0,103682151.47064464,97567843.64912409,-6114307.821520547,14.612527130316622,14.612527130316622,10,
2020-03-24,6030.0,6325.0,18092.349609375,30156.03,5,0.0,0.0,0.0,0.0,591.4654794521048,7710175.0,103682151.47064464,98570271.15364464,-5111880.317000001,12.784440191518952,12.784440191518952,10,
2020-03-25,6925.0,7365.0,19546.630859375,0.0,0,235402.91,45368.9369589041,36152.23741570274,9216.699543201368,669.5087671233341,8727525.0,103718303.70806034,99813137.85533431,-3905165.8527260274,11.436591456951922,11.436591456951922,10,
2020-03-26,6860.0,6725.0,18664.599609375,0.0,0,82303.536,10146.845602739731,8085.513918543154,2061.3316841965766,605.1394520548638,7888425.0,103726389.22197889,99053674.92019807,-4672714.301780821,12.556838015218256,12.556838015218256,10,
2020-03-27,7150.0,7010.0,19389.4296875,0.0,0,0.0,0.0,0.0,0.0,630.7847671233467,8222730.0,103726389.22197889,99387349.13543095,-4339040.086547946,12.086904122527548,12.086904122527548,10,
2020-03-30,6775.0,7055.0,19084.970703125,0.0,0,0.0,0.0,0.0,0.0,634.8340273972717,8275515.0,103726389.22197889,99439499.30140355,-4286889.920575343,12.016110091203213,12.016110091203213,10,
2020-03-31,7170.0,6945.0,18917.009765625,0.0,0,0.0,0.0,0.0,0.0,624.9358356165467,8146485.0,103726389.22197889,99309844.36556792,-4416544.856410958,12.190514604221075,12.190514604221075,10,
2020-04-01,6750.0,6340.0,18065.41015625,0.0,0,0.0,0.0,0.0,0.0,570.495780822006,7436820.0,103726389.22197889,98599608.86978711,-5126780.35219178,13.258302455859777,13.258302455859777,10,
2020-04-02,6245.0,6160.0,17818.720703125,0.0,0,0.0,0.0,0.0,0.0,554.2987397261895,7225680.0,103726389.22197889,98387914.57104738,-5338474.650931506,13.616422893215224,13.616422893215224,10,
2020-04-03,6750.0,6175.0,17820.189453125,0.0,0,0.0,0.0,0.0,0.0,555.6484931505984,7243275.0,103726389.22197889,98404953.92255422,-5321435.299424658,13.585698999769335,13.585698999769335,10,
2020-04-06,6190.0,6710.0,18576.30078125,0.0,0,0.0,0.0,0.0,0.0,603.7896986303967,7870830.0,103726389.22197889,99031905.1328556,-4694484.089123287,12.582142560931388,12.582142560931388,10,
2020-04-07,7010.0,6975.0,18950.1796875,0.0,0,0.0,0.0,0.0,0.0,627.6353424657718,8181675.0,103726389.22197889,99342122.49751313,-4384266.724465753,12.142027457398775,12.142027457398775,10,
2020-04-08,7010.0,7270.0,19353.240234375,0.0,0,0.0,0.0,0.0,0.0,654.1804931506631,8527710.0,103726389.22197889,99687503.31701998,-4038885.9049589033,11.689832712066895,11.689832712066895,10,
2020-04-09,7270.0,7235.0,19345.76953125,0.0,0,0.0,0.0,0.0,0.0,651.0310684930882,8486655.0,103726389.22197889,99645797.2859515,-4080591.936027398,11.741469081275426,11.741469081275426,10,
2020-04-10,7380.0,7345.0,19498.5,0.0,0,0.0,0.0,0.0,0.0,660.9292602741043,8615685.0,103726389.22197889,99774166.35669121,-3952222.8652876713,11.58052625608889,11.58052625608889,10,
2020-04-13,7195.0,7000.0,19043.400390625,0.0,0,0.0,0.0,0.0,0.0,629.8849315068219,8211000.0,103726389.22197889,99368851.4717597,-4357537.750219178,12.101918337810218,12.101918337810218,10,
2020-04-14,7100.0,7460.0,19638.810546875,0.0,0,0.0,0.0,0.0,0.0,671.277369862888,8750580.0,103726389.22197889,99907760.19438985,-3818629.027589041,11.417272934410045,11.417272934410045,10,
2020-04-15,7400.0,7405.0,19550.08984375,0.0,0,0.0,0.0,0.0,0.0,666.3282739726128,8686065.0,103726389.22197889,99842578.86611587,-3883810.3558630124,11.494569619973586,11.494569619973586,10,
2020-04-16,7185.0,7205.0,19290.19921875,0.0,0,0.0,0.0,0.0,0.0,648.3315616439213,8451465.0,103726389.22197889,99607330.53455423,-4119058.687424657,11.785806429365113,11.785806429365113,10,
2020-04-17,7490.0,7630.0,19897.259765625,0.0,0,0.0,0.0,0.0,0.0,686.5745753423544,8949990.0,103726389.22197889,100105168.9599789,-3621220.2620000006,11.18494757647538,11.18494757647538,10,
2020-04-20,7430.0,7490.0,19669.119140625,0.0,0,22285.542,911.6164931506866,726.4216025671246,185.19489058356197,672.2531506851083,8763300.0,103727115.64358145,99939907.05393761,-3787208.589643835,11.404369022393118,11.404369022393118,10,
2020-04-21,7325.0,7175.0,19280.779296875,0.0,0,0.0,0.0,0.0,0.0,643.980821917823,8394750.0,103727115.64358145,99570713.07311569,-4156402.570465753,11.86106948665722,11.86106948665722,10,
2020-04-22,7040.0,7075.0,19137.94921875,0.0,0,0.0,0.0,0.0,0.0,635.005479452142,8277750.0,103727115.64358145,99453078.06763625,-4274037.575945204,12.014506123963185,12.014506123963185,10,
2020-04-23,7175.0,7280.0,19429.439453125,0.0,0,0.0,0.0,0.0,0.0,653.4049315070733,8517600.0,103727115.64358145,99692274.66270474,-4034840.9808767117,11.704268181495344,11.704268181495344,10,
2020-04-24,7215.0,7165.0,19262.0,0.0,0,0.0,0.0,0.0,0.0,643.0832876712666,8383050.0,103727115.64358145,99557081.57941706,-4170034.0641643824,11.875997587920514,11.875997587920514,10,
2020-04-27,7315.0,7535.0,19783.220703125,0.0,0,0.0,0.0,0.0,0.0,676.2920547947288,8815950.0,103727115.64358145,99989305.28736228,-3737810.3562191776,11.341863927014364,11.341863927014364,10,
2020-04-28,7550.0,7530.0,19771.189453125,0.0,0,0.0,0.0,0.0,0.0,675.8432876714505,8810100.0,103727115.64358145,99982779.4440746,-3744336.1995068495,11.348654322206853,11.348654322206853,10,
2020-04-30,7930.0,7865.0,20193.689453125,0.0,0,0.0,0.0,0.0,0.0,705.910684931674,9202050.0,103727115.64358145,100374023.53338967,-3353092.11019178,10.907789409250077,10.907789409250077,10,
2020-05-01,7675.0,7445.0,19619.349609375,0.0,0,0.0,0.0,0.0,0.0,668.2142465754296,8710650.0,103727115.64358145,99881955.31914309,-3845160.324438356,11.466647760975713,11.466647760975713,10,
2020-05-07,7295.0,7460.0,19674.76953125,0.0,0,0.0,0.0,0.0,0.0,669.5605479450896,8728200.0,103727115.64358145,99898835.75859515,-3828279.884986301,11.445525510253564,11.445525510253564,10,
2020-05-08,7680.0,7840.0,20179.08984375,0.0,0,0.0,0.0,0.0,0.0,703.6668493149336,9172800.0,103727115.64358145,100342732.09174584,-3384383.5518356157,10.939160571662507,10.939160571662507,10,
2020-05-11,7970.0,8005.0,20390.66015625,0.0,0,0.0,0.0,0.0,0.0,718.4761643836973,9365850.0,103727115.64358145,100535063.61558145,-3192052.027999999,10.734216714508715,10.734216714508715,10,
2020-05-12,8030.0,7995.0,20366.48046875,0.0,0,8028.394,381.1869726027403,303.7488391184936,77.43813348424669,716.9653150686063,9346155.0,103727419.39242056,100522602.6061329,-3204816.7862876705,10.75550347775453,10.75550347775453,10,
2020-05-13,7775.0,7915.0,20267.05078125,0.0,0,0.0,0.0,0.0,0.0,709.7911780822324,9252635.0,103727419.39242056,100428372.8149548,-3299046.577465753,10.854029453766932,10.854029453766932,10,
2020-05-14,7805.0,7615.0,19914.779296875,0.0,0,0.0,0.0,0.0,0.0,682.8881643836503,8901935.0,103727419.39242056,100076989.92679043,-3650429.4656301355,11.242161387023208,11.242161387023208,10,
2020-05-15,7825.0,7710.0,20037.470703125,0.0,0,0.0,0.0,0.0,0.0,691.4074520549038,9012990.0,103727419.39242056,100187353.51933837,-3540065.8730821917,11.115884242558614,11.115884242558614,10,
2020-05-18,7800.0,7805.0,20133.73046875,0.0,0,0.0,0.0,0.0,0.0,699.926739726041,9124045.0,103727419.39242056,100297708.59259865,-3429710.799821917,10.99268017557987,10.99268017557987,10,
2020-05-19,8190.0,8050.0,20433.44921875,0.0,0,0.0,0.0,0.0,0.0,721.8975342467311,9410450.0,103727419.39242056,100583391.6950644,-3144027.6973561635,10.688478414429108,10.688478414429108,10,
2020-05-20,8045.0,8170.0,20595.150390625,0.0,0,0.0,0.0,0.0,0.0,732.6587397261173,9550730.0,103727419.39242056,100722939.03632466,-3004480.3560958896,10.546098469575066,10.546098469575066,10,
2020-05-21,8260.0,8130.0,20552.310546875,0.0,0,289042.18,12623.609178082217,10059.122973554815,2564.486204527402,707.2431780821062,9219420.0,103737478.51539412,100677399.48694207,-3060079.0284520537,10.920144595532264,10.920144595532264,10,
2020-05-22,8150.0,7995.0,20388.16015625,0.0,0,0.0,0.0,0.0,0.0,695.4992876713513,9066330.0,103737478.51539412,100523613.9876544,-3213864.527739725,11.087575015210609,11.087575015210609,10,
2020-05-25,8230.0,8270.0,20741.650390625,0.0,0,0.0,0.0,0.0,0.0,719.4220273972023,9378180.0,103737478.51539412,100834744.565627,-2902733.949767123,10.752058988591282,10.752058988591282,10,
2020-05-26,8450.0,8695.0,21271.169921875,0.0,0,0.0,0.0,0.0,0.0,756.3935342463083,9860130.0,103737478.51539412,101315938.17209275,-2421540.343301369,10.27531464312263,10.27531464312263,10,
2020-05-27,8675.0,8835.0,21419.23046875,0.0,0,0.0,0.0,0.0,0.0,768.5723835614626,10018890.0,103737478.51539412,101473929.59970918,-2263548.9156849314,10.128260675554795,10.128260675554795,10,
2020-05-28,9035.0,9230.0,21916.310546875,0.0,0,0.0,0.0,0.0,0.0,802.9341369860922,10466820.0,103737478.51539412,101921056.66557221,-1816421.8498219172,9.737537921314422,9.737537921314422,10,
2020-05-29,9110.0,9180.0,21877.890625,0.0,0,282353.518,12691.339273972586,10113.093700465055,2578.245573507531,776.7537534246803,10125540.0,103747591.60909459,101858775.18424527,-1888816.4248493144,10.05958943268658,10.05958943268658,10,
2020-06-01,9245.0,9350.0,22062.390625,0.0,0,0.0,0.0,0.0,0.0,791.1380821915227,10313050.0,103747591.60909459,102045494.04616308,-1702097.5629315062,9.894792912490784,9.894792912490784,10,
2020-06-02,9440.0,9585.0,22325.609375,0.0,0,0.0,0.0,0.0,0.0,811.0223013699288,10572255.0,103747591.60909459,102303888.0238617,-1443703.5852328765,9.676638335327866,9.676638335327866,10,
2020-06-03,9950.0,9825.0,22613.759765625,0.0,0,1163917.17,81743.40760273975,65137.234348243175,16606.17325449658,743.146849315206,9687450.0,103812728.84344283,102565650.8737579,-1247077.9696849308,10.587476670719116,10.587476670719116,13,
2020-06-04,10050.0,9880.0,22695.740234375,0.0,0,0.0,0.0,0.0,0.0,747.3069589040824,9741680.0,103812728.84344283,102619133.56679899,-1193595.276643835,10.534028377733511,10.534028377733511,13,
2020-06-05,9830.0,10030.0,22863.73046875,0.0,0,0.0,0.0,0.0,0.0,758.6527123289998,9889580.0,103812728.84344283,102766274.91408667,-1046453.9293561638,10.391368987771642,10.391368987771642,13,
2020-06-08,10280.0,10285.0,23178.099609375,0.0,0,513897.19999999995,18585.21301369856,14809.626989965698,3775.586023732863,738.491178082535,9626760.0,103827538.4704328,103012838.03688486,-814700.4335479449,10.700675828304108,10.700675828304108,13,
2020-06-09,10275.0,10240.0,23091.029296875,0.0,0,1017021.5549999999,23626.811958904116,18827.025109452745,4799.786849451371,657.4921643837006,8570880.0,103846365.49554224,102968522.31287101,-877843.1826712325,12.013763150676594,12.013763150676594,13,
2020-06-10,10085.0,10240.0,23124.94921875,0.0,0,0.0,0.0,0.0,0.0,657.4921643837006,8570880.0,103846365.49554224,102967864.82070662,-878500.6748356161,12.013686438347827,12.013686438347827,13,
2020-06-11,9960.0,9690.0,22472.91015625,0.0,0,0.0,0.0,0.0,0.0,622.1776438355446,8110530.0,103846365.49554224,102506892.64306279,-1339472.8524794516,12.638741567204953,12.638741567204953,13,
2020-06-12,9170.0,9530.0,22305.48046875,0.0,0,0.0,0.0,0.0,0.0,611.9043287672685,7976610.0,103846365.49554224,102372360.73873402,-1474004.7568082185,12.83406870070544,12.83406870070544,13,
2020-06-15,9380.0,8855.0,21530.94921875,0.0,0,0.0,0.0,0.0,0.0,568.5637808216852,7411635.0,103846365.49554224,101806817.1749532,-2039548.3205890404,13.73608079390758,13.73608079390758,13,
2020-06-16,9420.0,9730.0,22582.2109375,0.0,0,0.0,0.0,0.0,0.0,624.7459726025118,8144010.0,103846365.49554224,102538567.4289806,-1307798.0665616437,12.590673074932448,12.590673074932448,13,
2020-06-17,9685.0,9625.0,22455.759765625,0.0,0,0.0,0.0,0.0,0.0,618.0041095891502,8056125.0,103846365.49554224,102450064.42487101,-1396301.0706712324,12.71704006887567,12.71704006887567,13,
2020-06-18,9575.0,9545.0,22355.4609375,0.0,0,0.0,0.0,0.0,0.0,612.867452054692,7989165.0,103846365.49554224,102382491.55741896,-1463873.9381232876,12.815167987820875,12.815167987820875,13,
2020-06-19,9695.0,9630.0,22478.7890625,0.0,0,0.0,0.0,0.0,0.0,618.3251506848028,8060310.0,103846365.49554224,102453018.23226827,-1393347.2632739723,12.710803707582993,12.710803707582993,13,
2020-06-22,9525.0,9625.0,22437.26953125,0.0,0,0.0,0.0,0.0,0.0,618.0041095891502,8056125.0,103846365.49554224,102448215.22815868,-1398150.2673835612,12.716810529647775,12.716810529647775,13,
2020-06-23,9800.0,9710.0,22549.05078125,0.0,0,0.0,0.0,0.0,0.0,623.461808219261,8127270.0,103846365.49554224,102518736.76635046,-1327628.7291917806,12.614166474886458,12.614166474886458,13,
2020-06-24,9720.0,9680.0,22534.3203125,0.0,0,0.0,0.0,0.0,0.0,621.5355616439483,8102160.0,103846365.49554224,102493005.23078881,-1353360.2647534243,12.650084080145149,12.650084080145149,13,
2020-06-25,9480.0,9455.0,22259.7890625,0.0,0,0.0,0.0,0.0,0.0,607.0887123289285,7913835.0,103846365.49554224,102304073.14207649,-1542292.3534657524,12.927243636249239,12.927243636249239,13,
2020-06-26,9625.0,9690.0,22512.080078125,0.0,0,0.0,0.0,0.0,0.0,622.1776438355446,8110530.0,103846365.49554224,102500145.96443266,-1346219.531109589,12.637909725311744,12.637909725311744,13,
2020-06-29,9420.0,9255.0,21995.0390625,0.0,0,0.0,0.0,0.0,0.0,594.2470684932778,7746435.0,103846365.49554224,102135456.71736416,-1710908.7781780818,13.184833632162945,13.184833632162945,13,
2020-06-30,9580.0,9490.0,22288.140625,0.0,0,0.0,0.0,0.0,0.0,609.3360000003013,7943130.0,103846365.49554224,102331542.38136417,-1514823.114178082,12.883025001651008,12.883025001651008,10,
2020-07-01,9555.0,9350.0,22121.73046875,0.0,0,0.0,0.0,0.0,0.0,600.3468493148102,7825950.0,103846365.49554224,102213762.03451484,-1632603.4610273966,13.060875936405784,13.060875936405784,10,
2020-07-02,9400.0,9355.0,22145.9609375,0.0,0,0.0,0.0,0.0,0.0,600.6678904109867,7830135.0,103846365.49554224,102217346.36662443,-1629019.1289178077,13.054353004976853,13.054353004976853,10,
2020-07-03,9480.0,9500.0,22306.48046875,0.0,0,0.0,0.0,0.0,0.0,609.9780821917811,7951500.0,103846365.49554224,102338101.38854225,-1508264.107,12.87028879941423,12.87028879941423,10,
2020-07-06,9515.0,9855.0,22714.439453125,0.0,0,0.0,0.0,0.0,0.0,632.771999999939,8248635.0,103846365.49554224,102634603.61654225,-1211761.8789999995,12.442616701616965,12.442616701616965,10,
2020-07-07,9810.0,9760.0,22614.689453125,0.0,0,0.0,0.0,0.0,0.0,626.6722191779991,8169120.0,103846365.49554224,102554461.94432306,-1291903.551219178,12.553917918248608,12.553917918248608,10,
2020-07-08,9660.0,9630.0,22438.650390625,0.0,0,0.0,0.0,0.0,0.0,618.3251506848028,8060310.0,103846365.49554224,102445033.61917238,-1401331.8763698626,12.709813098897236,12.709813098897236,10,
2020-07-09,9705.0,9725.0,22529.2890625,0.0,0,0.0,0.0,0.0,0.0,624.4249315067427,8139825.0,103846365.49554224,102523924.19424087,-1322441.3013013697,12.59534746683631,12.59534746683631,13,
2020-07-10,9720.0,9520.0,22290.810546875,0.0,0,0.0,0.0,0.0,0.0,611.2622465752647,7968240.0,103846365.49554224,102351727.9319943,-1494637.5635479449,12.844960484623241,12.844960484623241,13,
2020-07-13,9765.0,9895.0,22784.740234375,0.0,0,0.0,0.0,0.0,0.0,635.3403287669062,8282115.0,103846365.49554224,102664967.59166554,-1181397.903876712,12.39598430976454,12.39598430976454,13,
2020-07-14,9755.0,9745.0,22587.009765625,0.0,0,0.0,0.0,0.0,0.0,625.7090958905756,8156565.0,103846365.49554224,102538791.88256964,-1307573.612972602,12.57132038824795,12.57132038824795,13,
2020-07-15,9945.0,10045.0,22945.5,0.0,0,0.0,0.0,0.0,0.0,644.9715616439353,8407665.0,103846365.49554224,102789246.911008,-1057118.5845342462,12.225659194438409,12.225659194438409,13,
2020-07-16,10035.0,9900.0,22770.359375,0.0,0,0.0,0.0,0.0,0.0,635.661369862908,8286300.0,103846365.49554224,102667246.24963814,-1179119.2459041094,12.389998702634244,12.389998702634244,13,
2020-07-17,9935.0,9840.0,22696.419921875,0.0,0,0.0,0.0,0.0,0.0,631.8088767123409,8236080.0,103846365.49554224,102616394.44076142,-1229971.0547808215,12.459373201906905,12.459373201906905,13,
2020-07-20,9905.0,9855.0,22717.48046875,0.0,0,0.0,0.0,0.0,0.0,632.771999999939,8248635.0,103846365.49554224,102628316.66876142,-1218048.8267808217,12.44185452123429,12.44185452123429,13,
2020-07-21,9930.0,10005.0,22884.220703125,0.0,0,0.0,0.0,0.0,0.0,642.4032328767353,8374185.0,103846365.49554224,102753224.26552854,-1093141.2300136983,12.270235762110408,12.270235762110408,13,
2020-07-22,9925.0,9900.0,22751.609375,0.0,0,0.0,0.0,0.0,0.0,635.661369862908,8286300.0,103846365.49554224,102664703.60415868,-1181661.891383561,12.389691853319176,12.389691853319176,13,
2020-07-27,9620.0,9830.0,22715.849609375,0.0,0,0.0,0.0,0.0,0.0,631.1667945206282,8227710.0,103846365.49554224,102605482.43736416,-1240883.0581780816,12.470721797117807,12.470721797117807,13,
2020-07-28,9855.0,9815.0,22657.380859375,0.0,0,0.0,0.0,0.0,0.0,630.203671232739,8215155.0,103846365.49554224,102592297.23369293,-1254068.2618493144,12.488175479792277,12.488175479792277,13,
2020-07-29,9710.0,9560.0,22397.109375,0.0,0,0.0,0.0,0.0,0.0,613.8305753422319,8001720.0,103846365.49554224,102378248.40311758,-1468117.092424657,12.794530226391023,12.794530226391023,13,
2020-07-30,9685.0,9525.0,22339.23046875,0.0,0,0.0,0.0,0.0,0.0,611.5832876708591,7972425.0,103846365.49554224,102348341.81982991,-1498023.6757123282,12.8377929952091,12.8377929952091,13,
2020-07-31,9480.0,9010.0,21710.0,0.0,0,0.0,0.0,0.0,0.0,578.5160547944251,7541370.0,103846365.49554224,101916708.30377512,-1929657.191767123,13.514349289820698,13.514349289820698,13,
2020-08-03,9210.0,9375.0,22195.380859375,0.0,0,0.0,0.0,0.0,0.0,601.9520547946449,7846875.0,103846365.49554224,102221611.35172033,-1624754.1438219175,13.02704724514158,13.02704724514158,13,
2020-08-04,9560.0,9700.0,22573.66015625,0.0,0,0.0,0.0,0.0,0.0,622.8197260274901,8118900.0,103846365.49554224,102493013.5319943,-1353351.963547945,12.624002455011675,12.624002455011675,13,
2020-08-05,9625.0,9660.0,22514.849609375,0.0,0,0.0,0.0,0.0,0.0,620.2513972604065,8085420.0,103846365.49554224,102458913.28059703,-1387452.214945205,12.672058258024572,12.672058258024572,13,
2020-08-06,9620.0,9565.0,22418.150390625,0.0,0,0.0,0.0,0.0,0.0,614.1516164381756,8005905.0,103846365.49554224,102378784.1289806,-1467581.3665616435,12.78790894083562,12.78790894083562,13,
2020-08-07,9565.0,9485.0,22329.939453125,0.0,0,0.0,0.0,0.0,0.0,609.0149589039502,7938945.0,103846365.49554224,102311215.11402169,-1535150.3815205474,12.887255814723705,12.887255814723705,13,
2020-08-11,9680.0,9845.0,22750.240234375,0.0,0,0.0,0.0,0.0,0.0,632.1299178082845,8240265.0,103846365.49554224,102611902.98410389,-1234462.5114383558,12.452500372755475,12.452500372755475,13,
2020-08-12,9860.0,9930.0,22843.9609375,0.0,0,0.0,0.0,0.0,0.0,637.5876164382789,8311410.0,103846365.49554224,102682410.39648744,-1163955.099054794,12.35439117989456,12.35439117989456,13,
2020-08-13,10215.0,10295.0,23249.609375,0.0,0,0.0,0.0,0.0,0.0,661.0236164384405,8616915.0,103846365.49554224,102987254.37287101,-859111.1226712324,11.951754702567102,11.951754702567102,13,
2020-08-14,10365.0,10320.0,23289.359375,0.0,0,0.0,0.0,0.0,0.0,662.6288219177513,8637840.0,103846365.49554224,103007516.74404909,-838848.7514931503,11.925147576714675,11.925147576714675,13,
2020-08-17,10240.0,10165.0,23096.75,0.0,0,0.0,0.0,0.0,0.0,652.6765479452442,8508105.0,103846365.49554224,102877129.06750114,-969236.4280410954,12.091661899741617,12.091661899741617,13,
2020-08-18,10160.0,10125.0,23051.080078125,0.0,0,0.0,0.0,0.0,0.0,650.1082191782771,8474625.0,103846365.49554224,102842998.95928197,-1003366.5362602734,12.135404098621706,12.135404098621706,13,
2020-08-19,10070.0,10175.0,23110.609375,0.0,0,0.0,0.0,0.0,0.0,653.3186301368987,8516475.0,103846365.49554224,102884195.64065184,-962169.8548904107,12.080607955832882,12.080607955832882,13,
2020-08-20,10075.0,9965.0,22880.619140625,0.0,0,0.0,0.0,0.0,0.0,639.8349041094771,8340705.0,103846365.49554224,102707785.80574772,-1138579.6897945201,12.314041295759496,12.314041295759496,13,
2020-08-21,10095.0,10020.0,22920.30078125,0.0,0,0.0,0.0,0.0,0.0,643.3663561643334,8386740.0,103846365.49554224,102753177.43939155,-1093188.0561506844,12.251861562346223,12.251861562346223,13,
2020-08-24,10010.0,10055.0,22985.509765625,0.0,0,0.0,0.0,0.0,0.0,645.6136438355898,8416035.0,103846365.49554224,102781826.82574773,-1064538.6697945201,12.212618748109737,12.212618748109737,13,
2020-08-25,10290.0,10320.0,23296.76953125,0.0,0,0.0,0.0,0.0,0.0,662.6288219177513,8637840.0,103846365.49554224,103002969.1969258,-843396.2986164378,11.92462110862505,11.92462110862505,13,
2020-08-26,10295.0,10305.0,23290.859375,0.0,0,0.0,0.0,0.0,0.0,661.6656986301532,8625285.0,103846365.49554224,102989752.53122717,-856612.9643150679,11.940446319307382,11.940446319307382,13,
2020-08-27,10360.0,10235.0,23208.859375,0.0,0,0.0,0.0,0.0,0.0,657.1711232876405,8566695.0,103846365.49554224,102930505.36010389,-915860.1354383556,12.015194349758442,12.015194349758442,13,
2020-08-28,10290.0,9990.0,22882.650390625,0.0,0,0.0,0.0,0.0,0.0,641.4401095891371,8361630.0,103846365.49554224,102724798.9199943,-1121566.5755479448,12.285260041402728,12.285260041402728,13,
2020-08-31,10225.0,10205.0,23139.759765625,0.0,0,0.0,0.0,0.0,0.0,655.244876712386,8541585.0,103846365.49554224,102904098.67511758,-942266.8204246571,12.047424298314374,12.047424298314374,13,
2020-09-01,10150.0,10195.0,23138.0703125,0.0,0,0.0,0.0,0.0,0.0,654.6027945204405,8533215.0,103846365.49554224,102895074.07232307,-951291.4232191776,12.05818370594472,12.05818370594472,13,
2020-09-02,10305.0,10285.0,23247.150390625,0.0,0,0.0,0.0,0.0,0.0,660.3815342469024,8608545.0,103846365.49554224,102969743.69078882,-876621.8047534241,11.96134116633982,11.96134116633982,13,
2020-09-03,10550.0,10475.0,23465.529296875,0.0,0,0.0,0.0,0.0,0.0,672.5810958905495,8767575.0,103846365.49554224,103128101.10969293,-718264.3858493146,11.762442991328038,11.762442991328038,13,
2020-09-04,10160.0,10240.0,23205.4296875,0.0,0,0.0,0.0,0.0,0.0,657.4921643837006,8570880.0,103846365.49554224,102930748.61752854,-915616.8780136982,12.009355937491662,12.009355937491662,13,
2020-09-07,10190.0,10155.0,23089.94921875,0.0,0,0.0,0.0,0.0,0.0,652.0344657531823,8499735.0,103846365.49554224,102858951.5830628,-987413.9124794516,12.101430407308321,12.101430407308321,13,
2020-09-08,10245.0,10315.0,23274.130859375,0.0,0,0.0,0.0,0.0,0.0,662.3077808218077,8633655.0,103846365.49554224,102992209.27528197,-854156.2202602738,11.929155065297602,11.929155065297602,13,
2020-09-09,10030.0,10095.0,23032.5390625,0.0,0,0.0,0.0,0.0,0.0,648.1819726027315,8449515.0,103846365.49554224,102807421.09330937,-1038944.4022328766,12.167257066625643,12.167257066625643,13,
2020-09-10,10245.0,10275.0,23235.470703125,0.0,0,0.0,0.0,0.0,0.0,659.7394520547241,8600175.0,103846365.49554224,102957421.35385731,-888944.1416849312,11.971549573567668,11.971549573567668,13,
2020-09-11,10235.0,10405.0,23406.490234375,0.0,0,0.0,0.0,0.0,0.0,668.0865205477457,8708985.0,103846365.49554224,103065563.26733677,-780802.2282054792,11.834394394678228,11.834394394678228,13,
2020-09-14,10510.0,10555.0,23559.30078125,0.0,0,0.0,0.0,0.0,0.0,677.7177534246002,8834535.0,103846365.49554224,103190435.54958335,-655929.9459589036,11.680347131975067,11.680347131975067,13,
2020-09-15,10465.0,10445.0,23454.890625,0.0,0,0.0,0.0,0.0,0.0,670.6548493148293,8742465.0,103846365.49554224,103097694.89473403,-748670.6008082189,11.792748943774328,11.792748943774328,13,
2020-09-16,10440.0,10480.0,23475.529296875,0.0,0,0.0,0.0,0.0,0.0,672.9021369862021,8771760.0,103846365.49554224,103126316.99259704,-720048.5029452051,11.756627745469215,11.756627745469215,13,
2020-09-17,10430.0,10350.0,23319.369140625,0.0,0,0.0,0.0,0.0,0.0,664.5550684929476,8662950.0,103846365.49554224,103016842.43752855,-829523.058013698,11.89165843477436,11.89165843477436,13,
2020-09-18,10350.0,10375.0,23360.30078125,0.0,0,0.0,0.0,0.0,0.0,666.1602739727241,8683875.0,103846365.49554224,103037101.27725457,-809264.2182876709,11.8653367623618,11.8653367623618,13,
2020-09-23,10255.0,10375.0,23346.490234375,0.0,0,0.0,0.0,0.0,0.0,666.1602739727241,8683875.0,103846365.49554224,103036435.1169806,-809930.3785616433,11.865260050033033,11.865260050033033,13,
2020-09-24,10225.0,10135.0,23087.8203125,0.0,0,0.0,0.0,0.0,0.0,650.7503013698151,8482995.0,103846365.49554224,102834904.36667924,-1011461.1288630132,12.122476126259562,12.122476126259562,13,
2020-09-25,10250.0,10255.0,23204.619140625,0.0,0,0.0,0.0,0.0,0.0,658.4552876714151,8583435.0,103846365.49554224,102934685.91139156,-911679.5841506845,11.992248547509424,11.992248547509424,13,
2020-09-28,10390.0,10490.0,23511.619140625,0.0,0,0.0,0.0,0.0,0.0,673.5442191783222,8780130.0,103846365.49554224,103130707.36717238,-715658.1283698627,11.745920318625393,11.745920318625393,13,
2020-09-29,10540.0,10665.0,23539.099609375,0.0,0,0.0,0.0,0.0,0.0,684.7806575342547,8926605.0,103846365.49554224,103276497.58651485,-569867.9090273967,11.569515799849421,11.569515799849421,13,
2020-09-30,10610.0,10350.0,23185.119140625,0.0,0,0.0,0.0,0.0,0.0,664.5550684929476,8662950.0,103846365.49554224,103012178.03144635,-834187.4640958902,11.891120003168245,11.891120003168245,13,
2020-10-02,10515.0,10195.0,23029.900390625,0.0,0,0.0,0.0,0.0,0.0,654.6027945204405,8533215.0,103846365.49554224,102881788.42865184,-964577.0668904106,12.056626772986716,12.056626772986716,13,
2020-10-05,10410.0,10435.0,23312.140625,0.0,0,0.0,0.0,0.0,0.0,670.0127671232331,8734095.0,103846365.49554224,103081998.4158847,-764367.0796575339,11.802252942735876,11.802252942735876,13,
2020-10-06,10525.0,10545.0,23433.73046875,0.0,0,0.0,0.0,0.0,0.0,677.0756712328293,8826165.0,103846365.49554224,103173391.34021348,-672974.1553287668,11.689492700421244,11.689492700421244,13,
2020-10-07,10420.0,10540.0,23422.8203125,0.0,0,0.0,0.0,0.0,0.0,676.7546301369439,8821980.0,103846365.49554224,103168529.58558334,-677835.9099589038,11.694486904933285,11.694486904933285,13,
2020-10-08,10610.0,10750.0,23647.0703125,0.0,0,0.0,0.0,0.0,0.0,690.2383561646566,8997750.0,103846365.49554224,103343609.34722717,-502756.1483150681,11.485494634461634,11.485494634461634,13,
2020-10-09,10815.0,10710.0,23619.689453125,0.0,0,0.0,0.0,0.0,0.0,687.6700273973402,8964270.0,103846365.49554224,103309441.67719978,-536923.8183424653,11.524579433372688,11.524579433372688,13,
2020-10-12,10685.0,10670.0,23558.689453125,0.0,0,0.0,0.0,0.0,0.0,685.101698630082,8930790.0,103846365.49554224,103275276.57550114,-571088.9200410955,11.563957564280555,11.563957564280555,13,
2020-10-13,10750.0,10695.0,23601.779296875,0.0,0,0.0,0.0,0.0,0.0,686.7069041093928,8951715.0,103846365.49554224,103295514.86859703,-550850.626945205,11.539187169005832,11.539187169005832,13,
2020-10-14,10645.0,10720.0,23626.73046875,0.0,0,0.0,0.0,0.0,0.0,688.3121095890529,8972640.0,103846365.49554224,103315751.55648746,-530613.9390547941,11.514532128391137,11.514532128391137,13,
2020-10-15,10660.0,10625.0,23507.23046875,0.0,0,0.0,0.0,0.0,0.0,682.2123287671129,8893125.0,103846365.49554224,103235554.34415868,-610811.1513835612,11.608467703327984,11.608467703327984,13,
2020-10-16,10615.0,10550.0,23410.630859375,0.0,0,0.0,0.0,0.0,0.0,677.3967123288894,8830350.0,103846365.49554224,103172101.94744635,-674263.5480958901,11.683806638179274,11.683806638179274,13,
2020-10-19,10660.0,10770.0,23671.130859375,0.0,0,0.0,0.0,0.0,0.0,691.5225205479073,9014490.0,103846365.49554224,103355550.4249258,-490815.07061643794,11.465490607336166,11.465490607336166,13,
2020-10-20,10695.0,10665.0,23567.0390625,0.0,0,0.0,0.0,0.0,0.0,684.7806575342547,8926605.0,103846365.49554224,103266980.64426827,-579384.8512739721,11.56844966751282,11.56844966751282,13,
2020-10-21,10705.0,10740.0,23639.4609375,0.0,0,0.0,0.0,0.0,0.0,689.5962739727693,8989380.0,103846365.49554224,103329066.0479943,-517299.4475479449,11.494570932366226,11.494570932366226,13,
2020-10-22,10650.0,10595.0,23474.26953125,0.0,0,0.0,0.0,0.0,0.0,680.2860821915674,8868015.0,103846365.49554224,103207020.76191211,-639344.7336301366,11.638119777865972,11.638119777865972,13,
2020-10-23,10655.0,10640.0,23516.58984375,0.0,0,0.0,0.0,0.0,0.0,683.1754520546529,8905680.0,103846365.49554224,103244002.58646005,-602362.9090821914,11.593051017604502,11.593051017604502,13,
2020-10-26,10640.0,10610.0,23494.33984375,0.0,0,0.0,0.0,0.0,0.0,681.249205479282,8880570.0,103846365.49554224,103218211.33725457,-628154.1582876708,11.622926381668583,11.622926381668583,13,
2020-10-27,10520.0,10595.0,23485.80078125,0.0,0,0.0,0.0,0.0,0.0,680.2860821915674,8868015.0,103846365.49554224,103204976.05117238,-641389.4443698626,11.637889206454023,11.637889206454023,13,
2020-10-28,10500.0,10540.0,23418.509765625,0.0,0,0.0,0.0,0.0,0.0,676.7546301369439,8821980.0,103846365.49554224,103158264.29654224,-688101.1989999997,11.693323301179808,11.693323301179808,13,
2020-10-29,10300.0,10450.0,23331.939453125,0.0,0,0.0,0.0,0.0,0.0,670.9758904110058,8746650.0,103846365.49554224,103082263.32065183,-764102.1748904105,11.785342196229623,11.785342196229623,13,
2020-10-30,10420.0,10165.0,22977.130859375,0.0,0,0.0,0.0,0.0,0.0,652.6765479452442,8508105.0,103846365.49554224,102843065.64410388,-1003299.8514383556,12.087658255757761,12.087658255757761,13,
2020-11-02,10240.0,10440.0,23295.48046875,0.0,0,0.0,0.0,0.0,0.0,670.3338082190603,8738280.0,103846365.49554224,103072570.31029567,-773795.1852465749,11.795521579795528,11.795521579795528,13,
2020-11-04,10785.0,10810.0,23695.23046875,0.0,0,0.0,0.0,0.0,0.0,694.0908493149909,9047970.0,103846365.49554224,103381566.21944635,-464799.27609589003,11.42594042856534,11.42594042856534,13,
2020-11-05,10965.0,11190.0,24105.279296875,0.0,0,0.0,0.0,0.0,0.0,718.4899726025178,9366030.0,103846365.49554224,103698907.72947375,-147457.76606849278,11.071810332603436,11.071810332603436,13,
2020-11-06,11195.0,11375.0,24325.23046875,0.0,0,2350479.81,32544.6566301372,25933.209635724827,6611.446994412373,547.121917808312,7132125.0,103872298.70517798,103808323.97056153,-63974.73461643813,14.555034294906712,14.555034294906712,13,
2020-11-09,11590.0,11855.0,24839.83984375,0.0,0,1158768.2000000002,30944.17205479459,24657.863501863074,6286.308552931521,479.26679452043027,6247585.0,103896956.56867984,104075786.59521408,178830.02653424678,16.65856272387076,16.62993885936403,13,
2020-11-10,12215.0,11915.0,24905.58984375,0.0,0,6423804.982,367288.4967260277,292673.8386161352,74614.65810989252,0.9140273972880095,11915.0,104189630.40729597,104189306.0050768,-324.4022191780822,8744.381536305229,8744.381536305229,13,
2020-11-11,12190.0,12335.0,25349.599609375,0.0,0,0.0,0.0,0.0,0.0,0.9462465753313154,12335.0,104189630.40729597,104189725.05883022,94.65153424657535,8446.674102864225,8446.66642945245,13,
2020-11-12,12425.0,12500.0,25520.880859375,0.0,0,12422.515,182.16653424657477,145.1594028143831,37.00713143219166,0.0,0.0,104189775.56669879,104189775.56669879,0.0,inf,inf,13,
2020-11-13,12390.0,12345.0,25385.869140625,0.0,0,0.0,0.0,0.0,0.0,0.0,0.0,104189775.56669879,104189775.56669879,0.0,inf,inf,13,
2020-11-16,12645.0,12875.0,25906.9296875,0.0,0,0.0,0.0,0.0,0.0,0.0,0.0,104189775.56669879,104189775.56669879,0.0,inf,inf,13,
2020-11-17,13060.0,12950.0,26014.619140625,0.0,0,0.0,0.0,0.0,0.0,0.0,0.0,104189775.56669879,104189775.56669879,0.0,inf,inf,13,
2020-11-18,12845.0,12695.0,25728.140625,0.0,0,0.0,0.0,0.0,0.0,0.0,0.0,104189775.56669879,104189775.56669879,0.0,inf,inf,13,
2020-11-19,12585.0,12555.0,25634.33984375,0.0,0,0.0,0.0,0.0,0.0,0.0,0.0,104189775.56669879,104189775.56669879,0.0,inf,inf,13,
2020-11-20,12435.0,12495.0,25527.369140625,0.0,0,0.0,0.0,0.0,0.0,0.0,0.0,104189775.56669879,104189775.56669879,0.0,inf,inf,13,
2020-11-24,12925.0,13110.0,26165.58984375,0.0,0,0.0,0.0,0.0,0.0,0.0,0.0,104189775.56669879,104189775.56669879,0.0,inf,inf,13,
2020-11-25,13485.0,13225.0,26296.859375,0.0,0,0.0,0.0,0.0,0.0,0.0,0.0,104189775.56669879,104189775.56669879,0.0,inf,inf,13,
2020-11-26,13210.0,13500.0,26537.310546875,0.0,0,0.0,0.0,0.0,0.0,0.0,0.0,104189775.56669879,104189775.56669879,0.0,inf,inf,13,
2020-11-27,13435.0,13595.0,26644.7109375,0.0,0,0.0,0.0,0.0,0.0,0.0,0.0,104189775.56669879,104189775.56669879,0.0,inf,inf,13,
2020-11-30,13805.0,13415.0,26433.619140625,0.0,0,0.0,0.0,0.0,0.0,0.0,0.0,104189775.56669879,104189775.56669879,0.0,inf,inf,13,
2020-12-01,13570.0,13745.0,26787.5390625,0.0,0,0.0,0.0,0.0,0.0,0.0,0.0,104189775.56669879,104189775.56669879,0.0,inf,inf,13,
2020-12-02,13825.0,13745.0,26800.98046875,0.0,0,0.0,0.0,0.0,0.0,0.0,0.0,104189775.56669879,104189775.56669879,0.0,inf,inf,13,
2020-12-03,13715.0,13755.0,26809.369140625,0.0,0,0.0,0.0,0.0,0.0,0.0,0.0,104189775.56669879,104189775.56669879,0.0,inf,inf,13,
2020-12-04,13655.0,13695.0,26751.240234375,0.0,0,0.0,0.0,0.0,0.0,0.0,0.0,104189775.56669879,104189775.56669879,0.0,inf,inf,13,
2020-12-07,13825.0,13505.0,26547.439453125,0.0,0,0.0,0.0,0.0,0.0,0.0,0.0,104189775.56669879,104189775.56669879,0.0,inf,inf,13,
2020-12-08,13335.0,13400.0,26467.080078125,0.0,0,0.0,0.0,0.0,0.0,0.0,0.0,104189775.56669879,104189775.56669879,0.0,inf,inf,13,
2020-12-09,13480.0,13740.0,26817.939453125,0.0,0,0.0,0.0,0.0,0.0,0.0,0.0,104189775.56669879,104189775.56669879,0.0,inf,inf,13,
2020-12-10,13610.0,13710.0,26756.240234375,0.0,0,0.0,0.0,0.0,0.0,0.0,0.0,104189775.56669879,104189775.56669879,0.0,inf,inf,13,
2020-12-11,13690.0,13580.0,26652.51953125,0.0,0,0.0,0.0,0.0,0.0,0.0,0.0,104189775.56669879,104189775.56669879,0.0,inf,inf,13,
2020-12-14,13635.0,13665.0,26732.439453125,0.0,0,0.0,0.0,0.0,0.0,0.0,0.0,104189775.56669879,104189775.56669879,0.0,inf,inf,13,
2020-12-15,13600.0,13625.0,26687.83984375,0.0,0,0.0,0.0,0.0,0.0,0.0,0.0,104189775.56669879,104189775.56669879,0.0,inf,inf,13,
2020-12-16,13760.0,13705.0,26757.400390625,0.0,0,0.0,0.0,0.0,0.0,0.0,0.0,104189775.56669879,104189775.56669879,0.0,inf,inf,13,
2020-12-17,13720.0,13755.0,26806.669921875,0.0,0,0.0,0.0,0.0,0.0,0.0,0.0,104189775.56669879,104189775.56669879,0.0,inf,inf,13,
2020-12-18,13705.0,13705.0,26763.390625,0.0,0,0.0,0.0,0.0,0.0,0.0,0.0,104189775.56669879,104189775.56669879,0.0,inf,inf,13,
2020-12-21,13780.0,13635.0,26714.419921875,0.0,0,0.0,0.0,0.0,0.0,0.0,0.0,104189775.56669879,104189775.56669879,0.0,inf,inf,13,
2020-12-22,13515.0,13345.0,26436.390625,0.0,0,0.0,0.0,0.0,0.0,0.0,0.0,104189775.56669879,104189775.56669879,0.0,inf,inf,13,
2020-12-23,13505.0,13440.0,26524.7890625,13507.701,1,0.0,0.0,0.0,0.0,1.0310136986081488,13440.0,104189775.56669879,104189706.83468509,-68.73201369862925,7752.210329961688,7752.210329961688,13,
2020-12-24,13605.0,13595.0,26668.349609375,0.0,0,0.0,0.0,0.0,0.0,1.0429041095776483,13595.0,104189775.56669879,104189860.79178098,85.22508219178171,7663.836762911436,7663.8304940565495,13,
2020-12-25,13610.0,13610.0,26656.609375,0.0,0,0.0,0.0,0.0,0.0,1.0440547945327125,13610.0,104189775.56669879,104189874.74772619,99.18102739726116,7655.391237893181,7655.383950528934,13,
2020-12-28,13635.0,13795.0,26854.029296875,0.0,0,0.0,0.0,0.0,0.0,1.0582465753541328,13795.0,104189775.56669879,104190058.6894796,283.1227808219187,7552.740753133716,7552.720229554098,13,
2020-12-29,13900.0,14595.0,27568.150390625,0.0,0,13897.220000000001,385.34278082191986,307.0603948979468,78.28238592397302,0.0,0.0,104190082.62709369,104190082.62709369,0.0,inf,inf,13,
2020-12-30,14605.0,14450.0,27444.169921875,0.0,0,0.0,0.0,0.0,0.0,0.0,0.0,104190082.62709369,104190082.62709369,0.0,inf,inf,13,
2021-01-04,14610.0,14225.0,27258.380859375,0.0,0,0.0,0.0,0.0,0.0,0.0,0.0,104190082.62709369,104190082.62709369,0.0,inf,inf,13,
2021-01-05,14090.0,14130.0,27158.630859375,0.0,0,0.0,0.0,0.0,0.0,0.0,0.0,104190082.62709369,104190082.62709369,0.0,inf,inf,13,
2021-01-06,14065.0,14020.0,27055.939453125,0.0,0,0.0,0.0,0.0,0.0,0.0,0.0,104190082.62709369,104190082.62709369,0.0,inf,inf,13,
2021-01-07,14375.0,14450.0,27490.130859375,0.0,0,0.0,0.0,0.0,0.0,0.0,0.0,104190082.62709369,104190082.62709369,0.0,inf,inf,13,
2021-01-08,14685.0,15100.0,28139.029296875,0.0,0,0.0,0.0,0.0,0.0,0.0,0.0,104190082.62709369,104190082.62709369,0.0,inf,inf,13,
2021-01-12,15075.0,15225.0,28164.33984375,0.0,0,0.0,0.0,0.0,0.0,0.0,0.0,104190082.62709369,104190082.62709369,0.0,inf,inf,13,
2021-01-13,15175.0,15525.0,28456.58984375,0.0,0,0.0,0.0,0.0,0.0,0.0,0.0,104190082.62709369,104190082.62709369,0.0,inf,inf,13,
2021-01-14,15500.0,15750.0,28698.259765625,0.0,0,0.0,0.0,0.0,0.0,0.0,0.0,104190082.62709369,104190082.62709369,0.0,inf,inf,13,
2021-01-15,15975.0,15550.0,28519.1796875,0.0,0,0.0,0.0,0.0,0.0,0.0,0.0,104190082.62709369,104190082.62709369,0.0,inf,inf,13,
2021-01-18,15200.0,15250.0,28242.2109375,0.0,0,0.0,0.0,0.0,0.0,0.0,0.0,104190082.62709369,104190082.62709369,0.0,inf,inf,13,
2021-01-19,15475.0,15700.0,28633.4609375,0.0,0,0.0,0.0,0.0,0.0,0.0,0.0,104190082.62709369,104190082.62709369,0.0,inf,inf,13,
2021-01-20,15900.0,15575.0,28523.259765625,0.0,0,0.0,0.0,0.0,0.0,0.0,0.0,104190082.62709369,104190082.62709369,0.0,inf,inf,13,
2021-01-21,15775.0,15800.0,28756.859375,0.0,0,0.0,0.0,0.0,0.0,0.0,0.0,104190082.62709369,104190082.62709369,0.0,inf,inf,13,
2021-01-22,15625.0,15700.0,28631.44921875,0.0,0,0.0,0.0,0.0,0.0,0.0,0.0,104190082.62709369,104190082.62709369,0.0,inf,inf,13,
2021-01-25,15775.0,15875.0,28822.2890625,0.0,0,0.0,0.0,0.0,0.0,0.0,0.0,104190082.62709369,104190082.62709369,0.0,inf,inf,13,
2021-01-26,15775.0,15575.0,28546.1796875,0.0,0,0.0,0.0,0.0,0.0,0.0,0.0,104190082.62709369,104190082.62709369,0.0,inf,inf,13,
2021-01-27,15725.0,15700.0,28635.2109375,0.0,0,0.0,0.0,0.0,0.0,0.0,0.0,104190082.62709369,104190082.62709369,0.0,inf,inf,13,
2021-01-28,15000.0,15175.0,28197.419921875,0.0,0,0.0,0.0,0.0,0.0,0.0,0.0,104190082.62709369,104190082.62709369,0.0,inf,inf,13,
2021-01-29,15325.0,14595.0,27663.390625,0.0,0,0.0,0.0,0.0,0.0,0.0,0.0,104190082.62709369,104190082.62709369,0.0,inf,inf,13,
2021-02-01,14595.0,15075.0,28091.05078125,14597.919,1,0.0,0.0,0.0,0.0,1.1564383561490104,15075.0,104190082.62709369,104190558.55165534,475.9245616438358,6911.479837589077,6911.448267137226,13,
2021-02-02,15225.0,15375.0,28362.169921875,0.0,0,15221.955,622.8795616438357,496.34157869589046,126.53798294794522,0.0,0.0,104190578.96867238,104190578.96867238,0.0,inf,inf,13,
2021-02-03,15475.0,15675.0,28646.5,46434.284999999996,3,0.0,0.0,0.0,0.0,3.6073972602607682,47025.0,104190578.96867238,104191166.07627513,587.1076027397298,2215.6547809946865,2215.6422959845268,31,
2021-02-04,15600.0,15375.0,28341.94921875,31206.239999999998,2,0.0,0.0,0.0,0.0,5.897260273981374,76875.0,104190578.96867238,104189803.93901485,-775.0296575342408,1355.314522783933,1355.314522783933,31,
2021-02-05,15675.0,15825.0,28779.189453125,31356.27,2,0.0,0.0,0.0,0.0,8.497808219166473,110775.0,104190578.96867238,104192339.17120662,1760.2025342465809,940.5762958357628,940.5604059460381,31,
2021-02-08,15900.0,16475.0,29388.5,0.0,0,0.0,0.0,0.0,0.0,8.846849315043073,115325.0,104190578.96867238,104196880.32435732,6301.355684931512,903.5064411390185,903.4518011590928,31,
2021-02-09,16625.0,16625.0,29505.9296875,0.0,0,116351.725,7328.080684931503,5839.381093787669,1488.6995911438348,0.0,0.0,104196418.34976617,104196418.34976617,0.0,inf,inf,31,
2021-02-10,16475.0,16675.0,29562.9296875,0.0,0,0.0,0.0,0.0,0.0,0.0,0.0,104196418.34976617,104196418.34976617,0.0,inf,inf,31,
2021-02-12,16775.0,16625.0,29520.0703125,0.0,0,0.0,0.0,0.0,0.0,0.0,0.0,104196418.34976617,104196418.34976617,0.0,inf,inf,31,
2021-02-15,16825.0,17250.0,30084.150390625,0.0,0,0.0,0.0,0.0,0.0,0.0,0.0,104196418.34976617,104196418.34976617,0.0,inf,inf,31,
2021-02-16,17400.0,17700.0,30467.75,0.0,0,0.0,0.0,0.0,0.0,0.0,0.0,104196418.34976617,104196418.34976617,0.0,inf,inf,31,
2021-02-17,17550.0,17525.0,30292.189453125,0.0,0,0.0,0.0,0.0,0.0,0.0,0.0,104196418.34976617,104196418.34976617,0.0,inf,inf,31,
2021-02-18,17575.0,17475.0,30236.08984375,0.0,0,0.0,0.0,0.0,0.0,0.0,0.0,104196418.34976617,104196418.34976617,0.0,inf,inf,31,
2021-02-19,17150.0,17150.0,30017.919921875,0.0,0,0.0,0.0,0.0,0.0,0.0,0.0,104196418.34976617,104196418.34976617,0.0,inf,inf,31,
2021-02-22,17500.0,17350.0,30156.029296875,17503.5,1,0.0,0.0,0.0,0.0,1.3309589041164145,17350.0,104196418.34976617,104196263.51880726,-154.8309589041096,6005.548329614251,6005.548329614251,31,
2021-02-24,17150.0,16800.0,29671.69921875,17153.43,1,0.0,0.0,0.0,0.0,2.5775342466076836,33600.0,104196418.34976617,104195357.51127301,-1060.8384931506853,3101.0523068831253,3101.0523068831253,31,
2021-02-25,17350.0,17375.0,30168.26953125,52060.41,3,0.0,0.0,0.0,0.0,6.6643835616414435,86875.0,104196418.34976617,104196565.43688945,147.08712328766748,1199.3849258922528,1199.3832328030637,31,
2021-02-26,16675.0,16025.0,28966.009765625,33356.67,2,0.0,0.0,0.0,0.0,8.605205479485448,112175.0,104196418.34976617,104188500.16168398,-7918.188082191783,928.8032107125828,928.8032107125828,31,
2021-03-01,16625.0,16750.0,29663.5,83141.625,5,0.0,0.0,0.0,0.0,15.419178082142025,201000.0,104196418.34976617,104194168.1175059,-2250.232260273975,518.3789458582382,518.3789458582382,31,
2021-03-02,17025.0,16450.0,29408.169921875,51085.215,3,0.0,0.0,0.0,0.0,18.928767123201396,246750.0,104196418.34976617,104188813.97373877,-7604.376027397259,422.2444335308562,422.2444335308562,31,
2021-03-03,16575.0,16600.0,29559.099609375,66313.26,4,0.0,0.0,0.0,0.0,24.195068493077997,315400.0,104196418.34976617,104191126.51867028,-5291.831095890404,330.3459940350992,330.3459940350992,31,
2021-03-04,16150.0,15900.0,28930.109375,48459.69,3,0.0,0.0,0.0,0.0,26.83397260273341,349800.0,104196418.34976617,104177039.99469768,-19378.355068493147,297.8188679093701,297.8188679093701,31,
2021-03-05,15675.0,15825.0,28864.3203125,344918.97000000003,22,0.0,0.0,0.0,0.0,53.41479452053318,696300.0,104196418.34976617,104178567.60990316,-17850.739863013725,149.61735977294722,149.61735977294722,32,
2021-03-08,16250.0,15675.0,28743.25,341318.25,21,0.0,0.0,0.0,0.0,78.16027397254948,1018875.0,104196418.34976617,104159746.19962917,-36672.15013698633,102.2301520791355,102.2301520791355,32,
2021-03-09,15725.0,15975.0,29027.939453125,346019.19,22,0.0,0.0,0.0,0.0,106.61671232886147,1389825.0,104196418.34976617,104184570.39291684,-11847.956849315093,74.96236604818365,74.96236604818365,32,
2021-03-10,16175.0,16025.0,29036.560546875,339742.935,21,0.0,0.0,0.0,0.0,132.7660273973015,1730700.0,104196418.34976617,104185569.69188945,-10848.657876712357,60.19851487368663,60.19851487368663,32,
2021-03-11,16025.0,16225.0,29211.640625,352620.51,22,0.0,0.0,0.0,0.0,161.80547945201397,2109250.0,104196418.34976617,104211337.37641001,14919.02664383558,49.406821086362456,49.39974794347098,32,
2021-03-12,16350.0,16775.0,29717.830078125,343418.67,21,0.0,0.0,0.0,0.0,194.31424657528987,2533025.0,104196418.34976617,104291499.39216343,95081.04239726026,41.17270828048023,41.1351717214659,32,
2021-03-15,16900.0,16850.0,29766.970703125,304260.84,18,743451.2799999999,52240.56109589029,41627.89110926018,10612.669986630113,161.57534246571595,2106250.0,104238046.24087542,104293140.58683433,55094.3459589041,49.51603113914983,49.48987358617231,32,
2021-03-16,16850.0,17025.0,29921.08984375,252800.55,15,0.0,0.0,0.0,0.0,182.8438356165425,2383500.0,104238046.24087542,104317407.1929987,79360.95212328767,43.76648088651089,43.73318491331044,32,
2021-03-17,16900.0,17000.0,29914.330078125,304260.84,18,0.0,0.0,0.0,0.0,206.04931506852154,2686000.0,104238046.24087542,104315440.30368364,77394.06280821915,38.836723865853926,38.80790999287991,32,
2021-03-18,17275.0,17375.0,30216.75,293733.735,17,0.0,0.0,0.0,0.0,233.25342465756694,3040625.0,104238046.24087542,104376098.31525898,138052.07438356164,34.32718546853327,34.28178293636191,32,
2021-03-19,17025.0,16900.0,29792.05078125,221369.26499999998,13,1140446.865,57664.19178082193,45949.71122054795,11714.480560273976,156.8690410957788,2044900.0,104283995.95209597,104287579.56565762,3583.613561643847,50.998865257791394,50.99711279382658,32,
2021-03-22,16400.0,16150.0,29174.150390625,229645.91999999998,14,0.0,0.0,0.0,0.0,167.25205479451688,2180250.0,104283995.95209597,104193116.39360282,-90879.55849315066,47.78952706964927,47.78952706964927,33,
2021-03-23,16400.0,15950.0,28995.919921875,475695.12,29,0.0,0.0,0.0,0.0,200.66410958912456,2615800.0,104283995.95209597,104152770.60949323,-131225.3426027397,39.81679433041258,39.81679433041258,33,
2021-03-24,15675.0,15300.0,28405.51953125,580090.995,37,0.0,0.0,0.0,0.0,235.91342465754133,3075300.0,104283995.95209597,104031943.70106858,-252052.25102739717,33.828226092110874,33.828226092110874,33,
2021-03-25,15350.0,15625.0,28729.880859375,706241.22,46,0.0,0.0,0.0,0.0,296.0616438356228,3859375.0,104283995.95209597,104109481.41942474,-174514.53267123282,26.975736076288193,26.975736076288193,33,
2021-03-26,16050.0,16175.0,29176.69921875,658181.61,41,0.0,0.0,0.0,0.0,357.35671232891036,4658400.0,104283995.95209597,104249967.4527124,-34028.499383561575,22.37892140063378,22.37892140063378,33,
2021-03-29,16525.0,16325.0,29384.51953125,462792.54000000004,28,0.0,0.0,0.0,0.0,395.73589041113155,5158700.0,104283995.95209597,104287079.17682199,3083.224726027438,20.21576737876248,20.215169704013796,33,
2021-03-30,16575.0,16600.0,29432.69921875,265253.04,16,762297.51,55886.468082191815,44533.13209129455,11353.335990897267,364.19945205468684,4747600.0,104328529.08418727,104361306.11137906,32777.02719178086,21.98190793482582,21.97500401975467,33,
2021-03-31,16450.0,16375.0,29178.80078125,213892.77000000002,13,0.0,0.0,0.0,0.0,375.59315068484284,4896125.0,104328529.08418727,104295562.74822837,-32966.33595890409,21.301654420225866,21.301654420225866,33,
2021-04-01,16625.0,16575.0,29388.869140625,332566.5,20,615001.975,34637.36246575341,27600.782280835603,7036.580184917805,358.5649315068149,4674150.0,104356129.8664681,104348628.07811193,-7501.788356164375,22.32462117777819,22.32462117777819,2,
2021-04-02,17000.0,17100.0,29854.0,153030.59999999998,9,696860.6000000001,38420.92589041107,30615.71479577406,7805.2110946370085,327.94520547951106,4275000.0,104386745.58126388,104485174.92181183,98429.3405479452,24.440976589897506,24.417952182751787,2,
2021-04-05,17375.0,17350.0,30089.25,139027.8,8,0.0,0.0,0.0,0.0,343.3873972603469,4476300.0,104386745.58126388,104547103.73441456,160358.15315068496,23.3556963863938,23.319872569145026,33,
2021-04-06,17500.0,16950.0,29696.630859375,105021.0,6,0.0,0.0,0.0,0.0,343.2723287671106,4474800.0,104386745.58126388,104440239.4620858,53493.880821917846,23.339644109700053,23.327689635573407,33,
2021-04-07,16975.0,16925.0,29730.7890625,407481.48,24,2121450.625,62760.49979452054,50010.704261263694,12749.795533256849,211.63205479446333,2758775.0,104436756.28552514,104425222.17949775,-11534.106027397214,37.852025692380764,37.852025692380764,2,
2021-04-08,16875.0,16950.0,29708.98046875,506351.25,30,0.0,0.0,0.0,0.0,250.95287671225378,3271350.0,104436756.28552514,104431194.97662103,-5561.3089041095445,31.92296604662327,31.92296604662327,2,
2021-04-09,17125.0,16975.0,29768.060546875,616623.2999999999,36,0.0,0.0,0.0,0.0,298.2019178082119,3887275.0,104436756.28552514,104430198.47470322,-6557.810821917694,26.86462842857869,26.86462842857869,2,
2021-04-12,17100.0,16750.0,29538.73046875,649929.96,38,0.0,0.0,0.0,0.0,343.0767123287078,4472250.0,104436756.28552514,104364900.4379909,-71855.84753424642,23.33610608485458,23.33610608485458,2,
2021-04-13,16825.0,16975.0,29751.609375,639477.8699999999,38,0.0,0.0,0.0,0.0,397.1684931506752,5177375.0,104436756.28552514,104430150.39949775,-6605.886027396987,20.1704822230373,20.1704822230373,2,
2021-04-14,16950.0,16850.0,29620.990234375,576415.26,34,0.0,0.0,0.0,0.0,438.1923287670361,5712150.0,104436756.28552514,104388071.94716898,-48684.338356164124,18.27474277586705,18.27474277586705,2,
2021-04-15,16750.0,16825.0,29642.689453125,636627.2999999999,38,0.0,0.0,0.0,0.0,486.5882191780838,6343025.0,104436756.28552514,104381833.0589498,-54923.22657534214,16.456159806866566,16.456159806866566,2,
2021-04-16,17025.0,16900.0,29683.369140625,306511.29,18,0.0,0.0,0.0,0.0,512.0931506847846,6675500.0,104436756.28552514,104407284.67579912,-29471.609726027047,15.640369212163751,15.640369212163751,33,
2021-04-19,16900.0,16875.0,29685.369140625,304260.84,18,0.0,0.0,0.0,0.0,534.6369863015134,6969375.0,104436756.28552514,104396364.19881281,-40392.08671232844,14.979300754918887,14.979300754918887,33,
2021-04-20,16525.0,16225.0,29100.380859375,280981.185,17,0.0,0.0,0.0,0.0,535.2027397259953,6976750.0,104436756.28552514,104122222.8110731,-314533.4744520544,14.92417283277645,14.92417283277645,33,
2021-04-21,15650.0,15550.0,28508.55078125,579165.8099999999,37,0.0,0.0,0.0,0.0,557.0734246575157,7261850.0,104436756.28552514,103827599.92764843,-609156.3578767119,14.297678956140436,14.297678956140436,30,
2021-04-22,15950.0,16300.0,29188.169921875,574314.84,36,0.0,0.0,0.0,0.0,628.9567123288289,8198900.0,104436756.28552514,104189706.1309361,-247050.15458904067,12.707766423658796,12.707766423658796,30,
2021-04-23,15950.0,16125.0,29020.630859375,574314.84,36,590031.97,10775.758356164417,8586.663046109616,2189.0953100548013,620.9671232879045,8094750.0,104445342.94857125,104098463.19850276,-346879.7500684928,12.859997306711481,12.859997306711481,30,
2021-04-26,16150.0,16250.0,29126.23046875,581516.28,36,0.0,0.0,0.0,0.0,670.6575342464494,8742500.0,104445342.94857125,104164026.2609685,-281316.6876027393,11.914672720728454,11.914672720728454,30,
2021-04-27,16512.748756218905,16250.0,28991.890625,462449.43656716414,28,0.0,0.0,0.0,0.0,705.5616438355064,9197500.0,104445342.94857125,104155871.26275751,-289471.68581373914,11.324367628459637,11.324367628459637,33,
2021-04-28,16109.0458488228,16249.999999999998,29053.970703125,580041.6356877324,36,0.0,0.0,0.0,0.0,750.4383561642608,9782499.999999998,104445342.94857125,104160079.18871361,-285263.75985763763,10.647593068102594,10.647593068102594,30,
2021-04-30,16080.0,15900.0,28812.630859375,209081.80800000002,13,0.0,0.0,0.0,0.0,750.1315068491385,9778500.0,104445342.94857125,103946247.24920677,-499095.69936448516,10.630081019502661,10.630081019502661,30,exposure_limit_hit
2021-05-06,16110.0,16460.0,29331.369140625,209471.886,13,0.0,0.0,0.0,0.0,792.9661369861569,10336880.0,104445342.94857125,104294362.39706978,-150980.55150147143,10.089539822177464,10.089539822177464,30,exposure_limit_hit
2021-05-07,16470.0,16490.0,29357.8203125,0.0,0,0.0,0.0,0.0,0.0,794.4113972602063,10355720.0,104445342.94857125,104312407.98567252,-132934.9628987318,10.072926651712534,10.072926651712534,30,exposure_limit_hit
2021-05-10,16520.0,16680.0,29518.33984375,0.0,0,0.0,0.0,0.0,0.0,803.5647123287199,10475040.0,104445342.94857125,104430924.42096019,-14418.527611060512,9.969501254502148,9.969501254502148,30,exposure_limit_hit
2021-05-11,16360.0,15650.0,28608.58984375,16363.271999999999,1,1390321.88,31779.762410958927,25323.70367717262,6456.058733786305,653.0980821921839,8513600.0,104470666.65224843,103836333.87214422,-634332.7801042112,12.196524839332858,12.196524839332858,30,
2021-05-12,15730.0,15140.0,28147.509765625,47199.437999999995,3,0.0,0.0,0.0,0.0,635.2992876712815,8281580.0,104470666.65224843,103556479.13485655,-914187.5173918826,12.504435039552423,12.504435039552423,3,
2021-05-13,14740.0,14350.0,27448.009765625,339087.804,23,0.0,0.0,0.0,0.0,627.4684931507218,8179500.0,104470666.65224843,103114683.8623634,-1355982.7898850332,12.606477640731512,12.606477640731512,34,
2021-05-14,14820.0,15040.0,28084.470703125,340928.172,23,0.0,0.0,0.0,0.0,684.1757808221737,8918720.0,104470666.65224843,103512291.51458257,-958375.1376658551,11.606182447098078,11.606182447098078,34,
2021-05-17,15300.0,14760.0,27824.830078125,336667.32,22,0.0,0.0,0.0,0.0,696.3484931507264,9077400.0,104470666.65224843,103333607.84608942,-1137058.806159006,11.383612911856856,11.383612911856856,34,
2021-05-18,14910.0,15370.0,28406.83984375,342998.586,23,0.0,0.0,0.0,0.0,752.2456986301113,9806060.0,104470666.65224843,103718517.0143908,-752149.637857636,10.576981684222899,10.576981684222899,34,
2021-05-19,14810.0,14990.0,28044.44921875,177755.544,12,340561.874,1369.0538904109658,1090.9305925739782,278.1232978369877,720.9984657533932,9398730.0,104471757.582841,103472994.2226272,-998763.3602138002,11.009252763152809,11.009252763152809,34,
2021-05-20,14810.0,15010.0,28098.25,325885.164,22,0.0,0.0,0.0,0.0,747.2923835614929,9741490.0,104471757.582841,103489121.76624364,-982635.8165973619,10.62354134390567,10.62354134390567,34,
2021-05-21,15250.0,15280.0,28317.830078125,106771.34999999999,7,0.0,0.0,0.0,0.0,768.9398356164456,10023680.0,104471757.582841,103663771.47640802,-807986.1064329783,10.341887557903686,10.341887557903686,34,
2021-05-24,15160.0,15310.0,28364.609375,0.0,0,0.0,0.0,0.0,0.0,770.4495342465816,10043360.0,104471757.582841,103682681.02687377,-789076.5559672248,10.323505383345193,10.323505383345193,34,exposure_limit_hit
2021-05-25,15530.0,15520.0,28553.98046875,0.0,0,0.0,0.0,0.0,0.0,781.0174246575916,10181120.0,104471757.582841,103819660.00944911,-652097.5733918826,10.197272992504667,10.197272992504667,34,
2021-05-26,15360.0,15610.0,28642.189453125,0.0,0,1228554.24,40438.17038356156,32223.156070141027,8215.014313420532,689.7481643836363,8991360.0,104503980.73891114,103849549.4869713,-654431.2519398277,11.549926761576813,11.549926761576813,34,
2021-05-27,15520.0,15510.0,28549.009765625,0.0,0,0.0,0.0,0.0,0.0,685.3295342467609,8933760.0,104503980.73891114,103791264.15743706,-712716.5814740744,11.617870208897155,11.617870208897155,34,
2021-05-28,16030.0,16180.0,29149.41015625,0.0,0,0.0,0.0,0.0,0.0,714.9343561643036,9319680.0,104503980.73891114,104176469.2230809,-327511.5158302386,11.178116547250646,11.178116547250646,34,
2021-05-31,16020.0,15860.0,28860.080078125,0.0,0,464487.084,20739.12906849314,16525.97499822876,4213.1540702643815,665.5116712328745,8675420.0,104520506.71390937,103991817.6413394,-528689.0725699647,11.986949063139237,11.986949063139237,34,
2021-06-01,16030.0,15790.0,28814.33984375,0.0,0,0.0,0.0,0.0,0.0,662.5743561646086,8637130.0,104520506.71390937,103952865.06698324,-567641.6469261291,12.035579534750923,12.035579534750923,34,
2021-06-02,15700.0,15920.0,28946.140625,0.0,0,0.0,0.0,0.0,0.0,668.0293698628666,8708240.0,104520506.71390937,104023307.03761338,-497199.67629599216,11.945388165417281,11.945388165417281,34,
2021-06-03,15870.0,16050.0,29058.109375,0.0,0,0.0,0.0,0.0,0.0,673.4843835614738,8779350.0,104520506.71390937,104093743.55322982,-426763.1606795537,11.856657218726879,11.856657218726879,34,
2021-06-04,15880.0,15940.0,28941.51953125,0.0,0,0.0,0.0,0.0,0.0,668.8686027398217,8719180.0,104520506.71390937,104032904.68462709,-487602.0292822934,11.93150097653989,11.93150097653989,3,
2021-06-07,16250.0,16000.0,29019.240234375,0.0,0,0.0,0.0,0.0,0.0,671.3863013699884,8752000.0,104520506.71390937,104065053.2983257,-455453.41558366327,11.890431135549097,11.890431135549097,34,
2021-06-08,16090.0,16000.0,28963.560546875,0.0,0,0.0,0.0,0.0,0.0,671.3863013699884,8752000.0,104520506.71390937,104064381.91202433,-456124.80188503326,11.89035442322033,11.89035442322033,3,
2021-06-09,15960.0,15860.0,28860.80078125,0.0,0,0.0,0.0,0.0,0.0,665.5116712328745,8675420.0,104520506.71390937,103987136.4003531,-533370.313556266,11.986409464942689,11.986409464942689,3,
2021-06-10,15780.0,15960.0,28958.560546875,0.0,0,0.0,0.0,0.0,0.0,669.7078356164857,8730120.0,104520506.71390937,104041166.69251749,-479340.02139188256,11.91749560057794,11.91749560057794,34,
2021-06-11,16000.0,15920.0,28948.73046875,0.0,0,0.0,0.0,0.0,0.0,668.0293698628666,8708240.0,104520506.71390937,104018618.66314763,-501888.0507617454,11.944849781717963,11.944849781717963,34,
2021-06-14,16150.0,16170.0,29161.80078125,0.0,0,0.0,0.0,0.0,0.0,678.519780821749,8844990.0,104520506.71390937,104154690.1433668,-365816.5705425674,11.775557704798626,11.775557704798626,34,
2021-06-15,16290.0,16470.0,29441.30078125,0.0,0,48860.226,1574.8226301369941,1254.8974128246637,319.92521731233035,687.3179178084247,8959680.0,104521761.6113222,104317233.12623169,-204528.48509051267,11.642964160129791,11.642964160129791,3,
2021-06-16,16330.0,16330.0,29291.009765625,0.0,0,1387772.3900000001,13506.520915007344,10762.671191123602,2743.8497238837417,574.9949589039315,7495470.0,104532524.28251332,104237476.6715489,-295047.61096442404,13.906729887725373,13.906729887725373,3,
2021-06-17,16150.0,16010.0,29018.330078125,0.0,0,0.0,0.0,0.0,0.0,563.7274520547362,7348590.0,104532524.28251332,104090032.94409685,-442491.33841647883,14.164626539798363,14.164626539798363,3,
2021-06-18,16150.0,15950.0,28964.080078125,0.0,0,0.0,0.0,0.0,0.0,561.6147945206612,7321050.0,104532524.28251332,104061931.32930233,-470592.9532109994,14.21407193357542,14.21407193357542,3,
2021-06-21,15310.0,14870.0,28010.9296875,0.0,0,0.0,0.0,0.0,0.0,523.5869589040522,6825330.0,104532524.28251332,103565687.74234341,-966836.5401699037,15.173726067800885,15.173726067800885,34,
2021-06-22,15570.0,15790.0,28884.130859375,342608.508,22,0.0,0.0,0.0,0.0,582.6293698631926,7594990.0,104532524.28251332,103992156.60497355,-540367.6775397664,13.692204546019621,13.692204546019621,34,
2021-06-23,15820.0,15810.0,28874.890625,31646.327999999998,2,0.0,0.0,0.0,0.0,585.7929863012396,7636230.0,104532524.28251332,104001164.48398726,-531359.798526068,13.619438451171227,13.619438451171227,34,
2021-06-24,15730.0,15780.0,28875.23046875,31466.291999999998,2,0.0,0.0,0.0,0.0,587.1024657531525,7653300.0,104532524.28251332,103986181.0895215,-546343.1929918213,13.587103744727306,13.587103744727306,34,
2021-06-25,16050.0,16010.0,29066.1796875,16053.21,1,0.0,0.0,0.0,0.0,596.8878904109006,7780860.0,104532524.28251332,104097090.99163109,-435433.2908822323,13.37860994692503,13.37860994692503,34,
2021-06-28,16050.0,15950.0,29048.01953125,0.0,0,0.0,0.0,0.0,0.0,594.6509589041816,7751700.0,104532524.28251332,104067336.34067218,-465187.9418411364,13.425098538471842,13.425098538471842,3,
2021-06-29,15850.0,15740.0,28812.609375,0.0,0,0.0,0.0,0.0,0.0,586.8216986301704,7649640.0,104532524.28251332,103964689.51897356,-567834.7635397665,13.590795059502613,13.590795059502613,34,
2021-06-30,15830.0,15730.0,28791.529296875,47499.498,3,0.0,0.0,0.0,0.0,590.0689315070049,7691970.0,104532524.28251332,103958929.95204204,-573594.3304712733,13.515254213425434,13.515254213425434,34,
2021-07-01,15780.0,15620.0,28707.0390625,63132.623999999996,4,0.0,0.0,0.0,0.0,590.7355616438435,7700660.0,104532524.28251332,103903896.5924804,-628627.6900329171,13.492856013962493,13.492856013962493,34,
2021-07-02,15620.0,15700.0,28783.279296875,156231.24,10,0.0,0.0,0.0,0.0,605.8049315066892,7897100.0,104532524.28251332,103943499.54754889,-589024.734964424,13.162236713166719,13.162236713166719,34,
2021-07-05,15650.0,15520.0,28598.189453125,125225.04,8,0.0,0.0,0.0,0.0,608.3840000001364,7930720.0,104532524.28251332,103851286.1235489,-681238.1589644243,13.094811835942878,13.094811835942878,34,
2021-07-06,15620.0,15560.0,28643.2109375,296839.35599999997,19,0.0,0.0,0.0,0.0,632.6312328766217,8246800.0,104532524.28251332,103869894.13631602,-662630.1461973008,12.595175599786101,12.595175599786101,34,
2021-07-07,15050.0,15260.0,28366.94921875,210742.14,14,0.0,0.0,0.0,0.0,636.8227945205872,8301440.0,104532524.28251332,103713155.1735215,-819369.1089918213,12.493393335797345,12.493393335797345,34,
2021-07-08,15200.0,15020.0,28118.029296875,334466.88,22,0.0,0.0,0.0,0.0,652.1560547941481,8501320.0,104532524.28251332,103577916.1374667,-954608.1450466154,12.183745128693744,12.183745128693744,34,
2021-07-09,14620.0,14850.0,27940.419921875,336327.252,23,0.0,0.0,0.0,0.0,670.9758904109476,8746650.0,104532524.28251332,103486247.9095763,-1046276.3729370267,11.83152954669231,11.83152954669231,34,
2021-07-12,15440.0,15460.0,28569.01953125,741268.2239999999,48,355048.976,18695.522904109635,14897.527426139763,3797.9954779698724,728.1871780823567,9492440.0,104547421.80993946,103841292.47892024,-706129.3310192185,10.939367799946087,10.939367799946087,21,
2021-07-13,15630.0,15640.0,28718.240234375,125065.008,8,0.0,0.0,0.0,0.0,746.2636712326203,9728080.0,104547421.80993946,103951121.207249,-596300.6026904514,10.685677051098367,10.685677051098367,34,
2021-07-14,15410.0,15510.0,28608.490234375,30826.164,2,215696.85199999998,4872.843068493121,3882.9249991287434,989.9180693643775,725.7830136987614,9461100.0,104551304.73493859,103867296.19416595,-684008.5407726433,10.978353066151499,10.978353066151499,34,
2021-07-15,15430.0,15160.0,28279.08984375,46299.258,3,0.0,0.0,0.0,0.0,712.8938082192326,9293080.0,104551304.73493859,103652264.04235773,-899040.6925808622,11.153704051009754,11.153704051009754,34,
2021-07-16,14840.0,14890.0,28003.080078125,0.0,0,0.0,0.0,0.0,0.0,700.1971506851842,9127570.0,104551304.73493859,103486053.84520705,-1065250.8897315473,11.337744201929654,11.337744201929654,21,
2021-07-19,14500.0,14470.0,27652.740234375,174034.8,12,0.0,0.0,0.0,0.0,693.7671232878929,9043750.0,104551304.73493859,103227505.27808376,-1323799.4568548354,11.414236934687906,11.414236934687906,21,
2021-07-20,14200.0,14220.0,27388.16015625,738547.68,52,0.0,0.0,0.0,0.0,738.5049863014137,9626940.0,104551304.73493859,103071409.09309745,-1479895.6418411366,10.706559830340424,10.706559830340424,21,
2021-07-21,14610.0,14380.0,27548.0,365323.05,25,0.0,0.0,0.0,0.0,774.3925479449681,10094760.0,104551304.73493859,103173131.65054952,-1378173.0843890817,10.22046404773858,10.22046404773858,35,exposure_limit_hit
2021-07-26,14900.0,14670.0,27833.2890625,491798.33999999997,33,774645.04,35983.27342465752,28673.271428438344,7310.001996219175,768.627616438258,10019610.0,104579978.00636703,103372749.72093685,-1207228.285430177,10.317043250279886,10.317043250279886,35,
2021-07-27,14750.0,14800.0,27970.220703125,147529.5,10,176964.6,2876.647561643853,2292.2566094959043,584.3909521479487,773.1682191779837,10078800.0,104582270.26297653,103460017.26176552,-1122253.0012109994,10.265112638584506,10.265112638584506,21,exposure_limit_hit
2021-07-28,14500.0,14420.0,27581.66015625,0.0,0,0.0,0.0,0.0,0.0,753.3166027398547,9820020.0,104582270.26297653,103200483.94516279,-1381786.3178137385,10.509192847383487,10.509192847383487,21,exposure_limit_hit
2021-07-29,14610.0,14630.0,27782.419921875,0.0,0,0.0,0.0,0.0,0.0,764.2872328768135,9963030.0,104582270.26297653,103342729.65792991,-1239540.605046616,10.372620543943952,10.372620543943952,35,
2021-07-30,14480.0,14090.0,27283.58984375,14482.895999999999,1,0.0,0.0,0.0,0.0,737.1579178083921,9609380.0,104582270.26297653,102973859.6040121,-1608410.6589644244,10.715973309829781,10.715973309829781,21,
2021-08-02,14360.0,14590.0,27781.01953125,0.0,0,0.0,0.0,0.0,0.0,763.3168219177169,9950380.0,104582270.26297653,103314096.28719018,-1268173.9757863416,10.382929726019528,10.382929726019528,36,
2021-08-03,14360.0,14460.0,27641.830078125,0.0,0,0.0,0.0,0.0,0.0,756.515506849566,9861720.0,104582270.26297653,103224679.77168334,-1357590.4912931912,10.467208536815416,10.467208536815416,36,
2021-08-04,14420.0,14400.0,27584.080078125,0.0,0,0.0,0.0,0.0,0.0,753.3764383559464,9820800.0,104582270.26297653,103183006.39524499,-1399263.8677315474,10.506578526723382,10.506578526723382,36,
2021-08-05,14330.0,14550.0,27728.119140625,0.0,0,0.0,0.0,0.0,0.0,761.224109588773,9923100.0,104582270.26297653,103284545.1711354,-1297725.0918411359,10.40849585020159,10.40849585020159,36,
2021-08-06,14580.0,14650.0,27820.0390625,0.0,0,0.0,0.0,0.0,0.0,766.4558904108708,9991300.0,104582270.26297653,103351978.71524498,-1230291.5477315467,10.344197323195678,10.344197323195678,36,
2021-08-10,14700.0,14700.0,27888.150390625,0.0,0,0.0,0.0,0.0,0.0,769.0717808218906,10025400.0,104582270.26297653,103385309.64346416,-1196960.6195123692,10.31233762677441,10.31233762677441,36,
2021-08-11,14900.0,14910.0,28070.509765625,0.0,0,0.0,0.0,0.0,0.0,780.058520547871,10168620.0,104582270.26297653,103527749.5849436,-1054520.6780329174,10.181101229561495,10.181101229561495,36,
2021-08-12,15040.0,14840.0,28015.01953125,0.0,0,0.0,0.0,0.0,0.0,776.3962739726994,10120880.0,104582270.26297653,103479233.18866964,-1103037.07430689,10.224331598504245,10.224331598504245,36,
2021-08-13,14900.0,14820.0,27977.150390625,0.0,0,0.0,0.0,0.0,0.0,775.3499178079073,10107240.0,104582270.26297653,103464817.83875182,-1117452.424224698,10.236703376861717,10.236703376861717,36,
2021-08-16,14630.0,14330.0,27523.189453125,0.0,0,0.0,0.0,0.0,0.0,749.7141917808331,9773060.0,104582270.26297653,103129888.12456004,-1452382.1384164789,10.552466486909939,10.552466486909939,36,
2021-08-17,14510.0,14230.0,27424.470703125,0.0,0,0.0,0.0,0.0,0.0,744.4824109587935,9704860.0,104582270.26297653,103060943.64214909,-1521326.6208274378,10.61951884335777,10.61951884335777,36,
2021-08-18,14180.0,14400.0,27585.91015625,0.0,0,0.0,0.0,0.0,0.0,753.3764383559464,9820800.0,104582270.26297653,103176130.26571073,-1406139.997265794,10.505878366906028,10.505878366906028,36,
2021-08-19,14180.0,14080.0,27281.169921875,0.0,0,0.0,0.0,0.0,0.0,736.6347397258505,9602560.0,104582270.26297653,102957153.63097101,-1625116.63200552,10.721844344734219,10.721844344734219,36,
2021-08-20,14010.0,13820.0,27013.25,0.0,0,0.0,0.0,0.0,0.0,723.0321095889667,9425240.0,104582270.26297653,102779110.59886141,-1803159.6641151088,10.90466774308786,10.90466774308786,37,
2021-08-23,13990.0,14300.0,27494.240234375,0.0,0,0.0,0.0,0.0,0.0,748.1446575341979,9752600.0,104582270.26297653,103105722.45420389,-1476547.8087726429,10.572126658963137,10.572126658963137,37,
2021-08-24,14450.0,14540.0,27732.099609375,0.0,0,0.0,0.0,0.0,0.0,760.7009315069881,9916280.0,104582270.26297653,103268641.75327237,-1313628.5097041505,10.414050607009118,10.414050607009118,23,
2021-08-25,14600.0,14540.0,27724.80078125,0.0,0,0.0,0.0,0.0,0.0,760.7009315069881,9916280.0,104582270.26297653,103267881.05234087,-1314389.2106356565,10.41397389468035,10.41397389468035,23,
2021-08-26,14610.0,14540.0,27742.2890625,0.0,0,0.0,0.0,0.0,0.0,760.7009315069881,9916280.0,104582270.26297653,103267120.35140936,-1315149.9115671637,10.413897182351583,10.413897182351583,23,
2021-08-27,14370.0,14420.0,27641.140625,0.0,0,0.0,0.0,0.0,0.0,754.4227945206803,9834440.0,104582270.26297653,103184525.92861484,-1397744.334361684,10.492160807185243,10.492160807185243,23,
2021-08-30,14670.0,14600.0,27789.2890625,0.0,0,0.0,0.0,0.0,0.0,763.839999999851,9957200.0,104582270.26297653,103306522.08861484,-1275748.1743616844,10.37505745476789,10.37505745476789,23,
2021-08-31,14480.0,14940.0,28089.5390625,0.0,0,0.0,0.0,0.0,0.0,781.6280547945062,10189080.0,104582270.26297653,103537620.46056005,-1044649.8024164787,10.161626021246281,10.161626021246281,23,
2021-09-01,15000.0,15320.0,28451.01953125,0.0,0,389922.0,9340.492356164395,7442.9713340096,1897.521022154797,770.9527671233518,10049920.0,104589713.23431054,103785713.98677076,-803999.2475397664,10.327018920227301,10.327018920227301,23,
2021-09-02,15360.0,15380.0,28543.509765625,0.0,0,998200.3200000001,22206.806027397266,17695.493382931512,4511.312644465755,697.28284931503,9089580.0,104607408.72769347,103818365.711277,-789043.0164164787,11.421690079330068,11.421690079330068,21,
2021-09-03,15480.0,16020.0,29128.109375,0.0,0,0.0,0.0,0.0,0.0,726.2985205480945,9467820.0,104607408.72769347,104195879.41275644,-411529.3149370266,11.005266197789611,11.005266197789611,21,
2021-09-06,16500.0,16620.0,29659.890625,0.0,0,791841.6000000001,48571.29468493167,38704.0361696878,9867.25851524387,692.3026849316666,9024660.0,104646112.76386315,104534001.45155625,-112111.31230688971,11.58315121584151,11.58315121584151,38,
2021-09-07,16880.0,16900.0,29916.140625,0.0,0,1350129.92,96709.3467123288,77062.84292771922,19646.5037846096,600.2509589039255,7824700.0,104723175.60679087,104663924.61681275,-59250.98997812273,13.376094242183438,13.376094242183438,38,
2021-09-08,16810.0,17230.0,30181.2109375,0.0,0,67226.552,3455.236876712326,2753.3055052082173,701.931371504109,606.6848219177919,7908570.0,104725928.91229607,104813712.55261932,87783.64032324713,13.253181365609626,13.24208155359263,38,
2021-09-09,16930.0,16990.0,30008.189453125,0.0,0,1134083.1380000003,11177.55540543876,8906.835024823875,2270.720380614884,510.91024657548405,6660080.0,104734835.7473209,104696524.05999213,-38311.687328766864,15.720009978857933,15.720009978857933,38,
2021-09-10,17080.0,17420.0,30381.83984375,0.0,0,0.0,0.0,0.0,0.0,523.8408767124638,6828640.0,104734835.7473209,104864560.21911542,129724.47179452082,15.356580551781237,15.337583434962292,38,
2021-09-13,17400.0,17510.0,30447.369140625,0.0,0,1304739.0,42531.19787671251,33890.98502805836,8640.212848654146,425.8048219178454,5550670.0,104768726.73234896,104882263.20144485,113536.46909589056,18.895424012136345,18.874969459965907,38,
2021-09-14,17660.0,17760.0,30670.099609375,0.0,0,1253609.2280000001,45299.776315068535,36097.12675666236,9202.649558406172,335.15309589047683,4368960.0,104804823.85910562,104944624.62679055,139800.76768493166,24.02050479445693,23.988506156866993,38,
2021-09-15,17520.0,17570.0,30511.7109375,0.0,0,2925254.832,63484.1139452053,50587.31619723685,12896.797747968456,106.47901369869942,1388030.0,104855411.17530286,104875946.18202889,20535.00672602748,75.55740595090084,75.5426115972298,38,
2021-09-16,17710.0,17360.0,30323.33984375,0.0,0,0.0,0.0,0.0,0.0,105.20635616447544,1371440.0,104855411.17530286,104859250.97567272,3839.800369863098,76.45923334281683,76.4564335117124,38,
2021-09-17,17450.0,17570.0,30500.05078125,0.0,0,0.0,0.0,0.0,0.0,106.47901369869942,1388030.0,104855411.17530286,104875734.49665903,20323.321356164466,75.55725344312373,75.5426115972298,38,
2021-09-21,16840.0,16840.0,29839.7109375,0.0,0,0.0,0.0,0.0,0.0,102.05501369870035,1330360.0,104855411.17530286,104817962.44164532,-37448.73365753416,78.78917168408951,78.78917168408951,38,
2021-09-22,16760.0,16600.0,29639.400390625,33526.704,2,0.0,0.0,0.0,0.0,103.14739726023981,1344600.0,104855411.17530286,104798572.59024806,-56838.585054794436,77.9403336235669,77.9403336235669,38,
2021-09-24,17270.0,17280.0,30248.810546875,414562.89599999995,24,0.0,0.0,0.0,0.0,139.1868493151269,1814400.0,104855411.17530286,104853670.50739875,-1740.6679041094526,57.78972139958044,57.78972139958044,38,
2021-09-27,17300.0,17270.0,30240.060546875,0.0,0,0.0,0.0,0.0,0.0,139.106301369844,1813350.0,104855411.17530286,104852481.40109739,-2929.7742054793152,57.82252813913331,57.82252813913331,38,
2021-09-28,17180.0,17180.0,30183.9609375,0.0,0,0.0,0.0,0.0,0.0,138.3813698628801,1803900.0,104855411.17530286,104842893.01972753,-12518.15557534233,58.12012474068825,58.12012474068825,38,
2021-09-29,16750.0,16660.0,29544.2890625,0.0,0,0.0,0.0,0.0,0.0,134.19287671212805,1749300.0,104855411.17530286,104788158.8268508,-67252.34845205466,59.90290906468348,59.90290906468348,38,
2021-09-30,16710.0,16610.0,29452.66015625,16713.342,1,0.0,0.0,0.0,0.0,135.06432876718463,1760660.0,104855411.17530286,104782670.42052203,-72740.75478082178,59.51329070946238,59.51329070946238,38,
2021-10-01,16340.0,15800.0,28771.0703125,16343.268,1,0.0,0.0,0.0,0.0,129.6898630137439,1690600.0,104855411.17530286,104696137.46265903,-159273.7126438355,61.928390785909755,61.928390785909755,38,
2021-10-04,16120.0,15430.0,28444.890625,854530.872,53,0.0,0.0,0.0,0.0,189.3873972602305,2468800.0,104855411.17530286,104619617.20326176,-235793.97204109572,42.37670819963616,42.37670819963616,38,
2021-10-05,14860.0,14760.0,27822.119140625,520204.02,35,0.0,0.0,0.0,0.0,220.7934246576042,2878200.0,104855411.17530286,104508592.38983712,-346818.7854657533,36.31039969072237,36.31039969072237,39,
2021-10-06,14970.0,14440.0,27528.869140625,524054.79,35,0.0,0.0,0.0,0.0,254.77698630129453,3321200.0,104855411.17530286,104427282.82285081,-428128.3524520546,31.4426360420483,31.4426360420483,39,
2021-10-07,14590.0,14590.0,27678.2109375,773424.654,53,0.0,0.0,0.0,0.0,316.7429041095311,4128970.0,104855411.17530286,104461311.4259467,-394099.74935616425,25.299605331583106,25.299605331583106,29,
2021-10-08,15070.0,15010.0,28048.939453125,783796.728,52,0.0,0.0,0.0,0.0,385.7364383561071,5028350.0,104855411.17530286,104576508.96150835,-278902.2137945203,20.797380644049905,20.797380644049905,29,
2021-10-11,14910.0,15480.0,28498.19921875,775475.064,52,0.0,0.0,0.0,0.0,459.5651506849681,5990760.0,104855411.17530286,104762984.33235766,-92426.84294520534,17.487428027889226,17.487428027889226,29,
2021-10-12,15400.0,15170.0,28230.609375,0.0,0,816036.76,42428.821835616465,33809.406679710984,8619.415155905484,388.68449315073667,5066780.0,104889220.58198257,104646032.9927086,-243187.58927397244,20.653360318132737,20.653360318132737,29,
2021-10-13,14980.0,15080.0,28140.279296875,0.0,0,0.0,0.0,0.0,0.0,386.3785205479362,5036720.0,104889220.58198257,104615586.61418805,-273633.96779452043,20.770578196562056,20.770578196562056,29,
2021-10-14,15220.0,15530.0,28550.9296875,0.0,0,0.0,0.0,0.0,0.0,397.9083835617057,5187020.0,104889220.58198257,104765488.70580448,-123731.87617808205,20.197625747694143,20.197625747694143,29,
2021-10-15,15860.0,16090.0,29068.630859375,0.0,0,0.0,0.0,0.0,0.0,412.25665753439534,5374060.0,104889220.58198257,104952116.44914696,62895.867164383715,19.52939052581232,19.517686922360852,29,
2021-10-18,16110.0,16030.0,29025.4609375,0.0,0,2802579.372,197680.31257534242,157521.5570756616,40158.75549968082,196.75178082165075,2564800.0,105046742.13905823,104905080.31386645,-141661.8251917807,40.901856017571134,40.901856017571134,29,
2021-10-19,16110.0,16230.0,29215.51953125,0.0,0,0.0,0.0,0.0,0.0,199.2065753423958,2596800.0,105046742.13905823,104936881.1072911,-109861.0317671231,40.41007436355942,40.41007436355942,29,
2021-10-20,16440.0,16300.0,29255.55078125,0.0,0,0.0,0.0,0.0,0.0,200.06575342465658,2608000.0,105046742.13905823,104947881.04153769,-98861.09752054777,40.24075193310494,40.24075193310494,29,
2021-10-21,16130.0,15660.0,28708.580078125,0.0,0,0.0,0.0,0.0,0.0,192.21041095873807,2505600.0,105046742.13905823,104845288.83112672,-201453.30793150666,41.84438411203972,41.84438411203972,29,
2021-10-22,15570.0,15750.0,28804.849609375,0.0,0,0.0,0.0,0.0,0.0,193.31506849307334,2520000.0,105046742.13905823,104859495.51605824,-187246.62299999985,41.610910919070726,41.610910919070726,29,
2021-10-25,15420.0,15550.0,28600.41015625,0.0,0,0.0,0.0,0.0,0.0,190.86027397256112,2488000.0,105046742.13905823,104827304.65578426,-219437.4832739724,42.13316103528307,42.13316103528307,29,
2021-10-26,15930.0,16100.0,29106.009765625,0.0,0,0.0,0.0,0.0,0.0,197.61095890420256,2576000.0,105046742.13905823,104915107.04482536,-131635.09423287655,40.727914225475686,40.727914225475686,29,
2021-10-27,16030.0,16070.0,29098.240234375,0.0,0,0.0,0.0,0.0,0.0,197.24273972591618,2571200.0,105046742.13905823,104910109.80208562,-136632.33697260258,40.80200287884475,40.80200287884475,29,
2021-10-28,15770.0,15780.0,28820.08984375,0.0,0,0.0,0.0,0.0,0.0,193.6832876711269,2524800.0,105046742.13905823,104863516.11879796,-183226.02026027383,41.533395167457996,41.533395167457996,29,
2021-10-29,15810.0,15880.0,28892.689453125,0.0,0,0.0,0.0,0.0,0.0,194.91068493161583,2540800.0,105046742.13905823,104879321.20811303,-167420.9309452053,41.27807037472962,41.27807037472962,29,
2021-11-01,16470.0,16670.0,29647.080078125,0.0,0,0.0,0.0,0.0,0.0,204.60712328762747,2667200.0,105046742.13905823,105005516.60098974,-41225.53806849298,39.36919488639388,39.36919488639388,29,
2021-11-02,16530.0,16530.0,29520.900390625,0.0,0,0.0,0.0,0.0,0.0,202.88876712322235,2644800.0,105046742.13905823,104982913.71222262,-63828.42683561628,39.6940841319656,39.6940841319656,29,
2021-11-04,16930.0,16830.0,29794.369140625,0.0,0,0.0,0.0,0.0,0.0,206.5709589041071,2692800.0,105046742.13905823,105030707.14126371,-16034.99779452038,39.00427329963745,39.00427329963745,29,
2021-11-05,16840.0,16630.0,29611.5703125,0.0,0,892341.496,36343.049643835686,28959.959108690466,7383.090535145219,136.5026849314454,1779410.0,105075702.09816691,105002139.04404363,-73563.05412328753,59.0095250920494,59.0095250920494,29,
2021-11-08,16800.0,16520.0,29507.05078125,0.0,0,0.0,0.0,0.0,0.0,135.59978082193993,1767640.0,105075702.09816691,104990233.4442628,-85468.65390410944,59.39571035067254,59.39571035067254,29,
2021-11-09,16680.0,16250.0,29285.4609375,0.0,0,0.0,0.0,0.0,0.0,133.38356164388824,1738750.0,105075702.09816691,104961210.06070116,-114492.03746575332,60.36590082570879,60.36590082570879,29,
2021-11-10,16200.0,16060.0,29106.779296875,0.0,0,0.0,0.0,0.0,0.0,131.82400000008056,1718420.0,105075702.09816691,104940748.23670116,-134953.8614657533,61.068160424518545,61.068160424518545,29,
2021-11-11,15990.0,16240.0,29277.859375,0.0,0,0.0,0.0,0.0,0.0,133.3014794520568,1737680.0,105075702.09816691,104959874.9352217,-115827.16294520535,60.402303608962356,60.402303608962356,29,
2021-11-12,16420.0,16650.0,29609.970703125,0.0,0,0.0,0.0,0.0,0.0,136.66684931510827,1781550.0,105075702.09816691,105003608.26837239,-72093.82979452041,58.9394674684249,58.9394674684249,29,
2021-11-15,16830.0,16800.0,29776.80078125,0.0,0,0.0,0.0,0.0,0.0,137.89808219170664,1797600.0,105075702.09816691,105019520.3702902,-56181.72787671219,58.42207408227092,58.42207408227092,29,
2021-11-16,16770.0,16830.0,29808.119140625,0.0,0,0.0,0.0,0.0,0.0,138.14432876714272,1800810.0,105075702.09816691,105022592.22596143,-53109.87220547931,58.31964073164933,58.31964073164933,29,
2021-11-17,16940.0,16710.0,29688.330078125,0.0,0,0.0,0.0,0.0,0.0,137.1593424656894,1787970.0,105075702.09816691,105009615.06661896,-66087.03154794508,58.731195191540664,58.731195191540664,29,
2021-11-18,16600.0,16600.0,29598.66015625,0.0,0,0.0,0.0,0.0,0.0,136.25643835612573,1776200.0,105075702.09816691,104997708.8101806,-77993.28798630122,59.11367459192692,59.11367459192692,29,
2021-11-19,16620.0,16800.0,29745.869140625,0.0,0,0.0,0.0,0.0,0.0,137.89808219170664,1797600.0,105075702.09816691,105018970.91209842,-56731.18606849301,58.42176842017046,58.42176842017046,29,
2021-11-22,16620.0,16840.0,29774.109375,0.0,0,0.0,0.0,0.0,0.0,138.22641095897416,1801880.0,105075702.09816691,105023112.68568747,-52589.41247945193,58.285297958625144,58.285297958625144,29,
2021-11-24,16680.0,16270.0,29302.66015625,0.0,0,0.0,0.0,0.0,0.0,133.54772602731828,1740890.0,105075702.09816691,104961989.13796143,-113712.9602054793,60.29214317846701,60.29214317846701,29,
2021-11-25,16430.0,16500.0,29499.279296875,0.0,0,0.0,0.0,0.0,0.0,135.4356164384517,1765500.0,105075702.09816691,104986463.702345,-89238.39582191766,59.46556992486264,59.46556992486264,29,
2021-11-26,16310.0,15680.0,28751.619140625,0.0,0,0.0,0.0,0.0,0.0,128.70487671240699,1677760.0,105075702.09816691,104898594.99746828,-177107.10069863,62.523003884624906,62.523003884624906,29,
2021-11-29,15280.0,15150.0,28283.919921875,779435.856,51,0.0,0.0,0.0,0.0,183.62630136974622,2393700.0,105075702.09816691,104834915.51516691,-240786.5829999999,43.79617976988215,43.79617976988215,29,
2021-11-30,15550.0,14655.0,27821.759765625,777655.4999999999,50,0.0,0.0,0.0,0.0,233.8375890412135,3048240.0,105075702.09816691,104711566.17757787,-364135.9205890409,34.35148353724703,34.35148353724703,29,
2021-12-01,14695.0,14765.0,27935.619140625,734896.9500000001,50,0.0,0.0,0.0,0.0,292.2256438356708,3809370.0,105075702.09816691,104737507.00193404,-338195.09623287653,27.494705686749786,27.494705686749786,21,
2021-12-02,14465.0,14565.0,27753.369140625,737862.543,51,0.0,0.0,0.0,0.0,345.250356164237,4500585.0,105075702.09816691,104690514.20857787,-385187.88958904083,23.26153471350455,23.26153471350455,21,
2021-12-03,14650.0,14850.0,28029.5703125,732646.5,50,0.0,0.0,0.0,0.0,408.9649315068382,5331150.0,105075702.09816691,104788023.74364637,-287678.3545205477,19.65580104548669,19.65580104548669,21,
2021-12-06,14805.0,14740.0,27927.369140625,784821.933,53,0.0,0.0,0.0,0.0,465.86476712313015,6072880.0,105075702.09816691,104744465.94587924,-331236.15228767094,17.247906420986293,17.247906420986293,29,
2021-12-07,15000.0,15440.0,28455.599609375,735147.0,49,764847.0,26811.708123287724,21364.909618041824,5446.798505245901,485.6197260271874,6330400.0,105097067.00778496,105025753.52764797,-71313.48013698607,16.590697827569816,16.590697827569816,21,
2021-12-08,15705.0,15730.0,28860.619140625,0.0,0,2402384.427,149438.4053150686,119079.99327531242,30358.412039756186,310.11802739743143,4042610.0,105216147.00106028,105109679.42458083,-106467.57647945185,26.00045006186123,26.00045006186123,29,
2021-12-09,15690.0,15580.0,28725.470703125,0.0,0,768656.238,33392.07295890412,26608.47333730275,6783.599621601373,248.59704109595623,3240640.0,105242755.47439757,105069333.46591812,-173422.00847945185,32.422402200157414,32.422402200157414,29,
2021-12-10,15375.0,15255.0,28437.76953125,0.0,0,0.0,0.0,0.0,0.0,243.41128767107148,3173040.0,105242755.47439757,105001490.05463044,-241265.419767123,33.09176375167992,33.09176375167992,29,
2021-12-13,15535.0,15480.0,28640.490234375,0.0,0,0.0,0.0,0.0,0.0,247.00142465747194,3219840.0,105242755.47439757,105048043.05320579,-194712.42119178062,32.625236984820916,32.625236984820916,29,
2021-12-14,15375.0,15265.0,28432.640625,0.0,0,0.0,0.0,0.0,0.0,243.57084931491408,3175120.0,105242755.47439757,105003079.48235647,-239675.99204109563,33.0705861455178,33.0705861455178,29,
2021-12-15,15150.0,15310.0,28459.720703125,0.0,0,0.0,0.0,0.0,0.0,244.28887671238044,3184480.0,105242755.47439757,105012195.19347976,-230560.28091780798,32.97624579004414,32.97624579004414,29,
2021-12-16,15865.0,15950.0,29066.3203125,0.0,0,0.0,0.0,0.0,0.0,254.50082191789988,3317600.0,105242755.47439757,105145060.69265784,-97694.78173972577,31.693109685512976,31.693109685512976,29,
2021-12-17,15660.0,15365.0,28545.6796875,0.0,0,0.0,0.0,0.0,0.0,245.16646575334016,3195920.0,105242755.47439757,105023135.52619208,-219619.94820547922,32.86162842818096,32.86162842818096,29,
2021-12-20,15090.0,14710.0,27937.810546875,0.0,0,0.0,0.0,0.0,0.0,234.71517808217322,3059680.0,105242755.47439757,104886660.81101401,-356094.6633835614,34.280271404530545,34.280271404530545,29,
2021-12-21,15140.0,15325.0,28517.58984375,742008.372,49,0.0,0.0,0.0,0.0,302.1334246576298,3938525.0,105242755.47439757,105023195.30558935,-219560.16880821894,26.66561601248928,26.66561601248928,21,
2021-12-22,15430.0,15360.0,28562.2109375,0.0,0,0.0,0.0,0.0,0.0,302.8234520548722,3947520.0,105242755.47439757,105031887.4821373,-210867.99226027372,26.607056451173722,26.607056451173722,29,
2021-12-23,15525.0,15595.0,28798.369140625,0.0,0,0.0,0.0,0.0,0.0,307.45649315061746,4007915.0,105242755.47439757,105091975.02564414,-150780.4487534244,26.221108737496714,26.221108737496714,29,
2021-12-24,15660.0,15625.0,28782.58984375,0.0,0,0.0,0.0,0.0,0.0,308.04794520541327,4015625.0,105242755.47439757,105099376.97769894,-143378.4966986299,26.172607496391954,26.172607496391954,29,
2021-12-27,15605.0,15490.0,28676.4609375,0.0,0,0.0,0.0,0.0,0.0,305.38641095883213,3980930.0,105242755.47439757,105064376.59128799,-178378.88310958882,26.391917615051756,26.391917615051756,29,
2021-12-28,15790.0,15890.0,29069.16015625,0.0,0,0.0,0.0,0.0,0.0,313.2724383561872,4083730.0,105242755.47439757,105166863.31884962,-75892.15554794497,25.75264851467889,25.75264851467889,29,
2021-12-29,15875.0,15745.0,28906.880859375,0.0,0,777719.425,35360.40363013706,28176.937632674715,7183.465997462343,251.22980821906822,3274960.0,105270932.41203025,105128378.04804395,-142554.36398630115,32.100660175404876,32.100660175404876,29,
2021-12-30,15645.0,15655.0,28791.7109375,0.0,0,0.0,0.0,0.0,0.0,249.7937534247758,3256240.0,105270932.41203025,105109408.25429052,-161524.15773972578,32.279379976380895,32.279379976380895,29,
2022-01-04,15950.0,16190.0,29301.7890625,0.0,0,0.0,0.0,0.0,0.0,258.3303013697732,3367520.0,105270932.41203025,105220429.92398915,-50502.48804109565,31.24567335130575,31.24567335130575,29,
2022-01-05,16170.0,16240.0,29332.16015625,0.0,0,824505.066,43568.108136986266,34717.24696895751,8850.86116802876,195.5918904109858,2549680.0,105305649.6589992,105218048.53693071,-87601.12206849291,41.26715844220871,41.26715844220871,29,
2022-01-06,15915.0,15335.0,28487.869140625,0.0,0,0.0,0.0,0.0,0.0,184.69221917790128,2407595.0,105305649.6589992,105075778.84471153,-229870.814287671,43.64346114886911,43.64346114886911,29,
2022-01-07,15530.0,15315.0,28478.560546875,0.0,0,0.0,0.0,0.0,0.0,184.45134246570524,2404455.0,105305649.6589992,105072454.39336906,-233195.2656301367,43.69907292645072,43.69907292645072,29,
2022-01-11,15180.0,15025.0,28222.48046875,0.0,0,0.0,0.0,0.0,0.0,180.95863013714552,2358925.0,105305649.6589992,105026743.43473893,-278906.22426027374,44.52313805429971,44.52313805429971,29,
2022-01-12,15285.0,15600.0,28765.66015625,229320.85499999998,15,0.0,0.0,0.0,0.0,205.83452054788359,2683200.0,105305649.6589992,105121491.74521838,-184157.91378082166,39.17765792531991,39.17765792531991,29,
2022-01-13,15460.0,15275.0,28489.130859375,0.0,0,0.0,0.0,0.0,0.0,201.54630136996275,2627300.0,105305649.6589992,105065390.19891702,-240259.4600821915,39.98987180714689,39.98987180714689,29,
2022-01-14,15050.0,14895.0,28124.279296875,30106.02,2,0.0,0.0,0.0,0.0,198.81764383555856,2591730.0,105305649.6589992,104999515.36127318,-306134.2977260271,40.513292419068804,40.513292419068804,29,
2022-01-17,15110.0,15105.0,28333.51953125,740538.078,49,0.0,0.0,0.0,0.0,258.3989589040284,3368415.0,105305649.6589992,105035403.88431427,-270245.7746849312,31.182441559105474,31.182441559105474,21,
2022-01-18,15255.0,15020.0,28257.25,442483.479,29,0.0,0.0,0.0,0.0,290.35923287668265,3785040.0,105305649.6589992,105009255.0460814,-296394.6129178079,27.74323522237054,27.74323522237054,21,
2022-01-19,14620.0,14185.0,27467.23046875,0.0,0,0.0,0.0,0.0,0.0,274.21742465760326,3574620.0,105305649.6589992,104798560.82865673,-507088.8303424655,29.317399004273668,29.317399004273668,29,
2022-01-20,14100.0,14510.0,27772.9296875,705141.0,50,0.0,0.0,0.0,0.0,336.1549589043134,4382020.0,105305649.6589992,104900483.67369783,-405165.98530136945,23.93884182949823,23.93884182949823,40,
2022-01-21,13950.0,14255.0,27522.259765625,0.0,0,0.0,0.0,0.0,0.0,330.2473424655618,4305010.0,105305649.6589992,104823143.42635536,-482506.23264383536,24.34910567602755,24.34910567602755,40,
2022-01-24,13960.0,14310.0,27588.369140625,27925.584,2,0.0,0.0,0.0,0.0,333.71704109589336,4350240.0,105305649.6589992,104840114.12531428,-465535.53368493123,24.099846014315137,24.099846014315137,40,
2022-01-25,14160.0,13825.0,27131.33984375,14162.832,1,0.0,0.0,0.0,0.0,323.46712328784633,4216625.0,105305649.6589992,104692012.82619098,-613636.832808219,24.828390674103336,24.828390674103336,40,
2022-01-26,13840.0,13735.0,27011.330078125,705981.168,51,0.0,0.0,0.0,0.0,375.0972054793383,4889660.0,105305649.6589992,104658691.5609855,-646958.0980136984,21.404083629738164,21.404083629738164,40,
2022-01-27,13875.0,12850.0,26170.30078125,138777.75,10,0.0,0.0,0.0,0.0,360.78575342468685,4703100.0,105305649.6589992,104332993.02523208,-972656.6337671229,22.183877235277173,22.183877235277173,40,
2022-01-28,13215.0,13415.0,26717.33984375,806276.223,61,0.0,0.0,0.0,0.0,439.423945205519,5728205.0,105305649.6589992,104551382.37828688,-754267.2807123284,18.25203224715018,18.25203224715018,40,
2022-01-31,13360.0,13695.0,27001.98046875,133626.72,10,0.0,0.0,0.0,0.0,459.1014246571576,5984715.0,105305649.6589992,104673806.55686222,-631843.1021369861,17.490190686918627,17.490190686918627,40,
2022-02-01,13985.0,13765.0,27078.48046875,0.0,0,852914.3829999999,46511.30005479444,37062.52944866295,9448.77060613149,397.0353972603334,5175640.0,105342712.18844788,104707800.13385883,-634912.0545890407,20.2308893458314,20.2308893458314,40,
2022-02-02,14000.0,14220.0,27533.599609375,0.0,0,0.0,0.0,0.0,0.0,410.1593424657476,5346720.0,105342712.18844788,104878469.97451638,-464242.21393150644,19.61547826976471,19.61547826976471,40,
2022-02-03,13920.0,13915.0,27241.310546875,0.0,0,139172.16,5513.4663013698655,4393.405622246577,1120.060679123288,390.6874520548736,5092890.0,105347105.59407012,104762301.38638519,-584804.2076849309,20.57030514823316,20.57030514823316,40,
2022-02-04,13810.0,14095.0,27439.990234375,0.0,0,0.0,0.0,0.0,0.0,395.74126027396414,5158770.0,105347105.59407012,104827785.64512491,-519319.94894520525,20.32030612822919,20.32030612822919,40,
2022-02-07,13970.0,13910.0,27248.869140625,0.0,0,0.0,0.0,0.0,0.0,390.5470684932079,5091060.0,105347105.59407012,104759685.09805642,-587420.4960136984,20.577185320553365,20.577185320553365,40,
2022-02-08,13980.0,13965.0,27284.51953125,0.0,0,0.0,0.0,0.0,0.0,392.0912876711809,5111190.0,105347105.59407012,104779423.00676875,-567682.5873013695,20.500005479500615,20.500005479500615,40,
2022-02-09,14190.0,14265.0,27579.869140625,0.0,0,0.0,0.0,0.0,0.0,400.5143013697816,5220990.0,105347105.59407012,104888822.49246739,-458283.1016027394,20.08983401471127,20.08983401471127,40,
2022-02-10,14530.0,14400.0,27696.080078125,0.0,0,0.0,0.0,0.0,0.0,404.3046575340559,5270400.0,105347105.59407012,104937828.18780985,-409277.40626027354,19.910790108494584,19.910790108494584,40,
2022-02-14,13800.0,13740.0,27079.58984375,0.0,0,0.0,0.0,0.0,0.0,385.77402739727404,5028840.0,105347105.59407012,104695882.41378245,-651223.1802876709,20.81909196032931,20.81909196032931,40,
2022-02-15,13800.0,13500.0,26865.189453125,0.0,0,0.0,0.0,0.0,0.0,379.0356164385448,4941000.0,105347105.59407012,104607663.378166,-739442.2159041093,21.17135466062862,21.17135466062862,40,
2022-02-16,14090.0,14135.0,27460.400390625,0.0,0,0.0,0.0,0.0,0.0,396.864328767173,5173410.0,105347105.59407012,104839676.51383725,-507429.08023287635,20.265101067542926,20.265101067542926,40,
2022-02-17,14070.0,13900.0,27232.869140625,0.0,0,0.0,0.0,0.0,0.0,390.2663013698184,5087400.0,105347105.59407012,104753276.24753587,-593829.3465342463,20.5907293013201,20.5907293013201,40,
2022-02-18,13565.0,13795.0,27122.0703125,0.0,0,0.0,0.0,0.0,0.0,387.31824657536345,5048970.0,105347105.59407012,104714458.9292893,-632646.6647808215,20.739766512633132,20.739766512633132,40,
2022-02-21,13240.0,13570.0,26910.869140625,0.0,0,0.0,0.0,0.0,0.0,381.000986301573,4966620.0,105347105.59407012,104631727.928303,-715377.6657671229,21.06698880290882,21.06698880290882,40,
2022-02-22,13040.0,13090.0,26449.609375,0.0,0,0.0,0.0,0.0,0.0,367.5241643836489,4790940.0,105347105.59407012,104455680.40413861,-891425.1899315064,21.802752780067923,21.802752780067923,40,
2022-02-24,12910.0,12645.0,25970.8203125,0.0,0,0.0,0.0,0.0,0.0,355.030027397268,4628070.0,105347105.59407012,104292455.37411122,-1054650.219958904,22.534761871387257,22.534761871387257,40,
2022-02-25,12910.0,13120.0,26476.5,477765.534,37,0.0,0.0,0.0,0.0,405.6056986300973,5287360.0,105347105.59407012,104473574.23441258,-873531.359657534,19.759118772773668,19.759118772773668,40,
2022-02-28,13100.0,13175.0,26526.8203125,0.0,0,0.0,0.0,0.0,0.0,407.306027397397,5309525.0,105347105.59407012,104495331.92838518,-851773.6656849312,19.680730748680002,19.680730748680002,40,
2022-03-01,13500.0,13470.0,26844.720703125,0.0,0,0.0,0.0,0.0,0.0,416.425972602854,5428410.0,105347105.59407012,104613800.50241259,-733305.091657534,19.27153632507725,19.27153632507725,40,
2022-03-02,13090.0,13055.0,26393.029296875,0.0,0,484233.13399999996,6354.732767123264,5063.768805482173,1290.9639616410911,366.5414794521639,4778130.0,105352169.3628756,104446096.13097149,-906073.2319041092,21.859199337601005,21.859199337601005,40,
2022-03-03,13300.0,13225.0,26577.26953125,0.0,0,0.0,0.0,0.0,0.0,371.31452054786496,4840350.0,105352169.3628756,104507944.81645094,-844224.5464246571,21.590989250044096,21.590989250044096,40,
2022-03-04,13075.0,12640.0,25985.470703125,0.0,0,0.0,0.0,0.0,0.0,354.88964383566054,4626240.0,105352169.3628756,104293479.9268071,-1058689.436068493,22.543897404113732,22.543897404113732,40,
2022-03-07,12060.0,11905.0,25221.41015625,0.0,0,0.0,0.0,0.0,0.0,334.25326027401024,4357230.0,105352169.3628756,104024135.67354684,-1328033.689328767,23.87391431564247,23.87391431564247,40,
2022-03-08,11605.0,11455.0,24790.94921875,23214.642,2,0.0,0.0,0.0,0.0,323.3762191781425,4215440.0,105352169.3628756,103858807.65532765,-1493361.707547945,24.637714605196052,24.637714605196052,25,
2022-03-09,11565.0,11390.0,24717.529296875,57836.565,5,0.0,0.0,0.0,0.0,325.91002739721444,4248470.0,105352169.3628756,103833675.18030025,-1518494.1825753422,24.440251474130747,24.440251474130747,7,
2022-03-10,12025.0,12315.0,25690.400390625,60137.024999999994,5,0.0,0.0,0.0,0.0,357.1012602740084,4655070.0,105352169.3628756,104179781.05403998,-1172388.3088356163,22.379852731331642,22.379852731331642,7,
2022-03-11,12045.0,11805.0,25162.779296875,0.0,0,144511.092,3303.6496986301445,2632.5132623534305,671.1364362767139,331.4455890407553,4320630.0,105354801.87613796,103988849.56401467,-1365952.3121232875,24.06798304043963,24.06798304043963,25,
2022-03-14,12010.0,11950.0,25307.849609375,0.0,0,0.0,0.0,0.0,0.0,335.51671232876834,4373700.0,105354801.87613796,104041584.04730234,-1313217.8288356161,23.78800193138586,23.78800193138586,41,
2022-03-15,11850.0,11970.0,25346.48046875,0.0,0,0.0,0.0,0.0,0.0,336.0782465756638,4381020.0,105354801.87613796,104048567.96905577,-1306233.9070821912,23.749850027860127,23.749850027860127,41,
2022-03-16,12185.0,12370.0,25762.009765625,0.0,0,0.0,0.0,0.0,0.0,347.3089315065881,4527420.0,105354801.87613796,104194620.66012426,-1160181.2160136981,23.01412739708802,23.01412739708802,41,
2022-03-17,13080.0,13240.0,26652.890625,0.0,0,0.0,0.0,0.0,0.0,371.7356712325709,4845840.0,105354801.87613796,104512668.92445302,-842132.9516849311,21.56750303857598,21.56750303857598,25,
2022-03-18,13200.0,13430.0,26827.4296875,0.0,0,0.0,0.0,0.0,0.0,377.07024657540023,4915380.0,105354801.87613796,104581831.85420646,-772970.0219315066,21.276448993609133,21.276448993609133,25,
2022-03-22,13730.0,13815.0,27224.109375,0.0,0,0.0,0.0,0.0,0.0,387.8797808215022,5056290.0,105354801.87613796,104722353.97442563,-632447.9017123284,20.711302946315506,20.711302946315506,25,
2022-03-23,14320.0,14650.0,28040.16015625,0.0,0,0.0,0.0,0.0,0.0,411.32383561634924,5361900.0,105354801.87613796,105027552.65059002,-327249.2255479449,19.587749240118246,19.587749240118246,25,
2022-03-24,14280.0,14720.0,28110.390625,0.0,0,870905.784,23800.900575342563,18965.74762346172,4835.152951880842,344.4076712325914,4489600.0,105373767.62376142,105020978.8739669,-352788.74979452026,23.39205694805036,23.39205694805036,40,
2022-03-25,14955.0,14750.0,28149.83984375,0.0,0,777504.468,42147.780876712284,33585.459191608184,8562.321685104102,286.271232876461,3731750.0,105407353.08295302,105031784.74904892,-375568.33390410925,28.14545045864512,28.14545045864512,40,
2022-03-28,14670.0,14550.0,27943.890625,0.0,0,0.0,0.0,0.0,0.0,282.38958904112224,3681150.0,105407353.08295302,104980902.35945988,-426450.7234931504,28.518507085954084,28.518507085954084,40,
2022-03-29,14760.0,14830.0,28252.419921875,0.0,0,0.0,0.0,0.0,0.0,287.82389041094575,3751990.0,105407353.08295302,105051454.53556946,-355898.5473835614,27.998863146108988,27.998863146108988,40,
2022-03-30,15125.0,14850.0,28027.25,0.0,0,0.0,0.0,0.0,0.0,288.21205479453783,3757050.0,105407353.08295302,105056226.32351467,-351126.75943835586,27.962424328532936,27.962424328532936,40,
2022-03-31,14590.0,14660.0,27821.4296875,0.0,0,0.0,0.0,0.0,0.0,284.52449315052945,3708980.0,105407353.08295302,105007871.79902151,-399481.28393150656,28.31179240627383,28.31179240627383,40,
2022-04-01,14430.0,14520.0,27665.98046875,0.0,0,0.0,0.0,0.0,0.0,281.8073424656177,3673560.0,105407353.08295302,104972169.99167904,-435183.0912739724,28.575052535327867,28.575052535327867,40,
2022-04-04,14495.0,14565.0,27736.470703125,0.0,0,0.0,0.0,0.0,0.0,282.6807123286417,3684945.0,105407353.08295302,104983272.31096672,-424080.7719863011,28.489779986123732,28.489779986123732,40,
2022-04-05,14800.0,14620.0,27787.98046875,0.0,0,0.0,0.0,0.0,0.0,283.74816438381094,3698860.0,105407353.08295302,104996903.56280233,-410449.52015068464,28.386287548812966,28.386287548812966,40,
2022-04-06,14325.0,14175.0,27350.30078125,0.0,0,0.0,0.0,0.0,0.0,275.11150684941094,3586275.0,105407353.08295302,104884043.45129548,-523309.63165753393,29.245956724259987,29.245956724259987,40,
2022-04-07,13775.0,13690.0,26888.5703125,0.0,0,0.0,0.0,0.0,0.0,265.6985205479432,3463570.0,105407353.08295302,104761072.75277494,-646280.3301780819,30.24655853722458,30.24655853722458,40,
2022-04-08,13935.0,13780.0,26985.80078125,0.0,0,0.0,0.0,0.0,0.0,267.44526027387474,3486340.0,105407353.08295302,104783575.30751467,-623777.7754383559,30.05546656594442,30.05546656594442,25,
2022-04-11,13670.0,13615.0,26821.51953125,0.0,0,0.0,0.0,0.0,0.0,264.2429041096475,3444595.0,105407353.08295302,104741566.06461056,-665787.0183424655,30.407512658123977,30.407512658123977,25,
2022-04-12,13370.0,13120.0,26334.98046875,0.0,0,0.0,0.0,0.0,0.0,254.6358356162673,3319360.0,105407353.08295302,104616076.42877494,-791276.6541780819,31.51694194928388,31.51694194928388,25,
2022-04-13,13200.0,13640.0,26843.490234375,52810.56,4,0.0,0.0,0.0,0.0,268.91353424685076,3505480.0,105407353.08295302,104749116.9552407,-658236.1277123285,29.88153318667934,29.88153318667934,25,
2022-04-14,13705.0,13965.0,27172.0,0.0,0,54809.036,1994.2905753424682,1589.1504449616457,405.1401303808224,271.0357808218105,3533145.0,105408942.23339799,104830914.81532949,-578027.4180684929,29.670708339264166,29.670708339264166,25,
2022-04-15,13615.0,13895.0,27093.189453125,0.0,0,0.0,0.0,0.0,0.0,269.6772054792382,3515435.0,105408942.23339799,104812935.13812402,-596007.0952739721,29.815068444765448,29.815068444765448,25,
2022-04-18,13595.0,13570.0,26799.7109375,0.0,0,0.0,0.0,0.0,0.0,263.3695342466235,3433210.0,105408942.23339799,104730446.76858976,-678495.4648082189,30.505109436530176,30.505109436530176,25,
2022-04-19,13870.0,13760.0,26985.08984375,0.0,0,0.0,0.0,0.0,0.0,267.05709589028265,3481280.0,105408942.23339799,104778249.71149388,-630692.5219041092,30.09762205610979,30.09762205610979,25,
2022-04-20,14000.0,13995.0,27217.849609375,0.0,0,0.0,0.0,0.0,0.0,271.618027397315,3540735.0,105408942.23339799,104837433.09346649,-571509.1399315065,29.6089464739571,29.6089464739571,25,
2022-04-21,14040.0,14330.0,27553.060546875,0.0,0,0.0,0.0,0.0,0.0,278.11978082184214,3625490.0,105408942.23339799,104921909.97368567,-487032.25971232844,28.940063266947547,28.940063266947547,25,
2022-04-22,13850.0,13880.0,27105.259765625,0.0,0,0.0,0.0,0.0,0.0,269.3860821921844,3511640.0,105408942.23339799,104807790.58760346,-601151.6457945202,29.84582434065094,29.84582434065094,25,
2022-04-25,13335.0,13345.0,26590.779296875,0.0,0,0.0,0.0,0.0,0.0,259.00268493115436,3376285.0,105408942.23339799,104672176.58491854,-736765.6484794518,31.002174456516126,31.002174456516126,25,
2022-04-26,13555.0,13435.0,26700.109375,0.0,0,0.0,0.0,0.0,0.0,260.7494246575516,3399055.0,105408942.23339799,104694685.83549388,-714256.3979041093,30.801115555792382,30.801115555792382,25,
2022-04-27,12930.0,13135.0,26386.630859375,0.0,0,0.0,0.0,0.0,0.0,254.92695890401956,3323155.0,105408942.23339799,104618530.90853497,-790411.3248630135,31.48168860872724,31.48168860872724,25,
2022-04-28,13160.0,13600.0,26847.900390625,0.0,0,0.0,0.0,0.0,0.0,263.9517808223609,3440800.0,105408942.23339799,104735911.95675415,-673030.2766438354,30.43940710205596,30.43940710205596,25,
2022-05-02,13475.0,13545.0,26818.529296875,0.0,0,0.0,0.0,0.0,0.0,262.88432876742445,3426885.0,105408942.23339799,104721734.0724254,-687208.1609726024,30.558870248761018,30.558870248761018,25,
2022-05-06,13500.0,13750.0,27003.560546875,0.0,0,0.0,0.0,0.0,0.0,266.8630136991851,3478750.0,105408942.23339799,104773332.2094117,-635610.023986301,30.11809765272345,30.11809765272345,25,
2022-05-09,13450.0,13065.0,26319.33984375,0.0,0,0.0,0.0,0.0,0.0,253.56838356121443,3305445.0,105408942.23339799,104599773.64102812,-809168.5923698627,31.644687369182705,31.644687369182705,25,
2022-05-10,12875.0,12925.0,26167.099609375,0.0,0,0.0,0.0,0.0,0.0,250.8512328764191,3270025.0,105408942.23339799,104564102.78979525,-844839.4436027395,31.976545374972744,31.976545374972744,25,
2022-05-11,12790.0,12975.0,26213.640625,0.0,0,0.0,0.0,0.0,0.0,251.82164383528288,3282675.0,105408942.23339799,104576500.96815142,-832441.265246575,31.857098545592063,31.857098545592063,25,
2022-05-12,12575.0,12505.0,25748.720703125,0.0,0,0.0,0.0,0.0,0.0,242.69978082180023,3163765.0,105408942.23339799,104457348.2683706,-951593.9650273969,33.01678483337751,33.01678483337751,25,
2022-05-13,12690.0,13140.0,26427.650390625,38077.614,3,0.0,0.0,0.0,0.0,258.048000000068,3363840.0,105408942.23339799,104619087.6063706,-789854.627027397,31.10108911433677,31.10108911433677,25,
2022-05-16,13480.0,13265.0,26547.05078125,0.0,0,40431.912,2351.2739999999953,1873.6126868999963,477.66131309999906,257.4500273973681,3356045.0,105410815.8460849,104650989.4070301,-759826.4390547941,31.18283259224179,31.18283259224179,25,
2022-05-17,13270.0,13370.0,26659.75,0.0,0,0.0,0.0,0.0,0.0,259.4878904110519,3382610.0,105410815.8460849,104677294.91913968,-733520.9269452052,30.945717927617928,30.945717927617928,40,
2022-05-18,13550.0,13620.0,26911.19921875,0.0,0,0.0,0.0,0.0,0.0,264.3399452054873,3445860.0,105410815.8460849,104740280.57919449,-670535.2668904106,30.39597678930499,30.39597678930499,40,
2022-05-19,12885.0,13115.0,26402.83984375,0.0,0,0.0,0.0,0.0,0.0,254.53879452089313,3318095.0,105410815.8460849,104612261.04039997,-798554.8056849313,31.527807684951746,31.527807684951746,40,
2022-05-20,13175.0,13445.0,26739.029296875,0.0,0,0.0,0.0,0.0,0.0,260.9435068492312,3401585.0,105410815.8460849,104695490.09689312,-715325.7491917806,30.77844301903175,30.77844301903175,25,
2022-05-23,13710.0,13710.0,27001.51953125,0.0,0,0.0,0.0,0.0,0.0,266.08668493130244,3468630.0,105410815.8460849,104762269.01020817,-648546.835876712,30.202780063082017,30.202780063082017,40,
2022-05-24,13710.0,13450.0,26748.140625,0.0,0,0.0,0.0,0.0,0.0,261.04054794530384,3402850.0,105410815.8460849,104696227.96966024,-714587.8764246571,30.767218058292382,30.767218058292382,40,
2022-05-25,13445.0,13395.0,26677.80078125,0.0,0,0.0,0.0,0.0,0.0,259.9730958904838,3388935.0,105410815.8460849,104682052.99656434,-728762.8495205477,30.889365832205204,30.889365832205204,25,
2022-05-26,13390.0,13310.0,26604.83984375,0.0,0,0.0,0.0,0.0,0.0,258.32339726027567,3367430.0,105410815.8460849,104660289.67316708,-750526.172917808,31.080167864860467,31.080167864860467,25,
2022-05-27,13690.0,13475.0,26781.6796875,0.0,0,0.0,0.0,0.0,0.0,261.5257534246193,3409175.0,105410815.8460849,104701773.14741366,-709042.6986712326,30.711762566431368,30.711762566431368,25,
2022-05-30,13835.0,14090.0,27369.4296875,0.0,0,0.0,0.0,0.0,0.0,273.4618082194356,3564770.0,105410815.8460849,104857094.68560544,-553721.1604794518,29.41482751639108,29.41482751639108,25,
2022-05-31,14060.0,13975.0,27279.80078125,0.0,0,0.0,0.0,0.0,0.0,271.22986301395576,3535675.0,105410815.8460849,104827728.45574243,-583087.3903424655,29.648575860547826,29.648575860547826,25,
2022-06-01,14005.0,14165.0,27457.890625,0.0,0,0.0,0.0,0.0,0.0,274.91742465714924,3583745.0,105410815.8460849,104875523.53831777,-535292.3077671231,29.26422598101086,29.26422598101086,25,
2022-06-02,14085.0,14130.0,27413.880859375,0.0,0,0.0,0.0,0.0,0.0,274.2381369860377,3574890.0,105410815.8460849,104866394.30018078,-544421.5459041093,29.334159736434067,29.334159736434067,25,
2022-06-03,14430.0,14480.0,27761.5703125,0.0,0,0.0,0.0,0.0,0.0,281.0310136987828,3663440.0,105410815.8460849,104954663.26916708,-456152.57691780786,28.64921037854232,28.64921037854232,25,
2022-06-06,14270.0,14640.0,27915.890625,0.0,0,14267.146,13.846767123287975,11.033796382192023,2.812970741095952,283.01326027465984,3689280.0,105410826.87988126,104994484.58893606,-416342.29094520514,28.459342904018143,28.459342904018143,25,
2022-06-07,14700.0,14665.0,27943.94921875,0.0,0,0.0,0.0,0.0,0.0,283.496547945193,3695580.0,105410826.87988126,105000501.09238811,-410325.78749315033,28.41245517412371,28.41245517412371,25,
2022-06-08,14860.0,14975.0,28234.2890625,0.0,0,0.0,0.0,0.0,0.0,289.4893150682328,3773700.0,105410826.87988126,105078331.60307305,-332495.2768082189,27.844908605101903,27.844908605101903,25,
2022-06-09,14960.0,14985.0,28246.529296875,0.0,0,0.0,0.0,0.0,0.0,289.6826301368419,3776220.0,105410826.87988126,105080561.92044291,-330264.9594383559,27.826917372516142,27.826917372516142,40,
2022-06-10,14740.0,14530.0,27824.2890625,0.0,0,0.0,0.0,0.0,0.0,280.88679452077486,3661560.0,105410826.87988126,104965621.03364839,-445205.8462328765,28.6669127458374,28.6669127458374,25,
2022-06-13,13855.0,13660.0,26987.439453125,0.0,0,0.0,0.0,0.0,0.0,264.06838356144726,3442320.0,105410826.87988126,104746116.96526483,-664709.9146164381,30.42893076915128,30.42893076915128,25,
2022-06-14,13100.0,13305.0,26629.859375,0.0,0,0.0,0.0,0.0,0.0,257.2056986299576,3352860.0,105410826.87988126,104656399.75956619,-754427.120315068,31.214067918006176,31.214067918006176,25,
2022-06-15,13280.0,13005.0,26326.16015625,0.0,0,0.0,0.0,0.0,0.0,251.40624657529406,3277260.0,105410826.87988126,104580548.35331962,-830278.5265616436,31.91097085776521,31.91097085776521,25,
2022-06-16,13480.0,13105.0,26431.19921875,107861.568,8,0.0,0.0,0.0,0.0,261.3819178083213,3407300.0,105410826.87988126,104602465.4034018,-808361.476479452,30.699517331435977,30.699517331435977,25,
2022-06-17,12420.0,12630.0,25963.0,62112.42,5,0.0,0.0,0.0,0.0,256.7523287673248,3346950.0,105410826.87988126,104479746.23107304,-931080.648808219,31.216404855487244,31.216404855487244,25,
2022-06-20,12840.0,12435.0,25771.220703125,321064.19999999995,25,64187.16,2069.8956164383612,1649.3963219589082,420.49929447945306,271.8665753424866,3543975.0,105412476.27620323,104419201.82520323,-993274.4509999997,29.46386524318124,29.46386524318124,25,
2022-06-21,12735.0,12890.0,26246.310546875,114637.92300000001,9,0.0,0.0,0.0,0.0,290.71364383550826,3789660.0,105412476.27620323,104549958.1885594,-862518.0876438352,27.588215879144673,27.588215879144673,25,
2022-06-22,13085.0,12815.0,26149.55078125,0.0,0,0.0,0.0,0.0,0.0,289.0221369866049,3767610.0,105412476.27620323,104527619.16642241,-884857.1097808217,27.74374714113786,27.74374714113786,25,
2022-06-23,12780.0,12810.0,26171.25,0.0,0,0.0,0.0,0.0,0.0,288.90936986298766,3766140.0,105412476.27620323,104525860.25705254,-886616.0191506847,27.7541090498634,27.7541090498634,42,
2022-06-24,12840.0,13150.0,26491.970703125,0.0,0,0.0,0.0,0.0,0.0,296.5775342466077,3866100.0,105412476.27620323,104625523.6795183,-786952.5966849312,27.062291114952615,27.062291114952615,42,
2022-06-27,13425.0,13520.0,26871.26953125,0.0,0,456358.71,20497.985410958947,16333.819674722636,4164.16573623631,269.65917808236554,3515200.0,105428810.09587795,104726548.56460397,-702261.5312739722,29.79248650563381,29.79248650563381,25,
2022-06-28,13425.0,13690.0,27049.470703125,0.0,0,0.0,0.0,0.0,0.0,273.0498630137881,3559400.0,105428810.09587795,104770475.51474096,-658334.5811369859,29.43486978556525,29.43486978556525,40,
2022-06-29,13460.0,13460.0,26804.599609375,0.0,0,0.0,0.0,0.0,0.0,268.46246575319674,3499600.0,105428810.09587795,104710407.05227521,-718403.0436027395,29.920678663925937,29.920678663925937,40,
2022-06-30,13405.0,13040.0,26393.0390625,0.0,0,0.0,0.0,0.0,0.0,260.0854794519255,3390400.0,105428810.09587795,104600946.96679576,-827863.1290821914,30.852096203042638,30.852096203042638,40,
2022-07-01,13075.0,12605.0,25935.619140625,0.0,0,0.0,0.0,0.0,0.0,251.40931506839115,3277300.0,105428810.09587795,104487595.5574807,-941214.5383972599,31.882218764678452,31.882218764678452,25,
2022-07-04,12760.0,12810.0,26153.810546875,0.0,0,0.0,0.0,0.0,0.0,255.49808219168335,3330600.0,105428810.09587795,104540640.05939849,-888170.0364794518,31.387930120518373,31.387930120518373,42,
2022-07-05,13080.0,13065.0,26423.470703125,0.0,0,0.0,0.0,0.0,0.0,260.5841095886426,3396900.0,105428810.09587795,104606679.4752889,-822130.6205890409,30.794747998259854,30.794747998259854,42,
2022-07-06,12780.0,12770.0,26107.650390625,0.0,0,0.0,0.0,0.0,0.0,254.7002739724703,3320200.0,105428810.09587795,104529724.77501494,-899085.3208630133,31.482960296071,31.482960296071,42,
2022-07-07,12935.0,13135.0,26490.529296875,0.0,0,0.0,0.0,0.0,0.0,261.98027397249825,3415100.0,105428810.09587795,104624362.79474096,-804447.301136986,30.635812361202003,30.635812361202003,42,
2022-07-08,13250.0,13235.0,26517.189453125,0.0,0,0.0,0.0,0.0,0.0,263.9747945207637,3441100.0,105428810.09587795,104650098.81994644,-778711.2759315065,30.411815646144092,30.411815646144092,42,
2022-07-11,13570.0,13435.0,26812.30078125,0.0,0,0.0,0.0,0.0,0.0,267.9638356164796,3493100.0,105428810.09587795,104701830.85611083,-726979.2397671228,29.973900219321184,29.973900219321184,42,
2022-07-12,13320.0,12975.0,26336.66015625,0.0,0,0.0,0.0,0.0,0.0,258.7890410956461,3373500.0,105428810.09587795,104581972.06706972,-846838.0288082188,31.00102921804349,31.00102921804349,42,
2022-07-13,13030.0,13115.0,26478.76953125,0.0,0,0.0,0.0,0.0,0.0,261.5813698633574,3409900.0,105428810.09587795,104618110.48569986,-810699.610178082,30.680697523593025,30.680697523593025,42,
2022-07-14,13005.0,13295.0,26643.390625,0.0,0,0.0,0.0,0.0,0.0,265.17150684888475,3456700.0,105428810.09587795,104664645.31419301,-764164.7816849311,30.278776091125355,30.278776091125355,42,
2022-07-15,13440.0,13445.0,26788.470703125,0.0,0,0.0,0.0,0.0,0.0,268.1632876711665,3495700.0,105428810.09587795,104703377.15090534,-725432.9449726024,29.952048845983736,29.952048845983736,42,
2022-07-19,13620.0,13595.0,26961.6796875,0.0,0,0.0,0.0,0.0,0.0,271.15506849309895,3534700.0,105428810.09587795,104742105.99583685,-686704.1000410956,29.63253062376916,29.63253062376916,42,
2022-07-20,14015.0,14330.0,27680.259765625,0.0,0,0.0,0.0,0.0,0.0,285.81479452038184,3725800.0,105428810.09587795,104932920.18104233,-495889.91483561613,28.16386284315914,28.16386284315914,42,
2022-07-21,14250.0,14440.0,27803.0,0.0,0,113977.2,5922.0990684931485,4719.024642728766,1203.074425764383,279.14695890422445,3638880.0,105433529.12052068,104958495.15965767,-475033.96086301334,28.84362637945128,28.84362637945128,42,
2022-07-22,14440.0,14565.0,27914.66015625,0.0,0,0.0,0.0,0.0,0.0,281.56339726014994,3670380.0,105433529.12052068,104989713.59626041,-443815.5242602736,28.6045896055069,28.6045896055069,42,
2022-07-25,14340.0,14335.0,27699.25,0.0,0,0.0,0.0,0.0,0.0,277.1171506848186,3612420.0,105433529.12052068,104931476.47910972,-502052.6414109587,29.04741876058424,29.04741876058424,42,
2022-07-26,14305.0,14290.0,27655.2109375,0.0,0,0.0,0.0,0.0,0.0,276.2472328764852,3601080.0,105433529.12052068,104919860.23187685,-513668.8886438353,29.135664920489646,29.135664920489646,42,
2022-07-27,14210.0,14365.0,27715.75,0.0,0,0.0,0.0,0.0,0.0,277.69709589052945,3619980.0,105433529.12052068,104938482.53478095,-495046.58573972574,28.98869124547123,28.98869124547123,42,
2022-07-28,14655.0,14460.0,27815.48046875,0.0,0,0.0,0.0,0.0,0.0,279.5335890412098,3643920.0,105433529.12052068,104962143.00119191,-471386.1193287669,28.804733089966824,28.804733089966824,42,
2022-07-29,14600.0,14430.0,27801.640625,0.0,0,0.0,0.0,0.0,0.0,278.95364383561537,3636360.0,105433529.12052068,104954304.04754809,-479225.07297260244,28.862462475538198,28.862462475538198,42,
2022-08-01,14475.0,14635.0,27993.349609375,0.0,0,0.0,0.0,0.0,0.0,282.9166027395986,3688020.0,105433529.12052068,105005681.13094534,-427847.9895753422,28.472101867925158,28.472101867925158,42,
2022-08-02,14470.0,14220.0,27594.73046875,0.0,0,0.0,0.0,0.0,0.0,274.8940273968037,3583440.0,105433529.12052068,104900826.23691794,-532702.8836027395,29.273777776917694,29.273777776917694,42,
2022-08-03,14375.0,14375.0,27741.900390625,0.0,0,0.0,0.0,0.0,0.0,277.89041095913853,3622500.0,105433529.12052068,104939608.34650698,-493920.77401369833,28.968835982472598,28.968835982472598,42,
2022-08-04,14615.0,14570.0,27932.19921875,0.0,0,0.0,0.0,0.0,0.0,281.6600547945127,3671640.0,105433529.12052068,104988466.6864522,-445062.4340684929,28.594433737090835,28.594433737090835,42,
2022-08-05,14510.0,14825.0,28175.869140625,0.0,0,0.0,0.0,0.0,0.0,286.58958904165775,3735900.0,105433529.12052068,105052440.09686315,-381089.023657534,28.119714151038078,28.119714151038078,42,
2022-08-08,14710.0,14915.0,28249.240234375,0.0,0,0.0,0.0,0.0,0.0,288.32942465750966,3758580.0,105433529.12052068,105074831.76743849,-358697.35308219155,27.95599182867958,27.95599182867958,42,
2022-08-09,14800.0,14645.0,27999.9609375,0.0,0,0.0,0.0,0.0,0.0,283.1099178083241,3690540.0,105433529.12052068,105006508.65752068,-427020.4629999997,28.45288457990448,28.45288457990448,42,
2022-08-10,14550.0,14460.0,27819.330078125,0.0,0,0.0,0.0,0.0,0.0,279.5335890412098,3643920.0,105433529.12052068,104959609.12393165,-473919.9965890408,28.80403771870174,28.80403771870174,42,
2022-08-12,14880.0,15190.0,28546.98046875,0.0,0,0.0,0.0,0.0,0.0,293.64558904082514,3827880.0,105433529.12052068,105143275.4783426,-290253.64217808185,27.467756428713177,27.467756428713177,42,
2022-08-15,15340.0,15560.0,28871.779296875,0.0,0,0.0,0.0,0.0,0.0,300.7982465752866,3921120.0,105433529.12052068,105236214.68009603,-197314.44042465728,26.838305045521697,26.838305045521697,42,
2022-08-16,15570.0,15555.0,28868.91015625,0.0,0,0.0,0.0,0.0,0.0,300.7015890412731,3919860.0,105433529.12052068,105234653.97850698,-198875.14201369832,26.846533799295635,26.846533799295635,42,
2022-08-17,15665.0,15930.0,29222.76953125,0.0,0,0.0,0.0,0.0,0.0,307.95090410951525,4014360.0,105433529.12052068,105328846.02760287,-104683.09291780795,26.238017025778174,26.238017025778174,42,
2022-08-18,15640.0,15620.0,28942.140625,0.0,0,797480.472,19104.989835616467,15223.811150510981,3881.178685105485,240.84756164392456,3139620.0,105448752.93167119,105247464.47335611,-201288.4583150682,33.52235763352129,33.52235763352129,42,
2022-08-19,15795.0,15615.0,28930.330078125,0.0,0,0.0,0.0,0.0,0.0,240.77046575362328,3138615.0,105448752.93167119,105246218.70289037,-202534.22878082164,33.5326947404796,33.5326947404796,42,
2022-08-22,15265.0,15445.0,28794.5,0.0,0,0.0,0.0,0.0,0.0,238.14920547918882,3104445.0,105448752.93167119,105211810.55368489,-236942.37798630112,33.89069883785504,33.89069883785504,42,
2022-08-23,15225.0,15100.0,28452.75,0.0,0,0.0,0.0,0.0,0.0,232.82958904106636,3035100.0,105448752.93167119,105142232.72409585,-306520.2075753422,34.6420983572521,34.6420983572521,42,
2022-08-24,15130.0,14980.0,28313.470703125,0.0,0,0.0,0.0,0.0,0.0,230.9792876712745,3010980.0,105448752.93167119,105117881.74480817,-330871.1868630134,34.911517759934696,34.911517759934696,42,
2022-08-25,15055.0,15155.0,28479.009765625,0.0,0,0.0,0.0,0.0,0.0,233.6776438355446,3046155.0,105448752.93167119,105152823.06716433,-295929.86450684903,34.51985308271061,34.51985308271061,42,
2022-08-26,15340.0,15290.0,28641.380859375,0.0,0,0.0,0.0,0.0,0.0,235.75923287682235,3073290.0,105448752.93167119,105179722.30793147,-269030.6237397258,34.22381952498185,34.22381952498185,42,
2022-08-29,14530.0,14495.0,27878.9609375,0.0,0,0.0,0.0,0.0,0.0,223.50098630145658,2913495.0,105448752.93167119,105019703.80694516,-429049.12472602713,36.04595299011845,36.04595299011845,42,
2022-08-30,14695.0,14845.0,28195.580078125,0.0,0,0.0,0.0,0.0,0.0,228.89769863011315,2983845.0,105448752.93167119,105089824.90924653,-358928.02242465736,35.21959917798898,35.21959917798898,42,
2022-08-31,14545.0,14715.0,28091.529296875,0.0,0,0.0,0.0,0.0,0.0,226.89320547960233,2957715.0,105448752.93167119,105063468.01604106,-385284.91563013673,35.521836287823895,35.521836287823895,42,
2022-09-01,14415.0,14265.0,27661.470703125,0.0,0,0.0,0.0,0.0,0.0,219.95457534235902,2867265.0,105448752.93167119,104972798.06146571,-475954.8702054792,36.6107764930921,36.6107764930921,42,
2022-09-02,14360.0,14245.0,27650.83984375,0.0,0,0.0,0.0,0.0,0.0,219.64619178080466,2863245.0,105448752.93167119,104968558.41527393,-480194.51639726,36.660697360957215,36.660697360957215,42,
2022-09-05,14175.0,14220.0,27619.609375,0.0,0,0.0,0.0,0.0,0.0,219.26071232836694,2858220.0,105448752.93167119,104963314.1545616,-485438.77710958885,36.72331526424194,36.72331526424194,42,
2022-09-06,14275.0,14215.0,27626.509765625,0.0,0,0.0,0.0,0.0,0.0,219.1836164384149,2857215.0,105448752.93167119,104962089.97094516,-486662.9607260272,36.73580391078206,36.73580391078206,42,
2022-09-07,14140.0,14045.0,27430.30078125,0.0,0,0.0,0.0,0.0,0.0,216.56235616409685,2823045.0,105448752.93167119,104927703.40858899,-521049.5230821914,37.16827163881163,37.16827163881163,42,
2022-09-08,14345.0,14685.0,28065.279296875,0.0,0,0.0,0.0,0.0,0.0,226.4306301367469,2951685.0,105448752.93167119,105056116.97795886,-392635.9537123285,35.59191342502972,35.59191342502972,42,
2022-09-09,14850.0,14865.0,28214.75,0.0,0,0.0,0.0,0.0,0.0,229.20608219178393,2987865.0,105448752.93167119,105092067.77187666,-356685.1597945203,35.17296389625256,35.17296389625256,42,
2022-09-12,15165.0,15170.0,28542.109375,0.0,0,0.0,0.0,0.0,0.0,233.90893150668126,3049170.0,105448752.93167119,105153138.86294515,-295614.0687260271,34.485823638217994,34.485823638217994,42,
2022-09-13,15230.0,15280.0,28614.630859375,0.0,0,0.0,0.0,0.0,0.0,235.60504109610338,3071280.0,105448752.93167119,105175013.25790407,-273739.6737671231,34.24468405938373,34.24468405938373,42,
2022-09-14,14420.0,14425.0,27818.619140625,0.0,0,0.0,0.0,0.0,0.0,222.42164383572526,2899425.0,105448752.93167119,105002935.83626023,-445817.09541095863,36.21508948714322,36.21508948714322,42,
2022-09-15,14480.0,14480.0,27875.91015625,0.0,0,0.0,0.0,0.0,0.0,223.2696986303199,2910480.0,105448752.93167119,105013767.5665616,-434985.3651095888,36.08125380231494,36.08125380231494,42,
2022-09-16,14200.0,14150.0,27567.650390625,0.0,0,0.0,0.0,0.0,0.0,218.18136986298487,2844150.0,105448752.93167119,104947219.38519174,-501533.5464794518,36.89932647194829,36.89932647194829,42,
2022-09-20,14415.0,14290.0,27688.419921875,0.0,0,0.0,0.0,0.0,0.0,220.34005479433108,2872290.0,105448752.93167119,104975139.04513694,-473613.88653424627,36.54754187256055,36.54754187256055,42,
2022-09-21,14030.0,13885.0,27313.130859375,0.0,0,0.0,0.0,0.0,0.0,214.09528767096344,2790885.0,105448752.93167119,104893519.94984926,-555232.9818219176,37.584321801095086,37.584321801095086,42,
2022-09-22,13630.0,13730.0,27153.830078125,0.0,0,0.0,0.0,0.0,0.0,211.7053150687134,2759730.0,105448752.93167119,104862153.2445342,-586599.6871369861,37.99725090662282,37.99725090662282,42,
2022-09-26,13255.0,12975.0,26431.55078125,0.0,0,0.0,0.0,0.0,0.0,200.0638356161071,2607975.0,105448752.93167119,104710198.18069859,-738554.7509726025,40.150000740305636,40.150000740305636,42,
2022-09-27,13120.0,13125.0,26571.869140625,774234.816,59,0.0,0.0,0.0,0.0,261.7808219178114,3412500.0,105448752.93167119,104740226.58387667,-708526.3477945202,30.69310669124591,30.69310669124591,42,
2022-09-28,13025.0,12690.0,26173.98046875,13027.605,1,0.0,0.0,0.0,0.0,254.07813698623795,3312090.0,105448752.93167119,104626534.90073968,-822218.0309315067,31.589278944937995,31.589278944937995,42,
2022-09-29,13185.0,13210.0,26422.05078125,646194.213,49,0.0,0.0,0.0,0.0,314.1446575343143,4095100.0,105448752.93167119,104763036.54308215,-685716.388589041,25.58253438086546,25.58253438086546,42,
2022-09-30,12995.0,12660.0,25937.2109375,0.0,0,0.0,0.0,0.0,0.0,301.06520547939,3924600.0,105448752.93167119,104592235.47787666,-856517.4537945203,26.650419272760704,26.650419272760704,42,
2022-10-03,12490.0,12955.0,26215.7890625,199879.968,16,0.0,0.0,0.0,0.0,323.98147945222445,4223330.0,105448752.93167119,104690761.52839722,-757991.4032739723,24.788676596050326,24.788676596050326,42,
2022-10-04,13405.0,13720.0,26992.2109375,0.0,0,0.0,0.0,0.0,0.0,343.1127671233844,4472720.0,105448752.93167119,104939808.41563009,-508944.51604109566,23.46219043795053,23.46219043795053,42,
2022-10-05,13920.0,13855.0,27120.529296875,0.0,0,1725734.7840000002,104840.87505479465,83542.45128741312,21298.423767381533,214.69556164427195,2798710.0,105532295.3829586,104970020.08030108,-562275.302657534,37.50657269967273,37.50657269967273,42,
2022-10-06,13895.0,14080.0,27311.30078125,0.0,0,0.0,0.0,0.0,0.0,218.18213698617183,2844160.0,105532295.3829586,105015251.89816408,-517043.4847945203,36.92311680712902,36.92311680712902,42,
2022-10-07,13700.0,13845.0,27116.109375,0.0,0,13697.26,662.5077123287678,527.9192705691786,134.58844175958916,213.4785205478547,2782845.0,105532823.30222917,104967286.09120177,-565537.2110273971,37.71941523555993,37.71941523555993,42,
2022-10-11,13355.0,13135.0,26401.25,0.0,0,0.0,0.0,0.0,0.0,202.53090410947334,2640135.0,105532823.30222917,104824373.56029765,-708449.7419315067,39.70417177920737,39.70417177920737,42,
2022-10-12,13090.0,13115.0,26396.830078125,0.0,0,0.0,0.0,0.0,0.0,202.22252054826822,2636115.0,105532823.30222917,104820151.33777711,-712671.9644520546,39.763117822165235,39.763117822165235,42,
2022-10-13,13135.0,12965.0,26237.419921875,0.0,0,0.0,0.0,0.0,0.0,199.90964383585379,2605965.0,105532823.30222917,104789801.42813328,-743021.8740958902,40.21151528440838,40.21151528440838,42,
2022-10-14,13565.0,13820.0,27090.759765625,0.0,0,0.0,0.0,0.0,0.0,213.09304109611548,2777820.0,105532823.30222917,104961443.33509219,-571379.967136986,37.78554526034523,37.78554526034523,42,
2022-10-17,13515.0,13485.0,26775.7890625,0.0,0,0.0,0.0,0.0,0.0,207.92761643859558,2710485.0,105532823.30222917,104893900.40747574,-638922.8947534243,38.6993104213732,38.6993104213732,42,
2022-10-18,13940.0,13885.0,27156.140625,0.0,0,0.0,0.0,0.0,0.0,214.09528767096344,2790885.0,105532823.30222917,104974086.31218807,-558736.9900410956,37.61318947652378,37.61318947652378,42,
2022-10-19,13925.0,13970.0,27257.380859375,0.0,0,0.0,0.0,0.0,0.0,215.40591780852992,2807970.0,105532823.30222917,104990955.90627027,-541867.3959589038,37.39034103151752,37.39034103151752,42,
2022-10-20,13675.0,13720.0,27006.9609375,0.0,0,0.0,0.0,0.0,0.0,211.55112328764517,2757720.0,105532823.30222917,104940494.35514697,-592328.9470821915,38.05335362369892,38.05335362369892,42,
2022-10-21,13630.0,13580.0,26890.580078125,0.0,0,0.0,0.0,0.0,0.0,209.39243835606612,2729580.0,105532823.30222917,104912144.96270862,-620678.3395205477,38.43527024769694,38.43527024769694,42,
2022-10-24,14000.0,13690.0,26974.900390625,0.0,0,0.0,0.0,0.0,0.0,211.0885479452554,2751690.0,105532823.30222917,104934043.87416068,-598779.4280684929,38.13439881460509,38.13439881460509,42,
2022-10-25,13870.0,13925.0,27250.279296875,0.0,0,0.0,0.0,0.0,0.0,214.71205479477067,2798925.0,105532823.30222917,104981064.16210587,-551759.1401232874,37.50763745441763,37.50763745441763,42,
2022-10-26,14120.0,14140.0,27431.83984375,0.0,0,0.0,0.0,0.0,0.0,218.02717808191665,2842140.0,105532823.30222917,105024061.1349278,-508762.1673013696,36.95245875816384,36.95245875816384,42,
2022-10-27,14120.0,14035.0,27345.240234375,0.0,0,0.0,0.0,0.0,0.0,216.40816438326146,2821035.0,105532823.30222917,105002739.72676341,-530083.5754657531,37.22135305898843,37.22135305898843,42,
2022-10-28,13735.0,13810.0,27105.19921875,0.0,0,0.0,0.0,0.0,0.0,212.93884931516368,2775810.0,105532823.30222917,104957301.7879141,-575521.5143150683,37.81141424950342,37.81141424950342,42,
2022-10-31,14190.0,14275.0,27587.4609375,0.0,0,0.0,0.0,0.0,0.0,220.10876712342724,2869275.0,105532823.30222917,105050546.67914698,-482276.62308219157,36.61222667020309,36.61222667020309,42,
2022-11-01,14320.0,14375.0,27678.919921875,0.0,0,0.0,0.0,0.0,0.0,221.65068493178114,2889375.0,105532823.30222917,105070425.02846204,-462398.273767123,36.36441272886422,36.36441272886422,42,
2022-11-02,14285.0,14380.0,27663.390625,0.0,0,0.0,0.0,0.0,0.0,221.72778082173318,2890380.0,105532823.30222917,105071208.30068122,-461615.0015479449,36.35203962824308,36.35203962824308,42,
2022-11-04,13950.0,13880.0,27199.740234375,0.0,0,0.0,0.0,0.0,0.0,214.01819178112783,2789880.0,105532823.30222917,104970494.28248943,-562329.0197397257,37.62545137514496,37.62545137514496,42,
2022-11-07,14085.0,14215.0,27527.640625,0.0,0,0.0,0.0,0.0,0.0,219.1836164384149,2857215.0,105532823.30222917,105037610.098873,-495213.2033561641,36.762235288164526,36.762235288164526,42,
2022-11-08,14400.0,14570.0,27872.109375,0.0,0,0.0,0.0,0.0,0.0,224.65742465748917,2928570.0,105532823.30222917,105108740.44144835,-424082.8607808217,35.89080692674184,35.89080692674184,42,
2022-11-09,14655.0,14420.0,27716.4296875,0.0,0,0.0,0.0,0.0,0.0,222.3445479448419,2898420.0,105532823.30222917,105078368.0969004,-454455.20532876684,36.253672034039376,36.253672034039376,42,
2022-11-10,14135.0,14140.0,27446.099609375,0.0,0,0.0,0.0,0.0,0.0,218.02717808191665,2842140.0,105532823.30222917,105021870.06972231,-510953.232506849,36.951687837236136,36.951687837236136,42,
2022-11-11,14850.0,14960.0,28263.5703125,0.0,0,0.0,0.0,0.0,0.0,230.6709041093709,3006960.0,105532823.30222917,105186459.39881821,-346363.9034109587,34.98099721939042,34.98099721939042,42,
2022-11-14,14880.0,14675.0,27963.470703125,0.0,0,0.0,0.0,0.0,0.0,226.2764383564936,2949675.0,105532823.30222917,105128948.12237985,-403875.1798493148,35.64085810212307,35.64085810212307,42,
2022-11-15,14605.0,14685.0,27990.169921875,0.0,0,0.0,0.0,0.0,0.0,226.4306301367469,2951685.0,105532823.30222917,105130731.69174972,-402091.6104794517,35.617192109506846,35.617192109506846,42,
2022-11-16,14680.0,14730.0,28028.30078125,0.0,0,0.0,0.0,0.0,0.0,227.12449315062258,2960730.0,105532823.30222917,105139549.56725657,-393273.73497260245,35.51136022780077,35.51136022780077,42,
2022-11-17,14600.0,14635.0,27930.5703125,0.0,0,0.0,0.0,0.0,0.0,225.6596712328028,2941635.0,105532823.30222917,105120228.90758534,-412594.3946438354,35.735306694265375,35.735306694265375,42,
2022-11-18,14670.0,14590.0,27899.76953125,0.0,0,0.0,0.0,0.0,0.0,224.96580821915995,2932590.0,105532823.30222917,105110958.94177711,-421864.3604520545,35.84236423836169,35.84236423836169,42,
2022-11-21,14660.0,14620.0,27944.7890625,0.0,0,0.0,0.0,0.0,0.0,225.42838356178254,2938620.0,105532823.30222917,105116763.51339355,-416059.7888356162,35.77079156658348,35.77079156658348,42,
2022-11-22,14725.0,14825.0,28115.740234375,0.0,0,0.0,0.0,0.0,0.0,228.58931506902445,2979825.0,105532823.30222917,105157739.92407848,-375083.3781506847,35.289904583013595,35.289904583013595,42,
2022-11-24,15105.0,15085.0,28383.08984375,0.0,0,0.0,0.0,0.0,0.0,232.5983013699297,3032085.0,105532823.30222917,105209767.32577711,-323055.9764520545,34.6988185772421,34.6988185772421,42,
2022-11-25,15080.0,14990.0,28283.029296875,0.0,0,0.0,0.0,0.0,0.0,231.1334794522263,3012990.0,105532823.30222917,105190441.19229765,-342382.1099315067,34.9123100947224,34.9123100947224,42,
2022-11-28,14945.0,14850.0,28162.830078125,0.0,0,0.0,0.0,0.0,0.0,228.97479452053085,2984850.0,105532823.30222917,105162072.21750315,-370751.0847260271,35.23194539675466,35.23194539675466,42,
2022-11-29,14685.0,14730.0,28027.83984375,0.0,0,0.0,0.0,0.0,0.0,227.12449315062258,2960730.0,105532823.30222917,105137725.09301,-395098.20921917784,35.51074400334039,35.51074400334039,42,
2022-11-30,14595.0,14665.0,27968.990234375,0.0,0,0.0,0.0,0.0,0.0,226.12224657542538,2947665.0,105532823.30222917,105124433.97076342,-408389.33146575314,35.66363001588152,35.66363001588152,42,
2022-12-01,15165.0,14940.0,28226.080078125,0.0,0,0.0,0.0,0.0,0.0,230.36252054781653,3002940.0,105532823.30222917,105179478.60824287,-353344.69398630114,35.0255012115603,35.0255012115603,42,
2022-12-02,14725.0,14440.0,27777.900390625,0.0,0,0.0,0.0,0.0,0.0,222.65293150697835,2902440.0,105532823.30222917,105078755.95531136,-454067.3469178079,36.20359282373153,36.20359282373153,42,
2022-12-05,14460.0,14495.0,27820.400390625,0.0,0,0.0,0.0,0.0,0.0,223.50098630145658,2913495.0,105532823.30222917,105089587.45432505,-443235.84790410934,36.06993918106091,36.06993918106091,42,
2022-12-06,14370.0,14575.0,27885.869140625,0.0,0,0.0,0.0,0.0,0.0,224.73452054802328,2929575.0,105532823.30222917,105105442.71980451,-427380.5824246573,35.87736880598876,35.87736880598876,42,
2022-12-07,14330.0,14365.0,27686.400390625,0.0,0,0.0,0.0,0.0,0.0,221.49649315082934,2887365.0,105532823.30222917,105063011.22331136,-469812.078917808,36.3871596501694,36.3871596501694,42,
2022-12-08,14290.0,14235.0,27574.4296875,0.0,0,0.0,0.0,0.0,0.0,219.49199999962002,2861235.0,105532823.30222917,105036661.73131135,-496161.570917808,36.710253345604734,36.710253345604734,42,
2022-12-09,14335.0,14585.0,27901.009765625,0.0,0,0.0,0.0,0.0,0.0,224.88871232885867,2931585.0,105532823.30222917,105106786.84259903,-426036.4596301367,35.85322848991213,35.85322848991213,42,
2022-12-12,14385.0,14510.0,27842.330078125,0.0,0,0.0,0.0,0.0,0.0,223.73227397259325,2916510.0,105532823.30222917,105091488.11032505,-441335.1919041094,36.03330285523624,36.03330285523624,42,
2022-12-13,14735.0,14640.0,27954.849609375,0.0,0,0.0,0.0,0.0,0.0,225.73676712391898,2942640.0,105532823.30222917,105117392.37355794,-415430.92867123266,35.72213807110552,35.72213807110552,42,
2022-12-14,14710.0,14850.0,28156.2109375,0.0,0,0.0,0.0,0.0,0.0,228.97479452053085,2984850.0,105532823.30222917,105159373.39876342,-373449.9034657531,35.23104122443788,35.23104122443788,42,
2022-12-15,14680.0,14705.0,28051.69921875,0.0,0,0.0,0.0,0.0,0.0,226.7390136985341,2955705.0,105532823.30222917,105130001.65974972,-402821.6424794517,35.5685028308812,35.5685028308812,42,
2022-12-16,14280.0,14180.0,27527.119140625,0.0,0,0.0,0.0,0.0,0.0,218.64394520549104,2850180.0,105532823.30222917,105024258.01580451,-508565.28642465733,36.84828958725572,36.84828958725572,42,
2022-12-19,13930.0,13885.0,27237.640625,0.0,0,0.0,0.0,0.0,0.0,214.09528767096344,2790885.0,105532823.30222917,104964748.92051683,-568074.3817123284,37.60984380241996,37.60984380241996,42,
2022-12-20,13900.0,13205.0,26568.029296875,0.0,0,0.0,0.0,0.0,0.0,203.61024657508824,2654205.0,105532823.30222917,104827865.31027026,-704957.9919589038,39.495014631601656,39.495014631601656,25,
2022-12-21,13175.0,13010.0,26387.720703125,632526.48,48,0.0,0.0,0.0,0.0,248.50882191734854,3239490.0,105532823.30222917,104780375.32144834,-752447.9807808218,32.3447133102582,32.3447133102582,25,
2022-12-22,13215.0,13110.0,26507.869140625,449399.862,34,0.0,0.0,0.0,0.0,284.61271232855506,3710130.0,105532823.30222917,104801330.84673601,-731492.4554931504,28.247347356220946,28.247347356220946,25,
2022-12-23,12825.0,12860.0,26235.25,115448.085,9,0.0,0.0,0.0,0.0,288.0640000004787,3755120.0,105532823.30222917,104730584.69773601,-802238.6044931505,27.890076668052156,27.890076668052156,25,
2022-12-26,12910.0,13020.0,26405.869140625,90388.07400000001,7,0.0,0.0,0.0,0.0,298.63956164359115,3892980.0,105532823.30222917,104777757.98417437,-755065.3180547943,26.914537959140393,26.914537959140393,25,
2022-12-27,13185.0,13065.0,26447.869140625,0.0,0,118641.267,3175.3141643835625,2530.2490918890417,645.0650724945207,290.65150684898254,3788850.0,105535353.55132106,104791333.53459503,-744020.0167260271,27.657820587934342,27.657820587934342,25,
2022-12-28,12910.0,12930.0,26340.5,0.0,0,0.0,0.0,0.0,0.0,287.6482191783143,3749700.0,105535353.55132106,104751895.88637586,-783457.6649452053,27.936073788936678,27.936073788936678,25,
2022-12-29,12725.0,12720.0,26093.669921875,0.0,0,0.0,0.0,0.0,0.0,282.9764383559814,3688800.0,105535353.55132106,104690712.9099375,-844640.6413835614,28.380696408029035,28.380696408029035,25,
2022-12-30,12890.0,12750.0,26094.5,0.0,0,0.0,0.0,0.0,0.0,283.64383561653085,3697500.0,105535353.55132106,104699129.26610188,-836224.2852191778,28.316194527681375,28.316194527681375,25,
2023-01-04,12530.0,12385.0,25716.859375,0.0,0,0.0,0.0,0.0,0.0,275.52383561606985,3591650.0,105535353.55132106,104593003.74226627,-942349.8090547943,29.1211570565802,29.1211570565802,25,
2023-01-05,12535.0,12485.0,25820.80078125,0.0,0,0.0,0.0,0.0,0.0,277.7484931505751,3620650.0,105535353.55132106,104621725.99377312,-913627.5575479451,28.895840800346104,28.895840800346104,25,
2023-01-06,12410.0,12625.0,25973.849609375,0.0,0,0.0,0.0,0.0,0.0,280.8630136983702,3661250.0,105535353.55132106,104662045.13075942,-873308.4205616437,28.58642407122142,28.58642407122142,25,
2023-01-10,12850.0,12815.0,26175.560546875,0.0,0,0.0,0.0,0.0,0.0,285.0898630139418,3716350.0,105535353.55132106,104716860.0408964,-818493.5104246573,28.177340681285777,28.177340681285777,25,
2023-01-11,12990.0,13085.0,26446.0,0.0,0,0.0,0.0,0.0,0.0,291.09643835632596,3794650.0,105535353.55132106,104794868.94445805,-740484.6068630135,27.616478184933538,27.616478184933538,25,
2023-01-12,13140.0,13095.0,26449.8203125,0.0,0,91961.60399999999,1504.8601917808062,1199.1478438205354,305.7123479602708,284.287068493315,3705885.0,105536552.69916488,104797475.5490416,-739077.1501232875,28.27866367926733,28.27866367926733,25,
2023-01-13,12930.0,12750.0,26119.51953125,0.0,0,0.0,0.0,0.0,0.0,276.79726027406286,3608250.0,105536552.69916488,104699563.75178131,-836988.9473835614,29.016715513554026,29.016715513554026,25,
2023-01-16,12485.0,12465.0,25822.3203125,0.0,0,0.0,0.0,0.0,0.0,270.61002739705145,3527595.0,105536552.69916488,104618638.14175393,-917914.5574109587,29.657213524158507,29.657213524158507,25,
2023-01-17,12560.0,12770.0,26138.6796875,0.0,0,0.0,0.0,0.0,0.0,277.23145205469336,3613910.0,105536552.69916488,104704675.91030186,-831876.7888630134,28.972684961800894,28.972684961800894,25,
2023-01-18,12885.0,13410.0,26791.119140625,0.0,0,0.0,0.0,0.0,0.0,291.12558904103935,3795030.0,105536552.69916488,104885504.78471282,-651047.9144520545,27.637595693502508,27.637595693502508,25,
2023-01-19,13165.0,13025.0,26405.23046875,0.0,0,0.0,0.0,0.0,0.0,282.76739726029336,3686075.0,105536552.69916488,104776267.01731557,-760285.6818493146,28.424887452728328,28.424887452728328,25,
2023-01-20,12950.0,13170.0,26553.529296875,0.0,0,0.0,0.0,0.0,0.0,285.91528767126147,3727110.0,105536552.69916488,104817016.1020279,-719536.597136986,28.122866269583643,28.122866269583643,23,
2023-01-23,13470.0,13530.0,26906.0390625,0.0,0,0.0,0.0,0.0,0.0,293.73073972575366,3828990.0,105536552.69916488,104918602.37128817,-617950.3278767121,27.40111684054755,27.40111684054755,23,
2023-01-24,13810.0,13925.0,27299.189453125,0.0,0,1132193.5160000003,48595.93378082209,38723.66983324809,9872.263947574007,214.71205479477067,2798925.0,105575276.36899813,105010643.9112858,-564632.4577123285,37.51820570800783,37.51820570800783,23,
2023-01-25,13820.0,14010.0,27395.009765625,0.0,0,0.0,0.0,0.0,0.0,216.02268493152224,2816010.0,105575276.36899813,105027512.88860087,-547763.48039726,37.29656957489529,37.29656957489529,23,
2023-01-26,14070.0,13980.0,27362.75,0.0,0,0.0,0.0,0.0,0.0,215.56010958878323,2809980.0,105575276.36899813,105021267.32849127,-554009.0405068491,37.3743824968474,37.3743824968474,23,
2023-01-27,14055.0,14020.0,27382.560546875,0.0,0,0.0,0.0,0.0,0.0,216.17687671259046,2818020.0,105575276.36899813,105029091.15161456,-546185.2173835613,37.27052723245916,37.27052723245916,23,
2023-01-30,14005.0,14050.0,27433.400390625,0.0,0,0.0,0.0,0.0,0.0,216.63945205451455,2824050.0,105575276.36899813,105034904.5121625,-540371.8568356162,37.193004554509486,37.193004554509486,23,
2023-01-31,14085.0,13940.0,27327.109375,0.0,0,0.0,0.0,0.0,0.0,214.94334246579092,2801940.0,105575276.36899813,105012579.56882004,-562696.8001780818,37.47852543909578,37.47852543909578,23,
2023-02-01,14140.0,13975.0,27346.880859375,0.0,0,0.0,0.0,0.0,0.0,215.4830136988312,2808975.0,105575276.36899813,105019399.08580634,-555877.2831917804,37.38708927128449,37.38708927128449,23,
2023-02-02,14120.0,14030.0,27402.05078125,0.0,0,0.0,0.0,0.0,0.0,216.3310684930766,2820030.0,105575276.36899813,105030237.75473785,-545038.6142602736,37.24436894456366,37.24436894456366,23,
2023-02-03,14110.0,14150.0,27509.4609375,0.0,0,0.0,0.0,0.0,0.0,218.18136986298487,2844150.0,105575276.36899813,105054139.57336798,-521136.7956301368,36.93691949206898,36.93691949206898,23,
2023-02-06,14420.0,14315.0,27693.650390625,0.0,0,0.0,0.0,0.0,0.0,220.72553424630314,2877315.0,105575276.36899813,105087083.84783374,-488192.5211643832,36.522620515249024,36.522620515249024,16,
2023-02-07,14380.0,14320.0,27685.470703125,0.0,0,0.0,0.0,0.0,0.0,220.8026301371865,2878320.0,105575276.36899813,105087868.04520361,-487408.3237945202,36.51014065329901,36.51014065329901,16,
2023-02-08,14265.0,14225.0,27606.4609375,0.0,0,0.0,0.0,0.0,0.0,219.3378082193667,2859225.0,105575276.36899813,105068553.70739539,-506722.6616027394,36.747214265192625,36.747214265192625,16,
2023-02-09,14075.0,14235.0,27584.349609375,0.0,0,0.0,0.0,0.0,0.0,219.49199999962002,2861235.0,105575276.36899813,105070344.21539539,-504932.1536027395,36.7220253545743,36.7220253545743,16,
2023-02-10,14235.0,14290.0,27670.98046875,0.0,0,0.0,0.0,0.0,0.0,220.34005479433108,2872290.0,105575276.36899813,105081178.8753406,-494097.49365753407,36.58446009119574,36.58446009119574,16,
2023-02-13,14170.0,14045.0,27427.3203125,0.0,0,0.0,0.0,0.0,0.0,216.56235616409685,2823045.0,105575276.36899813,105031717.31298442,-543559.0560136983,37.205116217766424,37.205116217766424,16,
2023-02-14,14330.0,14235.0,27602.76953125,42998.598,3,0.0,0.0,0.0,0.0,222.76799999957439,2903940.0,105575276.36899813,105069390.94698443,-505885.4220136983,36.181667302693725,36.181667302693725,16,
2023-02-15,14330.0,14125.0,27501.859375,14332.866,1,0.0,0.0,0.0,0.0,222.1301369863795,2895625.0,105575276.36899813,105046520.95084745,-528755.4181506847,36.27766749867384,36.27766749867384,16,
2023-02-16,14265.0,14330.0,27696.439453125,42803.558999999994,3,0.0,0.0,0.0,0.0,228.65183561644517,2980640.0,105575276.36899813,105088503.74001183,-486772.62898630113,35.25702659160846,35.25702659160846,16,
2023-02-17,14095.0,14135.0,27513.130859375,14097.819,1,0.0,0.0,0.0,0.0,226.62471232900862,2954215.0,105575276.36899813,105047754.2962995,-527522.0726986299,35.55860162388299,35.55860162388299,16,
2023-02-20,14120.0,14145.0,27531.939453125,56491.296,4,0.0,0.0,0.0,0.0,231.12542465771548,3012885.0,105575276.36899813,105049701.87487485,-525574.4941232874,34.866814324102926,34.866814324102926,16,
2023-02-21,14115.0,14095.0,27473.099609375,42353.469,3,0.0,0.0,0.0,0.0,233.5522191777127,3044520.0,105575276.36899813,105038749.85365567,-536526.5153424654,34.5009229217268,34.5009229217268,16,
2023-02-22,13885.0,13735.0,27104.3203125,97214.439,7,0.0,0.0,0.0,0.0,234.96257534250617,3062905.0,105575276.36899813,104959685.45208032,-615590.9169178078,34.26801858107918,34.26801858107918,16,
2023-02-24,13770.0,14055.0,27453.48046875,426955.37399999995,31,0.0,0.0,0.0,0.0,273.86071232904214,3569970.0,105575276.36899813,105039521.21736799,-535755.1516301368,29.423082327685666,29.423082327685666,16,
2023-02-27,13970.0,14075.0,27423.9609375,125755.146,9,530753.828,6535.668205479495,5207.947209536335,1327.7209959431593,242.93835616472643,3166875.0,105580484.31620766,105039854.24001588,-540630.0761917805,33.16829816144176,33.16829816144176,16,
2023-02-28,14155.0,14070.0,27445.560546875,127420.479,9,127369.521,1604.6574657534247,1278.6713015856164,325.9861641678082,242.85205479466822,3165750.0,105581762.98750925,105038109.44379692,-543653.5437123285,33.179533899959544,33.179533899959544,16,
2023-03-01,14005.0,14135.0,27516.529296875,126070.209,9,0.0,0.0,0.0,0.0,253.73293150693644,3307590.0,105581762.98750925,105053625.50186542,-528137.4856438354,31.76138079443505,31.76138079443505,16,
2023-03-02,14165.0,14145.0,27498.869140625,0.0,0,0.0,0.0,0.0,0.0,253.91243835631758,3309930.0,105581762.98750925,105055711.58942705,-526051.3980821916,31.739556905864188,31.739556905864188,21,
2023-03-03,14325.0,14560.0,27927.470703125,0.0,0,0.0,0.0,0.0,0.0,261.361972603132,3407040.0,105581762.98750925,105152560.22745445,-429202.76005479426,30.863318372386132,30.863318372386132,21,
2023-03-06,14830.0,14910.0,28237.779296875,0.0,0,489292.122,22488.079657534203,17919.62627510613,4568.453382428074,229.89994520577602,2996910.0,105599682.61378436,105226923.99612683,-372758.617657534,35.11180649272979,35.11180649272979,21,
2023-03-07,14880.0,14980.0,28309.16015625,0.0,0,0.0,0.0,0.0,0.0,230.9792876712745,3010980.0,105599682.61378436,105240763.01683915,-358919.5969452053,34.95232881548172,34.95232881548172,21,
2023-03-08,14910.0,15110.0,28444.189453125,0.0,0,0.0,0.0,0.0,0.0,232.98378082166892,3037110.0,105599682.61378436,105266660.03305833,-333022.5807260271,34.660140736772235,34.660140736772235,21,
2023-03-09,15335.0,15310.0,28623.150390625,0.0,0,0.0,0.0,0.0,0.0,236.06761643802747,3077310.0,105599682.61378436,105306623.9654419,-293058.6483424655,34.22034957980895,34.22034957980895,21,
2023-03-10,15000.0,14770.0,28143.970703125,0.0,0,0.0,0.0,0.0,0.0,227.74126027396414,2968770.0,105599682.61378436,105197856.22418162,-401826.38960273954,35.434828640878756,35.434828640878756,21,
2023-03-13,14575.0,14485.0,27832.9609375,0.0,0,0.0,0.0,0.0,0.0,223.3467945206212,2911485.0,105599682.61378436,105140347.87738709,-459334.7363972599,36.11227530878129,36.11227530878129,21,
2023-03-14,13950.0,13800.0,27222.0390625,27905.579999999998,2,0.0,0.0,0.0,0.0,214.90191780822352,2801400.0,105599682.61378436,105002142.3954693,-597540.2183150683,37.48202412917445,37.48202412917445,21,
2023-03-15,14055.0,13800.0,27229.48046875,745063.983,53,0.0,0.0,0.0,0.0,271.0093150684843,3532800.0,105599682.61378436,104988207.40315422,-611475.2106301368,29.71812936004139,29.71812936004139,21,
2023-03-16,13260.0,13580.0,27010.609375,742708.512,56,0.0,0.0,0.0,0.0,325.0270684930729,4236960.0,105599682.61378436,104949333.86408573,-650348.7496986298,24.769960977702347,24.769960977702347,21,
2023-03-17,13800.0,13900.0,27333.7890625,745349.04,54,772645.44,29878.589808219134,23808.754288679418,6069.835519539717,330.55342465720605,4309000.0,105623491.36807303,105042269.87514153,-581221.4929315066,24.377412363690308,24.377412363690308,21,
2023-03-20,13870.0,13545.0,26945.669921875,735257.022,53,0.0,0.0,0.0,0.0,377.1818630140042,4916835.0,105623491.36807303,104914470.6712785,-709020.6967945205,21.337805859110283,21.337805859110283,21,
2023-03-22,13905.0,14045.0,27466.609375,737112.3929999999,53,0.0,0.0,0.0,0.0,448.2086575337453,5842720.0,105623491.36807303,105102795.06962098,-520696.2984520543,17.988675662982477,17.988675662982477,21,
2023-03-23,13850.0,14015.0,27419.609375,0.0,0,747750.4199999999,2229.5090958902992,1776.584323060185,452.9247728301143,389.1946301368298,5073430.0,105625267.9523961,105080413.37021801,-544854.5821780817,20.71190759904404,20.71190759904404,21,
2023-03-24,13960.0,13960.0,27385.25,0.0,0,0.0,0.0,0.0,0.0,387.66728767135646,5053520.0,105625267.9523961,105060115.70293035,-565152.2494657531,20.789492413788874,20.789492413788874,21,
2023-03-27,14070.0,14070.0,27476.869140625,0.0,0,0.0,0.0,0.0,0.0,390.7219726026524,5093340.0,105625267.9523961,105099544.98095775,-525722.9714383557,20.634700408957137,20.634700408957137,21,
2023-03-28,14165.0,14105.0,27518.25,0.0,0,1501189.702,28309.12015068506,22558.12239207339,5750.997758611669,276.9990136985434,3610880.0,105647826.07478817,105112246.68618543,-535579.3886027394,29.10986980630357,29.10986980630357,21,
2023-03-29,14120.0,14445.0,27883.779296875,0.0,0,0.0,0.0,0.0,0.0,283.67605479457416,3697920.0,105647826.07478817,105199003.01013063,-448823.064657534,28.448155452289566,28.448155452289566,21,
2023-03-30,14640.0,14610.0,27782.9296875,0.0,0,805038.96,31478.85206849314,25083.92327077876,6394.928797714381,225.27419178083073,2936610.0,105672909.99805894,105236111.76714113,-436798.230917808,35.83591684532203,35.83591684532203,21,
2023-03-31,14850.0,14940.0,28041.48046875,0.0,0,0.0,0.0,0.0,0.0,230.36252054781653,3002940.0,105672909.99805894,105302211.40462059,-370698.5934383558,35.06637209022511,35.06637209022511,21,
2023-04-03,15095.0,15085.0,28188.150390625,0.0,0,0.0,0.0,0.0,0.0,232.5983013699297,3032085.0,105672909.99805894,105331123.80631922,-341786.1917397257,34.738842679647576,34.738842679647576,21,
2023-04-04,15075.0,15175.0,28287.419921875,0.0,0,0.0,0.0,0.0,0.0,233.98602739733178,3050175.0,105672909.99805894,105348979.82029182,-323930.1777671231,34.53866739458943,34.53866739458943,21,
2023-04-05,14995.0,14680.0,27813.259765625,0.0,0,0.0,0.0,0.0,0.0,226.35353424656205,2950680.0,105672909.99805894,105249258.46675758,-423651.5313013696,35.66949261416269,35.66949261416269,21,
2023-04-06,14485.0,14315.0,27472.630859375,0.0,0,0.0,0.0,0.0,0.0,220.72553424630314,2877315.0,105672909.99805894,105175672.74122334,-497237.25683561614,36.55340925175844,36.55340925175844,21,
2023-04-07,14380.0,14350.0,27518.310546875,560932.164,39,0.0,0.0,0.0,0.0,264.1972602736205,3444000.0,105672909.99805894,105181161.37996306,-491748.6180958901,30.540406904751176,30.540406904751176,21,
2023-04-10,14520.0,14485.0,27633.66015625,653530.68,45,0.0,0.0,0.0,0.0,316.68575342476834,4128225.0,105672909.99805894,105211539.01420963,-461370.9838493148,25.485902298011766,25.485902298011766,21,
2023-04-11,14740.0,14790.0,27923.369140625,294858.96,20,0.0,0.0,0.0,0.0,346.0454794517718,4510950.0,105672909.99805894,105299059.00873017,-373850.9893287669,23.342989616096425,23.342989616096425,21,
2023-04-12,14870.0,14965.0,28082.69921875,0.0,0,1248830.184,34135.764657534215,27201.08406735614,6934.680590178075,253.708000000217,3307265.0,105700111.0821263,105337015.80414,-363095.27798630117,31.850189145454024,31.850189145454024,21,
2023-04-13,14810.0,15020.0,28156.970703125,0.0,0,296140.76,1236.1484931506734,985.024926767114,251.1235663835593,231.59605479438324,3019020.0,105701096.10705307,105344428.84451883,-356667.2625342463,34.89358429043823,34.89358429043823,21,
2023-04-14,15250.0,15370.0,28493.470703125,0.0,0,0.0,0.0,0.0,0.0,236.99276712350547,3089370.0,105701096.10705307,105414541.8517517,-286554.2553013696,34.12169531385095,34.12169531385095,21,
2023-04-17,15450.0,15415.0,28514.779296875,0.0,0,0.0,0.0,0.0,0.0,237.6866301371483,3098415.0,105701096.10705307,105423349.16512157,-277746.94193150656,34.024928605471366,34.024928605471366,21,
2023-04-18,15445.0,15575.0,28658.830078125,0.0,0,0.0,0.0,0.0,0.0,240.15369862981606,3130575.0,105701096.10705307,105455269.01142293,-245827.09563013673,33.68559098933037,33.68559098933037,21,
2023-04-19,15535.0,15490.0,28606.759765625,0.0,0,0.0,0.0,0.0,0.0,238.8430684931809,3113490.0,105701096.10705307,105437945.16835444,-263150.9386986299,33.86487355615545,33.86487355615545,21,
2023-04-20,15360.0,15545.0,28657.5703125,0.0,0,0.0,0.0,0.0,0.0,239.69112328765914,3124545.0,105701096.10705307,105448760.47723116,-252335.62982191757,33.74851713680909,33.74851713680909,21,
2023-04-21,15460.0,15460.0,28564.369140625,0.0,0,0.0,0.0,0.0,0.0,238.38049315067474,3107460.0,105701096.10705307,105431437.096738,-269659.01031506824,33.92849372051064,33.92849372051064,21,
2023-04-24,15540.0,15480.0,28593.51953125,0.0,0,0.0,0.0,0.0,0.0,238.68887671234552,3111480.0,105701096.10705307,105435218.40786129,-265877.6991917805,33.885873734641166,33.885873734641166,21,
2023-04-25,15590.0,15535.0,28620.0703125,0.0,0,0.0,0.0,0.0,0.0,239.53693150694016,3122535.0,105701096.10705307,105446033.87092978,-255062.23612328738,33.76936811626764,33.76936811626764,21,
2023-04-26,15385.0,15310.0,28416.470703125,0.0,0,0.0,0.0,0.0,0.0,236.06761643802747,3077310.0,105701096.10705307,105400572.80331334,-300523.3037397257,34.250879113028375,34.250879113028375,21,
2023-04-27,15200.0,15345.0,28457.6796875,0.0,0,0.0,0.0,0.0,0.0,236.6072876707185,3084345.0,105701096.10705307,105407371.19602567,-293724.91102739697,34.17496136003776,34.17496136003776,21,
2023-04-28,15605.0,15790.0,28856.439453125,0.0,0,0.0,0.0,0.0,0.0,243.46882191800978,3173790.0,105701096.10705307,105496572.72720376,-204523.3798493148,33.23993481837291,33.23993481837291,21,
2023-05-01,15990.0,16085.0,29123.1796875,0.0,0,703419.288,16686.78353424657,13296.86345926438,3389.920074982191,193.72509589081164,2525345.0,105714392.97051233,105547963.37003288,-166429.6004794518,41.79546294467998,41.79546294467998,21,
2023-05-02,16205.0,16080.0,29157.94921875,0.0,0,810087.95,13601.989726027477,10838.745513184997,2763.244212842482,131.98816438345239,1720560.0,105725231.71602552,105550371.08765565,-174860.62836986288,61.346521532324154,61.346521532324154,21,
2023-05-08,16010.0,15880.0,28949.880859375,0.0,0,0.0,0.0,0.0,0.0,130.3465205481043,1699160.0,105725231.71602552,105528840.7411351,-196390.9748904108,62.106476577329445,62.106476577329445,21,
2023-05-09,15965.0,16190.0,29242.8203125,0.0,0,0.0,0.0,0.0,0.0,132.89106849348173,1732330.0,105725231.71602552,105561877.85006662,-163353.865958904,60.9363561504255,60.9363561504255,21,
2023-05-10,16180.0,16075.0,29122.1796875,0.0,0,0.0,0.0,0.0,0.0,131.9471232878277,1720025.0,105725231.71602552,105549440.90294333,-175790.81308219166,61.365062079297296,61.365062079297296,21,
2023-05-11,15995.0,16065.0,29126.720703125,0.0,0,0.0,0.0,0.0,0.0,131.86504109599628,1718955.0,105725231.71602552,105548239.03790224,-176992.67812328754,61.4025608802454,61.4025608802454,21,
2023-05-12,16045.0,16370.0,29388.30078125,0.0,0,0.0,0.0,0.0,0.0,134.3685479449341,1751590.0,105725231.71602552,105580739.66935429,-144492.04667123276,60.27708520221872,60.27708520221872,21,
2023-05-15,16530.0,16610.0,29626.33984375,0.0,0,0.0,0.0,0.0,0.0,136.33852054807357,1777270.0,105725231.71602552,105606283.33083373,-118948.38519178069,59.42050635572183,59.42050635572183,21,
2023-05-16,16835.0,16855.0,29842.990234375,0.0,0,0.0,0.0,0.0,0.0,138.34953424648847,1803485.0,105725231.71602552,105632359.98129949,-92871.7347260273,58.57124399775961,58.57124399775961,21,
2023-05-17,16910.0,17110.0,30093.58984375,0.0,0,16906.618,127.71717808219012,101.7714333547932,25.94574472739692,139.1300821916666,1813660.0,105725333.48745887,105659276.52347256,-66056.96398630124,58.25748846171419,58.25748846171419,21,
2023-05-18,17650.0,17705.0,30573.9296875,0.0,0,0.0,0.0,0.0,0.0,143.96832876722328,1876730.0,105725333.48745887,105722202.5551438,-3130.9323150683713,56.333197932118,56.333197932118,21,
2023-05-19,18025.0,17965.0,30808.349609375,0.0,0,828984.17,20274.093452054833,16155.411367269895,4118.68208478494,82.68821917788591,1077900.0,105741488.89882615,105748155.35483985,6666.4560136986975,98.10571978369036,98.09953511348562,21,
2023-05-22,17855.0,18280.0,31086.8203125,0.0,0,446285.725,3240.8364246575647,2582.4605049883803,658.3759196691843,49.080547945108265,639800.0,105744071.35933113,105755633.62337223,11562.2640410959,165.29483217157272,165.27676048660695,21,
2023-05-23,18515.0,18155.0,30957.76953125,0.0,0,647895.3949999999,19657.659041095874,15664.205606897249,3993.453434198627,0.0,0.0,105759735.56493804,105759735.56493804,0.0,inf,inf,21,
2023-05-24,17920.0,17830.0,30682.6796875,0.0,0,0.0,0.0,0.0,0.0,0.0,0.0,105759735.56493804,105759735.56493804,0.0,inf,inf,21,
2023-05-25,17815.0,17925.0,30801.130859375,0.0,0,0.0,0.0,0.0,0.0,0.0,0.0,105759735.56493804,105759735.56493804,0.0,inf,inf,21,
2023-05-26,18100.0,18095.0,30916.310546875,0.0,0,0.0,0.0,0.0,0.0,0.0,0.0,105759735.56493804,105759735.56493804,0.0,inf,inf,21,
2023-05-29,18890.0,18455.0,31233.5390625,0.0,0,0.0,0.0,0.0,0.0,0.0,0.0,105759735.56493804,105759735.56493804,0.0,inf,inf,21,
2023-05-30,18425.0,18550.0,31328.16015625,0.0,0,0.0,0.0,0.0,0.0,0.0,0.0,105759735.56493804,105759735.56493804,0.0,inf,inf,21,
2023-05-31,18265.0,18030.0,30887.880859375,0.0,0,0.0,0.0,0.0,0.0,0.0,0.0,105759735.56493804,105759735.56493804,0.0,inf,inf,21,
2023-06-01,18040.0,18315.0,31148.009765625,0.0,0,0.0,0.0,0.0,0.0,0.0,0.0,105759735.56493804,105759735.56493804,0.0,inf,inf,21,
2023-06-02,18550.0,18795.0,31524.220703125,0.0,0,0.0,0.0,0.0,0.0,0.0,0.0,105759735.56493804,105759735.56493804,0.0,inf,inf,21,
2023-06-05,19195.0,19600.0,32217.4296875,0.0,0,0.0,0.0,0.0,0.0,0.0,0.0,105759735.56493804,105759735.56493804,0.0,inf,inf,21,
2023-06-06,19360.0,19985.0,32506.779296875,0.0,0,0.0,0.0,0.0,0.0,0.0,0.0,105759735.56493804,105759735.56493804,0.0,inf,inf,21,
2023-06-07,20120.0,19230.0,31913.740234375,0.0,0,0.0,0.0,0.0,0.0,0.0,0.0,105759735.56493804,105759735.56493804,0.0,inf,inf,21,
2023-06-08,19265.0,18930.0,31641.26953125,0.0,0,0.0,0.0,0.0,0.0,0.0,0.0,105759735.56493804,105759735.56493804,0.0,inf,inf,21,
2023-06-09,19290.0,19640.0,32265.169921875,0.0,0,0.0,0.0,0.0,0.0,0.0,0.0,105759735.56493804,105759735.56493804,0.0,inf,inf,21,
2023-06-12,19860.0,19895.0,32434.0,0.0,0,0.0,0.0,0.0,0.0,0.0,0.0,105759735.56493804,105759735.56493804,0.0,inf,inf,21,
2023-06-13,20145.0,20620.0,33018.6484375,0.0,0,0.0,0.0,0.0,0.0,0.0,0.0,105759735.56493804,105759735.56493804,0.0,inf,inf,21,
2023-06-14,21030.0,21195.0,33502.421875,0.0,0,0.0,0.0,0.0,0.0,0.0,0.0,105759735.56493804,105759735.56493804,0.0,inf,inf,21,
2023-06-15,21185.0,21155.0,33485.48828125,0.0,0,0.0,0.0,0.0,0.0,0.0,0.0,105759735.56493804,105759735.56493804,0.0,inf,inf,21,
2023-06-16,21080.0,21470.0,33706.078125,0.0,0,0.0,0.0,0.0,0.0,0.0,0.0,105759735.56493804,105759735.56493804,0.0,inf,inf,21,
2023-06-19,21570.0,21015.0,33370.421875,0.0,0,0.0,0.0,0.0,0.0,0.0,0.0,105759735.56493804,105759735.56493804,0.0,inf,inf,21,
2023-06-20,20885.0,21035.0,33388.91015625,0.0,0,0.0,0.0,0.0,0.0,0.0,0.0,105759735.56493804,105759735.56493804,0.0,inf,inf,21,
2023-06-21,20790.0,21265.0,33575.140625,0.0,0,0.0,0.0,0.0,0.0,0.0,0.0,105759735.56493804,105759735.56493804,0.0,inf,inf,21,
2023-06-22,21090.0,20875.0,33264.87890625,0.0,0,0.0,0.0,0.0,0.0,0.0,0.0,105759735.56493804,105759735.56493804,0.0,inf,inf,21,
2023-06-23,21165.0,20255.0,32781.5390625,0.0,0,0.0,0.0,0.0,0.0,0.0,0.0,105759735.56493804,105759735.56493804,0.0,inf,inf,21,
2023-06-26,20050.0,20190.0,32698.810546875,0.0,0,0.0,0.0,0.0,0.0,0.0,0.0,105759735.56493804,105759735.56493804,0.0,inf,inf,21,
2023-06-27,20080.0,19970.0,32538.330078125,0.0,0,0.0,0.0,0.0,0.0,0.0,0.0,105759735.56493804,105759735.56493804,0.0,inf,inf,21,
2023-06-28,20265.0,20740.0,33193.98828125,0.0,0,0.0,0.0,0.0,0.0,0.0,0.0,105759735.56493804,105759735.56493804,0.0,inf,inf,21,
2023-06-29,20910.0,20875.0,33234.140625,0.0,0,0.0,0.0,0.0,0.0,0.0,0.0,105759735.56493804,105759735.56493804,0.0,inf,inf,21,
2023-06-30,20680.0,20825.0,33189.0390625,0.0,0,0.0,0.0,0.0,0.0,0.0,0.0,105759735.56493804,105759735.56493804,0.0,inf,inf,21,
2023-07-03,21220.0,21495.0,33753.328125,0.0,0,0.0,0.0,0.0,0.0,0.0,0.0,105759735.56493804,105759735.56493804,0.0,inf,inf,21,
2023-07-04,21190.0,21050.0,33422.51953125,0.0,0,0.0,0.0,0.0,0.0,0.0,0.0,105759735.56493804,105759735.56493804,0.0,inf,inf,21,
2023-07-05,20765.0,20955.0,33338.69921875,0.0,0,0.0,0.0,0.0,0.0,0.0,0.0,105759735.56493804,105759735.56493804,0.0,inf,inf,21,
2023-07-06,20560.0,20240.0,32773.01953125,0.0,0,0.0,0.0,0.0,0.0,0.0,0.0,105759735.56493804,105759735.56493804,0.0,inf,inf,21,
2023-07-07,19880.0,19815.0,32388.419921875,0.0,0,0.0,0.0,0.0,0.0,0.0,0.0,105759735.56493804,105759735.56493804,0.0,inf,inf,21,
2023-07-10,19805.0,19605.0,32189.73046875,633886.752,32,0.0,0.0,0.0,0.0,48.12624657538254,627360.0,105759735.56493804,105753160.68669146,-6574.878246575321,168.56854228304556,168.56854228304556,21,
2023-07-11,19835.0,19600.0,32203.5703125,734041.779,37,0.0,0.0,0.0,0.0,103.7457534247078,1352400.0,105759735.56493804,105744055.16193804,-15680.402999999958,78.1899254376945,78.1899254376945,21,
2023-07-12,19725.0,19235.0,31943.9296875,729970.965,37,0.0,0.0,0.0,0.0,156.40953424642794,2038910.0,105759735.56493804,105700437.78740379,-59297.777534246496,51.84163979155715,51.84163979155715,21,
2023-07-13,19435.0,19835.0,32419.330078125,738677.706,38,0.0,0.0,0.0,0.0,219.10882191779092,2856240.0,105759735.56493804,105778870.97258188,19135.407643835686,37.034307681631056,37.027608171910636,21,
2023-07-14,20235.0,19810.0,32391.259765625,20239.047,1,768776.214,30040.687616438387,23937.921927158928,6102.7656892794585,162.60482191783376,2119670.0,105783673.4868652,105784572.76907067,899.2822054795273,49.90615179205757,49.905727536298194,21,
2023-07-18,19855.0,19935.0,32493.890625,0.0,0,0.0,0.0,0.0,0.0,163.63084931508638,2133045.0,105783673.4868652,105797784.13822135,14110.651356164459,49.59941498572292,49.59279972380573,21,
2023-07-19,20320.0,20355.0,32896.03125,0.0,0,0.0,0.0,0.0,0.0,167.07830136979464,2177985.0,105783673.4868652,105842557.05991998,58883.57305479459,48.59655004966516,48.569514246822266,21,
2023-07-20,20280.0,19850.0,32490.51953125,0.0,0,2149250.064,50392.294465753395,40155.09984503559,10237.194620717803,1.522739726002328,19850.0,105823828.58671023,105823433.40655954,-395.18015068493014,5331.15533534305,5331.15533534305,21,
2023-07-21,19630.0,19690.0,32304.25,0.0,0,0.0,0.0,0.0,0.0,1.5104657533811405,19690.0,105823828.58671023,105823271.89609379,-556.6906164383548,5374.467846424265,5374.467846424265,21,
2023-07-24,20070.0,20135.0,32700.939453125,60222.042,3,0.0,0.0,0.0,0.0,6.178410958964378,80540.0,105823828.58671023,105823893.67568283,65.08897260273977,1313.929645836638,1313.928837679541,21,
2023-07-25,20160.0,20100.0,32682.509765625,0.0,0,0.0,0.0,0.0,0.0,6.167671232949942,80400.0,105823828.58671023,105823747.5080116,-81.07869863013693,1316.21576502502,1316.21576502502,21,
2023-07-26,20100.0,20090.0,32668.33984375,0.0,0,0.0,0.0,0.0,0.0,6.164602739736438,80360.0,105823828.58671023,105823701.34340885,-127.24330136986295,1316.8703502166359,1316.8703502166359,21,
2023-07-27,19885.0,20405.0,32891.16015625,0.0,0,0.0,0.0,0.0,0.0,6.261260273982771,81620.0,105823828.58671023,105824955.08214858,1126.4954383561644,1296.5566660395561,1296.5428643311716,21,
2023-07-28,19745.0,20230.0,32759.23046875,0.0,0,0.0,0.0,0.0,0.0,6.207561643794179,80920.0,105823828.58671023,105824248.87458694,420.2878767123288,1307.7638269227255,1307.7586330537597,21,
2023-07-31,20625.0,20725.0,33172.21875,0.0,0,0.0,0.0,0.0,0.0,6.359452054835856,82900.0,105823828.58671023,105826222.51513489,2393.9284246575344,1276.5527444527731,1276.5238671497011,21,
2023-08-01,20830.0,21095.0,33476.578125,0.0,0,83303.336,2797.2644246575264,2229.00015678835,568.2642678691765,0.0,0.0,105826057.58686702,105826057.58686702,0.0,inf,inf,21,
2023-08-02,20655.0,20115.0,32707.689453125,0.0,0,0.0,0.0,0.0,0.0,0.0,0.0,105826057.58686702,105826057.58686702,0.0,inf,inf,21,
2023-08-03,19745.0,19470.0,32159.279296875,0.0,0,0.0,0.0,0.0,0.0,0.0,0.0,105826057.58686702,105826057.58686702,0.0,inf,inf,21,
2023-08-04,19280.0,19470.0,32192.75,694218.816,36,0.0,0.0,0.0,0.0,53.769205479416996,700920.0,105826057.58686702,105832705.00166154,6647.414794520556,150.99113308460528,150.9816492422345,21,
2023-08-07,19150.0,19590.0,32254.560546875,344768.93999999994,18,0.0,0.0,0.0,0.0,81.1509041095851,1057860.0,105826057.58686702,105844794.91075744,18737.323890411022,100.05557910381094,100.03786662400225,21,
2023-08-08,19760.0,19705.0,32377.2890625,533626.704,27,1066826.592,27703.91589041103,22075.86537727403,5628.050513137001,40.8136438356014,532035.0,105848133.45224428,105846500.93460044,-1632.5176438356434,198.9464996374307,198.9464996374307,21,
2023-08-09,19605.0,19530.0,32204.330078125,431396.262,22,0.0,0.0,0.0,0.0,73.4113972602645,956970.0,105848133.45224428,105839966.26120318,-8167.191041095905,110.59904308515752,110.59904308515752,21,
2023-08-10,19350.0,19860.0,32473.650390625,96769.34999999999,5,0.0,0.0,0.0,0.0,82.26936986297369,1072440.0,105848133.45224428,105858584.64183332,10451.18958904109,98.70816515780213,98.69841991369613,21,
2023-08-14,19845.0,19340.0,32059.91015625,0.0,0,99205.155,2428.187465753432,1934.9011820856224,493.28628366780976,72.69720547948964,947660.0,105850068.35342637,105832443.81334418,-17624.540082191794,111.67765212559797,111.67765212559797,21,
2023-08-15,19700.0,19530.0,32238.890625,19703.94,1,0.0,0.0,0.0,0.0,74.90958904114086,976500.0,105850068.35342637,105841504.96375513,-8563.38967123289,108.38863795571442,108.38863795571442,21,
2023-08-16,19170.0,18995.0,31766.8203125,0.0,0,0.0,0.0,0.0,0.0,72.85753424651921,949750.0,105850068.35342637,105814682.10622089,-35386.24720547946,111.41319516317019,111.41319516317019,21,
2023-08-17,18805.0,18770.0,31626.0,733541.679,39,0.0,0.0,0.0,0.0,128.15024657535832,1670530.0,105850068.35342637,105801792.2769743,-48276.07645205482,63.33426653635332,63.33426653635332,21,
2023-08-18,18445.0,18580.0,31450.759765625,737947.5599999999,40,0.0,0.0,0.0,0.0,183.86564383562654,2396820.0,105850068.35342637,105789950.85133047,-60117.50209589037,44.137628545877654,44.137628545877654,21,
2023-08-21,18730.0,18710.0,31565.640625,730616.0939999999,39,0.0,0.0,0.0,0.0,241.12832876713946,3143280.0,105850068.35342637,105805553.6290017,-44514.72442465741,33.660874509748325,33.660874509748325,21,
2023-08-22,19025.0,19090.0,31856.7109375,742123.395,39,760847.8,22785.815890411068,18156.87739227406,4628.9384981370085,244.5612054793164,3188030.0,105868225.23081864,105864154.53429809,-4070.696520547907,33.20676233733625,33.20676233733625,21,
2023-08-23,18900.0,19275.0,32010.259765625,113422.68,6,1473905.1600000001,9409.465356164605,7497.932469059765,1911.5328871048393,140.4698630135972,1831125.0,105875723.1632877,105865680.01154797,-10043.15173972605,57.81455663133209,57.81455663133209,21,
2023-08-24,19460.0,19560.0,32287.2109375,0.0,0,116736.648,3305.0962191780905,2633.665922252061,671.4302969260291,133.5438904109178,1740840.0,105878356.82920995,105891326.68536064,12969.856150684898,60.82771919611259,60.8202688525137,21,
2023-08-25,18980.0,18770.0,31624.279296875,0.0,0,0.0,0.0,0.0,0.0,128.15024657535832,1670530.0,105878356.82920995,105820888.53511406,-57468.294095890444,63.345697793582914,63.345697793582914,21,
2023-08-28,19140.0,19450.0,32169.990234375,76575.312,4,0.0,0.0,0.0,0.0,138.76109589042608,1808850.0,105878356.82920995,105882494.46201818,4137.632808219142,58.53580698345257,58.53351954513086,21,
2023-08-29,19575.0,19470.0,32226.970703125,0.0,0,841556.6549999999,22564.335013698546,17980.390355665688,4583.9446580328595,74.67945205478463,973500.0,105896337.21956563,105884042.49290809,-12294.726657534258,108.7663507888116,108.7663507888116,21,
2023-08-30,19745.0,19610.0,32333.4609375,0.0,0,0.0,0.0,0.0,0.0,75.21643835608847,980500.0,105896337.21956563,105890967.27646974,-5369.943095890424,107.99690696223328,107.99690696223328,21,
2023-08-31,19675.0,19980.0,32619.33984375,0.0,0,0.0,0.0,0.0,0.0,76.6356164382305,999000.0,105896337.21956563,105909390.6408533,13053.421287671219,106.0154060469002,106.00233955912475,21,
2023-09-01,19810.0,20105.0,32710.619140625,277395.468,14,0.0,0.0,0.0,0.0,98.70728767116088,1286720.0,105896337.21956563,105919616.46556564,23279.245999999992,82.31753331382556,82.29944138551171,43,
2023-09-04,20200.0,20350.0,32939.1796875,0.0,0,1292541.44,29100.685999999914,23188.881639099935,5911.804360899983,0.0,0.0,105919526.10120472,105919526.10120472,0.0,inf,inf,16,
2023-09-05,20380.0,20460.0,33036.76171875,101920.38,5,0.0,0.0,0.0,0.0,7.84767123288475,102300.0,105919526.10120472,105919897.87353349,371.7723287671186,1035.3851209534066,1035.3814868152954,43,
2023-09-06,20580.0,20765.0,33241.01953125,144088.81199999998,7,0.0,0.0,0.0,0.0,19.115178082254715,249180.0,105919526.10120472,105922669.9463554,3143.8451506849506,425.0849584491348,425.0723416855475,3,
2023-09-07,20625.0,20440.0,32991.078125,61887.375,3,0.0,0.0,0.0,0.0,23.520000000018626,306600.0,105919526.10120472,105918179.0513554,-1347.0498493150494,345.46046657324007,345.46046657324007,3,
2023-09-08,20305.0,19940.0,32606.83984375,385872.159,19,0.0,0.0,0.0,0.0,52.00789041095413,677960.0,105919526.10120472,105903614.884465,-15911.216739725995,156.20923783772642,156.20923783772642,3,
2023-09-11,20080.0,19800.0,32467.759765625,743108.592,37,0.0,0.0,0.0,0.0,107.84219178080093,1405800.0,105919526.10120472,105888238.45027322,-31287.65093150676,75.3224060679138,75.3224060679138,3,
2023-09-12,20015.0,20195.0,32776.37109375,800760.12,40,0.0,0.0,0.0,0.0,171.96180821896996,2241645.0,105919526.10120472,105923151.36846499,3625.267260274065,47.252420150588065,47.25080291536114,3,
2023-09-13,20170.0,20080.0,32706.51953125,544698.918,27,0.0,0.0,0.0,0.0,212.57293150690384,2771040.0,105919526.10120472,105907634.8775335,-11891.223671232732,38.21945366271634,38.21945366271634,3,
2023-09-14,20370.0,20700.0,33168.1015625,631596.294,31,0.0,0.0,0.0,0.0,268.36273972596973,3498300.0,105919526.10120472,106003030.22079377,83504.11958904125,30.301297836318717,30.277427922477983,3,
2023-09-15,20970.0,21145.0,33533.08984375,41948.388,2,2180443.824,91375.35953424672,72812.45524486448,18562.90428938222,108.67950684938114,1416715.0,105992338.55644959,106041269.07299754,48930.51654794525,74.85010681258936,74.81556880279349,3,
2023-09-19,20770.0,20770.0,33242.58984375,20774.154,1,1142121.53,22385.1778767124,17837.62899105828,4547.548885654124,20.713095890474506,270010.0,106010176.18544064,106011343.18701598,1167.0015753424918,392.6200629125439,392.6157408445637,43,
2023-09-20,20780.0,20455.0,33023.78125,62352.46799999999,3,0.0,0.0,0.0,0.0,25.10641095903702,327280.0,106010176.18544064,106006235.61260504,-3940.572835616406,323.9007443553075,323.9007443553075,43,
2023-09-21,20290.0,19940.0,32571.029296875,243528.696,12,0.0,0.0,0.0,0.0,42.830027397256345,558320.0,106010176.18544064,105993704.08657762,-16472.098863013664,189.8440035939562,189.8440035939562,43,
2023-09-22,19540.0,19705.0,32402.41015625,547229.424,28,0.0,0.0,0.0,0.0,84.65052054799162,1103480.0,106010176.18544064,105991550.01205708,-18626.173383561603,96.05208070110658,96.05208070110658,43,
2023-09-25,19840.0,20075.0,32678.619140625,535787.136,27,0.0,0.0,0.0,0.0,127.81999999994878,1666225.0,106010176.18544064,106018380.05605708,8203.870616438337,63.6278894243317,63.62296579720064,43,
2023-09-26,20030.0,19625.0,32315.05078125,540918.162,27,560727.8319999999,13412.962739725965,10688.119359150634,2724.84338057533,123.4493150684284,1609250.0,106020864.3047998,105978366.43336144,-42497.8714383562,65.85575046348389,65.85575046348389,43,
2023-09-27,19280.0,19605.0,32371.900390625,539947.968,28,0.0,0.0,0.0,0.0,165.43397260282654,2156550.0,106020864.3047998,105985553.03138883,-35311.27341095893,49.145882558433065,49.145882558433065,43,
2023-09-28,19585.0,19275.0,31872.51953125,842323.4310000001,43,0.0,0.0,0.0,0.0,226.2304109587567,2949075.0,106020864.3047998,105935528.36997788,-85335.93482191794,35.92161215634661,35.92161215634661,3,
2023-09-29,19480.0,19300.0,31857.619140625,740388.0480000001,38,0.0,0.0,0.0,0.0,282.7846575342119,3686300.0,106020864.3047998,105932082.53732035,-88781.76747945225,28.736696019672937,28.736696019672937,16,
2023-10-02,19600.0,19200.0,31759.880859375,666533.2799999999,34,0.0,0.0,0.0,0.0,331.3972602740396,4320000.0,106020864.3047998,105898917.86006007,-121946.44473972611,24.51363839353242,24.51363839353242,16,
2023-10-03,18970.0,18520.0,31237.939453125,777925.5539999999,41,0.0,0.0,0.0,0.0,377.909479451715,4926320.0,106020864.3047998,105726934.39658062,-293929.9082191781,21.461645690207014,21.461645690207014,16,
2023-10-04,17915.0,17700.0,30526.880859375,913847.7329999999,51,0.0,0.0,0.0,0.0,430.425205479376,5610900.0,106020864.3047998,105497236.23837514,-523628.0664246574,18.802195055762024,18.802195055762024,16,
2023-10-05,17945.0,18315.0,31075.359375,735892.149,41,0.0,0.0,0.0,0.0,502.98509589012247,6556770.0,106020864.3047998,105706711.10427925,-314153.20052054786,16.12176591588225,16.12176591588225,15,
2023-10-06,18220.0,18255.0,30994.669921875,856511.268,47,1675904.7519999999,25966.363041096003,20691.29638929735,5275.066651798653,438.3200547946617,5713815.0,106041555.60118909,105677436.20157266,-364119.39961643843,18.49507486706739,18.49507486706739,16,
2023-10-10,18655.0,19135.0,31746.529296875,335857.158,18,0.0,0.0,0.0,0.0,485.87172602745704,6333685.0,106041555.60118909,105960963.17184663,-80592.42934246578,16.729749454203457,16.729749454203457,34,
2023-10-11,19240.0,19345.0,31936.509765625,538827.744,28,1250349.8800000001,57820.2230958905,46074.04477396034,11746.178321930154,436.2960000002058,5687430.0,106087629.64596306,106014047.8335247,-73581.81243835608,18.640062002261953,18.640062002261953,43,
2023-10-12,19600.0,20010.0,32494.66015625,235247.03999999998,12,0.0,0.0,0.0,0.0,469.71419178089127,6123060.0,106087629.64596306,106213961.07933292,126331.43336986311,17.3465491240218,17.32591704898581,43,
2023-10-13,19815.0,19780.0,32315.990234375,19818.963,1,2674489.9949999996,75960.13546575341,60528.833945885606,15431.301519867806,260.9876164380694,3402160.0,106148158.47990894,106132039.82219662,-16118.65771232879,31.195487520339025,31.195487520339025,43,
2023-10-16,19245.0,18970.0,31659.029296875,57746.54699999999,3,0.0,0.0,0.0,0.0,254.66575342451688,3319750.0,106148158.47990894,105991628.60944319,-156529.87046575343,31.927593526453254,31.927593526453254,43,
2023-10-17,19530.0,19410.0,32040.2890625,390678.12,20,0.0,0.0,0.0,0.0,290.35232876683585,3784950.0,106148158.47990894,106065860.13711442,-82298.34279452056,28.023054501939107,28.023054501939107,43,
2023-10-18,19420.0,19460.0,32042.25,310782.144,16,0.0,0.0,0.0,0.0,314.98542465735227,4106060.0,106148158.47990894,106075873.00768976,-72285.47221917805,25.833980265190903,25.833980265190903,43,
2023-10-19,18845.0,18730.0,31430.619140625,358126.61100000003,19,0.0,0.0,0.0,0.0,330.46904109581374,4307900.0,106148158.47990894,105919255.92764866,-228902.55226027392,24.587213242565674,24.587213242565674,43,
2023-10-20,18480.0,18515.0,31259.359375,683896.752,37,0.0,0.0,0.0,0.0,379.22778082219884,4943505.0,106148158.47990894,105870584.94786784,-277573.53204109584,21.416097474942948,21.416097474942948,16,
2023-10-23,18380.0,18215.0,30999.55078125,716963.364,39,0.0,0.0,0.0,0.0,427.57841095875483,5573790.0,106148158.47990894,105783479.0054569,-364679.47445205477,18.97873421952691,18.97873421952691,16,
2023-10-24,18400.0,18295.0,31062.349609375,680936.16,37,0.0,0.0,0.0,0.0,481.38405479467474,6275185.0,106148158.47990894,105803456.46140209,-344702.0185068493,16.860611513668854,16.860611513668854,16,
2023-10-25,18575.0,18470.0,31269.919921875,650255.025,35,0.0,0.0,0.0,0.0,535.579397260095,6981660.0,106148158.47990894,105859140.85700484,-289017.62290410954,15.162460053483676,15.162460053483676,16,
2023-10-26,17960.0,17695.0,30601.779296875,341308.248,19,0.0,0.0,0.0,0.0,538.897589041153,7024915.0,106148158.47990894,105560548.7114158,-587609.7684931508,15.026594444404779,15.026594444404779,16,
2023-10-27,17910.0,18190.0,30991.689453125,734456.862,41,0.0,0.0,0.0,0.0,611.1840000001248,7967220.0,106148158.47990894,105767785.6654158,-380372.81449315057,13.275369032788827,13.275369032788827,21,
2023-10-30,17735.0,17815.0,30696.9609375,195124.017,11,0.0,0.0,0.0,0.0,613.6169315070147,7998935.0,106148158.47990894,105603763.03148429,-544395.4484246576,13.202227925528122,13.202227925528122,16,
2023-10-31,17800.0,18030.0,30858.849609375,729945.9600000001,41,0.0,0.0,0.0,0.0,677.7304109586403,8834700.0,106148158.47990894,105708904.34107332,-439254.1388356165,11.965194555680817,11.965194555680817,21,
2023-11-01,18700.0,18855.0,31601.650390625,168333.65999999997,9,972205.52,47048.58765753422,37490.667074906145,9557.920582628078,646.5456986301579,8428185.0,106185649.14698385,106096056.73479207,-89592.41219178075,12.588244887219735,12.588244887219735,21,
2023-11-02,19355.0,19290.0,31949.890625,0.0,0,4025034.832,215301.6503150687,171563.12005356248,43738.5302615062,353.667616438237,4610310.0,106357212.2670374,106259124.36891411,-98087.89812328762,23.048151722750557,23.048151722750557,16,
2023-11-06,20015.0,20190.0,32708.48046875,0.0,0,180098.973,11738.977273972627,9354.204040765087,2384.7732332075393,356.2290410960559,4643700.0,106366566.47107817,106469872.33963981,103305.86856164382,22.927810224527814,22.90556376834812,43,
2023-11-07,20000.0,19645.0,32271.8203125,0.0,0,2939412.0,73806.82409589044,58812.967780810286,14993.85631508014,125.0821369860787,1630535.0,106425379.43885899,106381000.40118775,-44379.03767123291,65.2430033094584,65.2430033094584,43,
2023-11-08,19955.0,19525.0,32166.48046875,0.0,0,0.0,0.0,0.0,0.0,124.31808219174854,1620575.0,106425379.43885899,106370916.08310556,-54463.355753424694,65.63776195677804,65.63776195677804,43,
2023-11-09,19680.0,20160.0,32646.4609375,19683.935999999998,1,0.0,0.0,0.0,0.0,129.9077260273043,1693440.0,106425379.43885899,106423967.23937954,-1412.1994794520842,62.844840820684254,62.844840820684254,43,
2023-11-10,19865.0,20050.0,32568.109375,0.0,0,0.0,0.0,0.0,0.0,129.19890410988592,1684200.0,106425379.43885899,106414598.04047543,-10781.398383561671,63.18406248692283,63.18406248692283,43,
2023-11-13,20425.0,20025.0,32585.109375,40858.17,2,0.0,0.0,0.0,0.0,132.11013698624447,1722150.0,106425379.43885899,106411557.76033844,-13821.678520547974,61.789947310245005,61.789947310245005,43,
2023-11-14,20300.0,20195.0,32695.9296875,142128.42,7,0.0,0.0,0.0,0.0,144.07610958896112,1878135.0,106425379.43885899,106425270.26422885,-109.17463013702627,56.665399592802885,56.665399592802885,43,
2023-11-15,20810.0,21200.0,33519.69921875,62442.486000000004,3,0.0,0.0,0.0,0.0,156.12493150681257,2035200.0,106425379.43885899,106519736.65329733,94357.21443835611,52.33870708200537,52.29234445698653,43,
2023-11-16,21050.0,21035.0,33424.41015625,0.0,0,1767846.3600000003,76976.11206849325,61338.41490177885,15637.697166714408,19.363726027309895,252420.0,106486717.85376076,106489145.9524046,2428.0986438356213,421.8728545773101,421.86323529736455,43,
2023-11-17,20920.0,21250.0,33585.19921875,0.0,0,0.0,0.0,0.0,0.0,19.561643835622817,255000.0,106486717.85376076,106491706.39076076,4988.537000000005,417.6145348657285,417.5949719755324,43,
2023-11-20,21215.0,20995.0,33388.03125,0.0,0,0.0,0.0,0.0,0.0,19.326904109679163,251940.0,106486717.85376076,106488627.06385666,1909.2100958904157,422.67455371857056,422.66697568373723,43,
2023-11-21,21100.0,21005.0,33354.140625,21104.22,1,0.0,0.0,0.0,0.0,20.94745205459185,273065.0,106486717.85376076,106488626.8964046,1909.04264383562,389.9753791090202,389.96838794338623,43,
2023-11-22,20750.0,21090.0,33451.828125,20754.149999999998,1,0.0,0.0,0.0,0.0,22.650082191452384,295260.0,106486717.85376076,106490045.0963224,3327.2425616438413,360.66532918892636,360.65406033245534,43,
2023-11-24,21510.0,21325.0,33625.53125,86057.208,4,0.0,0.0,0.0,0.0,29.446027397178113,383850.0,106486717.85376076,106492548.44229501,5830.588534246583,277.4327170569103,277.4175272991032,43,
2023-11-27,21450.0,21055.0,33447.671875,42908.58,2,64337.13,2210.6564794520523,1761.561615651368,449.09486380068444,27.45802739704959,357935.0,106488479.41537641,106487585.4394038,-893.9759726027347,297.505372314537,297.505372314537,43,
2023-11-28,21195.0,21040.0,33408.390625,105996.19499999999,5,0.0,0.0,0.0,0.0,35.508602739544585,462880.0,106488479.41537641,106486498.73580107,-1980.6795753424528,230.05206259894805,230.05206259894805,43,
2023-11-29,20855.0,20925.0,33321.21875,104295.855,5,0.0,0.0,0.0,0.0,43.34054794511758,564975.0,106488479.41537641,106484254.54025312,-4224.875123287655,188.47604679897893,188.47604679897893,43,
2023-11-30,20820.0,21120.0,33486.890625,145769.14800000002,7,0.0,0.0,0.0,0.0,55.08558904088568,718080.0,106488479.41537641,106491535.30666408,3055.891287671234,148.30037782233745,148.29612218050414,43,
2023-12-01,21240.0,21085.0,33431.51171875,127465.488,6,0.0,0.0,0.0,0.0,64.69917808193713,843400.0,106488479.41537641,106489325.119486,845.7041095890447,126.26194583766421,126.26094310573443,43,
2023-12-04,20940.0,20795.0,33231.26953125,188497.69199999998,9,0.0,0.0,0.0,0.0,78.1664109590929,1018955.0,106488479.41537641,106476304.26107503,-12175.15430136984,104.49559034606537,104.49559034606537,43,
2023-12-05,20540.0,20250.0,32775.8203125,287617.512,14,0.0,0.0,0.0,0.0,97.86575342458673,1275750.0,106488479.41537641,106445383.88332161,-43095.53205479449,83.43749471551763,83.43749471551763,43,
2023-12-06,20430.0,21070.0,33445.8984375,551720.3219999999,27,0.0,0.0,0.0,0.0,145.46958904131316,1896300.0,106488479.41537641,106514068.09173258,25588.67635616449,56.16941838935431,56.155924387162585,43,
2023-12-07,20695.0,20350.0,32858.30859375,165593.112,8,558653.247,6889.284123287718,5489.726053641818,1399.5580696458999,110.83780821890105,1444850.0,106493969.14143005,106454167.83085471,-39801.31057534242,73.67835265311604,73.67835265311604,43,
2023-12-08,19900.0,19605.0,32307.859375,537407.46,27,0.0,0.0,0.0,0.0,147.38663013686892,1921290.0,106493969.14143005,106393052.98422457,-100916.15720547935,55.37584278491252,55.37584278491252,43,
2023-12-11,20170.0,20260.0,32791.80078125,544698.918,27,0.0,0.0,0.0,0.0,194.27397260256112,2532500.0,106493969.14143005,106459369.79225197,-34599.34917808206,42.03726349151115,42.03726349151115,43,
2023-12-12,20650.0,20265.0,32843.69921875,537007.38,26,0.0,0.0,0.0,0.0,234.74087671225425,3060015.0,106493969.14143005,106449642.67137526,-44326.470054794394,34.78729439933309,34.78729439933309,43,
2023-12-13,20445.0,20380.0,32926.3515625,347634.513,17,0.0,0.0,0.0,0.0,262.650739725912,3423840.0,106493969.14143005,106465570.50763553,-28398.633794520403,31.095369674878363,31.095369674878363,43,
2023-12-14,20550.0,20075.0,32686.25,513852.75,25,0.0,0.0,0.0,0.0,297.21999999997206,3874475.0,106493969.14143005,106402055.53763554,-91913.6037945204,27.462315678288164,27.462315678288164,43,
2023-12-15,20200.0,20470.0,32970.55078125,141428.28,7,0.0,0.0,0.0,0.0,314.0602739726892,4094000.0,106493969.14143005,106479838.19736156,-14130.944068492994,26.008753834235847,26.008753834235847,17,
2023-12-18,20235.0,20185.0,32758.98046875,80956.188,4,0.0,0.0,0.0,0.0,315.8814246574184,4117740.0,106493969.14143005,106422306.1279369,-71663.01349315055,25.84483384767783,25.84483384767783,17,
2023-12-19,20235.0,20705.0,33219.390625,121434.28199999999,6,0.0,0.0,0.0,0.0,333.54904109600466,4348050.0,106493969.14143005,106530848.2968958,36879.15546575359,24.500833315370294,24.49235154642427,17,
2023-12-20,21055.0,21350.0,33675.94140625,63177.633,3,0.0,0.0,0.0,0.0,348.85315068496857,4547550.0,106493969.14143005,106666821.81074512,172852.66931506863,23.455887634164576,23.417877569555046,17,
2023-12-21,20830.0,20610.0,33140.46875,41668.332,2,1124595.0359999998,41769.97126027391,33284.40159874927,8485.569661524645,254.54761643859092,3318210.0,106527253.5430288,106511668.39746715,-15585.145561643763,32.09913429152078,32.09913429152078,17,
2023-12-22,20780.0,20645.0,33169.05078125,83136.624,4,0.0,0.0,0.0,0.0,261.3147945207311,3406425.0,106527253.5430288,106516485.45867264,-10768.084356164309,31.26928831800866,31.26928831800866,17,
2023-12-25,20960.0,20790.0,33254.03125,83856.768,4,0.0,0.0,0.0,0.0,269.5295342467725,3513510.0,106527253.5430288,106539444.16113839,12190.618109589119,30.322795199426892,30.319325558495294,17,
2023-12-26,20850.0,20810.0,33305.8515625,62562.509999999995,3,0.0,0.0,0.0,0.0,274.5779726029141,3579320.0,106527253.5430288,106542417.07316579,15163.530136986386,29.766105593566877,29.761869165939007,17,
2023-12-27,21095.0,21320.0,33681.23828125,0.0,0,0.0,0.0,0.0,0.0,281.30717808229383,3667040.0,106527253.5430288,106629855.76598771,102602.22295890417,29.077909094525204,29.049929518911384,44,
2023-12-28,21055.0,21185.0,33539.62109375,0.0,0,0.0,0.0,0.0,0.0,279.52591780829243,3643820.0,106527253.5430288,106606356.2400699,79102.69704109598,29.2567569858198,29.235048257880138,44,
2023-12-29,21135.0,21055.0,33464.171875,0.0,0,0.0,0.0,0.0,0.0,277.81063013663515,3621460.0,106527253.5430288,106583718.42943975,56464.88641095899,29.431146120470682,29.41555437393449,44,
2024-01-04,20375.0,20880.0,33288.2890625,0.0,0,0.0,0.0,0.0,0.0,275.50158904097043,3591360.0,106527253.5430288,106553342.92785072,26089.38482191789,29.66935727074165,29.662092784635572,44,
2024-01-05,20960.0,21010.0,33377.421875,0.0,0,0.0,0.0,0.0,0.0,277.2168767125113,3613720.0,106527253.5430288,106575425.71097401,48172.16794520557,29.491888057451604,29.47855770315044,44,
2024-01-09,21510.0,21490.0,33763.1796875,0.0,0,0.0,0.0,0.0,0.0,283.55024657503236,3696280.0,106527253.5430288,106657702.16072743,130448.61769863023,28.85541738199688,28.820125516202452,44,
2024-01-10,21670.0,22375.0,34441.71875,0.0,0,0.0,0.0,0.0,0.0,295.22739726048894,3848500.0,106527253.5430288,106809626.93333018,282373.39030137,27.753573322938852,27.680200998578357,44,
2024-01-11,23050.0,23195.0,35049.859375,0.0,0,3134173.0399999996,330550.1097534247,263398.8549570164,67151.25479640822,64.05632876709569,835020.0,106790652.39798582,106863104.662205,72452.26421917812,127.9767007523233,127.88993365187159,44,
2024-01-12,23535.0,23825.0,35577.109375,0.0,0,847090.548,84522.81221917816,67352.00291685213,17170.80930232604,0.0,0.0,106858004.40090267,106858004.40090267,0.0,inf,inf,44,
2024-01-15,23895.0,23915.0,35901.7890625,0.0,0,0.0,0.0,0.0,0.0,0.0,0.0,106858004.40090267,106858004.40090267,0.0,inf,inf,44,
2024-01-16,23895.0,23910.0,35619.1796875,0.0,0,0.0,0.0,0.0,0.0,0.0,0.0,106858004.40090267,106858004.40090267,0.0,inf,inf,44,
2024-01-17,24255.0,23690.0,35477.75,0.0,0,0.0,0.0,0.0,0.0,0.0,0.0,106858004.40090267,106858004.40090267,0.0,inf,inf,44,
2024-01-18,23560.0,23660.0,35466.171875,0.0,0,0.0,0.0,0.0,0.0,0.0,0.0,106858004.40090267,106858004.40090267,0.0,inf,inf,44,
2024-01-19,24495.0,24340.0,35963.26953125,0.0,0,0.0,0.0,0.0,0.0,0.0,0.0,106858004.40090267,106858004.40090267,0.0,inf,inf,44,
2024-01-22,24840.0,25155.0,36546.94921875,0.0,0,0.0,0.0,0.0,0.0,0.0,0.0,106858004.40090267,106858004.40090267,0.0,inf,inf,44,
2024-01-23,25220.0,25080.0,36517.5703125,0.0,0,0.0,0.0,0.0,0.0,0.0,0.0,106858004.40090267,106858004.40090267,0.0,inf,inf,44,
2024-01-24,25025.0,24650.0,36226.48046875,0.0,0,0.0,0.0,0.0,0.0,0.0,0.0,106858004.40090267,106858004.40090267,0.0,inf,inf,44,
2024-01-25,24600.0,24725.0,36236.46875,0.0,0,0.0,0.0,0.0,0.0,0.0,0.0,106858004.40090267,106858004.40090267,0.0,inf,inf,44,
2024-01-26,24280.0,24035.0,35751.0703125,0.0,0,0.0,0.0,0.0,0.0,0.0,0.0,106858004.40090267,106858004.40090267,0.0,inf,inf,44,
2024-01-29,24130.0,24405.0,36026.94140625,0.0,0,0.0,0.0,0.0,0.0,0.0,0.0,106858004.40090267,106858004.40090267,0.0,inf,inf,44,
2024-01-30,24665.0,24445.0,36065.859375,0.0,0,0.0,0.0,0.0,0.0,0.0,0.0,106858004.40090267,106858004.40090267,0.0,inf,inf,44,
2024-01-31,23990.0,24760.0,36286.7109375,647859.546,27,0.0,0.0,0.0,0.0,51.283726027351804,668520.0,106858004.40090267,106878613.57117665,20609.17027397263,159.87347210431497,159.84264405089252,2,
2024-02-01,24295.0,24335.0,36011.4609375,0.0,0,0.0,0.0,0.0,0.0,50.40345205483027,657045.0,106858004.40090267,106867088.1677246,9083.766821917836,162.648050236627,162.6342250544524,44,
2024-02-02,24690.0,24590.0,36158.01953125,0.0,0,0.0,0.0,0.0,0.0,50.93161643831991,663930.0,106858004.40090267,106873922.23610815,15917.83520547948,160.97167206800137,160.94769689711669,44,
2024-02-05,25000.0,24880.0,36354.16015625,0.0,0,0.0,0.0,0.0,0.0,51.532273972639814,671760.0,106858004.40090267,106881700.70383418,23696.302931506878,159.10697377610185,159.07169882235124,44,
2024-02-06,24710.0,24550.0,36160.66015625,0.0,0,0.0,0.0,0.0,0.0,50.84876712330151,662850.0,106858004.40090267,106872739.85506706,14735.45416438359,161.2321639210486,161.20993347047246,44,
2024-02-07,24260.0,24540.0,36119.921875,0.0,0,0.0,0.0,0.0,0.0,50.82805479457602,662580.0,106858004.40090267,106872419.02701226,14414.626109589068,161.29738148904624,161.27562618989808,44,
2024-02-08,24870.0,25535.0,36863.28125,0.0,0,0.0,0.0,0.0,0.0,52.88893150689546,689445.0,106858004.40090267,106899231.13808076,41226.73717808222,155.05113698421303,154.9913399921715,44,
2024-02-09,25720.0,25590.0,36897.421875,0.0,0,0.0,0.0,0.0,0.0,53.0028493150603,690930.0,106858004.40090267,106900663.13523144,42658.734328767154,154.71996169688887,154.6582206604181,44,
2024-02-13,26450.0,27060.0,37963.96875,0.0,0,714007.1699999999,65735.90432876708,52381.65536437805,13354.248964389031,0.0,0.0,106910386.05626705,106910386.05626705,0.0,inf,inf,44,
2024-02-14,26685.0,26710.0,37703.3203125,0.0,0,0.0,0.0,0.0,0.0,0.0,0.0,106910386.05626705,106910386.05626705,0.0,inf,inf,2,
2024-02-15,27210.0,27325.0,38157.94140625,0.0,0,0.0,0.0,0.0,0.0,0.0,0.0,106910386.05626705,106910386.05626705,0.0,inf,inf,44,
2024-02-16,28055.0,27810.0,38487.23828125,0.0,0,0.0,0.0,0.0,0.0,0.0,0.0,106910386.05626705,106910386.05626705,0.0,inf,inf,44,
2024-02-19,27735.0,27745.0,38470.37890625,0.0,0,0.0,0.0,0.0,0.0,0.0,0.0,106910386.05626705,106910386.05626705,0.0,inf,inf,44,
2024-02-20,27820.0,27640.0,38363.609375,0.0,0,0.0,0.0,0.0,0.0,0.0,0.0,106910386.05626705,106910386.05626705,0.0,inf,inf,44,
2024-02-21,27390.0,27485.0,38262.16015625,0.0,0,0.0,0.0,0.0,0.0,0.0,0.0,106910386.05626705,106910386.05626705,0.0,inf,inf,44,
2024-02-22,28290.0,28685.0,39098.6796875,0.0,0,0.0,0.0,0.0,0.0,0.0,0.0,106910386.05626705,106910386.05626705,0.0,inf,inf,44,
2024-02-26,29030.0,28790.0,39233.7109375,0.0,0,0.0,0.0,0.0,0.0,0.0,0.0,106910386.05626705,106910386.05626705,0.0,inf,inf,2,
2024-02-27,28870.0,28880.0,39239.51953125,0.0,0,0.0,0.0,0.0,0.0,0.0,0.0,106910386.05626705,106910386.05626705,0.0,inf,inf,2,
2024-02-28,28870.0,28810.0,39208.03125,0.0,0,0.0,0.0,0.0,0.0,0.0,0.0,106910386.05626705,106910386.05626705,0.0,inf,inf,2,
2024-02-29,28460.0,28805.0,39166.19140625,0.0,0,0.0,0.0,0.0,0.0,0.0,0.0,106910386.05626705,106910386.05626705,0.0,inf,inf,2,
2024-03-01,29005.0,29905.0,39910.8203125,0.0,0,0.0,0.0,0.0,0.0,0.0,0.0,106910386.05626705,106910386.05626705,0.0,inf,inf,2,
2024-03-04,30410.0,30160.0,40109.23046875,0.0,0,0.0,0.0,0.0,0.0,0.0,0.0,106910386.05626705,106910386.05626705,0.0,inf,inf,44,
2024-03-05,29930.0,30170.0,40097.62890625,0.0,0,0.0,0.0,0.0,0.0,0.0,0.0,106910386.05626705,106910386.05626705,0.0,inf,inf,2,
2024-03-06,29755.0,30170.0,40090.78125,0.0,0,0.0,0.0,0.0,0.0,0.0,0.0,106910386.05626705,106910386.05626705,0.0,inf,inf,2,
2024-03-07,30580.0,29395.0,39598.7109375,0.0,0,0.0,0.0,0.0,0.0,0.0,0.0,106910386.05626705,106910386.05626705,0.0,inf,inf,2,
2024-03-08,29565.0,29500.0,39688.94140625,532276.434,18,0.0,0.0,0.0,0.0,40.73424657538999,531000.0,106910386.05626705,106909068.88802047,-1317.1682465753508,201.3353463051233,201.3353463051233,2,
2024-03-11,28505.0,28220.0,38820.48828125,627235.422,22,0.0,0.0,0.0,0.0,86.59287671232596,1128800.0,106910386.05626705,106879546.87314376,-30839.1831232877,94.68421941277796,94.68421941277796,2,
2024-03-12,27780.0,28220.0,38797.51171875,639067.7880000001,23,0.0,0.0,0.0,0.0,136.38378082192503,1777860.0,106910386.05626705,106889402.70136294,-20983.354904109674,60.1225083535053,60.1225083535053,2,
2024-03-13,28720.0,28040.0,38695.96875,631966.368,22,0.0,0.0,0.0,0.0,182.83616438356694,2383400.0,106910386.05626705,106862793.49719857,-47592.559068493254,44.83628157136803,44.83628157136803,2,
2024-03-14,27900.0,28255.0,38807.37890625,641828.34,23,0.0,0.0,0.0,0.0,234.09073972608894,3051540.0,106910386.05626705,106888871.06645884,-21514.989808219252,35.02784530645472,35.02784530645472,2,
2024-03-15,27800.0,28055.0,38707.640625,639527.8799999999,23,0.0,0.0,0.0,0.0,281.93353424675297,3675205.0,106910386.05626705,106872726.25292459,-37659.80334246572,29.079391830639267,29.079391830639267,2,
2024-03-18,28460.0,29550.0,39740.44140625,626245.2239999999,22,0.0,0.0,0.0,0.0,346.827945205383,4521150.0,106910386.05626705,107092079.20097938,181693.14471232885,23.686911339145876,23.646723965421863,2,
2024-03-19,29320.0,29900.0,40003.6015625,0.0,0,3957408.3600000003,150503.882164384,119929.0185026894,30574.86366169461,41.28657534241211,538200.0,107030315.07476974,107035921.41074234,5606.335972602731,198.87759459446738,198.86717776805972,2,
2024-03-21,30800.0,31140.0,40815.66015625,92418.48,3,0.0,0.0,0.0,0.0,50.16526027396321,653940.0,107030315.07476974,107059192.76548207,28877.690712328764,163.71409114824306,163.66993160652314,2,
2024-03-22,31470.0,31320.0,40888.4296875,0.0,0,566346.708,33710.04517808217,26861.849500154774,6848.195677927392,7.2078904109075665,93960.0,107057176.9242699,107058704.06991373,1527.1456438356206,1139.4072378662593,1139.3909847197733,2,
2024-03-25,31130.0,30590.0,40414.12109375,0.0,0,0.0,0.0,0.0,0.0,7.039890410960652,91770.0,107057176.9242699,107056507.03002332,-669.8942465753383,1166.574120409974,1166.574120409974,2,
2024-03-26,30560.0,30580.0,40398.03125,0.0,0,0.0,0.0,0.0,0.0,7.0375890410505235,91740.0,107057176.9242699,107056469.99243428,-706.9318356164342,1166.955199394313,1166.955199394313,2,
2024-03-27,30700.0,31080.0,40762.73046875,644828.94,21,0.0,0.0,0.0,0.0,57.22126027394552,745920.0,107057176.9242699,107065763.83117402,8586.906904109648,143.53518317135084,143.52367133777068,2,
2024-03-28,30860.0,30460.0,40168.0703125,246929.376,8,0.0,0.0,0.0,0.0,74.77304109593388,974720.0,107057176.9242699,107047559.68213291,-9617.242136986231,109.8239080783537,109.8239080783537,2,
2024-03-29,30790.0,30810.0,40369.44140625,646719.318,21,0.0,0.0,0.0,0.0,125.26586301380303,1632930.0,107057176.9242699,107058925.0982699,1748.1740000001005,65.56247058861672,65.561400013638,2,
2024-04-01,30790.0,30000.0,39803.08984375,646719.318,21,0.0,0.0,0.0,0.0,170.3013698629802,2220000.0,107057176.9242699,106999105.47890003,-58071.44536986288,48.19779526076578,48.19779526076578,2,
2024-04-02,30160.0,30040.0,39838.91015625,633486.672,21,0.0,0.0,0.0,0.0,218.92164383572526,2853800.0,107057176.9242699,106999199.8852562,-57977.039013698515,37.49358745716455,37.49358745716455,2,
2024-04-03,29580.0,29465.0,39451.8515625,650890.152,22,0.0,0.0,0.0,0.0,264.458465753356,3447405.0,107057176.9242699,106941650.27479045,-115526.64947945195,31.020912911244967,31.020912911244967,2,
2024-04-04,30250.0,30000.0,39773.140625,635377.0499999999,21,0.0,0.0,0.0,0.0,317.5890410958091,4140000.0,107057176.9242699,106998550.63574935,-58626.288520547765,25.845060540036076,25.845060540036076,2,
2024-04-05,29055.0,28775.0,38992.078125,639337.842,22,0.0,0.0,0.0,0.0,353.18356164416764,4604000.0,107057176.9242699,106822859.61018771,-234317.31408219156,23.202184971804456,23.202184971804456,2,
2024-04-08,29275.0,29250.0,39347.0390625,644178.8099999999,22,0.0,0.0,0.0,0.0,408.37808219203725,5323500.0,107057176.9242699,106897772.42210552,-159404.50216438327,20.08035548456946,20.08035548456946,2,
2024-04-09,29500.0,29895.0,39773.12890625,649129.7999999999,22,0.0,0.0,0.0,0.0,467.8362739722943,6098580.0,107057176.9242699,107023254.78583154,-33922.1384383558,17.548881015880998,17.548881015880998,2,
2024-04-10,29640.0,29560.0,39581.80859375,622564.488,21,651949.584,12463.361945205565,9931.429966037054,2531.93197916851,460.3261369866086,6000680.0,107067108.35423593,106951747.62371539,-115360.73052054766,17.823271299871912,17.823271299871912,2,
2024-04-11,28975.0,29425.0,39442.62890625,608596.695,21,0.0,0.0,0.0,0.0,505.6263013695134,6591200.0,107067108.35423593,106933165.30241401,-133943.05182191747,16.223626244449267,16.223626244449267,2,
2024-04-12,29810.0,29545.0,39523.55078125,626135.202,21,0.0,0.0,0.0,0.0,555.2841095884796,7238525.0,107067108.35423593,106953799.81630443,-113308.53793150657,14.775634513427034,14.775634513427034,2,
2024-04-15,28780.0,29070.0,39232.80078125,28785.755999999998,1,0.0,0.0,0.0,0.0,548.586739726481,7151220.0,107067108.35423593,106837160.4735647,-229947.88067123256,14.939711052598675,14.939711052598675,2,
2024-04-16,28215.0,27980.0,38471.19921875,649074.789,23,0.0,0.0,0.0,0.0,577.3845479449956,7526620.0,107067108.35423593,106562908.30001676,-504200.05421917787,14.158135829896654,14.158135829896654,2,
2024-04-17,28180.0,27255.0,37961.80078125,56371.272,2,0.0,0.0,0.0,0.0,566.6053150683874,7386105.0,107067108.35423593,106365455.42270169,-701652.9315342463,14.400750520430144,14.400750520430144,44,
2024-04-18,26930.0,27385.0,38079.69921875,781126.1939999999,29,0.0,0.0,0.0,0.0,630.2301369857742,8215500.0,107067108.35423593,106413093.9985647,-654014.3556712326,12.95272277993606,12.95272277993606,44,
2024-04-19,26695.0,25960.0,37068.3515625,560707.119,21,0.0,0.0,0.0,0.0,639.2561095893616,8333160.0,107067108.35423593,105969407.6234551,-1097700.7307808215,12.716593419957748,12.716593419957748,44,
2024-04-22,26150.0,26460.0,37438.609375,967743.51,37,0.0,0.0,0.0,0.0,726.6713424657937,9472680.0,107067108.35423593,106140457.44211264,-926650.9121232872,11.204902671906224,11.204902671906224,44,
2024-04-23,26905.0,26560.0,37552.16015625,511297.239,19,0.0,0.0,0.0,0.0,768.1297534250189,10013120.0,107067108.35423593,106168832.07335922,-898276.2808767117,10.602972107930318,10.602972107930318,44,exposure_limit_hit
2024-04-24,27255.0,27830.0,38460.078125,0.0,0,0.0,0.0,0.0,0.0,804.8588493152056,10491910.0,107067108.35423593,106646817.2145099,-420291.13972602703,10.164671371991364,10.164671371991364,44,exposure_limit_hit
2024-04-25,27165.0,26705.0,37628.48046875,0.0,0,1004903.9789999999,36930.98790410951,29428.457711389667,7502.530192719847,696.5249315067194,9079700.0,107096536.81194733,106231312.13838568,-865224.6735616433,11.699870275271836,11.699870275271836,44,
2024-04-26,26900.0,27110.0,37934.76171875,322864.56,12,0.0,0.0,0.0,0.0,732.0442739727441,9542720.0,107096536.81194733,106370735.53411171,-725801.2778356161,11.146794156604376,11.146794156604376,44,
2024-04-30,27610.0,27705.0,38405.66015625,0.0,0,0.0,0.0,0.0,0.0,748.1109041096643,9752160.0,107096536.81194733,106579427.42320761,-517109.38873972546,10.928802175436786,10.928802175436786,44,
2024-05-01,27270.0,27535.0,38274.05078125,0.0,0,0.0,0.0,0.0,0.0,743.5204383562086,9692320.0,107096536.81194733,106518843.90276925,-577692.9091780817,10.990025494697786,10.990025494697786,44,
2024-05-02,27230.0,27550.0,38236.0703125,0.0,0,0.0,0.0,0.0,0.0,743.9254794517765,9697600.0,107096536.81194733,106523379.9772898,-573156.8346575338,10.984509567036152,10.984509567036152,44,
2024-05-07,28365.0,28285.0,38835.1015625,0.0,0,0.0,0.0,0.0,0.0,763.7724931502016,9956320.0,107096536.81194733,106781336.20479664,-315200.6071506844,10.724980334581115,10.724980334581115,44,
2024-05-08,28135.0,27445.0,38202.37109375,0.0,0,0.0,0.0,0.0,0.0,741.0901917805895,9660640.0,107096536.81194733,106484915.11460486,-611621.6973424654,11.022552865504238,11.022552865504238,44,
2024-05-09,27540.0,27250.0,38073.98046875,0.0,0,0.0,0.0,0.0,0.0,735.8246575338999,9592000.0,107096536.81194733,106415539.28994733,-680997.5219999994,11.094197173680914,11.094197173680914,44,
2024-05-10,27870.0,27495.0,38229.109375,0.0,0,0.0,0.0,0.0,0.0,742.4403287670575,9678240.0,107096536.81194733,106501036.84961857,-595499.9623287666,11.00417398717314,11.00417398717314,44,
2024-05-13,27395.0,27375.0,38179.4609375,0.0,0,0.0,0.0,0.0,0.0,739.1999999997206,9636000.0,107096536.81194733,106458057.64961857,-638479.1623287668,11.047951188212803,11.047951188212803,44,
2024-05-14,27480.0,27605.0,38356.05859375,0.0,0,0.0,0.0,0.0,0.0,745.4106301368447,9716960.0,107096536.81194733,106538272.23898843,-558264.5729589036,10.964156715576522,10.964156715576522,44,
2024-05-15,28045.0,27700.0,38385.73046875,0.0,0,0.0,0.0,0.0,0.0,747.9758904114133,9750400.0,107096536.81194733,106570964.26309802,-525572.5488493145,10.929906902598665,10.929906902598665,44,
2024-05-16,28200.0,28460.0,38920.26171875,0.0,0,0.0,0.0,0.0,0.0,768.4979726022575,10017920.0,107096536.81194733,106837715.76512541,-258821.04682191732,10.664660504887783,10.664660504887783,44,
2024-05-17,28015.0,28250.0,38787.37890625,0.0,0,812272.513,30050.864260274106,23946.03118579942,6104.8330744746845,699.9808219182305,9124750.0,107120482.84313312,106750013.46422902,-370469.3789041091,11.698952131754735,11.698952131754735,44,
2024-05-20,28220.0,28695.0,39069.6796875,0.0,0,0.0,0.0,0.0,0.0,711.0070684929378,9268485.0,107120482.84313312,106893037.45716052,-227445.38597260235,11.532956837839249,11.532956837839249,44,
2024-05-21,29025.0,28490.0,38946.9296875,0.0,0,609403.095,47855.09572602742,38133.33302928495,9721.762696742471,660.0313424657797,8603980.0,107158616.1761624,106827553.75812131,-331062.41804109566,12.416062538281274,12.416062538281274,44,
2024-05-22,28415.0,28010.0,38617.1015625,0.0,0,0.0,0.0,0.0,0.0,648.911123287864,8459020.0,107158616.1761624,106681944.84699802,-476671.32916438323,12.61161988587307,12.61161988587307,44,
2024-05-23,28415.0,28720.0,39103.21875,0.0,0,0.0,0.0,0.0,0.0,665.3597808222985,8673440.0,107158616.1761624,106895699.4872172,-262916.68894520524,12.324487110906077,12.324487110906077,44,
2024-05-24,27720.0,28025.0,38646.109375,0.0,0,859148.1359999999,23741.688287671233,18918.564312030823,4823.123975640411,582.6128767119953,7594775.0,107177534.74047443,106670776.88636485,-506757.8541095888,14.045284670890823,14.045284670890823,44,
2024-05-27,28225.0,28400.0,38900.01953125,0.0,0,0.0,0.0,0.0,0.0,590.4087671230081,7696400.0,107177534.74047443,106771811.47759771,-405723.26287671196,13.87295507998515,13.87295507998515,44,
2024-05-28,28400.0,28340.0,38855.37109375,0.0,0,0.0,0.0,0.0,0.0,589.1614246572135,7680140.0,107177534.74047443,106754962.31617306,-422572.4243013695,13.90013233042276,13.90013233042276,44,
2024-05-29,28375.0,27865.0,38556.87109375,0.0,0,0.0,0.0,0.0,0.0,579.2866301367758,7551415.0,107177534.74047443,106625658.02954292,-551876.7109315065,14.119957389382376,14.119957389382376,44,
2024-05-30,27000.0,27150.0,38054.12890625,0.0,0,0.0,0.0,0.0,0.0,564.4224657529267,7357650.0,107177534.74047443,106431328.60707717,-746206.1333972599,14.465397050291488,14.465397050291488,44,
2024-05-31,27270.0,27810.0,38487.8984375,0.0,0,0.0,0.0,0.0,0.0,578.1432328762021,7536510.0,107177534.74047443,106609610.4638443,-567924.2766301365,14.145753201925599,14.145753201925599,44,
2024-06-03,28180.0,28470.0,38923.03125,0.0,0,0.0,0.0,0.0,0.0,591.8639999993611,7715370.0,107177534.74047443,106787878.59984429,-389656.1406301367,13.840927732544815,13.840927732544815,44,
2024-06-04,28060.0,28270.0,38837.4609375,0.0,0,0.0,0.0,0.0,0.0,587.7061917807441,7661170.0,107177534.74047443,106733090.89365251,-444443.8468219175,13.931695928122274,13.931695928122274,44,
2024-06-05,27915.0,27750.0,38490.171875,0.0,0,0.0,0.0,0.0,0.0,576.8958904105239,7520250.0,107177534.74047443,106591593.9977621,-585940.7427123284,14.1739428872394,14.1739428872394,44,
2024-06-06,28545.0,28115.0,38703.51171875,0.0,0,0.0,0.0,0.0,0.0,584.483890411444,7619165.0,107177534.74047443,106689924.5138717,-487610.2266027394,14.002836861240267,14.002836861240267,44,
2024-06-07,27980.0,28040.0,38683.9296875,0.0,0,0.0,0.0,0.0,0.0,582.9247123284731,7598840.0,107177534.74047443,106669016.58915937,-508518.1513150682,14.037539491443347,14.037539491443347,44,
2024-06-10,28025.0,28605.0,39038.16015625,0.0,0,0.0,0.0,0.0,0.0,594.6705205481267,7751955.0,107177534.74047443,106821536.91863881,-355997.82183561614,13.779948015518512,13.779948015518512,44,
2024-06-11,28725.0,28695.0,39134.7890625,0.0,0,0.0,0.0,0.0,0.0,596.5415342464112,7776345.0,107177534.74047443,106845330.37710457,-332204.3633698627,13.739787827971183,13.739787827971183,44,
2024-06-12,28350.0,28370.0,38876.7109375,0.0,0,0.0,0.0,0.0,0.0,589.7850958905183,7688270.0,107177534.74047443,106756665.59200868,-420869.1484657531,13.885655107326965,13.885655107326965,44,
2024-06-13,28810.0,28080.0,38720.46875,0.0,0,0.0,0.0,0.0,0.0,583.756273972569,7609680.0,107177534.74047443,106677491.83573471,-500042.9047397257,14.018656741904351,14.018656741904351,44,
2024-06-14,27910.0,28235.0,38814.55859375,0.0,0,0.0,0.0,0.0,0.0,586.9785753429169,7651685.0,107177534.74047443,106718909.85715936,-458624.8833150681,13.947112284047156,13.947112284047156,44,
2024-06-17,27735.0,27120.0,38102.44140625,0.0,0,0.0,0.0,0.0,0.0,563.7987945204368,7349520.0,107177534.74047443,106416181.05836484,-761353.6821095886,14.479337570122244,14.479337570122244,44,
2024-06-18,27620.0,27615.0,38482.109375,55251.047999999995,2,0.0,0.0,0.0,0.0,578.326191780623,7538895.0,107177534.74047443,106549726.68417306,-627808.0563013693,14.133334750540108,14.133334750540108,44,
2024-06-19,27925.0,27735.0,38570.76171875,0.0,0,0.0,0.0,0.0,0.0,580.8392876712605,7571655.0,107177534.74047443,106581905.8448854,-595628.8955890407,14.076434523876932,14.076434523876932,44,
2024-06-20,27555.0,27900.0,38633.01953125,0.0,0,0.0,0.0,0.0,0.0,584.2947945207125,7616700.0,107177534.74047443,106626366.55009086,-551168.1903835613,13.999024058987601,13.999024058987601,44,
2024-06-21,27870.0,27855.0,38596.46875,0.0,0,0.0,0.0,0.0,0.0,583.3523835614324,7604415.0,107177534.74047443,106613498.19770731,-564036.542767123,14.019947385526343,14.019947385526343,44,
2024-06-24,27665.0,28165.0,38804.6484375,0.0,0,0.0,0.0,0.0,0.0,589.8445479448419,7689045.0,107177534.74047443,106697538.35315937,-479996.3873150681,13.876565731265634,13.876565731265634,44,
2024-06-25,28115.0,28710.0,39173.1484375,0.0,0,0.0,0.0,0.0,0.0,601.2581917803036,7837830.0,107177534.74047443,106845722.09496759,-331812.64550684893,13.63205403727404,13.63205403727404,44,
2024-06-26,28995.0,29420.0,39667.0703125,0.0,0,0.0,0.0,0.0,0.0,616.1273424652172,8031660.0,107177534.74047443,107038935.96762511,-138598.77284931476,13.327124899164694,13.327124899164694,24,
2024-06-27,28995.0,28910.0,39341.5390625,0.0,0,782708.427,19368.370000000046,15433.685634500034,3934.6843655000084,545.5673424659763,7111860.0,107192968.42610894,106897364.14291716,-295604.2831917805,15.030858895270317,15.030858895270317,45,
2024-06-28,29270.0,29250.0,39583.078125,0.0,0,0.0,0.0,0.0,0.0,551.9835616442142,7195500.0,107192968.42610894,106980452.15935552,-212516.26675342434,14.867688438517897,14.867688438517897,24,
2024-07-01,29660.0,29310.0,39631.05859375,0.0,0,0.0,0.0,0.0,0.0,553.1158356169472,7210260.0,107192968.42610894,106994659.0435199,-198309.38258904085,14.83922341822901,14.83922341822901,45,
2024-07-02,29205.0,30030.0,40074.69140625,0.0,0,0.0,0.0,0.0,0.0,566.7031232879963,7387380.0,107192968.42610894,107171212.34039661,-21756.08571232847,14.507337153415232,14.507337153415232,45,
2024-07-03,30230.0,30800.0,40580.76171875,0.0,0,1329853.9759999998,42847.92552054805,34143.36945104872,8704.556069499338,477.2734246571781,6221600.0,107227111.79555999,107326104.48690246,98992.69134246596,17.250563277437067,17.23465214664395,45,
2024-07-04,31000.0,31340.0,40913.6484375,0.0,0,2665466.8,105786.45405479433,84295.93591356288,21490.51814123147,278.88306849298533,3635440.0,107311407.73147355,107383641.88569273,72234.15421917825,29.538004171625094,29.51813473237725,45,
2024-07-05,31360.0,31240.0,40912.37109375,0.0,0,1316856.576,42162.8984383561,33597.50562060406,8565.392817752041,177.3404931507539,2311760.0,107345005.23709415,107368075.72838183,23070.491287671364,46.44430032891902,46.43432070677499,45,
2024-07-08,31240.0,31130.0,40780.69921875,0.0,0,0.0,0.0,0.0,0.0,176.716054794495,2303620.0,107345005.23709415,107359759.01232703,14753.775232876846,46.604804183123534,46.598399578530376,45,
2024-07-09,31400.0,32350.0,41580.171875,0.0,0,0.0,0.0,0.0,0.0,183.6416438355809,2393900.0,107345005.23709415,107449855.3706832,104850.13358904122,44.88485541195672,44.84105653414685,45,
2024-07-10,32150.0,32790.0,41831.98828125,0.0,0,2378624.1799999997,89574.31358904114,71377.29178342743,18197.021805613706,0.0,0.0,107416382.52887759,107416382.52887759,0.0,inf,inf,45,
2024-07-11,33580.0,33410.0,42224.01953125,0.0,0,0.0,0.0,0.0,0.0,0.0,0.0,107416382.52887759,107416382.52887759,0.0,inf,inf,45,
2024-07-12,32320.0,31700.0,41190.6796875,0.0,0,0.0,0.0,0.0,0.0,0.0,0.0,107416382.52887759,107416382.52887759,0.0,inf,inf,45,
2024-07-16,31930.0,31770.0,41275.078125,287427.474,9,0.0,0.0,0.0,0.0,21.934356164420024,285930.0,107416382.52887759,107414863.12052143,-1519.408356164371,375.66839128640373,375.66839128640373,45,
2024-07-17,32100.0,31530.0,41097.69140625,64212.84,2,0.0,0.0,0.0,0.0,26.60613698628731,346830.0,107416382.52887759,107411523.67438443,-4858.8544931506685,309.6950196764537,309.6950196764537,43,
2024-07-18,30130.0,30070.0,40126.3515625,301360.26,10,0.0,0.0,0.0,0.0,48.44153424655087,631470.0,107416382.52887759,107394754.97285019,-21627.55602739725,170.07103262680758,170.07103262680758,43,
2024-07-19,29930.0,29895.0,40063.7890625,538847.748,18,0.0,0.0,0.0,0.0,89.43928767123725,1165905.0,107416382.52887759,107390252.78556252,-26129.743315068506,92.10892206960474,92.10892206960474,43,
2024-07-22,29705.0,29175.0,39599.0,534796.938,18,0.0,0.0,0.0,0.0,127.57068493159022,1662975.0,107416382.52887759,107352398.27687758,-63984.25199999998,64.55442702198023,64.55442702198023,43,
2024-07-23,29670.0,29220.0,39594.390625,534166.812,18,0.0,0.0,0.0,0.0,168.11506849329453,2191500.0,107416382.52887759,107346588.3498091,-69794.17906849318,48.98315690157841,48.98315690157841,43,
2024-07-24,28815.0,28540.0,39154.8515625,547594.497,19,0.0,0.0,0.0,0.0,205.80076712346636,2682760.0,107416382.52887759,107290048.05204196,-126334.47683561643,39.99241380221934,39.99241380221934,43,
2024-07-25,27320.0,26725.0,37869.51171875,546509.28,20,0.0,0.0,0.0,0.0,233.7156164381886,3046650.0,107416382.52887759,107107195.05642553,-309187.47245205485,35.15572680039569,35.15572680039569,43,
2024-07-26,26700.0,26400.0,37667.41015625,774454.86,29,0.0,0.0,0.0,0.0,289.6043835616438,3775200.0,107416382.52887759,107061000.59204197,-355381.9368356164,28.359027493124064,28.359027493124064,24,
2024-07-29,27200.0,27585.0,38468.62890625,788957.76,29,0.0,0.0,0.0,0.0,363.9708493152866,4744620.0,107416382.52887759,107241098.86119266,-175283.6676849315,22.602673946742343,22.602673946742343,24,
2024-07-30,27280.0,27605.0,38525.94921875,682136.3999999999,25,0.0,0.0,0.0,0.0,417.17583561653737,5438185.0,107416382.52887759,107252110.28535704,-164272.24352054787,19.722041505641503,19.722041505641503,24,
2024-07-31,26860.0,28470.0,39101.8203125,644768.928,24,0.0,0.0,0.0,0.0,482.66400000010617,6291870.0,107416382.52887759,107460543.69335704,44161.16447945217,17.079269548378626,17.07225078218043,24,
2024-08-01,27700.0,26975.0,38126.328125,55411.08,2,2270945.7199999997,62280.795342465775,49628.45176864385,12652.343573821923,291.77342465752736,3803475.0,107466010.98064622,107174739.21635856,-291271.76428767113,28.17811060053203,28.17811060053203,24,
2024-08-02,24625.0,23885.0,35909.69921875,615748.125,25,0.0,0.0,0.0,0.0,304.1574794522021,3964910.0,107466010.98064622,106720121.93387909,-745889.0467671233,26.916152430667807,26.916152430667807,24,
2024-08-05,21480.0,18885.0,31458.419921875,988277.6159999999,46,0.0,0.0,0.0,0.0,307.1270136984531,4003620.0,107466010.98064622,105770247.1908654,-1695763.7897808217,26.41865291682662,26.41865291682662,44,
2024-08-06,20920.0,20980.0,34675.4609375,83696.736,4,0.0,0.0,0.0,0.0,347.6357260271907,4531680.0,107466010.98064622,106214262.81913938,-1251748.161506849,23.438164834926425,23.438164834926425,31,
2024-08-07,20035.0,22070.0,35089.62109375,80156.02799999999,4,0.0,0.0,0.0,0.0,372.46904109604657,4855400.0,107466010.98064622,106457454.32209828,-1008556.6585479452,21.925578597458145,21.925578597458145,31,
2024-08-08,21320.0,21640.0,34831.1484375,959591.88,45,0.0,0.0,0.0,0.0,439.9145205478417,5734600.0,107466010.98064622,106376622.52757773,-1089388.4530684927,18.54996382094265,18.54996382094265,44,
2024-08-09,22585.0,22010.0,35025.0,90358.068,4,2145145.885,116737.32943835622,93022.14096295416,23715.188475402065,293.78827397245914,3829740.0,107559033.12160918,106502541.36782835,-1056491.7537808218,27.809339894569437,27.809339894569437,31,
2024-08-13,22750.0,23400.0,36232.51171875,91018.2,4,90981.8,7258.46016438356,5783.90398198904,1474.5561823945202,312.34191780816764,4071600.0,107564817.02559116,106742578.06972815,-822238.9558630136,26.216371468152115,26.216371468152115,31,
2024-08-14,23850.0,23660.0,36442.4296875,548659.71,23,0.0,0.0,0.0,0.0,357.55769863014575,4661020.0,107564817.02559116,106782980.80202952,-781836.2235616437,22.909788158392267,22.909788158392267,44,
2024-08-15,23580.0,24015.0,36726.640625,235847.16,10,0.0,0.0,0.0,0.0,381.34504109597765,4971105.0,107564817.02559116,106856837.29698843,-707979.7286027396,21.4955904767629,21.4955904767629,44,
2024-08-16,25205.0,25855.0,38062.671875,0.0,0,0.0,0.0,0.0,0.0,410.56323287670966,5351985.0,107564817.02559116,107237306.73375554,-327510.29183561634,20.036922138936404,20.036922138936404,44,
2024-08-19,25470.0,24850.0,37388.62109375,0.0,0,585692.838,36903.39287671236,29406.468613808243,7496.9242629041155,350.75945205509197,4572400.0,107594223.49420498,107035566.8880406,-558656.6061643836,23.409055832394497,23.409055832394497,44,
2024-08-20,25495.0,25825.0,38062.921875,0.0,0,0.0,0.0,0.0,0.0,364.52164383546915,4751800.0,107594223.49420498,107214602.36639677,-379621.1278082191,22.56294506637417,22.56294506637417,44,
2024-08-21,25230.0,25645.0,37951.80078125,0.0,0,0.0,0.0,0.0,0.0,361.980931506725,4718680.0,107594223.49420498,107181120.38546526,-413103.10873972584,22.714216769406967,22.714216769406967,44,
2024-08-22,25710.0,25950.0,38211.01171875,0.0,0,0.0,0.0,0.0,0.0,366.28602739737835,4774800.0,107594223.49420498,107236874.09943786,-357349.39476712316,22.458924792543744,22.458924792543744,44,
2024-08-23,26000.0,26225.0,38364.26953125,0.0,0,0.0,0.0,0.0,0.0,370.1676712328335,4825400.0,107594223.49420498,107287103.93176663,-307119.56243835593,22.23382598992138,22.23382598992138,44,
2024-08-26,25840.0,25790.0,38110.21875,0.0,0,0.0,0.0,0.0,0.0,364.02761643822305,4745360.0,107594223.49420498,107206699.90415019,-387523.5900547944,22.59190027819811,22.59190027819811,44,
2024-08-27,25740.0,26100.0,38288.62109375,0.0,0,0.0,0.0,0.0,0.0,368.40328767139,4802400.0,107594223.49420498,107263371.50086252,-330851.9933424657,22.335368045323698,22.335368045323698,44,
2024-08-28,26015.0,26170.0,38371.76171875,0.0,0,0.0,0.0,0.0,0.0,369.3913424658822,4815280.0,107594223.49420498,107275882.10952005,-318341.3846849315,22.2782230959612,22.2782230959612,44,
2024-08-29,25785.0,26215.0,38362.53125,0.0,0,0.0,0.0,0.0,0.0,370.02652054768987,4823560.0,107594223.49420498,107283792.0829995,-310431.41120547935,22.24162072888064,22.24162072888064,44,
2024-08-30,26315.0,26530.0,38647.75,0.0,0,0.0,0.0,0.0,0.0,374.4727671231376,4881520.0,107594223.49420498,107341377.61023238,-252845.88397260266,21.989334799454348,21.989334799454348,44,
2024-09-02,27200.0,26605.0,38700.87109375,0.0,0,679864.0,63184.395547945205,50348.48559238014,12835.909955565068,324.50810958910733,4230195.0,107644571.97979736,107356756.19216722,-287815.7876301369,25.37867786051641,25.37867786051641,44,
2024-09-03,26690.0,26695.0,38686.30859375,0.0,0,0.0,0.0,0.0,0.0,325.605863013654,4244505.0,107644571.97979736,107370740.58630422,-273831.3934931506,25.296410438037938,25.296410438037938,44,
2024-09-04,24865.0,24335.0,37047.609375,0.0,0,198880.21600000001,17245.86624657536,13742.368518583575,3503.497727991785,281.88597260264214,3674585.0,107658314.34831594,106995915.41860361,-662398.9297123288,29.117822942891134,29.117822942891134,44,
2024-09-05,23510.0,23835.0,36657.08984375,376235.232,16,0.0,0.0,0.0,0.0,305.3492054794915,3980445.0,107658314.34831594,106925234.83739813,-733079.5109178082,26.86263340842497,26.86263340842497,44,
2024-09-06,24110.0,23530.0,36391.46875,916363.236,38,0.0,0.0,0.0,0.0,370.03342465742026,4823650.0,107658314.34831594,106851706.56797348,-806607.7803424657,22.151629278238154,22.151629278238154,44,
2024-09-09,22165.0,23215.0,36215.75,975455.052,44,0.0,0.0,0.0,0.0,443.4383013698971,5780535.0,107658314.34831594,106832693.07767211,-825621.2706438358,18.481454238694536,18.481454238694536,44,
2024-09-10,23450.0,23205.0,36159.16015625,985096.98,42,1031593.64,56060.229424657526,44671.593817038345,11388.635607619177,439.68706849310547,5731635.0,107702985.94213298,106818461.414996,-884524.5271369863,18.636647556063146,18.636647556063146,44,
2024-09-11,23005.0,22510.0,35619.76953125,989412.843,43,0.0,0.0,0.0,0.0,500.77041095891036,6527900.0,107702985.94213298,106624812.80158503,-1078173.1405479454,16.33370805336862,16.33370805336862,44,
2024-09-12,23895.0,24085.0,36833.26953125,979890.9389999999,41,0.0,0.0,0.0,0.0,611.561041096109,7972135.0,107702985.94213298,107088545.30154394,-614440.6405890409,13.432856480923107,13.432856480923107,44,
2024-09-13,24025.0,23720.0,36581.76171875,312387.465,13,1032868.385,43301.84232876714,34505.07305967809,8796.769269089044,547.7045479449444,7139720.0,107737491.01519266,106967266.7477269,-770224.2674657532,14.981997437956517,14.981997437956517,44,
2024-09-17,23665.0,23205.0,36203.21875,970459.053,41,0.0,0.0,0.0,0.0,608.7974794520997,7936110.0,107737491.01519266,106792588.89724745,-944902.1179452053,13.456540912014507,13.456540912014507,44,
2024-09-18,23655.0,23410.0,36380.171875,993708.702,42,0.0,0.0,0.0,0.0,689.6008767122403,8989440.0,107737491.01519266,106851520.59437074,-885970.4208219177,11.886337813520168,11.886337813520168,44,
2024-09-19,24520.0,24400.0,37155.328125,980996.1599999999,40,0.0,0.0,0.0,0.0,793.6350684931967,10345600.0,107737491.01519266,107225890.79930225,-511600.2158904109,10.364395569063394,10.364395569063394,44,
2024-09-20,25310.0,25245.0,37723.91015625,0.0,0,0.0,0.0,0.0,0.0,821.1195616436889,10703880.0,107737491.01519266,107583349.67974061,-154141.33545205469,10.050874045648925,10.050874045648925,44,exposure_limit_hit
2024-09-24,25985.0,25530.0,37940.58984375,0.0,0,4312647.298,381888.9197260275,304308.185683685,77580.73404234248,505.2841643836582,6586740.0,108041799.20087634,107700770.95953387,-341028.2413424656,16.35114957619913,16.35114957619913,44,
2024-09-25,25460.0,25400.0,37870.26171875,0.0,0,967286.504,50159.35972602732,39969.48579768487,10189.873928342451,428.668493150617,5588000.0,108081768.68667403,107658698.92111239,-423069.76556164364,19.266052061759556,19.266052061759556,44,
2024-09-26,26125.0,26710.0,38925.62890625,0.0,0,0.0,0.0,0.0,0.0,450.77698630141094,5876200.0,108081768.68667403,107946448.14412609,-135320.5425479451,18.370111320943142,18.370111320943142,44,
2024-09-27,27400.0,28295.0,39829.55859375,0.0,0,2164167.08,257142.53620547958,204904.0299753364,52238.506230143175,306.0511232877616,3989595.0,108286672.71664937,108171465.66677266,-115207.04987671225,27.11339513579014,27.11339513579014,44,
2024-09-30,26795.0,25730.0,37919.55078125,0.0,0,0.0,0.0,0.0,0.0,278.30695890414063,3627930.0,108286672.71664937,107809522.35981375,-477150.35683561635,29.716538731401585,29.716538731401585,44,
2024-10-01,26190.0,26650.0,38651.96875,0.0,0,0.0,0.0,0.0,0.0,288.2580821919255,3757650.0,108286672.71664937,107938954.10173155,-347718.61491780815,28.72512184523081,28.72512184523081,44,
2024-10-02,25790.0,25480.0,37808.76171875,0.0,0,0.0,0.0,0.0,0.0,275.60284931526985,3592680.0,108286672.71664937,107773708.49888225,-512964.21776712325,29.998137462529993,29.998137462529993,44,
2024-10-03,26845.0,26465.0,38552.05859375,0.0,0,0.0,0.0,0.0,0.0,286.25704109610524,3731565.0,108286672.71664937,107912307.24184115,-374365.47480821906,28.918779986906607,28.918779986906607,44,
2024-10-04,26465.0,26585.0,38635.62109375,0.0,0,0.0,0.0,0.0,0.0,287.5550136985257,3748485.0,108286672.71664937,107928939.68682745,-357733.0298219178,28.7926828270161,28.7926828270161,44,
2024-10-07,27715.0,27620.0,39332.73828125,0.0,0,0.0,0.0,0.0,0.0,298.75002739741467,3894420.0,108286672.71664937,108074575.93680005,-212096.77984931497,27.75113519774448,27.75113519774448,44,
2024-10-08,27120.0,26980.0,38937.5390625,0.0,0,0.0,0.0,0.0,0.0,291.82750684954226,3804180.0,108286672.71664937,107984044.10929321,-302628.6073561643,28.385629520499347,28.385629520499347,44,
2024-10-09,27645.0,27540.0,39277.9609375,0.0,0,0.0,0.0,0.0,0.0,297.8847123289015,3883140.0,108286672.71664937,108062706.22458087,-223966.4920684931,27.82869178669347,27.82869178669347,44,
2024-10-10,27990.0,27680.0,39380.890625,0.0,0,0.0,0.0,0.0,0.0,299.39901369879954,3902880.0,108286672.71664937,108082146.82556717,-204525.8910821917,27.692920823998477,27.692920823998477,44,
2024-10-11,27735.0,27940.0,39605.80078125,0.0,0,0.0,0.0,0.0,0.0,302.21128767111804,3939540.0,108286672.71664937,108118504.61427951,-168168.10236986293,27.44444900020802,27.44444900020802,44,
2024-10-15,28600.0,28420.0,39910.55078125,0.0,0,0.0,0.0,0.0,0.0,307.40317808208056,4007220.0,108286672.71664937,108185877.21110143,-100795.50554794513,26.99773838499045,26.99773838499045,44,
2024-10-16,27155.0,27395.0,39180.30078125,0.0,0,0.0,0.0,0.0,0.0,296.3163287672214,3862695.0,108286672.71664937,108041055.89477265,-245616.82187671226,27.97038230944267,27.97038230944267,44,
2024-10-17,27550.0,27080.0,38911.19140625,0.0,0,0.0,0.0,0.0,0.0,292.90915068483446,3818280.0,108286672.71664937,107996347.98562197,-290324.7310273972,28.284030502116654,28.284030502116654,44,
2024-10-18,27270.0,27055.0,38981.75,0.0,0,0.0,0.0,0.0,0.0,292.6387397259241,3814755.0,108286672.71664937,107992530.34688224,-294142.36976712325,28.309165423960973,28.309165423960973,44,
2024-10-21,27060.0,27110.0,38954.6015625,0.0,0,0.0,0.0,0.0,0.0,293.2336438356433,3822510.0,108286672.71664937,107999992.11323841,-286680.6034109588,28.253684650462237,28.253684650462237,44,
2024-10-22,27040.0,26290.0,38411.9609375,0.0,0,0.0,0.0,0.0,0.0,284.3641643834999,3706890.0,108286672.71664937,107884087.74907403,-402584.9675753424,29.103665808554886,29.103665808554886,44,
2024-10-23,26265.0,25815.0,38104.859375,0.0,0,0.0,0.0,0.0,0.0,279.2263561640866,3639915.0,108286672.71664937,107816833.52271786,-469839.1939315068,29.62070090172926,29.62070090172926,44,
2024-10-24,25440.0,25905.0,38143.2890625,279895.968,11,0.0,0.0,0.0,0.0,302.0593972604256,3937560.0,108286672.71664937,107834280.4953206,-452392.221328767,27.386066623828107,27.386066623828107,44,
2024-10-25,25695.0,25595.0,37913.921875,257001.38999999998,10,0.0,0.0,0.0,0.0,318.0792328765383,4146390.0,108286672.71664937,107785791.02608773,-500881.69056164374,25.99509236373996,25.99509236373996,44,
2024-10-28,25420.0,26600.0,38605.53125,864452.8559999999,34,0.0,0.0,0.0,0.0,399.9473972603446,5213600.0,108286672.71664937,107988148.22269046,-298524.49395890394,20.712779695928045,20.712779695928045,44,
2024-10-29,26400.0,26900.0,38903.6796875,0.0,0,0.0,0.0,0.0,0.0,404.4580821917625,5272400.0,108286672.71664937,108046543.76460828,-240128.95204109576,20.492857856878892,20.492857856878892,44,
2024-10-30,27225.0,27500.0,39277.390625,0.0,0,925464.87,60872.474273972686,48506.231125215134,12366.24314875755,341.7534246572759,4455000.0,108335178.94777457,108141900.63803485,-193278.30973972596,24.274276237493794,24.274276237493794,44,
2024-10-31,27320.0,27165.0,39081.25,0.0,0,300459.896,20452.119780821933,16297.271647347958,4154.848133473975,314.66745205491316,4101915.0,108351476.21942192,108084806.01844932,-266670.20097260264,26.349840505824552,26.349840505824552,44,
2024-11-01,26015.0,25670.0,38053.671875,0.0,0,0.0,0.0,0.0,0.0,297.35002739727497,3876170.0,108351476.21942192,107858763.66842192,-492712.5509999999,27.826117963975246,27.826117963975246,44,
2024-11-05,26065.0,26430.0,38474.8984375,964597.8809999999,37,0.0,0.0,0.0,0.0,381.1712876711972,4968840.0,108351476.21942192,107986454.61613426,-365021.6032876711,21.73272929217569,21.73272929217569,44,
2024-11-06,26755.0,27700.0,39480.671875,347884.56299999997,13,0.0,0.0,0.0,0.0,427.11123287689406,5567700.0,108351476.21942192,108237002.94190137,-114473.27752054778,19.440164330316176,19.440164330316176,44,
2024-11-07,28155.0,27490.0,39381.41015625,0.0,0,1041526.653,76775.13178082203,61178.263759548034,15596.868021273996,345.8467945205048,4508360.0,108412654.48318148,108203246.88008559,-209407.6030958903,24.000578232458274,24.000578232458274,44,
2024-11-08,28140.0,27630.0,39500.37109375,0.0,0,0.0,0.0,0.0,0.0,347.60810958920047,4531320.0,108412654.48318148,108225859.271976,-186795.21120547934,23.88395859748947,23.88395859748947,44,
2024-11-11,27495.0,27710.0,39533.3203125,0.0,0,0.0,0.0,0.0,0.0,348.6145753423916,4544440.0,108412654.48318148,108238630.65740065,-174023.8257808218,23.817814880909562,23.817814880909562,44,
2024-11-12,27945.0,27445.0,39376.08984375,0.0,0,0.0,0.0,0.0,0.0,345.28065753448755,4500980.0,108412654.48318148,108194825.37674312,-217829.106438356,24.038059572969246,24.038059572969246,44,
2024-11-13,27455.0,26625.0,38721.66015625,0.0,0,0.0,0.0,0.0,0.0,334.9643835617462,4366500.0,108412654.48318148,108060010.41235957,-352644.0708219176,24.747511831526296,24.747511831526296,44,
2024-11-14,26880.0,26345.0,38535.69921875,215083.008,8,0.0,0.0,0.0,0.0,347.6096438356908,4531340.0,108412654.48318148,108009419.79471572,-403234.6884657533,23.83608817584108,23.83608817584108,44,
2024-11-15,26655.0,26520.0,38642.91015625,666508.2749999999,25,0.0,0.0,0.0,0.0,400.77895890385844,5224440.0,108412654.48318148,108035610.74075682,-377043.74242465734,20.678888214001276,20.678888214001276,44,
2024-11-18,25865.0,25925.0,38220.8515625,284571.903,11,0.0,0.0,0.0,0.0,413.6635616440326,5392400.0,108412654.48318148,107918585.17419517,-494069.30898630107,20.013089751167417,20.013089751167417,44,
2024-11-19,26115.0,26180.0,38414.4296875,940328.0279999999,36,0.0,0.0,0.0,0.0,490.03221917839255,6387920.0,108412654.48318148,107973287.113976,-439367.36920547916,16.902730014461046,16.902730014461046,44,
2024-11-20,26185.0,26110.0,38352.33984375,497614.503,19,0.0,0.0,0.0,0.0,526.7781917811371,6866930.0,108412654.48318148,107954155.83278422,-458498.65039726003,15.720876116806815,15.720876116806815,44,
2024-11-21,26050.0,25620.0,38026.171875,521104.19999999995,20,0.0,0.0,0.0,0.0,556.1996712330729,7250460.0,108412654.48318148,107816025.43311298,-596629.050068493,14.870232431199259,14.870232431199259,44,
2024-11-22,25865.0,26045.0,38283.8515625,931326.228,36,0.0,0.0,0.0,0.0,637.3532602741616,8308355.0,108412654.48318148,107941956.85185272,-470697.6313287668,12.991976974004206,12.991976974004206,44,
2024-11-25,26655.0,26610.0,38780.140625,346584.30299999996,13,0.0,0.0,0.0,0.0,677.7166027394123,8834520.0,108412654.48318148,108120859.83224997,-291794.65093150653,12.23845323031132,12.23845323031132,44,
2024-11-26,26370.0,26145.0,38442.0,0.0,0,0.0,0.0,0.0,0.0,665.8737534247339,8680140.0,108412654.48318148,107965813.95849654,-446840.5246849312,12.438257212268066,12.438257212268066,44,
2024-11-27,25970.0,25740.0,38134.96875,77925.582,3,0.0,0.0,0.0,0.0,661.4827397261979,8622900.0,108412654.48318148,107829986.89375682,-582667.5894246572,12.505072179169053,12.505072179169053,44,
2024-11-28,25450.0,26080.0,38349.05859375,636377.25,25,0.0,0.0,0.0,0.0,720.2367123285076,9388800.0,108412654.48318148,107958789.40704449,-453865.0761369859,11.498678149182481,11.498678149182481,44,
2024-11-29,25895.0,25815.0,38208.03125,129500.895,5,0.0,0.0,0.0,0.0,722.819999999716,9422475.0,108412654.48318148,107862240.6920445,-550413.7911369859,11.447336362478488,11.447336362478488,44,
2024-12-02,25815.0,26235.0,38513.01953125,361482.282,14,0.0,0.0,0.0,0.0,762.7556712328224,9943065.0,108412654.48318148,108020585.65437326,-392068.8288082189,10.863912249831744,10.863912249831744,44,
2024-12-03,26505.0,27230.0,39248.859375,26510.301,1,0.0,0.0,0.0,0.0,793.7731506848941,10347400.0,108412654.48318148,108397616.58022258,-15037.902958903724,10.475831279376711,10.475831279376711,44,
2024-12-04,27335.0,27250.0,39276.390625,0.0,0,1940396.8429999999,114360.17226027392,91127.90326559928,23232.268994674647,645.9369863013271,8420250.0,108503782.38644707,108386985.2172416,-116797.16920547912,12.872181374334682,12.872181374334682,44,
2024-12-05,27775.0,27445.0,39395.6015625,0.0,0,694236.125,47807.519013698635,38095.42152606576,9712.097487632876,597.9250410959357,7794380.0,108541877.80797315,108445041.31971288,-96836.48826027359,13.913235089861269,13.913235089861269,44,
2024-12-06,27435.0,27025.0,39091.171875,0.0,0,1206898.572,58104.044205479506,46300.20762513635,11803.83658034316,497.5561643836554,6486000.0,108588178.01559828,108331258.49896814,-256919.51663013673,16.702321692717874,16.702321692717874,44,
2024-12-09,27350.0,27135.0,39160.5,0.0,0,0.0,0.0,0.0,0.0,499.58136986312456,6512400.0,108588178.01559828,108357158.91759828,-231019.09799999965,16.638590829432818,16.638590829432818,44,
2024-12-10,27430.0,27420.0,39367.578125,0.0,0,0.0,0.0,0.0,0.0,504.828493150766,6580800.0,108588178.01559828,108425054.08910513,-163123.9264931504,16.475968588789378,16.475968588789378,44,
2024-12-11,27440.0,27460.0,39372.23046875,0.0,0,0.0,0.0,0.0,0.0,505.5649315069895,6590400.0,108588178.01559828,108434148.52417363,-154029.49142465723,16.453348586455093,16.453348586455093,44,
2024-12-12,28195.0,28175.0,39849.140625,0.0,0,563787.22,42070.46438356166,33523.849544041106,8546.614839520551,475.5013698628172,6198500.0,108621701.86514232,108597013.62796423,-24688.237178081952,17.519886041455873,17.519886041455873,44,
2024-12-13,27900.0,27595.0,39470.44140625,0.0,0,1617876.3599999999,78585.79126027408,62621.087765749406,15964.703494524681,342.9340273970738,4470390.0,108684322.95290807,108470472.35044232,-213850.60246575333,24.264207899186047,24.264207899186047,44,
2024-12-16,27660.0,27500.0,39457.48828125,0.0,0,0.0,0.0,0.0,0.0,341.7534246572759,4455000.0,108684322.95290807,108454740.59701766,-229582.3558904109,24.344498450509015,24.344498450509015,44,
2024-12-17,27705.0,27450.0,39364.6796875,0.0,0,0.0,0.0,0.0,0.0,341.1320547943469,4446900.0,108684322.95290807,108446299.46496287,-238023.48794520533,24.38694359328136,24.38694359328136,44,
2024-12-18,27220.0,27105.0,39081.7109375,0.0,0,0.0,0.0,0.0,0.0,336.84460273978766,4391010.0,108684322.95290807,108390072.62036012,-294250.3325479451,24.684542421984947,24.684542421984947,44,
2024-12-19,26105.0,26670.0,38813.578125,52220.441999999995,2,0.0,0.0,0.0,0.0,335.53052054787986,4373880.0,108684322.95290807,108320386.64783958,-363936.305068493,24.765285432576928,24.765285432576928,44,
2024-12-20,26880.0,26545.0,38701.8984375,510822.14400000003,19,0.0,0.0,0.0,0.0,372.6481643837178,4857735.0,108684322.95290807,108293046.85567519,-391276.09723287664,22.29290952587475,22.29290952587475,44,
2024-12-23,26945.0,27170.0,39161.33984375,700710.114,26,0.0,0.0,0.0,0.0,435.61326027393807,5678530.0,108684322.95290807,108412696.12841491,-271626.82449315063,19.091683257535827,19.091683257535827,44,
2024-12-24,27245.0,26970.0,39036.8515625,0.0,0,0.0,0.0,0.0,0.0,432.4066849312512,5636730.0,108684322.95290807,108370463.72173,-313859.231178082,19.22576808215579,19.22576808215579,44,
2024-12-25,27185.0,27030.0,39130.4296875,54380.873999999996,2,0.0,0.0,0.0,0.0,437.5157260275446,5703330.0,108684322.95290807,108382245.33200397,-302077.6209041094,19.00332706191014,19.00332706191014,44,
2024-12-26,27040.0,27625.0,39568.05859375,27045.408,1,0.0,0.0,0.0,0.0,449.2657534250757,5856500.0,108684322.95290807,108507920.65825054,-176402.2946575341,18.527776087808512,18.527776087808512,44,
2024-12-27,27800.0,28715.0,40281.16015625,0.0,0,55588.880000000005,3343.581671232886,2664.3330547219252,679.2486165109608,462.5868493147427,6030150.0,108686987.28596279,108736017.7027847,49030.41682191794,18.032058523052445,18.023927644579786,44,
2024-12-30,28715.0,28175.0,39894.5390625,0.0,0,1923520.219,119909.5002465755,95549.88527148368,24359.614975091812,309.07589041092433,4029025.0,108782537.17123428,108633744.23091921,-148792.94031506844,26.96278733215088,26.96278733215088,44,
2025-01-06,28070.0,27280.0,39307.05078125,0.0,0,0.0,0.0,0.0,0.0,299.2578630140051,3901040.0,108782537.17123428,108505459.9730562,-277077.1981780821,27.81449561477355,27.81449561477355,44,
2025-01-07,27830.0,28345.0,40083.30078125,55671.132,2,0.0,0.0,0.0,0.0,315.2895890409127,4110025.0,108782537.17123428,108658458.55146715,-124078.6197671232,26.43742034451546,26.43742034451546,44,
2025-01-08,28000.0,28230.0,39981.05859375,0.0,0,0.0,0.0,0.0,0.0,314.0104109586682,4093350.0,108782537.17123428,108641469.5410562,-141067.63017808212,26.540967554950395,26.540967554950395,44,
2025-01-09,28050.0,27740.0,39605.08984375,0.0,0,0.0,0.0,0.0,0.0,308.5600000002887,4022300.0,108782537.17123428,108570110.9810562,-212426.19017808206,26.992047082777564,26.992047082777564,44,
2025-01-10,27295.0,27175.0,39190.3984375,0.0,0,0.0,0.0,0.0,0.0,302.2753424657276,3940375.0,108782537.17123428,108487883.70571373,-294653.4655205479,27.53237539719284,27.53237539719284,44,
2025-01-14,26830.0,26125.0,38474.30078125,295189.02599999995,11,0.0,0.0,0.0,0.0,312.64109589043073,4075500.0,108782537.17123428,108327507.03861783,-455030.1326164382,26.58017593880943,26.58017593880943,44,
2025-01-15,26525.0,26100.0,38444.578125,981621.285,37,0.0,0.0,0.0,0.0,386.4230136986589,5037300.0,108782537.17123428,108307299.33060414,-475237.84063013695,21.50106194401845,21.50106194401845,44,
2025-01-16,26470.0,26295.0,38572.6015625,979585.8779999999,37,0.0,0.0,0.0,0.0,463.9446575343609,6047850.0,108782537.17123428,108337799.50794661,-444737.66328767105,17.913440232139788,17.913440232139788,44,
2025-01-17,26080.0,26100.0,38451.4609375,939067.7760000001,36,0.0,0.0,0.0,0.0,532.5830136985751,6942600.0,108782537.17123428,108292949.1489329,-489588.0223013698,15.598327593255107,15.598327593255107,44,
2025-01-20,26440.0,26655.0,38902.5,952030.368,36,0.0,0.0,0.0,0.0,617.5196712327888,8049810.0,108782537.17123428,108447511.26126167,-335025.9099726027,13.472058503400909,13.472058503400909,44,
2025-01-21,27050.0,26795.0,39027.98046875,135277.05,5,0.0,0.0,0.0,0.0,631.0406027394347,8226065.0,108782537.17123428,108487858.17065893,-294679.0005753424,13.188305486360603,13.188305486360603,44,
2025-01-22,27295.0,27655.0,39646.25,27300.459,1,0.0,0.0,0.0,0.0,653.4156712330878,8517740.0,108782537.17123428,108751579.29598771,-30957.875246575302,12.76765659623183,12.76765659623183,44,
2025-01-23,27910.0,28140.0,39958.87109375,0.0,0,3041581.562,169998.57430137,135463.3639320467,34535.21036932332,429.57830136991106,5599860.0,108918000.53516632,108840316.06931701,-77684.46584931498,19.43625663307958,19.43625663307958,44,
2025-01-24,28190.0,28130.0,39931.98046875,0.0,0,1042821.3940000001,60667.23601369868,48342.6870175158,12324.548996182888,349.5826849315781,4557060.0,108966343.22218384,108827663.33163589,-138679.89054794508,23.88111267607534,23.88111267607534,44,
2025-01-27,28485.0,27585.0,39565.80078125,0.0,0,0.0,0.0,0.0,0.0,342.80975342483725,4468770.0,108966343.22218384,108739030.52188247,-227312.7003013697,24.333100723886545,24.333100723886545,44,
2025-01-28,26960.0,26855.0,39016.87109375,0.0,0,0.0,0.0,0.0,0.0,333.7377534243278,4350510.0,108966343.22218384,108620436.78412904,-345906.43805479433,24.967288153372603,24.967288153372603,44,
2025-01-29,27300.0,27375.0,39414.78125,273054.6,10,0.0,0.0,0.0,0.0,361.19999999995343,4708500.0,108966343.22218384,108705010.98412904,-261332.23805479435,23.086972705559955,23.086972705559955,44,
2025-01-30,27195.0,27475.0,39513.96875,0.0,0,0.0,0.0,0.0,0.0,362.51945205486845,4725700.0,108966343.22218384,108721848.46467699,-244494.75750684916,23.006506647624054,23.006506647624054,44,
2025-01-31,27685.0,27650.0,39572.48828125,0.0,0,0.0,0.0,0.0,0.0,364.8284931508824,4755800.0,108966343.22218384,108751583.63618384,-214759.58599999984,22.867148247652096,22.867148247652096,44,
2025-02-03,26285.0,26100.0,38520.08984375,0.0,0,0.0,0.0,0.0,0.0,344.3769863015041,4489200.0,108966343.22218384,108484639.25919753,-481703.96298630134,24.165695281831404,24.165695281831404,44,
2025-02-04,27000.0,26460.0,38798.37109375,972194.3999999999,36,0.0,0.0,0.0,0.0,422.2001095889136,5503680.0,108966343.22218384,108526502.65908794,-439840.5630958901,19.718897657401584,19.718897657401584,44,
2025-02-05,26720.0,26510.0,38831.48046875,614682.912,23,0.0,0.0,0.0,0.0,469.7717260274803,6123810.0,108966343.22218384,108531479.97536193,-434863.24682191754,17.722868602285494,17.722868602285494,44,
2025-02-06,26640.0,26875.0,39066.53125,559551.8879999999,21,0.0,0.0,0.0,0.0,519.5342465754366,6772500.0,108966343.22218384,108620098.55311535,-346244.66906849283,16.038405101973474,16.038405101973474,44,
2025-02-07,26615.0,26510.0,38787.01953125,53240.646,2,0.0,0.0,0.0,0.0,516.5455342467176,6733540.0,108966343.22218384,108527381.3615811,-438961.8606027393,16.11743323149207,16.11743323149207,44,
2025-02-10,26400.0,26500.0,38801.171875,448889.76,17,0.0,0.0,0.0,0.0,550.9095890414901,7181500.0,108966343.22218384,108525900.69199206,-440442.53019178053,15.111870875442744,15.111870875442744,44,
2025-02-12,26800.0,26740.0,38963.69921875,294858.96,11,0.0,0.0,0.0,0.0,578.463123288122,7540680.0,108966343.22218384,108589643.26886877,-376699.95331506827,14.40051073230382,14.40051073230382,44,
2025-02-13,27000.0,27420.0,39461.46875,81016.2,3,0.0,0.0,0.0,0.0,599.4838356163818,7814700.0,108966343.22218384,108782047.58503315,-184295.63715068463,13.920182167585851,13.920182167585851,44,
2025-02-14,27460.0,26940.0,39149.4296875,0.0,0,0.0,0.0,0.0,0.0,588.9895890409825,7677900.0,108966343.22218384,108644658.59544411,-321684.6267397257,14.150309146439016,14.150309146439016,44,
2025-02-17,26840.0,26980.0,39174.25,0.0,0,0.0,0.0,0.0,0.0,589.8641095891362,7689300.0,108966343.22218384,108655468.73133452,-310874.49084931484,14.13073605287016,14.13073605287016,44,
2025-02-18,26950.0,27185.0,39270.3984375,0.0,0,0.0,0.0,0.0,0.0,594.3460273976671,7747725.0,108966343.22218384,108713299.38530713,-253043.8368767121,14.031641467050926,14.031641467050926,44,
2025-02-19,27030.0,26990.0,39164.609375,0.0,0,0.0,0.0,0.0,0.0,590.0827397261746,7692150.0,108966343.22218384,108657134.30256741,-309208.9196164381,14.125717036533011,14.125717036533011,44,
2025-02-20,26635.0,26275.0,38678.0390625,0.0,0,0.0,0.0,0.0,0.0,574.450684931362,7488375.0,108966343.22218384,108452784.85188247,-513558.37030136964,14.482819684094677,14.482819684094677,44,
2025-02-21,26095.0,26450.0,38776.94140625,652505.475,25,0.0,0.0,0.0,0.0,629.0027397257509,8199500.0,108966343.22218384,108510775.37414274,-455567.8480410955,13.233828327842275,13.233828327842275,44,
2025-02-25,25600.0,25750.0,38237.7890625,332866.56,13,0.0,0.0,0.0,0.0,638.0356164382538,8317250.0,108966343.22218384,108295020.7785263,-671322.443657534,13.02053212041556,13.02053212041556,44,
2025-02-26,25500.0,25560.0,38142.37109375,969193.7999999999,38,0.0,0.0,0.0,0.0,707.8369315067539,9227160.0,108966343.22218384,108235029.1415948,-731314.0805890406,11.730047939083619,11.730047939083619,44,
2025-02-27,25770.0,25790.0,38256.171875,747479.466,29,0.0,0.0,0.0,0.0,771.5802739723586,10058100.0,108966343.22218384,108317718.09532082,-648625.1268630134,10.769202741603367,10.769202741603367,44,exposure_limit_hit
2025-02-28,25000.0,24280.0,37155.5,0.0,0,0.0,0.0,0.0,0.0,726.4043835615739,9469200.0,108966343.22218384,107728091.69093727,-1238251.5312465748,11.376683530914677,11.376683530914677,44,exposure_limit_hit
2025-03-03,24895.0,25110.0,37785.46875,0.0,0,0.0,0.0,0.0,0.0,751.236164383823,9792900.0,108966343.22218384,108051040.45477287,-915302.7674109584,11.033610110873477,11.033610110873477,42,
2025-03-04,24470.0,24430.0,37331.1796875,0.0,0,0.0,0.0,0.0,0.0,730.8920547945891,9527700.0,108966343.22218384,107785109.56271808,-1181233.6594657532,11.312815219068408,11.312815219068408,42,
2025-03-05,24440.0,24540.0,37418.23828125,0.0,0,0.0,0.0,0.0,0.0,734.1830136986682,9570600.0,108966343.22218384,107827275.37970439,-1139067.8424794516,11.266511543654984,11.266511543654984,42,
2025-03-06,24890.0,24980.0,37704.9296875,0.0,0,0.0,0.0,0.0,0.0,747.3468493146356,9742200.0,108966343.22218384,107998128.03285508,-968215.1893287667,11.085599559940782,11.085599559940782,42,
2025-03-07,23965.0,23830.0,36887.171875,239697.93,10,0.0,0.0,0.0,0.0,731.2219178081723,9532000.0,108966343.22218384,107547498.88093726,-1418844.3412465751,11.282784188096649,11.282784188096649,22,exposure_limit_hit
2025-03-10,23965.0,24055.0,37028.26953125,0.0,0,0.0,0.0,0.0,0.0,738.1260273978114,9622000.0,108966343.22218384,107636760.75490987,-1329582.467273972,11.186526788080428,11.186526788080428,42,
2025-03-11,23105.0,23710.0,36793.109375,0.0,0,0.0,0.0,0.0,0.0,727.5397260272875,9484000.0,108966343.22218384,107498033.21518384,-1468310.007,11.334672418302809,11.334672418302809,46,
2025-03-12,23645.0,23740.0,36819.08984375,0.0,0,0.0,0.0,0.0,0.0,728.4602739721304,9496000.0,108966343.22218384,107509304.75490987,-1457038.467273972,11.321535884046954,11.321535884046954,7,
2025-03-13,24185.0,23725.0,36790.03125,0.0,0,0.0,0.0,0.0,0.0,727.9999999998836,9490000.0,108966343.22218384,107502576.75490987,-1463766.4672739722,11.327984905680703,11.327984905680703,7,
2025-03-14,23605.0,24090.0,37053.1015625,0.0,0,0.0,0.0,0.0,0.0,739.1999999994878,9636000.0,108966343.22218384,107647837.55490987,-1318505.667273972,11.171423573568894,11.171423573568894,7,
2025-03-17,24590.0,24535.0,37396.51953125,0.0,0,0.0,0.0,0.0,0.0,752.8547945207683,9814000.0,108966343.22218384,107825084.70011535,-1141258.5220684924,10.986864143072687,10.986864143072687,46,
2025-03-18,25170.0,25105.0,37845.421875,0.0,0,0.0,0.0,0.0,0.0,770.3452054796508,10042000.0,108966343.22218384,108052314.35490987,-914028.8672739723,10.760039270554657,10.760039270554657,46,
2025-03-19,25070.0,25005.0,37751.87890625,0.0,0,250649.86000000002,10804.036301369884,8609.196326746593,2194.839974623292,748.0947945204098,9751950.0,108974952.41851059,108009971.28014073,-964981.1383698625,11.075730626196886,11.075730626196886,47,
2025-03-21,24805.0,24855.0,37677.05859375,0.0,0,0.0,0.0,0.0,0.0,743.6071232877439,9693450.0,108974952.41851059,107950727.67301744,-1024224.7454931504,11.13646097860075,11.13646097860075,47,
2025-03-24,25050.0,24810.0,37608.48828125,0.0,0,0.0,0.0,0.0,0.0,742.2608219180256,9675900.0,108974952.41851059,107932435.41219552,-1042517.006315068,11.154769624757957,11.154769624757957,47,
2025-03-25,25265.0,25035.0,37780.5390625,0.0,0,0.0,0.0,0.0,0.0,748.9923287674319,9763650.0,108974952.41851059,108019436.41986676,-955515.9986438351,11.063427757023936,11.063427757023936,47,
2025-03-26,25440.0,25350.0,38027.2890625,0.0,0,0.0,0.0,0.0,0.0,758.4164383556927,9886500.0,108974952.41851059,108141528.0034284,-833424.4150821915,10.938302534104931,10.938302534104931,47,
2025-03-27,24855.0,24960.0,37799.96875,24859.970999999998,1,0.0,0.0,0.0,0.0,748.6632328770356,9759360.0,108974952.41851059,107988779.36919552,-986173.0493150683,11.0651496992831,11.0651496992831,22,
2025-03-28,24805.0,24460.0,37120.328125,49619.922,2,0.0,0.0,0.0,0.0,737.4187397257192,9612780.0,108974952.41851059,107791842.0284558,-1183110.3900547943,11.213389053786292,11.213389053786292,22,
2025-03-31,23015.0,22580.0,35617.55859375,0.0,0,0.0,0.0,0.0,0.0,680.7406027398538,8873940.0,108974952.41851059,107052321.28785305,-1922631.1306575343,12.063674229018119,12.063674229018119,46,
2025-04-01,22950.0,22525.0,35624.48046875,0.0,0,0.0,0.0,0.0,0.0,679.0824657533085,8852325.0,108974952.41851059,107030027.2053873,-1944925.213123287,12.09061203755932,12.09061203755932,7,
2025-04-02,22695.0,22675.0,35725.87109375,0.0,0,0.0,0.0,0.0,0.0,683.6046575342771,8911275.0,108974952.41851059,107088293.60072976,-1886658.8177808216,12.017168542181647,12.017168542181647,7,
2025-04-03,20675.0,21430.0,34735.9296875,0.0,0,0.0,0.0,0.0,0.0,646.0704657536699,8421990.0,108974952.41851059,106598362.530264,-2376589.888246575,12.657146651832168,12.657146651832168,7,
2025-04-04,20600.0,20280.0,33780.578125,0.0,0,0.0,0.0,0.0,0.0,611.4003287670203,7970040.0,108974952.41851059,106145801.12993525,-2829151.2885753424,13.31810143110138,13.31810143110138,7,
2025-04-07,16700.0,17195.0,31136.580078125,0.0,0,0.0,0.0,0.0,0.0,518.3939178083092,6757635.0,108974952.41851059,104932877.73601744,-4042074.68249315,15.528047569307521,15.528047569307521,7,
2025-04-08,19035.0,19080.0,33012.578125,0.0,0,0.0,0.0,0.0,0.0,575.2227945205523,7498440.0,108974952.41851059,105673107.51322292,-3301844.9052876704,14.092678945650418,14.092678945650418,7,
2025-04-09,18060.0,17640.0,31714.029296875,0.0,0,0.0,0.0,0.0,0.0,531.8097534247208,6932520.0,108974952.41851059,105106655.70346949,-3868296.715041096,15.161392351333928,15.161392351333928,7,
2025-04-10,20825.0,20755.0,34609.0,0.0,0,0.0,0.0,0.0,0.0,625.7206027403008,8156715.0,108974952.41851059,106330224.98286675,-2644727.435643835,13.035912739732447,13.035912739732447,7,
2025-04-11,18735.0,19615.0,33585.578125,0.0,0,0.0,0.0,0.0,0.0,591.3519452059409,7708695.0,108974952.41851059,105881613.63092154,-3093338.78758904,13.735348671976455,13.735348671976455,7,
2025-04-14,20015.0,20050.0,33982.359375,0.0,0,0.0,0.0,0.0,0.0,604.4663013701793,7879650.0,108974952.41851059,106051964.16462018,-2922988.2538904105,13.458968883722015,13.458968883722015,7,
2025-04-15,20445.0,20375.0,34267.5390625,0.0,0,0.0,0.0,0.0,0.0,614.2643835614435,8007375.0,108974952.41851059,106179074.90023662,-2795877.518273971,13.260160152389094,13.260160152389094,7,
2025-04-16,20300.0,19920.0,33920.3984375,0.0,0,0.0,0.0,0.0,0.0,600.5470684935572,7828560.0,108974952.41851059,105999659.35316812,-2975293.0653424654,13.540122238721823,13.540122238721823,7,
2025-04-17,20065.0,20485.0,34377.6015625,0.0,0,0.0,0.0,0.0,0.0,617.5806575340685,8050605.0,108974952.41851059,106221086.77251059,-2753865.6459999993,13.194174446828603,13.194174446828603,7,
2025-04-18,20595.0,20925.0,34730.28125,0.0,0,0.0,0.0,0.0,0.0,630.8457534242189,8223525.0,108974952.41851059,106393375.92675716,-2581576.4917534245,12.937684986275004,12.937684986275004,7,
2025-04-21,20665.0,20385.0,34279.921875,0.0,0,0.0,0.0,0.0,0.0,614.5658630129183,8011305.0,108974952.41851059,106180541.36089414,-2794411.057616438,13.253838339807826,13.253838339807826,7,
2025-04-22,20250.0,20330.0,34220.6015625,0.0,0,0.0,0.0,0.0,0.0,612.9077260269551,7989690.0,108974952.41851059,106158313.45316812,-2816638.9653424663,13.286912690375738,13.286912690375738,7,
2025-04-23,21385.0,21070.0,34868.62890625,0.0,0,0.0,0.0,0.0,0.0,635.2172054799739,8280510.0,108974952.41851059,106448498.23596264,-2526454.182547945,12.855307008380239,12.855307008380239,7,
2025-04-24,21555.0,21275.0,35039.1484375,0.0,0,0.0,0.0,0.0,0.0,641.3975342460908,8361075.0,108974952.41851059,106528421.8384284,-2446530.580082192,12.740995845441931,12.740995845441931,7,
2025-04-25,21830.0,22085.0,35705.73828125,0.0,0,0.0,0.0,0.0,0.0,665.8173698629253,8679405.0,108974952.41851059,106846086.02105853,-2128866.3974520545,12.31030076613069,12.31030076613069,7,
2025-04-28,22400.0,22225.0,35839.98828125,0.0,0,0.0,0.0,0.0,0.0,670.0380821916042,8734425.0,108974952.41851059,106900435.98297635,-2074516.4355342458,12.238978064723934,12.238978064723934,7,
2025-04-30,22345.0,22495.0,36045.37890625,0.0,0,0.0,0.0,0.0,0.0,678.1780273972545,8840535.0,108974952.41851059,107005867.80494894,-1969084.6135616435,12.10400363834869,12.10400363834869,7,
2025-05-01,22675.0,22995.0,36452.30078125,0.0,0,0.0,0.0,0.0,0.0,693.252000000095,9037035.0,108974952.41851059,107201674.55294894,-1773277.8655616434,11.862483054779464,11.862483054779464,7,
2025-05-02,23225.0,23450.0,36830.69140625,0.0,0,0.0,0.0,0.0,0.0,706.9693150682142,9215850.0,108974952.41851059,107379782.58363387,-1595169.8348767117,11.651641745865424,11.651641745865424,7,
2025-05-07,23625.0,23415.0,36779.66015625,0.0,0,0.0,0.0,0.0,0.0,705.9141369862482,9202095.0,108974952.41851059,107365321.6694969,-1609630.7490136982,11.667486770077563,11.667486770077563,7,
2025-05-08,23590.0,23755.0,36928.62890625,0.0,0,0.0,0.0,0.0,0.0,716.1644383560633,9335715.0,108974952.41851059,107498225.50505853,-1476726.9134520544,11.514728706377447,11.514728706377447,7,
2025-05-09,24230.0,24290.0,37503.328125,0.0,0,0.0,0.0,0.0,0.0,732.2935890411027,9545970.0,108974952.41851059,107707748.21146949,-1267204.2070410955,11.283059575032132,11.283059575032132,7,
2025-05-12,24590.0,24540.0,37644.26171875,0.0,0,0.0,0.0,0.0,0.0,739.8305753425229,9644220.0,108974952.41851059,107805258.38089415,-1169694.0376164382,11.178224717073455,11.178224717073455,7,
2025-05-13,25585.0,25225.0,38183.26171875,0.0,0,0.0,0.0,0.0,0.0,760.4819178079488,9913425.0,108974952.41851059,108073702.89897634,-901249.5195342461,10.901752209652702,10.901752209652702,7,
2025-05-14,25380.0,25130.0,38128.12890625,0.0,0,0.0,0.0,0.0,0.0,757.6178630141076,9876090.0,108974952.41851059,108035610.28111333,-939342.1373972602,10.939107509258555,10.939107509258555,7,
2025-05-15,24650.0,24680.0,37755.51171875,0.0,0,0.0,0.0,0.0,0.0,744.0512876712019,9699240.0,108974952.41851059,107858016.22982566,-1116936.1886849313,11.120254394140742,11.120254394140742,7,
2025-05-16,24630.0,24610.0,37753.71875,0.0,0,0.0,0.0,0.0,0.0,741.9409315068042,9671730.0,108974952.41851059,107829764.28889415,-1145188.1296164382,11.14896345213257,11.14896345213257,7,
2025-05-19,24445.0,24275.0,37498.62890625,0.0,0,0.0,0.0,0.0,0.0,731.8413698626682,9540075.0,108974952.41851059,107697377.44752428,-1277574.970986301,11.28894452585795,11.28894452585795,7,
2025-05-20,24590.0,24285.0,37529.48828125,0.0,0,0.0,0.0,0.0,0.0,732.1428493155399,9544005.0,108974952.41851059,107700575.30467497,-1274377.1138356163,11.284631064702394,11.284631064702394,7,
2025-05-21,24420.0,24030.0,37298.98046875,0.0,0,0.0,0.0,0.0,0.0,724.4551232879749,9443790.0,108974952.41851059,107599635.84955168,-1375316.5689589041,11.393692135207546,11.393692135207546,7,
2025-05-22,23535.0,23600.0,36985.87109375,0.0,0,0.0,0.0,0.0,0.0,711.4915068492992,9274800.0,108974952.41851059,107429934.35804483,-1545018.0604657528,11.582992016867731,11.582992016867731,7,
2025-05-23,23795.0,23815.0,37160.46875,0.0,0,0.0,0.0,0.0,0.0,717.9733150681714,9359295.0,108974952.41851059,107513711.38472976,-1461241.0337808214,11.487372861388572,11.487372861388572,7,
2025-05-26,23920.0,24330.0,37531.53125,0.0,0,0.0,0.0,0.0,0.0,733.4995068497956,9561690.0,108974952.41851059,107715372.88522291,-1259579.5332876712,11.265306957789146,11.265306957789146,7,
2025-05-27,24340.0,24625.0,37724.109375,0.0,0,0.0,0.0,0.0,0.0,742.3931506848894,9677625.0,108974952.41851059,107830565.49207222,-1144386.9264383556,11.142254994595495,11.142254994595495,7,
2025-05-28,25125.0,24590.0,37722.3984375,0.0,0,0.0,0.0,0.0,0.0,741.3379726031562,9663870.0,108974952.41851059,107816069.15409963,-1158883.2644109586,11.156614188115075,11.156614188115075,7,
2025-05-29,25215.0,25505.0,38432.98046875,0.0,0,0.0,0.0,0.0,0.0,768.9233424658887,10023465.0,108974952.41851059,108174895.23075716,-800057.1877534243,10.79216570624601,10.79216570624601,7,
2025-05-30,24695.0,24970.0,37965.1015625,0.0,0,0.0,0.0,0.0,0.0,752.7941917806165,9813210.0,108974952.41851059,107963887.43656538,-1011064.9819452051,11.001893104964164,11.001893104964164,7,
2025-06-02,24355.0,24230.0,37470.671875,0.0,0,0.0,0.0,0.0,0.0,730.4847123284126,9522390.0,108974952.41851059,107672336.95185305,-1302615.4666575335,11.307280730137398,11.307280730137398,7,
2025-06-03,24415.0,24220.0,37446.80859375,0.0,0,0.0,0.0,0.0,0.0,730.1832328771707,9518460.0,108974952.41851059,107667676.76862018,-1307275.6498904107,11.311459707622891,11.311459707622891,7,
2025-06-04,24530.0,24570.0,37747.44921875,0.0,0,0.0,0.0,0.0,0.0,740.7350136988098,9656010.0,108974952.41851059,107804486.03360647,-1170466.3849041094,11.164496104872144,11.164496104872144,7,
2025-06-05,24350.0,24310.0,37554.48828125,0.0,0,0.0,0.0,0.0,0.0,732.8965479450999,9553830.0,108974952.41851059,107701573.13705853,-1273379.2814520546,11.27313058083078,11.27313058083078,7,
2025-06-06,24335.0,24550.0,37741.609375,0.0,0,0.0,0.0,0.0,0.0,740.132054794929,9648150.0,108974952.41851059,107795153.00500374,-1179799.4135068492,11.172624078709777,11.172624078709777,7,
2025-06-09,24950.0,25010.0,38088.5703125,0.0,0,0.0,0.0,0.0,0.0,754.0001095890766,9828930.0,108974952.41851059,107975179.00489415,-999773.4136164383,10.985445923909738,10.985445923909738,7,
2025-06-10,25250.0,25135.0,38211.51171875,0.0,0,0.0,0.0,0.0,0.0,757.7686027397867,9878055.0,108974952.41851059,108023546.23629141,-951406.1822191778,10.935710140942868,10.935710140942868,7,
2025-06-11,25440.0,25435.0,38421.19140625,0.0,0,0.0,0.0,0.0,0.0,766.812986301491,9995955.0,108974952.41851059,108140679.42330511,-834272.995205479,10.818444002929695,10.818444002929695,7,
2025-06-12,25280.0,25085.0,38173.08984375,0.0,0,0.0,0.0,0.0,0.0,756.2612054793863,9858405.0,108974952.41851059,108002373.16209963,-972579.2564109586,10.955359732340032,10.955359732340032,7,
2025-06-13,24980.0,24640.0,37834.25,0.0,0,0.0,0.0,0.0,0.0,742.8453698632075,9683520.0,108974952.41851059,107826745.31672977,-1148207.101780821,11.135077463229257,11.135077463229257,7,
2025-06-16,24950.0,25280.0,38311.328125,0.0,0,0.0,0.0,0.0,0.0,762.1400547947269,9935040.0,108974952.41851059,108077503.17667498,-897449.2418356163,10.878416511325065,10.878416511325065,7,
2025-06-17,25350.0,25600.0,38536.73828125,0.0,0,0.0,0.0,0.0,0.0,771.7873972601956,10060800.0,108974952.41851059,108202491.38927771,-772461.0292328764,10.754859592604735,10.754859592604735,7,
2025-06-18,25325.0,26015.0,38885.1484375,0.0,0,75959.80500000001,1187.096054794528,945.9374912630196,241.15856353150838,778.3117808219977,10145850.0,108975898.35600184,108362481.72393334,-613416.6320684927,10.680473466878905,10.680473466878905,7,
2025-06-19,25995.0,25535.0,38488.33984375,0.0,0,987612.438,13149.52052054798,10478.195426798658,2671.325093749322,689.5149589037756,8988320.0,108986376.55142865,108189203.3218807,-797173.2295479449,12.036643479747127,12.036643479747127,37,
2025-06-20,25475.0,25430.0,38403.23046875,0.0,0,0.0,0.0,0.0,0.0,686.6796712328214,8951360.0,108986376.55142865,108151556.64220947,-834819.9092191777,12.082136864365802,12.082136864365802,37,
2025-06-23,25175.0,25350.0,38354.08984375,0.0,0,0.0,0.0,0.0,0.0,684.5194520542864,8923200.0,108986376.55142865,108122712.12275742,-863664.4286712327,12.117033365021229,12.117033365021229,37,
2025-06-24,26005.0,25875.0,38790.55859375,0.0,0,0.0,0.0,0.0,0.0,698.6958904110361,9108000.0,108986376.55142865,108306813.42686701,-679563.1245616437,11.891393656880435,11.891393656880435,37,
2025-06-25,26055.0,26080.0,38942.0703125,0.0,0,0.0,0.0,0.0,0.0,704.2314520546934,9180160.0,108986376.55142865,108378269.19541495,-608107.3560136984,11.805705913122967,11.805705913122967,37,
2025-06-26,26250.0,26935.0,39584.578125,0.0,0,341181.75,6358.999150684934,5067.16847322329,1291.8306774616442,700.4575890405104,9130965.0,108991443.71990186,108668263.65714844,-323180.0627534243,11.901071097868455,11.901071097868455,37,
2025-06-27,27435.0,27750.0,40150.7890625,0.0,0,1947495.423,87538.71169863004,69755.22241705334,17783.48928157669,570.5095890410012,7437000.0,109061198.94231892,108903440.08127782,-157758.8610410956,14.643463773198578,14.643463773198578,37,
2025-06-30,28415.0,28220.0,40487.390625,0.0,0,1931833.556,101892.61342465752,81193.12900743836,20699.484417219177,432.96438356186263,5644000.0,109142392.07132636,109021141.18847704,-121250.88284931492,19.316290075917266,19.316290075917266,46,
2025-07-01,28010.0,27510.0,39986.328125,0.0,0,1988312.258,43822.5563013701,34920.003988746765,8902.552312623337,272.23594520578627,3548790.0,109177312.0753151,108905068.65821922,-272243.4170958905,30.687943963497197,30.687943963497197,46,
2025-07-02,26885.0,27230.0,39762.48046875,0.0,0,0.0,0.0,0.0,0.0,269.4650958904531,3512670.0,109177312.0753151,108868679.19312333,-308632.88219178084,30.993141739224956,30.993141739224956,46,
2025-07-03,27310.0,27185.0,39785.8984375,0.0,0,0.0,0.0,0.0,0.0,269.0197808223311,3506865.0,109177312.0753151,108862605.1733425,-314706.90197260265,31.042713413074782,31.042713413074782,46,
2025-07-04,27520.0,27285.0,39810.87890625,0.0,0,0.0,0.0,0.0,0.0,270.00936986284796,3519765.0,109177312.0753151,108875235.16397263,-302076.9113424657,30.932529633078524,30.932529633078524,46,
2025-07-07,27200.0,26980.0,39587.6796875,0.0,0,0.0,0.0,0.0,0.0,266.9911232878221,3480420.0,109177312.0753151,108835623.17284934,-341688.9024657534,31.270830294289006,31.270830294289006,46,
2025-07-08,26885.0,27180.0,39688.80859375,0.0,0,0.0,0.0,0.0,0.0,268.9703013699036,3506220.0,109177312.0753151,108861154.20254798,-316157.8727671233,31.048010165519557,31.048010165519557,46,
2025-07-09,27495.0,27285.0,39821.28125,0.0,0,0.0,0.0,0.0,0.0,270.00936986284796,3519765.0,109177312.0753151,108874429.19317812,-302882.8821369863,30.93230064881551,30.93230064881551,46,
2025-07-10,27290.0,27080.0,39646.359375,0.0,0,0.0,0.0,0.0,0.0,267.98071232868824,3493320.0,109177312.0753151,108847716.2124658,-329595.8628493151,31.158816315844465,31.158816315844465,46,
2025-07-11,27385.0,26940.0,39569.6796875,0.0,0,0.0,0.0,0.0,0.0,266.5952876711963,3475260.0,109177312.0753151,108829389.61717811,-347922.4581369863,31.315466934036046,31.315466934036046,46,
2025-07-14,26735.0,26815.0,39459.62109375,0.0,0,0.0,0.0,0.0,0.0,265.35830137028825,3459135.0,109177312.0753151,108812999.25887674,-364312.8164383561,31.456707893411718,31.456707893411718,46,
2025-07-15,26910.0,27085.0,39678.01953125,0.0,0,0.0,0.0,0.0,0.0,268.03019178065006,3493965.0,109177312.0753151,108847561.22868496,-329750.84663013695,31.153019915392672,31.153019915392672,46,
2025-07-16,27140.0,27080.0,39663.3984375,0.0,0,0.0,0.0,0.0,0.0,267.98071232868824,3493320.0,109177312.0753151,108846648.24797264,-330663.8273424658,31.158510599650945,31.158510599650945,46,
2025-07-17,26795.0,27425.0,39901.19140625,0.0,0,0.0,0.0,0.0,0.0,271.39479452045634,3537825.0,109177312.0753151,108890881.85317811,-286430.22213698627,30.77904697184799,30.77904697184799,46,
2025-07-18,27670.0,27300.0,39819.109375,0.0,0,0.0,0.0,0.0,0.0,270.15780821908265,3521700.0,109177312.0753151,108874486.6953699,-302825.3799452055,30.91532120719252,30.91532120719252,46,
2025-07-22,27280.0,27200.0,39774.921875,0.0,0,0.0,0.0,0.0,0.0,269.1682191781001,3508800.0,109177312.0753151,108861317.52715072,-315994.54816438357,31.025227293419608,31.025227293419608,46,
2025-07-23,28095.0,29230.0,41171.3203125,0.0,0,0.0,0.0,0.0,0.0,289.2568767123157,3770670.0,109177312.0753151,109122898.27027401,-54413.80504109586,28.939922684900566,28.939922684900566,46,
2025-07-24,29900.0,30090.0,41826.33984375,0.0,0,1046290.7000000002,74919.68478082195,59699.75081759798,15219.933963223979,216.97775342455134,2828460.0,109237011.8261327,109211542.05855736,-25469.767575342463,38.61166219729371,38.61166219729371,37,
2025-07-25,29870.0,29510.0,41456.23046875,0.0,0,567416.4940000001,10717.94658904119,8540.595739477472,2177.350849563718,169.7835616437951,2213250.0,109245552.42187218,109161401.41814616,-84151.00372602741,49.321767273532664,49.321767273532664,37,
2025-07-28,29580.0,28930.0,40998.26953125,0.0,0,0.0,0.0,0.0,0.0,166.4465753424447,2169750.0,109245552.42187218,109117734.97157082,-127817.45030136988,50.29046432610707,50.29046432610707,37,
2025-07-29,28640.0,28425.0,40674.55078125,0.0,0,0.0,0.0,0.0,0.0,163.54109589045402,2131875.0,109245552.42187218,109079696.43047492,-165855.99139726028,51.166084517373164,51.166084517373164,37,
2025-07-30,28550.0,28375.0,40654.69921875,0.0,0,0.0,0.0,0.0,0.0,163.25342465750873,2128125.0,109245552.42187218,109075783.17705026,-169769.2448219178,51.254406191859154,51.254406191859154,37,
2025-07-31,28530.0,29015.0,41069.8203125,0.0,0,0.0,0.0,0.0,0.0,166.93561643827707,2176125.0,109245552.42187218,109123616.24143383,-121936.18043835617,50.1458400787794,50.1458400787794,37,
2025-08-01,28410.0,28655.0,40799.6015625,0.0,0,0.0,0.0,0.0,0.0,164.86438356165309,2149125.0,109245552.42187218,109096451.37705027,-149101.0448219178,50.763194964020364,50.763194964020364,37,
2025-08-04,27360.0,27920.0,40290.69921875,0.0,0,0.0,0.0,0.0,0.0,160.6356164382305,2094000.0,109245552.42187218,109041165.74143383,-204386.68043835615,52.073145053215775,52.073145053215775,37,
2025-08-05,28220.0,28245.0,40549.5390625,0.0,0,0.0,0.0,0.0,0.0,162.5054794519674,2118375.0,109245552.42187218,109065378.23595437,-180174.1859178082,51.48539717281141,51.48539717281141,37,
2025-08-06,28075.0,28605.0,40794.859375,0.0,0,0.0,0.0,0.0,0.0,164.5767123287078,2145375.0,109245552.42187218,109092213.65924205,-153338.76263013697,50.84995101520342,50.84995101520342,37,
2025-08-07,28380.0,28920.0,41059.1484375,0.0,0,0.0,0.0,0.0,0.0,166.38904109585565,2169000.0,109245552.42187218,109115672.27020095,-129880.15167123289,50.306902844721506,50.306902844721506,37,
2025-08-08,29160.0,30000.0,41820.48046875,0.0,0,0.0,0.0,0.0,0.0,172.60273972607683,2250000.0,109245552.42187218,109196499.66746123,-49052.75441095892,48.53177762998277,48.53177762998277,37,
2025-08-12,30620.0,31340.0,42718.171875,0.0,0,0.0,0.0,0.0,0.0,180.31232876714785,2350500.0,109245552.42187218,109296819.35513246,51266.93326027396,46.49939134445116,46.47758026882458,37,
2025-08-13,32040.0,32180.0,43274.671875,0.0,0,2050149.8879999998,108269.92232876696,86274.88760767794,21995.034721089007,27.15463013702538,353980.0,109331827.30947986,109328427.05378123,-3400.2556986301206,308.85481398322287,308.85481398322287,37,
2025-08-14,31840.0,31200.0,42649.26171875,0.0,0,0.0,0.0,0.0,0.0,26.327671232866123,343200.0,109331827.30947986,109317620.72611,-14206.583369862998,318.5245359152389,318.5245359152389,37,
2025-08-15,31500.0,32280.0,43378.30859375,0.0,0,0.0,0.0,0.0,0.0,27.239013698650524,355080.0,109331827.30947986,109329473.4870963,-2353.8223835616272,307.9009617187572,307.9009617187572,37,
2025-08-18,32380.0,32730.0,43714.30859375,0.0,0,0.0,0.0,0.0,0.0,27.618739726021886,360030.0,109331827.30947986,109334395.86835657,2568.558876712345,303.68134841084515,303.6742141196008,37,
2025-08-19,32940.0,32470.0,43546.2890625,0.0,0,0.0,0.0,0.0,0.0,27.399342465796508,357170.0,109331827.30947986,109331508.46901411,-318.84046575340835,306.1049597362995,306.1049597362995,37,
2025-08-20,32010.0,31510.0,42888.55078125,0.0,0,0.0,0.0,0.0,0.0,26.58926027396228,346610.0,109331827.30947986,109320921.87975383,-10905.429726027382,315.4003689442135,315.4003689442135,37,
2025-08-21,31400.0,31160.0,42610.171875,0.0,0,0.0,0.0,0.0,0.0,26.293917808216065,342760.0,109331827.30947986,109317045.58583602,-14781.7236438356,318.9317469536586,318.9317469536586,37,
2025-08-22,31200.0,31100.0,42633.2890625,0.0,0,0.0,0.0,0.0,0.0,26.243287671240978,342100.0,109331827.30947986,109316359.34254836,-15467.966931506831,319.5450433865781,319.5450433865781,37,
2025-08-25,31800.0,31400.0,42807.8203125,0.0,0,0.0,0.0,0.0,0.0,26.49643835623283,345400.0,109331827.30947986,109319632.84611,-12194.463369862999,316.5015426928489,316.5015426928489,37,
2025-08-26,31180.0,30810.0,42394.3984375,0.0,0,0.0,0.0,0.0,0.0,25.99857534246985,338910.0,109331827.30947986,109313116.84753466,-18710.46194520546,322.5432027604221,322.5432027604221,37,
2025-08-27,30930.0,30970.0,42520.26953125,0.0,0,0.0,0.0,0.0,0.0,26.13358904107008,340670.0,109331827.30947986,109314850.71394561,-16976.59553424656,320.88194062860134,320.88194062860134,37,
2025-08-28,30730.0,31450.0,42828.7890625,0.0,0,0.0,0.0,0.0,0.0,26.538630136987194,345950.0,109331827.30947986,109320104.17531548,-11723.134164383546,315.9997230100173,315.9997230100173,37,
2025-08-29,31410.0,31300.0,42718.46875,0.0,0,0.0,0.0,0.0,0.0,26.412054794607684,344300.0,109331827.30947986,109318427.76326068,-13399.546219178066,317.5092296347972,317.5092296347972,37,
2025-09-01,30680.0,30490.0,42188.7890625,0.0,0,0.0,0.0,0.0,0.0,25.728547945152968,335390.0,109331827.30947986,109309492.03471273,-22335.274767123272,325.9175647297556,325.9175647297556,37,
2025-09-02,30690.0,30640.0,42310.48828125,0.0,0,0.0,0.0,0.0,0.0,25.855123287648894,337040.0,109331827.30947986,109311116.17958945,-20711.129890410943,324.32683414309713,324.32683414309713,37,
2025-09-03,30340.0,30090.0,41938.890625,0.0,0,0.0,0.0,0.0,0.0,25.391013698652387,330990.0,109331827.30947986,109305040.78857575,-26786.52090410957,330.2366862702068,330.2366862702068,37,
2025-09-04,30300.0,31040.0,42580.26953125,0.0,0,0.0,0.0,0.0,0.0,26.19265753426589,341440.0,109331827.30947986,109315464.59591822,-16362.71356164382,320.16010015205666,320.16010015205666,37,
2025-09-05,31690.0,31660.0,43018.75,0.0,0,0.0,0.0,0.0,0.0,26.715835616458207,348260.0,109331827.30947986,109322257.8800826,-9569.429397260257,313.9098888189359,313.9098888189359,37,
2025-09-08,32360.0,32620.0,43643.80859375,0.0,0,0.0,0.0,0.0,0.0,27.52591780817602,358820.0,109331827.30947986,109332790.3541648,963.0446849315238,304.7009373896795,304.69825346825667,37,
2025-09-09,32970.0,32310.0,43459.2890625,0.0,0,0.0,0.0,0.0,0.0,27.26432876707986,355410.0,109331827.30947986,109329353.08983603,-2474.2196438355995,307.6147353474467,307.6147353474467,37,
2025-09-10,32400.0,32860.0,43837.671875,0.0,0,0.0,0.0,0.0,0.0,27.728438356076367,361460.0,109331827.30947986,109335375.36139767,3548.051917808236,302.4826408493268,302.4728249584459,37,
2025-09-11,33020.0,33680.0,44372.5,0.0,0,363147.356,5235.40791780825,4171.834799305504,1063.5731185027462,0.0,0.0,109335999.14427917,109335999.14427917,0.0,inf,inf,37,
2025-09-12,34380.0,34270.0,44768.12109375,0.0,0,0.0,0.0,0.0,0.0,0.0,0.0,109335999.14427917,109335999.14427917,0.0,inf,inf,37,
2025-09-16,34540.0,34460.0,44902.26953125,0.0,0,0.0,0.0,0.0,0.0,0.0,0.0,109335999.14427917,109335999.14427917,0.0,inf,inf,37,
2025-09-17,34300.0,34350.0,44790.37890625,0.0,0,0.0,0.0,0.0,0.0,0.0,0.0,109335999.14427917,109335999.14427917,0.0,inf,inf,37,
2025-09-18,34590.0,35150.0,45303.4296875,0.0,0,0.0,0.0,0.0,0.0,0.0,0.0,109335999.14427917,109335999.14427917,0.0,inf,inf,37,
2025-09-19,35970.0,34660.0,45045.80859375,0.0,0,0.0,0.0,0.0,0.0,0.0,0.0,109335999.14427917,109335999.14427917,0.0,inf,inf,37,
2025-09-22,35000.0,35410.0,45493.66015625,0.0,0,0.0,0.0,0.0,0.0,0.0,0.0,109335999.14427917,109335999.14427917,0.0,inf,inf,37,
2025-09-24,35310.0,35640.0,45630.30859375,0.0,0,0.0,0.0,0.0,0.0,0.0,0.0,109335999.14427917,109335999.14427917,0.0,inf,inf,37,
2025-09-25,35570.0,35790.0,45754.9296875,0.0,0,0.0,0.0,0.0,0.0,0.0,0.0,109335999.14427917,109335999.14427917,0.0,inf,inf,37,
2025-09-26,35580.0,35210.0,45354.98828125,0.0,0,0.0,0.0,0.0,0.0,0.0,0.0,109335999.14427917,109335999.14427917,0.0,inf,inf,37,
2025-09-29,35340.0,35080.0,45043.75,0.0,0,0.0,0.0,0.0,0.0,0.0,0.0,109335999.14427917,109335999.14427917,0.0,inf,inf,37,
2025-09-30,35170.0,34970.0,44932.62890625,0.0,0,0.0,0.0,0.0,0.0,0.0,0.0,109335999.14427917,109335999.14427917,0.0,inf,inf,37,
2025-10-01,34760.0,34410.0,44550.8515625,0.0,0,0.0,0.0,0.0,0.0,0.0,0.0,109335999.14427917,109335999.14427917,0.0,inf,inf,37,
2025-10-02,34910.0,35000.0,44936.73046875,0.0,0,0.0,0.0,0.0,0.0,0.0,0.0,109335999.14427917,109335999.14427917,0.0,inf,inf,37,
2025-10-03,35210.0,36260.0,45769.5,0.0,0,0.0,0.0,0.0,0.0,0.0,0.0,109335999.14427917,109335999.14427917,0.0,inf,inf,37,
2025-10-06,39060.0,39780.0,47944.76171875,0.0,0,0.0,0.0,0.0,0.0,0.0,0.0,109335999.14427917,109335999.14427917,0.0,inf,inf,37,
2025-10-07,40430.0,39710.0,47950.87890625,0.0,0,0.0,0.0,0.0,0.0,0.0,0.0,109335999.14427917,109335999.14427917,0.0,inf,inf,37,
2025-10-08,39640.0,39400.0,47734.98828125,0.0,0,0.0,0.0,0.0,0.0,0.0,0.0,109335999.14427917,109335999.14427917,0.0,inf,inf,37,
2025-10-09,40070.0,40760.0,48580.44140625,0.0,0,0.0,0.0,0.0,0.0,0.0,0.0,109335999.14427917,109335999.14427917,0.0,inf,inf,37,
2025-10-10,40770.0,39900.0,48088.80078125,0.0,0,0.0,0.0,0.0,0.0,0.0,0.0,109335999.14427917,109335999.14427917,0.0,inf,inf,37,
2025-10-14,39200.0,37820.0,46847.3203125,0.0,0,0.0,0.0,0.0,0.0,0.0,0.0,109335999.14427917,109335999.14427917,0.0,inf,inf,37,
2025-10-15,38120.0,39200.0,47672.671875,0.0,0,0.0,0.0,0.0,0.0,0.0,0.0,109335999.14427917,109335999.14427917,0.0,inf,inf,37,
2025-10-16,39900.0,40150.0,48277.73828125,0.0,0,0.0,0.0,0.0,0.0,0.0,0.0,109335999.14427917,109335999.14427917,0.0,inf,inf,37,
2025-10-17,39330.0,38930.0,47582.1484375,0.0,0,0.0,0.0,0.0,0.0,0.0,0.0,109335999.14427917,109335999.14427917,0.0,inf,inf,37,
2025-10-20,40330.0,41600.0,49185.5,0.0,0,0.0,0.0,0.0,0.0,0.0,0.0,109335999.14427917,109335999.14427917,0.0,inf,inf,37,
2025-10-21,42480.0,41770.0,49316.05859375,0.0,0,0.0,0.0,0.0,0.0,0.0,0.0,109335999.14427917,109335999.14427917,0.0,inf,inf,37,
2025-10-22,41680.0,41820.0,49307.7890625,0.0,0,0.0,0.0,0.0,0.0,0.0,0.0,109335999.14427917,109335999.14427917,0.0,inf,inf,37,
2025-10-23,40500.0,40700.0,48641.609375,0.0,0,0.0,0.0,0.0,0.0,0.0,0.0,109335999.14427917,109335999.14427917,0.0,inf,inf,37,
2025-10-27,43120.0,43890.0,50512.3203125,0.0,0,0.0,0.0,0.0,0.0,0.0,0.0,109335999.14427917,109335999.14427917,0.0,inf,inf,37,
2025-10-28,43560.0,43330.0,50219.1796875,0.0,0,0.0,0.0,0.0,0.0,0.0,0.0,109335999.14427917,109335999.14427917,0.0,inf,inf,37,
2025-10-29,44170.0,45350.0,51307.6484375,0.0,0,0.0,0.0,0.0,0.0,0.0,0.0,109335999.14427917,109335999.14427917,0.0,inf,inf,37,
2025-10-30,44920.0,45200.0,51325.609375,0.0,0,0.0,0.0,0.0,0.0,0.0,0.0,109335999.14427917,109335999.14427917,0.0,inf,inf,37,
2025-10-31,45900.0,47210.0,52411.33984375,0.0,0,0.0,0.0,0.0,0.0,0.0,0.0,109335999.14427917,109335999.14427917,0.0,inf,inf,37,
2025-11-04,47160.0,45730.0,51497.19921875,0.0,0,0.0,0.0,0.0,0.0,0.0,0.0,109335999.14427917,109335999.14427917,0.0,inf,inf,37,
2025-11-05,43940.0,43340.0,50212.26953125,0.0,0,0.0,0.0,0.0,0.0,0.0,0.0,109335999.14427917,109335999.14427917,0.0,inf,inf,37,
2025-11-06,45000.0,44240.0,50883.6796875,0.0,0,0.0,0.0,0.0,0.0,0.0,0.0,109335999.14427917,109335999.14427917,0.0,inf,inf,37,
2025-11-07,43090.0,43400.0,50276.37109375,0.0,0,0.0,0.0,0.0,0.0,0.0,0.0,109335999.14427917,109335999.14427917,0.0,inf,inf,37,
2025-11-10,44100.0,44460.0,50911.76171875,0.0,0,0.0,0.0,0.0,0.0,0.0,0.0,109335999.14427917,109335999.14427917,0.0,inf,inf,37,
2025-11-11,45160.0,44300.0,50842.9296875,0.0,0,0.0,0.0,0.0,0.0,0.0,0.0,109335999.14427917,109335999.14427917,0.0,inf,inf,37,
2025-11-12,44280.0,44680.0,51063.30859375,0.0,0,0.0,0.0,0.0,0.0,0.0,0.0,109335999.14427917,109335999.14427917,0.0,inf,inf,37,
2025-11-13,44510.0,45040.0,51281.828125,0.0,0,0.0,0.0,0.0,0.0,0.0,0.0,109335999.14427917,109335999.14427917,0.0,inf,inf,37,
2025-11-14,43210.0,43440.0,50376.53125,0.0,0,0.0,0.0,0.0,0.0,0.0,0.0,109335999.14427917,109335999.14427917,0.0,inf,inf,37,
2025-11-17,43110.0,43460.0,50323.91015625,0.0,0,0.0,0.0,0.0,0.0,0.0,0.0,109335999.14427917,109335999.14427917,0.0,inf,inf,37,
2025-11-18,42640.0,40760.0,48702.98046875,0.0,0,0.0,0.0,0.0,0.0,0.0,0.0,109335999.14427917,109335999.14427917,0.0,inf,inf,37,
2025-11-19,40780.0,40390.0,48537.69921875,40788.156,1,0.0,0.0,0.0,0.0,3.098410958889872,40390.0,109335999.14427917,109335597.88986821,-401.25441095890676,2706.996729137614,2706.996729137614,37,
2025-11-20,43280.0,42390.0,49823.94140625,43288.656,1,0.0,0.0,0.0,0.0,6.503671232843772,84780.0,109335999.14427917,109336692.73019698,693.5859178082138,1289.6519548265744,1289.6437738178718,37,
2025-11-21,40160.0,40520.0,48625.87890625,0.0,0,0.0,0.0,0.0,0.0,6.216767123201862,81040.0,109335999.14427917,109332946.51342985,-3052.630849315074,1349.1232294352153,1349.1232294352153,37,
2025-11-25,41430.0,40410.0,48659.51953125,41438.286,1,0.0,0.0,0.0,0.0,9.299835616489872,121230.0,109335999.14427917,109331688.92759423,-4310.216684931513,901.8534102746369,901.8534102746369,37,
2025-11-26,41000.0,41900.0,49559.0703125,0.0,0,0.0,0.0,0.0,0.0,9.642739726114087,125700.0,109335999.14427917,109336149.28485452,150.14057534246024,869.8182122900121,869.8170178542496,37,
2025-11-27,42600.0,42940.0,50167.1015625,0.0,0,0.0,0.0,0.0,0.0,9.882082191877998,128820.0,109335999.14427917,109339259.40277232,3260.25849315068,848.7754960625083,848.7501874264801,37,
2025-11-28,43030.0,43060.0,50253.91015625,0.0,0,86042.788,3787.6709315068474,3018.205581771231,769.465349735616,3.303232876700349,43060.0,109339017.34986094,109338769.4221897,-247.9276712328794,2539.2189833299976,2539.2189833299976,37,
2025-12-01,43170.0,41510.0,49303.28125,0.0,0,0.0,0.0,0.0,0.0,3.1843287671217695,41510.0,109339017.34986094,109337216.23786093,-1801.1120000000026,2633.9970184982158,2633.9970184982158,37,
2025-12-02,41860.0,41400.0,49303.44921875,0.0,0,0.0,0.0,0.0,0.0,3.1758904109010473,41400.0,109339017.34986094,109337103.06197053,-1914.2878904109616,2640.9928275838292,2640.9928275838292,37,
2025-12-03,41940.0,42400.0,49864.6796875,0.0,0,0.0,0.0,0.0,0.0,3.252602739725262,42400.0,109339017.34986094,109338099.80936779,-917.5404931506876,2578.728769088863,2578.728769088863,37,
2025-12-04,42480.0,44350.0,51028.421875,0.0,0,0.0,0.0,0.0,0.0,3.4021917808568105,44350.0,109339017.34986094,109340046.407176,1029.0573150684904,2465.3899979070125,2465.366794810844,37,
2025-12-05,43500.0,43420.0,50491.87109375,0.0,0,0.0,0.0,0.0,0.0,3.3308493150398135,43420.0,109339017.34986094,109339113.07632668,95.72646575342199,2518.1739538536776,2518.171749190717,37,
2025-12-08,43810.0,43590.0,50581.94140625,0.0,0,0.0,0.0,0.0,0.0,3.3438904109643772,43590.0,109339017.34986094,109339279.73243628,262.3825753424631,2508.356956467912,2508.350937138356,37,
2025-12-09,43640.0,43690.0,50655.1015625,0.0,0,0.0,0.0,0.0,0.0,3.3515616438817233,43690.0,109339017.34986094,109339376.38087463,359.0310136986275,2502.6179075503464,2502.609689857197,37,
2025-12-10,44050.0,43570.0,50602.80078125,0.0,0,0.0,0.0,0.0,0.0,3.342356164357625,43570.0,109339017.34986094,109339253.03851847,235.6886575342439,2509.507758515457,2509.5023490902213,37,
2025-12-11,43940.0,42840.0,50148.8203125,0.0,0,0.0,0.0,0.0,0.0,3.28635616437532,42840.0,109339017.34986094,109338519.75216231,-497.5976986301397,2552.253028761959,2552.253028761959,37,
2025-12-12,43540.0,44030.0,50836.55078125,0.0,0,0.0,0.0,0.0,0.0,3.3776438356144354,44030.0,109339017.34986094,109339706.37451847,689.0246575342439,2483.300167488496,2483.284518506948,37,
2025-12-15,42700.0,42920.0,50168.109375,0.0,0,0.0,0.0,0.0,0.0,3.292493150685914,42920.0,109339017.34986094,109338593.08202532,-424.26783561644106,2547.4975089008694,2547.4975089008694,37,
2025-12-16,42540.0,41620.0,49383.2890625,0.0,0,0.0,0.0,0.0,0.0,3.1927671233424917,41620.0,109339017.34986094,109337289.88925819,-1727.4606027397288,2627.0372390499324,2627.0372390499324,37,
2025-12-17,41720.0,41810.0,49512.28125,0.0,0,0.0,0.0,0.0,0.0,3.2073424657573923,41810.0,109339017.34986094,109337476.68191573,-1540.667945205482,2615.1034843797115,2615.1034843797115,37,
2025-12-18,40290.0,40960.0,49001.5,0.0,0,0.0,0.0,0.0,0.0,3.142136986250989,40960.0,109339017.34986094,109336623.53977874,-2393.8100821917833,2669.3511606391294,2669.3511606391294,37,
2025-12-19,41470.0,41720.0,49507.2109375,0.0,0,0.0,0.0,0.0,0.0,3.2004383561434224,41720.0,109339017.34986094,109337380.33934039,-1637.0105205479479,2620.742577644784,2620.742577644784,37,
2025-12-22,43120.0,43130.0,50402.390625,43128.623999999996,1,0.0,0.0,0.0,0.0,6.617205479415134,86260.0,109339017.34986094,109338785.0981349,-232.2517260273961,1267.5490968946779,1267.5490968946779,48,
2025-12-23,43220.0,43130.0,50412.87109375,0.0,0,0.0,0.0,0.0,0.0,6.617205479415134,86260.0,109339017.34986094,109338778.48092943,-238.86893150684816,1267.549020182349,1267.549020182349,48,
2025-12-24,43360.0,43100.0,50344.1015625,0.0,0,0.0,0.0,0.0,0.0,6.612602739827707,86200.0,109339017.34986094,109338711.8683267,-305.4815342465742,1268.430532115159,1268.430532115159,48,
2025-12-25,43250.0,43120.0,50407.7890625,0.0,0,0.0,0.0,0.0,0.0,6.615671232808381,86240.0,109339017.34986094,109338745.25265546,-272.0972054794509,1267.8425933749475,1267.8425933749475,48,
2025-12-26,43320.0,43690.0,50750.390625,0.0,0,0.0,0.0,0.0,0.0,6.703123287763447,87380.0,109339017.34986094,109339878.54953218,861.1996712328778,1251.314700727079,1251.3048449285984,48,
2025-12-29,43750.0,43330.0,50526.921875,0.0,0,0.0,0.0,0.0,0.0,6.647890410851687,86660.0,109339017.34986094,109339151.90164176,134.55178082191898,1261.7026529153216,1261.7011002753397,48,
2025-12-30,43030.0,43100.0,50339.48046875,0.0,0,0.0,0.0,0.0,0.0,6.612602739827707,86200.0,109339017.34986094,109338685.28903902,-332.06082191780706,1268.4302237707543,1268.4302237707543,48,
2026-01-05,45000.0,45740.0,51832.80078125,0.0,0,0.0,0.0,0.0,0.0,7.017643835628405,91480.0,109339017.34986094,109343958.27139518,4940.921534246576,1195.2772001682902,1195.2231892201676,48,
2026-01-06,46260.0,46850.0,52518.078125,0.0,0,92501.496,5962.417534246575,4751.152412164383,1211.2651220821917,0.0,0.0,109343768.50227311,109343768.50227311,0.0,inf,inf,48,
2026-01-07,46250.0,45810.0,51961.98046875,0.0,0,0.0,0.0,0.0,0.0,0.0,0.0,109343768.50227311,109343768.50227311,0.0,inf,inf,48,
2026-01-08,45510.0,44350.0,51117.26171875,0.0,0,0.0,0.0,0.0,0.0,0.0,0.0,109343768.50227311,109343768.50227311,0.0,inf,inf,48,
2026-01-09,44900.0,45710.0,51939.890625,0.0,0,0.0,0.0,0.0,0.0,0.0,0.0,109343768.50227311,109343768.50227311,0.0,inf,inf,48,
2026-01-13,49060.0,48610.0,53549.16015625,0.0,0,0.0,0.0,0.0,0.0,0.0,0.0,109343768.50227311,109343768.50227311,0.0,inf,inf,48,
2026-01-14,49280.0,50110.0,54341.23046875,492898.56,10,0.0,0.0,0.0,0.0,38.44054794521071,501100.0,109343768.50227311,109351931.50172517,8162.999452054797,218.22377070789298,218.20748054734207,36,
2026-01-15,49360.0,49650.0,54110.5,0.0,0,0.0,0.0,0.0,0.0,38.08767123287544,496500.0,109343768.50227311,109347293.41405393,3524.9117808219203,220.2362405116897,220.22914099148664,48,
2026-01-16,49590.0,49360.0,53936.171875,0.0,0,0.0,0.0,0.0,0.0,37.865205479436554,493600.0,109343768.50227311,109344355.54884845,587.046575342468,221.52422112813704,221.52303181173644,48,
2026-01-19,48120.0,48670.0,53583.5703125,0.0,0,0.0,0.0,0.0,0.0,37.335890410933644,486700.0,109343768.50227311,109337418.21295804,-6350.28931506849,224.65054081150203,224.65054081150203,48,
2026-01-20,48380.0,47600.0,52991.1015625,0.0,0,0.0,0.0,0.0,0.0,36.5150684932014,476000.0,109343768.50227311,109326681.69788955,-17086.80438356164,229.67790272665871,229.67790272665871,48,
2026-01-21,46200.0,47080.0,52774.640625,0.0,0,0.0,0.0,0.0,0.0,36.11616438359488,470800.0,109343768.50227311,109321445.58172517,-22322.920547945203,232.20358025005345,232.20358025005345,48,
2026-01-22,48460.0,48740.0,53688.890625,0.0,0,0.0,0.0,0.0,0.0,37.389589041122235,487400.0,109343768.50227311,109338008.19213612,-5760.310136986299,224.32910995514183,224.32910995514183,48,
2026-01-23,49250.0,49070.0,53846.87109375,492598.5,10,0.0,0.0,0.0,0.0,75.28547945199534,981400.0,109343768.50227311,109339334.40665667,-4434.095616438354,111.41158998029006,111.41158998029006,36,
2026-01-26,47670.0,47370.0,52885.25,143038.602,3,0.0,0.0,0.0,0.0,83.57884931517765,1089510.0,109343768.50227311,109304322.22580735,-39446.276465753435,100.3242946148336,100.3242946148336,36,
2026-01-27,47350.0,48050.0,53333.5390625,331516.29000000004,7,0.0,0.0,0.0,0.0,110.58082191785797,1441500.0,109343768.50227311,109324685.35498545,-19083.14728767128,75.8409194276694,75.8409194276694,36,
2026-01-28,47450.0,48110.0,53358.7109375,47459.49,1,0.0,0.0,0.0,0.0,114.40953424666077,1491410.0,109343768.50227311,109327021.45545119,-16747.046821917855,73.3044712422816,73.3044712422816,36,
2026-01-29,48810.0,48150.0,53375.6015625,48819.762,1,0.0,0.0,0.0,0.0,118.19835616415367,1540800.0,109343768.50227311,109327473.49509503,-16295.007178082238,70.95500616244485,70.95500616244485,36,
2026-01-30,47990.0,48070.0,53322.8515625,47999.598,1,0.0,0.0,0.0,0.0,121.68953424680512,1586310.0,109343768.50227311,109324862.20756078,-18906.29471232882,68.91771608800346,68.91771608800346,36,
2026-02-02,48550.0,46990.0,52655.1796875,48559.71,1,0.0,0.0,0.0,0.0,122.56021917809267,1597660.0,109343768.50227311,109287529.9373416,-56238.564931506895,68.40474815501521,68.40474815501521,36,
2026-02-03,49090.0,50650.0,54720.66015625,0.0,0,0.0,0.0,0.0,0.0,132.10630136996042,1722100.0,109343768.50227311,109411837.83104023,68069.32876712324,63.53396308637143,63.49443615485344,48,
2026-02-04,49450.0,49830.0,54293.359375,0.0,0,593281.3200000001,23004.217479452043,18330.91069850136,4673.306780950682,84.09665753436275,1096260.0,109362099.41297162,109374521.74760175,12422.334630136987,99.77060345867015,99.75927189988836,45,
2026-02-05,49750.0,49010.0,53818.0390625,49759.95,1,0.0,0.0,0.0,0.0,86.47243835614063,1127230.0,109362099.41297162,109355645.3251634,-6454.087808219175,97.01271730273626,97.01271730273626,45,
2026-02-06,47690.0,49680.0,54253.6796875,286197.228,6,0.0,0.0,0.0,0.0,110.5209863014752,1440720.0,109362099.41297162,109382827.57617709,20728.163205479454,75.92233576002074,75.90794839592122,45,
2026-02-09,54740.0,53410.0,56363.94140625,0.0,0,0.0,0.0,0.0,0.0,118.8189589040121,1548890.0,109362099.41297162,109490878.7572182,128779.34424657535,70.68989970702773,70.60675671801846,36,
2026-02-10,54880.0,55930.0,57650.5390625,0.0,0,1591201.696,171091.0402465753,136333.89542048352,34757.14482609177,0.0,0.0,109498433.3083921,109498433.3083921,0.0,inf,inf,36,
2026-02-12,56380.0,56050.0,57639.83984375,0.0,0,0.0,0.0,0.0,0.0,0.0,0.0,109498433.3083921,109498433.3083921,0.0,inf,inf,45,
2026-02-13,55050.0,54720.0,56941.96875,0.0,0,0.0,0.0,0.0,0.0,0.0,0.0,109498433.3083921,109498433.3083921,0.0,inf,inf,45,
2026-02-16,55570.0,54410.0,56806.41015625,0.0,0,0.0,0.0,0.0,0.0,0.0,0.0,109498433.3083921,109498433.3083921,0.0,inf,inf,45,
2026-02-17,54420.0,53780.0,56566.48828125,0.0,0,0.0,0.0,0.0,0.0,0.0,0.0,109498433.3083921,109498433.3083921,0.0,inf,inf,45,
2026-02-18,54320.0,54980.0,57143.83984375,271654.32,5,0.0,0.0,0.0,0.0,21.08821917802561,274900.0,109498433.3083921,109501657.90017292,3224.591780821911,398.33269516250607,398.32096510873805,45,
2026-02-19,55580.0,55580.0,57467.828125,277955.58,5,0.0,0.0,0.0,0.0,42.63671232876368,555800.0,109498433.3083921,109504559.68346058,6126.375068493127,197.02151796232562,197.0104953371574,45,
2026-02-20,54810.0,54370.0,56825.69921875,274104.81,5,0.0,0.0,0.0,0.0,62.562739726155996,815550.0,109498433.3083921,109490142.31072086,-8290.997671232897,134.25313262304073,134.25313262304073,45,
2026-02-24,54020.0,55210.0,57321.08984375,216123.216,4,0.0,0.0,0.0,0.0,80.4704657534603,1048990.0,109498433.3083921,109507378.6242551,8945.315863013693,104.39315782252939,104.38463027139639,1,
2026-02-25,56210.0,57780.0,58583.12109375,0.0,0,0.0,0.0,0.0,0.0,84.2163287672447,1097820.0,109498433.3083921,109556124.40792634,57691.099534246576,99.79425079514523,99.74170019528893,1,
2026-02-26,58780.0,58110.0,58753.390625,0.0,0,235072.976,18915.08909589042,15072.48874606028,3842.600349830139,66.8663013697369,871650.0,109513505.79713815,109561117.91727515,47612.12013698628,125.69393439714925,125.63931141758522,1,
2026-02-27,57380.0,58200.0,58850.26953125,0.0,0,286842.62,15059.411780821905,12000.092277547936,3059.31950327397,44.64657534239814,582000.0,109525505.8894157,109555206.57119651,29700.681780821906,188.2391865484476,188.18815444916785,1,
2026-03-02,55980.0,56580.0,58057.23828125,0.0,0,0.0,0.0,0.0,0.0,43.403835616540164,565800.0,109525505.8894157,109538963.1673609,13457.277945205466,193.60014699074037,193.5763624768747,1,
2026-03-03,56000.0,53190.0,56279.05078125,56011.2,1,0.0,0.0,0.0,0.0,44.88361643825192,585090.0,109525505.8894157,109502197.08374447,-23308.805671232883,187.15444988590554,187.15444988590554,1,
2026-03-04,50550.0,49290.0,54245.5390625,353920.77,7,0.0,0.0,0.0,0.0,68.06071232864633,887220.0,109525505.8894157,109450338.25303213,-75167.63638356166,123.36324502719971,123.36324502719971,1,
2026-03-05,52930.0,51160.0,55278.05859375,370584.10199999996,7,0.0,0.0,0.0,0.0,98.11506849317811,1279000.0,109525505.8894157,109471436.03596364,-54069.85345205478,85.5914277059919,85.5914277059919,1,
2026-03-06,50160.0,51840.0,55620.83984375,351190.224,7,0.0,0.0,0.0,0.0,127.25654794531874,1658880.0,109525505.8894157,109499998.55541569,-25507.333999999977,66.00839033288464,66.00839033288464,1,
2026-03-09,45640.0,46460.0,52728.71875,365193.024,8,0.0,0.0,0.0,0.0,142.5621917808894,1858400.0,109525505.8894157,109334182.96922392,-191322.92019178078,58.83242734030559,58.83242734030559,1,
2026-03-10,49190.0,49010.0,54248.390625,393598.70399999997,8,0.0,0.0,0.0,0.0,180.46421917818952,2352480.0,109525505.8894157,109434483.80100474,-91022.08841095881,46.51877329499283,46.51877329499283,1,
2026-03-11,50410.0,50260.0,55025.37109375,352940.574,7,0.0,0.0,0.0,0.0,212.05589041113853,2764300.0,109525505.8894157,109493151.17111433,-32354.7183013698,39.609720786859,39.609720786859,1,
2026-03-12,49260.0,49460.0,54452.9609375,394158.816,8,394001.184,28718.72569863017,22884.51657295345,5834.209125676719,208.68054794508498,2720300.0,109548390.40598865,109442950.6494407,-105439.75654794516,40.231941568739,40.231941568739,1,
2026-03-13,47450.0,48140.0,53819.609375,379675.92,8,0.0,0.0,0.0,0.0,232.6546849317383,3032820.0,109548390.40598865,109375562.07475577,-172828.33123287666,36.06398074226488,36.06398074226488,1,
2026-03-16,48010.0,48040.0,53751.1484375,384156.816,8,0.0,0.0,0.0,0.0,261.6534794517793,3410840.0,109548390.40598865,109369163.60527632,-179226.80071232867,32.06516975445237,32.06516975445237,1,
2026-03-17,48870.0,48030.0,53700.390625,391038.192,8,0.0,0.0,0.0,0.0,291.0749589035986,3794370.0,109548390.40598865,109361364.33831741,-187026.06767123283,28.822008485813825,28.822008485813825,1,
2026-03-18,49200.0,50850.0,55239.3984375,393678.72,8,0.0,0.0,0.0,0.0,339.3715068491874,4423950.0,109548390.40598865,109596926.24681057,48535.840821917925,24.773545416835763,24.76257426191269,1,
2026-03-19,48180.0,47260.0,53372.53125,385517.088,8,0.0,0.0,0.0,0.0,344.4153424659744,4489700.0,109548390.40598865,109276814.7434681,-271575.6625205478,24.339446899228925,24.339446899228925,1,
2026-03-23,43760.0,43980.0,51515.48828125,393918.768,9,0.0,0.0,0.0,0.0,350.87605479487684,4573920.0,109548390.40598865,108966765.0994133,-581625.3065753423,23.82349606014388,23.82349606014388,1,
2026-03-24,45970.0,45270.0,52252.28125,367833.55199999997,8,0.0,0.0,0.0,0.0,388.94991780782584,5070240.0,109548390.40598865,109094862.5974955,-453527.80849315063,21.51670583591615,21.51670583591615,1,
2026-03-25,47450.0,47830.0,53749.62109375,379675.92,8,0.0,0.0,0.0,0.0,440.2980821917299,5739600.0,109548390.40598865,109384106.3794133,-164284.02657534226,19.05779259520059,19.05779259520059,1,
2026-03-26,48110.0,47400.0,53603.6484375,384956.97599999997,8,0.0,0.0,0.0,0.0,465.42904109554365,6067200.0,109548390.40598865,109326283.97437221,-222106.43161643815,18.019231931430017,18.019231931430017,1,
2026-03-27,46700.0,47200.0,53373.0703125,373674.72,8,0.0,0.0,0.0,0.0,492.4317808218766,6419200.0,109548390.40598865,109304116.8225914,-244273.58339726002,17.027685197936098,17.027685197936098,1,
2026-03-30,43000.0,45000.0,51885.8515625,387077.39999999997,9,0.0,0.0,0.0,0.0,500.54794520512223,6525000.0,109548390.40598865,109022338.87464619,-526051.5313424655,16.708404425233134,16.708404425233134,1,
2026-03-31,43400.0,43890.0,51063.71875,390678.12,9,0.0,0.0,0.0,0.0,518.5032328763045,6759060.0,109548390.40598865,108865202.2514133,-683188.1545753423,16.106559529196854,16.106559529196854,1,
2026-04-01,46750.0,48330.0,53739.6796875,374074.8,8,0.0,0.0,0.0,0.0,600.616109588882,7829460.0,109548390.40598865,109560926.83530372,12536.429315068766,13.993420598011067,13.991819411043501,1,
2026-04-02,49030.0,46000.0,52463.26953125,392318.448,8,441181.74600000004,54009.607808219254,43037.555981979516,10972.051826239742,568.1315068498952,7406000.0,109591427.96197063,109174789.94997063,-416638.01199999964,14.741397508772701,14.741397508772701,1,
2026-04-03,47340.0,47100.0,53123.48828125,378795.744,8,0.0,0.0,0.0,0.0,610.6224657535786,7959900.0,109591427.96197063,109349283.58350487,-242144.37846575317,13.737519765764,13.737519765764,1,
2026-04-06,47220.0,47670.0,53413.6796875,141688.332,3,0.0,0.0,0.0,0.0,628.9827945199795,8199240.0,109591427.96197063,109446306.26871036,-145121.69326027366,13.34834768450617,13.34834768450617,33,
2026-04-07,48060.0,47750.0,53429.55859375,0.0,0,0.0,0.0,0.0,0.0,630.0383561648196,8213000.0,109591427.96197063,109459436.23035419,-131991.73161643802,13.327582640978228,13.327582640978228,33,
2026-04-08,52180.0,52900.0,56308.421875,0.0,0,0.0,0.0,0.0,0.0,697.9901369867148,9098800.0,109591427.96197063,110344538.24021721,753110.2782465756,12.127372646966327,12.044602360967449,33,
2026-04-09,52870.0,52140.0,55895.3203125,0.0,0,3647300.3939999994,464848.9721369863,370414.9034473576,94434.06868962878,411.97742465755437,5370420.0,109961842.86541799,110168612.58810292,206769.72268493168,20.51396587010009,20.47546427754589,33,
2026-04-10,53070.0,53800.0,56924.109375,0.0,0,0.0,0.0,0.0,0.0,425.0936986305751,5541400.0,109961842.86541799,110339167.49440429,377324.6289863016,19.911785378136262,19.84369344667737,33,
2026-04-13,52800.0,53100.0,56502.76953125,0.0,0,1266946.56,110932.93106849326,88396.90612192886,22536.024946564405,321.80054794519674,4194900.0,110050239.77153993,110236756.22890979,186516.4573698631,26.278756639946074,26.234293969234052,33,
2026-04-14,54760.0,55560.0,57877.390625,0.0,0,0.0,0.0,0.0,0.0,336.7088219176512,4389240.0,110050239.77153993,110430759.52008787,380519.74854794535,25.15942612390479,25.072732357205332,33,
2026-04-15,57000.0,56180.0,58134.23828125,0.0,0,2279544.0,311877.3043287672,248519.4299543781,63357.87437438905,168.07824657554738,2191020.0,110298759.2014943,110448557.56746691,149798.36597260274,50.40965284089918,50.34128360375273,33,
2026-04-16,56940.0,59020.0,59518.33984375,0.0,0,398500.284,46574.14712328767,37112.609135191786,9461.53798809589,144.8819726029178,1888640.0,110335871.81062949,110535071.4315062,199199.62087671232,58.52627892637358,58.42080640600087,33,
2026-04-17,58390.0,57070.0,58475.8984375,0.0,0,1225944.762,146194.18953424663,116494.83993036443,29699.349603882198,48.15769863023888,627770.0,110452366.65055986,110470398.68620369,18032.035643835603,175.97272677286855,175.94400282039578,33,
2026-04-20,57570.0,57370.0,58824.890625,0.0,0,0.0,0.0,0.0,0.0,48.410849314997904,631070.0,110452366.65055986,110473650.27535439,21283.624794520536,175.05768024997923,175.02395399965116,33,
2026-04-21,57830.0,58390.0,59349.171875,0.0,0,0.0,0.0,0.0,0.0,49.2715616436908,642290.0,110452366.65055986,110484821.00379273,32454.3532328767,172.01703436733055,171.96650523993813,33,
2026-04-22,57860.0,58850.0,59585.859375,0.0,0,0.0,0.0,0.0,0.0,49.659726027282886,647350.0,110452366.65055986,110489831.34406671,37464.693506849304,170.680205984501,170.62233204689866,33,
2026-04-23,59540.0,57970.0,59140.23046875,0.0,0,0.0,0.0,0.0,0.0,48.91715068498161,637670.0,110452366.65055986,110480102.42691602,27735.776356164373,173.25591987535248,173.21242437398632,33,
2026-04-24,58500.0,59020.0,59716.1796875,58511.7,1,0.0,0.0,0.0,0.0,54.33073972607963,708240.0,110452366.65055986,110492106.3961763,39739.74561643835,156.00941262308862,155.95330205941468,33,
2026-04-27,59790.0,60810.0,60537.359375,0.0,0,0.0,0.0,0.0,0.0,55.97852054797113,729720.0,110452366.65055986,110513530.41765575,61163.767095890405,151.44648689587206,151.3626687641285,33,
2026-04-28,60380.0,59440.0,59917.4609375,0.0,0,0.0,0.0,0.0,0.0,54.71736986306496,713280.0,110452366.65055986,110497035.70028588,44669.04972602739,154.91396884853899,154.8513440031402,33,
2026-04-30,57960.0,58070.0,59284.921875,0.0,0,0.0,0.0,0.0,0.0,53.45621917815879,696840.0,110452366.65055986,110480542.2440667,28175.593506849305,158.54506377944247,158.50463040376536,33,
2026-05-01,58940.0,58570.0,59513.12109375,58951.788,1,0.0,0.0,0.0,0.0,58.409534246544354,761410.0,110452366.65055986,110486102.04653247,33735.39597260273,145.1072379487168,145.06293146998314,33,
2026-05-07,63400.0,65520.0,62833.83984375,63412.68,1,0.0,0.0,0.0,0.0,70.36668493156321,917280.0,110452366.65055986,110578488.99984753,126122.34928767123,120.5504197190035,120.41292369893583,33,
2026-05-08,64560.0,64800.0,62713.6484375,0.0,0,839112.144,111372.19947945206,88746.93715520135,22625.26232425069,4.970958904130384,64800.0,110541113.58771506,110542490.91056438,1377.3228493150682,1705.9026375087096,1705.881382526467,33,
2026-05-11,66270.0,64310.0,62417.87890625,0.0,0,0.0,0.0,0.0,0.0,4.9333698629634455,64310.0,110541113.58771506,110541995.97719452,882.3894794520545,1718.8928001429717,1718.8790792678442,33,
2026-05-12,65150.0,64830.0,62742.5703125,0.0,0,0.0,0.0,0.0,0.0,4.973260273924097,64830.0,110541113.58771506,110542511.00393423,1397.416219178082,1705.113543173442,1705.0919880875376,33,
2026-05-13,63950.0,66000.0,63272.109375,0.0,0,0.0,0.0,0.0,0.0,5.063013698672876,66000.0,110541113.58771506,110543675.94092053,2562.353205479452,1674.9041809230384,1674.8653573896222,33,
2026-05-14,66780.0,64770.0,62654.05078125,0.0,0,0.0,0.0,0.0,0.0,4.968657534220256,64770.0,110541113.58771506,110542440.97226301,1327.3845479452052,1706.6920020420412,1706.6715082247192,33,
2026-05-15,65350.0,62240.0,61409.2890625,65363.07,1,0.0,0.0,0.0,0.0,9.549150684848428,124480.0,110541113.58771506,110536778.35311233,-4335.234602739726,887.9882579780874,887.9882579780874,33,
2026-05-18,62680.0,60970.0,60815.94921875,188077.608,3,0.0,0.0,0.0,0.0,23.38575342448894,304850.0,110541113.58771506,110529047.35935889,-12066.22835616439,362.56863165280924,362.56863165280924,33,
2026-05-19,61890.0,60530.0,60550.58984375,309511.89,5,0.0,0.0,0.0,0.0,46.43397260259371,605300.0,110541113.58771506,110519939.0353863,-21174.552328767146,182.58704615130728,182.58704615130728,33,
2026-05-20,60220.0,59060.0,59804.41015625,421624.308,7,0.0,0.0,0.0,0.0,77.0207123287255,1004020.0,110541113.58771506,110496957.70667396,-44155.881041095934,110.0545384620565,110.0545384620565,33,
2026-05-21,61820.0,62540.0,61684.140625,556491.2760000001,9,0.0,0.0,0.0,0.0,124.73731506848708,1626040.0,110541113.58771506,110562361.6933589,21248.105643835504,67.99485971646386,67.98179232227686,33,
2026-05-22,63980.0,65880.0,63339.0703125,191978.388,3,0.0,0.0,0.0,0.0,146.56043835612945,1910520.0,110541113.58771506,110654716.74492054,113603.15720547934,57.9186382476606,57.859176343464114,33,
2026-05-25,66880.0,70010.0,65158.19140625,0.0,0,0.0,0.0,0.0,0.0,155.74827397288755,2030290.0,110541113.58771506,110774330.99664657,233217.40893150674,54.56084155300305,54.44597253974312,33,
2026-05-26,70110.0,69260.0,64996.08984375,0.0,0,1682303.472,206113.92326027394,164241.87974994926,41872.04351032465,26.565479452139698,346300.0,110705355.46746501,110730745.8596568,25390.39219178082,319.75381420634363,319.6804951413948,33,
2026-05-27,72450.0,69560.0,64999.41015625,0.0,0,0.0,0.0,0.0,0.0,26.680547945317812,347800.0,110705355.46746501,110732219.17910884,26863.71164383561,318.37900856558036,318.30176960168205,33,
2026-05-28,68560.0,68680.0,64693.12109375,0.0,0,0.0,0.0,0.0,0.0,26.343013698467985,343400.0,110705355.46746501,110727792.83609515,22437.36863013698,322.44552369276397,322.3801848208067,33,
2026-05-29,70670.0,72090.0,66329.5,0.0,0,0.0,0.0,0.0,0.0,27.650958903948776,360450.0,110705355.46746501,110744815.18513624,39459.71767123287,307.24043608027813,307.13096259526986,33,
2026-06-01,72090.0,73490.0,66934.328125,0.0,0,288302.328,32730.411452054766,26081.22836556984,6649.183086484926,5.637589041143656,73490.0,110731436.69583058,110739502.69246072,8065.996630136987,1506.8649162125557,1506.7551598289642,33,
2026-06-02,73900.0,72930.0,66734.2421875,0.0,0,73885.22,8461.216630136987,6742.320471724658,1718.896158412329,0.0,0.0,110738179.0163023,110738179.0163023,0.0,inf,inf,33,
2026-06-03,75310.0,76720.0,68402.1328125,0.0,0,0.0,0.0,0.0,0.0,0.0,0.0,110738179.0163023,110738179.0163023,0.0,inf,inf,33,
2026-06-05,73450.0,72670.0,66640.8125,0.0,0,0.0,0.0,0.0,0.0,0.0,0.0,110738179.0163023,110738179.0163023,0.0,inf,inf,33,
