date,side,shares,price,value,lot_id,realized_pnl_before_tax,realized_pnl_after_tax,reason,event_type
2014-10-27,BUY,2,5166.032999999999,10332.065999999999,0,0.0,0.0,buy_signal,buy
2014-10-28,BUY,4,5126.025,20504.1,1,0.0,0.0,buy_signal,buy
2014-10-29,BUY,2,5176.035,10352.07,2,0.0,0.0,buy_signal,buy
2014-10-30,SELL,4,5293.941,21175.764,1,668.4789041095897,532.6774147397266,take_profit,take_profit
2014-10-30,BUY,1,5296.059,5296.059,3,0.0,0.0,buy_signal,buy
2014-10-31,SELL,2,5453.909000000001,10907.818000000001,0,572.5484931506871,456.23526676712504,take_profit,take_profit
2014-10-31,SELL,2,5453.909000000001,10907.818000000001,2,554.1193972602754,441.55004170685044,take_profit,take_profit
2014-11-04,SELL,1,6363.727,6363.727,3,1066.8072876712326,850.0853871808217,take_profit,take_profit
2014-12-10,BUY,1,6721.344,6721.344,4,0.0,0.0,buy_signal,buy
2014-12-11,BUY,13,6376.275,82891.575,5,0.0,0.0,buy_signal,buy
2014-12-12,BUY,22,6501.3,143028.6,6,0.0,0.0,buy_signal,buy
2014-12-15,BUY,18,6331.266,113962.788,7,0.0,0.0,buy_signal,buy
2014-12-16,BUY,29,6141.228,178095.612,8,0.0,0.0,buy_signal,buy
2014-12-17,BUY,32,6021.204,192678.528,9,0.0,0.0,buy_signal,buy
2014-12-18,SELL,32,6398.72,204759.04,9,12065.439561643852,9614.345514695904,take_profit,take_profit
2014-12-18,BUY,29,6401.28,185637.12,10,0.0,0.0,buy_signal,buy
2014-12-19,SELL,29,6643.671,192666.459,8,14529.490616438365,11577.82459770891,take_profit,take_profit
2014-12-19,BUY,11,6646.329,73109.61899999999,11,0.0,0.0,buy_signal,buy
2014-12-22,SELL,13,6738.652,87602.476,5,4666.383301369861,3718.407533696574,take_profit,take_profit
2014-12-22,SELL,22,6738.652,148250.344,6,5157.308712328773,4109.601447419183,take_profit,take_profit
2014-12-22,SELL,18,6738.652,121295.736,7,7289.279506849319,5808.462375032879,take_profit,take_profit
2014-12-22,SELL,29,6738.652,195420.908,10,9754.667232876713,7773.006584517809,take_profit,take_profit
2014-12-22,BUY,1,6741.348,6741.348,12,0.0,0.0,buy_signal,buy
2014-12-24,BUY,1,6866.373,6866.373,13,0.0,0.0,buy_signal,buy
2014-12-25,SELL,1,6838.6320000000005,6838.6320000000005,4,112.31780821917854,89.50044547945242,take_profit,take_profit
2014-12-25,SELL,11,6838.6320000000005,75224.952,11,2098.228452054808,1671.9733420198736,take_profit,take_profit
2014-12-25,SELL,1,6838.6320000000005,6838.6320000000005,12,96.24301369863069,76.69124546575387,take_profit,take_profit
2014-12-30,BUY,2,6791.358,13582.716,14,0.0,0.0,buy_signal,buy
2015-01-05,BUY,11,6511.302,71624.322,15,0.0,0.0,buy_signal,buy
2015-01-06,BUY,17,6291.258,106951.386,16,0.0,0.0,buy_signal,buy
2015-01-07,BUY,31,6081.215999999999,188517.696,17,0.0,0.0,buy_signal,buy
2015-01-08,BUY,30,6281.256,188437.68000000002,18,0.0,0.0,buy_signal,buy
2015-01-09,SELL,31,6473.705,200684.855,17,12137.385410958917,9671.675564722613,take_profit,take_profit
2015-01-09,BUY,20,6476.295,129525.9,19,0.0,0.0,buy_signal,buy
2015-01-13,BUY,15,6181.236,92718.54,20,0.0,0.0,buy_signal,buy
2015-01-14,BUY,19,6201.24,117823.56,21,0.0,0.0,buy_signal,buy
2015-01-15,BUY,24,6116.223,146789.352,22,0.0,0.0,buy_signal,buy
2015-01-16,BUY,5,6056.211,30281.055,23,0.0,0.0,buy_signal,buy
2015-01-19,BUY,20,6226.245,124524.9,24,0.0,0.0,buy_signal,buy
2015-01-20,SELL,5,6268.746,31343.73,23,1057.943767123287,843.0224908321912,take_profit,take_profit
2015-01-20,BUY,10,6271.254,62712.54,25,0.0,0.0,buy_signal,buy
2015-01-21,SELL,17,6433.713,109373.121,16,2340.182506849316,1864.7744305828774,take_profit,take_profit
2015-01-21,SELL,30,6433.713,193011.38999999998,18,4458.158219178045,3552.4833769520255,take_profit,take_profit
2015-01-21,SELL,15,6433.713,96505.69499999999,20,3744.0330821917796,2983.4327615445195,take_profit,take_profit
2015-01-21,SELL,19,6433.713,122240.54699999999,21,4371.533794520542,3483.4567041636938,take_profit,take_profit
2015-01-21,SELL,24,6433.713,154409.112,22,7573.511671232857,6034.952775221902,take_profit,take_profit
2015-01-21,SELL,20,6433.713,128674.26,24,4129.859726027398,3290.878722684932,take_profit,take_profit
2015-01-21,SELL,10,6433.713,64337.13,25,1619.6152054794486,1290.5903764862987,take_profit,take_profit
2015-01-22,BUY,1,6441.288,6441.288,26,0.0,0.0,buy_signal,buy
2015-01-23,BUY,3,6591.318,19773.954,27,0.0,0.0,buy_signal,buy
2015-01-27,BUY,1,6681.336,6681.336,28,0.0,0.0,buy_signal,buy
2015-01-28,SELL,11,6658.668000000001,73245.34800000001,15,1535.0940000000126,1223.2396539000101,take_profit,take_profit
2015-01-28,SELL,20,6658.668000000001,133173.36000000002,19,3529.9213698630347,2812.8178435753593,take_profit,take_profit
2015-01-28,SELL,1,6658.668000000001,6658.668000000001,26,215.35901369863114,171.60883006575423,take_profit,take_profit
2015-01-28,SELL,3,6658.668000000001,19976.004,27,197.470273972602,157.35418781506792,take_profit,take_profit
2015-01-29,SELL,1,6688.662,6688.662,28,6.284246575342488,5.007601883561661,take_profit,take_profit
2015-01-30,BUY,1,6786.357,6786.357,29,0.0,0.0,buy_signal,buy
2015-02-02,BUY,1,6606.321,6606.321,30,0.0,0.0,buy_signal,buy
2015-02-03,BUY,3,6696.339,20089.017,31,0.0,0.0,buy_signal,buy
2015-02-04,BUY,14,6631.326,92838.564,32,0.0,0.0,buy_signal,buy
2015-02-05,BUY,3,6656.331,19968.993000000002,33,0.0,0.0,buy_signal,buy
2015-02-06,BUY,5,6716.343,33581.715,34,0.0,0.0,buy_signal,buy
2015-02-09,BUY,2,6786.357,13572.714,35,0.0,0.0,buy_signal,buy
2015-02-10,BUY,1,6676.335,6676.335,36,0.0,0.0,buy_signal,buy
2015-02-12,BUY,1,6871.374,6871.374,37,0.0,0.0,buy_signal,buy
2015-02-13,SELL,2,6878.624,13757.248,14,146.61715068493075,116.83187652328706,take_profit,take_profit
2015-02-13,SELL,1,6878.624,6878.624,29,87.65889041095873,69.85098682397246,take_profit,take_profit
2015-02-13,SELL,1,6878.624,6878.624,30,268.21039726027385,213.72345505684922,take_profit,take_profit
2015-02-13,SELL,3,6878.624,20635.872,31,536.1006986301365,427.1918417034243,take_profit,take_profit
2015-02-13,SELL,14,6878.624,96300.736,32,3418.9123835616497,2724.3603328411004,take_profit,take_profit
2015-02-13,SELL,3,6878.624,20635.872,33,659.1498493150657,525.2435574267101,take_profit,take_profit
2015-02-13,SELL,5,6878.624,34393.119999999995,34,801.0488356164371,638.3157646609579,take_profit,take_profit
2015-02-13,SELL,2,6878.624,13757.248,35,181.4156438356161,144.56105579041068,take_profit,take_profit
2015-02-13,SELL,1,6878.624,6878.624,36,201.24532876712306,160.36234022808202,take_profit,take_profit
2015-02-19,SELL,1,7128.5740000000005,7128.5740000000005,13,244.00445205479545,194.43494761986375,take_profit,take_profit
2015-02-19,SELL,1,7128.5740000000005,7128.5740000000005,37,254.530027397261,202.82225233150743,take_profit,take_profit
2015-03-05,BUY,1,7481.496,7481.496,38,0.0,0.0,buy_signal,buy
2015-03-06,BUY,2,7601.5199999999995,15203.039999999999,39,0.0,0.0,buy_signal,buy
2015-03-09,SELL,1,7643.4710000000005,7643.4710000000005,38,160.80436986301407,128.13696212534276,take_profit,take_profit
2015-03-09,SELL,2,7643.4710000000005,15286.942000000001,39,82.71832876712514,65.91410027808367,take_profit,take_profit
2015-03-09,BUY,1,7646.5289999999995,7646.5289999999995,40,0.0,0.0,buy_signal,buy
2015-03-10,BUY,3,7646.5289999999995,22939.587,41,0.0,0.0,buy_signal,buy
2015-03-11,BUY,6,7396.479,44378.874,42,0.0,0.0,buy_signal,buy
2015-03-12,SELL,6,7563.487,45380.922,42,998.5890410958856,795.7256773972565,take_profit,take_profit
2015-03-12,BUY,4,7566.513,30266.052,43,0.0,0.0,buy_signal,buy
2015-03-13,SELL,4,7853.429,31413.716,43,1145.2889863013706,912.6235287342472,take_profit,take_profit
2015-03-13,BUY,1,7856.571,7856.571,44,0.0,0.0,buy_signal,buy
2015-03-16,SELL,1,7928.414,7928.414,40,278.95190410958924,222.2828247897262,take_profit,take_profit
2015-03-16,SELL,3,7928.414,23785.242,41,838.5978493150674,668.2366962267115,take_profit,take_profit
2015-03-18,SELL,1,8073.385,8073.385,44,214.97252054794552,171.30085299863038,take_profit,take_profit
2015-03-27,BUY,3,8141.628,24424.884,45,0.0,0.0,buy_signal,buy
2015-03-30,BUY,10,8056.611,80566.11,46,0.0,0.0,buy_signal,buy
2015-03-31,BUY,8,8296.659,66373.272,47,0.0,0.0,buy_signal,buy
2015-04-01,BUY,14,7976.595,111672.33,48,0.0,0.0,buy_signal,buy
2015-04-02,BUY,20,7906.581,158131.62,49,0.0,0.0,buy_signal,buy
2015-04-03,SELL,20,8063.387000000001,161267.74000000002,49,3123.753972602764,2489.1633530685126,take_profit,take_profit
2015-04-03,BUY,6,8066.612999999999,48399.678,50,0.0,0.0,buy_signal,buy
2015-04-06,SELL,14,8038.392,112537.488,48,839.3074794520506,668.8021650013666,take_profit,take_profit
2015-04-06,BUY,3,8041.608,24124.824,51,0.0,0.0,buy_signal,buy
2015-04-07,BUY,5,8251.65,41258.25,52,0.0,0.0,buy_signal,buy
2015-04-08,SELL,3,8413.317000000001,25239.951,45,800.1667808219205,637.6128992979474,take_profit,take_profit
2015-04-08,SELL,10,8413.317000000001,84133.17000000001,46,3523.560273972615,2807.7490043150783,take_profit,take_profit
2015-04-08,SELL,6,8413.317000000001,50479.902,50,2068.8920547945227,1648.5966338630153,take_profit,take_profit
2015-04-08,SELL,3,8413.317000000001,25239.951,51,1111.3389452054798,885.5704384869866,take_profit,take_profit
2015-04-08,BUY,1,8416.682999999999,8416.682999999999,53,0.0,0.0,buy_signal,buy
2015-04-09,SELL,8,8518.296,68146.368,47,1738.102904109594,1385.00729913973,take_profit,take_profit
2015-04-09,SELL,5,8518.296,42591.48,52,1326.786164383565,1057.2495550890437,take_profit,take_profit
2015-04-10,SELL,1,8638.272,8638.272,53,220.28143835616615,175.531264154111,take_profit,take_profit
2015-04-14,BUY,1,8486.697,8486.697,54,0.0,0.0,buy_signal,buy
2015-04-15,BUY,1,8511.702,8511.702,55,0.0,0.0,buy_signal,buy
2015-04-16,BUY,3,8521.704,25565.112,56,0.0,0.0,buy_signal,buy
2015-04-17,BUY,4,8486.697,33946.788,57,0.0,0.0,buy_signal,buy
2015-04-20,BUY,10,8251.65,82516.5,58,0.0,0.0,buy_signal,buy
2015-04-21,BUY,11,8401.68,92418.48000000001,59,0.0,0.0,buy_signal,buy
2015-04-22,SELL,10,8633.273000000001,86332.73000000001,58,3803.28095890412,3030.644432102748,take_profit,take_profit
2015-04-22,SELL,11,8633.273000000001,94966.00300000001,59,2540.303986301371,2024.2412314842475,take_profit,take_profit
2015-04-22,BUY,3,8636.726999999999,25910.180999999997,60,0.0,0.0,buy_signal,buy
2015-04-23,SELL,1,8838.232,8838.232,54,346.96141095890397,276.4762003226026,take_profit,take_profit
2015-04-23,SELL,1,8838.232,8838.232,55,322.6134520547952,257.07452926986355,take_profit,take_profit
2015-04-23,SELL,3,8838.232,26514.696,56,939.7962739726016,748.8766609150676,take_profit,take_profit
2015-04-23,SELL,4,8838.232,35352.928,57,1395.713260273972,1112.1741114493148,take_profit,take_profit
2015-04-23,BUY,1,8841.768,8841.768,61,0.0,0.0,buy_signal,buy
2015-04-24,SELL,3,8748.25,26244.75,60,330.5266438356196,263.3801561404135,take_profit,take_profit
2015-04-24,BUY,1,8751.75,8751.75,62,0.0,0.0,buy_signal,buy
2015-04-27,BUY,2,8701.74,17403.48,63,0.0,0.0,buy_signal,buy
2015-04-28,BUY,2,8701.74,17403.48,64,0.0,0.0,buy_signal,buy
2015-04-30,BUY,3,8451.69,25355.07,65,0.0,0.0,buy_signal,buy
2015-05-01,BUY,20,8226.645,164532.90000000002,66,0.0,0.0,buy_signal,buy
2015-05-07,BUY,20,8076.615,161532.3,67,0.0,0.0,buy_signal,buy
2015-05-08,BUY,23,8086.617,185992.191,68,0.0,0.0,buy_signal,buy
2015-05-11,BUY,20,8316.663,166333.26,69,0.0,0.0,buy_signal,buy
2015-05-12,SELL,20,8258.348,165166.96,67,3597.186027397264,2866.41768593151,take_profit,take_profit
2015-05-12,SELL,23,8258.348,189942.004,68,3920.8682876712273,3124.3438950308173,take_profit,take_profit
2015-05-12,BUY,11,8261.652,90878.172,70,0.0,0.0,buy_signal,buy
2015-05-13,BUY,7,8241.648,57691.53599999999,71,0.0,0.0,buy_signal,buy
2015-05-14,SELL,20,8323.335000000001,166466.7,66,1858.0465753424542,1480.5844135616346,take_profit,take_profit
2015-05-14,SELL,11,8323.335000000001,91556.68500000001,70,664.4082876712391,529.4337440308269,take_profit,take_profit
2015-05-14,SELL,7,8323.335000000001,58263.34500000001,71,567.2875753424814,452.0431044116563,take_profit,take_profit
2015-05-14,BUY,4,8326.664999999999,33306.659999999996,72,0.0,0.0,buy_signal,buy
2015-05-15,BUY,8,8356.671,66853.368,73,0.0,0.0,buy_signal,buy
2015-05-18,BUY,4,8396.679,33586.716,74,0.0,0.0,buy_signal,buy
2015-05-19,SELL,20,8583.283,171665.65999999997,69,5255.511232876677,4187.85412591778,take_profit,take_profit
2015-05-19,SELL,4,8583.283,34333.132,72,1018.7670136986317,811.8044948657547,take_profit,take_profit
2015-05-19,SELL,8,8583.283,68666.264,73,1802.5490410958837,1436.361203397255,take_profit,take_profit
2015-05-19,BUY,2,8586.717,17173.434,75,0.0,0.0,buy_signal,buy
2015-05-20,SELL,3,8748.25,26244.75,65,868.6535342465756,692.1865687643838,take_profit,take_profit
2015-05-20,SELL,4,8748.25,34993.0,74,1401.0184657534244,1116.4015644356161,take_profit,take_profit
2015-05-20,BUY,1,8751.75,8751.75,76,0.0,0.0,buy_signal,buy
2015-05-21,SELL,2,8798.24,17596.48,75,420.36950684931355,334.9714415328755,take_profit,take_profit
2015-05-25,SELL,2,8898.22,17796.44,63,372.2376986301361,296.6176101534239,take_profit,take_profit
2015-05-25,SELL,2,8898.22,17796.44,64,373.5579178082183,297.66962680547874,take_profit,take_profit
2015-05-26,SELL,1,8973.205,8973.205,62,209.74179452054787,167.13274896369856,take_profit,take_profit
2015-05-26,SELL,1,8973.205,8973.205,76,218.7420684931506,174.30461727876707,take_profit,take_profit
2015-05-27,SELL,1,8928.214,8928.214,61,73.36578082191772,58.46152244794514,take_profit,take_profit
2015-06-02,BUY,1,9141.828,9141.828,77,0.0,0.0,buy_signal,buy
2015-06-03,BUY,2,8996.798999999999,17993.597999999998,78,0.0,0.0,buy_signal,buy
2015-06-04,BUY,3,9091.818,27275.453999999998,79,0.0,0.0,buy_signal,buy
2015-06-05,BUY,5,8976.795,44883.975,80,0.0,0.0,buy_signal,buy
2015-06-08,BUY,5,9086.817,45434.08499999999,81,0.0,0.0,buy_signal,buy
2015-06-09,BUY,6,8886.777,53320.662,82,0.0,0.0,buy_signal,buy
2015-06-10,BUY,16,8711.742,139387.872,83,0.0,0.0,buy_signal,buy
2015-06-11,BUY,17,8766.753,149034.801,84,0.0,0.0,buy_signal,buy
2015-06-12,SELL,16,8958.208,143331.328,83,3921.8844931506906,3125.1536583671277,take_profit,take_profit
2015-06-12,SELL,17,8958.208,152289.53600000002,84,3243.1023424657687,2584.266101593848,take_profit,take_profit
2015-06-12,BUY,5,8961.792,44808.96,85,0.0,0.0,buy_signal,buy
2015-06-15,BUY,6,8786.757,52720.542,86,0.0,0.0,buy_signal,buy
2015-06-16,SELL,6,8868.226,53209.356,86,484.70835616438205,386.23985360958784,take_profit,take_profit
2015-06-16,BUY,7,8871.774,62102.418,87,0.0,0.0,buy_signal,buy
2015-06-17,BUY,7,8851.77,61962.39,88,0.0,0.0,buy_signal,buy
2015-06-18,BUY,8,8756.751,70054.008,89,0.0,0.0,buy_signal,buy
2015-06-19,BUY,19,8706.741,165428.079,90,0.0,0.0,buy_signal,buy
2015-06-22,BUY,12,8726.744999999999,104720.93999999999,91,0.0,0.0,buy_signal,buy
2015-06-23,SELL,8,9048.19,72385.52,89,2315.3962739726053,1845.0235209150705,take_profit,take_profit
2015-06-23,SELL,19,9048.19,171915.61000000002,90,6461.769082191798,5149.0606931445345,take_profit,take_profit
2015-06-23,SELL,12,9048.19,108578.28,91,3849.1056986301483,3067.1598759534336,take_profit,take_profit
2015-06-23,BUY,4,9051.81,36207.24,92,0.0,0.0,buy_signal,buy
2015-06-24,SELL,2,9343.131,18686.262,78,672.2178630136993,535.6568041424663,take_profit,take_profit
2015-06-24,SELL,3,9343.131,28029.392999999996,79,725.3444794520533,577.9907484513686,take_profit,take_profit
2015-06-24,SELL,5,9343.131,46715.655,80,1787.4821917808222,1424.3551845205482,take_profit,take_profit
2015-06-24,SELL,5,9343.131,46715.655,81,1240.8261643835685,988.7523290890466,take_profit,take_profit
2015-06-24,SELL,6,9343.131,56058.78599999999,82,2693.3715616438317,2146.213128895887,take_profit,take_profit
2015-06-24,SELL,5,9343.131,46715.655,85,1879.4774657534244,1497.6616185856162,take_profit,take_profit
2015-06-24,SELL,7,9343.131,65401.916999999994,87,3270.9823424657498,2606.4822795938326,take_profit,take_profit
2015-06-24,SELL,7,9343.131,65401.916999999994,88,3415.7385068493095,2721.8312291828724,take_profit,take_profit
2015-06-24,SELL,4,9343.131,37372.524,92,1162.4410410958901,926.2911435972601,take_profit,take_profit
2015-06-25,SELL,1,9263.147,9263.147,77,109.68327397260407,87.40111686506955,take_profit,take_profit
2015-06-29,BUY,1,8801.76,8801.76,93,0.0,0.0,buy_signal,buy
2015-06-30,BUY,18,8731.746,157171.42799999999,94,0.0,0.0,buy_signal,buy
2015-07-01,BUY,16,8821.764,141148.224,95,0.0,0.0,buy_signal,buy
2015-07-02,SELL,18,9043.191,162777.43800000002,94,5581.610876712367,4447.706627108249,take_profit,take_profit
2015-07-02,BUY,12,9046.809,108561.70799999998,96,0.0,0.0,buy_signal,buy
2015-07-03,SELL,1,8973.205,8973.205,93,168.73130136986273,134.4535374965751,take_profit,take_profit
2015-07-03,SELL,16,8973.205,143571.28,95,2401.085589041107,1913.305051627406,take_profit,take_profit
2015-07-03,BUY,5,8976.795,44883.975,97,0.0,0.0,buy_signal,buy
2015-07-06,BUY,5,8761.752,43808.76,98,0.0,0.0,buy_signal,buy
2015-07-07,BUY,11,8876.775,97644.525,99,0.0,0.0,buy_signal,buy
2015-07-08,BUY,4,8826.765,35307.06,100,0.0,0.0,buy_signal,buy
2015-07-09,BUY,22,8031.606,176695.332,101,0.0,0.0,buy_signal,buy
2015-07-10,SELL,22,8393.321,184653.062,101,7943.536684931517,6329.807207387679,take_profit,take_profit
2015-07-10,BUY,20,8396.679,167933.58000000002,102,0.0,0.0,buy_signal,buy
2015-07-13,BUY,20,8501.699999999999,170033.99999999997,103,0.0,0.0,buy_signal,buy
2015-07-14,SELL,20,8848.23,176964.59999999998,102,9004.899452054755,7175.554128369831,take_profit,take_profit
2015-07-14,BUY,5,8851.77,44258.850000000006,104,0.0,0.0,buy_signal,buy
2015-07-15,SELL,20,8938.212,178764.24,103,8703.38301369865,6935.29075446577,take_profit,take_profit
2015-07-15,BUY,2,8941.788,17883.576,105,0.0,0.0,buy_signal,buy
2015-07-16,SELL,5,9048.19,45240.950000000004,98,1405.651369863016,1120.0932940753444,take_profit,take_profit
2015-07-17,SELL,11,9103.179,100134.969,99,2431.729917808222,1937.7239850054818,take_profit,take_profit
2015-07-17,SELL,4,9103.179,36412.716,100,1087.0333150684958,866.2024971123309,take_profit,take_profit
2015-07-17,SELL,5,9103.179,45515.895000000004,104,1246.7310273972585,993.4576191815054,take_profit,take_profit
2015-07-22,SELL,12,9113.177,109358.124,96,690.8061369863134,550.4688702575438,take_profit,take_profit
2015-07-22,SELL,5,9113.177,45565.884999999995,97,641.3656164383524,511.0721914589011,take_profit,take_profit
2015-07-22,SELL,2,9113.177,18226.354,105,337.19104109588886,268.690681097259,take_profit,take_profit
2015-07-23,BUY,1,9141.828,9141.828,106,0.0,0.0,buy_signal,buy
2015-07-24,BUY,1,9066.813,9066.813,107,0.0,0.0,buy_signal,buy
2015-07-27,BUY,3,8886.777,26660.331,108,0.0,0.0,buy_signal,buy
2015-07-28,BUY,8,8686.737,69493.896,109,0.0,0.0,buy_signal,buy
2015-07-29,SELL,8,8828.234,70625.872,109,1126.547835616448,897.6896428109667,take_profit,take_profit
2015-07-29,BUY,12,8831.766,105981.192,110,0.0,0.0,buy_signal,buy
2015-07-30,BUY,10,8931.786,89317.86,111,0.0,0.0,buy_signal,buy
2015-07-31,SELL,12,8973.205,107678.45999999999,110,1680.891452054791,1339.4183535698603,take_profit,take_profit
2015-07-31,BUY,4,8976.795,35907.18,112,0.0,0.0,buy_signal,buy
2015-08-03,BUY,2,9001.8,18003.6,113,0.0,0.0,buy_signal,buy
2015-08-04,BUY,2,8926.785,17853.57,114,0.0,0.0,buy_signal,buy
2015-08-05,BUY,2,8961.792,17923.584,115,0.0,0.0,buy_signal,buy
2015-08-06,SELL,3,9203.159,27609.477,108,932.6727945205486,743.2003163136991,take_profit,take_profit
2015-08-06,SELL,10,9203.159,92031.59,111,2679.1365753424616,2134.8699800616405,take_profit,take_profit
2015-08-06,SELL,2,9203.159,18406.318,114,549.9786849315065,438.2505150876709,take_profit,take_profit
2015-08-06,BUY,1,9206.841,9206.841,116,0.0,0.0,buy_signal,buy
2015-08-07,SELL,4,9078.184000000001,36312.736000000004,112,391.68334246575756,312.1128714438389,take_profit,take_profit
2015-08-07,SELL,2,9078.184000000001,18156.368000000002,115,229.99243835616767,183.2694745041122,take_profit,take_profit
2015-08-07,BUY,4,9081.815999999999,36327.263999999996,117,0.0,0.0,buy_signal,buy
2015-08-10,SELL,2,9073.185,18146.37,113,135.81142465753467,108.2213337383565,take_profit,take_profit
2015-08-10,BUY,3,9076.815,27230.445,118,0.0,0.0,buy_signal,buy
2015-08-11,SELL,1,9328.134,9328.134,107,253.0264794520547,201.6241501513698,take_profit,take_profit
2015-08-11,SELL,4,9328.134,37312.536,117,979.6229041095935,780.6125111397296,take_profit,take_profit
2015-08-11,SELL,3,9328.134,27984.402000000002,118,751.8328356164405,599.0979950609607,take_profit,take_profit
2015-08-11,BUY,2,9331.866,18663.732,119,0.0,0.0,buy_signal,buy
2015-08-12,BUY,4,9096.819,36387.276,120,0.0,0.0,buy_signal,buy
2015-08-13,BUY,14,8896.779,124554.906,121,0.0,0.0,buy_signal,buy
2015-08-14,SELL,14,8973.205,125624.87,121,1060.244547945198,844.8558680301311,take_profit,take_profit
2015-08-14,BUY,7,8976.795,62837.565,122,0.0,0.0,buy_signal,buy
2015-08-17,BUY,10,9051.81,90518.09999999999,123,0.0,0.0,buy_signal,buy
2015-08-18,BUY,8,9086.817,72694.536,124,0.0,0.0,buy_signal,buy
2015-08-19,BUY,44,8946.789,393658.716,125,0.0,0.0,buy_signal,buy
2015-08-20,BUY,75,8701.74,652630.5,126,0.0,0.0,buy_signal,buy
2015-08-21,BUY,79,8261.652,652670.508,127,0.0,0.0,buy_signal,buy
2015-08-24,BUY,114,7746.549,883106.586,128,0.0,0.0,buy_signal,buy
2015-08-25,BUY,110,6901.38,759151.8,129,0.0,0.0,buy_signal,buy
2015-08-26,BUY,32,6736.347,215563.104,130,0.0,0.0,buy_signal,buy
2015-08-27,BUY,38,7431.486,282396.468,131,0.0,0.0,buy_signal,buy
2015-08-28,SELL,32,7623.475,243951.2,130,28352.685589041117,22592.837511627415,take_profit,take_profit
2015-08-28,BUY,100,7626.525,762652.5,132,0.0,0.0,buy_signal,buy
2015-08-31,SELL,110,7628.474,839132.14,129,79736.34493150681,63537.906458671205,take_profit,take_profit
2015-08-31,BUY,76,7631.526,579995.976,133,0.0,0.0,buy_signal,buy
2015-09-01,BUY,1,7411.482,7411.482,134,0.0,0.0,buy_signal,buy
2015-11-09,SELL,38,7943.411,301849.618,131,18488.55383561646,14732.604123910976,take_profit,take_profit
2015-11-09,SELL,1,7943.411,7943.411,134,508.27398630137,405.0181259842467,take_profit,take_profit
2015-11-10,SELL,114,7958.408,907258.512,128,21001.509452054772,16735.052806869844,take_profit,take_profit
2015-11-10,SELL,100,7958.408,795840.8,132,30643.598630137032,24418.351568424696,take_profit,take_profit
2015-11-10,SELL,76,7958.408,604839.008,133,22954.18421917809,18291.04169505206,take_profit,take_profit
2015-11-17,BUY,1,8111.621999999999,8111.621999999999,135,0.0,0.0,buy_signal,buy
2015-12-07,BUY,18,8166.633,146999.394,136,0.0,0.0,buy_signal,buy
2015-12-09,BUY,35,7916.583,277080.40499999997,137,0.0,0.0,buy_signal,buy
2015-12-11,BUY,3,7756.5509999999995,23269.653,138,0.0,0.0,buy_signal,buy
2015-12-15,BUY,3,7481.496,22444.488,139,0.0,0.0,buy_signal,buy
2015-12-16,BUY,16,7471.494,119543.904,140,0.0,0.0,buy_signal,buy
2015-12-18,SELL,3,7783.443,23350.329,139,900.6330000000004,717.6694060500004,take_profit,take_profit
2015-12-18,SELL,16,7783.443,124535.088,140,4972.2943561643915,3962.1727577095953,take_profit,take_profit
2016-01-07,BUY,11,6861.372,75475.092,141,0.0,0.0,buy_signal,buy
2016-01-08,BUY,22,6461.2919999999995,142148.424,142,0.0,0.0,buy_signal,buy
2016-01-12,BUY,23,6391.278,146999.394,143,0.0,0.0,buy_signal,buy
2016-01-13,BUY,23,6356.271,146194.233,144,0.0,0.0,buy_signal,buy
2016-01-14,BUY,5,6126.224999999999,30631.124999999996,145,0.0,0.0,buy_signal,buy
2016-01-15,BUY,19,6411.282,121814.35800000001,146,0.0,0.0,buy_signal,buy
2016-01-18,BUY,17,5801.16,98619.72,147,0.0,0.0,buy_signal,buy
2016-01-19,BUY,21,5936.187,124659.927,148,0.0,0.0,buy_signal,buy
2016-01-20,BUY,9,6011.202,54100.818,149,0.0,0.0,buy_signal,buy
2016-01-21,BUY,26,5646.129,146799.354,150,0.0,0.0,buy_signal,buy
2016-01-22,BUY,26,5676.135,147579.51,151,0.0,0.0,buy_signal,buy
2016-01-26,SELL,26,5798.84,150769.84,150,3935.9807945205525,3136.3862961137024,take_profit,take_profit
2016-02-01,SELL,17,6523.695,110902.815,147,12206.048205479454,9726.389512536303,take_profit,take_profit
2016-02-01,SELL,26,6523.695,169616.07,151,21964.468054794517,17502.386369463013,take_profit,take_profit
2016-02-02,SELL,21,6433.713,135107.973,148,10351.89591780822,8248.90826210548,take_profit,take_profit
2016-02-02,SELL,9,6433.713,57903.417,149,3765.5653561643853,3000.5907540595904,take_profit,take_profit
2016-04-04,BUY,23,5276.055,121349.26500000001,152,0.0,0.0,buy_signal,buy
2016-04-05,BUY,24,5261.052,126265.24799999999,153,0.0,0.0,buy_signal,buy
2016-04-06,BUY,27,5041.008,136107.216,154,0.0,0.0,buy_signal,buy
2016-04-07,BUY,27,5046.009,136242.243,155,0.0,0.0,buy_signal,buy
2016-04-08,BUY,27,4900.98,132326.46,156,0.0,0.0,buy_signal,buy
2016-04-11,SELL,27,5063.987,136727.649,156,4390.615356164397,3498.6618465596,take_profit,take_profit
2016-04-11,BUY,11,5066.013,55726.143,157,0.0,0.0,buy_signal,buy
2016-04-12,BUY,11,5041.008,55451.087999999996,158,0.0,0.0,buy_signal,buy
2016-04-13,BUY,10,5331.066,53310.659999999996,159,0.0,0.0,buy_signal,buy
2016-04-14,SELL,27,5633.8730000000005,152114.57100000003,154,15943.343547945246,12704.453306180169,take_profit,take_profit
2016-04-14,SELL,27,5633.8730000000005,152114.57100000003,155,15818.765917808258,12605.18362160551,take_profit,take_profit
2016-04-14,SELL,11,5633.8730000000005,61972.603,157,6233.207561643842,4966.931445495896,take_profit,take_profit
2016-04-14,SELL,11,5633.8730000000005,61972.603,158,6512.540808219184,5189.518143029457,take_profit,take_profit
2016-04-15,SELL,23,5698.86,131073.78,152,9641.50957534245,7682.8369051116315,take_profit,take_profit
2016-04-15,SELL,24,5698.86,136772.63999999998,153,10430.526246575335,8311.564839583556,take_profit,take_profit
2016-04-15,SELL,10,5698.86,56988.6,159,3669.290684931509,2923.874282287673,take_profit,take_profit
2016-06-03,BUY,10,5566.113,55661.130000000005,160,0.0,0.0,buy_signal,buy
2016-06-06,BUY,8,5381.076,43048.608,161,0.0,0.0,buy_signal,buy
2016-06-07,BUY,9,5581.116,50230.044,162,0.0,0.0,buy_signal,buy
2016-06-08,SELL,8,5618.876,44951.008,161,1895.5664657534262,1510.4821382356176,take_profit,take_profit
2016-06-08,BUY,8,5621.124,44968.992,163,0.0,0.0,buy_signal,buy
2016-06-10,BUY,3,5596.119,16788.357,164,0.0,0.0,buy_signal,buy
2016-06-13,BUY,9,5356.071,48204.638999999996,165,0.0,0.0,buy_signal,buy
2016-06-14,BUY,11,5146.0289999999995,56606.318999999996,166,0.0,0.0,buy_signal,buy
2016-06-15,BUY,26,5026.005,130676.13,167,0.0,0.0,buy_signal,buy
2016-06-16,BUY,23,5061.012,116403.276,168,0.0,0.0,buy_signal,buy
2016-06-17,BUY,11,4960.992,54570.912000000004,169,0.0,0.0,buy_signal,buy
2016-06-20,BUY,11,5046.009,55506.099,170,0.0,0.0,buy_signal,buy
2016-06-22,SELL,11,5198.96,57188.56,169,2604.783726027391,2075.6219120849264,take_profit,take_profit
2016-06-24,SELL,26,5353.929,139202.154,167,8455.029041095895,6737.389891397264,take_profit,take_profit
2016-06-27,BUY,12,4565.913,54790.95599999999,171,0.0,0.0,buy_signal,buy
2016-06-28,BUY,12,4515.903,54190.836,172,0.0,0.0,buy_signal,buy
2016-06-29,BUY,11,4800.96,52810.56,173,0.0,0.0,buy_signal,buy
2016-06-30,SELL,12,4949.01,59388.12,171,4584.115232876724,3652.8522233178173,take_profit,take_profit
2016-06-30,SELL,12,4949.01,59388.12,172,5188.52498630137,4134.4761353342465,take_profit,take_profit
2016-06-30,BUY,11,4950.99,54460.89,174,0.0,0.0,buy_signal,buy
2016-07-01,BUY,11,4915.983,54075.813,175,0.0,0.0,buy_signal,buy
2016-07-04,BUY,8,4820.964,38567.712,176,0.0,0.0,buy_signal,buy
2016-07-05,BUY,3,4895.979,14687.937000000002,177,0.0,0.0,buy_signal,buy
2016-07-06,BUY,8,4740.948,37927.584,178,0.0,0.0,buy_signal,buy
2016-07-07,BUY,12,4705.941,56471.292,179,0.0,0.0,buy_signal,buy
2016-07-08,BUY,12,4660.932,55931.183999999994,180,0.0,0.0,buy_signal,buy
2016-07-12,SELL,12,5133.973,61607.676,180,5667.769808219184,4516.362371679456,take_profit,take_profit
2016-07-13,SELL,11,5368.926,59058.186,173,6206.784356164388,4945.876114209592,take_profit,take_profit
2016-07-13,SELL,8,5368.926,42951.408,176,4362.93764383562,3476.6068614904143,take_profit,take_profit
2016-07-13,SELL,8,5368.926,42951.408,178,5009.1075068493155,3991.507316832877,take_profit,take_profit
2016-07-13,SELL,12,5368.926,64427.11200000001,179,7938.0810410958975,6325.459877597266,take_profit,take_profit
2016-07-14,SELL,11,5248.95,57738.45,174,3236.3723835616415,2578.903333841094,take_profit,take_profit
2016-07-14,SELL,11,5248.95,57738.45,175,3625.541986301365,2889.0131317842424,take_profit,take_profit
2016-07-14,SELL,3,5248.95,15746.849999999999,177,1051.0630273972572,837.5395733815044,take_profit,take_profit
2016-07-15,SELL,23,5393.921,124060.183,168,7474.73439726028,5956.242104456855,take_profit,take_profit
2016-07-15,SELL,11,5393.921,59333.131,170,3748.07008219178,2986.64964499452,take_profit,take_profit
2016-07-20,SELL,11,5493.901,60432.911,166,3721.6104109589082,2965.565255972606,take_profit,take_profit
2016-08-04,BUY,9,5181.036,46629.324,181,0.0,0.0,buy_signal,buy
2016-08-08,BUY,1,5411.082,5411.082,182,0.0,0.0,buy_signal,buy
2016-08-09,SELL,9,5488.902,49400.118,181,2759.775041095892,2199.1267414972617,take_profit,take_profit
2016-08-10,SELL,9,5518.896,49670.064,165,1319.8380410958932,1051.7129430472626,take_profit,take_profit
2016-08-15,SELL,1,5638.872,5638.872,182,226.0835342465753,180.15466426438354,take_profit,take_profit
2016-08-19,BUY,2,5436.0869999999995,10872.173999999999,183,0.0,0.0,buy_signal,buy
2016-08-22,BUY,1,5456.090999999999,5456.090999999999,184,0.0,0.0,buy_signal,buy
2016-08-24,BUY,1,5451.09,5451.09,185,0.0,0.0,buy_signal,buy
2016-08-29,BUY,8,5511.102,44088.816,186,0.0,0.0,buy_signal,buy
2016-09-01,SELL,2,5648.87,11297.74,183,418.0213424657541,333.1003067438362,take_profit,take_profit
2016-09-01,SELL,1,5648.87,5648.87,184,189.42245205479497,150.94128091986337,take_profit,take_profit
2016-09-01,SELL,1,5648.87,5648.87,185,195.25347945205453,155.58773510136967,take_profit,take_profit
2016-09-06,SELL,8,5753.849,46030.792,186,1921.1992328767146,1530.90760871781,take_profit,take_profit
2016-09-07,SELL,10,5663.867,56638.67,160,709.2884931506785,565.1965357671181,take_profit,take_profit
2016-09-07,SELL,9,5663.867,50974.803,162,511.00656164383383,407.195578645889,take_profit,take_profit
2016-09-07,SELL,3,5663.867,16991.601000000002,164,129.21238356164628,102.96288784109784,take_profit,take_profit
2016-09-15,BUY,3,5401.08,16203.24,187,0.0,0.0,buy_signal,buy
2016-09-16,BUY,4,5361.072,21444.288,188,0.0,0.0,buy_signal,buy
2016-09-20,BUY,3,5326.065,15978.195,189,0.0,0.0,buy_signal,buy
2016-09-21,BUY,3,5356.071,16068.213,190,0.0,0.0,buy_signal,buy
2016-09-23,SELL,3,5563.887,16691.661,187,483.43738356164414,385.22707909109613,take_profit,take_profit
2016-09-23,SELL,4,5563.887,22255.548,188,806.2460821917792,642.4571905945193,take_profit,take_profit
2016-09-23,SELL,3,5563.887,16691.661,189,710.9460000000004,566.5173201000002,take_profit,take_profit
2016-09-23,SELL,3,5563.887,16691.661,190,622.1638356164386,495.7712524109591,take_profit,take_profit
2016-09-29,BUY,6,5526.105,33156.63,191,0.0,0.0,buy_signal,buy
2016-10-03,BUY,3,5511.102,16533.306,192,0.0,0.0,buy_signal,buy
2016-10-07,SELL,6,5708.858,34253.148,191,1081.103424657538,861.4772639383591,take_profit,take_profit
2016-10-07,SELL,3,5708.858,17126.574,192,588.0933698630138,468.62220177534255,take_profit,take_profit
2016-10-21,SELL,8,5968.8060000000005,47750.448000000004,163,2477.5002739726083,1974.1960933150729,take_profit,take_profit
2016-11-10,BUY,9,5906.181,53155.62899999999,193,0.0,0.0,buy_signal,buy
2016-11-17,SELL,9,6263.747,56373.723000000005,193,3196.905287671245,2547.453978480831,take_profit,take_profit
2016-11-22,SELL,5,6478.704,32393.519999999997,145,1311.7004794520553,1045.2285270513703,take_profit,take_profit
2016-11-28,SELL,23,6638.6720000000005,152689.456,143,3559.2777260274024,2836.210455984936,take_profit,take_profit
2016-11-28,SELL,23,6638.6720000000005,152689.456,144,4375.36026027397,3486.505823399313,take_profit,take_profit
2016-12-02,SELL,22,6738.652,148250.344,142,4007.553753424671,3193.419208416449,take_profit,take_profit
2016-12-02,SELL,19,6738.652,128034.388,146,4448.34610958904,3544.6645974260264,take_profit,take_profit
2016-12-12,SELL,11,7313.537,80448.907,141,3886.515931506852,3096.970220021235,take_profit,take_profit
2017-01-10,BUY,27,7476.495,201865.365,194,0.0,0.0,buy_signal,buy
2017-01-11,BUY,41,7441.488,305101.00800000003,195,0.0,0.0,buy_signal,buy
2017-01-12,BUY,41,7371.474,302230.434,196,0.0,0.0,buy_signal,buy
2017-01-13,BUY,41,7296.459,299154.819,197,0.0,0.0,buy_signal,buy
2017-01-16,BUY,10,7326.465,73264.65,198,0.0,0.0,buy_signal,buy
2017-01-17,BUY,23,7201.44,165633.12,199,0.0,0.0,buy_signal,buy
2017-01-18,BUY,53,6981.396,370013.988,200,0.0,0.0,buy_signal,buy
2017-01-19,SELL,53,7203.559,381788.62700000004,200,11745.873794520572,9359.699533163719,take_profit,take_profit
2017-01-19,BUY,41,7206.441,295464.081,201,0.0,0.0,buy_signal,buy
2017-01-20,BUY,16,7196.438999999999,115143.02399999999,202,0.0,0.0,buy_signal,buy
2017-01-23,BUY,14,7126.425,99769.95,203,0.0,0.0,buy_signal,buy
2017-01-24,BUY,31,7001.4,217043.4,204,0.0,0.0,buy_signal,buy
2017-01-25,BUY,32,7226.445,231246.24,205,0.0,0.0,buy_signal,buy
2017-01-26,SELL,31,7328.534000000001,227184.554,204,10107.432794520557,8054.107822313706,take_profit,take_profit
2017-01-26,BUY,8,7331.465999999999,58651.727999999996,206,0.0,0.0,buy_signal,buy
2017-01-27,SELL,23,7493.501,172350.52300000002,199,6616.383219178102,5272.264968202071,take_profit,take_profit
2017-01-27,SELL,41,7493.501,307233.541,201,11633.71293150687,9270.32414947125,take_profit,take_profit
2017-01-27,SELL,16,7493.501,119896.016,202,4708.873205479465,3752.2656137863114,take_profit,take_profit
2017-01-27,SELL,14,7493.501,104909.014,203,5108.25709589041,4070.514666860273,take_profit,take_profit
2017-01-27,SELL,32,7493.501,239792.032,205,8509.890630137003,6781.10634862467,take_profit,take_profit
2017-01-27,BUY,14,7496.499,104950.986,207,0.0,0.0,buy_signal,buy
2017-01-30,SELL,41,7438.512,304978.99199999997,197,5574.585219178034,4442.108231902017,take_profit,take_profit
2017-01-30,SELL,10,7438.512,74385.12,198,1065.256301369864,848.8494837465762,take_profit,take_profit
2017-01-30,SELL,8,7438.512,59508.096,206,847.205479452057,675.0956863013716,take_profit,take_profit
2017-01-30,BUY,27,7441.488,200920.176,208,0.0,0.0,buy_signal,buy
2017-01-31,BUY,24,7251.45,174034.8,209,0.0,0.0,buy_signal,buy
2017-02-01,BUY,92,7096.419,652870.548,210,0.0,0.0,buy_signal,buy
2017-02-02,SELL,92,7263.5470000000005,668246.324,210,15324.573589041167,12211.386464427454,take_profit,take_profit
2017-02-02,BUY,89,7266.4529999999995,646714.3169999999,211,0.0,0.0,buy_signal,buy
2017-02-03,BUY,28,7156.431,200380.068,212,0.0,0.0,buy_signal,buy
2017-02-06,BUY,27,7206.441,194573.907,213,0.0,0.0,buy_signal,buy
2017-02-07,BUY,18,7026.405,126475.29,214,0.0,0.0,buy_signal,buy
2017-02-08,BUY,92,7091.418,652410.456,215,0.0,0.0,buy_signal,buy
2017-02-09,BUY,92,7096.419,652870.548,216,0.0,0.0,buy_signal,buy
2017-02-10,BUY,12,7296.459,87557.508,217,0.0,0.0,buy_signal,buy
2017-02-13,SELL,24,7528.494000000001,180683.85600000003,209,6530.480219178123,5203.813162652087,take_profit,take_profit
2017-02-13,SELL,28,7528.494000000001,210797.83200000002,212,10325.617150684957,8227.968026523307,take_profit,take_profit
2017-02-13,SELL,27,7528.494000000001,203269.33800000002,213,8621.229082191792,6869.826394144529,take_profit,take_profit
2017-02-13,SELL,18,7528.494000000001,135512.89200000002,214,8997.965506849343,7170.028814132899,take_profit,take_profit
2017-02-13,SELL,92,7528.494000000001,692621.4480000001,215,40058.2669589042,31920.430026202812,take_profit,take_profit
2017-02-13,SELL,92,7528.494000000001,692621.4480000001,216,39648.60104109603,31593.98773959737,take_profit,take_profit
2017-02-14,SELL,89,7508.4980000000005,668256.322,211,21149.805164383684,16853.22224523914,take_profit,take_profit
2017-02-14,SELL,12,7508.4980000000005,90101.97600000001,217,2530.7518356164464,2016.6296002109652,take_profit,take_profit
2017-02-15,BUY,73,7476.495,545784.135,218,0.0,0.0,buy_signal,buy
2017-02-17,BUY,3,7306.461,21919.383,219,0.0,0.0,buy_signal,buy
2017-02-20,BUY,90,7261.452,653530.68,220,0.0,0.0,buy_signal,buy
2017-02-21,BUY,89,7341.468,653390.652,221,0.0,0.0,buy_signal,buy
2017-02-22,SELL,90,7453.509,670815.81,220,17183.29438356165,13692.5081295411,take_profit,take_profit
2017-02-22,BUY,13,7456.491,96934.383,222,0.0,0.0,buy_signal,buy
2017-02-23,BUY,85,7416.483,630401.055,223,0.0,0.0,buy_signal,buy
2017-02-24,BUY,64,7316.463,468253.632,224,0.0,0.0,buy_signal,buy
2017-02-27,BUY,68,7251.45,493098.6,225,0.0,0.0,buy_signal,buy
2017-02-28,BUY,89,7296.459,649384.851,226,0.0,0.0,buy_signal,buy
2017-03-01,BUY,89,7306.461,650275.029,227,0.0,0.0,buy_signal,buy
2017-03-02,SELL,3,7608.478,22825.434,219,890.8308904109584,709.8585950239723,take_profit,take_profit
2017-03-02,SELL,68,7608.478,517376.504,225,24163.74224657538,19254.878009183594,take_profit,take_profit
2017-03-02,SELL,89,7608.478,677154.542,226,27669.567219178072,22048.494638602046,take_profit,take_profit
2017-03-02,SELL,89,7608.478,677154.542,227,26828.717164383597,21378.46327243907,take_profit,take_profit
2017-03-02,BUY,1,7611.522,7611.522,228,0.0,0.0,buy_signal,buy
2017-03-03,SELL,41,7548.49,309488.08999999997,196,6434.2569315068085,5127.1376358712005,take_profit,take_profit
2017-03-03,SELL,89,7548.49,671815.61,221,18021.766054794505,14360.644280763001,take_profit,take_profit
2017-03-03,SELL,85,7548.49,641621.65,223,10932.288972602712,8711.39446781847,take_profit,take_profit
2017-03-03,SELL,64,7548.49,483103.36,224,14669.055123287673,11689.036574991782,take_profit,take_profit
2017-03-06,BUY,69,7441.488,513462.672,229,0.0,0.0,buy_signal,buy
2017-03-07,BUY,51,7386.477,376710.327,230,0.0,0.0,buy_signal,buy
2017-03-08,BUY,65,7381.476,479795.94,231,0.0,0.0,buy_signal,buy
2017-03-09,BUY,88,7391.478,650450.064,232,0.0,0.0,buy_signal,buy
2017-03-10,BUY,87,7481.496,650890.152,233,0.0,0.0,buy_signal,buy
2017-03-13,SELL,27,7543.491,203674.257,194,1143.5395068493367,911.229456032894,take_profit,take_profit
2017-03-13,SELL,41,7543.491,309283.131,195,3195.0317123287305,2545.9610199691488,take_profit,take_profit
2017-03-13,SELL,27,7543.491,203674.257,208,2298.8654383561698,1831.8509245541138,take_profit,take_profit
2017-03-13,SELL,73,7543.491,550674.843,218,4145.0399999999845,3302.9751239999878,take_profit,take_profit
2017-03-13,SELL,13,7543.491,98065.383,222,1035.0286575342466,824.7625857561644,take_profit,take_profit
2017-03-13,SELL,69,7543.491,520500.879,229,6841.778178082187,5451.87094120479,take_profit,take_profit
2017-03-13,SELL,51,7543.491,384718.041,230,7891.53739726031,6288.371575006879,take_profit,take_profit
2017-03-13,SELL,65,7543.491,490326.915,231,10419.755547945182,8302.98220838012,take_profit,take_profit
2017-03-13,SELL,88,7543.491,663827.208,232,13275.98498630134,10578.968636334223,take_profit,take_profit
2017-03-13,SELL,87,7543.491,656283.717,233,5342.809438356108,4257.417700954065,take_profit,take_profit
2017-03-14,BUY,77,7631.526,587627.502,234,0.0,0.0,buy_signal,buy
2017-03-15,BUY,73,7541.508,550530.084,235,0.0,0.0,buy_signal,buy
2017-03-16,BUY,53,7481.496,396519.288,236,0.0,0.0,buy_signal,buy
2017-03-17,BUY,55,7506.501,412857.555,237,0.0,0.0,buy_signal,buy
2017-03-21,BUY,87,7436.487,646974.3690000001,238,0.0,0.0,buy_signal,buy
2017-03-22,BUY,90,7206.441,648579.69,239,0.0,0.0,buy_signal,buy
2017-03-23,BUY,91,7176.4349999999995,653055.585,240,0.0,0.0,buy_signal,buy
2017-03-24,BUY,91,7176.4349999999995,653055.585,241,0.0,0.0,buy_signal,buy
2017-03-27,BUY,91,7171.434,652600.4940000001,242,0.0,0.0,buy_signal,buy
2017-03-28,BUY,90,7226.445,650380.0499999999,243,0.0,0.0,buy_signal,buy
2017-03-29,BUY,86,7366.473,633516.678,244,0.0,0.0,buy_signal,buy
2017-03-30,SELL,90,7328.534000000001,659568.06,239,10688.9387671234,8517.480856582282,take_profit,take_profit
2017-03-30,SELL,91,7328.534000000001,666896.594,240,13588.198534246654,10827.756002014446,take_profit,take_profit
2017-03-30,SELL,91,7328.534000000001,666896.594,241,13638.355739726107,10867.723771200748,take_profit,take_profit
2017-03-30,SELL,91,7328.534000000001,666896.594,242,14144.546356164361,11271.081763909571,take_profit,take_profit
2017-03-30,SELL,90,7328.534000000001,659568.06,243,9087.071917808345,7241.03325770558,take_profit,take_profit
2017-03-31,BUY,89,7346.469,653835.741,245,0.0,0.0,buy_signal,buy
2017-04-03,BUY,91,7191.438,654420.858,246,0.0,0.0,buy_signal,buy
2017-04-04,BUY,91,7156.431,651235.221,247,0.0,0.0,buy_signal,buy
2017-04-05,BUY,91,7131.4259999999995,648959.766,248,0.0,0.0,buy_signal,buy
2017-04-06,BUY,93,7021.4039999999995,652990.5719999999,249,0.0,0.0,buy_signal,buy
2017-04-07,BUY,93,7001.4,651130.2,250,0.0,0.0,buy_signal,buy
2017-04-10,BUY,92,7051.41,648729.72,251,0.0,0.0,buy_signal,buy
2017-04-11,BUY,44,6986.397,307401.468,252,0.0,0.0,buy_signal,buy
2017-04-12,BUY,9,6896.379,62067.411,253,0.0,0.0,buy_signal,buy
2017-04-13,BUY,32,6756.351,216203.232,254,0.0,0.0,buy_signal,buy
2017-04-14,BUY,17,6721.344,114262.848,255,0.0,0.0,buy_signal,buy
2017-04-17,BUY,15,6636.327,99544.905,256,0.0,0.0,buy_signal,buy
2017-04-18,SELL,15,6823.635,102354.52500000001,256,2801.881643835626,2232.6793878904186,take_profit,take_profit
2017-04-18,BUY,10,6826.365,68263.65,257,0.0,0.0,buy_signal,buy
2017-04-20,SELL,17,6783.643,115321.931,255,1023.8916027397247,815.8880236431496,take_profit,take_profit
2017-04-20,BUY,4,6786.357,27145.428,258,0.0,0.0,buy_signal,buy
2017-04-24,SELL,32,7108.578,227474.496,254,11154.747178082216,8888.660288854815,take_profit,take_profit
2017-04-24,SELL,10,7108.578,71085.78,257,2801.2182191780867,2232.150737952058,take_profit,take_profit
2017-04-24,SELL,4,7108.578,28434.312,258,1284.6786301369882,1023.696166424659,take_profit,take_profit
2017-04-24,BUY,2,7111.422,14222.844,259,0.0,0.0,buy_signal,buy
2017-04-25,SELL,93,7088.582,659238.126,249,5610.180410959024,4470.4722604726985,take_profit,take_profit
2017-04-25,SELL,93,7088.582,659238.126,250,7519.8143835617375,5992.164091541171,take_profit,take_profit
2017-04-25,SELL,92,7088.582,652149.544,251,2887.1213150685153,2300.602619912346,take_profit,take_profit
2017-04-25,SELL,44,7088.582,311897.608,252,4265.165315068507,3398.6969813123396,take_profit,take_profit
2017-04-25,SELL,9,7088.582,63797.238000000005,253,1687.4185068493198,1344.6194371828806,take_profit,take_profit
2017-04-26,SELL,91,7348.53,668716.23,246,13471.704821917781,10734.927987345185,take_profit,take_profit
2017-04-26,SELL,91,7348.53,668716.23,247,16707.673547945167,13313.509666680107,take_profit,take_profit
2017-04-26,SELL,91,7348.53,668716.23,248,19032.517863013734,15166.061859142494,take_profit,take_profit
2017-04-26,SELL,2,7348.53,14697.06,259,472.0128219178086,376.1234171452058,take_profit,take_profit
2017-05-02,SELL,86,7453.509,641001.774,244,6367.9489315068695,5074.300106071249,take_profit,take_profit
2017-05-02,SELL,89,7453.509,663362.301,245,8470.22509589035,6749.498867660225,take_profit,take_profit
2017-05-08,SELL,53,7748.45,410667.85,236,13191.239698630114,10511.439353853406,take_profit,take_profit
2017-05-08,SELL,87,7748.45,674115.15,238,25670.17113698626,20455.275870507503,take_profit,take_profit
2017-05-09,SELL,14,7898.42,110577.88,207,5096.995917808219,4061.541197105479,take_profit,take_profit
2017-05-09,SELL,1,7898.42,7898.42,228,262.48123287671245,209.15817041780832,take_profit,take_profit
2017-05-09,SELL,77,7898.42,608178.34,234,19023.79931506848,15159.11448421232,take_profit,take_profit
2017-05-09,SELL,73,7898.42,576584.66,235,24649.424,19641.8935144,take_profit,take_profit
2017-05-09,SELL,55,7898.42,434413.1,237,20560.83157534245,16383.898640811633,take_profit,take_profit
2017-05-19,BUY,7,7646.5289999999995,53525.702999999994,260,0.0,0.0,buy_signal,buy
2017-05-22,BUY,5,7711.5419999999995,38557.71,261,0.0,0.0,buy_signal,buy
2017-05-23,SELL,7,7678.464,53749.248,260,215.29689041096444,171.55932712397703,take_profit,take_profit
2017-05-23,BUY,3,7681.536,23044.608,262,0.0,0.0,buy_signal,buy
2017-05-24,BUY,7,7786.557,54505.899,263,0.0,0.0,buy_signal,buy
2017-05-25,SELL,3,7743.451,23230.353,262,182.19628767123186,145.1831118308211,take_profit,take_profit
2017-05-25,BUY,2,7746.549,15493.098,264,0.0,0.0,buy_signal,buy
2017-05-26,SELL,5,7798.4400000000005,38992.200000000004,261,422.6206849315121,336.7652927876754,take_profit,take_profit
2017-05-26,SELL,2,7798.4400000000005,15596.880000000001,264,102.58298630137092,81.74325263424743,take_profit,take_profit
2017-05-26,BUY,1,7801.5599999999995,7801.5599999999995,265,0.0,0.0,buy_signal,buy
2017-05-29,BUY,4,7716.543,30866.172,266,0.0,0.0,buy_signal,buy
2017-05-30,BUY,6,7711.5419999999995,46269.25199999999,267,0.0,0.0,buy_signal,buy
2017-05-31,BUY,6,7661.532,45969.192,268,0.0,0.0,buy_signal,buy
2017-06-01,BUY,12,7706.541,92478.492,269,0.0,0.0,buy_signal,buy
2017-06-02,SELL,7,7918.416,55428.912000000004,263,893.8761232876775,712.2851888417858,take_profit,take_profit
2017-06-02,SELL,4,7918.416,31673.664,266,797.9904109589061,635.8786589726043,take_profit,take_profit
2017-06-02,SELL,6,7918.416,47510.496,267,1230.5449315068554,980.5597286712377,take_profit,take_profit
2017-06-02,SELL,6,7918.416,47510.496,268,1534.153643835613,1222.4903310904083,take_profit,take_profit
2017-06-02,SELL,12,7918.416,95020.992,269,2535.273698630137,2020.2328467534248,take_profit,take_profit
2017-06-02,BUY,4,7921.584,31686.336,270,0.0,0.0,buy_signal,buy
2017-06-05,SELL,3,8053.389,24160.167,138,368.28600000000256,293.468699100002,take_profit,take_profit
2017-06-05,SELL,1,8053.389,8053.389,265,248.23847945205543,197.80883235137037,take_profit,take_profit
2017-06-05,SELL,4,8053.389,32213.556,270,524.7268493150697,418.12858987671325,take_profit,take_profit
2017-06-05,BUY,1,8056.611,8056.611,271,0.0,0.0,buy_signal,buy
2017-06-07,BUY,6,7931.586,47589.516,272,0.0,0.0,buy_signal,buy
2017-06-08,BUY,5,8001.599999999999,40008.0,273,0.0,0.0,buy_signal,buy
2017-06-09,BUY,7,7936.5869999999995,55556.109,274,0.0,0.0,buy_signal,buy
2017-06-12,BUY,8,7891.5779999999995,63132.623999999996,275,0.0,0.0,buy_signal,buy
2017-06-13,BUY,16,7851.57,125625.12,276,0.0,0.0,buy_signal,buy
2017-06-14,BUY,36,7941.588,285897.168,277,0.0,0.0,buy_signal,buy
2017-06-15,BUY,32,7816.563,250130.016,278,0.0,0.0,buy_signal,buy
2017-06-16,BUY,12,7896.579,94758.948,279,0.0,0.0,buy_signal,buy
2017-06-19,BUY,10,7926.585,79265.85,280,0.0,0.0,buy_signal,buy
2017-06-20,BUY,7,8131.626,56921.382,281,0.0,0.0,buy_signal,buy
2017-06-21,BUY,6,8101.62,48609.72,282,0.0,0.0,buy_signal,buy
2017-06-22,BUY,7,8066.612999999999,56466.291,283,0.0,0.0,buy_signal,buy
2017-06-23,BUY,7,8066.612999999999,56466.291,284,0.0,0.0,buy_signal,buy
2017-06-26,BUY,8,8046.6089999999995,64372.871999999996,285,0.0,0.0,buy_signal,buy
2017-06-27,BUY,8,8146.629,65173.032,286,0.0,0.0,buy_signal,buy
2017-06-28,BUY,8,8086.617,64692.936,287,0.0,0.0,buy_signal,buy
2017-06-29,BUY,9,8181.6359999999995,73634.724,288,0.0,0.0,buy_signal,buy
2017-06-30,BUY,8,8001.599999999999,64012.799999999996,289,0.0,0.0,buy_signal,buy
2017-07-06,BUY,11,8016.603,88182.633,290,0.0,0.0,buy_signal,buy
2017-07-11,SELL,32,8023.395,256748.64,278,6264.213041095901,4991.638161797268,take_profit,take_profit
2017-07-12,SELL,8,8063.387000000001,64507.096000000005,275,1266.3812602739815,1009.1159072493222,take_profit,take_profit
2017-07-12,SELL,16,8063.387000000001,129014.19200000001,276,3182.5746849315215,2536.034637687683,take_profit,take_profit
2017-07-12,SELL,12,8063.387000000001,96760.644,279,1868.5157260273936,1488.9267562849286,take_profit,take_profit
2017-07-20,BUY,15,7991.598,119873.97,291,0.0,0.0,buy_signal,buy
2017-07-21,BUY,12,8031.606,96379.272,292,0.0,0.0,buy_signal,buy
2017-07-24,BUY,13,7941.588,103240.644,293,0.0,0.0,buy_signal,buy
2017-07-27,BUY,14,7986.597,111812.358,294,0.0,0.0,buy_signal,buy
2017-07-28,BUY,14,7981.596,111742.344,295,0.0,0.0,buy_signal,buy
2017-08-10,BUY,19,7791.558,148039.602,296,0.0,0.0,buy_signal,buy
2017-08-14,BUY,14,7611.522,106561.308,297,0.0,0.0,buy_signal,buy
2017-08-15,BUY,70,7696.539,538757.73,298,0.0,0.0,buy_signal,buy
2017-08-16,BUY,7,7746.549,54225.843,299,0.0,0.0,buy_signal,buy
2017-08-17,BUY,6,7716.543,46299.258,300,0.0,0.0,buy_signal,buy
2017-08-21,BUY,34,7551.51,256751.34,301,0.0,0.0,buy_signal,buy
2017-08-22,BUY,21,7456.491,156586.311,302,0.0,0.0,buy_signal,buy
2017-08-23,BUY,40,7591.518,303660.72,303,0.0,0.0,buy_signal,buy
2017-08-24,BUY,20,7451.49,149029.8,304,0.0,0.0,buy_signal,buy
2017-08-25,BUY,29,7481.496,216963.384,305,0.0,0.0,buy_signal,buy
2017-08-28,BUY,3,7541.508,22624.523999999998,306,0.0,0.0,buy_signal,buy
2017-08-29,BUY,2,7411.482,14822.964,307,0.0,0.0,buy_signal,buy
2017-08-30,BUY,4,7541.508,30166.032,308,0.0,0.0,buy_signal,buy
2017-08-31,SELL,21,7623.475,160092.975,302,3422.136986301389,2726.929857534262,take_profit,take_profit
2017-08-31,SELL,20,7623.475,152469.5,304,3382.173424657546,2695.0848934383657,take_profit,take_profit
2017-08-31,SELL,2,7623.475,15246.95,307,421.6815616438364,336.01695239589105,take_profit,take_profit
2017-08-31,BUY,1,7626.525,7626.525,309,0.0,0.0,buy_signal,buy
2017-09-01,SELL,34,7738.452,263107.368,301,6179.673260273993,4924.272637449331,take_profit,take_profit
2017-09-01,SELL,29,7738.452,224415.108,305,7367.787671232893,5871.021605821931,take_profit,take_profit
2017-09-01,SELL,3,7738.452,23215.356,306,583.8795616438377,465.2644286958921,take_profit,take_profit
2017-09-01,SELL,4,7738.452,30953.808,308,783.0980821917825,624.0117067945218,take_profit,take_profit
2017-09-04,SELL,40,7648.47,305938.8,303,2092.80438356166,1667.6511730411087,take_profit,take_profit
2017-09-05,BUY,1,7596.519,7596.519,310,0.0,0.0,buy_signal,buy
2017-09-06,BUY,2,7401.48,14802.96,311,0.0,0.0,buy_signal,buy
2017-09-07,BUY,6,7501.5,45009.0,312,0.0,0.0,buy_signal,buy
2017-09-08,BUY,7,7436.487,52055.409,313,0.0,0.0,buy_signal,buy
2017-09-11,BUY,22,7511.5019999999995,165253.044,314,0.0,0.0,buy_signal,buy
2017-09-12,SELL,2,7733.453,15466.906,311,659.3601369863031,525.4111251575357,take_profit,take_profit
2017-09-12,SELL,7,7733.453,54134.171,313,2070.7233150684956,1650.0558736123307,take_profit,take_profit
2017-09-13,SELL,14,7843.4310000000005,109808.03400000001,297,3068.0813972602837,2444.800661406857,take_profit,take_profit
2017-09-13,SELL,1,7843.4310000000005,7843.4310000000005,309,211.68419178082277,168.68054822054864,take_profit,take_profit
2017-09-13,SELL,1,7843.4310000000005,7843.4310000000005,310,243.45073972602765,193.99372195068514,take_profit,take_profit
2017-09-13,SELL,6,7843.4310000000005,47060.586,312,2037.6834246575372,1623.7280369383584,take_profit,take_profit
2017-09-13,SELL,22,7843.4310000000005,172555.48200000002,314,7276.532246575366,5798.30472068358,take_profit,take_profit
2017-09-14,SELL,70,7838.432,548690.24,298,9037.917671232886,7201.864696321925,take_profit,take_profit
2017-09-14,SELL,6,7838.432,47030.592,300,661.7889041095843,527.3464882397222,take_profit,take_profit
2017-09-19,SELL,7,8048.39,56338.73,299,2019.1802054794546,1608.9837467363034,take_profit,take_profit
2017-09-20,SELL,35,8188.362,286592.67,137,1817.2647260274234,1448.0873969349523,take_profit,take_profit
2017-09-20,SELL,6,8188.362,49130.172,272,1280.5275616438312,1020.388387495887,take_profit,take_profit
2017-09-20,SELL,5,8188.362,40941.81,273,720.0856164383538,573.8002234589022,take_profit,take_profit
2017-09-20,SELL,7,8188.362,57318.534,274,1467.4476849315097,1169.3356877376734,take_profit,take_profit
2017-09-20,SELL,36,8188.362,294781.032,277,7432.385424657536,5922.496325638357,take_profit,take_profit
2017-09-20,SELL,10,8188.362,81883.62,280,2232.677945205469,1779.1094206369778,take_profit,take_profit
2017-09-20,SELL,8,8188.362,65506.896,289,1230.6505205479502,980.6438672986342,take_profit,take_profit
2017-09-20,SELL,11,8188.362,90071.982,290,1554.135301369865,1238.4127148965767,take_profit,take_profit
2017-09-20,SELL,15,8188.362,122825.43000000001,291,2577.3205479452117,2053.737878630142,take_profit,take_profit
2017-09-20,SELL,13,8188.362,106448.706,293,2899.8636986301426,2310.756388253429,take_profit,take_profit
2017-09-20,SELL,14,8188.362,114637.068,294,2518.423753424664,2006.8059679164435,take_profit,take_profit
2017-09-20,SELL,14,8188.362,114637.068,295,2597.0456438356186,2069.4558212904126,take_profit,take_profit
2017-09-20,SELL,19,8188.362,155578.878,296,7239.322739726011,5768.654325150672,take_profit,take_profit
2017-09-22,SELL,1,8263.347,8263.347,271,160.88926027397247,128.20460704931497,take_profit,take_profit
2017-09-22,SELL,8,8263.347,66106.776,285,1440.4701369863037,1147.838628657536,take_profit,take_profit
2017-09-22,SELL,12,8263.347,99160.16399999999,292,2473.866246575335,1971.3003185835557,take_profit,take_profit
2017-09-26,SELL,7,8233.353000000001,57633.471000000005,283,892.9357260274048,711.5358332849376,take_profit,take_profit
2017-09-26,SELL,7,8233.353000000001,57633.471000000005,284,897.2557808219253,714.9782689479512,take_profit,take_profit
2017-09-26,SELL,8,8233.353000000001,65866.82400000001,287,880.2915068493214,701.4602872328818,take_profit,take_profit
2017-09-27,BUY,2,8266.653,16533.306,315,0.0,0.0,buy_signal,buy
2017-09-28,BUY,4,8376.675,33506.7,316,0.0,0.0,buy_signal,buy
2017-09-29,SELL,7,8303.339,58123.373,281,905.7141780821936,721.718342804796,take_profit,take_profit
2017-09-29,SELL,6,8303.339,49820.034,282,960.1067671232861,765.0610773821905,take_profit,take_profit
2017-09-29,SELL,8,8303.339,66426.712,286,939.8529315068497,748.9218084712331,take_profit,take_profit
2017-09-29,BUY,3,8306.661,24919.983,317,0.0,0.0,buy_signal,buy
2017-10-02,BUY,3,8371.673999999999,25115.021999999997,318,0.0,0.0,buy_signal,buy
2017-10-03,SELL,1,8428.314,8428.314,135,81.65731506849411,65.06863151232953,take_profit,take_profit
2017-10-03,SELL,9,8428.314,75854.826,288,1866.7013424657523,1487.4809647438346,take_profit,take_profit
2017-10-03,BUY,4,8431.686,33726.744,319,0.0,0.0,buy_signal,buy
2017-10-04,SELL,79,8583.283,678079.357,127,4312.550479452002,3436.455849551328,take_profit,take_profit
2017-10-04,SELL,18,8583.283,154499.09399999998,136,3405.3627945205294,2713.563342813684,take_profit,take_profit
2017-10-04,SELL,2,8583.283,17166.566,315,626.8322739726011,499.49129751506723,take_profit,take_profit
2017-10-04,SELL,4,8583.283,34333.132,316,816.115726027398,650.3218162849321,take_profit,take_profit
2017-10-04,SELL,3,8583.283,25749.849,317,824.0515890410941,656.6455087273958,take_profit,take_profit
2017-10-04,SELL,3,8583.283,25749.849,318,630.928479452056,502.75535885137083,take_profit,take_profit
2017-10-05,BUY,1,8586.717,8586.717,320,0.0,0.0,buy_signal,buy
2017-10-06,BUY,3,8631.726,25895.178,321,0.0,0.0,buy_signal,buy
2017-10-10,SELL,4,8598.28,34393.12,319,655.8418630137024,522.6075885424688,take_profit,take_profit
2017-10-10,BUY,2,8601.72,17203.44,322,0.0,0.0,buy_signal,buy
2017-10-11,BUY,1,8711.742,8711.742,323,0.0,0.0,buy_signal,buy
2017-10-12,SELL,1,8848.23,8848.23,320,258.8510821917798,206.26548484451976,take_profit,take_profit
2017-10-12,SELL,2,8848.23,17696.46,322,490.33506849315114,390.7234993287675,take_profit,take_profit
2017-10-12,BUY,3,8851.77,26555.31,324,0.0,0.0,buy_signal,buy
2017-10-13,SELL,3,8833.233,26499.699,321,596.4742602739732,475.3005142993155,take_profit,take_profit
2017-10-13,BUY,2,8836.767,17673.534,325,0.0,0.0,buy_signal,buy
2017-10-16,SELL,75,9063.187,679739.025,126,6679.379794520584,5322.463789263727,take_profit,take_profit
2017-10-16,SELL,1,9063.187,9063.187,323,349.40176712328736,278.4207981321915,take_profit,take_profit
2017-10-16,SELL,2,9063.187,18126.374,325,451.45610958904126,359.74280092602754,take_profit,take_profit
2017-10-17,SELL,3,9188.162,27564.486,324,1002.970356164383,799.2169283095886,take_profit,take_profit
2017-10-17,BUY,1,9191.838,9191.838,326,0.0,0.0,buy_signal,buy
2017-10-18,BUY,2,9196.839,18393.678,327,0.0,0.0,buy_signal,buy
2017-10-19,BUY,3,9266.853,27800.558999999997,328,0.0,0.0,buy_signal,buy
2017-10-20,BUY,3,9201.84,27605.52,329,0.0,0.0,buy_signal,buy
2017-10-23,SELL,7,9488.102,66416.714,122,1628.5113561643896,1297.679274159594,take_profit,take_profit
2017-10-23,SELL,44,9488.102,417476.488,125,11647.957863013698,9281.675223142465,take_profit,take_profit
2017-10-23,BUY,10,9491.898,94918.98,330,0.0,0.0,buy_signal,buy
2017-10-24,SELL,1,9438.112000000001,9438.112000000001,106,5.8223561643850985,4.639544509590266,take_profit,take_profit
2017-10-24,SELL,4,9438.112000000001,37752.448000000004,120,242.11578082192432,192.9299599479504,take_profit,take_profit
2017-10-24,SELL,10,9438.112000000001,94381.12000000001,123,1076.0227397260473,857.4287201507009,take_profit,take_profit
2017-10-24,SELL,8,9438.112000000001,75504.89600000001,124,586.3253698630297,467.2133709753552,take_profit,take_profit
2017-10-24,SELL,1,9438.112000000001,9438.112000000001,326,242.71684931506974,193.40892137671332,take_profit,take_profit
2017-10-24,SELL,2,9438.112000000001,18876.224000000002,327,476.8393698630158,379.96945187534413,take_profit,take_profit
2017-10-24,SELL,3,9438.112000000001,28314.336000000003,328,507.3331643835671,404.2684320390455,take_profit,take_profit
2017-10-24,SELL,3,9438.112000000001,28314.336000000003,329,704.5043835616464,561.3843180410979,take_profit,take_profit
2017-10-24,BUY,6,9441.887999999999,56651.327999999994,331,0.0,0.0,buy_signal,buy
2017-10-25,SELL,1,9663.067000000001,9663.067000000001,116,171.9132328767131,136.98905961780883,take_profit,take_profit
2017-10-25,BUY,6,9666.932999999999,58001.598,332,0.0,0.0,buy_signal,buy
2017-10-26,BUY,16,9491.898,151870.368,333,0.0,0.0,buy_signal,buy
2017-10-27,BUY,19,9616.923,182721.537,334,0.0,0.0,buy_signal,buy
2017-10-30,SELL,2,9788.042,19576.084,119,343.53545205479384,273.74622496986245,take_profit,take_profit
2017-10-30,SELL,10,9788.042,97880.42,330,2924.756164383564,2330.591949589043,take_profit,take_profit
2017-10-30,SELL,6,9788.042,58728.25199999999,331,2059.274794520547,1640.9331200136978,take_profit,take_profit
2017-10-30,SELL,16,9788.042,156608.672,333,4714.652054794525,3756.870489863017,take_profit,take_profit
2017-10-30,BUY,2,9791.958,19583.916,335,0.0,0.0,buy_signal,buy
2017-10-31,BUY,14,9626.925,134776.94999999998,336,0.0,0.0,buy_signal,buy
2017-11-01,BUY,23,9901.98,227745.53999999998,337,0.0,0.0,buy_signal,buy
2017-11-02,SELL,6,10187.962,61127.772,332,3099.3078082191773,2469.6834269794517,take_profit,take_profit
2017-11-02,SELL,19,10187.962,193571.278,334,10792.379739726008,8599.90779560067,take_profit,take_profit
2017-11-02,SELL,2,10187.962,20375.924,335,787.4666301369843,627.492784224656,take_profit,take_profit
2017-11-02,SELL,14,10187.962,142631.468,336,7833.1889041096,6241.876578239735,take_profit,take_profit
2017-11-02,SELL,23,10187.962,234323.126,337,6559.730438356175,5227.121199804118,take_profit,take_profit
2017-11-02,BUY,1,10192.038,10192.038,338,0.0,0.0,buy_signal,buy
2017-11-06,BUY,1,10287.056999999999,10287.056999999999,339,0.0,0.0,buy_signal,buy
2017-11-07,BUY,5,10207.041,51035.204999999994,340,0.0,0.0,buy_signal,buy
2017-11-08,SELL,1,10482.903,10482.903,338,288.48538356164363,229.87957789109572,take_profit,take_profit
2017-11-08,SELL,1,10482.903,10482.903,339,194.2492328767137,154.7875012178093,take_profit,take_profit
2017-11-08,SELL,5,10482.903,52414.515,340,1375.2461643835666,1095.864906089045,take_profit,take_profit
2017-11-10,BUY,8,10272.054,82176.432,341,0.0,0.0,buy_signal,buy
2017-11-13,BUY,35,10277.055,359696.925,342,0.0,0.0,buy_signal,buy
2017-11-14,BUY,56,10037.007,562072.392,343,0.0,0.0,buy_signal,buy
2017-11-15,BUY,58,9956.991,577505.478,344,0.0,0.0,buy_signal,buy
2017-11-16,BUY,60,9711.942,582716.5199999999,345,0.0,0.0,buy_signal,buy
2017-11-17,SELL,58,10262.947,595250.926,344,17657.373808219152,14070.278319079433,take_profit,take_profit
2017-11-17,SELL,60,10262.947,615776.8200000001,345,33014.08849315085,26307.276415767254,take_profit,take_profit
2017-11-17,BUY,56,10267.053,574954.968,346,0.0,0.0,buy_signal,buy
2017-11-20,BUY,56,9991.998,559551.888,347,0.0,0.0,buy_signal,buy
2017-11-21,BUY,50,10137.027,506851.35,348,0.0,0.0,buy_signal,buy
2017-11-22,SELL,56,10277.944,575564.864,347,15926.864876712236,12691.322277008145,take_profit,take_profit
2017-11-22,BUY,28,10282.056,287897.568,349,0.0,0.0,buy_signal,buy
2017-11-24,SELL,56,10082.983,564647.048,343,2273.191890410918,1811.3929578739398,take_profit,take_profit
2017-11-24,BUY,1,10087.017,10087.017,350,0.0,0.0,buy_signal,buy
2017-11-27,BUY,16,10307.061,164912.976,351,0.0,0.0,buy_signal,buy
2017-11-28,BUY,28,10127.025,283556.7,352,0.0,0.0,buy_signal,buy
2017-11-29,BUY,13,10277.055,133601.715,353,0.0,0.0,buy_signal,buy
2017-11-30,SELL,50,10227.954,511397.7,348,4312.185616438391,3436.1651084589316,take_profit,take_profit
2017-11-30,BUY,14,10232.046,143248.644,354,0.0,0.0,buy_signal,buy
2017-12-01,SELL,56,10562.887,591521.672,346,16173.86630136989,12888.145362246596,take_profit,take_profit
2017-12-01,SELL,1,10562.887,10562.887,350,471.94731506849394,376.0712180123294,take_profit,take_profit
2017-12-01,SELL,28,10562.887,295760.836,352,12138.022246575341,9672.18302718356,take_profit,take_profit
2017-12-01,BUY,13,10567.113,137372.46899999998,355,0.0,0.0,buy_signal,buy
2017-12-04,SELL,35,10482.903,366901.605,342,6823.876164383555,5437.605721589036,take_profit,take_profit
2017-12-04,SELL,28,10482.903,293521.284,349,5469.536493150642,4358.400154567089,take_profit,take_profit
2017-12-04,SELL,14,10482.903,146760.642,354,3489.6325205479375,2780.713673998624,take_profit,take_profit
2017-12-04,BUY,13,10487.097,136332.261,356,0.0,0.0,buy_signal,buy
2017-12-05,BUY,29,10237.047,296874.363,357,0.0,0.0,buy_signal,buy
2017-12-06,BUY,37,10182.036,376735.332,358,0.0,0.0,buy_signal,buy
2017-12-07,BUY,58,10002.0,580116.0,359,0.0,0.0,buy_signal,buy
2017-12-08,SELL,58,10267.946,595540.868,359,15379.685205479469,12255.302155986315,take_profit,take_profit
2017-12-08,BUY,54,10272.054,554690.916,360,0.0,0.0,buy_signal,buy
2017-12-11,SELL,29,10502.899,304584.071,357,7619.131068493135,6071.304591928754,take_profit,take_profit
2017-12-11,SELL,37,10502.899,388607.263,358,11785.503054794503,9391.278109212999,take_profit,take_profit
2017-12-11,SELL,54,10502.899,567156.546,360,12422.382657534252,9898.775620656168,take_profit,take_profit
2017-12-11,BUY,36,10507.101,378255.636,361,0.0,0.0,buy_signal,buy
2017-12-12,SELL,8,10537.892,84303.136,341,1995.507506849313,1590.120156832875,take_profit,take_profit
2017-12-12,SELL,13,10537.892,136992.596,353,3298.4399589041036,2628.3618812527347,take_profit,take_profit
2017-12-12,BUY,15,10542.108,158131.62,362,0.0,0.0,buy_signal,buy
2017-12-13,BUY,17,10497.099,178450.683,363,0.0,0.0,buy_signal,buy
2017-12-14,BUY,1,10337.067,10337.067,364,0.0,0.0,buy_signal,buy
2017-12-15,BUY,27,10267.053,277210.431,365,0.0,0.0,buy_signal,buy
2017-12-18,BUY,55,10392.078,571564.2899999999,366,0.0,0.0,buy_signal,buy
2017-12-19,SELL,27,10562.887,285197.949,365,7944.612410958945,6330.664399672635,take_profit,take_profit
2017-12-19,SELL,55,10562.887,580958.785,366,9350.109246575454,7450.63455313365,take_profit,take_profit
2017-12-19,BUY,38,10567.113,401550.294,367,0.0,0.0,buy_signal,buy
2017-12-20,BUY,40,10457.091,418283.64,368,0.0,0.0,buy_signal,buy
2017-12-21,BUY,21,10467.092999999999,219808.95299999998,369,0.0,0.0,buy_signal,buy
2017-12-22,BUY,16,10457.091,167313.456,370,0.0,0.0,buy_signal,buy
2017-12-25,BUY,4,10502.1,42008.4,371,0.0,0.0,buy_signal,buy
2017-12-26,SELL,16,10517.896,168286.336,351,3106.5299726027547,2475.438408668505,take_profit,take_profit
2017-12-26,BUY,28,10522.104,294618.912,372,0.0,0.0,buy_signal,buy
2017-12-27,BUY,30,10502.1,315063.0,373,0.0,0.0,buy_signal,buy
2017-12-28,BUY,27,10552.11,284906.97000000003,374,0.0,0.0,buy_signal,buy
2017-12-29,BUY,39,10472.094,408411.66599999997,375,0.0,0.0,buy_signal,buy
2018-01-04,BUY,40,10762.152,430486.08,376,0.0,0.0,buy_signal,buy
2018-01-05,SELL,13,11197.76,145570.88,355,7969.639493150707,6350.607230117141,take_profit,take_profit
2018-01-05,SELL,13,11197.76,145570.88,356,9020.273849315074,7187.805216826717,take_profit,take_profit
2018-01-05,SELL,36,11197.76,403119.36,361,24400.11304109588,19443.230076797252,take_profit,take_profit
2018-01-05,SELL,15,11197.76,167966.4,362,9653.736986301368,7692.580317534245,take_profit,take_profit
2018-01-05,SELL,17,11197.76,190361.92,363,11719.741547945228,9338.876052480155,take_profit,take_profit
2018-01-05,SELL,1,11197.76,11197.76,364,850.2256027397272,677.5022715431516,take_profit,take_profit
2018-01-05,SELL,38,11197.76,425514.88,367,23657.308630136995,18851.326381924664,take_profit,take_profit
2018-01-05,SELL,40,11197.76,447910.4,368,29335.467945205488,23375.96763213699,take_profit,take_profit
2018-01-05,SELL,21,11197.76,235152.96,369,15208.00984931508,12118.502648426722,take_profit,take_profit
2018-01-05,SELL,16,11197.76,179164.16,370,11759.925698630135,9370.896792953423,take_profit,take_profit
2018-01-05,SELL,4,11197.76,44791.04,371,2763.1658082191775,2201.8286742794517,take_profit,take_profit
2018-01-05,SELL,28,11197.76,313537.28,372,18804.67726027399,14984.50707484933,take_profit,take_profit
2018-01-05,SELL,30,11197.76,335932.8,373,20772.152876712316,16552.29001980821,take_profit,take_profit
2018-01-05,SELL,27,11197.76,302339.52,374,17366.48802739725,13838.485984631498,take_profit,take_profit
2018-01-05,SELL,39,11197.76,436712.64,375,28236.72550684936,22500.434720132915,take_profit,take_profit
2018-01-05,SELL,40,11197.76,447910.4,376,17390.367123287677,13857.514042191786,take_profit,take_profit
2018-01-15,BUY,31,11362.271999999999,352230.432,377,0.0,0.0,buy_signal,buy
2018-01-16,BUY,40,11277.255,451090.19999999995,378,0.0,0.0,buy_signal,buy
2018-01-17,BUY,27,11322.264,305701.12799999997,379,0.0,0.0,buy_signal,buy
2018-01-18,BUY,28,11652.33,326265.24,380,0.0,0.0,buy_signal,buy
2018-01-19,BUY,31,11377.275,352695.52499999997,381,0.0,0.0,buy_signal,buy
2018-01-22,BUY,17,11342.268,192818.556,382,0.0,0.0,buy_signal,buy
2018-01-23,BUY,18,11467.293,206411.274,383,0.0,0.0,buy_signal,buy
2018-01-24,SELL,31,11537.692000000001,357668.45200000005,377,5248.260931506926,4182.076723271293,take_profit,take_profit
2018-01-24,SELL,40,11537.692000000001,461507.68000000005,378,10207.180821917906,8133.592037945284,take_profit,take_profit
2018-01-24,SELL,27,11537.692000000001,311517.684,379,5698.402520547986,4540.772048498662,take_profit,take_profit
2018-01-24,SELL,17,11537.692000000001,196140.76400000002,382,3292.2265205479584,2623.410702898641,take_profit,take_profit
2018-01-24,BUY,7,11542.307999999999,80796.15599999999,384,0.0,0.0,buy_signal,buy
2018-01-25,BUY,39,11292.258,440398.062,385,0.0,0.0,buy_signal,buy
2018-01-26,BUY,58,11297.259,655241.022,386,0.0,0.0,buy_signal,buy
2018-01-29,BUY,56,11262.252,630686.112,387,0.0,0.0,buy_signal,buy
2018-01-30,BUY,48,11122.224,533866.752,388,0.0,0.0,buy_signal,buy
2018-01-31,BUY,81,10767.153,872139.393,389,0.0,0.0,buy_signal,buy
2018-02-01,BUY,54,10847.169,585747.126,390,0.0,0.0,buy_signal,buy
2018-02-02,BUY,18,10902.18,196239.24,391,0.0,0.0,buy_signal,buy
2018-02-05,BUY,50,10437.087,521854.35,392,0.0,0.0,buy_signal,buy
2018-02-06,BUY,62,9401.88,582916.5599999999,393,0.0,0.0,buy_signal,buy
2018-02-07,BUY,76,9826.965,746849.34,394,0.0,0.0,buy_signal,buy
2018-02-08,BUY,79,9391.878,741958.3620000001,395,0.0,0.0,buy_signal,buy
2018-02-09,BUY,104,8876.775,923184.6,396,0.0,0.0,buy_signal,buy
2018-02-13,SELL,104,9308.138,968046.3520000001,396,44789.071671232974,35690.171761221995,take_profit,take_profit
2018-02-13,BUY,80,9311.862,744948.96,397,0.0,0.0,buy_signal,buy
2018-02-14,BUY,50,8976.795,448839.75,398,0.0,0.0,buy_signal,buy
2018-02-15,BUY,49,9086.817,445254.03299999994,399,0.0,0.0,buy_signal,buy
2018-02-16,BUY,48,9246.849,443848.752,400,0.0,0.0,buy_signal,buy
2018-02-19,SELL,50,9513.097,475654.85,398,26710.00410958902,21283.86677472601,take_profit,take_profit
2018-02-19,SELL,49,9513.097,466141.75299999997,399,20818.12389041099,16588.922022073995,take_profit,take_profit
2018-02-19,SELL,48,9513.097,456628.65599999996,400,12745.438684931487,10156.202816087654,take_profit,take_profit
2018-02-19,BUY,78,9516.903,742318.434,401,0.0,0.0,buy_signal,buy
2018-02-20,SELL,62,9663.067000000001,599110.1540000001,393,15797.12013698646,12587.93518115766,take_profit,take_profit
2018-02-20,SELL,79,9663.067000000001,763382.2930000001,395,21031.58886301368,16759.02158549245,take_profit,take_profit
2018-02-20,SELL,80,9663.067000000001,773045.3600000001,397,27813.454246575482,22163.151016383672,take_profit,take_profit
2018-02-20,SELL,78,9663.067000000001,753719.226,401,11342.512109589057,9038.28077452604,take_profit,take_profit
2018-02-21,BUY,2,9571.914,19143.828,402,0.0,0.0,buy_signal,buy
2018-02-23,BUY,73,9431.886,688527.6780000001,403,0.0,0.0,buy_signal,buy
2018-02-26,BUY,15,9746.949,146204.23500000002,404,0.0,0.0,buy_signal,buy
2018-02-27,SELL,2,9948.01,19896.02,402,746.3250410958896,594.7091089972596,take_profit,take_profit
2018-02-27,SELL,73,9948.01,726204.73,403,37569.13999999991,29936.96920899993,take_profit,take_profit
2018-02-28,SELL,76,9868.026,749969.976,394,2352.2530958904676,1874.3928794603191,take_profit,take_profit
2018-02-28,SELL,15,9868.026,148020.38999999998,404,1793.4634931506546,1429.1213845170992,take_profit,take_profit
2018-03-02,BUY,46,8926.785,410632.11,405,0.0,0.0,buy_signal,buy
2018-03-05,BUY,85,8776.755,746024.1749999999,406,0.0,0.0,buy_signal,buy
2018-03-06,BUY,81,9121.824,738867.7440000001,407,0.0,0.0,buy_signal,buy
2018-03-07,SELL,46,8968.206,412537.476,405,1810.7950410959286,1442.9320284972907,take_profit,take_profit
2018-03-07,SELL,85,8968.206,762297.51,406,16156.6171917809,12874.40040927061,take_profit,take_profit
2018-03-07,BUY,83,8971.794,744658.902,408,0.0,0.0,buy_signal,buy
2018-03-08,BUY,81,9151.83,741298.23,409,0.0,0.0,buy_signal,buy
2018-03-09,BUY,81,9201.84,745349.04,410,0.0,0.0,buy_signal,buy
2018-03-12,SELL,83,9513.097,789587.051,408,44755.663630136965,35663.55056367464,take_profit,take_profit
2018-03-13,SELL,81,9358.128,758008.368,407,18856.9686575342,15026.175474756126,take_profit,take_profit
2018-03-13,SELL,81,9358.128,758008.368,409,16538.670986301404,13178.839975434274,take_profit,take_profit
2018-03-13,SELL,81,9358.128,758008.368,410,12543.939616438336,9995.638283358889,take_profit,take_profit
2018-03-20,BUY,63,8971.794,565223.022,411,0.0,0.0,buy_signal,buy
2018-03-22,BUY,82,9036.807,741018.1740000001,412,0.0,0.0,buy_signal,buy
2018-03-23,BUY,4,8691.738,34766.952,413,0.0,0.0,buy_signal,buy
2018-03-26,BUY,107,8201.64,877575.48,414,0.0,0.0,buy_signal,buy
2018-03-27,SELL,107,8668.266,927504.4619999999,414,49859.21213698626,39730.3131913575,take_profit,take_profit
2018-03-27,BUY,101,8671.734,875845.1340000001,415,0.0,0.0,buy_signal,buy
2018-03-28,SELL,4,8703.259,34813.036,413,38.16421917808475,30.411158052056834,take_profit,take_profit
2018-03-28,SELL,101,8703.259,879029.159,415,3114.797109588948,2482.0260767759532,take_profit,take_profit
2018-03-28,BUY,13,8706.741,113187.633,416,0.0,0.0,buy_signal,buy
2018-03-29,SELL,13,9058.188,117756.444,416,4559.975273972605,3633.61629706507,take_profit,take_profit
2018-03-29,BUY,82,9061.812,743068.584,417,0.0,0.0,buy_signal,buy
2018-03-30,BUY,81,9156.831,741703.311,418,0.0,0.0,buy_signal,buy
2018-04-02,SELL,63,9198.16,579484.08,411,13917.3679726027,11090.054668968462,take_profit,take_profit
2018-04-02,SELL,82,9198.16,754249.12,412,12840.500191780702,10231.952577820452,take_profit,take_profit
2018-04-02,SELL,82,9198.16,754249.12,417,11066.207780821882,8818.107670147916,take_profit,take_profit
2018-04-04,BUY,3,9196.839,27590.517,419,0.0,0.0,buy_signal,buy
2018-04-06,SELL,81,9363.127,758413.287,418,16424.36334246578,13087.753929443856,take_profit,take_profit
2018-04-06,SELL,3,9363.127,28089.381,419,494.60646575342605,394.12716223561756,take_profit,take_profit
2018-05-22,SELL,50,10592.881,529644.0499999999,392,5192.182191780776,4137.3903795205115,take_profit,take_profit
2018-05-25,BUY,18,9991.998,179855.96399999998,420,0.0,0.0,buy_signal,buy
2018-05-28,BUY,28,10112.021999999999,283136.616,421,0.0,0.0,buy_signal,buy
2018-05-29,BUY,26,10052.01,261352.26,422,0.0,0.0,buy_signal,buy
2018-05-30,BUY,77,9656.931,743583.687,423,0.0,0.0,buy_signal,buy
2018-05-31,BUY,75,9836.967,737772.525,424,0.0,0.0,buy_signal,buy
2018-06-01,SELL,77,9778.044,752909.388,423,9210.251630136987,7339.189011474658,take_profit,take_profit
2018-06-01,BUY,58,9781.956,567353.448,425,0.0,0.0,buy_signal,buy
2018-06-04,BUY,72,10002.0,720144.0,426,0.0,0.0,buy_signal,buy
2018-06-05,SELL,18,10162.967,182933.40600000002,420,2981.322986301409,2375.6672216342777,take_profit,take_profit
2018-06-05,SELL,75,10162.967,762222.525,424,24278.77808219178,19346.54431479452,take_profit,take_profit
2018-06-05,SELL,58,10162.967,589452.086,425,22010.09663013702,17538.745499724686,take_profit,take_profit
2018-06-06,SELL,72,10137.972,729933.9839999999,426,9678.247890410898,7712.111831473923,take_profit,take_profit
2018-06-07,SELL,28,10357.928,290021.984,421,6713.757917808236,5349.857996805493,take_profit,take_profit
2018-06-07,SELL,26,10357.928,269306.128,422,7814.660438356181,6227.112170304123,take_profit,take_profit
2018-06-20,BUY,74,9976.994999999999,738297.6299999999,427,0.0,0.0,buy_signal,buy
2018-06-21,SELL,74,10117.976,748730.224,427,10374.97536986317,8267.299123475466,take_profit,take_profit
2018-06-21,BUY,9,10122.024,91098.216,428,0.0,0.0,buy_signal,buy
2018-06-25,BUY,11,10157.030999999999,111727.34099999999,429,0.0,0.0,buy_signal,buy
2018-06-26,BUY,62,9816.963,608651.706,430,0.0,0.0,buy_signal,buy
2018-06-27,SELL,62,9973.005000000001,618326.31,430,9627.161260274022,7671.403450249355,take_profit,take_profit
2018-06-27,BUY,4,9976.994999999999,39907.979999999996,431,0.0,0.0,buy_signal,buy
2018-06-28,BUY,69,9876.975,681511.275,432,0.0,0.0,buy_signal,buy
2018-06-29,BUY,74,9971.994,737927.5560000001,433,0.0,0.0,buy_signal,buy
2018-07-02,BUY,30,9886.976999999999,296609.30999999994,434,0.0,0.0,buy_signal,buy
2018-07-03,BUY,78,9571.914,746609.292,435,0.0,0.0,buy_signal,buy
2018-07-04,BUY,79,9371.874,740378.046,436,0.0,0.0,buy_signal,buy
2018-07-05,BUY,79,9396.878999999999,742353.4409999999,437,0.0,0.0,buy_signal,buy
2018-07-06,BUY,79,9376.875,740773.125,438,0.0,0.0,buy_signal,buy
2018-07-09,SELL,79,9558.088,755088.9519999999,436,14540.006273972562,11586.203999415036,take_profit,take_profit
2018-07-09,SELL,79,9558.088,755088.9519999999,437,12621.699054794577,10057.60089181306,take_profit,take_profit
2018-07-09,SELL,79,9558.088,755088.9519999999,438,14258.254397260205,11361.690016456794,take_profit,take_profit
2018-07-09,BUY,78,9561.912,745829.136,439,0.0,0.0,buy_signal,buy
2018-07-10,SELL,78,9838.032000000001,767366.496,435,20473.732767123314,16314.493955482212,take_profit,take_profit
2018-07-10,SELL,78,9838.032000000001,767366.496,439,21479.31945205478,17115.795705369852,take_profit,take_profit
2018-07-10,BUY,3,9841.967999999999,29525.903999999995,440,0.0,0.0,buy_signal,buy
2018-07-12,BUY,28,9681.936,271094.208,441,0.0,0.0,buy_signal,buy
2018-07-13,SELL,28,10022.995,280643.86000000004,441,9528.548438356225,7592.823823104158,take_profit,take_profit
2018-07-16,SELL,4,10192.961,40771.844,431,825.1610958904124,657.5296192602751,take_profit,take_profit
2018-07-16,SELL,69,10192.961,703314.309,432,21187.916958904094,16883.59162870273,take_profit,take_profit
2018-07-16,SELL,74,10192.961,754279.114,433,15748.20863013683,12548.960046924534,take_profit,take_profit
2018-07-16,SELL,30,10192.961,305788.82999999996,434,8957.817534246595,7138.036902164399,take_profit,take_profit
2018-07-16,SELL,3,10192.961,30578.882999999998,440,1043.8977945205509,831.829957563701,take_profit,take_profit
2018-07-18,SELL,9,10472.905,94256.145,428,3028.860123287675,2413.5471892417836,take_profit,take_profit
2018-07-18,SELL,11,10472.905,115201.955,429,3334.0900547945366,2656.7696601630264,take_profit,take_profit
2018-08-13,BUY,74,9756.951,722014.374,442,0.0,0.0,buy_signal,buy
2018-08-14,BUY,77,9681.936,745509.0719999999,443,0.0,0.0,buy_signal,buy
2018-08-15,SELL,74,9948.01,736152.74,442,14027.953945205518,11178.175101237017,take_profit,take_profit
2018-08-15,SELL,77,9948.01,765996.77,443,20429.04298630146,16278.88290363432,take_profit,take_profit
2018-08-15,BUY,32,9951.99,318463.68,444,0.0,0.0,buy_signal,buy
2018-08-16,BUY,78,9576.914999999999,746999.3699999999,445,0.0,0.0,buy_signal,buy
2018-08-17,SELL,78,9923.015,773995.1699999999,445,26937.01150684936,21464.757619232914,take_profit,take_profit
2018-08-17,BUY,75,9926.985,744523.875,446,0.0,0.0,buy_signal,buy
2018-08-20,BUY,21,9846.969,206786.349,447,0.0,0.0,buy_signal,buy
2018-08-21,BUY,3,9741.948,29225.844,448,0.0,0.0,buy_signal,buy
2018-08-22,SELL,3,9823.035,29469.105,448,240.9953013698616,192.03710589657422,take_profit,take_profit
2018-08-22,BUY,48,9826.965,471694.32,449,0.0,0.0,buy_signal,buy
2018-08-23,SELL,48,9993.001,479664.048,449,7933.127013698633,6321.512260865756,take_profit,take_profit
2018-08-24,SELL,21,10067.986,211427.706,447,4577.58719178084,3647.650353770562,take_profit,take_profit
2018-08-27,SELL,32,10232.953,327454.496,444,8796.19989041095,7009.251882673965,take_profit,take_profit
2018-08-27,SELL,75,10232.953,767471.475,446,22604.52328767121,18012.414381780804,take_profit,take_profit
2018-08-31,BUY,5,10282.056,51410.28,450,0.0,0.0,buy_signal,buy
2018-09-03,BUY,6,10377.074999999999,62262.45,451,0.0,0.0,buy_signal,buy
2018-09-06,BUY,2,10067.012999999999,20134.025999999998,452,0.0,0.0,buy_signal,buy
2018-09-07,BUY,22,9951.99,218943.78,453,0.0,0.0,buy_signal,buy
2018-09-10,BUY,75,9881.976,741148.2000000001,454,0.0,0.0,buy_signal,buy
2018-09-11,SELL,75,10047.99,753599.25,454,12393.573287671163,9875.818874280765,take_profit,take_profit
2018-09-11,BUY,50,10052.01,502600.5,455,0.0,0.0,buy_signal,buy
2018-09-12,SELL,2,10272.945,20545.89,452,405.69479452054935,323.27789701369977,take_profit,take_profit
2018-09-12,SELL,22,10272.945,226004.78999999998,453,7010.15202739724,5586.03964303149,take_profit,take_profit
2018-09-12,SELL,50,10272.945,513647.25,455,11007.511643835616,8771.335653390412,take_profit,take_profit
2018-09-14,BUY,11,10532.106,115853.166,456,0.0,0.0,buy_signal,buy
2018-09-18,SELL,5,10587.882,52939.409999999996,450,1485.973561643833,1184.0980325958883,take_profit,take_profit
2018-09-18,SELL,6,10587.882,63527.292,451,1217.8457260274015,970.4403667849349,take_profit,take_profit
2018-09-18,BUY,2,10592.118,21184.236,457,0.0,0.0,buy_signal,buy
2018-09-19,SELL,81,11247.75,911067.75,389,29187.85623287667,23258.343239167774,take_profit,take_profit
2018-09-19,SELL,11,11247.75,123725.25,456,7853.895123287673,6258.376328991782,take_profit,take_profit
2018-09-19,SELL,2,11247.75,22495.5,457,1309.5863013698622,1043.5438442465747,take_profit,take_profit
2018-09-20,SELL,54,11242.751,607108.554,390,14865.71030136982,11845.741253646542,take_profit,take_profit
2018-09-20,SELL,18,11242.751,202369.518,391,3980.269232876733,3171.677538217825,take_profit,take_profit
2018-09-25,SELL,48,11347.73,544691.04,388,4887.987287671297,3894.992670180873,take_profit,take_profit
2018-09-26,SELL,56,11477.704,642751.424,387,5042.583671232908,4018.182798421943,take_profit,take_profit
2018-09-27,SELL,31,11557.688,358288.328,381,1515.3194931507,1207.4823381171354,take_profit,take_profit
2018-09-27,SELL,39,11557.688,450749.832,385,5359.116082191798,4270.411650094535,take_profit,take_profit
2018-09-27,SELL,58,11557.688,670345.904,386,7729.853068493131,6159.5334176287515,take_profit,take_profit
2018-09-28,BUY,1,11697.339,11697.339,458,0.0,0.0,buy_signal,buy
2018-10-01,SELL,18,11797.64,212357.52,383,3577.9776164383406,2851.111463658892,take_profit,take_profit
2018-10-01,SELL,7,11797.64,82583.48,384,872.5866301369938,695.3206562246635,take_profit,take_profit
2018-10-02,SELL,28,11992.601,335792.82800000004,380,5745.05649315073,4577.9482665671585,take_profit,take_profit
2018-10-02,SELL,1,11992.601,11992.601,458,293.4485205479458,233.8344535986306,take_profit,take_profit
2018-10-04,BUY,1,11872.374,11872.374,459,0.0,0.0,buy_signal,buy
2018-10-05,BUY,2,11417.283,22834.566,460,0.0,0.0,buy_signal,buy
2018-10-09,BUY,8,11197.239,89577.912,461,0.0,0.0,buy_signal,buy
2018-10-10,BUY,27,11172.234,301650.318,462,0.0,0.0,buy_signal,buy
2018-10-11,BUY,28,10387.077,290838.15599999996,463,0.0,0.0,buy_signal,buy
2018-10-12,BUY,70,10202.039999999999,714142.7999999999,464,0.0,0.0,buy_signal,buy
2018-10-15,SELL,70,10202.959,714207.13,464,8.48342465760875,6.760016938415533,take_profit,take_profit
2018-10-15,BUY,68,10207.041,694078.788,465,0.0,0.0,buy_signal,buy
2018-10-16,BUY,74,9996.999,739777.926,466,0.0,0.0,buy_signal,buy
2018-10-17,SELL,74,10487.902,776104.748,466,36268.80600000004,28900.79806110003,take_profit,take_profit
2018-10-17,BUY,66,10492.098,692478.468,467,0.0,0.0,buy_signal,buy
2018-10-18,SELL,68,10492.901,713517.268,465,19278.465753424756,15362.045435616517,take_profit,take_profit
2018-10-18,BUY,53,10497.099,556346.247,468,0.0,0.0,buy_signal,buy
2018-10-19,BUY,57,10002.0,570114.0,469,0.0,0.0,buy_signal,buy
2018-10-22,SELL,57,10057.988,573305.316,469,3146.737315068485,2507.477629512322,take_profit,take_profit
2018-10-22,BUY,65,10062.012,654030.78,470,0.0,0.0,buy_signal,buy
2018-10-23,SELL,65,10082.983,655393.895,470,1311.8807534246482,1045.372178366431,take_profit,take_profit
2018-10-23,BUY,54,10087.017,544698.918,471,0.0,0.0,buy_signal,buy
2018-10-24,BUY,74,9876.975,730896.15,472,0.0,0.0,buy_signal,buy
2018-10-25,BUY,80,9201.84,736147.2,473,0.0,0.0,buy_signal,buy
2018-10-26,BUY,81,9231.846,747779.526,474,0.0,0.0,buy_signal,buy
2018-10-29,BUY,82,9106.821,746759.322,475,0.0,0.0,buy_signal,buy
2018-10-30,BUY,84,8846.769,743128.596,476,0.0,0.0,buy_signal,buy
2018-10-31,SELL,84,9378.124,787762.416,476,44574.472273972555,35519.16823151503,take_profit,take_profit
2018-10-31,BUY,78,9381.876,731786.328,477,0.0,0.0,buy_signal,buy
2018-11-01,SELL,80,9503.099,760247.92,473,23819.73808219187,18980.75829079459,take_profit,take_profit
2018-11-01,SELL,81,9503.099,769751.019,474,21743.232780821934,17326.09504139796,take_profit,take_profit
2018-11-01,SELL,82,9503.099,779254.118,475,32320.237095890385,25754.380929860254,take_profit,take_profit
2018-11-01,SELL,78,9503.099,741241.7220000001,477,9398.041561643924,7488.829418395961,take_profit,take_profit
2018-11-01,BUY,66,9506.901,627455.466,478,0.0,0.0,buy_signal,buy
2018-11-02,BUY,69,9506.901,655976.169,479,0.0,0.0,buy_signal,buy
2018-11-05,SELL,66,9603.079,633803.214,478,6250.158410958926,4980.43872977262,take_profit,take_profit
2018-11-05,SELL,69,9603.079,662612.451,479,6583.985671232883,5246.448982121923,take_profit,take_profit
2018-11-05,BUY,12,9606.921,115283.052,480,0.0,0.0,buy_signal,buy
2018-11-06,BUY,37,9706.940999999999,359156.817,481,0.0,0.0,buy_signal,buy
2018-11-07,BUY,15,9816.963,147254.445,482,0.0,0.0,buy_signal,buy
2018-11-08,BUY,23,10117.023,232691.52899999998,483,0.0,0.0,buy_signal,buy
2018-11-09,SELL,74,10052.989,743921.186,472,12377.692109589005,9863.163957525998,take_profit,take_profit
2018-11-09,SELL,12,10052.989,120635.86799999999,480,5316.753534246567,4236.655053764377,take_profit,take_profit
2018-11-09,SELL,37,10052.989,371960.593,481,12719.718082191794,10135.70735379453,take_profit,take_profit
2018-11-09,SELL,15,10052.989,150794.835,482,3517.571917808204,2802.9771827054674,take_profit,take_profit
2018-11-09,BUY,3,10057.011,30171.033000000003,484,0.0,0.0,buy_signal,buy
2018-11-12,BUY,17,9756.951,165868.167,485,0.0,0.0,buy_signal,buy
2018-11-13,BUY,10,9401.88,94018.79999999999,486,0.0,0.0,buy_signal,buy
2018-11-14,BUY,50,9521.904,476095.2,487,0.0,0.0,buy_signal,buy
2018-11-15,BUY,42,9351.869999999999,392778.54,488,0.0,0.0,buy_signal,buy
2018-11-16,BUY,52,9501.9,494098.8,489,0.0,0.0,buy_signal,buy
2018-11-19,BUY,56,9361.872,524264.83199999994,490,0.0,0.0,buy_signal,buy
2018-11-20,BUY,40,9251.85,370074.0,491,0.0,0.0,buy_signal,buy
2018-11-21,BUY,56,9001.8,504100.79999999993,492,0.0,0.0,buy_signal,buy
2018-11-22,SELL,56,9293.141,520415.89599999995,492,16275.423452054814,12969.071177769878,take_profit,take_profit
2018-11-22,BUY,58,9296.859,539217.822,493,0.0,0.0,buy_signal,buy
2018-11-26,BUY,50,9361.872,468093.6,494,0.0,0.0,buy_signal,buy
2018-11-27,SELL,40,9628.074,385122.96,491,14934.290410958925,11900.38931397262,take_profit,take_profit
2018-11-27,SELL,58,9628.074,558428.292,493,19126.600410958876,15241.03153747258,take_profit,take_profit
2018-11-27,BUY,26,9631.926,250430.076,495,0.0,0.0,buy_signal,buy
2018-11-28,SELL,10,9708.058,97080.58000000002,486,2989.401917808247,2382.1049182055017,take_profit,take_profit
2018-11-28,SELL,42,9708.058,407738.43600000005,488,14717.140602739792,11727.353489293204,take_profit,take_profit
2018-11-28,SELL,56,9708.058,543651.248,490,19143.762630137073,15254.707251824726,take_profit,take_profit
2018-11-28,SELL,50,9708.058,485402.9,494,17235.98219178087,13734.492409520586,take_profit,take_profit
2018-11-28,BUY,16,9711.942,155391.072,496,0.0,0.0,buy_signal,buy
2018-11-29,SELL,50,9973.005000000001,498650.25000000006,487,22191.913013698675,17683.62588496579,take_profit,take_profit
2018-11-29,SELL,52,9973.005000000001,518596.26000000007,489,24195.569369863093,19280.239452375405,take_profit,take_profit
2018-11-29,SELL,26,9973.005000000001,259298.13000000003,495,8829.290493150718,7035.62012946715,take_profit,take_profit
2018-11-29,BUY,5,9976.994999999999,49884.97499999999,497,0.0,0.0,buy_signal,buy
2018-11-30,SELL,16,9893.021,158288.336,496,2873.1149589041343,2289.4416550027595,take_profit,take_profit
2018-11-30,BUY,4,9896.979,39587.916,498,0.0,0.0,buy_signal,buy
2018-12-03,SELL,17,10182.963,173110.37099999998,485,7067.603287671231,5631.8196797808205,take_profit,take_profit
2018-12-03,BUY,4,10187.037,40748.148,499,0.0,0.0,buy_signal,buy
2018-12-04,SELL,5,10122.975,50614.875,497,718.3989041095978,572.456166739733,take_profit,take_profit
2018-12-04,SELL,4,10122.975,40491.9,498,897.8086575342506,715.4188287561676,take_profit,take_profit
2018-12-04,BUY,2,10127.025,20254.05,500,0.0,0.0,buy_signal,buy
2018-12-05,BUY,31,9396.878999999999,291303.24899999995,501,0.0,0.0,buy_signal,buy
2018-12-06,SELL,31,9443.111,292736.44100000005,501,1410.4694246576316,1123.9325610384337,take_profit,take_profit
2018-12-06,BUY,50,9446.889,472344.44999999995,502,0.0,0.0,buy_signal,buy
2018-12-07,BUY,76,9306.860999999999,707321.4359999999,503,0.0,0.0,buy_signal,buy
2018-12-10,BUY,72,9001.8,648129.6,504,0.0,0.0,buy_signal,buy
2018-12-11,BUY,82,9001.8,738147.6,505,0.0,0.0,buy_signal,buy
2018-12-12,BUY,81,9071.814,734816.934,506,0.0,0.0,buy_signal,buy
2018-12-13,SELL,72,9398.12,676664.64,504,28385.137972602777,22618.697193468524,take_profit,take_profit
2018-12-13,SELL,82,9398.12,770645.8400000001,505,32383.88032876723,25805.09503997817,take_profit,take_profit
2018-12-13,SELL,81,9398.12,761247.7200000001,506,26373.09180821926,21015.398207379516,take_profit,take_profit
2018-12-13,BUY,58,9401.88,545309.0399999999,507,0.0,0.0,buy_signal,buy
2018-12-14,SELL,76,9338.132,709698.032,503,2108.817808219314,1680.4114704795604,take_profit,take_profit
2018-12-14,BUY,29,9341.868,270914.172,508,0.0,0.0,buy_signal,buy
2018-12-17,BUY,71,9081.815999999999,644808.9359999999,509,0.0,0.0,buy_signal,buy
2018-12-18,BUY,50,8931.786,446589.3,510,0.0,0.0,buy_signal,buy
2018-12-19,BUY,76,8831.766,671214.216,511,0.0,0.0,buy_signal,buy
2018-12-20,BUY,85,8551.71,726895.35,512,0.0,0.0,buy_signal,buy
2018-12-26,BUY,2,7471.494,14942.988,513,0.0,0.0,buy_signal,buy
2018-12-27,BUY,2,7991.598,15983.196,514,0.0,0.0,buy_signal,buy
2018-12-28,SELL,2,7898.42,15796.84,513,851.4946301369871,678.5134960246581,take_profit,take_profit
2019-01-07,BUY,1,8021.604,8021.604,515,0.0,0.0,buy_signal,buy
2019-01-10,SELL,2,8113.377,16226.754,514,236.24654794520637,188.2530617301377,take_profit,take_profit
2019-01-10,SELL,1,8113.377,8113.377,515,89.9127260273974,71.64695573493162,take_profit,take_profit
2019-02-14,SELL,85,8808.238,748700.23,512,20030.475890410962,15961.284713273975,take_profit,take_profit
2019-02-21,SELL,76,9013.197,685002.9720000001,511,11892.999506849368,9476.936657032918,take_profit,take_profit
2019-02-22,SELL,50,8993.201000000001,449660.05000000005,510,1754.750000000058,1398.2725375000462,take_profit,take_profit
2019-03-05,SELL,71,9293.141,659813.0109999999,509,12736.801849315138,10149.320553626767,take_profit,take_profit
2019-03-13,BUY,1,9046.809,9046.809,516,0.0,0.0,buy_signal,buy
2019-03-14,BUY,2,9091.818,18183.636,517,0.0,0.0,buy_signal,buy
2019-03-15,BUY,1,9006.801,9006.801,518,0.0,0.0,buy_signal,buy
2019-03-19,SELL,1,9163.167,9163.167,518,154.96791780821917,123.48618530547944,take_profit,take_profit
2019-03-22,SELL,1,9188.162,9188.162,516,137.1802328767133,109.31206856780898,take_profit,take_profit
2019-04-02,SELL,2,9423.115,18846.23,517,645.9635342465763,514.7360422643843,take_profit,take_profit
2019-04-08,SELL,29,9568.086,277474.494,508,5149.177232876698,4103.121878017797,take_profit,take_profit
2019-04-15,SELL,58,9723.055,563937.1900000001,507,15553.873506849455,12394.104103932988,take_profit,take_profit
2019-04-16,SELL,50,9768.046,488402.3,502,13194.773287671269,10514.25509428085,take_profit,take_profit
2019-04-16,BUY,1,9771.954,9771.954,519,0.0,0.0,buy_signal,buy
2019-04-24,BUY,3,9961.992,29885.976000000002,520,0.0,0.0,buy_signal,buy
2019-04-25,BUY,1,9821.964,9821.964,521,0.0,0.0,buy_signal,buy
2019-04-26,SELL,1,9793.041000000001,9793.041000000001,519,15.043986301371216,11.987800484247654,take_profit,take_profit
2019-04-26,BUY,3,9796.958999999999,29390.876999999997,522,0.0,0.0,buy_signal,buy
2019-05-07,BUY,4,9771.954,39087.816,523,0.0,0.0,buy_signal,buy
2019-05-08,BUY,4,9296.859,37187.436,524,0.0,0.0,buy_signal,buy
2019-05-09,BUY,7,9211.842,64482.894,525,0.0,0.0,buy_signal,buy
2019-05-10,BUY,8,9126.824999999999,73014.59999999999,526,0.0,0.0,buy_signal,buy
2019-05-13,BUY,8,8941.788,71534.304,527,0.0,0.0,buy_signal,buy
2019-05-14,BUY,11,8651.73,95169.03,528,0.0,0.0,buy_signal,buy
2019-05-15,SELL,11,8958.208,98540.288,528,3363.7267671232894,2680.3856743821934,take_profit,take_profit
2019-05-15,BUY,11,8961.792,98579.712,529,0.0,0.0,buy_signal,buy
2019-05-16,BUY,9,8906.780999999999,80161.029,530,0.0,0.0,buy_signal,buy
2019-05-17,BUY,10,8996.798999999999,89967.98999999999,531,0.0,0.0,buy_signal,buy
2019-05-21,SELL,9,8948.210000000001,80533.89000000001,530,354.30620547947103,282.3288998363165,take_profit,take_profit
2019-05-24,BUY,2,8721.744,17443.488,532,0.0,0.0,buy_signal,buy
2019-05-27,SELL,2,8918.216,17836.432,532,391.5838904109584,312.0336230739722,take_profit,take_profit
2019-05-27,BUY,5,8921.784,44608.92,533,0.0,0.0,buy_signal,buy
2019-05-30,BUY,8,8681.735999999999,69453.88799999999,534,0.0,0.0,buy_signal,buy
2019-05-31,BUY,9,8596.719,77370.47099999999,535,0.0,0.0,buy_signal,buy
2019-06-03,BUY,4,8211.642,32846.568,536,0.0,0.0,buy_signal,buy
2019-06-04,BUY,4,8301.66,33206.64,537,0.0,0.0,buy_signal,buy
2019-06-05,BUY,4,8551.71,34206.84,538,0.0,0.0,buy_signal,buy
2019-06-06,SELL,4,8553.289,34213.156,536,1358.8830136986335,1082.825929465756,take_profit,take_profit
2019-06-06,SELL,4,8553.289,34213.156,537,1001.3455890410992,797.9222326273999,take_profit,take_profit
2019-06-06,BUY,1,8556.711,8556.711,539,0.0,0.0,buy_signal,buy
2019-06-10,SELL,4,8858.228000000001,35432.912000000004,538,1218.144547945213,970.678483030143,take_profit,take_profit
2019-06-10,SELL,1,8858.228000000001,8858.228000000001,539,300.1929452054811,239.20874838698762,take_profit,take_profit
2019-06-11,SELL,8,8833.233,70665.864,534,1170.0174246575439,932.3283848383638,take_profit,take_profit
2019-06-11,SELL,9,8833.233,79499.09700000001,535,2087.4360821917994,1663.3734420945354,take_profit,take_profit
2019-06-20,BUY,6,9111.822,54670.932,540,0.0,0.0,buy_signal,buy
2019-06-21,SELL,8,9163.167,73305.336,527,1614.0693698630057,1286.1711773753361,take_profit,take_profit
2019-06-21,SELL,11,9163.167,100794.837,529,2014.3891643835616,1605.166005639041,take_profit,take_profit
2019-06-21,SELL,5,9163.167,45815.835,533,1143.1363698630146,910.9082163253431,take_profit,take_profit
2019-06-21,BUY,4,9166.833,36667.332,541,0.0,0.0,buy_signal,buy
2019-06-24,BUY,8,8936.787,71494.296,542,0.0,0.0,buy_signal,buy
2019-06-25,BUY,7,8951.789999999999,62662.52999999999,543,0.0,0.0,buy_signal,buy
2019-06-28,BUY,7,9006.801,63047.606999999996,544,0.0,0.0,buy_signal,buy
2019-07-01,BUY,8,9321.864,74574.912,545,0.0,0.0,buy_signal,buy
2019-07-02,SELL,7,9353.129,65471.903000000006,525,807.985547945211,643.8432838801414,take_profit,take_profit
2019-07-02,SELL,8,9353.129,74825.032,526,1609.1480547945357,1282.2496274630257,take_profit,take_profit
2019-07-02,SELL,10,9353.129,93531.29000000001,531,3346.0200000000173,2666.2760370000137,take_profit,take_profit
2019-07-02,SELL,6,9353.129,56118.774000000005,540,1414.5756986301412,1127.204645453428,take_profit,take_profit
2019-07-02,SELL,4,9353.129,37412.516,541,725.8126027397271,578.3637724931516,take_profit,take_profit
2019-07-02,SELL,8,9353.129,74825.032,542,3297.4919452054837,2627.6064565369898,take_profit,take_profit
2019-07-02,SELL,7,9353.129,65471.903000000006,543,2785.1119589041236,2219.316464452751,take_profit,take_profit
2019-07-02,SELL,7,9353.129,65471.903000000006,544,2414.4208219178176,1923.9312319452129,take_profit,take_profit
2019-07-02,BUY,2,9356.871,18713.742,546,0.0,0.0,buy_signal,buy
2019-07-03,BUY,2,9356.871,18713.742,547,0.0,0.0,buy_signal,buy
2019-07-04,BUY,3,9381.876,28145.628,548,0.0,0.0,buy_signal,buy
2019-07-05,BUY,3,9356.871,28070.612999999998,549,0.0,0.0,buy_signal,buy
2019-07-08,BUY,2,9326.865,18653.73,550,0.0,0.0,buy_signal,buy
2019-07-09,BUY,7,9271.854,64902.977999999996,551,0.0,0.0,buy_signal,buy
2019-07-10,BUY,7,9211.842,64482.894,552,0.0,0.0,buy_signal,buy
2019-07-11,BUY,7,9241.848,64692.936,553,0.0,0.0,buy_signal,buy
2019-07-12,BUY,6,9366.873,56201.238,554,0.0,0.0,buy_signal,buy
2019-07-16,BUY,5,9306.860999999999,46534.30499999999,555,0.0,0.0,buy_signal,buy
2019-07-17,BUY,7,9181.836,64272.852,556,0.0,0.0,buy_signal,buy
2019-07-18,BUY,9,9046.809,81421.28099999999,557,0.0,0.0,buy_signal,buy
2019-07-22,BUY,8,9081.815999999999,72654.52799999999,558,0.0,0.0,buy_signal,buy
2019-07-23,BUY,9,9116.823,82051.407,559,0.0,0.0,buy_signal,buy
2019-07-24,SELL,9,9373.125,84358.125,557,2911.795890410971,2320.2645552739823,take_profit,take_profit
2019-07-24,SELL,8,9373.125,74985.0,558,2319.2075616438447,1848.0605454958977,take_profit,take_profit
2019-07-24,BUY,5,9376.875,46884.375,560,0.0,0.0,buy_signal,buy
2019-07-25,SELL,9,9413.117,84718.053,559,2653.8009041095825,2114.6812504397208,take_profit,take_profit
2019-07-25,BUY,4,9416.883,37667.532,561,0.0,0.0,buy_signal,buy
2019-07-26,SELL,7,9323.135,65261.945,552,724.6596575342461,577.445048106164,take_profit,take_profit
2019-07-26,SELL,7,9323.135,65261.945,553,519.5820958904092,414.02899311027255,take_profit,take_profit
2019-07-26,SELL,7,9323.135,65261.945,556,954.629219178083,760.6962933020554,take_profit,take_profit
2019-07-26,BUY,3,9326.865,27980.595,562,0.0,0.0,buy_signal,buy
2019-07-29,BUY,5,9301.86,46509.3,563,0.0,0.0,buy_signal,buy
2019-07-30,BUY,6,9326.865,55961.19,564,0.0,0.0,buy_signal,buy
2019-07-31,BUY,6,9201.84,55211.04,565,0.0,0.0,buy_signal,buy
2019-08-01,BUY,9,9051.81,81466.29,566,0.0,0.0,buy_signal,buy
2019-08-02,BUY,10,8826.765,88267.65,567,0.0,0.0,buy_signal,buy
2019-08-06,BUY,12,8006.601,96079.212,568,0.0,0.0,buy_signal,buy
2019-08-07,SELL,12,8368.326000000001,100419.91200000001,568,4332.981205479464,3452.736073586311,take_profit,take_profit
2019-08-07,BUY,11,8371.673999999999,92088.41399999999,569,0.0,0.0,buy_signal,buy
2019-08-08,BUY,11,8351.67,91868.37,570,0.0,0.0,buy_signal,buy
2019-08-09,BUY,11,8536.707,93903.777,571,0.0,0.0,buy_signal,buy
2019-08-13,BUY,1,8281.655999999999,8281.655999999999,572,0.0,0.0,buy_signal,buy
2019-08-14,BUY,10,8471.694,84716.94,573,0.0,0.0,buy_signal,buy
2019-08-16,BUY,7,8176.635,57236.445,574,0.0,0.0,buy_signal,buy
2019-08-19,BUY,5,8411.682,42058.41,575,0.0,0.0,buy_signal,buy
2019-08-20,SELL,7,8408.318,58858.225999999995,574,1612.8482328767077,1285.1981143678045,take_profit,take_profit
2019-08-21,SELL,1,8308.338,8308.338,572,22.843698630137684,18.203001253425214,take_profit,take_profit
2019-08-27,BUY,7,8286.657,58006.598999999995,576,0.0,0.0,buy_signal,buy
2019-09-02,SELL,11,8408.318,92491.49799999999,570,510.2607671232846,406.6012922821893,take_profit,take_profit
2019-09-02,SELL,7,8408.318,58858.225999999995,576,833.7185068493155,664.348592182877,take_profit,take_profit
2019-09-06,SELL,11,8898.22,97880.42,569,5643.317945205488,4496.877904636994,take_profit,take_profit
2019-09-06,SELL,5,8898.22,44491.1,575,2387.516027397255,1902.4921464315028,take_profit,take_profit
2019-09-09,SELL,10,8898.22,88982.2,573,4148.975616438351,3306.1112199588997,take_profit,take_profit
2019-09-10,SELL,11,9038.192000000001,99420.11200000001,571,5366.697630136992,4276.453006574662,take_profit,take_profit
2019-09-12,SELL,9,9388.122,84493.098,566,2856.09353424658,2275.8781327643874,take_profit,take_profit
2019-09-12,SELL,10,9388.122,93881.22,567,5430.940958904117,4327.645303102746,take_profit,take_profit
2019-09-13,SELL,6,9483.103000000001,56898.618,565,1565.2118630137,1247.2390730424668,take_profit,take_profit
2019-09-17,SELL,4,9533.093,38132.372,524,697.3546301369877,555.6870370246586,take_profit,take_profit
2019-09-17,SELL,8,9533.093,76264.744,545,1401.4826301369958,1116.771433824665,take_profit,take_profit
2019-09-17,SELL,2,9533.093,19066.186,546,281.7996164383593,224.5520243589066,take_profit,take_profit
2019-09-17,SELL,2,9533.093,19066.186,547,283.2402739726059,225.700012315071,take_profit,take_profit
2019-09-17,SELL,3,9533.093,28599.279000000002,548,351.98223287671397,280.4770422678095,take_profit,take_profit
2019-09-17,SELL,3,9533.093,28599.279000000002,549,429.1478630137034,341.96647464246956,take_profit,take_profit
2019-09-17,SELL,2,9533.093,19066.186,550,347.54893150685126,276.9443660712344,take_profit,take_profit
2019-09-17,SELL,7,9533.093,66731.65100000001,551,1606.446589041113,1280.096964477411,take_profit,take_profit
2019-09-17,SELL,6,9533.093,57198.558000000005,554,819.6243287671302,653.1176463780878,take_profit,take_profit
2019-09-17,SELL,5,9533.093,47665.465000000004,555,986.660821917819,786.2206759452141,take_profit,take_profit
2019-09-17,SELL,5,9533.093,47665.465000000004,560,657.558219178086,523.9752669520578,take_profit,take_profit
2019-09-17,SELL,4,9533.093,38132.372,561,368.8774794520586,293.9400195013729,take_profit,take_profit
2019-09-17,SELL,3,9533.093,28599.279000000002,562,548.8765479452065,437.3722772301378,take_profit,take_profit
2019-09-17,SELL,5,9533.093,47665.465000000004,563,1043.3863698630146,831.4224288253431,take_profit,take_profit
2019-09-17,SELL,6,9533.093,57198.558000000005,564,1106.291178082194,881.5481252547962,take_profit,take_profit
2019-09-26,BUY,1,9736.947,9736.947,577,0.0,0.0,buy_signal,buy
2019-09-27,BUY,1,9681.936,9681.936,578,0.0,0.0,buy_signal,buy
2019-09-30,BUY,3,9506.901,28520.703,579,0.0,0.0,buy_signal,buy
2019-10-01,BUY,5,9566.913,47834.565,580,0.0,0.0,buy_signal,buy
2019-10-02,BUY,4,9481.896,37927.584,581,0.0,0.0,buy_signal,buy
2019-10-03,BUY,5,9191.838,45959.19,582,0.0,0.0,buy_signal,buy
2019-10-04,BUY,13,9136.827,118778.75099999999,583,0.0,0.0,buy_signal,buy
2019-10-07,BUY,11,9226.845,101495.295,584,0.0,0.0,buy_signal,buy
2019-10-08,BUY,13,9261.851999999999,120404.07599999999,585,0.0,0.0,buy_signal,buy
2019-10-09,SELL,13,9158.168,119056.184,583,249.8039041095936,199.05624098972964,take_profit,take_profit
2019-10-09,BUY,9,9161.832,82456.488,586,0.0,0.0,buy_signal,buy
2019-10-10,BUY,11,9226.845,101495.295,587,0.0,0.0,buy_signal,buy
2019-10-11,BUY,8,9461.892,75695.136,588,0.0,0.0,buy_signal,buy
2019-10-15,SELL,5,9768.046,48840.23,582,2856.1526027397267,2275.9252014931512,take_profit,take_profit
2019-10-15,SELL,11,9768.046,107448.50600000001,584,5913.930452054805,4712.515480719871,take_profit,take_profit
2019-10-15,SELL,13,9768.046,126984.598,585,6543.229452054807,5213.972388869873,take_profit,take_profit
2019-10-15,SELL,9,9768.046,87912.414,586,5436.566876712335,4332.128315708224,take_profit,take_profit
2019-10-15,SELL,11,9768.046,107448.50600000001,587,5937.334232876722,4731.164783467816,take_profit,take_profit
2019-10-15,BUY,4,9771.954,39087.816,589,0.0,0.0,buy_signal,buy
2019-10-16,SELL,1,10162.967,10162.967,578,472.3621232876721,376.4017579417815,take_profit,take_profit
2019-10-16,SELL,3,10162.967,30488.901,579,1944.4006849315072,1549.3956857876715,take_profit,take_profit
2019-10-16,SELL,5,10162.967,50814.83500000001,580,2944.245890410963,2346.122337773976,take_profit,take_profit
2019-10-16,SELL,4,10162.967,40651.868,581,2698.419671232876,2150.2357150219173,take_profit,take_profit
2019-10-16,SELL,8,10162.967,81303.736,588,5596.697315068499,4459.728255512333,take_profit,take_profit
2019-10-17,SELL,1,10107.978000000001,10107.978000000001,521,207.25652054794625,165.15235839863098,take_profit,take_profit
2019-10-17,SELL,3,10107.978000000001,30323.934,522,699.070972602744,557.0547045184965,take_profit,take_profit
2019-10-17,SELL,4,10107.978000000001,40431.912000000004,523,1035.1432328767173,824.8538851178122,take_profit,take_profit
2019-10-17,SELL,1,10107.978000000001,10107.978000000001,577,360.84897260274056,287.5425038184938,take_profit,take_profit
2019-10-17,SELL,4,10107.978000000001,40431.912000000004,589,1337.9605479452105,1066.153862630141,take_profit,take_profit
2019-10-21,SELL,3,10172.965,30518.895,520,389.7263424657514,310.553435993834,take_profit,take_profit
2019-10-24,SELL,54,10377.924,560407.8960000001,471,6680.121780822041,5323.055041048043,take_profit,take_profit
2019-10-24,SELL,3,10377.924,31133.772000000004,484,489.6164794520562,390.15089165137096,take_profit,take_profit
2019-10-25,SELL,23,10392.921,239037.18300000002,483,2682.2820547945616,2137.3764553630463,take_profit,take_profit
2019-10-25,SELL,4,10392.921,41571.684,499,233.63660273972573,186.17332689315046,take_profit,take_profit
2019-10-25,SELL,2,10392.921,20785.842,500,238.40109589041208,189.96991326027486,take_profit,take_profit
2019-11-06,SELL,28,10887.822,304859.016,463,8982.145698630184,7157.422799953461,take_profit,take_profit
2019-11-07,SELL,66,10832.833,714966.978,467,10763.481616438374,8576.880326058917,take_profit,take_profit
2019-11-13,SELL,53,10997.800000000001,582883.4,468,16985.986698630193,13535.283500803469,take_profit,take_profit
2019-11-14,BUY,13,10892.178,141598.314,590,0.0,0.0,buy_signal,buy
2019-11-15,BUY,52,10747.149,558851.748,591,0.0,0.0,buy_signal,buy
2019-11-18,BUY,44,10867.172999999999,478155.61199999996,592,0.0,0.0,buy_signal,buy
2019-11-19,BUY,18,10922.184,196599.31199999998,593,0.0,0.0,buy_signal,buy
2019-11-20,BUY,54,10747.149,580346.046,594,0.0,0.0,buy_signal,buy
2019-11-21,BUY,54,10652.13,575215.0199999999,595,0.0,0.0,buy_signal,buy
2019-11-22,BUY,54,10617.123,573324.642,596,0.0,0.0,buy_signal,buy
2019-11-25,BUY,53,10857.171,575430.063,597,0.0,0.0,buy_signal,buy
2019-11-26,BUY,51,11007.201,561367.2509999999,598,0.0,0.0,buy_signal,buy
2019-11-27,BUY,32,10997.199,351910.368,599,0.0,0.0,buy_signal,buy
2019-11-28,BUY,4,11012.202,44048.808,600,0.0,0.0,buy_signal,buy
2019-11-29,BUY,2,11027.205,22054.41,601,0.0,0.0,buy_signal,buy
2019-12-02,BUY,27,10932.186,295169.022,602,0.0,0.0,buy_signal,buy
2019-12-03,SELL,54,10757.848,580923.792,595,5348.460328767237,4261.920612978172,take_profit,take_profit
2019-12-03,SELL,54,10757.848,580923.792,596,7282.810602739749,5803.307628793169,take_profit,take_profit
2019-12-03,BUY,7,10762.152,75335.064,603,0.0,0.0,buy_signal,buy
2019-12-04,BUY,51,10722.144,546829.344,604,0.0,0.0,buy_signal,buy
2019-12-05,BUY,54,10852.17,586017.18,605,0.0,0.0,buy_signal,buy
2019-12-06,BUY,53,10907.181,578080.593,606,0.0,0.0,buy_signal,buy
2019-12-09,BUY,43,11087.217,476750.331,607,0.0,0.0,buy_signal,buy
2019-12-10,BUY,51,10922.184,557031.384,608,0.0,0.0,buy_signal,buy
2019-12-11,BUY,44,10967.193,482556.49199999997,609,0.0,0.0,buy_signal,buy
2019-12-12,BUY,11,10987.197,120859.167,610,0.0,0.0,buy_signal,buy
2019-12-13,BUY,28,11412.282,319543.89599999995,611,0.0,0.0,buy_signal,buy
2019-12-16,SELL,27,11467.706,309628.062,462,2463.138246575293,1962.7517117835223,take_profit,take_profit
2019-12-16,SELL,13,11467.706,149080.178,590,7242.621260273974,5771.282751249317,take_profit,take_profit
2019-12-16,SELL,52,11467.706,596320.712,591,36554.77550684935,29128.672862632906,take_profit,take_profit
2019-12-16,SELL,44,11467.706,504579.064,592,25686.648493150733,20468.405851767162,take_profit,take_profit
2019-12-16,SELL,18,11467.706,206418.708,593,9533.10328767127,7596.453354780852,take_profit,take_profit
2019-12-16,SELL,54,11467.706,619256.124,594,38096.18704109587,30356.946643697247,take_profit,take_profit
2019-12-16,SELL,53,11467.706,607788.4180000001,597,31689.721520548042,25251.95459364871,take_profit,take_profit
2019-12-16,SELL,51,11467.706,584853.006,598,22884.782178082314,18235.738678604892,take_profit,take_profit
2019-12-16,SELL,32,11467.706,366966.592,599,14705.961643835604,11718.445535890402,take_profit,take_profit
2019-12-16,SELL,4,11467.706,45870.824,600,1781.6085479452088,1419.6747714301396,take_profit,take_profit
2019-12-16,SELL,2,11467.706,22935.412,601,862.4805753424662,687.2676464616442,take_profit,take_profit
2019-12-16,SELL,27,11467.706,309628.062,602,14231.483999999979,11340.358025399983,take_profit,take_profit
2019-12-16,SELL,7,11467.706,80273.942,603,4885.831808219175,3893.27507637945,take_profit,take_profit
2019-12-16,SELL,51,11467.706,584853.006,604,37679.92479452056,30025.248072513707,take_profit,take_profit
2019-12-16,SELL,54,11467.706,619256.124,605,32919.249205479355,26231.703729386223,take_profit,take_profit
2019-12-16,SELL,53,11467.706,607788.4180000001,606,29438.204561643906,23457.833304945947,take_profit,take_profit
2019-12-16,SELL,43,11467.706,493111.358,607,16178.282890410961,12891.664721223975,take_profit,take_profit
2019-12-16,SELL,51,11467.706,584853.006,608,27647.7972328768,22031.147225017878,take_profit,take_profit
2019-12-16,SELL,44,11467.706,504579.064,609,21909.649917808263,17458.704537005513,take_profit,take_profit
2019-12-16,SELL,11,11467.706,126144.766,610,5266.587383561646,4196.680156591097,take_profit,take_profit
2019-12-20,BUY,2,11417.283,22834.566,612,0.0,0.0,buy_signal,buy
2019-12-23,BUY,51,11412.282,582026.382,613,0.0,0.0,buy_signal,buy
2019-12-24,BUY,51,11352.27,578965.77,614,0.0,0.0,buy_signal,buy
2019-12-25,BUY,51,11332.266,577945.566,615,0.0,0.0,buy_signal,buy
2019-12-26,BUY,51,11292.258,575905.1579999999,616,0.0,0.0,buy_signal,buy
2019-12-27,BUY,39,11482.296,447809.544,617,0.0,0.0,buy_signal,buy
2019-12-30,BUY,47,11337.267,532851.549,618,0.0,0.0,buy_signal,buy
2020-01-06,BUY,54,10832.166,584936.9639999999,619,0.0,0.0,buy_signal,buy
2020-01-07,BUY,54,10872.173999999999,587097.396,620,0.0,0.0,buy_signal,buy
2020-01-08,BUY,54,10767.153,581426.262,621,0.0,0.0,buy_signal,buy
2020-01-09,BUY,53,11102.22,588417.6599999999,622,0.0,0.0,buy_signal,buy
2020-01-10,SELL,54,11292.741,609808.014,621,28290.59704109587,22543.362252197243,take_profit,take_profit
2020-01-10,BUY,47,11297.259,530971.173,623,0.0,0.0,buy_signal,buy
2020-01-14,SELL,54,11492.701000000001,620605.854,619,35440.122328767255,28240.46147767819,take_profit,take_profit
2020-01-14,SELL,54,11492.701000000001,620605.854,620,33324.24254794531,26554.42267433022,take_profit,take_profit
2020-01-14,BUY,7,11497.298999999999,80481.093,624,0.0,0.0,buy_signal,buy
2020-01-16,BUY,2,11477.295,22954.59,625,0.0,0.0,buy_signal,buy
2020-01-20,BUY,3,11572.314,34716.942,626,0.0,0.0,buy_signal,buy
2020-01-21,SELL,53,11567.686,613087.358,622,24343.88884931516,19398.427829576787,take_profit,take_profit
2020-01-21,BUY,7,11572.314,81006.198,627,0.0,0.0,buy_signal,buy
2020-01-22,BUY,51,11337.267,578200.617,628,0.0,0.0,buy_signal,buy
2020-01-23,BUY,28,11347.269,317723.532,629,0.0,0.0,buy_signal,buy
2020-01-24,BUY,51,11367.273,579730.923,630,0.0,0.0,buy_signal,buy
2020-01-27,BUY,53,10842.168,574634.904,631,0.0,0.0,buy_signal,buy
2020-01-28,BUY,55,10697.139,588342.6449999999,632,0.0,0.0,buy_signal,buy
2020-01-29,BUY,54,10832.166,584936.9639999999,633,0.0,0.0,buy_signal,buy
2020-01-30,BUY,54,10807.161,583586.694,634,0.0,0.0,buy_signal,buy
2020-01-31,BUY,55,10682.136,587517.48,635,0.0,0.0,buy_signal,buy
2020-02-03,BUY,57,10352.07,590067.99,636,0.0,0.0,buy_signal,buy
2020-02-04,BUY,56,10432.086,584196.816,637,0.0,0.0,buy_signal,buy
2020-02-05,BUY,29,10857.171,314857.95900000003,638,0.0,0.0,buy_signal,buy
2020-02-06,SELL,57,11147.77,635422.89,636,45215.04230136989,36029.606457846596,take_profit,take_profit
2020-02-06,SELL,56,11147.77,624275.12,637,39986.11419178083,31862.935093720553,take_profit,take_profit
2020-02-06,BUY,48,11152.23,535307.04,639,0.0,0.0,buy_signal,buy
2020-02-07,SELL,53,11437.712,606198.736,631,31169.00668493156,24837.02297688771,take_profit,take_profit
2020-02-07,SELL,55,11437.712,629074.1599999999,632,40367.56869863015,32166.89711750344,take_profit,take_profit
2020-02-07,SELL,54,11437.712,617636.448,633,32386.727835616493,25807.364075811005,take_profit,take_profit
2020-02-07,SELL,54,11437.712,617636.448,634,33782.15071232872,26919.306795119144,take_profit,take_profit
2020-02-07,SELL,55,11437.712,629074.1599999999,635,41328.46465753418,32932.58706235611,take_profit,take_profit
2020-02-07,SELL,29,11437.712,331693.648,638,16786.268232876668,13376.137841367772,take_profit,take_profit
2020-02-17,BUY,50,11017.203,550860.15,640,0.0,0.0,buy_signal,buy
2020-02-18,BUY,53,10917.182999999999,578610.6989999999,641,0.0,0.0,buy_signal,buy
2020-02-19,BUY,54,10827.164999999999,584666.9099999999,642,0.0,0.0,buy_signal,buy
2020-02-20,BUY,52,11152.23,579915.96,643,0.0,0.0,buy_signal,buy
2020-02-21,BUY,53,10907.181,578080.593,644,0.0,0.0,buy_signal,buy
2020-02-25,BUY,58,10022.003999999999,581276.232,645,0.0,0.0,buy_signal,buy
2020-02-26,BUY,41,9951.99,408031.58999999997,646,0.0,0.0,buy_signal,buy
2020-02-27,BUY,50,9866.973,493348.65,647,0.0,0.0,buy_signal,buy
2020-02-28,BUY,60,9096.819,545809.14,648,0.0,0.0,buy_signal,buy
2020-03-02,BUY,90,8616.723,775505.07,649,0.0,0.0,buy_signal,buy
2020-03-03,SELL,90,9333.133,839981.97,649,64414.45232876715,51328.6563381781,take_profit,take_profit
2020-03-03,BUY,57,9336.867,532201.419,650,0.0,0.0,buy_signal,buy
2020-03-04,BUY,31,8666.733,268668.723,651,0.0,0.0,buy_signal,buy
2020-03-09,BUY,35,7871.574,275505.08999999997,652,0.0,0.0,buy_signal,buy
2020-03-10,BUY,3,7406.481,22219.443,653,0.0,0.0,buy_signal,buy
2020-03-11,SELL,3,7623.475,22870.425000000003,653,649.1972876712365,517.3128586808248,take_profit,take_profit
2020-03-11,BUY,1,7626.525,7626.525,654,0.0,0.0,buy_signal,buy
2020-03-12,BUY,3,7111.422,21334.266,655,0.0,0.0,buy_signal,buy
2020-03-13,BUY,7,5751.15,40258.049999999996,656,0.0,0.0,buy_signal,buy
2020-03-16,BUY,7,5996.199,41973.393,657,0.0,0.0,buy_signal,buy
2020-03-17,BUY,9,5286.057,47574.513,658,0.0,0.0,buy_signal,buy
2020-03-18,SELL,9,5678.8640000000005,51109.776000000005,658,3531.4174109589103,2814.0099639226078,take_profit,take_profit
2020-03-18,BUY,8,5681.1359999999995,45449.087999999996,659,0.0,0.0,buy_signal,buy
2020-03-19,BUY,9,5701.14,51310.26,660,0.0,0.0,buy_signal,buy
2020-03-23,BUY,10,5296.059,52960.590000000004,661,0.0,0.0,buy_signal,buy
2020-03-24,BUY,5,6031.206,30156.03,662,0.0,0.0,buy_signal,buy
2020-03-25,SELL,7,6923.615,48465.305,656,8186.003767123292,6523.017101832195,take_profit,take_profit
2020-03-25,SELL,8,6923.615,55388.92,659,9925.996164383563,7909.530043589042,take_profit,take_profit
2020-03-25,SELL,9,6923.615,62312.534999999996,660,10990.448260273966,8757.73869619931,take_profit,take_profit
2020-03-25,SELL,10,6923.615,69236.15,661,16266.488767123277,12961.951574082184,take_profit,take_profit
2020-03-26,SELL,7,6858.628,48010.396,657,6014.98656164384,4793.042041645894,take_profit,take_profit
2020-03-26,SELL,5,6858.628,34293.14,662,4131.859041095891,3292.471876897261,take_profit,take_profit
2020-04-20,SELL,3,7428.514,22285.542,655,911.6164931506866,726.4216025671246,take_profit,take_profit
2020-05-12,SELL,1,8028.394,8028.394,654,381.1869726027403,303.7488391184936,take_profit,take_profit
2020-05-21,SELL,35,8258.348,289042.18,652,12623.609178082217,10059.122973554815,take_profit,take_profit
2020-05-29,SELL,31,9108.178,282353.518,651,12691.339273972586,10113.093700465055,take_profit,take_profit
2020-06-03,SELL,60,9948.01,596880.6,648,48896.43534246572,38963.124502643805,take_profit,take_profit
2020-06-03,SELL,57,9948.01,567036.5700000001,650,32846.972260274044,26174.10984559937,take_profit,take_profit
2020-06-08,SELL,50,10277.944,513897.19999999995,647,18585.21301369856,14809.626989965698,take_profit,take_profit
2020-06-09,SELL,58,10272.945,595830.8099999999,645,12141.425232876692,9674.894696817792,take_profit,take_profit
2020-06-09,SELL,41,10272.945,421190.745,646,11485.386726027426,9152.130412634953,take_profit,take_profit
2020-11-06,SELL,50,11192.761,559638.05,640,2580.5602739726237,2056.3194543150853,take_profit,take_profit
2020-11-06,SELL,53,11192.761,593216.333,641,8081.278821917887,6439.567029245269,take_profit,take_profit
2020-11-06,SELL,54,11192.761,604409.094,642,13139.031452054918,10469.83721256996,take_profit,take_profit
2020-11-06,SELL,53,11192.761,593216.333,644,8743.786082191773,6967.485939594514,take_profit,take_profit
2020-11-09,SELL,48,11587.682,556208.736,639,14661.15419178082,11682.740717720548,take_profit,take_profit
2020-11-09,SELL,52,11587.682,602559.464,643,16283.01786301377,12975.122784142524,take_profit,take_profit
2020-11-10,SELL,2,12212.557,24425.114,460,860.0978082191801,685.3689384794537,take_profit,take_profit
2020-11-10,SELL,8,12212.557,97700.456,461,5207.754739726035,4149.799364350691,take_profit,take_profit
2020-11-10,SELL,28,12212.557,341951.596,611,17923.907342465824,14282.665565843892,take_profit,take_profit
2020-11-10,SELL,2,12212.557,24425.114,612,1279.091342465756,1019.2439362438377,take_profit,take_profit
2020-11-10,SELL,51,12212.557,622840.407,613,32916.24604109591,26229.310657847276,take_profit,take_profit
2020-11-10,SELL,51,12212.557,622840.407,614,36021.184726027386,28703.481048934922,take_profit,take_profit
2020-11-10,SELL,51,12212.557,622840.407,615,37085.774095890425,29551.799088310287,take_profit,take_profit
2020-11-10,SELL,51,12212.557,622840.407,616,39170.43053424664,31212.957571214436,take_profit,take_profit
2020-11-10,SELL,39,12212.557,476289.723,617,22576.52782191781,17990.10619489521,take_profit,take_profit
2020-11-10,SELL,47,12212.557,573990.179,618,34065.11197260274,27144.78447536849,take_profit,take_profit
2020-11-10,SELL,47,12212.557,573990.179,623,36144.13186301375,28801.451475042504,take_profit,take_profit
2020-11-10,SELL,7,12212.557,85487.899,624,3988.9914246575454,3178.6278167383653,take_profit,take_profit
2020-11-10,SELL,2,12212.557,24425.114,625,1183.2386301369877,942.8637024246586,take_profit,take_profit
2020-11-10,SELL,3,12212.557,36637.671,626,1495.095246575342,1191.3666472335613,take_profit,take_profit
2020-11-10,SELL,7,12212.557,85487.899,627,3494.779246575343,2784.8148426335624,take_profit,take_profit
2020-11-10,SELL,51,12212.557,622840.407,628,37493.804136986335,29876.93782655756,take_profit,take_profit
2020-11-10,SELL,28,12212.557,341951.596,629,20329.53271232878,16199.588141819188,take_profit,take_profit
2020-11-10,SELL,51,12212.557,622840.407,630,36052.797041095946,28728.671322197304,take_profit,take_profit
2020-11-12,SELL,1,12422.515,12422.515,459,182.16653424657477,145.1594028143831,take_profit,take_profit
2020-12-23,BUY,1,13507.701,13507.701,663,0.0,0.0,buy_signal,buy
2020-12-29,SELL,1,13897.220000000001,13897.220000000001,663,385.34278082191986,307.0603948979468,take_profit,take_profit
2021-02-01,BUY,1,14597.919,14597.919,664,0.0,0.0,buy_signal,buy
2021-02-02,SELL,1,15221.955,15221.955,664,622.8795616438357,496.34157869589046,take_profit,take_profit
2021-02-03,BUY,3,15478.095,46434.284999999996,665,0.0,0.0,buy_signal,buy
2021-02-04,BUY,2,15603.119999999999,31206.239999999998,666,0.0,0.0,buy_signal,buy
2021-02-05,BUY,2,15678.135,31356.27,667,0.0,0.0,buy_signal,buy
2021-02-09,SELL,3,16621.675,49865.024999999994,665,3416.160821917806,2722.167750945204,take_profit,take_profit
2021-02-09,SELL,2,16621.675,33243.35,666,2029.7954794520554,1617.4425278013703,take_profit,take_profit
2021-02-09,SELL,2,16621.675,33243.35,667,1882.124383561642,1499.7708150410945,take_profit,take_profit
2021-02-22,BUY,1,17503.5,17503.5,668,0.0,0.0,buy_signal,buy
2021-02-24,BUY,1,17153.43,17153.43,669,0.0,0.0,buy_signal,buy
2021-02-25,BUY,3,17353.47,52060.41,670,0.0,0.0,buy_signal,buy
2021-02-26,BUY,2,16678.335,33356.67,671,0.0,0.0,buy_signal,buy
2021-03-01,BUY,5,16628.325,83141.625,672,0.0,0.0,buy_signal,buy
2021-03-02,BUY,3,17028.405,51085.215,673,0.0,0.0,buy_signal,buy
2021-03-03,BUY,4,16578.315,66313.26,674,0.0,0.0,buy_signal,buy
2021-03-04,BUY,3,16153.23,48459.69,675,0.0,0.0,buy_signal,buy
2021-03-05,BUY,22,15678.135,344918.97000000003,676,0.0,0.0,buy_signal,buy
2021-03-08,BUY,21,16253.25,341318.25,677,0.0,0.0,buy_signal,buy
2021-03-09,BUY,22,15728.145,346019.19,678,0.0,0.0,buy_signal,buy
2021-03-10,BUY,21,16178.234999999999,339742.935,679,0.0,0.0,buy_signal,buy
2021-03-11,BUY,22,16028.205,352620.51,680,0.0,0.0,buy_signal,buy
2021-03-12,BUY,21,16353.27,343418.67,681,0.0,0.0,buy_signal,buy
2021-03-15,SELL,22,16896.62,371725.63999999996,676,26643.809726027324,21231.119780184876,take_profit,take_profit
2021-03-15,SELL,22,16896.62,371725.63999999996,678,25596.751369862966,20396.771329075305,take_profit,take_profit
2021-03-15,BUY,18,16903.38,304260.84,682,0.0,0.0,buy_signal,buy
2021-03-16,BUY,15,16853.37,252800.55,683,0.0,0.0,buy_signal,buy
2021-03-17,BUY,18,16903.38,304260.84,684,0.0,0.0,buy_signal,buy
2021-03-18,BUY,17,17278.454999999998,293733.735,685,0.0,0.0,buy_signal,buy
2021-03-19,SELL,3,17021.595,51064.785,675,2563.520753424659,2042.7415123664393,take_profit,take_profit
2021-03-19,SELL,21,17021.595,357453.495,677,15895.332945205475,12666.196057386984,take_profit,take_profit
2021-03-19,SELL,21,17021.595,357453.495,679,17521.634794520545,13962.114686013696,take_profit,take_profit
2021-03-19,SELL,22,17021.595,374475.09,680,21683.703287671247,17278.658964780832,take_profit,take_profit
2021-03-19,BUY,13,17028.405,221369.26499999998,686,0.0,0.0,buy_signal,buy
2021-03-22,BUY,14,16403.28,229645.91999999998,687,0.0,0.0,buy_signal,buy
2021-03-23,BUY,29,16403.28,475695.12,688,0.0,0.0,buy_signal,buy
2021-03-24,BUY,37,15678.135,580090.995,689,0.0,0.0,buy_signal,buy
2021-03-25,BUY,46,15353.07,706241.22,690,0.0,0.0,buy_signal,buy
2021-03-26,BUY,41,16053.21,658181.61,691,0.0,0.0,buy_signal,buy
2021-03-29,BUY,28,16528.305,462792.54000000004,692,0.0,0.0,buy_signal,buy
2021-03-30,SELL,46,16571.685,762297.51,690,55886.468082191815,44533.13209129455,take_profit,take_profit
2021-03-30,BUY,16,16578.315,265253.04,693,0.0,0.0,buy_signal,buy
2021-03-31,BUY,13,16453.29,213892.77000000002,694,0.0,0.0,buy_signal,buy
2021-04-01,SELL,37,16621.675,615001.975,689,34637.36246575341,27600.782280835603,take_profit,take_profit
2021-04-01,BUY,20,16628.325,332566.5,695,0.0,0.0,buy_signal,buy
2021-04-02,SELL,41,16996.600000000002,696860.6000000001,691,38420.92589041107,30615.71479577406,take_profit,take_profit
2021-04-02,BUY,9,17003.399999999998,153030.59999999998,696,0.0,0.0,buy_signal,buy
2021-04-05,BUY,8,17378.475,139027.8,697,0.0,0.0,buy_signal,buy
2021-04-06,BUY,6,17503.5,105021.0,698,0.0,0.0,buy_signal,buy
2021-04-07,SELL,4,16971.605,67886.42,674,1447.1600000000035,1153.1694460000028,take_profit,take_profit
2021-04-07,SELL,21,16971.605,356403.705,681,12504.324863013731,9964.071267092491,take_profit,take_profit
2021-04-07,SELL,14,16971.605,237602.47,687,7745.54123287673,6172.034531417822,take_profit,take_profit
2021-04-07,SELL,29,16971.605,492176.545,688,16080.263630136975,12813.558073674649,take_profit,take_profit
2021-04-07,SELL,28,16971.605,475204.94,692,12160.499726027363,9690.094206684904,take_profit,take_profit
2021-04-07,SELL,16,16971.605,271545.68,693,6168.734246575356,4915.555884383572,take_profit,take_profit
2021-04-07,SELL,13,16971.605,220630.865,694,6653.976095890383,5302.220852010251,take_profit,take_profit
2021-04-07,BUY,24,16978.395,407481.48,699,0.0,0.0,buy_signal,buy
2021-04-08,BUY,30,16878.375,506351.25,700,0.0,0.0,buy_signal,buy
2021-04-09,BUY,36,17128.425,616623.2999999999,701,0.0,0.0,buy_signal,buy
2021-04-12,BUY,38,17103.42,649929.96,702,0.0,0.0,buy_signal,buy
2021-04-13,BUY,38,16828.364999999998,639477.8699999999,703,0.0,0.0,buy_signal,buy
2021-04-14,BUY,34,16953.39,576415.26,704,0.0,0.0,buy_signal,buy
2021-04-15,BUY,38,16753.35,636627.2999999999,705,0.0,0.0,buy_signal,buy
2021-04-16,BUY,18,17028.405,306511.29,706,0.0,0.0,buy_signal,buy
2021-04-19,BUY,18,16903.38,304260.84,707,0.0,0.0,buy_signal,buy
2021-04-20,BUY,17,16528.305,280981.185,708,0.0,0.0,buy_signal,buy
2021-04-21,BUY,37,15653.13,579165.8099999999,709,0.0,0.0,buy_signal,buy
2021-04-22,BUY,36,15953.19,574314.84,710,0.0,0.0,buy_signal,buy
2021-04-23,SELL,37,15946.81,590031.97,709,10775.758356164417,8586.663046109616,take_profit,take_profit
2021-04-23,BUY,36,15953.19,574314.84,711,0.0,0.0,buy_signal,buy
2021-04-26,BUY,36,16153.23,581516.28,712,0.0,0.0,buy_signal,buy
2021-04-27,BUY,28,16516.051305970148,462449.43656716414,713,0.0,0.0,buy_signal,buy
2021-04-28,BUY,36,16112.267657992565,580041.6356877324,714,0.0,0.0,buy_signal,buy
2021-04-30,BUY,13,16083.216,209081.80800000002,715,0.0,0.0,buy_signal,buy
2021-05-06,BUY,13,16113.222,209471.886,716,0.0,0.0,buy_signal,buy
2021-05-11,SELL,36,16356.728000000001,588842.208,710,14122.221041095907,11253.291836597273,take_profit,take_profit
2021-05-11,SELL,36,16356.728000000001,588842.208,711,14167.235835616455,11289.161875610973,take_profit,take_profit
2021-05-11,SELL,13,16356.728000000001,212637.464,715,3490.3055342465636,2781.249964964374,take_profit,take_profit
2021-05-11,BUY,1,16363.271999999999,16363.271999999999,717,0.0,0.0,buy_signal,buy
2021-05-12,BUY,3,15733.145999999999,47199.437999999995,718,0.0,0.0,buy_signal,buy
2021-05-13,BUY,23,14742.948,339087.804,719,0.0,0.0,buy_signal,buy
2021-05-14,BUY,23,14822.964,340928.172,720,0.0,0.0,buy_signal,buy
2021-05-17,BUY,22,15303.06,336667.32,721,0.0,0.0,buy_signal,buy
2021-05-18,BUY,23,14912.982,342998.586,722,0.0,0.0,buy_signal,buy
2021-05-19,SELL,23,14807.038,340561.874,719,1369.0538904109658,1090.9305925739782,take_profit,take_profit
2021-05-19,BUY,12,14812.962,177755.544,723,0.0,0.0,buy_signal,buy
2021-05-20,BUY,22,14812.962,325885.164,724,0.0,0.0,buy_signal,buy
2021-05-21,BUY,7,15253.05,106771.34999999999,725,0.0,0.0,buy_signal,buy
2021-05-26,SELL,23,15356.928,353209.344,720,12067.187561643797,9615.73840849586,take_profit,take_profit
2021-05-26,SELL,23,15356.928,353209.344,722,10049.352191780794,8007.826294020526,take_profit,take_profit
2021-05-26,SELL,12,15356.928,184283.136,723,6457.529095890415,5145.682060060277,take_profit,take_profit
2021-05-26,SELL,22,15356.928,337852.41599999997,724,11864.101534246554,9453.909307564367,take_profit,take_profit
2021-05-31,SELL,22,16016.796,352369.512,721,15443.06695890409,12305.807906202725,take_profit,take_profit
2021-05-31,SELL,7,16016.796,112117.572,725,5296.06210958905,4220.167092026035,take_profit,take_profit
2021-06-15,SELL,3,16286.742,48860.226,718,1574.8226301369941,1254.8974128246637,take_profit,take_profit
2021-06-16,SELL,36,16326.734,587762.424,712,4810.254904109561,3833.0516203397037,take_profit,take_profit
2021-06-16,SELL,36,16326.734,587762.424,714,6374.6526410347515,5079.641957008542,take_profit,take_profit
2021-06-16,SELL,13,16326.734,212247.54200000002,716,2321.613369863031,1849.9776137753563,take_profit,take_profit
2021-06-22,BUY,22,15573.114,342608.508,726,0.0,0.0,buy_signal,buy
2021-06-23,BUY,2,15823.163999999999,31646.327999999998,727,0.0,0.0,buy_signal,buy
2021-06-24,BUY,2,15733.145999999999,31466.291999999998,728,0.0,0.0,buy_signal,buy
2021-06-25,BUY,1,16053.21,16053.21,729,0.0,0.0,buy_signal,buy
2021-06-30,BUY,3,15833.166,47499.498,730,0.0,0.0,buy_signal,buy
2021-07-01,BUY,4,15783.155999999999,63132.623999999996,731,0.0,0.0,buy_signal,buy
2021-07-02,BUY,10,15623.124,156231.24,732,0.0,0.0,buy_signal,buy
2021-07-05,BUY,8,15653.13,125225.04,733,0.0,0.0,buy_signal,buy
2021-07-06,BUY,19,15623.124,296839.35599999997,734,0.0,0.0,buy_signal,buy
2021-07-07,BUY,14,15053.01,210742.14,735,0.0,0.0,buy_signal,buy
2021-07-08,BUY,22,15203.039999999999,334466.88,736,0.0,0.0,buy_signal,buy
2021-07-09,BUY,23,14622.923999999999,336327.252,737,0.0,0.0,buy_signal,buy
2021-07-12,SELL,23,15436.912,355048.976,737,18695.522904109635,14897.527426139763,take_profit,take_profit
2021-07-12,BUY,48,15443.088,741268.2239999999,738,0.0,0.0,buy_signal,buy
2021-07-13,BUY,8,15633.126,125065.008,739,0.0,0.0,buy_signal,buy
2021-07-14,SELL,14,15406.918,215696.85199999998,735,4872.843068493121,3882.9249991287434,take_profit,take_profit
2021-07-14,BUY,2,15413.082,30826.164,740,0.0,0.0,buy_signal,buy
2021-07-15,BUY,3,15433.086,46299.258,741,0.0,0.0,buy_signal,buy
2021-07-19,BUY,12,14502.9,174034.8,742,0.0,0.0,buy_signal,buy
2021-07-20,BUY,52,14202.84,738547.68,743,0.0,0.0,buy_signal,buy
2021-07-21,BUY,25,14612.922,365323.05,744,0.0,0.0,buy_signal,buy
2021-07-26,SELL,52,14897.02,774645.04,743,35983.27342465752,28673.271428438344,take_profit,take_profit
2021-07-26,BUY,33,14902.98,491798.33999999997,745,0.0,0.0,buy_signal,buy
2021-07-27,SELL,12,14747.050000000001,176964.6,742,2876.647561643853,2292.2566094959043,take_profit,take_profit
2021-07-27,BUY,10,14752.949999999999,147529.5,746,0.0,0.0,buy_signal,buy
2021-07-30,BUY,1,14482.895999999999,14482.895999999999,747,0.0,0.0,buy_signal,buy
2021-09-01,SELL,25,14997.0,374925.0,744,8850.840410958916,7052.792181472612,take_profit,take_profit
2021-09-01,SELL,1,14997.0,14997.0,747,489.6519452054806,390.1791525369872,take_profit,take_profit
2021-09-02,SELL,22,15356.928,337852.41599999997,736,2470.4975342465395,1968.615960164355,take_profit,take_profit
2021-09-02,SELL,33,15356.928,506778.624,745,13986.43972602744,11145.094495684965,take_profit,take_profit
2021-09-02,SELL,10,15356.928,153569.28,746,5749.8687671232865,4581.782927082191,take_profit,take_profit
2021-09-06,SELL,48,16496.7,791841.6000000001,738,48571.29468493167,38704.0361696878,take_profit,take_profit
2021-09-07,SELL,22,16876.624,371285.728,726,27363.06416438359,21804.257679389066,take_profit,take_profit
2021-09-07,SELL,2,16876.624,33753.248,727,1989.8738630137004,1585.6309877424671,take_profit,take_profit
2021-09-07,SELL,2,16876.624,33753.248,728,2172.335506849317,1731.0255486328783,take_profit,take_profit
2021-09-07,SELL,4,16876.624,67506.496,731,4168.936547945209,3322.01708823014,take_profit,take_profit
2021-09-07,SELL,10,16876.624,168766.24,732,12034.643835616438,9589.805940410959,take_profit,take_profit
2021-09-07,SELL,8,16876.624,135012.992,733,9397.302136986307,7488.240207857539,take_profit,take_profit
2021-09-07,SELL,19,16876.624,320655.85599999997,734,22911.327506849317,18256.89132383288,take_profit,take_profit
2021-09-07,SELL,8,16876.624,135012.992,739,9613.591890410957,7660.590697873971,take_profit,take_profit
2021-09-07,SELL,2,16876.624,33753.248,740,2845.8855342465745,2267.743887964383,take_profit,take_profit
2021-09-07,SELL,3,16876.624,50629.872,741,4212.385726027399,3356.639565784933,take_profit,take_profit
2021-09-08,SELL,1,16806.638,16806.638,729,696.0318356164382,554.6329682109588,take_profit,take_profit
2021-09-08,SELL,3,16806.638,50419.914,730,2759.2050410958877,2198.6725369972582,take_profit,take_profit
2021-09-09,SELL,38,16926.614,643211.332,705,2180.2088767124515,1737.299443408317,take_profit,take_profit
2021-09-09,SELL,28,16926.614,473945.19200000004,713,8532.321350644113,6798.9802682607615,take_profit,take_profit
2021-09-09,SELL,1,16926.614,16926.614,717,465.02517808219415,370.5553131547964,take_profit,take_profit
2021-09-13,SELL,20,17396.52,347930.4,695,12733.40356164386,10146.61262809591,take_profit,take_profit
2021-09-13,SELL,38,17396.52,661067.76,703,16987.15717808232,13536.216197354897,take_profit,take_profit
2021-09-13,SELL,17,17396.52,295740.84,708,12810.63713698633,10208.156202607557,take_profit,take_profit
2021-09-14,SELL,2,17656.468,35312.936,671,1630.4066027397294,1299.1895013931535,take_profit,take_profit
2021-09-14,SELL,5,17656.468,88282.34,672,4332.213082191777,3452.1239945445177,take_profit,take_profit
2021-09-14,SELL,30,17656.468,529694.04,700,19552.134657534283,15580.118501856194,take_profit,take_profit
2021-09-14,SELL,34,17656.468,600319.912,704,19785.021972602743,15765.694758868496,take_profit,take_profit
2021-09-15,SELL,18,17516.496,315296.92799999996,682,8324.927013698561,6633.718090865699,take_profit,take_profit
2021-09-15,SELL,15,17516.496,262747.44,683,7706.978219178096,6141.3055939520655,take_profit,take_profit
2021-09-15,SELL,18,17516.496,315296.92799999996,684,8371.702356164315,6670.991022509534,take_profit,take_profit
2021-09-15,SELL,24,17516.496,420395.904,699,9818.041315068493,7823.506221912328,take_profit,take_profit
2021-09-15,SELL,36,17516.496,630593.8559999999,701,9419.53265753423,7505.954598156151,take_profit,take_profit
2021-09-15,SELL,38,17516.496,665626.848,702,10942.513315068525,8719.541735112354,take_profit,take_profit
2021-09-15,SELL,18,17516.496,315296.92799999996,707,8900.419068493082,7092.298934728712,take_profit,take_profit
2021-09-22,BUY,2,16763.352,33526.704,748,0.0,0.0,buy_signal,buy
2021-09-24,BUY,24,17273.453999999998,414562.89599999995,749,0.0,0.0,buy_signal,buy
2021-09-30,BUY,1,16713.342,16713.342,750,0.0,0.0,buy_signal,buy
2021-10-01,BUY,1,16343.268,16343.268,751,0.0,0.0,buy_signal,buy
2021-10-04,BUY,53,16123.224,854530.872,752,0.0,0.0,buy_signal,buy
2021-10-05,BUY,35,14862.972,520204.02,753,0.0,0.0,buy_signal,buy
2021-10-06,BUY,35,14972.993999999999,524054.79,754,0.0,0.0,buy_signal,buy
2021-10-07,BUY,53,14592.918,773424.654,755,0.0,0.0,buy_signal,buy
2021-10-08,BUY,52,15073.014,783796.728,756,0.0,0.0,buy_signal,buy
2021-10-11,BUY,52,14912.982,775475.064,757,0.0,0.0,buy_signal,buy
2021-10-12,SELL,53,15396.92,816036.76,755,42428.821835616465,33809.406679710984,take_profit,take_profit
2021-10-18,SELL,35,16106.778,563737.23,753,43167.65657534243,34398.147142061614,take_profit,take_profit
2021-10-18,SELL,35,16106.778,563737.23,754,39356.51616438357,31361.239905589046,take_profit,take_profit
2021-10-18,SELL,52,16106.778,837552.456,756,53387.30016438357,42541.67013598904,take_profit,take_profit
2021-10-18,SELL,52,16106.778,837552.456,757,61768.83967123287,49220.49989202191,take_profit,take_profit
2021-11-05,SELL,53,16836.632,892341.496,752,36343.049643835686,28959.959108690466,take_profit,take_profit
2021-11-29,BUY,51,15283.056,779435.856,758,0.0,0.0,buy_signal,buy
2021-11-30,BUY,50,15553.109999999999,777655.4999999999,759,0.0,0.0,buy_signal,buy
2021-12-01,BUY,50,14697.939,734896.9500000001,760,0.0,0.0,buy_signal,buy
2021-12-02,BUY,51,14467.893,737862.543,761,0.0,0.0,buy_signal,buy
2021-12-03,BUY,50,14652.93,732646.5,762,0.0,0.0,buy_signal,buy
2021-12-06,BUY,53,14807.961,784821.933,763,0.0,0.0,buy_signal,buy
2021-12-07,SELL,51,14997.0,764847.0,761,26811.708123287724,21364.909618041824,take_profit,take_profit
2021-12-07,BUY,49,15003.0,735147.0,764,0.0,0.0,buy_signal,buy
2021-12-08,SELL,50,15701.859,785092.9500000001,760,49910.78356164384,39771.40788109589,take_profit,take_profit
2021-12-08,SELL,50,15701.859,785092.9500000001,762,52273.732191780895,41654.32349702061,take_profit,take_profit
2021-12-08,SELL,53,15701.859,832198.527,763,47253.889561643875,37654.261897195924,take_profit,take_profit
2021-12-09,SELL,49,15686.862000000001,768656.238,764,33392.07295890412,26608.47333730275,take_profit,take_profit
2021-12-21,BUY,49,15143.028,742008.372,765,0.0,0.0,buy_signal,buy
2021-12-29,SELL,49,15871.825,777719.425,765,35360.40363013706,28176.937632674715,take_profit,take_profit
2022-01-05,SELL,51,16166.766,824505.066,758,43568.108136986266,34717.24696895751,take_profit,take_profit
2022-01-12,BUY,15,15288.056999999999,229320.85499999998,766,0.0,0.0,buy_signal,buy
2022-01-14,BUY,2,15053.01,30106.02,767,0.0,0.0,buy_signal,buy
2022-01-17,BUY,49,15113.021999999999,740538.078,768,0.0,0.0,buy_signal,buy
2022-01-18,BUY,29,15258.051,442483.479,769,0.0,0.0,buy_signal,buy
2022-01-20,BUY,50,14102.82,705141.0,770,0.0,0.0,buy_signal,buy
2022-01-24,BUY,2,13962.792,27925.584,771,0.0,0.0,buy_signal,buy
2022-01-25,BUY,1,14162.832,14162.832,772,0.0,0.0,buy_signal,buy
2022-01-26,BUY,51,13842.768,705981.168,773,0.0,0.0,buy_signal,buy
2022-01-27,BUY,10,13877.775,138777.75,774,0.0,0.0,buy_signal,buy
2022-01-28,BUY,61,13217.643,806276.223,775,0.0,0.0,buy_signal,buy
2022-01-31,BUY,10,13362.672,133626.72,776,0.0,0.0,buy_signal,buy
2022-02-01,SELL,61,13982.203,852914.3829999999,775,46511.30005479444,37062.52944866295,take_profit,take_profit
2022-02-03,SELL,10,13917.216,139172.16,776,5513.4663013698655,4393.405622246577,take_profit,take_profit
2022-02-25,BUY,37,12912.582,477765.534,777,0.0,0.0,buy_signal,buy
2022-03-02,SELL,37,13087.382,484233.13399999996,777,6354.732767123264,5063.768805482173,take_profit,take_profit
2022-03-08,BUY,2,11607.321,23214.642,778,0.0,0.0,buy_signal,buy
2022-03-09,BUY,5,11567.313,57836.565,779,0.0,0.0,buy_signal,buy
2022-03-10,BUY,5,12027.404999999999,60137.024999999994,780,0.0,0.0,buy_signal,buy
2022-03-11,SELL,2,12042.591,24085.182,778,865.1455890410967,689.391262627398,take_profit,take_profit
2022-03-11,SELL,5,12042.591,60212.955,779,2367.297671232876,1886.3811493219173,take_profit,take_profit
2022-03-11,SELL,5,12042.591,60212.955,780,71.20643835617196,56.740850404115626,take_profit,take_profit
2022-03-24,SELL,51,14277.144,728134.344,773,20182.985917808313,16082.812328605554,take_profit,take_profit
2022-03-24,SELL,10,14277.144,142771.44,774,3617.914657534249,2882.9352948561664,take_profit,take_profit
2022-03-25,SELL,50,14952.009,747600.45,770,40253.1842465753,32075.74986688353,take_profit,take_profit
2022-03-25,SELL,2,14952.009,29904.018,771,1894.5966301369874,1509.7093247246585,take_profit,take_profit
2022-04-13,BUY,4,13202.64,52810.56,781,0.0,0.0,buy_signal,buy
2022-04-14,SELL,4,13702.259,54809.036,781,1994.2905753424682,1589.1504449616457,take_profit,take_profit
2022-05-13,BUY,3,12692.538,38077.614,782,0.0,0.0,buy_signal,buy
2022-05-16,SELL,3,13477.304,40431.912,782,2351.2739999999953,1873.6126868999963,take_profit,take_profit
2022-06-06,SELL,1,14267.146,14267.146,772,13.846767123287975,11.033796382192023,take_profit,take_profit
2022-06-16,BUY,8,13482.696,107861.568,783,0.0,0.0,buy_signal,buy
2022-06-17,BUY,5,12422.484,62112.42,784,0.0,0.0,buy_signal,buy
2022-06-20,SELL,5,12837.432,64187.16,784,2069.8956164383612,1649.3963219589082,take_profit,take_profit
2022-06-20,BUY,25,12842.568,321064.19999999995,785,0.0,0.0,buy_signal,buy
2022-06-21,BUY,9,12737.547,114637.92300000001,786,0.0,0.0,buy_signal,buy
2022-06-27,SELL,25,13422.315,335557.875,785,14370.743493150732,11451.32695251716,take_profit,take_profit
2022-06-27,SELL,9,13422.315,120800.835,786,6127.2419178082155,4882.492722205477,take_profit,take_profit
2022-07-21,SELL,8,14247.15,113977.2,783,5922.0990684931485,4719.024642728766,take_profit,take_profit
2022-08-18,SELL,2,15636.872000000001,31273.744000000002,767,862.3368219178103,687.1530965452072,take_profit,take_profit
2022-08-18,SELL,49,15636.872000000001,766206.728,768,18242.653013698655,14536.658053965773,take_profit,take_profit
2022-09-27,BUY,59,13122.624,774234.816,787,0.0,0.0,buy_signal,buy
2022-09-28,BUY,1,13027.605,13027.605,788,0.0,0.0,buy_signal,buy
2022-09-29,BUY,49,13187.636999999999,646194.213,789,0.0,0.0,buy_signal,buy
2022-10-03,BUY,16,12492.498,199879.968,790,0.0,0.0,buy_signal,buy
2022-10-05,SELL,59,13917.216,821115.7440000001,787,46526.26849315076,37074.45704876719,take_profit,take_profit
2022-10-05,SELL,49,13917.216,681943.584,789,35551.859383561685,28329.49914979113,take_profit,take_profit
2022-10-05,SELL,16,13917.216,222675.456,790,22762.747178082205,18138.495088854805,take_profit,take_profit
2022-10-07,SELL,1,13697.26,13697.26,788,662.5077123287678,527.9192705691786,take_profit,take_profit
2022-12-21,BUY,48,13177.635,632526.48,791,0.0,0.0,buy_signal,buy
2022-12-22,BUY,34,13217.643,449399.862,792,0.0,0.0,buy_signal,buy
2022-12-23,BUY,9,12827.565,115448.085,793,0.0,0.0,buy_signal,buy
2022-12-26,BUY,7,12912.582,90388.07400000001,794,0.0,0.0,buy_signal,buy
2022-12-27,SELL,9,13182.363000000001,118641.267,793,3175.3141643835625,2530.2490918890417,take_profit,take_profit
2023-01-12,SELL,7,13137.372,91961.60399999999,794,1504.8601917808062,1199.1478438205354,take_profit,take_profit
2023-01-24,SELL,48,13807.238000000001,662747.4240000001,791,29222.793863013834,23286.183289742574,take_profit,take_profit
2023-01-24,SELL,34,13807.238000000001,469446.09200000006,792,19373.139917808257,15437.48654350551,take_profit,take_profit
2023-02-14,BUY,3,14332.866,42998.598,795,0.0,0.0,buy_signal,buy
2023-02-15,BUY,1,14332.866,14332.866,796,0.0,0.0,buy_signal,buy
2023-02-16,BUY,3,14267.853,42803.558999999994,797,0.0,0.0,buy_signal,buy
2023-02-17,BUY,1,14097.819,14097.819,798,0.0,0.0,buy_signal,buy
2023-02-20,BUY,4,14122.824,56491.296,799,0.0,0.0,buy_signal,buy
2023-02-21,BUY,3,14117.823,42353.469,800,0.0,0.0,buy_signal,buy
2023-02-22,BUY,7,13887.777,97214.439,801,0.0,0.0,buy_signal,buy
2023-02-24,BUY,31,13772.753999999999,426955.37399999995,802,0.0,0.0,buy_signal,buy
2023-02-27,SELL,7,13967.206,97770.442,801,541.0801506849285,431.15971807328526,take_profit,take_profit
2023-02-27,SELL,31,13967.206,432983.386,802,5994.588054794566,4776.78749146305,take_profit,take_profit
2023-02-27,BUY,9,13972.794,125755.146,803,0.0,0.0,buy_signal,buy
2023-02-28,SELL,9,14152.169,127369.521,803,1604.6574657534247,1278.6713015856164,take_profit,take_profit
2023-02-28,BUY,9,14157.831,127420.479,804,0.0,0.0,buy_signal,buy
2023-03-01,BUY,9,14007.801,126070.209,805,0.0,0.0,buy_signal,buy
2023-03-06,SELL,3,14827.034,44481.102,795,1440.1956164383569,1147.6198769589046,take_profit,take_profit
2023-03-06,SELL,1,14827.034,14827.034,796,481.1572054794517,383.4101191863011,take_profit,take_profit
2023-03-06,SELL,3,14827.034,44481.102,797,1641.761301369868,1308.2374929965795,take_profit,take_profit
2023-03-06,SELL,1,14827.034,14827.034,798,718.3870547945207,572.4467246130139,take_profit,take_profit
2023-03-06,SELL,4,14827.034,59308.136,799,2777.8655342465718,2213.5421509643807,take_profit,take_profit
2023-03-06,SELL,3,14827.034,44481.102,800,2101.657438356166,1674.705729754111,take_profit,take_profit
2023-03-06,SELL,9,14827.034,133443.30599999998,804,5983.535712328743,4767.980432369159,take_profit,take_profit
2023-03-06,SELL,9,14827.034,133443.30599999998,805,7343.519794520527,5851.683748263682,take_profit,take_profit
2023-03-14,BUY,2,13952.789999999999,27905.579999999998,806,0.0,0.0,buy_signal,buy
2023-03-15,BUY,53,14057.811,745063.983,807,0.0,0.0,buy_signal,buy
2023-03-16,BUY,56,13262.652,742708.512,808,0.0,0.0,buy_signal,buy
2023-03-17,SELL,56,13797.24,772645.44,808,29878.589808219134,23808.754288679418,take_profit,take_profit
2023-03-17,BUY,54,13802.76,745349.04,809,0.0,0.0,buy_signal,buy
2023-03-20,BUY,53,13872.774,735257.022,810,0.0,0.0,buy_signal,buy
2023-03-22,BUY,53,13907.780999999999,737112.3929999999,811,0.0,0.0,buy_signal,buy
2023-03-23,SELL,54,13847.23,747750.4199999999,809,2229.5090958902992,1776.584323060185,take_profit,take_profit
2023-03-28,SELL,53,14162.167,750594.851,810,15054.710260274,11996.345870899337,take_profit,take_profit
2023-03-28,SELL,53,14162.167,750594.851,811,13254.40989041106,10561.776521174053,take_profit,take_profit
2023-03-30,SELL,2,14637.072,29274.144,806,1345.0493698630157,1071.8025903753442,take_profit,take_profit
2023-03-30,SELL,53,14637.072,775764.816,807,30133.802698630123,24012.120680403415,take_profit,take_profit
2023-04-07,BUY,39,14382.876,560932.164,812,0.0,0.0,buy_signal,buy
2023-04-10,BUY,45,14522.904,653530.68,813,0.0,0.0,buy_signal,buy
2023-04-11,BUY,20,14742.948,294858.96,814,0.0,0.0,buy_signal,buy
2023-04-12,SELL,39,14867.026,579814.014,812,18751.333561643813,14942.000148595871,take_profit,take_profit
2023-04-12,SELL,45,14867.026,669016.17,813,15384.431095890403,12259.083918760267,take_profit,take_profit
2023-04-13,SELL,20,14807.038,296140.76,814,1236.1484931506734,985.024926767114,take_profit,take_profit
2023-05-01,SELL,15,15986.802,239802.03,766,5345.858013698648,4259.846958215768,take_profit,take_profit
2023-05-01,SELL,29,15986.802,463617.258,769,11340.925520547922,9037.016501048613,take_profit,take_profit
2023-05-02,SELL,50,16201.759,810087.95,759,13601.989726027477,10838.745513184997,take_profit,take_profit
2023-05-17,SELL,1,16906.618,16906.618,751,127.71717808219012,101.7714333547932,take_profit,take_profit
2023-05-19,SELL,3,18021.395,54064.185,673,1139.3861095890418,907.919821426028,take_profit,take_profit
2023-05-19,SELL,13,18021.395,234278.135,686,5150.454328767152,4104.139531878105,take_profit,take_profit
2023-05-19,SELL,9,18021.395,162192.555,696,3902.573465753435,3109.7656661856245,take_profit,take_profit
2023-05-19,SELL,18,18021.395,324385.11,706,7589.313369863014,6047.5443587753425,take_profit,take_profit
2023-05-19,SELL,2,18021.395,36042.79,748,1623.8909315068518,1293.9974887712349,take_profit,take_profit
2023-05-19,SELL,1,18021.395,18021.395,750,868.4752465753421,692.0445002335614,take_profit,take_profit
2023-05-22,SELL,1,17851.429,17851.429,669,78.29034246575327,62.385659393835496,take_profit,take_profit
2023-05-22,SELL,24,17851.429,428434.296,749,3162.5460821918114,2520.074845594545,take_profit,take_profit
2023-05-23,SELL,1,18511.297,18511.297,668,385.3550821917794,307.0701972445194,take_profit,take_profit
2023-05-23,SELL,3,18511.297,55533.890999999996,670,1614.014424657526,1286.1273942883495,take_profit,take_profit
2023-05-23,SELL,17,18511.297,314692.049,685,10742.767150684936,8560.374004023291,take_profit,take_profit
2023-05-23,SELL,8,18511.297,148090.376,697,4375.820931506848,3486.872909271232,take_profit,take_profit
2023-05-23,SELL,6,18511.297,111067.78199999999,698,2539.7014520547855,2023.761102069856,take_profit,take_profit
2023-07-10,BUY,32,19808.961,633886.752,815,0.0,0.0,buy_signal,buy
2023-07-11,BUY,37,19838.967,734041.779,816,0.0,0.0,buy_signal,buy
2023-07-12,BUY,37,19728.945,729970.965,817,0.0,0.0,buy_signal,buy
2023-07-13,BUY,38,19438.887,738677.706,818,0.0,0.0,buy_signal,buy
2023-07-14,SELL,38,20230.953,768776.214,818,30040.687616438387,23937.921927158928,take_profit,take_profit
2023-07-14,BUY,1,20239.047,20239.047,819,0.0,0.0,buy_signal,buy
2023-07-20,SELL,32,20275.944,648830.208,815,14603.773808219185,11637.017159079456,take_profit,take_profit
2023-07-20,SELL,37,20275.944,750209.928,816,15831.03743835614,12614.96218275409,take_profit,take_profit
2023-07-20,SELL,37,20275.944,750209.928,817,19957.48321917807,15903.120503202044,take_profit,take_profit
2023-07-24,BUY,3,20074.014,60222.042,820,0.0,0.0,buy_signal,buy
2023-08-01,SELL,1,20825.834,20825.834,819,569.8086438356167,454.0520178404112,take_profit,take_profit
2023-08-01,SELL,3,20825.834,62477.50199999999,820,2227.4557808219097,1774.9481389479388,take_profit,take_profit
2023-08-04,BUY,36,19283.856,694218.816,821,0.0,0.0,buy_signal,buy
2023-08-07,BUY,18,19153.829999999998,344768.93999999994,822,0.0,0.0,buy_signal,buy
2023-08-08,SELL,36,19756.048,711217.728,821,16891.042191780834,13459.626970520558,take_profit,take_profit
2023-08-08,SELL,18,19756.048,355608.864,822,10812.873698630194,8616.23840675347,take_profit,take_profit
2023-08-08,BUY,27,19763.952,533626.704,823,0.0,0.0,buy_signal,buy
2023-08-09,BUY,22,19608.921,431396.262,824,0.0,0.0,buy_signal,buy
2023-08-10,BUY,5,19353.87,96769.34999999999,825,0.0,0.0,buy_signal,buy
2023-08-14,SELL,5,19841.031,99205.155,825,2428.187465753432,1934.9011820856224,take_profit,take_profit
2023-08-15,BUY,1,19703.94,19703.94,826,0.0,0.0,buy_signal,buy
2023-08-17,BUY,39,18808.761,733541.679,827,0.0,0.0,buy_signal,buy
2023-08-18,BUY,40,18448.689,737947.5599999999,828,0.0,0.0,buy_signal,buy
2023-08-21,BUY,39,18733.746,730616.0939999999,829,0.0,0.0,buy_signal,buy
2023-08-22,SELL,40,19021.195,760847.8,828,22785.815890411068,18156.87739227406,take_profit,take_profit
2023-08-22,BUY,39,19028.805,742123.395,830,0.0,0.0,buy_signal,buy
2023-08-23,SELL,39,18896.22,736952.5800000001,827,3186.0686712329475,2538.818820671974,take_profit,take_profit
2023-08-23,SELL,39,18896.22,736952.5800000001,829,6223.396684931657,4959.113648387791,take_profit,take_profit
2023-08-23,BUY,6,18903.78,113422.68,831,0.0,0.0,buy_signal,buy
2023-08-24,SELL,6,19456.108,116736.648,831,3305.0962191780905,2633.665922252061,take_profit,take_profit
2023-08-28,BUY,4,19143.828,76575.312,832,0.0,0.0,buy_signal,buy
2023-08-29,SELL,39,19571.085,763272.315,830,20861.275232876636,16623.307169317748,take_profit,take_profit
2023-08-29,SELL,4,19571.085,78284.34,832,1703.059780821909,1357.0831863479382,take_profit,take_profit
2023-09-01,BUY,14,19813.962,277395.468,833,0.0,0.0,buy_signal,buy
2023-09-04,SELL,27,20195.96,545290.9199999999,823,10942.743452054692,8719.72511976978,take_profit,take_profit
2023-09-04,SELL,22,20195.96,444311.12,824,12360.247041095898,9849.262854697266,take_profit,take_profit
2023-09-04,SELL,1,20195.96,20195.96,826,471.3157260273977,375.5679362849319,take_profit,take_profit
2023-09-04,SELL,14,20195.96,282743.44,833,5326.379780821927,4244.3257283479525,take_profit,take_profit
2023-09-05,BUY,5,20384.076,101920.38,834,0.0,0.0,buy_signal,buy
2023-09-06,BUY,7,20584.115999999998,144088.81199999998,835,0.0,0.0,buy_signal,buy
2023-09-07,BUY,3,20629.125,61887.375,836,0.0,0.0,buy_signal,buy
2023-09-08,BUY,19,20309.060999999998,385872.159,837,0.0,0.0,buy_signal,buy
2023-09-11,BUY,37,20084.016,743108.592,838,0.0,0.0,buy_signal,buy
2023-09-12,BUY,40,20019.003,800760.12,839,0.0,0.0,buy_signal,buy
2023-09-13,BUY,27,20174.034,544698.918,840,0.0,0.0,buy_signal,buy
2023-09-14,BUY,31,20374.074,631596.294,841,0.0,0.0,buy_signal,buy
2023-09-15,SELL,37,20965.806,775734.822,838,32396.961780822017,25815.518995048023,take_profit,take_profit
2023-09-15,SELL,40,20965.806,838632.24,839,37685.01863013698,30029.307095424654,take_profit,take_profit
2023-09-15,SELL,27,20965.806,566076.762,840,21293.379123287712,16967.629154391812,take_profit,take_profit
2023-09-15,BUY,2,20974.194,41948.388,842,0.0,0.0,buy_signal,buy
2023-09-19,SELL,5,20765.846,103829.23000000001,834,1838.4568493150744,1464.974340376717,take_profit,take_profit
2023-09-19,SELL,19,20765.846,394551.074,837,8501.299876712366,6774.26080675825,take_profit,take_profit
2023-09-19,SELL,31,20765.846,643741.226,841,12045.42115068496,9598.39384392331,take_profit,take_profit
2023-09-19,BUY,1,20774.154,20774.154,843,0.0,0.0,buy_signal,buy
2023-09-20,BUY,3,20784.156,62352.46799999999,844,0.0,0.0,buy_signal,buy
2023-09-21,BUY,12,20294.058,243528.696,845,0.0,0.0,buy_signal,buy
2023-09-22,BUY,28,19543.908,547229.424,846,0.0,0.0,buy_signal,buy
2023-09-25,BUY,27,19843.968,535787.136,847,0.0,0.0,buy_signal,buy
2023-09-26,SELL,28,20025.994,560727.8319999999,846,13412.962739725965,10688.119359150634,take_profit,take_profit
2023-09-26,BUY,27,20034.006,540918.162,848,0.0,0.0,buy_signal,buy
2023-09-27,BUY,28,19283.856,539947.968,849,0.0,0.0,buy_signal,buy
2023-09-28,BUY,43,19588.917,842323.4310000001,850,0.0,0.0,buy_signal,buy
2023-09-29,BUY,38,19483.896,740388.0480000001,851,0.0,0.0,buy_signal,buy
2023-10-02,BUY,34,19603.92,666533.2799999999,852,0.0,0.0,buy_signal,buy
2023-10-03,BUY,41,18973.793999999998,777925.5539999999,853,0.0,0.0,buy_signal,buy
2023-10-04,BUY,51,17918.583,913847.7329999999,854,0.0,0.0,buy_signal,buy
2023-10-05,BUY,41,17948.589,735892.149,855,0.0,0.0,buy_signal,buy
2023-10-06,SELL,51,18216.356,929034.156,854,15045.520479452123,11989.022994051425,take_profit,take_profit
2023-10-06,SELL,41,18216.356,746870.596,855,10920.84256164388,8702.273395245926,take_profit,take_profit
2023-10-06,BUY,47,18223.644,856511.268,856,0.0,0.0,buy_signal,buy
2023-10-10,BUY,18,18658.731,335857.158,857,0.0,0.0,buy_signal,buy
2023-10-11,SELL,47,19236.152000000002,904099.1440000001,856,47453.06712328772,37812.97653719182,take_profit,take_profit
2023-10-11,SELL,18,19236.152000000002,346250.73600000003,857,10367.155972602777,8261.068236768522,take_profit,take_profit
2023-10-11,BUY,28,19243.847999999998,538827.744,858,0.0,0.0,buy_signal,buy
2023-10-12,BUY,12,19603.92,235247.03999999998,859,0.0,0.0,buy_signal,buy
2023-10-13,SELL,28,19811.037,554709.036,849,14312.877753424627,11405.216637816415,take_profit,take_profit
2023-10-13,SELL,38,19811.037,752819.406,851,11936.437671232768,9511.55035832183,take_profit,take_profit
2023-10-13,SELL,41,19811.037,812252.517,853,33914.06042465764,27024.41904938844,take_profit,take_profit
2023-10-13,SELL,28,19811.037,554709.036,858,15796.759616438372,12587.647900358917,take_profit,take_profit
2023-10-13,BUY,1,19818.963,19818.963,860,0.0,0.0,buy_signal,buy
2023-10-16,BUY,3,19248.849,57746.54699999999,861,0.0,0.0,buy_signal,buy
2023-10-17,BUY,20,19533.906,390678.12,862,0.0,0.0,buy_signal,buy
2023-10-18,BUY,16,19423.884,310782.144,863,0.0,0.0,buy_signal,buy
2023-10-19,BUY,19,18848.769,358126.61100000003,864,0.0,0.0,buy_signal,buy
2023-10-20,BUY,37,18483.696,683896.752,865,0.0,0.0,buy_signal,buy
2023-10-23,BUY,39,18383.676,716963.364,866,0.0,0.0,buy_signal,buy
2023-10-24,BUY,37,18403.68,680936.16,867,0.0,0.0,buy_signal,buy
2023-10-25,BUY,35,18578.715,650255.025,868,0.0,0.0,buy_signal,buy
2023-10-26,BUY,19,17963.592,341308.248,869,0.0,0.0,buy_signal,buy
2023-10-27,BUY,41,17913.582,734456.862,870,0.0,0.0,buy_signal,buy
2023-10-30,BUY,11,17738.547,195124.017,871,0.0,0.0,buy_signal,buy
2023-10-31,BUY,41,17803.56,729945.9600000001,872,0.0,0.0,buy_signal,buy
2023-11-01,SELL,11,18696.260000000002,205658.86000000002,871,10504.59571232879,8370.587093369197,take_profit,take_profit
2023-11-01,SELL,41,18696.260000000002,766546.66,872,36543.99194520543,29120.079981536946,take_profit,take_profit
2023-11-01,BUY,9,18703.739999999998,168333.65999999997,873,0.0,0.0,buy_signal,buy
2023-11-02,SELL,37,19351.129,715991.773,865,31629.303520548012,25203.81051034868,take_profit,take_profit
2023-11-02,SELL,39,19351.129,754694.0310000001,866,37295.16842465767,29718.654959188465,take_profit,take_profit
2023-11-02,SELL,37,19351.129,715991.773,867,34694.14834246576,27646.032106693845,take_profit,take_profit
2023-11-02,SELL,35,19351.129,677289.515,868,26741.684794520537,21309.11152851369,take_profit,take_profit
2023-11-02,SELL,19,19351.129,367671.451,869,26231.172260273954,20902.3096155993,take_profit,take_profit
2023-11-02,SELL,41,19351.129,793396.289,870,58710.17297260276,46783.20133321851,take_profit,take_profit
2023-11-06,SELL,9,20010.997,180098.973,873,11738.977273972627,9354.204040765087,take_profit,take_profit
2023-11-07,SELL,43,19996.0,859828.0,850,15891.654315068394,12663.26474096225,take_profit,take_profit
2023-11-07,SELL,34,19996.0,679864.0,852,12156.00416438365,9686.511918389111,take_profit,take_profit
2023-11-07,SELL,12,19996.0,239952.0,859,4410.458301369884,3514.4736974465923,take_profit,take_profit
2023-11-07,SELL,3,19996.0,59988.0,861,2176.984726027406,1734.7302789349385,take_profit,take_profit
2023-11-07,SELL,20,19996.0,399920.0,862,8841.196164383566,7045.107163589044,take_profit,take_profit
2023-11-07,SELL,16,19996.0,319936.0,863,8857.132712328796,7057.806201819201,take_profit,take_profit
2023-11-07,SELL,19,19996.0,379924.0,864,21473.393712328732,17111.07377966915,take_profit,take_profit
2023-11-09,BUY,1,19683.935999999998,19683.935999999998,874,0.0,0.0,buy_signal,buy
2023-11-13,BUY,2,20429.085,40858.17,875,0.0,0.0,buy_signal,buy
2023-11-14,BUY,7,20304.06,142128.42,876,0.0,0.0,buy_signal,buy
2023-11-15,BUY,3,20814.162,62442.486000000004,877,0.0,0.0,buy_signal,buy
2023-11-16,SELL,7,21045.79,147320.53,835,2730.7070958904333,2175.9639493602917,take_profit,take_profit
2023-11-16,SELL,12,21045.79,252549.48,845,8349.966904109604,6653.671127539737,take_profit,take_profit
2023-11-16,SELL,27,21045.79,568236.3300000001,847,31021.969561643855,24719.856445195906,take_profit,take_profit
2023-11-16,SELL,27,21045.79,568236.3300000001,848,25932.5235616439,20664.33140009594,take_profit,take_profit
2023-11-16,SELL,1,21045.79,21045.79,860,1193.0191095890423,950.6572774760283,take_profit,take_profit
2023-11-16,SELL,1,21045.79,21045.79,874,1354.0577260274003,1078.980898984934,take_profit,take_profit
2023-11-16,SELL,2,21045.79,42091.58,875,1223.98665753425,975.3337680561672,take_profit,take_profit
2023-11-16,SELL,7,21045.79,147320.53,876,5169.88145205478,4119.620035069852,take_profit,take_profit
2023-11-21,BUY,1,21104.22,21104.22,878,0.0,0.0,buy_signal,buy
2023-11-22,BUY,1,20754.149999999998,20754.149999999998,879,0.0,0.0,buy_signal,buy
2023-11-24,BUY,4,21514.302,86057.208,880,0.0,0.0,buy_signal,buy
2023-11-27,SELL,3,21445.71,64337.13,836,2210.6564794520523,1761.561615651368,take_profit,take_profit
2023-11-27,BUY,2,21454.29,42908.58,881,0.0,0.0,buy_signal,buy
2023-11-28,BUY,5,21199.238999999998,105996.19499999999,882,0.0,0.0,buy_signal,buy
2023-11-29,BUY,5,20859.171,104295.855,883,0.0,0.0,buy_signal,buy
2023-11-30,BUY,7,20824.164,145769.14800000002,884,0.0,0.0,buy_signal,buy
2023-12-01,BUY,6,21244.248,127465.488,885,0.0,0.0,buy_signal,buy
2023-12-04,BUY,9,20944.188,188497.69199999998,886,0.0,0.0,buy_signal,buy
2023-12-05,BUY,14,20544.108,287617.512,887,0.0,0.0,buy_signal,buy
2023-12-06,BUY,27,20434.086,551720.3219999999,888,0.0,0.0,buy_signal,buy
2023-12-07,SELL,27,20690.861,558653.247,888,6889.284123287718,5489.726053641818,take_profit,take_profit
2023-12-07,BUY,8,20699.139,165593.112,889,0.0,0.0,buy_signal,buy
2023-12-08,BUY,27,19903.98,537407.46,890,0.0,0.0,buy_signal,buy
2023-12-11,BUY,27,20174.034,544698.918,891,0.0,0.0,buy_signal,buy
2023-12-12,BUY,26,20654.13,537007.38,892,0.0,0.0,buy_signal,buy
2023-12-13,BUY,17,20449.089,347634.513,893,0.0,0.0,buy_signal,buy
2023-12-14,BUY,25,20554.11,513852.75,894,0.0,0.0,buy_signal,buy
2023-12-15,BUY,7,20204.04,141428.28,895,0.0,0.0,buy_signal,buy
2023-12-18,BUY,4,20239.047,80956.188,896,0.0,0.0,buy_signal,buy
2023-12-19,BUY,6,20239.047,121434.28199999999,897,0.0,0.0,buy_signal,buy
2023-12-20,BUY,3,21059.211,63177.633,898,0.0,0.0,buy_signal,buy
2023-12-21,SELL,27,20825.834,562297.5179999999,890,24510.411369862974,19531.121300075312,take_profit,take_profit
2023-12-21,SELL,27,20825.834,562297.5179999999,891,17259.559890410936,13753.280298673953,take_profit,take_profit
2023-12-21,BUY,2,20834.166,41668.332,899,0.0,0.0,buy_signal,buy
2023-12-22,BUY,4,20784.156,83136.624,900,0.0,0.0,buy_signal,buy
2023-12-25,BUY,4,20964.192,83856.768,901,0.0,0.0,buy_signal,buy
2023-12-26,BUY,3,20854.17,62562.509999999995,902,0.0,0.0,buy_signal,buy
2024-01-11,SELL,1,23045.39,23045.39,843,2156.183232876713,1718.1546091178088,take_profit,take_profit
2024-01-11,SELL,3,23045.39,69136.17,844,6443.323643835622,5134.3624455904155,take_profit,take_profit
2024-01-11,SELL,3,23045.39,69136.17,877,6520.838465753419,5196.1301314356115,take_profit,take_profit
2024-01-11,SELL,1,23045.39,23045.39,879,2241.7168219178097,1786.3120495452067,take_profit,take_profit
2024-01-11,SELL,5,23045.39,115226.95,883,10715.893904109591,8538.960057489727,take_profit,take_profit
2024-01-11,SELL,7,23045.39,161317.72999999998,884,15258.536904109555,12158.765132039698,take_profit,take_profit
2024-01-11,SELL,14,23045.39,322635.45999999996,887,34505.51808219175,27495.7220837945,take_profit,take_profit
2024-01-11,SELL,8,23045.39,184363.12,889,18502.54893150685,14743.756116071236,take_profit,take_profit
2024-01-11,SELL,26,23045.39,599180.14,892,61423.61808219179,48945.410068794525,take_profit,take_profit
2024-01-11,SELL,17,23045.39,391771.63,893,43673.72121917811,34801.40475350207,take_profit,take_profit
2024-01-11,SELL,25,23045.39,576134.75,894,61639.620547945204,49117.53163363013,take_profit,take_profit
2024-01-11,SELL,7,23045.39,161317.72999999998,895,19720.36375342464,15714.171856916426,take_profit,take_profit
2024-01-11,SELL,4,23045.39,92181.56,896,11135.032493150688,8872.950642167125,take_profit,take_profit
2024-01-11,SELL,6,23045.39,138272.34,897,16711.839369863017,13316.829201875345,take_profit,take_profit
2024-01-11,SELL,2,23045.39,46090.78,899,4386.827397260271,3495.643411506847,take_profit,take_profit
2024-01-11,SELL,4,23045.39,92181.56,900,8980.018958904111,7155.728107402741,take_profit,take_profit
2024-01-11,SELL,3,23045.39,69136.17,902,6534.507945205483,5207.022656136989,take_profit,take_profit
2024-01-12,SELL,2,23530.293,47060.586,842,4875.28961643836,3884.8745308589073,take_profit,take_profit
2024-01-12,SELL,1,23530.293,23530.293,878,2373.1591369863017,1891.0518583075345,take_profit,take_profit
2024-01-12,SELL,4,23530.293,94121.172,880,7865.225369863021,6267.404835975349,take_profit,take_profit
2024-01-12,SELL,2,23530.293,47060.586,881,4055.908465753426,3231.9506609356176,take_profit,take_profit
2024-01-12,SELL,5,23530.293,117651.46500000001,882,11423.102054794539,9102.498872363029,take_profit,take_profit
2024-01-12,SELL,6,23530.293,141181.758,885,13466.704849315072,10730.943759176716,take_profit,take_profit
2024-01-12,SELL,9,23530.293,211772.63700000002,886,22915.154589041133,18259.940934277427,take_profit,take_profit
2024-01-12,SELL,3,23530.293,70590.879,898,7349.563643835616,5856.499789590411,take_profit,take_profit
2024-01-12,SELL,4,23530.293,94121.172,901,10198.704493150695,8126.837675367131,take_profit,take_profit
2024-01-31,BUY,27,23994.798,647859.546,903,0.0,0.0,buy_signal,buy
2024-02-13,SELL,27,26444.71,714007.1699999999,903,65735.90432876708,52381.65536437805,take_profit,take_profit
2024-03-08,BUY,18,29570.913,532276.434,904,0.0,0.0,buy_signal,buy
2024-03-11,BUY,22,28510.701,627235.422,905,0.0,0.0,buy_signal,buy
2024-03-12,BUY,23,27785.556,639067.7880000001,906,0.0,0.0,buy_signal,buy
2024-03-13,BUY,22,28725.744,631966.368,907,0.0,0.0,buy_signal,buy
2024-03-14,BUY,23,27905.579999999998,641828.34,908,0.0,0.0,buy_signal,buy
2024-03-15,BUY,23,27805.559999999998,639527.8799999999,909,0.0,0.0,buy_signal,buy
2024-03-18,BUY,22,28465.692,626245.2239999999,910,0.0,0.0,buy_signal,buy
2024-03-19,SELL,22,29314.136000000002,644910.9920000001,905,17388.092082191844,13855.701175694572,take_profit,take_profit
2024-03-19,SELL,23,29314.136000000002,674225.128,906,34906.58580821915,27815.312901279427,take_profit,take_profit
2024-03-19,SELL,22,29314.136000000002,644910.9920000001,907,12752.39824657541,10161.748542783616,take_profit,take_profit
2024-03-19,SELL,23,29314.136000000002,674225.128,908,32245.29802739732,25694.665733131555,take_profit,take_profit
2024-03-19,SELL,23,29314.136000000002,674225.128,909,34595.61068493164,27567.51237428778,take_profit,take_profit
2024-03-19,SELL,22,29314.136000000002,644910.9920000001,910,18615.89731506865,14834.077775512455,take_profit,take_profit
2024-03-21,BUY,3,30806.16,92418.48,911,0.0,0.0,buy_signal,buy
2024-03-22,SELL,18,31463.706000000002,566346.708,904,33710.04517808217,26861.849500154774,take_profit,take_profit
2024-03-27,BUY,21,30706.14,644828.94,912,0.0,0.0,buy_signal,buy
2024-03-28,BUY,8,30866.172,246929.376,913,0.0,0.0,buy_signal,buy
2024-03-29,BUY,21,30796.158,646719.318,914,0.0,0.0,buy_signal,buy
2024-04-01,BUY,21,30796.158,646719.318,915,0.0,0.0,buy_signal,buy
2024-04-02,BUY,21,30166.032,633486.672,916,0.0,0.0,buy_signal,buy
2024-04-03,BUY,22,29585.916,650890.152,917,0.0,0.0,buy_signal,buy
2024-04-04,BUY,21,30256.05,635377.0499999999,918,0.0,0.0,buy_signal,buy
2024-04-05,BUY,22,29060.810999999998,639337.842,919,0.0,0.0,buy_signal,buy
2024-04-08,BUY,22,29280.855,644178.8099999999,920,0.0,0.0,buy_signal,buy
2024-04-09,BUY,22,29505.899999999998,649129.7999999999,921,0.0,0.0,buy_signal,buy
2024-04-10,SELL,22,29634.072,651949.584,919,12463.361945205565,9931.429966037054,take_profit,take_profit
2024-04-10,BUY,21,29645.928,622564.488,922,0.0,0.0,buy_signal,buy
2024-04-11,BUY,21,28980.795,608596.695,923,0.0,0.0,buy_signal,buy
2024-04-12,BUY,21,29815.962,626135.202,924,0.0,0.0,buy_signal,buy
2024-04-15,BUY,1,28785.755999999998,28785.755999999998,925,0.0,0.0,buy_signal,buy
2024-04-16,BUY,23,28220.643,649074.789,926,0.0,0.0,buy_signal,buy
2024-04-17,BUY,2,28185.636,56371.272,927,0.0,0.0,buy_signal,buy
2024-04-18,BUY,29,26935.386,781126.1939999999,928,0.0,0.0,buy_signal,buy
2024-04-19,BUY,21,26700.339,560707.119,929,0.0,0.0,buy_signal,buy
2024-04-22,BUY,37,26155.23,967743.51,930,0.0,0.0,buy_signal,buy
2024-04-23,BUY,19,26910.381,511297.239,931,0.0,0.0,buy_signal,buy
2024-04-25,SELL,37,27159.567,1004903.9789999999,930,36930.98790410951,29428.457711389667,take_profit,take_profit
2024-04-26,BUY,12,26905.38,322864.56,932,0.0,0.0,buy_signal,buy
2024-05-17,SELL,29,28009.397,812272.513,928,30050.864260274106,23946.03118579942,take_profit,take_profit
2024-05-21,SELL,21,29019.195,609403.095,929,47855.09572602742,38133.33302928495,take_profit,take_profit
2024-05-24,SELL,19,27714.456000000002,526574.664,931,14468.821438356154,11529.4803631541,take_profit,take_profit
2024-05-24,SELL,12,27714.456000000002,332573.472,932,9272.86684931508,7389.0839488767215,take_profit,take_profit
2024-06-18,BUY,2,27625.523999999998,55251.047999999995,933,0.0,0.0,buy_signal,buy
2024-06-27,SELL,23,28989.201,666751.623,926,15269.235589041127,12167.290379127422,take_profit,take_profit
2024-06-27,SELL,2,28989.201,57978.402,927,1402.066438356169,1117.2366414041135,take_profit,take_profit
2024-06-27,SELL,2,28989.201,57978.402,933,2697.0679726027465,2149.1586139684987,take_profit,take_profit
2024-07-03,SELL,22,30223.954,664926.988,920,17948.66895890418,14302.396859902798,take_profit,take_profit
2024-07-03,SELL,21,30223.954,634703.034,923,23576.98047945209,18787.316895051397,take_profit,take_profit
2024-07-03,SELL,1,30223.954,30223.954,925,1322.2760821917848,1053.6556960945236,take_profit,take_profit
2024-07-04,SELL,22,30993.8,681863.6,917,27973.03857534244,22290.315788761625,take_profit,take_profit
2024-07-04,SELL,22,30993.8,681863.6,921,29931.675068493198,23851.055278328804,take_profit,take_profit
2024-07-04,SELL,21,30993.8,650869.7999999999,922,25678.71599999992,20462.084844599936,take_profit,take_profit
2024-07-04,SELL,21,30993.8,650869.7999999999,924,22203.024410958787,17692.48000187251,take_profit,take_profit
2024-07-05,SELL,21,31353.728,658428.288,916,21978.708164383483,17513.73360078898,take_profit,take_profit
2024-07-05,SELL,21,31353.728,658428.288,918,20184.190273972614,16083.772019815078,take_profit,take_profit
2024-07-10,SELL,3,32143.57,96430.70999999999,911,3510.549780821914,2797.381592847942,take_profit,take_profit
2024-07-10,SELL,21,32143.57,675014.97,912,26873.431315068523,21414.09374341235,take_profit,take_profit
2024-07-10,SELL,8,32143.57,257148.56,913,8976.315397260283,7152.776924306857,take_profit,take_profit
2024-07-10,SELL,21,32143.57,675014.97,914,25082.1917260274,19986.74447688493,take_profit,take_profit
2024-07-10,SELL,21,32143.57,675014.97,915,25131.825369863018,20026.295045975345,take_profit,take_profit
2024-07-16,BUY,9,31936.386,287427.474,934,0.0,0.0,buy_signal,buy
2024-07-17,BUY,2,32106.42,64212.84,935,0.0,0.0,buy_signal,buy
2024-07-18,BUY,10,30136.025999999998,301360.26,936,0.0,0.0,buy_signal,buy
2024-07-19,BUY,18,29935.986,538847.748,937,0.0,0.0,buy_signal,buy
2024-07-22,BUY,18,29710.941,534796.938,938,0.0,0.0,buy_signal,buy
2024-07-23,BUY,18,29675.934,534166.812,939,0.0,0.0,buy_signal,buy
2024-07-24,BUY,19,28820.763,547594.497,940,0.0,0.0,buy_signal,buy
2024-07-25,BUY,20,27325.464,546509.28,941,0.0,0.0,buy_signal,buy
2024-07-26,BUY,29,26705.34,774454.86,942,0.0,0.0,buy_signal,buy
2024-07-29,BUY,29,27205.44,788957.76,943,0.0,0.0,buy_signal,buy
2024-07-30,BUY,25,27285.456,682136.3999999999,944,0.0,0.0,buy_signal,buy
2024-07-31,BUY,24,26865.372,644768.928,945,0.0,0.0,buy_signal,buy
2024-08-01,SELL,29,27694.46,803139.34,942,28439.634191780802,22662.12250572053,take_profit,take_profit
2024-08-01,SELL,29,27694.46,803139.34,943,13995.46515068489,11152.286405323255,take_profit,take_profit
2024-08-01,SELL,24,27694.46,664667.04,945,19845.69600000008,15814.042857600063,take_profit,take_profit
2024-08-01,BUY,2,27705.54,55411.08,946,0.0,0.0,buy_signal,buy
2024-08-02,BUY,25,24629.925,615748.125,947,0.0,0.0,buy_signal,buy
2024-08-05,BUY,46,21484.296,988277.6159999999,948,0.0,0.0,buy_signal,buy
2024-08-06,BUY,4,20924.184,83696.736,949,0.0,0.0,buy_signal,buy
2024-08-07,BUY,4,20039.006999999998,80156.02799999999,950,0.0,0.0,buy_signal,buy
2024-08-08,BUY,45,21324.264,959591.88,951,0.0,0.0,buy_signal,buy
2024-08-09,SELL,46,22580.483,1038702.218,948,50129.6852876713,39945.83972148088,take_profit,take_profit
2024-08-09,SELL,4,22580.483,90321.932,950,10152.491616438365,8090.012944558911,take_profit,take_profit
2024-08-09,SELL,45,22580.483,1016121.735,951,56455.152534246554,44986.28829691437,take_profit,take_profit
2024-08-09,BUY,4,22589.517,90358.068,952,0.0,0.0,buy_signal,buy
2024-08-13,SELL,4,22745.45,90981.8,949,7258.46016438356,5783.90398198904,take_profit,take_profit
2024-08-13,BUY,4,22754.55,91018.2,953,0.0,0.0,buy_signal,buy
2024-08-14,BUY,23,23854.77,548659.71,954,0.0,0.0,buy_signal,buy
2024-08-15,BUY,10,23584.716,235847.16,955,0.0,0.0,buy_signal,buy
2024-08-19,SELL,23,25464.906,585692.838,954,36903.39287671236,29406.468613808243,take_profit,take_profit
2024-09-02,SELL,25,27194.56,679864.0,947,63184.395547945205,50348.48559238014,take_profit,take_profit
2024-09-04,SELL,4,24860.027000000002,99440.10800000001,952,8949.62224657535,7131.506487183568,take_profit,take_profit
2024-09-04,SELL,4,24860.027000000002,99440.10800000001,953,8296.24400000001,6610.862031400007,take_profit,take_profit
2024-09-05,BUY,16,23514.702,376235.232,956,0.0,0.0,buy_signal,buy
2024-09-06,BUY,38,24114.822,916363.236,957,0.0,0.0,buy_signal,buy
2024-09-09,BUY,44,22169.433,975455.052,958,0.0,0.0,buy_signal,buy
2024-09-10,SELL,44,23445.31,1031593.64,958,56060.229424657526,44671.593817038345,take_profit,take_profit
2024-09-10,BUY,42,23454.69,985096.98,959,0.0,0.0,buy_signal,buy
2024-09-11,BUY,43,23009.601,989412.843,960,0.0,0.0,buy_signal,buy
2024-09-12,BUY,41,23899.779,979890.9389999999,961,0.0,0.0,buy_signal,buy
2024-09-13,SELL,43,24020.195,1032868.385,960,43301.84232876714,34505.07305967809,take_profit,take_profit
2024-09-13,BUY,13,24029.805,312387.465,962,0.0,0.0,buy_signal,buy
2024-09-17,BUY,41,23669.733,970459.053,963,0.0,0.0,buy_signal,buy
2024-09-18,BUY,42,23659.731,993708.702,964,0.0,0.0,buy_signal,buy
2024-09-19,BUY,40,24524.904,980996.1599999999,965,0.0,0.0,buy_signal,buy
2024-09-24,SELL,42,25979.803,1091151.726,959,105443.29043835621,84022.48598580415,take_profit,take_profit
2024-09-24,SELL,41,25979.803,1065171.923,961,84827.8699726028,67595.08818766855,take_profit,take_profit
2024-09-24,SELL,41,25979.803,1065171.923,963,94410.11252054795,75230.69816199863,take_profit,take_profit
2024-09-24,SELL,42,25979.803,1091151.726,964,97207.64679452052,77459.91334821368,take_profit,take_profit
2024-09-25,SELL,38,25454.908,967286.504,957,50159.35972602732,39969.48579768487,take_profit,take_profit
2024-09-27,SELL,10,27394.52,273945.2,955,37542.02520547946,29915.36278498631,take_profit,take_profit
2024-09-27,SELL,16,27394.52,438312.32,956,61662.227726027384,49135.54616348492,take_profit,take_profit
2024-09-27,SELL,13,27394.52,356128.76,962,43544.21642465752,34698.20885798834,take_profit,take_profit
2024-09-27,SELL,40,27394.52,1095780.8,965,114394.0668493152,91154.91216887682,take_profit,take_profit
2024-10-24,BUY,11,25445.088,279895.968,966,0.0,0.0,buy_signal,buy
2024-10-25,BUY,10,25700.139,257001.38999999998,967,0.0,0.0,buy_signal,buy
2024-10-28,BUY,34,25425.084,864452.8559999999,968,0.0,0.0,buy_signal,buy
2024-10-30,SELL,34,27219.555,925464.87,968,60872.474273972686,48506.231125215134,take_profit,take_profit
2024-10-31,SELL,11,27314.536,300459.896,966,20452.119780821933,16297.271647347958,take_profit,take_profit
2024-11-05,BUY,37,26070.213,964597.8809999999,969,0.0,0.0,buy_signal,buy
2024-11-06,BUY,13,26760.351,347884.56299999997,970,0.0,0.0,buy_signal,buy
2024-11-07,SELL,37,28149.369000000002,1041526.653,969,76775.13178082203,61178.263759548034,take_profit,take_profit
2024-11-14,BUY,8,26885.376,215083.008,971,0.0,0.0,buy_signal,buy
2024-11-15,BUY,25,26660.331,666508.2749999999,972,0.0,0.0,buy_signal,buy
2024-11-18,BUY,11,25870.173,284571.903,973,0.0,0.0,buy_signal,buy
2024-11-19,BUY,36,26120.222999999998,940328.0279999999,974,0.0,0.0,buy_signal,buy
2024-11-20,BUY,19,26190.237,497614.503,975,0.0,0.0,buy_signal,buy
2024-11-21,BUY,20,26055.21,521104.19999999995,976,0.0,0.0,buy_signal,buy
2024-11-22,BUY,36,25870.173,931326.228,977,0.0,0.0,buy_signal,buy
2024-11-25,BUY,13,26660.331,346584.30299999996,978,0.0,0.0,buy_signal,buy
2024-11-27,BUY,3,25975.194,77925.582,979,0.0,0.0,buy_signal,buy
2024-11-28,BUY,25,25455.09,636377.25,980,0.0,0.0,buy_signal,buy
2024-11-29,BUY,5,25900.179,129500.895,981,0.0,0.0,buy_signal,buy
2024-12-02,BUY,14,25820.163,361482.282,982,0.0,0.0,buy_signal,buy
2024-12-03,BUY,1,26510.301,26510.301,983,0.0,0.0,buy_signal,buy
2024-12-04,SELL,10,27329.533,273295.33,967,15743.866575342498,12545.50008056167,take_profit,take_profit
2024-12-04,SELL,36,27329.533,983863.188,977,51957.29095890407,41402.16730060271,take_profit,take_profit
2024-12-04,SELL,25,27329.533,683238.325,980,46659.01472602735,37180.23588443489,take_profit,take_profit
2024-12-05,SELL,11,27769.445,305463.895,973,20604.256712328795,16418.5019612192,take_profit,take_profit
2024-12-05,SELL,14,27769.445,388772.23,982,27203.26230136984,21676.919564846557,take_profit,take_profit
2024-12-06,SELL,36,27429.513,987462.468,974,46188.56317808225,36805.356568454845,take_profit,take_profit
2024-12-06,SELL,3,27429.513,82288.53899999999,979,4320.198698630132,3442.5503330034207,take_profit,take_profit
2024-12-06,SELL,5,27429.513,137147.565,981,7595.282328767122,6052.300723678081,take_profit,take_profit
2024-12-12,SELL,20,28189.361,563787.22,976,42070.46438356166,33523.849544041106,take_profit,take_profit
2024-12-13,SELL,25,27894.420000000002,697360.5,972,29831.63458904119,23771.338022277472,take_profit,take_profit
2024-12-13,SELL,19,27894.420000000002,529993.98,975,31718.426917808174,25274.828489455445,take_profit,take_profit
2024-12-13,SELL,13,27894.420000000002,362627.46,978,15668.42149315075,12485.381666817175,take_profit,take_profit
2024-12-13,SELL,1,27894.420000000002,27894.420000000002,983,1367.308260273975,1089.539587199317,take_profit,take_profit
2024-12-19,BUY,2,26110.220999999998,52220.441999999995,984,0.0,0.0,buy_signal,buy
2024-12-20,BUY,19,26885.376,510822.14400000003,985,0.0,0.0,buy_signal,buy
2024-12-23,BUY,26,26950.389,700710.114,986,0.0,0.0,buy_signal,buy
2024-12-25,BUY,2,27190.436999999998,54380.873999999996,987,0.0,0.0,buy_signal,buy
2024-12-26,BUY,1,27045.408,27045.408,988,0.0,0.0,buy_signal,buy
2024-12-27,SELL,2,27794.440000000002,55588.880000000005,984,3343.581671232886,2664.3330547219252,take_profit,take_profit
2024-12-30,SELL,13,28709.257,373220.341,970,24315.0970684932,19375.485099028807,take_profit,take_profit
2024-12-30,SELL,8,28709.257,229674.056,971,14063.951452054804,11206.85971456987,take_profit,take_profit
2024-12-30,SELL,19,28709.257,545475.883,985,34414.62321917808,27423.292512202053,take_profit,take_profit
2024-12-30,SELL,26,28709.257,746440.682,986,45456.301479452144,36221.85383390144,take_profit,take_profit
2024-12-30,SELL,1,28709.257,28709.257,988,1659.5270273972621,1322.3941117815084,take_profit,take_profit
2025-01-07,BUY,2,27835.566,55671.132,989,0.0,0.0,buy_signal,buy
2025-01-14,BUY,11,26835.365999999998,295189.02599999995,990,0.0,0.0,buy_signal,buy
2025-01-15,BUY,37,26530.305,981621.285,991,0.0,0.0,buy_signal,buy
2025-01-16,BUY,37,26475.293999999998,979585.8779999999,992,0.0,0.0,buy_signal,buy
2025-01-17,BUY,36,26085.216,939067.7760000001,993,0.0,0.0,buy_signal,buy
2025-01-20,BUY,36,26445.288,952030.368,994,0.0,0.0,buy_signal,buy
2025-01-21,BUY,5,27055.41,135277.05,995,0.0,0.0,buy_signal,buy
2025-01-22,BUY,1,27300.459,27300.459,996,0.0,0.0,buy_signal,buy
2025-01-23,SELL,37,27904.418,1032463.466,992,52498.6674520549,41833.56315916995,take_profit,take_profit
2025-01-23,SELL,36,27904.418,1004559.0480000001,993,65195.20997260274,51950.80306666849,take_profit,take_profit
2025-01-23,SELL,36,27904.418,1004559.0480000001,994,52304.69687671238,41678.99770620826,take_profit,take_profit
2025-01-24,SELL,37,28184.362,1042821.3940000001,991,60667.23601369868,48342.6870175158,take_profit,take_profit
2025-01-29,BUY,10,27305.46,273054.6,997,0.0,0.0,buy_signal,buy
2025-02-04,BUY,36,27005.399999999998,972194.3999999999,998,0.0,0.0,buy_signal,buy
2025-02-05,BUY,23,26725.344,614682.912,999,0.0,0.0,buy_signal,buy
2025-02-06,BUY,21,26645.327999999998,559551.8879999999,1000,0.0,0.0,buy_signal,buy
2025-02-07,BUY,2,26620.323,53240.646,1001,0.0,0.0,buy_signal,buy
2025-02-10,BUY,17,26405.28,448889.76,1002,0.0,0.0,buy_signal,buy
2025-02-12,BUY,11,26805.36,294858.96,1003,0.0,0.0,buy_signal,buy
2025-02-13,BUY,3,27005.399999999998,81016.2,1004,0.0,0.0,buy_signal,buy
2025-02-21,BUY,25,26100.219,652505.475,1005,0.0,0.0,buy_signal,buy
2025-02-25,BUY,13,25605.12,332866.56,1006,0.0,0.0,buy_signal,buy
2025-02-26,BUY,38,25505.1,969193.7999999999,1007,0.0,0.0,buy_signal,buy
2025-02-27,BUY,29,25775.154,747479.466,1008,0.0,0.0,buy_signal,buy
2025-03-07,BUY,10,23969.792999999998,239697.93,1009,0.0,0.0,buy_signal,buy
2025-03-19,SELL,10,25064.986,250649.86000000002,1009,10804.036301369884,8609.196326746593,take_profit,take_profit
2025-03-27,BUY,1,24859.970999999998,24859.970999999998,1010,0.0,0.0,buy_signal,buy
2025-03-28,BUY,2,24809.961,49619.922,1011,0.0,0.0,buy_signal,buy
2025-06-18,SELL,1,25319.935,25319.935,1010,361.0821917808255,287.72834452055076,take_profit,take_profit
2025-06-18,SELL,2,25319.935,50639.87,1011,826.0138630137026,658.2091467424689,take_profit,take_profit
2025-06-19,SELL,38,25989.801,987612.438,1007,13149.52052054798,10478.195426798658,take_profit,take_profit
2025-06-26,SELL,13,26244.75,341181.75,1006,6358.999150684934,5067.16847322329,take_profit,take_profit
2025-06-27,SELL,17,27429.513,466301.72099999996,1002,14503.82269863009,11557.371117403389,take_profit,take_profit
2025-06-27,SELL,25,27429.513,685737.825,1005,29368.0623287671,23401.940466678065,take_profit,take_profit
2025-06-27,SELL,29,27429.513,795455.877,1008,43666.82667123284,34795.91083297189,take_profit,take_profit
2025-06-30,SELL,11,28409.317,312502.48699999996,990,14976.77891780823,11934.246280655487,take_profit,take_profit
2025-06-30,SELL,23,28409.317,653414.291,999,34606.911876712285,27576.517728958184,take_profit,take_profit
2025-06-30,SELL,21,28409.317,596595.657,1000,33320.65771232885,26551.566098069245,take_profit,take_profit
2025-06-30,SELL,2,28409.317,56818.634,1001,3227.52926027397,2571.856691049313,take_profit,take_profit
2025-06-30,SELL,11,28409.317,312502.48699999996,1003,15760.735657534191,12558.942208706121,take_profit,take_profit
2025-07-01,SELL,25,28004.398,700109.9500000001,944,7099.48150684947,5657.221838733,take_profit,take_profit
2025-07-01,SELL,2,28004.398,56008.796,987,1160.3365753424719,924.6142000616487,take_profit,take_profit
2025-07-01,SELL,5,28004.398,140021.99,995,3722.3397260273996,2966.1464106849335,take_profit,take_profit
2025-07-01,SELL,36,28004.398,1008158.328,998,29357.23364383569,23393.31162909047,take_profit,take_profit
2025-07-01,SELL,3,28004.398,84013.194,1004,2483.1648493150747,1978.7099101767171,take_profit,take_profit
2025-07-24,SELL,20,29894.02,597880.4,941,41877.861917808215,33370.37426920548,take_profit,take_profit
2025-07-24,SELL,2,29894.02,59788.04,946,3448.620383561642,2748.0331526410946,take_profit,take_profit
2025-07-24,SELL,2,29894.02,59788.04,989,3603.6043287671264,2871.532109378085,take_profit,take_profit
2025-07-24,SELL,1,29894.02,29894.02,996,2357.587739726029,1878.6437904006864,take_profit,take_profit
2025-07-24,SELL,10,29894.02,298940.2,997,23632.010410958937,18831.16749597263,take_profit,take_profit
2025-07-25,SELL,19,29864.026,567416.4940000001,940,10717.94658904119,8540.595739477472,take_profit,take_profit
2025-08-13,SELL,10,32033.592,320335.92,936,13826.344931506825,11017.522958671214,take_profit,take_profit
2025-08-13,SELL,18,32033.592,576604.656,937,28529.66219178076,22733.8613175205,take_profit,take_profit
2025-08-13,SELL,18,32033.592,576604.656,938,32621.75186301369,25994.64297204246,take_profit,take_profit
2025-08-13,SELL,18,32033.592,576604.656,939,33292.163342465676,26528.860359443774,take_profit,take_profit
2025-09-11,SELL,9,33013.396,297120.564,934,4557.7649589041375,3631.855007502762,take_profit,take_profit
2025-09-11,SELL,2,33013.396,66026.792,935,677.6429589041129,539.9797918027424,take_profit,take_profit
2025-11-19,BUY,1,40788.156,40788.156,1012,0.0,0.0,buy_signal,buy
2025-11-20,BUY,1,43288.656,43288.656,1013,0.0,0.0,buy_signal,buy
2025-11-25,BUY,1,41438.286,41438.286,1014,0.0,0.0,buy_signal,buy
2025-11-28,SELL,1,43021.394,43021.394,1012,2214.171150684929,1764.3622814232858,take_profit,take_profit
2025-11-28,SELL,1,43021.394,43021.394,1014,1573.499780821918,1253.8433003479454,take_profit,take_profit
2025-12-22,BUY,1,43128.623999999996,43128.623999999996,1015,0.0,0.0,buy_signal,buy
2026-01-06,SELL,1,46250.748,46250.748,1013,2867.015506849312,2284.581306632874,take_profit,take_profit
2026-01-06,SELL,1,46250.748,46250.748,1015,3095.4020273972637,2466.5711055315096,take_profit,take_profit
2026-01-14,BUY,10,49289.856,492898.56,1016,0.0,0.0,buy_signal,buy
2026-01-23,BUY,10,49259.85,492598.5,1017,0.0,0.0,buy_signal,buy
2026-01-26,BUY,3,47679.534,143038.602,1018,0.0,0.0,buy_signal,buy
2026-01-27,BUY,7,47359.47,331516.29000000004,1019,0.0,0.0,buy_signal,buy
2026-01-28,BUY,1,47459.49,47459.49,1020,0.0,0.0,buy_signal,buy
2026-01-29,BUY,1,48819.762,48819.762,1021,0.0,0.0,buy_signal,buy
2026-01-30,BUY,1,47999.598,47999.598,1022,0.0,0.0,buy_signal,buy
2026-02-02,BUY,1,48559.71,48559.71,1023,0.0,0.0,buy_signal,buy
2026-02-04,SELL,3,49440.11,148320.33000000002,1018,5204.082082191783,4146.8728071945225,take_profit,take_profit
2026-02-04,SELL,7,49440.11,346080.77,1019,14408.743232876694,11481.607045117793,take_profit,take_profit
2026-02-04,SELL,1,49440.11,49440.11,1020,1962.0579178082219,1563.4658518054816,take_profit,take_profit
2026-02-04,SELL,1,49440.11,49440.11,1022,1429.3342465753449,1138.9649943835636,take_profit,take_profit
2026-02-05,BUY,1,49759.95,49759.95,1024,0.0,0.0,buy_signal,buy
2026-02-06,BUY,6,47699.538,286197.228,1025,0.0,0.0,buy_signal,buy
2026-02-10,SELL,10,54869.024,548690.24,1016,55078.56219178082,43889.352282520544,take_profit,take_profit
2026-02-10,SELL,10,54869.024,548690.24,1017,55640.37232876712,44337.03069017808,take_profit,take_profit
2026-02-10,SELL,1,54869.024,54869.024,1021,6018.900027397255,4796.160486831503,take_profit,take_profit
2026-02-10,SELL,1,54869.024,54869.024,1023,6286.333287671231,5009.26468028082,take_profit,take_profit
2026-02-10,SELL,1,54869.024,54869.024,1024,5097.406054794521,4061.868014763014,take_profit,take_profit
2026-02-10,SELL,6,54869.024,329214.144,1025,42969.466356164354,34240.21926590957,take_profit,take_profit
2026-02-18,BUY,5,54330.864,271654.32,1026,0.0,0.0,buy_signal,buy
2026-02-19,BUY,5,55591.116,277955.58,1027,0.0,0.0,buy_signal,buy
2026-02-20,BUY,5,54820.962,274104.81,1028,0.0,0.0,buy_signal,buy
2026-02-24,BUY,4,54030.804,216123.216,1029,0.0,0.0,buy_signal,buy
2026-02-26,SELL,4,58768.244,235072.976,1029,18915.08909589042,15072.48874606028,take_profit,take_profit
2026-02-27,SELL,5,57368.524000000005,286842.62,1026,15059.411780821905,12000.092277547936,take_profit,take_profit
2026-03-03,BUY,1,56011.2,56011.2,1030,0.0,0.0,buy_signal,buy
2026-03-04,BUY,7,50560.11,353920.77,1031,0.0,0.0,buy_signal,buy
2026-03-05,BUY,7,52940.585999999996,370584.10199999996,1032,0.0,0.0,buy_signal,buy
2026-03-06,BUY,7,50170.032,351190.224,1033,0.0,0.0,buy_signal,buy
2026-03-09,BUY,8,45649.128,365193.024,1034,0.0,0.0,buy_signal,buy
2026-03-10,BUY,8,49199.837999999996,393598.70399999997,1035,0.0,0.0,buy_signal,buy
2026-03-11,BUY,7,50420.082,352940.574,1036,0.0,0.0,buy_signal,buy
2026-03-12,SELL,8,49250.148,394001.184,1034,28718.72569863017,22884.51657295345,take_profit,take_profit
2026-03-12,BUY,8,49269.852,394158.816,1037,0.0,0.0,buy_signal,buy
2026-03-13,BUY,8,47459.49,379675.92,1038,0.0,0.0,buy_signal,buy
2026-03-16,BUY,8,48019.602,384156.816,1039,0.0,0.0,buy_signal,buy
2026-03-17,BUY,8,48879.774,391038.192,1040,0.0,0.0,buy_signal,buy
2026-03-18,BUY,8,49209.84,393678.72,1041,0.0,0.0,buy_signal,buy
2026-03-19,BUY,8,48189.636,385517.088,1042,0.0,0.0,buy_signal,buy
2026-03-23,BUY,9,43768.752,393918.768,1043,0.0,0.0,buy_signal,buy
2026-03-24,BUY,8,45979.193999999996,367833.55199999997,1044,0.0,0.0,buy_signal,buy
2026-03-25,BUY,8,47459.49,379675.92,1045,0.0,0.0,buy_signal,buy
2026-03-26,BUY,8,48119.621999999996,384956.97599999997,1046,0.0,0.0,buy_signal,buy
2026-03-27,BUY,8,46709.34,373674.72,1047,0.0,0.0,buy_signal,buy
2026-03-30,BUY,9,43008.6,387077.39999999997,1048,0.0,0.0,buy_signal,buy
2026-03-31,BUY,9,43408.68,390678.12,1049,0.0,0.0,buy_signal,buy
2026-04-01,BUY,8,46759.35,374074.8,1050,0.0,0.0,buy_signal,buy
2026-04-02,SELL,9,49020.194,441181.74600000004,1048,54009.607808219254,43037.555981979516,take_profit,take_profit
2026-04-02,BUY,8,49039.806,392318.448,1051,0.0,0.0,buy_signal,buy
2026-04-03,BUY,8,47349.468,378795.744,1052,0.0,0.0,buy_signal,buy
2026-04-06,BUY,3,47229.443999999996,141688.332,1053,0.0,0.0,buy_signal,buy
2026-04-09,SELL,8,52859.426,422875.408,1038,42676.22400000001,34006.549094400005,take_profit,take_profit
2026-04-09,SELL,9,52859.426,475734.834,1043,81394.69438356164,64859.36221954109,take_profit,take_profit
2026-04-09,SELL,8,52859.426,422875.408,1044,54694.293917808245,43583.1481084055,take_profit,take_profit
2026-04-09,SELL,8,52859.426,422875.408,1045,42879.70805479453,34168.69536346302,take_profit,take_profit
2026-04-09,SELL,8,52859.426,422875.408,1047,48939.35057534249,38997.32150596166,take_profit,take_profit
2026-04-09,SELL,9,52859.426,475734.834,1049,84826.36528767121,67593.88917948082,take_profit,take_profit
2026-04-09,SELL,8,52859.426,422875.408,1050,48622.78882191781,38745.06927274521,take_profit,take_profit
2026-04-09,SELL,8,52859.426,422875.408,1052,43959.73501369862,35029.31484566574,take_profit,take_profit
2026-04-09,SELL,3,52859.426,158578.278,1053,16855.812082191776,13431.553857694516,take_profit,take_profit
2026-04-13,SELL,8,52789.44,422315.52,1039,37599.96821917811,29961.534675452076,take_profit,take_profit
2026-04-13,SELL,8,52789.44,422315.52,1042,36329.860821917835,28949.449595945225,take_profit,take_profit
2026-04-13,SELL,8,52789.44,422315.52,1046,37003.10202739731,29485.921850531548,take_profit,take_profit
2026-04-15,SELL,8,56988.6,455908.8,1035,61563.85687671235,49057.15935220824,take_profit,take_profit
2026-04-15,SELL,8,56988.6,455908.8,1037,61064.666739726024,48659.37969155068,take_profit,take_profit
2026-04-15,SELL,8,56988.6,455908.8,1040,64274.66980821919,51217.27063667946,take_profit,take_profit
2026-04-15,SELL,8,56988.6,455908.8,1041,61663.617753424674,49136.65380681645,take_profit,take_profit
2026-04-15,SELL,8,56988.6,455908.8,1051,63310.493150684946,50448.966467123304,take_profit,take_profit
2026-04-16,SELL,7,56928.612,398500.284,1033,46574.14712328767,37112.609135191786,take_profit,take_profit
2026-04-17,SELL,7,58378.322,408648.254,1031,53905.937917808216,42954.946629805476,take_profit,take_profit
2026-04-17,SELL,7,58378.322,408648.254,1032,37269.0739726028,29697.861595068538,take_profit,take_profit
2026-04-17,SELL,7,58378.322,408648.254,1036,55019.17764383561,43842.03170549041,take_profit,take_profit
2026-04-24,BUY,1,58511.7,58511.7,1054,0.0,0.0,buy_signal,buy
2026-05-01,BUY,1,58951.788,58951.788,1055,0.0,0.0,buy_signal,buy
2026-05-07,BUY,1,63412.68,63412.68,1056,0.0,0.0,buy_signal,buy
2026-05-08,SELL,5,64547.088,322735.44,1027,43771.08520547944,34878.98924598629,take_profit,take_profit
2026-05-08,SELL,5,64547.088,322735.44,1028,47643.17356164384,37964.46285259589,take_profit,take_profit
2026-05-08,SELL,1,64547.088,64547.088,1030,8364.498082191787,6665.250296794526,take_profit,take_profit
2026-05-08,SELL,1,64547.088,64547.088,1054,6007.6618630137045,4787.20535554247,take_profit,take_profit
2026-05-08,SELL,1,64547.088,64547.088,1055,5585.78076712329,4451.029404282194,take_profit,take_profit
2026-05-15,BUY,1,65363.07,65363.07,1057,0.0,0.0,buy_signal,buy
2026-05-18,BUY,3,62692.536,188077.608,1058,0.0,0.0,buy_signal,buy
2026-05-19,BUY,5,61902.378,309511.89,1059,0.0,0.0,buy_signal,buy
2026-05-20,BUY,7,60232.044,421624.308,1060,0.0,0.0,buy_signal,buy
2026-05-21,BUY,9,61832.364,556491.2760000001,1061,0.0,0.0,buy_signal,buy
2026-05-22,BUY,3,63992.796,191978.388,1062,0.0,0.0,buy_signal,buy
2026-05-26,SELL,3,70095.978,210287.934,1058,22123.106383561644,17628.797321741098,take_profit,take_profit
2026-05-26,SELL,5,70095.978,350479.89,1059,40846.0197260274,32548.15081868493,take_profit,take_profit
2026-05-26,SELL,7,70095.978,490671.846,1060,68909.26939726027,54910.35131920685,take_profit,take_profit
2026-05-26,SELL,9,70095.978,630863.802,1061,74235.52775342461,59154.5802903164,take_profit,take_profit
2026-06-01,SELL,1,72075.582,72075.582,1056,8577.670767123282,6835.116950782187,take_profit,take_profit
2026-06-01,SELL,3,72075.582,216226.74599999998,1062,24152.740684931487,19246.111414787654,take_profit,take_profit
2026-06-02,SELL,1,73885.22,73885.22,1057,8461.216630136987,6742.320471724658,take_profit,take_profit
