label,category,initial_amount,bulk_exit_yen,bulk_exit_pct,n_trading_days,net_profit_after_tax,realized_after_tax,ending_unrealized_pnl,final_equity,annualized_return,sharpe_like,max_drawdown_equity,max_unrealized_loss,total_interest_paid,total_tax_paid,buy_trade_count,sell_trade_count,harvest_days,bulk_exit_count,avg_profit_per_harvest_day,median_profit_per_harvest_day,win_rate_closed_lots,profit_factor,max_consecutive_days_without_take_profit,max_lot_holding_days,days_underwater,pct_days_underwater,max_consecutive_underwater_days,margin_call_count,exposure_limit_hit_count,max_gross_exposure,average_gross_exposure,comfort_score
per_lot__init0,per_lot,0.0,,,3032,10482988.566143308,10482988.566143308,0,110482988.5661433,0.008320116000882338,0.3755909768715782,5256961.116209686,5281310.919561644,701290.9357808192,2672547.0630758796,1147,1147,504,0,20799.580488379568,8569.041270520898,1.0,inf,65,552,2314,0.7631926121372031,534,0,17,10773060.0,3015114.8647757256,-4.548084195193372
per_lot__init500000,per_lot,500000.0,,,3032,10491191.574448194,10491191.574448194,0,110491191.5744482,0.008326338039912562,0.37588985919727874,5256961.116209686,5281310.919561644,701402.4076164356,2674638.348935374,1146,1146,503,0,20857.239710632588,8615.972051454153,1.0,inf,65,552,2314,0.7631926121372031,534,0,17,10773060.0,3015594.1243403694,-4.547497016756406
per_lot__init1000000,per_lot,1000000.0,,,3032,10500531.150255049,10500531.150255049,0,110500531.15025505,0.00833342165771378,0.37622906199917505,5256961.116209686,5281310.919561644,701515.1659178055,2677019.3928271504,1145,1145,502,0,20917.392729591727,8634.971144062754,1.0,inf,65,552,2314,0.7631926121372031,534,0,17,10773060.0,3016078.9149076515,-4.546857048859714
per_lot__init2000000,per_lot,2000000.0,,,3032,10519986.969601259,10519986.969601259,0,110519986.96960126,0.008348176195627666,0.37693205637965443,5256961.116209686,5281310.919561644,701745.4900821892,2681979.4853165555,1144,1144,502,0,20956.14934183517,8634.971144062754,1.0,inf,65,552,2314,0.7631926121372031,534,0,17,10773060.0,3017069.165567282,-4.545960271418017
per_lot__init5000000,per_lot,5000000.0,,,3032,10578652.96153239,10578652.96153239,0,110578652.96153238,0.008392651793155625,0.37902159343860936,5256961.116209701,5281310.919561644,702437.6600547918,2696935.8714128216,1144,1144,502,0,21073.013867594393,8634.971144062754,1.0,inf,65,552,2314,0.7631926121372031,534,0,17,10773060.0,3020045.0659630606,-4.543286411730266
per_lot__init10000000,per_lot,10000000.0,,,3032,10676093.034189088,10676093.034189088,0,110676093.03418909,0.008466474835707949,0.3823895115385812,5256961.116209686,5281310.919561644,703587.3055342443,2721777.3732766705,1144,1144,502,0,21267.117597986227,8634.971144062754,1.0,inf,65,552,2314,0.7631926121372031,534,0,18,10773060.0,3024987.8265171503,-4.538947974978335
bulk_yen__init0__yen100000,bulk_yen,0.0,100000.0,,3032,9097564.27374951,9097564.27374951,0,109097564.27374952,0.007263136092020783,0.29310377695300815,4610379.083103135,4596075.667013698,611283.290301369,2399803.9499491365,1178,71,71,71,128134.708080979,103888.76613998285,0.7563667232597623,4.101246622298929,221,220,1353,0.4462401055408971,118,0,110,12848050.0,2628137.968337731,-0.45395093577272494
bulk_yen__init0__yen300000,bulk_yen,0.0,300000.0,,3032,12980100.930280212,12980100.930280212,0,112980100.93028021,0.010194910065205676,0.3847477434224179,5947875.316452056,5785222.411999999,871936.0336438261,3309164.214075956,993,40,40,40,324502.5232570053,303063.84207973303,0.7814702920443102,7.080339967411016,532,531,1391,0.4587730870712401,346,0,143,13347880.0,3748782.6550131924,-1.7376032638230485
bulk_yen__init0__yen500000,bulk_yen,0.0,500000.0,,3032,13850112.866338886,13850112.866338886,0,113850112.86633888,0.010839185255407058,0.3801733153243653,6416929.80742465,6222086.02520548,1073935.2821917562,3530966.215469341,864,29,29,29,477590.09883927193,452239.7336221853,0.8055555555555556,8.244881294686962,535,534,1422,0.46899736147757254,346,0,179,14036500.0,4617253.792875989,-1.9103505151400983
bulk_yen__init0__yen1000000,bulk_yen,0.0,1000000.0,,3032,13678136.651724368,13678136.651724368,0,113678136.65172437,0.010712189481633771,0.32654371335882315,6420234.930217877,6223001.412452055,1532377.4119452038,3487122.3703304324,520,16,16,16,854883.540732773,837451.8298756622,0.8307692307692308,19.016961990780988,549,548,1510,0.4980211081794195,303,0,341,14485400.0,6588269.828496043,-1.8722815159413404
bulk_yen__init0__yen2000000,bulk_yen,0.0,2000000.0,,3032,15800067.653261093,15061593.608302189,738474.044958904,115800067.6532611,0.012266954845571387,0.3439111405535825,6832790.585378185,6223001.412452055,1824554.2878356106,3839822.728903294,347,8,8,8,1882699.2010377736,1899967.7626413684,0.9498525073746312,288.2519529543055,724,723,1551,0.5115435356200527,231,0,426,16031560.0,7844448.67908971,-1.4240527996399088
bulk_yen__init0__yen5000000,bulk_yen,0.0,5000000.0,,3032,22160827.60494756,22160827.60494756,0,122160827.60494757,0.0167758352325742,0.42426265285366777,8580824.215657532,6187813.941561645,2138776.750465736,5649710.896586681,245,5,5,5,4432165.520989512,4327829.959707525,1.0,inf,781,780,1493,0.49241424802110817,231,0,451,19622875.0,9195409.841688653,-1.32381342454299
bulk_yen__init0__yen10000000,bulk_yen,0.0,10000000.0,,3032,30942683.542624097,25546075.99898026,5396607.543643836,130942683.54262409,0.022659427511531494,0.5081500959165388,10214627.919027403,5028299.575246575,2464889.527780851,6512750.629595081,206,3,3,3,8515358.666326754,8280737.440155324,1.0,inf,1508,1507,1155,0.3809366754617414,231,0,447,24389370.0,10597491.962401055,-0.9304932638020187
bulk_yen__init500000__yen100000,bulk_yen,500000.0,100000.0,,3032,9124297.314215517,9124297.314215517,0,109124297.31421551,0.007283647657271075,0.2939181955882871,4610379.083103135,4596075.667013698,612599.0149041088,2406619.3068803907,1176,71,71,71,128511.22977768333,103888.76613998285,0.7551020408163265,4.110349060818303,221,220,1353,0.4462401055408971,118,0,110,12848050.0,2633794.7658311347,-0.45125390865392423
bulk_yen__init500000__yen300000,bulk_yen,500000.0,300000.0,,3032,13326558.78779338,13326558.78779338,0,113326558.78779338,0.010452017832250693,0.39991289869791613,5947875.316452056,5785222.411999999,853142.9426301263,3397490.641576489,1018,41,41,41,325038.0192144727,302970.0914765005,0.8153241650294696,7.309619942623657,454,453,1386,0.4571240105540897,303,0,144,13347880.0,3667984.0517810024,-1.3637210377262574
bulk_yen__init500000__yen500000,bulk_yen,500000.0,500000.0,,3032,13868681.883272847,13868681.883272847,0,113868681.88327284,0.010852887016430612,0.380505291430134,6416929.80742465,6222086.02520548,1075696.11435614,3535700.225370996,866,29,29,29,478230.40976802923,452239.7336221853,0.8071593533487298,8.282672686772958,551,550,1410,0.4650395778364116,346,0,179,14036500.0,4624824.276055409,-1.8981451881108469
bulk_yen__init500000__yen1000000,bulk_yen,500000.0,1000000.0,,3032,13710287.2419834,13710287.2419834,0,113710287.2419834,0.010735944455043667,0.32572922725044134,6420234.930217877,6223001.412452055,1548752.0113972595,3495318.8846193487,521,16,16,16,856892.9526239625,837826.5272478645,0.8042226487523992,20.423464787382517,597,596,1530,0.5046174142480211,346,0,338,14485400.0,6658670.422163588,-2.2341547615253683
bulk_yen__init500000__yen2000000,bulk_yen,500000.0,2000000.0,,3032,15812568.839541653,15074094.794582749,738474.044958904,115812568.83954166,0.012276036967419968,0.3433228552688649,6832790.585378185,6223001.412452055,1835021.8534794447,3843009.797978899,337,8,8,8,1884261.8493228436,1899967.7626413684,0.9513677811550152,231.25886969039098,723,722,1517,0.5003298153034301,230,0,428,16031560.0,7889452.701187335,-1.3830634160382507
bulk_yen__init500000__yen5000000,bulk_yen,500000.0,5000000.0,,3032,22303206.743424017,22303206.743424017,0,122303206.74342401,0.016874276911895913,0.4261230606069238,8580824.215657532,6187813.941561645,2150167.2908492954,5686009.22372666,234,5,5,5,4460641.348684804,4327829.959707525,1.0,inf,781,780,1460,0.4815303430079156,230,0,453,19622875.0,9244382.081134565,-1.2813647938136483
bulk_yen__init500000__yen10000000,bulk_yen,500000.0,10000000.0,,3032,31091775.886758193,25695168.343114357,5396607.543643836,131091775.8867582,0.022756154994261868,0.5098274786707092,10214627.919027388,5028299.575246575,2476426.261917833,6550760.430324003,195,3,3,3,8565056.114371452,8429829.78428942,1.0,inf,1508,1507,1118,0.3687335092348285,230,0,449,24389370.0,10647092.744063325,-0.8842698744306015
bulk_yen__init1000000__yen100000,bulk_yen,1000000.0,100000.0,,3032,9233778.569145726,9233778.569145726,0,109233778.56914572,0.007367601729294293,0.2974216373768032,4610379.083103135,4596075.667013698,612744.6950684924,2434530.6037857956,1175,71,71,71,130053.21928374263,106544.21669683937,0.7548936170212766,4.147409323120739,221,220,1353,0.4462401055408971,118,0,110,12848050.0,2634421.099934037,-0.44004051933511157
bulk_yen__init1000000__yen300000,bulk_yen,1000000.0,300000.0,,3032,13227125.338525478,13227125.338525478,0,113227125.33852547,0.010378301690442404,0.39220544186446565,5947875.316452056,5785222.411999999,873965.8188493048,3372140.945625213,991,41,41,41,322612.81313476776,302970.0914765005,0.781029263370333,7.196054967660044,532,531,1393,0.4594327176781003,346,0,143,13347880.0,3757509.4689973616,-1.719624457201581
bulk_yen__init1000000__yen500000,bulk_yen,1000000.0,500000.0,,3032,13898469.610237949,13898469.610237949,0,113898469.61023796,0.010874862593707846,0.38123029375692435,6416929.80742465,6222086.02520548,1077738.1436164137,3543294.3481456214,865,29,29,29,479257.5727668258,452239.7336221853,0.8069364161849711,8.298314711544718,551,550,1410,0.4650395778364116,346,0,179,14036500.0,4633603.731860158,-1.8974201857840565
bulk_yen__init1000000__yen1000000,bulk_yen,1000000.0,1000000.0,,3032,13688102.035206929,13688102.035206929,0,113688102.03520693,0.010719553221932632,0.3245902038777961,6420234.930217877,6223001.412452055,1553329.644328764,3489662.9584643124,523,16,16,16,855506.377200433,837826.5272478645,0.7973231357552581,20.823779485529872,618,617,1526,0.5032981530343008,346,0,339,14485400.0,6678351.39676781,-2.2313360012568526
bulk_yen__init1000000__yen2000000,bulk_yen,1000000.0,2000000.0,,3032,15937903.997796793,15199429.952837888,738474.044958904,115937903.99779679,0.012367043411256384,0.34493570918094363,6832790.585378185,6223001.412452055,1845296.033095876,3874962.910107319,337,8,8,8,1899928.744104736,1899967.7626413684,0.9544072948328267,232.03689718309516,720,719,1496,0.49340369393139843,228,0,429,16031560.0,7933625.283641161,-1.344799182137061
bulk_yen__init1000000__yen5000000,bulk_yen,1000000.0,5000000.0,,3032,21902571.91805435,21902571.91805435,0,121902571.91805434,0.01659700713308654,0.4195225857447022,8583169.457246572,5966851.741849316,2130421.0050410735,5583870.84790455,235,5,5,5,4380514.38361087,4327829.959707525,1.0,inf,745,744,1392,0.45910290237467016,228,0,456,19622875.0,9159485.333113456,-1.2048099309031177
bulk_yen__init1000000__yen10000000,bulk_yen,1000000.0,10000000.0,,3032,31224984.85465106,25828377.311007224,5396607.543643836,131224984.85465106,0.022842492447024743,0.510988316553303,10214627.919027388,5028299.575246575,2489522.8683835943,6584720.901965385,193,3,3,3,8609459.103669075,8563038.752182286,1.0,inf,1508,1507,1090,0.35949868073878627,228,0,450,24389370.0,10703400.006596306,-0.8395315351868653
bulk_yen__init2000000__yen100000,bulk_yen,2000000.0,100000.0,,3032,9417626.599779734,9417626.599779734,0,109417626.59977974,0.007508409454091591,0.3032675509321751,4610379.08310315,4596075.667013698,613141.1367123283,2481401.0655079503,1174,71,71,71,132642.62816591174,106544.21669683937,0.7546848381601363,4.209643321474393,221,220,1353,0.4462401055408971,118,0,110,12848050.0,2636125.552440633,-0.42124756136889396
bulk_yen__init2000000__yen300000,bulk_yen,2000000.0,300000.0,,3032,13260708.113653392,13260708.113653392,0,113260708.11365339,0.010403205306365848,0.39315176863527745,5947875.316452056,5785222.411999999,872609.4133150585,3380702.583031545,990,41,41,41,323431.9052110583,302970.0914765005,0.7808080808080808,7.211786331454795,532,531,1393,0.4594327176781003,346,0,143,13347880.0,3751677.768799472,-1.718678130430769
bulk_yen__init2000000__yen500000,bulk_yen,2000000.0,500000.0,,3032,14312593.28016405,14312593.28016405,0,114312593.28016405,0.011179833265547723,0.39305715937495506,6416929.80742465,6222086.02520548,1076237.4448766876,3648871.5879592467,861,30,30,30,477086.442672135,448796.01006400405,0.8048780487804879,8.48680103437546,535,534,1424,0.46965699208443273,346,0,179,14036500.0,4627151.660620052,-1.886945562910089
bulk_yen__init2000000__yen1000000,bulk_yen,2000000.0,1000000.0,,3032,13744284.207188198,13744284.207188198,0,113744284.2071882,0.010761056953867643,0.32565321546079246,6420234.930217877,6223001.412452055,1556898.6716164313,3503986.1161953723,524,16,16,16,859017.7629492624,837826.5272478645,0.8015267175572519,21.022093380899484,634,633,1521,0.5016490765171504,346,0,339,14485400.0,6693695.99439314,-2.225325760122405
bulk_yen__init2000000__yen2000000,bulk_yen,2000000.0,2000000.0,,3032,17560336.877120107,16821862.832161203,738474.044958904,117560336.8771201,0.013537028395843365,0.3876969524364695,6832790.585378185,6223001.412452055,1806406.5492602622,4288588.108619625,367,9,9,9,1869095.8702401337,1873744.1092528445,0.9303621169916435,836.6598049947556,588,587,1642,0.5415567282321899,303,0,416,16031560.0,7766424.689973615,-2.0292351370220048
bulk_yen__init2000000__yen5000000,bulk_yen,2000000.0,5000000.0,,3032,22171855.106618635,22171855.106618635,0,122171855.10661864,0.01678346346213222,0.4217755337954605,8583169.457246572,5966851.741849316,2159669.8238355974,5652522.262545744,221,5,5,5,4434371.021323727,4327829.959707525,1.0,inf,745,744,1358,0.4478891820580475,217,0,459,19622875.0,9285237.062994722,-1.0816142346009043
bulk_yen__init2000000__yen10000000,bulk_yen,2000000.0,10000000.0,,3032,31501259.210652765,26104651.66700893,5396607.543643836,131501259.21065277,0.023021299784793836,0.5128500287449984,10215004.87738356,5028299.575246575,2518919.1252055215,6655154.654141763,179,3,3,3,8701550.555669643,8839313.10818399,1.0,inf,1508,1507,1047,0.3453166226912929,217,0,453,24389370.0,10829785.628298152,-0.7078220615511026
bulk_yen__init5000000__yen100000,bulk_yen,5000000.0,100000.0,,3032,9268282.010671403,9268282.010671403,0,109268282.0106714,0.00739404419202816,0.29850198171011877,4610379.08310315,4596075.667013698,613896.5882191774,2443326.957109434,1174,71,71,71,130539.18324889301,106544.21669683937,0.7546848381601363,4.159089008324324,221,220,1353,0.4462401055408971,118,0,110,12848050.0,2639373.524076517,-0.436530355176044
bulk_yen__init5000000__yen300000,bulk_yen,5000000.0,300000.0,,3032,13890329.958526883,13890329.958526883,0,113890329.95852688,0.010868858175915097,0.41179933633869764,5947875.316452056,5785222.411999999,873617.0899725921,3541219.214500517,990,41,41,41,338788.5355738264,303157.59268296557,0.7808080808080808,7.506723550225461,532,531,1393,0.4594327176781003,346,0,143,13347880.0,3756010.1517150397,-1.700030562727349
bulk_yen__init5000000__yen500000,bulk_yen,5000000.0,500000.0,,3032,14791405.859174103,14791405.859174103,0,114791405.8591741,0.011531182241926397,0.4061457416026071,6416929.80742465,6222086.02520548,1075930.0244383314,3770940.704387549,861,30,30,30,493046.86197247007,453820.4918121413,0.8048780487804879,8.737263996721538,535,534,1424,0.46965699208443273,346,0,179,14036500.0,4625829.943931398,-1.873856980682437
bulk_yen__init5000000__yen1000000,bulk_yen,5000000.0,1000000.0,,3032,14668115.01037015,14668115.01037015,0,114668115.01037015,0.01144084100715026,0.3452222282033901,6420234.930217877,6223001.412452055,1541457.199397264,3739508.7712325985,529,17,17,17,862830.294727656,860637.0116365127,0.8393194706994329,21.22491294264167,606,605,1477,0.48713720316622694,232,0,322,14485400.0,6627307.267480211,-1.244959222565132
bulk_yen__init5000000__yen2000000,bulk_yen,5000000.0,2000000.0,,3032,17600878.909357812,16862404.864398908,738474.044958904,117600878.90935782,0.013566074440740206,0.38505018237950467,6832790.585378185,6223001.412452055,1824865.9113424588,4298923.948299728,372,9,9,9,1873600.5404887674,1873744.1092528445,0.9615384615384616,4128.824816950536,643,642,1650,0.5441952506596306,346,0,415,16031560.0,7845788.466358839,-2.381067315631133
bulk_yen__init5000000__yen5000000,bulk_yen,5000000.0,5000000.0,,3032,22115895.239970442,22115895.239970442,0,122115895.23997045,0.01674474692256056,0.4082551147755242,8583169.457246572,5955286.49121918,2267323.459397244,5638255.779632296,186,5,5,5,4423179.047994088,4327829.959707525,1.0,inf,748,747,1310,0.4320580474934037,169,0,466,19622875.0,9748080.742084432,-0.6666888689745281
bulk_yen__init5000000__yen10000000,bulk_yen,5000000.0,10000000.0,,3032,31149239.0378933,25752631.494249463,5396607.543643836,131149239.0378933,0.022793408759938183,0.4959259317851247,10461321.355191767,5028299.575246575,2615739.034520551,6565410.162586156,143,3,3,3,8584210.498083154,8484640.077915812,1.0,inf,1483,1482,987,0.3255277044854881,169,0,460,24389370.0,11246051.022427442,-0.2844270229411807
bulk_yen__init10000000__yen100000,bulk_yen,10000000.0,100000.0,,3032,9242392.922445528,9242392.922445528,0,109242392.92244554,0.007374204243509652,0.2975701482509641,4610379.083103135,4596075.667013698,614648.1350684924,2436726.7584859957,1174,71,71,71,130174.54820345815,106544.21669683937,0.7546848381601363,4.150325349184379,221,220,1353,0.4462401055408971,118,0,111,12848050.0,2642604.7081134566,-0.43928536386237305
bulk_yen__init10000000__yen300000,bulk_yen,10000000.0,300000.0,,3032,13407572.713608202,13407572.713608202,0,113407572.7136082,0.010512034617219834,0.3975169723264559,5947875.316452056,5785222.411999999,874725.9896986193,3418144.439693175,990,41,41,41,327013.96862459026,303157.59268296557,0.7808080808080808,7.280582922613798,532,531,1393,0.4594327176781003,346,0,144,13347880.0,3760777.7308707125,-1.714312926739591
bulk_yen__init10000000__yen500000,bulk_yen,10000000.0,500000.0,,3032,15710806.988269797,15710806.988269797,0,115710806.98826979,0.012202080763474843,0.430302796616424,6416929.80742465,6222086.02520548,1077910.2573150427,4005334.0524151446,861,30,30,30,523693.5662756599,453820.4918121413,0.8048780487804879,9.218195243042873,535,534,1424,0.46965699208443273,346,0,180,14036500.0,4634343.713720317,-1.8496999256686202
bulk_yen__init10000000__yen1000000,bulk_yen,10000000.0,1000000.0,,3032,15650077.250820883,15650077.250820883,0,115650077.25082088,0.012157916543068747,0.3676614474412177,6420234.930217877,6223001.412452055,1542511.3878904132,3989851.5322887152,529,17,17,17,920592.7794600519,860637.0116365127,0.8393194706994329,22.578877021327745,606,605,1477,0.48713720316622694,232,0,323,14485400.0,6631839.622361477,-1.2225200033273043
bulk_yen__init10000000__yen2000000,bulk_yen,10000000.0,2000000.0,,3032,17500981.62552667,16762507.580567766,738474.044958904,117500981.62552667,0.01349448718604429,0.3801420957452193,6832790.5853782,6223001.412452055,1828946.1277260205,4273456.001747306,345,9,9,9,1862500.8422853074,1873744.1092528445,0.9495548961424333,319.1514910961241,694,693,1559,0.5141820580474934,232,0,427,16031560.0,7863330.859168866,-1.391173919667102
bulk_yen__init10000000__yen5000000,bulk_yen,10000000.0,5000000.0,,3032,26324157.43496754,26324157.43496754,0,126324157.43496755,0.01961187843456713,0.5022393004052266,8580824.215657532,6187813.941561645,2188156.2981369672,6711115.74689547,260,6,6,6,4387359.57249459,4272575.627154861,1.0,inf,745,744,1596,0.5263852242744064,346,0,441,19622875.0,9407711.185686016,-2.2479481184497385
bulk_yen__init10000000__yen10000000,bulk_yen,10000000.0,10000000.0,,3032,40141279.61466169,34744672.071017854,5396607.543643836,140141279.6146617,0.028446284194852955,0.6092574921954235,9772379.658589035,6187813.941561645,2823881.1562739965,8857852.960064348,148,4,4,4,8686168.017754463,8740571.23233061,1.0,inf,781,780,1238,0.408311345646438,169,0,469,24667500.0,12140932.694591029,-0.4069463860137319
bulk_pct__init0__pct0.03,bulk_pct,0.0,,0.03,3032,10273853.029888274,10273853.029888274,0,110273853.02988827,0.008161342007451111,0.3447091434947853,4596075.667013705,4596075.667013698,571965.5924931535,2668263.430618593,1276,144,144,144,71346.20159644635,24856.483773118944,0.7931034482758621,5.785894094984307,102,102,1354,0.4465699208443272,85,0,117,12848050.0,2459096.3209102903,0.18712721434086088
bulk_pct__init0__pct0.05,bulk_pct,0.0,,0.05,3032,13218159.390685383,13218159.390685383,0,113218159.39068538,0.010371651763903644,0.3822525048442673,6416700.215780824,6223001.412452055,856803.8133698463,3369855.1549447654,1069,75,75,75,176242.12520913844,115318.91600690004,0.8475210477081384,8.52228303244593,331,331,1527,0.5036279683377308,247,0,149,13828800.0,3683723.5191292875,-1.2702382344406933
bulk_pct__init0__pct0.08,bulk_pct,0.0,,0.08,3032,13573665.482197197,13573665.482197197,0,113573665.4821972,0.010634956749129731,0.3436198628982405,6416700.215780824,6223001.412452055,1230672.8015342639,3460488.3512685695,756,42,42,42,323182.5114808857,277237.7789307965,0.8293650793650794,13.104809271666625,491,491,1589,0.5240765171503958,346,0,262,14291100.0,5291127.645118734,-1.9496414345846933
bulk_pct__init0__pct0.1,bulk_pct,0.0,,0.1,3032,14478338.605124464,14478338.605124464,0,114478338.60512446,0.011301608351479864,0.34542494974209814,6416700.215780824,6223001.412452055,1504468.4460821927,3691126.921793355,606,30,30,30,482611.2868374821,440012.5421346753,0.8415841584158416,22.981394425148878,567,567,1593,0.5253957783641161,346,0,315,14994600.0,6468278.632915568,-2.101794131381996
bulk_pct__init0__pct0.12,bulk_pct,0.0,,0.12,3032,13169550.970249938,13169550.970249938,0,113169550.97024994,0.010335591125582466,0.31117666552080214,6416700.215780824,6223001.412452055,1581784.5392328845,3357462.8595171915,534,24,24,24,548731.2904270807,475712.92903806176,0.8445692883895131,25.191648307234423,572,572,1578,0.5204485488126649,346,0,360,14994600.0,6800689.747691293,-2.1962007269489385
bulk_pct__init0__pct0.15,bulk_pct,0.0,,0.15,3032,13380007.885941638,13380007.885941638,0,113380007.88594164,0.01049161843852886,0.308948080353271,6416700.215780824,6223001.412452055,1688607.4512328901,3411117.025825491,431,18,18,18,743333.7714412021,758616.8931966472,0.8538283062645011,61.15709515981241,637,637,1589,0.5240765171503958,346,0,399,15885700.0,7259961.832124011,-2.2843132171296623
bulk_pct__init0__pct0.2,bulk_pct,0.0,,0.2,3032,15661095.033901956,15661095.033901956,0,115661095.03390196,0.01216593053578685,0.34753390646558907,6709064.6870958805,6223001.412452055,1792064.1825205453,3992660.4205775014,398,13,13,13,1204699.6179924582,1689869.6709661717,0.9321608040201005,901.129921674579,641,641,1676,0.5527704485488126,346,0,415,16031560.0,7704761.433047493,-2.394309185212595
bulk_pct__init0__pct0.25,bulk_pct,0.0,,0.25,3032,16771597.933776017,16771597.933776017,0,116771597.93377602,0.012970106911272206,0.35872906348520756,8530338.519726023,5914768.58361644,1879827.2517260073,4275773.508497958,360,11,11,11,1524690.7212523653,2009238.1603695997,0.9972222222222222,54547.76703472046,631,631,1613,0.5319920844327177,346,0,423,17189200.0,8082088.047493404,-2.3457789358446917
bulk_pct__init500000__pct0.03,bulk_pct,500000.0,,0.03,3032,10287333.899930125,10287333.899930125,0,110287333.89993012,0.008171584895319883,0.34516628029952057,4596075.667013705,4596075.667013698,572117.3244931535,2671700.261576743,1275,144,144,144,71439.81874951476,24856.483773118944,0.7929411764705883,5.792150129348059,102,102,1354,0.4465699208443272,85,0,117,12848050.0,2459748.6741424804,0.18805243691093798
bulk_pct__init500000__pct0.05,bulk_pct,500000.0,,0.05,3032,13270134.849087901,13270134.849087901,0,113270134.8490879,0.010410194571806697,0.38379016194481586,6416700.215780824,6223001.412452055,856997.4233972437,3383105.8475148496,1068,75,75,75,176935.13132117203,115318.91600690004,0.8473782771535581,8.551861591554575,331,331,1527,0.5036279683377308,247,0,149,13828800.0,3684555.921833773,-1.2652355467799767
bulk_pct__init500000__pct0.08,bulk_pct,500000.0,,0.08,3032,13625640.940599715,13625640.940599715,0,113625640.94059971,0.010673388949285822,0.34495295744998566,6416700.215780824,6223001.412452055,1230866.4115616607,3473739.0438386532,755,42,42,42,324420.0223952313,277237.7789307965,0.8291390728476821,13.151160274761192,491,491,1589,0.5240765171503958,346,0,262,14291100.0,5291960.047823219,-1.948308340032948
bulk_pct__init500000__pct0.1,bulk_pct,500000.0,,0.1,3032,14530314.063526982,14530314.063526982,0,114530314.06352699,0.011339762052642754,0.3466829022962303,6416700.215780824,6223001.412452055,1504662.0561095895,3704377.614363439,605,30,30,30,484343.80211756605,440012.5421346753,0.8413223140495868,23.060304932958747,567,567,1593,0.5253957783641161,346,0,315,14994600.0,6469111.035620052,-2.1005361788278645
bulk_pct__init500000__pct0.12,bulk_pct,500000.0,,0.12,3032,13221526.428652456,13221526.428652456,0,113221526.42865245,0.010374149108650199,0.3124046412913233,6416700.215780824,6223001.412452055,1581978.1492602818,3370713.552087276,533,24,24,24,550896.9345271856,475712.92903806176,0.8442776735459663,25.287124000606315,572,572,1578,0.5204485488126649,346,0,360,14994600.0,6801522.150395778,-2.194972751178417
bulk_pct__init500000__pct0.15,bulk_pct,500000.0,,0.15,3032,13431983.344344156,13431983.344344156,0,113431983.34434415,0.010530110808486759,0.31014589798616926,6416700.215780824,6223001.412452055,1688801.061260287,3424367.718395575,430,18,18,18,746221.2969080086,758616.8931966472,0.8534883720930233,61.39077907268815,637,637,1589,0.5240765171503958,346,0,399,15885700.0,7260794.234828496,-2.283115399496764
bulk_pct__init500000__pct0.2,bulk_pct,500000.0,,0.2,3032,15736374.383053012,15736374.383053012,0,115736374.383053,0.012220667670888252,0.3492265064905118,6709064.6870958805,6223001.412452055,1792301.9178630107,4011852.2380839796,397,13,13,13,1210490.337157924,1689869.6709661717,0.9319899244332494,905.4566430505982,641,641,1676,0.5527704485488126,346,0,415,16031560.0,7705783.547163588,-2.392616585187672
bulk_pct__init500000__pct0.25,bulk_pct,500000.0,,0.25,3032,16865187.12698557,16865187.12698557,0,116865187.12698556,0.013037559237710106,0.3607666214029258,8530338.519726023,5914768.58361644,1880332.556986281,4299633.2620281335,359,11,11,11,1533198.8297259607,2009238.1603695997,0.9972144846796658,54852.14995274212,631,631,1613,0.5319920844327177,346,0,423,17189200.0,8084260.545844327,-2.343741377926974
bulk_pct__init1000000__pct0.03,bulk_pct,1000000.0,,0.03,3032,10300888.768377481,10300888.768377481,0,110300888.76837748,0.008181882850477828,0.3456249470296995,4596075.667013705,4596075.667013698,572269.0718356193,2675155.957786921,1274,144,144,144,71533.94978039917,25766.32666103093,0.792778649921507,5.798440503970731,102,102,1354,0.4465699208443272,85,0,117,12848050.0,2460401.093337731,0.18898175879553936
bulk_pct__init1000000__pct0.05,bulk_pct,1000000.0,,0.05,3032,13322598.226200882,13322598.226200882,0,113322598.22620088,0.01044908275816625,0.38533723636388584,6416700.215780824,6223001.412452055,857191.4990684768,3396480.9307306386,1067,75,75,75,177634.64301601177,115318.91600690004,0.8472352389878163,8.581717818871658,331,331,1527,0.5036279683377308,247,0,149,13828800.0,3685390.3265171503,-1.260190913886708
bulk_pct__init1000000__pct0.08,bulk_pct,1000000.0,,0.08,3032,13678104.317712693,13678104.317712693,0,113678104.3177127,0.010712165588036004,0.3462954121607834,6416700.215780824,6223001.412452055,1231060.4872328932,3487114.127054443,754,42,42,42,325669.15042173077,277237.7789307965,0.8289124668435013,13.19794639708998,491,491,1589,0.5240765171503958,346,0,262,14291100.0,5292794.452506596,-1.9469658853221503
bulk_pct__init1000000__pct0.1,bulk_pct,1000000.0,,0.1,3032,14582777.44063996,14582777.44063996,0,114582777.44063996,0.011378257824555371,0.34794989191907316,6416700.215780824,6223001.412452055,1504856.1317808232,3717752.697579229,604,30,30,30,486092.58135466534,440012.5421346753,0.8410596026490066,23.13995621178625,567,567,1593,0.5253957783641161,346,0,315,14994600.0,6469945.44030343,-2.099269189205021
bulk_pct__init1000000__pct0.12,bulk_pct,1000000.0,,0.12,3032,13273989.805765433,13273989.805765433,0,113273989.80576544,0.01041305259909775,0.3136418701864791,6416700.215780824,6223001.412452055,1582172.2249315146,3384088.635303065,532,24,24,24,553082.9085735597,475712.92903806176,0.8439849624060151,25.383495970386758,572,572,1578,0.5204485488126649,346,0,360,14994600.0,6802356.555079156,-2.1937355222832613
bulk_pct__init1000000__pct0.15,bulk_pct,1000000.0,,0.15,3032,13484446.721457133,13484446.721457133,0,113484446.72145714,0.010568948128355293,0.31135283081034787,6416700.215780824,6223001.412452055,1688995.136931519,3437742.801611364,429,18,18,18,749135.9289698408,758616.8931966472,0.8531468531468531,61.62665668922576,637,637,1589,0.5240765171503958,346,0,399,15885700.0,7261628.639511873,-2.2819084666725855
bulk_pct__init1000000__pct0.2,bulk_pct,1000000.0,,0.2,3032,15812392.230384942,15812392.230384942,0,115812392.23038495,0.012275908666985913,0.350931528553255,6709064.6870958805,6223001.412452055,1792540.5933150658,4031232.3292999947,396,13,13,13,1216337.863875765,1689869.6709661717,0.9318181818181818,909.8258100096543,641,641,1676,0.5527704485488126,346,0,415,16031560.0,7706809.703166227,-2.390911563124929
bulk_pct__init1000000__pct0.25,bulk_pct,1000000.0,,0.25,3032,16959711.698419634,16959711.698419634,0,116959711.69841963,0.013105635462620224,0.362817440137115,8530338.519726023,5914768.58361644,1880841.679452036,4323731.482128316,358,11,11,11,1541791.972583603,2009238.1603695997,0.9972067039106145,55159.57502919754,631,631,1613,0.5319920844327177,346,0,423,17189200.0,8086449.455804749,-2.3416905591927843
bulk_pct__init2000000__pct0.03,bulk_pct,2000000.0,,0.03,3032,10328738.34081843,10328738.34081843,0,110328738.34081843,0.008203037190858797,0.3465642553190659,4596075.667013705,4596075.667013698,572578.6053150715,2682255.9648665204,1273,144,144,144,71727.34958901687,25766.32666103093,0.7926158680282797,5.811364586887153,102,102,1354,0.4465699208443272,85,0,117,12848050.0,2461731.894788918,0.19088806612799392
bulk_pct__init2000000__pct0.05,bulk_pct,2000000.0,,0.05,3032,13430334.41749784,13430334.41749784,0,113430334.41749784,0.010528889882437165,0.3884980998208076,6416700.215780824,6223001.412452055,857587.9407123125,3423947.338789843,1066,75,75,75,179071.12556663787,121863.21649193906,0.8470919324577861,8.643029087696615,331,331,1527,0.5036279683377308,247,0,149,13828800.0,3687094.7790237465,-1.249847637676656
bulk_pct__init2000000__pct0.08,bulk_pct,2000000.0,,0.08,3032,13785840.509009654,13785840.509009654,0,113785840.50900966,0.010791743953262545,0.34904205905817104,6416700.215780824,6223001.412452055,1231456.9288767292,3514580.535113647,753,42,42,42,328234.2978335632,277237.7789307965,0.8286852589641435,13.29402405931143,491,491,1589,0.5240765171503958,346,0,262,14291100.0,5294498.905013192,-1.9442192384247625
bulk_pct__init2000000__pct0.1,bulk_pct,2000000.0,,0.1,3032,14690513.63193692,14690513.63193692,0,114690513.63193692,0.011457260190816054,0.35054280527363535,6416700.215780824,6223001.412452055,1505252.5734246608,3745219.105638433,603,30,30,30,489683.78773123067,440012.5421346753,0.8407960199004975,23.3035241306857,567,567,1593,0.5253957783641161,346,0,315,14994600.0,6471649.892810026,-2.0966762758504593
bulk_pct__init2000000__pct0.12,bulk_pct,2000000.0,,0.12,3032,13381725.99706239,13381725.99706239,0,113381725.99706239,0.010492891108533353,0.3161752476196044,6416700.215780824,6223001.412452055,1582568.6665753496,3411555.0433622696,531,24,24,24,557571.9165442663,475712.92903806176,0.8436911487758946,25.581400671595226,572,572,1578,0.5204485488126649,346,0,360,14994600.0,6804061.007585752,-2.191202144850136
bulk_pct__init2000000__pct0.15,bulk_pct,2000000.0,,0.15,3032,13592182.91275409,13592182.91275409,0,113592182.91275409,0.010648650937020276,0.3138244629090139,6416700.215780824,6223001.412452055,1689391.5785753545,3465209.209670569,428,18,18,18,755121.2729307828,758616.8931966472,0.852803738317757,62.11104327309442,637,637,1589,0.5240765171503958,346,0,399,15885700.0,7263333.092018469,-2.2794368345739193
bulk_pct__init2000000__pct0.2,bulk_pct,2000000.0,,0.2,3032,15968490.259471878,15968490.259471878,0,115968490.25947188,0.012389238545580605,0.3544190834802153,6709064.6870958805,6223001.412452055,1793028.606849312,4071028.1686788127,395,13,13,13,1228345.4045747598,1689869.6709661717,0.9316455696202531,918.797628799555,641,641,1676,0.5527704485488126,346,0,415,16031560.0,7708907.857849604,-2.3874240081979687
bulk_pct__init2000000__pct0.25,bulk_pct,2000000.0,,0.25,3032,17153807.575929035,17153807.575929035,0,117153807.57592903,0.013245264554705649,0.36700539692590234,8530338.519726023,5914768.58361644,1881884.9724931314,4373214.543577817,357,11,11,11,1559437.052357185,2009238.1603695997,0.9971988795518207,55790.838827358566,631,631,1613,0.5319920844327177,346,0,423,17189200.0,8090934.967018469,-2.3375026024039967
bulk_pct__init5000000__pct0.03,bulk_pct,5000000.0,,0.03,3032,10412672.57393113,10412672.57393113,0,110412672.57393113,0.008266763446215242,0.3493698613410871,4596075.667013705,4596075.667013698,573509.2240547973,2703654.270014095,1273,144,144,144,72310.22620785507,25766.32666103093,0.7926158680282797,5.850315741005404,102,102,1354,0.4465699208443272,85,0,117,12848050.0,2465732.9765831134,0.19660805524420644
bulk_pct__init5000000__pct0.05,bulk_pct,5000000.0,,0.05,3032,13754756.34778848,13754756.34778848,0,113754756.34778848,0.010768791011380063,0.3978785218988568,6416700.215780824,6223001.412452055,858780.1845479287,3506655.8976635872,1066,75,75,75,183396.7513038464,121863.21649193906,0.8470919324577861,8.827653399557946,331,331,1527,0.5036279683377308,247,0,149,13828800.0,3692220.6860158313,-1.218839086912564
bulk_pct__init5000000__pct0.08,bulk_pct,5000000.0,,0.08,3032,14110262.439300293,14110262.439300293,0,114110262.4393003,0.011030958733269314,0.35722600477881744,6416700.215780824,6223001.412452055,1232649.1727123442,3597289.093987392,753,42,42,42,335958.62950714986,303843.4040369318,0.8286852589641435,13.583339100621735,491,491,1589,0.5240765171503958,346,0,262,14291100.0,5299624.812005277,-1.936035292704116
bulk_pct__init5000000__pct0.1,bulk_pct,5000000.0,,0.1,3032,15014935.56222756,15014935.56222756,0,115014935.56222756,0.011694746758521779,0.3582745403542373,6416700.215780824,6223001.412452055,1506444.8172602782,3827927.6645121775,603,30,30,30,500497.85207425203,528028.3196554146,0.8407960199004975,23.796070036979298,567,567,1593,0.5253957783641161,346,0,315,14994600.0,6476775.7998021105,-2.088944540769857
bulk_pct__init5000000__pct0.12,bulk_pct,5000000.0,,0.12,3032,13706147.92735303,13706147.92735303,0,113706147.92735302,0.010732886402211816,0.32374081885764977,6416700.215780824,6223001.412452055,1583760.9104109656,3494263.6022360143,531,24,24,24,571089.496973043,563728.706558801,0.8436911487758946,26.177343635670052,572,572,1578,0.5204485488126649,346,0,360,14994600.0,6809186.914577836,-2.183636573612091
bulk_pct__init5000000__pct0.15,bulk_pct,5000000.0,,0.15,3032,13916604.84304473,13916604.84304473,0,113916604.84304473,0.01088823908737191,0.32120815293758637,6416700.215780824,6223001.412452055,1690583.8224109686,3547917.7685443135,428,18,18,18,773144.713502485,816473.1649305348,0.852803738317757,63.569658327643815,637,637,1589,0.5240765171503958,346,0,399,15885700.0,7268458.9990105545,-2.272053144545347
bulk_pct__init5000000__pct0.2,bulk_pct,5000000.0,,0.2,3032,16438498.862073276,16438498.862073276,0,116438498.86207327,0.01272963033393193,0.36480131416239886,6709064.6870958805,6223001.412452055,1794496.5152876675,4190852.7876390605,395,13,13,13,1264499.9124671752,1689869.6709661717,0.9316455696202531,945.8116278673178,641,641,1676,0.5527704485488126,346,0,415,16031560.0,7715218.951187335,-2.3770417775157853
bulk_pct__init5000000__pct0.25,bulk_pct,5000000.0,,0.25,3032,17738203.483885113,17738203.483885113,0,117738203.48388511,0.013664391464559777,0.3794117131854821,8530338.519726023,5914768.58361644,1885024.4736438175,4522201.214471055,357,11,11,11,1612563.9530804649,2009238.1603695997,0.9971988795518207,57691.48702875195,631,631,1613,0.5319920844327177,346,0,423,17189200.0,8104432.86939314,-2.325096286144417
bulk_pct__init10000000__pct0.03,bulk_pct,10000000.0,,0.03,3032,10552081.41206152,10552081.41206152,0,110552081.41206151,0.008372510170817193,0.35394292553485657,4596075.667013705,4596075.667013698,575054.916109592,2739195.344828914,1273,144,144,144,73278.34313931612,25766.32666103093,0.7926158680282797,5.915010859291313,102,102,1354,0.4465699208443272,85,0,118,12848050.0,2472378.491094987,0.20602170409528098
bulk_pct__init10000000__pct0.05,bulk_pct,10000000.0,,0.05,3032,14293598.280198924,14293598.280198924,0,114293598.28019893,0.01116586707222611,0.4129582899591158,6416700.215780824,6223001.412452055,860760.4174246415,3644028.977376434,1066,75,75,75,190581.31040265234,121863.21649193906,0.8470919324577861,9.134301352993706,331,331,1527,0.5036279683377308,247,0,150,13828800.0,3700734.4558047494,-1.167836523358275
bulk_pct__init10000000__pct0.08,bulk_pct,10000000.0,,0.08,3032,14649104.371710738,14649104.371710738,0,114649104.37171073,0.011426903058047166,0.3705013340780134,6416700.215780824,6223001.412452055,1234629.4055890564,3734662.173700238,753,42,42,42,348788.19932644616,303843.4040369318,0.8286852589641435,14.063870967858296,491,491,1589,0.5240765171503958,346,0,263,14291100.0,5308138.581794195,-1.9227599634049204
bulk_pct__init10000000__pct0.1,bulk_pct,10000000.0,,0.1,3032,15553777.494638002,15553777.494638002,0,115553777.494638,0.012087841282141687,0.370838622575279,6416700.215780824,6223001.412452055,1508425.0501369897,3965300.744225024,603,30,30,30,518459.24982126674,550123.166692839,0.8407960199004975,24.61415402936024,567,567,1593,0.5253957783641161,346,0,316,14994600.0,6485289.569591029,-2.0763804585488153
bulk_pct__init10000000__pct0.12,bulk_pct,10000000.0,,0.12,3032,14244989.859763475,14244989.859763475,0,114244989.85976347,0.01113011773139383,0.33607422125344516,6416700.215780824,6223001.412452055,1585741.143287679,3631636.68194886,531,24,24,24,593541.2441568115,654614.8320534448,0.8436911487758946,27.167162844503455,572,572,1578,0.5204485488126649,346,0,361,14994600.0,6817700.684366754,-2.1713031712162953
bulk_pct__init10000000__pct0.15,bulk_pct,10000000.0,,0.15,3032,14455446.775455175,14455446.775455175,0,114455446.77545518,0.011284799074013696,0.33325444840418483,6416700.215780824,6223001.412452055,1692564.05528768,3685290.84825716,428,18,18,18,803080.3764141764,1085894.1311357566,0.852803738317757,65.99231500172328,637,637,1589,0.5240765171503958,346,0,400,15885700.0,7276972.768799473,-2.260006849078749
bulk_pct__init10000000__pct0.2,bulk_pct,10000000.0,,0.2,3032,17219149.983433597,17219149.983433597,0,117219149.9834336,0.01329222299117716,0.3815978192772312,6709064.6870958805,6223001.412452055,1796934.6076164339,4389873.023949972,395,13,13,13,1324549.9987256613,1689869.6709661717,0.9316455696202531,990.6799739953575,641,641,1676,0.5527704485488126,346,0,416,16031560.0,7725701.231860158,-2.360245272400953
bulk_pct__init10000000__pct0.25,bulk_pct,10000000.0,,0.25,3032,18708843.84735777,18708843.84735777,0,118708843.84735776,0.014356334922952074,0.39925008122437133,8530338.519726023,5914768.58361644,1890238.9635068288,4769657.561135383,357,11,11,11,1700803.9861234336,2009238.1603695997,0.9971988795518207,60848.32956635022,631,631,1613,0.5319920844327177,346,0,424,17189200.0,8126851.932717678,-2.3052579181055277
combo__init0__yen100000__pct0.03,combo,0.0,100000.0,0.03,3032,8063044.653347393,8063044.653347393,0,108063044.65334739,0.006465814910989076,0.283626147428288,4596075.667013705,4596075.667013698,491068.6556712346,2182353.8069813955,1325,153,153,153,52699.6382571725,18335.6502422282,0.7637735849056604,3.612134726501319,70,70,1297,0.4277704485488127,68,0,89,12848050.0,2111289.805408971,0.224130453385173
combo__init0__yen100000__pct0.05,combo,0.0,100000.0,0.05,3032,9044510.819616584,9044510.819616584,0,109044510.81961659,0.007222415907827573,0.29318179896335544,4610379.083103135,4596075.667013698,601114.7876712332,2386278.4317121985,1199,94,94,94,96218.20020868706,67186.56763849844,0.7781484570475397,4.171580883309489,221,220,1410,0.4650395778364116,118,0,110,12848050.0,2584419.731200528,-0.38235387001038057
combo__init0__yen100000__pct0.08,combo,0.0,100000.0,0.08,3032,9070340.097067393,9070340.097067393,0,109070340.09706739,0.0072422429540575095,0.29304445020208475,4610379.08310315,4596075.667013698,605329.9878356163,2392863.3820970044,1193,81,81,81,111979.50737120239,89028.24323802584,0.760268231349539,4.089449659810871,221,220,1388,0.4577836411609499,118,0,110,12848050.0,2602542.470316623,-0.44441687293268917
combo__init0__yen100000__pct0.1,combo,0.0,100000.0,0.1,3032,8946459.318573419,8946459.318573419,0,108946459.31857342,0.007147110483837649,0.2883741784104899,4610379.08310315,4596075.667013698,607903.455945208,2361281.0514813913,1187,78,78,78,114698.1963919669,93154.76325728258,0.7531592249368155,4.043093217397955,221,220,1371,0.45217678100263853,118,0,110,12848050.0,2613606.782651715,-0.45617311914552783
combo__init0__yen100000__pct0.12,combo,0.0,100000.0,0.12,3032,8942867.282291405,8942867.282291405,0,108942867.28229141,0.007144350551636647,0.2881937590991209,4610379.08310315,4596075.667013698,610336.7027397278,2360365.2929688846,1180,76,76,76,117669.30634593953,95624.17757273494,0.7516949152542373,4.041953662260766,221,220,1370,0.45184696569920846,118,0,110,12848050.0,2624068.230540897,-0.4655085427767436
combo__init0__yen100000__pct0.15,combo,0.0,100000.0,0.15,3032,9001741.231103376,9001741.231103376,0,109001741.23110338,0.007189575685147664,0.28997332769089823,4610379.083103135,4596075.667013698,611657.4140273969,2375374.695869244,1173,74,74,74,121645.15177166724,100673.87632681479,0.7510656436487638,4.059991529489069,221,220,1364,0.449868073878628,118,0,110,12848050.0,2629746.4676781003,-0.46291307159458595
combo__init0__yen100000__pct0.2,combo,0.0,100000.0,0.2,3032,9006473.873541469,9006473.873541469,0,109006473.87354147,0.007193210181019483,0.29017608278217166,4610379.08310315,4596075.667013698,611729.6774246567,2376581.2420338914,1175,73,73,73,123376.35443207492,100903.9922798884,0.7523404255319149,4.065425157180943,221,220,1359,0.4482189973614776,118,0,110,12848050.0,2630057.1553430078,-0.461607073649823
combo__init0__yen100000__pct0.25,combo,0.0,100000.0,0.25,3032,9033259.531803157,9033259.531803157,0,109033259.53180316,0.007213777858174009,0.29103943739592913,4610379.083103135,4596075.667013698,611637.595780821,2383410.0134160365,1177,73,73,73,123743.2812575775,100903.9922798884,0.7527612574341547,4.07447742981147,221,220,1361,0.4488786279683377,118,0,110,12848050.0,2629661.2615435356,-0.4608879767291332
combo__init0__yen300000__pct0.03,combo,0.0,300000.0,0.03,3032,10273853.029888274,10273853.029888274,0,110273853.02988827,0.008161342007451111,0.3447091434947853,4596075.667013705,4596075.667013698,571965.5924931535,2668263.430618593,1276,144,144,144,71346.20159644635,24856.483773118944,0.7931034482758621,5.785894094984307,102,102,1354,0.4465699208443272,85,0,117,12848050.0,2459096.3209102903,0.18712721434086088
combo__init0__yen300000__pct0.05,combo,0.0,300000.0,0.05,3032,12389395.551241795,12389395.551241795,0,112389395.5512418,0.009754873571351519,0.38053492854199106,6416700.215780824,6223001.412452055,748182.0935342372,3158568.99822397,1135,80,80,80,154867.44439052243,107623.63728782984,0.8440528634361234,7.411195703909499,331,331,1466,0.48350923482849606,247,0,135,13781900.0,3216717.6797493403,-1.2559730143083454
combo__init0__yen300000__pct0.08,combo,0.0,300000.0,0.08,3032,12274290.083089009,12274290.083089009,0,112274290.08308901,0.009668880805371316,0.36894951555281535,6416700.215780824,6223001.412452055,829362.4359999876,3129223.8569110027,1035,56,56,56,219183.7514837323,228383.46225975227,0.8038647342995169,6.8513813446484715,473,472,1470,0.48482849604221634,346,0,145,13781900.0,3565742.6632585754,-2.035648961186918
combo__init0__yen300000__pct0.1,combo,0.0,300000.0,0.1,3032,12559222.664113415,12559222.664113415,0,112559222.66411342,0.009881600330265972,0.37513679554891605,6416700.215780824,6223001.412452055,844995.7323835519,3201864.948503031,1014,51,51,51,246259.26792379245,270878.80396245595,0.8027613412228797,6.999850941729798,473,472,1450,0.4782321899736148,346,0,145,13781900.0,3632956.1147757256,-1.936795180784712
combo__init0__yen300000__pct0.12,combo,0.0,300000.0,0.12,3032,12617673.229579136,12617673.229579136,0,112617673.22957914,0.009925176200346497,0.37621920334422765,6416700.215780824,6223001.412452055,857472.1369314984,3216766.413489366,1004,48,48,48,262868.19228289864,285044.3974506215,0.799800796812749,6.988592350210188,473,472,1447,0.47724274406332456,346,0,145,13781900.0,3686596.894788918,-1.8871998134629986
combo__init0__yen300000__pct0.15,combo,0.0,300000.0,0.15,3032,12677010.12707546,12677010.12707546,0,112677010.12707546,0.009969391639910397,0.3744010659404682,6416700.215780824,6223001.412452055,875973.3037808109,3231893.8411437273,982,44,44,44,288113.8665244423,299020.8545579177,0.7759674134419552,7.098780813517769,532,531,1413,0.46602902374670185,346,0,145,13781900.0,3766140.405672823,-1.7791484187091724
combo__init0__yen300000__pct0.2,combo,0.0,300000.0,0.2,3032,12810365.521711942,12810365.521711942,0,112810365.52171195,0.010068684794045879,0.3783348126928136,6416700.215780824,6223001.412452055,878744.0322739606,3265891.6430140943,980,42,42,42,305008.7028979034,303547.3525996193,0.7775510204081633,7.1735544237720195,532,531,1407,0.4640501319261214,346,0,145,13781900.0,3778052.8149736146,-1.7348473291172966
combo__init0__yen300000__pct0.25,combo,0.0,300000.0,0.25,3032,12827888.5941655,12827888.5941655,0,112827888.5941655,0.010081724042974027,0.38023184585575254,5947875.316452056,5785222.411999999,871960.3713972504,3270358.9984372486,984,42,42,42,305425.9189087024,299020.8545579177,0.7794715447154471,7.00903830683207,532,531,1401,0.4620712401055409,346,0,143,13347880.0,3748887.2922163587,-1.7270136204926165
combo__init0__yen500000__pct0.03,combo,0.0,500000.0,0.03,3032,10273853.029888274,10273853.029888274,0,110273853.02988827,0.008161342007451111,0.3447091434947853,4596075.667013705,4596075.667013698,571965.5924931535,2668263.430618593,1276,144,144,144,71346.20159644635,24856.483773118944,0.7931034482758621,5.785894094984307,102,102,1354,0.4465699208443272,85,0,117,12848050.0,2459096.3209102903,0.18712721434086088
combo__init0__yen500000__pct0.05,combo,0.0,500000.0,0.05,3032,13218159.390685383,13218159.390685383,0,113218159.39068538,0.010371651763903644,0.3822525048442673,6416700.215780824,6223001.412452055,856803.8133698463,3369855.1549447654,1069,75,75,75,176242.12520913844,115318.91600690004,0.8475210477081384,8.52228303244593,331,331,1527,0.5036279683377308,247,0,149,13828800.0,3683723.5191292875,-1.2702382344406933
combo__init0__yen500000__pct0.08,combo,0.0,500000.0,0.08,3032,12884341.649387933,12884341.649387933,0,112884341.64938793,0.010123719203774417,0.34418354599784284,6416700.215780824,6223001.412452055,1003243.9361095753,3284751.2155024884,920,47,47,47,274134.92871038156,256785.69286721258,0.8239130434782609,7.979648904338575,476,475,1488,0.49076517150395776,346,0,175,14036500.0,4313324.970316622,-1.9159690709938684
combo__init0__yen500000__pct0.1,combo,0.0,500000.0,0.1,3032,13194759.639700526,13194759.639700526,0,113194759.63970053,0.01035429419911238,0.35125962293507623,6416700.215780824,6223001.412452055,1022653.2020273826,3363889.591272085,907,42,42,42,314160.9438023935,337775.7236502415,0.8302094818081588,8.199100296550437,476,475,1461,0.48186015831134565,346,0,177,14036500.0,4396772.742414248,-1.815352598030707
combo__init0__yen500000__pct0.12,combo,0.0,500000.0,0.12,3032,12656765.704100665,12656765.704100665,0,112656765.70410067,0.009954308720226068,0.33695143212953305,6416700.215780824,6223001.412452055,1037228.7869040974,3226732.700995231,900,38,38,38,333072.7816868596,363290.9082702156,0.8255555555555556,7.3303715929907955,476,475,1452,0.4788918205804749,346,0,179,14036500.0,4459438.692282322,-1.8707557756436377
combo__init0__yen500000__pct0.15,combo,0.0,500000.0,0.15,3032,12918626.541123668,12918626.541123668,0,112918626.54112367,0.010149214175138255,0.340602863248209,6416929.80742465,6222086.02520548,1067403.973424646,3293491.851451681,876,35,35,35,369103.6154606762,415604.75678087666,0.8002283105022832,7.789629375561124,551,550,1437,0.47394459102902375,346,0,180,14036500.0,4589173.2272427445,-1.8897626558706082
combo__init0__yen500000__pct0.2,combo,0.0,500000.0,0.2,3032,13321996.982397921,13321996.982397921,0,113321996.98239791,0.01044863718305522,0.3506662927724334,6416929.80742465,6222086.02520548,1070567.9887671063,3396327.648834959,871,32,32,32,416312.40569993504,427715.9259259696,0.8025258323765786,7.953054983426453,551,550,1426,0.4703166226912929,346,0,180,14036500.0,4602776.525395778,-1.9063153213331914
combo__init0__yen500000__pct0.25,combo,0.0,500000.0,0.25,3032,13344711.561964858,13344711.561964858,0,113344711.56196485,0.010465469200210409,0.3514003447388014,6416929.80742465,6222086.02520548,1073154.8090410775,3402118.5339940516,860,31,31,31,430474.5665149954,432833.6875682204,0.8034883720930233,8.113115525377616,535,534,1421,0.46866754617414247,346,0,180,14036500.0,4613898.243733509,-1.9131340398153718
combo__init0__yen1000000__pct0.03,combo,0.0,1000000.0,0.03,3032,10273853.029888274,10273853.029888274,0,110273853.02988827,0.008161342007451111,0.3447091434947853,4596075.667013705,4596075.667013698,571965.5924931535,2668263.430618593,1276,144,144,144,71346.20159644635,24856.483773118944,0.7931034482758621,5.785894094984307,102,102,1354,0.4465699208443272,85,0,117,12848050.0,2459096.3209102903,0.18712721434086088
combo__init0__yen1000000__pct0.05,combo,0.0,1000000.0,0.05,3032,13218159.390685383,13218159.390685383,0,113218159.39068538,0.010371651763903644,0.3822525048442673,6416700.215780824,6223001.412452055,856803.8133698463,3369855.1549447654,1069,75,75,75,176242.12520913844,115318.91600690004,0.8475210477081384,8.52228303244593,331,331,1527,0.5036279683377308,247,0,149,13828800.0,3683723.5191292875,-1.2702382344406933
combo__init0__yen1000000__pct0.08,combo,0.0,1000000.0,0.08,3032,13573665.482197197,13573665.482197197,0,113573665.4821972,0.010634956749129731,0.3436198628982405,6416700.215780824,6223001.412452055,1230672.8015342639,3460488.3512685695,756,42,42,42,323182.5114808857,277237.7789307965,0.8293650793650794,13.104809271666625,491,491,1589,0.5240765171503958,346,0,262,14291100.0,5291127.645118734,-1.9496414345846933
combo__init0__yen1000000__pct0.1,combo,0.0,1000000.0,0.1,3032,15247547.012269123,15247547.012269123,0,115247547.01226912,0.011864647530620553,0.3736528485919801,6416700.215780824,6223001.412452055,1374676.3934246686,3887229.937306233,653,34,34,34,448457.2650667389,351926.02965302597,0.8315467075038285,21.193444904819,567,567,1516,0.5,346,0,301,14485400.0,5910253.529023747,-1.9473788974397657
combo__init0__yen1000000__pct0.12,combo,0.0,1000000.0,0.12,3032,11895514.579982372,11895514.579982372,0,111895514.57998237,0.009385334165414427,0.28531982666280353,6420234.930217877,6223001.412452055,1543237.3412054859,3032658.3258121586,553,25,25,25,475820.58319929487,415604.75678087666,0.8028933092224232,14.780476667577444,572,572,1591,0.524736147757256,346,0,348,14485400.0,6634960.770118734,-2.2224203626407104
combo__init0__yen1000000__pct0.15,combo,0.0,1000000.0,0.15,3032,12505538.159675818,12505538.159675818,0,112505538.15967582,0.009841559355211027,0.29666839365579306,6420234.930217877,6223001.412452055,1563538.137863013,3188178.5494611803,534,22,22,22,568433.5527125372,729197.8280162446,0.7921348314606742,18.22715163321218,634,633,1565,0.5161609498680739,346,0,347,14485400.0,6722241.569920844,-2.2228462019801745
combo__init0__yen1000000__pct0.2,combo,0.0,1000000.0,0.2,3032,13124266.06225179,13124266.06225179,0,113124266.06225179,0.010301983287519967,0.3115198878915134,6420234.930217877,6223001.412452055,1544120.265972602,3345917.8647756176,538,19,19,19,690750.8453816731,784183.220277278,0.7992565055762082,18.84274018560718,634,633,1545,0.5095646437994723,346,0,339,14485400.0,6638756.797493404,-2.225705789538649
combo__init0__yen1000000__pct0.25,combo,0.0,1000000.0,0.25,3032,13486462.272406258,13486462.272406258,0,113486462.27240625,0.010570439861685266,0.31964984778627986,6420234.930217877,6223001.412452055,1545622.5507397254,3438256.6488540266,527,18,18,18,749247.9040225699,825587.9233074014,0.7988614800759013,20.531754909515342,618,617,1540,0.5079155672823219,346,0,339,14485400.0,6645215.687664907,-2.2251286000924315
combo__init0__yen2000000__pct0.03,combo,0.0,2000000.0,0.03,3032,10273853.029888274,10273853.029888274,0,110273853.02988827,0.008161342007451111,0.3447091434947853,4596075.667013705,4596075.667013698,571965.5924931535,2668263.430618593,1276,144,144,144,71346.20159644635,24856.483773118944,0.7931034482758621,5.785894094984307,102,102,1354,0.4465699208443272,85,0,117,12848050.0,2459096.3209102903,0.18712721434086088
combo__init0__yen2000000__pct0.05,combo,0.0,2000000.0,0.05,3032,13218159.390685383,13218159.390685383,0,113218159.39068538,0.010371651763903644,0.3822525048442673,6416700.215780824,6223001.412452055,856803.8133698463,3369855.1549447654,1069,75,75,75,176242.12520913844,115318.91600690004,0.8475210477081384,8.52228303244593,331,331,1527,0.5036279683377308,247,0,149,13828800.0,3683723.5191292875,-1.2702382344406933
combo__init0__yen2000000__pct0.08,combo,0.0,2000000.0,0.08,3032,13573665.482197197,13573665.482197197,0,113573665.4821972,0.010634956749129731,0.3436198628982405,6416700.215780824,6223001.412452055,1230672.8015342639,3460488.3512685695,756,42,42,42,323182.5114808857,277237.7789307965,0.8293650793650794,13.104809271666625,491,491,1589,0.5240765171503958,346,0,262,14291100.0,5291127.645118734,-1.9496414345846933
combo__init0__yen2000000__pct0.1,combo,0.0,2000000.0,0.1,3032,14478338.605124464,14478338.605124464,0,114478338.60512446,0.011301608351479864,0.34542494974209814,6416700.215780824,6223001.412452055,1504468.4460821927,3691126.921793355,606,30,30,30,482611.2868374821,440012.5421346753,0.8415841584158416,22.981394425148878,567,567,1593,0.5253957783641161,346,0,315,14994600.0,6468278.632915568,-2.101794131381996
combo__init0__yen2000000__pct0.12,combo,0.0,2000000.0,0.12,3032,13169550.970249938,13169550.970249938,0,113169550.97024994,0.010335591125582466,0.31117666552080214,6416700.215780824,6223001.412452055,1581784.5392328845,3357462.8595171915,534,24,24,24,548731.2904270807,475712.92903806176,0.8445692883895131,25.191648307234423,572,572,1578,0.5204485488126649,346,0,360,14994600.0,6800689.747691293,-2.1962007269489385
combo__init0__yen2000000__pct0.15,combo,0.0,2000000.0,0.15,3032,13380007.885941638,13380007.885941638,0,113380007.88594164,0.01049161843852886,0.308948080353271,6416700.215780824,6223001.412452055,1688607.4512328901,3411117.025825491,431,18,18,18,743333.7714412021,758616.8931966472,0.8538283062645011,61.15709515981241,637,637,1589,0.5240765171503958,346,0,399,15885700.0,7259961.832124011,-2.2843132171296623
combo__init0__yen2000000__pct0.2,combo,0.0,2000000.0,0.2,3032,15377166.300285488,15377166.300285488,0,115377166.30028549,0.01195918585124156,0.34113515981784137,6709064.6870958805,6223001.412452055,1789949.7855342443,3920275.2511802684,398,13,13,13,1182858.9461758067,1586789.0226344918,0.9296482412060302,883.2330315446649,641,641,1676,0.5527704485488126,346,0,415,16031560.0,7695670.841029024,-2.4007079318603424
combo__init0__yen2000000__pct0.25,combo,0.0,2000000.0,0.25,3032,16424405.718831135,16424405.718831135,0,116424405.71883114,0.012719442069039077,0.36072272973505076,6832790.585378185,6223001.412452055,1793325.6872328708,4187259.862935993,387,12,12,12,1368700.4765692612,1797094.5268491944,0.9612403100775194,3956.528313960648,627,626,1671,0.5511213720316622,346,0,415,16031560.0,7710185.118733509,-2.3886731323916823
combo__init0__yen5000000__pct0.03,combo,0.0,5000000.0,0.03,3032,10273853.029888274,10273853.029888274,0,110273853.02988827,0.008161342007451111,0.3447091434947853,4596075.667013705,4596075.667013698,571965.5924931535,2668263.430618593,1276,144,144,144,71346.20159644635,24856.483773118944,0.7931034482758621,5.785894094984307,102,102,1354,0.4465699208443272,85,0,117,12848050.0,2459096.3209102903,0.18712721434086088
combo__init0__yen5000000__pct0.05,combo,0.0,5000000.0,0.05,3032,13218159.390685383,13218159.390685383,0,113218159.39068538,0.010371651763903644,0.3822525048442673,6416700.215780824,6223001.412452055,856803.8133698463,3369855.1549447654,1069,75,75,75,176242.12520913844,115318.91600690004,0.8475210477081384,8.52228303244593,331,331,1527,0.5036279683377308,247,0,149,13828800.0,3683723.5191292875,-1.2702382344406933
combo__init0__yen5000000__pct0.08,combo,0.0,5000000.0,0.08,3032,13573665.482197197,13573665.482197197,0,113573665.4821972,0.010634956749129731,0.3436198628982405,6416700.215780824,6223001.412452055,1230672.8015342639,3460488.3512685695,756,42,42,42,323182.5114808857,277237.7789307965,0.8293650793650794,13.104809271666625,491,491,1589,0.5240765171503958,346,0,262,14291100.0,5291127.645118734,-1.9496414345846933
combo__init0__yen5000000__pct0.1,combo,0.0,5000000.0,0.1,3032,14478338.605124464,14478338.605124464,0,114478338.60512446,0.011301608351479864,0.34542494974209814,6416700.215780824,6223001.412452055,1504468.4460821927,3691126.921793355,606,30,30,30,482611.2868374821,440012.5421346753,0.8415841584158416,22.981394425148878,567,567,1593,0.5253957783641161,346,0,315,14994600.0,6468278.632915568,-2.101794131381996
combo__init0__yen5000000__pct0.12,combo,0.0,5000000.0,0.12,3032,13169550.970249938,13169550.970249938,0,113169550.97024994,0.010335591125582466,0.31117666552080214,6416700.215780824,6223001.412452055,1581784.5392328845,3357462.8595171915,534,24,24,24,548731.2904270807,475712.92903806176,0.8445692883895131,25.191648307234423,572,572,1578,0.5204485488126649,346,0,360,14994600.0,6800689.747691293,-2.1962007269489385
combo__init0__yen5000000__pct0.15,combo,0.0,5000000.0,0.15,3032,13380007.885941638,13380007.885941638,0,113380007.88594164,0.01049161843852886,0.308948080353271,6416700.215780824,6223001.412452055,1688607.4512328901,3411117.025825491,431,18,18,18,743333.7714412021,758616.8931966472,0.8538283062645011,61.15709515981241,637,637,1589,0.5240765171503958,346,0,399,15885700.0,7259961.832124011,-2.2843132171296623
combo__init0__yen5000000__pct0.2,combo,0.0,5000000.0,0.2,3032,15661095.033901956,15661095.033901956,0,115661095.03390196,0.01216593053578685,0.34753390646558907,6709064.6870958805,6223001.412452055,1792064.1825205453,3992660.4205775014,398,13,13,13,1204699.6179924582,1689869.6709661717,0.9321608040201005,901.129921674579,641,641,1676,0.5527704485488126,346,0,415,16031560.0,7704761.433047493,-2.394309185212595
combo__init0__yen5000000__pct0.25,combo,0.0,5000000.0,0.25,3032,16771597.933776017,16771597.933776017,0,116771597.93377602,0.012970106911272206,0.35872906348520756,8530338.519726023,5914768.58361644,1879827.2517260073,4275773.508497958,360,11,11,11,1524690.7212523653,2009238.1603695997,0.9972222222222222,54547.76703472046,631,631,1613,0.5319920844327177,346,0,423,17189200.0,8082088.047493404,-2.3457789358446917
combo__init0__yen10000000__pct0.03,combo,0.0,10000000.0,0.03,3032,10273853.029888274,10273853.029888274,0,110273853.02988827,0.008161342007451111,0.3447091434947853,4596075.667013705,4596075.667013698,571965.5924931535,2668263.430618593,1276,144,144,144,71346.20159644635,24856.483773118944,0.7931034482758621,5.785894094984307,102,102,1354,0.4465699208443272,85,0,117,12848050.0,2459096.3209102903,0.18712721434086088
combo__init0__yen10000000__pct0.05,combo,0.0,10000000.0,0.05,3032,13218159.390685383,13218159.390685383,0,113218159.39068538,0.010371651763903644,0.3822525048442673,6416700.215780824,6223001.412452055,856803.8133698463,3369855.1549447654,1069,75,75,75,176242.12520913844,115318.91600690004,0.8475210477081384,8.52228303244593,331,331,1527,0.5036279683377308,247,0,149,13828800.0,3683723.5191292875,-1.2702382344406933
combo__init0__yen10000000__pct0.08,combo,0.0,10000000.0,0.08,3032,13573665.482197197,13573665.482197197,0,113573665.4821972,0.010634956749129731,0.3436198628982405,6416700.215780824,6223001.412452055,1230672.8015342639,3460488.3512685695,756,42,42,42,323182.5114808857,277237.7789307965,0.8293650793650794,13.104809271666625,491,491,1589,0.5240765171503958,346,0,262,14291100.0,5291127.645118734,-1.9496414345846933
combo__init0__yen10000000__pct0.1,combo,0.0,10000000.0,0.1,3032,14478338.605124464,14478338.605124464,0,114478338.60512446,0.011301608351479864,0.34542494974209814,6416700.215780824,6223001.412452055,1504468.4460821927,3691126.921793355,606,30,30,30,482611.2868374821,440012.5421346753,0.8415841584158416,22.981394425148878,567,567,1593,0.5253957783641161,346,0,315,14994600.0,6468278.632915568,-2.101794131381996
combo__init0__yen10000000__pct0.12,combo,0.0,10000000.0,0.12,3032,13169550.970249938,13169550.970249938,0,113169550.97024994,0.010335591125582466,0.31117666552080214,6416700.215780824,6223001.412452055,1581784.5392328845,3357462.8595171915,534,24,24,24,548731.2904270807,475712.92903806176,0.8445692883895131,25.191648307234423,572,572,1578,0.5204485488126649,346,0,360,14994600.0,6800689.747691293,-2.1962007269489385
combo__init0__yen10000000__pct0.15,combo,0.0,10000000.0,0.15,3032,13380007.885941638,13380007.885941638,0,113380007.88594164,0.01049161843852886,0.308948080353271,6416700.215780824,6223001.412452055,1688607.4512328901,3411117.025825491,431,18,18,18,743333.7714412021,758616.8931966472,0.8538283062645011,61.15709515981241,637,637,1589,0.5240765171503958,346,0,399,15885700.0,7259961.832124011,-2.2843132171296623
combo__init0__yen10000000__pct0.2,combo,0.0,10000000.0,0.2,3032,15661095.033901956,15661095.033901956,0,115661095.03390196,0.01216593053578685,0.34753390646558907,6709064.6870958805,6223001.412452055,1792064.1825205453,3992660.4205775014,398,13,13,13,1204699.6179924582,1689869.6709661717,0.9321608040201005,901.129921674579,641,641,1676,0.5527704485488126,346,0,415,16031560.0,7704761.433047493,-2.394309185212595
combo__init0__yen10000000__pct0.25,combo,0.0,10000000.0,0.25,3032,16771597.933776017,16771597.933776017,0,116771597.93377602,0.012970106911272206,0.35872906348520756,8530338.519726023,5914768.58361644,1879827.2517260073,4275773.508497958,360,11,11,11,1524690.7212523653,2009238.1603695997,0.9972222222222222,54547.76703472046,631,631,1613,0.5319920844327177,346,0,423,17189200.0,8082088.047493404,-2.3457789358446917
combo__init500000__yen100000__pct0.03,combo,500000.0,100000.0,0.03,3032,8076525.523389243,8076525.523389243,0,108076525.52338925,0.006476249762139785,0.28409741915783804,4596075.667013705,4596075.667013698,491220.38767123444,2185790.6379395453,1324,153,153,153,52787.74851888394,18335.6502422282,0.763595166163142,3.6164480106010815,70,70,1297,0.4277704485488127,68,0,89,12848050.0,2111942.158641161,0.2250422764232799
combo__init500000__yen100000__pct0.05,combo,500000.0,100000.0,0.05,3032,9096486.278019102,9096486.278019102,0,109096486.2780191,0.007262308877332702,0.2948594610482503,4610379.083103135,4596075.667013698,601308.3976986305,2399529.1242822832,1198,94,94,94,96771.1306172245,67186.56763849844,0.7779632721202003,4.18967849747839,221,220,1410,0.4650395778364116,118,0,110,12848050.0,2585252.133905013,-0.37791155588279857
combo__init500000__yen100000__pct0.08,combo,500000.0,100000.0,0.08,3032,9122315.555469912,9122315.555469912,0,109122315.55546992,0.00728212726355304,0.2947161406568217,4610379.083103135,4596075.667013698,605523.5978630139,2406114.074667089,1192,81,81,81,112621.1796971594,89028.24323802584,0.7600671140939598,4.107028769376478,221,220,1388,0.4577836411609499,118,0,110,12848050.0,2603374.873021108,-0.43953682084816714
combo__init500000__yen100000__pct0.1,combo,500000.0,100000.0,0.1,3032,8998434.776975937,8998434.776975937,0,108998434.77697593,0.007187036363752508,0.29003949790917094,4610379.083103135,4596075.667013698,608097.0659726051,2374531.744051476,1186,78,78,78,115364.54842276842,93154.76325728258,0.7529510961214165,4.0606466145512305,221,220,1371,0.45217678100263853,118,0,110,12848050.0,2614439.1853562007,-0.451176039492839
combo__init500000__yen100000__pct0.12,combo,500000.0,100000.0,0.12,3032,8994842.740693923,8994842.740693923,0,108994842.74069393,0.007184277638275116,0.2898586149347908,4610379.083103135,4596075.667013698,610530.3127671253,2373615.985538969,1179,76,76,76,118353.19395649899,95624.17757273494,0.7514843087362172,4.059507483922419,221,220,1370,0.45184696569920846,118,0,110,12848050.0,2624900.6332453825,-0.46042424888827616
combo__init500000__yen100000__pct0.15,combo,500000.0,100000.0,0.15,3032,9053716.689505894,9053716.689505894,0,109053716.68950589,0.007229483003037496,0.2916384721770307,4610379.08310315,4596075.667013698,611851.0240547942,2388625.388439329,1172,74,74,74,122347.52283116072,100673.87632681479,0.7508532423208191,4.07753476898478,221,220,1364,0.449868073878628,118,0,110,12848050.0,2630578.8703825856,-0.4577360718109862
combo__init500000__yen100000__pct0.2,combo,500000.0,100000.0,0.2,3032,9081753.222692523,9081753.222692523,0,109081753.22269252,0.007251002515689775,0.29258752749190103,4610379.083103135,4596075.667013698,611967.4127671224,2395773.059540369,1174,73,73,73,124407.57839304826,100903.9922798884,0.752129471890971,4.090865980225364,221,220,1359,0.4482189973614776,118,0,110,12848050.0,2631079.269459103,-0.45403950913522717
combo__init500000__yen100000__pct0.25,combo,500000.0,100000.0,0.25,3032,9101484.901684556,9101484.901684556,0,109101484.90168455,0.007266144576007605,0.2932222830638574,4610379.08310315,4596075.667013698,611849.4372602731,2400803.4800551855,1176,73,73,73,124677.87536554187,100903.9922798884,0.7525510204081632,4.097534344913245,221,220,1361,0.4488786279683377,118,0,110,12848050.0,2630572.0481530344,-0.4540321605213833
combo__init500000__yen300000__pct0.03,combo,500000.0,300000.0,0.03,3032,10287333.899930125,10287333.899930125,0,110287333.89993012,0.008171584895319883,0.34516628029952057,4596075.667013705,4596075.667013698,572117.3244931535,2671700.261576743,1275,144,144,144,71439.81874951476,24856.483773118944,0.7929411764705883,5.792150129348059,102,102,1354,0.4465699208443272,85,0,117,12848050.0,2459748.6741424804,0.18805243691093798
combo__init500000__yen300000__pct0.05,combo,500000.0,300000.0,0.05,3032,12441371.00964431,12441371.00964431,0,112441371.00964431,0.009793676833409704,0.38216518679215156,6416700.215780824,6223001.412452055,748375.7035616346,3171819.6907940544,1134,80,80,80,155517.1376205539,107623.63728782984,0.843915343915344,7.438091675891408,331,331,1466,0.48350923482849606,247,0,135,13781900.0,3217550.082453826,-1.2510942899080277
combo__init500000__yen300000__pct0.08,combo,500000.0,300000.0,0.08,3032,12326265.541491527,12326265.541491527,0,112326265.54149152,0.009707720532787345,0.3705411725789051,6416700.215780824,6223001.412452055,829556.0460273848,3142474.5494810864,1034,56,56,56,220111.88466949156,228383.46225975227,0.8036750483558994,6.876159008009636,473,472,1470,0.48482849604221634,346,0,145,13781900.0,3566575.0659630606,-2.0294166382320324
combo__init500000__yen300000__pct0.1,combo,500000.0,300000.0,0.1,3032,12611198.122515934,12611198.122515934,0,112611198.12251593,0.009920349921684224,0.3767213051535558,6416700.215780824,6223001.412452055,845189.342410949,3215115.6410731156,1013,51,51,51,247278.39455913595,270878.80396245595,0.8025666337611056,7.024680902260259,473,472,1450,0.4782321899736148,346,0,145,13781900.0,3633788.517480211,-1.9301150380033547
combo__init500000__yen300000__pct0.12,combo,500000.0,300000.0,0.12,3032,12669648.687981654,12669648.687981654,0,112669648.68798165,0.00996390735545205,0.3778012745086065,6416700.215780824,6223001.412452055,857665.7469588954,3230017.10605945,1003,48,48,48,263951.0143329511,285044.3974506215,0.7996011964107677,7.0132609104847035,473,472,1447,0.47724274406332456,346,0,145,13781900.0,3687429.297493404,-1.8802036320483575
combo__init500000__yen300000__pct0.15,combo,500000.0,300000.0,0.15,3032,12728985.585477978,12728985.585477978,0,112728985.58547798,0.01000810409788655,0.3759679252962283,6416700.215780824,6223001.412452055,876166.9138082083,3245144.533713811,981,44,44,44,289295.1269426813,299020.8545579177,0.7757390417940877,7.123785678647763,532,531,1413,0.46602902374670185,346,0,145,13781900.0,3766972.808377309,-1.771675257262217
combo__init500000__yen300000__pct0.2,combo,500000.0,300000.0,0.2,3032,12885644.870862994,12885644.870862994,0,112885644.87086299,0.010124688436652596,0.3806054123699743,6416700.215780824,6223001.412452055,878981.7676164267,3285083.4605205725,979,42,42,42,306801.06835388084,303547.3525996193,0.7773237997957099,7.209832948235861,532,531,1407,0.4640501319261214,346,0,145,13781900.0,3779074.9290897097,-1.732576729440136
combo__init500000__yen300000__pct0.25,combo,500000.0,300000.0,0.25,3032,12921477.787375048,12921477.787375048,0,112921477.78737505,0.010151334102532994,0.3830632393196656,5947875.316452056,5785222.411999999,872465.6766575241,3294218.7519674236,983,42,42,42,307654.23303273926,299020.8545579177,0.7792472024415056,7.052878806612951,532,531,1401,0.4620712401055409,346,0,143,13347880.0,3751059.790567282,-1.724182227028703
combo__init500000__yen500000__pct0.03,combo,500000.0,500000.0,0.03,3032,10287333.899930125,10287333.899930125,0,110287333.89993012,0.008171584895319883,0.34516628029952057,4596075.667013705,4596075.667013698,572117.3244931535,2671700.261576743,1275,144,144,144,71439.81874951476,24856.483773118944,0.7929411764705883,5.792150129348059,102,102,1354,0.4465699208443272,85,0,117,12848050.0,2459748.6741424804,0.18805243691093798
combo__init500000__yen500000__pct0.05,combo,500000.0,500000.0,0.05,3032,13270134.849087901,13270134.849087901,0,113270134.8490879,0.010410194571806697,0.38379016194481586,6416700.215780824,6223001.412452055,856997.4233972437,3383105.8475148496,1068,75,75,75,176935.13132117203,115318.91600690004,0.8473782771535581,8.551861591554575,331,331,1527,0.5036279683377308,247,0,149,13828800.0,3684555.921833773,-1.2652355467799767
combo__init500000__yen500000__pct0.08,combo,500000.0,500000.0,0.08,3032,12936317.107790451,12936317.107790451,0,112936317.10779046,0.010162366479225193,0.34559007914514583,6416700.215780824,6223001.412452055,1003437.5461369727,3298001.908072573,919,47,47,47,275240.7895274564,256785.69286721258,0.823721436343852,8.007804821122173,476,475,1488,0.49076517150395776,346,0,175,14036500.0,4314157.373021108,-1.909033233761191
combo__init500000__yen500000__pct0.1,combo,500000.0,500000.0,0.1,3032,13246735.098103045,13246735.098103045,0,113246735.09810305,0.010392844310673999,0.3526642717296744,6416700.215780824,6223001.412452055,1022846.8120547796,3377140.2838421697,906,42,42,42,315398.4547167391,337775.7236502415,0.8300220750551877,8.227458262001589,476,475,1461,0.48186015831134565,346,0,177,14036500.0,4397605.145118734,-1.8139479492361086
combo__init500000__yen500000__pct0.12,combo,500000.0,500000.0,0.12,3032,12708741.162503185,12708741.162503185,0,112708741.16250318,0.009993027555123879,0.338348702252787,6416700.215780824,6223001.412452055,1037422.3969314947,3239983.3935653153,899,38,38,38,334440.55690797855,363290.9082702156,0.8253615127919911,7.3563674890274395,476,475,1452,0.4788918205804749,346,0,179,14036500.0,4460271.094986808,-1.8693585055203839
combo__init500000__yen500000__pct0.15,combo,500000.0,500000.0,0.15,3032,12970601.999526188,12970601.999526188,0,112970601.99952619,0.01018785069393413,0.3419886300463108,6416929.80742465,6222086.02520548,1067597.5834520434,3306742.5440217652,875,35,35,35,370588.62855789106,415604.75678087666,0.8,7.816946064224168,551,550,1437,0.47394459102902375,346,0,180,14036500.0,4590005.629947229,-1.8883768890725063
combo__init500000__yen500000__pct0.2,combo,500000.0,500000.0,0.2,3032,13397276.331548978,13397276.331548978,0,113397276.33154897,0.010504409026275141,0.35267617047850264,6416929.80742465,6222086.02520548,1070805.7241095717,3415519.4663414373,870,32,32,32,418664.88536090555,427715.9259259696,0.8022988505747126,7.992344997863137,551,550,1426,0.4703166226912929,346,0,180,14036500.0,4603798.639511873,-1.904305443627122
combo__init500000__yen500000__pct0.25,combo,500000.0,500000.0,0.25,3032,13438300.755174408,13438300.755174408,0,113438300.75517441,0.010534788301087561,0.3538984675805184,6416929.80742465,6222086.02520548,1073660.1143013525,3425978.2875242275,859,31,31,31,433493.57274756156,432833.6875682204,0.8032596041909197,8.163001260272315,535,534,1421,0.46866754617414247,346,0,180,14036500.0,4616070.742084432,-1.9106359169736549
combo__init500000__yen1000000__pct0.03,combo,500000.0,1000000.0,0.03,3032,10287333.899930125,10287333.899930125,0,110287333.89993012,0.008171584895319883,0.34516628029952057,4596075.667013705,4596075.667013698,572117.3244931535,2671700.261576743,1275,144,144,144,71439.81874951476,24856.483773118944,0.7929411764705883,5.792150129348059,102,102,1354,0.4465699208443272,85,0,117,12848050.0,2459748.6741424804,0.18805243691093798
combo__init500000__yen1000000__pct0.05,combo,500000.0,1000000.0,0.05,3032,13270134.849087901,13270134.849087901,0,113270134.8490879,0.010410194571806697,0.38379016194481586,6416700.215780824,6223001.412452055,856997.4233972437,3383105.8475148496,1068,75,75,75,176935.13132117203,115318.91600690004,0.8473782771535581,8.551861591554575,331,331,1527,0.5036279683377308,247,0,149,13828800.0,3684555.921833773,-1.2652355467799767
combo__init500000__yen1000000__pct0.08,combo,500000.0,1000000.0,0.08,3032,13625640.940599715,13625640.940599715,0,113625640.94059971,0.010673388949285822,0.34495295744998566,6416700.215780824,6223001.412452055,1230866.4115616607,3473739.0438386532,755,42,42,42,324420.0223952313,277237.7789307965,0.8291390728476821,13.151160274761192,491,491,1589,0.5240765171503958,346,0,262,14291100.0,5291960.047823219,-1.948308340032948
combo__init500000__yen1000000__pct0.1,combo,500000.0,1000000.0,0.1,3032,15299522.47067164,15299522.47067164,0,115299522.47067164,0.01190256773150411,0.37495826785234115,6416700.215780824,6223001.412452055,1374870.0034520652,3900480.629876318,652,34,34,34,449985.9550197541,351926.02965302597,0.8312883435582822,21.262279816743483,567,567,1516,0.5,346,0,301,14485400.0,5911085.931728233,-1.9460734781794047
combo__init500000__yen1000000__pct0.12,combo,500000.0,1000000.0,0.12,3032,11947490.03838489,11947490.03838489,0,111947490.03838488,0.00942429439618353,0.2865524479154766,6420234.930217862,6223001.412452055,1543430.9512328831,3045909.0183822424,552,25,25,25,477899.6015353956,415604.75678087666,0.802536231884058,14.840688152081677,572,572,1591,0.524736147757256,346,0,348,14485400.0,6635793.172823219,-2.221187741388037
combo__init500000__yen1000000__pct0.15,combo,500000.0,1000000.0,0.15,3032,12557513.618078336,12557513.618078336,0,112557513.61807834,0.009880325895816666,0.2978936786802101,6420234.930217877,6223001.412452055,1563731.7478904102,3201429.242031264,533,22,22,22,570796.0735490153,729197.8280162446,0.7917448405253283,18.298751039145234,634,633,1565,0.5161609498680739,346,0,347,14485400.0,6723073.97262533,-2.221620916955758
combo__init500000__yen1000000__pct0.2,combo,500000.0,1000000.0,0.2,3032,13199545.411402846,13199545.411402846,0,113199545.41140285,0.010357844476396538,0.31330633743772235,6420234.930217877,6223001.412452055,1544358.0013150678,3365109.682282096,537,19,19,19,694712.9163896234,784183.220277278,0.7988826815642458,18.945084184263777,634,633,1545,0.5095646437994723,346,0,339,14485400.0,6639778.911609499,-2.223919339992441
combo__init500000__yen1000000__pct0.25,combo,500000.0,1000000.0,0.25,3032,13580051.465615809,13580051.465615809,0,113580051.46561581,0.010639679604097285,0.3218737977667492,6420234.930217877,6223001.412452055,1546127.8560000001,3462116.402384202,526,18,18,18,754447.3036453227,825587.9233074014,0.7984790874524715,20.667295360897338,618,617,1540,0.5079155672823219,346,0,339,14485400.0,6647388.186015831,-2.2229046501119623
combo__init500000__yen2000000__pct0.03,combo,500000.0,2000000.0,0.03,3032,10287333.899930125,10287333.899930125,0,110287333.89993012,0.008171584895319883,0.34516628029952057,4596075.667013705,4596075.667013698,572117.3244931535,2671700.261576743,1275,144,144,144,71439.81874951476,24856.483773118944,0.7929411764705883,5.792150129348059,102,102,1354,0.4465699208443272,85,0,117,12848050.0,2459748.6741424804,0.18805243691093798
combo__init500000__yen2000000__pct0.05,combo,500000.0,2000000.0,0.05,3032,13270134.849087901,13270134.849087901,0,113270134.8490879,0.010410194571806697,0.38379016194481586,6416700.215780824,6223001.412452055,856997.4233972437,3383105.8475148496,1068,75,75,75,176935.13132117203,115318.91600690004,0.8473782771535581,8.551861591554575,331,331,1527,0.5036279683377308,247,0,149,13828800.0,3684555.921833773,-1.2652355467799767
combo__init500000__yen2000000__pct0.08,combo,500000.0,2000000.0,0.08,3032,13625640.940599715,13625640.940599715,0,113625640.94059971,0.010673388949285822,0.34495295744998566,6416700.215780824,6223001.412452055,1230866.4115616607,3473739.0438386532,755,42,42,42,324420.0223952313,277237.7789307965,0.8291390728476821,13.151160274761192,491,491,1589,0.5240765171503958,346,0,262,14291100.0,5291960.047823219,-1.948308340032948
combo__init500000__yen2000000__pct0.1,combo,500000.0,2000000.0,0.1,3032,14530314.063526982,14530314.063526982,0,114530314.06352699,0.011339762052642754,0.3466829022962303,6416700.215780824,6223001.412452055,1504662.0561095895,3704377.614363439,605,30,30,30,484343.80211756605,440012.5421346753,0.8413223140495868,23.060304932958747,567,567,1593,0.5253957783641161,346,0,315,14994600.0,6469111.035620052,-2.1005361788278645
combo__init500000__yen2000000__pct0.12,combo,500000.0,2000000.0,0.12,3032,13221526.428652456,13221526.428652456,0,113221526.42865245,0.010374149108650199,0.3124046412913233,6416700.215780824,6223001.412452055,1581978.1492602818,3370713.552087276,533,24,24,24,550896.9345271856,475712.92903806176,0.8442776735459663,25.287124000606315,572,572,1578,0.5204485488126649,346,0,360,14994600.0,6801522.150395778,-2.194972751178417
combo__init500000__yen2000000__pct0.15,combo,500000.0,2000000.0,0.15,3032,13431983.344344156,13431983.344344156,0,113431983.34434415,0.010530110808486759,0.31014589798616926,6416700.215780824,6223001.412452055,1688801.061260287,3424367.718395575,430,18,18,18,746221.2969080086,758616.8931966472,0.8534883720930233,61.39077907268815,637,637,1589,0.5240765171503958,346,0,399,15885700.0,7260794.234828496,-2.283115399496764
combo__init500000__yen2000000__pct0.2,combo,500000.0,2000000.0,0.2,3032,15452445.649436545,15452445.649436545,0,115452445.64943655,0.01201404643920112,0.34282323480488147,6709064.6870958805,6223001.412452055,1790187.5208767098,3939467.0686867465,397,13,13,13,1188649.6653412727,1586789.0226344918,0.929471032745592,887.5520281086165,641,641,1676,0.5527704485488126,346,0,415,16031560.0,7696692.955145119,-2.3990198568733025
combo__init500000__yen2000000__pct0.25,combo,500000.0,2000000.0,0.25,3032,16517994.912040686,16517994.912040686,0,116517994.91204068,0.012787078731519408,0.3628148980389612,6832790.585378185,6223001.412452055,1793830.9924931442,4211119.616466167,386,12,12,12,1376499.5760033906,1797094.5268491944,0.961139896373057,3979.0676197935936,627,626,1671,0.5511213720316622,346,0,415,16031560.0,7712357.617084432,-2.3865809640877718
combo__init500000__yen5000000__pct0.03,combo,500000.0,5000000.0,0.03,3032,10287333.899930125,10287333.899930125,0,110287333.89993012,0.008171584895319883,0.34516628029952057,4596075.667013705,4596075.667013698,572117.3244931535,2671700.261576743,1275,144,144,144,71439.81874951476,24856.483773118944,0.7929411764705883,5.792150129348059,102,102,1354,0.4465699208443272,85,0,117,12848050.0,2459748.6741424804,0.18805243691093798
combo__init500000__yen5000000__pct0.05,combo,500000.0,5000000.0,0.05,3032,13270134.849087901,13270134.849087901,0,113270134.8490879,0.010410194571806697,0.38379016194481586,6416700.215780824,6223001.412452055,856997.4233972437,3383105.8475148496,1068,75,75,75,176935.13132117203,115318.91600690004,0.8473782771535581,8.551861591554575,331,331,1527,0.5036279683377308,247,0,149,13828800.0,3684555.921833773,-1.2652355467799767
combo__init500000__yen5000000__pct0.08,combo,500000.0,5000000.0,0.08,3032,13625640.940599715,13625640.940599715,0,113625640.94059971,0.010673388949285822,0.34495295744998566,6416700.215780824,6223001.412452055,1230866.4115616607,3473739.0438386532,755,42,42,42,324420.0223952313,277237.7789307965,0.8291390728476821,13.151160274761192,491,491,1589,0.5240765171503958,346,0,262,14291100.0,5291960.047823219,-1.948308340032948
combo__init500000__yen5000000__pct0.1,combo,500000.0,5000000.0,0.1,3032,14530314.063526982,14530314.063526982,0,114530314.06352699,0.011339762052642754,0.3466829022962303,6416700.215780824,6223001.412452055,1504662.0561095895,3704377.614363439,605,30,30,30,484343.80211756605,440012.5421346753,0.8413223140495868,23.060304932958747,567,567,1593,0.5253957783641161,346,0,315,14994600.0,6469111.035620052,-2.1005361788278645
combo__init500000__yen5000000__pct0.12,combo,500000.0,5000000.0,0.12,3032,13221526.428652456,13221526.428652456,0,113221526.42865245,0.010374149108650199,0.3124046412913233,6416700.215780824,6223001.412452055,1581978.1492602818,3370713.552087276,533,24,24,24,550896.9345271856,475712.92903806176,0.8442776735459663,25.287124000606315,572,572,1578,0.5204485488126649,346,0,360,14994600.0,6801522.150395778,-2.194972751178417
combo__init500000__yen5000000__pct0.15,combo,500000.0,5000000.0,0.15,3032,13431983.344344156,13431983.344344156,0,113431983.34434415,0.010530110808486759,0.31014589798616926,6416700.215780824,6223001.412452055,1688801.061260287,3424367.718395575,430,18,18,18,746221.2969080086,758616.8931966472,0.8534883720930233,61.39077907268815,637,637,1589,0.5240765171503958,346,0,399,15885700.0,7260794.234828496,-2.283115399496764
combo__init500000__yen5000000__pct0.2,combo,500000.0,5000000.0,0.2,3032,15736374.383053012,15736374.383053012,0,115736374.383053,0.012220667670888252,0.3492265064905118,6709064.6870958805,6223001.412452055,1792301.9178630107,4011852.2380839796,397,13,13,13,1210490.337157924,1689869.6709661717,0.9319899244332494,905.4566430505982,641,641,1676,0.5527704485488126,346,0,415,16031560.0,7705783.547163588,-2.392616585187672
combo__init500000__yen5000000__pct0.25,combo,500000.0,5000000.0,0.25,3032,16865187.12698557,16865187.12698557,0,116865187.12698556,0.013037559237710106,0.3607666214029258,8530338.519726023,5914768.58361644,1880332.556986281,4299633.2620281335,359,11,11,11,1533198.8297259607,2009238.1603695997,0.9972144846796658,54852.14995274212,631,631,1613,0.5319920844327177,346,0,423,17189200.0,8084260.545844327,-2.343741377926974
combo__init500000__yen10000000__pct0.03,combo,500000.0,10000000.0,0.03,3032,10287333.899930125,10287333.899930125,0,110287333.89993012,0.008171584895319883,0.34516628029952057,4596075.667013705,4596075.667013698,572117.3244931535,2671700.261576743,1275,144,144,144,71439.81874951476,24856.483773118944,0.7929411764705883,5.792150129348059,102,102,1354,0.4465699208443272,85,0,117,12848050.0,2459748.6741424804,0.18805243691093798
combo__init500000__yen10000000__pct0.05,combo,500000.0,10000000.0,0.05,3032,13270134.849087901,13270134.849087901,0,113270134.8490879,0.010410194571806697,0.38379016194481586,6416700.215780824,6223001.412452055,856997.4233972437,3383105.8475148496,1068,75,75,75,176935.13132117203,115318.91600690004,0.8473782771535581,8.551861591554575,331,331,1527,0.5036279683377308,247,0,149,13828800.0,3684555.921833773,-1.2652355467799767
combo__init500000__yen10000000__pct0.08,combo,500000.0,10000000.0,0.08,3032,13625640.940599715,13625640.940599715,0,113625640.94059971,0.010673388949285822,0.34495295744998566,6416700.215780824,6223001.412452055,1230866.4115616607,3473739.0438386532,755,42,42,42,324420.0223952313,277237.7789307965,0.8291390728476821,13.151160274761192,491,491,1589,0.5240765171503958,346,0,262,14291100.0,5291960.047823219,-1.948308340032948
combo__init500000__yen10000000__pct0.1,combo,500000.0,10000000.0,0.1,3032,14530314.063526982,14530314.063526982,0,114530314.06352699,0.011339762052642754,0.3466829022962303,6416700.215780824,6223001.412452055,1504662.0561095895,3704377.614363439,605,30,30,30,484343.80211756605,440012.5421346753,0.8413223140495868,23.060304932958747,567,567,1593,0.5253957783641161,346,0,315,14994600.0,6469111.035620052,-2.1005361788278645
combo__init500000__yen10000000__pct0.12,combo,500000.0,10000000.0,0.12,3032,13221526.428652456,13221526.428652456,0,113221526.42865245,0.010374149108650199,0.3124046412913233,6416700.215780824,6223001.412452055,1581978.1492602818,3370713.552087276,533,24,24,24,550896.9345271856,475712.92903806176,0.8442776735459663,25.287124000606315,572,572,1578,0.5204485488126649,346,0,360,14994600.0,6801522.150395778,-2.194972751178417
combo__init500000__yen10000000__pct0.15,combo,500000.0,10000000.0,0.15,3032,13431983.344344156,13431983.344344156,0,113431983.34434415,0.010530110808486759,0.31014589798616926,6416700.215780824,6223001.412452055,1688801.061260287,3424367.718395575,430,18,18,18,746221.2969080086,758616.8931966472,0.8534883720930233,61.39077907268815,637,637,1589,0.5240765171503958,346,0,399,15885700.0,7260794.234828496,-2.283115399496764
combo__init500000__yen10000000__pct0.2,combo,500000.0,10000000.0,0.2,3032,15736374.383053012,15736374.383053012,0,115736374.383053,0.012220667670888252,0.3492265064905118,6709064.6870958805,6223001.412452055,1792301.9178630107,4011852.2380839796,397,13,13,13,1210490.337157924,1689869.6709661717,0.9319899244332494,905.4566430505982,641,641,1676,0.5527704485488126,346,0,415,16031560.0,7705783.547163588,-2.392616585187672
combo__init500000__yen10000000__pct0.25,combo,500000.0,10000000.0,0.25,3032,16865187.12698557,16865187.12698557,0,116865187.12698556,0.013037559237710106,0.3607666214029258,8530338.519726023,5914768.58361644,1880332.556986281,4299633.2620281335,359,11,11,11,1533198.8297259607,2009238.1603695997,0.9972144846796658,54852.14995274212,631,631,1613,0.5319920844327177,346,0,423,17189200.0,8084260.545844327,-2.343741377926974
combo__init1000000__yen100000__pct0.03,combo,1000000.0,100000.0,0.03,3032,8090080.3918365985,8090080.3918365985,0,108090080.3918366,0.006486740688485426,0.2845704434700702,4596075.667013705,4596075.667013698,491372.13501370023,2189246.3341497234,1323,153,153,153,52876.34243030457,19329.93047258771,0.763416477702192,3.620784970928334,70,70,1297,0.4277704485488127,68,0,89,12848050.0,2112594.5778364115,0.22595827029261517
combo__init1000000__yen100000__pct0.05,combo,1000000.0,100000.0,0.05,3032,9148949.655132081,9148949.655132081,0,109148949.65513209,0.007302558673081716,0.29654849749347995,4610379.08310315,4596075.667013698,601502.4733698635,2412904.2074980726,1197,94,94,94,97329.25165034129,72924.83355948512,0.7777777777777778,4.207946002685081,221,220,1410,0.4650395778364116,118,0,110,12848050.0,2586086.5385883907,-0.37343191427198485
combo__init1000000__yen100000__pct0.08,combo,1000000.0,100000.0,0.08,3032,9174778.93258289,9174778.93258289,0,109174778.93258289,0.007322368326012407,0.2963991827901999,4610379.08310315,4596075.667013698,605717.6735342471,2419489.157882878,1191,81,81,81,113268.87571089988,90743.72367312269,0.7598656591099916,4.124772902526943,221,220,1388,0.4577836411609499,118,0,110,12848050.0,2604209.2777044857,-0.4346152986460867
combo__init1000000__yen100000__pct0.1,combo,1000000.0,100000.0,0.1,3032,9050898.154088914,9050898.154088914,0,109050898.15408891,0.007227319348377836,0.29171623740084124,4610379.08310315,4596075.667013698,608291.1416438378,2387906.827267265,1185,78,78,78,116037.15582165275,95754.46791828563,0.7527426160337553,4.078364793914543,221,220,1371,0.45217678100263853,118,0,110,12848050.0,2615273.590039578,-0.4461362630067469
combo__init1000000__yen100000__pct0.12,combo,1000000.0,100000.0,0.12,3032,9047306.1178069,9047306.1178069,0,109047306.1178069,0.007224561839834331,0.2915348927823226,4610379.08310315,4596075.667013698,610724.388438358,2386991.0687547578,1178,76,76,76,119043.50155009079,97482.34646066409,0.7512733446519525,4.07722609177917,221,220,1370,0.45184696569920846,118,0,110,12848050.0,2625735.03792876,-0.45529643307278556
combo__init1000000__yen100000__pct0.15,combo,1000000.0,100000.0,0.15,3032,9106180.066618871,9106180.066618871,0,109106180.06661887,0.007269747268581206,0.2933150057444761,4610379.083103135,4596075.667013698,612045.0997260271,2402000.471655118,1171,74,74,74,123056.4873867415,101004.60255543051,0.7506404782237404,4.095242695335692,221,220,1364,0.449868073878628,118,0,110,12848050.0,2631413.275065963,-0.4525147154656368
combo__init1000000__yen100000__pct0.2,combo,1000000.0,100000.0,0.2,3032,9185952.418745834,9185952.418745834,0,109185952.41874583,0.007330936451531045,0.29591756404888075,4610379.083103135,4596075.667013698,612113.092931506,2422337.741322675,1173,73,73,73,125834.9646403539,101105.21283097261,0.7519181585677749,4.1260803296858475,221,220,1359,0.4482189973614776,118,0,110,12848050.0,2631705.6035620053,-0.4435725413417191
combo__init1000000__yen100000__pct0.25,combo,1000000.0,100000.0,0.25,3032,9210966.156614767,9210966.156614767,0,109210966.15661477,0.007350114735079183,0.2967254713671155,4610379.08310315,4596075.667013698,611995.1174246566,2428714.7769605913,1175,73,73,73,126177.61858376394,101105.21283097261,0.7523404255319149,4.134533777888835,221,220,1361,0.4488786279683377,118,0,110,12848050.0,2631198.3822559365,-0.44303025612701474
combo__init1000000__yen300000__pct0.03,combo,1000000.0,300000.0,0.03,3032,10300888.768377481,10300888.768377481,0,110300888.76837748,0.008181882850477828,0.3456249470296995,4596075.667013705,4596075.667013698,572269.0718356193,2675155.957786921,1274,144,144,144,71533.94978039917,25766.32666103093,0.792778649921507,5.798440503970731,102,102,1354,0.4465699208443272,85,0,117,12848050.0,2460401.093337731,0.18898175879553936
combo__init1000000__yen300000__pct0.05,combo,1000000.0,300000.0,0.05,3032,12493834.386757288,12493834.386757288,0,112493834.38675728,0.009832827685852585,0.3838050600373527,6416700.215780824,6223001.412452055,748569.7792328676,3185194.7740098434,1133,80,80,80,156172.9298344661,109877.94893186443,0.8437775816416593,7.465240133341825,331,331,1466,0.48350923482849606,247,0,135,13781900.0,3218384.487137203,-1.2461754555932651
combo__init1000000__yen300000__pct0.08,combo,1000000.0,300000.0,0.08,3032,12378728.918604506,12378728.918604506,0,112378728.91860451,0.009746908160136902,0.37214258744020473,6416700.215780824,6223001.412452055,829750.1216986178,3155849.6326968754,1033,56,56,56,221048.73068936617,228383.46225975227,0.8034849951597289,6.901169271254031,473,472,1470,0.48482849604221634,346,0,145,13781900.0,3567409.470646438,-2.0231309932713595
combo__init1000000__yen300000__pct0.1,combo,1000000.0,300000.0,0.1,3032,12663661.49962891,12663661.49962891,0,112663661.49962892,0.00995944664782522,0.3783154516247704,6416700.215780824,6223001.412452055,845383.4180821822,3228490.7242889046,1012,51,51,51,248307.08822801785,270878.80396245595,0.8023715415019763,7.049743953612715,473,472,1450,0.4782321899736148,346,0,145,13781900.0,3634622.9221635885,-1.9233774231877308
combo__init1000000__yen300000__pct0.12,combo,1000000.0,300000.0,0.12,3032,12722112.065094631,12722112.065094631,0,112722112.06509463,0.010002985488739569,0.37939295657351935,6416700.215780824,6223001.412452055,857859.822630128,3243392.1892752396,1002,48,48,48,265044.00135613815,285044.3974506215,0.7994011976047904,7.038161046439123,473,472,1447,0.47724274406332456,346,0,145,13781900.0,3688263.702176781,-1.8731470148675093
combo__init1000000__yen300000__pct0.15,combo,1000000.0,300000.0,0.15,3032,12781448.962590957,12781448.962590957,0,112781448.96259096,0.010047163375280777,0.37754440025535285,6416700.215780824,6223001.412452055,876360.989479441,3258519.6169296005,980,44,44,44,290487.47642252175,299020.8545579177,0.7755102040816326,7.149025276513635,532,531,1413,0.46602902374670185,346,0,145,13781900.0,3767807.213060686,-1.7641370349038903
combo__init1000000__yen300000__pct0.2,combo,1000000.0,300000.0,0.2,3032,12961662.718194924,12961662.718194924,0,112961662.71819493,0.010181206743217874,0.38288907233406383,6416700.215780824,6223001.412452055,879220.4430684816,3304463.5517365877,978,42,42,42,308611.01709987916,303547.3525996193,0.7770961145194274,7.246467368767128,532,531,1407,0.4640501319261214,346,0,145,13781900.0,3780101.0850923485,-1.7302930694760466
combo__init1000000__yen300000__pct0.25,combo,1000000.0,300000.0,0.25,3032,13016002.358809114,13016002.358809114,0,113016002.35880911,0.010221586207904032,0.3859066404174949,5947875.316452056,5785222.411999999,872974.7991232772,3318316.9720676057,982,42,42,42,309904.81806688366,299020.8545579177,0.7790224032586558,7.097157470752778,532,531,1401,0.4620712401055409,346,0,143,13347880.0,3753248.7005277043,-1.721338825930874
combo__init1000000__yen500000__pct0.03,combo,1000000.0,500000.0,0.03,3032,10300888.768377481,10300888.768377481,0,110300888.76837748,0.008181882850477828,0.3456249470296995,4596075.667013705,4596075.667013698,572269.0718356193,2675155.957786921,1274,144,144,144,71533.94978039917,25766.32666103093,0.792778649921507,5.798440503970731,102,102,1354,0.4465699208443272,85,0,117,12848050.0,2460401.093337731,0.18898175879553936
combo__init1000000__yen500000__pct0.05,combo,1000000.0,500000.0,0.05,3032,13322598.226200882,13322598.226200882,0,113322598.22620088,0.01044908275816625,0.38533723636388584,6416700.215780824,6223001.412452055,857191.4990684768,3396480.9307306386,1067,75,75,75,177634.64301601177,115318.91600690004,0.8472352389878163,8.581717818871658,331,331,1527,0.5036279683377308,247,0,149,13828800.0,3685390.3265171503,-1.260190913886708
combo__init1000000__yen500000__pct0.08,combo,1000000.0,500000.0,0.08,3032,12988780.484903432,12988780.484903432,0,112988780.48490342,0.010201360020537065,0.3470062392368346,6416700.215780824,6223001.412452055,1003631.6218082057,3311376.991288362,918,47,47,47,276357.03159369004,256785.69286721258,0.8235294117647058,8.036225051084168,476,475,1488,0.49076517150395776,346,0,175,14036500.0,4314991.777704486,-1.9020358633383345
combo__init1000000__yen500000__pct0.1,combo,1000000.0,500000.0,0.1,3032,13299198.475216022,13299198.475216022,0,113299198.47521602,0.010431739862742262,0.3540784399132184,6416700.215780824,6223001.412452055,1023040.8877260127,3390515.3670579586,905,42,42,42,316647.5827432386,337775.7236502415,0.8298342541436464,8.256082437359485,476,475,1461,0.48186015831134565,346,0,177,14036500.0,4398439.5498021105,-1.8125337810525646
combo__init1000000__yen500000__pct0.12,combo,1000000.0,500000.0,0.12,3032,12761204.539616162,12761204.539616162,0,112761204.53961617,0.010032093263589337,0.33975564847748835,6416700.215780824,6223001.412452055,1037616.4726027276,3253358.476781104,898,38,38,38,335821.17209516215,363290.9082702156,0.8251670378619154,7.38260742108534,476,475,1452,0.4788918205804749,346,0,179,14036500.0,4461105.499670185,-1.8679515592956824
combo__init1000000__yen500000__pct0.15,combo,1000000.0,500000.0,0.15,3032,13023065.376639165,13023065.376639165,0,113023065.37663916,0.01022683338723085,0.34338398441870904,6416929.80742465,6222086.02520548,1067791.6591232764,3320117.627237554,874,35,35,35,372087.58218969044,415604.75678087666,0.799771167048055,7.84451918782624,551,550,1437,0.47394459102902375,346,0,180,14036500.0,4590840.034630607,-1.8869815347001082
combo__init1000000__yen500000__pct0.2,combo,1000000.0,500000.0,0.2,3032,13473294.178880908,13473294.178880908,0,113473294.1788809,0.010560693559290124,0.3546994495356311,6416929.80742465,6222086.02520548,1071044.3995616268,3434899.5575574525,869,32,32,32,421040.44309002836,427715.9259259696,0.8020713463751439,8.03202045139454,551,550,1426,0.4703166226912929,346,0,180,14036500.0,4604824.795514512,-1.9022821645699937
combo__init1000000__yen500000__pct0.25,combo,1000000.0,500000.0,0.25,3032,13532825.326608473,13532825.326608473,0,113532825.32660848,0.010604747007546322,0.35641046324738396,6416929.80742465,6222086.02520548,1074169.2367671067,3450076.507624409,858,31,31,31,436542.75247124105,432833.6875682204,0.803030303030303,8.213385578695027,535,534,1421,0.46866754617414247,346,0,180,14036500.0,4618259.652044855,-1.9081239213067893
combo__init1000000__yen1000000__pct0.03,combo,1000000.0,1000000.0,0.03,3032,10300888.768377481,10300888.768377481,0,110300888.76837748,0.008181882850477828,0.3456249470296995,4596075.667013705,4596075.667013698,572269.0718356193,2675155.957786921,1274,144,144,144,71533.94978039917,25766.32666103093,0.792778649921507,5.798440503970731,102,102,1354,0.4465699208443272,85,0,117,12848050.0,2460401.093337731,0.18898175879553936
combo__init1000000__yen1000000__pct0.05,combo,1000000.0,1000000.0,0.05,3032,13322598.226200882,13322598.226200882,0,113322598.22620088,0.01044908275816625,0.38533723636388584,6416700.215780824,6223001.412452055,857191.4990684768,3396480.9307306386,1067,75,75,75,177634.64301601177,115318.91600690004,0.8472352389878163,8.581717818871658,331,331,1527,0.5036279683377308,247,0,149,13828800.0,3685390.3265171503,-1.260190913886708
combo__init1000000__yen1000000__pct0.08,combo,1000000.0,1000000.0,0.08,3032,13678104.317712693,13678104.317712693,0,113678104.3177127,0.010712165588036004,0.3462954121607834,6416700.215780824,6223001.412452055,1231060.4872328932,3487114.127054443,754,42,42,42,325669.15042173077,277237.7789307965,0.8289124668435013,13.19794639708998,491,491,1589,0.5240765171503958,346,0,262,14291100.0,5292794.452506596,-1.9469658853221503
combo__init1000000__yen1000000__pct0.1,combo,1000000.0,1000000.0,0.1,3032,15351985.847784618,15351985.847784618,0,115351985.84778462,0.011940828016373972,0.3762725978914795,6416700.215780824,6223001.412452055,1375064.0791232982,3913855.713092107,651,34,34,34,451528.99552307697,351926.02965302597,0.8310291858678955,21.33176091520471,567,567,1516,0.5,346,0,301,14485400.0,5911920.336411609,-1.9447591481402666
combo__init1000000__yen1000000__pct0.12,combo,1000000.0,1000000.0,0.12,3032,11999953.41549787,11999953.41549787,0,111999953.41549787,0.009463603549580535,0.28779461791639976,6420234.930217877,6223001.412452055,1543625.0269041164,3059284.1015980314,551,25,25,25,479998.1366199148,415604.75678087666,0.8021778584392014,14.901464870847954,572,572,1591,0.524736147757256,346,0,348,14485400.0,6636627.577506596,-2.219945571387114
combo__init1000000__yen1000000__pct0.15,combo,1000000.0,1000000.0,0.15,3032,12609976.995191313,12609976.995191313,0,112609976.9951913,0.009919439715050604,0.2991283558756477,6420234.930217877,6223001.412452055,1563925.8235616428,3214804.325247053,532,22,22,22,573180.7725086961,729197.8280162446,0.7913533834586466,18.37102258325438,634,633,1565,0.5161609498680739,346,0,347,14485400.0,6723908.377308707,-2.2203862397603205
combo__init1000000__yen1000000__pct0.2,combo,1000000.0,1000000.0,0.2,3032,13275563.258734776,13275563.258734776,0,113275563.25873478,0.010414219116157808,0.31510627963333093,6420234.930217877,6223001.412452055,1544596.676767123,3384489.773498111,536,19,19,19,698713.8557228829,784183.220277278,0.7985074626865671,19.04843218810484,634,633,1545,0.5095646437994723,346,0,339,14485400.0,6640805.067612138,-2.222119397796832
combo__init1000000__yen1000000__pct0.25,combo,1000000.0,1000000.0,0.25,3032,13674576.037049873,13674576.037049873,0,113674576.03704987,0.010709558286152498,0.32411256318520987,6420234.930217877,6223001.412452055,1546636.9784657531,3486214.622484384,525,18,18,18,759698.6687249929,825587.9233074014,0.7980952380952381,20.804190472816686,618,617,1540,0.5079155672823219,346,0,339,14485400.0,6649577.095976253,-2.220665884693502
combo__init1000000__yen2000000__pct0.03,combo,1000000.0,2000000.0,0.03,3032,10300888.768377481,10300888.768377481,0,110300888.76837748,0.008181882850477828,0.3456249470296995,4596075.667013705,4596075.667013698,572269.0718356193,2675155.957786921,1274,144,144,144,71533.94978039917,25766.32666103093,0.792778649921507,5.798440503970731,102,102,1354,0.4465699208443272,85,0,117,12848050.0,2460401.093337731,0.18898175879553936
combo__init1000000__yen2000000__pct0.05,combo,1000000.0,2000000.0,0.05,3032,13322598.226200882,13322598.226200882,0,113322598.22620088,0.01044908275816625,0.38533723636388584,6416700.215780824,6223001.412452055,857191.4990684768,3396480.9307306386,1067,75,75,75,177634.64301601177,115318.91600690004,0.8472352389878163,8.581717818871658,331,331,1527,0.5036279683377308,247,0,149,13828800.0,3685390.3265171503,-1.260190913886708
combo__init1000000__yen2000000__pct0.08,combo,1000000.0,2000000.0,0.08,3032,13678104.317712693,13678104.317712693,0,113678104.3177127,0.010712165588036004,0.3462954121607834,6416700.215780824,6223001.412452055,1231060.4872328932,3487114.127054443,754,42,42,42,325669.15042173077,277237.7789307965,0.8289124668435013,13.19794639708998,491,491,1589,0.5240765171503958,346,0,262,14291100.0,5292794.452506596,-1.9469658853221503
combo__init1000000__yen2000000__pct0.1,combo,1000000.0,2000000.0,0.1,3032,14582777.44063996,14582777.44063996,0,114582777.44063996,0.011378257824555371,0.34794989191907316,6416700.215780824,6223001.412452055,1504856.1317808232,3717752.697579229,604,30,30,30,486092.58135466534,440012.5421346753,0.8410596026490066,23.13995621178625,567,567,1593,0.5253957783641161,346,0,315,14994600.0,6469945.44030343,-2.099269189205021
combo__init1000000__yen2000000__pct0.12,combo,1000000.0,2000000.0,0.12,3032,13273989.805765433,13273989.805765433,0,113273989.80576544,0.01041305259909775,0.3136418701864791,6416700.215780824,6223001.412452055,1582172.2249315146,3384088.635303065,532,24,24,24,553082.9085735597,475712.92903806176,0.8439849624060151,25.383495970386758,572,572,1578,0.5204485488126649,346,0,360,14994600.0,6802356.555079156,-2.1937355222832613
combo__init1000000__yen2000000__pct0.15,combo,1000000.0,2000000.0,0.15,3032,13484446.721457133,13484446.721457133,0,113484446.72145714,0.010568948128355293,0.31135283081034787,6416700.215780824,6223001.412452055,1688995.136931519,3437742.801611364,429,18,18,18,749135.9289698408,758616.8931966472,0.8531468531468531,61.62665668922576,637,637,1589,0.5240765171503958,346,0,399,15885700.0,7261628.639511873,-2.2819084666725855
combo__init1000000__yen2000000__pct0.2,combo,1000000.0,2000000.0,0.2,3032,15528463.496768475,15528463.496768475,0,115528463.49676847,0.01206941194295319,0.3445238289099853,6709064.6870958805,6223001.412452055,1790426.1963287645,3958847.1599027617,396,13,13,13,1194497.1920591134,1586789.0226344918,0.9292929292929293,891.9133944744016,641,641,1676,0.5527704485488126,346,0,415,16031560.0,7697719.111147758,-2.3973192627681987
combo__init1000000__yen2000000__pct0.25,combo,1000000.0,2000000.0,0.25,3032,16612519.48347475,16612519.48347475,0,116612519.48347475,0.012855340847385044,0.36492033529933476,6832790.585378185,6223001.412452055,1794340.1149588986,4235217.83656635,385,12,12,12,1384376.623622896,1797094.5268491944,0.961038961038961,4001.832194967462,627,626,1671,0.5511213720316622,346,0,415,16031560.0,7714546.527044855,-2.3844755268273983
combo__init1000000__yen5000000__pct0.03,combo,1000000.0,5000000.0,0.03,3032,10300888.768377481,10300888.768377481,0,110300888.76837748,0.008181882850477828,0.3456249470296995,4596075.667013705,4596075.667013698,572269.0718356193,2675155.957786921,1274,144,144,144,71533.94978039917,25766.32666103093,0.792778649921507,5.798440503970731,102,102,1354,0.4465699208443272,85,0,117,12848050.0,2460401.093337731,0.18898175879553936
combo__init1000000__yen5000000__pct0.05,combo,1000000.0,5000000.0,0.05,3032,13322598.226200882,13322598.226200882,0,113322598.22620088,0.01044908275816625,0.38533723636388584,6416700.215780824,6223001.412452055,857191.4990684768,3396480.9307306386,1067,75,75,75,177634.64301601177,115318.91600690004,0.8472352389878163,8.581717818871658,331,331,1527,0.5036279683377308,247,0,149,13828800.0,3685390.3265171503,-1.260190913886708
combo__init1000000__yen5000000__pct0.08,combo,1000000.0,5000000.0,0.08,3032,13678104.317712693,13678104.317712693,0,113678104.3177127,0.010712165588036004,0.3462954121607834,6416700.215780824,6223001.412452055,1231060.4872328932,3487114.127054443,754,42,42,42,325669.15042173077,277237.7789307965,0.8289124668435013,13.19794639708998,491,491,1589,0.5240765171503958,346,0,262,14291100.0,5292794.452506596,-1.9469658853221503
combo__init1000000__yen5000000__pct0.1,combo,1000000.0,5000000.0,0.1,3032,14582777.44063996,14582777.44063996,0,114582777.44063996,0.011378257824555371,0.34794989191907316,6416700.215780824,6223001.412452055,1504856.1317808232,3717752.697579229,604,30,30,30,486092.58135466534,440012.5421346753,0.8410596026490066,23.13995621178625,567,567,1593,0.5253957783641161,346,0,315,14994600.0,6469945.44030343,-2.099269189205021
combo__init1000000__yen5000000__pct0.12,combo,1000000.0,5000000.0,0.12,3032,13273989.805765433,13273989.805765433,0,113273989.80576544,0.01041305259909775,0.3136418701864791,6416700.215780824,6223001.412452055,1582172.2249315146,3384088.635303065,532,24,24,24,553082.9085735597,475712.92903806176,0.8439849624060151,25.383495970386758,572,572,1578,0.5204485488126649,346,0,360,14994600.0,6802356.555079156,-2.1937355222832613
combo__init1000000__yen5000000__pct0.15,combo,1000000.0,5000000.0,0.15,3032,13484446.721457133,13484446.721457133,0,113484446.72145714,0.010568948128355293,0.31135283081034787,6416700.215780824,6223001.412452055,1688995.136931519,3437742.801611364,429,18,18,18,749135.9289698408,758616.8931966472,0.8531468531468531,61.62665668922576,637,637,1589,0.5240765171503958,346,0,399,15885700.0,7261628.639511873,-2.2819084666725855
combo__init1000000__yen5000000__pct0.2,combo,1000000.0,5000000.0,0.2,3032,15812392.230384942,15812392.230384942,0,115812392.23038495,0.012275908666985913,0.350931528553255,6709064.6870958805,6223001.412452055,1792540.5933150658,4031232.3292999947,396,13,13,13,1216337.863875765,1689869.6709661717,0.9318181818181818,909.8258100096543,641,641,1676,0.5527704485488126,346,0,415,16031560.0,7706809.703166227,-2.390911563124929
combo__init1000000__yen5000000__pct0.25,combo,1000000.0,5000000.0,0.25,3032,16959711.698419634,16959711.698419634,0,116959711.69841963,0.013105635462620224,0.362817440137115,8530338.519726023,5914768.58361644,1880841.679452036,4323731.482128316,358,11,11,11,1541791.972583603,2009238.1603695997,0.9972067039106145,55159.57502919754,631,631,1613,0.5319920844327177,346,0,423,17189200.0,8086449.455804749,-2.3416905591927843
combo__init1000000__yen10000000__pct0.03,combo,1000000.0,10000000.0,0.03,3032,10300888.768377481,10300888.768377481,0,110300888.76837748,0.008181882850477828,0.3456249470296995,4596075.667013705,4596075.667013698,572269.0718356193,2675155.957786921,1274,144,144,144,71533.94978039917,25766.32666103093,0.792778649921507,5.798440503970731,102,102,1354,0.4465699208443272,85,0,117,12848050.0,2460401.093337731,0.18898175879553936
combo__init1000000__yen10000000__pct0.05,combo,1000000.0,10000000.0,0.05,3032,13322598.226200882,13322598.226200882,0,113322598.22620088,0.01044908275816625,0.38533723636388584,6416700.215780824,6223001.412452055,857191.4990684768,3396480.9307306386,1067,75,75,75,177634.64301601177,115318.91600690004,0.8472352389878163,8.581717818871658,331,331,1527,0.5036279683377308,247,0,149,13828800.0,3685390.3265171503,-1.260190913886708
combo__init1000000__yen10000000__pct0.08,combo,1000000.0,10000000.0,0.08,3032,13678104.317712693,13678104.317712693,0,113678104.3177127,0.010712165588036004,0.3462954121607834,6416700.215780824,6223001.412452055,1231060.4872328932,3487114.127054443,754,42,42,42,325669.15042173077,277237.7789307965,0.8289124668435013,13.19794639708998,491,491,1589,0.5240765171503958,346,0,262,14291100.0,5292794.452506596,-1.9469658853221503
combo__init1000000__yen10000000__pct0.1,combo,1000000.0,10000000.0,0.1,3032,14582777.44063996,14582777.44063996,0,114582777.44063996,0.011378257824555371,0.34794989191907316,6416700.215780824,6223001.412452055,1504856.1317808232,3717752.697579229,604,30,30,30,486092.58135466534,440012.5421346753,0.8410596026490066,23.13995621178625,567,567,1593,0.5253957783641161,346,0,315,14994600.0,6469945.44030343,-2.099269189205021
combo__init1000000__yen10000000__pct0.12,combo,1000000.0,10000000.0,0.12,3032,13273989.805765433,13273989.805765433,0,113273989.80576544,0.01041305259909775,0.3136418701864791,6416700.215780824,6223001.412452055,1582172.2249315146,3384088.635303065,532,24,24,24,553082.9085735597,475712.92903806176,0.8439849624060151,25.383495970386758,572,572,1578,0.5204485488126649,346,0,360,14994600.0,6802356.555079156,-2.1937355222832613
combo__init1000000__yen10000000__pct0.15,combo,1000000.0,10000000.0,0.15,3032,13484446.721457133,13484446.721457133,0,113484446.72145714,0.010568948128355293,0.31135283081034787,6416700.215780824,6223001.412452055,1688995.136931519,3437742.801611364,429,18,18,18,749135.9289698408,758616.8931966472,0.8531468531468531,61.62665668922576,637,637,1589,0.5240765171503958,346,0,399,15885700.0,7261628.639511873,-2.2819084666725855
combo__init1000000__yen10000000__pct0.2,combo,1000000.0,10000000.0,0.2,3032,15812392.230384942,15812392.230384942,0,115812392.23038495,0.012275908666985913,0.350931528553255,6709064.6870958805,6223001.412452055,1792540.5933150658,4031232.3292999947,396,13,13,13,1216337.863875765,1689869.6709661717,0.9318181818181818,909.8258100096543,641,641,1676,0.5527704485488126,346,0,415,16031560.0,7706809.703166227,-2.390911563124929
combo__init1000000__yen10000000__pct0.25,combo,1000000.0,10000000.0,0.25,3032,16959711.698419634,16959711.698419634,0,116959711.69841963,0.013105635462620224,0.362817440137115,8530338.519726023,5914768.58361644,1880841.679452036,4323731.482128316,358,11,11,11,1541791.972583603,2009238.1603695997,0.9972067039106145,55159.57502919754,631,631,1613,0.5319920844327177,346,0,423,17189200.0,8086449.455804749,-2.3416905591927843
combo__init2000000__yen100000__pct0.03,combo,2000000.0,100000.0,0.03,3032,8117929.964277547,8117929.964277547,0,108117929.96427755,0.006508291359697438,0.28553969958397,4596075.667013705,4596075.667013698,491681.6684931522,2196346.341229323,1322,153,153,153,53058.36577959181,19329.93047258771,0.7632375189107413,3.6296956063414645,70,70,1297,0.4277704485488127,68,0,89,12848050.0,2113925.379287599,0.2278376431529513
combo__init2000000__yen100000__pct0.05,combo,2000000.0,100000.0,0.05,3032,9256685.84642904,9256685.84642904,0,109256685.84642904,0.007385158073614173,0.3000028157646978,4610379.083103135,4596075.667013698,601898.9150136992,2440370.615557277,1196,94,94,94,98475.3813449898,72924.83355948512,0.7775919732441472,4.24545924608968,221,220,1410,0.4650395778364116,118,0,110,12848050.0,2587790.991094987,-0.3642469475275243
combo__init2000000__yen100000__pct0.08,combo,2000000.0,100000.0,0.08,3032,9282515.12387985,9282515.12387985,0,109282515.12387985,0.00740494981749551,0.299841301006984,4610379.083103135,4596075.667013698,606114.1151780828,2446955.5659420826,1190,81,81,81,114598.95214666481,90743.72367312269,0.7596638655462185,4.161211375013771,221,220,1388,0.4577836411609499,118,0,110,12848050.0,2605913.730211082,-0.4245227982504778
combo__init2000000__yen100000__pct0.1,combo,2000000.0,100000.0,0.1,3032,9158634.345385874,9158634.345385874,0,109158634.34538588,0.007309986808115232,0.2951458210432301,4610379.083103135,4596075.667013698,608687.5832876735,2415373.23532647,1184,78,78,78,117418.38904340864,95754.46791828563,0.7525337837837838,4.114749968990269,221,220,1371,0.45217678100263853,118,0,110,12848050.0,2616978.042546174,-0.4358005132555789
combo__init2000000__yen100000__pct0.12,combo,2000000.0,100000.0,0.12,3032,9155042.309103861,9155042.309103861,0,109155042.30910386,0.007307231795091074,0.29496354882155473,4610379.083103135,4596075.667013698,611120.8300821935,2414457.4768139627,1177,76,76,76,120461.0830145245,97482.34646066409,0.7510620220900595,4.11361214678779,221,220,1370,0.45184696569920846,118,0,110,12848050.0,2627439.4904353563,-0.4447798697113847
combo__init2000000__yen100000__pct0.15,combo,2000000.0,100000.0,0.15,3032,9213916.25791583,9213916.25791583,0,109213916.25791582,0.007352376341798639,0.29674407444980705,4610379.083103135,4596075.667013698,612441.5413698629,2429466.8797143223,1170,74,74,74,124512.38186372744,101004.60255543051,0.7504273504273504,4.131606815333268,221,220,1364,0.449868073878628,118,0,110,12848050.0,2633117.7275725594,-0.44180617437537606
combo__init2000000__yen100000__pct0.2,combo,2000000.0,100000.0,0.2,3032,9369800.449379845,9369800.449379845,0,109369800.44937985,0.0074718006788143665,0.30176190070241915,4610379.083103135,4596075.667013698,612509.5345753417,2469208.2030448294,1172,73,73,73,128353.43081342253,101105.21283097261,0.7517064846416383,4.188212179484916,221,220,1359,0.4482189973614776,118,0,110,12848050.0,2633410.0560686016,-0.4251358738228377
combo__init2000000__yen100000__pct0.25,combo,2000000.0,100000.0,0.25,3032,9394814.187248778,9394814.187248778,0,109394814.18724878,0.007490949404870051,0.30257108248748726,4610379.083103135,4596075.667013698,612391.5590684925,2475585.2386827455,1174,73,73,73,128696.08475683257,101105.21283097261,0.752129471890971,4.196665627687903,221,220,1361,0.4488786279683377,118,0,110,12848050.0,2632902.834762533,-0.4245923141412997
combo__init2000000__yen300000__pct0.03,combo,2000000.0,300000.0,0.03,3032,10328738.34081843,10328738.34081843,0,110328738.34081843,0.008203037190858797,0.3465642553190659,4596075.667013705,4596075.667013698,572578.6053150715,2682255.9648665204,1273,144,144,144,71727.34958901687,25766.32666103093,0.7926158680282797,5.811364586887153,102,102,1354,0.4465699208443272,85,0,117,12848050.0,2461731.894788918,0.19088806612799392
combo__init2000000__yen300000__pct0.05,combo,2000000.0,300000.0,0.05,3032,12601570.57805425,12601570.57805425,0,112601570.57805425,0.009913173475321058,0.3871543138040107,6416700.215780824,6223001.412452055,748966.2208767033,3212661.1820690483,1132,80,80,80,157519.63222567813,112799.53796842537,0.8436395759717314,7.520990860158313,331,331,1466,0.48350923482849606,247,0,135,13781900.0,3220088.9396437993,-1.2360926898705473
combo__init2000000__yen300000__pct0.08,combo,2000000.0,300000.0,0.08,3032,12486465.109901465,12486465.109901465,0,112486465.10990146,0.0098273293656983,0.3754144825789949,6416700.215780824,6223001.412452055,830146.5633424538,3183316.0407560803,1032,56,56,56,222972.59124824047,232920.9629770228,0.8032945736434108,6.952529108412114,473,472,1470,0.48482849604221634,346,0,145,13781900.0,3569113.9231530344,-2.010239795338198
combo__init2000000__yen300000__pct0.1,combo,2000000.0,300000.0,0.1,3032,12771397.690925872,12771397.690925872,0,112771397.69092587,0.010039681437657544,0.38157225586497945,6416700.215780824,6223001.412452055,845779.8597260182,3255957.1323481095,1011,51,51,51,250419.56256717397,270878.80396245595,0.8021760633036598,7.1012121938134785,473,472,1450,0.4782321899736148,346,0,145,13781900.0,3636327.3746701847,-1.9095582472517412
combo__init2000000__yen300000__pct0.12,combo,2000000.0,300000.0,0.12,3032,12829848.25639159,12829848.25639159,0,112829848.25639158,0.010083182149183134,0.38264469197386913,6416700.215780824,6223001.412452055,858256.2642739636,3270858.597334444,1001,48,48,48,267288.5053414915,285044.3974506215,0.7992007992007992,7.089294731652121,473,472,1447,0.47724274406332456,346,0,145,13781900.0,3689968.154683377,-1.8586727595403931
combo__init2000000__yen300000__pct0.15,combo,2000000.0,300000.0,0.15,3032,12889185.153887916,12889185.153887916,0,112889185.15388791,0.01012732136687755,0.3807653816263013,6416700.215780824,6223001.412452055,876757.4311232766,3285986.024988805,979,44,44,44,292936.02622472536,299020.8545579177,0.7752808988764045,7.2008560638851815,532,531,1413,0.46602902374670185,346,0,145,13781900.0,3769511.665567282,-1.7486733045219238
combo__init2000000__yen300000__pct0.2,combo,2000000.0,300000.0,0.2,3032,13117760.74728186,13117760.74728186,0,113117760.74728186,0.010297154405961795,0.38754840775567667,6416700.215780824,6223001.412452055,879708.4566027281,3344259.391115405,977,42,42,42,312327.6368400443,305312.1663402306,0.7768679631525077,7.3216939246666,532,531,1407,0.4640501319261214,346,0,145,13781900.0,3782199.2397757256,-1.7256337340544337
combo__init2000000__yen300000__pct0.25,combo,2000000.0,300000.0,0.25,3032,13113367.576763112,13113367.576763112,0,113113367.57676311,0.010293893220727268,0.38876761559513884,5947875.316452056,5785222.411999999,872898.9018630034,3343139.39037388,981,42,42,42,312223.0375419789,299020.8545579177,0.7787971457696228,7.142766794543193,532,531,1401,0.4620712401055409,346,0,143,13347880.0,3752922.3895118735,-1.71847785075323
combo__init2000000__yen500000__pct0.03,combo,2000000.0,500000.0,0.03,3032,10328738.34081843,10328738.34081843,0,110328738.34081843,0.008203037190858797,0.3465642553190659,4596075.667013705,4596075.667013698,572578.6053150715,2682255.9648665204,1273,144,144,144,71727.34958901687,25766.32666103093,0.7926158680282797,5.811364586887153,102,102,1354,0.4465699208443272,85,0,117,12848050.0,2461731.894788918,0.19088806612799392
combo__init2000000__yen500000__pct0.05,combo,2000000.0,500000.0,0.05,3032,13430334.41749784,13430334.41749784,0,113430334.41749784,0.010528889882437165,0.3884980998208076,6416700.215780824,6223001.412452055,857587.9407123125,3423947.338789843,1066,75,75,75,179071.12556663787,121863.21649193906,0.8470919324577861,8.643029087696615,331,331,1527,0.5036279683377308,247,0,149,13828800.0,3687094.7790237465,-1.249847637676656
combo__init2000000__yen500000__pct0.08,combo,2000000.0,500000.0,0.08,3032,13096516.67620039,13096516.67620039,0,113096516.67620039,0.01028138320321581,0.34990287603407827,6416700.215780824,6223001.412452055,1004028.0634520414,3338843.399347567,917,47,47,47,278649.29098298703,256785.69286721258,0.8233369683751364,8.094587426904836,476,475,1488,0.49076517150395776,346,0,175,14036500.0,4316696.230211082,-1.887677929594606
combo__init2000000__yen500000__pct0.1,combo,2000000.0,500000.0,0.1,3032,13406934.66651298,13406934.66651298,0,113406934.66651298,0.010511562092389681,0.35697070419939997,6416700.215780824,6223001.412452055,1023437.3293698488,3417981.7751171635,904,42,42,42,319212.73015507095,337775.7236502415,0.8296460176991151,8.314863625338198,476,475,1461,0.48186015831134565,346,0,177,14036500.0,4400144.002308707,-1.809641516766383
combo__init2000000__yen500000__pct0.12,combo,2000000.0,500000.0,0.12,3032,12868940.730913121,12868940.730913121,0,112868940.73091312,0.010112264443750574,0.34263379772741887,6416700.215780824,6223001.412452055,1038012.9142465632,3280824.884840309,897,38,38,38,338656.3350240295,363290.9082702156,0.8249721293199554,7.436492445179792,476,475,1452,0.4788918205804749,346,0,179,14036500.0,4462809.952176781,-1.8650734100457518
combo__init2000000__yen500000__pct0.15,combo,2000000.0,500000.0,0.15,3032,13130801.567936124,13130801.567936124,0,113130801.56793612,0.010306834323203562,0.3462383964306616,6416929.80742465,6222086.02520548,1068188.1007671116,3347584.035296759,873,35,35,35,375165.75908388925,415604.75678087666,0.7995418098510882,7.901141988006459,551,550,1437,0.47394459102902375,346,0,180,14036500.0,4592544.487137203,-1.8841271226881555
combo__init2000000__yen500000__pct0.2,combo,2000000.0,500000.0,0.2,3032,13629392.207967844,13629392.207967844,0,113629392.20796785,0.010676162124275912,0.3588335364106223,6416929.80742465,6222086.02520548,1071532.4130958742,3474695.3969362704,868,32,32,32,425918.5064989951,427715.9259259696,0.8018433179723502,8.113491583724029,551,550,1426,0.4703166226912929,346,0,180,14036500.0,4606922.9501978895,-1.8981480776950024
combo__init2000000__yen500000__pct0.25,combo,2000000.0,500000.0,0.25,3032,13726921.204117877,13726921.204117877,0,113726921.20411788,0.010748232304532257,0.3615321961527197,6416929.80742465,6222086.02520548,1075212.529808201,3499559.569073911,857,31,31,31,442803.9098102541,432833.6875682204,0.8028004667444574,8.316844270425687,535,534,1421,0.46866754617414247,346,0,180,14036500.0,4622745.163258575,-1.9030021884014534
combo__init2000000__yen1000000__pct0.03,combo,2000000.0,1000000.0,0.03,3032,10328738.34081843,10328738.34081843,0,110328738.34081843,0.008203037190858797,0.3465642553190659,4596075.667013705,4596075.667013698,572578.6053150715,2682255.9648665204,1273,144,144,144,71727.34958901687,25766.32666103093,0.7926158680282797,5.811364586887153,102,102,1354,0.4465699208443272,85,0,117,12848050.0,2461731.894788918,0.19088806612799392
combo__init2000000__yen1000000__pct0.05,combo,2000000.0,1000000.0,0.05,3032,13430334.41749784,13430334.41749784,0,113430334.41749784,0.010528889882437165,0.3884980998208076,6416700.215780824,6223001.412452055,857587.9407123125,3423947.338789843,1066,75,75,75,179071.12556663787,121863.21649193906,0.8470919324577861,8.643029087696615,331,331,1527,0.5036279683377308,247,0,149,13828800.0,3687094.7790237465,-1.249847637676656
combo__init2000000__yen1000000__pct0.08,combo,2000000.0,1000000.0,0.08,3032,13785840.509009654,13785840.509009654,0,113785840.50900966,0.010791743953262545,0.34904205905817104,6416700.215780824,6223001.412452055,1231456.9288767292,3514580.535113647,753,42,42,42,328234.2978335632,277237.7789307965,0.8286852589641435,13.29402405931143,491,491,1589,0.5240765171503958,346,0,262,14291100.0,5294498.905013192,-1.9442192384247625
combo__init2000000__yen1000000__pct0.1,combo,2000000.0,1000000.0,0.1,3032,15459722.03908158,15459722.03908158,0,115459722.03908157,0.012019347443377626,0.3789609051492738,6416700.215780824,6223001.412452055,1375460.520767135,3941322.121151312,650,34,34,34,454697.7070318111,351926.02965302597,0.8307692307692308,21.474443855710454,567,567,1516,0.5,346,0,301,14485400.0,5913624.788918206,-1.9420708408824723
combo__init2000000__yen1000000__pct0.12,combo,2000000.0,1000000.0,0.12,3032,12107689.606794829,12107689.606794829,0,112107689.60679483,0.009544273973778772,0.2903389340440754,6420234.930217877,6223001.412452055,1544021.4685479505,3086750.5096572363,550,25,25,25,484307.58427179314,415604.75678087666,0.8018181818181818,15.02627292857753,572,572,1591,0.524736147757256,346,0,348,14485400.0,6638332.030013192,-2.2174012552594387
combo__init2000000__yen1000000__pct0.15,combo,2000000.0,1000000.0,0.15,3032,12717713.186488273,12717713.186488273,0,112717713.18648827,0.009999709558607073,0.30165701185236854,6420234.930217877,6223001.412452055,1564322.2652054771,3242270.733306258,531,22,22,22,578077.8721131033,729197.8280162446,0.7909604519774012,18.519435844655813,634,633,1565,0.5161609498680739,346,0,347,14485400.0,6725612.829815303,-2.2178575837835997
combo__init2000000__yen1000000__pct0.2,combo,2000000.0,1000000.0,0.2,3032,13431661.287821712,13431661.287821712,0,113431661.28782171,0.01052987234727798,0.3187891537719034,6420234.930217877,6223001.412452055,1545084.69030137,3424285.6128769284,535,19,19,19,706929.5414643006,784183.220277278,0.7981308411214953,19.260651032440407,634,633,1545,0.5095646437994723,346,0,339,14485400.0,6642903.222295514,-2.2184365236582595
combo__init2000000__yen1000000__pct0.25,combo,2000000.0,1000000.0,0.25,3032,13868671.914559275,13868671.914559275,0,113868671.91455927,0.010852879661236381,0.3286852575974338,6420234.930217877,6223001.412452055,1547680.2715068476,3535697.6839338853,524,18,18,18,770481.7730310708,825587.9233074014,0.7977099236641222,21.085289624832075,618,617,1540,0.5079155672823219,346,0,339,14485400.0,6654062.607189974,-2.2160931902812777
combo__init2000000__yen2000000__pct0.03,combo,2000000.0,2000000.0,0.03,3032,10328738.34081843,10328738.34081843,0,110328738.34081843,0.008203037190858797,0.3465642553190659,4596075.667013705,4596075.667013698,572578.6053150715,2682255.9648665204,1273,144,144,144,71727.34958901687,25766.32666103093,0.7926158680282797,5.811364586887153,102,102,1354,0.4465699208443272,85,0,117,12848050.0,2461731.894788918,0.19088806612799392
combo__init2000000__yen2000000__pct0.05,combo,2000000.0,2000000.0,0.05,3032,13430334.41749784,13430334.41749784,0,113430334.41749784,0.010528889882437165,0.3884980998208076,6416700.215780824,6223001.412452055,857587.9407123125,3423947.338789843,1066,75,75,75,179071.12556663787,121863.21649193906,0.8470919324577861,8.643029087696615,331,331,1527,0.5036279683377308,247,0,149,13828800.0,3687094.7790237465,-1.249847637676656
combo__init2000000__yen2000000__pct0.08,combo,2000000.0,2000000.0,0.08,3032,13785840.509009654,13785840.509009654,0,113785840.50900966,0.010791743953262545,0.34904205905817104,6416700.215780824,6223001.412452055,1231456.9288767292,3514580.535113647,753,42,42,42,328234.2978335632,277237.7789307965,0.8286852589641435,13.29402405931143,491,491,1589,0.5240765171503958,346,0,262,14291100.0,5294498.905013192,-1.9442192384247625
combo__init2000000__yen2000000__pct0.1,combo,2000000.0,2000000.0,0.1,3032,14690513.63193692,14690513.63193692,0,114690513.63193692,0.011457260190816054,0.35054280527363535,6416700.215780824,6223001.412452055,1505252.5734246608,3745219.105638433,603,30,30,30,489683.78773123067,440012.5421346753,0.8407960199004975,23.3035241306857,567,567,1593,0.5253957783641161,346,0,315,14994600.0,6471649.892810026,-2.0966762758504593
combo__init2000000__yen2000000__pct0.12,combo,2000000.0,2000000.0,0.12,3032,13381725.99706239,13381725.99706239,0,113381725.99706239,0.010492891108533353,0.3161752476196044,6416700.215780824,6223001.412452055,1582568.6665753496,3411555.0433622696,531,24,24,24,557571.9165442663,475712.92903806176,0.8436911487758946,25.581400671595226,572,572,1578,0.5204485488126649,346,0,360,14994600.0,6804061.007585752,-2.191202144850136
combo__init2000000__yen2000000__pct0.15,combo,2000000.0,2000000.0,0.15,3032,13592182.91275409,13592182.91275409,0,113592182.91275409,0.010648650937020276,0.3138244629090139,6416700.215780824,6223001.412452055,1689391.5785753545,3465209.209670569,428,18,18,18,755121.2729307828,758616.8931966472,0.852803738317757,62.11104327309442,637,637,1589,0.5240765171503958,346,0,399,15885700.0,7263333.092018469,-2.2794368345739193
combo__init2000000__yen2000000__pct0.2,combo,2000000.0,2000000.0,0.2,3032,15684561.52585541,15684561.52585541,0,115684561.5258554,0.012182996999357876,0.34800274092296263,6709064.6870958805,6223001.412452055,1790914.2098630108,3998642.9992815796,395,13,13,13,1206504.7327581085,1586789.0226344918,0.9291139240506329,900.8691952201447,641,641,1676,0.5527704485488126,346,0,415,16031560.0,7699817.265831134,-2.3938403507552213
combo__init2000000__yen2000000__pct0.25,combo,2000000.0,2000000.0,0.25,3032,16806615.360984154,16806615.360984154,0,116806615.36098415,0.012995350743546519,0.3692186890284112,6832790.5853782,6223001.412452055,1795383.4079999942,4284700.898015851,384,12,12,12,1400551.2800820128,1797094.5268491944,0.9609375,4048.57676230552,627,626,1671,0.5511213720316622,346,0,415,16031560.0,7719032.038258575,-2.3801771730983217
combo__init2000000__yen5000000__pct0.03,combo,2000000.0,5000000.0,0.03,3032,10328738.34081843,10328738.34081843,0,110328738.34081843,0.008203037190858797,0.3465642553190659,4596075.667013705,4596075.667013698,572578.6053150715,2682255.9648665204,1273,144,144,144,71727.34958901687,25766.32666103093,0.7926158680282797,5.811364586887153,102,102,1354,0.4465699208443272,85,0,117,12848050.0,2461731.894788918,0.19088806612799392
combo__init2000000__yen5000000__pct0.05,combo,2000000.0,5000000.0,0.05,3032,13430334.41749784,13430334.41749784,0,113430334.41749784,0.010528889882437165,0.3884980998208076,6416700.215780824,6223001.412452055,857587.9407123125,3423947.338789843,1066,75,75,75,179071.12556663787,121863.21649193906,0.8470919324577861,8.643029087696615,331,331,1527,0.5036279683377308,247,0,149,13828800.0,3687094.7790237465,-1.249847637676656
combo__init2000000__yen5000000__pct0.08,combo,2000000.0,5000000.0,0.08,3032,13785840.509009654,13785840.509009654,0,113785840.50900966,0.010791743953262545,0.34904205905817104,6416700.215780824,6223001.412452055,1231456.9288767292,3514580.535113647,753,42,42,42,328234.2978335632,277237.7789307965,0.8286852589641435,13.29402405931143,491,491,1589,0.5240765171503958,346,0,262,14291100.0,5294498.905013192,-1.9442192384247625
combo__init2000000__yen5000000__pct0.1,combo,2000000.0,5000000.0,0.1,3032,14690513.63193692,14690513.63193692,0,114690513.63193692,0.011457260190816054,0.35054280527363535,6416700.215780824,6223001.412452055,1505252.5734246608,3745219.105638433,603,30,30,30,489683.78773123067,440012.5421346753,0.8407960199004975,23.3035241306857,567,567,1593,0.5253957783641161,346,0,315,14994600.0,6471649.892810026,-2.0966762758504593
combo__init2000000__yen5000000__pct0.12,combo,2000000.0,5000000.0,0.12,3032,13381725.99706239,13381725.99706239,0,113381725.99706239,0.010492891108533353,0.3161752476196044,6416700.215780824,6223001.412452055,1582568.6665753496,3411555.0433622696,531,24,24,24,557571.9165442663,475712.92903806176,0.8436911487758946,25.581400671595226,572,572,1578,0.5204485488126649,346,0,360,14994600.0,6804061.007585752,-2.191202144850136
combo__init2000000__yen5000000__pct0.15,combo,2000000.0,5000000.0,0.15,3032,13592182.91275409,13592182.91275409,0,113592182.91275409,0.010648650937020276,0.3138244629090139,6416700.215780824,6223001.412452055,1689391.5785753545,3465209.209670569,428,18,18,18,755121.2729307828,758616.8931966472,0.852803738317757,62.11104327309442,637,637,1589,0.5240765171503958,346,0,399,15885700.0,7263333.092018469,-2.2794368345739193
combo__init2000000__yen5000000__pct0.2,combo,2000000.0,5000000.0,0.2,3032,15968490.259471878,15968490.259471878,0,115968490.25947188,0.012389238545580605,0.3544190834802153,6709064.6870958805,6223001.412452055,1793028.606849312,4071028.1686788127,395,13,13,13,1228345.4045747598,1689869.6709661717,0.9316455696202531,918.797628799555,641,641,1676,0.5527704485488126,346,0,415,16031560.0,7708907.857849604,-2.3874240081979687
combo__init2000000__yen5000000__pct0.25,combo,2000000.0,5000000.0,0.25,3032,17153807.575929035,17153807.575929035,0,117153807.57592903,0.013245264554705649,0.36700539692590234,8530338.519726023,5914768.58361644,1881884.9724931314,4373214.543577817,357,11,11,11,1559437.052357185,2009238.1603695997,0.9971988795518207,55790.838827358566,631,631,1613,0.5319920844327177,346,0,423,17189200.0,8090934.967018469,-2.3375026024039967
combo__init2000000__yen10000000__pct0.03,combo,2000000.0,10000000.0,0.03,3032,10328738.34081843,10328738.34081843,0,110328738.34081843,0.008203037190858797,0.3465642553190659,4596075.667013705,4596075.667013698,572578.6053150715,2682255.9648665204,1273,144,144,144,71727.34958901687,25766.32666103093,0.7926158680282797,5.811364586887153,102,102,1354,0.4465699208443272,85,0,117,12848050.0,2461731.894788918,0.19088806612799392
combo__init2000000__yen10000000__pct0.05,combo,2000000.0,10000000.0,0.05,3032,13430334.41749784,13430334.41749784,0,113430334.41749784,0.010528889882437165,0.3884980998208076,6416700.215780824,6223001.412452055,857587.9407123125,3423947.338789843,1066,75,75,75,179071.12556663787,121863.21649193906,0.8470919324577861,8.643029087696615,331,331,1527,0.5036279683377308,247,0,149,13828800.0,3687094.7790237465,-1.249847637676656
combo__init2000000__yen10000000__pct0.08,combo,2000000.0,10000000.0,0.08,3032,13785840.509009654,13785840.509009654,0,113785840.50900966,0.010791743953262545,0.34904205905817104,6416700.215780824,6223001.412452055,1231456.9288767292,3514580.535113647,753,42,42,42,328234.2978335632,277237.7789307965,0.8286852589641435,13.29402405931143,491,491,1589,0.5240765171503958,346,0,262,14291100.0,5294498.905013192,-1.9442192384247625
combo__init2000000__yen10000000__pct0.1,combo,2000000.0,10000000.0,0.1,3032,14690513.63193692,14690513.63193692,0,114690513.63193692,0.011457260190816054,0.35054280527363535,6416700.215780824,6223001.412452055,1505252.5734246608,3745219.105638433,603,30,30,30,489683.78773123067,440012.5421346753,0.8407960199004975,23.3035241306857,567,567,1593,0.5253957783641161,346,0,315,14994600.0,6471649.892810026,-2.0966762758504593
combo__init2000000__yen10000000__pct0.12,combo,2000000.0,10000000.0,0.12,3032,13381725.99706239,13381725.99706239,0,113381725.99706239,0.010492891108533353,0.3161752476196044,6416700.215780824,6223001.412452055,1582568.6665753496,3411555.0433622696,531,24,24,24,557571.9165442663,475712.92903806176,0.8436911487758946,25.581400671595226,572,572,1578,0.5204485488126649,346,0,360,14994600.0,6804061.007585752,-2.191202144850136
combo__init2000000__yen10000000__pct0.15,combo,2000000.0,10000000.0,0.15,3032,13592182.91275409,13592182.91275409,0,113592182.91275409,0.010648650937020276,0.3138244629090139,6416700.215780824,6223001.412452055,1689391.5785753545,3465209.209670569,428,18,18,18,755121.2729307828,758616.8931966472,0.852803738317757,62.11104327309442,637,637,1589,0.5240765171503958,346,0,399,15885700.0,7263333.092018469,-2.2794368345739193
combo__init2000000__yen10000000__pct0.2,combo,2000000.0,10000000.0,0.2,3032,15968490.259471878,15968490.259471878,0,115968490.25947188,0.012389238545580605,0.3544190834802153,6709064.6870958805,6223001.412452055,1793028.606849312,4071028.1686788127,395,13,13,13,1228345.4045747598,1689869.6709661717,0.9316455696202531,918.797628799555,641,641,1676,0.5527704485488126,346,0,415,16031560.0,7708907.857849604,-2.3874240081979687
combo__init2000000__yen10000000__pct0.25,combo,2000000.0,10000000.0,0.25,3032,17153807.575929035,17153807.575929035,0,117153807.57592903,0.013245264554705649,0.36700539692590234,8530338.519726023,5914768.58361644,1881884.9724931314,4373214.543577817,357,11,11,11,1559437.052357185,2009238.1603695997,0.9971988795518207,55790.838827358566,631,631,1613,0.5319920844327177,346,0,423,17189200.0,8090934.967018469,-2.3375026024039967
combo__init5000000__yen100000__pct0.03,combo,5000000.0,100000.0,0.03,3032,8201864.197390247,8201864.197390247,0,108201864.19739024,0.006573210922947936,0.2884391937369155,4596075.667013705,4596075.667013698,492612.28723287804,2217744.6463768976,1322,153,153,153,53606.95553849835,19329.93047258771,0.7632375189107413,3.6565508606378767,70,70,1297,0.4277704485488127,68,0,89,12848050.0,2117926.461081794,0.23348008610042992
combo__init5000000__yen100000__pct0.05,combo,5000000.0,100000.0,0.05,3032,9260748.021580357,9260748.021580357,0,109260748.02158035,0.0073882710090413806,0.3001254757823436,4610379.083103135,4596075.667013698,602654.3665205489,2441406.231899111,1196,94,94,94,98518.59597425912,72924.83355948512,0.7775919732441472,4.246873676685091,221,220,1410,0.4650395778364116,118,0,110,12848050.0,2591038.9627308706,-0.36390821436353193
combo__init5000000__yen100000__pct0.08,combo,5000000.0,100000.0,0.08,3032,9286577.299031168,9286577.299031168,0,109286577.29903117,0.007408062078327227,0.2999635589941798,4610379.083103135,4596075.667013698,606869.5666849323,2447991.182283916,1190,81,81,81,114649.10245717491,90743.72367312269,0.7596638655462185,4.162585281550712,221,220,1388,0.4577836411609499,118,0,110,12848050.0,2609161.7018469656,-0.4241497887107315
combo__init5000000__yen100000__pct0.1,combo,5000000.0,100000.0,0.1,3032,9162696.520537192,9162696.520537192,0,109162696.5205372,0.007313102307185515,0.2952677954573259,4610379.083103135,4596075.667013698,609443.0347945226,2416408.851668304,1184,78,78,78,117470.46821201529,95754.46791828563,0.7525337837837838,4.1161218659572,221,220,1371,0.45217678100263853,118,0,110,12848050.0,2620226.014182058,-0.4354181429984496
combo__init5000000__yen100000__pct0.12,combo,5000000.0,100000.0,0.12,3032,9159104.484255178,9159104.484255178,0,109159104.48425518,0.007310347388162164,0.2950854976537069,4610379.083103135,4596075.667013698,611876.281589043,2415493.0931557966,1177,76,76,76,120514.53268756813,97482.34646066409,0.7510620220900595,4.114984076932445,221,220,1370,0.45184696569920846,118,0,110,12848050.0,2630687.46207124,-0.4443906725140143
combo__init5000000__yen100000__pct0.15,combo,5000000.0,100000.0,0.15,3032,9217978.433067149,9217978.433067149,0,109217978.43306714,0.007355490394931996,0.29686598745657816,4610379.08310315,4596075.667013698,613196.9928767126,2430502.4960561562,1170,74,74,74,124567.27612252903,101004.60255543051,0.7504273504273504,4.132977918421983,221,220,1364,0.449868073878628,118,0,110,12848050.0,2636365.699208443,-0.441409790074597
combo__init5000000__yen100000__pct0.2,combo,5000000.0,100000.0,0.2,3032,9220455.860271512,9220455.860271512,0,109220455.86027151,0.007357389532189673,0.29699771287504834,4610379.083103135,4596075.667013698,613264.9860821915,2431134.0946463128,1172,73,73,73,126307.61452426728,101105.21283097261,0.7517064846416383,4.137740844291479,221,220,1359,0.4482189973614776,118,0,110,12848050.0,2636658.0277044857,-0.4401291430959846
combo__init5000000__yen100000__pct0.25,combo,5000000.0,100000.0,0.25,3032,9245469.598140445,9245469.598140445,0,109245469.59814045,0.0073765622613048976,0.29780580293182596,4610379.083103135,4596075.667013698,613147.0105753421,2437511.1302842293,1174,73,73,73,126650.26846767732,101105.21283097261,0.752129471890971,4.1461942924944655,221,220,1361,0.4488786279683377,118,0,110,12848050.0,2636150.806398417,-0.4395866751427373
combo__init5000000__yen300000__pct0.03,combo,5000000.0,300000.0,0.03,3032,10412672.57393113,10412672.57393113,0,110412672.57393113,0.008266763446215242,0.3493698613410871,4596075.667013705,4596075.667013698,573509.2240547973,2703654.270014095,1273,144,144,144,72310.22620785507,25766.32666103093,0.7926158680282797,5.850315741005404,102,102,1354,0.4465699208443272,85,0,117,12848050.0,2465732.9765831134,0.19660805524420644
combo__init5000000__yen300000__pct0.05,combo,5000000.0,300000.0,0.05,3032,12925992.508344887,12925992.508344887,0,112925992.50834489,0.010154690738057415,0.39708315261593985,6416700.215780824,6223001.412452055,750158.4647123194,3295369.740942793,1132,80,80,80,161574.9063543111,112799.53796842537,0.8436395759717314,7.688870921548787,331,331,1466,0.48350923482849606,247,0,135,13781900.0,3225214.8466358837,-1.2058874804154531
combo__init5000000__yen300000__pct0.08,combo,5000000.0,300000.0,0.08,3032,12810887.040192103,12810887.040192103,0,112810887.0401921,0.010069072892601172,0.38512404691154095,6416700.215780824,6223001.412452055,831338.8071780709,3266024.599629825,1032,56,56,56,228765.8400034304,250796.99959229352,0.8032945736434108,7.107187049347772,473,472,1470,0.48482849604221634,346,0,145,13781900.0,3574239.8301451188,-1.9715639872297022
combo__init5000000__yen300000__pct0.1,combo,5000000.0,300000.0,0.1,3032,13095819.621216508,13095819.621216508,0,113095819.6212165,0.010280865676553619,0.39123512074151834,6416700.215780824,6223001.412452055,846972.1035616345,3338665.691221854,1011,51,51,51,256780.77688659818,274145.2220208369,0.8021760633036598,7.25619656474385,473,472,1450,0.4782321899736148,346,0,145,13781900.0,3641453.281662269,-1.8680893107780812
combo__init5000000__yen300000__pct0.12,combo,5000000.0,300000.0,0.12,3032,13154270.186682228,13154270.186682228,0,113154270.18668222,0.010324251990923683,0.3922922576746197,6416700.215780824,6223001.412452055,859448.5081095813,3353567.1562081883,1001,48,48,48,274047.29555587977,292784.51580882585,0.7992007992007992,7.243271669763378,473,472,1447,0.47724274406332456,346,0,145,13781900.0,3695094.061675462,-1.8152312427677009
combo__init5000000__yen300000__pct0.15,combo,5000000.0,300000.0,0.15,3032,13213607.084178554,13213607.084178554,0,113213607.08417855,0.010368275192739862,0.39032439044650663,6416700.215780824,6223001.412452055,877949.6749588924,3368694.583862549,979,44,44,44,300309.25191314897,303547.3525996193,0.7752808988764045,7.35693215943985,532,531,1413,0.46602902374670185,346,0,145,13781900.0,3774637.572559367,-1.703794426825345
combo__init5000000__yen300000__pct0.2,combo,5000000.0,300000.0,0.2,3032,13727238.269575804,13727238.269575804,0,113727238.2695758,0.010748466511293353,0.4054563500494115,6416700.215780824,6223001.412452055,880716.1332602623,3499640.402163927,977,42,42,42,326839.0064184715,305312.1663402306,0.7768679631525077,7.615412526807207,532,531,1407,0.4640501319261214,346,0,145,13781900.0,3786531.622691293,-1.707725791760699
combo__init5000000__yen300000__pct0.25,combo,5000000.0,300000.0,0.25,3032,13742989.421636604,13742989.421636604,0,113742989.42163661,0.010760100662195793,0.4074007243352338,5947875.316452056,5785222.411999999,873906.5785205371,3503656.0218428522,981,42,42,42,327214.03384849057,303547.3525996193,0.7787971457696228,7.43770401331386,532,531,1401,0.4620712401055409,346,0,143,13347880.0,3757254.7724274406,-1.6998447420131348
combo__init5000000__yen500000__pct0.03,combo,5000000.0,500000.0,0.03,3032,10412672.57393113,10412672.57393113,0,110412672.57393113,0.008266763446215242,0.3493698613410871,4596075.667013705,4596075.667013698,573509.2240547973,2703654.270014095,1273,144,144,144,72310.22620785507,25766.32666103093,0.7926158680282797,5.850315741005404,102,102,1354,0.4465699208443272,85,0,117,12848050.0,2465732.9765831134,0.19660805524420644
combo__init5000000__yen500000__pct0.05,combo,5000000.0,500000.0,0.05,3032,13754756.34778848,13754756.34778848,0,113754756.34778848,0.010768791011380063,0.3978785218988568,6416700.215780824,6223001.412452055,858780.1845479287,3506655.8976635872,1066,75,75,75,183396.7513038464,121863.21649193906,0.8470919324577861,8.827653399557946,331,331,1527,0.5036279683377308,247,0,149,13828800.0,3692220.6860158313,-1.218839086912564
combo__init5000000__yen500000__pct0.08,combo,5000000.0,500000.0,0.08,3032,13420938.60649103,13420938.60649103,0,113420938.60649103,0.01052193256802103,0.3585266450011817,6416700.215780824,6223001.412452055,1005220.3072876567,3421551.9582213107,917,47,47,47,285551.88524449,297689.8649943804,0.8233369683751364,8.270331848460437,476,475,1488,0.49076517150395776,346,0,175,14036500.0,4321822.137203166,-1.8445411893199875
combo__init5000000__yen500000__pct0.1,combo,5000000.0,500000.0,0.1,3032,13731356.596803619,13731356.596803619,0,113731356.59680362,0.010751508541928745,0.36557902540804726,6416700.215780824,6223001.412452055,1024629.5732054665,3500690.333990908,904,42,42,42,326937.0618286576,346150.52220501826,0.8296460176991151,8.491869200152577,476,475,1461,0.48186015831134565,346,0,177,14036500.0,4405269.909300791,-1.801033195557736
combo__init5000000__yen500000__pct0.12,combo,5000000.0,500000.0,0.12,3032,13193362.661203763,13193362.661203763,0,113193362.66120376,0.01035325783851615,0.35120552403294114,6416700.215780824,6223001.412452055,1039205.1580821796,3363533.4437140534,897,38,38,38,347193.7542422043,367333.0981506391,0.8249721293199554,7.598754386316124,476,475,1452,0.4788918205804749,346,0,179,14036500.0,4467935.859168866,-1.8565016837402295
combo__init5000000__yen500000__pct0.15,combo,5000000.0,500000.0,0.15,3032,13455223.498226764,13455223.498226764,0,113455223.49822676,0.01054731694196942,0.3547393010929521,6416929.80742465,6222086.02520548,1069380.3446027287,3430292.5941705033,873,35,35,35,384434.95709219325,420027.71929431276,0.7995418098510882,8.07164809103264,551,550,1437,0.47394459102902375,346,0,180,14036500.0,4597670.394129287,-1.875626218025865
combo__init5000000__yen500000__pct0.2,combo,5000000.0,500000.0,0.2,3032,14238869.730261788,14238869.730261788,0,114238869.73026179,0.011125615658682309,0.3747830897719318,6416929.80742465,6222086.02520548,1072540.0897534105,3630076.407984792,868,32,32,32,444964.67907068087,433575.38569675287,0.8018433179723502,8.431591845214212,551,550,1426,0.4703166226912929,346,0,180,14036500.0,4611255.333113456,-1.8821985243336927
combo__init5000000__yen500000__pct0.25,combo,5000000.0,500000.0,0.25,3032,14259812.389435967,14259812.389435967,0,114259812.38943596,0.011141020523345091,0.3754800974509764,6416929.80742465,6222086.02520548,1075101.0161643655,3635415.5573996557,857,31,31,31,459993.9480463215,434317.0838252853,0.8028004667444574,8.60089061687702,535,534,1421,0.46866754617414247,346,0,180,14036500.0,4622265.723944591,-1.889054287103197
combo__init5000000__yen1000000__pct0.03,combo,5000000.0,1000000.0,0.03,3032,10412672.57393113,10412672.57393113,0,110412672.57393113,0.008266763446215242,0.3493698613410871,4596075.667013705,4596075.667013698,573509.2240547973,2703654.270014095,1273,144,144,144,72310.22620785507,25766.32666103093,0.7926158680282797,5.850315741005404,102,102,1354,0.4465699208443272,85,0,117,12848050.0,2465732.9765831134,0.19660805524420644
combo__init5000000__yen1000000__pct0.05,combo,5000000.0,1000000.0,0.05,3032,13754756.34778848,13754756.34778848,0,113754756.34778848,0.010768791011380063,0.3978785218988568,6416700.215780824,6223001.412452055,858780.1845479287,3506655.8976635872,1066,75,75,75,183396.7513038464,121863.21649193906,0.8470919324577861,8.827653399557946,331,331,1527,0.5036279683377308,247,0,149,13828800.0,3692220.6860158313,-1.218839086912564
combo__init5000000__yen1000000__pct0.08,combo,5000000.0,1000000.0,0.08,3032,14110262.439300293,14110262.439300293,0,114110262.4393003,0.011030958733269314,0.35722600477881744,6416700.215780824,6223001.412452055,1232649.1727123442,3597289.093987392,753,42,42,42,335958.62950714986,303843.4040369318,0.8286852589641435,13.583339100621735,491,491,1589,0.5240765171503958,346,0,262,14291100.0,5299624.812005277,-1.936035292704116
combo__init5000000__yen1000000__pct0.1,combo,5000000.0,1000000.0,0.1,3032,15784143.969372218,15784143.969372218,0,115784143.96937221,0.0122553849745477,0.3869646471232942,6416700.215780824,6223001.412452055,1376652.7646027526,4024030.6800250555,650,34,34,34,464239.5285109476,440012.5421346753,0.8307692307692308,21.90409961410672,567,567,1516,0.5,346,0,301,14485400.0,5918750.69591029,-1.9340670989084519
combo__init5000000__yen1000000__pct0.12,combo,5000000.0,1000000.0,0.12,3032,12432111.537085468,12432111.537085468,0,112432111.53708547,0.009786765203051218,0.29794386979633364,6420234.930217877,6223001.412452055,1545213.712383566,3169459.068530981,550,25,25,25,497284.4614834187,541633.8595213767,0.8018181818181818,15.402102726503534,572,572,1591,0.524736147757256,346,0,348,14485400.0,6643457.937005277,-2.20979631950718
combo__init5000000__yen1000000__pct0.15,combo,5000000.0,1000000.0,0.15,3032,13042135.116778912,13042135.116778912,0,113042135.11677891,0.01024099896674735,0.3092126161146636,6420234.930217877,6223001.412452055,1565514.5090410921,3324979.2921800027,531,22,22,22,592824.3234899505,729197.8280162446,0.7909604519774012,18.96634710228385,634,633,1565,0.5161609498680739,346,0,347,14485400.0,6730738.736807388,-2.2103019795213044
combo__init5000000__yen1000000__pct0.2,combo,5000000.0,1000000.0,0.2,3032,13901669.890423108,13901669.890423108,0,113901669.8904231,0.010877223252725887,0.32976157334962747,6420234.930217877,6223001.412452055,1546552.598739725,3544110.2318371763,535,19,19,19,731666.8363380583,784695.9458233292,0.7981308411214953,19.89963848830566,634,633,1545,0.5095646437994723,346,0,339,14485400.0,6649214.315633246,-2.207464104080535
combo__init5000000__yen1000000__pct0.25,combo,5000000.0,1000000.0,0.25,3032,14339001.988522325,14339001.988522325,0,114339001.98852232,0.01119924689941354,0.33958719262063275,6420234.930217862,6223001.412452055,1548494.8022465718,3655604.2592311106,524,18,18,18,796611.2215845736,837826.5272478645,0.7977099236641222,21.766444663541975,618,617,1540,0.5079155672823219,346,0,339,14485400.0,6657564.582783641,-2.205191255258079
combo__init5000000__yen2000000__pct0.03,combo,5000000.0,2000000.0,0.03,3032,10412672.57393113,10412672.57393113,0,110412672.57393113,0.008266763446215242,0.3493698613410871,4596075.667013705,4596075.667013698,573509.2240547973,2703654.270014095,1273,144,144,144,72310.22620785507,25766.32666103093,0.7926158680282797,5.850315741005404,102,102,1354,0.4465699208443272,85,0,117,12848050.0,2465732.9765831134,0.19660805524420644
combo__init5000000__yen2000000__pct0.05,combo,5000000.0,2000000.0,0.05,3032,13754756.34778848,13754756.34778848,0,113754756.34778848,0.010768791011380063,0.3978785218988568,6416700.215780824,6223001.412452055,858780.1845479287,3506655.8976635872,1066,75,75,75,183396.7513038464,121863.21649193906,0.8470919324577861,8.827653399557946,331,331,1527,0.5036279683377308,247,0,149,13828800.0,3692220.6860158313,-1.218839086912564
combo__init5000000__yen2000000__pct0.08,combo,5000000.0,2000000.0,0.08,3032,14110262.439300293,14110262.439300293,0,114110262.4393003,0.011030958733269314,0.35722600477881744,6416700.215780824,6223001.412452055,1232649.1727123442,3597289.093987392,753,42,42,42,335958.62950714986,303843.4040369318,0.8286852589641435,13.583339100621735,491,491,1589,0.5240765171503958,346,0,262,14291100.0,5299624.812005277,-1.936035292704116
combo__init5000000__yen2000000__pct0.1,combo,5000000.0,2000000.0,0.1,3032,15014935.56222756,15014935.56222756,0,115014935.56222756,0.011694746758521779,0.3582745403542373,6416700.215780824,6223001.412452055,1506444.8172602782,3827927.6645121775,603,30,30,30,500497.85207425203,528028.3196554146,0.8407960199004975,23.796070036979298,567,567,1593,0.5253957783641161,346,0,315,14994600.0,6476775.7998021105,-2.088944540769857
combo__init5000000__yen2000000__pct0.12,combo,5000000.0,2000000.0,0.12,3032,13706147.92735303,13706147.92735303,0,113706147.92735302,0.010732886402211816,0.32374081885764977,6416700.215780824,6223001.412452055,1583760.9104109656,3494263.6022360143,531,24,24,24,571089.496973043,563728.706558801,0.8436911487758946,26.177343635670052,572,572,1578,0.5204485488126649,346,0,360,14994600.0,6809186.914577836,-2.183636573612091
combo__init5000000__yen2000000__pct0.15,combo,5000000.0,2000000.0,0.15,3032,13916604.84304473,13916604.84304473,0,113916604.84304473,0.01088823908737191,0.32120815293758637,6416700.215780824,6223001.412452055,1690583.8224109686,3547917.7685443135,428,18,18,18,773144.713502485,816473.1649305348,0.852803738317757,63.569658327643815,637,637,1589,0.5240765171503958,346,0,399,15885700.0,7268458.9990105545,-2.272053144545347
combo__init5000000__yen2000000__pct0.2,combo,5000000.0,2000000.0,0.2,3032,16154570.128456809,16154570.128456809,0,116154570.1284568,0.012524153158782081,0.3583626784208292,6709064.6870958805,6223001.412452055,1792382.1183013658,4118467.6182418275,395,13,13,13,1242659.2406505237,1586789.0226344918,0.9291139240506329,927.8349642199512,641,641,1676,0.5527704485488126,346,0,415,16031560.0,7706128.359168866,-2.3834804132573546
combo__init5000000__yen2000000__pct0.25,combo,5000000.0,2000000.0,0.25,3032,17391011.26894023,17391011.26894023,0,117391011.26894023,0.013415616924018492,0.3819419986555493,6832790.585378185,6223001.412452055,1798522.9091506782,4433687.568909088,384,12,12,12,1449250.9390783524,1797094.5268491944,0.9609375,4189.318205256646,627,626,1671,0.5511213720316622,346,0,415,16031560.0,7732529.940633246,-2.3674538634711837
combo__init5000000__yen5000000__pct0.03,combo,5000000.0,5000000.0,0.03,3032,10412672.57393113,10412672.57393113,0,110412672.57393113,0.008266763446215242,0.3493698613410871,4596075.667013705,4596075.667013698,573509.2240547973,2703654.270014095,1273,144,144,144,72310.22620785507,25766.32666103093,0.7926158680282797,5.850315741005404,102,102,1354,0.4465699208443272,85,0,117,12848050.0,2465732.9765831134,0.19660805524420644
combo__init5000000__yen5000000__pct0.05,combo,5000000.0,5000000.0,0.05,3032,13754756.34778848,13754756.34778848,0,113754756.34778848,0.010768791011380063,0.3978785218988568,6416700.215780824,6223001.412452055,858780.1845479287,3506655.8976635872,1066,75,75,75,183396.7513038464,121863.21649193906,0.8470919324577861,8.827653399557946,331,331,1527,0.5036279683377308,247,0,149,13828800.0,3692220.6860158313,-1.218839086912564
combo__init5000000__yen5000000__pct0.08,combo,5000000.0,5000000.0,0.08,3032,14110262.439300293,14110262.439300293,0,114110262.4393003,0.011030958733269314,0.35722600477881744,6416700.215780824,6223001.412452055,1232649.1727123442,3597289.093987392,753,42,42,42,335958.62950714986,303843.4040369318,0.8286852589641435,13.583339100621735,491,491,1589,0.5240765171503958,346,0,262,14291100.0,5299624.812005277,-1.936035292704116
combo__init5000000__yen5000000__pct0.1,combo,5000000.0,5000000.0,0.1,3032,15014935.56222756,15014935.56222756,0,115014935.56222756,0.011694746758521779,0.3582745403542373,6416700.215780824,6223001.412452055,1506444.8172602782,3827927.6645121775,603,30,30,30,500497.85207425203,528028.3196554146,0.8407960199004975,23.796070036979298,567,567,1593,0.5253957783641161,346,0,315,14994600.0,6476775.7998021105,-2.088944540769857
combo__init5000000__yen5000000__pct0.12,combo,5000000.0,5000000.0,0.12,3032,13706147.92735303,13706147.92735303,0,113706147.92735302,0.010732886402211816,0.32374081885764977,6416700.215780824,6223001.412452055,1583760.9104109656,3494263.6022360143,531,24,24,24,571089.496973043,563728.706558801,0.8436911487758946,26.177343635670052,572,572,1578,0.5204485488126649,346,0,360,14994600.0,6809186.914577836,-2.183636573612091
combo__init5000000__yen5000000__pct0.15,combo,5000000.0,5000000.0,0.15,3032,13916604.84304473,13916604.84304473,0,113916604.84304473,0.01088823908737191,0.32120815293758637,6416700.215780824,6223001.412452055,1690583.8224109686,3547917.7685443135,428,18,18,18,773144.713502485,816473.1649305348,0.852803738317757,63.569658327643815,637,637,1589,0.5240765171503958,346,0,399,15885700.0,7268458.9990105545,-2.272053144545347
combo__init5000000__yen5000000__pct0.2,combo,5000000.0,5000000.0,0.2,3032,16438498.862073276,16438498.862073276,0,116438498.86207327,0.01272963033393193,0.36480131416239886,6709064.6870958805,6223001.412452055,1794496.5152876675,4190852.7876390605,395,13,13,13,1264499.9124671752,1689869.6709661717,0.9316455696202531,945.8116278673178,641,641,1676,0.5527704485488126,346,0,415,16031560.0,7715218.951187335,-2.3770417775157853
combo__init5000000__yen5000000__pct0.25,combo,5000000.0,5000000.0,0.25,3032,17738203.483885113,17738203.483885113,0,117738203.48388511,0.013664391464559777,0.3794117131854821,8530338.519726023,5914768.58361644,1885024.4736438175,4522201.214471055,357,11,11,11,1612563.9530804649,2009238.1603695997,0.9971988795518207,57691.48702875195,631,631,1613,0.5319920844327177,346,0,423,17189200.0,8104432.86939314,-2.325096286144417
combo__init5000000__yen10000000__pct0.03,combo,5000000.0,10000000.0,0.03,3032,10412672.57393113,10412672.57393113,0,110412672.57393113,0.008266763446215242,0.3493698613410871,4596075.667013705,4596075.667013698,573509.2240547973,2703654.270014095,1273,144,144,144,72310.22620785507,25766.32666103093,0.7926158680282797,5.850315741005404,102,102,1354,0.4465699208443272,85,0,117,12848050.0,2465732.9765831134,0.19660805524420644
combo__init5000000__yen10000000__pct0.05,combo,5000000.0,10000000.0,0.05,3032,13754756.34778848,13754756.34778848,0,113754756.34778848,0.010768791011380063,0.3978785218988568,6416700.215780824,6223001.412452055,858780.1845479287,3506655.8976635872,1066,75,75,75,183396.7513038464,121863.21649193906,0.8470919324577861,8.827653399557946,331,331,1527,0.5036279683377308,247,0,149,13828800.0,3692220.6860158313,-1.218839086912564
combo__init5000000__yen10000000__pct0.08,combo,5000000.0,10000000.0,0.08,3032,14110262.439300293,14110262.439300293,0,114110262.4393003,0.011030958733269314,0.35722600477881744,6416700.215780824,6223001.412452055,1232649.1727123442,3597289.093987392,753,42,42,42,335958.62950714986,303843.4040369318,0.8286852589641435,13.583339100621735,491,491,1589,0.5240765171503958,346,0,262,14291100.0,5299624.812005277,-1.936035292704116
combo__init5000000__yen10000000__pct0.1,combo,5000000.0,10000000.0,0.1,3032,15014935.56222756,15014935.56222756,0,115014935.56222756,0.011694746758521779,0.3582745403542373,6416700.215780824,6223001.412452055,1506444.8172602782,3827927.6645121775,603,30,30,30,500497.85207425203,528028.3196554146,0.8407960199004975,23.796070036979298,567,567,1593,0.5253957783641161,346,0,315,14994600.0,6476775.7998021105,-2.088944540769857
combo__init5000000__yen10000000__pct0.12,combo,5000000.0,10000000.0,0.12,3032,13706147.92735303,13706147.92735303,0,113706147.92735302,0.010732886402211816,0.32374081885764977,6416700.215780824,6223001.412452055,1583760.9104109656,3494263.6022360143,531,24,24,24,571089.496973043,563728.706558801,0.8436911487758946,26.177343635670052,572,572,1578,0.5204485488126649,346,0,360,14994600.0,6809186.914577836,-2.183636573612091
combo__init5000000__yen10000000__pct0.15,combo,5000000.0,10000000.0,0.15,3032,13916604.84304473,13916604.84304473,0,113916604.84304473,0.01088823908737191,0.32120815293758637,6416700.215780824,6223001.412452055,1690583.8224109686,3547917.7685443135,428,18,18,18,773144.713502485,816473.1649305348,0.852803738317757,63.569658327643815,637,637,1589,0.5240765171503958,346,0,399,15885700.0,7268458.9990105545,-2.272053144545347
combo__init5000000__yen10000000__pct0.2,combo,5000000.0,10000000.0,0.2,3032,16438498.862073276,16438498.862073276,0,116438498.86207327,0.01272963033393193,0.36480131416239886,6709064.6870958805,6223001.412452055,1794496.5152876675,4190852.7876390605,395,13,13,13,1264499.9124671752,1689869.6709661717,0.9316455696202531,945.8116278673178,641,641,1676,0.5527704485488126,346,0,415,16031560.0,7715218.951187335,-2.3770417775157853
combo__init5000000__yen10000000__pct0.25,combo,5000000.0,10000000.0,0.25,3032,17738203.483885113,17738203.483885113,0,117738203.48388511,0.013664391464559777,0.3794117131854821,8530338.519726023,5914768.58361644,1885024.4736438175,4522201.214471055,357,11,11,11,1612563.9530804649,2009238.1603695997,0.9971988795518207,57691.48702875195,631,631,1613,0.5319920844327177,346,0,423,17189200.0,8104432.86939314,-2.325096286144417
combo__init10000000__yen100000__pct0.03,combo,10000000.0,100000.0,0.03,3032,8257118.04982987,8257118.04982987,0,108257118.04982987,0.00661592223198193,0.2902467743177798,4596075.667013705,4596075.667013698,493363.83408219286,2231831.137087959,1322,153,153,153,53968.0918289534,19329.93047258771,0.7632375189107413,3.674229657513641,70,70,1297,0.4277704485488127,68,0,90,12848050.0,2121157.6451187334,0.2370933481335692
combo__init10000000__yen100000__pct0.05,combo,10000000.0,100000.0,0.05,3032,9234858.93335448,9234858.93335448,0,109234858.93335448,0.007368429806033028,0.29918579445489224,4610379.083103135,4596075.667013698,603405.9133698641,2434806.0332756727,1196,94,94,94,98243.18014206894,72924.83355948512,0.7775919732441472,4.23785921593194,221,220,1410,0.4650395778364116,118,0,111,12848050.0,2594270.14676781,-0.3662249748519344
combo__init10000000__yen100000__pct0.08,combo,10000000.0,100000.0,0.08,3032,9260688.21080529,9260688.21080529,0,109260688.2108053,0.00738822517547999,0.2990276444936438,4610379.083103135,4596075.667013698,607621.1135342472,2441390.9836604777,1190,81,81,81,114329.48408401592,90743.72367312269,0.7596638655462185,4.153829089061714,221,220,1388,0.4577836411609499,118,0,111,12848050.0,2612392.885883905,-0.42668379507706256
combo__init10000000__yen100000__pct0.1,combo,10000000.0,100000.0,0.1,3032,9136807.432311315,9136807.432311315,0,109136807.43231131,0.0072932447624149965,0.29433760209335236,4610379.083103135,4596075.667013698,610194.5816438375,2409808.653044865,1184,78,78,78,117138.55682450403,95754.46791828563,0.7525337837837838,4.107378480876387,221,220,1371,0.45217678100263853,118,0,111,12848050.0,2623457.1982189976,-0.4380078932999796
combo__init10000000__yen100000__pct0.12,combo,10000000.0,100000.0,0.12,3032,9133215.396029301,9133215.396029301,0,109133215.3960293,0.007290489244190068,0.2941556615914844,4610379.083103135,4596075.667013698,612627.8284383581,2408892.894532358,1177,76,76,76,120173.88678985923,97482.34646066409,0.7510620220900595,4.106240480403091,221,220,1370,0.45184696569920846,118,0,111,12848050.0,2633918.6461081794,-0.44702373806478146
combo__init10000000__yen100000__pct0.15,combo,10000000.0,100000.0,0.15,3032,9192089.344841272,9192089.344841272,0,109192089.34484127,0.007335642067184622,0.2959353152201289,4610379.083103135,4596075.667013698,613948.5397260273,2423902.297432718,1170,74,74,74,124217.4235789361,101004.60255543051,0.7504273504273504,4.124239592892368,221,220,1364,0.449868073878628,118,0,111,12848050.0,2639596.8832453825,-0.4440897250290108
combo__init10000000__yen100000__pct0.2,combo,10000000.0,100000.0,0.2,3032,9194566.772045635,9194566.772045635,0,109194566.77204564,0.007337541617288723,0.29606678354794996,4610379.08310315,4596075.667013698,614016.5329315059,2424533.896022875,1172,73,73,73,125952.96948007718,101105.21283097261,0.7517064846416383,4.128991569493494,221,220,1359,0.4482189973614776,118,0,111,12848050.0,2639889.2117414246,-0.44283329764403345
combo__init10000000__yen100000__pct0.25,combo,10000000.0,100000.0,0.25,3032,9219580.509914568,9219580.509914568,0,109219580.50991456,0.0073567185137659585,0.29687431108984563,4610379.083103135,4596075.667013698,613898.5574246567,2430910.931660791,1174,73,73,73,126295.62342348722,101105.21283097261,0.752129471890971,4.137445017696483,221,220,1361,0.4488786279683377,118,0,111,12848050.0,2639381.9904353563,-0.44229139220566815
combo__init10000000__yen300000__pct0.03,combo,10000000.0,300000.0,0.03,3032,10552081.41206152,10552081.41206152,0,110552081.41206151,0.008372510170817193,0.35394292553485657,4596075.667013705,4596075.667013698,575054.916109592,2739195.344828914,1273,144,144,144,73278.34313931612,25766.32666103093,0.7926158680282797,5.915010859291313,102,102,1354,0.4465699208443272,85,0,118,12848050.0,2472378.491094987,0.20602170409528098
combo__init10000000__yen300000__pct0.05,combo,10000000.0,300000.0,0.05,3032,12825766.269420704,12825766.269420704,0,112825766.2694207,0.01008014487990505,0.394005108913509,6416700.215780824,6223001.412452055,751267.3644383472,3269817.9301409507,1132,80,80,80,160322.0783677588,112799.53796842537,0.8436395759717314,7.637006403239393,331,331,1466,0.48350923482849606,247,0,136,13781900.0,3229982.425791557,-1.2152296640506457
combo__init10000000__yen300000__pct0.08,combo,10000000.0,300000.0,0.08,3032,12710660.80126792,12710660.80126792,0,112710660.80126792,0.009994457266064849,0.38211440938399366,6416700.215780824,6223001.412452055,832447.7069040979,3240472.7888279827,1032,56,56,56,226976.08573692714,250796.99959229352,0.8032945736434108,7.05940734553474,473,472,1470,0.48482849604221634,346,0,146,13781900.0,3579007.4093007916,-1.9835223960897657
combo__init10000000__yen300000__pct0.1,combo,10000000.0,300000.0,0.1,3032,12995593.382292327,12995593.382292327,0,112995593.38229233,0.010206422506296553,0.388239844776642,6416700.215780824,6223001.412452055,848081.0032876615,3313113.880420012,1011,51,51,51,254815.5565155358,274145.2220208369,0.8021760633036598,7.2083160143246285,473,472,1450,0.4782321899736148,346,0,146,13781900.0,3646220.860817942,-1.8809106885982694
combo__init10000000__yen300000__pct0.12,combo,10000000.0,300000.0,0.12,3032,13054043.947758045,13054043.947758045,0,113054043.94775805,0.01024984409509555,0.38930171285108733,6416700.215780824,6223001.412452055,860557.4078356085,3328015.345406346,1001,48,48,48,271959.24891162594,292784.51580882585,0.7992007992007992,7.195702353551838,473,472,1447,0.47724274406332456,346,0,146,13781900.0,3699861.6408311347,-1.8286620208125028
combo__init10000000__yen300000__pct0.15,combo,10000000.0,300000.0,0.15,3032,13113380.845254371,13113380.845254371,0,113113380.84525438,0.010293903070510257,0.3873613960991419,6416700.215780824,6223001.412452055,879058.5746849203,3343142.7730607074,979,44,44,44,298031.38284669025,303547.3525996193,0.7752808988764045,7.308714333877311,532,531,1413,0.46602902374670185,346,0,146,13781900.0,3779405.1517150397,-1.7166005069392587
combo__init10000000__yen300000__pct0.2,combo,10000000.0,300000.0,0.2,3032,13244481.024657123,13244481.024657123,0,113244481.02465713,0.010391172804668392,0.3912368491685606,6416700.215780824,6223001.412452055,881825.0329862885,3376565.627356585,977,42,42,42,315344.78630136006,305312.1663402306,0.7768679631525077,7.382762793282862,532,531,1407,0.4640501319261214,346,0,146,13781900.0,3791299.2018469656,-1.7219452926415497
combo__init10000000__yen300000__pct0.25,combo,10000000.0,300000.0,0.25,3032,13260232.176717922,13260232.176717922,0,113260232.17671792,0.010402852418250008,0.39312913458249626,5947875.316452056,5785222.411999999,875015.4782465645,3380581.24703551,981,42,42,42,315719.8137313791,303547.3525996193,0.7787971457696228,7.211563385702196,532,531,1401,0.4620712401055409,346,0,144,13347880.0,3762022.3515831134,-1.7141163317658725
combo__init10000000__yen500000__pct0.03,combo,10000000.0,500000.0,0.03,3032,10552081.41206152,10552081.41206152,0,110552081.41206151,0.008372510170817193,0.35394292553485657,4596075.667013705,4596075.667013698,575054.916109592,2739195.344828914,1273,144,144,144,73278.34313931612,25766.32666103093,0.7926158680282797,5.915010859291313,102,102,1354,0.4465699208443272,85,0,118,12848050.0,2472378.491094987,0.20602170409528098
combo__init10000000__yen500000__pct0.05,combo,10000000.0,500000.0,0.05,3032,14293598.280198924,14293598.280198924,0,114293598.28019893,0.01116586707222611,0.4129582899591158,6416700.215780824,6223001.412452055,860760.4174246415,3644028.977376434,1066,75,75,75,190581.31040265234,121863.21649193906,0.8470919324577861,9.134301352993706,331,331,1527,0.5036279683377308,247,0,150,13828800.0,3700734.4558047494,-1.167836523358275
combo__init10000000__yen500000__pct0.08,combo,10000000.0,500000.0,0.08,3032,13959780.538901474,13959780.538901474,0,113959780.53890148,0.010920077495930602,0.3724886024711658,6416700.215780824,6223001.412452055,1007200.5401643696,3558925.037934157,917,47,47,47,297016.60721066967,297689.8649943804,0.8233369683751364,8.562230930734376,476,475,1488,0.49076517150395776,346,0,176,14036500.0,4330335.906992084,-1.7732556220191047
combo__init10000000__yen500000__pct0.1,combo,10000000.0,500000.0,0.1,3032,14270198.52921406,14270198.52921406,0,114270198.52921405,0.011148659332016031,0.3795078435262457,6416700.215780824,6223001.412452055,1026609.8060821785,3638063.4137037536,904,42,42,42,339766.6316479538,346150.52220501826,0.8296460176991151,8.785862968992301,476,475,1461,0.48186015831134565,346,0,178,14036500.0,4413783.67908971,-1.7871043774395377
combo__init10000000__yen500000__pct0.12,combo,10000000.0,500000.0,0.12,3032,13732204.593614206,13732204.593614206,0,113732204.5936142,0.010752134908046163,0.36509374365642006,6416700.215780824,6223001.412452055,1041185.390958892,3500906.5234268997,897,38,38,38,361373.80509511067,367333.0981506391,0.8249721293199554,7.868260020045137,476,475,1452,0.4788918205804749,346,0,180,14036500.0,4476449.628957784,-1.8426134641167509
combo__init10000000__yen500000__pct0.15,combo,10000000.0,500000.0,0.15,3032,13994065.430637209,13994065.430637209,0,113994065.43063721,0.01094535181432077,0.3685127897525282,6416929.80742465,6222086.02520548,1071360.5774794423,3567665.6738833496,873,35,35,35,399830.4408753488,420027.71929431276,0.7995418098510882,8.354846695886788,551,550,1437,0.47394459102902375,346,0,181,14036500.0,4606184.163918206,-1.861852729366289
combo__init10000000__yen500000__pct0.2,combo,10000000.0,500000.0,0.2,3032,15158270.85935748,15158270.85935748,0,115158270.85935748,0.011799476914878593,0.397997898807803,6416929.80742465,6222086.02520548,1074520.3226301232,3864469.7560123885,868,32,32,32,473695.96435492125,433575.38569675287,0.8018433179723502,8.91144832700694,551,550,1426,0.4703166226912929,346,0,181,14036500.0,4619769.102902374,-1.8589837152978217
combo__init10000000__yen500000__pct0.25,combo,10000000.0,500000.0,0.25,3032,15179213.51853166,15179213.51853166,0,115179213.51853167,0.01181476898492595,0.39870144962862614,6416929.80742465,6222086.02520548,1077081.2490410786,3869808.905427252,857,31,31,31,489652.04898489226,434317.0838252853,0.8028004667444574,9.090957892970135,535,534,1421,0.46866754617414247,346,0,181,14036500.0,4630779.493733509,-1.865832934925547
combo__init10000000__yen1000000__pct0.03,combo,10000000.0,1000000.0,0.03,3032,10552081.41206152,10552081.41206152,0,110552081.41206151,0.008372510170817193,0.35394292553485657,4596075.667013705,4596075.667013698,575054.916109592,2739195.344828914,1273,144,144,144,73278.34313931612,25766.32666103093,0.7926158680282797,5.915010859291313,102,102,1354,0.4465699208443272,85,0,118,12848050.0,2472378.491094987,0.20602170409528098
combo__init10000000__yen1000000__pct0.05,combo,10000000.0,1000000.0,0.05,3032,14293598.280198924,14293598.280198924,0,114293598.28019893,0.01116586707222611,0.4129582899591158,6416700.215780824,6223001.412452055,860760.4174246415,3644028.977376434,1066,75,75,75,190581.31040265234,121863.21649193906,0.8470919324577861,9.134301352993706,331,331,1527,0.5036279683377308,247,0,150,13828800.0,3700734.4558047494,-1.167836523358275
combo__init10000000__yen1000000__pct0.08,combo,10000000.0,1000000.0,0.08,3032,14649104.371710738,14649104.371710738,0,114649104.37171073,0.011426903058047166,0.3705013340780134,6416700.215780824,6223001.412452055,1234629.4055890564,3734662.173700238,753,42,42,42,348788.19932644616,303843.4040369318,0.8286852589641435,14.063870967858296,491,491,1589,0.5240765171503958,346,0,263,14291100.0,5308138.581794195,-1.9227599634049204
combo__init10000000__yen1000000__pct0.1,combo,10000000.0,1000000.0,0.1,3032,16322985.90178266,16322985.90178266,0,116322985.90178266,0.012646089929457816,0.399927094277235,6416700.215780824,6223001.412452055,1378632.997479466,4161403.759737902,650,34,34,34,480087.82064066647,440012.5421346753,0.8307692307692308,22.617727508861257,567,567,1516,0.5,346,0,302,14485400.0,5927264.465699209,-1.921104651754511
combo__init10000000__yen1000000__pct0.12,combo,10000000.0,1000000.0,0.12,3032,12970953.46949591,12970953.46949591,0,112970953.4694959,0.010188111907450947,0.31036388453117825,6420234.930217877,6223001.412452055,1547193.9452602775,3306832.148243827,550,25,25,25,518838.13877983636,585823.5535962255,0.8018181818181818,16.026329499306623,572,572,1591,0.524736147757256,346,0,349,14485400.0,6651971.706794195,-2.1973763047723356
combo__init10000000__yen1000000__pct0.15,combo,10000000.0,1000000.0,0.15,3032,13580977.049189355,13580977.049189355,0,113580977.04918936,0.010640364113856382,0.3215437902690037,6420234.930217862,6223001.412452055,1567494.741917801,3462352.371892849,531,22,22,22,617317.1385995161,742647.378261812,0.7909604519774012,19.708635163576567,634,633,1565,0.5161609498680739,346,0,348,14485400.0,6739252.506596306,-2.197970805366964
combo__init10000000__yen1000000__pct0.2,combo,10000000.0,1000000.0,0.2,3032,14960539.939211346,14960539.939211346,0,114960539.93921134,0.011654970426266287,0.35400944352338504,6420234.930217862,6223001.412452055,1548072.599835613,3814059.9719530465,535,19,19,19,787396.8389058603,793451.1278426776,0.7981308411214953,21.339196561971246,634,633,1545,0.5095646437994723,346,0,340,14485400.0,6655749.375,-2.183216233906778
combo__init10000000__yen1000000__pct0.25,combo,10000000.0,1000000.0,0.25,3032,15320964.228973057,15320964.228973057,0,115320964.22897306,0.011918206620840532,0.36213814685330215,6420234.930217877,6223001.412452055,1549548.9907397232,3905947.020287227,524,18,18,18,851164.679387392,837826.5272478645,0.7977099236641222,23.1885704533515,618,617,1540,0.5079155672823219,346,0,340,14485400.0,6662096.937664907,-2.182640301025409
combo__init10000000__yen2000000__pct0.03,combo,10000000.0,2000000.0,0.03,3032,10552081.41206152,10552081.41206152,0,110552081.41206151,0.008372510170817193,0.35394292553485657,4596075.667013705,4596075.667013698,575054.916109592,2739195.344828914,1273,144,144,144,73278.34313931612,25766.32666103093,0.7926158680282797,5.915010859291313,102,102,1354,0.4465699208443272,85,0,118,12848050.0,2472378.491094987,0.20602170409528098
combo__init10000000__yen2000000__pct0.05,combo,10000000.0,2000000.0,0.05,3032,14293598.280198924,14293598.280198924,0,114293598.28019893,0.01116586707222611,0.4129582899591158,6416700.215780824,6223001.412452055,860760.4174246415,3644028.977376434,1066,75,75,75,190581.31040265234,121863.21649193906,0.8470919324577861,9.134301352993706,331,331,1527,0.5036279683377308,247,0,150,13828800.0,3700734.4558047494,-1.167836523358275
combo__init10000000__yen2000000__pct0.08,combo,10000000.0,2000000.0,0.08,3032,14649104.371710738,14649104.371710738,0,114649104.37171073,0.011426903058047166,0.3705013340780134,6416700.215780824,6223001.412452055,1234629.4055890564,3734662.173700238,753,42,42,42,348788.19932644616,303843.4040369318,0.8286852589641435,14.063870967858296,491,491,1589,0.5240765171503958,346,0,263,14291100.0,5308138.581794195,-1.9227599634049204
combo__init10000000__yen2000000__pct0.1,combo,10000000.0,2000000.0,0.1,3032,15553777.494638002,15553777.494638002,0,115553777.494638,0.012087841282141687,0.370838622575279,6416700.215780824,6223001.412452055,1508425.0501369897,3965300.744225024,603,30,30,30,518459.24982126674,550123.166692839,0.8407960199004975,24.61415402936024,567,567,1593,0.5253957783641161,346,0,316,14994600.0,6485289.569591029,-2.0763804585488153
combo__init10000000__yen2000000__pct0.12,combo,10000000.0,2000000.0,0.12,3032,14244989.859763475,14244989.859763475,0,114244989.85976347,0.01113011773139383,0.33607422125344516,6416700.215780824,6223001.412452055,1585741.143287679,3631636.68194886,531,24,24,24,593541.2441568115,654614.8320534448,0.8436911487758946,27.167162844503455,572,572,1578,0.5204485488126649,346,0,361,14994600.0,6817700.684366754,-2.1713031712162953
combo__init10000000__yen2000000__pct0.15,combo,10000000.0,2000000.0,0.15,3032,14455446.775455175,14455446.775455175,0,114455446.77545518,0.011284799074013696,0.33325444840418483,6416700.215780824,6223001.412452055,1692564.05528768,3685290.84825716,428,18,18,18,803080.3764141764,1085894.1311357566,0.852803738317757,65.99231500172328,637,637,1589,0.5240765171503958,346,0,400,15885700.0,7276972.768799473,-2.260006849078749
combo__init10000000__yen2000000__pct0.2,combo,10000000.0,2000000.0,0.2,3032,16935221.24981713,16935221.24981713,0,116935221.24981713,0.013088002380923447,0.37513499453580984,6709064.6870958805,6223001.412452055,1794820.2106301337,4317487.854552739,395,13,13,13,1302709.3269090098,1586789.0226344918,0.9291139240506329,972.6232036086135,641,641,1676,0.5527704485488126,346,0,416,16031560.0,7716610.639841689,-2.366708097142374
combo__init10000000__yen2000000__pct0.25,combo,10000000.0,2000000.0,0.25,3032,18134107.932643294,18134107.932643294,0,118134107.9326433,0.01394725042700018,0.39745630826461614,6832790.585378185,6223001.412452055,1799099.442575335,4623133.62178137,384,12,12,12,1511175.661053608,1797094.5268491944,0.9609375,4368.279925005026,627,626,1671,0.5511213720316622,346,0,416,16031560.0,7735008.675791557,-2.351939553862117
combo__init10000000__yen5000000__pct0.03,combo,10000000.0,5000000.0,0.03,3032,10552081.41206152,10552081.41206152,0,110552081.41206151,0.008372510170817193,0.35394292553485657,4596075.667013705,4596075.667013698,575054.916109592,2739195.344828914,1273,144,144,144,73278.34313931612,25766.32666103093,0.7926158680282797,5.915010859291313,102,102,1354,0.4465699208443272,85,0,118,12848050.0,2472378.491094987,0.20602170409528098
combo__init10000000__yen5000000__pct0.05,combo,10000000.0,5000000.0,0.05,3032,14293598.280198924,14293598.280198924,0,114293598.28019893,0.01116586707222611,0.4129582899591158,6416700.215780824,6223001.412452055,860760.4174246415,3644028.977376434,1066,75,75,75,190581.31040265234,121863.21649193906,0.8470919324577861,9.134301352993706,331,331,1527,0.5036279683377308,247,0,150,13828800.0,3700734.4558047494,-1.167836523358275
combo__init10000000__yen5000000__pct0.08,combo,10000000.0,5000000.0,0.08,3032,14649104.371710738,14649104.371710738,0,114649104.37171073,0.011426903058047166,0.3705013340780134,6416700.215780824,6223001.412452055,1234629.4055890564,3734662.173700238,753,42,42,42,348788.19932644616,303843.4040369318,0.8286852589641435,14.063870967858296,491,491,1589,0.5240765171503958,346,0,263,14291100.0,5308138.581794195,-1.9227599634049204
combo__init10000000__yen5000000__pct0.1,combo,10000000.0,5000000.0,0.1,3032,15553777.494638002,15553777.494638002,0,115553777.494638,0.012087841282141687,0.370838622575279,6416700.215780824,6223001.412452055,1508425.0501369897,3965300.744225024,603,30,30,30,518459.24982126674,550123.166692839,0.8407960199004975,24.61415402936024,567,567,1593,0.5253957783641161,346,0,316,14994600.0,6485289.569591029,-2.0763804585488153
combo__init10000000__yen5000000__pct0.12,combo,10000000.0,5000000.0,0.12,3032,14244989.859763475,14244989.859763475,0,114244989.85976347,0.01113011773139383,0.33607422125344516,6416700.215780824,6223001.412452055,1585741.143287679,3631636.68194886,531,24,24,24,593541.2441568115,654614.8320534448,0.8436911487758946,27.167162844503455,572,572,1578,0.5204485488126649,346,0,361,14994600.0,6817700.684366754,-2.1713031712162953
combo__init10000000__yen5000000__pct0.15,combo,10000000.0,5000000.0,0.15,3032,14455446.775455175,14455446.775455175,0,114455446.77545518,0.011284799074013696,0.33325444840418483,6416700.215780824,6223001.412452055,1692564.05528768,3685290.84825716,428,18,18,18,803080.3764141764,1085894.1311357566,0.852803738317757,65.99231500172328,637,637,1589,0.5240765171503958,346,0,400,15885700.0,7276972.768799473,-2.260006849078749
combo__init10000000__yen5000000__pct0.2,combo,10000000.0,5000000.0,0.2,3032,17219149.983433597,17219149.983433597,0,117219149.9834336,0.01329222299117716,0.3815978192772312,6709064.6870958805,6223001.412452055,1796934.6076164339,4389873.023949972,395,13,13,13,1324549.9987256613,1689869.6709661717,0.9316455696202531,990.6799739953575,641,641,1676,0.5527704485488126,346,0,416,16031560.0,7725701.231860158,-2.360245272400953
combo__init10000000__yen5000000__pct0.25,combo,10000000.0,5000000.0,0.25,3032,18708843.84735777,18708843.84735777,0,118708843.84735776,0.014356334922952074,0.39925008122437133,8530338.519726023,5914768.58361644,1890238.9635068288,4769657.561135383,357,11,11,11,1700803.9861234336,2009238.1603695997,0.9971988795518207,60848.32956635022,631,631,1613,0.5319920844327177,346,0,424,17189200.0,8126851.932717678,-2.3052579181055277
combo__init10000000__yen10000000__pct0.03,combo,10000000.0,10000000.0,0.03,3032,10552081.41206152,10552081.41206152,0,110552081.41206151,0.008372510170817193,0.35394292553485657,4596075.667013705,4596075.667013698,575054.916109592,2739195.344828914,1273,144,144,144,73278.34313931612,25766.32666103093,0.7926158680282797,5.915010859291313,102,102,1354,0.4465699208443272,85,0,118,12848050.0,2472378.491094987,0.20602170409528098
combo__init10000000__yen10000000__pct0.05,combo,10000000.0,10000000.0,0.05,3032,14293598.280198924,14293598.280198924,0,114293598.28019893,0.01116586707222611,0.4129582899591158,6416700.215780824,6223001.412452055,860760.4174246415,3644028.977376434,1066,75,75,75,190581.31040265234,121863.21649193906,0.8470919324577861,9.134301352993706,331,331,1527,0.5036279683377308,247,0,150,13828800.0,3700734.4558047494,-1.167836523358275
combo__init10000000__yen10000000__pct0.08,combo,10000000.0,10000000.0,0.08,3032,14649104.371710738,14649104.371710738,0,114649104.37171073,0.011426903058047166,0.3705013340780134,6416700.215780824,6223001.412452055,1234629.4055890564,3734662.173700238,753,42,42,42,348788.19932644616,303843.4040369318,0.8286852589641435,14.063870967858296,491,491,1589,0.5240765171503958,346,0,263,14291100.0,5308138.581794195,-1.9227599634049204
combo__init10000000__yen10000000__pct0.1,combo,10000000.0,10000000.0,0.1,3032,15553777.494638002,15553777.494638002,0,115553777.494638,0.012087841282141687,0.370838622575279,6416700.215780824,6223001.412452055,1508425.0501369897,3965300.744225024,603,30,30,30,518459.24982126674,550123.166692839,0.8407960199004975,24.61415402936024,567,567,1593,0.5253957783641161,346,0,316,14994600.0,6485289.569591029,-2.0763804585488153
combo__init10000000__yen10000000__pct0.12,combo,10000000.0,10000000.0,0.12,3032,14244989.859763475,14244989.859763475,0,114244989.85976347,0.01113011773139383,0.33607422125344516,6416700.215780824,6223001.412452055,1585741.143287679,3631636.68194886,531,24,24,24,593541.2441568115,654614.8320534448,0.8436911487758946,27.167162844503455,572,572,1578,0.5204485488126649,346,0,361,14994600.0,6817700.684366754,-2.1713031712162953
combo__init10000000__yen10000000__pct0.15,combo,10000000.0,10000000.0,0.15,3032,14455446.775455175,14455446.775455175,0,114455446.77545518,0.011284799074013696,0.33325444840418483,6416700.215780824,6223001.412452055,1692564.05528768,3685290.84825716,428,18,18,18,803080.3764141764,1085894.1311357566,0.852803738317757,65.99231500172328,637,637,1589,0.5240765171503958,346,0,400,15885700.0,7276972.768799473,-2.260006849078749
combo__init10000000__yen10000000__pct0.2,combo,10000000.0,10000000.0,0.2,3032,17219149.983433597,17219149.983433597,0,117219149.9834336,0.01329222299117716,0.3815978192772312,6709064.6870958805,6223001.412452055,1796934.6076164339,4389873.023949972,395,13,13,13,1324549.9987256613,1689869.6709661717,0.9316455696202531,990.6799739953575,641,641,1676,0.5527704485488126,346,0,416,16031560.0,7725701.231860158,-2.360245272400953
combo__init10000000__yen10000000__pct0.25,combo,10000000.0,10000000.0,0.25,3032,18708843.84735777,18708843.84735777,0,118708843.84735776,0.014356334922952074,0.39925008122437133,8530338.519726023,5914768.58361644,1890238.9635068288,4769657.561135383,357,11,11,11,1700803.9861234336,2009238.1603695997,0.9971988795518207,60848.32956635022,631,631,1613,0.5319920844327177,346,0,424,17189200.0,8126851.932717678,-2.3052579181055277
