date,target_open,target_close,benchmark_close,buy_amount,buy_shares,sell_value,realized_pnl_before_tax,realized_pnl_after_tax,tax,interest,gross_exposure,cash,equity,unrealized_pnl,margin_ratio,selected_params_id,events
2014-01-06,5770.0,5625.0,15908.8798828125,0.0,0,0.0,0.0,0.0,0.0,0.0,0.0,100000000.0,100000000.0,0.0,inf,-1,
2014-01-07,5560.0,5555.0,15814.3701171875,0.0,0,0.0,0.0,0.0,0.0,0.0,0.0,100000000.0,100000000.0,0.0,inf,-1,
2014-01-08,5635.0,5755.0,16121.4501953125,0.0,0,0.0,0.0,0.0,0.0,0.0,0.0,100000000.0,100000000.0,0.0,inf,-1,
2014-01-09,5670.0,5590.0,15880.330078125,0.0,0,0.0,0.0,0.0,0.0,0.0,0.0,100000000.0,100000000.0,0.0,inf,-1,
2014-01-10,5570.0,5620.0,15912.0595703125,0.0,0,0.0,0.0,0.0,0.0,0.0,0.0,100000000.0,100000000.0,0.0,inf,-1,
2014-01-14,5350.0,5265.0,15422.400390625,0.0,0,0.0,0.0,0.0,0.0,0.0,0.0,100000000.0,100000000.0,0.0,inf,-1,
2014-01-15,5415.0,5510.0,15808.73046875,0.0,0,0.0,0.0,0.0,0.0,0.0,0.0,100000000.0,100000000.0,0.0,inf,-1,
2014-01-16,5540.0,5490.0,15747.2001953125,0.0,0,0.0,0.0,0.0,0.0,0.0,0.0,100000000.0,100000000.0,0.0,inf,-1,
2014-01-17,5440.0,5475.0,15734.4599609375,0.0,0,0.0,0.0,0.0,0.0,0.0,0.0,100000000.0,100000000.0,0.0,inf,-1,
2014-01-20,5465.0,5415.0,15641.6796875,0.0,0,0.0,0.0,0.0,0.0,0.0,0.0,100000000.0,100000000.0,0.0,inf,-1,
2014-01-21,5460.0,5520.0,15795.9599609375,0.0,0,0.0,0.0,0.0,0.0,0.0,0.0,100000000.0,100000000.0,0.0,inf,-1,
2014-01-22,5475.0,5550.0,15820.9599609375,0.0,0,0.0,0.0,0.0,0.0,0.0,0.0,100000000.0,100000000.0,0.0,inf,-1,
2014-01-23,5600.0,5455.0,15695.8896484375,0.0,0,0.0,0.0,0.0,0.0,0.0,0.0,100000000.0,100000000.0,0.0,inf,-1,
2014-01-24,5255.0,5240.0,15391.5595703125,0.0,0,0.0,0.0,0.0,0.0,0.0,0.0,100000000.0,100000000.0,0.0,inf,-1,
2014-01-27,4970.0,4990.0,15005.73046875,0.0,0,0.0,0.0,0.0,0.0,0.0,0.0,100000000.0,100000000.0,0.0,inf,-1,
2014-01-28,4995.0,4955.0,14980.16015625,0.0,0,0.0,0.0,0.0,0.0,0.0,0.0,100000000.0,100000000.0,0.0,inf,-1,
2014-01-29,5100.0,5220.0,15383.91015625,0.0,0,0.0,0.0,0.0,0.0,0.0,0.0,100000000.0,100000000.0,0.0,inf,-1,
2014-01-30,4955.0,4955.0,15007.0595703125,0.0,0,0.0,0.0,0.0,0.0,0.0,0.0,100000000.0,100000000.0,0.0,inf,-1,
2014-01-31,5050.0,4890.0,14914.5302734375,0.0,0,0.0,0.0,0.0,0.0,0.0,0.0,100000000.0,100000000.0,0.0,inf,-1,
2014-02-03,4815.0,4715.0,14619.1298828125,0.0,0,0.0,0.0,0.0,0.0,0.0,0.0,100000000.0,100000000.0,0.0,inf,-1,
2014-02-04,4425.0,4335.0,14008.4697265625,0.0,0,0.0,0.0,0.0,0.0,0.0,0.0,100000000.0,100000000.0,0.0,inf,-1,
2014-02-05,4460.0,4415.0,14180.3798828125,0.0,0,0.0,0.0,0.0,0.0,0.0,0.0,100000000.0,100000000.0,0.0,inf,-1,
2014-02-06,4450.0,4405.0,14155.1201171875,0.0,0,0.0,0.0,0.0,0.0,0.0,0.0,100000000.0,100000000.0,0.0,inf,-1,
2014-02-07,4545.0,4585.0,14462.41015625,0.0,0,0.0,0.0,0.0,0.0,0.0,0.0,100000000.0,100000000.0,0.0,inf,-1,
2014-02-10,4705.0,4750.0,14718.33984375,0.0,0,0.0,0.0,0.0,0.0,0.0,0.0,100000000.0,100000000.0,0.0,inf,-1,
2014-02-12,4825.0,4790.0,14800.0595703125,0.0,0,0.0,0.0,0.0,0.0,0.0,0.0,100000000.0,100000000.0,0.0,inf,-1,
2014-02-13,4785.0,4635.0,14534.740234375,0.0,0,0.0,0.0,0.0,0.0,0.0,0.0,100000000.0,100000000.0,0.0,inf,-1,
2014-02-14,4635.0,4490.0,14313.0302734375,0.0,0,0.0,0.0,0.0,0.0,0.0,0.0,100000000.0,100000000.0,0.0,inf,-1,
2014-02-17,4500.0,4545.0,14393.1103515625,0.0,0,0.0,0.0,0.0,0.0,0.0,0.0,100000000.0,100000000.0,0.0,inf,-1,
2014-02-18,4610.0,4825.0,14843.240234375,0.0,0,0.0,0.0,0.0,0.0,0.0,0.0,100000000.0,100000000.0,0.0,inf,-1,
2014-02-19,4750.0,4780.0,14766.5302734375,0.0,0,0.0,0.0,0.0,0.0,0.0,0.0,100000000.0,100000000.0,0.0,inf,-1,
2014-02-20,4725.0,4565.0,14449.1796875,0.0,0,0.0,0.0,0.0,0.0,0.0,0.0,100000000.0,100000000.0,0.0,inf,-1,
2014-02-21,4700.0,4835.0,14865.669921875,0.0,0,0.0,0.0,0.0,0.0,0.0,0.0,100000000.0,100000000.0,0.0,inf,-1,
2014-02-24,4790.0,4815.0,14837.6796875,0.0,0,0.0,0.0,0.0,0.0,0.0,0.0,100000000.0,100000000.0,0.0,inf,-1,
2014-02-25,4920.0,4950.0,15051.599609375,0.0,0,0.0,0.0,0.0,0.0,0.0,0.0,100000000.0,100000000.0,0.0,inf,-1,
2014-02-26,4865.0,4910.0,14970.9697265625,0.0,0,0.0,0.0,0.0,0.0,0.0,0.0,100000000.0,100000000.0,0.0,inf,-1,
2014-02-27,4885.0,4870.0,14923.1103515625,0.0,0,0.0,0.0,0.0,0.0,0.0,0.0,100000000.0,100000000.0,0.0,inf,-1,
2014-02-28,4870.0,4810.0,14841.0703125,0.0,0,0.0,0.0,0.0,0.0,0.0,0.0,100000000.0,100000000.0,0.0,inf,-1,
2014-03-03,4705.0,4690.0,14652.23046875,0.0,0,0.0,0.0,0.0,0.0,0.0,0.0,100000000.0,100000000.0,0.0,inf,-1,
2014-03-04,4630.0,4735.0,14721.48046875,0.0,0,0.0,0.0,0.0,0.0,0.0,0.0,100000000.0,100000000.0,0.0,inf,-1,
2014-03-05,4900.0,4850.0,14897.6298828125,0.0,0,0.0,0.0,0.0,0.0,0.0,0.0,100000000.0,100000000.0,0.0,inf,-1,
2014-03-06,4870.0,5015.0,15134.75,0.0,0,0.0,0.0,0.0,0.0,0.0,0.0,100000000.0,100000000.0,0.0,inf,-1,
2014-03-07,5090.0,5100.0,15274.0703125,0.0,0,0.0,0.0,0.0,0.0,0.0,0.0,100000000.0,100000000.0,0.0,inf,-1,
2014-03-10,5050.0,4990.0,15120.1396484375,0.0,0,0.0,0.0,0.0,0.0,0.0,0.0,100000000.0,100000000.0,0.0,inf,-1,
2014-03-11,5035.0,5065.0,15224.1103515625,0.0,0,0.0,0.0,0.0,0.0,0.0,0.0,100000000.0,100000000.0,0.0,inf,-1,
2014-03-12,4920.0,4810.0,14830.3896484375,0.0,0,0.0,0.0,0.0,0.0,0.0,0.0,100000000.0,100000000.0,0.0,inf,-1,
2014-03-13,4815.0,4790.0,14815.98046875,0.0,0,0.0,0.0,0.0,0.0,0.0,0.0,100000000.0,100000000.0,0.0,inf,-1,
2014-03-14,4555.0,4460.0,14327.66015625,0.0,0,0.0,0.0,0.0,0.0,0.0,0.0,100000000.0,100000000.0,0.0,inf,-1,
2014-03-17,4450.0,4440.0,14277.669921875,0.0,0,0.0,0.0,0.0,0.0,0.0,0.0,100000000.0,100000000.0,0.0,inf,-1,
2014-03-18,4590.0,4520.0,14411.26953125,0.0,0,0.0,0.0,0.0,0.0,0.0,0.0,100000000.0,100000000.0,0.0,inf,-1,
2014-03-19,4575.0,4555.0,14462.51953125,0.0,0,0.0,0.0,0.0,0.0,0.0,0.0,100000000.0,100000000.0,0.0,inf,-1,
2014-03-20,4605.0,4410.0,14224.23046875,0.0,0,0.0,0.0,0.0,0.0,0.0,0.0,100000000.0,100000000.0,0.0,inf,-1,
2014-03-24,4435.0,4550.0,14475.2998046875,0.0,0,0.0,0.0,0.0,0.0,0.0,0.0,100000000.0,100000000.0,0.0,inf,-1,
2014-03-25,4495.0,4520.0,14423.1904296875,0.0,0,0.0,0.0,0.0,0.0,0.0,0.0,100000000.0,100000000.0,0.0,inf,-1,
2014-03-26,4570.0,4540.0,14477.16015625,0.0,0,0.0,0.0,0.0,0.0,0.0,0.0,100000000.0,100000000.0,0.0,inf,-1,
2014-03-27,4490.0,4710.0,14622.8896484375,0.0,0,0.0,0.0,0.0,0.0,0.0,0.0,100000000.0,100000000.0,0.0,inf,-1,
2014-03-28,4665.0,4755.0,14696.0302734375,0.0,0,0.0,0.0,0.0,0.0,0.0,0.0,100000000.0,100000000.0,0.0,inf,-1,
2014-03-31,4830.0,4815.0,14827.830078125,0.0,0,0.0,0.0,0.0,0.0,0.0,0.0,100000000.0,100000000.0,0.0,inf,-1,
2014-04-01,4855.0,4820.0,14791.990234375,0.0,0,0.0,0.0,0.0,0.0,0.0,0.0,100000000.0,100000000.0,0.0,inf,-1,
2014-04-02,4885.0,4925.0,14946.3203125,0.0,0,0.0,0.0,0.0,0.0,0.0,0.0,100000000.0,100000000.0,0.0,inf,-1,
2014-04-03,4960.0,5000.0,15071.8798828125,0.0,0,0.0,0.0,0.0,0.0,0.0,0.0,100000000.0,100000000.0,0.0,inf,-1,
2014-04-04,4960.0,5000.0,15063.76953125,0.0,0,0.0,0.0,0.0,0.0,0.0,0.0,100000000.0,100000000.0,0.0,inf,-1,
2014-04-07,4865.0,4830.0,14808.849609375,0.0,0,0.0,0.0,0.0,0.0,0.0,0.0,100000000.0,100000000.0,0.0,inf,-1,
2014-04-08,4775.0,4705.0,14606.8798828125,0.0,0,0.0,0.0,0.0,0.0,0.0,0.0,100000000.0,100000000.0,0.0,inf,-1,
2014-04-09,4605.0,4505.0,14299.6904296875,0.0,0,0.0,0.0,0.0,0.0,0.0,0.0,100000000.0,100000000.0,0.0,inf,-1,
2014-04-10,4625.0,4500.0,14300.1201171875,0.0,0,0.0,0.0,0.0,0.0,0.0,0.0,100000000.0,100000000.0,0.0,inf,-1,
2014-04-11,4280.0,4285.0,13960.0498046875,0.0,0,0.0,0.0,0.0,0.0,0.0,0.0,100000000.0,100000000.0,0.0,inf,-1,
2014-04-14,4240.0,4270.0,13910.16015625,0.0,0,0.0,0.0,0.0,0.0,0.0,0.0,100000000.0,100000000.0,0.0,inf,-1,
2014-04-15,4345.0,4305.0,13996.8095703125,0.0,0,0.0,0.0,0.0,0.0,0.0,0.0,100000000.0,100000000.0,0.0,inf,-1,
2014-04-16,4405.0,4560.0,14417.6796875,0.0,0,0.0,0.0,0.0,0.0,0.0,0.0,100000000.0,100000000.0,0.0,inf,-1,
2014-04-17,4545.0,4570.0,14417.5302734375,0.0,0,0.0,0.0,0.0,0.0,0.0,0.0,100000000.0,100000000.0,0.0,inf,-1,
2014-04-18,4615.0,4625.0,14516.26953125,0.0,0,0.0,0.0,0.0,0.0,0.0,0.0,100000000.0,100000000.0,0.0,inf,-1,
2014-04-21,4645.0,4625.0,14512.3798828125,0.0,0,0.0,0.0,0.0,0.0,0.0,0.0,100000000.0,100000000.0,0.0,inf,-1,
2014-04-22,4660.0,4540.0,14388.76953125,0.0,0,0.0,0.0,0.0,0.0,0.0,0.0,100000000.0,100000000.0,0.0,inf,-1,
2014-04-23,4610.0,4645.0,14546.26953125,0.0,0,0.0,0.0,0.0,0.0,0.0,0.0,100000000.0,100000000.0,0.0,inf,-1,
2014-04-24,4650.0,4565.0,14404.990234375,0.0,0,0.0,0.0,0.0,0.0,0.0,0.0,100000000.0,100000000.0,0.0,inf,-1,
2014-04-25,4535.0,4580.0,14429.259765625,0.0,0,0.0,0.0,0.0,0.0,0.0,0.0,100000000.0,100000000.0,0.0,inf,-1,
2014-04-28,4495.0,4485.0,14288.23046875,0.0,0,0.0,0.0,0.0,0.0,0.0,0.0,100000000.0,100000000.0,0.0,inf,-1,
2014-04-30,4560.0,4480.0,14304.1103515625,0.0,0,0.0,0.0,0.0,0.0,0.0,0.0,100000000.0,100000000.0,0.0,inf,-1,
2014-05-01,4515.0,4595.0,14485.1298828125,0.0,0,0.0,0.0,0.0,0.0,0.0,0.0,100000000.0,100000000.0,0.0,inf,-1,
2014-05-02,4575.0,4580.0,14457.509765625,0.0,0,0.0,0.0,0.0,0.0,0.0,0.0,100000000.0,100000000.0,0.0,inf,-1,
2014-05-07,4465.0,4330.0,14033.4501953125,0.0,0,0.0,0.0,0.0,0.0,0.0,0.0,100000000.0,100000000.0,0.0,inf,-1,
2014-05-08,4380.0,4390.0,14163.7802734375,0.0,0,0.0,0.0,0.0,0.0,0.0,0.0,100000000.0,100000000.0,0.0,inf,-1,
2014-05-09,4350.0,4415.0,14199.58984375,0.0,0,0.0,0.0,0.0,0.0,0.0,0.0,100000000.0,100000000.0,0.0,inf,-1,
2014-05-12,4405.0,4390.0,14149.51953125,0.0,0,0.0,0.0,0.0,0.0,0.0,0.0,100000000.0,100000000.0,0.0,inf,-1,
2014-05-13,4530.0,4545.0,14425.4404296875,0.0,0,0.0,0.0,0.0,0.0,0.0,0.0,100000000.0,100000000.0,0.0,inf,-1,
2014-05-14,4535.0,4545.0,14405.759765625,0.0,0,0.0,0.0,0.0,0.0,0.0,0.0,100000000.0,100000000.0,0.0,inf,-1,
2014-05-15,4450.0,4470.0,14298.2099609375,0.0,0,0.0,0.0,0.0,0.0,0.0,0.0,100000000.0,100000000.0,0.0,inf,-1,
2014-05-16,4340.0,4355.0,14096.58984375,0.0,0,0.0,0.0,0.0,0.0,0.0,0.0,100000000.0,100000000.0,0.0,inf,-1,
2014-05-19,4380.0,4300.0,14006.4404296875,0.0,0,0.0,0.0,0.0,0.0,0.0,0.0,100000000.0,100000000.0,0.0,inf,-1,
2014-05-20,4340.0,4335.0,14075.25,0.0,0,0.0,0.0,0.0,0.0,0.0,0.0,100000000.0,100000000.0,0.0,inf,-1,
2014-05-21,4270.0,4320.0,14042.169921875,0.0,0,0.0,0.0,0.0,0.0,0.0,0.0,100000000.0,100000000.0,0.0,inf,-1,
2014-05-22,4400.0,4495.0,14337.7900390625,0.0,0,0.0,0.0,0.0,0.0,0.0,0.0,100000000.0,100000000.0,0.0,inf,-1,
2014-05-23,4525.0,4575.0,14462.169921875,0.0,0,0.0,0.0,0.0,0.0,0.0,0.0,100000000.0,100000000.0,0.0,inf,-1,
2014-05-26,4645.0,4655.0,14602.51953125,0.0,0,0.0,0.0,0.0,0.0,0.0,0.0,100000000.0,100000000.0,0.0,inf,-1,
2014-05-27,4655.0,4680.0,14636.51953125,0.0,0,0.0,0.0,0.0,0.0,0.0,0.0,100000000.0,100000000.0,0.0,inf,-1,
2014-05-28,4680.0,4700.0,14670.9501953125,0.0,0,0.0,0.0,0.0,0.0,0.0,0.0,100000000.0,100000000.0,0.0,inf,-1,
2014-05-29,4650.0,4710.0,14681.7197265625,0.0,0,0.0,0.0,0.0,0.0,0.0,0.0,100000000.0,100000000.0,0.0,inf,-1,
2014-05-30,4730.0,4680.0,14632.3798828125,0.0,0,0.0,0.0,0.0,0.0,0.0,0.0,100000000.0,100000000.0,0.0,inf,-1,
2014-06-02,4785.0,4880.0,14935.919921875,0.0,0,0.0,0.0,0.0,0.0,0.0,0.0,100000000.0,100000000.0,0.0,inf,-1,
2014-06-03,4965.0,4945.0,15034.25,0.0,0,0.0,0.0,0.0,0.0,0.0,0.0,100000000.0,100000000.0,0.0,inf,-1,
2014-06-04,4960.0,4955.0,15067.9599609375,0.0,0,0.0,0.0,0.0,0.0,0.0,0.0,100000000.0,100000000.0,0.0,inf,-1,
2014-06-05,4990.0,4975.0,15079.3701171875,0.0,0,0.0,0.0,0.0,0.0,0.0,0.0,100000000.0,100000000.0,0.0,inf,-1,
2014-06-06,4995.0,4965.0,15077.240234375,0.0,0,0.0,0.0,0.0,0.0,0.0,0.0,100000000.0,100000000.0,0.0,inf,-1,
2014-06-09,5045.0,4990.0,15124.0,0.0,0,0.0,0.0,0.0,0.0,0.0,0.0,100000000.0,100000000.0,0.0,inf,-1,
2014-06-10,5000.0,4900.0,14994.7998046875,0.0,0,0.0,0.0,0.0,0.0,0.0,0.0,100000000.0,100000000.0,0.0,inf,-1,
2014-06-11,4900.0,4950.0,15069.48046875,0.0,0,0.0,0.0,0.0,0.0,0.0,0.0,100000000.0,100000000.0,0.0,inf,-1,
2014-06-12,4880.0,4885.0,14973.5302734375,0.0,0,0.0,0.0,0.0,0.0,0.0,0.0,100000000.0,100000000.0,0.0,inf,-1,
2014-06-13,4810.0,4980.0,15097.83984375,0.0,0,0.0,0.0,0.0,0.0,0.0,0.0,100000000.0,100000000.0,0.0,inf,-1,
2014-06-16,4945.0,4865.0,14933.2900390625,0.0,0,0.0,0.0,0.0,0.0,0.0,0.0,100000000.0,100000000.0,0.0,inf,-1,
2014-06-17,4890.0,4885.0,14975.9697265625,0.0,0,0.0,0.0,0.0,0.0,0.0,0.0,100000000.0,100000000.0,0.0,inf,-1,
2014-06-18,4920.0,4995.0,15115.7998046875,0.0,0,0.0,0.0,0.0,0.0,0.0,0.0,100000000.0,100000000.0,0.0,inf,-1,
2014-06-19,5000.0,5145.0,15361.16015625,0.0,0,0.0,0.0,0.0,0.0,0.0,0.0,100000000.0,100000000.0,0.0,inf,-1,
2014-06-20,5140.0,5130.0,15349.419921875,0.0,0,0.0,0.0,0.0,0.0,0.0,0.0,100000000.0,100000000.0,0.0,inf,-1,
2014-06-23,5180.0,5150.0,15369.2802734375,0.0,0,0.0,0.0,0.0,0.0,0.0,0.0,100000000.0,100000000.0,0.0,inf,-1,
2014-06-24,5105.0,5165.0,15376.240234375,0.0,0,0.0,0.0,0.0,0.0,0.0,0.0,100000000.0,100000000.0,0.0,inf,-1,
2014-06-25,5105.0,5085.0,15266.6103515625,0.0,0,0.0,0.0,0.0,0.0,0.0,0.0,100000000.0,100000000.0,0.0,inf,-1,
2014-06-26,5120.0,5120.0,15308.490234375,0.0,0,0.0,0.0,0.0,0.0,0.0,0.0,100000000.0,100000000.0,0.0,inf,-1,
2014-06-27,5100.0,4965.0,15095.0,0.0,0,0.0,0.0,0.0,0.0,0.0,0.0,100000000.0,100000000.0,0.0,inf,-1,
2014-06-30,5010.0,5015.0,15162.099609375,0.0,0,0.0,0.0,0.0,0.0,0.0,0.0,100000000.0,100000000.0,0.0,inf,-1,
2014-07-01,5020.0,5125.0,15326.2001953125,0.0,0,0.0,0.0,0.0,0.0,0.0,0.0,100000000.0,100000000.0,0.0,inf,-1,
2014-07-02,5175.0,5155.0,15369.9697265625,0.0,0,0.0,0.0,0.0,0.0,0.0,0.0,100000000.0,100000000.0,0.0,inf,-1,
2014-07-03,5180.0,5135.0,15348.2900390625,0.0,0,0.0,0.0,0.0,0.0,0.0,0.0,100000000.0,100000000.0,0.0,inf,-1,
2014-07-04,5230.0,5200.0,15437.1298828125,0.0,0,0.0,0.0,0.0,0.0,0.0,0.0,100000000.0,100000000.0,0.0,inf,-1,
2014-07-07,5195.0,5170.0,15379.4404296875,0.0,0,0.0,0.0,0.0,0.0,0.0,0.0,100000000.0,100000000.0,0.0,inf,-1,
2014-07-08,5110.0,5120.0,15314.41015625,0.0,0,0.0,0.0,0.0,0.0,0.0,0.0,100000000.0,100000000.0,0.0,inf,-1,
2014-07-09,5035.0,5115.0,15302.650390625,0.0,0,0.0,0.0,0.0,0.0,0.0,0.0,100000000.0,100000000.0,0.0,inf,-1,
2014-07-10,5115.0,5055.0,15216.4697265625,0.0,0,0.0,0.0,0.0,0.0,0.0,0.0,100000000.0,100000000.0,0.0,inf,-1,
2014-07-11,4990.0,5025.0,15164.0400390625,0.0,0,0.0,0.0,0.0,0.0,0.0,0.0,100000000.0,100000000.0,0.0,inf,-1,
2014-07-14,5045.0,5110.0,15296.8203125,0.0,0,0.0,0.0,0.0,0.0,0.0,0.0,100000000.0,100000000.0,0.0,inf,-1,
2014-07-15,5140.0,5170.0,15395.16015625,0.0,0,0.0,0.0,0.0,0.0,0.0,0.0,100000000.0,100000000.0,0.0,inf,-1,
2014-07-16,5145.0,5155.0,15379.2998046875,0.0,0,0.0,0.0,0.0,0.0,0.0,0.0,100000000.0,100000000.0,0.0,inf,-1,
2014-07-17,5185.0,5155.0,15370.259765625,0.0,0,0.0,0.0,0.0,0.0,0.0,0.0,100000000.0,100000000.0,0.0,inf,-1,
2014-07-18,5030.0,5055.0,15215.7099609375,0.0,0,0.0,0.0,0.0,0.0,0.0,0.0,100000000.0,100000000.0,0.0,inf,-1,
2014-07-22,5095.0,5125.0,15343.2802734375,0.0,0,0.0,0.0,0.0,0.0,0.0,0.0,100000000.0,100000000.0,0.0,inf,-1,
2014-07-23,5145.0,5115.0,15328.5595703125,0.0,0,0.0,0.0,0.0,0.0,0.0,0.0,100000000.0,100000000.0,0.0,inf,-1,
2014-07-24,5130.0,5090.0,15284.419921875,0.0,0,0.0,0.0,0.0,0.0,0.0,0.0,100000000.0,100000000.0,0.0,inf,-1,
2014-07-25,5140.0,5205.0,15457.8701171875,0.0,0,0.0,0.0,0.0,0.0,0.0,0.0,100000000.0,100000000.0,0.0,inf,-1,
2014-07-28,5190.0,5260.0,15529.400390625,0.0,0,0.0,0.0,0.0,0.0,0.0,0.0,100000000.0,100000000.0,0.0,inf,-1,
2014-07-29,5285.0,5315.0,15618.0703125,0.0,0,0.0,0.0,0.0,0.0,0.0,0.0,100000000.0,100000000.0,0.0,inf,-1,
2014-07-30,5335.0,5335.0,15646.23046875,0.0,0,0.0,0.0,0.0,0.0,0.0,0.0,100000000.0,100000000.0,0.0,inf,-1,
2014-07-31,5400.0,5320.0,15620.76953125,0.0,0,0.0,0.0,0.0,0.0,0.0,0.0,100000000.0,100000000.0,0.0,inf,-1,
2014-08-01,5250.0,5265.0,15523.1103515625,0.0,0,0.0,0.0,0.0,0.0,0.0,0.0,100000000.0,100000000.0,0.0,inf,-1,
2014-08-04,5240.0,5230.0,15474.5,0.0,0,0.0,0.0,0.0,0.0,0.0,0.0,100000000.0,100000000.0,0.0,inf,-1,
2014-08-05,5245.0,5115.0,15320.3095703125,0.0,0,0.0,0.0,0.0,0.0,0.0,0.0,100000000.0,100000000.0,0.0,inf,-1,
2014-08-06,5080.0,5025.0,15159.7900390625,0.0,0,0.0,0.0,0.0,0.0,0.0,0.0,100000000.0,100000000.0,0.0,inf,-1,
2014-08-07,5005.0,5050.0,15232.3701171875,0.0,0,0.0,0.0,0.0,0.0,0.0,0.0,100000000.0,100000000.0,0.0,inf,-1,
2014-08-08,4930.0,4760.0,14778.3701171875,0.0,0,0.0,0.0,0.0,0.0,0.0,0.0,100000000.0,100000000.0,0.0,inf,-1,
2014-08-11,4925.0,4980.0,15130.51953125,0.0,0,0.0,0.0,0.0,0.0,0.0,0.0,100000000.0,100000000.0,0.0,inf,-1,
2014-08-12,4990.0,5000.0,15161.3095703125,0.0,0,0.0,0.0,0.0,0.0,0.0,0.0,100000000.0,100000000.0,0.0,inf,-1,
2014-08-13,4980.0,5035.0,15213.6298828125,0.0,0,0.0,0.0,0.0,0.0,0.0,0.0,100000000.0,100000000.0,0.0,inf,-1,
2014-08-14,5075.0,5090.0,15314.5703125,0.0,0,0.0,0.0,0.0,0.0,0.0,0.0,100000000.0,100000000.0,0.0,inf,-1,
2014-08-15,5100.0,5100.0,15318.33984375,0.0,0,0.0,0.0,0.0,0.0,0.0,0.0,100000000.0,100000000.0,0.0,inf,-1,
2014-08-18,5115.0,5100.0,15322.599609375,0.0,0,0.0,0.0,0.0,0.0,0.0,0.0,100000000.0,100000000.0,0.0,inf,-1,
2014-08-19,5185.0,5190.0,15449.7900390625,0.0,0,0.0,0.0,0.0,0.0,0.0,0.0,100000000.0,100000000.0,0.0,inf,-1,
2014-08-20,5210.0,5190.0,15454.4501953125,0.0,0,0.0,0.0,0.0,0.0,0.0,0.0,100000000.0,100000000.0,0.0,inf,-1,
2014-08-21,5230.0,5280.0,15586.2001953125,0.0,0,0.0,0.0,0.0,0.0,0.0,0.0,100000000.0,100000000.0,0.0,inf,-1,
2014-08-22,5295.0,5250.0,15539.1904296875,0.0,0,0.0,0.0,0.0,0.0,0.0,0.0,100000000.0,100000000.0,0.0,inf,-1,
2014-08-25,5285.0,5300.0,15613.25,0.0,0,0.0,0.0,0.0,0.0,0.0,0.0,100000000.0,100000000.0,0.0,inf,-1,
2014-08-26,5285.0,5235.0,15521.2197265625,0.0,0,0.0,0.0,0.0,0.0,0.0,0.0,100000000.0,100000000.0,0.0,inf,-1,
2014-08-27,5250.0,5250.0,15534.8203125,0.0,0,0.0,0.0,0.0,0.0,0.0,0.0,100000000.0,100000000.0,0.0,inf,-1,
2014-08-28,5215.0,5190.0,15459.8603515625,0.0,0,0.0,0.0,0.0,0.0,0.0,0.0,100000000.0,100000000.0,0.0,inf,-1,
2014-08-29,5170.0,5175.0,15424.58984375,0.0,0,0.0,0.0,0.0,0.0,0.0,0.0,100000000.0,100000000.0,0.0,inf,-1,
2014-09-01,5200.0,5205.0,15476.599609375,0.0,0,0.0,0.0,0.0,0.0,0.0,0.0,100000000.0,100000000.0,0.0,inf,-1,
2014-09-02,5235.0,5340.0,15668.599609375,0.0,0,0.0,0.0,0.0,0.0,0.0,0.0,100000000.0,100000000.0,0.0,inf,-1,
2014-09-03,5415.0,5375.0,15728.349609375,0.0,0,0.0,0.0,0.0,0.0,0.0,0.0,100000000.0,100000000.0,0.0,inf,-1,
2014-09-04,5360.0,5345.0,15676.1796875,0.0,0,0.0,0.0,0.0,0.0,0.0,0.0,100000000.0,100000000.0,0.0,inf,-1,
2014-09-05,5420.0,5345.0,15668.6796875,0.0,0,0.0,0.0,0.0,0.0,0.0,0.0,100000000.0,100000000.0,0.0,inf,-1,
2014-09-08,5375.0,5360.0,15705.1103515625,0.0,0,0.0,0.0,0.0,0.0,0.0,0.0,100000000.0,100000000.0,0.0,inf,-1,
2014-09-09,5420.0,5390.0,15749.150390625,0.0,0,0.0,0.0,0.0,0.0,0.0,0.0,100000000.0,100000000.0,0.0,inf,-1,
2014-09-10,5325.0,5415.0,15788.7802734375,0.0,0,0.0,0.0,0.0,0.0,0.0,0.0,100000000.0,100000000.0,0.0,inf,-1,
2014-09-11,5480.0,5490.0,15909.2001953125,0.0,0,0.0,0.0,0.0,0.0,0.0,0.0,100000000.0,100000000.0,0.0,inf,-1,
2014-09-12,5520.0,5525.0,15948.2900390625,0.0,0,0.0,0.0,0.0,0.0,0.0,0.0,100000000.0,100000000.0,0.0,inf,-1,
2014-09-16,5510.0,5505.0,15911.5302734375,0.0,0,0.0,0.0,0.0,0.0,0.0,0.0,100000000.0,100000000.0,0.0,inf,-1,
2014-09-17,5525.0,5485.0,15888.669921875,0.0,0,0.0,0.0,0.0,0.0,0.0,0.0,100000000.0,100000000.0,0.0,inf,-1,
2014-09-18,5575.0,5605.0,16067.5703125,0.0,0,0.0,0.0,0.0,0.0,0.0,0.0,100000000.0,100000000.0,0.0,inf,-1,
2014-09-19,5680.0,5785.0,16321.169921875,0.0,0,0.0,0.0,0.0,0.0,0.0,0.0,100000000.0,100000000.0,0.0,inf,-1,
2014-09-22,5750.0,5705.0,16205.900390625,0.0,0,0.0,0.0,0.0,0.0,0.0,0.0,100000000.0,100000000.0,0.0,inf,-1,
2014-09-24,5615.0,5680.0,16167.4501953125,0.0,0,0.0,0.0,0.0,0.0,0.0,0.0,100000000.0,100000000.0,0.0,inf,-1,
2014-09-25,5795.0,5805.0,16374.1396484375,0.0,0,0.0,0.0,0.0,0.0,0.0,0.0,100000000.0,100000000.0,0.0,inf,-1,
2014-09-26,5695.0,5780.0,16229.8603515625,0.0,0,0.0,0.0,0.0,0.0,0.0,0.0,100000000.0,100000000.0,0.0,inf,-1,
2014-09-29,5860.0,5835.0,16310.6396484375,0.0,0,0.0,0.0,0.0,0.0,0.0,0.0,100000000.0,100000000.0,0.0,inf,-1,
2014-09-30,5780.0,5735.0,16173.51953125,0.0,0,0.0,0.0,0.0,0.0,0.0,0.0,100000000.0,100000000.0,0.0,inf,-1,
2014-10-01,5735.0,5680.0,16082.25,0.0,0,0.0,0.0,0.0,0.0,0.0,0.0,100000000.0,100000000.0,0.0,inf,-1,
2014-10-02,5560.0,5405.0,15661.990234375,0.0,0,0.0,0.0,0.0,0.0,0.0,0.0,100000000.0,100000000.0,0.0,inf,-1,
2014-10-03,5375.0,5410.0,15708.650390625,0.0,0,0.0,0.0,0.0,0.0,0.0,0.0,100000000.0,100000000.0,0.0,inf,-1,
2014-10-06,5540.0,5545.0,15890.9501953125,0.0,0,0.0,0.0,0.0,0.0,0.0,0.0,100000000.0,100000000.0,0.0,inf,-1,
2014-10-07,5475.0,5460.0,15783.830078125,0.0,0,0.0,0.0,0.0,0.0,0.0,0.0,100000000.0,100000000.0,0.0,inf,-1,
2014-10-08,5310.0,5360.0,15595.98046875,0.0,0,0.0,0.0,0.0,0.0,0.0,0.0,100000000.0,100000000.0,0.0,inf,-1,
2014-10-09,5390.0,5260.0,15478.9296875,0.0,0,0.0,0.0,0.0,0.0,0.0,0.0,100000000.0,100000000.0,0.0,inf,-1,
2014-10-10,5135.0,5140.0,15300.5498046875,0.0,0,0.0,0.0,0.0,0.0,0.0,0.0,100000000.0,100000000.0,0.0,inf,-1,
2014-10-14,4930.0,4905.0,14936.509765625,0.0,0,0.0,0.0,0.0,0.0,0.0,0.0,100000000.0,100000000.0,0.0,inf,-1,
2014-10-15,4940.0,4970.0,15073.51953125,0.0,0,0.0,0.0,0.0,0.0,0.0,0.0,100000000.0,100000000.0,0.0,inf,-1,
2014-10-16,4745.0,4755.0,14738.3798828125,0.0,0,0.0,0.0,0.0,0.0,0.0,0.0,100000000.0,100000000.0,0.0,inf,-1,
2014-10-17,4795.0,4625.0,14532.509765625,0.0,0,0.0,0.0,0.0,0.0,0.0,0.0,100000000.0,100000000.0,0.0,inf,-1,
2014-10-20,4855.0,4980.0,15111.23046875,0.0,0,0.0,0.0,0.0,0.0,0.0,0.0,100000000.0,100000000.0,0.0,inf,-1,
2014-10-21,4975.0,4775.0,14804.2802734375,0.0,0,0.0,0.0,0.0,0.0,0.0,0.0,100000000.0,100000000.0,0.0,inf,-1,
2014-10-22,4975.0,5030.0,15195.76953125,0.0,0,0.0,0.0,0.0,0.0,0.0,0.0,100000000.0,100000000.0,0.0,inf,-1,
2014-10-23,4970.0,5000.0,15138.9599609375,0.0,0,0.0,0.0,0.0,0.0,0.0,0.0,100000000.0,100000000.0,0.0,inf,-1,
2014-10-24,5140.0,5095.0,15291.6396484375,0.0,0,0.0,0.0,0.0,0.0,0.0,0.0,100000000.0,100000000.0,0.0,inf,-1,
2014-10-27,5165.0,5150.0,15388.7197265625,10332.065999999999,2,0.0,0.0,0.0,0.0,0.7901369863013699,10300.0,100000000.0,99999967.143863,-32.856136986300264,9708.734674161456,0,
2014-10-28,5125.0,5115.0,15329.91015625,20504.1,4,0.0,0.0,0.0,0.0,2.3543013698630135,30690.0,100000000.0,99999850.68956165,-149.31043835616182,3258.3854900476263,0,
2014-10-29,5175.0,5265.0,15553.91015625,10352.07,2,0.0,0.0,0.0,0.0,3.231123287671232,42120.0,100000000.0,100000925.38843836,925.3884383561673,2374.1910111215184,0,
2014-10-30,5295.0,5350.0,15658.2001953125,5296.059,1,21175.764,668.4789041095897,532.6774147397266,135.80148936986316,2.052054794520549,26750.0,100000532.67741475,100001297.2398942,764.562479452056,3738.3662519586615,0,
2014-10-31,5455.0,5870.0,16413.759765625,0.0,0,21815.636000000002,1126.6678904109626,897.7853084739754,228.88258193698704,0.4503013698630145,5870.0,100001430.46272321,100002003.54301088,573.0802876712327,17036.116446850236,0,
2014-11-04,6365.0,6185.0,16862.470703125,0.0,0,6363.727,1066.8072876712326,850.0853871808217,216.72190049041092,0.0,0.0,100002280.5481104,100002280.5481104,0.0,inf,0,
2014-11-05,6120.0,6260.0,16937.3203125,0.0,0,0.0,0.0,0.0,0.0,0.0,0.0,100002280.5481104,100002280.5481104,0.0,inf,0,
2014-11-06,6285.0,6140.0,16792.48046875,0.0,0,0.0,0.0,0.0,0.0,0.0,0.0,100002280.5481104,100002280.5481104,0.0,inf,0,
2014-11-07,6230.0,6205.0,16880.380859375,0.0,0,0.0,0.0,0.0,0.0,0.0,0.0,100002280.5481104,100002280.5481104,0.0,inf,0,
2014-11-10,6100.0,6105.0,16780.529296875,0.0,0,0.0,0.0,0.0,0.0,0.0,0.0,100002280.5481104,100002280.5481104,0.0,inf,0,
2014-11-11,6185.0,6360.0,17124.109375,0.0,0,0.0,0.0,0.0,0.0,0.0,0.0,100002280.5481104,100002280.5481104,0.0,inf,0,
2014-11-12,6465.0,6435.0,17197.05078125,0.0,0,0.0,0.0,0.0,0.0,0.0,0.0,100002280.5481104,100002280.5481104,0.0,inf,0,
2014-11-13,6415.0,6565.0,17392.7890625,0.0,0,0.0,0.0,0.0,0.0,0.0,0.0,100002280.5481104,100002280.5481104,0.0,inf,0,
2014-11-14,6610.0,6640.0,17490.830078125,0.0,0,0.0,0.0,0.0,0.0,0.0,0.0,100002280.5481104,100002280.5481104,0.0,inf,0,
2014-11-17,6580.0,6255.0,16973.80078125,0.0,0,0.0,0.0,0.0,0.0,0.0,0.0,100002280.5481104,100002280.5481104,0.0,inf,0,
2014-11-18,6405.0,6520.0,17344.060546875,0.0,0,0.0,0.0,0.0,0.0,0.0,0.0,100002280.5481104,100002280.5481104,0.0,inf,0,
2014-11-19,6540.0,6490.0,17288.75,0.0,0,0.0,0.0,0.0,0.0,0.0,0.0,100002280.5481104,100002280.5481104,0.0,inf,0,
2014-11-20,6575.0,6495.0,17300.859375,0.0,0,0.0,0.0,0.0,0.0,0.0,0.0,100002280.5481104,100002280.5481104,0.0,inf,0,
2014-11-21,6480.0,6545.0,17357.509765625,0.0,0,0.0,0.0,0.0,0.0,0.0,0.0,100002280.5481104,100002280.5481104,0.0,inf,0,
2014-11-25,6635.0,6570.0,17407.619140625,0.0,0,0.0,0.0,0.0,0.0,0.0,0.0,100002280.5481104,100002280.5481104,0.0,inf,0,
2014-11-26,6515.0,6555.0,17383.580078125,0.0,0,0.0,0.0,0.0,0.0,0.0,0.0,100002280.5481104,100002280.5481104,0.0,inf,0,
2014-11-27,6510.0,6455.0,17248.5,0.0,0,0.0,0.0,0.0,0.0,0.0,0.0,100002280.5481104,100002280.5481104,0.0,inf,0,
2014-11-28,6510.0,6605.0,17459.849609375,0.0,0,0.0,0.0,0.0,0.0,0.0,0.0,100002280.5481104,100002280.5481104,0.0,inf,0,
2014-12-01,6595.0,6705.0,17590.099609375,0.0,0,0.0,0.0,0.0,0.0,0.0,0.0,100002280.5481104,100002280.5481104,0.0,inf,0,
2014-12-02,6610.0,6765.0,17663.220703125,0.0,0,0.0,0.0,0.0,0.0,0.0,0.0,100002280.5481104,100002280.5481104,0.0,inf,0,
2014-12-03,6850.0,6795.0,17720.4296875,0.0,0,0.0,0.0,0.0,0.0,0.0,0.0,100002280.5481104,100002280.5481104,0.0,inf,0,
2014-12-04,6925.0,6930.0,17887.2109375,0.0,0,0.0,0.0,0.0,0.0,0.0,0.0,100002280.5481104,100002280.5481104,0.0,inf,0,
2014-12-05,6870.0,6960.0,17920.44921875,0.0,0,0.0,0.0,0.0,0.0,0.0,0.0,100002280.5481104,100002280.5481104,0.0,inf,0,
2014-12-08,7005.0,6970.0,17935.640625,0.0,0,0.0,0.0,0.0,0.0,0.0,0.0,100002280.5481104,100002280.5481104,0.0,inf,0,
2014-12-09,6870.0,6865.0,17813.380859375,0.0,0,0.0,0.0,0.0,0.0,0.0,0.0,100002280.5481104,100002280.5481104,0.0,inf,0,
2014-12-10,6720.0,6580.0,17412.580078125,6721.344,1,0.0,0.0,0.0,0.0,0.5047671232876709,6580.0,100002280.5481104,100002138.69934328,-141.84876712328773,15197.893419353082,0,
2014-12-11,6375.0,6460.0,17257.400390625,82891.575,13,0.0,0.0,0.0,0.0,6.93786301369863,90440.0,100002280.5481104,100003100.18648025,819.6383698630165,1105.7397190013296,0,
2014-12-12,6500.0,6555.0,17371.580078125,143028.6,22,0.0,0.0,0.0,0.0,18.10257534246575,235980.0,100002280.5481104,100005593.48390491,3312.935794520545,423.7884290359561,0,
2014-12-15,6330.0,6335.0,17099.400390625,113962.788,18,0.0,0.0,0.0,0.0,26.242520547945205,342090.0,100002280.5481104,99997714.45338437,-4566.094726027401,292.3140531830348,0,
2014-12-16,6140.0,6060.0,16755.3203125,178095.612,29,0.0,0.0,0.0,0.0,38.58476712328766,502980.0,100002280.5481104,99980470.25661725,-21810.291493150682,198.77623415765487,0,
2014-12-17,6020.0,6140.0,16819.73046875,192678.528,32,0.0,0.0,0.0,0.0,54.16657534246576,706100.0,100002280.5481104,99990857.56204191,-11422.986068493137,141.61005178026045,0,
2014-12-18,6400.0,6390.0,17210.05078125,185637.12,29,204759.04,12065.439561643852,9614.345514695904,2451.0940469479488,54.90147945205484,715680.0,100011894.8936251,100017053.4865155,5158.592890410966,139.75108077145583,0,
2014-12-19,6645.0,6700.0,17621.400390625,73109.61899999999,11,192666.459,14529.490616438365,11577.82459770891,2951.6660187294538,48.31342465753423,629800.0,100023472.7182228,100047730.34707211,24257.62884931508,158.8563517736934,0,
2014-12-22,6740.0,6700.0,17635.140625,6741.348,1,552569.4639999999,26867.638753424664,21409.477940666446,5458.160812758221,6.681643835616455,87100.0,100044882.19616346,100045393.62061551,511.42445205480294,1148.6267924295696,0,
2014-12-24,6865.0,6870.0,17854.23046875,6866.373,1,0.0,0.0,0.0,0.0,7.378191780821908,96180.0,100044882.19616346,100047599.86942373,2717.6732602739817,1040.2121009505483,0,
2014-12-25,6840.0,6840.0,17808.75,0.0,0,88902.216,2306.789273972617,1838.16503296508,468.6242410075372,0.5247123287671229,6840.0,100046720.36119643,100046692.9364704,-27.424726027396854,14626.709493636024,0,
2014-12-26,6830.0,6880.0,17818.9609375,0.0,0,0.0,0.0,0.0,0.0,0.5277808219178155,6880.0,100046720.36119643,100046732.40868957,12.047493150685339,14541.676222193251,0,
2014-12-29,6930.0,6790.0,17729.83984375,0.0,0,0.0,0.0,0.0,0.0,0.520876712328743,6790.0,100046720.36119643,100046641.88781287,-78.47338356164343,14734.409703654324,0,
2014-12-30,6790.0,6585.0,17450.76953125,13582.716,2,0.0,0.0,0.0,0.0,1.5154520547944799,19755.0,100046720.36119643,100046022.6563608,-697.7048356164382,5064.339289109634,0,
2015-01-05,6510.0,6540.0,17408.7109375,71624.322,11,0.0,0.0,0.0,0.0,7.023780821917853,91560.0,100046720.36119643,100046196.31057999,-524.0506164383562,1092.6845381234161,0,
2015-01-06,6290.0,6165.0,16883.189453125,106951.386,17,0.0,0.0,0.0,0.0,14.660876712328786,191115.0,100046720.36119643,100038785.26370327,-7935.097493150684,523.4481085404248,0,
2015-01-07,6080.0,6160.0,16885.330078125,188517.696,31,0.0,0.0,0.0,0.0,29.29797260273972,381920.0,100046720.36119643,100041043.26973067,-5677.0914657534195,261.94240487466135,0,
2015-01-08,6280.0,6360.0,17167.099609375,188437.68000000002,30,0.0,0.0,0.0,0.0,44.88591780821923,585120.0,100046720.36119643,100055760.70381287,9040.342616438338,171.00041137512454,0,
2015-01-09,6475.0,6375.0,17197.73046875,129525.9,20,200684.855,12137.385410958917,9671.675564722613,2465.709846236304,39.612328767123245,516375.0,100056392.03676115,100055669.33663787,-722.7001232876858,193.76551796008303,0,
2015-01-13,6180.0,6290.0,17087.7109375,92718.54,15,0.0,0.0,0.0,0.0,46.32197260273972,603840.0,100056392.03676115,100050369.47466525,-6022.56209589042,165.69019852057707,0,
2015-01-14,6200.0,6065.0,16795.9609375,117823.56,19,0.0,0.0,0.0,0.0,53.5049315068494,697475.0,100056392.03676115,100026127.40973376,-30264.627027397262,143.411774486159,0,
2015-01-15,6115.0,6300.0,17108.69921875,146789.352,24,0.0,0.0,0.0,0.0,67.17698630136994,875700.0,100056392.03676115,100057495.88074745,1103.843986301349,114.26001585103054,0,
2015-01-16,6055.0,6110.0,16864.16015625,30281.055,5,0.0,0.0,0.0,0.0,67.49457534246585,879840.0,100056392.03676115,100031287.33117211,-25104.705589041117,113.69258880156859,0,
2015-01-19,6225.0,6225.0,17014.2890625,124524.9,20,0.0,0.0,0.0,0.0,78.31561643835607,1020900.0,100056392.03676115,100047744.11555567,-8647.921205479466,97.99955344848239,0,
2015-01-20,6270.0,6485.0,17366.30078125,62712.54,10,31343.73,1057.943767123287,843.0224908321912,214.92127629109575,84.07402739726035,1095965.0,100057235.05925198,100091141.31025198,33906.25099999999,91.32695050503618,0,
2015-01-21,6435.0,6415.0,17280.48046875,0.0,0,868551.255,28236.894205479384,22500.56914763625,5736.325057843136,16.731726027397258,218110.0,100079735.62839963,100076084.50846812,-3651.119931506844,458.8330865548032,0,
2015-01-22,6440.0,6445.0,17329.01953125,6441.288,1,0.0,0.0,0.0,0.0,17.30438356164393,225575.0,100079735.62839963,100077090.91608456,-2644.712315068487,443.6532901078779,0,
2015-01-23,6590.0,6575.0,17511.75,19773.954,3,0.0,0.0,0.0,0.0,19.166575342465762,249850.0,100079735.62839963,100081572.79550922,1837.1671095890456,400.5666311607333,0,
2015-01-26,6435.0,6555.0,17468.51953125,0.0,0,0.0,0.0,0.0,0.0,19.10827397260266,249090.0,100079735.62839963,100080793.68723524,1058.0588356164428,401.7856746045013,0,
2015-01-27,6680.0,6770.0,17768.30078125,6681.336,1,0.0,0.0,0.0,0.0,20.25435616438358,264030.0,100079735.62839963,100089032.09687908,9296.46847945206,379.082044074079,0,
2015-01-28,6660.0,6810.0,17795.73046875,0.0,0,233053.38000000006,5477.8446575342805,4365.020515356192,1112.824142178089,2.089643835616357,27240.0,100084100.64891498,100084180.56309307,79.9141780821916,3674.1622820518746,0,
2015-01-29,6690.0,6645.0,17606.220703125,0.0,0,6688.662,6.284246575342488,5.007601883561661,1.2766446917808263,1.5292602739726817,19935.0,100084105.65651686,100083561.4191881,-544.2373287671232,5020.494678665066,0,
2015-01-30,6785.0,6720.0,17674.390625,6786.357,1,0.0,0.0,0.0,0.0,2.0620273972602945,26880.0,100084105.65651686,100083718.0001607,-387.6563561643835,3723.352604172645,0,
2015-02-02,6605.0,6620.0,17558.0390625,6606.321,1,0.0,0.0,0.0,0.0,2.539178082191711,33100.0,100084105.65651686,100083329.13998261,-776.5165342465751,3023.6655329299883,0,
2015-02-03,6695.0,6450.0,17335.849609375,20089.017,3,0.0,0.0,0.0,0.0,3.9583561643837584,51600.0,100084105.65651686,100081736.16462645,-2369.4918904109586,1939.568530322218,0,
2015-02-04,6630.0,6695.0,17678.740234375,92838.564,14,0.0,0.0,0.0,0.0,11.298958904109554,147290.0,100084105.65651686,100084576.30166756,470.64515068493336,679.5069339511681,0,
2015-02-05,6655.0,6585.0,17504.619140625,19968.993000000002,3,0.0,0.0,0.0,0.0,12.628767123287844,164625.0,100084105.65651686,100081929.67990042,-2175.9766164383564,607.9388287313617,0,
2015-02-06,6715.0,6675.0,17648.5,33581.715,5,0.0,0.0,0.0,0.0,15.361643835616405,200250.0,100084105.65651686,100083957.6032566,-148.05326027396933,499.7950442110192,0,
2015-02-09,6785.0,6720.0,17711.9296875,13572.714,2,0.0,0.0,0.0,0.0,16.496219178082242,215040.0,100084105.65651686,100085158.39303741,1052.7365205479484,465.4257737771457,0,
2015-02-10,6675.0,6680.0,17652.6796875,6676.335,1,0.0,0.0,0.0,0.0,16.91046575342466,220440.0,100084105.65651686,100083865.14757165,-240.5089452054762,454.018622516656,0,
2015-02-12,6870.0,6925.0,17979.720703125,6871.374,1,0.0,0.0,0.0,0.0,18.061917808219278,235450.0,100084105.65651686,100091985.71165386,7880.055136986304,425.1093043603901,0,
2015-02-13,6880.0,6885.0,17913.359375,0.0,0,220115.968,6300.359178082192,5020.441211054795,1279.9179670273973,1.0563287671232047,13770.0,100089126.09772791,100089140.70535804,14.60763013698691,7268.637669234426,0,
2015-02-16,6955.0,6955.0,18004.76953125,0.0,0,0.0,0.0,0.0,0.0,1.0670684931506003,13910.0,100089126.09772791,100089279.63828956,153.5405616438362,7195.490987655611,0,
2015-02-17,6910.0,6940.0,17987.08984375,0.0,0,0.0,0.0,0.0,0.0,1.0647671232877656,13880.0,100089126.09772791,100089248.57352243,122.47579452054855,7211.0409635102615,0,
2015-02-18,7015.0,7100.0,18199.169921875,0.0,0,0.0,0.0,0.0,0.0,1.0893150684930788,14200.0,100089126.09772791,100089567.48420736,441.38647945205537,7048.561090437138,0,
2015-02-19,7130.0,7155.0,18264.7890625,0.0,0,14257.148000000001,498.5344794520564,397.25719995137115,101.27727950068527,0.0,0.0,100089523.35492787,100089523.35492787,0.0,inf,0,
2015-02-20,7215.0,7210.0,18332.30078125,0.0,0,0.0,0.0,0.0,0.0,0.0,0.0,100089523.35492787,100089523.35492787,0.0,inf,0,
2015-02-23,7345.0,7315.0,18466.919921875,0.0,0,0.0,0.0,0.0,0.0,0.0,0.0,100089523.35492787,100089523.35492787,0.0,inf,0,
2015-02-24,7310.0,7425.0,18603.48046875,0.0,0,0.0,0.0,0.0,0.0,0.0,0.0,100089523.35492787,100089523.35492787,0.0,inf,0,
2015-02-25,7445.0,7410.0,18585.19921875,0.0,0,0.0,0.0,0.0,0.0,0.0,0.0,100089523.35492787,100089523.35492787,0.0,inf,0,
2015-02-26,7410.0,7580.0,18785.7890625,0.0,0,0.0,0.0,0.0,0.0,0.0,0.0,100089523.35492787,100089523.35492787,0.0,inf,0,
2015-02-27,7625.0,7580.0,18797.939453125,0.0,0,0.0,0.0,0.0,0.0,0.0,0.0,100089523.35492787,100089523.35492787,0.0,inf,0,
2015-03-02,7635.0,7605.0,18826.880859375,0.0,0,0.0,0.0,0.0,0.0,0.0,0.0,100089523.35492787,100089523.35492787,0.0,inf,0,
2015-03-03,7675.0,7595.0,18815.16015625,0.0,0,0.0,0.0,0.0,0.0,0.0,0.0,100089523.35492787,100089523.35492787,0.0,inf,0,
2015-03-04,7515.0,7515.0,18703.599609375,0.0,0,0.0,0.0,0.0,0.0,0.0,0.0,100089523.35492787,100089523.35492787,0.0,inf,0,
2015-03-05,7480.0,7545.0,18751.83984375,7481.496,1,0.0,0.0,0.0,0.0,0.5787945205479446,7545.0,100089523.35492787,100089586.28013335,62.92520547945196,13265.684066286727,0,
2015-03-06,7600.0,7715.0,18971.0,15203.039999999999,2,0.0,0.0,0.0,0.0,1.775506849315093,23145.0,100089523.35492787,100089981.46462649,458.1096986301378,4324.475327916461,0,
2015-03-09,7645.0,7570.0,18790.55078125,7646.5289999999995,1,22930.413,243.52269863013922,194.05106240342644,49.47163622671279,0.5807123287671629,7570.0,100089717.40599027,100089640.29627794,-77.10971232876666,13221.881148781762,0,
2015-03-10,7645.0,7460.0,18665.109375,22939.587,3,0.0,0.0,0.0,0.0,2.2890958904109766,29840.0,100089717.40599027,100088968.42018205,-748.9858082191772,3354.187949738004,0,
2015-03-11,7395.0,7515.0,18723.51953125,44378.874,6,0.0,0.0,0.0,0.0,5.76493150684928,75150.0,100089717.40599027,100089893.78125055,176.37526027397007,1331.8681807218968,0,
2015-03-12,7565.0,7740.0,18991.109375,30266.052,4,45380.922,998.5890410958856,795.7256773972565,202.86336369862914,4.750027397260283,61920.0,100090513.13166767,100091571.03785945,1057.906191780823,1616.465940533906,0,
2015-03-13,7855.0,7950.0,19254.25,7856.571,1,31413.716,1145.2889863013706,912.6235287342472,232.66545756712344,3.049315068493229,39750.0,100091425.7551964,100092722.46808682,1296.7128904109597,2518.0559111468383,0,
2015-03-16,7930.0,7940.0,19246.060546875,0.0,0,31713.656,1117.5497534246565,890.5195210164377,227.03023240821898,0.6090958904110266,7940.0,100092316.27471742,100092398.48475851,82.2100410958905,12606.095527047672,0,
2015-03-17,8075.0,8115.0,19437.0,0.0,0,0.0,0.0,0.0,0.0,0.6225205479452143,8115.0,100092316.27471742,100092572.86223798,256.5875205479453,12334.266526461857,0,
2015-03-18,8075.0,8205.0,19544.48046875,0.0,0,8073.385,214.97252054794552,171.30085299863038,43.67166754931513,0.0,0.0,100092487.57557042,100092487.57557042,0.0,inf,0,
2015-03-19,8150.0,8140.0,19476.560546875,0.0,0,0.0,0.0,0.0,0.0,0.0,0.0,100092487.57557042,100092487.57557042,0.0,inf,0,
2015-03-20,8145.0,8200.0,19560.220703125,0.0,0,0.0,0.0,0.0,0.0,0.0,0.0,100092487.57557042,100092487.57557042,0.0,inf,0,
2015-03-23,8270.0,8375.0,19754.359375,0.0,0,0.0,0.0,0.0,0.0,0.0,0.0,100092487.57557042,100092487.57557042,0.0,inf,0,
2015-03-24,8335.0,8335.0,19713.44921875,0.0,0,0.0,0.0,0.0,0.0,0.0,0.0,100092487.57557042,100092487.57557042,0.0,inf,0,
2015-03-25,8345.0,8350.0,19746.19921875,0.0,0,0.0,0.0,0.0,0.0,0.0,0.0,100092487.57557042,100092487.57557042,0.0,inf,0,
2015-03-26,8240.0,8090.0,19471.119140625,0.0,0,0.0,0.0,0.0,0.0,0.0,0.0,100092487.57557042,100092487.57557042,0.0,inf,0,
2015-03-27,8140.0,8040.0,19285.630859375,24424.884,3,0.0,0.0,0.0,0.0,1.8503013698630184,24120.0,100092487.57557042,100092180.84126905,-306.7343013698612,4149.758741346146,0,
2015-03-30,8055.0,8150.0,19411.400390625,80566.11,10,0.0,0.0,0.0,0.0,8.127671232876764,105950.0,100092487.57557042,100093436.60359782,949.0280273972616,944.7233280188563,0,
2015-03-31,8295.0,8025.0,19206.990234375,66373.272,8,0.0,0.0,0.0,0.0,12.927945205479546,168525.0,100092487.57557042,100089625.40365261,-2862.171917808215,593.9155935537909,0,
2015-04-01,7975.0,7850.0,19034.83984375,111672.33,14,0.0,0.0,0.0,0.0,21.076712328767144,274750.0,100092487.57557042,100084156.99694028,-8330.578630136984,364.27354684964615,0,
2015-04-02,7905.0,8060.0,19312.7890625,158131.62,20,0.0,0.0,0.0,0.0,34.00657534246602,443300.0,100092487.57557042,100094541.37036493,2053.794794520555,225.79413798864186,0,
2015-04-03,8065.0,8160.0,19435.080078125,48399.678,6,161267.74000000002,3123.753972602764,2489.1633530685126,634.5906195342515,25.664876712328578,334560.0,100094976.73892349,100098009.17686869,3032.437945205482,299.19299730054007,0,
2015-04-06,8040.0,8125.0,19397.98046875,24124.824,3,112537.488,839.3074794520506,668.8021650013666,170.5053144506841,18.698630136986367,243750.0,100095645.54108849,100095422.6369241,-222.90416438355814,410.64788774122707,0,
2015-04-07,8250.0,8335.0,19640.5390625,41258.25,5,0.0,0.0,0.0,0.0,22.378904109588802,291725.0,100095645.54108849,100102117.00802,6471.466931506852,343.138630587094,0,
2015-04-08,8415.0,8465.0,19789.810546875,8416.682999999999,1,185092.97400000002,7503.958054794538,5979.528975963028,1524.4290788315104,9.091178082191618,118510.0,100101625.07006446,100104044.77876309,2419.7086986301406,844.6885898132064,0,
2015-04-09,8520.0,8580.0,19937.720703125,0.0,0,110737.848,3064.889068493159,2442.2568542287736,622.6322142643852,0.6581917808218805,8580.0,100104067.32691868,100104229.33635703,162.0094383561653,11667.159596312007,0,
2015-04-10,8640.0,8610.0,19907.630859375,0.0,0,8638.272,220.28143835616615,175.531264154111,44.75017420205515,0.0,0.0,100104242.85818283,100104242.85818283,0.0,inf,0,
2015-04-13,8625.0,8565.0,19905.4609375,0.0,0,0.0,0.0,0.0,0.0,0.0,0.0,100104242.85818283,100104242.85818283,0.0,inf,0,
2015-04-14,8485.0,8565.0,19908.6796875,8486.697,1,0.0,0.0,0.0,0.0,0.6570410958904631,8565.0,100104242.85818283,100104320.50414173,77.64595890410948,11687.603094470722,0,
2015-04-15,8510.0,8525.0,19869.759765625,8511.702,1,0.0,0.0,0.0,0.0,1.3079452054794274,17050.0,100104242.85818283,100104292.49419653,49.636013698630705,5871.219501125896,0,
2015-04-16,8520.0,8550.0,19885.76953125,25565.112,3,0.0,0.0,0.0,0.0,3.2794520547943193,42750.0,100104242.85818283,100104424.10274448,181.2445616438352,2341.623955619754,0,
2015-04-17,8485.0,8350.0,19652.880859375,33946.788,4,0.0,0.0,0.0,0.0,5.76493150684928,75150.0,100104242.85818283,100102871.54981297,-1371.3083698630146,1332.0408722530003,0,
2015-04-20,8250.0,8325.0,19634.490234375,82516.5,10,0.0,0.0,0.0,0.0,12.133972602739505,158175.0,100104242.85818283,100103367.91584037,-874.9423424657542,632.8646620252276,0,
2015-04-21,8400.0,8555.0,19909.08984375,92418.48000000001,11,0.0,0.0,0.0,0.0,19.688219178082136,256650.0,100104242.85818283,100109404.7476212,5161.889438356153,390.0619705732367,0,
2015-04-22,8635.0,8750.0,20133.900390625,25910.180999999997,3,181298.733,6343.584945205491,5054.885663586995,1288.6992816184954,8.054794520548057,105000.0,100109297.74384642,100111846.54554504,2548.801698630139,953.4461575766195,0,
2015-04-23,8840.0,8815.0,20187.650390625,8841.768,1,79544.088,3005.084397260273,2394.6015019568486,610.4828953034245,2.704876712328769,35260.0,100111692.34534837,100112195.67777303,503.33242465753733,2839.256825801844,0,
2015-04-24,8750.0,8660.0,20020.0390625,8751.75,1,26244.75,330.5266438356196,263.3801561404135,67.14648769520612,1.3286575342467586,17320.0,100111955.72550452,100111680.20262781,-275.5228767123288,5780.120104077818,0,
2015-04-27,8700.0,8605.0,19983.3203125,17403.48,2,0.0,0.0,0.0,0.0,2.640438356164168,34420.0,100111955.72550452,100111374.08218946,-581.6433150684927,2908.523360900333,0,
2015-04-28,8700.0,8695.0,20058.94921875,17403.48,2,0.0,0.0,0.0,0.0,4.002082191781028,52170.0,100111955.72550452,100111716.60010725,-239.1253972602731,1918.9518228887723,0,
2015-04-30,8450.0,8225.0,19520.009765625,25355.07,3,0.0,0.0,0.0,0.0,5.678630136986158,74025.0,100111955.72550452,100108210.85147712,-3744.874027397259,1352.3567828635883,0,
2015-05-01,8225.0,8235.0,19531.630859375,164532.90000000002,20,0.0,0.0,0.0,0.0,18.320054794520274,238815.0,100111955.72550452,100108449.63142233,-3506.094082191803,419.18828227465747,0,
2015-05-07,8075.0,8020.0,19291.990234375,161532.3,20,0.0,0.0,0.0,0.0,30.14641095890397,392980.0,100111955.72550452,100101052.18501137,-10903.540493150696,254.72301945394517,0,
2015-05-08,8085.0,8115.0,19379.189453125,185992.191,23,0.0,0.0,0.0,0.0,44.821479452054746,584280.0,100111955.72550452,100106315.17253192,-5640.552972602742,171.3327773884643,0,
2015-05-11,8315.0,8290.0,19620.91015625,166333.26,20,0.0,0.0,0.0,0.0,58.50695890410907,762680.0,100111955.72550452,100118323.40557301,6367.680068493139,131.27173048404705,0,
2015-05-12,8260.0,8295.0,19624.83984375,90878.172,11,355108.964,7518.054315068492,5990.761580962328,1527.292734106164,38.179726027397464,497700.0,100117946.48708548,100116008.72511287,-1937.761972602777,201.15734121983698,0,
2015-05-13,8240.0,8420.0,19764.720703125,57691.53599999999,7,0.0,0.0,0.0,0.0,43.27649315068493,564140.0,100117946.48708548,100124713.91261972,6767.425534246545,177.48203267383934,0,
2015-05-14,8325.0,8250.0,19570.240234375,33306.659999999996,4,316286.73000000004,3089.7424383561747,2462.061262004118,627.6811763520568,20.884931506849625,272250.0,100120408.54834749,100115155.41651188,-5253.131835616443,367.73243495504823,0,
2015-05-15,8355.0,8355.0,19732.919921875,66853.368,8,0.0,0.0,0.0,0.0,26.278191780822,342555.0,100120408.54834749,100118580.77032009,-1827.778027397267,292.2700902638119,0,
2015-05-18,8395.0,8505.0,19890.26953125,33586.716,4,0.0,0.0,0.0,0.0,29.3597260273973,382725.0,100120408.54834749,100125134.69459407,4726.146246575335,261.6111691020813,0,
2015-05-19,8585.0,8655.0,20026.380859375,17173.434,2,274665.056,8076.827287671193,6436.019824180789,1640.8074634904028,9.959178082191556,129825.0,100126844.56817167,100128075.54995249,1230.9817808219177,771.2541925665511,0,
2015-05-20,8750.0,8790.0,20196.560546875,8751.75,1,61237.75,2269.672,1808.5881332,461.0838668,6.068712328767106,79110.0,100128653.15630487,100129379.39737336,726.2410684931505,1265.698134210256,0,
2015-05-21,8800.0,8760.0,20202.869140625,0.0,0,17596.48,420.36950684931355,334.9714415328755,85.39806531643805,4.704000000000178,61320.0,100128988.1277464,100129095.77530804,107.64756164383645,1632.894582115265,0,
2015-05-22,8795.0,8850.0,20264.41015625,0.0,0,0.0,0.0,0.0,0.0,4.752328767123117,61950.0,100128988.1277464,100129721.02297927,732.8952328767132,1616.29896727973,0,
2015-05-25,8900.0,8965.0,20413.76953125,0.0,0,35592.88,745.7956164383544,594.2872369589027,151.5083794794517,2.0631780821918255,26895.0,100129582.41498336,100130105.33142172,522.9164383561643,3723.000755955446,0,
2015-05-26,8975.0,9005.0,20437.48046875,0.0,0,17946.41,428.4838630136985,341.4373662424656,87.04649677123285,0.6907945205480246,9005.0,100129923.8523496,100130074.00413042,150.15178082191778,11119.386341380392,0,
2015-05-27,8930.0,9015.0,20472.580078125,0.0,0,8928.214,73.36578082191772,58.46152244794514,14.904258373972585,0.0,0.0,100129982.31387205,100129982.31387205,0.0,inf,0,
2015-05-28,9145.0,9085.0,20551.4609375,0.0,0,0.0,0.0,0.0,0.0,0.0,0.0,100129982.31387205,100129982.31387205,0.0,inf,0,
2015-05-29,9035.0,9115.0,20563.150390625,0.0,0,0.0,0.0,0.0,0.0,0.0,0.0,100129982.31387205,100129982.31387205,0.0,inf,0,
2015-06-01,9005.0,9080.0,20569.869140625,0.0,0,0.0,0.0,0.0,0.0,0.0,0.0,100129982.31387205,100129982.31387205,0.0,inf,0,
2015-06-02,9140.0,9075.0,20543.189453125,9141.828,1,0.0,0.0,0.0,0.0,0.6961643835616087,9075.0,100129982.31387205,100129914.78970768,-67.52416438356116,11033.599425863105,0,
2015-06-03,8995.0,9015.0,20473.509765625,17993.597999999998,2,0.0,0.0,0.0,0.0,2.0746849315069085,27045.0,100129982.31387205,100129889.11702274,-93.19684931506615,3702.343838677121,0,
2015-06-04,9090.0,9020.0,20488.189453125,27275.453999999998,3,0.0,0.0,0.0,0.0,4.151671232876652,54120.0,100129982.31387205,100129684.51135151,-297.80252054794073,1850.14199023192,0,
2015-06-05,8975.0,9005.0,20460.900390625,44883.975,5,0.0,0.0,0.0,0.0,7.598739726027361,99055.0,100129982.31387205,100129727.93761177,-254.3762602739667,1010.8498100813869,0,
2015-06-08,9085.0,8995.0,20457.189453125,45434.08499999999,5,0.0,0.0,0.0,0.0,11.040438356164486,143920.0,100129982.31387205,100129147.81217343,-834.501698630123,695.7278197065968,0,
2015-06-09,8885.0,8695.0,20096.30078125,53320.662,6,0.0,0.0,0.0,0.0,14.674301369863088,191290.0,100129982.31387205,100123182.47587205,-6799.8379999999825,523.4104369066447,0,
2015-06-10,8710.0,8655.0,20046.359375,139387.872,16,0.0,0.0,0.0,0.0,25.22991780821917,328890.0,100129982.31387205,100121369.37395425,-8612.939917808204,304.4220541030565,0,
2015-06-11,8765.0,8920.0,20382.970703125,149034.801,17,0.0,0.0,0.0,0.0,37.63506849315104,490600.0,100129982.31387205,100134006.93788575,4024.624013698638,204.1051914755111,0,
2015-06-12,8960.0,8935.0,20407.080078125,44808.96,5,295620.86400000006,7164.986835616459,5709.419759960976,1455.5670756554837,18.506465753424663,241245.0,100135691.73363201,100133989.76834434,-1701.9652876712146,415.07177254800865,0,
2015-06-15,8785.0,8920.0,20387.7890625,52720.542,6,0.0,0.0,0.0,0.0,22.581041095890896,294360.0,100135691.73363201,100134361.64530325,-1330.0883287671063,340.17652413814125,0,
2015-06-16,8870.0,8805.0,20257.939453125,62102.418,7,53209.356,484.70835616438205,386.23985360958784,98.46850255479421,22.965369863013166,299370.0,100136077.97348562,100130357.14943083,-5720.8240547945,334.4702446785945,0,
2015-06-17,8850.0,8775.0,20219.26953125,61962.39,7,0.0,0.0,0.0,0.0,27.599178082191656,359775.0,100136077.97348562,100128772.16025274,-7305.8132328766915,278.3094216114314,0,
2015-06-18,8755.0,8585.0,19990.8203125,70054.008,8,0.0,0.0,0.0,0.0,32.27019178082173,420665.0,100136077.97348562,100119575.88206096,-16502.091424657516,238.00310432781657,0,
2015-06-19,8705.0,8730.0,20174.240234375,165428.079,19,0.0,0.0,0.0,0.0,45.53950684931556,593640.0,100136077.97348562,100127077.26355411,-9000.709931506828,168.66632515254045,0,
2015-06-22,8725.0,8945.0,20428.189453125,104720.93999999999,12,0.0,0.0,0.0,0.0,54.895342465753174,715600.0,100136077.97348562,100144261.42821164,8183.454726027431,139.94446817804868,0,
2015-06-23,9050.0,9265.0,20809.419921875,36207.24,4,352879.41000000003,12626.271054794552,10061.244090013039,2565.026964781513,31.98328767123303,416925.0,100146139.21757562,100159661.58795919,13522.370383561667,240.23424258070202,0,
2015-06-24,9345.0,9340.0,20868.029296875,0.0,0,411097.76399999997,16847.88161643835,13425.2344660589,3422.6471503794505,0.7164931506849825,9340.0,100159564.45204169,100159750.98831566,186.53627397260323,10723.742075836793,0,
2015-06-25,9265.0,9265.0,20771.400390625,0.0,0,9263.147,109.68327397260407,87.40111686506955,22.282157107534516,0.0,0.0,100159651.85315855,100159651.85315855,0.0,inf,0,
2015-06-26,9270.0,9220.0,20706.150390625,0.0,0,0.0,0.0,0.0,0.0,0.0,0.0,100159651.85315855,100159651.85315855,0.0,inf,0,
2015-06-29,8800.0,8685.0,20109.94921875,8801.76,1,0.0,0.0,0.0,0.0,0.666246575342484,8685.0,100159651.85315855,100159534.42691198,-117.42624657534269,11532.473739425674,0,
2015-06-30,8730.0,8790.0,20235.73046875,157171.42799999999,18,0.0,0.0,0.0,0.0,12.811726027397299,167010.0,100159651.85315855,100160675.18718594,1023.3340273972748,599.7286101861322,0,
2015-07-01,8820.0,8880.0,20329.3203125,141148.224,16,0.0,0.0,0.0,0.0,23.842191780822077,310800.0,100159651.85315855,100163293.12099417,3641.2678356164656,322.27571789251664,0,
2015-07-02,9045.0,9020.0,20522.5,108561.70799999998,12,162777.43800000002,5581.610876712367,4447.706627108249,1133.9042496041172,20.06641095890427,261580.0,100164099.55978566,100167134.8803336,3035.3205479452336,382.93116782756175,0,
2015-07-03,8975.0,9050.0,20539.7890625,44883.975,5,152544.485,2569.81689041097,2047.7585891239812,522.0583012869886,11.802191780821886,153850.0,100166147.31837478,100166531.52984053,384.2114657534419,651.0661782895062,0,
2015-07-06,8760.0,8680.0,20112.119140625,43808.76,5,0.0,0.0,0.0,0.0,14.648986301369632,190960.0,100166147.31837478,100159818.12085423,-6329.19752054793,524.5067978679002,0,
2015-07-07,8875.0,8890.0,20376.58984375,97644.525,11,0.0,0.0,0.0,0.0,22.505095890410985,293370.0,100166147.31837478,100164561.09075834,-1586.2276164383352,341.4274162005602,0,
2015-07-08,8825.0,8365.0,19737.640625,35307.06,4,0.0,0.0,0.0,0.0,23.742849315067815,309505.0,100166147.31837478,100145365.28790903,-20782.0304657534,323.5662276470785,0,
2015-07-09,8030.0,8410.0,19855.5,176695.332,22,0.0,0.0,0.0,0.0,38.06389041095872,496190.0,100166147.31837478,100155316.89201862,-10830.426356164353,201.84872103834945,0,
2015-07-10,8395.0,8390.0,19779.830078125,167933.58000000002,20,184653.062,7943.536684931517,6329.807207387679,1613.7294775438377,36.686136986301335,478230.0,100172477.12558217,100152425.9584041,-20051.167178082185,209.42313522448214,0,
2015-07-13,8500.0,8635.0,20089.76953125,170033.99999999997,20,0.0,0.0,0.0,0.0,51.005643835616866,664895.0,100172477.12558217,100169005.95276025,-3471.1728219177717,150.6538715928985,0,
2015-07-14,8850.0,8870.0,20385.330078125,44258.850000000006,5,176964.59999999998,9004.899452054755,7175.554128369831,1829.3453236849234,42.18717808219162,549940.0,100179652.67971054,100184885.17025848,5232.490547945252,182.17421022340343,0,
2015-07-15,8940.0,8950.0,20463.330078125,17883.576,2,178764.24,8703.38301369865,6935.29075446577,1768.092259232881,30.209315068493197,393800.0,100186587.970465,100187827.53268418,1239.562219178099,254.41296986461194,0,
2015-07-16,9050.0,9070.0,20600.119140625,0.0,0,45240.950000000004,1405.651369863016,1120.0932940753444,285.5580757876717,27.13545205479477,353730.0,100187708.06375909,100192685.78915635,4977.725397260293,283.2462210984546,0,
2015-07-17,9105.0,9110.0,20650.919921875,0.0,0,182063.58000000002,4765.494260273976,3797.384101299318,968.1101589746582,13.278136986300979,173090.0,100191505.44786039,100193127.9808604,1622.5330000000165,578.8498930086105,0,
2015-07-21,9200.0,9285.0,20841.970703125,0.0,0,0.0,0.0,0.0,0.0,13.533205479452135,176415.0,100191505.44786039,100196439.44765492,4933.999794520564,567.9587305368303,0,
2015-07-22,9115.0,9065.0,20593.669921875,0.0,0,173150.36299999998,1669.3627945205549,1330.231742813704,339.1310517068507,0.0,0.0,100192835.6796032,100192835.6796032,0.0,inf,0,
2015-07-23,9140.0,9130.0,20683.94921875,9141.828,1,0.0,0.0,0.0,0.0,0.7003835616437755,9130.0,100192835.6796032,100192823.15121964,-12.528383561643356,10974.022250955053,0,
2015-07-24,9065.0,9020.0,20544.529296875,9066.813,1,0.0,0.0,0.0,0.0,1.3838904109588839,18040.0,100192835.6796032,100192664.95432924,-170.72527397260237,5553.917126071466,0,
2015-07-27,8885.0,8850.0,20350.099609375,26660.331,3,0.0,0.0,0.0,0.0,3.3945205479449214,44250.0,100192835.6796032,100192211.22880869,-624.450794520546,2264.2307622329645,0,
2015-07-28,8685.0,8845.0,20328.890625,69493.896,8,0.0,0.0,0.0,0.0,8.820767123287169,114985.0,100192835.6796032,100193443.51204155,607.8324383561732,871.3609906687094,0,
2015-07-29,8830.0,8790.0,20302.91015625,105981.192,12,70625.872,1126.547835616448,897.6896428109667,228.85819280548142,11.463123287670896,149430.0,100193733.369246,100192292.87072545,-1440.4985205479386,670.4965058604394,0,
2015-07-30,8930.0,9000.0,20522.830078125,89317.86,10,0.0,0.0,0.0,0.0,18.641095890410725,243000.0,100193733.369246,100196526.36962956,2793.00038356165,412.3313842371587,0,
2015-07-31,8975.0,9035.0,20585.240234375,35907.18,4,107678.45999999999,1680.891452054791,1339.4183535698603,341.4730984849308,13.168821917808145,171665.0,100195072.78759958,100196608.00770916,1535.2201095890423,583.6752279597423,0,
2015-08-03,9000.0,9010.0,20548.109375,18003.6,2,0.0,0.0,0.0,0.0,14.514739726027983,189210.0,100195072.78759958,100196134.89296944,1062.1053698630164,529.5498910891044,0,
2015-08-04,8925.0,8970.0,20520.359375,17853.57,2,0.0,0.0,0.0,0.0,15.826520547945165,206310.0,100195072.78759958,100195365.49644889,292.70884931507146,485.6544302091459,0,
2015-08-05,8960.0,9080.0,20614.060546875,17923.584,2,0.0,0.0,0.0,0.0,17.413698630137333,227000.0,100195072.78759958,100198114.49875027,3041.711150684935,441.4013854570496,0,
2015-08-06,9205.0,9115.0,20664.439453125,9206.841,1,138047.385,4161.788054794517,3316.3208114630106,845.4672433315061,7.691561643835939,100265.0,100198389.10841104,100199366.88394529,977.7755342465775,999.3454035201245,0,
2015-08-07,9080.0,9180.0,20724.560546875,36327.263999999996,4,54469.10400000001,621.6757808219252,495.3823459479511,126.29343487397412,6.337972602739228,82620.0,100198884.49075699,100199731.0925378,846.6017808219237,1212.7781541096322,0,
2015-08-10,9075.0,9230.0,20808.689453125,27230.445,3,18146.37,135.81142465753467,108.2213337383565,27.59009091917817,7.080547945205581,92300.0,100198992.71209073,100200292.34689894,1299.6348082191828,1085.5936332275076,0,
2015-08-11,9330.0,9160.0,20720.75,18663.732,2,74625.072,1984.4822191780886,1581.33465635206,403.1475628260288,2.810739726027805,36640.0,100200574.04674707,100200187.72859639,-386.3181506849313,2734.721280802303,0,
2015-08-12,9095.0,8870.0,20392.76953125,36387.276,4,0.0,0.0,0.0,0.0,5.443506849314872,70960.0,100200574.04674707,100198115.00908954,-2459.0376575342443,1412.0365700266284,0,
2015-08-13,8895.0,9050.0,20595.55078125,124554.906,14,0.0,0.0,0.0,0.0,15.273424657534179,199100.0,100200574.04674707,100201684.82966489,1110.7829178082186,503.273153338347,0,
2015-08-14,8975.0,8990.0,20519.44921875,62837.565,7,125624.87,1060.244547945198,844.8558680301311,215.38867991506697,10.344657534246835,134850.0,100201418.90261512,100199996.40132745,-1422.501287671233,743.0478042367627,0,
2015-08-17,9050.0,9065.0,20620.259765625,90518.09999999999,10,0.0,0.0,0.0,0.0,17.38493150684917,226625.0,100201418.90261512,100201235.91639593,-182.98621917807367,442.1455528577868,0,
2015-08-18,9085.0,9005.0,20554.470703125,72694.536,8,0.0,0.0,0.0,0.0,22.796219178082538,297165.0,100201418.90261512,100199058.58417676,-2360.3184383561484,337.18324359926896,0,
2015-08-19,8945.0,8725.0,20222.630859375,653115.5970000001,73,0.0,0.0,0.0,0.0,70.94739726027456,924850.0,100201418.90261512,100173557.0397795,-27861.86283561649,108.3133016594902,1,
2015-08-20,8700.0,8570.0,20033.51953125,652630.5,75,0.0,0.0,0.0,0.0,118.9938630136985,1551170.0,100201418.90261512,100147127.54591648,-54291.35669863019,64.56231589440003,1,
2015-08-21,8260.0,8070.0,19435.830078125,652670.508,79,0.0,0.0,0.0,0.0,160.95780821917833,2098200.0,100201418.90261512,100041326.08010827,-160092.8225068494,47.67959492903835,1,
2015-08-24,7745.0,7350.0,18540.6796875,650710.116,84,0.0,0.0,0.0,0.0,193.95945205479393,2528400.0,100201418.90261512,99820622.00465621,-380796.8979589043,39.47975874254715,1,
2015-08-25,6900.0,6750.0,17806.69921875,648729.72,94,0.0,0.0,0.0,0.0,226.8000000000011,2956500.0,100201418.90261512,99599765.48465621,-601653.417958904,33.68840368160197,1,
2015-08-26,6735.0,7145.0,18376.830078125,94308.858,14,0.0,0.0,0.0,0.0,247.7455342465746,3229540.0,100201418.90261512,99778248.88112196,-423170.02149315085,30.895498702949016,2,
2015-08-27,7430.0,7280.0,18574.439453125,96609.318,13,103999.196,9682.664465753429,7715.63117953562,1967.033286217809,251.86805479452005,3283280.0,100209134.53379464,99837159.85778095,-371974.6760136987,30.407750742483415,2,
2015-08-28,7625.0,7740.0,19136.3203125,99144.825,13,716606.65,67724.23794520553,53966.05900663703,13758.178938568504,219.68876712328756,2863800.0,100263100.59280129,100021163.81507526,-241936.7777260275,34.92602968610771,2,
2015-08-31,7630.0,7520.0,18890.48046875,99209.838,13,0.0,0.0,0.0,0.0,220.94378082191815,2880160.0,100263100.59280129,99938093.03329444,-325007.55950684944,34.69879903661409,2,
2015-09-01,7410.0,6980.0,18165.689453125,96349.266,13,0.0,0.0,0.0,0.0,212.0390136986316,2764080.0,100263100.59280129,99725451.72828074,-537648.864520548,36.0790757605716,2,
2015-09-02,6750.0,6920.0,18095.400390625,0.0,0,0.0,0.0,0.0,0.0,210.21632876712556,2740320.0,100263100.59280129,99701481.51195197,-561619.0808493153,36.38315288431715,3,
2015-09-03,7150.0,6985.0,18182.390625,0.0,0,0.0,0.0,0.0,0.0,212.19090410958597,2766060.0,100263100.59280129,99727009.32104786,-536091.2717534248,36.05381275932115,3,
2015-09-04,7060.0,6670.0,17792.16015625,0.0,0,0.0,0.0,0.0,0.0,202.621808219179,2641320.0,100263100.59280129,99602066.69923964,-661033.8935616439,37.7092009674101,3,
2015-09-07,6610.0,6735.0,17860.470703125,0.0,0,0.0,0.0,0.0,0.0,204.59638356164214,2667060.0,100263100.59280129,99627602.10285608,-635498.4899452057,37.354840949530974,3,
2015-09-08,6780.0,6410.0,17427.080078125,0.0,0,0.0,0.0,0.0,0.0,194.72350684931553,2538360.0,100263100.59280129,99498707.37934923,-764393.213452055,39.198028403910094,3,
2015-09-09,6850.0,7325.0,18770.509765625,6851.37,1,0.0,0.0,0.0,0.0,223.0813698630136,2908025.0,100263100.59280129,99861297.92797936,-401802.6648219179,34.33990351801631,3,
2015-09-10,6915.0,7020.0,18299.619140625,0.0,0,0.0,0.0,0.0,0.0,213.79265753424625,2786940.0,100263100.59280129,99739999.13532184,-523101.4574794522,35.78835537733924,3,
2015-09-11,6870.0,6985.0,18264.220703125,0.0,0,0.0,0.0,0.0,0.0,212.72673972602388,2773045.0,100263100.59280129,99725891.4085821,-537209.1842191782,35.96259397470366,3,
2015-09-14,7045.0,6760.0,17965.69921875,0.0,0,0.0,0.0,0.0,0.0,205.87441095890154,2683720.0,100263100.59280129,99636360.53417115,-626740.058630137,37.126213067745944,3,
2015-09-15,6835.0,6800.0,18026.48046875,0.0,0,0.0,0.0,0.0,0.0,207.0926027397254,2699600.0,100263100.59280129,99652033.4415684,-611067.1512328769,36.913629219724555,3,
2015-09-16,6960.0,6920.0,18171.599609375,0.0,0,0.0,0.0,0.0,0.0,210.7471780821943,2747240.0,100263100.59280129,99699462.69439033,-563637.8984109589,36.29077280994392,3,
2015-09-17,7065.0,7115.0,18432.26953125,0.0,0,0.0,0.0,0.0,0.0,216.6858630136976,2824655.0,100263100.59280129,99776661.00852731,-486439.58427397284,35.323485880055195,3,
2015-09-18,6990.0,6865.0,18070.2109375,0.0,0,0.0,0.0,0.0,0.0,209.07216438356227,2725405.0,100263100.59280129,99677201.93636294,-585898.6564383563,36.57335402861701,3,
2015-09-24,6630.0,6480.0,17571.830078125,0.0,0,0.0,0.0,0.0,0.0,197.34706849315353,2572560.0,100263100.59280129,99524159.58929443,-738941.0035068495,38.68681764051934,3,
2015-09-25,6495.0,6650.0,17880.509765625,0.0,0,0.0,0.0,0.0,0.0,202.52438356164657,2640050.0,100263100.59280129,99591447.06491087,-671653.5278904111,37.72331852234271,3,
2015-09-28,6690.0,6615.0,17645.109375,0.0,0,0.0,0.0,0.0,0.0,201.4584657534242,2626155.0,100263100.59280129,99577350.60644512,-685749.9863561644,37.91754508261893,3,
2015-09-29,6345.0,6055.0,16930.83984375,0.0,0,0.0,0.0,0.0,0.0,184.40378082191728,2403835.0,100263100.59280129,99354846.2026643,-908254.3901369866,41.33180779989654,3,
2015-09-30,6250.0,6335.0,17388.150390625,0.0,0,0.0,0.0,0.0,0.0,192.93112328767256,2514995.0,100263100.59280129,99465813.27154101,-797287.321260274,39.54910974834583,3,
2015-10-01,6450.0,6640.0,17722.419921875,0.0,0,0.0,0.0,0.0,0.0,202.21983561643538,2636080.0,100263100.59280129,99586696.05170539,-676404.5410958905,37.77832844667286,3,
2015-10-02,6495.0,6615.0,17725.130859375,0.0,0,0.0,0.0,0.0,0.0,201.45846575342512,2626155.0,100263100.59280129,99576569.59323965,-686530.999561644,37.917247684633864,3,
2015-10-05,6765.0,6825.0,18005.490234375,0.0,0,0.0,0.0,0.0,0.0,207.8539726027393,2709525.0,100263100.59280129,99659731.73926704,-603368.8535342468,36.78125565893175,3,
2015-10-06,7075.0,6920.0,18186.099609375,0.0,0,0.0,0.0,0.0,0.0,210.7471780821943,2747240.0,100263100.59280129,99697235.99208896,-565864.6007123289,36.28996228654539,3,
2015-10-07,6950.0,7090.0,18322.98046875,0.0,0,0.0,0.0,0.0,0.0,215.92449315068916,2814730.0,100263100.59280129,99764510.06759581,-498590.5252054796,35.44372286776913,3,
2015-10-08,7065.0,6915.0,18141.169921875,0.0,0,0.0,0.0,0.0,0.0,210.59490410959006,2745255.0,100263100.59280129,99694824.4726917,-568276.1201095892,36.31532388528268,3,
2015-10-09,6975.0,7160.0,18438.669921875,0.0,0,0.0,0.0,0.0,0.0,218.05632876712298,2842520.0,100263100.59280129,99791871.41636293,-471229.1764383562,35.106831760678176,3,
2015-10-13,7090.0,7035.0,18234.740234375,0.0,0,0.0,0.0,0.0,0.0,214.24947945205713,2792895.0,100263100.59280129,99742032.16688348,-521068.4259178084,35.712775513180226,3,
2015-10-14,6915.0,6750.0,17891.0,0.0,0,0.0,0.0,0.0,0.0,205.5698630136976,2679750.0,100263100.59280129,99628681.59702046,-634418.9957808221,37.17834932251906,3,
2015-10-15,6665.0,6885.0,18096.900390625,0.0,0,0.0,0.0,0.0,0.0,209.6812602739774,2733345.0,100263100.59280129,99682066.91576019,-581033.6770410961,36.468893211709535,3,
2015-10-16,7035.0,7025.0,18291.80078125,0.0,0,0.0,0.0,0.0,0.0,213.94493150684866,2788925.0,100263100.59280129,99737432.97082868,-525667.6219726028,35.76196311153175,3,
2015-10-19,7050.0,6930.0,18131.23046875,0.0,0,0.0,0.0,0.0,0.0,211.05172602740276,2751210.0,100263100.59280129,99699506.91910265,-563593.6736986304,36.238421247052266,3,
2015-10-20,7015.0,6990.0,18207.150390625,0.0,0,0.0,0.0,0.0,0.0,212.87901369862993,2775030.0,100263100.59280129,99723114.04008895,-539986.5527123288,35.93586881586467,3,
2015-10-21,6950.0,7230.0,18554.279296875,0.0,0,0.0,0.0,0.0,0.0,220.18816438356043,2870310.0,100263100.59280129,99818173.85192457,-444926.7408767124,34.776095213382725,3,
2015-10-22,7145.0,7160.0,18435.869140625,0.0,0,0.0,0.0,0.0,0.0,218.05632876712298,2842520.0,100263100.59280129,99790165.79559581,-472934.7972054796,35.106231722413845,3,
2015-10-23,7460.0,7460.0,18825.30078125,0.0,0,0.0,0.0,0.0,0.0,227.19276712328792,2961620.0,100263100.59280129,99909038.60282868,-354061.9899726029,33.734590731703825,3,
2015-10-26,7625.0,7545.0,18947.119140625,0.0,0,7623.475,756.7966712328772,603.0534274719182,153.743243760959,229.20263013698968,2987820.0,100263703.64622876,99942479.13195479,-321224.5142739728,33.449966574945876,3,
2015-10-27,7555.0,7420.0,18777.0390625,0.0,0,0.0,0.0,0.0,0.0,225.40536986301777,2938320.0,100263703.64622876,99892753.72658493,-370949.9196438357,33.996553720011754,3,
2015-10-28,7465.0,7505.0,18903.01953125,0.0,0,0.0,0.0,0.0,0.0,227.98750684931656,2971980.0,100263703.64622876,99926185.73907807,-337517.9071506851,33.622765206723486,3,
2015-10-29,7650.0,7525.0,18935.7109375,0.0,0,0.0,0.0,0.0,0.0,228.59506849314675,2979900.0,100263703.64622876,99933877.14400958,-329826.5022191782,33.53598347058947,3,
2015-10-30,7520.0,7665.0,19083.099609375,0.0,0,0.0,0.0,0.0,0.0,232.84799999999996,3035340.0,100263703.64622876,99989084.29600959,-274619.3502191782,32.941642219985106,3,
2015-11-02,7465.0,7410.0,18683.240234375,0.0,0,0.0,0.0,0.0,0.0,225.10158904109267,2934360.0,100263703.64622876,99887879.19442055,-375824.4518082193,34.0407718188704,3,
2015-11-04,7585.0,7550.0,18926.91015625,0.0,0,0.0,0.0,0.0,0.0,229.35452054794587,2989800.0,100263703.64622876,99943089.83989999,-320613.8063287672,33.428018543012904,3,
2015-11-05,7605.0,7685.0,19116.41015625,0.0,0,0.0,0.0,0.0,0.0,233.4555616438356,3043260.0,100263703.64622876,99996316.38433835,-267387.2618904111,32.858288935003365,3,
2015-11-06,7740.0,7800.0,19265.599609375,0.0,0,0.0,0.0,0.0,0.0,236.94904109589334,3088800.0,100263703.64622876,100041619.43529725,-222084.21093150694,32.388506680684166,3,
2015-11-09,7945.0,8100.0,19642.740234375,0.0,0,206528.686,12932.593397260258,10305.337048606838,2627.256348653422,229.90684931506985,2997000.0,100274008.98327737,100153490.95809928,-120518.0251780823,33.41791490093403,3,
2015-11-10,7960.0,8125.0,19671.259765625,0.0,0,875424.88,23384.837876712292,18634.20806205819,4750.629814654103,162.05479452054897,2112500.0,100292643.19133942,100139503.1534901,-153140.03784931515,47.40331510224383,3,
2015-11-11,8080.0,8150.0,19691.390625,0.0,0,0.0,0.0,0.0,0.0,162.55342465753347,2119000.0,100292643.19133942,100145840.60006544,-146802.59127397268,47.26089693254622,4,
2015-11-12,8095.0,8145.0,19697.76953125,0.0,0,0.0,0.0,0.0,0.0,162.4536986301373,2117700.0,100292643.19133942,100144378.14636682,-148265.0449726028,47.28921856087587,4,
2015-11-13,8000.0,8055.0,19596.91015625,0.0,0,0.0,0.0,0.0,0.0,160.65863013698436,2094300.0,100292643.19133942,100120817.48773667,-171825.70360273978,47.80633982129431,4,
2015-11-16,7790.0,7885.0,19393.689453125,0.0,0,0.0,0.0,0.0,0.0,157.26794520547992,2050100.0,100292643.19133942,100076460.21979147,-216182.9715479453,48.815404233838095,4,
2015-11-17,8110.0,8110.0,19630.630859375,0.0,0,0.0,0.0,0.0,0.0,161.755616438355,2108600.0,100292643.19133942,100134798.46417503,-157844.72716438363,47.48875958653848,4,
2015-11-18,8215.0,8115.0,19649.1796875,0.0,0,0.0,0.0,0.0,0.0,161.85534246575298,2109900.0,100292643.19133942,100135936.60883257,-156706.58250684937,47.46003915296107,4,
2015-11-19,8280.0,8280.0,19859.810546875,0.0,0,0.0,0.0,0.0,0.0,165.14630136986307,2152800.0,100292643.19133942,100178671.4625312,-113971.72880821927,46.53412832707692,4,
2015-11-20,8230.0,8265.0,19879.810546875,0.0,0,0.0,0.0,0.0,0.0,164.8471232876691,2148900.0,100292643.19133942,100174606.61540791,-118036.57593150693,46.61669068612216,4,
2015-11-24,8300.0,8335.0,19924.890625,0.0,0,0.0,0.0,0.0,0.0,166.2432876712337,2167100.0,100292643.19133942,100192640.37212025,-100002.81921917817,46.23351039274618,4,
2015-11-25,8285.0,8265.0,19847.580078125,0.0,0,0.0,0.0,0.0,0.0,164.8471232876691,2148900.0,100292643.19133942,100174275.52499695,-118367.66634246583,46.61653661175343,4,
2015-11-26,8325.0,8345.0,19944.41015625,0.0,0,0.0,0.0,0.0,0.0,166.44273972602423,2169700.0,100292643.19133942,100194909.08225723,-97734.10908219186,46.17915337708311,4,
2015-11-27,8385.0,8290.0,19883.939453125,0.0,0,0.0,0.0,0.0,0.0,165.34575342466087,2155400.0,100292643.19133942,100180443.7365038,-112199.45483561653,46.47881773058541,4,
2015-11-30,8285.0,8190.0,19747.470703125,0.0,0,0.0,0.0,0.0,0.0,163.35123287671195,2129400.0,100292643.19133942,100154280.38527092,-138362.80606849326,47.034037938044015,4,
2015-12-01,8245.0,8365.0,20012.400390625,0.0,0,0.0,0.0,0.0,0.0,166.8416438356162,2174900.0,100292643.19133942,100199613.54362708,-93029.64771232884,46.070906038726875,4,
2015-12-02,8345.0,8355.0,19938.130859375,0.0,0,0.0,0.0,0.0,0.0,166.6421917808202,2172300.0,100292643.19133942,100196846.90143532,-95796.28990410967,46.1247741570848,4,
2015-12-03,8310.0,8330.0,19939.900390625,0.0,0,0.0,0.0,0.0,0.0,166.14356164383935,2165800.0,100292643.19133942,100190180.75787367,-102462.4334657535,46.26012593862484,4,
2015-12-04,8075.0,8015.0,19504.48046875,0.0,0,0.0,0.0,0.0,0.0,159.86082191780588,2083900.0,100292643.19133942,100108120.89705175,-184522.2942876713,48.03883146842543,4,
2015-12-07,8165.0,8140.0,19698.150390625,122499.495,15,0.0,0.0,0.0,0.0,171.72054794519863,2238500.0,100292643.19133942,100140049.6815038,-152593.5098356165,44.73533602032781,4,
2015-12-08,8140.0,7995.0,19492.599609375,0.0,0,0.0,0.0,0.0,0.0,168.6616438356141,2198625.0,100292643.19133942,100100006.01985997,-192637.17147945214,45.52845802256409,4,
2015-12-09,7915.0,7860.0,19301.0703125,269163.822,34,0.0,0.0,0.0,0.0,186.3143013698609,2428740.0,100292643.19133942,100060770.8835586,-231872.30778082198,41.1986342233251,4,
2015-12-10,7720.0,7735.0,19046.55078125,0.0,0,0.0,0.0,0.0,0.0,183.35128767123388,2390115.0,100292643.19133942,100021962.53227092,-270680.6590684932,41.84817991279538,3,
2015-12-11,7755.0,7870.0,19230.48046875,15513.101999999999,2,0.0,0.0,0.0,0.0,187.75879452055233,2447570.0,100292643.19133942,100063716.67147641,-228926.51986301376,40.882882479960294,3,
2015-12-14,7445.0,7500.0,18883.419921875,0.0,0,0.0,0.0,0.0,0.0,178.93150684931607,2332500.0,100292643.19133942,99948467.73996955,-344175.451369863,42.85036130330956,3,
2015-12-15,7480.0,7240.0,18565.900390625,22444.488,3,0.0,0.0,0.0,0.0,174.39473972603082,2273360.0,100292643.19133942,99866708.85722983,-425934.33410958917,43.92912202960808,3,
2015-12-16,7470.0,7580.0,19049.91015625,112072.40999999999,15,0.0,0.0,0.0,0.0,191.30673972602744,2493820.0,100292643.19133942,99974905.1404901,-317738.0508493151,40.089062217998936,3,
2015-12-17,7865.0,7810.0,19353.560546875,0.0,0,0.0,0.0,0.0,0.0,197.11156164383283,2569490.0,100292643.19133942,100050378.02892846,-242265.16241095893,38.937835145857136,3,
2015-12-18,7785.0,7545.0,18986.80078125,0.0,0,140101.97400000002,5562.158958904125,4432.206366402752,1129.952592501373,180.00509589041758,2346495.0,100297075.39770582,99966175.04524007,-330900.35246575344,42.60233882673523,3,
2015-12-21,7415.0,7485.0,18916.01953125,0.0,0,0.0,0.0,0.0,0.0,178.573643835618,2327835.0,100297075.39770582,99947336.47159624,-349738.92610958917,42.9357477963843,3,
2015-12-22,7470.0,7450.0,18886.69921875,0.0,0,0.0,0.0,0.0,0.0,177.73863013698792,2316950.0,100297075.39770582,99936273.7329661,-360801.66473972605,43.132684664307,3,
2015-12-24,7595.0,7365.0,18789.689453125,0.0,0,0.0,0.0,0.0,0.0,175.71073972602971,2290515.0,100297075.39770582,99909663.02222638,-387412.3754794522,43.61886432624382,3,
2015-12-25,7385.0,7335.0,18769.060546875,0.0,0,0.0,0.0,0.0,0.0,174.99501369863356,2281185.0,100297075.39770582,99900158.02721268,-396917.3704931507,43.793097897457976,3,
2015-12-28,7420.0,7440.0,18873.349609375,0.0,0,0.0,0.0,0.0,0.0,177.50005479451647,2313840.0,100297075.39770582,99932635.52715787,-364439.87054794526,43.18908633576992,3,
2015-12-29,7425.0,7525.0,18982.23046875,0.0,0,0.0,0.0,0.0,0.0,179.52794520548196,2340275.0,100297075.39770582,99958890.99921267,-338184.3984931508,42.71245515984774,3,
2015-12-30,7600.0,7550.0,19033.7109375,0.0,0,0.0,0.0,0.0,0.0,180.1243835616442,2348050.0,100297075.39770582,99966485.87482911,-330589.5228767124,42.574257735069146,3,
2016-01-04,7405.0,7110.0,18450.98046875,0.0,0,0.0,0.0,0.0,0.0,169.62706849315146,2211210.0,100297075.39770582,99829476.24776062,-467599.14994520554,45.1469902215351,3,
2016-01-05,7075.0,7040.0,18374.0,0.0,0,0.0,0.0,0.0,0.0,167.95704109589497,2189440.0,100297075.39770582,99807538.29071952,-489537.10698630137,45.58587505970455,3,
2016-01-06,7055.0,6910.0,18191.3203125,0.0,0,0.0,0.0,0.0,0.0,164.85556164383524,2149010.0,100297075.39770582,99766943.43515788,-530131.9625479453,46.42460641651639,3,
2016-01-07,6860.0,6585.0,17767.33984375,61752.348000000005,9,0.0,0.0,0.0,0.0,161.64821917808513,2107200.0,100297075.39770582,99663219.4389387,-633855.9587671234,47.296516438372585,3,
2016-01-08,6460.0,6550.0,17697.9609375,142148.424,22,0.0,0.0,0.0,0.0,171.84328767123225,2240100.0,100297075.39770582,99653799.17165104,-643276.2260547947,44.48631720532612,3,
2016-01-12,6390.0,6190.0,17218.9609375,146999.394,23,0.0,0.0,0.0,0.0,173.32000000000335,2259350.0,100297075.39770582,99525876.45765103,-771198.9400547947,44.05066787246378,3,
2016-01-13,6355.0,6525.0,17715.630859375,146194.233,23,0.0,0.0,0.0,0.0,194.2126027397244,2531700.0,100297075.39770582,99651838.01204829,-645237.3856575345,39.36162973971967,3,
2016-01-14,6125.0,6180.0,17240.94921875,24504.899999999998,4,0.0,0.0,0.0,0.0,185.8402191780806,2422560.0,100297075.39770582,99518007.27182911,-779068.1258767121,41.07968730261753,3,
2016-01-15,6410.0,6100.0,17147.109375,115403.076,18,0.0,0.0,0.0,0.0,191.85753424657378,2501000.0,100297075.39770582,99480852.33829486,-816223.0594109589,39.77643036317268,3,
2016-01-18,5800.0,5970.0,16955.5703125,87017.4,15,0.0,0.0,0.0,0.0,194.6383561643852,2537250.0,100297075.39770582,99429890.2999387,-867185.0977671234,39.18805411368162,3,
2016-01-19,5935.0,6045.0,17048.369140625,118723.73999999999,20,0.0,0.0,0.0,0.0,206.35808219177852,2690025.0,100297075.39770582,99463735.20185651,-833340.195849315,36.97502261200417,3,
2016-01-20,6010.0,5595.0,16416.189453125,42078.414000000004,7,0.0,0.0,0.0,0.0,194.00087671233268,2528940.0,100297075.39770582,99260377.7869798,-1036697.6107260273,39.24979548228894,3,
2016-01-21,5645.0,5325.0,16017.259765625,141153.225,25,0.0,0.0,0.0,0.0,194.85123287671013,2540025.0,100297075.39770582,99130114.71074691,-1166960.686958904,39.027220090647496,3,
2016-01-22,5675.0,5930.0,16958.529296875,141903.375,25,0.0,0.0,0.0,0.0,228.36186301368434,2976860.0,100297075.39770582,99424817.97388391,-872257.4238219181,33.39922534949037,3,
2016-01-25,6080.0,6045.0,17110.91015625,0.0,0,0.0,0.0,0.0,0.0,232.79046575342,3034590.0,100297075.39770582,99482315.18341815,-814760.2142876714,32.78278620288677,3,
2016-01-26,5800.0,5755.0,16708.900390625,0.0,0,144971.0,3784.596917808213,3015.7560539554747,768.8408638527385,210.58569863012963,2745135.0,100300091.15375978,99336851.75685567,-963239.3969041095,36.186508771647176,3,
2016-01-27,5990.0,6060.0,17163.919921875,0.0,0,0.0,0.0,0.0,0.0,221.74619178082867,2890620.0,100300091.15375978,99482115.01066388,-817976.1430958905,34.415493911570486,3,
2016-01-28,5975.0,6000.0,17041.44921875,0.0,0,0.0,0.0,0.0,0.0,219.55068493150975,2862000.0,100300091.15375978,99453275.45997895,-846815.6937808221,34.74957213835743,3,
2016-01-29,6030.0,6355.0,17518.30078125,0.0,0,0.0,0.0,0.0,0.0,232.54076712329334,3031335.0,100300091.15375978,99622377.91921183,-677713.2345479451,32.86419281247762,3,
2016-02-01,6525.0,6575.0,17865.23046875,0.0,0,260947.8,31889.72335616438,25411.326056359587,6478.397299804794,220.4156164383494,2873275.0,100325502.47981614,99718566.9062956,-606935.573520548,34.70554224927847,3,
2016-02-02,6435.0,6490.0,17750.6796875,0.0,0,173710.251,12787.721547945199,10189.895915480132,2597.825632465067,204.12383561643946,2660900.0,100335692.37573162,99677100.20782751,-658592.1679041098,37.459919654187495,3,
2016-02-03,6240.0,6085.0,17191.25,0.0,0,0.0,0.0,0.0,0.0,191.38575342465265,2494850.0,100335692.37573162,99510858.82207409,-824833.5536575343,39.88650973889175,3,
2016-02-04,5975.0,5965.0,17044.990234375,0.0,0,0.0,0.0,0.0,0.0,187.61150684932,2445650.0,100335692.37573162,99461471.21056724,-874221.1651643836,40.66872660052225,3,
2016-02-05,5790.0,5820.0,16819.58984375,0.0,0,0.0,0.0,0.0,0.0,183.05095890411394,2386200.0,100335692.37573162,99401838.15960833,-933854.2161232879,41.656960087003746,3,
2016-02-08,5670.0,5945.0,17004.30078125,0.0,0,0.0,0.0,0.0,0.0,186.98246575342637,2437450.0,100335692.37573162,99452901.17714258,-882791.198589041,40.802027191180365,3,
2016-02-09,5485.0,5310.0,16085.4404296875,0.0,0,0.0,0.0,0.0,0.0,167.01041095890469,2177100.0,100335692.37573162,99192384.16673161,-1143308.2089999998,45.561703259717795,3,
2016-02-10,5345.0,5025.0,15713.3896484375,0.0,0,0.0,0.0,0.0,0.0,158.04657534246144,2060250.0,100335692.37573162,99075376.12015627,-1260316.2555753426,48.089006732268544,3,
2016-02-12,4605.0,4565.0,14952.6103515625,0.0,0,0.0,0.0,0.0,0.0,143.5786301369808,1871650.0,100335692.37573162,98886632.54152614,-1449059.8342054798,52.83393398419904,3,
2016-02-15,4940.0,5200.0,16022.580078125,0.0,0,0.0,0.0,0.0,0.0,163.55068493150247,2132000.0,100335692.37573162,99146818.99084121,-1188873.384890411,46.504136487261356,3,
2016-02-16,5095.0,5210.0,16054.4296875,0.0,0,0.0,0.0,0.0,0.0,163.86520547945474,2136100.0,100335692.37573162,99150755.12563573,-1184937.2500958901,46.416719781674885,3,
2016-02-17,5175.0,5080.0,15836.3603515625,0.0,0,0.0,0.0,0.0,0.0,159.77643835616618,2082800.0,100335692.37573162,99097295.34919737,-1238397.0265342463,47.57888196139686,3,
2016-02-18,5375.0,5300.0,16196.7998046875,0.0,0,0.0,0.0,0.0,0.0,166.69589041095605,2173000.0,100335692.37573162,99187328.65330696,-1148363.7224246575,45.64534222425539,3,
2016-02-19,5175.0,5170.0,15967.169921875,0.0,0,0.0,0.0,0.0,0.0,162.6071232876675,2119700.0,100335692.37573162,99133866.04618368,-1201826.3295479454,46.76787566456748,3,
2016-02-22,5065.0,5240.0,16111.0498046875,0.0,0,0.0,0.0,0.0,0.0,164.8087671232861,2148400.0,100335692.37573162,99162401.23741655,-1173291.138315069,46.15639603305555,3,
2016-02-23,5325.0,5210.0,16052.0498046875,0.0,0,0.0,0.0,0.0,0.0,163.86520547945474,2136100.0,100335692.37573162,99149937.37221107,-1185755.0035205483,46.41633695623382,3,
2016-02-24,5080.0,5115.0,15915.7900390625,0.0,0,0.0,0.0,0.0,0.0,160.87726027397366,2097150.0,100335692.37573162,99110826.4949508,-1224865.8807808221,47.259769923444104,3,
2016-02-25,5165.0,5295.0,16140.33984375,0.0,0,0.0,0.0,0.0,0.0,166.53863013697992,2170950.0,100335692.37573162,99184459.95632066,-1151232.419410959,45.68712312873196,3,
2016-02-26,5400.0,5310.0,16188.41015625,0.0,0,0.0,0.0,0.0,0.0,167.01041095890469,2177100.0,100335692.37573162,99190442.9459097,-1145249.4298219178,45.560811605305084,3,
2016-02-29,5410.0,5215.0,16026.759765625,0.0,0,0.0,0.0,0.0,0.0,164.02246575342724,2138150.0,100335692.37573162,99151328.92344394,-1184363.4522876716,46.372485056447836,3,
2016-03-01,5185.0,5235.0,16085.509765625,0.0,0,0.0,0.0,0.0,0.0,164.6515068493136,2146350.0,100335692.37573162,99159364.2719371,-1176328.1037945205,46.1990655167783,3,
2016-03-02,5520.0,5655.0,16746.55078125,0.0,0,0.0,0.0,0.0,0.0,177.8613698630179,2318550.0,100335692.37573162,99331386.41056724,-1004305.9651643835,42.84202903132011,3,
2016-03-03,5635.0,5810.0,16960.16015625,0.0,0,0.0,0.0,0.0,0.0,182.73643835616895,2382100.0,100335692.37573162,99394753.67412888,-940938.7016027399,41.72568476307833,3,
2016-03-04,5785.0,5845.0,17014.779296875,0.0,0,0.0,0.0,0.0,0.0,183.8372602739837,2396450.0,100335692.37573162,99408919.8368686,-926772.5388630138,41.48174167492274,3,
2016-03-07,5860.0,5775.0,16911.3203125,0.0,0,0.0,0.0,0.0,0.0,181.63561643835783,2367750.0,100335692.37573162,99380038.20125216,-955654.174479452,41.97235274047183,3,
2016-03-08,5760.0,5675.0,16783.150390625,0.0,0,0.0,0.0,0.0,0.0,178.4904109589006,2326750.0,100335692.37573162,99338859.71084121,-996832.6648904112,42.69425581211613,3,
2016-03-09,5580.0,5595.0,16642.19921875,0.0,0,0.0,0.0,0.0,0.0,175.9742465753443,2293950.0,100335692.37573162,99305883.73659463,-1029808.6391369863,43.29034361542084,3,
2016-03-10,5705.0,5725.0,16852.349609375,0.0,0,0.0,0.0,0.0,0.0,180.06301369863286,2347250.0,100335692.37573162,99359003.67358093,-976688.7021506848,42.32996215723972,3,
2016-03-11,5575.0,5790.0,16938.869140625,0.0,0,0.0,0.0,0.0,0.0,182.10739726026077,2373900.0,100335692.37573162,99385471.56618367,-950220.8095479452,41.86590486801621,3,
2016-03-14,5940.0,5990.0,17233.75,0.0,0,0.0,0.0,0.0,0.0,188.3978082191752,2455900.0,100335692.37573162,99467283.16837545,-868409.2073561645,40.50135720850827,3,
2016-03-15,5990.0,5900.0,17117.0703125,0.0,0,0.0,0.0,0.0,0.0,185.56712328766662,2419000.0,100335692.37573162,99430197.60125217,-905494.7744794522,41.103843572241495,3,
2016-03-16,5825.0,5815.0,16974.44921875,0.0,0,0.0,0.0,0.0,0.0,182.8936986301378,2384150.0,100335692.37573162,99395164.70755354,-940527.6681780822,41.68997953465744,3,
2016-03-17,5900.0,5780.0,16936.380859375,0.0,0,0.0,0.0,0.0,0.0,181.79287671233396,2369800.0,100335692.37573162,99380632.91467682,-955059.4610547947,41.9362954319676,3,
2016-03-18,5750.0,5635.0,16724.810546875,0.0,0,0.0,0.0,0.0,0.0,177.23232876712063,2310350.0,100335692.37573162,99321005.68234806,-1014686.6933835619,42.98959278133099,3,
2016-03-22,5820.0,5840.0,17048.55078125,0.0,0,0.0,0.0,0.0,0.0,183.6800000000003,2394400.0,100335692.37573162,99404872.00234805,-930820.3733835617,41.515566322397284,3,
2016-03-23,5865.0,5830.0,17000.98046875,0.0,0,0.0,0.0,0.0,0.0,183.36547945204802,2390300.0,100335692.37573162,99400588.6368686,-935103.7388630137,41.58498457803146,3,
2016-03-24,5790.0,5745.0,16892.330078125,0.0,0,0.0,0.0,0.0,0.0,180.69205479451557,2355450.0,100335692.37573162,99365557.9448138,-970134.4309178083,42.18538196302779,3,
2016-03-25,5795.0,5820.0,17002.75,0.0,0,0.0,0.0,0.0,0.0,183.05095890411394,2386200.0,100335692.37573162,99396124.8938549,-939567.4818767126,41.65456579241258,3,
2016-03-28,5900.0,5890.0,17134.369140625,0.0,0,0.0,0.0,0.0,0.0,185.2526027397289,2414900.0,100335692.37573162,99424639.64125216,-911052.7344794524,41.17132785674445,3,
2016-03-29,5875.0,5980.0,17103.529296875,0.0,0,0.0,0.0,0.0,0.0,188.08328767123385,2451800.0,100335692.37573162,99461351.55796449,-874340.8177671233,40.56666594255832,3,
2016-03-30,5950.0,5825.0,16878.9609375,0.0,0,0.0,0.0,0.0,0.0,183.20821917808644,2388250.0,100335692.37573162,99397618.34974532,-938074.0259863015,41.619436135138834,3,
2016-03-31,5920.0,5745.0,16758.669921875,0.0,0,0.0,0.0,0.0,0.0,180.69205479451557,2355450.0,100335692.37573162,99364637.65769053,-971054.7180410959,42.18499125759007,3,
2016-04-01,5720.0,5335.0,16164.16015625,0.0,0,0.0,0.0,0.0,0.0,167.79671232876717,2187350.0,100335692.37573162,99196369.86097819,-1139322.5147534246,45.350021652217606,3,
2016-04-04,5275.0,5295.0,16123.26953125,110797.155,21,0.0,0.0,0.0,0.0,175.06865753424063,2282145.0,100335692.37573162,99180192.63732065,-1155499.738410959,43.459198533537815,3,
2016-04-05,5260.0,5035.0,15732.8203125,115743.144,22,0.0,0.0,0.0,0.0,174.9696986301351,2280855.0,100335692.37573162,99062984.52362202,-1272707.852109589,43.43239027628763,3,
2016-04-06,5040.0,5045.0,15715.3603515625,131066.208,26,0.0,0.0,0.0,0.0,185.37956164382922,2416555.0,100335692.37573162,99067432.93606038,-1268259.4396712328,40.995314791536046,3,
2016-04-07,5045.0,5050.0,15749.83984375,131196.234,26,0.0,0.0,0.0,0.0,195.63561643836147,2550250.0,100335692.37573162,99069736.06644395,-1265956.3092876715,38.84706835268854,3,
2016-04-08,4900.0,5105.0,15821.51953125,127425.47999999998,26,0.0,0.0,0.0,0.0,207.94832876711735,2710755.0,100335692.37573162,99102607.63811518,-1233084.7376164384,36.55904264240596,3,
2016-04-11,5065.0,5070.0,15751.1298828125,40528.104,8,131663.662,4227.99997260277,3369.0817781685173,858.9181944342527,199.5218630137024,2600910.0,100339061.45750979,99082839.75605772,-1256221.7014520545,38.095451113670876,3,
2016-04-12,5040.0,5170.0,15928.7900390625,60492.096,12,0.0,0.0,0.0,0.0,208.21643835616123,2714250.0,100339061.45750979,99135479.44361937,-1203582.0138904112,36.52407826973174,3,
2016-04-13,5330.0,5465.0,16381.2197265625,0.0,0,0.0,0.0,0.0,0.0,220.09726027397846,2869125.0,100339061.45750979,99290134.3463591,-1048927.1111506848,34.60641636260501,3,
2016-04-14,5635.0,5810.0,16911.05078125,0.0,0,405638.856,42223.56687671236,33645.84926570824,8577.717611004115,201.90147945205172,2631930.0,100372707.3067755,99449798.58326864,-922908.7235068493,37.78588282487325,3,
2016-04-15,5700.0,5760.0,16848.029296875,0.0,0,245050.97999999998,18364.433164383558,14633.698567039039,3730.73459734452,181.1638356164476,2361600.0,100387341.00534253,99420607.66483568,-966733.3405068493,42.09883454642432,3,
2016-04-18,5410.0,5390.0,16275.9501953125,0.0,0,0.0,0.0,0.0,0.0,169.52657534246828,2209900.0,100387341.00534253,99268738.13826033,-1118602.8670821919,44.92001363783897,3,
2016-04-19,5690.0,5790.0,16874.439453125,0.0,0,0.0,0.0,0.0,0.0,182.10739726026077,2373900.0,100387341.00534253,99432556.03086308,-954784.974479452,41.88573909215345,3,
2016-04-20,5900.0,5810.0,16906.5390625,0.0,0,0.0,0.0,0.0,0.0,182.7364383561653,2382100.0,100387341.00534253,99440573.29442471,-946767.7109178082,41.74491973234739,3,
2016-04-21,6030.0,6105.0,17363.619140625,0.0,0,0.0,0.0,0.0,0.0,192.01479452056083,2503050.0,100387341.00534253,99561331.2796302,-826009.7257123288,39.77600578479463,3,
2016-04-22,6005.0,6260.0,17572.490234375,0.0,0,0.0,0.0,0.0,0.0,196.88986301369005,2566600.0,100387341.00534253,99624684.38976718,-762656.6155753427,38.815820303034045,3,
2016-04-25,6300.0,6170.0,17439.30078125,0.0,0,0.0,0.0,0.0,0.0,194.0591780821851,2529700.0,100387341.00534253,99587590.3305891,-799750.6747534247,39.36735199058746,3,
2016-04-26,6130.0,6095.0,17353.279296875,0.0,0,0.0,0.0,0.0,0.0,191.70027397260128,2498950.0,100387341.00534253,99556648.63031512,-830692.3750273974,39.83939199676469,3,
2016-04-27,6135.0,6080.0,17290.490234375,0.0,0,0.0,0.0,0.0,0.0,191.22849315070198,2492800.0,100387341.00534253,99550307.40182199,-837033.603520548,39.935136152849,3,
2016-04-28,6185.0,5615.0,16666.05078125,0.0,0,0.0,0.0,0.0,0.0,176.60328767121973,2302150.0,100387341.00534253,99359480.7985343,-1027860.2068082191,43.159429576063374,3,
2016-05-02,5180.0,5275.0,16147.3798828125,0.0,0,0.0,0.0,0.0,0.0,165.90958904108993,2162750.0,100387341.00534253,99219914.88894527,-1167426.11639726,45.87673789802116,3,
2016-05-06,5315.0,5255.0,16106.7197265625,0.0,0,0.0,0.0,0.0,0.0,165.28054794520722,2154550.0,100387341.00534253,99211549.60839732,-1175791.3969452057,46.0474575240293,3,
2016-05-09,5345.0,5325.0,16216.0302734375,0.0,0,0.0,0.0,0.0,0.0,167.4821917808149,2183250.0,100387341.00534253,99240082.12620555,-1147258.879136986,45.45520766114991,3,
2016-05-10,5365.0,5555.0,16565.189453125,0.0,0,0.0,0.0,0.0,0.0,174.7161643835716,2277550.0,100387341.00534253,99334207.41004115,-1053133.59530137,43.61450128868352,3,
2016-05-11,5665.0,5555.0,16579.009765625,0.0,0,0.0,0.0,0.0,0.0,174.7161643835716,2277550.0,100387341.00534253,99334032.69387677,-1053308.3114657535,43.61442457635476,3,
2016-05-12,5475.0,5605.0,16646.33984375,0.0,0,0.0,0.0,0.0,0.0,176.28876712327474,2298050.0,100387341.00534253,99354356.40510966,-1032984.6002328767,43.234201346841736,3,
2016-05-13,5650.0,5445.0,16412.2109375,0.0,0,0.0,0.0,0.0,0.0,171.2564383561621,2232450.0,100387341.00534253,99288585.1486713,-1098755.856671233,44.47516636371309,3,
2016-05-16,5455.0,5470.0,16466.400390625,0.0,0,0.0,0.0,0.0,0.0,172.04273972602095,2242700.0,100387341.00534253,99298663.10593157,-1088677.8994109589,44.276391450453275,3,
2016-05-17,5590.0,5595.0,16652.80078125,0.0,0,0.0,0.0,0.0,0.0,175.97424657533702,2293950.0,100387341.00534253,99349737.13168499,-1037603.8736575344,43.30946059490616,3,
2016-05-18,5570.0,5600.0,16644.689453125,0.0,0,0.0,0.0,0.0,0.0,176.13150684932043,2296000.0,100387341.00534253,99351611.00017814,-1035730.0051643837,43.2716075784748,3,
2016-05-19,5710.0,5595.0,16646.66015625,0.0,0,0.0,0.0,0.0,0.0,175.97424657533702,2293950.0,100387341.00534253,99349385.02593157,-1037955.9794109591,43.309307101694266,3,
2016-05-20,5570.0,5655.0,16736.349609375,0.0,0,0.0,0.0,0.0,0.0,177.86136986302154,2318550.0,100387341.00534253,99373807.1645617,-1013533.840780822,42.86032527422816,3,
2016-05-23,5620.0,5605.0,16654.599609375,0.0,0,0.0,0.0,0.0,0.0,176.28876712327474,2298050.0,100387341.00534253,99353130.87579459,-1034210.1295479452,43.23366805587111,3,
2016-05-24,5575.0,5490.0,16498.759765625,0.0,0,0.0,0.0,0.0,0.0,172.67178082191094,2250900.0,100387341.00534253,99305808.20401376,-1081532.8013287673,44.118267450359305,3,
2016-05-25,5685.0,5675.0,16757.349609375,0.0,0,0.0,0.0,0.0,0.0,178.49041095890425,2326750.0,100387341.00534253,99381479.7136028,-1005861.2917397261,42.712573208811776,3,
2016-05-26,5800.0,5680.0,16772.4609375,0.0,0,0.0,0.0,0.0,0.0,178.64767123288038,2328800.0,100387341.00534253,99383351.06593157,-1003989.939410959,42.675777682038635,5,
2016-05-27,5725.0,5725.0,16834.83984375,0.0,0,0.0,0.0,0.0,0.0,180.06301369862194,2347250.0,100387341.00534253,99401621.00291787,-985720.0024246576,42.34811843771131,5,
2016-05-30,5820.0,5885.0,17068.01953125,0.0,0,0.0,0.0,0.0,0.0,185.09534246574185,2412850.0,100387341.00534253,99467035.9075754,-920305.0977671233,41.223878777203474,5,
2016-05-31,5840.0,5995.0,17234.98046875,0.0,0,0.0,0.0,0.0,0.0,188.55506849315134,2457950.0,100387341.00534253,99511947.3525069,-875393.6528356166,40.48574924327464,5,
2016-06-01,5900.0,5795.0,16955.73046875,0.0,0,0.0,0.0,0.0,0.0,182.26465753425146,2375950.0,100387341.00534253,99429765.08784938,-957575.9174931507,41.848424877564504,5,
2016-06-02,5715.0,5525.0,16562.55078125,0.0,0,0.0,0.0,0.0,0.0,173.77260273972206,2265250.0,100387341.00534253,99318891.31524664,-1068449.6900958905,43.84456078368685,5,
2016-06-03,5565.0,5575.0,16642.23046875,50095.017,9,0.0,0.0,0.0,0.0,179.19424657535274,2335925.0,100387341.00534253,99339292.10400006,-1048048.9013424658,42.52674726457402,5,
2016-06-06,5380.0,5540.0,16580.029296875,43048.608,8,0.0,0.0,0.0,0.0,181.469150684934,2365580.0,100387341.00534253,99325717.02684937,-1061623.9784931508,41.98789177573761,5,
2016-06-07,5580.0,5595.0,16675.44921875,50230.044,9,0.0,0.0,0.0,0.0,187.1335890410919,2439420.0,100387341.00534253,99349139.84926033,-1038201.1560821919,40.72654149316654,5,
2016-06-08,5620.0,5695.0,16830.919921875,39347.868,7,44951.008,1895.5664657534262,1510.4821382356176,385.0843275178085,190.04136986303638,2477325.0,100388851.48748077,99392072.86356297,-996778.6239178083,40.12072411313129,5,
2016-06-09,5645.0,5595.0,16668.41015625,0.0,0,0.0,0.0,0.0,0.0,186.70438356163504,2433825.0,100388851.48748077,99348386.1591794,-1040465.3283013699,40.8198560534054,5,
2016-06-10,5595.0,5540.0,16601.359375,16788.357,3,0.0,0.0,0.0,0.0,186.14400000000023,2426520.0,100388851.48748077,99324106.6581794,-1064744.8293013698,40.932737689439776,5,
2016-06-13,5355.0,5170.0,16019.1796875,42848.568,8,0.0,0.0,0.0,0.0,176.88482191781804,2305820.0,100388851.48748077,99160381.20535749,-1228470.2821232874,43.00438941693519,5,
2016-06-14,5145.0,5065.0,15859.0,56606.318999999996,11,0.0,0.0,0.0,0.0,177.5664109588979,2314705.0,100388851.48748077,99112482.31994653,-1276369.1675342466,42.81862367772417,5,
2016-06-15,5025.0,5110.0,15919.580078125,55286.055,11,0.0,0.0,0.0,0.0,183.45599999999104,2391480.0,100388851.48748077,99133787.80894653,-1255063.6785342465,41.452902725068384,5,
2016-06-16,5060.0,4780.0,15434.1396484375,106281.252,21,0.0,0.0,0.0,0.0,179.3089315068646,2337420.0,100388851.48748077,98973267.24801502,-1415584.2394657535,42.34295387564709,3,
2016-06-17,4960.0,4895.0,15599.66015625,128985.792,26,0.0,0.0,0.0,0.0,193.38602739724593,2520925.0,100388851.48748077,99027593.06998762,-1361258.4174931508,39.28224483869517,3,
2016-06-20,5045.0,5115.0,15965.2998046875,90828.162,18,0.0,0.0,0.0,0.0,209.14043835619668,2726295.0,100388851.48748077,99141925.76754926,-1246925.719931507,36.36507632796497,3,
2016-06-21,5040.0,5235.0,16169.1103515625,0.0,0,0.0,0.0,0.0,0.0,214.0469589040731,2790255.0,100388851.48748077,99205671.72059037,-1183179.766890411,35.55433884021008,3,
2016-06-22,5200.0,5175.0,16065.7197265625,0.0,0,135172.96,6156.761534246566,4906.015428564377,1250.7461056821899,201.27205479454278,2623725.0,100393757.50290933,99172862.66242988,-1220894.8404794522,37.79849742729512,3,
2016-06-23,5205.0,5285.0,16238.349609375,0.0,0,0.0,0.0,0.0,0.0,205.5503013698908,2679495.0,100393757.50290933,99228427.11212851,-1165330.390780822,37.03251064552407,3,
2016-06-24,5355.0,4430.0,14952.01953125,0.0,0,58893.219,3577.1276712328736,2850.4341848219156,726.6934864109583,168.55846575341275,2197280.0,100396607.93709415,98804210.07917634,-1592397.857917808,44.9665996501021,3,
2016-06-27,4565.0,4660.0,15309.2099609375,0.0,0,0.0,0.0,0.0,0.0,177.30980821916455,2311360.0,100396607.93709415,98918112.76936813,-1478495.1677260275,42.79649763315456,3,
2016-06-28,4515.0,4685.0,15323.1396484375,0.0,0,0.0,0.0,0.0,0.0,178.26104109589505,2323760.0,100396607.93709415,98930334.50832702,-1466273.4287671235,42.57338731552614,3,
2016-06-29,4800.0,4830.0,15566.830078125,0.0,0,0.0,0.0,0.0,0.0,183.77819178082427,2395680.0,100396607.93709415,99002070.73013525,-1394537.206958904,41.32524825107495,3,
2016-06-30,4950.0,4850.0,15575.919921875,54460.89,11,0.0,0.0,0.0,0.0,188.63178082191007,2458950.0,100396607.93709415,99010691.20835443,-1385916.7287397264,40.2654349248071,5,
2016-07-01,4915.0,4895.0,15682.48046875,54075.813,11,0.0,0.0,0.0,0.0,194.51254794519627,2535610.0,100396607.93709415,99033080.88280648,-1363527.0542876709,39.05690578709127,5,
2016-07-04,4820.0,4955.0,15775.7998046875,33746.748,7,0.0,0.0,0.0,0.0,199.55753424655268,2601375.0,100396607.93709415,99064899.57727224,-1331708.359821918,38.08174506838585,5,
2016-07-05,4895.0,4890.0,15669.330078125,9791.958,2,0.0,0.0,0.0,0.0,197.68997260276956,2577030.0,100396607.93709415,99030564.92929964,-1366043.0077945206,38.42817698253402,5,
2016-07-06,4740.0,4710.0,15378.990234375,33186.636,7,0.0,0.0,0.0,0.0,192.94224657534505,2515140.0,100396607.93709415,98935295.35105306,-1461312.5860410961,39.335899930442466,5,
2016-07-07,4705.0,4650.0,15276.240234375,56471.292,12,0.0,0.0,0.0,0.0,194.76493150686292,2538900.0,100396607.93709415,98902389.29412155,-1494218.642972603,38.95481873808403,5,
2016-07-08,4660.0,4560.0,15106.98046875,55931.183999999994,12,0.0,0.0,0.0,0.0,195.19298630135017,2544480.0,100396607.93709415,98851842.91713525,-1544765.0199589042,38.84952639326513,5,
2016-07-11,4785.0,4915.0,15708.8203125,52645.527,11,0.0,0.0,0.0,0.0,214.53638356162992,2796635.0,100396607.93709415,99051137.85375169,-1345470.0833424663,35.41797118814278,5,
2016-07-12,5135.0,5145.0,16095.650390625,0.0,0,61607.676,5667.769808219184,4516.362371679456,1151.407436539727,219.83950684929005,2865765.0,100401124.29946584,99180504.2828083,-1220620.0166575348,34.608735985961275,5,
2016-07-13,5370.0,5240.0,16231.4296875,0.0,0,198650.262,22542.79056164385,17963.222659045903,4579.567902597948,209.02575342467026,2724800.0,100419087.52212489,99233400.95115228,-1185686.5709726023,36.41859987931308,5,
2016-07-14,5250.0,5350.0,16385.890625,0.0,0,125974.79999999999,7562.623054794512,6026.276181213007,1536.3468735815052,203.5638356164418,2653600.0,100425113.7983061,99286435.84044307,-1138677.9578630137,37.41575061819531,5,
2016-07-15,5395.0,5420.0,16497.849609375,0.0,0,210362.919,12957.9630821918,10325.552882044536,2632.410200147264,190.0118356164312,2476940.0,100435439.35118814,99317316.33740732,-1118123.0137808223,40.09677922654861,5,
2016-07-19,5495.0,5565.0,16723.310546875,0.0,0,0.0,0.0,0.0,0.0,195.0951780821997,2543205.0,100435439.35118814,99383386.24222924,-1052053.108958904,39.078008356475095,5,
2016-07-20,5495.0,5530.0,16681.890625,0.0,0,60432.911,3721.6104109589082,2965.565255972606,756.0451549863022,189.20175342465518,2466380.0,100438404.91644411,99366048.90632083,-1072356.0101232878,40.288215484362034,5,
2016-07-21,5670.0,5610.0,16810.220703125,0.0,0,0.0,0.0,0.0,0.0,191.93884931506182,2502060.0,100438404.91644411,99401536.96747151,-1036867.9489726028,39.72787901468051,5,
2016-07-22,5460.0,5485.0,16627.25,0.0,0,0.0,0.0,0.0,0.0,187.662136986306,2446310.0,100438404.91644411,99345599.30533452,-1092805.6111095892,40.61038842392605,5,
2016-07-25,5515.0,5490.0,16620.2890625,0.0,0,0.0,0.0,0.0,0.0,187.8332054794446,2448540.0,100438404.91644411,99347641.47212905,-1090763.4443150684,40.57423667660281,5,
2016-07-26,5440.0,5340.0,16383.0400390625,0.0,0,0.0,0.0,0.0,0.0,182.7011506849376,2381640.0,100438404.91644411,99280558.77097836,-1157846.1454657537,41.68579582597637,5,
2016-07-27,5455.0,5530.0,16664.8203125,0.0,0,0.0,0.0,0.0,0.0,189.20175342465518,2466380.0,100438404.91644411,99365109.56922492,-1073295.3472191782,40.28783462776414,5,
2016-07-28,5450.0,5390.0,16476.83984375,0.0,0,0.0,0.0,0.0,0.0,184.4118356164472,2403940.0,100438404.91644411,99302485.15738931,-1135919.7590547944,41.30822115252016,5,
2016-07-29,5375.0,5445.0,16569.26953125,0.0,0,0.0,0.0,0.0,0.0,186.29358904108813,2428470.0,100438404.91644411,99326828.86380027,-1111576.0526438355,40.90099069117604,5,
2016-08-01,5320.0,5485.0,16635.76953125,0.0,0,0.0,0.0,0.0,0.0,187.662136986306,2446310.0,100438404.91644411,99344481.20166329,-1093923.7147808222,40.609931366696486,5,
2016-08-02,5375.0,5330.0,16391.44921875,0.0,0,0.0,0.0,0.0,0.0,182.35901369862404,2377180.0,100438404.91644411,99275168.8426496,-1163236.0737945212,41.76173821193582,5,
2016-08-03,5200.0,5130.0,16083.1103515625,0.0,0,0.0,0.0,0.0,0.0,175.51627397260745,2287980.0,100438404.91644411,99185793.32637562,-1252611.5900684933,43.35081308681703,5,
2016-08-04,5180.0,5240.0,16254.8896484375,46629.324,9,0.0,0.0,0.0,0.0,182.89753424658556,2384200.0,100438404.91644411,99235201.10484137,-1203203.81160274,41.62201203961134,5,
2016-08-05,5240.0,5235.0,16254.4501953125,0.0,0,0.0,0.0,0.0,0.0,182.72301369859633,2381925.0,100438404.91644411,99232743.38182767,-1205661.5346164382,41.66073381060599,5,
2016-08-08,5410.0,5485.0,16650.5703125,0.0,0,0.0,0.0,0.0,0.0,191.44904109589697,2495675.0,100438404.91644411,99346301.93278657,-1092102.9836575345,39.80738755358232,5,
2016-08-09,5490.0,5565.0,16764.970703125,0.0,0,49400.118,2759.775041095892,2199.1267414972617,560.6482995986305,190.3992328767199,2481990.0,100440604.0431856,99381266.0032541,-1059338.0399315068,40.04096148786019,5,
2016-08-10,5520.0,5530.0,16735.119140625,0.0,0,44151.168,1173.1893698630122,934.8559493753412,238.33342048767094,185.80799999999726,2422140.0,100441538.89913498,99365143.02983361,-1076395.8693013699,41.023699303026916,5,
2016-08-12,5620.0,5665.0,16919.919921875,0.0,0,0.0,0.0,0.0,0.0,190.34399999999005,2481270.0,100441538.89913498,99424082.6858336,-1017456.2133013702,40.06983628780165,5,
2016-08-15,5640.0,5635.0,16869.560546875,0.0,0,0.0,0.0,0.0,0.0,189.3359999999957,2468130.0,100441538.89913498,99410753.34983361,-1030785.5493013702,40.27776225313642,5,
2016-08-16,5655.0,5455.0,16596.509765625,0.0,0,0.0,0.0,0.0,0.0,183.28800000000774,2389290.0,100441538.89913498,99331730.0618336,-1109808.83730137,41.57374369031537,5,
2016-08-17,5455.0,5560.0,16745.640625,0.0,0,0.0,0.0,0.0,0.0,186.81600000001345,2435280.0,100441538.89913498,99377533.2458336,-1064005.65330137,40.80743620685654,5,
2016-08-18,5470.0,5385.0,16486.009765625,0.0,0,0.0,0.0,0.0,0.0,180.93600000001607,2358630.0,100441538.89913498,99300702.30983362,-1140836.58930137,42.1010087677311,5,
2016-08-19,5435.0,5420.0,16545.8203125,10872.173999999999,2,0.0,0.0,0.0,0.0,182.9435616438277,2384800.0,100441538.89913498,99315817.19227196,-1125721.7068630136,41.64534434429385,5,
2016-08-22,5455.0,5445.0,16598.189453125,5456.090999999999,1,0.0,0.0,0.0,0.0,184.20509589040012,2401245.0,100441538.89913498,99326621.89617607,-1114917.0029589038,41.36463455256589,5,
2016-08-23,5420.0,5375.0,16497.359375,0.0,0,0.0,0.0,0.0,0.0,181.83698630136496,2370375.0,100441538.89913498,99295570.05918977,-1145968.8399452055,41.89023680185193,5,
2016-08-24,5450.0,5435.0,16597.30078125,5451.09,1,0.0,0.0,0.0,0.0,184.28372602741,2402270.0,100441538.89913498,99321829.68546374,-1119709.2136712333,41.344990232348465,5,
2016-08-25,5445.0,5425.0,16555.94921875,0.0,0,0.0,0.0,0.0,0.0,183.94465753422992,2397850.0,100441538.89913498,99317225.7408062,-1124313.1583287674,41.419282165609275,5,
2016-08-26,5400.0,5310.0,16360.7099609375,0.0,0,0.0,0.0,0.0,0.0,180.0453698630372,2347020.0,100441538.89913498,99266215.69543634,-1175323.2036986297,42.294575970991446,5,
2016-08-29,5510.0,5555.0,16737.490234375,44088.816,8,0.0,0.0,0.0,0.0,191.76164383563446,2499750.0,100441538.89913498,99374665.11779252,-1066873.7813424657,39.753841431260135,5,
2016-08-30,5525.0,5555.0,16725.359375,0.0,0,0.0,0.0,0.0,0.0,191.76164383563446,2499750.0,100441538.89913498,99374473.35614868,-1067065.5429863012,39.753764718931365,5,
2016-08-31,5630.0,5655.0,16887.400390625,0.0,0,0.0,0.0,0.0,0.0,195.21369863013388,2544750.0,100441538.89913498,99419278.14245005,-1022260.7566849313,39.06838712739957,5,
2016-09-01,5650.0,5670.0,16926.83984375,0.0,0,22595.48,802.6972739726036,639.6293227650692,163.0679512075344,193.9916712328486,2528820.0,100442178.52845775,99425586.5628276,-1016591.9656301369,39.316988383051225,5,
2016-09-02,5660.0,5675.0,16925.6796875,0.0,0,0.0,0.0,0.0,0.0,194.16273972603085,2531050.0,100442178.52845775,99427622.40008788,-1014556.1283698629,39.28315220959202,5,
2016-09-05,5815.0,5745.0,17037.630859375,0.0,0,0.0,0.0,0.0,0.0,196.55769863015303,2562270.0,100442178.52845775,99458645.84238926,-983532.686068493,38.81661411263811,5,
2016-09-06,5755.0,5780.0,17081.98046875,0.0,0,46030.792,1921.1992328767146,1530.90760871781,390.2916241589046,194.208000000006,2531640.0,100443709.43606646,99473462.13476509,-970247.3013013701,39.292103985860976,5,
2016-09-07,5665.0,5735.0,17012.439453125,0.0,0,118941.207,1278.5785890410966,1018.8353486773979,259.7432403636988,183.45715068492427,2391495.0,100444728.27141514,99451815.14137405,-992913.130041096,41.58562536880656,5,
2016-09-08,5725.0,5695.0,16958.76953125,0.0,0,0.0,0.0,0.0,0.0,182.17758904111543,2374815.0,100444728.27141514,99434952.96378501,-1009775.307630137,41.87061011648697,5,
2016-09-09,5715.0,5705.0,16965.759765625,0.0,0,0.0,0.0,0.0,0.0,182.49747945205308,2378985.0,100444728.27141514,99438940.46630555,-1005787.8051095891,41.798893421482504,5,
2016-09-12,5570.0,5495.0,16672.919921875,0.0,0,0.0,0.0,0.0,0.0,175.77978082190384,2291415.0,100444728.27141514,99351194.68652473,-1093533.584890411,43.35801008831867,5,
2016-09-13,5565.0,5540.0,16729.0390625,0.0,0,0.0,0.0,0.0,0.0,177.2192876712288,2310180.0,100444728.27141514,99369782.46723706,-1074945.8041780824,43.01387011714977,5,
2016-09-14,5475.0,5455.0,16614.240234375,0.0,0,0.0,0.0,0.0,0.0,174.50021917808772,2274735.0,100444728.27141514,99334162.96701789,-1110565.3043972605,43.668454992347634,5,
2016-09-15,5400.0,5315.0,16405.009765625,10802.16,2,0.0,0.0,0.0,0.0,170.83720547945995,2226985.0,100444728.27141514,99275439.96981241,-1169288.3016027396,44.57840531921518,5,
2016-09-16,5360.0,5390.0,16519.2890625,53610.72,10,0.0,0.0,0.0,0.0,177.38268493151554,2312310.0,100444728.27141514,99306976.86712748,-1137751.4042876714,42.947086189623136,5,
2016-09-20,5325.0,5370.0,16492.150390625,15978.195,3,0.0,0.0,0.0,0.0,177.96032876713434,2319840.0,100444728.27141514,99298350.71179871,-1146377.5596164383,42.80396523544672,6,
2016-09-21,5355.0,5580.0,16807.619140625,10712.142,2,0.0,0.0,0.0,0.0,185.77578082192485,2421720.0,100444728.27141514,99389332.79401788,-1055395.4773972607,41.04080273277583,6,
2016-09-23,5565.0,5540.0,16754.01953125,0.0,0,94586.079,3463.6286849315006,2759.992517587666,703.6361673438344,177.2192876712288,2310180.0,100447488.26393273,99371498.01756287,-1075990.246369863,43.01461272176318,6,
2016-09-26,5510.0,5390.0,16544.560546875,5511.102,1,0.0,0.0,0.0,0.0,172.83441095890885,2253020.0,100447488.26393273,99308654.08115192,-1138834.1827808223,44.07801709756323,6,
2016-09-27,5320.0,5480.0,16683.9296875,5321.064,1,0.0,0.0,0.0,0.0,176.1407123287645,2296120.0,100447488.26393273,99346256.87643959,-1101231.3874931505,43.26701430083776,6,
2016-09-28,5450.0,5420.0,16465.400390625,0.0,0,0.0,0.0,0.0,0.0,174.21216438355623,2270980.0,100447488.26393273,99320942.6642752,-1126545.5996575342,43.73483811582453,5,
2016-09-29,5525.0,5585.0,16693.7109375,27630.524999999998,5,0.0,0.0,0.0,0.0,181.65786301365733,2368040.0,100447488.26393273,99390190.48141219,-1057297.7825205484,41.97149984012609,5,
2016-09-30,5445.0,5420.0,16449.83984375,0.0,0,5443.911,121.58239726027372,96.88293325684911,24.699464003424605,175.8752876712315,2292660.0,100447585.146866,99320053.81766051,-1127531.3292054795,43.32088221439747,5,
2016-10-03,5510.0,5515.0,16598.669921875,33066.612,6,0.0,0.0,0.0,0.0,181.49638356163632,2365935.0,100447585.146866,99360080.70927696,-1087504.4375890407,41.9961160003453,5,
2016-10-04,5560.0,5585.0,16735.650390625,0.0,0,0.0,0.0,0.0,0.0,183.800054794483,2395965.0,100447585.146866,99389926.90922216,-1057658.2376438356,41.4822115136165,5,
2016-10-05,5640.0,5670.0,16819.240234375,0.0,0,0.0,0.0,0.0,0.0,186.59736986299686,2432430.0,100447585.146866,99426205.31185229,-1021379.8350136988,40.87525861457567,5,
2016-10-06,5745.0,5715.0,16899.099609375,0.0,0,0.0,0.0,0.0,0.0,188.0783013698674,2451735.0,100447585.146866,99445322.23355092,-1002262.9133150683,40.561203487958906,5,
2016-10-07,5710.0,5695.0,16860.08984375,0.0,0,68506.296,2271.043520547949,1809.681029348633,461.36249119931574,182.17758904111543,2374815.0,100449394.82789534,99436264.98947069,-1013129.8384246576,41.87116259138951,5,
2016-10-11,5750.0,5805.0,17024.759765625,0.0,0,0.0,0.0,0.0,0.0,185.6963835616334,2420685.0,100449394.82789534,99481949.29308712,-967445.5348082193,41.09661079119635,5,
2016-10-12,5695.0,5690.0,16840.0,0.0,0,0.0,0.0,0.0,0.0,182.01764383560658,2372730.0,100449394.82789534,99433812.27544329,-1015582.5524520548,41.90692252192339,5,
2016-10-13,5740.0,5630.0,16774.240234375,0.0,0,0.0,0.0,0.0,0.0,180.0983013698642,2347710.0,100449394.82789534,99408612.17714192,-1040782.650753425,42.34279880272347,5,
2016-10-14,5625.0,5685.0,16856.369140625,0.0,0,0.0,0.0,0.0,0.0,181.8576986301341,2370645.0,100449394.82789534,99431365.31944329,-1018029.5084520549,41.94274778359615,5,
2016-10-17,5685.0,5720.0,16900.119140625,0.0,0,0.0,0.0,0.0,0.0,182.97731506848504,2385240.0,100449394.82789534,99445777.34212822,-1003617.4857671232,41.69214726489922,5,
2016-10-18,5700.0,5755.0,16963.609375,0.0,0,0.0,0.0,0.0,0.0,184.09693150684325,2399835.0,100449394.82789534,99460188.24519671,-989206.5826986302,41.444594418031535,5,
2016-10-19,5755.0,5790.0,16998.91015625,0.0,0,0.0,0.0,0.0,0.0,185.21654794519418,2414430.0,100449394.82789534,99474598.02864876,-974796.7992465753,41.200033974332975,5,
2016-10-20,5785.0,5940.0,17235.5,0.0,0,0.0,0.0,0.0,0.0,190.01490410959377,2476980.0,100449394.82789534,99536958.01374465,-912436.8141506849,40.18480488891499,5,
2016-10-21,5970.0,5920.0,17184.58984375,0.0,0,41781.64200000001,2167.8127397260323,1727.421581650689,440.39115807534347,186.19616438355297,2427200.0,100451122.24947698,99528333.06842218,-922789.1810547946,41.005410789560884,5,
2016-10-24,5945.0,5950.0,17234.419921875,0.0,0,0.0,0.0,0.0,0.0,187.13972602738795,2439500.0,100451122.24947698,99540445.92869616,-910676.3207808222,40.80362612367131,5,
2016-10-25,6000.0,6045.0,17365.25,0.0,0,0.0,0.0,0.0,0.0,190.1276712328763,2478450.0,100451122.24947698,99579205.80102493,-871916.4484520548,40.17801682544531,5,
2016-10-26,6005.0,6055.0,17391.83984375,0.0,0,0.0,0.0,0.0,0.0,190.44219178081403,2482550.0,100451122.24947698,99583115.35883315,-868006.8906438356,40.11323653454438,5,
2016-10-27,6035.0,6025.0,17336.419921875,0.0,0,0.0,0.0,0.0,0.0,189.49863013698632,2470250.0,100451122.24947698,99570625.86020301,-880496.3892739728,40.30791452695193,5,
2016-10-28,6090.0,6100.0,17446.41015625,0.0,0,0.0,0.0,0.0,0.0,191.85753424657014,2501000.0,100451122.24947698,99601184.00266877,-849938.2468082194,39.824543783554084,5,
2016-10-31,6040.0,6085.0,17425.01953125,0.0,0,0.0,0.0,0.0,0.0,191.38575342466356,2494850.0,100451122.24947698,99594842.61691535,-856279.6325616437,39.92017260232693,5,
2016-11-01,6065.0,6090.0,17442.400390625,0.0,0,0.0,0.0,0.0,0.0,191.5430136986106,2496900.0,100451122.24947698,99596701.07390164,-854421.1755753425,39.88814172530003,5,
2016-11-02,5955.0,5880.0,17134.6796875,0.0,0,0.0,0.0,0.0,0.0,184.93808219178754,2410800.0,100451122.24947698,99510416.13581945,-940706.1136575342,41.276927217446264,5,
2016-11-04,5770.0,5705.0,16905.359375,0.0,0,0.0,0.0,0.0,0.0,179.43397260273923,2339050.0,100451122.24947698,99438486.70184685,-1012635.5476301372,42.512339070069835,5,
2016-11-07,5900.0,5905.0,17177.2109375,0.0,0,0.0,0.0,0.0,0.0,185.72438356163912,2421050.0,100451122.24947698,99520300.97746329,-930821.2720136988,41.10625595401305,5,
2016-11-08,5945.0,5895.0,17171.380859375,0.0,0,0.0,0.0,0.0,0.0,185.4098630137014,2416950.0,100451122.24947698,99516015.56760027,-935106.6818767125,41.17421360292942,5,
2016-11-09,5980.0,5290.0,16251.5400390625,0.0,0,0.0,0.0,0.0,0.0,166.3813698630256,2168900.0,100451122.24947698,99267799.1862304,-1183323.0632465759,45.76873031777878,5,
2016-11-10,5905.0,5970.0,17344.419921875,53155.62899999999,9,0.0,0.0,0.0,0.0,191.8905205479532,2501430.0,100451122.24947698,99546981.66670986,-904140.5827671232,39.79602933790266,5,
2016-11-11,6095.0,5995.0,17374.7890625,0.0,0,0.0,0.0,0.0,0.0,192.6940821917815,2511905.0,100451122.24947698,99557263.97262767,-893858.2768493152,39.63416768254678,5,
2016-11-14,6070.0,6195.0,17672.619140625,0.0,0,0.0,0.0,0.0,0.0,199.12257534245873,2595705.0,100451122.24947698,99640864.85005233,-810257.3994246575,38.38682163421973,5,
2016-11-15,6205.0,6190.0,17668.150390625,0.0,0,0.0,0.0,0.0,0.0,198.96186301369744,2593610.0,100451122.24947698,99638570.88818932,-812551.3612876711,38.41694429316255,5,
2016-11-16,6310.0,6340.0,17862.2109375,0.0,0,0.0,0.0,0.0,0.0,203.7832328767181,2656460.0,100451122.24947698,99701217.10495643,-749905.1445205479,37.53160864645296,5,
2016-11-17,6265.0,6335.0,17862.630859375,0.0,0,56373.723000000005,3196.905287671245,2547.453978480831,649.4513091904134,199.24876712328114,2597350.0,100453669.70345546,99697632.12788013,-756037.5755753424,38.384365652638316,5,
2016-11-18,6470.0,6415.0,17967.41015625,0.0,0,0.0,0.0,0.0,0.0,201.7649315068411,2630150.0,100453669.70345546,99730230.36294861,-723439.3405068493,37.91807705376066,5,
2016-11-21,6450.0,6500.0,18106.01953125,0.0,0,0.0,0.0,0.0,0.0,204.43835616439173,2665000.0,100453669.70345546,99764875.92459245,-688793.7788630137,37.43522548765195,5,
2016-11-22,6480.0,6545.0,18162.939453125,0.0,0,25914.816,1049.360383561645,836.1828216410968,213.1775619205482,203.84536986301828,2657270.0,100454505.88627711,99782643.71766067,-671862.1686164383,37.55081106461167,5,
2016-11-24,6675.0,6670.0,18333.41015625,0.0,0,0.0,0.0,0.0,0.0,207.73852054794406,2708020.0,100454505.88627711,99833185.97914012,-621319.9071369863,36.865749137428864,5,
2016-11-25,6705.0,6710.0,18381.220703125,0.0,0,0.0,0.0,0.0,0.0,208.98432876712468,2724260.0,100454505.88627711,99849216.99481136,-605288.8914657534,36.651867661240615,5,
2016-11-28,6640.0,6680.0,18356.890625,0.0,0,305378.912,7934.637986301373,6322.716279384249,1611.9217069171239,184.47780821916967,2404800.0,100460828.6025565,99833339.50729622,-627489.095260274,41.51419640190295,5,
2016-11-29,6600.0,6650.0,18307.0390625,0.0,0,0.0,0.0,0.0,0.0,183.64931506849098,2394000.0,100460828.6025565,99822355.85798116,-638472.7445753424,41.69689050040984,5,
2016-11-30,6675.0,6645.0,18308.48046875,0.0,0,0.0,0.0,0.0,0.0,183.51123287670634,2392200.0,100460828.6025565,99820372.34674828,-640456.2558082192,41.727435978073856,5,
2016-12-01,6825.0,6790.0,18513.119140625,0.0,0,0.0,0.0,0.0,0.0,187.51561643835885,2444400.0,100460828.6025565,99872384.83113185,-588443.7714246577,40.85762756960066,5,
2016-12-02,6740.0,6735.0,18426.080078125,0.0,0,269546.08,8221.77638356166,6551.52251124111,1670.2538723205516,165.33041095890076,2155200.0,100467380.12506774,99850895.32684857,-616484.7982191781,46.330222404810954,5,
2016-12-05,6680.0,6615.0,18274.990234375,0.0,0,0.0,0.0,0.0,0.0,162.3846575342468,2116800.0,100467380.12506774,99812332.94219103,-655047.1828767124,47.15246265220665,5,
2016-12-06,6755.0,6680.0,18360.5390625,0.0,0,0.0,0.0,0.0,0.0,163.98027397259284,2137600.0,100467380.12506774,99832968.96191706,-634411.163150685,46.70329760568725,5,
2016-12-07,6740.0,6780.0,18496.689453125,0.0,0,0.0,0.0,0.0,0.0,166.43506849314872,2169600.0,100467380.12506774,99864802.52684857,-602577.5982191783,46.02913095817135,5,
2016-12-08,6910.0,6975.0,18765.470703125,0.0,0,0.0,0.0,0.0,0.0,171.22191780820867,2232000.0,100467380.12506774,99927031.30493076,-540348.8201369864,44.77017531582919,5,
2016-12-09,7010.0,7170.0,18996.369140625,0.0,0,0.0,0.0,0.0,0.0,176.00876712329773,2294400.0,100467380.12506774,99989255.29616363,-478124.82890410966,43.579696345956954,5,
2016-12-12,7315.0,7280.0,19155.029296875,0.0,0,65821.833,3179.87667123287,2533.8847254719126,645.9919457609576,173.68284931506787,2264080.0,100469914.0097932,100023937.45436855,-445976.5554246576,44.17862330587636,5,
2016-12-13,7220.0,7350.0,19250.51953125,0.0,0,0.0,0.0,0.0,0.0,175.35287671234255,2285850.0,100469914.0097932,100045532.10149184,-424381.9083013698,43.76732160968211,5,
2016-12-14,7365.0,7340.0,19253.609375,0.0,0,0.0,0.0,0.0,0.0,175.1143013698529,2282740.0,100469914.0097932,100042246.98719047,-427667.02260273974,43.8255110030886,5,
2016-12-15,7400.0,7370.0,19273.7890625,0.0,0,0.0,0.0,0.0,0.0,175.83002739724907,2292070.0,100469914.0097932,100051401.15716307,-418512.85263013706,43.65111063674455,5,
2016-12-16,7480.0,7470.0,19401.150390625,0.0,0,0.0,0.0,0.0,0.0,178.21578082191263,2323170.0,100469914.0097932,100082322.94138224,-387591.06841095904,43.080068587913175,5,
2016-12-19,7400.0,7450.0,19391.599609375,0.0,0,0.0,0.0,0.0,0.0,177.73863013699156,2316950.0,100469914.0097932,100075925.20275211,-393988.8070410959,43.19295850266605,5,
2016-12-20,7445.0,7540.0,19494.529296875,0.0,0,0.0,0.0,0.0,0.0,179.8858082191946,2344940.0,100469914.0097932,100103735.3169439,-366178.6928493152,42.689252312188756,5,
2016-12-21,7585.0,7500.0,19444.490234375,0.0,0,0.0,0.0,0.0,0.0,178.9315068493088,2332500.0,100469914.0097932,100091116.38543704,-378797.6243561645,42.911518278858324,5,
2016-12-22,7455.0,7475.0,19427.669921875,0.0,0,0.0,0.0,0.0,0.0,178.33506849315017,2324725.0,100469914.0097932,100083163.05036855,-386750.9594246576,43.05161386846554,5,
2016-12-26,7475.0,7455.0,19396.640625,0.0,0,0.0,0.0,0.0,0.0,177.85791780822183,2318505.0,100469914.0097932,100076765.19245075,-393148.8173424657,43.16435168026411,5,
2016-12-27,7430.0,7460.0,19403.060546875,0.0,0,0.0,0.0,0.0,0.0,177.97720547945937,2320060.0,100469914.0097932,100078142.21524526,-391771.7945479453,43.136014678605406,5,
2016-12-28,7480.0,7485.0,19401.720703125,0.0,0,0.0,0.0,0.0,0.0,178.573643835618,2327835.0,100469914.0097932,100085738.64160143,-384175.36819178093,42.99520311431069,5,
2016-12-29,7410.0,7280.0,19145.140625,0.0,0,0.0,0.0,0.0,0.0,173.68284931506787,2264080.0,100469914.0097932,100021809.95875211,-448104.05104109587,44.177683632536,5,
2016-12-30,7170.0,7240.0,19114.369140625,0.0,0,0.0,0.0,0.0,0.0,172.7285479452039,2251640.0,100469914.0097932,100009197.23020416,-460716.7795890411,44.41615765850854,5,
2017-01-04,7380.0,7620.0,19594.16015625,0.0,0,0.0,0.0,0.0,0.0,181.79441095889342,2369820.0,100469914.0097932,100127195.4357932,-342718.5740000001,42.25097072173971,5,
2017-01-05,7630.0,7570.0,19520.689453125,38157.63,5,0.0,0.0,0.0,0.0,183.50509589039575,2392120.0,100469914.0097932,100111154.30069731,-358759.70909589046,41.85038973826452,7,
2017-01-06,7425.0,7520.0,19454.330078125,96544.305,13,0.0,0.0,0.0,0.0,189.7924383561549,2474080.0,100469914.0097932,100096380.20325896,-373533.8065342466,40.45802084138709,7,
2017-01-10,7475.0,7395.0,19301.439453125,194388.87,26,0.0,0.0,0.0,0.0,201.38712328769907,2625225.0,100469914.0097932,100052934.94613567,-416979.0636575343,38.112137034401115,7,
2017-01-11,7440.0,7445.0,19364.669921875,305101.00800000003,41,0.0,0.0,0.0,0.0,226.16482191781688,2948220.0,100469914.0097932,100070602.77331376,-399311.23647945205,33.942718919657885,7,
2017-01-12,7370.0,7260.0,19134.69921875,302230.434,41,0.0,0.0,0.0,0.0,243.3790684931446,3172620.0,100469914.0097932,99992528.96024527,-477385.0495479452,31.517335501965338,7,
2017-01-13,7295.0,7380.0,19287.279296875,299154.819,41,0.0,0.0,0.0,0.0,270.61347945209127,3527640.0,100469914.0097932,100048123.52776581,-421790.48202739726,28.361205658107348,7,
2017-01-16,7325.0,7230.0,19095.240234375,300385.065,41,0.0,0.0,0.0,0.0,287.8530410958774,3752370.0,100469914.0097932,99972180.60972472,-497733.4000684932,26.642410159372535,7,
2017-01-17,7200.0,7020.0,18813.529296875,302460.48,42,0.0,0.0,0.0,0.0,302.1100273973134,3938220.0,100469914.0097932,99855268.01969732,-614645.9900958905,25.355431646707732,7,
2017-01-18,6980.0,7075.0,18894.369140625,300200.028,43,0.0,0.0,0.0,0.0,327.8147945205419,4273300.0,100469914.0097932,99889820.1769028,-580093.8328904111,23.375335262420798,7,
2017-01-19,7205.0,7215.0,19072.25,302670.522,42,0.0,0.0,0.0,0.0,357.54772602739104,4660890.0,100469914.0097932,99974382.10717677,-495531.9026164385,21.44963346210204,7,
2017-01-20,7195.0,7260.0,19137.91015625,100750.146,14,309323.123,9075.957575342496,7232.176793911668,1843.780781430828,343.62673972603807,4479420.0,100477146.18658713,99999297.67665562,-477848.50993150694,22.32416198451041,8,
2017-01-23,7125.0,7065.0,18891.029296875,92643.52500000001,13,0.0,0.0,0.0,0.0,341.4427397260297,4450950.0,100477146.18658713,99877842.70891589,-599303.4776712329,22.439668544673808,8,
2017-01-24,7000.0,6995.0,18787.990234375,196039.19999999998,28,0.0,0.0,0.0,0.0,353.08460273972014,4602710.0,100477146.18658713,99833210.42431316,-643935.7622739725,21.690093537136416,8,
2017-01-25,7225.0,7185.0,19057.5,216793.34999999998,30,0.0,0.0,0.0,0.0,379.2105205479311,4943280.0,100477146.18658713,99956607.8637926,-520538.32279452065,20.220705253150257,8,
2017-01-26,7330.0,7440.0,19402.390625,58651.727999999996,8,205198.95200000002,9129.294136986338,7274.678033057564,1854.6161039287747,381.2541369863029,4969920.0,100484420.86462018,100127559.21755168,-356861.64706849307,20.146714477808835,8,
2017-01-27,7495.0,7490.0,19467.400390625,22489.497,3,1056583.641,40841.22123287679,32544.327139417866,8296.894093458919,304.5249315068795,3969700.0,100516965.1917596,100152831.94252673,-364133.24923287664,25.22932008527766,1,
2017-01-30,7440.0,7415.0,19368.849609375,81856.368,11,669466.08,10789.341534246496,8597.486801564322,2191.8547326821754,256.53868493148184,3344165.0,100525562.67856117,100112458.26110911,-413104.41745205485,29.936458954958596,1,
2017-01-31,7250.0,7185.0,19041.33984375,137777.55,19,0.0,0.0,0.0,0.0,259.05369863014494,3376950.0,100525562.67856117,100007206.65741049,-518356.021150685,29.614654246408886,1,
2017-02-01,7095.0,7255.0,19148.080078125,652870.548,92,0.0,0.0,0.0,0.0,312.77994520546054,4077310.0,100525562.67856117,100054383.32946527,-471179.3490958904,24.539312274383178,1,
2017-02-02,7265.0,7065.0,18914.580078125,646714.3169999999,89,668246.324,15324.573589041167,12211.386464427454,3113.187124613713,302.96268493152456,3949335.0,100537774.06502558,99944524.18665572,-593249.878369863,25.30667167679007,1,
2017-02-03,7155.0,7075.0,18918.19921875,193223.637,27,0.0,0.0,0.0,0.0,318.04547945203376,4145950.0,100537774.06502558,99947597.50417627,-590176.5608493151,24.10728482113298,8,
2017-02-06,7205.0,7120.0,18976.7109375,194573.907,27,0.0,0.0,0.0,0.0,334.8155616438453,4364560.0,100537774.06502558,99971298.78161463,-566475.2834109588,22.905241028102406,8,
2017-02-07,7025.0,7065.0,18910.779296875,126475.29,18,0.0,0.0,0.0,0.0,341.98471232877637,4458015.0,100537774.06502558,99937936.50690229,-599837.5581232875,22.417586416129666,8,
2017-02-08,7090.0,7145.0,19007.599609375,120554.106,17,0.0,0.0,0.0,0.0,355.1750136986375,4629960.0,100537774.06502558,99988972.2258886,-548801.8391369864,21.596076904744013,8,
2017-02-09,7095.0,7075.0,18907.669921875,78060.609,11,127684.458,1189.5465205479504,947.8901448986343,241.65637564931612,347.89616438355006,4535075.0,100538721.95517048,99943121.52234857,-595600.4328219179,22.03781007422117,8,
2017-02-10,7295.0,7420.0,19378.9296875,102150.42599999999,14,0.0,0.0,0.0,0.0,372.82958904111,4860100.0,100538721.95517048,100165623.26675953,-373098.6884109588,20.609786479035314,8,
2017-02-13,7530.0,7480.0,19459.150390625,0.0,0,1535812.7759999998,62111.74158904129,49493.74128522755,12618.000303813737,258.78750684931583,3373480.0,100588215.69645572,100201939.25494887,-386276.4415068494,29.702840762343,8,
2017-02-14,7510.0,7325.0,19238.98046875,0.0,0,307848.418,5096.147232876709,4060.864922517805,1035.2823103589033,230.3863013698574,3003250.0,100592276.56137823,100138292.00433713,-453984.55704109604,33.343308750299556,8,
2017-02-15,7475.0,7465.0,19437.98046875,14952.99,2,0.0,0.0,0.0,0.0,235.93490410958475,3075580.0,100592276.56137823,100195433.07943302,-396843.48194520554,32.57773593255029,8,
2017-02-16,7450.0,7395.0,19347.529296875,7451.49,1,0.0,0.0,0.0,0.0,234.2898082192114,3054135.0,100592276.56137823,100166302.2996248,-425974.2617534247,32.79694653301992,8,
2017-02-17,7305.0,7310.0,19234.619140625,102290.454,14,0.0,0.0,0.0,0.0,239.44756164381397,3121370.0,100592276.56137823,100131007.39806315,-461269.1633150685,32.07918554931429,1,
2017-02-20,7260.0,7330.0,19251.080078125,653530.68,90,0.0,0.0,0.0,0.0,290.70980821918056,3789610.0,100592276.56137823,100145426.00825495,-446850.55312328786,26.426314583362124,1,
2017-02-21,7340.0,7420.0,19381.439453125,653390.652,89,0.0,0.0,0.0,0.0,344.9385205479339,4496520.0,100592276.56137823,100198600.41773438,-393676.1436438357,22.28358828999635,1,
2017-02-22,7455.0,7420.0,19379.869140625,283346.658,38,670815.81,17183.29438356165,13692.5081295411,3490.786254020549,315.33983561642526,4110680.0,100605969.06950778,100196423.44364476,-409545.6258630138,24.37465904513238,1,
2017-02-23,7415.0,7415.0,19371.4609375,645234.0210000001,87,0.0,0.0,0.0,0.0,364.6148493150249,4753015.0,100605969.06950778,100193159.80779545,-412809.26171232876,21.079916601945385,1,
2017-02-24,7315.0,7355.0,19283.5390625,570684.114,78,0.0,0.0,0.0,0.0,405.67358904107823,5288245.0,100605969.06950778,100157300.0202064,-448669.0493013699,18.939610403868656,1,
2017-02-27,7250.0,7220.0,19107.470703125,565613.1,78,0.0,0.0,0.0,0.0,441.4288219178561,5754340.0,100605969.06950778,100057340.49138449,-548628.5781232876,17.388152332219594,1,
2017-02-28,7295.0,7225.0,19118.990234375,649384.851,89,0.0,0.0,0.0,0.0,491.06246575347905,6401350.0,100605969.06950778,100054474.57791874,-551494.4915890412,15.630214654396141,1,
2017-03-01,7305.0,7440.0,19393.5390625,650275.029,89,0.0,0.0,0.0,0.0,556.4712328767346,7254000.0,100605969.06950778,100256293.07768586,-349675.9918219178,13.820828932683465,1,
2017-03-02,7610.0,7560.0,19564.80078125,15223.044,2,2054289.06,86372.72895890413,68826.10907090276,17546.619888001376,410.0212602739339,5344920.0,100674795.17857867,100368322.45253758,-306472.726041096,18.778264679833857,1,
2017-03-03,7550.0,7490.0,19469.169921875,0.0,0,2015446.8299999998,48391.884794520505,38561.07339851366,9830.81139600684,252.81315068494587,3295600.0,100713356.25197719,100324365.65799089,-388990.59398630133,30.441912142854378,1,
2017-03-06,7440.0,7415.0,19379.140625,572994.576,77,0.0,0.0,0.0,0.0,294.0809315068036,3833555.0,100713356.25197719,100289032.00105938,-424324.25091780815,26.16084339498439,1,
2017-03-07,7385.0,7390.0,19344.150390625,457961.57399999996,62,0.0,0.0,0.0,0.0,328.2374794520438,4278810.0,100713356.25197719,100275997.18957993,-437359.0623972603,23.435487247524414,1,
2017-03-08,7380.0,7320.0,19254.029296875,524084.796,71,0.0,0.0,0.0,0.0,364.9972602739581,4758000.0,100713356.25197719,100230737.39631966,-482618.8556575344,21.065728750802787,1,
2017-03-09,7390.0,7380.0,19318.580078125,650450.064,88,0.0,0.0,0.0,0.0,417.8090958904504,5446440.0,100713356.25197719,100268309.52322377,-445046.7287534247,18.409880495006604,1,
2017-03-10,7480.0,7605.0,19604.609375,650890.152,87,0.0,0.0,0.0,0.0,481.30273972597206,6274125.0,100713356.25197719,100444623.06848404,-268733.1834931507,16.00934362456662,1,
2017-03-13,7545.0,7610.0,19633.75,0.0,0,3801919.4639999997,55683.21794520547,44371.172219636974,11312.04572556849,187.39364383563225,2442810.0,100757727.42419682,100403728.09311463,-353999.33108219196,41.10173451603466,1,
2017-03-14,7630.0,7600.0,19609.5,557101.398,73,0.0,0.0,0.0,0.0,229.7073972602957,2994400.0,100757727.42419682,100397986.98771738,-359740.43647945224,33.52858234962509,1,
2017-03-15,7540.0,7575.0,19577.380859375,512822.544,68,0.0,0.0,0.0,0.0,268.46630136983003,3499650.0,100757727.42419682,100390145.97741601,-367581.44678082195,28.68576742743303,1,
2017-03-16,7480.0,7585.0,19590.140625,351630.312,47,0.0,0.0,0.0,0.0,296.16827397259476,3860765.0,100757727.42419682,100399334.49714203,-358392.9270547946,26.00503643633892,1,
2017-03-17,7505.0,7525.0,19521.58984375,397844.553,53,0.0,0.0,0.0,0.0,324.420273972617,4229050.0,100757727.42419682,100369450.52386805,-388276.90032876725,23.733332669007947,1,
2017-03-21,7435.0,7475.0,19455.880859375,646974.3690000001,87,0.0,0.0,0.0,0.0,372.15260273974854,4851275.0,100757727.42419682,100344329.00226532,-413398.42193150695,20.68411479503127,1,
2017-03-22,7205.0,7155.0,19041.380859375,648579.69,90,0.0,0.0,0.0,0.0,405.61989041097695,5287545.0,100757727.42419682,100131613.6923749,-626113.7318219178,18.93725986112173,1,
2017-03-23,7175.0,7185.0,19085.310546875,653055.585,91,0.0,0.0,0.0,0.0,457.47780821920605,5963550.0,100757727.42419682,100154105.62956668,-603621.794630137,16.7943767771825,1,
2017-03-24,7175.0,7320.0,19262.529296875,653055.585,91,0.0,0.0,0.0,0.0,517.1730410958698,6741720.0,100757727.42419682,100278702.87152559,-479024.55267123296,14.874349998446329,1,
2017-03-27,7170.0,7090.0,18985.58984375,652600.4940000001,91,0.0,0.0,0.0,0.0,550.4170958904288,7175080.0,100757727.42419682,100058911.9604297,-698815.4637671234,13.94533746807418,1,
2017-03-28,7225.0,7255.0,19202.869140625,650380.0499999999,90,0.0,0.0,0.0,0.0,613.3158356164204,7995010.0,100757727.42419682,100227848.59459409,-529878.8296027395,12.536300591818408,1,
2017-03-29,7365.0,7365.0,19217.48046875,633516.678,86,0.0,0.0,0.0,0.0,671.2037260273792,8749620.0,100757727.42419682,100348270.71286806,-409456.7113287672,11.468871872477669,1,
2017-03-30,7330.0,7250.0,19063.220703125,0.0,0,3319825.9020000002,61147.11131506887,48725.075651412626,12422.035663656241,408.78082191782596,5328750.0,100806452.49984823,100234395.79838248,-572056.7014657535,18.81011415404785,1,
2017-03-31,7345.0,7155.0,18909.259765625,653835.741,89,0.0,0.0,0.0,0.0,452.2744109589257,5895720.0,100806452.49984823,100147077.78297152,-659374.7168767125,16.986403320200335,1,
2017-04-03,7190.0,7210.0,18983.23046875,654420.858,91,0.0,0.0,0.0,0.0,506.0827397260291,6597150.0,100806452.49984823,100193580.8422318,-612871.6576164385,15.187403779242825,1,
2017-04-04,7155.0,7075.0,18810.25,651235.221,91,0.0,0.0,0.0,0.0,545.9961643835268,7117450.0,100806452.49984823,100062099.62506741,-744352.874780822,14.058700746063185,1,
2017-04-05,7130.0,7110.0,18861.26953125,648959.766,91,0.0,0.0,0.0,0.0,598.330849315098,7799670.0,100806452.49984823,100094761.52821809,-711690.9716301372,12.833204677661758,1,
2017-04-06,7020.0,6905.0,18597.060546875,652990.5719999999,93,0.0,0.0,0.0,0.0,630.3413698630466,8216950.0,100806452.49984823,99858420.61484823,-948031.8850000001,12.152735578876374,1,
2017-04-07,7000.0,6955.0,18664.630859375,651130.2,93,0.0,0.0,0.0,0.0,684.5244383561949,8923265.0,100806452.49984823,99912920.89040987,-893531.6094383562,11.19690168233375,1,
2017-04-10,7050.0,7050.0,18797.880859375,648729.72,92,0.0,0.0,0.0,0.0,743.6301369862922,9693750.0,100806452.49984823,100033932.54027289,-772519.9595753425,10.31942566501848,1,
2017-04-11,6985.0,7005.0,18747.869140625,300415.071,43,0.0,0.0,0.0,0.0,761.9904657534789,9933090.0,100806452.49984823,99972095.47880714,-834357.021041096,10.064551461711021,1,exposure_limit_hit
2017-04-12,6895.0,6855.0,18552.609375,62067.411,9,0.0,0.0,0.0,0.0,750.4065205479565,9782085.0,100806452.49984823,99758272.66128659,-1048179.8385616438,10.19805825253886,1,exposure_limit_hit
2017-04-13,6755.0,6775.0,18426.83984375,216203.232,32,0.0,0.0,0.0,0.0,758.280273972603,9884725.0,100806452.49984823,99643951.14901261,-1162501.3508356162,10.080599222437915,1,exposure_limit_hit
2017-04-14,6720.0,6705.0,18335.630859375,114262.848,17,0.0,0.0,0.0,0.0,759.189698630129,9896580.0,100806452.49984823,99540784.11131398,-1265668.3885342465,10.058099273821258,1,exposure_limit_hit
2017-04-17,6635.0,6725.0,18355.259765625,99544.905,15,0.0,0.0,0.0,0.0,769.1926027397276,10026975.0,100806452.49984823,99570865.01371124,-1235587.4861369864,9.930299518420187,9,exposure_limit_hit
2017-04-18,6825.0,6770.0,18418.58984375,68263.65,10,102354.52500000001,2801.881643835626,2232.6793878904186,569.2022559452074,771.7429041095602,10060220.0,100808685.17923613,99636859.9435512,-1171825.2356849317,9.904043842336568,9,exposure_limit_hit
2017-04-19,6705.0,6785.0,18432.19921875,0.0,0,0.0,0.0,0.0,0.0,773.4528219177737,10082510.0,100808685.17923613,99658376.49072927,-1150308.688506849,9.884282434704183,9,exposure_limit_hit
2017-04-20,6785.0,6785.0,18430.490234375,27145.428,4,115321.931,1023.8916027397247,815.8880236431496,208.00357909657507,766.6864109588641,9994305.0,100809501.06725977,99657373.30373922,-1152127.7635205477,9.971416051815432,9,exposure_limit_hit
2017-04-21,6880.0,6920.0,18620.75,0.0,0,0.0,0.0,0.0,0.0,781.9410410959099,10193160.0,100809501.06725977,99855446.36269812,-954054.7045616439,9.796318939631883,9,exposure_limit_hit
2017-04-24,7110.0,7105.0,18875.880859375,14222.844,2,326994.588,15240.644027397291,12144.507193231533,3096.13683416576,778.8637260273972,10153045.0,100821645.574453,100124228.10613793,-697417.4683150683,9.861497521791534,9,
2017-04-25,7090.0,7255.0,19079.330078125,0.0,0,2339232.06,21872.76435616464,17429.312277209792,4443.452078954846,611.6461917808047,7973245.0,100839074.88673021,100278605.06786719,-560469.8188630138,12.576887461487411,9,
2017-04-26,7350.0,7415.0,19289.4296875,0.0,0,2020845.75,49683.90905479449,39590.622930312995,10093.286124481501,468.7092602739431,6109960.0,100878665.50966053,100425603.82248245,-453061.68717808253,16.4363766411699,9,
2017-04-27,7350.0,7390.0,19251.869140625,0.0,0,0.0,0.0,0.0,0.0,467.12898630136624,6089360.0,100878665.50966053,100404536.69349614,-474128.81616438366,16.48852041815497,9,
2017-04-28,7375.0,7345.0,19196.740234375,0.0,0,0.0,0.0,0.0,0.0,464.2844931506843,6052280.0,100878665.50966053,100366992.40900299,-511673.1006575345,16.58333593439216,9,
2017-05-01,7355.0,7425.0,19310.51953125,0.0,0,0.0,0.0,0.0,0.0,469.34136986301746,6118200.0,100878665.50966053,100432443.06763314,-446222.44202739734,16.41535795947062,9,
2017-05-02,7455.0,7535.0,19445.69921875,0.0,0,1304364.075,14838.17402739722,11823.798973731475,3014.375053665745,375.139780821919,4890215.0,100890489.30863425,100505432.62779863,-385056.68083561654,20.55235457496217,9,
2017-05-08,7750.0,7885.0,19895.69921875,0.0,0,1038292.3,37368.06294520543,29776.74095788695,7591.321987318483,311.51150684930326,4060775.0,100920266.04959214,100706382.09430447,-213883.95528767136,24.79979365867463,9,
2017-05-09,7900.0,7850.0,19843.0,0.0,0,1611277.68,63530.38950684936,50624.190878532914,12906.198628316448,187.28164383562398,2441350.0,100970890.24047068,100685141.29403232,-285748.94643835624,41.241584080132846,9,
2017-05-10,7885.0,7895.0,19900.08984375,0.0,0,0.0,0.0,0.0,0.0,188.3552328767255,2455345.0,100970890.24047068,100698947.93879944,-271942.3016712329,41.01213798419344,9,
2017-05-11,7925.0,7950.0,19961.55078125,0.0,0,0.0,0.0,0.0,0.0,189.667397260273,2472450.0,100970890.24047068,100715863.27140218,-255026.9690684932,40.735247738640695,9,
2017-05-12,7890.0,7885.0,19883.900390625,0.0,0,0.0,0.0,0.0,0.0,188.11665753423586,2452235.0,100970890.24047068,100695460.15474465,-275430.0857260275,41.06272855364378,9,
2017-05-15,7785.0,7855.0,19869.849609375,0.0,0,0.0,0.0,0.0,0.0,187.4009315068688,2442905.0,100970890.24047068,100685942.75381315,-284947.4866575343,41.21566035265929,9,
2017-05-16,7920.0,7895.0,19919.8203125,0.0,0,0.0,0.0,0.0,0.0,188.3552328767255,2455345.0,100970890.24047068,100698194.39858027,-272695.84189041104,41.011831086295516,9,
2017-05-17,7815.0,7815.0,19814.880859375,0.0,0,0.0,0.0,0.0,0.0,186.44663013699756,2430465.0,100970890.24047068,100673127.95195013,-297762.288520548,41.421344455464336,9,
2017-05-18,7600.0,7615.0,19553.859375,0.0,0,0.0,0.0,0.0,0.0,181.67512328765588,2368265.0,100970890.24047068,100610746.27682684,-360143.9636438356,42.482892022990185,9,
2017-05-19,7645.0,7650.0,19590.759765625,45879.174,6,0.0,0.0,0.0,0.0,186.0312328767177,2425050.0,100970890.24047068,100621466.07159397,-349424.16887671244,41.49253255462526,9,
2017-05-22,7710.0,7710.0,19678.279296875,38557.71,5,0.0,0.0,0.0,0.0,190.44756164384307,2482620.0,100970890.24047068,100640287.91403233,-330602.3264383562,40.53793488896099,9,
2017-05-23,7680.0,7655.0,19613.279296875,23044.608,3,46070.784,184.5401917808225,147.05085182054842,37.489339960274094,187.3272876712581,2441945.0,100971037.2913225,100622414.27340469,-348623.0179178082,41.20584790951667,9,
2017-05-24,7785.0,7765.0,19742.98046875,46719.342,6,0.0,0.0,0.0,0.0,193.5931506849447,2523625.0,100971037.2913225,100657181.338254,-313855.95306849317,39.88595030492011,9,
2017-05-25,7745.0,7815.0,19813.130859375,15493.098,2,23230.353,182.19628767123186,145.1831118308211,37.01317584041075,194.24021917808568,2532060.0,100971182.47443433,100673122.339859,-298060.13457534247,39.759374714603524,9,
2017-05-26,7800.0,7715.0,19686.83984375,7801.5599999999995,1,54589.08,525.203671232883,418.5085454219228,106.69512581096018,188.2037260273937,2453370.0,100971600.98297974,100640924.96100715,-330676.0219726028,41.02150305946806,9,
2017-05-29,7715.0,7720.0,19682.5703125,23149.629,3,0.0,0.0,0.0,0.0,190.1023561643815,2478120.0,100971600.98297974,100642335.22965097,-329265.7533287672,40.61237358548051,9,
2017-05-30,7710.0,7710.0,19677.849609375,46269.25199999999,6,0.0,0.0,0.0,0.0,193.40482191780757,2521170.0,100971600.98297974,100638922.57282905,-332678.410150685,39.91754723911083,9,
2017-05-31,7660.0,7685.0,19650.5703125,45969.192,6,0.0,0.0,0.0,0.0,196.31490410960396,2559105.0,100971600.98297974,100630692.06592496,-340908.91705479455,39.32261164193144,9,
2017-06-01,7705.0,7850.0,19860.029296875,92478.492,12,0.0,0.0,0.0,0.0,207.75616438357974,2708250.0,100971600.98297974,100687150.81776057,-284450.1652191781,37.17793808465266,9,
2017-06-02,7920.0,8125.0,20177.279296875,23764.752,3,261307.728,6664.64461643836,5310.722062608907,1353.9225538294527,196.33561643832945,2559375.0,100976911.70504236,100774268.5355903,-202643.1694520548,39.37456157678742,9,
2017-06-05,8055.0,8105.0,20170.8203125,0.0,0,48320.334,887.307616438359,707.0510741589063,180.25654227945262,192.12180821917718,2504445.0,100977618.75611652,100767286.49123982,-210332.26487671238,40.235376097794045,9,
2017-06-06,8070.0,7930.0,19979.900390625,0.0,0,0.0,0.0,0.0,0.0,187.9735890410957,2450370.0,100977618.75611652,100713023.51765077,-264595.23846575344,41.10114942545443,9,
2017-06-07,7930.0,7950.0,19984.619140625,15863.172,2,0.0,0.0,0.0,0.0,189.667397260273,2472450.0,100977618.75611652,100719050.67825352,-258568.07786301375,40.73653690802787,9,
2017-06-08,8000.0,7890.0,19909.259765625,16003.199999999999,2,0.0,0.0,0.0,0.0,189.44646575338265,2469570.0,100977618.75611652,100699978.03178775,-277640.7243287672,40.776320586898834,9,
2017-06-09,7935.0,7965.0,20013.259765625,55556.109,7,0.0,0.0,0.0,0.0,195.52438356165658,2548800.0,100977618.75611652,100723456.3984042,-254162.35771232878,39.51799136786103,9,
2017-06-12,7890.0,7890.0,19908.580078125,63132.623999999996,8,0.0,0.0,0.0,0.0,198.52536986296764,2587920.0,100977618.75611652,100699245.24903433,-278373.50708219176,38.91126667324892,9,
2017-06-13,7850.0,7880.0,19898.75,117773.54999999999,15,0.0,0.0,0.0,0.0,207.34115068493702,2702840.0,100977618.75611652,100696184.35788365,-281434.39823287673,37.2556956230793,9,
2017-06-14,7940.0,7865.0,19883.51953125,79415.88,10,0.0,0.0,0.0,0.0,212.97989041091932,2776345.0,100977618.75611652,100690060.49799323,-287558.25812328776,36.26712836408776,9,
2017-06-15,7815.0,7820.0,19831.8203125,367378.461,47,0.0,0.0,0.0,0.0,239.95616438353318,3128000.0,100977618.75611652,100674097.08082886,-303521.67528767127,32.18481364476626,10,
2017-06-16,7895.0,7905.0,19943.259765625,371139.213,47,0.0,0.0,0.0,0.0,271.0656986301474,3533535.0,100977618.75611652,100708221.80213022,-269396.9539863014,28.5007002342216,10,
2017-06-19,7925.0,8005.0,20067.75,293283.645,37,0.0,0.0,0.0,0.0,297.21578082193446,3874420.0,100977618.75611652,100755525.9413494,-222092.81476712332,26.005318458336834,10,
2017-06-20,8130.0,8135.0,20230.41015625,138237.642,17,382033.578,14569.558972602708,11609.753067318468,2959.80590528424,283.3208767122851,3693290.0,100989228.50918384,100814948.7505674,-174279.75861643834,27.296786537360294,10,
2017-06-21,8100.0,8060.0,20138.7890625,64812.96,8,1020395.8799999999,23933.61280821917,19071.499366229447,4862.113441989725,207.74926027395122,2708160.0,101008300.00855006,100780331.80786513,-227968.20068493154,37.21358110594098,10,
2017-06-22,8065.0,8045.0,20110.509765625,40333.064999999995,5,0.0,0.0,0.0,0.0,210.4483835616702,2743345.0,101008300.00855006,100774973.29448158,-233326.71406849317,36.73434194185623,8,
2017-06-23,8065.0,8060.0,20132.669921875,48399.678,6,0.0,0.0,0.0,0.0,214.55057534245134,2796820.0,101008300.00855006,100779834.06590623,-228465.94264383562,36.033721893402586,8,
2017-06-26,8045.0,8070.0,20153.349609375,48279.653999999995,6,0.0,0.0,0.0,0.0,218.5311780821503,2848710.0,101008300.00855006,100783225.88072814,-225074.12782191788,35.37854884517137,8,
2017-06-27,8145.0,8130.0,20225.08984375,57026.403,7,0.0,0.0,0.0,0.0,224.52164383565832,2926800.0,101008300.00855006,100804064.95608431,-204235.05246575337,34.44173327732825,8,
2017-06-28,8085.0,8075.0,20130.41015625,48519.702000000005,6,64667.064,359.61295890411054,286.55758630274045,73.05537260137005,221.763835616468,2890850.0,101008586.56613638,100783967.4988761,-224619.06726027397,34.863091304936646,8,
2017-06-29,8180.0,8140.0,20220.30078125,81816.36,10,0.0,0.0,0.0,0.0,229.79331506854214,2995520.0,101008586.56613638,100806591.34556103,-201995.2205753425,33.65245144267474,8,
2017-06-30,8000.0,7990.0,20033.4296875,56011.2,7,0.0,0.0,0.0,0.0,229.84931506852445,2996250.0,101008586.56613638,100751080.29624596,-257506.26989041094,33.625725589068324,8,
2017-07-03,8005.0,8015.0,20055.80078125,168138.62099999998,21,0.0,0.0,0.0,0.0,243.48032876715297,3173940.0,101008586.56613638,100760388.1949172,-248198.37121917808,31.746154052980586,8,
2017-07-04,8120.0,7990.0,20032.349609375,162432.47999999998,20,0.0,0.0,0.0,0.0,254.97950684935495,3323840.0,101008586.56613638,100747600.73541035,-260985.83072602743,30.310604823159462,8,
2017-07-05,7985.0,8030.0,20081.630859375,215638.119,27,0.0,0.0,0.0,0.0,272.88800000002084,3557290.0,101008586.56613638,100765139.72841035,-243446.83772602747,28.326377587548485,8,
2017-07-06,8015.0,7960.0,19994.060546875,160332.06,20,0.0,0.0,0.0,0.0,282.72175342471746,3685480.0,101008586.56613638,100732714.94665693,-275871.619479452,27.33231897789621,8,
2017-07-07,7855.0,7910.0,19929.08984375,259266.843,33,0.0,0.0,0.0,0.0,300.9700821918086,3923360.0,101008586.56613638,100711027.13357472,-297559.4325616439,25.66958605215293,8,
2017-07-10,8020.0,8035.0,20080.98046875,280756.14,35,0.0,0.0,0.0,0.0,327.2996712329041,4266585.0,101008586.56613638,100773168.6939035,-235417.8722328767,23.619163498184967,8,
2017-07-11,8025.0,8120.0,20195.48046875,136452.285,17,264772.03500000003,5464.8271232877105,4354.647493191812,1110.1796300958983,320.79561643836496,4181800.0,101012941.21362956,100815272.46865696,-197668.74497260276,24.108104756003865,8,
2017-07-12,8065.0,8040.0,20098.380859375,80666.12999999999,10,1024050.1490000001,6410.957753424747,5108.571685816511,1302.3860676082375,245.4733150684624,3199920.0,101018049.78531538,100775228.62827428,-242821.15704109584,31.493046272492524,8,
2017-07-13,8090.0,8045.0,20099.810546875,153740.742,19,0.0,0.0,0.0,0.0,257.35183561647136,3354765.0,101018049.78531538,100776075.53443867,-241974.25087671232,30.039682521559236,8,
2017-07-14,8070.0,8065.0,20118.859375,137217.438,17,0.0,0.0,0.0,0.0,268.5092602739751,3500210.0,101018049.78531538,100784034.5871784,-234015.19813698632,28.793710830829692,8,
2017-07-18,8025.0,7955.0,19999.91015625,120399.075,15,0.0,0.0,0.0,0.0,274.0007123287505,3571795.0,101018049.78531538,100734946.51146607,-283103.27384931507,28.202891406552187,8,
2017-07-19,7935.0,7975.0,20020.859375,246034.197,31,0.0,0.0,0.0,0.0,293.6547945205384,3828000.0,101018049.78531538,100744823.65967155,-273226.12564383564,26.31787451924544,8,
2017-07-20,7990.0,8070.0,20144.58984375,263722.734,33,0.0,0.0,0.0,0.0,317.58213698626787,4139910.0,101018049.78531538,100792693.34353456,-225356.44178082183,24.346590467796293,8,
2017-07-21,8030.0,8030.0,20099.75,0.0,0,248880.214,2807.8606712328983,2237.443775871935,570.4168953609633,296.9120000000112,3870460.0,101020287.22909124,100771256.22863919,-249031.0004520548,26.035989579698327,11,
2017-07-24,7940.0,7930.0,19975.669921875,7941.588,1,0.0,0.0,0.0,0.0,293.8227945205581,3830190.0,101020287.22909124,100722750.81784467,-297536.4112465752,26.297063805671435,11,
2017-07-25,7935.0,7925.0,19955.19921875,79365.87,10,0.0,0.0,0.0,0.0,299.71698630138417,3907025.0,101020287.22909124,100719920.23085837,-300366.99823287665,25.779184988797965,11,
2017-07-26,8030.0,8000.0,20050.16015625,32126.424,4,0.0,0.0,0.0,0.0,305.00821917805297,3976000.0,101020287.22909124,100756463.7986392,-263823.4304520548,25.341162927223138,11,
2017-07-27,7985.0,8015.0,20079.640625,0.0,0,0.0,0.0,0.0,0.0,305.58010958907835,3983455.0,101020287.22909124,100763613.2185296,-256674.01056164378,25.295531948655025,11,
2017-07-28,7980.0,7925.0,19959.83984375,7981.596,1,0.0,0.0,0.0,0.0,302.7567123287881,3946650.0,101020287.22909124,100718523.86581726,-301763.3632739725,25.520004020072026,11,
2017-07-31,7915.0,7910.0,19925.1796875,55416.081,7,0.0,0.0,0.0,0.0,306.4312328767119,3994550.0,101020287.22909124,100710701.3535844,-309585.8755068492,25.21202672480865,11,
2017-08-01,7905.0,7940.0,19985.7890625,31626.324,4,0.0,0.0,0.0,0.0,310.02980821921665,4041460.0,101020287.22909124,100725674.99977617,-294612.22931506846,24.923090912634585,11,
2017-08-02,8005.0,8025.0,20080.0390625,0.0,0,0.0,0.0,0.0,0.0,313.3487671232724,4084725.0,101020287.22909124,100768626.65100905,-251660.57808219173,24.669623206215608,11,
2017-08-03,8005.0,7970.0,20029.259765625,0.0,0,32013.596,382.37315068493234,304.69404512328833,77.67910556164401,308.75561643837136,4024850.0,101020591.92313637,100740378.81228705,-280213.11084931507,25.029598323487097,11,
2017-08-04,7930.0,7925.0,19952.330078125,0.0,0,0.0,0.0,0.0,0.0,307.01232876714494,4002125.0,101020591.92313637,100717346.79995829,-303245.1231780821,25.16596727987214,11,
2017-08-07,8000.0,8000.0,20055.890625,8001.599999999999,1,0.0,0.0,0.0,0.0,310.5315068492928,4048000.0,101020591.92313637,100754909.66845144,-265682.2546849315,24.890046854854607,11,
2017-08-08,8000.0,7945.0,19996.009765625,0.0,0,0.0,0.0,0.0,0.0,308.39660273968184,4020170.0,101020591.92313637,100726771.2718487,-293820.6512876711,25.05535120948833,11,
2017-08-09,7895.0,7740.0,19738.7109375,0.0,0,0.0,0.0,0.0,0.0,300.43923287672806,3916440.0,101020591.92313637,100622740.83261582,-397851.09052054776,25.69239943229459,11,
2017-08-10,7790.0,7740.0,19729.740234375,436327.248,56,0.0,0.0,0.0,0.0,333.6894246575539,4349880.0,101020591.92313637,100619519.89519116,-401072.02794520557,23.131562225898453,11,
2017-08-14,7610.0,7590.0,19537.099609375,327295.446,43,0.0,0.0,0.0,0.0,352.25917808219674,4591950.0,101020591.92313637,100533942.19001308,-486649.7331232877,21.893518481258088,11,
2017-08-15,7695.0,7765.0,19753.310546875,454095.801,59,0.0,0.0,0.0,0.0,395.525698630212,5155960.0,101020591.92313637,100643460.86331445,-377131.0598219178,19.519829646334426,11,
2017-08-16,7745.0,7735.0,19729.279296875,38732.745,5,332968.393,5622.296534246561,4480.126993314372,1142.169540932189,371.44953424653795,4842110.0,101025072.05012968,100622332.89223927,-402739.1578904111,20.78067885534184,11,
2017-08-17,7715.0,7715.0,19702.630859375,54015.801,7,0.0,0.0,0.0,0.0,374.63194520547404,4883595.0,101025072.05012968,100609427.45929407,-415644.59083561646,20.601509228200552,11,
2017-08-18,7535.0,7525.0,19470.41015625,0.0,0,0.0,0.0,0.0,0.0,365.4057534246822,4763325.0,101025072.05012968,100488792.05354065,-536279.996589041,21.09635434356057,11,
2017-08-21,7550.0,7470.0,19393.130859375,264302.85000000003,35,0.0,0.0,0.0,0.0,382.791452054822,4989960.0,101025072.05012968,100450741.41208859,-574330.6380410959,20.130570467917295,11,
2017-08-22,7455.0,7475.0,19383.83984375,111847.365,15,0.0,0.0,0.0,0.0,391.64904109589406,5105425.0,101025072.05012968,100453967.39804749,-571104.6520821918,19.675926567924805,11,
2017-08-23,7590.0,7500.0,19434.640625,356801.346,47,0.0,0.0,0.0,0.0,420.0000000000582,5475000.0,101025072.05012968,100466321.05204749,-558750.9980821916,18.35001297754292,11,
2017-08-24,7450.0,7440.0,19353.76953125,81966.39,11,0.0,0.0,0.0,0.0,422.9181369863072,5513040.0,101025072.05012968,100421971.7439105,-603100.3062191778,18.21535337017517,11,
2017-08-25,7480.0,7520.0,19452.609375,187037.4,25,0.0,0.0,0.0,0.0,441.88756164380175,5760320.0,101025072.05012968,100481772.45634887,-543299.593780822,17.443783063501485,11,
2017-08-28,7540.0,7515.0,19449.900390625,0.0,0,0.0,0.0,0.0,0.0,441.59375342473504,5756490.0,101025072.05012968,100477500.86259544,-547571.1875342466,17.45464699193353,11,
2017-08-29,7410.0,7450.0,19362.55078125,0.0,0,0.0,0.0,0.0,0.0,437.7742465754127,5706700.0,101025072.05012968,100427273.08834887,-597798.9617808217,17.59813431376257,11,
2017-08-30,7540.0,7570.0,19506.5390625,0.0,0,0.0,0.0,0.0,0.0,444.82564383557474,5798620.0,101025072.05012968,100518748.26270503,-506323.78742465767,17.334943186948795,11,
2017-08-31,7625.0,7675.0,19646.240234375,0.0,0,83858.225,1860.1953835616503,1482.296691391101,377.8986921705492,444.5191780822206,5794625.0,101026554.34682108,100597789.06983478,-428765.2769863013,17.36053481801407,11,
2017-09-01,7740.0,7710.0,19691.470703125,0.0,0,580383.9,16873.176506849304,13445.390699482869,3427.7858073664356,402.18739726024796,5242800.0,101039999.73752056,100622517.99663015,-417481.7408904109,19.192515067641366,11,
2017-09-04,7650.0,7565.0,19508.25,0.0,0,0.0,0.0,0.0,0.0,394.6235616438498,5144200.0,101039999.73752056,100523523.37306851,-516476.36445205484,19.541138247554237,11,
2017-09-05,7595.0,7465.0,19385.810546875,0.0,0,0.0,0.0,0.0,0.0,389.4071232876595,5076200.0,101039999.73752056,100455133.96594521,-584865.7715753424,19.789435791723182,11,
2017-09-06,7400.0,7450.0,19357.970703125,0.0,0,0.0,0.0,0.0,0.0,388.62465753431024,5066000.0,101039999.73752056,100444545.34128769,-595454.3962328768,19.827190158169696,11,
2017-09-07,7500.0,7470.0,19396.51953125,0.0,0,0.0,0.0,0.0,0.0,389.6679452055105,5079600.0,101039999.73752056,100457755.67334248,-582244.0641780822,19.776705975537933,11,
2017-09-08,7435.0,7385.0,19274.8203125,7436.487,1,0.0,0.0,0.0,0.0,385.8004931507312,5029185.0,101039999.73752056,100399518.38584933,-640481.351671233,19.963377443034872,11,
2017-09-11,7510.0,7585.0,19545.76953125,503270.63399999996,67,0.0,0.0,0.0,0.0,435.2335342465667,5673580.0,101039999.73752056,100540207.51831508,-499792.21920547925,17.720770222384292,9,
2017-09-12,7735.0,7765.0,19776.619140625,38682.735,5,525874.804,15127.549794520612,12054.388053763749,3073.1617407568624,408.0347945206304,5319025.0,101052054.12557432,100669363.3907798,-382690.7347945206,18.926281299820886,9,
2017-09-13,7845.0,7845.0,19865.8203125,0.0,0,886307.703,20191.67132876718,16089.733298328127,4101.938030439052,344.2343013698119,4487340.0,101068143.85887265,100719539.92144799,-348603.93742465746,22.44526599755044,9,
2017-09-14,7840.0,7800.0,19807.439453125,0.0,0,517336.51199999993,2745.345643835565,2187.62867629037,557.7169675451951,302.7682191780623,3946800.0,101070331.48754895,100695475.94826128,-374855.5392876712,25.513194473563715,9,
2017-09-15,7770.0,7875.0,19909.5,7771.554,1,0.0,0.0,0.0,0.0,306.28356164386787,3992625.0,101070331.48754895,100733223.11069964,-337108.376849315,25.229823264318497,9,
2017-09-19,8050.0,8195.0,20299.380859375,0.0,0,0.0,0.0,0.0,0.0,318.7293698630965,4154865.0,101070331.48754895,100895144.38132977,-175187.10621917804,24.28361556424331,11,
2017-09-20,8190.0,8205.0,20310.4609375,0.0,0,876154.7339999998,15044.322164383606,11988.068116689075,3056.2540476945296,251.76986301367288,3282000.0,101082319.55566563,100895126.09141906,-187193.46424657534,30.741964074167903,11,
2017-09-21,8330.0,8245.0,20347.48046875,0.0,0,174895.01400000002,4803.272945205512,3827.488046387012,975.7848988184998,239.71490410958359,3124855.0,101086147.04371202,100911660.60561612,-174486.43809589042,32.29322979965986,11,
2017-09-22,8265.0,8195.0,20296.44921875,0.0,0,413167.35,7334.269917808213,5844.312984005475,1489.9569338027386,206.82832876716566,2696155.0,101091991.35669602,100894431.17035356,-197560.18634246578,37.42159896977494,11,
2017-09-25,8295.0,8270.0,20397.580078125,0.0,0,0.0,0.0,0.0,0.0,208.72120547943632,2720830.0,101091991.35669602,100918897.44914807,-173093.90754794524,37.09121755094882,11,
2017-09-26,8235.0,8205.0,20330.189453125,0.0,0,304634.06100000005,2592.2393287671944,2065.625909128139,526.6134196390556,183.79199999998673,2395860.0,101094056.98260516,100897851.10472845,-196205.87787671233,42.11341693785465,11,
2017-09-27,8265.0,8275.0,20267.05078125,0.0,0,0.0,0.0,0.0,0.0,185.36000000000058,2416300.0,101094056.98260516,100918105.74472845,-175951.23787671234,41.76555301275853,11,
2017-09-28,8375.0,8355.0,20363.109375,0.0,0,0.0,0.0,0.0,0.0,187.15200000000186,2439660.0,101094056.98260516,100941278.59272845,-152778.38987671238,41.37514186104968,11,
2017-09-29,8305.0,8325.0,20356.279296875,0.0,0,141156.763,1659.5487123287671,1322.411391419178,337.13732090958905,175.62328767123108,2289375.0,101095379.39399657,100931637.59511985,-163741.79887671236,44.08698338853174,11,
2017-10-02,8370.0,8380.0,20400.779296875,0.0,0,0.0,0.0,0.0,0.0,176.78356164383877,2304500.0,101095379.39399657,100946585.81155822,-148793.58243835618,43.804116212435765,11,
2017-10-03,8430.0,8560.0,20614.0703125,0.0,0,0.0,0.0,0.0,0.0,180.58082191779977,2354000.0,101095379.39399657,100995905.23073629,-99474.163260274,42.903952944238014,11,
2017-10-04,8585.0,8570.0,20626.66015625,0.0,0,806828.602,7150.352808219126,5697.758635229411,1452.5941729897156,118.9938630136894,1551170.0,101101077.1526318,100998332.2447003,-102744.90793150688,65.11106599837561,11,
2017-10-05,8585.0,8575.0,20628.560546875,0.0,0,0.0,0.0,0.0,0.0,119.06328767124796,1552075.0,101101077.1526318,100999118.18141262,-101958.97121917811,65.0736067402752,11,
2017-10-06,8630.0,8625.0,20690.7109375,0.0,0,0.0,0.0,0.0,0.0,119.7575342465716,1561125.0,101101077.1526318,101008048.42387839,-93028.72875342469,64.70208882945208,11,
2017-10-10,8600.0,8725.0,20823.509765625,0.0,0,0.0,0.0,0.0,0.0,121.14602739726251,1579225.0,101101077.1526318,101026027.27785099,-75049.87478082195,63.971902216499224,11,
2017-10-11,8710.0,8775.0,20881.26953125,0.0,0,0.0,0.0,0.0,0.0,121.84027397261525,1588275.0,101101077.1526318,101034955.43757701,-66121.71505479453,63.61301124652658,11,
2017-10-12,8850.0,8840.0,20954.720703125,0.0,0,0.0,0.0,0.0,0.0,122.7427945205709,1600040.0,101101077.1526318,101046597.6947825,-54479.45784931509,63.15254474562042,11,
2017-10-13,8835.0,9020.0,21155.1796875,0.0,0,0.0,0.0,0.0,0.0,125.24208219179127,1632620.0,101101077.1526318,101079052.4527003,-22024.699931506875,61.912173348789246,11,
2017-10-16,9065.0,9105.0,21255.560546875,0.0,0,679739.025,6679.379794520584,5322.463789263727,1356.9160052568566,74.03736986301374,965130.0,101106399.61642106,101089870.52432516,-16529.09209589045,104.74223215973512,11,
2017-10-17,9190.0,9175.0,21336.119140625,0.0,0,0.0,0.0,0.0,0.0,74.6065753424773,972550.0,101106399.61642106,101097215.91774982,-9183.698671232918,103.95066157806778,11,
2017-10-18,9195.0,9195.0,21363.05078125,0.0,0,0.0,0.0,0.0,0.0,74.76920547946065,974670.0,101106399.61642106,101099261.14854434,-7138.467876712369,103.72665737997922,11,
2017-10-19,9265.0,9265.0,21448.51953125,0.0,0,0.0,0.0,0.0,0.0,75.33841095890966,982090.0,101106399.61642106,101106605.81013338,206.1937123287289,102.95044833990102,11,
2017-10-20,9200.0,9260.0,21457.640625,0.0,0,0.0,0.0,0.0,0.0,75.29775342466019,981560.0,101106399.61642106,101106000.51237996,-399.1040410959281,103.00542046576874,11,
2017-10-23,9490.0,9475.0,21696.650390625,9491.898,1,759048.1600000001,20953.532356164444,16696.822258009637,4256.710098154807,19.624931506827124,255825.0,101123096.43867907,101125545.4393503,2449.0006712328986,395.2918809316928,11,
2017-10-24,9440.0,9575.0,21805.169921875,0.0,0,217076.57600000003,1910.2862465753865,1522.2115955835968,388.0746509917897,2.9380821917875437,38300.0,101124618.65027466,101124706.00261714,87.35234246575443,2640.331749415591,11,
2017-10-25,9665.0,9500.0,21707.619140625,0.0,0,9663.067000000001,171.9132328767131,136.98905961780883,34.92417325890427,2.1863013698603027,28500.0,101124755.63933428,101124531.95914249,-223.68019178082082,3548.2291915488595,11,
2017-10-26,9490.0,9515.0,21739.779296875,56951.38799999999,6,0.0,0.0,0.0,0.0,6.569260273972759,85635.0,101124755.63933428,101124709.00188223,-46.63745205478514,1180.8805862308895,11,
2017-10-27,9615.0,9755.0,22008.44921875,96169.23000000001,10,0.0,0.0,0.0,0.0,14.218246575328521,185345.0,101124755.63933428,101128235.55363564,3479.914301369862,545.6216005483592,11,
2017-10-30,9790.0,9740.0,22011.669921875,0.0,0,185972.798,4107.712301369852,3273.2305473465663,834.4817540232854,0.0,0.0,101128028.86988163,101128028.86988163,0.0,inf,11,
2017-10-31,9625.0,9740.0,22011.609375,38507.7,4,0.0,0.0,0.0,0.0,2.988712328762631,38960.0,101128028.86988163,101128478.1811693,449.3112876712358,2595.700158654243,11,
2017-11-01,9900.0,10120.0,22420.080078125,138627.72,14,0.0,0.0,0.0,0.0,13.97391780820908,182160.0,101128028.86988163,101133036.48725149,5007.6173698630155,555.1879473388861,11,
2017-11-02,10190.0,10205.0,22539.119140625,0.0,0,183383.316,6230.933369863007,4965.119255775337,1265.8141140876699,0.0,0.0,101132993.9891374,101132993.9891374,0.0,inf,11,
2017-11-06,10285.0,10220.0,22548.349609375,0.0,0,0.0,0.0,0.0,0.0,0.0,0.0,101132993.9891374,101132993.9891374,0.0,inf,11,
2017-11-07,10205.0,10595.0,22937.599609375,0.0,0,0.0,0.0,0.0,0.0,0.0,0.0,101132993.9891374,101132993.9891374,0.0,inf,11,
2017-11-08,10485.0,10555.0,22913.8203125,0.0,0,0.0,0.0,0.0,0.0,0.0,0.0,101132993.9891374,101132993.9891374,0.0,inf,11,
2017-11-09,10645.0,10515.0,22868.7109375,0.0,0,0.0,0.0,0.0,0.0,0.0,0.0,101132993.9891374,101132993.9891374,0.0,inf,11,
2017-11-10,10270.0,10340.0,22681.419921875,0.0,0,0.0,0.0,0.0,0.0,0.0,0.0,101132993.9891374,101132993.9891374,0.0,inf,11,
2017-11-13,10275.0,10065.0,22380.990234375,174709.935,17,0.0,0.0,0.0,0.0,13.125863013701746,171105.0,101132993.9891374,101129375.92827438,-3618.0608630136962,591.0369418092655,11,
2017-11-14,10035.0,10070.0,22380.009765625,451665.315,45,0.0,0.0,0.0,0.0,47.894575342477765,624340.0,101132993.9891374,101130897.71869904,-2096.2704383561645,161.98048774497715,11,
2017-11-15,9955.0,9755.0,22028.3203125,458021.586,46,0.0,0.0,0.0,0.0,80.81950684932235,1053540.0,101132993.9891374,101101995.31319219,-30998.67594520549,95.96407854774587,11,
2017-11-16,9710.0,10040.0,22351.119140625,456461.274,47,0.0,0.0,0.0,0.0,119.37972602740047,1556200.0,101132993.9891374,101148074.65946616,15080.670328767137,64.99683502086246,11,
2017-11-17,10265.0,10075.0,22396.80078125,451750.332,44,482358.509,25861.035986301413,20607.36652568428,5253.669460617132,117.47726027396857,1531400.0,101153601.35566308,101148511.68974526,-5089.665917808225,66.04970072466061,11,
2017-11-20,9990.0,9950.0,22261.759765625,459631.908,46,0.0,0.0,0.0,0.0,151.13095890411932,1970100.0,101153601.35566308,101127428.65078637,-26172.704876712327,51.33111448697344,11,
2017-11-21,10135.0,10095.0,22416.48046875,395344.053,39,0.0,0.0,0.0,0.0,183.53539726028976,2392515.0,101153601.35566308,101154316.0623891,714.7067260273807,42.27949085476543,11,
2017-11-22,10280.0,10190.0,22523.150390625,82256.448,8,0.0,0.0,0.0,0.0,191.5161643835745,2496550.0,101153601.35566308,101175903.09822471,22301.742561643816,40.52628751606205,11,
2017-11-24,10085.0,10210.0,22550.849609375,0.0,0,927634.436,9662.153178082173,7699.286759954779,1962.8664181273934,119.83463013696019,1562130.0,101161300.64242303,101167034.83317646,5734.190753424645,64.76223799118925,11,
2017-11-27,10305.0,10145.0,22495.990234375,72149.427,7,0.0,0.0,0.0,0.0,124.51945205481024,1623200.0,101161300.64242303,101155830.8867244,-5469.755698630146,62.31877210862765,11,
2017-11-28,10125.0,10150.0,22486.240234375,212667.525,21,0.0,0.0,0.0,0.0,140.9320547945099,1837150.0,101161300.64242303,101156972.4296696,-4328.21275342466,55.06190154841445,11,
2017-11-29,10275.0,10260.0,22597.19921875,71939.38500000001,7,0.0,0.0,0.0,0.0,147.96887671231525,1928880.0,101161300.64242303,101176615.0757929,15314.433369863,52.45355598886032,11,
2017-11-30,10230.0,10370.0,22724.9609375,61392.276,6,460257.93,8209.64404109588,6541.854854147252,1667.789186948628,118.53052054793807,1545130.0,101167842.49727719,101189944.41008541,22101.91280821917,65.4895991988282,11,
2017-12-01,10565.0,10455.0,22819.029296875,73969.791,7,633773.2200000001,25498.383698630187,20318.387050253463,5179.996648376722,76.99463013702189,1003680.0,101188160.88432744,101203040.8478069,14879.963479452055,100.83197916448161,11,
2017-12-04,10485.0,10355.0,22707.16015625,104870.97,10,524145.15,10649.009397260304,8485.663138206874,2163.346259053431,44.48394520551665,579880.0,101196646.54746565,101196307.19760264,-339.3498630137044,174.51249775402263,11,
2017-12-05,10235.0,10265.0,22622.380859375,358296.645,35,0.0,0.0,0.0,0.0,71.65813698634156,934115.0,101196646.54746565,101192173.89446566,-4472.653000000024,108.32946039242026,11,
2017-12-06,10180.0,9855.0,22177.0390625,407281.44,40,0.0,0.0,0.0,0.0,99.03599999996368,1291005.0,101196646.54746565,101141683.41846566,-54963.12900000003,78.34337079907952,11,
2017-12-07,10000.0,10155.0,22498.029296875,450090.0,45,0.0,0.0,0.0,0.0,137.1064109588915,1787280.0,101196646.54746565,101187731.3120547,-8915.235410958932,56.615489073930604,11,
2017-12-08,10270.0,10440.0,22811.080078125,451970.376,44,0.0,0.0,0.0,0.0,176.19287671227357,2296800.0,101196646.54746565,101245104.74317798,48458.19571232875,44.08094076244252,11,
2017-12-11,10505.0,10540.0,22938.73046875,115578.111,11,1260347.88,44405.94732876699,35384.879128927976,9021.068199839014,89.748821917834,1169940.0,101232031.42659457,101253903.69515622,21872.268561643832,86.54623629857618,11,
2017-12-12,10540.0,10495.0,22866.169921875,84336.864,8,874645.0360000001,21091.030972602763,16806.388030518512,4284.642942084251,28.98345205478836,377820.0,101248837.81462508,101247778.24076207,-1059.5738630137032,267.9788741749036,11,
2017-12-13,10495.0,10390.0,22758.0703125,314912.97000000003,30,0.0,0.0,0.0,0.0,52.60471232875716,685740.0,101248837.81462508,101240732.66604975,-8105.1485753425,147.63719874303635,11,
2017-12-14,10335.0,10325.0,22694.44921875,20674.134,2,0.0,0.0,0.0,0.0,53.85972602738184,702100.0,101248837.81462508,101236364.67232372,-12473.142301369897,144.1908056862608,11,
2017-12-15,10265.0,10195.0,22553.220703125,390148.01399999997,38,0.0,0.0,0.0,0.0,82.90071232878836,1080670.0,101248837.81462508,101224703.75761138,-24134.05701369863,93.66846841090377,11,
2017-12-18,10390.0,10520.0,22901.76953125,457251.432,44,0.0,0.0,0.0,0.0,121.05205479453434,1578000.0,101248837.81462508,101264661.27355659,15823.458931506879,64.17278914674056,11,
2017-12-19,10565.0,10480.0,22868.0,306446.277,29,401389.706,11181.306356164423,8909.823969909621,2271.4823862548023,113.35627397257485,1477680.0,101257747.638595,101256899.86389637,-847.7746986301436,68.52424060953412,11,
2017-12-20,10455.0,10510.0,22891.720703125,324169.821,31,0.0,0.0,0.0,0.0,138.6744109589199,1807720.0,101257747.638595,101262631.3684854,4883.729890410957,56.016767734209616,11,
2017-12-21,10465.0,10460.0,22866.099609375,94203.83699999998,9,0.0,0.0,0.0,0.0,145.236383561627,1893260.0,101257747.638595,101253822.29510185,-3925.343493150672,53.48120294893562,11,
2017-12-22,10455.0,10495.0,22902.759765625,83656.728,8,0.0,0.0,0.0,0.0,152.163123287668,1983555.0,101257747.638595,101260308.40397856,2560.7653835616534,51.04991210426661,11,
2017-12-25,10500.0,10535.0,22939.1796875,10502.1,1,0.0,0.0,0.0,0.0,153.55123287675087,2001650.0,101257747.638595,101267747.75274569,10000.114150684942,50.59213536469697,11,
2017-12-26,10520.0,10500.0,22892.689453125,157831.56,15,21035.792,348.84397260274284,277.9763195684956,70.86765303424721,163.51232876710128,2131500.0,101258025.61491457,101260567.60476388,2541.989849315078,47.50671714978366,11,
2017-12-27,10500.0,10535.0,22911.2109375,189037.80000000002,18,0.0,0.0,0.0,0.0,178.60432876716368,2328235.0,101258025.61491457,101268086.20043512,10060.585520547938,43.49564635890927,11,
2017-12-28,10550.0,10420.0,22783.98046875,147729.54,14,0.0,0.0,0.0,0.0,187.84547945208033,2448700.0,101258025.61491457,101240633.81495567,-17391.799958904125,41.34464565481915,11,
2017-12-29,10470.0,10410.0,22764.939453125,314162.81999999995,30,0.0,0.0,0.0,0.0,211.62246575346217,2758650.0,101258025.61491457,101236209.37248991,-21816.242424657503,36.69773598408276,11,
2018-01-04,10760.0,11065.0,23506.330078125,312102.408,29,0.0,0.0,0.0,0.0,249.55364383556298,3253110.0,101258025.61491457,101418317.41084607,160291.7959315069,31.175803280813152,11,
2018-01-05,11200.0,11285.0,23714.529296875,0.0,0,3292141.4400000004,199323.23593150685,158830.7205520212,40492.515379485616,0.0,0.0,101416856.3354666,101416856.3354666,0.0,inf,11,
2018-01-09,11525.0,11400.0,23849.990234375,0.0,0,0.0,0.0,0.0,0.0,0.0,0.0,101416856.3354666,101416856.3354666,0.0,inf,11,
2018-01-10,11380.0,11345.0,23788.19921875,0.0,0,0.0,0.0,0.0,0.0,0.0,0.0,101416856.3354666,101416856.3354666,0.0,inf,11,
2018-01-11,11225.0,11250.0,23710.4296875,0.0,0,0.0,0.0,0.0,0.0,0.0,0.0,101416856.3354666,101416856.3354666,0.0,inf,11,
2018-01-12,11305.0,11205.0,23653.8203125,0.0,0,0.0,0.0,0.0,0.0,0.0,0.0,101416856.3354666,101416856.3354666,0.0,inf,11,
2018-01-15,11360.0,11260.0,23714.880859375,318143.616,28,0.0,0.0,0.0,0.0,24.185863013699418,315280.0,101416856.3354666,101413968.53360358,-2887.8018630136785,321.6631836259946,11,
2018-01-16,11275.0,11490.0,23951.810546875,372149.415,33,0.0,0.0,0.0,0.0,53.766904109565075,700890.0,101416856.3354666,101427375.35169947,10519.016232876753,144.71225920144312,11,
2018-01-17,11320.0,11400.0,23868.33984375,90578.112,8,373485.288,1306.7859863013912,1041.3124131842635,265.4735731171276,31.482739726023283,410400.0,101417897.64787978,101419495.57138664,1597.9235068493413,247.12352722072768,11,
2018-01-18,11650.0,11305.0,23763.369140625,256351.26,22,0.0,0.0,0.0,0.0,50.29950684931828,655690.0,101417897.64787978,101408384.01187977,-9513.635999999982,154.65903706306298,11,
2018-01-19,11375.0,11350.0,23808.060546875,318563.7,28,0.0,0.0,0.0,0.0,74.87890410958789,976100.0,101417897.64787978,101410155.43297566,-7742.214904109584,103.89320298430044,11,
2018-01-22,11340.0,11340.0,23816.330078125,124764.948,11,0.0,0.0,0.0,0.0,84.38202739728149,1099980.0,101417897.64787978,101409186.10294828,-8711.544931506847,92.19184539986934,11,
2018-01-23,11465.0,11650.0,24124.150390625,172009.395,15,0.0,0.0,0.0,0.0,100.09424657537602,1304800.0,101417897.64787978,101441896.6137017,23998.96582191782,77.74516907855741,11,
2018-01-24,11540.0,11480.0,23940.779296875,11542.307999999999,1,865326.9000000001,12976.960054794643,10340.690619663108,2636.2694351315313,33.464986301376484,436240.0,101428238.33849944,101424451.47128026,-3786.86721917808,232.4969087458286,11,
2018-01-25,11290.0,11225.0,23669.490234375,350059.998,31,0.0,0.0,0.0,0.0,59.41561643834575,774525.0,101428238.33849944,101412617.05766383,-15621.280835616459,130.9352403830268,11,
2018-01-26,11295.0,11160.0,23631.880859375,451890.36,40,0.0,0.0,0.0,0.0,93.31594520548242,1216440.0,101428238.33849944,101402548.38171862,-25689.95678082192,83.36009041277714,11,
2018-01-29,11260.0,11175.0,23629.33984375,450490.08,40,0.0,0.0,0.0,0.0,127.73178082192317,1665075.0,101428238.33849944,101400565.5699378,-27672.768561643858,60.89849740698635,11,
2018-01-30,11120.0,10855.0,23291.970703125,456011.184,41,0.0,0.0,0.0,0.0,158.21534246575902,2062450.0,101428238.33849944,101341771.17059533,-86467.1679041096,49.136595394116384,11,
2018-01-31,10765.0,10680.0,23098.2890625,452220.42600000004,42,0.0,0.0,0.0,0.0,190.07473972602747,2477760.0,101428238.33849944,101304670.66985561,-123567.66864383568,40.88558644495658,11,
2018-02-01,10845.0,11030.0,23486.109375,455581.098,42,0.0,0.0,0.0,0.0,231.84153424660326,3022220.0,101428238.33849944,101393317.73032136,-34920.60817808226,33.54928421171237,11,
2018-02-02,10900.0,10830.0,23274.529296875,283456.68,26,457708.44,5418.066164383528,4317.386023089015,1100.6801412945138,214.34498630135204,2794140.0,101432555.72452253,101338174.46519376,-94381.25932876713,36.268109137406775,11,
2018-02-05,10435.0,10285.0,22682.080078125,459231.828,44,0.0,0.0,0.0,0.0,238.27386301365914,3106070.0,101432555.72452253,101190634.36333075,-241921.36119178083,32.57834960684426,11,
2018-02-06,9400.0,9300.0,21610.240234375,451290.24,48,0.0,0.0,0.0,0.0,249.69863013696158,3255000.0,101432555.72452253,100888024.42470062,-544531.2998219178,30.99478476949328,11,
2018-02-07,9825.0,9320.0,21645.369140625,452040.39,46,0.0,0.0,0.0,0.0,283.1237260273774,3690720.0,101432555.72452253,100871420.91097459,-561134.8135479452,27.331095534468773,11,
2018-02-08,9390.0,9525.0,21890.859375,741958.3620000001,79,0.0,0.0,0.0,0.0,347.07534246577416,4524375.0,101432555.72452253,100962770.47363213,-469785.2508904111,22.315296692611053,12,
2018-02-09,8875.0,9110.0,21382.619140625,745649.1,84,0.0,0.0,0.0,0.0,390.6567671232624,5092490.0,101432555.72452253,100784845.716865,-647710.0076575342,19.790877491534594,12,
2018-02-13,9310.0,8965.0,21244.6796875,744948.96,80,781883.5920000001,36175.78865753433,28826.67719175623,7349.111465778099,381.68794520545634,4975575.0,101461382.40171428,100697134.549454,-764247.8522602742,20.23829096123644,12,
2018-02-14,8975.0,8885.0,21154.169921875,745073.985,83,0.0,0.0,0.0,0.0,434.85380821916624,5668630.0,101461382.40171428,100644680.71064578,-816701.6910684931,17.754674535230873,12,
2018-02-15,9085.0,9155.0,21464.98046875,745118.994,82,0.0,0.0,0.0,0.0,505.6569863013283,6591600.0,101461382.40171428,100822026.05965948,-639356.3420547944,15.295531594705304,12,
2018-02-16,9245.0,9360.0,21720.25,739747.92,80,767181.5329999999,21992.685095890363,17524.871118660238,4467.813977230127,514.8256438356475,6711120.0,101478907.27283294,100963997.03303842,-514910.23979452066,15.044284267460338,12,
2018-02-19,9515.0,9740.0,22149.2109375,742318.434,78,1541121.7140000002,56080.89084931512,44688.057873276746,11392.832976038366,472.963726027403,6165420.0,101523595.33070622,101205234.51633637,-318360.81436986313,16.414978138770167,12,
2018-02-20,9665.0,9535.0,21925.099609375,0.0,0,2753974.095,72417.58371232892,57705.9515811693,14711.632131159622,254.54531506847707,3318180.0,101581301.28228739,101097002.43389013,-484298.8483972603,30.467606469175912,12,
2018-02-21,9570.0,9595.0,21970.810546875,76575.312,8,0.0,0.0,0.0,0.0,262.0355068493227,3415820.0,101581301.28228739,101117805.08638328,-463496.1959041096,29.602790863213894,12,
2018-02-22,9415.0,9375.0,21736.439453125,0.0,0,0.0,0.0,0.0,0.0,256.02739726024447,3337500.0,101581301.28228739,101039229.05898602,-542072.2233013698,30.273926309808544,12,
2018-02-23,9430.0,9510.0,21892.779296875,745118.9940000001,79,0.0,0.0,0.0,0.0,317.34739726028056,4136850.0,101581301.28228739,101093142.71758875,-488158.56469863025,24.43722704898383,12,
2018-02-26,9745.0,9760.0,22153.630859375,321649.31700000004,33,0.0,0.0,0.0,0.0,350.39736986297066,4567680.0,101581301.28228739,101201973.00321889,-379328.2790684932,22.156099596122953,12,
2018-02-27,9950.0,9960.0,22389.859375,0.0,0,865476.87,43642.31468493148,34776.37845668765,8865.936228243829,291.10487671237206,3794760.0,101616077.66074407,101285372.83211394,-330704.82863013697,26.69085076055243,12,
2018-02-28,9870.0,9710.0,22068.240234375,0.0,0,779574.054,5369.351821917759,4278.567999295166,1090.7838226225927,224.9527671232354,2932420.0,101620356.22874337,101201291.1495242,-419065.07921917806,34.51118569288308,12,
2018-03-01,9550.0,9375.0,21724.470703125,0.0,0,0.0,0.0,0.0,0.0,217.1917808218859,2831250.0,101620356.22874337,101099903.95774338,-520452.2709999999,35.708575349313335,12,
2018-03-02,8925.0,8900.0,21181.640625,607021.38,68,0.0,0.0,0.0,0.0,252.61369863012806,3293000.0,101620356.22874337,100954379.96404475,-665976.2646986302,30.657266918932507,12,
2018-03-05,8775.0,8795.0,21042.08984375,746024.1749999999,85,0.0,0.0,0.0,0.0,306.9816438356356,4001725.0,101620356.22874337,100916773.80740091,-703582.4213424658,25.21831805219022,12,
2018-03-06,9120.0,9105.0,21417.759765625,738867.7440000001,81,0.0,0.0,0.0,0.0,374.37764383564354,4880280.0,101620356.22874337,101056086.68575707,-564269.5429863014,20.70702637671549,12,
2018-03-07,8970.0,8950.0,21252.720703125,744658.902,83,1372135.5180000002,18833.444643835723,15007.430364440495,3826.0142793952264,319.9441095890943,4170700.0,101635363.65910782,100969837.3433681,-665526.3157397261,24.209326334516533,12,
2018-03-08,9150.0,9025.0,21368.0703125,741298.23,81,0.0,0.0,0.0,0.0,378.7038356164994,4936675.0,101635363.65910782,100994135.40953247,-641228.2495753425,20.457926723864237,12,
2018-03-09,9200.0,9115.0,21469.19921875,745349.04,81,0.0,0.0,0.0,0.0,439.1182465753518,5724220.0,101635363.65910782,101035892.2512859,-599471.4078219178,17.650595583553024,12,
2018-03-12,9515.0,9455.0,21824.029296875,0.0,0,789587.051,44755.663630136965,35663.55056367464,9092.113066462325,395.29671232876717,5152975.0,101671027.20967148,101244746.8925071,-426280.3171643836,19.64782419718844,12,
2018-03-13,9360.0,9555.0,21968.099609375,0.0,0,2274025.1040000003,47939.57926027394,38200.65373354929,9738.92552672465,221.36186301367707,2885610.0,101709227.86340503,101241446.70911737,-467781.15428767126,35.084937572685625,12,
2018-03-14,9380.0,9390.0,21777.2890625,0.0,0,0.0,0.0,0.0,0.0,217.53928767124307,2835780.0,101709227.86340503,101191399.1698297,-517828.6935753425,35.683797463071784,12,
2018-03-15,9325.0,9420.0,21803.94921875,0.0,0,0.0,0.0,0.0,0.0,218.23430136987008,2844840.0,101709227.86340503,101200240.93552832,-508986.9278767123,35.573262797038964,12,
2018-03-16,9450.0,9300.0,21676.509765625,0.0,0,0.0,0.0,0.0,0.0,215.45424657530384,2808600.0,101709227.86340503,101163785.48128174,-545442.3821232875,36.01929270144618,12,
2018-03-19,9180.0,9130.0,21480.900390625,0.0,0,0.0,0.0,0.0,0.0,211.51583561644657,2757260.0,101709227.86340503,101112233.96544613,-596993.8979589042,36.671272917840945,12,
2018-03-20,8970.0,9045.0,21380.970703125,717743.52,80,0.0,0.0,0.0,0.0,265.055671232898,3455190.0,101709227.86340503,101092155.3897749,-617072.4736301369,29.25805972747516,12,
2018-03-22,9035.0,9225.0,21591.990234375,741018.1740000001,82,0.0,0.0,0.0,0.0,328.35945205474854,4280400.0,101709227.86340503,101176018.85632284,-533209.0070821919,23.637047672255594,12,
2018-03-23,8690.0,8375.0,20617.859375,78225.64199999999,9,0.0,0.0,0.0,0.0,303.88630136990105,3961375.0,101709227.86340503,100778464.32802147,-930763.5353835619,25.44027372516398,12,
2018-03-26,8200.0,8500.0,20766.099609375,746349.24,91,0.0,0.0,0.0,0.0,367.75890410956345,4794000.0,101709227.86340503,100864372.32911736,-844855.5342876713,21.03971054007454,12,
2018-03-27,8670.0,8935.0,21317.3203125,745769.1240000001,86,788812.206,42403.62901369864,33789.331779565764,8614.297234132879,383.15238356165355,4994665.0,101743017.1951846,101099082.96149968,-643934.2336849315,20.24141418123131,12,
2018-03-28,8705.0,8860.0,21031.310546875,235082.007,27,826809.605,2738.07297260266,2181.8334482184296,556.2395243842303,333.718575342471,4350260.0,101745199.02863282,101045515.60139994,-699683.4272328768,23.227465852937513,12,
2018-03-29,9060.0,8955.0,21159.080078125,743068.584,82,244571.076,9470.717876712317,7546.7415400582095,1923.9763366541072,375.0795616438263,4889430.0,101752745.77017288,101083889.03750165,-668856.7326712332,20.673961798717162,12,
2018-03-30,9155.0,9220.0,21454.30078125,741703.311,81,0.0,0.0,0.0,0.0,443.46936986298533,5780940.0,101752745.77017288,101233252.25713179,-519493.51304109604,17.51155560464765,12,
2018-04-02,9200.0,9170.0,21388.580078125,0.0,0,2244351.04,41579.55619178069,33132.669351420445,8446.886840360248,269.42213698630803,3512110.0,101785878.4395243,101200056.98815443,-585821.451369863,28.814603468614145,12,
2018-04-03,8885.0,9075.0,21292.2890625,0.0,0,0.0,0.0,0.0,0.0,266.6309589041048,3475725.0,101785878.4395243,101163405.35719553,-622473.0823287672,29.105698913808062,12,
2018-04-04,9195.0,9105.0,21319.55078125,82771.551,9,0.0,0.0,0.0,0.0,273.7985753424873,3569160.0,101785878.4395243,101173795.00762019,-612083.4319041094,28.34666840590508,12,
2018-04-05,9305.0,9395.0,21645.419921875,0.0,0,0.0,0.0,0.0,0.0,282.51923287665704,3682840.0,101785878.4395243,101287192.4883873,-498685.9511369862,27.50246887955689,12,
2018-04-06,9365.0,9340.0,21567.51953125,0.0,0,842681.43,17908.182739726057,14270.135416150708,3638.047323575348,216.38093150686473,2820680.0,101800148.57494044,101263859.49013223,-536289.0848082191,35.90051317062986,12,
2018-04-09,9290.0,9420.0,21678.259765625,0.0,0,0.0,0.0,0.0,0.0,218.23430136987008,2844840.0,101800148.57494044,101287801.25583085,-512347.31910958904,35.604041441990006,12,
2018-04-10,9335.0,9515.0,21794.3203125,0.0,0,0.0,0.0,0.0,0.0,220.43517808214528,2873530.0,101800148.57494044,101316270.82065277,-483877.7542876712,35.25846983349844,12,
2018-04-11,9565.0,9425.0,21687.099609375,0.0,0,0.0,0.0,0.0,0.0,218.35013698626426,2846350.0,101800148.57494044,101288872.47051579,-511276.10442465753,35.585529703134114,12,
2018-04-12,9415.0,9400.0,21660.279296875,0.0,0,0.0,0.0,0.0,0.0,217.77095890408964,2838800.0,101800148.57494044,101281104.69955689,-519043.8753835616,35.677435782569006,12,
2018-04-13,9525.0,9505.0,21778.740234375,0.0,0,0.0,0.0,0.0,0.0,220.20350684929872,2870510.0,101800148.57494044,101312594.49605003,-487554.07889041083,35.29428376701354,12,
2018-04-16,9560.0,9555.0,21835.529296875,0.0,0,0.0,0.0,0.0,0.0,221.36186301367707,2885610.0,101800148.57494044,101327473.13418701,-472675.4407534247,35.114749787458116,12,
2018-04-17,9530.0,9565.0,21847.58984375,0.0,0,0.0,0.0,0.0,0.0,221.59353424658184,2888630.0,101800148.57494044,101330271.54065277,-469877.03428767127,35.07900684430085,12,
2018-04-18,9620.0,9840.0,22158.19921875,0.0,0,0.0,0.0,0.0,0.0,227.9644931507064,2971680.0,101800148.57494044,101413093.57615963,-387054.9987808219,34.126518863457584,12,
2018-04-19,9910.0,9860.0,22191.1796875,0.0,0,0.0,0.0,0.0,0.0,228.42783561642864,2977720.0,101800148.57494044,101418905.148324,-381243.4266164383,34.059248400898674,12,
2018-04-20,9825.0,9840.0,22162.240234375,0.0,0,0.0,0.0,0.0,0.0,227.9644931507064,2971680.0,101800148.57494044,101412637.18383086,-387511.39110958896,34.12636528288068,12,
2018-04-23,9845.0,9775.0,22088.0390625,0.0,0,0.0,0.0,0.0,0.0,226.4586301370291,2952050.0,101800148.57494044,101392780.72520071,-407367.849739726,34.34656619135879,12,
2018-04-24,9910.0,9945.0,22278.119140625,0.0,0,0.0,0.0,0.0,0.0,230.39704109585728,3003390.0,101800148.57494044,101443890.32815962,-356258.24678082194,33.776462706528164,12,
2018-04-25,9795.0,9895.0,22215.3203125,0.0,0,0.0,0.0,0.0,0.0,229.23868493150803,2988290.0,101800148.57494044,101428561.0894747,-371587.4854657535,33.9420073317766,12,
2018-04-26,9980.0,9975.0,22319.609375,0.0,0,0.0,0.0,0.0,0.0,231.0920547945134,3012450.0,101800148.57494044,101452489.9974199,-347658.57752054796,33.67773406941854,12,
2018-04-27,10035.0,10115.0,22467.869140625,0.0,0,0.0,0.0,0.0,0.0,234.33545205480186,3054730.0,101800148.57494044,101494535.66196784,-305612.9129726027,33.22537038035042,12,
2018-05-01,10100.0,10145.0,22508.029296875,0.0,0,0.0,0.0,0.0,0.0,235.03046575339977,3063790.0,101800148.57494044,101503360.63150209,-296787.94343835616,33.1299993248565,12,
2018-05-02,10190.0,10095.0,22472.779296875,0.0,0,0.0,0.0,0.0,0.0,233.87210958905052,3048690.0,101800148.57494044,101488026.7593925,-312121.8155479452,33.289060796405174,12,
2018-05-07,10145.0,10105.0,22467.16015625,0.0,0,0.0,0.0,0.0,0.0,234.1037808219553,3051710.0,101800148.57494044,101490812.65561168,-309335.9193287671,33.25703053553964,12,
2018-05-08,10065.0,10140.0,22508.689453125,0.0,0,0.0,0.0,0.0,0.0,234.91463013697648,3062280.0,101800148.57494044,101501147.74098153,-299000.8339589041,33.14561298802903,12,
2018-05-09,10090.0,10055.0,22408.880859375,0.0,0,0.0,0.0,0.0,0.0,232.94542465751874,3036610.0,101800148.57494044,101475244.79555689,-324903.77938356163,33.4172793989208,12,
2018-05-10,10130.0,10130.0,22497.1796875,0.0,0,0.0,0.0,0.0,0.0,234.68295890410081,3059260.0,101800148.57494044,101497660.11259797,-302488.4623424657,33.17719321424069,12,
2018-05-11,10190.0,10380.0,22758.48046875,0.0,0,0.0,0.0,0.0,0.0,240.47473972602165,3134760.0,101800148.57494044,101572919.63785826,-227228.93708219178,32.40213593316817,12,
2018-05-14,10365.0,10460.0,22865.859375,0.0,0,0.0,0.0,0.0,0.0,242.328109589027,3158920.0,101800148.57494044,101596837.30974866,-203311.2651917808,32.16188992115934,12,
2018-05-15,10475.0,10410.0,22818.01953125,0.0,0,0.0,0.0,0.0,0.0,241.16975342464866,3143820.0,101800148.57494044,101581496.13999523,-218652.43494520552,32.311486071083976,12,
2018-05-16,10330.0,10330.0,22717.23046875,0.0,0,0.0,0.0,0.0,0.0,239.3163835616724,3119660.0,101800148.57494044,101557096.82361168,-243051.75132876713,32.55389908631443,12,
2018-05-17,10410.0,10440.0,22838.369140625,0.0,0,0.0,0.0,0.0,0.0,241.86476712333388,3152880.0,101800148.57494044,101590074.95884456,-210073.6160958904,32.22135792001109,12,
2018-05-18,10500.0,10505.0,22930.359375,0.0,0,0.0,0.0,0.0,0.0,243.37063013695297,3172510.0,101800148.57494044,101609461.58821441,-190686.9867260274,32.028098126787434,12,
2018-05-21,10515.0,10580.0,23002.369140625,0.0,0,0.0,0.0,0.0,0.0,245.10816438356414,3195160.0,101800148.57494044,101631866.48005003,-168282.09489041095,31.808067977832106,12,
2018-05-22,10595.0,10540.0,22960.33984375,0.0,0,466086.76399999997,4569.120328767111,3640.903533978072,928.2167947890385,208.60536986301304,2719320.0,101803789.47847442,101620976.42188539,-182813.05658904114,37.369995595180185,12,
2018-05-23,10455.0,10290.0,22689.740234375,0.0,0,0.0,0.0,0.0,0.0,203.65742465751828,2654820.0,101803789.47847442,101556272.76446073,-247516.7140136987,38.25354365435725,12,
2018-05-24,10225.0,10065.0,22437.009765625,0.0,0,0.0,0.0,0.0,0.0,199.2042739726021,2596770.0,101803789.47847442,101498023.56018676,-305765.9182876713,39.086258528936625,12,
2018-05-25,9990.0,10085.0,22450.7890625,359711.92799999996,36,0.0,0.0,0.0,0.0,227.45128767128335,2964990.0,101803789.47847442,101506304.18089908,-297485.29757534235,34.234956671320674,12,
2018-05-28,10110.0,10100.0,22481.08984375,475265.0339999999,47,0.0,0.0,0.0,0.0,264.20493150682887,3444100.0,101803789.47847442,101509884.94196758,-293904.5365068492,29.47355911325675,12,
2018-05-29,10050.0,9980.0,22358.4296875,422184.42,42,0.0,0.0,0.0,0.0,293.22060273971874,3822340.0,101803789.47847442,101465647.30136484,-338142.1771095889,26.54542696394482,12,
2018-05-30,9655.0,9685.0,22018.51953125,743583.687,77,0.0,0.0,0.0,0.0,341.761095890397,4455100.0,101803789.47847442,101354481.85326895,-449307.6252054794,22.75021477705752,12,
2018-05-31,9835.0,9860.0,22201.8203125,737772.525,75,0.0,0.0,0.0,0.0,404.6652054794249,5275100.0,101803789.47847442,101436304.66306347,-367484.8154109589,19.2292666798854,12,
2018-06-01,9780.0,9810.0,22171.349609375,684736.92,70,752909.388,9210.251630136987,7339.189011474658,1871.0626186623288,397.34531506855274,5179680.0,101811128.66748591,101406788.72312975,-404339.94435616443,19.577809579574364,12,
2018-06-04,10000.0,10090.0,22475.939453125,740148.0,74,0.0,0.0,0.0,0.0,465.9644931507355,6074180.0,101811128.66748591,101560674.7586366,-250453.90884931502,16.720063409157547,12,
2018-06-05,10165.0,10140.0,22539.5390625,0.0,0,1473630.215,50842.6878082192,40513.995779979465,10328.69202823973,355.48339726027916,4633980.0,101851642.66326588,101583420.79821108,-268221.86505479435,21.9214197726816,12,
2018-06-06,10140.0,10230.0,22625.73046875,0.0,0,1115176.92,14981.9110136986,11938.33579126573,3043.5752224328708,272.3141917808389,3549810.0,101863580.99905714,101611111.82879686,-252469.1702602739,28.62438041157044,12,
2018-06-07,10360.0,10400.0,22823.259765625,0.0,0,435032.976,12623.682246575383,10059.181198183594,2564.501048391789,243.331506849383,3172000.0,101873640.18025534,101665526.97224164,-208113.20801369855,32.05092275291351,12,
2018-06-08,10385.0,10275.0,22694.5,0.0,0,487997.38100000005,12406.790232876838,9886.35079706791,2520.4394358089294,203.36054794522352,2650950.0,101883526.5310524,101629750.55325787,-253775.9777945206,38.337105774630935,12,
2018-06-11,10270.0,10395.0,22804.0390625,0.0,0,0.0,0.0,0.0,0.0,205.73556164387264,2681910.0,101883526.5310524,101660504.81769623,-223021.7133561644,37.906009082219846,12,
2018-06-12,10550.0,10465.0,22878.349609375,0.0,0,0.0,0.0,0.0,0.0,207.1209863013646,2699970.0,101883526.5310524,101678357.69670993,-205168.83434246577,37.65906943288626,12,
2018-06-13,10465.0,10530.0,22966.380859375,0.0,0,0.0,0.0,0.0,0.0,208.40745205475832,2716740.0,101883526.5310524,101694919.28925787,-188607.24179452058,37.432702168502644,12,
2018-06-14,10420.0,10325.0,22738.609375,0.0,0,0.0,0.0,0.0,0.0,204.35013698635157,2663850.0,101883526.5310524,101641824.93912089,-241701.59193150687,38.15598661303034,12,
2018-06-15,10460.0,10435.0,22851.75,0.0,0,0.0,0.0,0.0,0.0,206.52723287668778,2692230.0,101883526.5310524,101669998.41188802,-213528.1191643836,37.76423203511142,12,
2018-06-18,10385.0,10265.0,22680.330078125,0.0,0,0.0,0.0,0.0,0.0,203.1626301369688,2648370.0,101883526.5310524,101625935.24925788,-257591.28179452056,38.37301255083613,12,
2018-06-19,10170.0,9915.0,22278.48046875,10172.034,1,0.0,0.0,0.0,0.0,196.99610958906123,2567985.0,101883526.5310524,101535181.2191483,-348345.3119041096,39.53885292131702,12,
2018-06-20,9975.0,10150.0,22555.4296875,738297.6299999999,74,0.0,0.0,0.0,0.0,259.2838356164284,3379950.0,101883526.5310524,101608589.30531266,-274937.22573972604,30.06215751869485,12,
2018-06-21,10120.0,10285.0,22693.0390625,212562.504,21,748730.224,10374.97536986317,8267.299123475466,2107.676246387703,220.91616438352503,2879800.0,101891793.83017588,101642278.4329019,-249515.39727397266,35.29490882453709,12,
2018-06-22,10050.0,10130.0,22516.830078125,0.0,0,0.0,0.0,0.0,0.0,217.58684931506286,2836400.0,101891793.83017588,101598660.84605259,-293132.9841232877,35.81958145749986,12,
2018-06-25,10155.0,9955.0,22338.150390625,243768.74399999998,24,0.0,0.0,0.0,0.0,232.15605479446822,3026320.0,101891793.83017588,101544579.94599779,-347213.8841780821,33.55381451597907,12,
2018-06-26,9815.0,9975.0,22342.0,736272.225,75,0.0,0.0,0.0,0.0,290.01287671233877,3780525.0,101891793.83017588,101562222.70812108,-329571.12205479445,26.864581693844393,12,
2018-06-27,9975.0,9920.0,22271.76953125,79815.95999999999,8,747975.3750000001,11645.759589041236,9279.92352852751,2365.836060513727,237.42772602743935,3095040.0,101901073.7537044,101542293.85933454,-358779.8943698629,32.80807157882759,12,
2018-06-28,9875.0,9925.0,22270.390625,740773.125,75,0.0,0.0,0.0,0.0,294.6501369861944,3840975.0,101901073.7537044,101547161.08419755,-353912.66950684926,26.437860461002103,12,
2018-06-29,9970.0,9950.0,22304.509765625,737927.5560000001,74,0.0,0.0,0.0,0.0,351.8756164383376,4586950.0,101901073.7537044,101554856.65258111,-346217.1011232877,22.139952834144935,12,
2018-07-02,9885.0,9500.0,21811.9296875,464687.91899999994,47,0.0,0.0,0.0,0.0,370.2136986301048,4826000.0,101901073.7537044,101328848.51988249,-572225.2338219179,20.996446025669805,12,
2018-07-03,9570.0,9475.0,21785.5390625,746609.292,78,0.0,0.0,0.0,0.0,425.93369863025146,5552350.0,101901073.7537044,101308163.29418385,-592910.4595205479,18.245997333414472,12,
2018-07-04,9370.0,9420.0,21717.0390625,740378.046,79,0.0,0.0,0.0,0.0,480.54904109585914,6264300.0,101901073.7537044,101279254.69914275,-621819.0545616439,16.167689079249516,12,
2018-07-05,9395.0,9280.0,21546.990234375,742353.4409999999,79,0.0,0.0,0.0,0.0,529.6464657534088,6904320.0,101901073.7537044,101176391.611677,-724682.1420273972,14.654070438750956,12,
2018-07-06,9375.0,9500.0,21788.140625,740773.125,79,0.0,0.0,0.0,0.0,599.7753424657276,7818500.0,101901073.7537044,101349198.71133454,-551875.0423698628,12.962742049157068,12,
2018-07-09,9560.0,9700.0,22052.1796875,745829.136,78,2265266.8559999997,41419.959726027344,33005.494907684886,8414.464818342454,494.0887671233795,6440800.0,101934079.24861209,101482027.87774907,-452051.3708630139,15.756121580820562,12,
2018-07-10,9840.0,9850.0,22196.890625,59051.80799999999,6,1534732.992,41953.05221917809,33430.28966085207,8522.76255832603,388.3868493150221,5062900.0,101967509.53827295,101570897.91234145,-396611.6259315068,20.06180211190058,12,
2018-07-11,9660.0,9590.0,21932.2109375,0.0,0,0.0,0.0,0.0,0.0,378.13501369865844,4929260.0,101967509.53827295,101436879.77732775,-530629.7609452055,20.578520868716144,12,
2018-07-12,9680.0,9825.0,22187.9609375,416323.24799999996,43,0.0,0.0,0.0,0.0,419.8101369863143,5472525.0,101967509.53827295,101563401.71919076,-404107.81908219174,18.55878259472378,12,
2018-07-13,10025.0,10195.0,22597.349609375,0.0,0,430988.78500000003,14633.127958904179,11660.408014052795,2972.719944851384,401.9902465753257,5240230.0,101979169.94628699,101758720.79399931,-220449.1522876712,19.418750855210423,12,
2018-07-16,10195.0,10195.0,22597.349609375,0.0,0,2140521.8099999996,56550.58506849298,45062.33371182863,11488.251356664348,237.75298630134785,3099280.0,102024232.27999882,101746566.59965636,-277665.6803424657,32.82909791940591,12,
2018-07-17,10185.0,10275.0,22697.359375,0.0,0,0.0,0.0,0.0,0.0,239.6186301370035,3123600.0,102024232.27999882,101770646.98102622,-253585.2989726027,32.58120341305744,12,
2018-07-18,10475.0,10375.0,22794.189453125,0.0,0,219931.005,7067.340287671252,5631.610108230837,1435.7301794404148,225.2369863013737,2936125.0,102029863.89010705,101801442.01886047,-228421.87124657532,34.67203951427833,12,
2018-07-19,10440.0,10350.0,22764.6796875,0.0,0,260947.80000000002,6664.646821917838,5310.723820045229,1353.923001872609,204.84493150681374,2670300.0,102035174.6139271,101795006.0509271,-240168.56300000002,38.12118715160361,12,
2018-07-20,10300.0,10275.0,22697.880859375,0.0,0,0.0,0.0,0.0,0.0,203.36054794522352,2650950.0,102035174.6139271,101775452.69037916,-259721.92354794522,38.3920680097245,12,
2018-07-23,10060.0,9985.0,22396.990234375,0.0,0,0.0,0.0,0.0,0.0,197.6209315068554,2576130.0,102035174.6139271,101700435.06944764,-334739.5444794521,39.477990268133844,12,
2018-07-24,10135.0,10100.0,22510.48046875,20274.054,2,0.0,0.0,0.0,0.0,201.4465753424447,2626000.0,102035174.6139271,101729829.5688723,-305345.0450547945,38.73946289751421,12,
2018-07-25,10180.0,10190.0,22614.25,0.0,0,0.0,0.0,0.0,0.0,203.24164383555762,2649400.0,102035174.6139271,101753026.32722847,-282148.28669863014,38.406064138004254,12,
2018-07-26,10210.0,10165.0,22586.869140625,0.0,0,0.0,0.0,0.0,0.0,202.74301369860768,2642900.0,102035174.6139271,101746323.58421476,-288851.0297123288,38.49798463211425,12,
2018-07-27,10215.0,10270.0,22712.75,0.0,0,0.0,0.0,0.0,0.0,204.8372602739837,2670200.0,102035174.6139271,101773418.7469545,-261755.86697260276,38.11453027749026,12,
2018-07-30,10190.0,10135.0,22544.83984375,0.0,0,20375.924,95.62178082191679,76.19621604794439,19.425564773972393,200.58969863012317,2614830.0,102035250.81014314,101738204.65569109,-297046.1544520548,38.90815259718264,12,
2018-07-31,10065.0,10145.0,22553.720703125,0.0,0,0.0,0.0,0.0,0.0,200.78761643831967,2617410.0,102035250.81014314,101740583.86807466,-294666.94206849317,38.87070954419623,12,
2018-08-01,10230.0,10315.0,22746.69921875,0.0,0,0.0,0.0,0.0,0.0,204.15221917803865,2661270.0,102035250.81014314,101784239.71585546,-251011.09428767124,38.24649123007266,12,
2018-08-02,10250.0,10080.0,22512.529296875,0.0,0,0.0,0.0,0.0,0.0,199.50115068495506,2600640.0,102035250.81014314,101723410.21470478,-311840.59543835616,39.11476029542912,12,
2018-08-03,10185.0,10105.0,22525.1796875,0.0,0,0.0,0.0,0.0,0.0,199.99594520550454,2607090.0,102035250.81014314,101729660.21875958,-305590.59138356167,39.02038679859904,12,
2018-08-06,10120.0,10095.0,22507.3203125,10122.024,1,0.0,0.0,0.0,0.0,200.57243835617555,2614605.0,102035250.81014314,101726852.62232122,-308398.1878219178,38.90715906315532,12,
2018-08-07,10140.0,10220.0,22662.740234375,0.0,0,0.0,0.0,0.0,0.0,203.0560000000114,2646980.0,102035250.81014314,101759024.56632122,-276226.2438219178,38.44344292979971,12,
2018-08-08,10225.0,10225.0,22644.310546875,0.0,0,0.0,0.0,0.0,0.0,203.15534246576135,2648275.0,102035250.81014314,101760116.41097876,-275134.39916438353,38.425056465427026,12,
2018-08-09,10160.0,10185.0,22598.390625,0.0,0,0.0,0.0,0.0,0.0,202.3606027396745,2637915.0,102035250.81014314,101749554.05037601,-285696.7597671233,38.57196082905477,12,
2018-08-10,10185.0,9920.0,22298.080078125,0.0,0,0.0,0.0,0.0,0.0,197.09545205481118,2569280.0,102035250.81014314,101680721.95492396,-354528.85521917813,39.57557057032474,12,
2018-08-13,9755.0,9520.0,21857.4296875,741528.276,76,0.0,0.0,0.0,0.0,244.6509589040652,3189200.0,102035250.81014314,101558869.02796505,-476381.78217808215,31.84462217106643,12,
2018-08-14,9680.0,9930.0,22356.080078125,745509.0719999999,77,0.0,0.0,0.0,0.0,313.8424109588668,4091160.0,102035250.81014314,101715006.1135541,-320244.696589041,24.862143282969647,12,
2018-08-15,9950.0,9825.0,22204.220703125,527455.47,53,1522045.53,34836.130821917955,27759.170845445322,7076.959976472633,235.1539726027404,3065400.0,102063009.98098859,101676524.05960503,-386485.9213835616,33.16908855601391,12,
2018-08-16,9575.0,9825.0,22192.0390625,746999.3699999999,78,0.0,0.0,0.0,0.0,293.94246575341094,3831750.0,102063009.98098859,101695580.74713928,-367429.233849315,26.540244208818237,12,
2018-08-17,9925.0,9885.0,22270.380859375,744523.875,75,773995.1699999999,26937.01150684936,21464.757619232914,5472.253887616448,293.46263013701537,3825495.0,102084474.73860782,101713031.32562152,-371443.4129863013,26.588201350575943,12,
2018-08-20,9845.0,9815.0,22199.0,374184.822,38,0.0,0.0,0.0,0.0,319.99589041090803,4171375.0,102084474.73860782,101684406.50773111,-400068.2308767123,24.376711877433966,12,
2018-08-21,9740.0,9845.0,22219.73046875,68193.636,7,0.0,0.0,0.0,0.0,326.2606027396978,4253040.0,102084474.73860782,101697551.61112837,-386923.127479452,23.911731752141616,12,
2018-08-22,9825.0,9940.0,22362.55078125,619098.795,63,0.0,0.0,0.0,0.0,377.44767123289057,4920300.0,102084474.73860782,101745335.36845714,-339139.370150685,20.678685317654846,12,
2018-08-23,9995.0,9985.0,22410.8203125,0.0,0,699510.07,12158.975931506773,9688.879971021172,2470.0959604856007,325.5383561643539,4243625.0,102094163.61857885,101765374.8041405,-328788.8144383562,23.980765219391557,12,
2018-08-24,10070.0,10160.0,22601.76953125,0.0,0,382583.46800000005,8283.253013698697,6600.510163965807,1682.7428497328904,301.6267397259944,3931920.0,102100764.12874281,101834268.90255104,-266495.2261917808,25.89937458100649,12,
2018-08-27,10235.0,10350.0,22799.640625,0.0,0,1309817.984,37173.22935616435,29621.487812459563,7551.741543704788,205.638904109539,2680650.0,102130385.61655527,101885059.50610322,-245326.11045205483,38.007594988567405,12,
2018-08-28,10490.0,10365.0,22813.470703125,0.0,0,10487.902,353.62512328767184,281.7861794917813,71.83894379589053,205.1418082191958,2674170.0,102130667.40273476,101888790.42735119,-241876.97538356166,38.101089469761156,12,
2018-08-29,10375.0,10410.0,22848.220703125,0.0,0,0.0,0.0,0.0,0.0,206.0324383561674,2685780.0,102130667.40273476,101900194.39491284,-230473.00782191782,37.940633408139476,12,
2018-08-30,10565.0,10420.0,22869.5,0.0,0,0.0,0.0,0.0,0.0,206.23035616442212,2688360.0,102130667.40273476,101902568.16455667,-228099.2381780822,37.90510503227122,12,
2018-08-31,10280.0,10410.0,22865.150390625,0.0,0,0.0,0.0,0.0,0.0,206.0324383561674,2685780.0,102130667.40273476,101899782.13211831,-230885.2706164384,37.940479909790945,12,
2018-09-03,10375.0,10280.0,22707.380859375,0.0,0,0.0,0.0,0.0,0.0,203.45950684932177,2652240.0,102130667.40273476,101866038.67261147,-264628.73012328765,38.40754934418133,12,
2018-09-04,10320.0,10270.0,22696.900390625,0.0,0,0.0,0.0,0.0,0.0,203.26158904109616,2649660.0,102130667.40273476,101863255.41102242,-267411.99171232875,38.44389673053238,12,
2018-09-05,10240.0,10175.0,22580.830078125,0.0,0,0.0,0.0,0.0,0.0,201.3813698630256,2625150.0,102130667.40273476,101838544.02965257,-292123.3730821918,38.79341905401694,12,
2018-09-06,10065.0,10075.0,22487.939453125,60402.077999999994,6,0.0,0.0,0.0,0.0,204.03945205474156,2659800.0,102130667.40273476,101812587.91220051,-318079.4905342466,38.27828705624502,12,
2018-09-07,9950.0,9915.0,22307.060546875,427935.57,43,0.0,0.0,0.0,0.0,233.50504109592293,3043905.0,102130667.40273476,101768523.83715941,-362143.5655753425,33.433541400654555,12,
2018-09-10,9880.0,9990.0,22373.08984375,741148.2000000001,75,0.0,0.0,0.0,0.0,292.7480547945597,3816180.0,102130667.40273476,101799357.88910462,-331309.5136301372,26.675722290118554,12,
2018-09-11,10050.0,10230.0,22664.689453125,673484.67,67,0.0,0.0,0.0,0.0,352.360438356176,4593270.0,102130667.40273476,101902610.85866626,-228056.54406849327,22.185199402313877,12,
2018-09-12,10275.0,10175.0,22604.609375,0.0,0,1962132.4949999999,58875.15152054779,46914.664489148505,11960.487031399283,201.3813698630256,2625150.0,102177582.0672239,101884461.485265,-293120.58195890416,38.81091041855323,12,
2018-09-13,10205.0,10375.0,22821.3203125,0.0,0,0.0,0.0,0.0,0.0,205.33972602739232,2676750.0,102177582.0672239,101935856.14553897,-241725.92168493153,38.08194868610777,12,
2018-09-14,10530.0,10620.0,23094.669921875,0.0,0,0.0,0.0,0.0,0.0,210.18871232875972,2739960.0,102177582.0672239,101998855.95682664,-178726.11039726032,37.22640328940081,12,
2018-09-18,10590.0,10935.0,23420.5390625,0.0,0,0.0,0.0,0.0,0.0,216.4231232876482,2821230.0,102177582.0672239,102079909.53370336,-97672.53352054795,36.182767634579015,12,
2018-09-19,11250.0,11175.0,23672.51953125,0.0,0,0.0,0.0,0.0,0.0,221.17315068491735,2883150.0,102177582.0672239,102141608.36055267,-35973.706671232896,35.42708785895728,12,
2018-09-20,11245.0,11175.0,23674.9296875,0.0,0,764507.068,17311.496904109626,13794.666308039756,3516.830596069871,162.87945205479627,2123250.0,102191376.73353195,102142535.71850455,-48841.01502739729,48.106692908750524,12,
2018-09-21,11350.0,11375.0,23869.9296875,0.0,0,0.0,0.0,0.0,0.0,165.79452054793364,2161250.0,102191376.73353195,102180369.923984,-11006.809547945239,47.2783666507734,8,
2018-09-25,11350.0,11415.0,23940.259765625,0.0,0,465256.93,4175.155808219163,3326.97290577944,848.182902439723,130.47501369862584,1700835.0,102194703.70643774,102184233.19606787,-10470.510369863037,60.07886314431904,8,
2018-09-26,11480.0,11650.0,24033.7890625,0.0,0,459108.16,3601.845479452011,2870.130570301335,731.714909150676,97.41315068493714,1269850.0,102197573.83700803,102211527.22800803,13953.390999999994,80.49102431626414,8,
2018-09-27,11560.0,11445.0,23796.740234375,0.0,0,820595.848,9590.743369863005,7642.383854275335,1948.3595155876692,33.36295890409383,434910.0,102205216.2208623,102195201.35353354,-10014.86732876712,234.98011393974278,8,
2018-09-28,11695.0,11750.0,24120.0390625,11697.339,1,0.0,0.0,0.0,0.0,35.153424657532014,458250.0,102205216.2208623,102206808.86110887,1592.6402465753438,223.03722610171056,8,
2018-10-01,11800.0,11890.0,24245.759765625,0.0,0,188762.24,3106.3032465753295,2475.257742033551,631.0455045417781,20.978520547942026,273470.0,102207691.47860435,102210139.0770838,2447.5984794520455,373.752656880403,8,
2018-10-02,11995.0,11890.0,24270.619140625,0.0,0,275829.82300000003,4807.421479452055,3830.79380590137,976.6276735506849,0.0,0.0,102211522.27241024,102211522.27241024,0.0,inf,8,
2018-10-03,11835.0,11735.0,24110.9609375,0.0,0,0.0,0.0,0.0,0.0,0.0,0.0,102211522.27241024,102211522.27241024,0.0,inf,8,
2018-10-04,11870.0,11590.0,23975.619140625,11872.374,1,0.0,0.0,0.0,0.0,0.8890958904230502,11590.0,102211522.27241024,102211239.00931436,-283.26309589041074,8818.916221683723,8,
2018-10-05,11415.0,11425.0,23783.720703125,22834.566,2,0.0,0.0,0.0,0.0,2.6293150684796274,34275.0,102211522.27241024,102211086.81399928,-435.4584109589028,2982.0886014295925,8,
2018-10-09,11195.0,11140.0,23469.390625,89577.912,8,0.0,0.0,0.0,0.0,9.40032876713667,122540.0,102211522.27241024,102209764.50167052,-1757.7707397260228,834.0930675834056,8,
2018-10-10,11170.0,11160.0,23506.0390625,301650.318,27,0.0,0.0,0.0,0.0,32.53216438356321,424080.0,102211522.27241024,102209621.65150614,-1900.6209041096126,241.01495390375905,8,
2018-10-11,10385.0,10280.0,22590.859375,290838.15599999996,28,0.0,0.0,0.0,0.0,52.047780821914785,678480.0,102211522.27241024,102173131.44772531,-38390.82468493149,150.59122074007385,8,
2018-10-12,10200.0,10400.0,22694.66015625,714142.7999999999,70,0.0,0.0,0.0,0.0,108.50191780822934,1414400.0,102211522.27241024,102194800.1458075,-16722.12660273964,72.2531109628164,8,
2018-10-15,10205.0,9985.0,22271.30078125,694078.788,68,714207.13,8.48342465760875,6.760016938415533,1.7234077191932178,102.64032876709825,1337990.0,102211529.03242718,102138414.12407102,-73114.9083561643,76.33720291188351,8,
2018-10-16,9995.0,10220.0,22549.240234375,739777.926,74,0.0,0.0,0.0,0.0,163.07200000001467,2125760.0,102211529.03242718,102186243.126071,-25285.906356164287,48.07045156841365,8,
2018-10-17,10490.0,10470.0,22841.119140625,692478.468,66,776104.748,36268.80600000004,28900.79806110003,7368.007938900008,160.63561643834691,2094000.0,102240429.83048828,102230580.76251568,-9849.067972602656,48.82071669652134,8,
2018-10-18,10495.0,10305.0,22658.16015625,556346.247,53,713517.268,19278.465753424756,15362.045435616517,3916.4203178082394,146.24630136985797,1906425.0,102255791.8759239,102196114.11689651,-59677.75902739721,53.606155037253764,8,
2018-10-19,10000.0,10195.0,22532.080078125,570114.0,57,0.0,0.0,0.0,0.0,189.26389041097718,2467190.0,102255791.8759239,102186575.8530061,-69216.02291780816,41.41820283521176,8,
2018-10-22,10060.0,10275.0,22614.8203125,654030.78,65,573305.316,3146.737315068485,2507.477629512322,639.2596855561627,197.05479452054715,2568750.0,102258299.35355341,102206574.07452601,-51725.279027397235,39.78844732828263,8,
2018-10-23,10085.0,9720.0,22010.779296875,544698.918,54,655393.895,1311.8807534246482,1045.372178366431,266.5085750582173,178.20887671233504,2323080.0,102259344.72573178,102071154.33407424,-188190.39165753417,43.937855921481066,8,
2018-10-24,9875.0,9800.0,22091.1796875,730896.15,74,0.0,0.0,0.0,0.0,235.3073972602433,3067400.0,102259344.72573178,102084342.87667698,-175001.84905479444,33.28041431723185,8,
2018-10-25,9200.0,9050.0,21268.73046875,736147.2,80,0.0,0.0,0.0,0.0,272.83890410957974,3556650.0,102259344.72573178,101837172.83777288,-422171.88795890403,28.63289129877072,8,
2018-10-26,9230.0,8985.0,21184.599609375,747779.526,81,0.0,0.0,0.0,0.0,326.7093698629469,4258890.0,102259344.72573178,101791306.60240301,-468038.12332876696,23.900900610817143,8,
2018-10-29,9105.0,8955.0,21149.80078125,746759.322,82,0.0,0.0,0.0,0.0,381.949150684959,4978980.0,102259344.72573178,101764255.33125232,-495089.394479452,20.438775679205847,8,
2018-10-30,8845.0,9210.0,21457.2890625,743128.596,84,0.0,0.0,0.0,0.0,452.17315068491735,5894400.0,102259344.72573178,101936094.56210163,-323250.16363013687,17.293718539987385,8,
2018-10-31,9380.0,9585.0,21920.4609375,731786.328,78,787762.416,44574.472273972555,35519.16823151503,9055.304042457525,466.1723835616722,6076890.0,102294863.89396329,102165039.17367563,-129824.72028767104,16.812059980298415,8,
2018-11-01,9505.0,9395.0,21687.650390625,627455.466,66,3050494.779,87281.24952054811,69550.06368044877,17731.185840099348,273.14997260275413,3560705.0,102364413.95764373,102053889.15086292,-310524.8067808218,28.661146921989584,8,
2018-11-02,9505.0,9880.0,22243.66015625,655976.169,69,0.0,0.0,0.0,0.0,339.5471780822263,4426240.0,102364413.95764373,102263108.43468483,-101305.52295890404,23.103832696529068,8,
2018-11-05,9605.0,9560.0,21898.990234375,115283.052,12,1296415.665,12834.144082191808,10226.887711894542,2607.2563702972657,238.34520547944703,3107000.0,102374640.84535563,102122155.44610906,-252485.39924657525,32.86841179469233,8,
2018-11-06,9705.0,9785.0,22147.75,359156.817,37,0.0,0.0,0.0,0.0,271.7281095890503,3542170.0,102374640.84535563,102197896.90099947,-176743.94435616425,28.851776425467854,8,
2018-11-07,9815.0,9750.0,22085.80078125,147254.445,15,0.0,0.0,0.0,0.0,281.97534246573923,3675750.0,102374640.84535563,102183940.480657,-190700.36469863006,27.79948050891845,8,
2018-11-08,10115.0,10080.0,22486.919921875,232691.52899999998,23,0.0,0.0,0.0,0.0,309.3041095890803,4032000.0,102374640.84535563,102307189.64754741,-67451.19780821905,25.373806956236958,8,
2018-11-09,10055.0,9885.0,22250.25,30171.033000000003,3,1387312.4819999998,33931.73564383557,27038.503547790377,6893.232096045196,200.9498630137241,2619525.0,102401679.34890342,102244761.91458835,-156917.43431506836,39.031794662997434,8,
2018-11-12,9755.0,9895.0,22269.880859375,165868.167,17,0.0,0.0,0.0,0.0,214.05731506846496,2790390.0,102401679.34890342,102249544.69027328,-152134.65863013684,36.64346012215973,8,
2018-11-13,9400.0,9490.0,21810.51953125,94018.79999999999,10,0.0,0.0,0.0,0.0,212.57600000000093,2771080.0,102401679.34890342,102136003.31427328,-265676.03463013686,36.85783279958474,8,
2018-11-14,9520.0,9515.0,21846.48046875,476095.2,50,0.0,0.0,0.0,0.0,249.63189041099395,3254130.0,102401679.34890342,102142708.48238286,-258970.86652054783,31.388637971557024,8,
2018-11-15,9350.0,9480.0,21803.619140625,392778.54,42,0.0,0.0,0.0,0.0,279.2574246575241,3640320.0,102401679.34890342,102135840.68495822,-265838.66394520534,28.056830356935166,8,
2018-11-16,9500.0,9380.0,21680.33984375,494098.8,52,0.0,0.0,0.0,0.0,313.72887671235367,4089680.0,102401679.34890342,102090788.1560815,-310891.1928219177,24.963025996185888,8,
2018-11-19,9360.0,9495.0,21821.16015625,524264.83199999994,56,0.0,0.0,0.0,0.0,358.3647123288247,4671540.0,102401679.34890342,102148024.95936917,-253654.3895342464,21.86602811050942,8,
2018-11-20,9250.0,9285.0,21583.119140625,370074.0,40,0.0,0.0,0.0,0.0,378.929753424658,4939620.0,102401679.34890342,102045652.02961574,-356027.319287671,20.658603704255743,8,
2018-11-21,9000.0,9235.0,21507.5390625,504100.79999999993,56,0.0,0.0,0.0,0.0,416.5617534246703,5430180.0,102401679.34890342,102031694.66786233,-369984.6810410957,18.789744477689933,8,
2018-11-22,9295.0,9355.0,21646.55078125,539217.822,58,520415.89599999995,16275.423452054814,12969.071177769878,3306.3522742849354,423.40986301368685,5519450.0,102414648.4200812,102098432.97972503,-316215.4403561642,18.49793602256113,8,
2018-11-26,9360.0,9495.0,21812.0,468093.6,50,0.0,0.0,0.0,0.0,466.1654794521164,6076800.0,102414648.4200812,102187223.21424559,-227425.2058356162,16.815959586335833,8,
2018-11-27,9630.0,9620.0,21952.400390625,250430.076,26,943551.2520000001,34060.8908219178,27141.4208514452,6919.469970472601,419.1684383561369,5464160.0,102441789.84093264,102260365.75183675,-181424.08909589014,18.714745862463168,8,
2018-11-28,9710.0,9815.0,22177.01953125,155391.072,16,1533873.164,54086.28734246598,43098.658068844015,10987.629273621964,320.7488219177758,4181190.0,102484888.49900149,102344569.46574122,-140319.03326027383,24.47737832189908,8,
2018-11-29,9975.0,9860.0,22262.599609375,49884.97499999999,5,1276544.6400000001,55216.77287671249,43999.48546680834,11217.287409904142,229.18421917813248,2987580.0,102528887.9844683,102366172.65911213,-162715.32535616422,34.263910141021206,8,
2018-11-30,9895.0,9965.0,22351.060546875,39587.916,4,158288.336,2873.1149589041343,2289.4416550027595,583.6733039013749,222.45156164382934,2899815.0,102531177.42612329,102396301.95424658,-134875.4718767122,35.31132225822909,8,
2018-12-03,10185.0,10160.0,22574.759765625,40748.148,4,173110.37099999998,7067.603287671231,5631.8196797808205,1435.7836078904104,216.67243835612317,2824480.0,102536809.24580307,102451676.72120033,-85132.5246027396,36.272757010564895,8,
2018-12-04,10125.0,9680.0,22036.05078125,20254.05,2,91106.775,1616.2075616438483,1287.8749954959007,328.3325661479478,201.23791780823376,2623280.0,102538097.12079857,102320799.87571639,-217297.24508219166,39.004909836432404,8,
2018-12-05,9395.0,9555.0,21919.330078125,291303.24899999995,31,0.0,0.0,0.0,0.0,221.36186301367707,2885610.0,102538097.12079857,102291605.26485337,-246491.8559452053,35.448867055788334,8,
2018-12-06,9445.0,9200.0,21501.619140625,472344.44999999995,50,292736.44100000005,1410.4694246576316,1123.9325610384337,286.53686361919785,226.54684931505471,2953200.0,102539221.05335961,102179074.17214043,-360146.881219178,34.5994426967833,8,
2018-12-07,9305.0,9345.0,21678.6796875,707321.4359999999,76,0.0,0.0,0.0,0.0,284.6000547944859,3709965.0,102539221.05335961,102228233.13608564,-310987.9172739723,27.555039774252762,8,
2018-12-10,9000.0,8960.0,21219.5,648129.6,72,0.0,0.0,0.0,0.0,322.3636164383788,4202240.0,102539221.05335961,102072056.1724692,-467164.8808904106,24.289915895443666,8,
2018-12-11,9000.0,8895.0,21148.01953125,738147.6,82,0.0,0.0,0.0,0.0,375.97824657536694,4901145.0,102539221.05335961,102032437.59422262,-506783.4591369859,20.818081814396965,8,
2018-12-12,9070.0,9285.0,21602.75,734816.934,81,0.0,0.0,0.0,0.0,450.1571506849141,5868120.0,102539221.05335961,102264145.50307195,-275075.55028767086,17.427071277184506,8,
2018-12-13,9400.0,9445.0,21816.189453125,545309.0399999999,58,2208558.2,87142.11010958927,69439.1904408262,17702.91966876306,329.6693150685169,4297475.0,102608660.24380043,102338717.0740881,-269943.16971232835,23.813685262645645,8,
2018-12-14,9340.0,9070.0,21374.830078125,270914.172,29,709698.032,2108.817808219314,1680.4114704795604,428.4063377397536,283.8785753424454,3700560.0,102610340.65527092,102179873.64917503,-430467.00609589013,27.612002953384092,8,
2018-12-17,9080.0,9190.0,21506.880859375,644808.9359999999,71,0.0,0.0,0.0,0.0,337.68843835615553,4402010.0,102610340.65527092,102236177.02473667,-374163.6305342463,23.22488522850622,8,
2018-12-18,8930.0,8860.0,21115.44921875,446589.3,50,0.0,0.0,0.0,0.0,359.54608219180955,4686940.0,102610340.65527092,102074158.17865448,-536182.4766164379,21.778422206952612,8,
2018-12-19,8830.0,8750.0,20987.919921875,671214.216,76,0.0,0.0,0.0,0.0,406.09589041097206,5293750.0,102610340.65527092,102009347.86676407,-600992.788506849,19.26977055334386,8,
2018-12-20,8550.0,8225.0,20392.580078125,726895.35,85,0.0,0.0,0.0,0.0,435.3616438356112,5675250.0,102610340.65527092,101663517.15512024,-946823.5001506845,17.913487010285053,8,
2018-12-21,8160.0,8065.0,20166.189453125,750870.144,92,0.0,0.0,0.0,0.0,483.81161643835367,6306830.0,102610340.65527092,101543743.1995038,-1066597.455767123,16.10059938186122,8,
2018-12-25,7465.0,7240.0,19155.740234375,754115.793,101,0.0,0.0,0.0,0.0,490.41578082193155,6392920.0,102610340.65527092,100875226.99072297,-1735113.6645479447,15.779209968327926,8,
2018-12-26,7470.0,7400.0,19327.060546875,747149.4,100,0.0,0.0,0.0,0.0,558.020821917773,7274200.0,102610340.65527092,101008799.56990105,-1601541.0853698628,13.885898046506977,8,
2018-12-27,7990.0,7965.0,20077.619140625,0.0,0,0.0,0.0,0.0,0.0,600.6264657534484,7829595.0,102610340.65527092,101563593.9434353,-1046746.7118356162,12.971755747702824,6,
2018-12-28,7900.0,7910.0,20014.76953125,0.0,0,1587582.42,86024.21620547952,68548.39668333635,17475.819522143163,474.51331506847055,6185620.0,102678889.05195425,101489251.03059809,-1189638.0213561638,16.407288360843065,6,
2019-01-04,7450.0,7530.0,19561.9609375,0.0,0,0.0,0.0,0.0,0.0,451.71747945199604,5888460.0,102678889.05195425,101191639.31311864,-1487249.7388356158,17.18473748876933,6,
2019-01-07,8020.0,7925.0,20038.970703125,0.0,0,0.0,0.0,0.0,0.0,475.41315068496624,6197350.0,102678889.05195425,101500053.89996795,-1178835.1519863012,16.37797669971326,6,
2019-01-08,8050.0,8085.0,20204.0390625,0.0,0,0.0,0.0,0.0,0.0,485.0113972602703,6322470.0,102678889.05195425,101624688.8885707,-1054200.1633835614,16.073573917878726,6,
2019-01-09,8190.0,8240.0,20427.060546875,0.0,0,0.0,0.0,0.0,0.0,494.30969863012433,6443680.0,102678889.05195425,101745404.57887207,-933484.4730821912,15.78995303597821,6,
2019-01-10,8115.0,8025.0,20163.80078125,0.0,0,0.0,0.0,0.0,0.0,481.4120547945786,6275550.0,102678889.05195425,101576793.16681726,-1102095.885136986,16.186118056077518,6,
2019-01-11,8140.0,8190.0,20359.69921875,0.0,0,0.0,0.0,0.0,0.0,491.3102465753618,6404580.0,102678889.05195425,101705331.85657069,-973557.1953835611,15.880093910384552,6,
2019-01-15,8065.0,8330.0,20555.2890625,0.0,0,0.0,0.0,0.0,0.0,499.70871232866193,6514060.0,102678889.05195425,101814312.14785837,-864576.9040958901,15.629931586116548,6,
2019-01-16,8360.0,8250.0,20442.75,0.0,0,0.0,0.0,0.0,0.0,494.90958904111176,6451500.0,102678889.05195425,101751257.23826933,-927631.813684931,15.771720877047095,6,
2019-01-17,8330.0,8215.0,20402.26953125,0.0,0,0.0,0.0,0.0,0.0,492.8099726027285,6424130.0,102678889.05195425,101723394.42829672,-955494.6236575339,15.834579068028933,6,
2019-01-18,8285.0,8440.0,20666.0703125,0.0,0,0.0,0.0,0.0,0.0,506.3075068493199,6600080.0,102678889.05195425,101898838.12078987,-780050.9311643832,15.43903075732262,6,
2019-01-21,8600.0,8465.0,20719.330078125,0.0,0,791041.76,39326.052821917845,31336.965191145235,7989.08763077261,448.0652054794191,5840850.0,102710226.0171454,101922212.72795361,-788013.2891917804,17.44989389009367,6,
2019-01-22,8520.0,8375.0,20622.91015625,0.0,0,0.0,0.0,0.0,0.0,443.3013698630384,5778750.0,102710226.0171454,101859669.42658375,-850556.5905616435,17.626592156882328,6,
2019-01-23,8260.0,8370.0,20593.720703125,0.0,0,0.0,0.0,0.0,0.0,443.03671232878696,5775300.0,102710226.0171454,101855776.38987142,-854449.6272739723,17.63644769793282,6,
2019-01-24,8315.0,8365.0,20574.630859375,0.0,0,0.0,0.0,0.0,0.0,442.7720547944773,5771850.0,102710226.0171454,101851883.61781663,-858342.3993287666,17.646315066714592,6,
2019-01-25,8380.0,8530.0,20773.560546875,0.0,0,0.0,0.0,0.0,0.0,451.5057534246298,5885700.0,102710226.0171454,101965282.1120632,-744943.9050821915,17.32424046622546,6,
2019-01-28,8505.0,8410.0,20649.0,0.0,0,0.0,0.0,0.0,0.0,445.1539726027404,5802900.0,102710226.0171454,101882036.9580906,-828189.0590547943,17.557089896102053,6,
2019-01-29,8330.0,8425.0,20664.640625,0.0,0,0.0,0.0,0.0,0.0,445.94794520549476,5813250.0,102710226.0171454,101891941.0101454,-818285.0069999996,17.527534685441946,6,
2019-01-30,8460.0,8350.0,20556.5390625,0.0,0,0.0,0.0,0.0,0.0,441.97808219178114,5761500.0,102710226.0171454,101839749.0320632,-870476.9850821913,17.67590888346146,6,
2019-01-31,8575.0,8520.0,20773.490234375,0.0,0,0.0,0.0,0.0,0.0,450.9764383561269,5878800.0,102710226.0171454,101956598.05562484,-753627.9615205475,17.343096899983813,6,
2019-02-01,8530.0,8510.0,20788.390625,0.0,0,0.0,0.0,0.0,0.0,450.4471232876822,5871900.0,102710226.0171454,101949247.60850155,-760978.4086438351,17.362224766855967,6,
2019-02-04,8545.0,8595.0,20883.76953125,0.0,0,0.0,0.0,0.0,0.0,454.9463013698987,5930550.0,102710226.0171454,102007442.6622002,-702783.354945205,17.200334313377375,6,
2019-02-05,8665.0,8555.0,20844.44921875,0.0,0,0.0,0.0,0.0,0.0,452.829041095858,5902950.0,102710226.0171454,101979389.83315909,-730836.1839863011,17.27600434243202,6,
2019-02-06,8640.0,8590.0,20874.060546875,0.0,0,0.0,0.0,0.0,0.0,454.68164383558906,5927100.0,102710226.0171454,102003085.15151526,-707140.8656301367,17.209610965145732,6,
2019-02-07,8610.0,8495.0,20751.279296875,0.0,0,0.0,0.0,0.0,0.0,449.6531506849569,5861550.0,102710226.0171454,101937085.49836457,-773140.5187808216,17.390807124116414,6,
2019-02-08,8295.0,8150.0,20333.169921875,0.0,0,0.0,0.0,0.0,0.0,431.39178082189756,5623500.0,102710226.0171454,101698604.10658374,-1011621.9105616435,18.08457439434227,6,
2019-02-12,8240.0,8575.0,20864.2109375,0.0,0,0.0,0.0,0.0,0.0,453.8876712328929,5916750.0,102710226.0171454,101991400.21891251,-718825.7982328763,17.237740350515487,6,
2019-02-13,8710.0,8810.0,21144.48046875,0.0,0,0.0,0.0,0.0,0.0,466.32657534244936,6078900.0,102710226.0171454,102153083.89233717,-557142.1248082187,16.804534355284208,6,
2019-02-14,8810.0,8800.0,21139.7109375,0.0,0,748700.23,20030.475890410962,15961.284713273975,4069.191177136987,408.4164383561292,5324000.0,102726187.30185866,102142406.51472168,-583780.7871369862,19.185275453554034,6,
2019-02-15,8680.0,8595.0,20900.630859375,0.0,0,0.0,0.0,0.0,0.0,398.9021917808568,5199975.0,102726187.30185866,102017982.6125299,-708204.6893287667,19.61893713191504,6,
2019-02-18,8900.0,8920.0,21281.849609375,0.0,0,0.0,0.0,0.0,0.0,413.9857534246403,5396600.0,102726187.30185866,102214193.62677647,-511993.67508219136,18.940479862649905,6,
2019-02-19,8895.0,8940.0,21302.650390625,0.0,0,0.0,0.0,0.0,0.0,414.9139726026915,5408700.0,102726187.30185866,102225878.71280387,-500308.58905479417,18.900267848614984,6,
2019-02-20,8975.0,9035.0,21431.490234375,0.0,0,0.0,0.0,0.0,0.0,419.323013698624,5466175.0,102726187.30185866,102282934.38979018,-443252.9120684928,18.71197581303017,6,
2019-02-21,9015.0,9075.0,21464.23046875,0.0,0,685002.9720000001,11892.999506849368,9476.936657032918,2416.062849816449,368.27095890411874,4800675.0,102735664.2385157,102299653.02798146,-436011.21053424623,21.309431075417823,6,
2019-02-22,8995.0,9040.0,21425.509765625,0.0,0,449660.05000000005,1754.750000000058,1398.2725375000462,356.47746250001177,332.1766575341753,4330160.0,102737062.5110532,102278109.42386143,-458953.08719178045,23.61993769834404,13,
2019-02-25,9150.0,9135.0,21528.23046875,0.0,0,0.0,0.0,0.0,0.0,335.66745205476764,4375665.0,102737062.5110532,102323278.75640936,-413783.75464383524,23.384623538687116,13,
2019-02-26,9150.0,9050.0,21449.390625,0.0,0,0.0,0.0,0.0,0.0,332.5441095890419,4334950.0,102737062.5110532,102282231.21229978,-454831.2987534244,23.594789146887457,13,
2019-02-27,9110.0,9170.0,21556.509765625,0.0,0,0.0,0.0,0.0,0.0,336.95353424656787,4392430.0,102737062.5110532,102339374.25876553,-397688.25228767097,23.29903362347619,13,
2019-02-28,9150.0,8990.0,21385.16015625,0.0,0,0.0,0.0,0.0,0.0,330.33939726030803,4306210.0,102737062.5110532,102252823.91936827,-484238.5916849312,23.745433668903342,13,
2019-03-01,9100.0,9205.0,21602.689453125,0.0,0,0.0,0.0,0.0,0.0,338.2396164383681,4409195.0,102737062.5110532,102355470.67975183,-381591.8313013695,23.21409479048938,13,
2019-03-04,9375.0,9395.0,21822.0390625,0.0,0,0.0,0.0,0.0,0.0,345.22120547949453,4500205.0,102737062.5110532,102446135.45854636,-290927.0525068489,22.764770817895265,13,
2019-03-05,9295.0,9290.0,21726.279296875,0.0,0,659813.0109999999,12736.801849315138,10149.320553626767,2587.48129568837,290.76427397259977,3790320.0,102747211.83160684,102393185.2239767,-354026.60763013683,27.014390664634305,13,
2019-03-06,9255.0,9205.0,21596.810546875,0.0,0,0.0,0.0,0.0,0.0,288.1038904109737,3755640.0,102747211.83160684,102358217.12008628,-388994.71152054775,27.254533746601453,13,
2019-03-07,9075.0,9060.0,21456.009765625,0.0,0,0.0,0.0,0.0,0.0,283.5655890410417,3696480.0,102747211.83160684,102298773.55449724,-448438.2771095888,27.674645488274585,13,
2019-03-08,8945.0,8700.0,21025.560546875,0.0,0,0.0,0.0,0.0,0.0,272.298082191759,3549600.0,102747211.83160684,102151621.25641505,-595590.5751917807,28.77834720994339,13,
2019-03-11,8740.0,8770.0,21125.08984375,43708.74,5,0.0,0.0,0.0,0.0,277.8528219178261,3622010.0,102747211.83160684,102180044.66359314,-567167.1680136984,28.210867629739603,13,
2019-03-12,9035.0,9135.0,21503.689453125,45184.035,5,0.0,0.0,0.0,0.0,292.9206575342105,3818430.0,102747211.83160684,102330987.7079356,-416224.12367123255,26.79923102110962,13,
2019-03-13,9045.0,8890.0,21290.240234375,9046.809,1,45215.955,1500.347328767127,1195.551768928085,304.79555983904186,282.336657534237,3680460.0,102748407.38337576,102228599.72171824,-519807.66165753396,27.776038789096535,13,
2019-03-14,9090.0,8955.0,21287.01953125,18183.636,2,0.0,0.0,0.0,0.0,285.774904109654,3725280.0,102748407.38337576,102254950.31081413,-493457.0725616437,27.4489300967482,13,
2019-03-15,9005.0,9070.0,21450.849609375,9006.801,1,0.0,0.0,0.0,0.0,290.14060273973155,3782190.0,102748407.38337576,102302563.36921138,-445844.01416438335,27.04849924758179,13,
2019-03-18,9170.0,9155.0,21584.5,0.0,0,0.0,0.0,0.0,0.0,292.85967123287264,3817635.0,102748407.38337576,102337715.50954014,-410691.8738356162,26.80657409876537,13,
2019-03-19,9165.0,9150.0,21566.849609375,0.0,0,9163.167,154.96791780821917,123.48618530547944,31.481732502739725,291.9978082192538,3806400.0,102748530.86956106,102335320.19699942,-413210.67256164365,26.88506730690401,13,
2019-03-20,9135.0,9175.0,21608.919921875,0.0,0,0.0,0.0,0.0,0.0,292.7956164384086,3816800.0,102748530.86956106,102345427.40138298,-403103.46817808185,26.81445907602782,13,
2019-03-22,9190.0,9145.0,21627.33984375,0.0,0,55128.971999999994,869.5875616438308,692.9308484958866,176.65671314794423,287.62904109590454,3749450.0,102749223.80040956,102332742.08762874,-416481.7127808217,27.292734157710793,13,
2019-03-25,8795.0,8615.0,20977.109375,0.0,0,0.0,0.0,0.0,0.0,270.95945205472526,3532150.0,102749223.80040956,102115171.12817667,-634052.6722328766,28.910202321016,13,
2019-03-26,8805.0,9035.0,21428.390625,44033.805,5,0.0,0.0,0.0,0.0,287.63479452053434,3749525.0,102749223.80040956,102288224.68838216,-460999.11202739703,27.28031542352222,13,
2019-03-27,9100.0,9080.0,21378.73046875,0.0,0,45490.9,1453.6295205479464,1158.324683448631,295.3048370993153,285.58465753425844,3722800.0,102750382.12509301,102306409.69888753,-443972.4262054792,27.481038384787666,13,
2019-03-28,8960.0,8830.0,21033.759765625,0.0,0,0.0,0.0,0.0,0.0,277.7216438356263,3620300.0,102750382.12509301,102203631.97724369,-546750.147849315,28.230707946093887,13,
2019-03-29,9015.0,8960.0,21205.810546875,36067.212,4,0.0,0.0,0.0,0.0,284.5597808219609,3709440.0,102750382.12509301,102256420.20546287,-493961.9196301367,27.566538400799818,13,
2019-04-01,9260.0,9225.0,21509.029296875,18523.703999999998,2,0.0,0.0,0.0,0.0,294.3912328767183,3837600.0,102750382.12509301,102365762.11023,-384620.01486301346,26.67442206332864,13,
2019-04-02,9425.0,9255.0,21505.310546875,0.0,0,56538.69,2265.6314794520554,1805.3684444013702,460.26303505068506,291.0887671232922,3794550.0,102752187.49353741,102378499.44842783,-373688.0451095889,26.9804059634022,13,
2019-04-03,9270.0,9390.0,21713.2109375,0.0,0,0.0,0.0,0.0,0.0,295.334794520546,3849900.0,102752187.49353741,102433554.1136333,-318633.3799041094,26.606809037542092,13,
2019-04-04,9405.0,9400.0,21724.94921875,0.0,0,0.0,0.0,0.0,0.0,295.64931506849825,3854000.0,102752187.49353741,102437358.46431823,-314829.02921917784,26.579491039003173,13,
2019-04-05,9425.0,9485.0,21807.5,0.0,0,18846.23,316.8078630137003,252.44834564246707,64.35951737123321,296.8675068492885,3869880.0,102752439.94188306,102471723.46729402,-280716.47458904085,26.47930257974253,13,
2019-04-08,9570.0,9445.0,21761.650390625,0.0,0,277474.494,5149.177232876698,4103.121878017797,1046.0553548589012,274.6036712329078,3579655.0,102756543.06376107,102457652.30226792,-298890.76149315044,28.62221423636298,13,
2019-04-09,9445.0,9450.0,21802.58984375,0.0,0,0.0,0.0,0.0,0.0,274.7490410958417,3581550.0,102756543.06376107,102459272.55322683,-297270.5105342464,28.607522595866826,13,
2019-04-10,9280.0,9365.0,21687.5703125,0.0,0,0.0,0.0,0.0,0.0,272.2777534246561,3549335.0,102756543.06376107,102426785.2754734,-329757.78828767093,28.858021368924994,13,
2019-04-11,9355.0,9395.0,21711.380859375,0.0,0,0.0,0.0,0.0,0.0,273.14997260278324,3560705.0,102756543.06376107,102437882.1255008,-318660.9382602736,28.76898876079338,13,
2019-04-12,9480.0,9535.0,21870.560546875,0.0,0,0.0,0.0,0.0,0.0,277.22032876711455,3613765.0,102756543.06376107,102490664.90517204,-265878.1585890408,28.361186990623917,13,
2019-04-15,9725.0,9805.0,22169.109375,0.0,0,563937.1900000001,15553.873506849455,12394.104103932988,3159.769402916467,241.44476712329197,3147405.0,102768937.16786501,102584840.881002,-184096.28686301355,32.59346696119565,13,
2019-04-16,9770.0,9850.0,22221.66015625,0.0,0,488402.3,13194.773287671269,10514.25509428085,2680.518193390418,204.7720547945064,2669350.0,102779451.42295928,102592302.8907538,-187148.53220547934,38.43343993509799,13,
2019-04-17,9875.0,9895.0,22277.970703125,0.0,0,0.0,0.0,0.0,0.0,205.70756164379418,2681545.0,102779451.42295928,102604292.18319216,-175159.23976712316,38.26312524428722,13,
2019-04-18,9900.0,9720.0,22090.119140625,0.0,0,0.0,0.0,0.0,0.0,202.06947945203865,2634120.0,102779451.42295928,102556665.11371271,-222786.30924657526,38.93393813255004,13,
2019-04-19,9860.0,9825.0,22200.560546875,0.0,0,0.0,0.0,0.0,0.0,204.25232876715017,2662575.0,102779451.42295928,102584915.86138394,-194535.56157534235,38.52846055468257,13,
2019-04-22,9830.0,9855.0,22217.900390625,0.0,0,0.0,0.0,0.0,0.0,204.8760000000184,2670705.0,102779451.42295928,102592840.98538394,-186610.43757534234,38.414141953298454,13,
2019-04-23,9870.0,9875.0,22259.740234375,0.0,0,0.0,0.0,0.0,0.0,205.29178082189173,2676125.0,102779451.42295928,102598055.69360311,-181395.72935616426,38.33828976359592,13,
2019-04-24,9960.0,9820.0,22200.0,0.0,0,0.0,0.0,0.0,0.0,204.14838356160908,2661220.0,102779451.42295928,102582946.54521956,-196504.8777397259,38.54733789210195,13,
2019-04-25,9820.0,9935.0,22307.580078125,9821.964,1,0.0,0.0,0.0,0.0,207.30126027399092,2702320.0,102779451.42295928,102614017.27995928,-165434.1429999999,37.972563308549425,13,
2019-04-26,9795.0,9870.0,22258.73046875,0.0,0,0.0,0.0,0.0,0.0,205.94498630135786,2684640.0,102779451.42295928,102596131.33497298,-183320.08798630122,38.21597358862752,13,
2019-05-07,9770.0,9575.0,21923.720703125,39087.816,4,0.0,0.0,0.0,0.0,202.7276712328894,2642700.0,102779451.42295928,102514900.79130174,-264550.63165753416,38.791728456238594,14,
2019-05-08,9295.0,9290.0,21602.58984375,92968.59,10,0.0,0.0,0.0,0.0,203.82005479454529,2656940.0,102779451.42295928,102435968.38124695,-343483.0417123286,38.55411427478489,14,
2019-05-09,9210.0,9125.0,21402.130859375,138177.63,15,0.0,0.0,0.0,0.0,210.70000000001164,2746625.0,102779451.42295928,102387265.05124696,-392186.37171232863,37.27748238337849,14,
2019-05-10,9125.0,9090.0,21344.919921875,164282.84999999998,18,0.0,0.0,0.0,0.0,222.4435068492603,2899710.0,102779451.42295928,102375844.75774011,-403606.66521917784,35.30554598830231,14,
2019-05-13,8940.0,8955.0,21191.279296875,169893.972,19,0.0,0.0,0.0,0.0,232.19210958911572,3026790.0,102779451.42295928,102332798.59363052,-446652.8293287669,33.80901833084903,14,
2019-05-14,8650.0,8925.0,21067.23046875,77865.56999999999,9,0.0,0.0,0.0,0.0,237.57616438358673,3096975.0,102779451.42295928,102324880.44746614,-454570.9754931506,33.04026685635697,13,
2019-05-15,8960.0,8950.0,21188.560546875,71694.336,8,80623.872,2752.1400821917914,2193.0428244945288,559.0972576972624,237.55506849309313,3096700.0,102781644.46578377,102332738.33113994,-448906.1346438355,33.04573847358154,13,
2019-05-16,8905.0,8825.0,21062.98046875,71254.24799999999,8,0.0,0.0,0.0,0.0,239.65315068492782,3124050.0,102781644.46578377,102288594.42998925,-493050.0357945204,32.742303877975466,13,
2019-05-17,8995.0,9000.0,21250.08984375,71974.39199999999,8,0.0,0.0,0.0,0.0,249.9287671232887,3258000.0,102781644.46578377,102350320.10922213,-431324.35656164365,31.415076767717043,13,
2019-05-20,9035.0,9050.0,21301.73046875,45184.035,5,0.0,0.0,0.0,0.0,254.78849315067055,3321350.0,102781644.46578377,102368231.28572898,-413413.18005479436,30.821271858048377,13,
2019-05-21,8950.0,9000.0,21272.44921875,143228.63999999998,16,0.0,0.0,0.0,0.0,264.42739726029686,3447000.0,102781644.46578377,102350388.21833172,-431256.24745205464,29.69259884488881,14,
2019-05-22,9100.0,9020.0,21283.369140625,154730.94,17,0.0,0.0,0.0,0.0,276.7780821917695,3608000.0,102781644.46578377,102356380.50024953,-425263.96553424635,28.36928506104477,14,
2019-05-23,8930.0,8895.0,21151.140625,151840.362,17,0.0,0.0,0.0,0.0,284.54252054789686,3709215.0,102781644.46578377,102305470.59572898,-476173.8700547943,27.581434507228344,14,
2019-05-24,8720.0,8865.0,21117.220703125,156991.39200000002,18,0.0,0.0,0.0,0.0,295.82383561643655,3856275.0,102781644.46578377,102295243.37989336,-486401.08589041093,26.52695758987452,14,
2019-05-27,8920.0,8930.0,21182.580078125,160592.112,18,160527.888,3524.2550136986147,2808.302607665741,715.9524060328736,297.9928767122328,3884550.0,102784452.76839145,102322440.21061063,-462012.5577808217,26.34087351446387,14,
2019-05-28,8945.0,8980.0,21260.140625,44733.94500000001,5,0.0,0.0,0.0,0.0,303.1057534245774,3951200.0,102784452.76839145,102344053.1598572,-440399.6085342464,25.90201790844736,13,
2019-05-29,8810.0,8775.0,21003.369140625,26435.286,3,0.0,0.0,0.0,0.0,298.20575342458324,3887325.0,102784452.76839145,102253444.66810377,-531008.1002876711,26.3043210094612,13,
2019-05-30,8680.0,8710.0,20942.529296875,60772.151999999995,7,0.0,0.0,0.0,0.0,300.67397260281723,3919500.0,102784452.76839145,102224546.84213117,-559905.9262602739,26.08101718130659,13,
2019-05-31,8595.0,8425.0,20601.189453125,60177.032999999996,7,0.0,0.0,0.0,0.0,295.35972602741094,3850225.0,102784452.76839145,102094799.44940515,-689653.3189863013,26.516580056855158,13,
2019-06-03,8210.0,8260.0,20410.880859375,73904.77799999999,9,0.0,0.0,0.0,0.0,295.2780273972021,3849160.0,102784452.76839145,102019534.39337775,-764918.3750136984,26.504363132054202,13,
2019-06-04,8300.0,8275.0,20408.5390625,33206.64,4,0.0,0.0,0.0,0.0,298.35342465748545,3889250.0,102784452.76839145,102026119.39995308,-758333.3684383557,26.23285193802226,6,
2019-06-05,8550.0,8575.0,20776.099609375,34206.84,4,0.0,0.0,0.0,0.0,311.801095890376,4064550.0,102784452.76839145,102166900.7588572,-617552.0095342463,25.136091512924484,6,
2019-06-06,8555.0,8580.0,20774.0390625,8556.711,1,111192.75700000001,4058.8323698630356,3234.28057392536,824.5517959376756,304.0846027396328,3963960.0,102787687.04896536,102167818.16845852,-619868.8805068491,25.77417990304103,6,
2019-06-07,8655.0,8680.0,20884.7109375,8656.731,1,0.0,0.0,0.0,0.0,308.29457534241374,4018840.0,102787687.04896536,102213733.14288317,-573953.9060821915,25.433640837376746,6,
2019-06-10,8860.0,8865.0,21134.419921875,0.0,0,0.0,0.0,0.0,0.0,314.86536986302235,4104495.0,102787687.04896536,102299073.27751331,-488613.77145205456,24.92366863097977,6,
2019-06-11,8835.0,8935.0,21204.279296875,79530.90299999999,9,176664.66000000003,4212.444945205497,3356.6867545870005,855.7581906184967,309.81194520549616,4038620.0,102791043.73571996,102329166.4643775,-461877.2713424654,25.33765654217963,14,
2019-06-12,8885.0,8885.0,21129.720703125,71094.216,8,0.0,0.0,0.0,0.0,313.53095890406985,4087100.0,102791043.73571996,102306238.7174186,-484805.0183013696,25.03149879313415,14,
2019-06-13,8810.0,8770.0,21032.0,88117.62000000001,10,0.0,0.0,0.0,0.0,316.2005479452491,4121900.0,102791043.73571996,102252604.89687064,-538438.8388493148,24.80715322954721,14,
2019-06-14,8795.0,8850.0,21116.890625,105561.10800000001,12,0.0,0.0,0.0,0.0,327.23178082189406,4265700.0,102791043.73571996,102290516.55708982,-500527.1786301367,23.979772735328275,14,
2019-06-17,8825.0,8870.0,21124.0,97094.415,11,0.0,0.0,0.0,0.0,335.4561095889949,4372910.0,102791043.73571996,102300296.68598023,-490747.0497397259,23.394100652878798,14,
2019-06-18,8845.0,8725.0,20972.7109375,0.0,0,0.0,0.0,0.0,0.0,329.972328767064,4301425.0,102791043.73571996,102228481.71365148,-562562.0220684928,23.766189510139426,6,
2019-06-19,8995.0,9045.0,21333.869140625,0.0,0,0.0,0.0,0.0,0.0,342.0744657535397,4459185.0,102791043.73571996,102385899.63918571,-405144.0965342464,22.960675468540934,6,
2019-06-20,9110.0,9145.0,21462.859375,0.0,0,482733.43399999995,14703.266547945197,11716.29794873013,2986.9685992150667,308.6750684931758,4023800.0,102802760.03366868,102429952.429518,-372807.60415068484,25.45602476005716,6,
2019-06-21,9165.0,8960.0,21258.640625,0.0,0,833848.1969999999,19173.336246575305,15278.272988083527,3895.0632584917726,239.88252054803888,3127040.0,102818038.30665678,102362905.68073897,-455132.62591780804,32.734760566138895,6,
2019-06-24,8935.0,8990.0,21285.990234375,0.0,0,0.0,0.0,0.0,0.0,240.68569863017183,3137510.0,102818038.30665678,102373134.99504034,-444903.31161643815,32.62878365169843,6,
2019-06-25,8950.0,8905.0,21193.810546875,62662.52999999999,7,0.0,0.0,0.0,0.0,243.1918904109043,3170180.0,102818038.30665678,102342899.27314992,-475139.0335068491,32.282993165419605,14,
2019-06-26,8835.0,8840.0,21086.58984375,70694.136,8,0.0,0.0,0.0,0.0,246.84186301377486,3217760.0,102818038.30665678,102319538.29528691,-498500.0113698629,31.79837473748412,14,
2019-06-27,8895.0,9045.0,21338.169921875,106761.348,12,0.0,0.0,0.0,0.0,260.89249315077905,3400920.0,102818038.30665678,102395676.05479376,-422362.2518630136,30.108228377848864,14,
2019-06-28,9005.0,8985.0,21275.919921875,63047.606999999996,7,72025.592,1320.4800000000055,1052.2244880000044,268.2555120000011,258.4726027396973,3369375.0,102819090.53114477,102372582.31167902,-446508.21946575324,30.383255740806238,14,
2019-07-01,9320.0,9405.0,21729.970703125,74574.912,8,0.0,0.0,0.0,0.0,276.32663013690035,3602115.0,102819090.53114477,102530471.07304887,-288619.4580958902,28.463963830429865,14,
2019-07-02,9355.0,9390.0,21754.26953125,18713.742,2,832428.4810000003,24093.849493150792,19199.18396861721,4894.665524533583,213.21731506846845,2779440.0,102838289.71511339,102516402.92920928,-321886.78590410954,36.883833768388335,14,
2019-07-03,9355.0,9285.0,21638.16015625,18713.742,2,0.0,0.0,0.0,0.0,212.2576438356482,2766930.0,102838289.71511339,102484966.92956544,-353322.7855479451,37.03923371012835,14,
2019-07-04,9380.0,9345.0,21702.44921875,28145.628,3,0.0,0.0,0.0,0.0,215.77989041092223,2812845.0,102838289.71511339,102502520.52167504,-335769.193438356,36.440870549808125,14,
2019-07-05,9355.0,9375.0,21746.380859375,28070.612999999998,3,0.0,0.0,0.0,0.0,218.630136986234,2850000.0,102838289.71511339,102511386.27853805,-326903.4365753423,35.9689074661537,14,
2019-07-08,9325.0,9215.0,21534.349609375,18653.73,2,0.0,0.0,0.0,0.0,216.31265753414482,2819790.0,102838289.71511339,102462306.23588051,-375983.4792328765,36.33685708364116,14,
2019-07-09,9270.0,9220.0,21565.150390625,64902.977999999996,7,0.0,0.0,0.0,0.0,221.38104109585402,2885860.0,102838289.71511339,102463251.87683941,-375037.83827397256,35.505274641472354,14,
2019-07-10,9210.0,9245.0,21533.48046875,64482.894,7,0.0,0.0,0.0,0.0,226.94575342454482,2958400.0,102838289.71511339,102471082.037086,-367207.67802739714,34.63733167830111,14,
2019-07-11,9240.0,9310.0,21643.529296875,64692.936,7,0.0,0.0,0.0,0.0,233.54071232871502,3044370.0,102838289.71511339,102492125.56037366,-346164.1547397258,33.66611993955191,14,
2019-07-12,9365.0,9335.0,21685.900390625,56201.238,6,0.0,0.0,0.0,0.0,238.4644931507646,3108555.0,102838289.71511339,102499870.8578805,-338418.85723287676,32.97347830676327,14,
2019-07-16,9305.0,9220.0,21535.25,46534.30499999999,5,0.0,0.0,0.0,0.0,239.06323287665145,3116360.0,102838289.71511339,102460902.48964763,-377387.22546575335,32.87839097204675,14,
2019-07-17,9180.0,9165.0,21469.1796875,64272.852,7,0.0,0.0,0.0,0.0,242.5586301369476,3161925.0,102838289.71511339,102441952.07901749,-396337.63609589037,32.39860277489741,14,
2019-07-18,9045.0,8780.0,21046.240234375,81421.28099999999,9,0.0,0.0,0.0,0.0,238.43112328767893,3108120.0,102838289.71511339,102306487.36689422,-531802.348219178,32.915874344264125,14,
2019-07-19,8885.0,9145.0,21466.990234375,151075.209,17,0.0,0.0,0.0,0.0,260.2692054795625,3392795.0,102838289.71511339,102439826.88868873,-398462.82642465725,30.193344097915944,14,
2019-07-22,9080.0,9080.0,21416.7890625,72654.52799999999,8,154329.12800000003,3241.9929178082425,2583.382056555498,658.6108612527445,252.1503561643185,3286960.0,102840873.09716995,102414755.72747132,-426117.36969862983,31.15789535846841,14,
2019-07-23,9115.0,9275.0,21620.880859375,82051.407,9,0.0,0.0,0.0,0.0,263.96904109604657,3441025.0,102840873.09716995,102486505.35143022,-354367.74573972606,29.783714257068816,14,
2019-07-24,9375.0,9330.0,21709.5703125,46884.375,5,159343.125,5231.003452054816,4168.32510076988,1062.6783512849358,256.94564383567194,3349470.0,102845041.42227072,102506089.4774351,-338951.9448356163,30.60367445519294,14,
2019-07-25,9415.0,9405.0,21756.55078125,37667.532,4,84718.053,2653.8009041095825,2114.6812504397208,539.1196536698617,255.40372602723073,3329370.0,102847156.10352115,102532245.4750554,-314910.62846575317,30.796290431840077,14,
2019-07-26,9325.0,9300.0,21658.150390625,27980.595,3,195785.835,2198.870972602738,1752.170334518492,446.7006380842463,239.71068493140046,3124800.0,102848908.27385567,102494794.30373238,-354113.9701232876,32.80043340493228,14,
2019-07-29,9300.0,9250.0,21616.80078125,46509.3,5,0.0,0.0,0.0,0.0,241.96986301374272,3154250.0,102848908.27385567,102477493.03386937,-371415.2399863013,32.488703506021835,14,
2019-07-30,9325.0,9340.0,21709.310546875,55961.19,6,0.0,0.0,0.0,0.0,248.62312328768894,3240980.0,102848908.27385567,102508013.22074609,-340895.053109589,31.628708977144594,14,
2019-07-31,9200.0,9205.0,21521.529296875,55211.04,6,0.0,0.0,0.0,0.0,249.266356164444,3249365.0,102848908.27385567,102460937.91438992,-387970.35946575325,31.532603420788345,14,
2019-08-01,9050.0,9195.0,21540.990234375,81466.29,9,0.0,0.0,0.0,0.0,255.34389041093527,3328590.0,102848908.27385567,102458441.2804995,-390466.9933561642,30.78133422274882,14,
2019-08-02,8825.0,8815.0,21087.16015625,88267.65,10,0.0,0.0,0.0,0.0,251.5535342466319,3279180.0,102848908.27385567,102320512.07696526,-528396.1968904109,31.203078841955993,14,
2019-08-05,8680.0,8505.0,20720.2890625,147589.512,17,0.0,0.0,0.0,0.0,253.7985205478617,3308445.0,102848908.27385567,102201933.76644471,-646974.5074109586,30.891229494957514,14,
2019-08-06,8005.0,8385.0,20585.310546875,168138.62099999998,21,0.0,0.0,0.0,0.0,263.725479452085,3437850.0,102848908.27385567,102162936.41996527,-685971.8538904109,29.717101217320497,14,
2019-08-07,8370.0,8330.0,20516.560546875,50230.043999999994,6,175734.84600000002,7582.717109589076,6042.288128776056,1540.4289808130209,252.4104109586915,3290350.0,102854950.56198445,102139148.38257349,-715802.1794109587,31.04203151110778,5,
2019-08-08,8350.0,8420.0,20593.349609375,50110.020000000004,6,0.0,0.0,0.0,0.0,259.01304109589546,3376420.0,102854950.56198445,102174849.3495324,-680101.2124520544,30.261297276266696,5,
2019-08-09,8535.0,8480.0,20684.8203125,51220.242,6,0.0,0.0,0.0,0.0,264.76186301361304,3451360.0,102854950.56198445,102198304.34566939,-656646.2163150682,29.611024160235207,5,
2019-08-13,8280.0,8270.0,20455.439453125,49689.935999999994,6,0.0,0.0,0.0,0.0,262.0117260272964,3415510.0,102854950.56198445,102112502.39794335,-742448.1640410958,29.896707196858845,5,
2019-08-14,8470.0,8435.0,20655.130859375,50830.164,6,0.0,0.0,0.0,0.0,271.121698630217,3534265.0,102854950.56198445,102180156.11224473,-674794.4497397258,28.911288800428018,5,
2019-08-15,8120.0,8235.0,20405.650390625,40608.119999999995,5,0.0,0.0,0.0,0.0,267.851835616515,3491640.0,102854950.56198445,102096655.14040911,-758295.4215753423,29.2403154793762,5,
2019-08-16,8175.0,8260.0,20418.810546875,49059.81,6,0.0,0.0,0.0,0.0,272.46684931515483,3551800.0,102854950.56198445,102107482.8635598,-747467.6984246575,28.748094730435216,5,
2019-08-19,8410.0,8375.0,20563.16015625,50470.092000000004,6,0.0,0.0,0.0,0.0,280.1150684929744,3651500.0,102854950.56198445,102156432.6564913,-698517.9054931507,27.976566522385674,5,
2019-08-20,8410.0,8460.0,20677.220703125,50470.092000000004,6,42041.59,1423.9308219178095,1134.6592754452065,289.271546472603,283.6070136985509,3697020.0,102856085.22125989,102192951.27593112,-663133.9453287671,27.641979560816853,5,
2019-08-21,8310.0,8420.0,20618.5703125,8311.662,1,49850.028,778.667424657535,620.4811373383568,158.18628731917823,279.03649315072107,3637440.0,102856705.70239723,102174472.41915065,-682233.283246575,28.089665374315633,5,
2019-08-22,8490.0,8420.0,20628.009765625,33966.792,4,0.0,0.0,0.0,0.0,281.62016438361024,3671120.0,102856705.70239723,102173904.00698628,-682801.6954109591,27.831807188810576,5,
2019-08-23,8405.0,8500.0,20710.91015625,16813.362,2,0.0,0.0,0.0,0.0,285.60000000006403,3723000.0,102856705.70239723,102208685.04498626,-648020.6574109589,27.45331320037235,5,
2019-08-26,8085.0,8130.0,20261.0390625,0.0,0,0.0,0.0,0.0,0.0,273.16800000006333,3560940.0,102856705.70239723,102046351.87698627,-810353.8254109587,28.65713881081576,5,
2019-08-27,8285.0,8265.0,20456.080078125,49719.941999999995,6,0.0,0.0,0.0,0.0,281.508164383471,3669660.0,102856705.70239723,102105070.42682189,-751635.2755753424,27.824122787076156,5,
2019-08-28,8290.0,8305.0,20479.419921875,41458.28999999999,5,0.0,0.0,0.0,0.0,286.0560547945497,3728945.0,102856705.70239723,102122611.0807671,-734094.6216301371,27.386462144324224,5,
2019-08-29,8310.0,8280.0,20460.9296875,24934.986,3,0.0,0.0,0.0,0.0,287.1004931506468,3742560.0,102856705.70239723,102111003.99427395,-745701.7081232874,27.2837319894067,5,
2019-08-30,8455.0,8500.0,20704.369140625,25370.073000000004,3,0.0,0.0,0.0,0.0,296.68493150692666,3867500.0,102856705.70239723,102210277.23634243,-646428.4660547944,26.427996699765334,5,
2019-09-02,8410.0,8420.0,20620.189453125,0.0,0,0.0,0.0,0.0,0.0,293.89260273976834,3831100.0,102856705.70239723,102173583.34373969,-683122.358657534,26.669516155605358,5,
2019-09-03,8385.0,8420.0,20625.16015625,0.0,0,0.0,0.0,0.0,0.0,293.89260273976834,3831100.0,102856705.70239723,102173289.45113695,-683416.2512602735,26.66943944327659,5,
2019-09-04,8390.0,8455.0,20649.140625,0.0,0,0.0,0.0,0.0,0.0,295.1142465755984,3847025.0,102856705.70239723,102188919.33689038,-667786.3655068491,26.563102484878677,5,
2019-09-05,8555.0,8825.0,21085.939453125,0.0,0,0.0,0.0,0.0,0.0,308.02876712338184,4015375.0,102856705.70239723,102356961.30812326,-499744.39427397243,25.491258302928934,5,
2019-09-06,8900.0,8880.0,21199.5703125,0.0,0,587282.52,33091.0010273972,26368.56416868145,6722.43685871574,264.98893150681397,3454320.0,102883074.26656592,102376201.40233304,-506872.8642328765,29.637150409438917,5,
2019-09-09,8900.0,8995.0,21318.419921875,0.0,0,0.0,0.0,0.0,0.0,268.4206575342396,3499055.0,102883074.26656592,102420667.9816755,-462406.2848904109,29.270951151575357,5,
2019-09-10,9040.0,9060.0,21392.099609375,0.0,0,153649.26400000002,5784.624000000037,4609.477634400029,1175.1463656000076,258.5450958903821,3370320.0,102887683.74420032,102444148.55421402,-443535.1899863012,30.395970873452377,5,
2019-09-11,9120.0,9225.0,21597.759765625,0.0,0,0.0,0.0,0.0,0.0,263.253698630142,3431700.0,102887683.74420032,102505265.30051538,-382418.4436849314,29.87011256826511,5,
2019-09-12,9390.0,9385.0,21759.609375,0.0,0,178374.318,8287.034493150697,6603.523435867133,1683.5110572835642,254.14065753426985,3312905.0,102894287.26763618,102562906.96680057,-331380.30083561625,30.958601881672,14,
2019-09-13,9485.0,9585.0,21988.2890625,0.0,0,56898.618,1565.2118630137,1247.2390730424668,317.9727899712331,255.1448219178419,3325995.0,102895534.50670922,102632322.46718867,-263212.03952054784,30.857629812188133,14,
2019-09-17,9535.0,9580.0,22001.3203125,0.0,0,676849.603,11976.309657534328,9543.32235060623,2432.987306928099,202.83353424654342,2644080.0,102905077.82905982,102624621.2493475,-280456.5797123287,38.8129788997865,14,
2019-09-18,9590.0,9555.0,21960.7109375,0.0,0,0.0,0.0,0.0,0.0,202.30421917806962,2637180.0,102905077.82905982,102617518.94512832,-287558.8839315067,38.911837244757024,14,
2019-09-19,9645.0,9640.0,22044.44921875,0.0,0,0.0,0.0,0.0,0.0,204.1038904109737,2660640.0,102905077.82905982,102640774.8412379,-264302.9878219177,38.57747566045685,14,
2019-09-20,9705.0,9640.0,22079.08984375,0.0,0,0.0,0.0,0.0,0.0,204.1038904109737,2660640.0,102905077.82905982,102640570.7373475,-264507.0917123286,38.57739894812808,14,
2019-09-24,9660.0,9690.0,22098.83984375,0.0,0,0.0,0.0,0.0,0.0,205.1625205478922,2674440.0,102905077.82905982,102654165.57482694,-250912.25423287658,38.38342440840959,14,
2019-09-25,9555.0,9595.0,22020.150390625,0.0,0,0.0,0.0,0.0,0.0,203.151123287651,2648220.0,102905077.82905982,102627742.42370366,-277335.40535616426,38.75348061101557,14,
2019-09-26,9735.0,9610.0,22048.240234375,9736.947,1,0.0,0.0,0.0,0.0,204.20591780819814,2661970.0,102905077.82905982,102631551.27078585,-273526.55827397254,38.55473625577518,14,
2019-09-27,9680.0,9600.0,21878.900390625,9681.936,1,0.0,0.0,0.0,0.0,204.72986301369383,2668800.0,102905077.82905982,102628494.60492283,-276583.2241369862,38.45492153961437,14,
2019-09-30,9505.0,9485.0,21755.83984375,28520.703,3,0.0,0.0,0.0,0.0,204.46021917805774,2665285.0,102905077.82905982,102596254.44170366,-308823.3873561643,38.49353988098971,14,
2019-10-01,9565.0,9630.0,21885.240234375,47834.565,5,0.0,0.0,0.0,0.0,211.27956164380885,2754180.0,102905077.82905982,102637103.59714201,-267974.23191780807,37.265938899106814,14,
2019-10-02,9480.0,9525.0,21778.609375,37927.584,4,0.0,0.0,0.0,0.0,211.89863013694412,2762250.0,102905077.82905982,102607034.11451188,-298043.71454794507,37.146179424205584,14,
2019-10-03,9190.0,9140.0,21341.740234375,45959.19,5,0.0,0.0,0.0,0.0,206.83945205478813,2696300.0,102905077.82905982,102494918.08505982,-410159.74399999983,38.01317289806766,14,
2019-10-04,9135.0,9195.0,21410.19921875,118778.75099999999,13,0.0,0.0,0.0,0.0,217.25391780820792,2832060.0,102905077.82905982,102511682.08014202,-393395.7489178082,36.19686097050981,14,
2019-10-07,9225.0,9155.0,21375.25,101495.295,11,0.0,0.0,0.0,0.0,224.03413698633085,2920445.0,102905077.82905982,102498347.75100502,-406730.0780547944,35.09682522732153,14,
2019-10-08,9260.0,9355.0,21587.779296875,120404.07599999999,13,0.0,0.0,0.0,0.0,238.25775342460838,3105860.0,102905077.82905982,102563120.4172516,-341957.41180821887,33.022454462613126,14,
2019-10-09,9160.0,9225.0,21456.380859375,82456.488,9,119056.184,249.8039041095936,199.05624098972964,50.74766311986394,232.11616438359488,3025800.0,102905276.88530082,102519377.2494241,-385899.6358767123,33.881742762054365,14,
2019-10-10,9225.0,9300.0,21551.98046875,101495.295,11,0.0,0.0,0.0,0.0,241.85095890404773,3152700.0,102905276.88530082,102544540.1034652,-360736.7818356162,32.52594287546078,14,
2019-10-11,9460.0,9515.0,21798.869140625,75695.136,8,0.0,0.0,0.0,0.0,253.2814794520964,3301705.0,102905276.88530082,102617596.68598574,-287680.1993150684,31.08018332527762,14,
2019-10-15,9770.0,9880.0,22207.2109375,39087.816,4,478634.254,26687.213616438396,21265.706170258934,5421.50744617946,228.89117808220908,2983760.0,102926542.59147108,102733547.72536148,-192994.86610958888,34.43090185717399,14,
2019-10-16,10165.0,10115.0,22472.919921875,10167.033,1,213422.307,13656.125684931518,10881.88375203768,2774.2419328938377,218.8165479452,2852430.0,102937424.47522311,102802479.94088064,-134944.53434246557,36.0403164813442,14,
2019-10-17,10110.0,10105.0,22451.859375,0.0,0,101079.78000000001,2941.209273972615,2343.702609965078,597.5066640075366,210.84843835615902,2748560.0,102939768.17783308,102798881.36577828,-140886.81205479434,37.400995927241276,14,
2019-10-18,10165.0,10145.0,22492.6796875,0.0,0,0.0,0.0,0.0,0.0,211.68306849317742,2759440.0,102939768.17783308,102809549.6827098,-130218.49512328752,37.25739631327726,14,
2019-10-21,10175.0,10190.0,22548.900390625,0.0,0,0.0,0.0,0.0,0.0,212.62202739727218,2771680.0,102939768.17783308,102821577.0606824,-118191.11715068479,37.097203523019395,14,
2019-10-23,10300.0,10280.0,22625.380859375,0.0,0,0.0,0.0,0.0,0.0,214.4999452054908,2796160.0,102939768.17783308,102845842.5607372,-93925.61709589028,36.781100709808165,14,
2019-10-24,10380.0,10380.0,22750.599609375,0.0,0,591541.6680000001,7169.738260274097,5713.205932699414,1456.5323275746828,171.19890410965309,2231700.0,102945481.38376579,102871296.49750552,-74184.8862602739,46.09548617533966,14,
2019-10-25,10395.0,10415.0,22799.810546875,0.0,0,311787.63,3375.5118082192207,2689.776584379486,685.7352238397345,147.8073972602724,1926775.0,102948171.16035016,102877325.5848844,-70845.57546575337,53.393533539144116,14,
2019-10-28,10470.0,10470.0,22867.26953125,0.0,0,0.0,0.0,0.0,0.0,148.58794520547963,1936950.0,102948171.16035016,102887351.9969392,-60819.16341095884,53.11822814060208,14,
2019-10-29,10555.0,10570.0,22974.130859375,0.0,0,0.0,0.0,0.0,0.0,150.00712328767986,1955450.0,102948171.16035016,102905701.9898159,-42469.17053424651,52.625074530065156,14,
2019-10-30,10535.0,10450.0,22843.119140625,0.0,0,0.0,0.0,0.0,0.0,148.30410958905122,1933250.0,102948171.16035016,102883353.68570632,-64817.474643835536,53.2178216400912,14,
2019-10-31,10535.0,10530.0,22927.0390625,0.0,0,0.0,0.0,0.0,0.0,149.43945205482305,1948050.0,102948171.16035016,102898004.24625427,-50166.91409589034,52.82102833410552,14,
2019-11-01,10335.0,10450.0,22850.76953125,0.0,0,0.0,0.0,0.0,0.0,148.30410958905122,1933250.0,102948171.16035016,102883055.94214468,-65115.21820547938,53.21766762816225,14,
2019-11-05,10770.0,10850.0,23251.990234375,0.0,0,0.0,0.0,0.0,0.0,153.98082191779395,2007250.0,102948171.16035016,102956901.96132275,8730.800972602812,51.292515611569435,14,
2019-11-06,10890.0,10875.0,23303.8203125,0.0,0,1600509.8339999998,34809.51100000007,27737.95884035005,7071.552159650013,31.701369863003492,413250.0,102975909.11919051,102956308.54179326,-19600.577397260295,249.1380726964144,14,
2019-11-07,10835.0,10880.0,23330.3203125,0.0,0,0.0,0.0,0.0,0.0,31.7159452054766,413440.0,102975909.11919051,102956466.82584804,-19442.293342465775,249.0239619433244,15,
2019-11-08,11110.0,10955.0,23391.869140625,0.0,0,0.0,0.0,0.0,0.0,31.934575342485914,416290.0,102975909.11919051,102959284.89127271,-16624.22791780824,247.32586632220978,15,
2019-11-11,11000.0,10900.0,23331.83984375,0.0,0,0.0,0.0,0.0,0.0,31.774246575369034,414200.0,102975909.11919051,102957163.11702614,-18746.002164383583,248.5687182931582,15,
2019-11-12,10895.0,11090.0,23520.009765625,0.0,0,0.0,0.0,0.0,0.0,32.32810958905611,421420.0,102975909.11919051,102964350.78891654,-11558.330273972624,244.32715767860222,15,
2019-11-13,11000.0,10885.0,23319.869140625,0.0,0,0.0,0.0,0.0,0.0,31.73052054794971,413630.0,102975909.11919051,102956529.058396,-19380.060794520567,248.90972380725768,15,
2019-11-14,10890.0,10725.0,23141.55078125,0.0,0,0.0,0.0,0.0,0.0,31.264109589043073,407550.0,102975909.11919051,102950417.7942864,-25491.32490410961,252.6080672169952,15,
2019-11-15,10745.0,10885.0,23303.3203125,0.0,0,0.0,0.0,0.0,0.0,31.73052054794971,413630.0,102975909.11919051,102956466.06376585,-19443.055424657556,248.90957151020442,15,
2019-11-18,10865.0,10955.0,23416.759765625,0.0,0,0.0,0.0,0.0,0.0,31.934575342485914,416290.0,102975909.11919051,102959094.12919052,-16814.99000000002,247.32540807896063,15,
2019-11-19,10920.0,10860.0,23292.650390625,0.0,0,0.0,0.0,0.0,0.0,31.65764383561327,412680.0,102975909.11919051,102955452.47154668,-20456.647643835637,249.48011163988244,15,
2019-11-20,10745.0,10710.0,23148.5703125,0.0,0,0.0,0.0,0.0,0.0,31.220383561652852,406980.0,102975909.11919051,102949721.25116311,-26187.86802739728,252.96014853595534,15,
2019-11-21,10650.0,10615.0,23038.580078125,0.0,0,0.0,0.0,0.0,0.0,30.94345205478021,403370.0,102975909.11919051,102946080.30771106,-29828.811479452077,255.21501427401904,15,
2019-11-22,10615.0,10695.0,23112.880859375,0.0,0,0.0,0.0,0.0,0.0,31.17665753426263,406410.0,102975909.11919051,102949089.13105352,-26819.98813698632,253.31337597759287,15,
2019-11-25,10855.0,10845.0,23292.810546875,0.0,0,0.0,0.0,0.0,0.0,31.61391780822305,412110.0,102975909.11919051,102954757.51713572,-21151.602054794545,249.82348770264184,15,
2019-11-26,11005.0,10925.0,23373.3203125,0.0,0,0.0,0.0,0.0,0.0,31.847123287676368,415150.0,102975909.11919051,102957765.67001243,-18143.449178082214,248.00136256777654,15,
2019-11-27,10995.0,11000.0,23437.76953125,0.0,0,0.0,0.0,0.0,0.0,32.065753424627474,418000.0,102975909.11919051,102960583.60425901,-15325.51493150687,246.31718565612204,15,
2019-11-28,11010.0,10965.0,23409.140625,0.0,0,0.0,0.0,0.0,0.0,31.963726027373923,416670.0,102975909.11919051,102959221.64053299,-16687.478657534266,247.10015513603807,15,
2019-11-29,11025.0,10855.0,23293.91015625,0.0,0,0.0,0.0,0.0,0.0,31.643068493140163,412490.0,102975909.11919051,102955009.9974645,-20899.12172602742,249.5939537866724,15,
2019-12-02,10930.0,11080.0,23529.5,0.0,0,0.0,0.0,0.0,0.0,32.298958904109895,421040.0,102975909.11919051,102963527.69850558,-12381.420684931527,244.5457146553904,15,
2019-12-03,10760.0,10925.0,23379.810546875,0.0,0,0.0,0.0,0.0,0.0,31.847123287676368,415150.0,102975909.11919051,102957605.8513823,-18303.2678082192,248.00097760178804,15,
2019-12-04,10720.0,10685.0,23135.23046875,0.0,0,0.0,0.0,0.0,0.0,31.14750684928731,406030.0,102975909.11919051,102948454.70387545,-27454.415315068512,253.54888728388408,15,
2019-12-05,10850.0,10860.0,23300.08984375,0.0,0,0.0,0.0,0.0,0.0,31.65764383561327,412680.0,102975909.11919051,102955073.04623161,-20836.07295890413,249.47919222213727,15,
2019-12-06,10905.0,10915.0,23354.400390625,0.0,0,0.0,0.0,0.0,0.0,31.81797260273015,414770.0,102975909.11919051,102957131.22825901,-18777.89093150687,248.22704445417705,15,
2019-12-09,11085.0,10970.0,23430.69921875,0.0,0,0.0,0.0,0.0,0.0,31.97830136984703,416860.0,102975909.11919051,102959189.24995764,-16719.869232876736,246.98745202216006,15,
2019-12-10,10920.0,10975.0,23410.189453125,0.0,0,0.0,0.0,0.0,0.0,31.992876712349243,417050.0,102975909.11919051,102959347.25708093,-16561.862109589063,246.8753081335114,15,
2019-12-11,10965.0,10925.0,23391.859375,0.0,0,0.0,0.0,0.0,0.0,31.847123287676368,415150.0,102975909.11919051,102957415.40995763,-18493.709232876732,248.00051887259457,15,
2019-12-12,10985.0,10980.0,23424.810546875,0.0,0,0.0,0.0,0.0,0.0,32.00745205482235,417240.0,102975909.11919051,102959473.40250558,-16435.71668493153,246.76319001655062,15,
2019-12-13,11410.0,11550.0,24023.099609375,0.0,0,0.0,0.0,0.0,0.0,33.669041095883586,438900.0,102975909.11919051,102981099.73346448,5190.614273972582,234.63454029041804,15,
2019-12-16,11470.0,11495.0,23952.349609375,0.0,0,0.0,0.0,0.0,0.0,33.508712328766705,436810.0,102975909.11919051,102978976.22475216,3067.1055616438152,235.75233219191904,15,
2019-12-17,11605.0,11585.0,24066.119140625,0.0,0,0.0,0.0,0.0,0.0,33.77106849316624,440230.0,102975909.11919051,102982362.45368366,6453.334493150665,233.92854292911355,15,
2019-12-18,11540.0,11440.0,23934.4296875,0.0,0,0.0,0.0,0.0,0.0,33.34838356162072,434720.0,102975909.11919051,102976819.1053001,909.9861095890215,236.88079477663806,15,
2019-12-19,11405.0,11380.0,23864.849609375,0.0,0,0.0,0.0,0.0,0.0,33.17347945205984,432440.0,102975909.11919051,102974505.93182065,-1403.1873698630334,238.1243777907239,15,
2019-12-20,11415.0,11340.0,23816.630859375,0.0,0,0.0,0.0,0.0,0.0,33.05687671233318,430920.0,102975909.11919051,102972952.87494394,-2956.2442465753625,238.96071863673987,15,
2019-12-23,11410.0,11330.0,23821.109375,0.0,0,0.0,0.0,0.0,0.0,33.027726027416065,430540.0,102975909.11919051,102972539.84721792,-3369.2719726027594,239.1706690370649,15,
2019-12-24,11350.0,11345.0,23830.580078125,0.0,0,0.0,0.0,0.0,0.0,33.07145205480629,431110.0,102975909.11919051,102973076.77576585,-2832.3434246575544,238.85569060278317,15,
2019-12-25,11330.0,11310.0,23782.869140625,0.0,0,0.0,0.0,0.0,0.0,32.969424657552736,429780.0,102975909.11919051,102971713.8063412,-4195.312849315088,239.5916836668556,15,
2019-12-26,11290.0,11415.0,23924.919921875,643658.706,57,0.0,0.0,0.0,0.0,83.18876712329802,1084425.0,102975909.11919051,102982616.91157408,6707.792383561618,94.96518146628313,1,
2019-12-27,11480.0,11410.0,23837.720703125,654490.872,57,401719.63999999996,3060.429013698579,2438.702859565713,621.7261541328664,102.40865753425169,1334970.0,102978347.82205008,102979666.5447624,1318.7227123287885,77.1400604843273,1,
2019-12-30,11335.0,11235.0,23656.619140625,646224.219,57,0.0,0.0,0.0,0.0,149.9641643835348,1954890.0,102978347.82205008,102953212.36159803,-25135.460452054813,52.664452916326766,1,
2020-01-06,10830.0,10755.0,23204.859375,649929.96,60,0.0,0.0,0.0,0.0,193.0596164384042,2516670.0,102978347.82205008,102864869.34198159,-113478.48006849313,40.873403879722645,1,
2020-01-07,10870.0,11100.0,23575.720703125,652330.44,60,0.0,0.0,0.0,0.0,250.3430136986135,3263400.0,102978347.82205008,102959018.55896789,-19329.263082191697,31.549616522328826,1,
2020-01-08,10765.0,10765.0,23204.759765625,0.0,0,0.0,0.0,0.0,0.0,242.78761643834878,3164910.0,102978347.82205008,102860285.77135146,-118062.05069863008,32.500224578693064,15,
2020-01-09,11100.0,11240.0,23739.869140625,55511.1,5,0.0,0.0,0.0,0.0,257.81172602737206,3360760.0,102978347.82205008,103000366.85962543,22019.037575342543,30.647938817298893,15,
2020-01-10,11295.0,11365.0,23850.5703125,0.0,0,0.0,0.0,0.0,0.0,260.67884931506705,3398135.0,102978347.82205008,103037481.1807761,59133.35872602747,30.321773908563404,15,
2020-01-14,11495.0,11520.0,24025.169921875,0.0,0,0.0,0.0,0.0,0.0,264.2340821918333,3444480.0,102978347.82205008,103083561.94669391,105214.12464383569,29.927176800763515,15,
2020-01-15,11440.0,11415.0,23916.580078125,0.0,0,1372525.44,69700.12273972607,55540.54280515072,14159.579934575351,156.74515068496112,2043285.0,103033888.36485523,103040576.06160866,6687.69675342464,50.42888097431766,15,
2020-01-16,11475.0,11455.0,23933.130859375,0.0,0,0.0,0.0,0.0,0.0,157.29441095894435,2050445.0,103033888.36485523,103047578.7671977,13690.402342465735,50.25620232056831,15,
2020-01-17,11600.0,11550.0,24041.259765625,0.0,0,0.0,0.0,0.0,0.0,158.59890410955995,2067450.0,103033888.36485523,103064425.16829358,30536.803438356146,49.85098801339504,15,
2020-01-20,11570.0,11590.0,24083.509765625,0.0,0,0.0,0.0,0.0,0.0,159.1481643835432,2074610.0,103033888.36485523,103071426.0201292,37537.65527397258,49.68231427599848,15,
2020-01-21,11570.0,11360.0,23864.560546875,0.0,0,0.0,0.0,0.0,0.0,155.98991780824144,2033440.0,103033888.36485523,103030100.03021139,-3788.334643835635,50.66788301115911,15,
2020-01-22,11335.0,11525.0,24031.349609375,0.0,0,0.0,0.0,0.0,0.0,158.25561643831315,2062975.0,103033888.36485523,103059476.77459496,25588.40973972601,49.95672597806322,15,
2020-01-23,11345.0,11300.0,23795.439453125,646794.333,57,703249.322,3297.9707945205587,2627.9880276137073,669.9827669068515,150.83178082187078,1966200.0,103036516.35288283,103018335.94904722,-18180.40383561644,52.39463734566536,1,
2020-01-24,11365.0,11325.0,23827.1796875,647934.561,57,0.0,0.0,0.0,0.0,200.68520547941444,2616075.0,103036516.35288283,103020075.70284174,-16440.650041095872,39.37963388008438,1,
2020-01-27,10840.0,10850.0,23343.509765625,650530.08,60,0.0,0.0,0.0,0.0,242.20767123284168,3157350.0,103036516.35288283,102910578.4151705,-125937.93771232871,32.593972291690974,1,
2020-01-28,10695.0,10760.0,23215.7109375,652525.4789999999,61,0.0,0.0,0.0,0.0,290.54947945202,3787520.0,103036516.35288283,102887932.38669105,-148583.96619178072,27.164987217675694,1,
2020-01-29,10830.0,10900.0,23379.400390625,649929.96,60,0.0,0.0,0.0,0.0,344.499726027454,4490800.0,103036516.35288283,102940937.92696503,-95578.42591780805,22.922628023284275,1,
2020-01-30,10805.0,10510.0,22977.75,0.0,0,0.0,0.0,0.0,0.0,332.17358904110733,4330120.0,103036516.35288283,102779925.75337598,-256590.59950684913,23.736045595359016,15,
2020-01-31,10680.0,10730.0,23205.1796875,747749.52,70,0.0,0.0,0.0,0.0,396.7454246575362,5171860.0,103036516.35288283,102873519.48795132,-162996.86493150672,19.891010098485133,15,
2020-02-03,10350.0,10525.0,22971.939453125,0.0,0,0.0,0.0,0.0,0.0,389.1654794520291,5073050.0,103036516.35288283,102774320.32247187,-262196.0304109588,20.258881801376265,15,
2020-02-04,10430.0,10620.0,23084.58984375,0.0,0,0.0,0.0,0.0,0.0,392.6781369863602,5118840.0,103036516.35288283,102819717.64433488,-216798.70854794508,20.086526956172666,15,
2020-02-05,10855.0,10840.0,23319.560546875,0.0,0,0.0,0.0,0.0,0.0,400.8127123287122,5224880.0,103036516.35288283,102925356.83162256,-111159.52126027385,19.69908530561899,15,
2020-02-06,11150.0,11375.0,23873.58984375,0.0,0,0.0,0.0,0.0,0.0,420.5945205479802,5482750.0,103036516.35288283,103182806.23710202,146289.88421917823,18.81953513056441,15,
2020-02-07,11440.0,11315.0,23827.98046875,0.0,0,1498340.2719999999,97371.16757534251,77590.21488241167,19780.95269293083,304.66800000012154,3971565.0,103114106.56776525,103149875.8884091,35769.32064383571,25.97209812464585,15,
2020-02-10,11115.0,11185.0,23685.98046875,0.0,0,0.0,0.0,0.0,0.0,301.16761643841164,3925935.0,103114106.56776525,103103944.72079265,-10161.846972602641,26.2622648415709,15,
2020-02-12,11330.0,11345.0,23861.2109375,0.0,0,0.0,0.0,0.0,0.0,305.4757808218128,3982095.0,103114106.56776525,103159799.24501182,45692.67724657543,25.90591114602033,15,
2020-02-13,11340.0,11300.0,23827.73046875,0.0,0,0.0,0.0,0.0,0.0,304.2641095891013,3966300.0,103114106.56776525,103143699.98090224,29593.413136986394,26.00501726568899,15,
2020-02-14,11175.0,11160.0,23687.58984375,0.0,0,1340731.7999999998,39061.69972602729,31126.315426684847,7935.384299342444,197.76131506852107,2577960.0,103145232.88319194,103087958.63528784,-57274.24790410957,39.98819168462189,1,
2020-02-17,11015.0,11025.0,23523.240234375,650014.977,59,0.0,0.0,0.0,0.0,245.26849315082654,3197250.0,103145232.88319194,103056988.38979468,-88244.49339726022,32.233009114018195,1,
2020-02-18,10915.0,10695.0,23193.80078125,644113.7969999999,59,0.0,0.0,0.0,0.0,286.33298630133504,3732555.0,103145232.88319194,102947893.25980838,-197339.6233835615,27.58107871412702,1,
2020-02-19,10825.0,10900.0,23400.69921875,649629.8999999999,60,0.0,0.0,0.0,0.0,341.9912328768405,4458100.0,103145232.88319194,103023466.3685755,-121766.5146164381,23.109276680329177,1,
2020-02-20,11150.0,10970.0,23479.150390625,646829.34,58,0.0,0.0,0.0,0.0,392.9964931505965,5122990.0,103145232.88319194,103041134.03208235,-104098.85110958877,20.11347553520158,1,
2020-02-21,10905.0,10875.0,23386.740234375,0.0,0,0.0,0.0,0.0,0.0,389.59315068484284,5078625.0,103145232.88319194,102996379.43893167,-148853.44426027368,20.28036711490446,15,
2020-02-25,10020.0,10200.0,22605.41015625,0.0,0,0.0,0.0,0.0,0.0,365.4115068492829,4763400.0,103145232.88319194,102680789.02742483,-464443.855767123,21.55619704988555,15,
2020-02-26,9950.0,10010.0,22426.189453125,776255.22,78,0.0,0.0,0.0,0.0,418.5002739726333,5455450.0,103145232.88319194,102596165.30715084,-549067.5760410955,18.806178281745932,15,
2020-02-27,9865.0,9585.0,21948.23046875,779490.867,79,0.0,0.0,0.0,0.0,458.8195068492787,5981040.0,103145232.88319194,102341805.620644,-803427.2625479449,17.111038485053434,15,
2020-02-28,9095.0,8815.0,21142.9609375,782326.434,86,0.0,0.0,0.0,0.0,480.1156164383283,6258650.0,103145232.88319194,101836609.07102756,-1308623.8121643835,16.271337919683567,15,
2020-03-02,8615.0,9045.0,21344.080078125,784121.793,91,0.0,0.0,0.0,0.0,555.784273972793,7245045.0,103145232.88319194,102038326.49375358,-1106906.3894383556,14.083877531989598,15,
2020-03-03,9335.0,8820.0,21082.73046875,784296.828,84,849315.103,65130.16846575348,51898.97474193566,13231.19372381782,537.2225753425737,7003080.0,103197131.85793388,101847611.35245442,-1349520.505479452,14.54325973035499,15,
2020-03-04,8665.0,8835.0,21100.060546875,780005.97,90,0.0,0.0,0.0,0.0,599.1340273973183,7810140.0,103197131.85793388,101874066.24842703,-1323065.609506849,13.043820757172988,15,
2020-03-05,9045.0,9030.0,21329.119140625,778025.5739999999,86,0.0,0.0,0.0,0.0,671.9309589041513,8759100.0,103197131.85793388,102044328.74346812,-1152803.1144657528,11.650092902634759,15,
2020-03-06,8750.0,8510.0,20749.75,778905.75,89,0.0,0.0,0.0,0.0,691.3384109588224,9012090.0,103197131.85793388,101517721.65505716,-1679410.2028767117,11.264614718123894,15,
2020-03-09,7870.0,7605.0,19698.759765625,0.0,0,0.0,0.0,0.0,0.0,617.8176986301551,8053695.0,103197131.85793388,100558708.83735853,-2638423.0205753422,12.486033905848004,4,
2020-03-10,7405.0,7755.0,19867.119140625,296259.24,40,0.0,0.0,0.0,0.0,653.7996164385695,8522745.0,103197131.85793388,100730845.7977421,-2466286.06019178,11.81906132328752,4,
2020-03-11,7625.0,7410.0,19416.060546875,297434.475,39,304939.0,8655.963835616447,6897.504782410966,1758.4590532054813,624.1453150683665,8136180.0,103204029.36271629,100349402.71837382,-2854626.644342466,12.333724514252859,4,
2020-03-12,7110.0,6745.0,18559.630859375,298679.724,42,0.0,0.0,0.0,0.0,589.864109589078,7689300.0,103204029.36271629,99603253.13026424,-3600776.232452054,12.953487720633118,4,
2020-03-13,5750.0,5940.0,17431.05078125,299059.8,52,0.0,0.0,0.0,0.0,543.160109589051,7080480.0,103204029.36271629,98694830.17015465,-4509199.192561643,13.939002747010745,4,
2020-03-16,5995.0,5520.0,17002.0390625,53965.791,9,0.0,0.0,0.0,0.0,508.5659178083879,6629520.0,103204029.36271629,98189395.81323683,-5014633.549479451,14.810935906858541,5,
2020-03-17,5285.0,5570.0,17011.529296875,52860.57,10,0.0,0.0,0.0,0.0,517.4453698630678,6745270.0,103204029.36271629,98251767.79786697,-4952261.564849313,14.566024458304408,5,
2020-03-18,5680.0,5415.0,16726.55078125,51130.223999999995,9,56788.64000000001,3923.797123287678,3126.677737691786,797.1193855958918,502.6306849314715,6552150.0,103207156.04045397,98063006.46379644,-5144149.576657534,14.966538687880533,5,
2020-03-19,5700.0,5305.0,16552.830078125,51310.26,9,0.0,0.0,0.0,0.0,496.0829041095567,6466795.0,103207156.04045397,97925845.12089233,-5281310.919561644,15.142871410164128,5,
2020-03-23,5295.0,5500.0,16887.779296875,52960.590000000004,10,0.0,0.0,0.0,0.0,518.536986301362,6759500.0,103207156.04045397,98165070.99390602,-5042085.046547946,14.522534358148683,5,
2020-03-24,6030.0,6325.0,18092.349609375,48249.648,8,0.0,0.0,0.0,0.0,600.1991780822282,7824025.0,103207156.04045397,99180746.14672795,-4026409.893726026,12.676435229530574,5,
2020-03-25,6925.0,7365.0,19546.630859375,0.0,0,553889.2,99233.99641095889,79074.61004007258,20159.3863708863,653.6891506849206,8521305.0,103286230.65049405,100411102.27120638,-2875128.3792876713,11.783535769604113,5,
2020-03-26,6860.0,6725.0,18664.599609375,0.0,0,116596.67599999999,14344.52861643835,11430.437628008898,2914.0909884294506,588.1150684933527,7666500.0,103297661.08812205,99669391.74114946,-3628269.346972603,13.00063806706443,5,
2020-03-27,7150.0,7010.0,19389.4296875,0.0,0,0.0,0.0,0.0,0.0,613.0389041095041,7991400.0,103297661.08812205,99993678.70224534,-3303982.3858767124,12.51266094830009,5,
2020-03-30,6775.0,7055.0,19084.970703125,0.0,0,0.0,0.0,0.0,0.0,616.9742465753225,8042700.0,103297661.08812205,100044361.72799876,-3253299.360123287,12.43915124622313,5,
2020-03-31,7170.0,6945.0,18917.009765625,0.0,0,0.0,0.0,0.0,0.0,607.354520547844,7917300.0,103297661.08812205,99918354.37347822,-3379306.7146438346,12.620256195101641,5,
2020-04-01,6750.0,6340.0,18065.41015625,0.0,0,0.0,0.0,0.0,0.0,554.446027397411,7227600.0,103297661.08812205,99228099.92745082,-4069561.1606712323,13.72905251085434,5,
2020-04-02,6245.0,6160.0,17818.720703125,0.0,0,0.0,0.0,0.0,0.0,538.7046575341956,7022400.0,103297661.08812205,99022361.22279328,-4275299.865328766,14.100928631634952,5,
2020-04-03,6750.0,6175.0,17820.189453125,0.0,0,0.0,0.0,0.0,0.0,540.0164383560768,7039500.0,103297661.08812205,99038921.20635493,-4258739.881767123,14.069027801172659,5,
2020-04-06,6190.0,6710.0,18576.30078125,0.0,0,0.0,0.0,0.0,0.0,586.8032876713551,7649400.0,103297661.08812205,99648234.40306726,-3649426.6850547944,13.026934714234745,5,
2020-04-07,7010.0,6975.0,18950.1796875,0.0,0,0.0,0.0,0.0,0.0,609.9780821919558,7951500.0,103297661.08812205,99949724.42498507,-3347936.6631369856,12.569920697350822,5,
2020-04-08,7010.0,7270.0,19353.240234375,0.0,0,0.0,0.0,0.0,0.0,635.7764383560279,8287800.0,103297661.08812205,100285388.64854671,-3012272.439575342,12.100363021374395,5,
2020-04-09,7270.0,7235.0,19345.76953125,0.0,0,0.0,0.0,0.0,0.0,632.7156164383632,8247900.0,103297661.08812205,100244855.93293028,-3052805.15519178,12.15398536996451,5,
2020-04-10,7380.0,7345.0,19498.5,0.0,0,0.0,0.0,0.0,0.0,642.3353424657835,8373300.0,103297661.08812205,100369613.59758781,-2928047.490534246,11.986864628950093,5,
2020-04-13,7195.0,7000.0,19043.400390625,0.0,0,0.0,0.0,0.0,0.0,612.1643835617579,7980000.0,103297661.08812205,99975701.43320425,-3321959.654917808,12.52828338761958,5,
2020-04-14,7100.0,7460.0,19638.810546875,0.0,0,0.0,0.0,0.0,0.0,652.3923287669895,8504400.0,103297661.08812205,100499449.04087548,-2798212.047246574,11.817347377930892,5,
2020-04-15,7400.0,7405.0,19550.08984375,0.0,0,0.0,0.0,0.0,0.0,647.5824657533667,8441700.0,103297661.08812205,100436101.45840973,-2861559.6297123283,11.897615581981086,5,
2020-04-16,7185.0,7205.0,19290.19921875,0.0,0,0.0,0.0,0.0,0.0,630.0920547945425,8213700.0,103297661.08812205,100207471.36635493,-3090189.721767123,12.200040343128544,5,
2020-04-17,7490.0,7630.0,19897.259765625,0.0,0,0.0,0.0,0.0,0.0,667.2591780822258,8698200.0,103297661.08812205,100691304.10717686,-2606356.980945206,11.576108172630757,5,
2020-04-20,7430.0,7490.0,19669.119140625,0.0,0,311997.588,12762.63090410959,10169.902435939726,2592.7284681698634,630.8837260274449,8224020.0,103307830.990558,100525898.08298266,-2781932.907575342,12.22345009897625,5,
2020-04-21,7325.0,7175.0,19280.779296875,0.0,0,0.0,0.0,0.0,0.0,604.3512328767683,7878150.0,103307830.990558,100179423.73174977,-3128407.2588082193,12.716110220261074,5,
2020-04-22,7040.0,7075.0,19137.94921875,0.0,0,0.0,0.0,0.0,0.0,595.9282191781094,7768350.0,103307830.990558,100069027.8035306,-3238803.187027397,12.881632238960732,5,
2020-04-23,7175.0,7280.0,19429.439453125,0.0,0,0.0,0.0,0.0,0.0,613.195397260366,7993440.0,103307830.990558,100293504.60813335,-3014326.3824246572,12.546976596826065,5,
2020-04-24,7215.0,7165.0,19262.0,0.0,0,0.0,0.0,0.0,0.0,603.5089315068908,7867170.0,103307830.990558,100166631.09920183,-3141199.891356163,12.732231679142796,5,
2020-04-27,7315.0,7535.0,19783.220703125,0.0,0,0.0,0.0,0.0,0.0,634.6740821917774,8273430.0,103307830.990558,100572256.42511964,-2735574.5654383553,12.156053344878682,5,
2020-04-28,7550.0,7530.0,19771.189453125,0.0,0,0.0,0.0,0.0,0.0,634.2529315069551,8267940.0,103307830.990558,100566132.17218813,-2741698.8183698626,12.163384370494722,5,
2020-04-30,7930.0,7865.0,20193.689453125,0.0,0,0.0,0.0,0.0,0.0,662.4700273972121,8635770.0,103307830.990558,100933299.70216075,-2374531.2883972595,11.687817033357852,5,
2020-05-01,7675.0,7445.0,19619.349609375,0.0,0,0.0,0.0,0.0,0.0,627.093369862996,8174610.0,103307830.990558,100471512.60879087,-2836318.381767123,12.290679629828318,5,
2020-05-07,7295.0,7460.0,19674.76953125,0.0,0,0.0,0.0,0.0,0.0,628.3568219176959,8191080.0,103307830.990558,100487354.25196896,-2820476.7385890405,12.267900478565581,5,
2020-05-08,7680.0,7840.0,20179.08984375,0.0,0,0.0,0.0,0.0,0.0,660.3642739725765,8608320.0,103307830.990558,100903933.88769498,-2403897.102863013,11.721675528755318,5,
2020-05-11,7970.0,8005.0,20390.66015625,0.0,0,0.0,0.0,0.0,0.0,674.2622465753811,8789490.0,103307830.990558,101084429.6254484,-2223401.3651095885,11.500602381417853,5,
2020-05-12,8030.0,7995.0,20366.48046875,0.0,0,313107.36600000004,14866.29193150691,11846.20472562128,3020.087205885629,649.5006575341686,8466705.0,103319677.19528362,101071082.40358499,-2248594.79169863,11.93747537012155,5,
2020-05-13,7775.0,7915.0,20267.05078125,0.0,0,0.0,0.0,0.0,0.0,643.0015890409122,8381985.0,103319677.19528362,100985719.40199596,-2333957.7932876707,12.047947998236213,5,
2020-05-14,7805.0,7615.0,19914.779296875,0.0,0,0.0,0.0,0.0,0.0,618.6300821918412,8064285.0,103319677.19528362,100667400.77191375,-2652276.423369863,12.48311546180644,5,
2020-05-15,7825.0,7710.0,20037.470703125,0.0,0,0.0,0.0,0.0,0.0,626.3477260274813,8164890.0,103319677.19528362,100767379.42418773,-2552297.7710958906,12.341547702931422,5,
2020-05-18,7800.0,7805.0,20133.73046875,0.0,0,0.0,0.0,0.0,0.0,634.0653698630631,8265495.0,103319677.19528362,100867350.35881788,-2452326.836465753,12.203425246620787,5,
2020-05-19,8190.0,8050.0,20433.44921875,0.0,0,0.0,0.0,0.0,0.0,653.9687671233551,8524950.0,103319677.19528362,101126151.39005074,-2193525.805232876,11.862374722438341,5,
2020-05-20,8045.0,8170.0,20595.150390625,0.0,0,0.0,0.0,0.0,0.0,663.7173698629485,8652030.0,103319677.19528362,101252567.67268088,-2067109.5226027397,11.702752726548669,5,
2020-05-21,8260.0,8130.0,20552.310546875,0.0,0,0.0,0.0,0.0,0.0,660.4678356164368,8609670.0,103319677.19528362,101209547.20484526,-2110129.990438356,11.755334084215221,5,
2020-05-22,8150.0,7995.0,20388.16015625,0.0,0,0.0,0.0,0.0,0.0,649.5006575341686,8466705.0,103319677.19528362,101065932.70418774,-2253744.4910958903,11.936867140663072,5,
2020-05-25,8230.0,8270.0,20741.650390625,0.0,0,0.0,0.0,0.0,0.0,671.8412054795772,8757930.0,103319677.19528362,101356485.86298226,-1963191.3323013696,11.573109840222775,5,
2020-05-26,8450.0,8695.0,21271.169921875,0.0,0,0.0,0.0,0.0,0.0,706.3675068494049,9208005.0,103319677.19528362,101805854.4954754,-1513822.6998082187,11.056233624490364,5,
2020-05-27,8675.0,8835.0,21419.23046875,0.0,0,0.0,0.0,0.0,0.0,717.7408767124289,9356265.0,103319677.19528362,101953396.75459869,-1366280.440684931,10.896805162594122,5,
2020-05-28,9035.0,9230.0,21916.310546875,0.0,0,0.0,0.0,0.0,0.0,749.8300273971399,9774570.0,103319677.19528362,102370951.92457129,-948725.2707123283,10.47319236800916,5,
2020-05-29,9110.0,9180.0,21877.890625,0.0,0,1630363.862,65837.70780821917,52462.777466979445,13374.930341239724,619.7128767123795,8078400.0,103372139.97275059,102291151.14335333,-1080988.8293972597,12.662303320379447,5,
2020-06-01,9245.0,9350.0,22062.390625,0.0,0,0.0,0.0,0.0,0.0,631.1890410960186,8228000.0,103372139.97275059,102440119.95431224,-932020.0184383555,12.450184729498327,5,
2020-06-02,9440.0,9585.0,22325.609375,0.0,0,811677.6320000001,30832.059095890603,24568.52629056043,6263.5328053301755,583.8184109588619,7610490.0,103396708.49904115,102627440.23509595,-769268.2639452051,13.484997711723679,5,
2020-06-03,9950.0,9825.0,22613.759765625,0.0,0,855528.86,70084.89065753423,55847.145120456145,14237.745537078077,533.6186301370035,6956100.0,103452555.64416161,102813807.73092873,-638747.9132328762,14.780380921914396,5,
2020-06-04,10050.0,9880.0,22695.740234375,0.0,0,844031.16,56741.07369863019,45214.12457675347,11526.949121876723,472.9407123285928,6165120.0,103497769.76873836,102854859.00109452,-642910.7676438354,16.683350689215217,5,
2020-06-05,9830.0,10030.0,22863.73046875,0.0,0,0.0,0.0,0.0,0.0,480.1209863014519,6258720.0,103497769.76873836,102947978.88010822,-549790.8886301367,16.448727356409652,5,
2020-06-08,10280.0,10285.0,23178.099609375,0.0,0,811957.576,29364.636561643867,23399.210644145915,5965.425917497952,429.9975342467078,5605325.0,103521168.97938251,103100146.03265649,-421022.9467260272,18.39325035259445,13,
2020-06-09,10275.0,10240.0,23091.029296875,0.0,0,801289.71,21850.24791780821,17411.370053305473,4438.877864502738,366.84449315071106,4782080.0,103538580.34943582,103073385.02029884,-465195.32913698605,21.55409048370141,13,
2020-06-10,10085.0,10240.0,23124.94921875,0.0,0,0.0,0.0,0.0,0.0,366.84449315071106,4782080.0,103538580.34943582,103073018.17580569,-465562.17363013665,21.55401377137264,13,
2020-06-11,9960.0,9690.0,22472.91015625,0.0,0,0.0,0.0,0.0,0.0,347.14093150693225,4525230.0,103538580.34943582,102815821.03487417,-722759.3145616436,22.720573547615075,13,
2020-06-12,9170.0,9530.0,22305.48046875,0.0,0,0.0,0.0,0.0,0.0,341.4089863013942,4450510.0,103538580.34943582,102740759.62588787,-797820.723547945,23.085165436295586,13,
2020-06-15,9380.0,8855.0,21530.94921875,0.0,0,0.0,0.0,0.0,0.0,317.227342465776,4135285.0,103538580.34943582,102425217.39854541,-1113362.9508904107,24.76859935857998,13,
2020-06-16,9420.0,9730.0,22582.2109375,0.0,0,0.0,0.0,0.0,0.0,348.5739178081858,4543910.0,103538580.34943582,102833493.82462761,-705086.524808219,22.63105867515589,13,
2020-06-17,9685.0,9625.0,22455.759765625,0.0,0,0.0,0.0,0.0,0.0,344.81232876720605,4494875.0,103538580.34943582,102784114.01229884,-754466.3371369861,22.86695714837428,13,
2020-06-18,9575.0,9545.0,22355.4609375,0.0,0,0.0,0.0,0.0,0.0,341.9463561644661,4457515.0,103538580.34943582,102746412.06594267,-792168.2834931504,23.050155089986838,13,
2020-06-19,9695.0,9630.0,22478.7890625,0.0,0,0.0,0.0,0.0,0.0,344.9914520547027,4497210.0,103538580.34943582,102785762.07449062,-752818.2749452052,22.855450840519037,13,
2020-06-22,9525.0,9625.0,22437.26953125,0.0,0,0.0,0.0,0.0,0.0,344.81232876720605,4494875.0,103538580.34943582,102783082.26216185,-755498.0872739723,22.866727609146384,13,
2020-06-23,9800.0,9710.0,22549.05078125,0.0,0,0.0,0.0,0.0,0.0,347.857424657559,4534570.0,103538580.34943582,102822429.40473719,-716150.9446986299,22.675232580980598,13,
2020-06-24,9720.0,9680.0,22534.3203125,0.0,0,0.0,0.0,0.0,0.0,346.78268493158976,4520560.0,103538580.34943582,102808072.62205225,-730507.7273835614,22.742331176237514,13,
2020-06-25,9480.0,9455.0,22259.7890625,0.0,0,0.0,0.0,0.0,0.0,338.7221369863255,4415485.0,103538580.34943582,102702658.89991528,-835921.4495205476,23.25965525868965,13,
2020-06-26,9625.0,9690.0,22512.080078125,0.0,0,0.0,0.0,0.0,0.0,347.14093150693225,4525230.0,103538580.34943582,102812056.75898376,-726523.5904520545,22.719741705721866,13,
2020-06-29,9420.0,9255.0,21995.0390625,0.0,0,0.0,0.0,0.0,0.0,331.5572054795339,4322085.0,103538580.34943582,102608580.2017783,-930000.1476575341,23.740528055736593,13,
2020-06-30,9580.0,9490.0,22288.140625,0.0,0,0.0,0.0,0.0,0.0,339.9759999999078,4431830.0,103538580.34943582,102717985.22577828,-820595.1236575339,23.177329731911712,13,
2020-07-01,9555.0,9350.0,22121.73046875,0.0,0,0.0,0.0,0.0,0.0,334.96054794528754,4366450.0,103538580.34943582,102652270.26523034,-886310.0842054791,23.50931998883082,13,
2020-07-02,9400.0,9355.0,22145.9609375,0.0,0,0.0,0.0,0.0,0.0,335.1396712329006,4368785.0,103538580.34943582,102654270.1255591,-884310.2238767119,23.497212640484506,13,
2020-07-03,9480.0,9500.0,22306.48046875,0.0,0,0.0,0.0,0.0,0.0,340.3342465753667,4436500.0,103538580.34943582,102721644.79131253,-816935.5581232874,23.153757419432555,13,
2020-07-06,9515.0,9855.0,22714.439453125,0.0,0,0.0,0.0,0.0,0.0,353.05199999996694,4602285.0,103538580.34943582,102887076.73931253,-651503.6101232874,22.355650886312457,5,
2020-07-07,9810.0,9760.0,22614.689453125,0.0,0,0.0,0.0,0.0,0.0,349.64865753421327,4557920.0,103538580.34943582,102842362.090655,-696218.2587808216,22.563441677487756,5,
2020-07-08,9660.0,9630.0,22438.650390625,0.0,0,0.0,0.0,0.0,0.0,344.9914520547027,4497210.0,103538580.34943582,102781307.09920295,-757273.2502328764,22.85446023183328,5,
2020-07-09,9705.0,9725.0,22529.2890625,0.0,0,0.0,0.0,0.0,0.0,348.39479452057276,4541575.0,103538580.34943582,102825323.70440842,-713256.645027397,22.640895219039304,5,
2020-07-10,9720.0,9520.0,22290.810546875,0.0,0,0.0,0.0,0.0,0.0,341.0507397259353,4445840.0,103538580.34943582,102729247.6536687,-809332.695767123,23.106825178969263,5,
2020-07-13,9765.0,9895.0,22784.740234375,0.0,0,0.0,0.0,0.0,0.0,354.4849863011623,4620965.0,103538580.34943582,102904018.1686824,-634562.1807534244,22.268945592248027,13,
2020-07-14,9755.0,9745.0,22587.009765625,0.0,0,0.0,0.0,0.0,0.0,349.1112876711413,4550915.0,103538580.34943582,102833619.05739473,-704961.2920410957,22.596251315921023,13,
2020-07-15,9945.0,10045.0,22945.5,0.0,0,0.0,0.0,0.0,0.0,359.8586849316489,4691015.0,103538580.34943582,102973359.1987098,-565221.1507260271,21.95118949709387,13,
2020-07-16,10035.0,9900.0,22770.359375,0.0,0,0.0,0.0,0.0,0.0,354.6641095891828,4623300.0,103538580.34943582,102905289.5346002,-633290.8148356162,22.257973641035665,13,
2020-07-17,9935.0,9840.0,22696.419921875,0.0,0,0.0,0.0,0.0,0.0,352.5146301370696,4595280.0,103538580.34943582,102876917.01997007,-661663.3294657532,22.387518719201022,13,
2020-07-20,9905.0,9855.0,22717.48046875,0.0,0,0.0,0.0,0.0,0.0,353.05199999996694,4602285.0,103538580.34943582,102883568.96797007,-655011.3814657531,22.35488870592979,13,
2020-07-21,9930.0,10005.0,22884.220703125,0.0,0,0.0,0.0,0.0,0.0,358.4256986299879,4672335.0,103538580.34943582,102953260.54227144,-585319.8071643832,22.034648744636556,13,
2020-07-22,9925.0,9900.0,22751.609375,0.0,0,0.0,0.0,0.0,0.0,354.6641095891828,4623300.0,103538580.34943582,102903870.87816185,-634709.4712739724,22.2576667917206,13,
2020-07-27,9620.0,9830.0,22715.849609375,0.0,0,0.0,0.0,0.0,0.0,352.1563835616107,4590610.0,103538580.34943582,102870828.72177829,-667751.627657534,22.408967157257596,13,
2020-07-28,9855.0,9815.0,22657.380859375,0.0,0,0.0,0.0,0.0,0.0,351.61901369853877,4583605.0,103538580.34943582,102863472.10276459,-675108.2466712326,22.441609192494685,13,
2020-07-29,9710.0,9560.0,22397.109375,0.0,0,0.0,0.0,0.0,0.0,342.48372602753807,4464520.0,103538580.34943582,102744044.61903857,-794535.7303972599,23.013458248375763,13,
2020-07-30,9685.0,9525.0,22339.23046875,0.0,0,0.0,0.0,0.0,0.0,341.2298630134901,4448175.0,103538580.34943582,102727358.38917555,-811221.9602602737,23.09427088394129,13,
2020-07-31,9480.0,9010.0,21710.0,0.0,0,0.0,0.0,0.0,0.0,322.78016438341,4207670.0,103538580.34943582,102486530.60901116,-1052049.7404246572,24.357074249884416,13,
2020-08-03,9210.0,9375.0,22195.380859375,9211.842,1,0.0,0.0,0.0,0.0,336.57534246565774,4387500.0,103538580.34943582,102656812.1916687,-881768.157767123,23.397564032289164,13,
2020-08-04,9560.0,9700.0,22573.66015625,0.0,0,9558.088,345.5268219178074,275.3330480452048,70.19377387260258,347.4991780821583,4529900.0,103538855.68248387,102808352.58671674,-730503.0957671229,22.69550157546894,13,
2020-08-05,9625.0,9660.0,22514.849609375,0.0,0,0.0,0.0,0.0,0.0,346.0661917809048,4511220.0,103538855.68248387,102789326.52052496,-749529.1619589039,22.78526130858725,13,
2020-08-06,9620.0,9565.0,22418.150390625,0.0,0,0.0,0.0,0.0,0.0,342.6628493151511,4466855.0,103538855.68248387,102744618.85767564,-794236.8248082189,23.00155676816813,13,
2020-08-07,9565.0,9485.0,22329.939453125,0.0,0,0.0,0.0,0.0,0.0,339.79687671229476,4429495.0,103538855.68248387,102706919.06079894,-831936.6216849312,23.187049327473886,13,
2020-08-11,9680.0,9845.0,22750.240234375,0.0,0,0.0,0.0,0.0,0.0,352.69375342456624,4597615.0,103538855.68248387,102874686.3670455,-664169.3154383559,22.375663548828143,13,
2020-08-12,9860.0,9930.0,22843.9609375,0.0,0,0.0,0.0,0.0,0.0,355.73884931521025,4637310.0,103538855.68248387,102914025.6281962,-624830.054287671,22.192612878629248,13,
2020-08-13,10215.0,10295.0,23249.609375,0.0,0,0.0,0.0,0.0,0.0,368.81484931497835,4807765.0,103538855.68248387,103084111.81334688,-454743.869136986,21.44117106666962,13,
2020-08-14,10365.0,10320.0,23289.359375,0.0,0,0.0,0.0,0.0,0.0,369.710465753451,4819440.0,103538855.68248387,103095417.10288113,-443438.57960273937,21.391576013578575,13,
2020-08-17,10240.0,10165.0,23096.75,0.0,0,0.0,0.0,0.0,0.0,364.15764383558417,4747055.0,103538855.68248387,103022667.9452373,-516187.73724657507,21.70243823702007,13,
2020-08-18,10160.0,10125.0,23051.080078125,0.0,0,0.0,0.0,0.0,0.0,362.7246575343306,4728375.0,103538855.68248387,103003625.22057976,-535230.4619041092,21.784148935010393,13,
2020-08-19,10070.0,10175.0,23110.609375,0.0,0,0.0,0.0,0.0,0.0,364.51589041098487,4751725.0,103538855.68248387,103026610.70468935,-512244.9777945203,21.681938812681576,13,
2020-08-20,10075.0,9965.0,22880.619140625,0.0,0,0.0,0.0,0.0,0.0,356.99271232879255,4653655.0,103538855.68248387,102928183.71197702,-610671.970506849,22.117708277037515,13,
2020-08-21,10095.0,10020.0,22920.30078125,0.0,0,0.0,0.0,0.0,0.0,358.96306849305984,4679340.0,103538855.68248387,102953509.74890852,-585345.9335753422,22.00171600031383,13,
2020-08-24,10010.0,10055.0,22985.509765625,0.0,0,0.0,0.0,0.0,0.0,360.21693150675856,4695685.0,103538855.68248387,102969494.53197701,-569361.1505068489,21.928535353622955,13,
2020-08-25,10290.0,10320.0,23296.76953125,0.0,0,0.0,0.0,0.0,0.0,369.710465753451,4819440.0,103538855.68248387,103092879.82151127,-445975.86097260244,21.39104954548895,13,
2020-08-26,10295.0,10305.0,23290.859375,0.0,0,0.0,0.0,0.0,0.0,369.17309589049546,4812435.0,103538855.68248387,103085505.64841537,-453350.0340684928,21.42065412798622,13,
2020-08-27,10360.0,10235.0,23208.859375,0.0,0,0.0,0.0,0.0,0.0,366.665369863098,4779745.0,103538855.68248387,103052448.98304552,-486406.6994383558,21.560239925570407,13,
2020-08-28,10290.0,9990.0,22882.650390625,0.0,0,0.0,0.0,0.0,0.0,357.88832876703236,4665330.0,103538855.68248387,102937676.09471674,-601179.587767123,22.064393321526396,13,
2020-08-31,10225.0,10205.0,23139.759765625,0.0,0,0.0,0.0,0.0,0.0,365.59063013707055,4765735.0,103538855.68248387,103037715.50408661,-501140.1783972599,21.620529782727452,13,
2020-09-01,10150.0,10195.0,23138.0703125,0.0,0,0.0,0.0,0.0,0.0,365.23238356166985,4761065.0,103538855.68248387,103032680.27170305,-506175.4107808217,21.640679190832945,13,
2020-09-02,10305.0,10285.0,23247.150390625,0.0,0,0.0,0.0,0.0,0.0,368.4566027398687,4803095.0,103538855.68248387,103074341.81510031,-464513.86738356133,21.45998399263398,13,
2020-09-03,10550.0,10475.0,23465.529296875,0.0,0,0.0,0.0,0.0,0.0,375.2632876711432,4891825.0,103538855.68248387,103162696.55181263,-376159.13067123253,21.088795398815908,13,
2020-09-04,10160.0,10240.0,23205.4296875,0.0,0,0.0,0.0,0.0,0.0,366.84449315071106,4782080.0,103538855.68248387,103052584.70731948,-486270.97516438336,21.54974084651856,13,
2020-09-07,10190.0,10155.0,23089.94921875,0.0,0,0.0,0.0,0.0,0.0,363.7993972604745,4742385.0,103538855.68248387,103012525.90792222,-526329.7745616436,21.721670827636775,13,
2020-09-08,10245.0,10315.0,23274.130859375,0.0,0,0.0,0.0,0.0,0.0,369.53134246566333,4817105.0,103538855.68248387,103086876.37657976,-451979.3059041093,21.400172173240932,13,
2020-09-09,10030.0,10095.0,23032.5390625,0.0,0,0.0,0.0,0.0,0.0,361.64991780824494,4714365.0,103538855.68248387,102983774.72666195,-555080.9558219175,21.844675736109096,13,
2020-09-10,10245.0,10275.0,23235.470703125,0.0,0,0.0,0.0,0.0,0.0,368.098356164468,4798425.0,103538855.68248387,103067466.62830578,-471389.0541780819,21.479436821103963,13,
2020-09-11,10235.0,10405.0,23406.490234375,0.0,0,0.0,0.0,0.0,0.0,372.75556164386217,4859135.0,103538855.68248387,103127803.87274414,-411051.8097397257,21.223490162908448,13,
2020-09-14,10510.0,10555.0,23559.30078125,0.0,0,0.0,0.0,0.0,0.0,378.1292602738831,4929185.0,103538855.68248387,103197475.74348387,-341379.9389999997,20.936011885024374,13,
2020-09-15,10465.0,10445.0,23454.890625,0.0,0,0.0,0.0,0.0,0.0,374.18854794529034,4877815.0,103538855.68248387,103145731.55493592,-393124.1275479449,21.145888385462737,13,
2020-09-16,10440.0,10480.0,23475.529296875,0.0,0,0.0,0.0,0.0,0.0,375.44241095887264,4894160.0,103538855.68248387,103161701.11252496,-377154.5699589038,21.078530557342823,13,
2020-09-17,10430.0,10350.0,23319.369140625,0.0,0,0.0,0.0,0.0,0.0,370.78520547947846,4833450.0,103538855.68248387,103100620.32731949,-438235.35516438325,21.33064794863286,13,
2020-09-18,10350.0,10375.0,23360.30078125,0.0,0,0.0,0.0,0.0,0.0,371.68082191766007,4845125.0,103538855.68248387,103111923.64649756,-426932.0359863011,21.281581723174853,13,
2020-09-23,10255.0,10375.0,23346.490234375,0.0,0,0.0,0.0,0.0,0.0,371.68082191766007,4845125.0,103538855.68248387,103111551.96567565,-427303.71680821886,21.28150501084609,13,
2020-09-24,10225.0,10135.0,23087.8203125,0.0,0,0.0,0.0,0.0,0.0,363.0829041094985,4733045.0,103538855.68248387,102999108.88277154,-539746.7997123285,21.76170074080672,13,
2020-09-25,10250.0,10255.0,23204.619140625,0.0,0,0.0,0.0,0.0,0.0,367.3818630137248,4789085.0,103538855.68248387,103054781.50090852,-484074.1815753422,21.51867872483126,13,
2020-09-28,10390.0,10490.0,23511.619140625,0.0,0,0.0,0.0,0.0,0.0,375.8006575340987,4898830.0,103538855.68248387,103164150.70025098,-374704.9822328764,21.058936664520097,13,
2020-09-29,10540.0,10665.0,23539.099609375,0.0,0,0.0,0.0,0.0,0.0,382.0699726026505,4980555.0,103538855.68248387,103245493.6302784,-293362.0522054792,20.729716593889314,13,
2020-09-30,10610.0,10350.0,23185.119140625,0.0,0,0.0,0.0,0.0,0.0,370.78520547947846,4833450.0,103538855.68248387,103098017.84507291,-440837.83741095866,21.33010951702674,13,
2020-10-02,10515.0,10195.0,23029.900390625,0.0,0,0.0,0.0,0.0,0.0,365.23238356166985,4761065.0,103538855.68248387,103025267.61268935,-513588.0697945203,21.639122257874938,13,
2020-10-05,10410.0,10435.0,23312.140625,0.0,0,0.0,0.0,0.0,0.0,373.83030136983143,4873145.0,103538855.68248387,103136973.78238797,-401881.9000958901,21.164355622988435,13,
2020-10-06,10525.0,10545.0,23433.73046875,0.0,0,0.0,0.0,0.0,0.0,377.77101369865704,4924515.0,103538855.68248387,103187966.01137428,-350889.6711095887,20.953934755275245,13,
2020-10-07,10420.0,10540.0,23422.8203125,0.0,0,0.0,0.0,0.0,0.0,377.5918904108694,4922180.0,103538855.68248387,103185253.41948387,-353602.2629999997,20.96332385639775,13,
2020-10-08,10610.0,10750.0,23647.0703125,0.0,0,0.0,0.0,0.0,0.0,385.1150684931781,5020250.0,103538855.68248387,103282938.30441537,-255917.37806849286,20.57326593385098,13,
2020-10-09,10815.0,10710.0,23619.689453125,0.0,0,0.0,0.0,0.0,0.0,383.68208219174994,5001570.0,103538855.68248387,103263874.62233318,-274981.0601506846,20.64629198878216,13,
2020-10-12,10685.0,10670.0,23558.689453125,0.0,0,0.0,0.0,0.0,0.0,382.2490958905546,4982890.0,103538855.68248387,103244812.3732373,-294043.30924657505,20.71986585560534,13,
2020-10-13,10750.0,10695.0,23601.779296875,0.0,0,0.0,0.0,0.0,0.0,383.1447123287362,4994565.0,103538855.68248387,103256104.22852497,-282751.4539589038,20.673693150159217,13,
2020-10-14,10645.0,10720.0,23626.73046875,0.0,0,0.0,0.0,0.0,0.0,384.04032876720885,5006240.0,103538855.68248387,103267395.1881962,-271460.4942876709,20.62773562358101,13,
2020-10-15,10660.0,10625.0,23507.23046875,0.0,0,0.0,0.0,0.0,0.0,380.636986301397,4961875.0,103538855.68248387,103222649.5512099,-316206.13127397234,20.803153959180733,13,
2020-10-16,10615.0,10550.0,23410.630859375,0.0,0,0.0,0.0,0.0,0.0,377.9501369862701,4926850.0,103538855.68248387,103187246.6010729,-351609.08141095855,20.94385796220159,13,
2020-10-19,10660.0,10770.0,23671.130859375,0.0,0,0.0,0.0,0.0,0.0,385.8315616439213,5029590.0,103538855.68248387,103289600.76951127,-249254.91297260244,20.536385822604082,13,
2020-10-20,10695.0,10665.0,23567.0390625,0.0,0,0.0,0.0,0.0,0.0,382.0699726026505,4980555.0,103538855.68248387,103240183.69953866,-298671.9829452052,20.72865046155271,13,
2020-10-21,10705.0,10740.0,23639.4609375,0.0,0,0.0,0.0,0.0,0.0,384.7568219177774,5015580.0,103538855.68248387,103274823.94271675,-264031.73976712296,20.590803843766174,13,
2020-10-22,10650.0,10595.0,23474.26953125,0.0,0,0.0,0.0,0.0,0.0,379.5622465753113,4947865.0,103538855.68248387,103206729.38047017,-332126.3020136984,20.858841011319058,13,
2020-10-23,10655.0,10640.0,23516.58984375,0.0,0,0.0,0.0,0.0,0.0,381.1743561645271,4968880.0,103538855.68248387,103227363.20611401,-311492.4763698627,20.774774839825877,13,
2020-10-26,10640.0,10610.0,23494.33984375,0.0,0,0.0,0.0,0.0,0.0,380.09961643838324,4954870.0,103538855.68248387,103212973.10649757,-325882.575986301,20.83061172270868,13,
2020-10-27,10520.0,10595.0,23485.80078125,0.0,0,0.0,0.0,0.0,0.0,379.5622465753113,4947865.0,103538855.68248387,103205588.544251,-333267.1382328765,20.85861043990711,13,
2020-10-28,10500.0,10540.0,23418.509765625,0.0,0,0.0,0.0,0.0,0.0,377.5918904108694,4922180.0,103538855.68248387,103179525.95236059,-359329.73012328736,20.962160252644274,13,
2020-10-29,10300.0,10450.0,23331.939453125,0.0,0,0.0,0.0,0.0,0.0,374.3676712329034,4880150.0,103538855.68248387,103137121.58468935,-401734.09779452026,21.134006451582298,13,
2020-10-30,10420.0,10165.0,22977.130859375,0.0,0,0.0,0.0,0.0,0.0,364.15764383558417,4747055.0,103538855.68248387,103003662.42704551,-535193.2554383558,21.69843459303621,13,
2020-11-02,10240.0,10440.0,23295.48046875,0.0,0,0.0,0.0,0.0,0.0,374.0094246575027,4875480.0,103538855.68248387,103131713.41762085,-407142.26486301335,21.153140494396624,13,
2020-11-04,10785.0,10810.0,23695.23046875,0.0,0,0.0,0.0,0.0,0.0,387.26454794517485,5048270.0,103538855.68248387,103304116.15307291,-234739.5294109586,20.46327081417454,13,
2020-11-05,10965.0,11190.0,24105.279296875,0.0,0,0.0,0.0,0.0,0.0,400.87791780824773,5225730.0,103538855.68248387,103481175.2751551,-57680.407328766814,19.8022429928747,13,
2020-11-06,11195.0,11375.0,24325.23046875,0.0,0,1992311.458,26640.125534246796,21228.18403196456,5411.941502282236,252.18219178071013,3287375.0,103560083.86651583,103529467.60946104,-30616.25705479445,31.493050719635285,13,
2020-11-09,11590.0,11855.0,24839.83984375,0.0,0,672085.5560000001,18161.827616438488,14472.25233615901,3689.5752802794786,210.0770958903595,2738505.0,103574556.11885199,103648783.51308487,74227.39423287674,37.84867419014567,13,
2020-11-10,12215.0,11915.0,24905.58984375,0.0,0,2808888.1100000003,156848.99242465783,124985.1196135886,31863.872811069243,0.9140273972880095,11915.0,103699541.23846558,103699216.8362464,-324.4022191780822,8703.249419743717,13,
2020-11-11,12190.0,12335.0,25349.599609375,0.0,0,0.0,0.0,0.0,0.0,0.9462465753313154,12335.0,103699541.23846558,103699635.88999982,94.65153424657535,8406.942512363179,13,
2020-11-12,12425.0,12500.0,25520.880859375,0.0,0,12422.515,182.16653424657477,145.1594028143831,37.00713143219166,0.0,0.0,103699686.3978684,103699686.3978684,0.0,inf,13,
2020-11-13,12390.0,12345.0,25385.869140625,0.0,0,0.0,0.0,0.0,0.0,0.0,0.0,103699686.3978684,103699686.3978684,0.0,inf,13,
2020-11-16,12645.0,12875.0,25906.9296875,0.0,0,0.0,0.0,0.0,0.0,0.0,0.0,103699686.3978684,103699686.3978684,0.0,inf,13,
2020-11-17,13060.0,12950.0,26014.619140625,0.0,0,0.0,0.0,0.0,0.0,0.0,0.0,103699686.3978684,103699686.3978684,0.0,inf,13,
2020-11-18,12845.0,12695.0,25728.140625,0.0,0,0.0,0.0,0.0,0.0,0.0,0.0,103699686.3978684,103699686.3978684,0.0,inf,13,
2020-11-19,12585.0,12555.0,25634.33984375,0.0,0,0.0,0.0,0.0,0.0,0.0,0.0,103699686.3978684,103699686.3978684,0.0,inf,13,
2020-11-20,12435.0,12495.0,25527.369140625,0.0,0,0.0,0.0,0.0,0.0,0.0,0.0,103699686.3978684,103699686.3978684,0.0,inf,13,
2020-11-24,12925.0,13110.0,26165.58984375,0.0,0,0.0,0.0,0.0,0.0,0.0,0.0,103699686.3978684,103699686.3978684,0.0,inf,13,
2020-11-25,13485.0,13225.0,26296.859375,0.0,0,0.0,0.0,0.0,0.0,0.0,0.0,103699686.3978684,103699686.3978684,0.0,inf,13,
2020-11-26,13210.0,13500.0,26537.310546875,0.0,0,0.0,0.0,0.0,0.0,0.0,0.0,103699686.3978684,103699686.3978684,0.0,inf,13,
2020-11-27,13435.0,13595.0,26644.7109375,0.0,0,0.0,0.0,0.0,0.0,0.0,0.0,103699686.3978684,103699686.3978684,0.0,inf,13,
2020-11-30,13805.0,13415.0,26433.619140625,0.0,0,0.0,0.0,0.0,0.0,0.0,0.0,103699686.3978684,103699686.3978684,0.0,inf,13,
2020-12-01,13570.0,13745.0,26787.5390625,0.0,0,0.0,0.0,0.0,0.0,0.0,0.0,103699686.3978684,103699686.3978684,0.0,inf,13,
2020-12-02,13825.0,13745.0,26800.98046875,0.0,0,0.0,0.0,0.0,0.0,0.0,0.0,103699686.3978684,103699686.3978684,0.0,inf,13,
2020-12-03,13715.0,13755.0,26809.369140625,0.0,0,0.0,0.0,0.0,0.0,0.0,0.0,103699686.3978684,103699686.3978684,0.0,inf,13,
2020-12-04,13655.0,13695.0,26751.240234375,0.0,0,0.0,0.0,0.0,0.0,0.0,0.0,103699686.3978684,103699686.3978684,0.0,inf,13,
2020-12-07,13825.0,13505.0,26547.439453125,0.0,0,0.0,0.0,0.0,0.0,0.0,0.0,103699686.3978684,103699686.3978684,0.0,inf,13,
2020-12-08,13335.0,13400.0,26467.080078125,0.0,0,0.0,0.0,0.0,0.0,0.0,0.0,103699686.3978684,103699686.3978684,0.0,inf,13,
2020-12-09,13480.0,13740.0,26817.939453125,0.0,0,0.0,0.0,0.0,0.0,0.0,0.0,103699686.3978684,103699686.3978684,0.0,inf,13,
2020-12-10,13610.0,13710.0,26756.240234375,0.0,0,0.0,0.0,0.0,0.0,0.0,0.0,103699686.3978684,103699686.3978684,0.0,inf,13,
2020-12-11,13690.0,13580.0,26652.51953125,0.0,0,0.0,0.0,0.0,0.0,0.0,0.0,103699686.3978684,103699686.3978684,0.0,inf,13,
2020-12-14,13635.0,13665.0,26732.439453125,0.0,0,0.0,0.0,0.0,0.0,0.0,0.0,103699686.3978684,103699686.3978684,0.0,inf,13,
2020-12-15,13600.0,13625.0,26687.83984375,0.0,0,0.0,0.0,0.0,0.0,0.0,0.0,103699686.3978684,103699686.3978684,0.0,inf,13,
2020-12-16,13760.0,13705.0,26757.400390625,0.0,0,0.0,0.0,0.0,0.0,0.0,0.0,103699686.3978684,103699686.3978684,0.0,inf,13,
2020-12-17,13720.0,13755.0,26806.669921875,0.0,0,0.0,0.0,0.0,0.0,0.0,0.0,103699686.3978684,103699686.3978684,0.0,inf,13,
2020-12-18,13705.0,13705.0,26763.390625,0.0,0,0.0,0.0,0.0,0.0,0.0,0.0,103699686.3978684,103699686.3978684,0.0,inf,13,
2020-12-21,13780.0,13635.0,26714.419921875,0.0,0,0.0,0.0,0.0,0.0,0.0,0.0,103699686.3978684,103699686.3978684,0.0,inf,13,
2020-12-22,13515.0,13345.0,26436.390625,0.0,0,0.0,0.0,0.0,0.0,0.0,0.0,103699686.3978684,103699686.3978684,0.0,inf,13,
2020-12-23,13505.0,13440.0,26524.7890625,13507.701,1,0.0,0.0,0.0,0.0,1.0310136986081488,13440.0,103699686.3978684,103699617.66585469,-68.73201369862925,7715.74536204276,13,
2020-12-24,13605.0,13595.0,26668.349609375,0.0,0,0.0,0.0,0.0,0.0,1.0429041095776483,13595.0,103699686.3978684,103699771.62295058,85.22508219178171,7627.787541224758,13,
2020-12-25,13610.0,13610.0,26656.609375,0.0,0,0.0,0.0,0.0,0.0,1.0440547945327125,13610.0,103699686.3978684,103699785.57889579,99.18102739726116,7619.381747163541,13,
2020-12-28,13635.0,13795.0,26854.029296875,0.0,0,0.0,0.0,0.0,0.0,1.0582465753541328,13795.0,103699686.3978684,103699969.52064921,283.1227808219187,7517.214173298239,13,
2020-12-29,13900.0,14595.0,27568.150390625,0.0,0,13897.220000000001,385.34278082191986,307.0603948979468,78.28238592397302,0.0,0.0,103699993.4582633,103699993.4582633,0.0,inf,13,
2020-12-30,14605.0,14450.0,27444.169921875,0.0,0,0.0,0.0,0.0,0.0,0.0,0.0,103699993.4582633,103699993.4582633,0.0,inf,13,
2021-01-04,14610.0,14225.0,27258.380859375,0.0,0,0.0,0.0,0.0,0.0,0.0,0.0,103699993.4582633,103699993.4582633,0.0,inf,13,
2021-01-05,14090.0,14130.0,27158.630859375,0.0,0,0.0,0.0,0.0,0.0,0.0,0.0,103699993.4582633,103699993.4582633,0.0,inf,13,
2021-01-06,14065.0,14020.0,27055.939453125,0.0,0,0.0,0.0,0.0,0.0,0.0,0.0,103699993.4582633,103699993.4582633,0.0,inf,13,
2021-01-07,14375.0,14450.0,27490.130859375,0.0,0,0.0,0.0,0.0,0.0,0.0,0.0,103699993.4582633,103699993.4582633,0.0,inf,13,
2021-01-08,14685.0,15100.0,28139.029296875,0.0,0,0.0,0.0,0.0,0.0,0.0,0.0,103699993.4582633,103699993.4582633,0.0,inf,13,
2021-01-12,15075.0,15225.0,28164.33984375,0.0,0,0.0,0.0,0.0,0.0,0.0,0.0,103699993.4582633,103699993.4582633,0.0,inf,13,
2021-01-13,15175.0,15525.0,28456.58984375,0.0,0,0.0,0.0,0.0,0.0,0.0,0.0,103699993.4582633,103699993.4582633,0.0,inf,13,
2021-01-14,15500.0,15750.0,28698.259765625,0.0,0,0.0,0.0,0.0,0.0,0.0,0.0,103699993.4582633,103699993.4582633,0.0,inf,13,
2021-01-15,15975.0,15550.0,28519.1796875,0.0,0,0.0,0.0,0.0,0.0,0.0,0.0,103699993.4582633,103699993.4582633,0.0,inf,13,
2021-01-18,15200.0,15250.0,28242.2109375,0.0,0,0.0,0.0,0.0,0.0,0.0,0.0,103699993.4582633,103699993.4582633,0.0,inf,13,
2021-01-19,15475.0,15700.0,28633.4609375,0.0,0,0.0,0.0,0.0,0.0,0.0,0.0,103699993.4582633,103699993.4582633,0.0,inf,13,
2021-01-20,15900.0,15575.0,28523.259765625,0.0,0,0.0,0.0,0.0,0.0,0.0,0.0,103699993.4582633,103699993.4582633,0.0,inf,13,
2021-01-21,15775.0,15800.0,28756.859375,0.0,0,0.0,0.0,0.0,0.0,0.0,0.0,103699993.4582633,103699993.4582633,0.0,inf,13,
2021-01-22,15625.0,15700.0,28631.44921875,0.0,0,0.0,0.0,0.0,0.0,0.0,0.0,103699993.4582633,103699993.4582633,0.0,inf,13,
2021-01-25,15775.0,15875.0,28822.2890625,0.0,0,0.0,0.0,0.0,0.0,0.0,0.0,103699993.4582633,103699993.4582633,0.0,inf,13,
2021-01-26,15775.0,15575.0,28546.1796875,0.0,0,0.0,0.0,0.0,0.0,0.0,0.0,103699993.4582633,103699993.4582633,0.0,inf,13,
2021-01-27,15725.0,15700.0,28635.2109375,0.0,0,0.0,0.0,0.0,0.0,0.0,0.0,103699993.4582633,103699993.4582633,0.0,inf,13,
2021-01-28,15000.0,15175.0,28197.419921875,0.0,0,0.0,0.0,0.0,0.0,0.0,0.0,103699993.4582633,103699993.4582633,0.0,inf,13,
2021-01-29,15325.0,14595.0,27663.390625,0.0,0,0.0,0.0,0.0,0.0,0.0,0.0,103699993.4582633,103699993.4582633,0.0,inf,13,
2021-02-01,14595.0,15075.0,28091.05078125,14597.919,1,0.0,0.0,0.0,0.0,1.1564383561490104,15075.0,103699993.4582633,103700469.38282494,475.9245616438358,6878.969776638471,13,
2021-02-02,15225.0,15375.0,28362.169921875,0.0,0,15221.955,622.8795616438357,496.34157869589046,126.53798294794522,0.0,0.0,103700489.79984199,103700489.79984199,0.0,inf,13,
2021-02-03,15475.0,15675.0,28646.5,0.0,0,0.0,0.0,0.0,0.0,0.0,0.0,103700489.79984199,103700489.79984199,0.0,inf,13,
2021-02-04,15600.0,15375.0,28341.94921875,0.0,0,0.0,0.0,0.0,0.0,0.0,0.0,103700489.79984199,103700489.79984199,0.0,inf,13,
2021-02-05,15675.0,15825.0,28779.189453125,0.0,0,0.0,0.0,0.0,0.0,0.0,0.0,103700489.79984199,103700489.79984199,0.0,inf,13,
2021-02-08,15900.0,16475.0,29388.5,0.0,0,0.0,0.0,0.0,0.0,0.0,0.0,103700489.79984199,103700489.79984199,0.0,inf,13,
2021-02-09,16625.0,16625.0,29505.9296875,0.0,0,0.0,0.0,0.0,0.0,0.0,0.0,103700489.79984199,103700489.79984199,0.0,inf,13,
2021-02-10,16475.0,16675.0,29562.9296875,0.0,0,0.0,0.0,0.0,0.0,0.0,0.0,103700489.79984199,103700489.79984199,0.0,inf,13,
2021-02-12,16775.0,16625.0,29520.0703125,0.0,0,0.0,0.0,0.0,0.0,0.0,0.0,103700489.79984199,103700489.79984199,0.0,inf,13,
2021-02-15,16825.0,17250.0,30084.150390625,0.0,0,0.0,0.0,0.0,0.0,0.0,0.0,103700489.79984199,103700489.79984199,0.0,inf,13,
2021-02-16,17400.0,17700.0,30467.75,0.0,0,0.0,0.0,0.0,0.0,0.0,0.0,103700489.79984199,103700489.79984199,0.0,inf,13,
2021-02-17,17550.0,17525.0,30292.189453125,0.0,0,0.0,0.0,0.0,0.0,0.0,0.0,103700489.79984199,103700489.79984199,0.0,inf,13,
2021-02-18,17575.0,17475.0,30236.08984375,0.0,0,0.0,0.0,0.0,0.0,0.0,0.0,103700489.79984199,103700489.79984199,0.0,inf,13,
2021-02-19,17150.0,17150.0,30017.919921875,0.0,0,0.0,0.0,0.0,0.0,0.0,0.0,103700489.79984199,103700489.79984199,0.0,inf,13,
2021-02-22,17500.0,17350.0,30156.029296875,0.0,0,0.0,0.0,0.0,0.0,0.0,0.0,103700489.79984199,103700489.79984199,0.0,inf,13,
2021-02-24,17150.0,16800.0,29671.69921875,0.0,0,0.0,0.0,0.0,0.0,0.0,0.0,103700489.79984199,103700489.79984199,0.0,inf,13,
2021-02-25,17350.0,17375.0,30168.26953125,17353.47,1,0.0,0.0,0.0,0.0,1.3328767123166472,17375.0,103700489.79984199,103700509.99696527,20.19712328767007,5968.374676084332,6,
2021-02-26,16675.0,16025.0,28966.009765625,0.0,0,0.0,0.0,0.0,0.0,1.229315068514552,16025.0,103700489.79984199,103699158.7676502,-1331.032191780823,6471.086350555395,6,
2021-03-01,16625.0,16750.0,29663.5,33256.65,2,0.0,0.0,0.0,0.0,3.8547945205355063,50250.0,103700489.79984199,103700123.26285568,-366.5369863013725,2063.6840450319537,6,
2021-03-02,17025.0,16450.0,29408.169921875,17028.405,1,0.0,0.0,0.0,0.0,5.047671232838184,65800.0,103700489.79984199,103698639.81018445,-1849.9896575342482,1575.967170367545,6,
2021-03-03,16575.0,16600.0,29559.099609375,16578.315,1,0.0,0.0,0.0,0.0,6.367123287636787,83000.0,103700489.79984199,103699255.12806116,-1234.671780821918,1249.3886160007369,6,
2021-03-04,16150.0,15900.0,28930.109375,16153.23,1,0.0,0.0,0.0,0.0,7.318356164381839,95400.0,103700489.79984199,103695494.579705,-4995.2201369863005,1086.9548698082285,6,
2021-03-05,15675.0,15825.0,28864.3203125,31356.27,2,0.0,0.0,0.0,0.0,9.71178082190454,126600.0,103700489.79984199,103695328.59792417,-5161.20191780822,819.0784249441087,6,
2021-03-08,16250.0,15675.0,28743.25,32506.5,2,0.0,0.0,0.0,0.0,12.02465753420256,156750.0,103700489.79984199,103692960.07326664,-7529.726575342465,661.5180865918127,6,
2021-03-09,15725.0,15975.0,29027.939453125,31456.29,2,0.0,0.0,0.0,0.0,14.705753424670547,191700.0,103700489.79984199,103696439.07751322,-4050.7223287671236,540.9308246088326,6,
2021-03-10,16175.0,16025.0,29036.560546875,32356.469999999998,2,0.0,0.0,0.0,0.0,17.21041095891269,224350.0,103700489.79984199,103696715.39710225,-3774.4027397260256,462.209562723879,6,
2021-03-11,16025.0,16225.0,29211.640625,641128.2,40,0.0,0.0,0.0,0.0,67.21150684909662,876150.0,103700489.79984199,103707319.9855954,6830.185753424705,118.36708324555774,1,
2021-03-12,16350.0,16775.0,29717.830078125,654130.8,40,65386.92,2554.72931506849,2035.7360547123264,518.9932603561638,115.8164383561234,1509750.0,103702525.53589669,103751541.2958967,49015.76,68.72100764755535,1,
2021-03-15,16900.0,16850.0,29766.970703125,557811.54,33,760347.8999999999,38073.71808219175,30339.042253794498,7734.675828397254,100.82301369856577,1314300.0,103732864.5781505,103750792.1570546,17927.578904109505,78.93996207643202,1,
2021-03-16,16850.0,17025.0,29921.08984375,404480.88,24,673865.2000000001,19631.22191780824,15643.139185205497,3988.0827326027443,80.9736986301723,1055550.0,103748507.7173357,103757357.42062338,8849.703287671191,98.29696122459701,1,
2021-03-17,16900.0,17000.0,29914.330078125,524004.78,31,0.0,0.0,0.0,0.0,121.28219178080326,1581000.0,103748507.7173357,103758681.3584316,10173.64109589034,65.628514458211,1,
2021-03-18,17275.0,17375.0,30216.75,431961.37499999994,25,0.0,0.0,0.0,0.0,157.27945205470314,2050250.0,103748507.7173357,103795812.70397954,47304.9866438356,50.62592986415292,1,
2021-03-19,17025.0,16900.0,29792.05078125,0.0,0,1548965.145,12433.337534246612,9907.505014164411,2525.832520082199,35.00383561645867,456300.0,103758415.22234985,103748267.01262383,-10148.209726027339,227.368544844672,1,
2021-03-22,16400.0,16150.0,29174.150390625,639727.9199999999,39,0.0,0.0,0.0,0.0,81.76767123281024,1065900.0,103758415.22234985,103718057.32495259,-40357.89739726014,97.30561715447283,1,
2021-03-23,16400.0,15950.0,28995.919921875,639727.9199999999,39,0.0,0.0,0.0,0.0,128.4739726028056,1674750.0,103758415.22234985,103687050.93098,-71364.29136986281,61.91195756440065,1,
2021-03-24,15675.0,15300.0,28405.51953125,642803.535,41,0.0,0.0,0.0,0.0,171.36000000004424,2233800.0,103758415.22234985,103603126.03597999,-155289.18636986284,46.37976812426358,1,
2021-03-25,15350.0,15625.0,28729.880859375,644828.94,42,0.0,0.0,0.0,0.0,225.34246575343423,2937500.0,103758415.22234985,103661771.75351423,-96643.4688356162,35.28911378843038,1,
2021-03-26,16050.0,16175.0,29176.69921875,642128.3999999999,40,0.0,0.0,0.0,0.0,282.90739726036554,3687900.0,103758415.22234985,103769760.44611697,11345.223767123616,28.137899738636342,1,
2021-03-29,16525.0,16325.0,29384.51953125,644603.895,39,1371300.685,83417.6138356164,66471.32558491093,16946.28825070547,230.42849315074272,3003800.0,103824886.54793477,103795180.51937313,-29706.028561643558,34.554624315657875,1,
2021-03-30,16575.0,16600.0,29432.69921875,646554.2849999999,39,0.0,0.0,0.0,0.0,283.9736986302305,3701800.0,103824886.54793477,103846342.26067449,21455.712739726387,28.05293161723337,1,
2021-03-31,16450.0,16375.0,29178.80078125,625225.02,38,657868.3999999999,15589.33698630137,12422.363177534247,3166.9738087671235,277.6123287670198,3618875.0,103837308.91111231,103792616.05453697,-44692.856575342215,28.680906650419526,1,
2021-04-01,16625.0,16575.0,29388.869140625,615248.025,37,0.0,0.0,0.0,0.0,328.04876712331316,4276350.0,103837308.91111231,103834514.98076984,-2793.930342465523,24.281107715872142,1,
2021-04-02,17000.0,17100.0,29854.0,306061.19999999995,18,0.0,0.0,0.0,0.0,362.05150684923865,4719600.0,103837308.91111231,103971341.729263,134032.81815068517,22.02969356073883,1,
2021-04-05,17375.0,17350.0,30089.25,0.0,0,4012822.2750000004,200124.01712328833,159468.8230446923,40655.194078596025,59.893150684947614,780750.0,103996777.734157,104004598.9170337,7821.182876712433,133.21114174451964,1,
2021-04-06,17500.0,16950.0,29696.630859375,332566.5,19,0.0,0.0,0.0,0.0,83.21753424662165,1084800.0,103996777.734157,103975999.19949946,-20778.53465753414,95.84808185794567,1,
2021-04-07,16975.0,16925.0,29730.7890625,645179.01,38,0.0,0.0,0.0,0.0,132.43232876708498,1726350.0,103996777.734157,103972237.75717069,-24539.97698630127,60.22662713654282,1,
2021-04-08,16875.0,16950.0,29708.98046875,624499.875,37,0.0,0.0,0.0,0.0,180.73808219184866,2356050.0,103996777.734157,103977257.1440885,-19520.590068493057,44.13202484840666,1,
2021-04-09,17125.0,16975.0,29768.060546875,650880.15,38,0.0,0.0,0.0,0.0,230.4879452054738,3004575.0,103996777.734157,103974671.5061433,-22106.228013698557,34.60545052333302,1,
2021-04-12,17100.0,16750.0,29538.73046875,649929.96,38,0.0,0.0,0.0,0.0,276.2602739726426,3601250.0,103996777.734157,103921140.28586933,-75637.44828767113,28.856963633702,1,
2021-04-13,16825.0,16975.0,29751.609375,639477.8699999999,38,0.0,0.0,0.0,0.0,329.45452054793714,4294675.0,103996777.734157,103974757.96134877,-22019.77280821895,24.210157453439148,1,
2021-04-14,16950.0,16850.0,29620.990234375,644228.82,38,0.0,0.0,0.0,0.0,376.1473972601816,4903350.0,103996777.734157,103938827.99395151,-57949.740205479175,21.19751353543017,1,
2021-04-15,16750.0,16825.0,29642.689453125,636627.2999999999,38,0.0,0.0,0.0,0.0,424.63534246583004,5535425.0,103996777.734157,103933851.05860905,-62926.67554794485,18.776128492140902,1,
2021-04-16,17025.0,16900.0,29683.369140625,630050.985,37,0.0,0.0,0.0,0.0,474.4964383561746,6185400.0,103996777.734157,103953300.5771707,-43477.156986301,16.80623736171803,1,
2021-04-19,16900.0,16875.0,29685.369140625,591618.3,35,0.0,0.0,0.0,0.0,519.1027397261932,6766875.0,103996777.734157,103942638.17443097,-54139.55972602709,15.360508088952576,1,
2021-04-20,16525.0,16225.0,29100.380859375,132226.44,8,0.0,0.0,0.0,0.0,509.0649315068149,6636025.0,103996777.734157,103679052.66949946,-317725.064657534,15.623668185321703,1,
2021-04-21,15650.0,15550.0,28508.55078125,641778.33,41,0.0,0.0,0.0,0.0,536.7945205479627,6997500.0,103996777.734157,103398212.54497892,-598565.1891780818,14.776450524470013,1,
2021-04-22,15950.0,16300.0,29188.169921875,143578.71,9,0.0,0.0,0.0,0.0,573.9386301369523,7481700.0,103996777.734157,103738259.89634877,-258517.8378082188,13.865600050302575,16,
2021-04-23,15950.0,16125.0,29020.630859375,15953.19,1,653819.21,11940.705205479457,9514.950942986305,2425.7542624931516,518.2972602741793,6756375.0,104006292.68509999,103647856.86482602,-358435.8202739724,15.340749568344863,16,
2021-04-26,16150.0,16250.0,29126.23046875,32306.46,2,0.0,0.0,0.0,0.0,524.8082191780559,6841250.0,104006292.68509999,103699900.59660684,-306392.0884931503,15.158034072224643,16,
2021-04-27,8170.0,8040.0,28991.890625,32686.536,4,0.0,0.0,0.0,0.0,262.12602739734575,3417000.0,104006292.68509999,100242701.93457945,-3763590.750520548,29.33646530131093,16,
2021-04-28,8000.0,8070.0,29053.970703125,0.0,0,0.0,0.0,0.0,0.0,263.1041095890105,3429750.0,104006292.68509999,100255188.83046985,-3751103.8546301364,29.231048569274684,16,
2021-04-30,16080.0,15900.0,28812.630859375,0.0,0,0.0,0.0,0.0,0.0,518.3835616437136,6757500.0,104006292.68509999,103582420.4469082,-423872.2381917805,15.328512089812534,5,
2021-05-06,16110.0,16460.0,29331.369140625,0.0,0,64427.112,31730.75375342466,25284.651128416437,6446.10262500822,531.5903561643208,6929660.0,104031577.3362284,103812029.86592703,-219547.47030136953,14.980825879758463,5,
2021-05-07,16470.0,16490.0,29357.8203125,0.0,0,164667.06000000003,5061.888219178113,4033.5656274520793,1028.3225917260338,519.9093698629295,6777390.0,104035610.90185586,103822878.69396545,-212732.20789041065,15.31900609142538,5,
2021-05-10,16520.0,16680.0,29518.33984375,0.0,0,0.0,0.0,0.0,0.0,525.8998356163502,6855480.0,104035610.90185586,103900442.79412983,-135168.10772602708,15.15582319460196,5,
2021-05-11,16360.0,15650.0,28608.58984375,0.0,0,32713.456000000002,391.97726027397545,312.3470798493173,79.6301804246581,491.0241095892852,6400850.0,104035923.2489357,103477955.59583981,-557967.6530958902,16.16628347732564,5,
2021-05-12,15730.0,15140.0,28147.509765625,424794.942,27,0.0,0.0,0.0,0.0,506.3811506849015,6601040.0,104035923.2489357,103252844.27268912,-783078.9762465751,15.641905559228412,9,
2021-05-13,14740.0,14350.0,27448.009765625,781376.2440000001,53,0.0,0.0,0.0,0.0,538.3019178082468,7017150.0,104035923.2489357,102887039.72677131,-1148883.5221643832,14.662226078503569,9,
2021-05-14,14820.0,15040.0,28084.470703125,933846.732,63,0.0,0.0,0.0,0.0,636.8718904110137,8302080.0,104035923.2489357,103237486.1228809,-798437.1260547942,12.43513506529459,9,
2021-05-17,15300.0,14760.0,27824.830078125,780456.0599999999,51,1774445.04,59029.885041096015,47037.96389499736,11991.921146098655,551.4174246575567,7188120.0,104082961.21283069,103104971.76431015,-977989.4485205477,14.343802240962887,9,
2021-05-18,14910.0,15370.0,28406.83984375,894778.92,60,0.0,0.0,0.0,0.0,644.9504657534999,8407390.0,104082961.21283069,103428817.8938444,-654143.318986301,12.30213156447416,9,
2021-05-19,14810.0,14990.0,28044.44921875,118503.696,8,0.0,0.0,0.0,0.0,638.2043835616205,8319450.0,104082961.21283069,103221735.99346083,-861225.2193698626,12.407278845772357,9,
2021-05-20,14810.0,15010.0,28098.25,237007.392,16,0.0,0.0,0.0,0.0,657.4791232877178,8570710.0,104082961.21283069,103235331.12233755,-847630.09049315,12.045131747817573,9,
2021-05-21,15250.0,15280.0,28317.830078125,45759.149999999994,3,365926.80000000005,10378.877808219208,8270.408781479475,2108.469026739732,644.6904109589523,8404000.0,104091231.62161218,103386035.61289985,-705196.0087123283,12.302003285685371,9,
2021-05-24,15160.0,15310.0,28364.609375,45489.096,3,909418.0800000001,14360.003835616471,11442.769056410985,2917.234779205486,579.0116164383362,7547830.0,104102674.39066859,103390298.3505042,-712376.0401643832,13.698016297466186,9,
2021-05-25,15530.0,15520.0,28553.98046875,15533.106,1,0.0,0.0,0.0,0.0,588.1442191781825,7666880.0,104102674.39066859,103493227.10028502,-609447.2903835613,13.498740961158259,9,
2021-05-26,15360.0,15610.0,28642.189453125,15363.072,1,875344.896,3207.237452054842,2555.6871636699007,651.5502883849412,524.4960000002757,6837180.0,104105230.07783225,103522332.87799664,-582897.1998356162,15.141086365723389,9,
2021-05-27,15520.0,15510.0,28549.009765625,0.0,0,15516.896,152.62652054794572,121.62044289863054,31.006077649315174,519.9461917808512,6777870.0,104105351.69827516,103477988.82172722,-627362.876547945,15.267036520577587,9,
2021-05-28,16030.0,16180.0,29149.41015625,16033.206,1,0.0,0.0,0.0,0.0,543.6479999999283,7086840.0,104105351.69827516,103770381.96772721,-334969.7305479449,14.64268728625554,9,
2021-05-31,16020.0,15860.0,28860.080078125,0.0,0,448470.288,7727.171835616486,6157.3968772109965,1569.774958405489,498.82958904106636,6502600.0,104111509.09515236,103632543.65117976,-478965.4439726023,15.937093416660991,9,
2021-06-01,16030.0,15790.0,28814.33984375,0.0,0,0.0,0.0,0.0,0.0,496.6279452054878,6473900.0,104111509.09515236,103603347.02323456,-508162.0719178078,16.00323561118253,9,
2021-06-02,15700.0,15920.0,28946.140625,0.0,0,0.0,0.0,0.0,0.0,500.71671232878,6527200.0,104111509.09515236,103656146.30652222,-455362.78863013675,15.88064504021973,9,
2021-06-03,15870.0,16050.0,29058.109375,0.0,0,0.0,0.0,0.0,0.0,504.80547945189755,6580500.0,104111509.09515236,103708941.50104277,-402567.5941095887,15.760039738780149,9,
2021-06-04,15880.0,15940.0,28941.51953125,0.0,0,0.0,0.0,0.0,0.0,501.3457534245681,6535400.0,104111509.09515236,103663340.15528935,-448168.93986301334,15.86182026429742,9,
2021-06-07,16250.0,16000.0,29019.240234375,0.0,0,0.0,0.0,0.0,0.0,503.23287671239814,6560000.0,104111509.09515236,103687436.92241263,-424072.1727397256,15.806011725977536,9,
2021-06-08,16090.0,16000.0,28963.560546875,0.0,0,0.0,0.0,0.0,0.0,503.23287671239814,6560000.0,104111509.09515236,103686933.68953593,-424575.4056164381,15.805935013648769,9,
2021-06-09,15960.0,15860.0,28860.80078125,0.0,0,0.0,0.0,0.0,0.0,498.82958904106636,6502600.0,104111509.09515236,103629034.85994688,-482474.23520547914,15.936553818464441,9,
2021-06-10,15780.0,15960.0,28958.560546875,15783.155999999999,1,0.0,0.0,0.0,0.0,503.1991232876899,6559560.0,104111509.09515236,103669708.5048236,-441800.5903287668,15.804369272454798,9,
2021-06-11,16000.0,15920.0,28948.73046875,0.0,0,15996.800000000001,212.41967123287876,169.26661502191945,43.15305621095932,500.71671232878,6527200.0,104111678.3617674,103652801.43505506,-458876.92671232845,15.880132589020569,9,
2021-06-14,16150.0,16170.0,29161.80078125,0.0,0,0.0,0.0,0.0,0.0,508.579726027383,6629700.0,104111678.3617674,103754792.85532904,-356885.50643835583,15.649998168141702,9,
2021-06-15,16290.0,16470.0,29441.30078125,0.0,0,16286.742,238.83408219178088,190.3149383945206,48.519143797260284,516.7518904110766,6736230.0,104111868.67670578,103877044.32629482,-234824.35041095864,15.420649877794379,9,
2021-06-16,16330.0,16330.0,29291.009765625,0.0,0,0.0,0.0,0.0,0.0,512.3593424655846,6678970.0,104111868.67670578,103819271.96695235,-292596.70975342434,15.544203966622451,9,
2021-06-17,16150.0,16010.0,29018.330078125,0.0,0,0.0,0.0,0.0,0.0,502.319232876529,6548090.0,104111868.67670578,103687889.64771947,-423979.028986301,15.83482964463217,9,
2021-06-18,16150.0,15950.0,28964.080078125,0.0,0,0.0,0.0,0.0,0.0,500.43671232875204,6523550.0,104111868.67670578,103662849.21100715,-449019.4656986298,15.890557934101395,9,
2021-06-21,15310.0,14870.0,28010.9296875,15313.062,1,0.0,0.0,0.0,0.0,467.6920547944028,6096700.0,104111868.67670578,103220218.45695235,-891650.2197534244,16.930506414445905,9,
2021-06-22,15570.0,15790.0,28884.130859375,778655.7,50,0.0,0.0,0.0,0.0,557.1923287671525,7263400.0,104111868.67670578,103607705.56462358,-504163.11208219145,14.264353548561772,9,
2021-06-23,15820.0,15810.0,28874.890625,31646.327999999998,2,806658.636,12626.957616438449,10061.791176658979,2565.166439779471,498.4698082189425,6497910.0,104121930.46788244,103614164.23637559,-507766.23150684894,15.945767829406007,9,
2021-06-24,15730.0,15780.0,28875.23046875,31466.291999999998,2,0.0,0.0,0.0,0.0,499.94498630118323,6517140.0,104121930.46788244,103601427.99938929,-520502.4684931503,15.896762690288883,9,
2021-06-25,16050.0,16010.0,29066.1796875,32106.42,2,0.0,0.0,0.0,0.0,509.6882191778859,6644150.0,104121930.46788244,103695821.89117011,-426108.5767123285,15.6070862173747,9,
2021-06-28,16050.0,15950.0,29048.01953125,0.0,0,64187.16,1062.3596164383644,846.5412603589107,215.8183560794537,502.8838356164051,6555450.0,104122777.0091428,103670590.34897842,-452186.6601643833,15.814412488689323,9,
2021-06-29,15850.0,15740.0,28812.609375,0.0,0,0.0,0.0,0.0,0.0,496.2627945204731,6469140.0,104122777.0091428,103583784.08618389,-538992.9229589038,16.011986768903423,9,
2021-06-30,15830.0,15730.0,28791.529296875,31666.332,2,0.0,0.0,0.0,0.0,498.3608767122496,6496490.0,104122777.0091428,103578969.39330718,-543807.615835616,15.94383573180397,9,
2021-07-01,15780.0,15620.0,28707.0390625,47349.46799999999,3,0.0,0.0,0.0,0.0,498.4705753424787,6497920.0,104122777.0091428,103532551.45473184,-590225.5544109587,15.93318345789604,9,
2021-07-02,15620.0,15700.0,28783.279296875,78115.62,5,0.0,0.0,0.0,0.0,507.04547945194645,6609700.0,104122777.0091428,103565708.78925239,-557068.2198904105,15.66874575082869,9,
2021-07-05,15650.0,15520.0,28598.189453125,62612.52,4,0.0,0.0,0.0,0.0,505.9945205480908,6596000.0,104122777.0091428,103488890.27473184,-633886.7344109585,15.68964376512005,9,
2021-07-06,15620.0,15560.0,28643.2109375,156231.24,10,0.0,0.0,0.0,0.0,519.2350684931735,6768600.0,104122777.0091428,103504739.79966335,-618037.2094794519,15.291897851795548,9,
2021-07-07,15050.0,15260.0,28366.94921875,75265.05,5,0.0,0.0,0.0,0.0,515.077260273858,6714400.0,104122777.0091428,103374759.67240308,-748017.3367397255,15.395978743060152,9,
2021-07-08,15200.0,15020.0,28118.029296875,258451.68,17,75984.8,713.8968493150685,568.8687043767123,145.02814493835615,520.803068492969,6789040.0,104123345.87784718,103266266.96118964,-857078.9166575342,15.21073185033372,9,
2021-07-09,14620.0,14850.0,27940.419921875,497179.41599999997,34,0.0,0.0,0.0,0.0,553.6405479452224,7217100.0,104123345.87784718,103196593.9046417,-926751.9732054791,14.298900376140237,9,
2021-07-12,15440.0,15460.0,28569.01953125,679495.872,44,524855.008,27636.859945205542,22022.431847337037,5614.428097868506,588.2424109589192,7668160.0,104145368.30969451,103486810.37013286,-658557.9395616434,13.495650895408138,9,
2021-07-13,15630.0,15640.0,28718.240234375,31266.252,2,265656.858,7146.062712328781,5694.34007231919,1451.722640009592,577.0945753424894,7522840.0,104151062.64976683,103573852.15891752,-577210.4908493147,13.767919051703547,9,
2021-07-14,15410.0,15510.0,28608.490234375,15413.082,1,0.0,0.0,0.0,0.0,573.4875616438803,7475820.0,104151062.64976683,103510845.58935587,-640217.0604109584,13.846085859391462,9,
2021-07-15,15430.0,15160.0,28279.08984375,15433.086,1,0.0,0.0,0.0,0.0,561.7091506849974,7322280.0,104151062.64976683,103341310.79420519,-809751.8555616434,14.113269472651304,9,
2021-07-16,14840.0,14890.0,28003.080078125,74214.84,5,0.0,0.0,0.0,0.0,557.4163287671981,7266320.0,104151062.64976683,103210578.53787643,-940484.1118904107,14.203968244981837,9,
2021-07-19,14500.0,14470.0,27652.740234375,188537.69999999998,13,0.0,0.0,0.0,0.0,556.1237260274938,7249470.0,104151062.64976683,103004634.7141504,-1146427.935616438,14.208574518433817,9,
2021-07-20,14200.0,14220.0,27388.16015625,766953.36,54,0.0,0.0,0.0,0.0,605.421369863092,7892100.0,104151062.64976683,102879705.93278053,-1271356.716986301,13.035783369797713,9,
2021-07-21,14610.0,14380.0,27548.0,906001.164,62,0.0,0.0,0.0,0.0,680.6270684932824,8872460.0,104151062.64976683,102953384.14171204,-1197678.5080547938,11.603702258642139,9,
2021-07-26,14900.0,14670.0,27833.2890625,745149.0,50,804439.0800000001,37367.24547945214,29776.089560301436,7591.155919150702,689.8517260272638,8992710.0,104180838.73932713,103124643.21406686,-1056195.5252602738,11.467582432221974,9,
2021-07-27,14750.0,14800.0,27970.220703125,236047.19999999998,16,191711.65000000002,3116.3681917808626,2483.27799362058,633.0901981602823,699.370958903979,9116800.0,104183322.01732075,103203065.2029098,-980256.8144109586,11.320097534541702,9,
2021-07-28,14500.0,14420.0,27581.66015625,72514.5,5,0.0,0.0,0.0,0.0,686.9450958906673,8954820.0,104183322.01732075,102967883.7578139,-1215438.259506849,11.498598939768069,9,
2021-07-29,14610.0,14630.0,27782.419921875,233806.752,16,0.0,0.0,0.0,0.0,714.9059726026026,9319310.0,104183322.01732075,103097852.0998413,-1085469.917479452,11.062820326809742,9,
2021-07-30,14480.0,14090.0,27283.58984375,43448.687999999995,3,0.0,0.0,0.0,0.0,691.7610958904261,9017600.0,104183322.01732075,102752001.6507454,-1431320.3665753426,11.394606286677764,9,
2021-08-02,14360.0,14590.0,27781.01953125,445249.032,31,0.0,0.0,0.0,0.0,751.0052602738724,9789890.0,104183322.01732075,103078291.61348514,-1105030.4038356156,10.52905513887134,9,
2021-08-03,14360.0,14460.0,27641.830078125,57451.488,4,0.0,0.0,0.0,0.0,748.7506849317579,9760500.0,104183322.01732075,102990701.3748002,-1192620.6425205478,10.551785397756284,9,
2021-08-04,14420.0,14400.0,27584.080078125,115383.072,8,0.0,0.0,0.0,0.0,754.4810958903981,9835200.0,104183322.01732075,102949263.82170431,-1234058.195616438,10.467429622346705,9,
2021-08-05,14330.0,14550.0,27728.119140625,71664.33,5,0.0,0.0,0.0,0.0,767.9210958901676,10010400.0,104183322.01732075,103052031.57060842,-1131290.4467123281,10.294496880305324,9,
2021-08-06,14580.0,14650.0,27820.0390625,29165.832,2,699700.0320000001,9777.513506849366,7791.211637932918,1986.3018689164487,721.502465753525,9405300.0,104191113.2289587,103114757.96627377,-1076355.2626849306,10.963473569824862,9,
2021-08-10,14700.0,14700.0,27888.150390625,0.0,0,117576.48000000001,1548.9173150685017,1234.2547625123354,314.66255255616613,714.9435616440023,9319800.0,104192347.4837212,103145804.84015955,-1046542.6435616437,11.067383939586637,9,
2021-08-11,14900.0,14910.0,28070.509765625,14902.98,1,0.0,0.0,0.0,0.0,726.3008219177136,9467850.0,104192347.4837212,103278225.55933763,-914121.9243835611,10.908308175492602,9,
2021-08-12,15040.0,14840.0,28015.01953125,0.0,0,1443551.2319999998,37265.995780821904,29695.408737947935,7570.58704287397,613.603506849322,7998760.0,104222042.89245915,103244502.60078792,-977540.2916712326,12.907563497440593,9,
2021-08-13,14900.0,14820.0,27977.150390625,0.0,0,0.0,0.0,0.0,0.0,612.7765479449299,7987980.0,104222042.89245915,103233109.82423997,-988933.0682191778,12.923556371478142,9,
2021-08-16,14630.0,14330.0,27523.189453125,0.0,0,0.0,0.0,0.0,0.0,592.5160547944834,7723870.0,104222042.89245915,102968407.30818518,-1253635.584273972,13.331193729074307,9,
2021-08-17,14510.0,14230.0,27424.470703125,145129.02,10,0.0,0.0,0.0,0.0,599.2974246573285,7812270.0,104222042.89245915,102911078.99076052,-1310963.9016986298,13.173005924111752,9,
2021-08-18,14180.0,14400.0,27585.91015625,226925.376,16,0.0,0.0,0.0,0.0,624.131506849255,8136000.0,104222042.89245915,103007259.48325367,-1214783.4092054788,12.660675944352713,9,
2021-08-19,14180.0,14080.0,27281.169921875,127645.52399999999,9,0.0,0.0,0.0,0.0,619.9829041095218,8081920.0,104222042.89245915,102824913.97634956,-1397128.9161095887,12.722832442829125,9,
2021-08-20,14010.0,13820.0,27013.25,364332.852,26,0.0,0.0,0.0,0.0,636.0986301369849,8292000.0,104222042.89245915,102670025.02571943,-1552017.866739726,12.381816814486184,9,
2021-08-23,13990.0,14300.0,27494.240234375,0.0,0,0.0,0.0,0.0,0.0,658.1917808220023,8580000.0,104222042.89245915,102957366.83393861,-1264676.0585205476,11.99969310418865,17,
2021-08-24,14450.0,14540.0,27732.099609375,0.0,0,375624.86,11235.922082191753,8953.344511194498,2282.5775709972545,640.2380273973686,8345960.0,104230996.23697035,103096028.87834021,-1134967.3586301366,12.352806493002628,17,
2021-08-25,14600.0,14540.0,27724.80078125,0.0,0,364927.0,10229.609041095911,8151.463964397277,2078.1450766986345,612.3530958905467,7982460.0,104239147.70093474,103094765.38016762,-1144382.3207671233,12.915162165568962,17,
2021-08-26,14610.0,14540.0,27742.2890625,0.0,0,0.0,0.0,0.0,0.0,612.3530958905467,7982460.0,104239147.70093474,103094153.02707173,-1144994.673863013,12.915085453240195,17,
2021-08-27,14370.0,14420.0,27641.140625,0.0,0,0.0,0.0,0.0,0.0,607.2992876714561,7916580.0,104239147.70093474,103027665.72778405,-1211481.9731506843,13.014163404877365,17,
2021-08-30,14670.0,14600.0,27789.2890625,0.0,0,0.0,0.0,0.0,0.0,614.8799999999464,8015400.0,104239147.70093474,103125870.84778406,-1113276.8531506849,12.86596686974874,9,
2021-08-31,14480.0,14940.0,28089.5390625,0.0,0,0.0,0.0,0.0,0.0,629.1991232876899,8202060.0,104239147.70093474,103311901.64866076,-927246.0522739724,12.595848073369467,9,
2021-09-01,15000.0,15320.0,28451.01953125,0.0,0,224955.0,5322.682465753438,4241.3795228356275,1081.302942917811,627.5743561644922,8180880.0,104243389.08045758,103513967.7713617,-729421.3090958899,12.653158067513726,9,
2021-09-02,15360.0,15380.0,28543.509765625,0.0,0,783203.328,21627.677753424683,17234.01501781646,4393.6627356082245,569.8606027395581,7428540.0,104260623.09547539,103539867.57602334,-720755.5194520545,13.93811806573342,9,
2021-09-03,15480.0,16020.0,29128.109375,0.0,0,0.0,0.0,0.0,0.0,593.5739178083022,7737660.0,104260623.09547539,103848394.00210553,-412229.0933698626,13.421162729055753,9,
2021-09-06,16500.0,16620.0,29659.890625,0.0,0,1187762.4,67035.28668493162,53417.06819488776,13618.218490043859,524.0081095889909,6830820.0,104314040.16367029,104115174.1755059,-198865.98816438325,15.241973024542574,9,
2021-09-07,16880.0,16900.0,29916.140625,0.0,0,33753.248,1534.628547945207,1222.868758430138,311.7597895150688,530.243287671241,6912100.0,104315263.03242871,104229365.42042871,-85897.61199999967,15.07926179025603,9,
2021-09-08,16810.0,17230.0,30181.2109375,0.0,0,134453.104,1351.2290410958801,1076.7268613972522,274.502179698628,530.0231232877122,6909230.0,104316339.75929011,104360143.99912573,43804.239835616754,15.10445360758373,9,
2021-09-09,16930.0,16990.0,30008.189453125,0.0,0,643211.332,2227.9868493151916,1775.3713208768104,452.6155284383812,473.113315068651,6167370.0,104318115.13061099,104260569.60228223,-57545.52832876687,16.905191289363575,9,
2021-09-10,17080.0,17420.0,30381.83984375,0.0,0,648910.1919999999,4928.14764383566,3926.994449990446,1001.1531938452143,434.30684931518044,5661500.0,104322042.12506098,104402174.33423905,80132.20917808231,18.44072672158245,9,
2021-09-13,17400.0,17510.0,30447.369140625,0.0,0,4871025.6,77670.38705479466,61891.647924613135,15778.739130181537,60.44547945208615,787950.0,104383933.77298559,104383810.74962942,-123.02335616432902,132.47517069563986,9,
2021-09-14,17660.0,17760.0,30670.099609375,0.0,0,441411.7,5847.885273972672,4659.887380565124,1187.9978934075482,27.248219178116415,355200.0,104388593.66036616,104391257.20351684,2663.5431506849286,293.8943051900812,9,
2021-09-15,17520.0,17570.0,30511.7109375,0.0,0,0.0,0.0,0.0,0.0,26.956712328770664,351400.0,104388593.66036616,104387430.24680452,-1163.4135616438386,297.06155448720693,9,
2021-09-16,17710.0,17360.0,30323.33984375,0.0,0,17706.458,187.27249315068252,149.22808616712138,38.04440698356115,25.30279452056857,329840.0,104388742.88845232,104383513.35760301,-5229.530849315071,316.467115442648,9,
2021-09-17,17450.0,17570.0,30500.05078125,0.0,0,0.0,0.0,0.0,0.0,25.60887671232922,333830.0,104388742.88845232,104387477.7487263,-1265.1397260273993,312.696515438176,9,
2021-09-21,16840.0,16840.0,29839.7109375,0.0,0,0.0,0.0,0.0,0.0,24.54487671231618,319960.0,104388742.88845232,104373583.20384958,-15159.684602739728,326.20822353997244,9,
2021-09-22,16760.0,16600.0,29639.400390625,33526.704,2,0.0,0.0,0.0,0.0,26.74191780819092,348600.0,104388742.88845232,104368669.75793177,-20073.130520547948,299.3937744060005,9,
2021-09-24,17270.0,17280.0,30248.810546875,138187.63199999998,8,0.0,0.0,0.0,0.0,38.44208219181746,501120.0,104388742.88845232,104382963.68384959,-5779.204602739709,208.29933685314813,9,
2021-09-27,17300.0,17270.0,30240.060546875,0.0,0,34593.08,1061.1779726027435,845.5996674684961,215.57830513424733,35.77019178081537,466290.0,104389588.4881198,104382475.41535267,-7113.072767123273,223.8574179488144,9,
2021-09-28,17180.0,17180.0,30183.9609375,0.0,0,0.0,0.0,0.0,0.0,35.58378082193667,463860.0,104389588.4881198,104380009.83157185,-9578.656547945191,225.0248131582198,9,
2021-09-29,16750.0,16660.0,29544.2890625,16753.35,1,0.0,0.0,0.0,0.0,35.78476712323027,466480.0,104389588.4881198,104365840.69680473,-23747.791315068476,223.7305794392144,9,
2021-09-30,16710.0,16610.0,29452.66015625,167133.42,10,0.0,0.0,0.0,0.0,48.419287671218626,631180.0,104389588.4881198,104363358.85751706,-26229.630602739726,165.34642868518816,9,
2021-10-01,16340.0,15800.0,28771.0703125,212462.484,13,0.0,0.0,0.0,0.0,61.81479452055646,805800.0,104389588.4881198,104325454.55872254,-64133.92939726026,129.46817393735734,9,
2021-10-04,16120.0,15430.0,28444.890625,919023.768,57,0.0,0.0,0.0,0.0,127.83649315068033,1666440.0,104389588.4881198,104266942.95422938,-122645.533890411,62.56867511235291,9,
2021-10-05,14860.0,14760.0,27822.119140625,936367.236,63,0.0,0.0,0.0,0.0,193.61884931504028,2523960.0,104389588.4881198,104187902.09938008,-201686.3887397261,41.27953774995645,9,
2021-10-06,14970.0,14440.0,27528.869140625,943298.622,63,0.0,0.0,0.0,0.0,259.2078904109658,3378960.0,104389588.4881198,104099344.26948966,-290244.21863013704,30.8081019809319,9,
2021-10-07,14590.0,14590.0,27678.2109375,948539.6699999999,65,0.0,0.0,0.0,0.0,334.65063013701,4362410.0,104389588.4881198,104133919.94885953,-255668.53926027392,23.870731991917204,9,
2021-10-08,15070.0,15010.0,28048.939453125,949599.882,63,0.0,0.0,0.0,0.0,416.8256438355311,5433620.0,104389588.4881198,104255113.24121569,-134475.24690410955,19.187045329120494,9,
2021-10-11,14910.0,15480.0,28498.19921875,909691.902,61,968956.17,20268.905479452173,16151.277331301464,4117.6281481507085,425.1274520547013,5541840.0,104405739.76545109,104418054.75361547,12314.988164383525,18.84176640856024,9,
2021-10-12,15400.0,15170.0,28230.609375,492898.56,32,3849230.0,109405.92676712318,87180.11274438212,22225.814022741073,162.92164383560885,2123800.0,104492919.87819548,104333957.45794891,-158962.42024657538,49.1260747047504,9,
2021-10-13,14980.0,15080.0,28140.279296875,734166.804,49,0.0,0.0,0.0,0.0,218.63934246567078,2850120.0,104492919.87819548,104325892.01460643,-167027.8635890411,36.60403492295287,9,
2021-10-14,15220.0,15530.0,28550.9296875,654590.892,43,0.0,0.0,0.0,0.0,276.39145205478417,3602960.0,104492919.87819548,104423864.73115438,-69055.14704109593,28.98279879075937,9,
2021-10-15,15860.0,16090.0,29068.630859375,158631.72,10,1458828.176,69904.19221917794,55703.155569851944,14201.036649326,185.1452054794645,2413500.0,104548623.03376533,104520215.00529958,-28408.028465753465,43.3064905760512,9,
2021-10-18,16110.0,16030.0,29025.4609375,32226.444,2,676484.676,24790.174849315074,19754.050828676718,5036.124020638358,135.26684931496857,1763300.0,104568377.084594,104509101.84642962,-59275.23816438359,59.2690420498098,9,
2021-10-19,16110.0,16230.0,29215.51953125,80566.11,5,0.0,0.0,0.0,0.0,143.17972602741793,1866450.0,104568377.084594,104531542.55670358,-36834.527890410995,56.00554129856336,9,
2021-10-20,16440.0,16300.0,29255.55078125,16443.288,1,0.0,0.0,0.0,0.0,145.04767123283818,1890800.0,104568377.084594,104539304.22103235,-29072.86356164387,55.28839867835432,9,
2021-10-21,16130.0,15660.0,28708.580078125,0.0,0,112887.418,74.9364383561767,59.7131009041194,15.223337452057295,130.9433424656745,1706940.0,104568436.7976949,104468185.47235245,-100251.3253424658,61.20202553830389,9,
2021-10-22,15570.0,15750.0,28804.849609375,264742.93799999997,17,0.0,0.0,0.0,0.0,152.23561643838184,1984500.0,104568436.7976949,104480850.298736,-87586.49895890412,52.64845064184228,9,
2021-10-25,15420.0,15550.0,28600.41015625,293038.59599999996,19,0.0,0.0,0.0,0.0,172.96712328772992,2254750.0,104568436.7976949,104457888.73561272,-110548.06208219175,46.32792492986483,9,
2021-10-26,15930.0,16100.0,29106.009765625,462062.394,29,0.0,0.0,0.0,0.0,214.90191780833993,2801400.0,104568436.7976949,104542261.43969491,-26175.357999999935,37.31786301124256,9,
2021-10-27,16030.0,16070.0,29098.240234375,64132.824,4,576964.584,19075.104246575447,15199.996818883645,3875.1074276918016,175.0529315067688,2281940.0,104583636.79451379,104531583.03933571,-52053.75517808219,45.80820838380313,9,
2021-10-28,15770.0,15780.0,28820.08984375,63092.616,4,0.0,0.0,0.0,0.0,176.73599999997532,2303880.0,104583636.79451379,104490253.68733571,-93383.1071780822,45.354034796662894,9,
2021-10-29,15810.0,15880.0,28892.689453125,94878.97200000001,6,0.0,0.0,0.0,0.0,185.1651506848866,2413760.0,104583636.79451379,104505069.55018502,-78567.24432876713,43.29555115263532,9,
2021-11-01,16470.0,16670.0,29647.080078125,65893.17599999999,4,0.0,0.0,0.0,0.0,199.49194520543097,2600520.0,104583636.79451379,104625736.88223982,42100.08772602739,40.232621507329235,9,
2021-11-02,16530.0,16530.0,29520.900390625,0.0,0,1950149.892,50140.64484931499,39954.57284817665,10186.07200113834,48.18608219176531,628140.0,104623591.36736196,104593272.51615648,-30318.85120547945,166.5126763399186,9,
2021-11-04,16930.0,16830.0,29794.369140625,0.0,0,0.0,0.0,0.0,0.0,49.060602739686146,639540.0,104623591.36736196,104604623.45555374,-18967.911808219178,163.56228454131679,9,
2021-11-05,16840.0,16630.0,29611.5703125,0.0,0,0.0,0.0,0.0,0.0,48.47758904105285,631940.0,104623591.36736196,104596974.9779647,-26616.389397260275,165.51725635023055,9,
2021-11-08,16800.0,16520.0,29507.05078125,0.0,0,0.0,0.0,0.0,0.0,48.15693150681909,627760.0,104623591.36736196,104592746.8210332,-30844.54632876712,166.61263352401107,9,
2021-11-09,16680.0,16250.0,29285.4609375,0.0,0,0.0,0.0,0.0,0.0,47.369863013736904,617500.0,104623591.36736196,104582439.45117018,-41151.91619178082,169.36427441485048,9,
2021-11-10,16200.0,16060.0,29106.779296875,81016.2,5,0.0,0.0,0.0,0.0,52.976000000024214,690580.0,104623591.36736196,104574450.27517018,-49141.09219178082,151.429885422645,9,
2021-11-11,15990.0,16240.0,29277.859375,175925.178,11,0.0,0.0,0.0,0.0,67.27364383562235,876960.0,104623591.36736196,104584837.82352635,-38753.54383561645,119.25839014724315,9,
2021-11-12,16420.0,16650.0,29609.970703125,147809.55599999998,9,180583.876,4644.994109589016,3701.363556226008,943.6305533630086,66.4175342466333,865800.0,104627292.7309182,104605442.09543875,-21850.63547945203,120.8194064396382,9,
2021-11-15,16830.0,16800.0,29776.80078125,16833.365999999998,1,235572.87600000002,6716.849315068532,5352.32137671236,1364.5279383561724,50.261917808267754,655200.0,104632645.05229491,104612166.81558259,-20478.236712328762,159.66447926676219,9,
2021-11-16,16770.0,16830.0,29808.119140625,16773.354,1,0.0,0.0,0.0,0.0,51.64273972599767,673200.0,104632645.05229491,104613341.81884286,-19303.23345205479,155.39712094302266,9,
2021-11-17,16940.0,16710.0,29688.330078125,0.0,0,0.0,0.0,0.0,0.0,51.27452054794412,668400.0,104632645.05229491,104608490.54432231,-24154.507972602732,156.50582068270842,9,
2021-11-18,16600.0,16600.0,29598.66015625,16603.32,1,0.0,0.0,0.0,0.0,52.21041095885448,680600.0,104632645.05229491,104604035.01391135,-28610.038383561634,153.69385103425117,9,
2021-11-19,16620.0,16800.0,29745.869140625,33246.648,2,0.0,0.0,0.0,0.0,55.41698630142491,722400.0,104632645.05229491,104612532.94892505,-20112.10336986301,144.81247639662936,9,
2021-11-22,16620.0,16840.0,29774.109375,33246.648,2,16616.676,10.79380821917785,8.60104607945187,2.19276213972598,56.84076712327078,740960.0,104632653.65334098,104614403.94339578,-18249.709945205475,141.187653778066,9,
2021-11-24,16680.0,16270.0,29302.66015625,50050.008,3,66706.656,205.61512328767182,163.8444109917813,41.77071229589053,53.66871232871199,699610.0,104632817.49775198,104589615.15197116,-43202.345780821925,149.4970271322182,9,
2021-11-25,16430.0,16500.0,29499.279296875,361532.292,22,0.0,0.0,0.0,0.0,82.27397260279395,1072500.0,104632817.49775198,104600890.58599855,-31926.911753424672,97.52996791235296,9,
2021-11-26,16310.0,15680.0,28751.619140625,146819.35799999998,9,0.0,0.0,0.0,0.0,89.01084931509104,1160320.0,104632817.49775198,104541802.21714924,-91015.28060273972,90.0973888385525,9,
2021-11-29,15280.0,15150.0,28283.919921875,825285.024,54,0.0,0.0,0.0,0.0,148.7605479451595,1939200.0,104632817.49775198,104495248.4326013,-137569.0651506849,53.88575104816486,9,
2021-11-30,15550.0,14655.0,27821.759765625,933186.6,60,0.0,0.0,0.0,0.0,211.35320547950687,2755140.0,104632817.49775198,104377790.47939582,-255027.01835616434,37.884750132260365,9,
2021-12-01,14695.0,14765.0,27935.619140625,955366.035,65,0.0,0.0,0.0,0.0,286.5623561645043,3735545.0,104632817.49775198,104402542.88203965,-230274.61571232876,27.948409905927956,9,
2021-12-02,14465.0,14565.0,27753.369140625,940413.045,65,0.0,0.0,0.0,0.0,355.30619178077905,4631670.0,104632817.49775198,104357899.53084788,-274917.9669041096,22.5313762705132,9,
2021-12-03,14650.0,14850.0,28029.5703125,952440.4500000001,65,0.0,0.0,0.0,0.0,436.3052054793807,5687550.0,104632817.49775198,104460902.7756424,-171914.72210958914,18.366590671843305,9,
2021-12-06,14805.0,14740.0,27927.369140625,873669.6989999999,59,2886397.605,37737.06157534242,30070.77751631161,7666.284059030813,279.2927123287227,3640780.0,104662888.27526829,104418915.10487102,-243973.1703972601,28.6803693452697,9,
2021-12-07,15000.0,15440.0,28455.599609375,885177.0,59,0.0,0.0,0.0,0.0,362.438136986224,4724640.0,104662888.27526829,104617235.66673404,-45652.60853424642,22.14290097589108,9,
2021-12-08,15705.0,15730.0,28860.619140625,157081.41,10,2700719.748,115950.04768493165,92394.79549773778,23555.252187193866,173.76263013709104,2265120.0,104755283.07076603,104677624.98991671,-77658.08084931504,46.212838608955245,9,
2021-12-09,15690.0,15580.0,28725.470703125,31386.275999999998,2,941211.7200000001,7543.006027397372,6010.644352931597,1532.361674465776,102.78531506849686,1339880.0,104761293.71511896,104660575.28692718,-100718.42819178083,78.11190202624651,9,
2021-12-10,15375.0,15255.0,28437.76953125,61512.299999999996,4,0.0,0.0,0.0,0.0,105.3221917807823,1372950.0,104761293.71511896,104632027.66473539,-129266.05038356161,76.2096417675337,9,
2021-12-13,15535.0,15480.0,28640.490234375,341838.354,22,0.0,0.0,0.0,0.0,133.00076712312875,1733760.0,104761293.71511896,104650866.30996828,-110427.40515068492,60.36064179007953,9,
2021-12-14,15375.0,15265.0,28432.640625,107646.525,7,0.0,0.0,0.0,0.0,139.35063013690524,1816535.0,104761293.71511896,104625855.43433814,-135438.2807808219,57.5963884176953,9,
2021-12-15,15150.0,15310.0,28459.720703125,439437.87,29,0.0,0.0,0.0,0.0,173.82093150680885,2265880.0,104761293.71511896,104635588.74340662,-125704.97171232873,46.178786495051206,9,
2021-12-16,15865.0,15950.0,29066.3203125,523649.709,33,459992.983,20521.053493150695,16352.201476017131,4168.852017133564,185.98136986308964,2424400.0,104777645.91659497,104726097.18401963,-51548.732575342416,43.19670730243344,9,
2021-12-17,15660.0,15365.0,28545.6796875,31326.264,2,516676.64400000003,5526.130479452096,4403.497072551402,1122.6334069006932,142.6208767122589,1859165.0,104782049.41366753,104644947.30973603,-137102.1039315068,56.28599253414088,9,
2021-12-20,15090.0,14710.0,27937.810546875,241488.288,16,0.0,0.0,0.0,0.0,154.59605479444144,2015270.0,104782049.41366753,104559409.42568123,-222639.98798630136,51.88357362818939,9,
2021-12-21,15140.0,15325.0,28517.58984375,863152.596,57,0.0,0.0,0.0,0.0,228.06958904117346,2973050.0,104782049.41366753,104653808.76009218,-128240.65357534244,35.2008236525091,9,
2021-12-22,15430.0,15360.0,28562.2109375,138897.774,9,246830.624,5305.471123287682,4227.664664591789,1077.8064586958926,220.34235616453225,2872320.0,104786277.07833211,104659713.46127732,-126563.61705479451,36.43734453726511,9,
2021-12-23,15525.0,15595.0,28798.369140625,108696.735,7,884748.015,21461.245684931502,17101.393624037668,4359.852060893834,163.89704109576996,2136515.0,104803378.47195615,104695435.99217533,-107942.4797808219,49.0029023864449,9,
2021-12-24,15660.0,15625.0,28782.58984375,93978.792,6,0.0,0.0,0.0,0.0,171.40410958894063,2234375.0,104803378.47195615,104699145.79606573,-104232.67589041093,46.85835895767977,9,
2021-12-27,15605.0,15490.0,28676.4609375,46824.363,3,140416.91100000002,1486.9776575342635,1184.8981464061778,302.07951112808564,162.79353424650617,2122130.0,104804563.37010255,104680028.47102036,-124534.89908219177,49.32781143050631,9,
2021-12-28,15790.0,15890.0,29069.16015625,15793.158,1,0.0,0.0,0.0,0.0,168.2163287671283,2192820.0,104804563.37010255,104734757.0966916,-69806.27341095888,47.76258748857252,9,
2021-12-29,15875.0,15745.0,28906.880859375,0.0,0,476154.75,6568.42200000003,5234.047070700024,1334.3749293000058,130.44624657533132,1700460.0,104809797.41717327,104717087.02551574,-92710.3916575342,61.58162322284308,9,
2021-12-30,15645.0,15655.0,28791.7109375,15648.128999999999,1,0.0,0.0,0.0,0.0,130.90153424674645,1706395.0,104809797.41717327,104707242.99498148,-102554.4221917808,61.36166772346466,9,
2022-01-04,15950.0,16190.0,29301.7890625,47859.57,3,0.0,0.0,0.0,0.0,139.1009315068368,1813280.0,104809797.41717327,104766129.32404998,-43668.09312328763,57.77713829306559,9,
2022-01-05,16170.0,16240.0,29332.16015625,0.0,0,614337.1079999998,10902.364849315027,8687.549430176678,2214.8154191383474,92.18980821914738,1201760.0,104818484.96660344,104766639.42682262,-51845.53978082191,87.17767226968996,9,
2022-01-06,15915.0,15335.0,28487.869140625,0.0,0,0.0,0.0,0.0,0.0,87.05238356156042,1134790.0,104818484.96660344,104699582.37443906,-118902.59216438356,92.26339884422586,9,
2022-01-07,15530.0,15315.0,28478.560546875,419393.86199999996,27,0.0,0.0,0.0,0.0,118.6597808218794,1546815.0,104818484.96660344,104692094.85265824,-126390.11394520542,67.68236334187233,9,
2022-01-11,15180.0,15025.0,28222.48046875,349209.828,23,0.0,0.0,0.0,0.0,142.92273972614203,1863100.0,104818484.96660344,104659027.10191852,-159457.86468493144,56.174669691330855,9,
2022-01-12,15285.0,15600.0,28765.66015625,611522.2799999999,40,0.0,0.0,0.0,0.0,196.26082191779278,2558400.0,104818484.96660344,104742608.5610966,-75876.40550684917,40.940669387545576,9,
2022-01-13,15460.0,15275.0,28489.130859375,154630.92,10,973785.2039999999,12951.19326027399,10320.15834944933,2631.0349108246614,130.06767123291502,1695525.0,104828805.12495288,104696126.74251452,-132678.38243835612,61.74850075493698,9,
2022-01-14,15050.0,14895.0,28124.279296875,526855.35,35,0.0,0.0,0.0,0.0,166.82399999990594,2174670.0,104828805.12495288,104648249.56851453,-180555.55643835608,48.121438916485964,9,
2022-01-17,15110.0,15105.0,28333.51953125,604520.88,40,0.0,0.0,0.0,0.0,215.52558904106263,2809530.0,104828805.12495288,104678373.16292548,-150431.96202739718,37.258321912535365,9,
2022-01-18,15255.0,15020.0,28257.25,274644.918,18,0.0,0.0,0.0,0.0,235.0527123286738,3064080.0,104828805.12495288,104658043.19221316,-170761.93273972595,34.15643298876438,9,
2022-01-19,14620.0,14185.0,27467.23046875,263212.632,18,0.0,0.0,0.0,0.0,241.57249315059744,3149070.0,104828805.12495288,104479578.98772001,-349226.13723287656,33.177915698196614,9,
2022-01-20,14100.0,14510.0,27772.9296875,930786.12,66,0.0,0.0,0.0,0.0,320.5716164385085,4178880.0,104828805.12495288,104578282.29610357,-250522.82884931503,25.025433201265308,9,
2022-01-21,13950.0,14255.0,27522.259765625,767403.45,55,0.0,0.0,0.0,0.0,375.0822465752717,4889465.0,104828805.12495288,104521088.76385699,-307716.3610958903,21.376794549885723,9,
2022-01-24,13960.0,14310.0,27588.369140625,823804.728,59,767646.4400000001,182.84561643846325,145.70052945898945,37.14508697947381,380.9204383561155,4965570.0,104828950.82548234,104540617.41033165,-288333.4151506848,21.05309509488974,9,
2022-01-25,14160.0,13825.0,27131.33984375,807281.424,57,1769646.0,14772.295232876713,11771.303456317808,3000.9917765589043,295.89287671243073,3857175.0,104840722.12893866,104391290.10167839,-449432.02726027387,27.064183010021164,9,
2022-01-26,13840.0,13735.0,27011.330078125,941308.224,68,0.0,0.0,0.0,0.0,365.6144109588349,4766045.0,104840722.12893866,104358486.26326743,-482235.8656712328,21.896244425570348,9,
2022-01-27,13875.0,12850.0,26170.30078125,902055.375,65,0.0,0.0,0.0,0.0,406.1304109588382,5294200.0,104840722.12893866,103984179.75785647,-856542.3710821918,19.64115064747393,9,
2022-01-28,13215.0,13415.0,26717.33984375,951670.296,72,0.0,0.0,0.0,0.0,498.0824109588866,6492860.0,104840722.12893866,104230671.37944551,-610050.7494931506,16.053121641225207,9,
2022-01-31,13360.0,13695.0,27001.98046875,908661.696,68,961727.6159999999,9983.22509589036,7955.132917660234,2028.0921782301268,504.27616438333644,6573600.0,104848677.26185632,104361944.93110289,-486732.33075342455,15.875919576959792,9,
2022-02-01,13985.0,13765.0,27078.48046875,797304.429,57,950789.804,42056.668876712334,33512.85659440822,8543.81228230411,495.23830136988545,6455785.0,104882190.11845073,104388576.25551923,-493613.8629315068,16.16977273182413,9,
2022-02-02,14000.0,14220.0,27533.599609375,532106.4,38,0.0,0.0,0.0,0.0,553.0606027396861,7209540.0,104882190.11845073,104609671.79491648,-272518.32353424653,14.509895471128043,9,
2022-02-03,13920.0,13915.0,27241.310546875,55691.136,4,1850989.7280000001,6861.256068493225,5467.3918981788265,1393.8641703143985,403.4968767123646,5259870.0,104887657.51034892,104453503.02586946,-434154.484479452,19.858571224359054,9,
2022-02-04,13810.0,14095.0,27439.990234375,69063.81,5,0.0,0.0,0.0,0.0,414.12268493161537,5398385.0,104887657.51034892,104522540.09318453,-365117.4171643835,19.361816560542557,9,
2022-02-07,13970.0,13910.0,27248.869140625,55891.176,4,125704.85399999999,935.9068493150716,745.7773728767147,190.1294764383568,403.3518904110533,5257980.0,104888403.28772178,104451355.28981768,-437047.9979041096,19.865300988177527,9,
2022-02-08,13980.0,13965.0,27284.51953125,209741.94,15,0.0,0.0,0.0,0.0,421.01605479454156,5488245.0,104888403.28772178,104471457.33376288,-416945.953958904,19.035494467496054,9,
2022-02-09,14190.0,14265.0,27579.869140625,170314.05599999998,12,0.0,0.0,0.0,0.0,443.192054794461,5777325.0,104888403.28772178,104589780.08570808,-298623.20201369846,18.103496009954103,9,
2022-02-10,14530.0,14400.0,27696.080078125,58131.623999999996,4,1656088.716,60324.306835616466,48069.42390196098,12254.882933655485,325.87397260271246,4248000.0,104936472.71162374,104645831.42080182,-290641.2908219177,24.634141106591766,9,
2022-02-14,13800.0,13740.0,27079.58984375,27605.52,2,0.0,0.0,0.0,0.0,313.04613698623143,4080780.0,104936472.71162374,104450692.85466483,-485779.856958904,25.59576670505757,9,
2022-02-15,13800.0,13500.0,26865.189453125,496899.36,36,0.0,0.0,0.0,0.0,344.86027397267753,4495500.0,104936472.71162374,104368168.63439086,-568304.0772328767,23.216142505703672,9,
2022-02-16,14090.0,14135.0,27460.400390625,605991.174,43,0.0,0.0,0.0,0.0,407.7076164385071,5314760.0,104936472.71162374,104581029.75277443,-355442.95884931495,19.67746986745863,9,
2022-02-17,14070.0,13900.0,27232.869140625,42218.442,3,534553.068,9965.522027397268,7941.0262275315135,2024.495799865755,363.60876712336903,4739900.0,104944413.73785128,104496116.27420744,-448297.4636438355,22.046059257412065,9,
2022-02-18,13565.0,13795.0,27122.0703125,217083.408,16,0.0,0.0,0.0,0.0,377.79402739723446,4924815.0,104944413.73785128,104463570.07218005,-480843.66567123274,21.21167395570799,9,
2022-02-21,13240.0,13570.0,26910.869140625,331066.19999999995,25,0.0,0.0,0.0,0.0,397.6567671233788,5183740.0,104944413.73785128,104391031.21541291,-553382.522438356,20.13816881545234,9,
2022-02-22,13040.0,13090.0,26449.609375,299979.984,23,0.0,0.0,0.0,0.0,406.6865753424936,5301450.0,104944413.73785128,104208354.54483758,-736059.1930136986,19.656575945229623,9,
2022-02-24,12910.0,12645.0,25970.8203125,697279.4280000001,54,0.0,0.0,0.0,0.0,445.2425753424177,5804055.0,104944413.73785128,104013234.87426224,-931178.8635890408,17.920787255507097,9,
2022-02-25,12910.0,13120.0,26476.5,942618.486,73,0.0,0.0,0.0,0.0,535.4397808217327,6979840.0,104944413.73785128,104245865.94848141,-698547.7893698628,14.935280170961141,9,
2022-02-28,13100.0,13175.0,26526.8203125,589617.8999999999,45,1663367.2600000002,23289.143369863035,18557.953894275357,4731.189475587676,454.8082191780559,5928750.0,104962971.69174555,104263339.31078665,-699632.3809589039,17.586057653094944,9,
2022-03-01,13500.0,13470.0,26844.720703125,540108.0,40,0.0,0.0,0.0,0.0,506.32438356179046,6600300.0,104962971.69174555,104394274.98640308,-568696.7053424653,15.816595455722176,9,
2022-03-02,13090.0,13055.0,26393.029296875,104740.944,8,301009.78599999996,914.2348767122957,728.5080615081928,185.72681520410285,475.70273972616997,6201125.0,104963700.19980706,104190707.39884816,-772992.800958904,16.80190407367182,9,
2022-03-03,13300.0,13225.0,26577.26953125,345869.16,26,0.0,0.0,0.0,0.0,508.2747945205192,6625725.0,104963700.19980706,104268929.96405363,-694770.2357534245,15.736984249128001,9,
2022-03-04,13075.0,12640.0,25985.470703125,52310.46,4,0.0,0.0,0.0,0.0,489.67013698630035,6383200.0,104963700.19980706,103973604.83391665,-990095.3658904104,16.288633418021785,9,
2022-03-07,12060.0,11905.0,25221.41015625,759931.956,63,0.0,0.0,0.0,0.0,518.7318356164033,6762040.0,104963700.19980706,103591994.14608103,-1371706.053726027,15.319636403523349,9,
2022-03-08,11605.0,11455.0,24790.94921875,940193.001,81,0.0,0.0,0.0,0.0,570.3020821916871,7434295.0,104963700.19980706,103323485.84299885,-1640214.3568082189,13.898222473415279,9,
2022-03-09,11565.0,11390.0,24717.529296875,936952.353,81,0.0,0.0,0.0,0.0,637.840000000142,8314700.0,104963700.19980706,103266300.64999884,-1697399.549808219,12.419726586647606,9,
2022-03-10,12025.0,12315.0,25690.400390625,938137.5899999999,78,0.0,0.0,0.0,0.0,763.3275616438477,9950520.0,104963700.19980706,103963219.7324372,-1000480.4673698625,10.448018770118264,9,
2022-03-11,12045.0,11805.0,25162.779296875,0.0,0,2890221.84,74499.43906849333,59364.87802172891,15134.561046764422,514.3745753423427,6705240.0,105023065.0778288,103592512.6368151,-1430552.4410136985,15.44948616855103,18,
2022-03-14,12010.0,11950.0,25307.849609375,0.0,0,0.0,0.0,0.0,0.0,520.6926027397276,6787600.0,105023065.0778288,103674351.94421236,-1348713.1336164381,15.274080962963692,18,
2022-03-15,11850.0,11970.0,25346.48046875,0.0,0,0.0,0.0,0.0,0.0,521.5640547944349,6798960.0,105023065.0778288,103685190.38015756,-1337874.6976712323,15.25015449129831,18,
2022-03-16,12185.0,12370.0,25762.009765625,0.0,0,0.0,0.0,0.0,0.0,538.9930958903278,7026160.0,105023065.0778288,103911851.38706167,-1111213.6907671231,14.78928054400436,18,
2022-03-17,13080.0,13240.0,26652.890625,0.0,0,823875.192,63483.339452054825,50586.69904236989,12896.640409684938,512.9139726026915,6686200.0,105073651.77687116,104382357.02467938,-691294.7521917808,15.6116115319134,18,
2022-03-18,13200.0,13430.0,26827.4296875,0.0,0,0.0,0.0,0.0,0.0,520.2745205480023,6782150.0,105073651.77687116,104477786.75015883,-595865.0267123284,15.404818051821152,18,
2022-03-22,13730.0,13815.0,27224.109375,0.0,0,617726.43,27461.632191780966,21882.801612020663,5578.830579760303,487.4991780821583,6354900.0,105095534.57848318,104662196.85040098,-433337.7280821916,16.469526955640685,18,
2022-03-23,14320.0,14650.0,28040.16015625,0.0,0,1302859.3760000002,84430.47358904127,67278.42287942754,17152.050709613733,414.6953424658277,5405850.0,105162813.0013626,104998439.48034891,-164373.5210136985,19.423113752758386,18,
2022-03-24,14280.0,14720.0,28110.390625,0.0,0,1827474.432,36269.29723287674,28901.189500017837,7368.107732858911,272.1385205480037,3547520.0,105191714.19086263,104959943.6660955,-231770.5247671232,29.586850438079416,18,
2022-03-25,14955.0,14750.0,28149.83984375,0.0,0,0.0,0.0,0.0,0.0,272.69315068487776,3554750.0,105191714.19086263,104966900.97294481,-224813.2179178081,29.52863097909693,18,
2022-03-28,14670.0,14550.0,27943.890625,0.0,0,220005.99000000002,7034.526410958939,5605.462370572631,1429.0640403863085,252.25315068481723,3288300.0,105197319.6532332,104918775.64575374,-278544.007479452,31.906692104051864,9,
2022-03-29,14760.0,14830.0,28252.419921875,0.0,0,0.0,0.0,0.0,0.0,257.1075068494538,3351580.0,105197319.6532332,104981798.5382469,-215521.11498630128,31.32307703776932,9,
2022-03-30,15125.0,14850.0,28027.25,0.0,0,60487.9,2230.282136986307,1777.2003208575386,453.0818161287682,252.89753424644005,3296700.0,105199096.85355406,104986700.45889652,-212396.39465753417,31.84599765186293,9,
2022-03-31,14590.0,14660.0,27821.4296875,0.0,0,0.0,0.0,0.0,0.0,249.6618082190398,3254520.0,105199096.85355406,104944270.7970883,-254826.0564657534,32.245698535295006,9,
2022-04-01,14430.0,14520.0,27665.98046875,0.0,0,0.0,0.0,0.0,0.0,247.277589040983,3223440.0,105199096.85355406,104912943.51949926,-286153.3340547945,32.54688888873355,9,
2022-04-04,14495.0,14565.0,27736.470703125,0.0,0,0.0,0.0,0.0,0.0,248.0439452053979,3233430.0,105199096.85355406,104922685.47555405,-276411.37799999997,32.44934496047666,9,
2022-04-05,14800.0,14620.0,27787.98046875,0.0,0,0.0,0.0,0.0,0.0,248.98060273984447,3245640.0,105199096.85355406,104934646.49495132,-264450.35860273964,32.3309567588985,9,
2022-04-06,14325.0,14175.0,27350.30078125,0.0,0,0.0,0.0,0.0,0.0,241.4021917808568,3146850.0,105199096.85355406,104835615.09275953,-363481.7607945205,33.314462110605696,9,
2022-04-07,13775.0,13690.0,26888.5703125,41333.265,3,0.0,0.0,0.0,0.0,236.2931506849127,3080250.0,105199096.85355406,104727445.53460886,-471651.31894520536,33.999657668893384,9,
2022-04-08,13935.0,13780.0,26985.80078125,320569.101,23,0.0,0.0,0.0,0.0,262.1597808219958,3417440.0,105199096.85355406,104743804.27382803,-455292.5797260274,30.64978588470552,9,
2022-04-11,13670.0,13615.0,26821.51953125,0.0,0,0.0,0.0,0.0,0.0,259.0207123288419,3376520.0,105199096.85355406,104702625.2531157,-496471.60043835617,31.009034524633556,18,
2022-04-12,13370.0,13120.0,26334.98046875,0.0,0,0.0,0.0,0.0,0.0,249.60350684914738,3253760.0,105199096.85355406,104579615.64960885,-619481.2039452055,32.14115842889729,18,
2022-04-13,13200.0,13640.0,26843.490234375,158431.68,12,0.0,0.0,0.0,0.0,272.05260273988824,3546400.0,105199096.85355406,104713551.9170061,-485544.9365479452,29.526717774928407,18,
2022-04-14,13705.0,13965.0,27172.0,0.0,0,0.0,0.0,0.0,0.0,278.53479452064494,3630900.0,105199096.85355406,104797773.3822116,-401323.4713424657,28.862753967945025,18,
2022-04-15,13615.0,13895.0,27093.189453125,0.0,0,163347.324,4890.232273972603,3896.781587515069,993.4506864575343,264.34761643834645,3445960.0,105202993.63514158,104774922.90790871,-428070.72723287664,30.405147740516057,18,
2022-04-18,13595.0,13570.0,26799.7109375,81586.314,6,0.0,0.0,0.0,0.0,264.41052054805914,3446780.0,105202993.63514158,104693892.18338816,-509101.45175342466,30.374405150136695,9,
2022-04-19,13870.0,13760.0,26985.08984375,305201.028,22,0.0,0.0,0.0,0.0,291.33501369849546,3797760.0,105202993.63514158,104739379.82037446,-463613.81476712326,27.579251932816835,9,
2022-04-20,14000.0,13995.0,27217.849609375,56011.2,4,83983.20000000001,2384.30671232878,1899.9348037191885,484.3719086095917,294.16339726018487,3834630.0,105204893.56994529,104803443.28506857,-401450.2848767122,27.33078374838474,9,
2022-04-21,14040.0,14330.0,27553.060546875,70214.04,5,42111.576,746.7753287671248,595.0679207280834,151.7074080390414,303.40339726029197,3955080.0,105205488.63786602,104895335.71026328,-310152.9276027397,26.521672307579944,9,
2022-04-22,13850.0,13880.0,27105.259765625,27705.54,2,0.0,0.0,0.0,0.0,296.00526027416345,3858640.0,105205488.63786602,104770894.165003,-434594.4728630136,27.15228530389023,9,
2022-04-25,13335.0,13345.0,26590.779296875,213402.672,16,0.0,0.0,0.0,0.0,300.97545205487404,3923430.0,105205488.63786602,104621980.51755095,-583508.1203150684,26.665948039738428,9,
2022-04-26,13555.0,13435.0,26700.109375,677885.5499999999,50,0.0,0.0,0.0,0.0,354.5367671234417,4621640.0,105205488.63786602,104641950.43078382,-563538.2070821917,22.641735494496288,9,
2022-04-27,12930.0,13135.0,26386.630859375,569033.784,44,0.0,0.0,0.0,0.0,390.9551780821639,5096380.0,105205488.63786602,104547265.69160575,-658222.9462602737,20.51402479634677,9,
2022-04-28,13160.0,13600.0,26847.900390625,855571.08,65,578924.192,9846.072876712382,7845.843171808261,2000.2297049041204,426.70465753413737,5562400.0,105213334.48103783,104734211.86924331,-479122.6117945204,18.828960856688354,9,
2022-05-02,13475.0,13545.0,26818.529296875,458241.63,34,1091256.705,22149.455136986428,17649.793325907634,4499.661811078793,376.1427945206524,4903290.0,105230984.27436374,104703241.13963771,-527743.1347260273,21.353670931076422,9,
2022-05-06,13500.0,13750.0,27003.560546875,310562.1,23,0.0,0.0,0.0,0.0,406.09589041076833,5293750.0,105230984.27436374,104782732.9437473,-448251.33061643824,19.793668560802324,9,
2022-05-09,13450.0,13065.0,26319.33984375,40358.07,3,0.0,0.0,0.0,0.0,388.8716712326277,5069220.0,105230984.27436374,104517456.00207607,-713528.272287671,20.61805484908449,9,
2022-05-10,12875.0,12925.0,26167.099609375,669633.8999999999,52,0.0,0.0,0.0,0.0,436.2630136985681,5687000.0,105230984.27436374,104465165.83906238,-765818.4353013698,18.369116553378298,9,
2022-05-11,12790.0,12975.0,26213.640625,639627.8999999999,50,0.0,0.0,0.0,0.0,487.71780821913853,6357750.0,105230984.27436374,104495800.22125416,-735184.0531095888,16.435971880186255,9,
2022-05-12,12575.0,12505.0,25748.720703125,679185.8099999999,54,0.0,0.0,0.0,0.0,521.8524931506254,6802720.0,105230984.27436374,104261062.558761,-969921.7156027392,15.326378648358451,9,
2022-05-13,12690.0,13140.0,26427.650390625,0.0,0,0.0,0.0,0.0,0.0,548.3519999998971,7148160.0,105230984.27436374,104605954.206761,-625030.0676027396,14.633969330115862,19,
2022-05-16,13480.0,13265.0,26547.05078125,0.0,0,2102459.4239999996,113551.83383561656,90483.77879191106,23068.055043705506,394.8245479450561,5146820.0,105321468.05315565,104683610.75116934,-637857.3019863012,20.33947384038481,19,
2022-05-17,13270.0,13370.0,26659.75,0.0,0,0.0,0.0,0.0,0.0,397.9498082191567,5187560.0,105321468.05315565,104723952.80136113,-597515.2517945206,20.18751644344569,19,
2022-05-18,13550.0,13620.0,26911.19921875,0.0,0,0.0,0.0,0.0,0.0,405.390904109634,5284560.0,105321468.05315565,104820547.41045702,-500920.64269862993,19.83524596379964,19,
2022-05-19,12885.0,13115.0,26402.83984375,0.0,0,0.0,0.0,0.0,0.0,390.359890410793,5088620.0,105321468.05315565,104624217.0505666,-697251.0025890411,20.56043034271897,19,
2022-05-20,13175.0,13445.0,26739.029296875,0.0,0,0.0,0.0,0.0,0.0,400.1821369861718,5216660.0,105321468.05315565,104751856.86842962,-569611.1847260273,20.080253815358795,19,
2022-05-23,13710.0,13710.0,27001.51953125,0.0,0,0.0,0.0,0.0,0.0,408.06969863013364,5319480.0,105321468.05315565,104854268.79873098,-467199.25442465744,19.711375698137974,19,
2022-05-24,13710.0,13450.0,26748.140625,0.0,0,507168.546,8085.709835616429,6443.097882510951,1642.6119531054776,362.15506849298254,4720950.0,105327911.15103815,104760902.57770939,-567008.573328767,22.19064014185903,19,
2022-05-25,13445.0,13395.0,26677.80078125,0.0,0,0.0,0.0,0.0,0.0,360.67413698649034,4701645.0,105327911.15103815,104741236.9035724,-586674.2474657533,22.27757240361031,19,
2022-05-26,13390.0,13310.0,26604.83984375,0.0,0,0.0,0.0,0.0,0.0,358.38542465749197,4671810.0,105327911.15103815,104711043.51814774,-616867.632890411,22.413378009411286,19,
2022-05-27,13690.0,13475.0,26781.6796875,0.0,0,0.0,0.0,0.0,0.0,362.8282191780163,4729725.0,105327911.15103815,104768595.68992856,-559315.4611095887,22.15109666839585,18,
2022-05-30,13835.0,14090.0,27369.4296875,0.0,0,0.0,0.0,0.0,0.0,379.3877260273439,4945590.0,105327911.15103815,104984081.30220254,-343829.8488356164,21.227817369050516,18,
2022-05-31,14060.0,13975.0,27279.80078125,0.0,0,1026174.724,36252.05586301384,28887.450714442577,7364.6051485712605,298.03123287676135,3885050.0,105356798.6017526,104942053.38982108,-414745.21193150687,27.0117639129023,18,
2022-06-01,14005.0,14165.0,27457.890625,0.0,0,0.0,0.0,0.0,0.0,302.0831780823064,3937870.0,105356798.6017526,104994571.30664301,-362227.295109589,26.662782495776398,18,
2022-06-02,14085.0,14130.0,27413.880859375,0.0,0,0.0,0.0,0.0,0.0,301.33676712348824,3928140.0,105356798.6017526,104984539.96987589,-372258.6318767124,26.726272477527758,18,
2022-06-03,14430.0,14480.0,27761.5703125,0.0,0,0.0,0.0,0.0,0.0,308.80087671236834,4025440.0,105356798.6017526,105081531.16899917,-275267.43275342457,26.10435906857366,18,
2022-06-06,14270.0,14640.0,27915.890625,0.0,0,642021.5700000001,14679.946369863006,11697.715264825336,2982.2311050376697,261.6749589040992,3411120.0,105368496.31701742,105105988.83293523,-262507.48408219166,30.812750308677277,18,
2022-06-07,14700.0,14665.0,27943.94921875,0.0,0,29394.12,1630.4420273972585,1299.2177295315055,331.22429786575304,259.871835616359,3387615.0,105369795.53474696,105111286.85680175,-258508.67794520542,31.02810881897788,18,
2022-06-08,14860.0,14975.0,28234.2890625,0.0,0,0.0,0.0,0.0,0.0,265.36520547949476,3459225.0,105369795.53474696,105182631.49159628,-187164.04315068485,30.406415162817186,18,
2022-06-09,14960.0,14985.0,28246.529296875,0.0,0,134613.072,8091.5593972602765,6447.759105706851,1643.8002915534253,255.19660273974296,3326670.0,105376243.29385266,105182790.56670198,-193452.7271506849,31.618041635239436,18,
2022-06-10,14740.0,14530.0,27824.2890625,0.0,0,0.0,0.0,0.0,0.0,247.44789041095646,3225660.0,105376243.29385266,105081533.11881156,-294710.17504109576,32.576754251474604,18,
2022-06-13,13855.0,13660.0,26987.439453125,0.0,0,0.0,0.0,0.0,0.0,232.63167123275343,3032520.0,105376243.29385266,104888160.48714033,-488082.80671232875,34.58778853466435,18,
2022-06-14,13100.0,13305.0,26629.859375,0.0,0,0.0,0.0,0.0,0.0,226.58597260265378,2953710.0,105376243.29385266,104809123.90116772,-567119.3926849315,35.483891072978636,18,
2022-06-15,13280.0,13005.0,26326.16015625,225805.15199999997,17,0.0,0.0,0.0,0.0,238.43687671230873,3108195.0,105376243.29385266,104737565.31229101,-638677.9815616438,33.69723113005812,18,
2022-06-16,13480.0,13105.0,26431.19921875,310102.008,23,0.0,0.0,0.0,0.0,263.3925479450845,3433510.0,105376243.29385266,104752514.91174307,-623728.3821095891,30.50887136246671,18,
2022-06-17,12420.0,12630.0,25963.0,310562.10000000003,25,0.0,0.0,0.0,0.0,278.0676164382021,3624810.0,105376243.29385266,104632974.74412663,-743268.5497260273,28.865781860049665,18,
2022-06-20,12840.0,12435.0,25771.220703125,308221.632,24,0.0,0.0,0.0,0.0,296.6684383559623,3867285.0,105376243.29385266,104566931.44368827,-809311.8501643834,27.038848040340515,18,
2022-06-21,12735.0,12890.0,26246.310546875,305701.128,24,0.0,0.0,0.0,0.0,331.25534246576717,4318150.0,105376243.29385266,104711764.06034581,-664479.2335068494,24.24921877663949,18,
2022-06-22,13085.0,12815.0,26149.55078125,0.0,0,327059.575,16424.684589041073,13088.00991477738,3336.6746742636938,304.7512328766752,3972650.0,105389331.30376744,104689682.20943868,-699649.0943287669,26.352606499298624,18,
2022-06-23,12780.0,12810.0,26171.25,0.0,0,0.0,0.0,0.0,0.0,304.6323287670384,3971100.0,105389331.30376744,104687827.5771099,-701503.7266575343,26.362425417921962,18,
2022-06-24,12840.0,13150.0,26491.970703125,0.0,0,0.0,0.0,0.0,0.0,312.71780821919674,4076500.0,105389331.30376744,104792914.85930169,-596416.4444657533,25.70659017767734,3,
2022-06-27,13425.0,13520.0,26871.26953125,0.0,0,0.0,0.0,0.0,0.0,321.51671232876834,4191200.0,105389331.30376744,104907293.34258936,-482037.96117808204,25.03037157439143,3,
2022-06-28,13425.0,13690.0,27049.470703125,0.0,0,644271.12,30085.442301369847,23973.584697846563,6111.857603523285,275.1502465753583,3586780.0,105413304.88846529,104940757.45473926,-472547.4337260274,29.257651000267444,3,
2022-06-29,13460.0,13460.0,26804.599609375,0.0,0,0.0,0.0,0.0,0.0,270.52756164385937,3526520.0,105413304.88846529,104880226.92717761,-533077.9612876712,29.74043162301011,3,
2022-06-30,13405.0,13040.0,26393.0390625,0.0,0,0.0,0.0,0.0,0.0,262.0861369863851,3416480.0,105413304.88846529,104769924.84104063,-643380.0474246573,30.66604365927523,3,
2022-07-01,13075.0,12605.0,25935.619140625,0.0,0,0.0,0.0,0.0,0.0,253.3432328766212,3302510.0,105413304.88846529,104655701.49780776,-757603.3906575342,31.689745526223312,18,
2022-07-04,12760.0,12810.0,26153.810546875,0.0,0,0.0,0.0,0.0,0.0,257.4634520547115,3356220.0,105413304.88846529,104709154.0343557,-704150.8541095891,31.19853705488785,18,
2022-07-05,13080.0,13065.0,26423.470703125,0.0,0,0.0,0.0,0.0,0.0,262.5886027395027,3423030.0,105413304.88846529,104775701.44575296,-637603.4427123285,30.609051467779413,18,
2022-07-06,12780.0,12770.0,26107.650390625,0.0,0,0.0,0.0,0.0,0.0,256.6595068492461,3345740.0,105413304.88846529,104698154.7862461,-715150.102219178,31.29297398669535,18,
2022-07-07,12935.0,13135.0,26490.529296875,0.0,0,0.0,0.0,0.0,0.0,263.99550684931455,3441370.0,105413304.88846529,104793520.79073925,-619784.0977260272,30.45110545821555,18,
2022-07-08,13250.0,13235.0,26517.189453125,0.0,0,0.0,0.0,0.0,0.0,266.005369862949,3467570.0,105413304.88846529,104819454.7853694,-593850.1030958904,30.228504337437858,18,
2022-07-11,13570.0,13435.0,26812.30078125,0.0,0,0.0,0.0,0.0,0.0,270.0250958905672,3519970.0,105413304.88846529,104871584.7602735,-541720.1281917808,29.793317772672353,18,
2022-07-12,13320.0,12975.0,26336.66015625,0.0,0,0.0,0.0,0.0,0.0,260.77972602739464,3399450.0,105413304.88846529,104750803.98054747,-662500.9079178082,30.81404461914353,18,
2022-07-13,13030.0,13115.0,26478.76953125,0.0,0,0.0,0.0,0.0,0.0,263.5935342464363,3436130.0,105413304.88846529,104787220.38701323,-626084.5014520547,30.495708947860887,18,
2022-07-14,13005.0,13295.0,26643.390625,0.0,0,0.0,0.0,0.0,0.0,267.21128767123446,3483290.0,105413304.88846529,104834113.17572556,-579191.712739726,30.096292061736335,18,
2022-07-15,13440.0,13445.0,26788.470703125,0.0,0,0.0,0.0,0.0,0.0,270.22608219168615,3522590.0,105413304.88846529,104873142.94964337,-540161.9388219176,29.771600711307126,18,
2022-07-19,13620.0,13595.0,26961.6796875,0.0,0,0.0,0.0,0.0,0.0,273.24087671242887,3561890.0,105413304.88846529,104912169.70876665,-501135.17969863,29.45407345784588,18,
2022-07-20,14015.0,14330.0,27680.259765625,0.0,0,0.0,0.0,0.0,0.0,288.01336986303795,3754460.0,105413304.88846529,105104451.6953968,-308853.19306849304,27.99455892335963,18,
2022-07-21,14250.0,14440.0,27803.0,0.0,0,569886.0,32994.21539726033,26291.440539306896,6702.774857953436,245.91517808218487,3205680.0,105439596.32900459,105118609.00536075,-320987.32364383555,32.79136064902322,18,
2022-07-22,14440.0,14565.0,27914.66015625,0.0,0,0.0,0.0,0.0,0.0,248.0439452053979,3233430.0,105439596.32900459,105146110.96141554,-293485.367589041,32.51844356037259,18,
2022-07-25,14340.0,14335.0,27699.25,0.0,0,0.0,0.0,0.0,0.0,244.1270136985113,3182370.0,105439596.32900459,105094806.83440185,-344789.4946027397,33.024069116539515,18,
2022-07-26,14305.0,14290.0,27655.2109375,0.0,0,0.0,0.0,0.0,0.0,243.3606575341546,3172380.0,105439596.32900459,105084573.47374432,-355022.8552602739,33.12483796825863,18,
2022-07-27,14210.0,14365.0,27715.75,0.0,0,0.0,0.0,0.0,0.0,244.63791780814063,3189030.0,105439596.32900459,105100978.8358265,-338617.4931780821,32.957036727728024,18,
2022-07-28,14655.0,14460.0,27815.48046875,0.0,0,0.0,0.0,0.0,0.0,246.25578082195716,3210120.0,105439596.32900459,105121822.58004569,-317773.74895890406,32.747007146164535,18,
2022-07-29,14600.0,14430.0,27801.640625,0.0,0,0.0,0.0,0.0,0.0,245.74487671244424,3203460.0,105439596.32900459,105114916.83516897,-324679.4938356164,32.812932527694734,18,
2022-08-01,14475.0,14635.0,27993.349609375,0.0,0,0.0,0.0,0.0,0.0,249.2360547943972,3248970.0,105439596.32900459,105160177.59911418,-279418.7298904109,32.36723564671701,18,
2022-08-02,14470.0,14220.0,27594.73046875,0.0,0,0.0,0.0,0.0,0.0,242.1685479450971,3156840.0,105439596.32900459,105067805.43056624,-371790.8984383562,33.28258810410608,18,
2022-08-03,14375.0,14375.0,27741.900390625,0.0,0,0.0,0.0,0.0,0.0,244.80821917805588,3191250.0,105439596.32900459,105101970.62234706,-337625.7066575341,32.93442087656782,18,
2022-08-04,14615.0,14570.0,27932.19921875,0.0,0,0.0,0.0,0.0,0.0,248.12909589050105,3234540.0,105439596.32900459,105145012.49325116,-294583.83575342456,32.50694457117586,18,
2022-08-05,14510.0,14825.0,28175.869140625,0.0,0,0.0,0.0,0.0,0.0,252.47178082179744,3291150.0,105439596.32900459,105201370.02147034,-238226.3075342465,31.964927159646425,18,
2022-08-08,14710.0,14915.0,28249.240234375,0.0,0,0.0,0.0,0.0,0.0,254.00449315074366,3311130.0,105439596.32900459,105221096.01697719,-218500.31202739722,31.77800207692757,18,
2022-08-09,14800.0,14645.0,27999.9609375,0.0,0,0.0,0.0,0.0,0.0,249.40635616448708,3251190.0,105439596.32900459,105160906.61062102,-278689.7183835616,32.34535865655991,18,
2022-08-10,14550.0,14460.0,27819.330078125,0.0,0,0.0,0.0,0.0,0.0,246.25578082195716,3210120.0,105439596.32900459,105119590.3548402,-320005.97416438354,32.746311774899446,18,
2022-08-12,14880.0,15190.0,28546.98046875,0.0,0,0.0,0.0,0.0,0.0,258.68778082187055,3372180.0,105439596.32900459,105281391.66705938,-158204.66194520544,31.220572943039627,18,
2022-08-15,15340.0,15560.0,28871.779296875,0.0,0,0.0,0.0,0.0,0.0,264.98893150681397,3454320.0,105439596.32900459,105363266.67812787,-76329.6508767123,30.501883635021617,18,
2022-08-16,15570.0,15555.0,28868.91015625,0.0,0,1447720.3980000003,39263.523780822055,31287.138924748055,7976.384856073999,153.93057534244144,2006595.0,105470883.46792933,105355131.76069646,-115751.7072328767,52.50443251413287,18,
2022-08-17,15665.0,15930.0,29222.76953125,0.0,0,0.0,0.0,0.0,0.0,157.64153424662072,2054970.0,105470883.46792933,105403349.11916222,-67534.34876712327,51.29191624167857,18,
2022-08-18,15640.0,15620.0,28942.140625,0.0,0,281463.696,4111.71805479451,3276.422531963005,835.2955228315047,133.00536986312363,1733820.0,105474159.89046131,105362694.51426953,-111465.37619178079,60.76910781642243,18,
2022-08-19,15795.0,15615.0,28930.330078125,0.0,0,0.0,0.0,0.0,0.0,132.96279452060116,1733265.0,105474159.89046131,105362006.551475,-112153.33898630133,60.78816946714726,18,
2022-08-22,15265.0,15445.0,28794.5,0.0,0,0.0,0.0,0.0,0.0,131.51523287669988,1714395.0,105474159.89046131,105343005.03624213,-131154.85421917806,61.44616907786253,18,
2022-08-23,15225.0,15100.0,28452.75,0.0,0,0.0,0.0,0.0,0.0,128.5775342466659,1676100.0,105474159.89046131,105304581.45870788,-169578.43175342464,62.8271472219485,18,
2022-08-24,15130.0,14980.0,28313.470703125,0.0,0,0.0,0.0,0.0,0.0,127.55572602734901,1662780.0,105474159.89046131,105291133.90298186,-183025.98747945201,63.32234805745911,18,
2022-08-25,15055.0,15155.0,28479.009765625,0.0,0,0.0,0.0,0.0,0.0,129.04586301365634,1682205.0,105474159.89046131,105310429.85711884,-163730.0333424657,62.60261374631442,18,
2022-08-26,15340.0,15290.0,28641.380859375,0.0,0,0.0,0.0,0.0,0.0,130.1953972602496,1697190.0,105474159.89046131,105325284.66172159,-148875.22873972598,62.05862906434847,18,
2022-08-29,14530.0,14495.0,27878.9609375,0.0,0,0.0,0.0,0.0,0.0,123.4259178081993,1608945.0,105474159.89046131,105236916.23580378,-237243.65465753424,65.40740437728063,18,
2022-08-30,14695.0,14845.0,28195.580078125,0.0,0,0.0,0.0,0.0,0.0,126.40619178075576,1647795.0,105474159.89046131,105275639.829612,-198520.06084931505,63.88879674329149,3,
2022-08-31,14545.0,14715.0,28091.529296875,0.0,0,0.0,0.0,0.0,0.0,125.29923287674319,1633365.0,105474159.89046131,105261084.53037912,-213075.36008219176,64.44431252682598,3,
2022-09-01,14415.0,14265.0,27661.470703125,0.0,0,0.0,0.0,0.0,0.0,121.46745205472689,1583415.0,105474159.89046131,105211013.06292707,-263146.82753424655,66.44563368600592,3,
2022-09-02,14360.0,14245.0,27650.83984375,0.0,0,0.0,0.0,0.0,0.0,121.29715068504447,1581195.0,105474159.89046131,105208671.76577638,-265488.1246849315,66.53744273525807,3,
2022-09-05,14175.0,14220.0,27619.609375,0.0,0,0.0,0.0,0.0,0.0,121.08427397249034,1578420.0,105474159.89046131,105205775.6815024,-268384.2089589041,66.65258656219663,3,
2022-09-06,14275.0,14215.0,27626.509765625,0.0,0,0.0,0.0,0.0,0.0,121.04169863008428,1577865.0,105474159.89046131,105205099.63980378,-269060.25065753417,66.67560256410009,3,
2022-09-07,14140.0,14045.0,27430.30078125,0.0,0,0.0,0.0,0.0,0.0,119.59413698624121,1558995.0,105474159.89046131,105186110.04566678,-288049.8447945205,67.47046016546993,3,
2022-09-08,14345.0,14685.0,28065.279296875,0.0,0,0.0,0.0,0.0,0.0,125.04378082189942,1630035.0,105474159.89046131,105257025.00188597,-217134.88857534243,64.57347541732905,3,
2022-09-09,14850.0,14865.0,28214.75,0.0,0,0.0,0.0,0.0,0.0,126.5764931506128,1650015.0,105474159.89046131,105276878.42539282,-197281.46506849313,63.80358871003768,3,
2022-09-12,15165.0,15170.0,28542.109375,0.0,0,0.0,0.0,0.0,0.0,129.17358904110733,1683870.0,105474159.89046131,105310604.25180377,-163555.63865753423,62.54081624579319,3,
2022-09-13,15230.0,15280.0,28614.630859375,0.0,0,0.0,0.0,0.0,0.0,130.11024657537928,1696080.0,105474159.89046131,105322684.1415572,-151475.74890410955,62.097710097139995,18,
2022-09-14,14420.0,14425.0,27818.619140625,0.0,0,0.0,0.0,0.0,0.0,122.82986301369965,1601175.0,105474159.89046131,105227656.31169419,-246503.57876712328,65.71902278744933,18,
2022-09-15,14480.0,14480.0,27875.91015625,0.0,0,0.0,0.0,0.0,0.0,123.29819178080652,1607280.0,105474159.89046131,105233638.0135024,-240521.87695890406,65.4731210576268,18,
2022-09-16,14200.0,14150.0,27567.650390625,0.0,0,0.0,0.0,0.0,0.0,120.4882191780489,1570650.0,105474159.89046131,105196887.52528323,-277272.3651780821,66.97665776925683,18,
2022-09-20,14415.0,14290.0,27688.419921875,259521.894,18,0.0,0.0,0.0,0.0,141.41227397246985,1843410.0,105474159.89046131,105209984.21900925,-264175.67145205475,57.073567040978,18,
2022-09-21,14030.0,13885.0,27313.130859375,238557.70200000002,17,0.0,0.0,0.0,0.0,155.51199999992969,2027210.0,105474159.89046131,105155071.00500925,-319088.8854520548,51.871819399573425,18,
2022-09-22,13630.0,13730.0,27153.830078125,313552.69800000003,23,0.0,0.0,0.0,0.0,178.00098630151479,2320370.0,105474159.89046131,105134500.30602296,-339659.5844383562,45.3093688963497,18,
2022-09-26,13255.0,12975.0,26431.55078125,291668.322,22,0.0,0.0,0.0,0.0,190.11041095887776,2478225.0,105474159.89046131,105000496.873612,-473663.0168493151,42.369234784417074,18,
2022-09-27,13120.0,13125.0,26571.869140625,301820.352,23,0.0,0.0,0.0,0.0,215.46575342473807,2808750.0,105474159.89046131,105028986.05585857,-445173.83460273984,37.39349748317172,18,
2022-09-28,13025.0,12690.0,26173.98046875,312662.52,24,0.0,0.0,0.0,0.0,231.68810958910035,3020220.0,105474159.89046131,104927561.84774898,-546598.0427123287,34.741694925452116,18,
2022-09-29,13185.0,13210.0,26422.05078125,65938.185,5,0.0,0.0,0.0,0.0,246.2488767124596,3210030.0,105474159.89046131,105051187.41387227,-422972.47658904124,32.72592075895623,3,
2022-09-30,12995.0,12660.0,25937.2109375,0.0,0,0.0,0.0,0.0,0.0,235.9962739724433,3076380.0,105474159.89046131,104917301.41759829,-556858.4728630137,34.10414234184278,3,
2022-10-03,12490.0,12955.0,26215.7890625,62462.49,5,0.0,0.0,0.0,0.0,246.4644383561099,3212840.0,105474159.89046131,104991052.46315993,-483107.4273013698,32.67858108812139,3,
2022-10-04,13405.0,13720.0,26992.2109375,0.0,0,0.0,0.0,0.0,0.0,261.0183013698552,3402560.0,105474159.89046131,105180511.44485857,-293648.4456027398,30.912169497336876,3,
2022-10-05,13920.0,13855.0,27120.529296875,0.0,0,403599.264,28343.91860273972,22585.851538593146,5758.067064146573,232.76399999996647,3034245.0,105496745.7419999,105209804.87779441,-286940.8642054795,34.6741297679635,3,
2022-10-06,13895.0,14080.0,27311.30078125,0.0,0,694611.0499999999,34818.49373972597,27745.11673650064,7073.377003225332,182.5385205479106,2379520.0,105524490.8587364,105242435.01227064,-282055.84646575345,44.22843052895989,20,
2022-10-07,13700.0,13845.0,27116.109375,0.0,0,0.0,0.0,0.0,0.0,179.49189041095087,2339805.0,105524490.8587364,105202540.52038023,-321950.3383561644,44.96209749119274,20,
2022-10-11,13355.0,13135.0,26401.25,0.0,0,0.0,0.0,0.0,0.0,170.287178082217,2219815.0,105524490.8587364,105082380.23320214,-442110.62553424656,47.3383503729825,20,
2022-10-12,13090.0,13115.0,26396.830078125,0.0,0,0.0,0.0,0.0,0.0,170.02789041079814,2216435.0,105524490.8587364,105078830.20531175,-445660.6534246576,47.40893832001017,20,
2022-10-13,13135.0,12965.0,26237.419921875,0.0,0,0.0,0.0,0.0,0.0,168.08323287667008,2191085.0,105524490.8587364,105053312.12207887,-471178.73665753426,47.94579494728816,20,
2022-10-14,13565.0,13820.0,27090.759765625,0.0,0,0.0,0.0,0.0,0.0,179.1677808217937,2335580.0,105524490.8587364,105197627.95429803,-326862.90443835617,45.04132932903092,20,
2022-10-17,13515.0,13485.0,26775.7890625,0.0,0,0.0,0.0,0.0,0.0,174.82471232872922,2278965.0,105524490.8587364,105140838.12958571,-383652.72915068496,46.135345707189764,20,
2022-10-18,13940.0,13885.0,27156.140625,0.0,0,0.0,0.0,0.0,0.0,180.01046575338114,2346565.0,105524490.8587364,105208258.11911996,-316232.73961643834,44.8350069651256,20,
2022-10-19,13925.0,13970.0,27257.380859375,0.0,0,0.0,0.0,0.0,0.0,181.1124383561546,2360930.0,105524490.8587364,105222442.0066816,-302048.8520547945,44.568217611992566,20,
2022-10-20,13675.0,13720.0,27006.9609375,0.0,0,0.0,0.0,0.0,0.0,177.87134246574715,2318680.0,105524490.8587364,105180014.13533914,-344476.72339726024,45.36202241591731,20,
2022-10-21,13630.0,13580.0,26890.580078125,0.0,0,0.0,0.0,0.0,0.0,176.0563287671539,2295020.0,105524490.8587364,105156178.07901037,-368312.7797260274,45.81928614086603,20,
2022-10-24,14000.0,13690.0,26974.900390625,0.0,0,0.0,0.0,0.0,0.0,177.4824109589681,2313610.0,105524490.8587364,105174590.59659941,-349900.26213698636,45.45908368160555,20,
2022-10-25,13870.0,13925.0,27250.279296875,0.0,0,0.0,0.0,0.0,0.0,180.52904109586962,2353325.0,105524490.8587364,105214125.06755832,-310365.7911780823,44.708710045386134,20,
2022-10-26,14120.0,14140.0,27431.83984375,0.0,0,0.0,0.0,0.0,0.0,183.31638356146868,2389660.0,105524490.8587364,105250276.75117475,-274214.1075616438,44.04403837833614,20,
2022-10-27,14120.0,14035.0,27345.240234375,0.0,0,0.0,0.0,0.0,0.0,181.9551232876256,2371915.0,105524490.8587364,105232349.79605146,-292141.06268493156,44.365986890782956,20,
2022-10-28,13735.0,13810.0,27105.19921875,0.0,0,0.0,0.0,0.0,0.0,179.0381369863171,2333890.0,105524490.8587364,105194145.75791448,-330345.1008219179,45.072452325479986,20,
2022-10-31,14190.0,14275.0,27587.4609375,0.0,0,0.0,0.0,0.0,0.0,185.06657534249825,2412475.0,105524490.8587364,105272545.69133914,-251945.16739726026,43.63674056366973,20,
2022-11-01,14320.0,14375.0,27678.919921875,0.0,0,329294.128,15119.670054794513,12048.109083163008,3071.5609716315053,161.0,2098750.0,105536538.96781956,105284882.25836751,-251656.70945205475,50.16551864603574,20,
2022-11-02,14285.0,14380.0,27663.390625,0.0,0,0.0,0.0,0.0,0.0,161.0559999998659,2099480.0,105536538.96781956,105285451.2023675,-251087.7654520548,50.148346829866206,20,
2022-11-04,13950.0,13880.0,27199.740234375,0.0,0,0.0,0.0,0.0,0.0,155.4560000001802,2026480.0,105536538.96781956,105212295.7463675,-324243.2214520548,51.91874370650957,20,
2022-11-07,14085.0,14215.0,27527.640625,0.0,0,0.0,0.0,0.0,0.0,159.20799999992596,2075390.0,105536538.96781956,105261046.5383675,-275492.4294520548,50.71868253117125,20,
2022-11-08,14400.0,14570.0,27872.109375,0.0,0,0.0,0.0,0.0,0.0,163.1840000000666,2127220.0,105536538.96781956,105312713.3543675,-223825.6134520548,49.507203464788546,20,
2022-11-09,14655.0,14420.0,27716.4296875,0.0,0,0.0,0.0,0.0,0.0,161.50399999995716,2105320.0,105536538.96781956,105290651.8503675,-245887.1174520548,50.01170931277312,20,
2022-11-10,14135.0,14140.0,27446.099609375,0.0,0,0.0,0.0,0.0,0.0,158.36799999984214,2064440.0,105536538.96781956,105249613.4823675,-286925.48545205477,50.982161497726985,20,
2022-11-11,14850.0,14960.0,28263.5703125,0.0,0,0.0,0.0,0.0,0.0,167.55199999996694,2184160.0,105536538.96781956,105369165.9303675,-167373.03745205482,48.24242085303618,20,
2022-11-14,14880.0,14675.0,27963.470703125,0.0,0,252909.408,13724.14238356162,10936.082858341077,2788.059525220543,145.2221917808638,1893075.0,105547475.0506779,105328057.0566505,-219417.99402739722,55.638607586413904,20,
2022-11-15,14605.0,14685.0,27990.169921875,0.0,0,0.0,0.0,0.0,0.0,145.32115068490384,1894365.0,105547475.0506779,105329201.73549981,-218273.31517808218,55.601323786862515,20,
2022-11-16,14680.0,14730.0,28028.30078125,0.0,0,0.0,0.0,0.0,0.0,145.7664657535497,1900170.0,105547475.0506779,105334860.96903406,-212614.08164383555,55.434440586386515,20,
2022-11-17,14600.0,14635.0,27930.5703125,0.0,0,0.0,0.0,0.0,0.0,144.82635616429616,1887915.0,105547475.0506779,105322461.14267789,-225013.90799999997,55.7877135054692,20,
2022-11-18,14670.0,14590.0,27899.76953125,0.0,0,0.0,0.0,0.0,0.0,144.3810410957667,1882110.0,105547475.0506779,105316511.7616368,-230963.28904109585,55.95661877448013,20,
2022-11-21,14660.0,14620.0,27944.7890625,0.0,0,0.0,0.0,0.0,0.0,144.6779178082943,1885980.0,105547475.0506779,105320237.08371899,-227237.9669589041,55.843771982586766,20,
2022-11-22,14725.0,14825.0,28115.740234375,0.0,0,0.0,0.0,0.0,0.0,146.7065753423958,1912425.0,105547475.0506779,105346535.37714365,-200939.67353424657,55.08531596122392,20,
2022-11-24,15105.0,15085.0,28383.08984375,0.0,0,0.0,0.0,0.0,0.0,149.27950684935786,1945965.0,105547475.0506779,105379926.0976368,-167548.9530410959,54.153042884962886,20,
2022-11-25,15080.0,14990.0,28283.029296875,0.0,0,271385.712,11016.88397260274,8778.803993568494,2238.0799790342467,127.64087671245215,1663890.0,105556253.85467146,105366871.08878106,-189382.76589041096,63.32562314142224,20,
2022-11-28,14945.0,14850.0,28162.830078125,0.0,0,0.0,0.0,0.0,0.0,126.44876712316182,1648350.0,105556253.85467146,105351204.64001393,-205049.21465753426,63.91312806140318,20,
2022-11-29,14685.0,14730.0,28027.83984375,0.0,0,0.0,0.0,0.0,0.0,125.42695890425239,1635030.0,105556253.85467146,105337759.21305503,-218494.64161643834,64.42558192391273,20,
2022-11-30,14595.0,14665.0,27968.990234375,0.0,0,0.0,0.0,0.0,0.0,124.87347945198417,1627815.0,105556253.85467146,105330419.33957557,-225834.51509589038,64.70662780449595,20,
2022-12-01,15165.0,14940.0,28226.080078125,0.0,0,0.0,0.0,0.0,0.0,127.21512328763492,1658340.0,105556253.85467146,105360817.12445228,-195436.73021917808,63.533905667385625,20,
2022-12-02,14725.0,14440.0,27777.900390625,0.0,0,0.0,0.0,0.0,0.0,122.95758904109243,1602840.0,105556253.85467146,105305194.16686325,-251059.68780821917,65.69913039783337,20,
2022-12-05,14460.0,14495.0,27820.400390625,0.0,0,0.0,0.0,0.0,0.0,123.4259178081993,1608945.0,105556253.85467146,105311175.74094543,-245078.1137260274,65.45355853739278,20,
2022-12-06,14370.0,14575.0,27885.869140625,0.0,0,0.0,0.0,0.0,0.0,124.10712328774389,1617825.0,105556253.85467146,105319931.63382214,-236322.22084931502,65.0997058605363,20,
2022-12-07,14330.0,14365.0,27686.400390625,0.0,0,0.0,0.0,0.0,0.0,122.3189589039539,1594515.0,105556253.85467146,105296499.31486325,-259754.53980821918,66.03669411379839,20,
2022-12-08,14290.0,14235.0,27574.4296875,0.0,0,0.0,0.0,0.0,0.0,121.21199999994133,1580085.0,105556253.85467146,105281948.10286324,-274305.7518082191,66.63055981346778,20,
2022-12-09,14335.0,14585.0,27901.009765625,0.0,0,0.0,0.0,0.0,0.0,124.19227397249779,1618935.0,105556253.85467146,105320673.91058928,-235579.94408219174,65.05552966029475,20,
2022-12-12,14385.0,14510.0,27842.330078125,0.0,0,0.0,0.0,0.0,0.0,123.5536438357667,1610610.0,105556253.85467146,105312225.35694544,-244028.4977260274,65.3865463128538,20,
2022-12-13,14735.0,14640.0,27954.849609375,176855.364,12,0.0,0.0,0.0,0.0,138.13742465752875,1800720.0,105556253.85467146,105325341.85552078,-230911.99915068492,58.490682535608414,9,
2022-12-14,14710.0,14850.0,28156.2109375,117703.536,8,0.0,0.0,0.0,0.0,149.23232876701513,1945350.0,105556253.85467146,105352119.08719201,-204134.76747945196,54.15586865458247,9,
2022-12-15,14680.0,14705.0,28051.69921875,29365.872,2,0.0,0.0,0.0,0.0,150.03128767112503,1955765.0,105556253.85467146,105333018.18390433,-223235.67076712323,53.85770692486282,9,
2022-12-16,14280.0,14180.0,27527.119140625,42848.568,3,0.0,0.0,0.0,0.0,147.93819178070407,1928480.0,105556253.85467146,105262736.67771256,-293517.1769589041,54.583265928457934,9,
2022-12-19,13930.0,13885.0,27237.640625,599109.798,43,0.0,0.0,0.0,0.0,190.6619726026547,2485415.0,105556253.85467146,105220371.21773995,-335882.63693150674,42.33513164511358,9,
2022-12-20,13900.0,13205.0,26568.029296875,806361.24,58,0.0,0.0,0.0,0.0,240.07775342470268,3129585.0,105556253.85467146,105057939.89998654,-498313.9546849315,33.569287908775934,9,
2022-12-21,13175.0,13010.0,26387.720703125,948789.72,72,0.0,0.0,0.0,0.0,308.3904657535604,4020090.0,105556253.85467146,104999346.78952079,-556907.0651506848,26.11865574888144,9,
2022-12-22,13215.0,13110.0,26507.869140625,951670.296,72,0.0,0.0,0.0,0.0,383.1711780821206,4994910.0,105556253.85467146,105022113.3223427,-534140.5323287669,21.025826956310063,9,
2022-12-23,12825.0,12860.0,26235.25,936412.245,73,0.0,0.0,0.0,0.0,447.88032876711804,5838440.0,105556253.85467146,104928783.19701393,-627470.657657534,17.972058152008742,9,
2022-12-26,12910.0,13020.0,26405.869140625,942618.486,73,0.0,0.0,0.0,0.0,526.3647123288247,6861540.0,105556253.85467146,105008738.3463016,-547515.5083698629,15.30396067738461,9,
2022-12-27,13185.0,13065.0,26447.869140625,0.0,0,0.0,0.0,0.0,0.0,528.1839452052955,6885255.0,105556253.85467146,105031925.16235639,-524328.6923150683,15.254616591884599,20,
2022-12-28,12910.0,12930.0,26340.5,0.0,0,0.0,0.0,0.0,0.0,522.7262465752428,6814110.0,105556253.85467146,104960257.43610983,-595996.4185616437,15.403369983183397,20,
2022-12-29,12725.0,12720.0,26093.669921875,0.0,0,0.0,0.0,0.0,0.0,514.2364931507618,6703440.0,105556253.85467146,104849073.19961667,-707180.6550547943,15.641084756426055,20,
2022-12-30,12890.0,12750.0,26094.5,0.0,0,0.0,0.0,0.0,0.0,515.4493150686612,6719250.0,105556253.85467146,104864367.7503016,-691886.1043698628,15.606558432905697,20,
2023-01-04,12530.0,12385.0,25716.859375,0.0,0,0.0,0.0,0.0,0.0,500.6933150687255,6526895.0,105556253.85467146,104671512.05698653,-884741.7976849313,16.03695356781234,20,
2023-01-05,12535.0,12485.0,25820.80078125,37612.521,3,0.0,0.0,0.0,0.0,507.6093150682864,6617050.0,105556253.85467146,104723546.92667146,-832706.928,15.826319421293697,3,
2023-01-06,12410.0,12625.0,25973.849609375,12412.482,1,0.0,0.0,0.0,0.0,514.2698630135856,6703875.0,105556253.85467146,104797445.17480844,-758808.6798630137,15.632368618867213,3,
2023-01-10,12850.0,12815.0,26175.560546875,0.0,0,0.0,0.0,0.0,0.0,522.0093698629644,6804765.0,105556253.85467146,104897813.16543859,-658440.6892328766,15.415346917261447,3,
2023-01-11,12990.0,13085.0,26446.0,0.0,0,0.0,0.0,0.0,0.0,533.0076164384955,6948135.0,105556253.85467146,105040650.15782215,-515603.69684931496,15.117819408779788,3,
2023-01-12,13140.0,13095.0,26449.8203125,0.0,0,52549.488,2509.790369863007,1999.926456225337,509.86391363766984,529.3967671232531,6901065.0,105558253.78112769,105045090.38514139,-513163.3959863012,15.221576725496918,3,
2023-01-13,12930.0,12750.0,26119.51953125,0.0,0,0.0,0.0,0.0,0.0,515.4493150686612,6719250.0,105558253.78112769,104862759.93582632,-695493.8453013698,15.60631914809336,3,
2023-01-16,12485.0,12465.0,25822.3203125,0.0,0,0.0,0.0,0.0,0.0,503.92750684922794,6569055.0,105558253.78112769,104712061.00831947,-846192.7728082191,15.940201597995369,3,
2023-01-17,12560.0,12770.0,26138.6796875,0.0,0,0.0,0.0,0.0,0.0,516.2578630136559,6729790.0,105558253.78112769,104872279.75045645,-685974.030671233,15.583291566372273,3,
2023-01-18,12885.0,13410.0,26791.119140625,0.0,0,0.0,0.0,0.0,0.0,542.1313972602366,7067070.0,105558253.78112769,105209017.6190592,-349236.1620684931,14.887218835961608,3,
2023-01-19,13165.0,13025.0,26405.23046875,0.0,0,1921705.582,40448.29099999991,32231.220683349922,8217.07031664998,380.6868493152433,4962525.0,105590485.00181104,105017580.44389324,-572904.5579178081,21.162126224833777,3,
2023-01-20,12950.0,13170.0,26553.529296875,116573.31,9,0.0,0.0,0.0,0.0,394.0175342466682,5136300.0,105590485.00181104,105074388.11635898,-516096.8854520547,20.457213970437664,9,
2023-01-23,13470.0,13530.0,26906.0390625,13472.694,1,121205.754,4623.351287671236,3684.117473580824,939.2338140904116,396.4846027397434,5168460.0,105594169.11928463,105212945.45794216,-381223.6613424656,20.356730139720952,9,
2023-01-24,13810.0,13925.0,27299.189453125,0.0,0,1988242.272,84859.663561644,67620.42290909603,17239.240652547982,254.23616438359022,3314150.0,105661789.54219373,105329384.25312524,-332405.28906849306,31.781719069180706,9,
2023-01-25,13820.0,14010.0,27395.009765625,0.0,0,13817.236,342.43586301369993,272.8700174424668,69.56584557123314,254.7133150685113,3320370.0,105662062.41221116,105349097.20996459,-312965.20224657527,31.72811982097314,9,
2023-01-26,14070.0,13980.0,27362.75,0.0,0,0.0,0.0,0.0,0.0,254.16789041092852,3313260.0,105662062.41221116,105341733.04207417,-320329.3701369861,31.793983279934015,9,
2023-01-27,14055.0,14020.0,27382.560546875,0.0,0,0.0,0.0,0.0,0.0,254.89512328768615,3322740.0,105662062.41221116,105350958.14695089,-311104.2652602739,31.706049268661072,9,
2023-01-30,14005.0,14050.0,27433.400390625,0.0,0,0.0,0.0,0.0,0.0,255.4405479451525,3329850.0,105662062.41221116,105357812.70640294,-304249.7058082191,31.640408038320928,9,
2023-01-31,14085.0,13940.0,27327.109375,0.0,0,816766.6140000001,8829.137397260343,7035.498135006905,1793.6392622534388,191.41720547957812,2495260.0,105669097.91034617,105338004.26393521,-331093.64641095896,42.215241804034534,9,
2023-02-01,14140.0,13975.0,27346.880859375,0.0,0,0.0,0.0,0.0,0.0,191.89780821918976,2501525.0,105669097.91034617,105344077.36612698,-325020.5442191779,42.11194266142732,9,
2023-02-02,14120.0,14030.0,27402.05078125,0.0,0,0.0,0.0,0.0,0.0,192.65304109588033,2511370.0,105669097.91034617,105353729.71308589,-315368.19726027397,41.95070010117421,9,
2023-02-03,14110.0,14150.0,27509.4609375,0.0,0,0.0,0.0,0.0,0.0,194.30082191783004,2532850.0,105669097.91034617,105375015.41226397,-294082.4980821917,41.603338299648215,9,
2023-02-06,14420.0,14315.0,27693.650390625,0.0,0,619935.988,19426.762657534306,15480.215823656212,3946.5468338780943,149.3466301370645,1946840.0,105684578.12616983,105404845.50679997,-279732.619369863,54.14150392780093,9,
2023-02-07,14380.0,14320.0,27685.470703125,0.0,0,0.0,0.0,0.0,0.0,149.39879452058813,1947520.0,105684578.12616983,105405376.10800545,-279202.0181643836,54.122872221083966,9,
2023-02-08,14265.0,14225.0,27606.4609375,0.0,0,0.0,0.0,0.0,0.0,148.40767123288242,1934600.0,105684578.12616983,105392307.70033422,-292270.42583561636,54.477570402323074,9,
2023-02-09,14075.0,14235.0,27584.349609375,0.0,0,0.0,0.0,0.0,0.0,148.51199999992969,1935960.0,105684578.12616983,105393519.18833421,-291058.9378356164,54.43992602550374,9,
2023-02-10,14235.0,14290.0,27670.98046875,0.0,0,0.0,0.0,0.0,0.0,149.08580821903888,1943440.0,105684578.12616983,105400850.102526,-283728.02364383556,54.234167302579955,9,
2023-02-13,14170.0,14045.0,27427.3203125,0.0,0,0.0,0.0,0.0,0.0,146.52975342457648,1910120.0,105684578.12616983,105367383.57277258,-317194.55339726026,55.162703690225,9,
2023-02-14,14330.0,14235.0,27602.76953125,71664.33,5,0.0,0.0,0.0,0.0,153.97199999995064,2007135.0,105684578.12616983,105392580.27077258,-291997.8553972603,52.50896440487191,9,
2023-02-15,14330.0,14125.0,27501.859375,28665.732,2,0.0,0.0,0.0,0.0,154.94931506854482,2019875.0,105684578.12616983,105376499.5894575,-308078.5367123287,52.16981228514512,9,
2023-02-16,14265.0,14330.0,27696.439453125,57071.412,4,0.0,0.0,0.0,0.0,161.59528767119627,2106510.0,105684578.12616983,105405901.58216983,-278676.54399999994,50.03816814644594,9,
2023-02-17,14095.0,14135.0,27513.130859375,28195.638,2,0.0,0.0,0.0,0.0,161.56498630146962,2106115.0,105684578.12616983,105377149.37918353,-307428.7469863013,50.03390098792494,9,
2023-02-20,14120.0,14145.0,27531.939453125,84736.944,6,0.0,0.0,0.0,0.0,168.1898630137439,2192475.0,105684578.12616983,105378604.24532051,-305973.88084931497,48.06376549120082,9,
2023-02-21,14115.0,14095.0,27473.099609375,70589.115,5,0.0,0.0,0.0,0.0,173.00164383562515,2255200.0,105684578.12616983,105370567.12867668,-314010.99749315076,46.7233802450677,9,
2023-02-22,13885.0,13735.0,27104.3203125,138877.77,10,0.0,0.0,0.0,0.0,179.11945205467055,2334950.0,105684578.12616983,105311260.23922463,-373317.88694520545,45.102147900051236,9,
2023-02-24,13770.0,14055.0,27453.48046875,509591.898,37,0.0,0.0,0.0,0.0,223.18569863017183,2909385.0,105684578.12616983,105375880.155526,-308697.97064383555,36.2192972588798,9,
2023-02-27,13970.0,14075.0,27423.9609375,153700.734,11,656458.682,7927.802547945259,6317.269460330179,1610.5330876150792,184.63315068476368,2406825.0,105690895.39563015,105374282.93728769,-316612.45834246575,43.78144773188233,9,
2023-02-28,14155.0,14070.0,27445.560546875,169893.972,12,155673.859,1961.24801369863,1562.8204797157534,398.4275339828767,185.64690410956973,2420040.0,105692458.21610987,105372693.7498496,-319764.4662602738,43.54171573604139,9,
2023-03-01,14005.0,14135.0,27516.529296875,168093.612,12,0.0,0.0,0.0,0.0,199.51649315084796,2600840.0,105692458.21610987,105385200.62135644,-307257.5947534246,40.5196784966997,9,
2023-03-02,14165.0,14145.0,27498.869140625,113342.664,8,169946.004,1839.3800547945132,1465.7099966630078,373.67005813150536,195.31726027402328,2546100.0,105693923.92610654,105386494.97403805,-307428.95206849306,41.391341649596654,9,
2023-03-03,14325.0,14560.0,27927.470703125,57311.46,4,0.0,0.0,0.0,0.0,205.51539726019837,2679040.0,105693923.92610654,105461917.99864079,-232005.9274657534,39.36556303699862,9,
2023-03-06,14830.0,14910.0,28237.779296875,0.0,0,756178.7339999999,31353.90519178079,24984.359352070525,6369.545839710267,152.12284931511385,1983030.0,105718908.28545861,105515565.06395176,-203343.2215068493,53.2092631296308,12,
2023-03-07,14880.0,14980.0,28309.16015625,0.0,0,148770.24,1126.110904109591,897.3414739397277,228.76943016986345,141.34553424653132,1842540.0,105719805.62693255,105523475.18898734,-196330.43794520543,57.270656370546824,12,
2023-03-08,14910.0,15110.0,28444.189453125,0.0,0,178884.21600000001,1309.1860273972738,1043.2248859315177,265.96114146575616,128.662684931478,1677210.0,105720848.85181847,105536634.78116094,-184214.07065753423,62.923924124683815,12,
2023-03-09,15335.0,15310.0,28623.150390625,0.0,0,0.0,0.0,0.0,0.0,130.36569863010664,1699410.0,105720848.85181847,105558704.41546232,-162144.43635616437,62.11491306715997,12,
2023-03-10,15000.0,14770.0,28143.970703125,0.0,0,0.0,0.0,0.0,0.0,125.76756164367544,1639470.0,105720848.85181847,105498638.64790067,-222210.20391780822,64.34923398897246,12,
2023-03-13,14575.0,14485.0,27832.9609375,0.0,0,0.0,0.0,0.0,0.0,123.34076712327078,1607835.0,105720848.85181847,105466880.30713354,-253968.5446849315,65.59558680283334,12,
2023-03-14,13950.0,13800.0,27222.0390625,69763.95,5,0.0,0.0,0.0,0.0,122.80109589052154,1600800.0,105720848.85181847,105389958.55603765,-330890.2957808219,65.83580619442631,12,
2023-03-15,14055.0,13800.0,27229.48046875,745063.983,53,0.0,0.0,0.0,0.0,178.9084931507823,2332200.0,105720848.85181847,105376115.6645445,-344733.18727397255,45.183138523516206,12,
2023-03-16,13260.0,13580.0,27010.609375,742708.512,56,0.0,0.0,0.0,0.0,234.39452054799767,3055500.0,105720848.85181847,105356472.75802395,-364376.09379452054,34.48092710130059,12,
2023-03-17,13800.0,13900.0,27333.7890625,745349.04,54,772645.44,29878.589808219134,23808.754288679418,6069.835519539717,237.78520547947846,3099700.0,105744657.60610716,105421661.53729895,-322996.06880821916,34.01027890999095,12,
2023-03-20,13870.0,13545.0,26945.669921875,735257.022,53,0.0,0.0,0.0,0.0,286.78290410962654,3738420.0,105744657.60610716,105324837.73239483,-419819.87371232884,28.173623544811665,12,
2023-03-22,13905.0,14045.0,27466.609375,737112.3929999999,53,0.0,0.0,0.0,0.0,354.4727123287157,4620805.0,105744657.60610716,105469755.8666825,-274901.7394246575,22.824974407420893,12,
2023-03-23,13850.0,14015.0,27419.609375,0.0,0,747750.4199999999,2229.5090958902992,1776.584323060185,452.9247728301143,295.65890410967404,3854125.0,105746434.19043022,105450077.70300557,-296356.48742465745,27.36031594797926,12,
2023-03-24,13960.0,13960.0,27385.25,13962.792,1,0.0,0.0,0.0,0.0,295.5695342464023,3852960.0,105746434.19043022,105434654.34147131,-311779.84895890404,27.364585757825495,12,
2023-03-27,14070.0,14070.0,27476.869140625,0.0,0,0.0,0.0,0.0,0.0,297.8985205477802,3883320.0,105746434.19043022,105464716.44295077,-281717.7474794519,27.15838932741849,12,
2023-03-28,14165.0,14105.0,27518.25,0.0,0,750594.851,15054.710260274,11996.345870899337,3058.364389374663,241.2921095888596,3145415.0,105758430.53630112,105474106.63745181,-284323.89884931495,33.53265201490163,12,
2023-03-29,14120.0,14445.0,27883.779296875,0.0,0,748210.328,10812.53943835622,8615.972051454153,2196.567386902066,188.3786301369546,2455650.0,105767046.50835258,105530167.01943476,-236879.48891780816,42.97443325369444,12,
2023-03-30,14640.0,14610.0,27782.9296875,0.0,0,863587.248,34166.36573972602,27225.46853970068,6940.897200025341,124.4051506848773,1621710.0,105794271.97689226,105552748.96508405,-241523.01180821922,65.08731460315596,12,
2023-03-31,14850.0,14940.0,28041.48046875,0.0,0,0.0,0.0,0.0,0.0,127.21512328763492,1658340.0,105794271.97689226,105589251.74996075,-205020.2269315068,63.67165463654061,12,
2023-04-03,15095.0,15085.0,28188.150390625,0.0,0,0.0,0.0,0.0,0.0,128.4498082192149,1674435.0,105794271.97689226,105605218.30015254,-189053.676739726,63.0691655992335,12,
2023-04-04,15075.0,15175.0,28287.419921875,0.0,0,0.0,0.0,0.0,0.0,129.216164383688,1684425.0,105794271.97689226,105615079.08398816,-179192.89290410955,62.70096862964404,12,
2023-04-05,14995.0,14680.0,27813.259765625,0.0,0,0.0,0.0,0.0,0.0,125.00120547943516,1629480.0,105794271.97689226,105560009.08278267,-234262.894109589,64.78140823009959,12,
2023-04-06,14485.0,14315.0,27472.630859375,0.0,0,0.0,0.0,0.0,0.0,121.89320547954412,1588965.0,105794271.97689226,105519372.18957719,-274899.7873150685,66.40761262178663,12,
2023-04-07,14380.0,14350.0,27518.310546875,690378.048,48,0.0,0.0,0.0,0.0,175.03068493149476,2281650.0,105794271.97689226,105521504.11089227,-272767.866,46.24789258251365,12,
2023-04-10,14520.0,14485.0,27633.66015625,726145.2000000001,50,0.0,0.0,0.0,0.0,232.23621917807031,3027365.0,105794271.97689226,105540841.67467308,-253430.30221917803,34.862278474737295,12,
2023-04-11,14740.0,14790.0,27923.369140625,427545.492,29,0.0,0.0,0.0,0.0,270.02893150702585,3520020.0,105794271.97689226,105605681.15374158,-188590.82315068494,30.001443501383964,12,
2023-04-12,14870.0,14965.0,28082.69921875,0.0,0,1456968.548,40172.37671232881,32011.358383219216,8161.018329109598,160.71999999991385,2095100.0,105826283.33527549,105629407.96341248,-196875.37186301374,50.417358581171534,12,
2023-04-13,14810.0,15020.0,28156.970703125,0.0,0,429404.102,1792.4153150684792,1428.2861438123177,364.12917125616156,127.8963287670631,1667220.0,105827711.6214193,105630440.03991245,-197271.5815068493,63.357229423778776,12,
2023-04-14,15250.0,15370.0,28493.470703125,0.0,0,0.0,0.0,0.0,0.0,130.87660273967776,1706070.0,105827711.6214193,105669159.16330971,-158552.458109589,61.93717676490983,12,
2023-04-17,15450.0,15415.0,28514.779296875,0.0,0,0.0,0.0,0.0,0.0,131.25978082191432,1711065.0,105827711.6214193,105674022.90352888,-153688.71789041095,61.75921014311489,12,
2023-04-18,15445.0,15575.0,28658.830078125,0.0,0,0.0,0.0,0.0,0.0,132.62219178088708,1728825.0,105827711.6214193,105691650.2813371,-136061.34008219175,61.13496176960484,12,
2023-04-19,15535.0,15490.0,28606.759765625,0.0,0,0.0,0.0,0.0,0.0,131.89841095893644,1719390.0,105827711.6214193,105682083.38292615,-145628.23849315065,61.464870321989864,12,
2023-04-20,15360.0,15545.0,28657.5703125,0.0,0,0.0,0.0,0.0,0.0,132.36673972615972,1725495.0,105827711.6214193,105688056.01618642,-139655.60523287667,61.250861935958326,12,
2023-04-21,15460.0,15460.0,28564.369140625,0.0,0,0.0,0.0,0.0,0.0,131.64295890420908,1716060.0,105827711.6214193,105678489.37322752,-149222.2481917808,61.58204804798639,12,
2023-04-24,15540.0,15480.0,28593.51953125,0.0,0,0.0,0.0,0.0,0.0,131.8132602738333,1718280.0,105827711.6214193,105680577.55996723,-147134.06145205477,61.503699955750655,12,
2023-04-25,15590.0,15535.0,28620.0703125,0.0,0,0.0,0.0,0.0,0.0,132.2815890412312,1724385.0,105827711.6214193,105686550.2783782,-141161.34304109588,61.28941638809094,12,
2023-04-26,15385.0,15310.0,28416.470703125,0.0,0,0.0,0.0,0.0,0.0,130.36569863010664,1699410.0,105827711.6214193,105661444.91267957,-166266.70873972602,62.17536963574391,12,
2023-04-27,15200.0,15345.0,28457.6796875,0.0,0,0.0,0.0,0.0,0.0,130.66372602747288,1703295.0,105827711.6214193,105665199.24895354,-162512.37246575337,62.03575965933883,12,
2023-04-28,15605.0,15790.0,28856.439453125,0.0,0,0.0,0.0,0.0,0.0,134.4529315068503,1752690.0,105827711.6214193,105714459.79602204,-113251.82539726024,60.31554912507177,12,
2023-05-01,15990.0,16085.0,29123.1796875,0.0,0,0.0,0.0,0.0,0.0,136.96487671224168,1785435.0,105827711.6214193,105747067.83114532,-80643.79027397258,59.227621185394774,12,
2023-05-02,16205.0,16080.0,29157.94921875,0.0,0,599465.083,12676.656726027435,10101.393912134961,2575.262813892473,91.28153424646007,1189920.0,105837813.01533143,105748351.36979719,-89461.64553424656,88.87013527783144,12,
2023-05-08,16010.0,15880.0,28949.880859375,0.0,0,0.0,0.0,0.0,0.0,90.14619178086286,1175120.0,105837813.01533143,105733461.22360541,-104351.79172602738,89.976735332226,12,
2023-05-09,15965.0,16190.0,29242.8203125,0.0,0,0.0,0.0,0.0,0.0,91.90597260271898,1198060.0,105837813.01533143,105756309.31763281,-81503.69769863015,88.27296572595097,12,
2023-05-10,16180.0,16075.0,29122.1796875,0.0,0,0.0,0.0,0.0,0.0,91.25315068487544,1189550.0,105837813.01533143,105747708.06448212,-90104.95084931505,88.89723682441438,12,
2023-05-11,15995.0,16065.0,29126.720703125,0.0,0,0.0,0.0,0.0,0.0,91.19638356176438,1188810.0,105837813.01533143,105746876.86809856,-90936.14723287671,88.95187361150946,12,
2023-05-12,16045.0,16370.0,29388.30078125,0.0,0,0.0,0.0,0.0,0.0,92.92778082186123,1211380.0,105837813.01533143,105769353.94031774,-68459.07501369862,87.31310896689538,12,
2023-05-15,16530.0,16610.0,29626.33984375,0.0,0,0.0,0.0,0.0,0.0,94.2901917808922,1229140.0,105837813.01533143,105787019.65012595,-50793.36520547945,86.06588317858498,12,
2023-05-16,16835.0,16855.0,29842.990234375,0.0,0,0.0,0.0,0.0,0.0,95.68098630133318,1247270.0,105837813.01533143,105805053.96913965,-32759.04619178082,84.82931038920174,12,
2023-05-17,16910.0,17110.0,30093.58984375,0.0,0,524105.15799999994,3668.0118356163803,2922.8552312109127,745.1566044054676,56.43956164381234,735730.0,105840735.87056264,105816817.5309736,-23918.33958904109,143.82561201931904,12,
2023-05-18,17650.0,17705.0,30573.9296875,0.0,0,52939.41,1711.0534520547976,1363.4529432698655,347.6005087849321,54.327671232807916,708200.0,105842099.32350592,105841825.0127936,-274.31071232876843,149.45188507878225,12,
2023-05-19,18025.0,17965.0,30808.349609375,0.0,0,234278.13499999998,11145.586917808221,8881.360935455481,2264.22598235274,37.209698630147614,485055.0,105850980.68444137,105850656.7121126,-323.9723287671127,218.22402967109423,12,
2023-05-22,17855.0,18280.0,31086.8203125,0.0,0,142811.432,1054.1820273972758,840.0249485315192,214.15707886575657,26.643726027396042,347320.0,105851820.70938991,105855492.34330772,3671.6339178082144,304.7779924660478,12,
2023-05-23,18515.0,18155.0,30957.76953125,0.0,0,351714.643,8066.276917808196,6427.612761955461,1638.6641558527351,0.0,0.0,105858248.32215185,105858248.32215185,0.0,inf,12,
2023-05-24,17920.0,17830.0,30682.6796875,0.0,0,0.0,0.0,0.0,0.0,0.0,0.0,105858248.32215185,105858248.32215185,0.0,inf,12,
2023-05-25,17815.0,17925.0,30801.130859375,0.0,0,0.0,0.0,0.0,0.0,0.0,0.0,105858248.32215185,105858248.32215185,0.0,inf,12,
2023-05-26,18100.0,18095.0,30916.310546875,0.0,0,0.0,0.0,0.0,0.0,0.0,0.0,105858248.32215185,105858248.32215185,0.0,inf,12,
2023-05-29,18890.0,18455.0,31233.5390625,0.0,0,0.0,0.0,0.0,0.0,0.0,0.0,105858248.32215185,105858248.32215185,0.0,inf,12,
2023-05-30,18425.0,18550.0,31328.16015625,0.0,0,0.0,0.0,0.0,0.0,0.0,0.0,105858248.32215185,105858248.32215185,0.0,inf,12,
2023-05-31,18265.0,18030.0,30887.880859375,0.0,0,0.0,0.0,0.0,0.0,0.0,0.0,105858248.32215185,105858248.32215185,0.0,inf,12,
2023-06-01,18040.0,18315.0,31148.009765625,0.0,0,0.0,0.0,0.0,0.0,0.0,0.0,105858248.32215185,105858248.32215185,0.0,inf,12,
2023-06-02,18550.0,18795.0,31524.220703125,0.0,0,0.0,0.0,0.0,0.0,0.0,0.0,105858248.32215185,105858248.32215185,0.0,inf,12,
2023-06-05,19195.0,19600.0,32217.4296875,0.0,0,0.0,0.0,0.0,0.0,0.0,0.0,105858248.32215185,105858248.32215185,0.0,inf,12,
2023-06-06,19360.0,19985.0,32506.779296875,0.0,0,0.0,0.0,0.0,0.0,0.0,0.0,105858248.32215185,105858248.32215185,0.0,inf,12,
2023-06-07,20120.0,19230.0,31913.740234375,0.0,0,0.0,0.0,0.0,0.0,0.0,0.0,105858248.32215185,105858248.32215185,0.0,inf,12,
2023-06-08,19265.0,18930.0,31641.26953125,0.0,0,0.0,0.0,0.0,0.0,0.0,0.0,105858248.32215185,105858248.32215185,0.0,inf,12,
2023-06-09,19290.0,19640.0,32265.169921875,0.0,0,0.0,0.0,0.0,0.0,0.0,0.0,105858248.32215185,105858248.32215185,0.0,inf,12,
2023-06-12,19860.0,19895.0,32434.0,0.0,0,0.0,0.0,0.0,0.0,0.0,0.0,105858248.32215185,105858248.32215185,0.0,inf,12,
2023-06-13,20145.0,20620.0,33018.6484375,0.0,0,0.0,0.0,0.0,0.0,0.0,0.0,105858248.32215185,105858248.32215185,0.0,inf,12,
2023-06-14,21030.0,21195.0,33502.421875,0.0,0,0.0,0.0,0.0,0.0,0.0,0.0,105858248.32215185,105858248.32215185,0.0,inf,12,
2023-06-15,21185.0,21155.0,33485.48828125,0.0,0,0.0,0.0,0.0,0.0,0.0,0.0,105858248.32215185,105858248.32215185,0.0,inf,12,
2023-06-16,21080.0,21470.0,33706.078125,0.0,0,0.0,0.0,0.0,0.0,0.0,0.0,105858248.32215185,105858248.32215185,0.0,inf,12,
2023-06-19,21570.0,21015.0,33370.421875,0.0,0,0.0,0.0,0.0,0.0,0.0,0.0,105858248.32215185,105858248.32215185,0.0,inf,12,
2023-06-20,20885.0,21035.0,33388.91015625,0.0,0,0.0,0.0,0.0,0.0,0.0,0.0,105858248.32215185,105858248.32215185,0.0,inf,12,
2023-06-21,20790.0,21265.0,33575.140625,0.0,0,0.0,0.0,0.0,0.0,0.0,0.0,105858248.32215185,105858248.32215185,0.0,inf,12,
2023-06-22,21090.0,20875.0,33264.87890625,0.0,0,0.0,0.0,0.0,0.0,0.0,0.0,105858248.32215185,105858248.32215185,0.0,inf,12,
2023-06-23,21165.0,20255.0,32781.5390625,0.0,0,0.0,0.0,0.0,0.0,0.0,0.0,105858248.32215185,105858248.32215185,0.0,inf,12,
2023-06-26,20050.0,20190.0,32698.810546875,0.0,0,0.0,0.0,0.0,0.0,0.0,0.0,105858248.32215185,105858248.32215185,0.0,inf,12,
2023-06-27,20080.0,19970.0,32538.330078125,0.0,0,0.0,0.0,0.0,0.0,0.0,0.0,105858248.32215185,105858248.32215185,0.0,inf,12,
2023-06-28,20265.0,20740.0,33193.98828125,0.0,0,0.0,0.0,0.0,0.0,0.0,0.0,105858248.32215185,105858248.32215185,0.0,inf,12,
2023-06-29,20910.0,20875.0,33234.140625,0.0,0,0.0,0.0,0.0,0.0,0.0,0.0,105858248.32215185,105858248.32215185,0.0,inf,12,
2023-06-30,20680.0,20825.0,33189.0390625,0.0,0,0.0,0.0,0.0,0.0,0.0,0.0,105858248.32215185,105858248.32215185,0.0,inf,12,
2023-07-03,21220.0,21495.0,33753.328125,0.0,0,0.0,0.0,0.0,0.0,0.0,0.0,105858248.32215185,105858248.32215185,0.0,inf,12,
2023-07-04,21190.0,21050.0,33422.51953125,0.0,0,0.0,0.0,0.0,0.0,0.0,0.0,105858248.32215185,105858248.32215185,0.0,inf,12,
2023-07-05,20765.0,20955.0,33338.69921875,0.0,0,0.0,0.0,0.0,0.0,0.0,0.0,105858248.32215185,105858248.32215185,0.0,inf,12,
2023-07-06,20560.0,20240.0,32773.01953125,0.0,0,0.0,0.0,0.0,0.0,0.0,0.0,105858248.32215185,105858248.32215185,0.0,inf,12,
2023-07-07,19880.0,19815.0,32388.419921875,0.0,0,0.0,0.0,0.0,0.0,0.0,0.0,105858248.32215185,105858248.32215185,0.0,inf,12,
2023-07-10,19805.0,19605.0,32189.73046875,633886.752,32,0.0,0.0,0.0,0.0,48.12624657532433,627360.0,105858248.32215185,105851673.44390528,-6574.878246575321,168.72556975883907,12,
2023-07-11,19835.0,19600.0,32203.5703125,734041.779,37,0.0,0.0,0.0,0.0,103.7457534247078,1352400.0,105858248.32215185,105842567.91915186,-15680.402999999958,78.26276835193127,12,
2023-07-12,19725.0,19235.0,31943.9296875,729970.965,37,0.0,0.0,0.0,0.0,156.40953424660256,2038910.0,105858248.32215185,105798950.54461761,-59297.777534246496,51.88995617492563,12,
2023-07-13,19435.0,19835.0,32419.330078125,738677.706,38,0.0,0.0,0.0,0.0,219.10882191784913,2856240.0,105858248.32215185,105877383.7297957,19135.407643835686,37.068798045610905,12,
2023-07-14,20235.0,19810.0,32391.259765625,20239.047,1,768776.214,30040.687616438387,23937.921927158928,6102.7656892794585,162.60482191783376,2119670.0,105882186.24407902,105883085.5262845,899.2822054795273,49.95262730815858,12,
2023-07-18,19855.0,19935.0,32493.890625,0.0,0,0.0,0.0,0.0,0.0,163.63084931502817,2133045.0,105882186.24407902,105896296.89543518,14110.651356164459,49.64559908273627,12,
2023-07-19,20320.0,20355.0,32896.03125,0.0,0,0.0,0.0,0.0,0.0,167.07830136991106,2177985.0,105882186.24407902,105941069.81713381,58883.57305479459,48.64178119552422,12,
2023-07-20,20280.0,19850.0,32490.51953125,0.0,0,2149250.064,50392.294465753395,40155.09984503559,10237.194620717803,1.522739726002328,19850.0,105922341.34392406,105921946.16377337,-395.18015068493014,5336.118194648533,12,
2023-07-21,19630.0,19690.0,32304.25,0.0,0,0.0,0.0,0.0,0.0,1.5104657534393482,19690.0,105922341.34392406,105921784.65330762,-556.6906164383548,5379.471033687538,12,
2023-07-24,20070.0,20135.0,32700.939453125,60222.042,3,0.0,0.0,0.0,0.0,6.17841095890617,80540.0,105922341.34392406,105922406.43289666,65.08897260273977,1315.1527990178379,12,
2023-07-25,20160.0,20100.0,32682.509765625,0.0,0,0.0,0.0,0.0,0.0,6.167671232891735,80400.0,105922341.34392406,105922260.26522543,-81.07869863013693,1317.4410480749432,12,
2023-07-26,20100.0,20090.0,32668.33984375,0.0,0,0.0,0.0,0.0,0.0,6.164602739736438,80360.0,105922341.34392406,105922214.10062268,-127.24330136986295,1318.0962431635476,12,
2023-07-27,19885.0,20405.0,32891.16015625,0.0,0,0.0,0.0,0.0,0.0,6.261260273924563,81620.0,105922341.34392406,105923467.83936241,1126.4954383561644,1297.763634395521,12,
2023-07-28,19745.0,20230.0,32759.23046875,0.0,0,0.0,0.0,0.0,0.0,6.207561643852387,80920.0,105922341.34392406,105922761.63180077,420.2878767123288,1308.9812361814234,12,
2023-07-31,20625.0,20725.0,33172.21875,0.0,0,0.0,0.0,0.0,0.0,6.359452054777648,82900.0,105922341.34392406,105924735.27234872,2393.9284246575344,1277.7410768678976,12,
2023-08-01,20830.0,21095.0,33476.578125,0.0,0,83303.336,2797.2644246575264,2229.00015678835,568.2642678691765,0.0,0.0,105924570.34408084,105924570.34408084,0.0,inf,12,
2023-08-02,20655.0,20115.0,32707.689453125,0.0,0,0.0,0.0,0.0,0.0,0.0,0.0,105924570.34408084,105924570.34408084,0.0,inf,12,
2023-08-03,19745.0,19470.0,32159.279296875,0.0,0,0.0,0.0,0.0,0.0,0.0,0.0,105924570.34408084,105924570.34408084,0.0,inf,12,
2023-08-04,19280.0,19470.0,32192.75,694218.816,36,0.0,0.0,0.0,0.0,53.769205479475204,700920.0,105924570.34408084,105931217.75887536,6647.414794520556,151.1316808749577,12,
2023-08-07,19150.0,19590.0,32254.560546875,344768.93999999994,18,0.0,0.0,0.0,0.0,81.1509041095851,1057860.0,105924570.34408084,105943307.66797125,18737.323890411022,100.14870367342678,12,
2023-08-08,19760.0,19705.0,32377.2890625,533626.704,27,1066826.592,27703.91589041103,22075.86537727403,5628.050513137001,40.8136438356014,532035.0,105946646.20945811,105945013.69181427,-1632.5176438356434,199.13166181137382,12,
2023-08-09,19605.0,19530.0,32204.330078125,431396.262,22,0.0,0.0,0.0,0.0,73.4113972602645,956970.0,105946646.20945811,105938479.01841702,-8167.191041095905,110.70198545243531,12,
2023-08-10,19350.0,19860.0,32473.650390625,96769.34999999999,5,0.0,0.0,0.0,0.0,82.2693698630319,1072440.0,105946646.20945811,105957097.39904715,10451.18958904109,98.80002368342019,12,
2023-08-14,19845.0,19340.0,32059.91015625,0.0,0,99205.155,2428.187465753432,1934.9011820856224,493.28628366780976,72.69720547943143,947660.0,105948581.1106402,105930956.57055801,-17624.540082191794,111.78160581913134,12,
2023-08-15,19700.0,19530.0,32238.890625,19703.94,1,0.0,0.0,0.0,0.0,74.90958904108265,976500.0,105948581.1106402,105940017.72096896,-8563.38967123289,108.48952147564665,12,
2023-08-16,19170.0,18995.0,31766.8203125,0.0,0,0.0,0.0,0.0,0.0,72.85753424651921,949750.0,105948581.1106402,105913194.86343472,-35386.24720547946,111.51692009837822,12,
2023-08-17,18805.0,18770.0,31626.0,733541.679,39,0.0,0.0,0.0,0.0,128.15024657535832,1670530.0,105948581.1106402,105900305.03418814,-48276.07645205482,63.39323749599716,12,
2023-08-18,18445.0,18580.0,31450.759765625,737947.5599999999,40,0.0,0.0,0.0,0.0,183.86564383562654,2396820.0,105948581.1106402,105888463.6085443,-60117.50209589037,44.17872998746018,12,
2023-08-21,18730.0,18710.0,31565.640625,730616.0939999999,39,0.0,0.0,0.0,0.0,241.12832876708126,3143280.0,105948581.1106402,105904066.38621554,-44514.72442465741,33.69221526119707,12,
2023-08-22,19025.0,19090.0,31856.7109375,742123.395,39,760847.8,22785.815890411068,18156.87739227406,4628.9384981370085,244.56120547954924,3188030.0,105966737.98803248,105962667.29151192,-4070.696520547907,33.23766316236419,12,
2023-08-23,18900.0,19275.0,32010.259765625,113422.68,6,1473905.1600000001,9409.465356164605,7497.932469059765,1911.5328871048393,140.46986301377183,1831125.0,105974235.92050153,105964192.7687618,-10043.15173972605,57.86835566592221,12,
2023-08-24,19460.0,19560.0,32287.2109375,0.0,0,116736.648,3305.0962191780905,2633.665922252061,671.4302969260291,133.54389041097602,1740840.0,105976869.58642378,105989839.44257447,12969.856150684898,60.88430840431887,12,
2023-08-25,18980.0,18770.0,31624.279296875,0.0,0,0.0,0.0,0.0,0.0,128.15024657535832,1670530.0,105976869.58642378,105919401.2923279,-57468.294095890444,63.40466875322676,12,
2023-08-28,19140.0,19450.0,32169.990234375,76575.312,4,0.0,0.0,0.0,0.0,138.76109589042608,1808850.0,105976869.58642378,105981007.21923201,4137.632808219142,58.59026852377588,12,
2023-08-29,19575.0,19470.0,32226.970703125,0.0,0,841556.6549999999,22564.335013698546,17980.390355665688,4583.9446580328595,74.67945205478463,973500.0,105994849.97677946,105982555.25012192,-12294.726657534258,108.86754519786535,12,
2023-08-30,19745.0,19610.0,32333.4609375,0.0,0,0.0,0.0,0.0,0.0,75.21643835614668,980500.0,105994849.97677946,105989480.03368357,-5369.943095890424,108.09737892267574,12,
2023-08-31,19675.0,19980.0,32619.33984375,0.0,0,0.0,0.0,0.0,0.0,76.63561643834691,999000.0,105994849.97677946,106007903.39806713,13053.421287671219,106.11401741548262,12,
2023-09-01,19810.0,20105.0,32710.619140625,0.0,0,435732.836,3815.893671232899,3040.694871921936,775.1987993109634,43.18443835619837,562940.0,105997890.67165138,106006757.85082947,8867.179178082166,188.3091587928189,12,
2023-09-04,20200.0,20350.0,32939.1796875,0.0,0,565486.8799999999,11414.05917808209,9095.293056054712,2318.7661220273767,0.0,0.0,106006985.96470743,106006985.96470743,0.0,inf,12,
2023-09-05,20380.0,20460.0,33036.76171875,101920.38,5,0.0,0.0,0.0,0.0,7.84767123288475,102300.0,106006985.96470743,106007357.7370362,371.7723287671186,1036.2400560805102,10,
2023-09-06,20580.0,20765.0,33241.01953125,82336.46399999999,4,0.0,0.0,0.0,0.0,14.336383561661933,186885.0,106006985.96470743,106009591.93665265,2605.9719452054824,567.2450541062827,10,
2023-09-07,20625.0,20440.0,32991.078125,41258.25,2,0.0,0.0,0.0,0.0,17.24800000002142,224840.0,106006985.96470743,106006271.43865263,-714.5260547945179,471.47425475294716,10,
2023-09-08,20305.0,19940.0,32606.83984375,162472.48799999998,8,0.0,0.0,0.0,0.0,29.063232876709662,378860.0,106006985.96470743,105997789.88741976,-9196.077287671214,279.7808950203763,10,
2023-09-11,20080.0,19800.0,32467.759765625,441848.352,22,0.0,0.0,0.0,0.0,62.2750684931525,811800.0,106006985.96470743,105988819.26035127,-18166.704356164377,130.56026023694417,10,
2023-09-12,20015.0,20195.0,32776.37109375,180171.027,9,0.0,0.0,0.0,0.0,77.46027397259604,1009750.0,106006985.96470743,106006520.7730773,-465.19163013698153,104.98293713600128,9,
2023-09-13,20170.0,20080.0,32706.51953125,60522.102,3,0.0,0.0,0.0,0.0,81.64032876712736,1064240.0,106006985.96470743,106000407.03074853,-6578.933958904104,99.6019760869245,9,
2023-09-14,20370.0,20700.0,33168.1015625,122244.444,6,0.0,0.0,0.0,0.0,93.68876712321071,1221300.0,106006985.96470743,106035128.8979814,28142.933273972605,86.82152534019602,9,
2023-09-15,20970.0,21145.0,33533.08984375,0.0,0,1111187.7179999999,41687.50149315073,33218.68556481716,8468.81592833357,9.732493150688242,126870.0,106040204.65027225,106043408.06755993,3203.41728767124,835.8430524754467,9,
2023-09-19,20770.0,20770.0,33242.58984375,0.0,0,124595.076,928.4932876712485,739.8698762808344,188.62341139041413,0.0,0.0,106040944.52014853,106040944.52014853,0.0,inf,9,
2023-09-20,20780.0,20455.0,33023.78125,83136.624,4,0.0,0.0,0.0,0.0,6.2766027397010475,81820.0,106040944.52014853,106039621.61954579,-1322.9006027397222,1296.0110195495697,10,
2023-09-21,20290.0,19940.0,32571.029296875,243528.696,12,0.0,0.0,0.0,0.0,24.47430136986077,319040.0,106040944.52014853,106033288.44924442,-7656.0709041095815,332.3510796428173,10,
2023-09-22,19540.0,19705.0,32402.41015625,547229.424,28,0.0,0.0,0.0,0.0,66.51112328766612,867020.0,106040944.52014853,106033972.51412113,-6972.00602739725,122.29703180332764,10,
2023-09-25,19840.0,20075.0,32678.619140625,535787.136,27,0.0,0.0,0.0,0.0,109.3399999999674,1425325.0,106040944.52014853,106056381.03812113,15436.51797260269,74.40856017969314,10,
2023-09-26,20030.0,19625.0,32315.05078125,540918.162,27,0.0,0.0,0.0,0.0,147.53698630142026,1923250.0,106040944.52014853,106013240.33913483,-27704.18101369869,55.121924003189825,10,
2023-09-27,19280.0,19605.0,32371.900390625,539947.968,28,0.0,0.0,0.0,0.0,189.4970958903432,2470230.0,106040944.52014853,106020082.87403893,-20861.64610958909,42.919113958635,10,
2023-09-28,19585.0,19275.0,31872.51953125,548489.676,28,0.0,0.0,0.0,0.0,227.70904109586263,2968350.0,106040944.52014853,105969485.48899785,-71459.03115068497,35.69979466336444,10,
2023-09-29,19480.0,19300.0,31857.619140625,545549.088,28,0.0,0.0,0.0,0.0,269.45972602744587,3512600.0,106040944.52014853,105967916.94127181,-73027.57887671234,30.167943102337816,10,
2023-10-02,19600.0,19200.0,31759.880859375,548909.76,28,0.0,0.0,0.0,0.0,309.3041095890221,4032000.0,106040944.52014853,105938097.87716223,-102846.64298630142,26.274329830645396,10,
2023-10-03,18970.0,18520.0,31237.939453125,550240.026,29,0.0,0.0,0.0,0.0,339.5502465754398,4426280.0,106040944.52014853,105781798.30091566,-259146.2192328767,23.89857810642699,10,
2023-10-04,17915.0,17700.0,30526.880859375,913847.7329999999,51,0.0,0.0,0.0,0.0,393.76438356155995,5133000.0,106040944.52014853,105574276.8035321,-466667.71661643824,20.567753127514532,9,
2023-10-05,17945.0,18315.0,31075.359375,951275.217,53,0.0,0.0,0.0,0.0,481.91030136996415,6282045.0,106040944.52014853,105771564.67623073,-269379.84391780803,16.83712305089039,9,
2023-10-06,18220.0,18255.0,30994.669921875,856511.268,47,1894501.024,29162.707205479594,23238.303236686414,5924.403968793179,400.5096986301942,5220930.0,106064182.82338521,105742114.51856329,-322068.30482191785,20.25350167854449,9,
2023-10-10,18655.0,19135.0,31746.529296875,895619.088,48,0.0,0.0,0.0,0.0,490.2753972602077,6391090.0,106064182.82338521,106016165.15516603,-48017.66821917808,16.588119578219995,9,
2023-10-11,19240.0,19345.0,31936.509765625,173194.63199999998,9,1827434.4400000002,75098.81638356179,59842.49183524121,15256.32454832058,368.03200000023935,4797560.0,106124025.31522046,106061250.60661772,-62774.70860273969,22.107331770028456,9,
2023-10-12,19600.0,20010.0,32494.66015625,254850.95999999996,13,0.0,0.0,0.0,0.0,400.6385753423092,5222610.0,106124025.31522046,106231049.00804238,107023.69282191788,20.340605369354094,10,
2023-10-13,19815.0,19780.0,32315.990234375,19818.963,1,2416946.514,59077.49452054791,47075.901508698604,12001.593011849307,212.4317808219348,2769200.0,106171101.21672915,106162552.5342497,-8548.682479452065,38.3369032696265,10,
2023-10-16,19245.0,18970.0,31659.029296875,76995.396,4,0.0,0.0,0.0,0.0,209.5535342466319,2731680.0,106171101.21672915,106047827.58471546,-123273.63201369865,38.821467955512894,10,
2023-10-17,19530.0,19410.0,32040.2890625,410212.02599999995,21,0.0,0.0,0.0,0.0,245.6827397259185,3202650.0,106171101.21672915,106108339.87597573,-62761.34075342463,33.13141925467214,10,
2023-10-18,19420.0,19460.0,32042.25,330206.028,17,0.0,0.0,0.0,0.0,271.69358904112596,3541720.0,106171101.21672915,106116932.15438668,-54169.0623424657,29.96197671029519,10,
2023-10-19,18845.0,18730.0,31430.619140625,358126.61100000003,19,0.0,0.0,0.0,0.0,288.80120547953993,3764730.0,106171101.21672915,105981526.7421812,-189574.47454794517,28.15116269750585,10,
2023-10-20,18480.0,18515.0,31259.359375,536027.184,29,0.0,0.0,0.0,0.0,326.67561643838417,4258450.0,106171101.21672915,105938892.88256477,-232208.33416438356,24.877336327199984,10,
2023-10-23,18380.0,18215.0,30999.55078125,551510.28,30,0.0,0.0,0.0,0.0,363.3019178081886,4735900.0,106171101.21672915,105864469.30064696,-306631.9160821918,22.353611626226687,10,
2023-10-24,18400.0,18295.0,31062.349609375,552110.4,30,0.0,0.0,0.0,0.0,407.00109589047497,5305550.0,106171101.21672915,105881601.89955106,-289499.3171780823,19.95676261642074,10,
2023-10-25,18575.0,18470.0,31269.919921875,538782.735,29,0.0,0.0,0.0,0.0,451.98367123299977,5891930.0,106171101.21672915,105928747.18087983,-242354.0358493151,17.97861603598139,10,
2023-10-26,17960.0,17695.0,30601.779296875,413162.61600000004,23,0.0,0.0,0.0,0.0,464.2392328767455,6051690.0,106171101.21672915,105674880.32564695,-496220.8910821919,17.46204454055759,9,
2023-10-27,17910.0,18190.0,30991.689453125,788197.6079999999,44,0.0,0.0,0.0,0.0,538.6233424658421,7021340.0,106171101.21672915,105855794.09430449,-315307.12242465746,15.076295136584255,9,
2023-10-30,17735.0,17815.0,30696.9609375,248339.658,14,0.0,0.0,0.0,0.0,546.6520547944237,7126000.0,106171101.21672915,105711567.7842497,-459533.43247945205,14.834629214741748,9,
2023-10-31,17800.0,18030.0,30858.849609375,409481.88,23,0.0,0.0,0.0,0.0,585.0611506848945,7626690.0,106171101.21672915,105802190.84309901,-368910.37363013695,13.87262244080971,9,
2023-11-01,18700.0,18855.0,31601.650390625,205741.13999999998,11,691761.6200000001,33869.77361643841,26989.129106258944,6880.6445101794625,574.2251506848261,7485435.0,106198090.34583542,106139501.45343816,-58588.892397260184,14.179470057977682,9,
2023-11-02,19355.0,19290.0,31949.890625,0.0,0,3579958.865,198526.476410959,158195.8227280727,40330.65368288631,313.7135342465481,4089480.0,106356286.16856349,106282860.95122102,-73425.21734246571,25.989333839808733,9,
2023-11-06,20015.0,20190.0,32708.48046875,0.0,0,600329.9099999999,36135.40321917804,28794.49605520202,7340.907163976019,281.88558904099045,3674580.0,106385080.66461869,106460668.068468,75587.40384931512,28.972200378946166,9,
2023-11-07,20000.0,19645.0,32271.8203125,0.0,0,2779444.0,49856.78256164389,39728.37718424593,10128.405377397956,64.80158904113341,844735.0,106424809.04180294,106400073.86150157,-24735.180301369866,125.95674840216348,9,
2023-11-08,19955.0,19525.0,32166.48046875,0.0,0,0.0,0.0,0.0,0.0,64.40575342462398,839575.0,106424809.04180294,106394849.45574814,-29959.586054794527,126.72465170562266,9,
2023-11-09,19680.0,20160.0,32646.4609375,0.0,0,0.0,0.0,0.0,0.0,66.50038356165169,866880.0,106424809.04180294,106422087.95536458,-2721.086438356169,122.7644979182408,9,
2023-11-10,19865.0,20050.0,32568.109375,19868.972999999998,1,0.0,0.0,0.0,0.0,67.67561643832596,882200.0,106424809.04180294,106417471.30674815,-7337.7350547945225,120.62737622619377,10,
2023-11-13,20425.0,20025.0,32585.109375,40858.17,2,0.0,0.0,0.0,0.0,70.66356164385797,921150.0,106424809.04180294,106415492.47318651,-9316.568616438357,115.52460779806384,10,
2023-11-14,20300.0,20195.0,32695.9296875,162432.48,8,0.0,0.0,0.0,0.0,83.65709589031758,1090530.0,106424809.04180294,106422356.33609061,-2452.705712328778,97.58773838050362,10,
2023-11-15,20810.0,21200.0,33519.69921875,62442.486000000004,3,0.0,0.0,0.0,0.0,92.69917808216996,1208400.0,106424809.04180294,106477691.15091254,52882.10910958903,88.11460704312523,10,
2023-11-16,21050.0,21035.0,33424.41015625,0.0,0,1052289.5,42585.48031506858,33934.23998906239,8651.24032600618,11.29550684930291,147245.0,106458743.281792,106460163.11507967,1419.8332876712323,723.0137737449807,10,
2023-11-17,20920.0,21250.0,33585.19921875,0.0,0,0.0,0.0,0.0,0.0,11.410958904132713,148750.0,106458743.281792,106461656.70412077,2913.422328767123,715.7086164982909,10,
2023-11-20,21215.0,20995.0,33388.03125,0.0,0,0.0,0.0,0.0,0.0,11.27402739727404,146965.0,106458743.281792,106459860.43009336,1117.1483013698626,724.3892112414069,10,
2023-11-21,21100.0,21005.0,33354.140625,21104.22,1,0.0,0.0,0.0,0.0,12.890739726019092,168040.0,106458743.281792,106459818.31935364,1075.037561643834,633.5385522456179,10,
2023-11-22,20750.0,21090.0,33451.828125,20754.149999999998,1,0.0,0.0,0.0,0.0,14.560767123301048,189810.0,106458743.281792,106460819.60858652,2076.3267945205484,560.8809841872742,10,
2023-11-24,21510.0,21325.0,33625.53125,86057.208,4,0.0,0.0,0.0,0.0,21.266575342568103,277225.0,106458743.281792,106462156.13401118,3412.852219178084,384.027977758179,10,
2023-11-27,21450.0,21055.0,33447.671875,42908.58,2,0.0,0.0,0.0,0.0,24.227671232947614,315825.0,106458743.281792,106457823.32633995,-919.9554520547948,337.07851919999985,10,
2023-11-28,21195.0,21040.0,33408.390625,105996.19499999999,5,0.0,0.0,0.0,0.0,32.280547945178114,420800.0,106458743.281792,106456769.850792,-1973.4309999999923,252.9866203678517,10,
2023-11-29,20855.0,20925.0,33321.21875,104295.855,5,0.0,0.0,0.0,0.0,40.130136986263096,523125.0,106458743.281792,106454758.86565502,-3984.41613698629,203.49774693554124,10,
2023-11-30,20820.0,21120.0,33486.890625,145769.14800000002,7,0.0,0.0,0.0,0.0,51.84526027395623,675840.0,106458743.281792,106461652.87239474,2909.590602739722,157.5249361866636,10,
2023-12-01,21240.0,21085.0,33431.51171875,127465.488,6,0.0,0.0,0.0,0.0,61.46421917807311,801230.0,106458743.281792,106459515.92017557,772.6383835616423,132.87010711053702,10,
2023-12-04,20940.0,20795.0,33231.26953125,188497.69199999998,9,0.0,0.0,0.0,0.0,74.97594520560233,977365.0,106458743.281792,106447078.25223036,-11665.029561643818,108.91230835177274,10,
2023-12-05,20540.0,20250.0,32775.8203125,287617.512,14,0.0,0.0,0.0,0.0,94.75890410965076,1235250.0,106458743.281792,106417250.98132625,-41492.30046575339,86.15037521256932,10,
2023-12-06,20430.0,21070.0,33445.8984375,551720.3219999999,27,0.0,0.0,0.0,0.0,142.23693150701,1854160.0,106458743.281792,106484298.42239474,25555.140602739826,57.42994047029099,10,
2023-12-07,20695.0,20350.0,32858.30859375,165593.112,8,558653.247,6889.284123287718,5489.726053641818,1399.5580696458999,107.71561643847963,1404150.0,106464233.00784564,106425841.28370865,-38391.72413698626,75.79378362974657,10,
2023-12-08,19900.0,19605.0,32307.859375,537407.46,27,0.0,0.0,0.0,0.0,144.37873972591478,1882080.0,106464233.00784564,106366219.44496892,-98013.56287671223,56.51524879121447,10,
2023-12-11,20170.0,20260.0,32791.80078125,544698.918,27,0.0,0.0,0.0,0.0,191.1655890410184,2491980.0,106464233.00784564,106431229.36137989,-33003.64646575329,42.70950383284773,10,
2023-12-12,20650.0,20265.0,32843.69921875,537007.38,26,0.0,0.0,0.0,0.0,231.63172602729173,3019485.0,106464233.00784564,106421495.34965385,-42737.65819178069,35.24491605345079,10,
2023-12-13,20445.0,20380.0,32926.3515625,347634.513,17,0.0,0.0,0.0,0.0,259.5239452055539,3383080.0,106464233.00784564,106437196.31270866,-27036.69513698616,31.461625593455864,10,
2023-12-14,20550.0,20075.0,32686.25,513852.75,25,0.0,0.0,0.0,0.0,294.13999999995576,3834325.0,106464233.00784564,106374294.42270866,-89938.58513698615,27.74263903626027,10,
2023-12-15,20200.0,20470.0,32970.55078125,484896.96,24,0.0,0.0,0.0,0.0,337.61479452066123,4401050.0,106464233.00784564,106455784.84791413,-8448.159931506721,24.188724247148777,10,
2023-12-18,20235.0,20185.0,32758.98046875,141673.329,7,546235.731,8577.537904109655,6835.011078889778,1742.5268252198764,301.94547945208615,3936075.0,106471068.01892453,106393327.77760947,-77740.24131506842,27.030310087488036,10,
2023-12-19,20235.0,20705.0,33219.390625,404780.93999999994,20,0.0,0.0,0.0,0.0,341.4906849314575,4451575.0,106471068.01892453,106503705.34692453,32637.328000000147,23.92494911282513,10,
2023-12-20,21055.0,21350.0,33675.94140625,147414.47699999998,7,1641961.5420000001,65449.88212328787,52153.73856994194,13296.14355334593,235.84438356175087,3074400.0,106523221.75749446,106607545.42398761,84323.66649315075,34.67588648971754,10,
2023-12-21,20830.0,20610.0,33140.46875,41668.332,2,1895150.8939999999,21627.88510958899,17234.180249575984,4393.704860013003,86.95726027403725,1133550.0,106540455.93774405,106515697.32386734,-24758.6138767123,93.96647463620249,10,
2023-12-22,20780.0,20645.0,33169.05078125,228625.716,11,0.0,0.0,0.0,0.0,104.52591780829243,1362570.0,106540455.93774405,106515987.08194953,-24468.855794520507,78.17285503273192,10,
2023-12-25,20960.0,20790.0,33254.03125,649889.9519999999,31,0.0,0.0,0.0,0.0,154.7003835614887,2016630.0,106540455.93774405,106520002.42956597,-20453.50817808208,52.82079629360169,1,
2023-12-26,20850.0,20810.0,33305.8515625,563062.59,27,0.0,0.0,0.0,0.0,197.95156164391665,2580440.0,106540455.93774405,106520551.88800433,-19904.049739725884,41.279995616253174,1,
2023-12-27,21095.0,21320.0,33681.23828125,632976.5700000001,30,0.0,0.0,0.0,0.0,251.86805479455506,3283280.0,106540455.93774405,106590163.44994953,49707.512205479536,32.46453651529858,1,
2023-12-28,21055.0,21185.0,33539.62109375,400125.00899999996,19,1136742.6060000001,11084.685506849437,8832.831646132974,2251.8538607164633,193.39293150685262,2521015.0,106549288.76939018,106562070.80015731,12782.030767123375,42.269510812175774,1,
2023-12-29,21135.0,21055.0,33464.171875,253670.724,12,0.0,0.0,0.0,0.0,211.58832876716042,2758205.0,106549288.76939018,106545378.48782854,-3910.2815616437347,38.62852053702627,1,
2024-01-04,20375.0,20880.0,33288.2890625,0.0,0,0.0,0.0,0.0,0.0,209.82969863014296,2735280.0,106549288.76939018,106522243.6581299,-27045.11126027387,38.943816961382346,21,
2024-01-05,20960.0,21010.0,33377.421875,0.0,0,0.0,0.0,0.0,0.0,211.1361095891334,2752310.0,106549288.76939018,106539062.52202033,-10226.247369862913,38.70896175286226,21,
2024-01-09,21510.0,21490.0,33763.1796875,0.0,0,0.0,0.0,0.0,0.0,215.95978082186775,2815190.0,106549288.76939018,106601726.5622395,52437.79284931517,37.86661879384322,21,
2024-01-10,21670.0,22375.0,34441.71875,0.0,0,0.0,0.0,0.0,0.0,224.85342465760186,2931125.0,106549288.76939018,106717436.70881484,168147.93942465764,36.40835403089764,21,
2024-01-11,23050.0,23195.0,35049.859375,0.0,0,714407.09,64063.1264383562,51048.70230240414,13014.424135952062,177.93424657528521,2319500.0,106600337.47169258,106807026.44043231,206688.96873972606,46.047435412990865,21,
2024-01-12,23535.0,23825.0,35577.109375,0.0,0,2353029.3000000003,240218.2687397262,191417.92744525083,48800.34129447537,0.0,0.0,106791755.39913784,106791755.39913784,0.0,inf,21,
2024-01-15,23895.0,23915.0,35901.7890625,0.0,0,0.0,0.0,0.0,0.0,0.0,0.0,106791755.39913784,106791755.39913784,0.0,inf,21,
2024-01-16,23895.0,23910.0,35619.1796875,0.0,0,0.0,0.0,0.0,0.0,0.0,0.0,106791755.39913784,106791755.39913784,0.0,inf,21,
2024-01-17,24255.0,23690.0,35477.75,0.0,0,0.0,0.0,0.0,0.0,0.0,0.0,106791755.39913784,106791755.39913784,0.0,inf,21,
2024-01-18,23560.0,23660.0,35466.171875,0.0,0,0.0,0.0,0.0,0.0,0.0,0.0,106791755.39913784,106791755.39913784,0.0,inf,21,
2024-01-19,24495.0,24340.0,35963.26953125,0.0,0,0.0,0.0,0.0,0.0,0.0,0.0,106791755.39913784,106791755.39913784,0.0,inf,21,
2024-01-22,24840.0,25155.0,36546.94921875,0.0,0,0.0,0.0,0.0,0.0,0.0,0.0,106791755.39913784,106791755.39913784,0.0,inf,21,
2024-01-23,25220.0,25080.0,36517.5703125,0.0,0,0.0,0.0,0.0,0.0,0.0,0.0,106791755.39913784,106791755.39913784,0.0,inf,21,
2024-01-24,25025.0,24650.0,36226.48046875,0.0,0,0.0,0.0,0.0,0.0,0.0,0.0,106791755.39913784,106791755.39913784,0.0,inf,21,
2024-01-25,24600.0,24725.0,36236.46875,0.0,0,0.0,0.0,0.0,0.0,0.0,0.0,106791755.39913784,106791755.39913784,0.0,inf,21,
2024-01-26,24280.0,24035.0,35751.0703125,0.0,0,0.0,0.0,0.0,0.0,0.0,0.0,106791755.39913784,106791755.39913784,0.0,inf,21,
2024-01-29,24130.0,24405.0,36026.94140625,0.0,0,0.0,0.0,0.0,0.0,0.0,0.0,106791755.39913784,106791755.39913784,0.0,inf,21,
2024-01-30,24665.0,24445.0,36065.859375,0.0,0,0.0,0.0,0.0,0.0,0.0,0.0,106791755.39913784,106791755.39913784,0.0,inf,21,
2024-01-31,23990.0,24760.0,36286.7109375,0.0,0,0.0,0.0,0.0,0.0,0.0,0.0,106791755.39913784,106791755.39913784,0.0,inf,21,
2024-02-01,24295.0,24335.0,36011.4609375,0.0,0,0.0,0.0,0.0,0.0,0.0,0.0,106791755.39913784,106791755.39913784,0.0,inf,21,
2024-02-02,24690.0,24590.0,36158.01953125,0.0,0,0.0,0.0,0.0,0.0,0.0,0.0,106791755.39913784,106791755.39913784,0.0,inf,21,
2024-02-05,25000.0,24880.0,36354.16015625,0.0,0,0.0,0.0,0.0,0.0,0.0,0.0,106791755.39913784,106791755.39913784,0.0,inf,21,
2024-02-06,24710.0,24550.0,36160.66015625,0.0,0,0.0,0.0,0.0,0.0,0.0,0.0,106791755.39913784,106791755.39913784,0.0,inf,21,
2024-02-07,24260.0,24540.0,36119.921875,0.0,0,0.0,0.0,0.0,0.0,0.0,0.0,106791755.39913784,106791755.39913784,0.0,inf,21,
2024-02-08,24870.0,25535.0,36863.28125,0.0,0,0.0,0.0,0.0,0.0,0.0,0.0,106791755.39913784,106791755.39913784,0.0,inf,21,
2024-02-09,25720.0,25590.0,36897.421875,0.0,0,0.0,0.0,0.0,0.0,0.0,0.0,106791755.39913784,106791755.39913784,0.0,inf,21,
2024-02-13,26450.0,27060.0,37963.96875,0.0,0,0.0,0.0,0.0,0.0,0.0,0.0,106791755.39913784,106791755.39913784,0.0,inf,21,
2024-02-14,26685.0,26710.0,37703.3203125,0.0,0,0.0,0.0,0.0,0.0,0.0,0.0,106791755.39913784,106791755.39913784,0.0,inf,21,
2024-02-15,27210.0,27325.0,38157.94140625,0.0,0,0.0,0.0,0.0,0.0,0.0,0.0,106791755.39913784,106791755.39913784,0.0,inf,21,
2024-02-16,28055.0,27810.0,38487.23828125,0.0,0,0.0,0.0,0.0,0.0,0.0,0.0,106791755.39913784,106791755.39913784,0.0,inf,21,
2024-02-19,27735.0,27745.0,38470.37890625,0.0,0,0.0,0.0,0.0,0.0,0.0,0.0,106791755.39913784,106791755.39913784,0.0,inf,21,
2024-02-20,27820.0,27640.0,38363.609375,0.0,0,0.0,0.0,0.0,0.0,0.0,0.0,106791755.39913784,106791755.39913784,0.0,inf,21,
2024-02-21,27390.0,27485.0,38262.16015625,0.0,0,0.0,0.0,0.0,0.0,0.0,0.0,106791755.39913784,106791755.39913784,0.0,inf,21,
2024-02-22,28290.0,28685.0,39098.6796875,0.0,0,0.0,0.0,0.0,0.0,0.0,0.0,106791755.39913784,106791755.39913784,0.0,inf,21,
2024-02-26,29030.0,28790.0,39233.7109375,0.0,0,0.0,0.0,0.0,0.0,0.0,0.0,106791755.39913784,106791755.39913784,0.0,inf,21,
2024-02-27,28870.0,28880.0,39239.51953125,0.0,0,0.0,0.0,0.0,0.0,0.0,0.0,106791755.39913784,106791755.39913784,0.0,inf,1,
2024-02-28,28870.0,28810.0,39208.03125,0.0,0,0.0,0.0,0.0,0.0,0.0,0.0,106791755.39913784,106791755.39913784,0.0,inf,1,
2024-02-29,28460.0,28805.0,39166.19140625,0.0,0,0.0,0.0,0.0,0.0,0.0,0.0,106791755.39913784,106791755.39913784,0.0,inf,1,
2024-03-01,29005.0,29905.0,39910.8203125,0.0,0,0.0,0.0,0.0,0.0,0.0,0.0,106791755.39913784,106791755.39913784,0.0,inf,1,
2024-03-04,30410.0,30160.0,40109.23046875,0.0,0,0.0,0.0,0.0,0.0,0.0,0.0,106791755.39913784,106791755.39913784,0.0,inf,1,
2024-03-05,29930.0,30170.0,40097.62890625,0.0,0,0.0,0.0,0.0,0.0,0.0,0.0,106791755.39913784,106791755.39913784,0.0,inf,1,
2024-03-06,29755.0,30170.0,40090.78125,0.0,0,0.0,0.0,0.0,0.0,0.0,0.0,106791755.39913784,106791755.39913784,0.0,inf,1,
2024-03-07,30580.0,29395.0,39598.7109375,0.0,0,0.0,0.0,0.0,0.0,0.0,0.0,106791755.39913784,106791755.39913784,0.0,inf,1,
2024-03-08,29565.0,29500.0,39688.94140625,532276.434,18,0.0,0.0,0.0,0.0,40.73424657533178,531000.0,106791755.39913784,106790438.23089126,-1317.1682465753508,201.11193640469165,1,
2024-03-11,28505.0,28220.0,38820.48828125,627235.422,22,0.0,0.0,0.0,0.0,86.59287671232596,1128800.0,106791755.39913784,106760916.21601455,-30839.1831232877,94.57912492559758,1,
2024-03-12,27780.0,28220.0,38797.51171875,639067.7880000001,23,0.0,0.0,0.0,0.0,136.38378082192503,1777860.0,106791755.39913784,106770772.04423372,-20983.354904109674,60.05578169497808,1,
2024-03-13,28720.0,28040.0,38695.96875,631966.368,22,0.0,0.0,0.0,0.0,182.83616438356694,2383400.0,106791755.39913784,106744162.84006935,-47592.559068493254,44.78650786274623,1,
2024-03-14,27900.0,28255.0,38807.37890625,641828.34,23,0.0,0.0,0.0,0.0,234.09073972597253,3051540.0,106791755.39913784,106770240.40932962,-21514.989808219252,34.98896963806131,1,
2024-03-15,27800.0,28055.0,38707.640625,639527.8799999999,23,0.0,0.0,0.0,0.0,281.93353424652014,3675205.0,106791755.39913784,106754095.59579538,-37659.80334246572,29.04711318029753,1,
2024-03-18,28460.0,29550.0,39740.44140625,626245.2239999999,22,0.0,0.0,0.0,0.0,346.8279452054412,4521150.0,106791755.39913784,106973448.54385017,181693.14471232885,23.66067229440522,1,
2024-03-19,29320.0,29900.0,40003.6015625,0.0,0,3957408.3600000003,150503.882164384,119929.0185026894,30574.86366169461,41.286575342470314,538200.0,106911684.41764052,106917290.75361313,5606.335972602731,198.6571734552455,1,
2024-03-21,30800.0,31140.0,40815.66015625,92418.48,3,0.0,0.0,0.0,0.0,50.16526027396321,653940.0,106911684.41764052,106940562.10835285,28877.690712328764,163.53268206311412,1,
2024-03-22,31470.0,31320.0,40888.4296875,0.0,0,566346.708,33710.04517808217,26861.849500154774,6848.195677927392,7.207890410965774,93960.0,106938546.26714069,106940073.41278452,1527.1456438356206,1138.144672337,1,
2024-03-25,31130.0,30590.0,40414.12109375,0.0,0,0.0,0.0,0.0,0.0,7.039890410960652,91770.0,106938546.26714069,106937876.37289411,-669.8942465753383,1165.2814250070187,1,
2024-03-26,30560.0,30580.0,40398.03125,0.0,0,0.0,0.0,0.0,0.0,7.037589041108731,91740.0,106938546.26714069,106937839.33530506,-706.9318356164342,1165.6620812655883,1,
2024-03-27,30700.0,31080.0,40762.73046875,644828.94,21,0.0,0.0,0.0,0.0,57.22126027394552,745920.0,106938546.26714069,106947133.1740448,8586.906904109648,143.3761437875976,1,
2024-03-28,30860.0,30460.0,40168.0703125,246929.376,8,0.0,0.0,0.0,0.0,74.77304109581746,974720.0,106938546.26714069,106928929.0250037,-9617.242136986231,109.70220065762855,1,
2024-03-29,30790.0,30810.0,40369.44140625,646719.318,21,0.0,0.0,0.0,0.0,125.26586301368661,1632930.0,106938546.26714069,106940294.44114068,1748.1740000001005,65.48982163420396,1,
2024-04-01,30790.0,30000.0,39803.08984375,646719.318,21,0.0,0.0,0.0,0.0,170.30136986303842,2220000.0,106938546.26714069,106880474.82177082,-58071.44536986288,48.144358027824694,1,
2024-04-02,30160.0,30040.0,39838.91015625,633486.672,21,0.0,0.0,0.0,0.0,218.92164383549243,2853800.0,106938546.26714069,106880569.22812699,-57977.039013698515,37.45201809101093,1,
2024-04-03,29580.0,29465.0,39451.8515625,650890.152,22,0.0,0.0,0.0,0.0,264.4584657534142,3447405.0,106938546.26714069,106823019.61766124,-115526.64947945195,30.98650133003266,1,
2024-04-04,30250.0,30000.0,39773.140625,635377.0499999999,21,0.0,0.0,0.0,0.0,317.5890410958091,4140000.0,106938546.26714069,106879919.97862014,-58626.288520547765,25.816405791937232,1,
2024-04-05,29055.0,28775.0,38992.078125,639337.842,22,0.0,0.0,0.0,0.0,353.18356164416764,4604000.0,106938546.26714069,106704228.9530585,-234317.31408219156,23.176418104487077,1,
2024-04-08,29275.0,29250.0,39347.0390625,644178.8099999999,22,0.0,0.0,0.0,0.0,408.37808219203725,5323500.0,106938546.26714069,106779141.76497631,-159404.50216438327,20.05807114961516,1,
2024-04-09,29500.0,29895.0,39773.12890625,649129.7999999999,22,0.0,0.0,0.0,0.0,467.8362739722943,6098580.0,106938546.26714069,106904624.12870233,-33922.1384383558,17.529428838959614,1,
2024-04-10,29640.0,29560.0,39581.80859375,622564.488,21,651949.584,12463.361945205565,9931.429966037054,2531.93197916851,460.3261369866086,6000680.0,106948477.69710672,106833116.96658617,-115360.73052054766,17.803501764231083,1,
2024-04-11,28975.0,29425.0,39442.62890625,608596.695,21,0.0,0.0,0.0,0.0,505.6263013695134,6591200.0,106948477.69710672,106814534.6452848,-133943.05182191747,16.205627904673626,1,
2024-04-12,29810.0,29545.0,39523.55078125,626135.202,21,0.0,0.0,0.0,0.0,555.2841095884796,7238525.0,106948477.69710672,106835169.15917522,-113308.53793150657,14.759245724671148,1,
2024-04-15,28780.0,29070.0,39232.80078125,28785.755999999998,1,0.0,0.0,0.0,0.0,548.586739726481,7151220.0,106948477.69710672,106718529.81643549,-229947.88067123256,14.923122182849289,1,
2024-04-16,28215.0,27980.0,38471.19921875,649074.789,23,0.0,0.0,0.0,0.0,577.3845479449956,7526620.0,106948477.69710672,106444277.64288755,-504200.05421917787,14.142374351686088,1,
2024-04-17,28180.0,27255.0,37961.80078125,56371.272,2,0.0,0.0,0.0,0.0,566.6053150683874,7386105.0,106948477.69710672,106246824.76557247,-701652.9315342463,14.384689192148294,21,
2024-04-18,26930.0,27385.0,38079.69921875,781126.1939999999,29,0.0,0.0,0.0,0.0,630.2301369857742,8215500.0,106948477.69710672,106294463.34143549,-654014.3556712326,12.938282921482015,21,
2024-04-19,26695.0,25960.0,37068.3515625,560707.119,21,0.0,0.0,0.0,0.0,639.2561095893616,8333160.0,106948477.69710672,105850776.9663259,-1097700.7307808215,12.702357444993963,21,
2024-04-22,26150.0,26460.0,37438.609375,967743.51,37,0.0,0.0,0.0,0.0,726.6713424657937,9472680.0,106948477.69710672,106021826.78498343,-926650.9121232872,11.192379219501074,21,
2024-04-23,26905.0,26560.0,37552.16015625,511297.239,19,0.0,0.0,0.0,0.0,768.1297534250189,10013120.0,106948477.69710672,106050201.41623001,-898276.2808767117,10.59112458616595,21,exposure_limit_hit
2024-04-24,27255.0,27830.0,38460.078125,0.0,0,0.0,0.0,0.0,0.0,804.8588493152056,10491910.0,106948477.69710672,106528186.55738069,-420291.13972602703,10.153364502495798,21,exposure_limit_hit
2024-04-25,27165.0,26705.0,37628.48046875,0.0,0,1004903.9789999999,36930.98790410951,29428.457711389667,7502.530192719847,696.5249315067194,9079700.0,106977906.1548181,106112681.48125646,-865224.6735616433,11.686804793248285,21,
2024-04-26,26900.0,27110.0,37934.76171875,322864.56,12,0.0,0.0,0.0,0.0,732.0442739727441,9542720.0,106977906.1548181,106252104.87698248,-725801.2778356161,11.13436262166159,21,
2024-04-30,27610.0,27705.0,38405.66015625,0.0,0,0.0,0.0,0.0,0.0,748.1109041096643,9752160.0,106977906.1548181,106460796.76607838,-517109.38873972546,10.916637623467865,21,
2024-05-01,27270.0,27535.0,38274.05078125,0.0,0,0.0,0.0,0.0,0.0,743.5204383562086,9692320.0,106977906.1548181,106400213.24564002,-577692.9091780817,10.977785839266556,21,
2024-05-02,27230.0,27550.0,38236.0703125,0.0,0,0.0,0.0,0.0,0.0,743.9254794517765,9697600.0,106977906.1548181,106404749.32016057,-573156.8346575338,10.972276575664141,21,
2024-05-07,28365.0,28285.0,38835.1015625,0.0,0,0.0,0.0,0.0,0.0,763.7724931502016,9956320.0,106977906.1548181,106662705.54766741,-315200.6071506844,10.713065223663705,21,
2024-05-08,28135.0,27445.0,38202.37109375,0.0,0,0.0,0.0,0.0,0.0,741.0901917805895,9660640.0,106977906.1548181,106366284.45747563,-611621.6973424654,11.01027307274421,21,
2024-05-09,27540.0,27250.0,38073.98046875,0.0,0,0.0,0.0,0.0,0.0,735.8246575338999,9592000.0,106977906.1548181,106296908.6328181,-680997.5219999994,11.08182950717453,21,
2024-05-10,27870.0,27495.0,38229.109375,0.0,0,0.0,0.0,0.0,0.0,742.4403287670575,9678240.0,106977906.1548181,106382406.19248934,-595499.9623287666,10.991916525369215,21,
2024-05-13,27395.0,27375.0,38179.4609375,0.0,0,0.0,0.0,0.0,0.0,739.1999999997206,9636000.0,106977906.1548181,106339426.99248934,-638479.1623287668,11.035639995069463,21,
2024-05-14,27480.0,27605.0,38356.05859375,0.0,0,0.0,0.0,0.0,0.0,745.4106301368447,9716960.0,106977906.1548181,106419641.5818592,-558264.5729589036,10.951948097127003,21,
2024-05-15,28045.0,27700.0,38385.73046875,0.0,0,0.0,0.0,0.0,0.0,747.9758904114133,9750400.0,106977906.1548181,106452333.60596879,-525572.5488493145,10.91774015486224,21,
2024-05-16,28200.0,28460.0,38920.26171875,0.0,0,0.0,0.0,0.0,0.0,768.4979726022575,10017920.0,106977906.1548181,106719085.10799618,-258821.04682191732,10.652818659761326,21,
2024-05-17,28015.0,28250.0,38787.37890625,0.0,0,812272.513,30050.864260274106,23946.03118579942,6104.8330744746845,699.9808219182305,9124750.0,107001852.18600391,106631382.8070998,-370469.3789041091,11.685951155604242,21,
2024-05-20,28220.0,28695.0,39069.6796875,0.0,0,0.0,0.0,0.0,0.0,711.0070684929378,9268485.0,107001852.18600391,106774406.8000313,-227445.38597260235,11.520157479893564,21,
2024-05-21,29025.0,28490.0,38946.9296875,0.0,0,609403.095,47855.09572602742,38133.33302928495,9721.762696742471,660.0313424657797,8603980.0,107039985.5190332,106708923.1009921,-331062.41804109566,12.402274656727712,21,
2024-05-22,28415.0,28010.0,38617.1015625,0.0,0,0.0,0.0,0.0,0.0,648.911123287864,8459020.0,107039985.5190332,106563314.18986881,-476671.32916438323,12.597595725021197,21,
2024-05-23,28415.0,28720.0,39103.21875,0.0,0,0.0,0.0,0.0,0.0,665.3597808222985,8673440.0,107039985.5190332,106777068.83008799,-262916.68894520524,12.31080964762401,21,
2024-05-24,27720.0,28025.0,38646.109375,0.0,0,859148.1359999999,23741.688287671233,18918.564312030823,4823.123975640411,582.6128767119953,7594775.0,107058904.08334522,106552146.22923563,-506757.8541095888,14.029664635125547,21,
2024-05-27,28225.0,28400.0,38900.01953125,0.0,0,0.0,0.0,0.0,0.0,590.4087671230081,7696400.0,107058904.08334522,106653180.8204685,-405723.26287671196,13.85754129469213,21,
2024-05-28,28400.0,28340.0,38855.37109375,0.0,0,0.0,0.0,0.0,0.0,589.1614246572135,7680140.0,107058904.08334522,106636331.65904385,-422572.4243013695,13.884685911851067,21,
2024-05-29,28375.0,27865.0,38556.87109375,0.0,0,0.0,0.0,0.0,0.0,579.2866301367758,7551415.0,107058904.08334522,106507027.37241371,-551876.7109315065,14.104247663837004,21,
2024-05-30,27000.0,27150.0,38054.12890625,0.0,0,0.0,0.0,0.0,0.0,564.4224657529267,7357650.0,107058904.08334522,106312697.94994795,-746206.1333972599,14.4492736063754,21,
2024-05-31,27270.0,27810.0,38487.8984375,0.0,0,0.0,0.0,0.0,0.0,578.1432328762021,7536510.0,107058904.08334522,106490979.80671509,-567924.2766301365,14.130012407163937,21,
2024-06-03,28180.0,28470.0,38923.03125,0.0,0,0.0,0.0,0.0,0.0,591.8639999993611,7715370.0,107058904.08334522,106669247.94271508,-389656.1406301367,13.825551845564773,21,
2024-06-04,28060.0,28270.0,38837.4609375,0.0,0,0.0,0.0,0.0,0.0,587.7061917807441,7661170.0,107058904.08334522,106614460.2365233,-444443.8468219175,13.91621126231676,21,
2024-06-05,27915.0,27750.0,38490.171875,0.0,0,0.0,0.0,0.0,0.0,576.8958904105239,7520250.0,107058904.08334522,106472963.34063289,-585940.7427123284,14.158168058326902,21,
2024-06-06,28545.0,28115.0,38703.51171875,0.0,0,0.0,0.0,0.0,0.0,584.483890411444,7619165.0,107058904.08334522,106571293.85674249,-487610.2266027394,13.987266827367892,21,
2024-06-07,27980.0,28040.0,38683.9296875,0.0,0,0.0,0.0,0.0,0.0,582.9247123284731,7598840.0,107058904.08334522,106550385.93203016,-508518.1513150682,14.02192781161732,21,
2024-06-10,28025.0,28605.0,39038.16015625,0.0,0,0.0,0.0,0.0,0.0,594.6705205481267,7751955.0,107058904.08334522,106702906.2615096,-355997.82183561614,13.764644694339633,21,
2024-06-11,28725.0,28695.0,39134.7890625,0.0,0,0.0,0.0,0.0,0.0,596.5415342464112,7776345.0,107058904.08334522,106726699.71997535,-332204.3633698627,13.724532504663225,21,
2024-06-12,28350.0,28370.0,38876.7109375,0.0,0,0.0,0.0,0.0,0.0,589.7850958905183,7688270.0,107058904.08334522,106638034.93487947,-420869.1484657531,13.87022502264872,21,
2024-06-13,28810.0,28080.0,38720.46875,0.0,0,0.0,0.0,0.0,0.0,583.756273972569,7609680.0,107058904.08334522,106558861.1786055,-500042.9047397257,14.003067300938476,21,
2024-06-14,27910.0,28235.0,38814.55859375,0.0,0,0.0,0.0,0.0,0.0,586.9785753429169,7651685.0,107058904.08334522,106600279.20003015,-458624.8833150681,13.931608423508044,21,
2024-06-17,27735.0,27120.0,38102.44140625,0.0,0,0.0,0.0,0.0,0.0,563.7987945204368,7349520.0,107058904.08334522,106297550.40123563,-761353.6821095886,14.463196290538107,21,
2024-06-18,27620.0,27615.0,38482.109375,55251.047999999995,2,0.0,0.0,0.0,0.0,578.326191780623,7538895.0,107058904.08334522,106431096.02704385,-627808.0563013693,14.117598935526207,21,
2024-06-19,27925.0,27735.0,38570.76171875,0.0,0,0.0,0.0,0.0,0.0,580.8392876712605,7571655.0,107058904.08334522,106463275.18775618,-595628.8955890407,14.06076679243259,21,
2024-06-20,27555.0,27900.0,38633.01953125,0.0,0,0.0,0.0,0.0,0.0,584.2947945207125,7616700.0,107058904.08334522,106507735.89296165,-551168.1903835613,13.98344898617008,21,
2024-06-21,27870.0,27855.0,38596.46875,0.0,0,0.0,0.0,0.0,0.0,583.3523835614324,7604415.0,107058904.08334522,106494867.5405781,-564036.542767123,14.004347151040296,21,
2024-06-24,27665.0,28165.0,38804.6484375,0.0,0,0.0,0.0,0.0,0.0,589.8445479448419,7689045.0,107058904.08334522,106578907.69603015,-479996.3873150681,13.861137201828075,21,
2024-06-25,28115.0,28710.0,39173.1484375,0.0,0,0.0,0.0,0.0,0.0,601.2581917803036,7837830.0,107058904.08334522,106727091.43783838,-331812.64550684893,13.616918386573628,21,
2024-06-26,28995.0,29420.0,39667.0703125,0.0,0,0.0,0.0,0.0,0.0,616.1273424652172,8031660.0,107058904.08334522,106920305.3104959,-138598.77284931476,13.312354520795937,21,
2024-06-27,28995.0,28910.0,39341.5390625,0.0,0,57978.402,2697.0679726027465,2149.1586139684987,547.909358634248,601.0111780824373,7834610.0,107061053.24195918,106780084.79195918,-280968.44999999966,13.629278903730905,21,
2024-06-28,29270.0,29250.0,39583.078125,0.0,0,0.0,0.0,0.0,0.0,608.0794520551572,7926750.0,107061053.24195918,106871616.71250713,-189436.52945205447,13.482400316965608,21,
2024-07-01,29660.0,29310.0,39631.05859375,29665.932,1,771005.7679999999,33938.379493150715,27043.797699117145,6894.581794033567,553.1158356169472,7210260.0,107088097.03965831,106889018.8508775,-199078.18878082166,14.824572047454252,10,
2024-07-02,29205.0,30030.0,40074.69140625,29210.841,1,0.0,0.0,0.0,0.0,569.0067945208866,7417410.0,107088097.03965831,107066389.00308296,-21708.03657534217,14.434470927599117,10,
2024-07-03,30230.0,30800.0,40580.76171875,0.0,0,1994780.964,55583.50210958923,44291.71365602617,11291.788453563053,427.6558904105332,5574800.0,107132388.75331433,107206840.522739,74451.76942465766,19.23061643874919,10,
2024-07-04,31000.0,31340.0,40913.6484375,0.0,0,2665466.7999999993,91646.43975342433,73028.46551751619,18617.974235908157,228.3956164382398,2977300.0,107205417.21883185,107255960.95288664,50543.734054794724,36.02457291938556,10,
2024-07-05,31360.0,31240.0,40912.37109375,0.0,0,658428.288,20184.190273972614,16083.772019815078,4100.4182541575365,177.3404931507539,2311760.0,107221500.99085167,107244571.48213935,23070.491287671364,46.39087599151268,10,
2024-07-08,31240.0,31130.0,40780.69921875,0.0,0,0.0,0.0,0.0,0.0,176.716054794495,2303620.0,107221500.99085167,107236254.76608455,14753.775232876846,46.55119106713978,10,
2024-07-09,31400.0,32350.0,41580.171875,0.0,0,0.0,0.0,0.0,0.0,183.6416438355809,2393900.0,107221500.99085167,107326351.12444071,104850.13358904122,44.83326418164531,10,
2024-07-10,32150.0,32790.0,41831.98828125,0.0,0,2378624.1799999997,89574.31358904114,71377.29178342743,18197.021805613706,0.0,0.0,107292878.2826351,107292878.2826351,0.0,inf,10,
2024-07-11,33580.0,33410.0,42224.01953125,0.0,0,0.0,0.0,0.0,0.0,0.0,0.0,107292878.2826351,107292878.2826351,0.0,inf,10,
2024-07-12,32320.0,31700.0,41190.6796875,0.0,0,0.0,0.0,0.0,0.0,0.0,0.0,107292878.2826351,107292878.2826351,0.0,inf,10,
2024-07-16,31930.0,31770.0,41275.078125,95809.158,3,0.0,0.0,0.0,0.0,7.311452054767869,95310.0,107292878.2826351,107292371.81318304,-506.46945205479034,1125.7199854494077,10,
2024-07-17,32100.0,31530.0,41097.69140625,64212.84,2,0.0,0.0,0.0,0.0,12.09369863010943,157650.0,107292878.2826351,107290486.87948442,-2391.403150684924,680.5612868980934,10,
2024-07-18,30130.0,30070.0,40126.3515625,301360.26,10,0.0,0.0,0.0,0.0,34.60109589039348,451050.0,107292878.2826351,107282492.01838852,-10386.264246575345,237.85055319452061,10,
2024-07-19,29930.0,29895.0,40063.7890625,538847.748,18,0.0,0.0,0.0,0.0,75.67939726030454,986535.0,107292878.2826351,107279053.59099126,-13824.69164383564,108.743281881526,10,
2024-07-22,29705.0,29175.0,39599.0,534796.938,18,0.0,0.0,0.0,0.0,114.14219178096391,1487925.0,107292878.2826351,107245532.51079948,-47345.771835616426,72.07724348391181,10,
2024-07-23,29670.0,29220.0,39594.390625,534166.812,18,0.0,0.0,0.0,0.0,154.6658630138263,2016180.0,107292878.2826351,107239466.03293647,-53412.24969863016,53.189430523532856,10,
2024-07-24,28815.0,28540.0,39154.8515625,547594.497,19,0.0,0.0,0.0,0.0,192.66454794537276,2511520.0,107292878.2826351,107187018.87138852,-105859.41124657536,42.67814664879775,10,
2024-07-25,27320.0,26725.0,37869.51171875,546509.28,20,0.0,0.0,0.0,0.0,221.41479452035856,2886300.0,107292878.2826351,107015068.176594,-277810.1060410959,37.07690405591727,10,
2024-07-26,26700.0,26400.0,37667.41015625,534106.8,20,0.0,0.0,0.0,0.0,259.22630136983935,3379200.0,107292878.2826351,106973602.15029262,-319276.13234246586,31.6564873787561,10,
2024-07-29,27200.0,27585.0,38468.62890625,544108.7999999999,20,0.0,0.0,0.0,0.0,313.1842191781616,4082580.0,107292878.2826351,107132560.16607344,-160318.11656164384,26.241386614854687,10,
2024-07-30,27280.0,27605.0,38525.94921875,545709.12,20,545490.88,11301.253698630095,9005.40400975339,2295.8496888767036,313.4112876713043,4085540.0,107301883.68664485,107132692.66509691,-169191.02154794516,26.222406992734598,10,
2024-07-31,26860.0,28470.0,39101.8203125,537307.44,20,0.0,0.0,0.0,0.0,366.9120000003604,4782960.0,107301883.68664485,107292438.31309691,-9445.373547945092,22.432225716522176,10,
2024-08-01,27700.0,26975.0,38126.328125,526405.26,19,2215556.8,41454.23013698622,33032.803284657464,8421.42685232875,221.41671232879162,2886325.0,107334916.4899295,107076312.00953224,-258604.48039726025,37.09780153292933,10,
2024-08-02,24625.0,23885.0,35909.69921875,541858.35,22,0.0,0.0,0.0,0.0,236.3633424657164,3081165.0,107334916.4899295,106729057.29618977,-605859.193739726,34.639189169093434,10,
2024-08-05,21480.0,18885.0,31458.419921875,537107.3999999999,25,0.0,0.0,0.0,0.0,223.10169862990733,2908290.0,107334916.4899295,106018851.79449114,-1316064.6954383561,36.45401655078797,10,
2024-08-06,20920.0,20980.0,34675.4609375,0.0,0,0.0,0.0,0.0,0.0,247.85139725997578,3230920.0,107334916.4899295,106341233.94309388,-993682.5468356165,32.91360787116174,3,
2024-08-07,20035.0,22070.0,35089.62109375,0.0,0,0.0,0.0,0.0,0.0,260.728328767349,3398780.0,107334916.4899295,106508833.21476512,-826083.2751643835,31.337372002531826,3,
2024-08-08,21320.0,21640.0,34831.1484375,0.0,0,0.0,0.0,0.0,0.0,255.64843835600186,3332560.0,107334916.4899295,106442357.56632675,-892558.9236027396,31.94011737712952,3,
2024-08-09,22585.0,22010.0,35025.0,0.0,0,0.0,0.0,0.0,0.0,260.0195068491157,3389540.0,107334916.4899295,106499077.54681991,-835838.943109589,31.419920563504167,3,
2024-08-13,22750.0,23400.0,36232.51171875,0.0,0,0.0,0.0,0.0,0.0,276.4405479452107,3603600.0,107334916.4899295,106712861.10627197,-622055.3836575341,29.61284856983904,3,
2024-08-14,23850.0,23660.0,36442.4296875,644078.79,27,596130.75,58775.981506849406,46835.64086373295,11940.340643116457,283.1421369864838,3690960.0,107381752.13079324,106740049.58349188,-641702.5473013698,28.91931898029019,21,
2024-08-15,23580.0,24015.0,36726.640625,377355.456,16,0.0,0.0,0.0,0.0,316.86641095904633,4130580.0,107381752.13079324,106801997.26108092,-579754.8697123287,25.856416595509813,21,
2024-08-16,25205.0,25855.0,38062.671875,0.0,0,0.0,0.0,0.0,0.0,341.1443287670845,4447060.0,107381752.13079324,107118136.11675215,-263616.014041096,24.08740518831591,21,
2024-08-19,25470.0,24850.0,37388.62109375,0.0,0,687552.4619999999,43321.374246575244,34520.63706838348,8800.73717819176,276.41369863040745,3603250.0,107416272.76786162,106952801.42787533,-463471.3399863014,29.682314973392167,21,
2024-08-20,25495.0,25825.0,38062.921875,0.0,0,0.0,0.0,0.0,0.0,287.25890410947613,3744625.0,107416272.76786162,107093889.16897121,-322383.5988904109,28.599362865165727,21,
2024-08-21,25230.0,25645.0,37951.80078125,0.0,0,0.0,0.0,0.0,0.0,285.25671232887544,3718525.0,107416272.76786162,107067503.91225888,-348768.8556027397,28.793003653937753,21,
2024-08-22,25710.0,25950.0,38211.01171875,0.0,0,0.0,0.0,0.0,0.0,288.6493150687311,3762750.0,107416272.76786162,107111440.2629438,-304832.5049178082,28.466265434308365,21,
2024-08-23,26000.0,26225.0,38364.26953125,0.0,0,0.0,0.0,0.0,0.0,291.70821917813737,3802625.0,107416272.76786162,107151023.55472463,-265249.21313698625,28.178172592544527,21,
2024-08-26,25840.0,25790.0,38110.21875,0.0,0,0.0,0.0,0.0,0.0,286.8695890409872,3739550.0,107416272.76786162,107087661.68513559,-328611.0827260274,28.636510191102026,21,
2024-08-27,25740.0,26100.0,38288.62109375,0.0,0,0.0,0.0,0.0,0.0,290.31780821911525,3784500.0,107416272.76786162,107132321.36732738,-283951.4005342466,28.308183740871286,21,
2024-08-28,26015.0,26170.0,38371.76171875,0.0,0,0.0,0.0,0.0,0.0,291.09643835609313,3794650.0,107416272.76786162,107142180.27088901,-274092.4969726027,28.23506259362234,21,
2024-08-29,25785.0,26215.0,38362.53125,0.0,0,0.0,0.0,0.0,0.0,291.5969863013597,3801175.0,107416272.76786162,107148413.67390272,-267859.0939589041,28.188234867877096,21,
2024-08-30,26315.0,26530.0,38647.75,0.0,0,0.0,0.0,0.0,0.0,295.1008219178766,3846850.0,107416272.76786162,107193793.5730808,-222479.19478082194,27.86534270197195,21,
2024-09-02,27200.0,26605.0,38700.87109375,0.0,0,435112.96,57378.029589041114,45721.68287802741,11656.346711013703,263.28016438370105,3432045.0,107461994.45073965,107202181.9062054,-259812.54453424655,31.235657430542258,21,
2024-09-03,26690.0,26695.0,38686.30859375,0.0,0,587062.564,44339.61158904113,35332.01949472743,9007.592094313706,219.1184109590249,2856365.0,107497326.47023438,107204337.75970013,-292988.7105342466,37.53173623108396,21,
2024-09-04,24865.0,24335.0,37047.609375,0.0,0,0.0,0.0,0.0,0.0,199.74701369868126,2603845.0,107497326.47023438,106951618.01268643,-545708.4575479453,41.07449483847404,21,
2024-09-05,23510.0,23835.0,36657.08984375,564352.848,24,0.0,0.0,0.0,0.0,239.52542465750594,3122385.0,107497326.47023438,106905565.63926178,-591760.8309726027,34.23843172423061,21,
2024-09-06,24110.0,23530.0,36391.46875,940478.058,39,0.0,0.0,0.0,0.0,306.85698630136903,4000100.0,107497326.47023438,106842495.72427547,-654830.745958904,26.709956182164312,21,
2024-09-09,22165.0,23215.0,36215.75,975455.052,44,0.0,0.0,0.0,0.0,381.10761643841397,4968010.0,107497326.47023438,106834569.56465903,-662756.9055753425,21.504499702025363,21,
2024-09-10,23450.0,23205.0,36159.16015625,985096.98,42,1031593.64,56060.229424657526,44671.593817038345,11388.635607619177,377.38323287677485,4919460.0,107541998.06405142,106820750.20581855,-721247.8582328766,21.7139178295623,21,
2024-09-11,23005.0,22510.0,35619.76953125,989412.843,43,0.0,0.0,0.0,0.0,440.33260273968335,5740050.0,107541998.06405142,106651487.0302158,-890511.0338356162,18.580236588569054,21,
2024-09-12,23895.0,24085.0,36833.26953125,979890.9389999999,41,0.0,0.0,0.0,0.0,546.8944657536922,7129160.0,107541998.06405142,107060159.19675004,-481838.8673013696,15.017219307288663,21,
2024-09-13,24025.0,23720.0,36581.76171875,456566.295,19,1032868.385,43301.84232876714,34505.07305967809,8796.769269089044,494.93567123264074,6451840.0,107576503.1371111,106949849.58180973,-626653.5553013696,16.576643187340313,21,
2024-09-17,23665.0,23205.0,36203.21875,970459.053,41,0.0,0.0,0.0,0.0,557.174301370047,7263165.0,107576503.1371111,106790158.35450836,-786344.7826027395,14.702978433576595,21,
2024-09-18,23655.0,23410.0,36380.171875,993708.702,42,0.0,0.0,0.0,0.0,637.521643835702,8310550.0,107576503.1371111,106843197.13086452,-733306.0062465753,12.856332869769693,21,
2024-09-19,24520.0,24400.0,37155.328125,980996.1599999999,40,0.0,0.0,0.0,0.0,739.3534246576019,9638000.0,107576503.1371111,107188911.61743987,-387591.5196712326,11.121489065930676,21,
2024-09-20,25310.0,25245.0,37723.91015625,25315.061999999998,1,0.0,0.0,0.0,0.0,766.8946849313797,9997020.0,107576503.1371111,107521849.66075493,-54653.47635616407,10.755390072317043,21,
2024-09-24,25985.0,25530.0,37940.58984375,0.0,0,5325859.615,453915.54776712344,361702.60423823236,92212.94352889112,374.06695890426636,4876230.0,107938205.74134932,107634332.26526713,-303873.4760821917,22.07326813240293,21,
2024-09-25,25460.0,25400.0,37870.26171875,0.0,0,610917.792,46038.59309589043,36685.85290846029,9352.74018743014,325.39835616445635,4241800.0,107974891.59425779,107601141.91872354,-373749.67553424643,25.366858861503026,21,
2024-09-26,26125.0,26710.0,38925.62890625,0.0,0,0.0,0.0,0.0,0.0,342.1807123288745,4460570.0,107974891.59425779,107819569.73801121,-155321.85624657522,24.17170221250002,21,
2024-09-27,27400.0,28295.0,39829.55859375,0.0,0,1616276.6800000002,178035.613931507,141867.67896132136,36167.93497018565,234.42213698627893,3055860.0,108116759.27321911,107994734.06090404,-122025.21231506848,35.340209977192686,21,
2024-09-30,26795.0,25730.0,37919.55078125,0.0,0,26789.641,1464.5158767123303,1166.9994763582204,297.5164003541099,211.19747945212293,2753110.0,108117926.27269547,107718264.98802423,-399661.2846712329,39.12603019422553,21,
2024-10-01,26190.0,26650.0,38651.96875,0.0,0,0.0,0.0,0.0,0.0,218.7490410959581,2851550.0,108117926.27269547,107816486.23898314,-301440.03371232876,37.80978283354075,21,
2024-10-02,25790.0,25480.0,37808.76171875,0.0,0,0.0,0.0,0.0,0.0,209.1454246577341,2726360.0,108117926.27269547,107691087.09355848,-426839.17913698626,39.49995125132355,21,
2024-10-03,26845.0,26465.0,38552.05859375,0.0,0,0.0,0.0,0.0,0.0,217.23052054806612,2831755.0,108117926.27269547,107796264.86303793,-321661.4096575342,38.06694606808779,21,
2024-10-04,26465.0,26585.0,38635.62109375,0.0,0,0.0,0.0,0.0,0.0,218.2155068492284,2844595.0,108117926.27269547,107808886.64753108,-309039.62516438356,37.89955570038303,21,
2024-10-07,27715.0,27620.0,39332.73828125,0.0,0,0.0,0.0,0.0,0.0,226.71101369871758,2955340.0,108117926.27269547,107919404.93651739,-198521.3361780822,36.51674762853593,21,
2024-10-08,27120.0,26980.0,38937.5390625,0.0,0,0.0,0.0,0.0,0.0,221.45775342488196,2886860.0,108117926.27269547,107850703.47876395,-267222.7939315068,37.35917345446747,21,
2024-10-09,27645.0,27540.0,39277.9609375,0.0,0,0.0,0.0,0.0,0.0,226.05435616453178,2946780.0,108117926.27269547,107910397.4244078,-207528.84828767125,36.61976714393602,21,
2024-10-10,27990.0,27680.0,39380.890625,0.0,0,0.0,0.0,0.0,0.0,227.20350684947334,2961760.0,108117926.27269547,107925150.22090095,-192776.05179452055,36.43953264980989,21,
2024-10-11,27735.0,27940.0,39605.80078125,0.0,0,0.0,0.0,0.0,0.0,229.33764383534435,2989580.0,108117926.27269547,107952740.8832571,-165185.3894383562,36.10966787416865,21,
2024-10-15,28600.0,28420.0,39910.55078125,0.0,0,0.0,0.0,0.0,0.0,233.2775890410412,3040940.0,108117926.27269547,108003867.60566807,-114058.66702739726,35.51660591977088,21,
2024-10-16,27155.0,27395.0,39180.30078125,0.0,0,0.0,0.0,0.0,0.0,224.8641643837327,2931265.0,108117926.27269547,107893967.74150369,-223958.53119178084,36.80798827178835,21,
2024-10-17,27550.0,27080.0,38911.19140625,0.0,0,0.0,0.0,0.0,0.0,222.27857534238137,2897560.0,108117926.27269547,107860040.46292834,-257885.80976712328,37.224437272369975,21,
2024-10-18,27270.0,27055.0,38981.75,0.0,0,0.0,0.0,0.0,0.0,222.07336986297742,2894885.0,108117926.27269547,107857143.38955848,-260782.8831369863,37.25783352000459,21,
2024-10-21,27060.0,27110.0,38954.6015625,0.0,0,0.0,0.0,0.0,0.0,222.52482191787567,2900770.0,108117926.27269547,107862805.86473656,-255120.40795890414,37.18419794217968,21,
2024-10-22,27040.0,26290.0,38411.9609375,0.0,0,0.0,0.0,0.0,0.0,215.79408219165634,2813030.0,108117926.27269547,107774850.07065438,-343076.2020410959,38.312726871257816,21,
2024-10-23,26265.0,25815.0,38104.859375,0.0,0,0.0,0.0,0.0,0.0,211.89517808204982,2762205.0,108117926.27269547,107723813.17547628,-394113.0972191781,38.999210114917716,21,
2024-10-24,25440.0,25905.0,38143.2890625,407121.408,16,0.0,0.0,0.0,0.0,244.429643835756,3186315.0,108117926.27269547,107740557.33783245,-377368.9348630137,33.813529841786654,21,
2024-10-25,25695.0,25595.0,37913.921875,385502.08499999996,15,0.0,0.0,0.0,0.0,270.95638356159907,3532110.0,108117926.27269547,107700579.29644889,-417346.97624657524,30.491853112289505,21,
2024-10-28,25420.0,26600.0,38605.53125,915303.024,36,0.0,0.0,0.0,0.0,355.05534246575553,4628400.0,108117926.27269547,107881211.21710643,-236715.05558904103,23.30853236909222,21,
2024-10-29,26400.0,26900.0,38903.6796875,0.0,0,0.0,0.0,0.0,0.0,359.0597260274226,4680600.0,108117926.27269547,107933052.1573804,-184874.1153150684,23.05966161547246,21,
2024-10-30,27225.0,27500.0,39277.390625,0.0,0,979903.98,64453.20805479453,51359.53883846302,13093.66921633151,291.1232876710128,3795000.0,108169285.81153393,108013971.3448764,-155314.46665753418,28.462179537516835,21,
2024-10-31,27320.0,27165.0,39081.25,0.0,0,437032.576,29748.537863013702,23705.12239614247,6043.415466871234,254.23463013709988,3314130.0,108192990.93393007,107963836.27077939,-229154.66315068485,32.576825975679704,21,
2024-11-01,26015.0,25670.0,38053.671875,0.0,0,0.0,0.0,0.0,0.0,240.2430684932042,3131740.0,108192990.93393007,107781206.02771088,-411784.90621917805,34.41575802196571,21,
2024-11-05,26065.0,26430.0,38474.8984375,964597.8809999999,37,0.0,0.0,0.0,0.0,322.3735890411772,4202370.0,108192990.93393007,107886915.77312185,-306075.16080821905,25.672874062284343,21,
2024-11-06,26755.0,27700.0,39480.671875,481686.31799999997,18,0.0,0.0,0.0,0.0,376.1128767125774,4902900.0,108192990.93393007,108105383.34224513,-87607.5916849314,22.04927356100372,21,
2024-11-07,28155.0,27490.0,39381.41015625,0.0,0,1041526.653,76775.13178082203,61178.263759548034,15596.868021273996,295.23506849317346,3848600.0,108254169.19768962,108076717.89215538,-177451.3055342465,28.08208644498139,21,
2024-11-08,28140.0,27630.0,39500.37109375,0.0,0,0.0,0.0,0.0,0.0,296.7386301372899,3868200.0,108254169.19768962,108096021.15352523,-158148.0441643835,27.944785986641133,21,
2024-11-11,27495.0,27710.0,39533.3203125,0.0,0,0.0,0.0,0.0,0.0,297.5978082190268,3879400.0,108254169.19768962,108106923.55571702,-147245.6419726027,27.86691848113549,21,
2024-11-12,27945.0,27445.0,39376.08984375,0.0,0,0.0,0.0,0.0,0.0,294.75178082229104,3842300.0,108254169.19768962,108069528.8039362,-184640.3937534246,28.12626000154496,21,
2024-11-13,27455.0,26625.0,38721.66015625,0.0,0,0.0,0.0,0.0,0.0,285.9452054796275,3727500.0,108254169.19768962,107954442.85873072,-299726.3389589041,28.96162115593044,21,
2024-11-14,26880.0,26345.0,38535.69921875,295739.136,11,0.0,0.0,0.0,0.0,305.1689315069234,3978095.0,108254169.19768962,107908993.55379921,-345175.6438904109,27.12579602895336,21,
2024-11-15,26655.0,26520.0,38642.91015625,746489.2679999999,28,0.0,0.0,0.0,0.0,364.1595616437262,4747080.0,108254169.19768962,107931125.12623757,-323044.0714520546,22.736318984773288,21,
2024-11-18,25865.0,25925.0,38220.8515625,362182.42199999996,14,0.0,0.0,0.0,0.0,383.8320547945332,5003525.0,108254169.19768962,107825003.87218277,-429165.3255068491,21.549808159683977,21,
2024-11-19,26115.0,26180.0,38414.4296875,940328.0279999999,36,0.0,0.0,0.0,0.0,459.90728767134715,5995220.0,108254169.19768962,107875910.9368951,-378258.2607945203,17.993653433384445,21,
2024-11-20,26185.0,26110.0,38352.33984375,549994.9770000001,21,0.0,0.0,0.0,0.0,500.7397260275902,6527500.0,108254169.19768962,107857695.22016907,-396473.9775205478,16.523584101136585,21,
2024-11-21,26050.0,25620.0,38026.171875,573214.62,22,0.0,0.0,0.0,0.0,534.5806027399376,6968640.0,108254169.19768962,107725086.01956634,-529083.1781232875,15.45855231717614,21,
2024-11-22,25865.0,26045.0,38283.8515625,931326.228,36,0.0,0.0,0.0,0.0,615.3755616439739,8021860.0,108254169.19768962,107846364.41600469,-407804.7816849313,13.444059658982416,21,
2024-11-25,26655.0,26610.0,38780.140625,399904.96499999997,15,0.0,0.0,0.0,0.0,659.3447671228787,8595030.0,108254169.19768962,108018970.10623758,-235199.09145205465,12.567608269690458,21,
2024-11-26,26370.0,26145.0,38442.0,0.0,0,0.0,0.0,0.0,0.0,647.8229589040857,8444835.0,108254169.19768962,107868127.28327866,-386041.91441095865,12.773266414711319,21,
2024-11-27,25970.0,25740.0,38134.96875,77925.582,3,0.0,0.0,0.0,0.0,643.7115616438678,8391240.0,108254169.19768962,107735962.98971702,-518206.20797260257,12.839099226063968,21,
2024-11-28,25450.0,26080.0,38349.05859375,661832.34,26,0.0,0.0,0.0,0.0,704.2314520549262,9180160.0,108254169.19768962,107862346.41826497,-391822.7794246574,11.749506154387829,21,
2024-11-29,25895.0,25815.0,38208.03125,129500.895,5,0.0,0.0,0.0,0.0,706.9773698628414,9215955.0,108254169.19768962,107767933.5458951,-486235.6517945203,11.69362627594157,21,
2024-12-02,25815.0,26235.0,38513.01953125,413122.608,16,0.0,0.0,0.0,0.0,750.6803835615283,9785655.0,108254169.19768962,107923760.25751154,-330408.94017808203,11.028772244424266,21,
2024-12-03,26505.0,27230.0,39248.859375,53020.602,2,0.0,0.0,0.0,0.0,783.3287671231665,10211250.0,108254169.19768962,108295551.32674442,41382.129054794736,10.605513656677138,21,
2024-12-04,27335.0,27250.0,39276.390625,0.0,0,2104374.041,124098.46613698633,98887.86274125756,25210.603395728773,622.9424657532945,8120500.0,108353057.06043087,108283341.82188292,-69715.23854794502,13.334565829922163,21,
2024-12-05,27775.0,27445.0,39395.6015625,0.0,0,444311.12,31089.442630136975,24773.62235982465,6315.820270312326,593.7143013703171,7739490.0,108377830.6827907,108339733.40731125,-38097.27547945186,13.998303946036657,21,
2024-12-06,27435.0,27025.0,39091.171875,0.0,0,1590911.7539999997,79539.12047945212,63380.74815405142,16158.372325400698,464.3857534249546,6053600.0,108441211.43094476,108228132.40323243,-213079.0277123287,17.87830917193611,21,
2024-12-09,27350.0,27135.0,39160.5,0.0,0,0.0,0.0,0.0,0.0,466.2759452054743,6078240.0,108441211.43094476,108252306.12728722,-188905.30365753412,17.809811084670436,21,
2024-12-10,27430.0,27420.0,39367.578125,0.0,0,0.0,0.0,0.0,0.0,471.17326027411036,6142080.0,108441211.43094476,108315674.95402695,-125536.4769178081,17.635015329339076,21,
2024-12-11,27440.0,27460.0,39372.23046875,0.0,0,0.0,0.0,0.0,0.0,471.8606027398491,6151040.0,108441211.43094476,108324163.0934242,-117048.33752054788,17.610706985066624,21,
2024-12-12,28195.0,28175.0,39849.140625,0.0,0,0.0,0.0,0.0,0.0,484.146849314915,6311200.0,108441211.43094476,108483838.9465749,42627.515630137044,17.189098578174498,21,
2024-12-13,27900.0,27595.0,39470.44140625,0.0,0,2454708.96,129023.4625205481,102812.34610949876,26211.116411049345,287.8952328765299,3752920.0,108544023.77705425,108353768.89493096,-190254.88212328765,28.871856819471493,21,
2024-12-16,27660.0,27500.0,39457.48828125,0.0,0,0.0,0.0,0.0,0.0,286.9041095888242,3740000.0,108544023.77705425,108340561.99082138,-203461.7862328767,28.968064703428176,21,
2024-12-17,27705.0,27450.0,39364.6796875,0.0,0,0.0,0.0,0.0,0.0,286.38246575323865,3733200.0,108544023.77705425,108333475.60835563,-210548.16869863015,29.018931642653925,21,
2024-12-18,27220.0,27105.0,39081.7109375,0.0,0,0.0,0.0,0.0,0.0,282.7831232876051,3686280.0,108544023.77705425,108286272.82523233,-257750.95182191776,29.375487707182398,21,
2024-12-19,26105.0,26670.0,38813.578125,78330.663,3,0.0,0.0,0.0,0.0,284.3825753425481,3707130.0,108544023.77705425,108228507.77965699,-315515.9973972602,29.194689093626874,21,
2024-12-20,26880.0,26545.0,38701.8984375,591478.272,22,0.0,0.0,0.0,0.0,327.8489315068582,4273745.0,108544023.77705425,108203316.65872549,-340707.11832876713,25.31814992675639,21,
2024-12-23,26945.0,27170.0,39161.33984375,781561.281,29,0.0,0.0,0.0,0.0,396.01205479435157,5162300.0,108544023.77705425,108309914.3656707,-234109.4113835616,20.980941511665478,21,
2024-12-24,27245.0,26970.0,39036.8515625,27250.449,1,0.0,0.0,0.0,0.0,395.16591780819,5151270.0,108544023.77705425,108271238.75075288,-272785.02630136977,21.018358337022303,21,
2024-12-25,27185.0,27030.0,39130.4296875,81571.31099999999,3,0.0,0.0,0.0,0.0,402.2656438355334,5243820.0,108544023.77705425,108281815.17410904,-262208.6029452054,20.649414963539755,21,
2024-12-26,27040.0,27625.0,39568.05859375,54090.816,2,0.0,0.0,0.0,0.0,415.35890410956927,5414500.0,108544023.77705425,108397988.99920493,-146034.777849315,20.019944408385804,21,
2024-12-27,27800.0,28715.0,40281.16015625,0.0,0,83383.32,5015.372506849321,3996.4995820828817,1018.8729247664396,425.13934246543795,5541995.0,108548020.27663633,108607423.30693771,59403.03030136996,19.597170929771266,21,
2024-12-30,28715.0,28175.0,39894.5390625,0.0,0,2354159.074,146873.81521917827,117036.39965740222,29837.415561776066,239.91205479437485,3127425.0,108665056.67629373,108516935.05332112,-148121.62297260275,34.69849318635015,21,
2025-01-06,28070.0,27280.0,39307.05078125,0.0,0,0.0,0.0,0.0,0.0,232.2910684933886,3028080.0,108665056.67629373,108417357.76225263,-247698.91404109588,35.80399387144746,21,
2025-01-07,27830.0,28345.0,40083.30078125,83506.698,3,0.0,0.0,0.0,0.0,247.88284931483213,3231330.0,108665056.67629373,108536853.18140332,-128203.49489041092,33.588910195307605,21,
2025-01-08,28000.0,28230.0,39981.05859375,0.0,0,0.0,0.0,0.0,0.0,246.87715068471152,3218220.0,108665056.67629373,108523496.30425264,-141560.3720410959,33.721590290363196,21,
2025-01-09,28050.0,27740.0,39605.08984375,0.0,0,0.0,0.0,0.0,0.0,242.5920000000624,3162360.0,108665056.67629373,108467393.71225263,-197662.9640410959,34.29950850385555,21,
2025-01-10,27295.0,27175.0,39190.3984375,0.0,0,0.0,0.0,0.0,0.0,237.6509589041816,3097950.0,108665056.67629373,108402746.06129374,-262310.615,34.991767478911456,21,
2025-01-14,26830.0,26125.0,38474.30078125,429365.85599999997,16,0.0,0.0,0.0,0.0,260.5342465752037,3396250.0,108665056.67629373,108271419.67104715,-393637.0052465753,31.879696627470636,21,
2025-01-15,26525.0,26100.0,38444.578125,981621.285,37,0.0,0.0,0.0,0.0,334.36602739722,4358700.0,108665056.67629373,108251914.02001975,-413142.65627397265,24.835825824218173,21,
2025-01-16,26470.0,26295.0,38572.6015625,979585.8779999999,37,0.0,0.0,0.0,0.0,411.49873972602654,5364180.0,108665056.67629373,108277396.64328003,-387660.0330136985,20.185265342192103,21,
2025-01-17,26080.0,26100.0,38451.4609375,965152.992,37,0.0,0.0,0.0,0.0,482.52821917796973,6290100.0,108665056.67629373,108237681.12306085,-427375.5532328767,17.20762485859698,21,
2025-01-20,26440.0,26655.0,38902.5,978475.656,37,0.0,0.0,0.0,0.0,568.4452602739912,7410090.0,108665056.67629373,108378627.02180058,-286429.6544931505,14.6258179079877,21,
2025-01-21,27050.0,26795.0,39027.98046875,189387.87,7,0.0,0.0,0.0,0.0,585.8194520544494,7636575.0,108665056.67629373,108415138.33234853,-249918.34394520527,14.196827547997437,21,
2025-01-22,27295.0,27655.0,39646.25,27300.459,1,0.0,0.0,0.0,0.0,606.7431232878007,7909330.0,108665056.67629373,108659986.13022524,-5070.546068492996,13.738203631688808,21,
2025-01-23,27910.0,28140.0,39958.87109375,0.0,0,3097390.398,173262.46060273994,138064.19173129334,35198.26887144662,377.76986301364377,4924500.0,108803120.86802503,108736970.48949079,-66150.37853424659,22.080814395266685,21,
2025-01-24,28190.0,28130.0,39931.98046875,0.0,0,1042821.3940000001,60667.23601369868,48342.6870175158,12324.548996182888,297.79265753447544,3881940.0,108851463.55504255,108724609.54183707,-126854.01320547941,28.007802681606893,21,
2025-01-27,28485.0,27585.0,39565.80078125,0.0,0,0.0,0.0,0.0,0.0,292.02312328782864,3806730.0,108851463.55504255,108649107.51871379,-202356.03632876714,28.541322215842413,21,
2025-01-28,26960.0,26855.0,39016.87109375,0.0,0,0.0,0.0,0.0,0.0,284.29512328770943,3705990.0,108851463.55504255,108548083.2235905,-303380.3314520547,29.289901813979665,21,
2025-01-29,27300.0,27375.0,39414.78125,354970.98,13,0.0,0.0,0.0,0.0,317.10000000020955,4133625.0,108851463.55504255,108620430.1435905,-231033.4114520547,26.27728208136696,21,
2025-01-30,27195.0,27475.0,39513.96875,0.0,0,0.0,0.0,0.0,0.0,318.2583561645588,4148725.0,108851463.55504255,108635211.88523433,-216251.66980821916,26.185204342354417,21,
2025-01-31,27685.0,27650.0,39572.48828125,0.0,0,0.0,0.0,0.0,0.0,320.2854794522282,4175150.0,108851463.55504255,108661316.59975488,-190146.9552876712,26.025727602542396,21,
2025-02-03,26285.0,26100.0,38520.08984375,0.0,0,0.0,0.0,0.0,0.0,302.3309589041164,3941100.0,108851463.55504255,108426964.26879598,-424499.28624657524,27.51185310415772,21,
2025-02-04,27000.0,26460.0,38798.37109375,972194.3999999999,36,0.0,0.0,0.0,0.0,379.5741369863972,4948020.0,108851463.55504255,108461310.29465899,-390153.26038356154,21.920143874652688,21,
2025-02-05,26720.0,26510.0,38831.48046875,694858.944,26,0.0,0.0,0.0,0.0,433.1661369864596,5646630.0,108851463.55504255,108464628.184522,-386835.3705205478,19.20873657110914,21,
2025-02-06,26640.0,26875.0,39066.53125,639487.872,24,0.0,0.0,0.0,0.0,488.6095890412107,6369375.0,108851463.55504255,108547396.70293295,-304066.852109589,17.042079749258438,21,
2025-02-07,26615.0,26510.0,38787.01953125,79860.969,3,0.0,0.0,0.0,0.0,488.0745205481071,6362400.0,108851463.55504255,108460072.65941241,-391390.8956301368,17.04703769951786,21,
2025-02-10,26400.0,26500.0,38801.171875,528105.6,20,0.0,0.0,0.0,0.0,528.5479452059371,6890000.0,108851463.55504255,108459038.5114672,-392425.0435753423,15.741515023435008,21,
2025-02-12,26800.0,26740.0,38963.69921875,348469.68,13,0.0,0.0,0.0,0.0,560.0015342466068,7300020.0,108851463.55504255,108520028.82993296,-331434.7251095889,14.865716645972608,21,
2025-02-13,27000.0,27420.0,39461.46875,81016.2,3,0.0,0.0,0.0,0.0,580.5527671230957,7567920.0,108851463.55504255,108706332.07716584,-145131.47787671213,14.364096353709584,21,
2025-02-14,27460.0,26940.0,39149.4296875,0.0,0,0.0,0.0,0.0,0.0,570.389917808352,7435440.0,108851463.55504255,108573281.68724804,-278181.8677945202,14.60213271672531,21,
2025-02-17,26840.0,26980.0,39174.25,0.0,0,0.0,0.0,0.0,0.0,571.2368219179334,7446480.0,108851463.55504255,108583750.45042612,-267713.10461643804,14.581889758708291,21,
2025-02-18,26950.0,27185.0,39270.3984375,0.0,0,0.0,0.0,0.0,0.0,575.5772054794943,7503060.0,108851463.55504255,108639754.87322064,-211708.68182191762,14.479393057395335,21,
2025-02-19,27030.0,26990.0,39164.609375,0.0,0,0.0,0.0,0.0,0.0,571.4485479453579,7449240.0,108851463.55504255,108585363.4246727,-266100.13036986283,14.576703586496434,21,
2025-02-20,26635.0,26275.0,38678.0390625,0.0,0,0.0,0.0,0.0,0.0,556.3101369864307,7251900.0,108851463.55504255,108387467.1145357,-463996.4405068491,14.94607856072694,21,
2025-02-21,26095.0,26450.0,38776.94140625,678605.694,26,0.0,0.0,0.0,0.0,612.7704109589104,7987900.0,108851463.55504255,108444248.65012474,-407214.904917808,13.576064879395679,21,
2025-02-25,25600.0,25750.0,38237.7890625,358471.68,14,0.0,0.0,0.0,0.0,624.208219178021,8137000.0,108851463.55504255,108234252.76190557,-617210.7931369861,13.301493518729945,21,
2025-02-26,25500.0,25560.0,38142.37109375,969193.7999999999,38,0.0,0.0,0.0,0.0,694.1115616440075,9048240.0,108851463.55504255,108175604.85034391,-675858.7046986299,11.955430542331317,21,
2025-02-27,25770.0,25790.0,38256.171875,927905.544,36,0.0,0.0,0.0,0.0,771.5802739723586,10058100.0,108851463.55504255,108256787.72606994,-594675.8289726024,10.763144900733732,21,exposure_limit_hit
2025-02-28,25000.0,24280.0,37155.5,0.0,0,0.0,0.0,0.0,0.0,726.4043835613411,9469200.0,108851463.55504255,107667161.32168639,-1184302.2333561643,11.370248946234781,21,exposure_limit_hit
2025-03-03,24895.0,25110.0,37785.46875,522899.559,21,0.0,0.0,0.0,0.0,791.687342466088,10320210.0,108851463.55504255,107994480.07534392,-856983.4796986299,10.464368464919215,21,exposure_limit_hit
2025-03-04,24470.0,24430.0,37331.1796875,0.0,0,0.0,0.0,0.0,0.0,770.2477808216354,10040730.0,108851463.55504255,107714229.82756309,-1137233.7274794518,10.727728942772398,21,exposure_limit_hit
2025-03-05,24440.0,24540.0,37418.23828125,0.0,0,0.0,0.0,0.0,0.0,773.7159452056512,10085940.0,108851463.55504255,107758666.1116179,-1092797.4434246572,10.684047903479287,21,exposure_limit_hit
2025-03-06,24890.0,24980.0,37704.9296875,0.0,0,0.0,0.0,0.0,0.0,787.5886027392698,10266780.0,108851463.55504255,107938718.52301516,-912745.0320273968,10.513395487486354,5,
2025-03-07,23965.0,23830.0,36887.171875,0.0,0,0.0,0.0,0.0,0.0,751.3305205482757,9794130.0,108851463.55504255,107465317.1924946,-1386146.362547945,10.972420949333387,5,
2025-03-10,23965.0,24055.0,37028.26953125,0.0,0,0.0,0.0,0.0,0.0,758.4244931512512,9886605.0,108851463.55504255,107557033.76800145,-1294429.7870410956,10.879066551966165,5,
2025-03-11,23105.0,23710.0,36793.109375,0.0,0,0.0,0.0,0.0,0.0,747.5470684929751,9744810.0,108851463.55504255,107414491.22093296,-1436972.3341095885,11.022738382886168,5,
2025-03-12,23645.0,23740.0,36819.08984375,0.0,0,0.0,0.0,0.0,0.0,748.4929315067129,9757140.0,108851463.55504255,107426072.72800146,-1425390.827041096,11.009996036543646,5,
2025-03-13,24185.0,23725.0,36790.03125,0.0,0,0.0,0.0,0.0,0.0,748.0199999996694,9750975.0,108851463.55504255,107419159.70800145,-1432303.8470410956,11.016248088832292,3,
2025-03-14,23605.0,24090.0,37053.1015625,0.0,0,0.0,0.0,0.0,0.0,759.5279999995837,9900990.0,108851463.55504255,107568415.18000145,-1283048.3750410953,10.864410041824247,3,
2025-03-17,24590.0,24535.0,37396.51953125,0.0,0,0.0,0.0,0.0,0.0,773.5583013700088,10083885.0,108851463.55504255,107750536.62170008,-1100926.9333424657,10.685419024681467,3,
2025-03-18,25170.0,25105.0,37845.421875,0.0,0,0.0,0.0,0.0,0.0,791.5296986300964,10318155.0,108851463.55504255,107984015.09200145,-867448.4630410958,10.465438355209963,3,
2025-03-19,25070.0,25005.0,37751.87890625,0.0,0,0.0,0.0,0.0,0.0,788.3768219177146,10277055.0,108851463.55504255,107942126.71517953,-909336.8398630132,10.503215825465519,3,
2025-03-21,24805.0,24855.0,37677.05859375,0.0,0,0.0,0.0,0.0,0.0,783.6475068497239,10215405.0,108851463.55504255,107879693.06767268,-971770.4873698624,10.560491049319404,22,
2025-03-24,25050.0,24810.0,37608.48828125,0.0,0,0.0,0.0,0.0,0.0,782.2287123287097,10196910.0,108851463.55504255,107860415.83896036,-991047.7160821911,10.57775500999424,22,
2025-03-25,25265.0,25035.0,37780.5390625,0.0,0,0.0,0.0,0.0,0.0,789.3226849315688,10289385.0,108851463.55504255,107952101.51627542,-899362.0387671231,10.491599013573252,22,
2025-03-26,25440.0,25350.0,38027.2890625,0.0,0,0.0,0.0,0.0,0.0,799.2542465748265,10418850.0,108851463.55504255,108080767.26202886,-770696.2930136984,10.37357935492198,22,
2025-03-27,24855.0,24960.0,37799.96875,0.0,0,0.0,0.0,0.0,0.0,786.9580273973988,10258560.0,108851463.55504255,107919690.30400145,-931773.2510410958,10.519964820013866,22,
2025-03-28,24805.0,24460.0,37120.328125,0.0,0,0.0,0.0,0.0,0.0,771.1936438352568,10053060.0,108851463.55504255,107713419.11035761,-1138044.4446849313,10.714490822730355,22,
2025-03-31,23015.0,22580.0,35617.55859375,0.0,0,0.0,0.0,0.0,0.0,711.9195616436191,9280380.0,108851463.55504255,106940027.19079597,-1911436.3642465752,11.523237969867179,22,
2025-04-01,22950.0,22525.0,35624.48046875,344318.85,15,0.0,0.0,0.0,0.0,736.1046575341607,9595650.0,108851463.55504255,106910242.23613843,-1941221.3189041093,11.141532072984992,22,
2025-04-02,22695.0,22675.0,35725.87109375,295094.007,13,0.0,0.0,0.0,0.0,763.619452055078,9954325.0,108851463.55504255,106973059.60968639,-1878403.945356164,10.746390097740067,22,
2025-04-03,20675.0,21430.0,34735.9296875,41358.27,2,0.0,0.0,0.0,0.0,724.9798356165411,9450630.0,108851463.55504255,106427281.35985076,-2424182.19519178,11.261395415951187,22,exposure_limit_hit
2025-04-04,20600.0,20280.0,33780.578125,0.0,0,0.0,0.0,0.0,0.0,686.0751780818682,8943480.0,108851463.55504255,105919445.28467269,-2932018.270369863,11.843202565966793,3,
2025-04-07,16700.0,17195.0,31136.580078125,0.0,0,0.0,0.0,0.0,0.0,581.7092054799432,7582995.0,108851463.55504255,104558378.57546721,-4293084.9795753425,13.788533234621308,3,
2025-04-08,19035.0,19080.0,33012.578125,0.0,0,0.0,0.0,0.0,0.0,645.479013698874,8414280.0,108851463.55504255,105389018.0964535,-3462445.4585890416,12.525019145601703,3,
2025-04-09,18060.0,17640.0,31714.029296875,0.0,0,0.0,0.0,0.0,0.0,596.763616438373,7779240.0,108851463.55504255,104753381.33283707,-4098082.2222054806,13.465760322709812,3,
2025-04-10,20825.0,20755.0,34609.0,0.0,0,0.0,0.0,0.0,0.0,702.1444931512233,9152955.0,108851463.55504255,106126394.18834393,-2725069.3666986297,11.594768486062033,3,
2025-04-11,18735.0,19615.0,33585.578125,0.0,0,0.0,0.0,0.0,0.0,663.57813698682,8650215.0,108851463.55504255,105622990.61020693,-3228472.9448356163,12.210446862905364,3,
2025-04-14,20015.0,20050.0,33982.359375,0.0,0,0.0,0.0,0.0,0.0,678.2942465756787,8842050.0,108851463.55504255,105814147.31596036,-3037316.2390821925,11.967150979236756,3,
2025-04-15,20445.0,20375.0,34267.5390625,0.0,0,0.0,0.0,0.0,0.0,689.2890410955297,8985375.0,108851463.55504255,105956783.02691926,-2894680.5281232875,11.792138116318936,3,
2025-04-16,20300.0,19920.0,33920.3984375,0.0,0,0.0,0.0,0.0,0.0,673.8963287675288,8784720.0,108851463.55504255,105755454.1305905,-3096009.4244520552,12.038568574819744,3,
2025-04-17,20065.0,20485.0,34377.6015625,0.0,0,0.0,0.0,0.0,0.0,693.0103561640717,9033885.0,108851463.55504255,106003926.12023433,-2847537.434808219,11.734035370190602,3,
2025-04-18,20595.0,20925.0,34730.28125,0.0,0,0.0,0.0,0.0,0.0,707.8956164384726,9227925.0,108851463.55504255,106197258.2246179,-2654205.3304246566,11.508248953542417,3,
2025-04-21,20665.0,20385.0,34279.921875,0.0,0,0.0,0.0,0.0,0.0,689.6273424649844,8989785.0,108851463.55504255,105958428.59727542,-2893034.957767123,11.786536451903514,3,
2025-04-22,20250.0,20330.0,34220.6015625,0.0,0,0.0,0.0,0.0,0.0,687.7666849313537,8965530.0,108851463.55504255,105933485.8305905,-2917977.7244520546,11.815641220384126,3,
2025-04-23,21385.0,21070.0,34868.62890625,0.0,0,0.0,0.0,0.0,0.0,712.8009863015031,9291870.0,108851463.55504255,106259113.0296042,-2592350.5254383557,11.43570810069493,3,
2025-04-24,21555.0,21275.0,35039.1484375,0.0,0,0.0,0.0,0.0,0.0,719.7361643831246,9382275.0,108851463.55504255,106348798.2934398,-2502665.26160274,11.335075799146775,3,
2025-04-25,21830.0,22085.0,35705.73828125,0.0,0,0.0,0.0,0.0,0.0,747.1385753426002,9739485.0,108851463.55504255,106705261.15486448,-2146202.4001780814,10.95594491442458,3,
2025-04-28,22400.0,22225.0,35839.98828125,0.0,0,0.0,0.0,0.0,0.0,751.8747945206705,9801225.0,108851463.55504255,106766249.28006995,-2085214.2749726023,10.89315358846164,3,
2025-04-30,22345.0,22495.0,36045.37890625,0.0,0,0.0,0.0,0.0,0.0,761.0089315067744,9920295.0,108851463.55504255,106884558.27113844,-1966905.2839041087,10.774332645464519,3,
2025-05-01,22675.0,22995.0,36452.30078125,0.0,0,0.0,0.0,0.0,0.0,777.9239999998827,10140795.0,108851463.55504255,107104280.34713843,-1747183.2079041093,10.56172423830069,3,
2025-05-02,23225.0,23450.0,36830.69140625,0.0,0,46440.71,5019.442301369865,3999.742597846577,1019.6997035232881,789.7189041095553,10294550.0,108855463.29764038,107302666.63853079,-1552796.6591095892,10.423249839821148,3,
2025-05-07,23625.0,23415.0,36779.66015625,0.0,0,0.0,0.0,0.0,0.0,788.5402191779576,10279185.0,108855463.29764038,107286513.09831162,-1568950.1993287671,10.43725870273875,3,
2025-05-08,23590.0,23755.0,36928.62890625,0.0,0,0.0,0.0,0.0,0.0,799.9903013698058,10428445.0,108855463.29764038,107434973.10801025,-1420490.1896301361,10.302108618112312,3,
2025-05-09,24230.0,24290.0,37503.328125,0.0,0,0.0,0.0,0.0,0.0,818.0073424655711,10663310.0,108855463.29764038,107669020.10066777,-1186443.1969726023,10.097148080724256,3,
2025-05-12,24590.0,24540.0,37644.26171875,0.0,0,0.0,0.0,0.0,0.0,826.4265205480624,10773060.0,108855463.29764038,107777943.67414723,-1077519.6234931503,10.004394635706776,3,
2025-05-13,25585.0,25225.0,38183.26171875,0.0,0,332538.47900000005,36893.25134246582,29398.38733224389,7494.864010221931,824.3391780823004,10745850.0,108884861.68497263,108074952.94995894,-809908.7350136983,10.057366606639674,3,
2025-05-14,25380.0,25130.0,38128.12890625,0.0,0,380623.86,35614.040958904116,28379.048538102747,7234.992420801371,792.3179178085411,10328430.0,108913240.73351073,108030129.49962032,-883111.233890411,10.459491858842082,3,
2025-05-15,24650.0,24680.0,37755.51171875,0.0,0,0.0,0.0,0.0,0.0,778.1299726024736,10143480.0,108913240.73351073,107844401.36964771,-1068839.3638630137,10.631893725787176,3,
2025-05-16,24630.0,24610.0,37753.71875,0.0,0,0.0,0.0,0.0,0.0,775.9229589040624,10114710.0,108913240.73351073,107814855.44668882,-1098385.2868219176,10.659213704267232,3,
2025-05-19,24445.0,24275.0,37498.62890625,0.0,0,0.0,0.0,0.0,0.0,765.3608219174203,9977025.0,108913240.73351073,107676405.0858669,-1236835.6476438353,10.792436130596736,3,
2025-05-20,24590.0,24285.0,37529.48828125,0.0,0,0.0,0.0,0.0,0.0,765.6761095895199,9981135.0,108913240.73351073,107679749.4097573,-1233491.3237534245,10.788327120087775,3,
2025-05-21,24420.0,24030.0,37298.98046875,0.0,0,0.0,0.0,0.0,0.0,757.6362739725737,9876330.0,108913240.73351073,107574186.77348334,-1339053.960027397,10.89212154448903,3,
2025-05-22,23535.0,23600.0,36985.87109375,0.0,0,0.0,0.0,0.0,0.0,744.0789041096577,9699600.0,108913240.73351073,107396712.69457923,-1516528.0389315067,11.072282639962394,3,
2025-05-23,23795.0,23815.0,37160.46875,0.0,0,0.0,0.0,0.0,0.0,750.8575890412321,9787965.0,108913240.73351073,107484326.83699018,-1428913.8965205476,10.981274129708288,3,
2025-05-26,23920.0,24330.0,37531.53125,0.0,0,0.0,0.0,0.0,0.0,767.0949041094864,9999630.0,108913240.73351073,107695224.74208608,-1218015.9914246572,10.769920961284177,3,
2025-05-27,24340.0,24625.0,37724.109375,0.0,0,0.0,0.0,0.0,0.0,776.3958904109895,10120875.0,108913240.73351073,107815693.34619567,-1097547.3873150684,10.652803571449668,3,
2025-05-28,25125.0,24590.0,37722.3984375,0.0,0,0.0,0.0,0.0,0.0,775.2923835618421,10106490.0,108913240.73351073,107800533.0538121,-1112707.6796986298,10.666466107799256,3,
2025-05-29,25215.0,25505.0,38432.98046875,0.0,0,0.0,0.0,0.0,0.0,804.1412054792745,10482555.0,108913240.73351073,108175793.91260663,-737446.8209041095,10.319601844455539,3,
2025-05-30,24695.0,24970.0,37965.1015625,0.0,0,0.0,0.0,0.0,0.0,787.2733150682179,10262670.0,108913240.73351073,107955121.63929155,-958119.0942191775,10.51920422651138,3,
2025-06-02,24355.0,24230.0,37470.671875,0.0,0,0.0,0.0,0.0,0.0,763.9420273969881,9958530.0,108913240.73351073,107650217.69726416,-1263023.036246575,10.809850218582879,3,
2025-06-03,24415.0,24220.0,37446.80859375,0.0,0,0.0,0.0,0.0,0.0,763.626739726169,9954420.0,108913240.73351073,107645344.07052442,-1267896.6629863011,10.813823816005797,3,
2025-06-04,24530.0,24570.0,37747.44921875,0.0,0,0.0,0.0,0.0,0.0,774.6618082195055,10098270.0,108913240.73351073,107788419.40871622,-1124821.3247945204,10.673949043619968,3,
2025-06-05,24350.0,24310.0,37554.48828125,0.0,0,0.0,0.0,0.0,0.0,766.4643287671497,9991410.0,108913240.73351073,107680792.94438745,-1232447.7891232874,10.77733702694489,3,
2025-06-06,24335.0,24550.0,37741.609375,0.0,0,0.0,0.0,0.0,0.0,774.0312328765867,10090050.0,108913240.73351073,107778658.91315457,-1134581.8203561644,10.68167738645047,3,
2025-06-09,24950.0,25010.0,38088.5703125,0.0,0,0.0,0.0,0.0,0.0,788.5344657537062,10279110.0,108913240.73351073,107966930.37868881,-946310.354821918,10.503529038865118,3,
2025-06-10,25250.0,25135.0,38211.51171875,0.0,0,0.0,0.0,0.0,0.0,792.4755616437178,10330485.0,108913240.73351073,108017512.90312718,-895727.8303835614,10.456189898453673,3,
2025-06-11,25440.0,25435.0,38421.19140625,0.0,0,0.0,0.0,0.0,0.0,801.9341917808633,10453785.0,108913240.73351073,108140010.96893539,-773229.7645753422,10.344579591883264,3,
2025-06-12,25280.0,25085.0,38173.08984375,0.0,0,0.0,0.0,0.0,0.0,790.8991232874105,10309935.0,108913240.73351073,107995370.0698121,-917870.6636986297,10.474883699054562,3,
2025-06-13,24980.0,24640.0,37834.25,0.0,0,0.0,0.0,0.0,0.0,776.8688219181495,10127040.0,108913240.73351073,107811698.20099019,-1101542.5325205477,10.645924001582909,3,
2025-06-16,24950.0,25280.0,38311.328125,0.0,0,0.0,0.0,0.0,0.0,797.0472328767646,10390080.0,108913240.73351073,108073941.1537573,-839299.5797534244,10.401646681619132,3,
2025-06-17,25350.0,25600.0,38536.73828125,0.0,0,0.0,0.0,0.0,0.0,807.1364383562468,10521600.0,108913240.73351073,108204654.01731895,-708586.7161917806,10.284049385770125,3,
2025-06-18,25325.0,26015.0,38885.1484375,0.0,0,0.0,0.0,0.0,0.0,820.2208767125849,10692165.0,108913240.73351073,108374398.79644224,-538841.9370684929,10.135870405707566,3,
2025-06-19,25995.0,25535.0,38488.33984375,0.0,0,545785.821,20096.218109589026,16013.671400626015,4082.5467089630106,763.9512328763958,9958650.0,108929254.40491137,108181823.11950041,-747431.2854109587,10.863101235559078,3,
2025-06-20,25475.0,25430.0,38403.23046875,0.0,0,0.0,0.0,0.0,0.0,760.8098630139139,9917700.0,108929254.40491137,108140112.3096374,-789142.0952739723,10.903749085941035,3,
2025-06-23,25175.0,25350.0,38354.08984375,0.0,0,0.0,0.0,0.0,0.0,758.4164383556927,9886500.0,108929254.40491137,108108153.89319904,-821100.5117123285,10.934926808597485,3,
2025-06-24,26005.0,25875.0,38790.55859375,0.0,0,0.0,0.0,0.0,0.0,774.1232876710128,10091250.0,108929254.40491137,108312129.76991136,-617124.6349999997,10.73327187116674,3,
2025-06-25,26055.0,26080.0,38942.0703125,0.0,0,0.0,0.0,0.0,0.0,780.2564383560093,10171200.0,108929254.40491137,108391299.51347302,-537954.8914383559,10.656687461997898,17,
2025-06-26,26250.0,26935.0,39584.578125,0.0,0,1364727.0,29311.819616438435,23357.123461358966,5954.696155079468,698.391342465533,9104030.0,108952611.52837272,108682203.42597546,-270408.10239726,11.937812532029822,17,
2025-06-27,27435.0,27750.0,40150.7890625,0.0,0,2249220.066,101813.20082191781,81129.8490749452,20683.351746972603,544.9643835616298,7104000.0,109033741.37744766,108910165.17584492,-123576.20160273954,15.330822800653847,17,
2025-06-30,28415.0,28220.0,40487.390625,0.0,0,3750029.8439999996,182118.08954794533,145120.7996562802,36997.28989166509,268.4379178081872,3499280.0,109178862.17710395,109018209.29203546,-160652.88506849317,31.154468717003343,17,
2025-07-01,28010.0,27510.0,39986.328125,0.0,0,392061.572,7093.615246575363,5652.547309233578,1441.067937341785,232.13917808246333,3026100.0,109184514.72441319,108935417.65692003,-249097.0674931507,35.99861790982454,17,
2025-07-02,26885.0,27230.0,39762.48046875,0.0,0,0.0,0.0,0.0,0.0,229.77643835614435,2995300.0,109184514.72441319,108904387.88048168,-280126.8439315069,36.358424158008106,17,
2025-07-03,27310.0,27185.0,39785.8984375,0.0,0,0.0,0.0,0.0,0.0,229.39671232900582,2990350.0,109184514.72441319,108899208.48376936,-285306.2406438356,36.41687711597952,17,
2025-07-04,27520.0,27285.0,39810.87890625,0.0,0,0.0,0.0,0.0,0.0,230.24054794502445,3001350.0,109184514.72441319,108909978.2432214,-274536.4811917808,36.286996932454194,17,
2025-07-07,27200.0,26980.0,39587.6796875,0.0,0,0.0,0.0,0.0,0.0,227.6668493152829,2967800.0,109184514.72441319,108876200.57637209,-308314.14804109593,36.68582808018468,17,
2025-07-08,26885.0,27180.0,39688.80859375,0.0,0,0.0,0.0,0.0,0.0,229.3545205479022,2989800.0,109184514.72441319,108897971.22185154,-286543.50256164384,36.4231624930937,17,
2025-07-09,27495.0,27285.0,39821.28125,0.0,0,0.0,0.0,0.0,0.0,230.24054794502445,3001350.0,109184514.72441319,108909290.9813036,-275223.7431095891,36.286767948191184,17,
2025-07-10,27290.0,27080.0,39646.359375,0.0,0,0.0,0.0,0.0,0.0,228.51068493141793,2978800.0,109184514.72441319,108886512.47061867,-298002.2537945206,36.55381780267848,17,
2025-07-11,27385.0,26940.0,39569.6796875,0.0,0,0.0,0.0,0.0,0.0,227.32931506854948,2963400.0,109184514.72441319,108870885.1413036,-313629.58310958906,36.73850480573112,17,
2025-07-14,26735.0,26815.0,39459.62109375,0.0,0,0.0,0.0,0.0,0.0,226.27452054806054,2949650.0,109184514.72441319,108856908.86678305,-327605.857630137,36.905025635849356,17,
2025-07-15,26910.0,27085.0,39678.01953125,0.0,0,0.0,0.0,0.0,0.0,228.5528767121723,2979350.0,109184514.72441319,108886380.31390634,-298134.4105068493,36.54702546324076,17,
2025-07-16,27140.0,27080.0,39663.3984375,0.0,0,0.0,0.0,0.0,0.0,228.51068493141793,2978800.0,109184514.72441319,108885601.8032214,-298912.9211917808,36.553512086484965,17,
2025-07-17,26795.0,27425.0,39901.19140625,0.0,0,0.0,0.0,0.0,0.0,231.42191780812573,3016750.0,109184514.72441319,108923320.3813036,-261194.34310958904,36.10618061864709,17,
2025-07-18,27670.0,27300.0,39819.109375,0.0,0,0.0,0.0,0.0,0.0,230.3671232877532,3003000.0,109184514.72441319,108909340.0141803,-275174.7102328767,36.26684649156853,17,
2025-07-22,27280.0,27200.0,39774.921875,0.0,0,0.0,0.0,0.0,0.0,229.5232876711525,2992000.0,109184514.72441319,108898110.49089263,-286404.2335205479,36.396427303105824,17,
2025-07-23,28095.0,29230.0,41171.3203125,0.0,0,0.0,0.0,0.0,0.0,246.65315068489872,3215300.0,109184514.72441319,109121163.83774196,-63350.88667123287,33.93809717218983,17,
2025-07-24,29900.0,30090.0,41826.33984375,0.0,0,657668.44,38167.3001369863,30413.613114157528,7753.687022828766,203.12810958886985,2647920.0,109214928.33752733,109203495.46260953,-11432.874917808216,41.241236692426334,17,
2025-07-25,29870.0,29510.0,41456.23046875,0.0,0,567416.4940000001,10717.94658904119,8540.595739477472,2177.350849563718,156.2008767123334,2036190.0,109223468.93326682,109156848.40488325,-66620.52838356167,53.60838055627581,17,
2025-07-28,29580.0,28930.0,40998.26953125,0.0,0,0.0,0.0,0.0,0.0,153.13084931496996,1996170.0,109223468.93326682,109116675.27403395,-106793.65923287673,54.66301731517554,17,
2025-07-29,28640.0,28425.0,40674.55078125,0.0,0,0.0,0.0,0.0,0.0,150.45780821924563,1961325.0,109223468.93326682,109081679.81622572,-141789.11704109592,55.616320505895615,17,
2025-07-30,28550.0,28375.0,40654.69921875,0.0,0,0.0,0.0,0.0,0.0,150.19315068493597,1957875.0,109223468.93326682,109078079.62307504,-145389.31019178082,55.71248400591204,17,
2025-07-31,28530.0,29015.0,41069.8203125,0.0,0,0.0,0.0,0.0,0.0,153.58076712314505,2002035.0,109223468.93326682,109122086.04230791,-101382.89095890411,54.505583589851284,17,
2025-08-01,28410.0,28655.0,40799.6015625,0.0,0,0.0,0.0,0.0,0.0,151.6752328767907,1977195.0,109223468.93326682,109097094.36707504,-126374.56619178085,55.17771103359812,17,
2025-08-04,27360.0,27920.0,40290.69921875,0.0,0,0.0,0.0,0.0,0.0,147.78476712317206,1926480.0,109223468.93326682,109046231.58230792,-177237.35095890414,56.60387420700341,17,
2025-08-05,28220.0,28245.0,40549.5390625,0.0,0,0.0,0.0,0.0,0.0,149.50504109577741,1948905.0,109223468.93326682,109068507.07726681,-154961.85600000003,55.96399366683692,17,
2025-08-06,28075.0,28605.0,40794.859375,0.0,0,0.0,0.0,0.0,0.0,151.41057534248102,1973745.0,109223468.93326682,109093195.66669148,-130273.26657534248,55.27218342120764,17,
2025-08-07,28380.0,28920.0,41059.1484375,0.0,0,0.0,0.0,0.0,0.0,153.07791780820116,1995480.0,109223468.93326682,109114777.58877367,-108691.34449315071,54.68096778157319,17,
2025-08-08,29160.0,30000.0,41820.48046875,0.0,0,0.0,0.0,0.0,0.0,158.79452054796275,2070000.0,109223468.93326682,109189138.79425313,-34330.13901369865,52.74837622910779,17,
2025-08-12,30620.0,31340.0,42718.171875,0.0,0,0.0,0.0,0.0,0.0,165.88734246580862,2162460.0,109223468.93326682,109281432.90691066,57963.97364383559,50.53570142657467,17,
2025-08-13,32040.0,32180.0,43274.671875,0.0,0,2050149.8879999998,108269.92232876696,86274.88760767794,21995.034721089007,12.343013698700815,160900.0,109309743.8208745,109308015.41717587,-1728.4036986301303,679.3537316170035,17,
2025-08-14,31840.0,31200.0,42649.26171875,0.0,0,0.0,0.0,0.0,0.0,11.967123287613504,156000.0,109309743.8208745,109303103.45005257,-6640.370821917802,700.660919551619,17,
2025-08-15,31500.0,32280.0,43378.30859375,0.0,0,0.0,0.0,0.0,0.0,12.381369863054715,161400.0,109309743.8208745,109308491.06868272,-1252.752191780815,677.2521131888644,17,
2025-08-18,32380.0,32730.0,43714.30859375,0.0,0,0.0,0.0,0.0,0.0,12.553972602705471,163650.0,109309743.8208745,109310728.51471011,984.6938356164451,667.9543447278345,17,
2025-08-19,32940.0,32470.0,43546.2890625,0.0,0,0.0,0.0,0.0,0.0,12.454246575362049,162350.0,109309743.8208745,109309416.06046353,-327.7604109588974,673.2948325251834,17,
2025-08-20,32010.0,31510.0,42888.55078125,0.0,0,0.0,0.0,0.0,0.0,12.086027397308499,157550.0,109309743.8208745,109304603.97443613,-5139.846438356158,693.7772388094962,17,
2025-08-21,31400.0,31160.0,42610.171875,0.0,0,0.0,0.0,0.0,0.0,11.951780821895227,155800.0,109309743.8208745,109302842.02265532,-6901.798219178076,701.5586779374539,17,
2025-08-22,31200.0,31100.0,42633.2890625,0.0,0,0.0,0.0,0.0,0.0,11.928767123259604,155500.0,109309743.8208745,109302530.0938882,-7213.7269863013635,702.9101613754867,17,
2025-08-25,31800.0,31400.0,42807.8203125,0.0,0,0.0,0.0,0.0,0.0,12.043835616437718,157000.0,109309743.8208745,109304018.05005258,-5725.770821917802,696.2039366245388,17,
2025-08-26,31180.0,30810.0,42394.3984375,0.0,0,0.0,0.0,0.0,0.0,11.81753424659837,154050.0,109309743.8208745,109301056.23251833,-8687.588356164377,709.516755809921,17,
2025-08-27,30930.0,30970.0,42520.26953125,0.0,0,0.0,0.0,0.0,0.0,11.878904109587893,154850.0,109309743.8208745,109301844.35361423,-7899.4672602739665,705.8562760969598,17,
2025-08-28,30730.0,31450.0,42828.7890625,0.0,0,0.0,0.0,0.0,0.0,12.06301369855646,157250.0,109309743.8208745,109304232.29060052,-5511.530273972596,695.0984565380002,17,
2025-08-29,31410.0,31300.0,42718.46875,0.0,0,0.0,0.0,0.0,0.0,12.005479452083819,156500.0,109309743.8208745,109303470.28512107,-6273.5357534246505,698.4247302563647,17,
2025-09-01,30680.0,30490.0,42188.7890625,0.0,0,0.0,0.0,0.0,0.0,11.69479452050291,152450.0,109309743.8208745,109299408.59032655,-10335.230547945197,716.9524997725586,17,
2025-09-02,30690.0,30640.0,42310.48828125,0.0,0,0.0,0.0,0.0,0.0,11.752328767091967,153200.0,109309743.8208745,109300146.83799778,-9596.982876712322,713.4474336683928,17,
2025-09-03,30340.0,30090.0,41938.890625,0.0,0,0.0,0.0,0.0,0.0,11.541369862970896,150450.0,109309743.8208745,109297385.29662792,-12358.524246575336,726.4698258333527,17,
2025-09-04,30300.0,31040.0,42580.26953125,0.0,0,0.0,0.0,0.0,0.0,11.905753424740396,155200.0,109309743.8208745,109302123.39087449,-7620.429999999993,704.2662589618202,17,
2025-09-05,31690.0,31660.0,43018.75,0.0,0,0.0,0.0,0.0,0.0,12.143561643897556,158300.0,109309743.8208745,109305211.24731286,-4532.573561643829,690.4940697871943,17,
2025-09-08,32360.0,32620.0,43643.80859375,0.0,0,0.0,0.0,0.0,0.0,12.511780821951106,163100.0,109309743.8208745,109309998.73553203,254.9146575342536,670.2023221062663,17,
2025-09-09,32970.0,32310.0,43459.2890625,0.0,0,0.0,0.0,0.0,0.0,12.392876712256111,161550.0,109309743.8208745,109308436.34265532,-1307.4782191780753,676.6229423872195,17,
2025-09-10,32400.0,32860.0,43837.671875,0.0,0,0.0,0.0,0.0,0.0,12.603835616377182,164300.0,109309743.8208745,109311173.7388197,1429.9179452054864,665.3145084529501,17,
2025-09-11,33020.0,33680.0,44372.5,0.0,0,165066.97999999998,2196.8979452054823,1750.5981276369885,446.2998175684937,0.0,0.0,109311494.41900213,109311494.41900213,0.0,inf,17,
2025-09-12,34380.0,34270.0,44768.12109375,0.0,0,0.0,0.0,0.0,0.0,0.0,0.0,109311494.41900213,109311494.41900213,0.0,inf,17,
2025-09-16,34540.0,34460.0,44902.26953125,0.0,0,0.0,0.0,0.0,0.0,0.0,0.0,109311494.41900213,109311494.41900213,0.0,inf,17,
2025-09-17,34300.0,34350.0,44790.37890625,0.0,0,0.0,0.0,0.0,0.0,0.0,0.0,109311494.41900213,109311494.41900213,0.0,inf,17,
2025-09-18,34590.0,35150.0,45303.4296875,0.0,0,0.0,0.0,0.0,0.0,0.0,0.0,109311494.41900213,109311494.41900213,0.0,inf,17,
2025-09-19,35970.0,34660.0,45045.80859375,0.0,0,0.0,0.0,0.0,0.0,0.0,0.0,109311494.41900213,109311494.41900213,0.0,inf,17,
2025-09-22,35000.0,35410.0,45493.66015625,0.0,0,0.0,0.0,0.0,0.0,0.0,0.0,109311494.41900213,109311494.41900213,0.0,inf,17,
2025-09-24,35310.0,35640.0,45630.30859375,0.0,0,0.0,0.0,0.0,0.0,0.0,0.0,109311494.41900213,109311494.41900213,0.0,inf,17,
2025-09-25,35570.0,35790.0,45754.9296875,0.0,0,0.0,0.0,0.0,0.0,0.0,0.0,109311494.41900213,109311494.41900213,0.0,inf,17,
2025-09-26,35580.0,35210.0,45354.98828125,0.0,0,0.0,0.0,0.0,0.0,0.0,0.0,109311494.41900213,109311494.41900213,0.0,inf,17,
2025-09-29,35340.0,35080.0,45043.75,0.0,0,0.0,0.0,0.0,0.0,0.0,0.0,109311494.41900213,109311494.41900213,0.0,inf,17,
2025-09-30,35170.0,34970.0,44932.62890625,0.0,0,0.0,0.0,0.0,0.0,0.0,0.0,109311494.41900213,109311494.41900213,0.0,inf,17,
2025-10-01,34760.0,34410.0,44550.8515625,0.0,0,0.0,0.0,0.0,0.0,0.0,0.0,109311494.41900213,109311494.41900213,0.0,inf,17,
2025-10-02,34910.0,35000.0,44936.73046875,0.0,0,0.0,0.0,0.0,0.0,0.0,0.0,109311494.41900213,109311494.41900213,0.0,inf,17,
2025-10-03,35210.0,36260.0,45769.5,0.0,0,0.0,0.0,0.0,0.0,0.0,0.0,109311494.41900213,109311494.41900213,0.0,inf,17,
2025-10-06,39060.0,39780.0,47944.76171875,0.0,0,0.0,0.0,0.0,0.0,0.0,0.0,109311494.41900213,109311494.41900213,0.0,inf,17,
2025-10-07,40430.0,39710.0,47950.87890625,0.0,0,0.0,0.0,0.0,0.0,0.0,0.0,109311494.41900213,109311494.41900213,0.0,inf,17,
2025-10-08,39640.0,39400.0,47734.98828125,0.0,0,0.0,0.0,0.0,0.0,0.0,0.0,109311494.41900213,109311494.41900213,0.0,inf,17,
2025-10-09,40070.0,40760.0,48580.44140625,0.0,0,0.0,0.0,0.0,0.0,0.0,0.0,109311494.41900213,109311494.41900213,0.0,inf,17,
2025-10-10,40770.0,39900.0,48088.80078125,0.0,0,0.0,0.0,0.0,0.0,0.0,0.0,109311494.41900213,109311494.41900213,0.0,inf,17,
2025-10-14,39200.0,37820.0,46847.3203125,0.0,0,0.0,0.0,0.0,0.0,0.0,0.0,109311494.41900213,109311494.41900213,0.0,inf,17,
2025-10-15,38120.0,39200.0,47672.671875,0.0,0,0.0,0.0,0.0,0.0,0.0,0.0,109311494.41900213,109311494.41900213,0.0,inf,17,
2025-10-16,39900.0,40150.0,48277.73828125,0.0,0,0.0,0.0,0.0,0.0,0.0,0.0,109311494.41900213,109311494.41900213,0.0,inf,17,
2025-10-17,39330.0,38930.0,47582.1484375,0.0,0,0.0,0.0,0.0,0.0,0.0,0.0,109311494.41900213,109311494.41900213,0.0,inf,17,
2025-10-20,40330.0,41600.0,49185.5,0.0,0,0.0,0.0,0.0,0.0,0.0,0.0,109311494.41900213,109311494.41900213,0.0,inf,17,
2025-10-21,42480.0,41770.0,49316.05859375,0.0,0,0.0,0.0,0.0,0.0,0.0,0.0,109311494.41900213,109311494.41900213,0.0,inf,17,
2025-10-22,41680.0,41820.0,49307.7890625,0.0,0,0.0,0.0,0.0,0.0,0.0,0.0,109311494.41900213,109311494.41900213,0.0,inf,17,
2025-10-23,40500.0,40700.0,48641.609375,0.0,0,0.0,0.0,0.0,0.0,0.0,0.0,109311494.41900213,109311494.41900213,0.0,inf,17,
2025-10-27,43120.0,43890.0,50512.3203125,0.0,0,0.0,0.0,0.0,0.0,0.0,0.0,109311494.41900213,109311494.41900213,0.0,inf,17,
2025-10-28,43560.0,43330.0,50219.1796875,0.0,0,0.0,0.0,0.0,0.0,0.0,0.0,109311494.41900213,109311494.41900213,0.0,inf,17,
2025-10-29,44170.0,45350.0,51307.6484375,0.0,0,0.0,0.0,0.0,0.0,0.0,0.0,109311494.41900213,109311494.41900213,0.0,inf,17,
2025-10-30,44920.0,45200.0,51325.609375,0.0,0,0.0,0.0,0.0,0.0,0.0,0.0,109311494.41900213,109311494.41900213,0.0,inf,17,
2025-10-31,45900.0,47210.0,52411.33984375,0.0,0,0.0,0.0,0.0,0.0,0.0,0.0,109311494.41900213,109311494.41900213,0.0,inf,17,
2025-11-04,47160.0,45730.0,51497.19921875,0.0,0,0.0,0.0,0.0,0.0,0.0,0.0,109311494.41900213,109311494.41900213,0.0,inf,17,
2025-11-05,43940.0,43340.0,50212.26953125,0.0,0,0.0,0.0,0.0,0.0,0.0,0.0,109311494.41900213,109311494.41900213,0.0,inf,17,
2025-11-06,45000.0,44240.0,50883.6796875,0.0,0,0.0,0.0,0.0,0.0,0.0,0.0,109311494.41900213,109311494.41900213,0.0,inf,17,
2025-11-07,43090.0,43400.0,50276.37109375,0.0,0,0.0,0.0,0.0,0.0,0.0,0.0,109311494.41900213,109311494.41900213,0.0,inf,17,
2025-11-10,44100.0,44460.0,50911.76171875,0.0,0,0.0,0.0,0.0,0.0,0.0,0.0,109311494.41900213,109311494.41900213,0.0,inf,17,
2025-11-11,45160.0,44300.0,50842.9296875,0.0,0,0.0,0.0,0.0,0.0,0.0,0.0,109311494.41900213,109311494.41900213,0.0,inf,17,
2025-11-12,44280.0,44680.0,51063.30859375,0.0,0,0.0,0.0,0.0,0.0,0.0,0.0,109311494.41900213,109311494.41900213,0.0,inf,17,
2025-11-13,44510.0,45040.0,51281.828125,0.0,0,0.0,0.0,0.0,0.0,0.0,0.0,109311494.41900213,109311494.41900213,0.0,inf,17,
2025-11-14,43210.0,43440.0,50376.53125,0.0,0,0.0,0.0,0.0,0.0,0.0,0.0,109311494.41900213,109311494.41900213,0.0,inf,17,
2025-11-17,43110.0,43460.0,50323.91015625,0.0,0,0.0,0.0,0.0,0.0,0.0,0.0,109311494.41900213,109311494.41900213,0.0,inf,17,
2025-11-18,42640.0,40760.0,48702.98046875,0.0,0,0.0,0.0,0.0,0.0,0.0,0.0,109311494.41900213,109311494.41900213,0.0,inf,17,
2025-11-19,40780.0,40390.0,48537.69921875,40788.156,1,0.0,0.0,0.0,0.0,3.098410958889872,40390.0,109311494.41900213,109311093.16459118,-401.25441095890676,2706.390026357791,17,
2025-11-20,43280.0,42390.0,49823.94140625,43288.656,1,0.0,0.0,0.0,0.0,6.503671232843772,84780.0,109311494.41900213,109312188.00491995,693.5859178082138,1289.362915840056,17,
2025-11-21,40160.0,40520.0,48625.87890625,0.0,0,0.0,0.0,0.0,0.0,6.216767123201862,81040.0,109311494.41900213,109308441.78815281,-3052.630849315074,1348.8208512852025,17,
2025-11-25,41430.0,40410.0,48659.51953125,41438.286,1,0.0,0.0,0.0,0.0,9.299835616489872,121230.0,109311494.41900213,109307184.2023172,-4310.216684931513,901.6512761058913,17,
2025-11-26,41000.0,41900.0,49559.0703125,0.0,0,0.0,0.0,0.0,0.0,9.642739726114087,125700.0,109311494.41900213,109311644.55957748,150.14057534246024,869.6232661859783,17,
2025-11-27,42600.0,42940.0,50167.1015625,0.0,0,0.0,0.0,0.0,0.0,9.882082191877998,128820.0,109311494.41900213,109314754.67749529,3260.25849315068,848.5852715222426,17,
2025-11-28,43030.0,43060.0,50253.91015625,0.0,0,86042.788,3787.6709315068474,3018.205581771231,769.465349735616,3.303232876700349,43060.0,109314512.6245839,109314264.69691266,-247.9276712328794,2538.6499000676417,17,
2025-12-01,43170.0,41510.0,49303.28125,0.0,0,0.0,0.0,0.0,0.0,3.1843287671217695,41510.0,109314512.6245839,109312711.5125839,-1801.1120000000026,2633.406685439265,17,
2025-12-02,41860.0,41400.0,49303.44921875,0.0,0,0.0,0.0,0.0,0.0,3.1758904109010473,41400.0,109314512.6245839,109312598.3366935,-1914.2878904109616,2640.4009260070893,17,
2025-12-03,41940.0,42400.0,49864.6796875,0.0,0,0.0,0.0,0.0,0.0,3.252602739725262,42400.0,109314512.6245839,109313595.08409075,-917.5404931506876,2578.1508274549706,17,
2025-12-04,42480.0,44350.0,51028.421875,0.0,0,0.0,0.0,0.0,0.0,3.4021917808568105,44350.0,109314512.6245839,109315541.68189897,1029.0573150684904,2464.8374674610814,17,
2025-12-05,43500.0,43420.0,50491.87109375,0.0,0,0.0,0.0,0.0,0.0,3.3308493150398135,43420.0,109314512.6245839,109314608.35104965,95.72646575342199,2517.6095889232993,17,
2025-12-08,43810.0,43590.0,50581.94140625,0.0,0,0.0,0.0,0.0,0.0,3.3438904109643772,43590.0,109314512.6245839,109314775.00715925,262.3825753424631,2507.7947925478147,17,
2025-12-09,43640.0,43690.0,50655.1015625,0.0,0,0.0,0.0,0.0,0.0,3.3515616438817233,43690.0,109314512.6245839,109314871.6555976,359.0310136986275,2502.057030340984,17,
2025-12-10,44050.0,43570.0,50602.80078125,0.0,0,0.0,0.0,0.0,0.0,3.342356164357625,43570.0,109314512.6245839,109314748.31324144,235.6886575342439,2508.945336544444,17,
2025-12-11,43940.0,42840.0,50148.8203125,0.0,0,0.0,0.0,0.0,0.0,3.28635616437532,42840.0,109314512.6245839,109314015.02688527,-497.5976986301397,2551.6810230365377,17,
2025-12-12,43540.0,44030.0,50836.55078125,0.0,0,0.0,0.0,0.0,0.0,3.3776438356144354,44030.0,109314512.6245839,109315201.64924143,689.0246575342439,2482.7436213772753,17,
2025-12-15,42700.0,42920.0,50168.109375,0.0,0,0.0,0.0,0.0,0.0,3.292493150685914,42920.0,109314512.6245839,109314088.35674828,-424.26783561644106,2546.926569355738,17,
2025-12-16,42540.0,41620.0,49383.2890625,0.0,0,0.0,0.0,0.0,0.0,3.1927671233424917,41620.0,109314512.6245839,109312785.16398115,-1727.4606027397288,2626.4484662177115,17,
2025-12-17,41720.0,41810.0,49512.28125,0.0,0,0.0,0.0,0.0,0.0,3.2073424657573923,41810.0,109314512.6245839,109312971.9566387,-1540.667945205482,2614.5173871475413,17,
2025-12-18,40290.0,40960.0,49001.5,0.0,0,0.0,0.0,0.0,0.0,3.142136986250989,40960.0,109314512.6245839,109312118.8145017,-2393.8100821917833,2668.7529007446706,17,
2025-12-19,41470.0,41720.0,49507.2109375,0.0,0,0.0,0.0,0.0,0.0,3.2004383561434224,41720.0,109314512.6245839,109312875.61406335,-1637.0105205479479,2620.1552160609626,17,
2025-12-22,43120.0,43130.0,50402.390625,43128.623999999996,1,0.0,0.0,0.0,0.0,6.617205479415134,86260.0,109314512.6245839,109314280.37285787,-232.2517260273961,1267.2650170746333,23,
2025-12-23,43220.0,43130.0,50412.87109375,0.0,0,0.0,0.0,0.0,0.0,6.617205479415134,86260.0,109314512.6245839,109314273.7556524,-238.86893150684816,1267.2649403623047,23,
2025-12-24,43360.0,43100.0,50344.1015625,0.0,0,0.0,0.0,0.0,0.0,6.612602739827707,86200.0,109314512.6245839,109314207.14304966,-305.4815342465742,1268.1462545597408,23,
2025-12-25,43250.0,43120.0,50407.7890625,0.0,0,0.0,0.0,0.0,0.0,6.615671232808381,86240.0,109314512.6245839,109314240.52737843,-272.0972054794509,1267.558447673683,23,
2025-12-26,43320.0,43690.0,50750.390625,0.0,0,0.0,0.0,0.0,0.0,6.703123287763447,87380.0,109314512.6245839,109315373.82425514,861.1996712328778,1251.034262122398,23,
2025-12-29,43750.0,43330.0,50526.921875,0.0,0,0.0,0.0,0.0,0.0,6.647890410851687,86660.0,109314512.6245839,109314647.17636472,134.55178082191898,1261.4198843337724,23,
2025-12-30,43030.0,43100.0,50339.48046875,0.0,0,0.0,0.0,0.0,0.0,6.612602739827707,86200.0,109314512.6245839,109314180.56376198,-332.06082191780706,1268.1459462153362,23,
2026-01-05,45000.0,45740.0,51832.80078125,0.0,0,0.0,0.0,0.0,0.0,7.017643835628405,91480.0,109314512.6245839,109319453.54611814,4940.921534246576,1195.0093304123102,23,
2026-01-06,46260.0,46850.0,52518.078125,0.0,0,92501.496,5962.417534246575,4751.152412164383,1211.2651220821917,0.0,0.0,109319263.77699606,109319263.77699606,0.0,inf,23,
2026-01-07,46250.0,45810.0,51961.98046875,0.0,0,0.0,0.0,0.0,0.0,0.0,0.0,109319263.77699606,109319263.77699606,0.0,inf,23,
2026-01-08,45510.0,44350.0,51117.26171875,0.0,0,0.0,0.0,0.0,0.0,0.0,0.0,109319263.77699606,109319263.77699606,0.0,inf,23,
2026-01-09,44900.0,45710.0,51939.890625,0.0,0,0.0,0.0,0.0,0.0,0.0,0.0,109319263.77699606,109319263.77699606,0.0,inf,23,
2026-01-13,49060.0,48610.0,53549.16015625,0.0,0,0.0,0.0,0.0,0.0,0.0,0.0,109319263.77699606,109319263.77699606,0.0,inf,23,
2026-01-14,49280.0,50110.0,54341.23046875,0.0,0,0.0,0.0,0.0,0.0,0.0,0.0,109319263.77699606,109319263.77699606,0.0,inf,23,
2026-01-15,49360.0,49650.0,54110.5,0.0,0,0.0,0.0,0.0,0.0,0.0,0.0,109319263.77699606,109319263.77699606,0.0,inf,23,
2026-01-16,49590.0,49360.0,53936.171875,0.0,0,0.0,0.0,0.0,0.0,0.0,0.0,109319263.77699606,109319263.77699606,0.0,inf,23,
2026-01-19,48120.0,48670.0,53583.5703125,0.0,0,0.0,0.0,0.0,0.0,0.0,0.0,109319263.77699606,109319263.77699606,0.0,inf,23,
2026-01-20,48380.0,47600.0,52991.1015625,0.0,0,0.0,0.0,0.0,0.0,0.0,0.0,109319263.77699606,109319263.77699606,0.0,inf,23,
2026-01-21,46200.0,47080.0,52774.640625,0.0,0,0.0,0.0,0.0,0.0,0.0,0.0,109319263.77699606,109319263.77699606,0.0,inf,23,
2026-01-22,48460.0,48740.0,53688.890625,0.0,0,0.0,0.0,0.0,0.0,0.0,0.0,109319263.77699606,109319263.77699606,0.0,inf,23,
2026-01-23,49250.0,49070.0,53846.87109375,837417.45,17,0.0,0.0,0.0,0.0,63.99265753419604,834190.0,109319263.77699606,109315972.33433853,-3291.4426575342,131.04445310341592,24,
2026-01-26,47670.0,47370.0,52885.25,190718.136,4,0.0,0.0,0.0,0.0,76.31112328765448,994770.0,109319263.77699606,109285757.88721524,-33505.88978082187,109.8603273995147,24,
2026-01-27,47350.0,48050.0,53333.5390625,426235.23,9,0.0,0.0,0.0,0.0,110.58082191774156,1441500.0,109319263.77699606,109306142.07639332,-13121.700602739656,75.82805555074111,24,
2026-01-28,47450.0,48110.0,53358.7109375,47459.49,1,0.0,0.0,0.0,0.0,114.40953424666077,1491410.0,109319263.77699606,109308478.17685908,-10785.600136986232,73.29203785468722,24,
2026-01-29,48810.0,48150.0,53375.6015625,48819.762,1,0.0,0.0,0.0,0.0,118.19835616427008,1540800.0,109319263.77699606,109308930.2165029,-10333.560493150617,70.94297132431393,24,
2026-01-30,47990.0,48070.0,53322.8515625,47999.598,1,0.0,0.0,0.0,0.0,121.68953424680512,1586310.0,109319263.77699606,109306318.92896867,-12944.848027397193,68.90602652001732,24,
2026-02-02,48550.0,46990.0,52655.1796875,48559.71,1,0.0,0.0,0.0,0.0,122.56021917797625,1597660.0,109319263.77699606,109268986.65874949,-50277.11824657528,68.39314163135428,24,
2026-02-03,49090.0,50650.0,54720.66015625,147299.454,3,0.0,0.0,0.0,0.0,143.76273972610943,1874050.0,109319263.77699606,109397933.44200976,78669.66501369872,58.375141240633795,24,
2026-02-04,49450.0,49830.0,54293.359375,0.0,0,692161.5399999999,27426.361041095908,21854.695795597272,5571.665245498633,87.91923287673853,1146090.0,109341118.47279167,109356475.3975314,15356.924739726079,95.4170051196079,24,
2026-02-05,49750.0,49010.0,53818.0390625,0.0,0,0.0,0.0,0.0,0.0,86.47243835625704,1127230.0,109341118.47279167,109337528.92509304,-3589.5476986300887,96.99664569350801,24,
2026-02-06,47690.0,49680.0,54253.6796875,95399.076,2,0.0,0.0,0.0,0.0,95.27671232889406,1242000.0,109341118.47279167,109356804.5723807,15686.099589041143,88.04895698259317,24,
2026-02-09,54740.0,53410.0,56363.94140625,54750.948,1,0.0,0.0,0.0,0.0,106.52734246547334,1388660.0,109341118.47279167,109448607.09703825,107488.6242465754,78.81598598435777,24,
2026-02-10,54880.0,55930.0,57650.5390625,0.0,0,1371725.5999999999,145309.26945205475,115789.69136286984,29519.57808918492,4.290520547889173,55930.0,109456908.16415453,109458078.8284285,1170.664273972606,1957.0548690940195,24,
2026-02-12,56380.0,56050.0,57639.83984375,225565.104,4,0.0,0.0,0.0,0.0,21.49863013694994,280250.0,109456908.16415453,109456812.22579837,-95.93835616437218,390.56846467724665,24,
2026-02-13,55050.0,54720.0,56941.96875,110122.02,2,0.0,0.0,0.0,0.0,29.38389041100163,383040.0,109456908.16415453,109449450.82190795,-7457.342246575336,285.738958912667,24,
2026-02-16,55570.0,54410.0,56806.41015625,111162.228,2,0.0,0.0,0.0,0.0,37.565260273986496,489690.0,109456908.16415453,109444901.02864768,-12007.13550684931,223.49833778236777,24,
2026-02-17,54420.0,53780.0,56566.48828125,108861.768,2,0.0,0.0,0.0,0.0,45.3814794520149,591580.0,109456908.16415453,109437883.87916823,-19024.28498630136,184.99253504034658,24,
2026-02-18,54320.0,54980.0,57143.83984375,217323.456,4,0.0,0.0,0.0,0.0,63.26465753430966,824700.0,109456908.16415453,109453617.1585107,-3291.005643835615,132.71931266946854,24,
2026-02-19,55580.0,55580.0,57467.828125,55591.116,1,0.0,0.0,0.0,0.0,68.21873972588219,889280.0,109456908.16415453,109462537.82377097,5629.659616438357,123.09119492597492,24,
2026-02-20,54810.0,54370.0,56825.69921875,0.0,0,0.0,0.0,0.0,0.0,66.73358904116321,869920.0,109456908.16415453,109443111.09018193,-13797.073972602742,125.8082479885299,24,
2026-02-24,54020.0,55210.0,57321.08984375,108061.608,2,0.0,0.0,0.0,0.0,76.23517808201723,993780.0,109456908.16415453,109458833.24700384,1925.0828493150746,110.14392848216289,24,
2026-02-25,56210.0,57780.0,58583.12109375,0.0,0,0.0,0.0,0.0,0.0,79.78389041102491,1040040.0,109456908.16415453,109505013.46311343,48105.29895890412,105.28923259020175,24,
2026-02-26,58780.0,58110.0,58753.390625,0.0,0,470145.952,35745.614027397256,28483.892537731503,7261.721489665753,44.57753424649127,581100.0,109485392.05669227,109508913.11608954,23521.059397260276,188.45106370003361,24,
2026-02-27,57380.0,58200.0,58850.26953125,57391.475999999995,1,57368.524000000005,2566.6136986301453,2045.2061257534315,521.407572876714,44.64657534251455,582000.0,109487437.26281802,109509224.10994132,21786.84712328768,188.1601788830607,24,
2026-03-02,55980.0,56580.0,58057.23828125,55991.195999999996,1,111937.60800000001,1730.1089863013733,1378.6373457342493,351.471640567124,39.063452054862864,509220.0,109488815.90016375,109491999.98684868,3184.086684931519,215.01904871538565,24,
2026-03-03,56000.0,53190.0,56279.05078125,168033.59999999998,3,0.0,0.0,0.0,0.0,48.9639452053234,638280.0,109488815.90016375,109452977.42290348,-35838.47726027394,171.4811327675996,24,
2026-03-04,50550.0,49290.0,54245.5390625,657281.43,13,0.0,0.0,0.0,0.0,94.52876712323632,1232250.0,109488815.90016375,109389571.46413636,-99244.43602739727,88.77222273413379,24,
2026-03-05,52930.0,51160.0,55278.05859375,899989.9619999999,17,0.0,0.0,0.0,0.0,164.83331506850664,2148720.0,109488815.90016375,109405886.66882129,-82929.23134246572,50.91677215682885,24,
2026-03-06,50160.0,51840.0,55620.83984375,50170.032,1,0.0,0.0,0.0,0.0,171.000986301573,2229120.0,109488815.90016375,109435945.63583499,-52870.26432876708,49.093788416879754,24,
2026-03-09,45640.0,46460.0,52728.71875,0.0,0,0.0,0.0,0.0,0.0,153.25435616425239,1997780.0,109488815.90016375,109204452.38147882,-284363.51868493145,54.6629020119727,24,
2026-03-10,49190.0,49010.0,54248.390625,639597.894,13,0.0,0.0,0.0,0.0,210.5415890412405,2744560.0,109488815.90016375,109311423.94588979,-177391.95427397251,39.82839651743441,1,
2026-03-11,50410.0,50260.0,55025.37109375,605040.984,12,0.0,0.0,0.0,0.0,262.178191781044,3417680.0,109488815.90016375,109379240.78369801,-109575.1164657534,32.003944425369845,1,
2026-03-12,49260.0,49460.0,54452.9609375,640508.076,13,0.0,0.0,0.0,0.0,307.3295342467027,4006260.0,109488815.90016375,109327005.37816375,-161810.52200000003,27.2890439906955,1,
2026-03-13,47450.0,48140.0,53819.609375,616973.37,13,0.0,0.0,0.0,0.0,347.1355616438668,4525160.0,109488815.90016375,109228584.8726021,-260231.0275616438,24.13806028352635,1,
2026-03-16,48010.0,48040.0,53751.1484375,624254.826,13,0.0,0.0,0.0,0.0,394.3228493152419,5140280.0,109488815.90016375,109219055.7237528,-269760.1764109589,21.247686064524267,1,
2026-03-17,48870.0,48030.0,53700.390625,635437.0619999999,13,0.0,0.0,0.0,0.0,442.1391780823469,5763600.0,109488815.90016375,109206496.52257471,-282319.3775890409,18.94761893999839,1,
2026-03-18,49200.0,50850.0,55239.3984375,639727.9199999999,13,0.0,0.0,0.0,0.0,518.809315068298,6763050.0,109488815.90016375,109565699.79325965,76883.89309589058,16.200634298616695,1,
2026-03-19,48180.0,47260.0,53372.53125,626465.2679999999,13,1252429.4640000002,10860.224931507006,8653.970236671357,2206.254694835648,435.0509589040885,5671200.0,109497469.87040043,109097172.68360591,-400297.18679452036,19.237052596206432,1,
2026-03-23,43760.0,43980.0,51515.48828125,612762.528,14,0.0,0.0,0.0,0.0,452.09030137001537,5893320.0,109497469.87040043,108706078.06530453,-791391.8050958903,18.44564321389379,1,
2026-03-24,45970.0,45270.0,52252.28125,643708.7159999999,14,0.0,0.0,0.0,0.0,513.9695342466002,6699960.0,109497469.87040043,108868495.3797703,-628974.4906301368,16.249126170868227,1,
2026-03-25,47450.0,47830.0,53749.62109375,616973.37,13,0.0,0.0,0.0,0.0,590.7332602743991,7700630.0,109497469.87040043,109251601.27651002,-245868.59389041064,14.18735886239308,1,
2026-03-26,48110.0,47400.0,53603.6484375,625555.0859999999,13,1346810.584,90092.13298630145,71789.91617013431,18302.21681616714,530.8800000000047,6920400.0,109569259.78657056,109173793.67769386,-395466.108876712,15.775647892852128,1,
2026-03-27,46700.0,47200.0,53373.0703125,653930.76,14,0.0,0.0,0.0,0.0,579.3315068490338,7552000.0,109569259.78657056,109150883.586187,-418376.2003835614,14.453242000289594,1,
2026-03-30,43000.0,45000.0,51885.8515625,645129.0,15,0.0,0.0,0.0,0.0,604.1095890410943,7875000.0,109569259.78657056,108828150.47659796,-741109.3099726024,13.819447679567995,1,
2026-03-31,43400.0,43890.0,51063.71875,651130.2,15,650869.8,5689.019178082239,4533.294932054832,1155.7242460274067,589.2082191784866,7680750.0,109573793.08150262,108631895.14413275,-941897.9373698627,14.143396822463007,1,
2026-04-01,46750.0,48330.0,53739.6796875,280556.1,6,0.0,0.0,0.0,0.0,671.0587397258496,8747730.0,109573793.08150262,109417647.98539303,-156145.09610958866,12.508119018921827,7,
2026-04-02,49030.0,46000.0,52463.26953125,294238.836,6,1421585.6260000002,116220.48780821926,92610.29570997952,23610.192098239742,557.5452054794878,7268000.0,109666403.3772126,109041097.0380893,-625306.3391232874,15.002902729511462,7,
2026-04-03,47340.0,47100.0,53123.48828125,284096.808,6,0.0,0.0,0.0,0.0,592.5567123291548,7724400.0,109666403.3772126,109212807.67337698,-453595.7038356161,14.138678431124356,7,
2026-04-06,47220.0,47670.0,53413.6796875,283376.664,6,0.0,0.0,0.0,0.0,621.669041096,8103900.0,109666403.3772126,109308309.34033589,-358094.036876712,13.488358610093398,7,
2026-04-07,48060.0,47750.0,53429.55859375,288417.672,6,0.0,0.0,0.0,0.0,644.6904109590687,8404000.0,109666403.3772126,109319346.97792493,-347056.3992876708,13.008013681333285,7,
2026-04-08,52180.0,52900.0,56308.421875,0.0,0,0.0,0.0,0.0,0.0,714.2224657534389,9310400.0,109666403.3772126,110225032.75545917,558629.3782465757,11.838914843128027,1,
2026-04-09,52870.0,52140.0,55895.3203125,0.0,0,7770335.621999998,595279.0159452051,474348.08385593677,120930.93208926842,115.99364383565262,1512060.0,110140751.46106853,110075981.45172606,-64770.00934246566,72.79868619745649,1,
2026-04-10,53070.0,53800.0,56924.109375,0.0,0,0.0,0.0,0.0,0.0,119.68657534243539,1560200.0,110140751.46106853,110124001.76515071,-16749.695917808123,70.58325968795712,1,
2026-04-13,52800.0,53100.0,56502.76953125,0.0,0,0.0,0.0,0.0,0.0,118.12931506859604,1539900.0,110140751.46106853,110103583.63583565,-37167.825232876625,71.50047641784249,1,
2026-04-14,54760.0,55560.0,57877.390625,0.0,0,0.0,0.0,0.0,0.0,123.60197260254063,1611240.0,110140751.46106853,110174800.03386305,34048.572794520645,68.37888833064164,1,
2026-04-15,57000.0,56180.0,58134.23828125,0.0,0,968806.2,67035.56764383563,53417.29207699042,13618.275566845208,51.716383561491966,674160.0,110194168.75314552,110192856.24191263,-1312.5112328766766,163.45208295050526,1,
2026-04-16,56940.0,59020.0,59518.33984375,0.0,0,0.0,0.0,0.0,0.0,54.33073972607963,708240.0,110194168.75314552,110226881.91117291,32713.158027397294,155.63492871226268,1,
2026-04-17,58390.0,57070.0,58475.8984375,0.0,0,642161.542,24156.425123287718,19249.04735949182,4907.3777637959,4.377972602727823,57070.0,110213417.80050501,110212961.69743653,-456.1030684931458,1931.189095802287,1,
2026-04-20,57570.0,57370.0,58824.890625,0.0,0,0.0,0.0,0.0,0.0,4.400986301363446,57370.0,110213417.80050501,110213257.29645021,-160.5040547945157,1921.0956474891095,1,
2026-04-21,57830.0,58390.0,59349.171875,0.0,0,0.0,0.0,0.0,0.0,4.479232876677997,58390.0,110213417.80050501,110214272.81721734,855.016712328772,1887.5539102109494,1,
2026-04-22,57860.0,58850.0,59585.859375,0.0,0,0.0,0.0,0.0,0.0,4.514520547934808,58850.0,110213417.80050501,110214728.3026968,1310.5021917808267,1872.8076177178725,1,
2026-04-23,59540.0,57970.0,59140.23046875,0.0,0,0.0,0.0,0.0,0.0,4.4470136986346915,57970.0,110213417.80050501,110213843.85568309,426.0551780821966,1901.2220778968965,1,
2026-04-24,58500.0,59020.0,59716.1796875,409581.89999999997,7,0.0,0.0,0.0,0.0,36.22049315075856,472160.0,110213417.80050501,110218415.73518994,4997.934684931547,233.43446233308612,1,
2026-04-27,59790.0,60810.0,60537.359375,0.0,0,0.0,0.0,0.0,0.0,37.31901369872503,486480.0,110213417.80050501,110232698.41617624,19280.615671232918,226.59245686600937,1,
2026-04-28,60380.0,59440.0,59917.4609375,0.0,0,482943.392,15744.007671232908,12545.612512821945,3198.3951584109655,0.0,0.0,110225963.41301784,110225963.41301784,0.0,inf,1,
2026-04-30,57960.0,58070.0,59284.921875,0.0,0,0.0,0.0,0.0,0.0,0.0,0.0,110225963.41301784,110225963.41301784,0.0,inf,1,
2026-05-01,58940.0,58570.0,59513.12109375,530566.092,9,0.0,0.0,0.0,0.0,40.43736986303702,527130.0,110225963.41301784,110222486.88364798,-3476.52936986296,209.09924854143756,1,
2026-05-07,63400.0,65520.0,62833.83984375,0.0,0,0.0,0.0,0.0,0.0,45.23572602740023,589680.0,110225963.41301784,110284991.64792195,59028.234904109646,187.02515202808632,1,
2026-05-08,64560.0,64800.0,62713.6484375,0.0,0,580923.792,50272.02690410966,40059.26463853978,10212.762265569878,0.0,0.0,110266022.67765637,110266022.67765637,0.0,inf,1,
2026-05-11,66270.0,64310.0,62417.87890625,0.0,0,0.0,0.0,0.0,0.0,0.0,0.0,110266022.67765637,110266022.67765637,0.0,inf,1,
2026-05-12,65150.0,64830.0,62742.5703125,0.0,0,0.0,0.0,0.0,0.0,0.0,0.0,110266022.67765637,110266022.67765637,0.0,inf,1,
2026-05-13,63950.0,66000.0,63272.109375,0.0,0,0.0,0.0,0.0,0.0,0.0,0.0,110266022.67765637,110266022.67765637,0.0,inf,1,
2026-05-14,66780.0,64770.0,62654.05078125,0.0,0,0.0,0.0,0.0,0.0,0.0,0.0,110266022.67765637,110266022.67765637,0.0,inf,1,
2026-05-15,65350.0,62240.0,61409.2890625,457541.49,7,0.0,0.0,0.0,0.0,33.42202739720233,435680.0,110266022.67765637,110244127.76562896,-21894.91202739725,253.03922090899047,1,
2026-05-18,62680.0,60970.0,60815.94921875,626925.36,10,0.0,0.0,0.0,0.0,79.5115616437979,1036490.0,110266022.67765637,110217932.89406733,-48089.78358904108,106.33767126944528,1,
2026-05-19,61890.0,60530.0,60550.58984375,619023.78,10,0.0,0.0,0.0,0.0,125.37172602734063,1634310.0,110266022.67765637,110196603.7423413,-69418.93531506849,67.4269898258845,1,
2026-05-20,60220.0,59060.0,59804.41015625,602320.4400000001,10,0.0,0.0,0.0,0.0,167.63331506866962,2185220.0,110266022.67765637,110145025.66902623,-120997.00863013705,50.404547674388034,1,
2026-05-21,61820.0,62540.0,61684.140625,618323.64,10,0.0,0.0,0.0,0.0,225.48668493144214,2939380.0,110266022.67765637,110280636.54234129,14613.864684931428,37.518332621961534,1,
2026-05-22,63980.0,65880.0,63339.0703125,639927.96,10,639672.04,37258.31780821915,29689.29054547943,7569.027262739721,237.52898630162235,3096360.0,110295711.96820185,110429554.06609225,133842.09789041098,35.664313602453284,1,
2026-05-25,66880.0,70010.0,65158.19140625,0.0,0,2005998.72,141200.1460273972,112515.33636193146,28684.809665465742,91.30071232875343,1190170.0,110408227.30456379,110500586.67571448,92359.37115068498,92.84437238017634,1,
2026-05-26,70110.0,69260.0,64996.08984375,0.0,0,1191631.6260000002,93820.99715068503,74761.26157952336,19059.735571161662,0.0,0.0,110482988.5661433,110482988.5661433,0.0,inf,1,
2026-05-27,72450.0,69560.0,64999.41015625,0.0,0,0.0,0.0,0.0,0.0,0.0,0.0,110482988.5661433,110482988.5661433,0.0,inf,1,
2026-05-28,68560.0,68680.0,64693.12109375,0.0,0,0.0,0.0,0.0,0.0,0.0,0.0,110482988.5661433,110482988.5661433,0.0,inf,1,
2026-05-29,70670.0,72090.0,66329.5,0.0,0,0.0,0.0,0.0,0.0,0.0,0.0,110482988.5661433,110482988.5661433,0.0,inf,1,
2026-06-01,72090.0,73490.0,66934.328125,0.0,0,0.0,0.0,0.0,0.0,0.0,0.0,110482988.5661433,110482988.5661433,0.0,inf,1,
2026-06-02,73900.0,72930.0,66734.2421875,0.0,0,0.0,0.0,0.0,0.0,0.0,0.0,110482988.5661433,110482988.5661433,0.0,inf,1,
2026-06-03,75310.0,76720.0,68402.1328125,0.0,0,0.0,0.0,0.0,0.0,0.0,0.0,110482988.5661433,110482988.5661433,0.0,inf,1,
2026-06-05,73450.0,72670.0,66640.8125,0.0,0,0.0,0.0,0.0,0.0,0.0,0.0,110482988.5661433,110482988.5661433,0.0,inf,1,
