combo,n_components,tp_pct,n_trades,n_signals_raw,hit_rate,avg_days_to_tp,avg_win_return,failure_mean,failure_median,avg_mfe,avg_mae,expected_value
vsMA75<-5 + GOLDEN,2,20,3,25,66.6667,112.5000,19.7047,4.3414,4.3414,18.5119,-4.6293,14.5836
RSI<40 + 52W<30 + RET5<-3,3,20,4,32,50.0000,92.5000,20.8339,6.2886,6.2886,16.4636,-5.1276,13.5613
RSI<35 + 52W<30 + RET20<-5,3,20,4,24,50.0000,92.5000,20.8339,5.9101,5.9101,16.0626,-5.4490,13.3720
RSI<35 + 52W<30 + RET5<-3,3,20,4,21,50.0000,92.5000,20.8339,5.9101,5.9101,16.0626,-5.4490,13.3720
RSI<35 + BB<10 + 52W<30,3,20,4,23,50.0000,92.5000,20.8339,5.9101,5.9101,16.0626,-5.4490,13.3720
RSI<35 + BB<20 + 52W<30,3,20,4,26,50.0000,92.5000,20.8339,5.9101,5.9101,16.0626,-5.4490,13.3720
52W<30 + RET20<-5 + RET5<-3,3,20,4,23,50.0000,92.5000,20.8339,5.9101,5.9101,16.0626,-5.4490,13.3720
52W<30 + RET20<-5,2,20,4,58,50.0000,92.5000,20.8339,5.9101,5.9101,16.0626,-5.4490,13.3720
BB<20 + 52W<30 + RET20<-5,3,20,4,35,50.0000,92.5000,20.8339,5.9101,5.9101,16.0626,-5.4490,13.3720
BB<10 + 52W<30 + RET20<-5,3,20,4,25,50.0000,92.5000,20.8339,5.9101,5.9101,16.0626,-5.4490,13.3720
RSI<35 + 52W<30,2,20,4,28,50.0000,92.5000,20.8339,5.9101,5.9101,16.0626,-5.4490,13.3720
RSI<40 + 52W<30 + RET20<-5,3,20,4,37,50.0000,92.5000,20.8339,5.9101,5.9101,16.0626,-5.4490,13.3720
RSI<35 + RSI<40 + 52W<30,3,20,4,28,50.0000,92.5000,20.8339,5.9101,5.9101,16.0626,-5.4490,13.3720
52W<30 + DD<=-15 + vsMA75<-5,3,20,3,22,33.3333,17.0000,20.4831,9.3280,9.3280,14.5197,-4.3224,13.0464
52W<30 + DD<=-15,2,20,3,26,33.3333,17.0000,20.4831,9.3280,9.3280,14.5197,-4.3224,13.0464
52W<30 + DD<=-10 + DD<=-15,3,20,3,26,33.3333,17.0000,20.4831,9.3280,9.3280,14.5197,-4.3224,13.0464
DD<=-10 + RET20<-5 + GOLDEN,3,20,2,39,50.0000,168.0000,21.1848,4.3414,4.3414,17.8959,-8.1335,12.7631
RET5<-3 + GOLDEN,2,20,3,55,66.6667,169.5000,20.1603,-2.0622,-2.0622,17.0597,-10.6907,12.7528
RSI<40 + 52W<20 + RET5<-3,3,20,3,20,33.3333,17.0000,20.4831,8.7812,8.7812,16.5604,-3.7487,12.6818
52W<20 + DD<=-10 + vsMA75<-5,3,20,3,26,33.3333,17.0000,20.4831,8.7031,8.7031,14.9664,-3.4759,12.6298
52W<30 + 52W<20 + vsMA75<-5,3,20,3,26,33.3333,17.0000,20.4831,8.7031,8.7031,14.9664,-3.4759,12.6298
52W<20 + vsMA75<-5,2,20,3,26,33.3333,17.0000,20.4831,8.7031,8.7031,14.9664,-3.4759,12.6298
RSI<40 + BB<10 + 52W<30,3,20,4,38,50.0000,92.5000,20.8339,4.3934,4.3934,15.4126,-5.9700,12.6136
RSI<40 + BB<20 + 52W<30,3,20,4,48,50.0000,92.5000,20.8339,4.3934,4.3934,15.4126,-5.9700,12.6136
RSI<40 + 52W<30,2,20,4,53,50.0000,92.5000,20.8339,4.3934,4.3934,15.4126,-5.9700,12.6136
RSI<35 + BB<10 + GOLDEN,3,20,3,20,66.6667,120.0000,19.9415,-2.1176,-2.1176,18.4420,-7.2801,12.5885
RSI<35 + BB<20 + GOLDEN,3,20,3,27,66.6667,120.0000,19.9415,-2.1176,-2.1176,18.4420,-7.2801,12.5885
RSI<35 + RSI<40 + GOLDEN,3,20,3,29,66.6667,120.0000,19.9415,-2.1176,-2.1176,18.4420,-7.2801,12.5885
RSI<35 + RET20<-5 + GOLDEN,3,20,3,26,66.6667,120.0000,19.9415,-2.1176,-2.1176,18.4420,-7.2801,12.5885
RSI<35 + GOLDEN,2,20,3,29,66.6667,120.0000,19.9415,-2.1176,-2.1176,18.4420,-7.2801,12.5885
52W<30 + DD<=-15 + RET20<-5,3,20,3,21,33.3333,17.0000,20.4831,8.5636,8.5636,15.3592,-3.6133,12.5368
DD<=-10 + vsMA75<-5 + GOLDEN,3,20,2,23,50.0000,154.0000,20.5899,4.3414,4.3414,17.5985,-6.6260,12.4657
52W<30 + DD<=-15 + vsMA75<-5,3,15,3,22,33.3333,7.0000,18.6591,9.3280,9.3280,13.9729,-4.3224,12.4384
52W<30 + DD<=-15,2,15,3,26,33.3333,7.0000,18.6591,9.3280,9.3280,13.9729,-4.3224,12.4384
52W<30 + DD<=-10 + DD<=-15,3,15,3,26,33.3333,7.0000,18.6591,9.3280,9.3280,13.9729,-4.3224,12.4384
52W<30 + 52W<20 + RET20<-5,3,20,3,23,33.3333,17.0000,20.4831,8.4027,8.4027,16.0258,-4.1772,12.4295
52W<20 + RET20<-5,2,20,3,23,33.3333,17.0000,20.4831,8.4027,8.4027,16.0258,-4.1772,12.4295
BB<10 + 52W<30 + DD<=-10,3,20,4,30,50.0000,54.0000,20.4278,3.8575,3.8575,15.1865,-4.5804,12.1427
52W<30 + vsMA25<-5,2,20,4,20,50.0000,54.0000,20.4278,3.7841,3.7841,14.8311,-4.8731,12.1060
vsMA75<-5 + GOLDEN,2,15,3,25,66.6667,107.0000,15.7622,4.3414,4.3414,15.7570,-4.6293,11.9553
52W<30 + DD<=-15 + RET20<-5,3,15,3,21,33.3333,7.0000,18.6591,8.5636,8.5636,14.8124,-3.6133,11.9288
RSI<40 + 52W<30 + DD<=-10,3,20,4,38,50.0000,57.5000,19.6480,3.8575,3.8575,15.1074,-5.0733,11.7527
52W<30 + DD<=-10,2,20,4,84,50.0000,57.5000,19.6480,3.8575,3.8575,15.1074,-5.0733,11.7527
BB<20 + 52W<30 + DD<=-10,3,20,4,42,50.0000,57.5000,19.6480,3.8575,3.8575,15.1074,-5.0733,11.7527
52W<30 + DD<=-10 + RET20<-5,3,20,4,48,50.0000,57.5000,19.6480,3.8575,3.8575,15.1074,-5.0733,11.7527
RSI<35 + 52W<30 + DD<=-10,3,20,4,22,50.0000,57.5000,19.6480,3.8575,3.8575,15.1074,-5.0733,11.7527
RSI<40 + 52W<20 + RET5<-3,3,15,3,20,66.6667,11.5000,16.7725,1.6446,1.6446,15.5594,-3.7487,11.7299
52W<20 + vsMA75<-5,2,15,3,26,66.6667,11.5000,16.7725,1.4885,1.4885,13.9653,-3.4759,11.6779
52W<20 + DD<=-10 + vsMA75<-5,3,15,3,26,66.6667,11.5000,16.7725,1.4885,1.4885,13.9653,-3.4759,11.6779
52W<30 + 52W<20 + vsMA75<-5,3,15,3,26,66.6667,11.5000,16.7725,1.4885,1.4885,13.9653,-3.4759,11.6779
BB<20 + RET20<-5 + GOLDEN,3,20,3,40,66.6667,120.0000,19.9415,-5.0472,-5.0472,17.9348,-7.6482,11.6120
RET20<-5 + GOLDEN,2,20,3,60,66.6667,120.0000,19.9415,-5.0472,-5.0472,17.9348,-7.6482,11.6120
RSI<40 + RET20<-5 + GOLDEN,3,20,3,46,66.6667,120.0000,19.9415,-5.0472,-5.0472,17.9348,-7.6482,11.6120
RET20<-5 + RET5<-3 + GOLDEN,3,20,3,22,66.6667,120.0000,19.9415,-5.0472,-5.0472,17.9348,-7.6482,11.6120
BB<10 + RET20<-5 + GOLDEN,3,20,3,25,66.6667,120.0000,19.9415,-5.0472,-5.0472,17.9348,-7.6482,11.6120
DD<=-10 + STREAK>=5 + GOLDEN,3,20,2,32,50.0000,161.0000,18.8468,4.2734,4.2734,17.3115,-7.6029,11.5601
STREAK>=5 + GOLDEN,2,20,2,32,50.0000,161.0000,18.8468,4.2734,4.2734,17.3115,-7.6029,11.5601
RSI<40 + 52W<30 + RET5<-3,3,15,4,32,50.0000,81.5000,16.8309,6.2886,6.2886,14.5956,-5.1276,11.5598
52W<20 + RET20<-5,2,15,3,23,66.6667,11.5000,16.7725,0.8876,0.8876,15.0247,-4.1772,11.4776
52W<30 + 52W<20 + RET20<-5,3,15,3,23,66.6667,11.5000,16.7725,0.8876,0.8876,15.0247,-4.1772,11.4776
RSI<40 + BB<10 + 52W<20,3,20,3,27,33.3333,17.0000,20.4831,6.8859,6.8859,15.1591,-4.8718,11.4183
RSI<40 + 52W<30 + 52W<20,3,20,3,30,33.3333,17.0000,20.4831,6.8859,6.8859,15.1591,-4.8718,11.4183
RSI<40 + BB<20 + 52W<20,3,20,3,29,33.3333,17.0000,20.4831,6.8859,6.8859,15.1591,-4.8718,11.4183
RSI<40 + 52W<20,2,20,3,30,33.3333,17.0000,20.4831,6.8859,6.8859,15.1591,-4.8718,11.4183
52W<30 + RET20<-5 + RET5<-3,3,15,4,23,50.0000,81.5000,16.8309,5.9101,5.9101,14.1946,-5.4490,11.3705
RSI<35 + RSI<40 + 52W<30,3,15,4,28,50.0000,81.5000,16.8309,5.9101,5.9101,14.1946,-5.4490,11.3705
RSI<35 + 52W<30 + RET5<-3,3,15,4,21,50.0000,81.5000,16.8309,5.9101,5.9101,14.1946,-5.4490,11.3705
RSI<35 + BB<20 + 52W<30,3,15,4,26,50.0000,81.5000,16.8309,5.9101,5.9101,14.1946,-5.4490,11.3705
RSI<35 + BB<10 + 52W<30,3,15,4,23,50.0000,81.5000,16.8309,5.9101,5.9101,14.1946,-5.4490,11.3705
RSI<35 + 52W<30 + RET20<-5,3,15,4,24,50.0000,81.5000,16.8309,5.9101,5.9101,14.1946,-5.4490,11.3705
BB<20 + 52W<30 + RET20<-5,3,15,4,35,50.0000,81.5000,16.8309,5.9101,5.9101,14.1946,-5.4490,11.3705
RSI<35 + 52W<30,2,15,4,28,50.0000,81.5000,16.8309,5.9101,5.9101,14.1946,-5.4490,11.3705
52W<30 + RET20<-5,2,15,4,58,50.0000,81.5000,16.8309,5.9101,5.9101,14.1946,-5.4490,11.3705
BB<10 + 52W<30 + RET20<-5,3,15,4,25,50.0000,81.5000,16.8309,5.9101,5.9101,14.1946,-5.4490,11.3705
RSI<40 + 52W<30 + RET20<-5,3,15,4,37,50.0000,81.5000,16.8309,5.9101,5.9101,14.1946,-5.4490,11.3705
RSI<40 + BB<10 + GOLDEN,3,20,3,41,66.6667,143.5000,20.7574,-7.4680,-7.4680,17.2046,-9.0613,11.3489
RSI<40 + BB<20 + GOLDEN,3,20,3,59,66.6667,143.5000,20.7574,-7.4680,-7.4680,17.2046,-9.0613,11.3489
RSI<40 + GOLDEN,2,20,3,66,66.6667,143.5000,20.7574,-7.4680,-7.4680,17.2046,-9.0613,11.3489
RSI<40 + RET5<-3 + GOLDEN,3,20,3,30,66.6667,142.5000,20.7517,-7.4680,-7.4680,17.2004,-9.0666,11.3451
BB<10 + GOLDEN,2,20,3,59,66.6667,171.0000,20.7022,-7.4680,-7.4680,17.3739,-11.2569,11.3121
BB<20 + BB<10 + GOLDEN,3,20,3,59,66.6667,171.0000,20.7022,-7.4680,-7.4680,17.3739,-11.2569,11.3121
BB<10 + 52W<30 + RET5<-3,3,20,4,31,50.0000,92.5000,20.8339,1.7486,1.7486,15.3172,-6.0464,11.2913
52W<30 + RET5<-3,2,20,4,37,50.0000,92.5000,20.8339,1.7486,1.7486,15.3172,-6.0464,11.2913
BB<20 + 52W<30 + RET5<-3,3,20,4,34,50.0000,92.5000,20.8339,1.7486,1.7486,15.3172,-6.0464,11.2913
BB<10 + 52W<30,2,20,4,47,50.0000,92.5000,20.8339,1.7486,1.7486,15.3172,-6.0464,11.2913
BB<20 + BB<10 + 52W<30,3,20,4,47,50.0000,92.5000,20.8339,1.7486,1.7486,15.3172,-6.0464,11.2913
BB<20 + 52W<30,2,20,4,64,50.0000,92.5000,20.8339,1.7486,1.7486,15.3172,-6.0464,11.2913
52W<30 + 52W<20 + DD<=-10,3,20,3,33,33.3333,17.0000,20.4831,6.3501,6.3501,15.1284,-4.0903,11.0611
52W<20 + DD<=-10,2,20,3,33,33.3333,17.0000,20.4831,6.3501,6.3501,15.1284,-4.0903,11.0611
RSI<40 + 52W<20 + DD<=-10,3,20,3,22,33.3333,17.0000,20.4831,6.3501,6.3501,15.1284,-4.0903,11.0611
BB<20 + 52W<20 + DD<=-10,3,20,3,24,33.3333,17.0000,20.4831,6.3501,6.3501,15.1284,-4.0903,11.0611
52W<30 + vsMA75<-5,2,20,3,38,33.3333,17.0000,20.4831,6.2106,6.2106,13.2958,-5.3561,10.9681
52W<30 + DD<=-10 + vsMA75<-5,3,20,3,38,33.3333,17.0000,20.4831,6.2106,6.2106,13.2958,-5.3561,10.9681
BB<20 + 52W<30 + vsMA75<-5,3,20,3,22,33.3333,17.0000,20.4831,6.2106,6.2106,13.2958,-5.3561,10.9681
RSI<40 + 52W<30 + vsMA75<-5,3,20,3,20,33.3333,17.0000,20.4831,6.2106,6.2106,13.2958,-5.3561,10.9681
52W<30 + RET20<-5 + vsMA75<-5,3,20,3,30,33.3333,17.0000,20.4831,6.2106,6.2106,13.2958,-5.3561,10.9681
BB<10 + RET5<-3 + GOLDEN,3,20,3,34,66.6667,169.5000,20.1603,-7.4680,-7.4680,16.9481,-11.0865,10.9509
BB<20 + RET5<-3 + GOLDEN,3,20,3,38,66.6667,169.5000,20.1603,-7.4680,-7.4680,16.9481,-11.0865,10.9509
RSI<35 + 52W<30 + DD<=-10,3,15,4,22,50.0000,49.0000,17.4814,3.8575,3.8575,13.8478,-5.0733,10.6695
RSI<40 + 52W<30 + DD<=-10,3,15,4,38,50.0000,49.0000,17.4814,3.8575,3.8575,13.8478,-5.0733,10.6695
52W<30 + DD<=-10 + RET20<-5,3,15,4,48,50.0000,49.0000,17.4814,3.8575,3.8575,13.8478,-5.0733,10.6695
52W<30 + DD<=-10,2,15,4,84,50.0000,49.0000,17.4814,3.8575,3.8575,13.8478,-5.0733,10.6695
BB<20 + 52W<30 + DD<=-10,3,15,4,42,50.0000,49.0000,17.4814,3.8575,3.8575,13.8478,-5.0733,10.6695
52W<30,1,20,4,123,50.0000,116.5000,19.5777,1.7486,1.7486,15.0674,-5.5859,10.6631
RET5<-3 + GOLDEN,2,15,3,55,66.6667,163.0000,16.9579,-2.0622,-2.0622,14.7814,-10.6907,10.6179
RSI<40 + BB<10 + 52W<30,3,15,4,38,50.0000,81.5000,16.8309,4.3934,4.3934,13.5446,-5.9700,10.6121
RSI<40 + 52W<30,2,15,4,53,50.0000,81.5000,16.8309,4.3934,4.3934,13.5446,-5.9700,10.6121
RSI<40 + BB<20 + 52W<30,3,15,4,48,50.0000,81.5000,16.8309,4.3934,4.3934,13.5446,-5.9700,10.6121
BB<20 + GOLDEN,2,20,3,95,66.6667,171.0000,20.7022,-9.5780,-9.5780,17.2195,-11.3689,10.6088
BB<10 + 52W<30 + DD<=-10,3,15,4,30,50.0000,47.0000,17.1077,3.8575,3.8575,13.6435,-4.5804,10.4826
RSI<40 + BB<20 + 52W<20,3,15,3,29,66.6667,11.5000,16.7725,-2.1459,-2.1459,14.1580,-4.8718,10.4664
RSI<40 + 52W<20,2,15,3,30,66.6667,11.5000,16.7725,-2.1459,-2.1459,14.1580,-4.8718,10.4664
RSI<40 + BB<10 + 52W<20,3,15,3,27,66.6667,11.5000,16.7725,-2.1459,-2.1459,14.1580,-4.8718,10.4664
RSI<40 + 52W<30 + 52W<20,3,15,3,30,66.6667,11.5000,16.7725,-2.1459,-2.1459,14.1580,-4.8718,10.4664
52W<30 + vsMA25<-5,2,15,4,20,50.0000,47.0000,17.1077,3.7841,3.7841,13.2881,-4.8731,10.4459
52W<30 + DD<=-10 + STREAK>=5,3,10,3,65,100.0000,98.3333,10.4431,0.0000,0.0000,10.5642,-5.4149,10.4431
52W<30 + STREAK>=5,2,10,3,65,100.0000,98.3333,10.4431,0.0000,0.0000,10.5642,-5.4149,10.4431
BB<10 + 52W<30 + STREAK>=5,3,10,3,21,100.0000,98.3333,10.4431,0.0000,0.0000,10.5642,-5.4149,10.4431
52W<30 + STREAK>=5 + RET20<-5,3,10,3,37,100.0000,98.3333,10.4431,0.0000,0.0000,10.5642,-5.4149,10.4431
RSI<40 + 52W<30 + STREAK>=5,3,10,3,24,100.0000,98.3333,10.4431,0.0000,0.0000,10.5642,-5.4149,10.4431
BB<20 + 52W<30 + STREAK>=5,3,10,3,29,100.0000,98.3333,10.4431,0.0000,0.0000,10.5642,-5.4149,10.4431
RSI<40 + 52W<30 + vsMA75<-5,3,15,3,20,33.3333,7.0000,18.6591,6.2106,6.2106,12.7490,-5.3561,10.3601
BB<20 + 52W<30 + vsMA75<-5,3,15,3,22,33.3333,7.0000,18.6591,6.2106,6.2106,12.7490,-5.3561,10.3601
52W<30 + vsMA75<-5,2,15,3,38,33.3333,7.0000,18.6591,6.2106,6.2106,12.7490,-5.3561,10.3601
52W<30 + RET20<-5 + vsMA75<-5,3,15,3,30,33.3333,7.0000,18.6591,6.2106,6.2106,12.7490,-5.3561,10.3601
52W<30 + DD<=-10 + vsMA75<-5,3,15,3,38,33.3333,7.0000,18.6591,6.2106,6.2106,12.7490,-5.3561,10.3601
52W<20 + DD<=-10 + STREAK>=5,3,20,2,25,0.0000,,20.0000,10.3342,10.3342,13.5527,-4.0492,10.3342
52W<20 + STREAK>=5 + vsMA75<-5,3,20,2,22,0.0000,,20.0000,10.3342,10.3342,13.5527,-4.0492,10.3342
52W<20 + STREAK>=5,2,20,2,25,0.0000,,20.0000,10.3342,10.3342,13.5527,-4.0492,10.3342
52W<30 + 52W<20 + STREAK>=5,3,20,2,25,0.0000,,20.0000,10.3342,10.3342,13.5527,-4.0492,10.3342
DD<=-15 + STREAK>=10 + RET20<-5,3,10,3,21,100.0000,17.3333,10.3205,0.0000,0.0000,10.7322,-1.4191,10.3205
DD<=-10 + STREAK>=5 + GOLDEN,3,15,2,32,50.0000,154.0000,16.3369,4.2734,4.2734,15.6120,-7.6029,10.3052
STREAK>=5 + GOLDEN,2,15,2,32,50.0000,154.0000,16.3369,4.2734,4.2734,15.6120,-7.6029,10.3052
52W<20 + STREAK>=5 + vsMA75<-5,3,10,2,22,100.0000,72.5000,10.2310,0.0000,0.0000,10.6620,-4.0492,10.2310
52W<30 + 52W<20 + STREAK>=5,3,10,2,25,100.0000,72.5000,10.2310,0.0000,0.0000,10.6620,-4.0492,10.2310
52W<20 + DD<=-10 + STREAK>=5,3,10,2,25,100.0000,72.5000,10.2310,0.0000,0.0000,10.6620,-4.0492,10.2310
52W<20 + STREAK>=5,2,10,2,25,100.0000,72.5000,10.2310,0.0000,0.0000,10.6620,-4.0492,10.2310
STREAK>=10 + STREAK>=20,2,15,2,40,50.0000,104.0000,15.8322,4.5034,4.5034,10.4475,-0.3512,10.1678
STREAK>=5 + STREAK>=20,2,15,2,40,50.0000,104.0000,15.8322,4.5034,4.5034,10.4475,-0.3512,10.1678
DD<=-10 + STREAK>=5 + STREAK>=20,3,15,2,40,50.0000,104.0000,15.8322,4.5034,4.5034,10.4475,-0.3512,10.1678
DD<=-10 + STREAK>=10 + STREAK>=20,3,15,2,40,50.0000,104.0000,15.8322,4.5034,4.5034,10.4475,-0.3512,10.1678
DD<=-10 + STREAK>=20,2,15,2,40,50.0000,104.0000,15.8322,4.5034,4.5034,10.4475,-0.3512,10.1678
STREAK>=20,1,15,2,40,50.0000,104.0000,15.8322,4.5034,4.5034,10.4475,-0.3512,10.1678
STREAK>=5 + STREAK>=10 + STREAK>=20,3,15,2,40,50.0000,104.0000,15.8322,4.5034,4.5034,10.4475,-0.3512,10.1678
52W<30 + STREAK>=5 + vsMA75<-5,3,10,4,33,100.0000,56.5000,10.1488,0.0000,0.0000,10.4202,-3.6069,10.1488
DD<=-15 + STREAK>=10 + vsMA75<-5,3,10,2,21,100.0000,12.0000,10.1428,0.0000,0.0000,10.7118,-1.8584,10.1428
52W<30 + 52W<20 + DD<=-10,3,15,3,33,66.6667,11.5000,16.7725,-3.2176,-3.2176,14.1273,-4.0903,10.1092
RSI<40 + 52W<20 + DD<=-10,3,15,3,22,66.6667,11.5000,16.7725,-3.2176,-3.2176,14.1273,-4.0903,10.1092
52W<20 + DD<=-10,2,15,3,33,66.6667,11.5000,16.7725,-3.2176,-3.2176,14.1273,-4.0903,10.1092
BB<20 + 52W<20 + DD<=-10,3,15,3,24,66.6667,11.5000,16.7725,-3.2176,-3.2176,14.1273,-4.0903,10.1092
DD<=-10 + vsMA75<-5 + GOLDEN,3,15,2,23,50.0000,150.0000,15.7650,4.3414,4.3414,15.3287,-6.6260,10.0532
52W<30 + DD<=-15 + STREAK>=5,3,10,2,25,100.0000,65.5000,10.0437,0.0000,0.0000,10.2304,-6.4836,10.0437
DD<=-15 + STREAK>=5 + STREAK>=10,3,15,2,25,0.0000,,15.0000,9.9944,9.9944,14.2014,-1.8584,9.9944
DD<=-15 + STREAK>=10 + RET20<-5,3,15,2,21,0.0000,,15.0000,9.9944,9.9944,14.2014,-1.8584,9.9944
DD<=-15 + STREAK>=10 + vsMA75<-5,3,20,2,21,0.0000,,20.0000,9.9944,9.9944,14.2014,-1.8584,9.9944
DD<=-15 + STREAK>=10 + vsMA75<-5,3,15,2,21,0.0000,,15.0000,9.9944,9.9944,14.2014,-1.8584,9.9944
DD<=-15 + STREAK>=10 + RET20<-5,3,20,2,21,0.0000,,20.0000,9.9944,9.9944,14.2014,-1.8584,9.9944
DD<=-15 + STREAK>=10,2,15,2,25,0.0000,,15.0000,9.9944,9.9944,14.2014,-1.8584,9.9944
DD<=-15 + STREAK>=10,2,20,2,25,0.0000,,20.0000,9.9944,9.9944,14.2014,-1.8584,9.9944
DD<=-10 + DD<=-15 + STREAK>=10,3,20,2,25,0.0000,,20.0000,9.9944,9.9944,14.2014,-1.8584,9.9944
DD<=-15 + STREAK>=5 + STREAK>=10,3,20,2,25,0.0000,,20.0000,9.9944,9.9944,14.2014,-1.8584,9.9944
DD<=-10 + DD<=-15 + STREAK>=10,3,15,2,25,0.0000,,15.0000,9.9944,9.9944,14.2014,-1.8584,9.9944
52W<30 + DD<=-15 + RET20<-5,3,10,4,21,100.0000,14.7500,9.9565,0.0000,0.0000,10.8267,-2.8451,9.9565
DD<=-10 + DD<=-15,2,20,3,41,33.3333,17.0000,20.4831,4.6826,4.6826,14.5582,-6.9152,9.9494
RSI<40 + DD<=-15 + vsMA75<-5,3,20,3,21,33.3333,17.0000,20.4831,4.6826,4.6826,14.5582,-6.9152,9.9494
RSI<40 + DD<=-15 + RET5<-3,3,20,3,21,33.3333,17.0000,20.4831,4.6826,4.6826,14.5582,-6.9152,9.9494
BB<20 + DD<=-15,2,20,3,22,33.3333,17.0000,20.4831,4.6826,4.6826,14.5582,-6.9152,9.9494
BB<20 + DD<=-10 + DD<=-15,3,20,3,22,33.3333,17.0000,20.4831,4.6826,4.6826,14.5582,-6.9152,9.9494
BB<20 + DD<=-15 + RET5<-3,3,20,3,21,33.3333,17.0000,20.4831,4.6826,4.6826,14.5582,-6.9152,9.9494
DD<=-15,1,20,3,41,33.3333,17.0000,20.4831,4.6826,4.6826,14.5582,-6.9152,9.9494
RSI<40 + DD<=-10 + DD<=-15,3,20,3,25,33.3333,17.0000,20.4831,4.6826,4.6826,14.5582,-6.9152,9.9494
RSI<40 + DD<=-15,2,20,3,25,33.3333,17.0000,20.4831,4.6826,4.6826,14.5582,-6.9152,9.9494
RSI<40 + BB<20 + DD<=-15,3,20,3,22,33.3333,17.0000,20.4831,4.6826,4.6826,14.5582,-6.9152,9.9494
DD<=-10 + DD<=-15 + RET5<-3,3,20,3,22,33.3333,17.0000,20.4831,4.6826,4.6826,14.5582,-6.9152,9.9494
DD<=-15 + RET5<-3,2,20,3,22,33.3333,17.0000,20.4831,4.6826,4.6826,14.5582,-6.9152,9.9494
DD<=-10 + DD<=-15 + vsMA75<-5,3,20,3,35,33.3333,17.0000,20.4831,4.6826,4.6826,14.5582,-6.9152,9.9494
DD<=-15 + vsMA75<-5,2,20,3,35,33.3333,17.0000,20.4831,4.6826,4.6826,14.5582,-6.9152,9.9494
52W<30 + STREAK>=10 + vsMA75<-5,3,15,2,20,0.0000,,15.0000,9.8920,9.8920,11.6471,-4.0159,9.8920
52W<30 + STREAK>=10 + vsMA75<-5,3,20,2,20,0.0000,,20.0000,9.8920,9.8920,11.6471,-4.0159,9.8920
DD<=-15 + RET20<-5 + vsMA75<-5,3,20,3,30,33.3333,17.0000,20.4831,4.5360,4.5360,12.6598,-5.8614,9.8517
DD<=-10 + DD<=-15 + RET20<-5,3,20,3,31,33.3333,17.0000,20.4831,4.5360,4.5360,12.6598,-5.8614,9.8517
DD<=-15 + RET20<-5,2,20,3,31,33.3333,17.0000,20.4831,4.5360,4.5360,12.6598,-5.8614,9.8517
52W<30 + DD<=-15,2,10,3,26,100.0000,44.0000,9.8260,0.0000,0.0000,10.7404,-4.3224,9.8260
52W<30 + DD<=-15 + vsMA75<-5,3,10,3,22,100.0000,44.0000,9.8260,0.0000,0.0000,10.7404,-4.3224,9.8260
52W<30 + DD<=-10 + DD<=-15,3,10,3,26,100.0000,44.0000,9.8260,0.0000,0.0000,10.7404,-4.3224,9.8260
52W<20 + STREAK>=5 + vsMA75<-5,3,15,2,22,50.0000,16.0000,14.8860,4.7508,4.7508,12.8714,-4.0492,9.8184
52W<20 + DD<=-10 + STREAK>=5,3,15,2,25,50.0000,16.0000,14.8860,4.7508,4.7508,12.8714,-4.0492,9.8184
52W<30 + 52W<20 + STREAK>=5,3,15,2,25,50.0000,16.0000,14.8860,4.7508,4.7508,12.8714,-4.0492,9.8184
52W<20 + STREAK>=5,2,15,2,25,50.0000,16.0000,14.8860,4.7508,4.7508,12.8714,-4.0492,9.8184
DD<=-10 + RET20<-5 + GOLDEN,3,15,2,39,50.0000,156.0000,15.0028,4.3414,4.3414,14.9802,-8.1335,9.6721
RSI<35 + RET5<-3,2,20,4,38,50.0000,120.0000,19.9415,-0.6150,-0.6150,16.5784,-8.2219,9.6633
RSI<35 + RET20<-5,2,20,4,42,50.0000,120.0000,19.9415,-0.6150,-0.6150,16.5784,-8.2219,9.6633
RSI<35 + RET20<-5 + RET5<-3,3,20,4,29,50.0000,120.0000,19.9415,-0.6150,-0.6150,16.5784,-8.2219,9.6633
RSI<35 + RSI<40 + BB<10,3,20,4,42,50.0000,120.0000,19.9415,-0.6150,-0.6150,16.5784,-8.2219,9.6633
RSI<35 + RSI<40 + RET20<-5,3,20,4,42,50.0000,120.0000,19.9415,-0.6150,-0.6150,16.5784,-8.2219,9.6633
RSI<35 + RSI<40 + BB<20,3,20,4,49,50.0000,120.0000,19.9415,-0.6150,-0.6150,16.5784,-8.2219,9.6633
RSI<35,1,20,4,51,50.0000,120.0000,19.9415,-0.6150,-0.6150,16.5784,-8.2219,9.6633
RSI<35 + BB<20 + BB<10,3,20,4,42,50.0000,120.0000,19.9415,-0.6150,-0.6150,16.5784,-8.2219,9.6633
RSI<35 + RSI<40 + RET5<-3,3,20,4,38,50.0000,120.0000,19.9415,-0.6150,-0.6150,16.5784,-8.2219,9.6633
RSI<35 + RSI<40,2,20,4,51,50.0000,120.0000,19.9415,-0.6150,-0.6150,16.5784,-8.2219,9.6633
RSI<35 + BB<20,2,20,4,49,50.0000,120.0000,19.9415,-0.6150,-0.6150,16.5784,-8.2219,9.6633
RSI<35 + BB<10,2,20,4,42,50.0000,120.0000,19.9415,-0.6150,-0.6150,16.5784,-8.2219,9.6633
RSI<35 + BB<10 + RET20<-5,3,20,4,33,50.0000,120.0000,19.9415,-0.6150,-0.6150,16.5784,-8.2219,9.6633
RSI<35 + BB<20 + RET20<-5,3,20,4,40,50.0000,120.0000,19.9415,-0.6150,-0.6150,16.5784,-8.2219,9.6633
RSI<35 + BB<20 + RET5<-3,3,20,4,38,50.0000,120.0000,19.9415,-0.6150,-0.6150,16.5784,-8.2219,9.6633
RSI<35 + BB<10 + RET5<-3,3,20,4,38,50.0000,120.0000,19.9415,-0.6150,-0.6150,16.5784,-8.2219,9.6633
BB<20 + 52W<20 + RET5<-3,3,20,3,21,33.3333,17.0000,20.4831,4.2412,4.2412,15.0319,-4.9738,9.6552
BB<10 + 52W<20,2,20,3,30,33.3333,17.0000,20.4831,4.2412,4.2412,15.0319,-4.9738,9.6552
BB<20 + BB<10 + 52W<20,3,20,3,30,33.3333,17.0000,20.4831,4.2412,4.2412,15.0319,-4.9738,9.6552
BB<10 + 52W<30 + 52W<20,3,20,3,30,33.3333,17.0000,20.4831,4.2412,4.2412,15.0319,-4.9738,9.6552
BB<10 + 52W<20 + RET5<-3,3,20,3,20,33.3333,17.0000,20.4831,4.2412,4.2412,15.0319,-4.9738,9.6552
BB<20 + 52W<20,2,20,3,37,33.3333,17.0000,20.4831,4.2412,4.2412,15.0319,-4.9738,9.6552
52W<20 + RET5<-3,2,20,3,22,33.3333,17.0000,20.4831,4.2412,4.2412,15.0319,-4.9738,9.6552
52W<30 + 52W<20 + RET5<-3,3,20,3,22,33.3333,17.0000,20.4831,4.2412,4.2412,15.0319,-4.9738,9.6552
52W<20,1,20,3,52,33.3333,17.0000,20.4831,4.2412,4.2412,15.0319,-4.9738,9.6552
BB<20 + 52W<30 + 52W<20,3,20,3,37,33.3333,17.0000,20.4831,4.2412,4.2412,15.0319,-4.9738,9.6552
52W<30 + 52W<20,2,20,3,52,33.3333,17.0000,20.4831,4.2412,4.2412,15.0319,-4.9738,9.6552
DD<=-10 + vsMA25<-5 + vsMA75<-5,3,10,5,22,80.0000,57.5000,10.1502,7.2148,7.2148,10.0054,-5.8966,9.5631
RSI<35 + GOLDEN,2,15,3,29,66.6667,110.5000,15.3221,-2.1176,-2.1176,15.2577,-7.2801,9.5088
RSI<35 + RET20<-5 + GOLDEN,3,15,3,26,66.6667,110.5000,15.3221,-2.1176,-2.1176,15.2577,-7.2801,9.5088
RSI<35 + BB<20 + GOLDEN,3,15,3,27,66.6667,110.5000,15.3221,-2.1176,-2.1176,15.2577,-7.2801,9.5088
RSI<35 + BB<10 + GOLDEN,3,15,3,20,66.6667,110.5000,15.3221,-2.1176,-2.1176,15.2577,-7.2801,9.5088
RSI<35 + RSI<40 + GOLDEN,3,15,3,29,66.6667,110.5000,15.3221,-2.1176,-2.1176,15.2577,-7.2801,9.5088
vsMA25<-5 + vsMA75<-5,2,10,6,23,83.3333,52.0000,9.8475,7.2148,7.2148,10.0296,-5.0197,9.4087
RSI<40 + vsMA25<-5 + vsMA75<-5,3,10,6,20,83.3333,52.0000,9.8475,7.2148,7.2148,10.0296,-5.0197,9.4087
RET20<-5 + vsMA25<-5 + vsMA75<-5,3,10,6,23,83.3333,52.0000,9.8475,7.2148,7.2148,10.0296,-5.0197,9.4087
52W<30 + DD<=-10 + RET5<-3,3,20,3,27,33.3333,17.0000,20.4831,3.8575,3.8575,13.4578,-5.9705,9.3993
52W<30,1,15,4,123,50.0000,109.5000,17.0093,1.7486,1.7486,13.4716,-5.5859,9.3790
DD<=-15 + STREAK>=5 + RET20<-5,3,10,4,27,75.0000,18.6667,10.0701,7.2148,7.2148,9.9774,-4.2092,9.3562
DD<=-15 + RET5<-3,2,15,3,22,33.3333,7.0000,18.6591,4.6826,4.6826,14.0113,-6.9152,9.3414
DD<=-10 + DD<=-15 + vsMA75<-5,3,15,3,35,33.3333,7.0000,18.6591,4.6826,4.6826,14.0113,-6.9152,9.3414
DD<=-10 + DD<=-15 + RET5<-3,3,15,3,22,33.3333,7.0000,18.6591,4.6826,4.6826,14.0113,-6.9152,9.3414
RSI<40 + DD<=-10 + DD<=-15,3,15,3,25,33.3333,7.0000,18.6591,4.6826,4.6826,14.0113,-6.9152,9.3414
BB<20 + DD<=-10 + DD<=-15,3,15,3,22,33.3333,7.0000,18.6591,4.6826,4.6826,14.0113,-6.9152,9.3414
BB<20 + DD<=-15 + RET5<-3,3,15,3,21,33.3333,7.0000,18.6591,4.6826,4.6826,14.0113,-6.9152,9.3414
RSI<40 + DD<=-15 + RET5<-3,3,15,3,21,33.3333,7.0000,18.6591,4.6826,4.6826,14.0113,-6.9152,9.3414
RSI<40 + BB<20 + DD<=-15,3,15,3,22,33.3333,7.0000,18.6591,4.6826,4.6826,14.0113,-6.9152,9.3414
DD<=-10 + DD<=-15,2,15,3,41,33.3333,7.0000,18.6591,4.6826,4.6826,14.0113,-6.9152,9.3414
DD<=-15 + vsMA75<-5,2,15,3,35,33.3333,7.0000,18.6591,4.6826,4.6826,14.0113,-6.9152,9.3414
DD<=-15,1,15,3,41,33.3333,7.0000,18.6591,4.6826,4.6826,14.0113,-6.9152,9.3414
BB<20 + DD<=-15,2,15,3,22,33.3333,7.0000,18.6591,4.6826,4.6826,14.0113,-6.9152,9.3414
RSI<40 + DD<=-15,2,15,3,25,33.3333,7.0000,18.6591,4.6826,4.6826,14.0113,-6.9152,9.3414
RSI<40 + DD<=-15 + vsMA75<-5,3,15,3,21,33.3333,7.0000,18.6591,4.6826,4.6826,14.0113,-6.9152,9.3414
52W<30 + DD<=-15 + STREAK>=5,3,15,2,25,0.0000,,15.0000,9.3280,9.3280,11.5037,-6.4836,9.3280
52W<30 + DD<=-15 + STREAK>=5,3,20,2,25,0.0000,,20.0000,9.3280,9.3280,11.5037,-6.4836,9.3280
RSI<40 + STREAK>=5 + RET5<-3,3,10,5,21,80.0000,75.7500,10.4125,4.9598,4.9598,9.6669,-5.1489,9.3220
DD<=-10 + STREAK>=5 + RET5<-3,3,10,5,24,80.0000,75.7500,10.4125,4.9598,4.9598,9.6669,-5.1489,9.3220
STREAK>=5 + RET5<-3,2,10,5,24,80.0000,75.7500,10.4125,4.9598,4.9598,9.6669,-5.1489,9.3220
BB<20 + STREAK>=5 + RET5<-3,3,10,5,22,80.0000,75.7500,10.4125,4.9598,4.9598,9.6669,-5.1489,9.3220
vsMA25<-5 + vsMA75<-5,2,20,3,23,33.3333,71.0000,18.8195,4.5461,4.5461,15.1710,-6.6310,9.3039
RET20<-5 + vsMA25<-5 + vsMA75<-5,3,20,3,23,33.3333,71.0000,18.8195,4.5461,4.5461,15.1710,-6.6310,9.3039
RSI<40 + vsMA25<-5 + vsMA75<-5,3,20,3,20,33.3333,71.0000,18.8195,4.5461,4.5461,15.1710,-6.6310,9.3039
BB<20 + BB<10 + 52W<30,3,15,4,47,50.0000,81.5000,16.8309,1.7486,1.7486,13.4492,-6.0464,9.2898
BB<20 + 52W<30,2,15,4,64,50.0000,81.5000,16.8309,1.7486,1.7486,13.4492,-6.0464,9.2898
BB<10 + 52W<30 + RET5<-3,3,15,4,31,50.0000,81.5000,16.8309,1.7486,1.7486,13.4492,-6.0464,9.2898
BB<20 + 52W<30 + RET5<-3,3,15,4,34,50.0000,81.5000,16.8309,1.7486,1.7486,13.4492,-6.0464,9.2898
BB<10 + 52W<30,2,15,4,47,50.0000,81.5000,16.8309,1.7486,1.7486,13.4492,-6.0464,9.2898
52W<30 + RET5<-3,2,15,4,37,50.0000,81.5000,16.8309,1.7486,1.7486,13.4492,-6.0464,9.2898
RSI<35 + DD<=-10 + GOLDEN,3,20,2,22,50.0000,168.0000,21.1848,-2.6810,-2.6810,14.0393,-11.0731,9.2519
DD<=-15 + RET20<-5,2,15,3,31,33.3333,7.0000,18.6591,4.5360,4.5360,12.1129,-5.8614,9.2437
DD<=-10 + DD<=-15 + RET20<-5,3,15,3,31,33.3333,7.0000,18.6591,4.5360,4.5360,12.1129,-5.8614,9.2437
DD<=-15 + RET20<-5 + vsMA75<-5,3,15,3,30,33.3333,7.0000,18.6591,4.5360,4.5360,12.1129,-5.8614,9.2437
BB<10 + STREAK>=5 + RET5<-3,3,10,4,20,75.0000,96.0000,10.6433,4.9598,4.9598,9.3844,-5.8501,9.2224
BB<10 + DD<=-10 + GOLDEN,3,20,2,25,50.0000,186.0000,20.8048,-2.6810,-2.6810,14.1434,-13.0667,9.0619
BB<20 + DD<=-10 + GOLDEN,3,20,2,37,50.0000,186.0000,20.8048,-2.6810,-2.6810,14.1434,-13.0667,9.0619
DD<=-10 + GOLDEN,2,20,2,67,50.0000,186.0000,20.8048,-2.6810,-2.6810,14.1434,-13.0667,9.0619
RET20<-5 + RET5<-3,2,20,4,41,50.0000,120.0000,19.9415,-2.0798,-2.0798,16.1980,-8.4980,8.9309
RSI<40 + BB<10 + RET20<-5,3,20,4,44,50.0000,120.0000,19.9415,-2.0798,-2.0798,16.1980,-8.4980,8.9309
RSI<40 + RET20<-5,2,20,4,72,50.0000,120.0000,19.9415,-2.0798,-2.0798,16.1980,-8.4980,8.9309
RSI<40 + RET20<-5 + RET5<-3,3,20,4,39,50.0000,120.0000,19.9415,-2.0798,-2.0798,16.1980,-8.4980,8.9309
BB<20 + RET20<-5,2,20,4,67,50.0000,120.0000,19.9415,-2.0798,-2.0798,16.1980,-8.4980,8.9309
BB<20 + RET20<-5 + RET5<-3,3,20,4,39,50.0000,120.0000,19.9415,-2.0798,-2.0798,16.1980,-8.4980,8.9309
RSI<40 + BB<20 + RET20<-5,3,20,4,63,50.0000,120.0000,19.9415,-2.0798,-2.0798,16.1980,-8.4980,8.9309
RET20<-5,1,20,4,118,50.0000,120.0000,19.9415,-2.0798,-2.0798,16.1980,-8.4980,8.9309
BB<20 + BB<10 + RET20<-5,3,20,4,46,50.0000,120.0000,19.9415,-2.0798,-2.0798,16.1980,-8.4980,8.9309
BB<10 + RET20<-5 + RET5<-3,3,20,4,36,50.0000,120.0000,19.9415,-2.0798,-2.0798,16.1980,-8.4980,8.9309
BB<10 + RET20<-5,2,20,4,46,50.0000,120.0000,19.9415,-2.0798,-2.0798,16.1980,-8.4980,8.9309
RSI<40 + RET5<-3,2,20,4,63,50.0000,142.5000,20.7517,-2.9117,-2.9117,16.0481,-9.2405,8.9200
RSI<40 + BB<10 + RET5<-3,3,20,4,57,50.0000,142.5000,20.7517,-2.9117,-2.9117,16.0481,-9.2405,8.9200
RSI<40 + BB<20 + RET5<-3,3,20,4,62,50.0000,142.5000,20.7517,-2.9117,-2.9117,16.0481,-9.2405,8.9200
BB<10 + RET5<-3 + GOLDEN,3,15,3,34,66.6667,163.0000,16.9579,-7.4680,-7.4680,14.6698,-11.0865,8.8159
BB<20 + RET5<-3 + GOLDEN,3,15,3,38,66.6667,163.0000,16.9579,-7.4680,-7.4680,14.6698,-11.0865,8.8159
RSI<40 + DD<=-10 + GOLDEN,3,20,2,40,50.0000,169.0000,20.3066,-2.6810,-2.6810,13.6002,-11.4223,8.8128
52W<30 + DD<=-10 + RET5<-3,3,15,3,27,33.3333,7.0000,18.6591,3.8575,3.8575,12.9109,-5.9705,8.7914
DD<=-10 + RET5<-3 + GOLDEN,3,20,2,23,50.0000,171.0000,20.1570,-2.6810,-2.6810,13.5766,-11.9071,8.7380
DD<=-15 + STREAK>=5,2,10,4,36,75.0000,46.0000,9.9775,4.9598,4.9598,9.1568,-5.3246,8.7231
DD<=-15 + STREAK>=5 + vsMA75<-5,3,10,4,30,75.0000,46.0000,9.9775,4.9598,4.9598,9.1568,-5.3246,8.7231
RSI<40 + DD<=-15 + STREAK>=5,3,10,4,20,75.0000,46.0000,9.9775,4.9598,4.9598,9.1568,-5.3246,8.7231
DD<=-10 + DD<=-15 + STREAK>=5,3,10,4,36,75.0000,46.0000,9.9775,4.9598,4.9598,9.1568,-5.3246,8.7231
BB<10 + RET20<-5 + vsMA25<-5,3,20,4,23,50.0000,90.0000,20.0773,-2.6676,-2.6676,15.9736,-8.0227,8.7049
RSI<40 + RET20<-5 + vsMA25<-5,3,20,4,28,50.0000,90.0000,20.0773,-2.6676,-2.6676,15.9736,-8.0227,8.7049
BB<20 + RET20<-5 + vsMA25<-5,3,20,4,27,50.0000,90.0000,20.0773,-2.6676,-2.6676,15.9736,-8.0227,8.7049
RET20<-5 + RET5<-3 + vsMA25<-5,3,20,4,25,50.0000,90.0000,20.0773,-2.6676,-2.6676,15.9736,-8.0227,8.7049
RSI<35 + RET20<-5 + vsMA25<-5,3,20,4,21,50.0000,90.0000,20.0773,-2.6676,-2.6676,15.9736,-8.0227,8.7049
RET20<-5 + vsMA25<-5,2,20,4,31,50.0000,90.0000,20.0773,-2.6676,-2.6676,15.9736,-8.0227,8.7049
BB<20 + 52W<20,2,15,3,37,66.6667,11.5000,16.7725,-7.4353,-7.4353,14.0308,-4.9738,8.7033
52W<20,1,15,3,52,66.6667,11.5000,16.7725,-7.4353,-7.4353,14.0308,-4.9738,8.7033
52W<30 + 52W<20,2,15,3,52,66.6667,11.5000,16.7725,-7.4353,-7.4353,14.0308,-4.9738,8.7033
52W<30 + 52W<20 + RET5<-3,3,15,3,22,66.6667,11.5000,16.7725,-7.4353,-7.4353,14.0308,-4.9738,8.7033
52W<20 + RET5<-3,2,15,3,22,66.6667,11.5000,16.7725,-7.4353,-7.4353,14.0308,-4.9738,8.7033
BB<10 + 52W<20 + RET5<-3,3,15,3,20,66.6667,11.5000,16.7725,-7.4353,-7.4353,14.0308,-4.9738,8.7033
BB<10 + 52W<30 + 52W<20,3,15,3,30,66.6667,11.5000,16.7725,-7.4353,-7.4353,14.0308,-4.9738,8.7033
BB<20 + BB<10 + 52W<20,3,15,3,30,66.6667,11.5000,16.7725,-7.4353,-7.4353,14.0308,-4.9738,8.7033
BB<20 + 52W<30 + 52W<20,3,15,3,37,66.6667,11.5000,16.7725,-7.4353,-7.4353,14.0308,-4.9738,8.7033
BB<20 + 52W<20 + RET5<-3,3,15,3,21,66.6667,11.5000,16.7725,-7.4353,-7.4353,14.0308,-4.9738,8.7033
BB<10 + 52W<20,2,15,3,30,66.6667,11.5000,16.7725,-7.4353,-7.4353,14.0308,-4.9738,8.7033
STREAK>=20,1,10,3,40,66.6667,36.0000,10.7785,4.5034,4.5034,8.9266,-1.0357,8.6868
DD<=-10 + STREAK>=10 + STREAK>=20,3,10,3,40,66.6667,36.0000,10.7785,4.5034,4.5034,8.9266,-1.0357,8.6868
DD<=-10 + STREAK>=5 + STREAK>=20,3,10,3,40,66.6667,36.0000,10.7785,4.5034,4.5034,8.9266,-1.0357,8.6868
STREAK>=10 + STREAK>=20,2,10,3,40,66.6667,36.0000,10.7785,4.5034,4.5034,8.9266,-1.0357,8.6868
STREAK>=5 + STREAK>=20,2,10,3,40,66.6667,36.0000,10.7785,4.5034,4.5034,8.9266,-1.0357,8.6868
DD<=-10 + STREAK>=20,2,10,3,40,66.6667,36.0000,10.7785,4.5034,4.5034,8.9266,-1.0357,8.6868
STREAK>=5 + STREAK>=10 + STREAK>=20,3,10,3,40,66.6667,36.0000,10.7785,4.5034,4.5034,8.9266,-1.0357,8.6868
RET5<-3 + vsMA25<-5,2,20,4,28,50.0000,90.0000,20.0773,-2.7410,-2.7410,15.6182,-8.3155,8.6682
RSI<35 + RSI<40 + vsMA25<-5,3,20,4,24,50.0000,90.0000,20.0773,-2.7410,-2.7410,15.6182,-8.3155,8.6682
BB<20 + vsMA25<-5,2,20,4,30,50.0000,90.0000,20.0773,-2.7410,-2.7410,15.6182,-8.3155,8.6682
BB<10 + vsMA25<-5,2,20,4,26,50.0000,90.0000,20.0773,-2.7410,-2.7410,15.6182,-8.3155,8.6682
BB<20 + BB<10 + vsMA25<-5,3,20,4,26,50.0000,90.0000,20.0773,-2.7410,-2.7410,15.6182,-8.3155,8.6682
RSI<40 + RET5<-3 + vsMA25<-5,3,20,4,28,50.0000,90.0000,20.0773,-2.7410,-2.7410,15.6182,-8.3155,8.6682
vsMA25<-5,1,20,4,34,50.0000,90.0000,20.0773,-2.7410,-2.7410,15.6182,-8.3155,8.6682
BB<10 + RET5<-3 + vsMA25<-5,3,20,4,25,50.0000,90.0000,20.0773,-2.7410,-2.7410,15.6182,-8.3155,8.6682
RSI<35 + BB<20 + vsMA25<-5,3,20,4,24,50.0000,90.0000,20.0773,-2.7410,-2.7410,15.6182,-8.3155,8.6682
RSI<35 + BB<10 + vsMA25<-5,3,20,4,24,50.0000,90.0000,20.0773,-2.7410,-2.7410,15.6182,-8.3155,8.6682
RSI<40 + vsMA25<-5,2,20,4,31,50.0000,90.0000,20.0773,-2.7410,-2.7410,15.6182,-8.3155,8.6682
RSI<40 + BB<10 + vsMA25<-5,3,20,4,26,50.0000,90.0000,20.0773,-2.7410,-2.7410,15.6182,-8.3155,8.6682
RSI<40 + BB<20 + vsMA25<-5,3,20,4,30,50.0000,90.0000,20.0773,-2.7410,-2.7410,15.6182,-8.3155,8.6682
RSI<35 + vsMA25<-5,2,20,4,24,50.0000,90.0000,20.0773,-2.7410,-2.7410,15.6182,-8.3155,8.6682
RSI<35 + RET5<-3 + vsMA25<-5,3,20,4,23,50.0000,90.0000,20.0773,-2.7410,-2.7410,15.6182,-8.3155,8.6682
BB<20 + RET5<-3 + vsMA25<-5,3,20,4,28,50.0000,90.0000,20.0773,-2.7410,-2.7410,15.6182,-8.3155,8.6682
RSI<40 + RET20<-5 + GOLDEN,3,15,3,46,66.6667,110.5000,15.3221,-5.0472,-5.0472,14.7506,-7.6482,8.5323
BB<20 + RET20<-5 + GOLDEN,3,15,3,40,66.6667,110.5000,15.3221,-5.0472,-5.0472,14.7506,-7.6482,8.5323
RET20<-5 + GOLDEN,2,15,3,60,66.6667,110.5000,15.3221,-5.0472,-5.0472,14.7506,-7.6482,8.5323
RET20<-5 + RET5<-3 + GOLDEN,3,15,3,22,66.6667,110.5000,15.3221,-5.0472,-5.0472,14.7506,-7.6482,8.5323
BB<10 + RET20<-5 + GOLDEN,3,15,3,25,66.6667,110.5000,15.3221,-5.0472,-5.0472,14.7506,-7.6482,8.5323
DD<=-10 + DD<=-15 + RET20<-5,3,10,5,31,80.0000,14.2500,9.9002,2.8772,2.8772,9.4619,-4.0937,8.4956
DD<=-15 + RET20<-5,2,10,5,31,80.0000,14.2500,9.9002,2.8772,2.8772,9.4619,-4.0937,8.4956
RSI<35 + vsMA75<-5,2,20,3,24,33.3333,71.0000,18.8195,3.1909,3.1909,14.2068,-7.4454,8.4004
RSI<35 + BB<10 + vsMA75<-5,3,20,3,21,33.3333,71.0000,18.8195,3.1909,3.1909,14.2068,-7.4454,8.4004
RSI<35 + RET20<-5 + vsMA75<-5,3,20,3,21,33.3333,71.0000,18.8195,3.1909,3.1909,14.2068,-7.4454,8.4004
RSI<35 + RSI<40 + vsMA75<-5,3,20,3,24,33.3333,71.0000,18.8195,3.1909,3.1909,14.2068,-7.4454,8.4004
RSI<35 + BB<20 + vsMA75<-5,3,20,3,24,33.3333,71.0000,18.8195,3.1909,3.1909,14.2068,-7.4454,8.4004
RSI<40 + STREAK>=5 + vsMA75<-5,3,10,6,26,83.3333,46.8000,10.1832,-0.5218,-0.5218,9.3628,-4.7527,8.3990
BB<20 + STREAK>=5 + vsMA75<-5,3,10,6,28,83.3333,46.8000,10.1832,-0.5218,-0.5218,9.3628,-4.7527,8.3990
STREAK>=5 + vsMA75<-5,2,10,6,52,83.3333,46.8000,10.1832,-0.5218,-0.5218,9.3628,-4.7527,8.3990
DD<=-10 + STREAK>=5 + vsMA75<-5,3,10,6,52,83.3333,46.8000,10.1832,-0.5218,-0.5218,9.3628,-4.7527,8.3990
DD<=-15,1,10,5,41,80.0000,34.7500,9.8308,2.2760,2.2760,9.1379,-4.7091,8.3198
DD<=-10 + DD<=-15 + RET5<-3,3,10,5,22,80.0000,34.7500,9.8308,2.2760,2.2760,9.1379,-4.7091,8.3198
DD<=-10 + DD<=-15 + vsMA75<-5,3,10,5,35,80.0000,34.7500,9.8308,2.2760,2.2760,9.1379,-4.7091,8.3198
BB<20 + DD<=-10 + DD<=-15,3,10,5,22,80.0000,34.7500,9.8308,2.2760,2.2760,9.1379,-4.7091,8.3198
RSI<40 + DD<=-15 + RET5<-3,3,10,5,21,80.0000,34.7500,9.8308,2.2760,2.2760,9.1379,-4.7091,8.3198
BB<20 + DD<=-15,2,10,5,22,80.0000,34.7500,9.8308,2.2760,2.2760,9.1379,-4.7091,8.3198
BB<20 + DD<=-15 + RET5<-3,3,10,5,21,80.0000,34.7500,9.8308,2.2760,2.2760,9.1379,-4.7091,8.3198
RSI<40 + DD<=-15 + vsMA75<-5,3,10,5,21,80.0000,34.7500,9.8308,2.2760,2.2760,9.1379,-4.7091,8.3198
DD<=-15 + vsMA75<-5,2,10,5,35,80.0000,34.7500,9.8308,2.2760,2.2760,9.1379,-4.7091,8.3198
RSI<40 + BB<20 + DD<=-15,3,10,5,22,80.0000,34.7500,9.8308,2.2760,2.2760,9.1379,-4.7091,8.3198
RSI<40 + DD<=-15,2,10,5,25,80.0000,34.7500,9.8308,2.2760,2.2760,9.1379,-4.7091,8.3198
DD<=-15 + RET5<-3,2,10,5,22,80.0000,34.7500,9.8308,2.2760,2.2760,9.1379,-4.7091,8.3198
RSI<40 + DD<=-10 + DD<=-15,3,10,5,25,80.0000,34.7500,9.8308,2.2760,2.2760,9.1379,-4.7091,8.3198
DD<=-10 + DD<=-15,2,10,5,41,80.0000,34.7500,9.8308,2.2760,2.2760,9.1379,-4.7091,8.3198
RSI<40 + vsMA25<-5 + vsMA75<-5,3,15,3,20,33.3333,64.0000,15.7595,4.5461,4.5461,13.9293,-6.6310,8.2839
vsMA25<-5 + vsMA75<-5,2,15,3,23,33.3333,64.0000,15.7595,4.5461,4.5461,13.9293,-6.6310,8.2839
RET20<-5 + vsMA25<-5 + vsMA75<-5,3,15,3,23,33.3333,64.0000,15.7595,4.5461,4.5461,13.9293,-6.6310,8.2839
52W<30 + STREAK>=10 + vsMA75<-5,3,10,2,20,50.0000,11.0000,10.4715,5.9897,5.9897,9.8816,-4.0159,8.2306
RSI<40 + DD<=-10 + STREAK>=5,3,10,5,37,80.0000,75.7500,10.4125,-0.5218,-0.5218,9.2378,-6.0667,8.2256
RSI<40 + BB<20 + STREAK>=5,3,10,5,31,80.0000,75.7500,10.4125,-0.5218,-0.5218,9.2378,-6.0667,8.2256
RSI<40 + STREAK>=5,2,10,5,37,80.0000,75.7500,10.4125,-0.5218,-0.5218,9.2378,-6.0667,8.2256
BB<20 + DD<=-10 + STREAK>=5,3,10,5,41,80.0000,75.7500,10.4125,-0.5218,-0.5218,9.2378,-6.0667,8.2256
BB<20 + STREAK>=5,2,10,5,41,80.0000,75.7500,10.4125,-0.5218,-0.5218,9.2378,-6.0667,8.2256
BB<20 + BB<10 + vsMA75<-5,3,20,3,29,33.3333,71.0000,18.8195,2.9149,2.9149,14.2517,-7.4074,8.2165
RET5<-3 + vsMA75<-5,2,20,3,28,33.3333,71.0000,18.8195,2.9149,2.9149,14.2517,-7.4074,8.2165
RET20<-5 + vsMA75<-5,2,20,3,50,33.3333,71.0000,18.8195,2.9149,2.9149,14.2517,-7.4074,8.2165
vsMA75<-5,1,20,3,67,33.3333,71.0000,18.8195,2.9149,2.9149,14.2517,-7.4074,8.2165
RET20<-5 + RET5<-3 + vsMA75<-5,3,20,3,20,33.3333,71.0000,18.8195,2.9149,2.9149,14.2517,-7.4074,8.2165
RSI<40 + RET5<-3 + vsMA75<-5,3,20,3,25,33.3333,71.0000,18.8195,2.9149,2.9149,14.2517,-7.4074,8.2165
RSI<40 + RET20<-5 + vsMA75<-5,3,20,3,31,33.3333,71.0000,18.8195,2.9149,2.9149,14.2517,-7.4074,8.2165
BB<20 + RET5<-3 + vsMA75<-5,3,20,3,25,33.3333,71.0000,18.8195,2.9149,2.9149,14.2517,-7.4074,8.2165
BB<20 + vsMA75<-5,2,20,3,40,33.3333,71.0000,18.8195,2.9149,2.9149,14.2517,-7.4074,8.2165
RSI<40 + BB<20 + vsMA75<-5,3,20,3,36,33.3333,71.0000,18.8195,2.9149,2.9149,14.2517,-7.4074,8.2165
RSI<40 + BB<10 + vsMA75<-5,3,20,3,29,33.3333,71.0000,18.8195,2.9149,2.9149,14.2517,-7.4074,8.2165
BB<20 + RET20<-5 + vsMA75<-5,3,20,3,29,33.3333,71.0000,18.8195,2.9149,2.9149,14.2517,-7.4074,8.2165
BB<10 + RET20<-5 + vsMA75<-5,3,20,3,22,33.3333,71.0000,18.8195,2.9149,2.9149,14.2517,-7.4074,8.2165
BB<10 + vsMA75<-5,2,20,3,29,33.3333,71.0000,18.8195,2.9149,2.9149,14.2517,-7.4074,8.2165
BB<10 + RET5<-3 + vsMA75<-5,3,20,3,22,33.3333,71.0000,18.8195,2.9149,2.9149,14.2517,-7.4074,8.2165
RSI<40 + vsMA75<-5,2,20,3,38,33.3333,71.0000,18.8195,2.9149,2.9149,14.2517,-7.4074,8.2165
DD<=-15 + STREAK>=5 + STREAK>=10,3,10,4,25,75.0000,29.0000,10.1419,2.3167,2.3167,8.6070,-1.4204,8.1856
DD<=-10 + DD<=-15 + STREAK>=10,3,10,4,25,75.0000,29.0000,10.1419,2.3167,2.3167,8.6070,-1.4204,8.1856
DD<=-15 + STREAK>=10,2,10,4,25,75.0000,29.0000,10.1419,2.3167,2.3167,8.6070,-1.4204,8.1856
STREAK>=5,1,10,5,147,80.0000,75.7500,10.4125,-1.1254,-1.1254,9.1123,-6.1678,8.1049
DD<=-10 + STREAK>=5,2,10,5,147,80.0000,75.7500,10.4125,-1.1254,-1.1254,9.1123,-6.1678,8.1049
RSI<40,1,20,4,113,50.0000,143.5000,20.7574,-4.8070,-4.8070,15.0003,-10.0788,7.9752
RSI<40 + BB<20 + BB<10,3,20,4,79,50.0000,143.5000,20.7574,-4.8070,-4.8070,15.0003,-10.0788,7.9752
RSI<40 + BB<10,2,20,4,79,50.0000,143.5000,20.7574,-4.8070,-4.8070,15.0003,-10.0788,7.9752
RSI<40 + BB<20,2,20,4,104,50.0000,143.5000,20.7574,-4.8070,-4.8070,15.0003,-10.0788,7.9752
STREAK>=5 + RET20<-5 + vsMA75<-5,3,10,5,39,80.0000,56.0000,10.0925,-0.5218,-0.5218,9.1262,-5.2723,7.9697
DD<=-15 + RET20<-5 + vsMA75<-5,3,10,4,30,75.0000,9.6667,9.6417,2.8772,2.8772,9.1341,-4.9820,7.9505
BB<20 + BB<10 + STREAK>=5,3,10,4,27,75.0000,96.0000,10.6433,-0.5218,-0.5218,8.8480,-6.9974,7.8520
RSI<40 + BB<10 + STREAK>=5,3,10,4,23,75.0000,96.0000,10.6433,-0.5218,-0.5218,8.8480,-6.9974,7.8520
BB<10 + DD<=-10 + STREAK>=5,3,10,4,27,75.0000,96.0000,10.6433,-0.5218,-0.5218,8.8480,-6.9974,7.8520
BB<10 + STREAK>=5,2,10,4,27,75.0000,96.0000,10.6433,-0.5218,-0.5218,8.8480,-6.9974,7.8520
BB<20 + 52W<30 + STREAK>=5,3,15,2,29,0.0000,,15.0000,7.8417,7.8417,11.0468,-6.8695,7.8417
52W<30 + STREAK>=5 + vsMA75<-5,3,20,2,33,0.0000,,20.0000,7.8417,7.8417,11.0468,-6.8695,7.8417
52W<30 + DD<=-10 + STREAK>=5,3,20,2,65,0.0000,,20.0000,7.8417,7.8417,11.0468,-6.8695,7.8417
52W<30 + DD<=-10 + STREAK>=5,3,15,2,65,0.0000,,15.0000,7.8417,7.8417,11.0468,-6.8695,7.8417
52W<30 + STREAK>=5 + RET20<-5,3,20,2,37,0.0000,,20.0000,7.8417,7.8417,11.0468,-6.8695,7.8417
52W<30 + STREAK>=5 + RET20<-5,3,15,2,37,0.0000,,15.0000,7.8417,7.8417,11.0468,-6.8695,7.8417
BB<10 + 52W<30 + STREAK>=5,3,15,2,21,0.0000,,15.0000,7.8417,7.8417,11.0468,-6.8695,7.8417
52W<30 + STREAK>=5,2,15,2,65,0.0000,,15.0000,7.8417,7.8417,11.0468,-6.8695,7.8417
52W<30 + STREAK>=5,2,20,2,65,0.0000,,20.0000,7.8417,7.8417,11.0468,-6.8695,7.8417
BB<10 + 52W<30 + STREAK>=5,3,20,2,21,0.0000,,20.0000,7.8417,7.8417,11.0468,-6.8695,7.8417
RSI<40 + 52W<30 + STREAK>=5,3,20,2,24,0.0000,,20.0000,7.8417,7.8417,11.0468,-6.8695,7.8417
RSI<40 + 52W<30 + STREAK>=5,3,15,2,24,0.0000,,15.0000,7.8417,7.8417,11.0468,-6.8695,7.8417
BB<20 + 52W<30 + STREAK>=5,3,20,2,29,0.0000,,20.0000,7.8417,7.8417,11.0468,-6.8695,7.8417
52W<30 + STREAK>=5 + vsMA75<-5,3,15,2,33,0.0000,,15.0000,7.8417,7.8417,11.0468,-6.8695,7.8417
52W<30 + DD<=-10 + STREAK>=10,3,15,2,41,0.0000,,15.0000,7.8324,7.8324,11.1263,-4.4557,7.8324
52W<30 + STREAK>=5 + STREAK>=10,3,15,2,41,0.0000,,15.0000,7.8324,7.8324,11.1263,-4.4557,7.8324
52W<30 + DD<=-10 + STREAK>=10,3,20,2,41,0.0000,,20.0000,7.8324,7.8324,11.1263,-4.4557,7.8324
52W<30 + STREAK>=10,2,15,2,41,0.0000,,15.0000,7.8324,7.8324,11.1263,-4.4557,7.8324
52W<30 + STREAK>=10,2,20,2,41,0.0000,,20.0000,7.8324,7.8324,11.1263,-4.4557,7.8324
52W<30 + STREAK>=10 + RET20<-5,3,15,2,24,0.0000,,15.0000,7.8324,7.8324,11.1263,-4.4557,7.8324
52W<30 + STREAK>=10 + RET20<-5,3,20,2,24,0.0000,,20.0000,7.8324,7.8324,11.1263,-4.4557,7.8324
52W<30 + STREAK>=5 + STREAK>=10,3,20,2,41,0.0000,,20.0000,7.8324,7.8324,11.1263,-4.4557,7.8324
RSI<40 + RET5<-3 + GOLDEN,3,15,3,30,66.6667,129.0000,15.4153,-7.4680,-7.4680,13.7365,-9.0666,7.7875
vsMA75<-5 + GOLDEN,2,10,5,25,80.0000,31.5000,9.6675,-0.0960,-0.0960,10.3110,-5.9250,7.7148
GOLDEN,1,20,4,533,50.0000,182.5000,20.3079,-4.8797,-4.8797,12.3420,-14.2326,7.7141
BB<20 + STREAK>=5 + RET20<-5,3,10,4,25,75.0000,97.6667,10.3681,-0.5218,-0.5218,8.9107,-7.0446,7.6456
RSI<40 + STREAK>=5 + RET20<-5,3,10,4,29,75.0000,97.6667,10.3681,-0.5218,-0.5218,8.9107,-7.0446,7.6456
DD<=-10 + STREAK>=5 + RET20<-5,3,10,4,56,75.0000,97.6667,10.3681,-0.5218,-0.5218,8.9107,-7.0446,7.6456
STREAK>=5 + RET20<-5,2,10,4,56,75.0000,97.6667,10.3681,-0.5218,-0.5218,8.9107,-7.0446,7.6456
BB<20 + BB<10 + GOLDEN,3,15,3,59,66.6667,163.5000,14.9897,-7.4680,-7.4680,13.7108,-11.2569,7.5038
BB<10 + GOLDEN,2,15,3,59,66.6667,163.5000,14.9897,-7.4680,-7.4680,13.7108,-11.2569,7.5038
52W<30 + 52W<20 + vsMA75<-5,3,5,3,26,100.0000,45.0000,7.4974,0.0000,0.0000,7.7749,-3.4759,7.4974
52W<20 + vsMA75<-5,2,5,3,26,100.0000,45.0000,7.4974,0.0000,0.0000,7.7749,-3.4759,7.4974
52W<20 + DD<=-10 + vsMA75<-5,3,5,3,26,100.0000,45.0000,7.4974,0.0000,0.0000,7.7749,-3.4759,7.4974
STREAK>=5 + GOLDEN,2,10,4,32,75.0000,56.3333,10.3609,-1.1254,-1.1254,8.7486,-6.0562,7.4893
DD<=-10 + STREAK>=5 + GOLDEN,3,10,4,32,75.0000,56.3333,10.3609,-1.1254,-1.1254,8.7486,-6.0562,7.4893
RSI<40 + 52W<30 + RET20<-5,3,10,5,37,80.0000,33.7500,10.1639,-3.2176,-3.2176,10.4274,-4.6297,7.4876
RSI<35 + 52W<30 + RET20<-5,3,10,5,24,80.0000,33.7500,10.1639,-3.2176,-3.2176,10.4274,-4.6297,7.4876
BB<20 + 52W<30 + RET20<-5,3,10,5,35,80.0000,33.7500,10.1639,-3.2176,-3.2176,10.4274,-4.6297,7.4876
52W<30 + RET20<-5,2,10,5,58,80.0000,33.7500,10.1639,-3.2176,-3.2176,10.4274,-4.6297,7.4876
BB<20 + DD<=-10 + RET20<-5,3,20,3,43,33.3333,109.0000,21.3351,0.5619,0.5619,14.7458,-8.9279,7.4863
RSI<40 + DD<=-10 + RET20<-5,3,20,3,50,33.3333,109.0000,21.3351,0.5619,0.5619,14.7458,-8.9279,7.4863
DD<=-10 + RET20<-5 + RET5<-3,3,20,3,29,33.3333,109.0000,21.3351,0.5619,0.5619,14.7458,-8.9279,7.4863
RSI<35 + DD<=-10 + RET20<-5,3,20,3,32,33.3333,109.0000,21.3351,0.5619,0.5619,14.7458,-8.9279,7.4863
BB<10 + DD<=-10 + RET20<-5,3,20,3,31,33.3333,109.0000,21.3351,0.5619,0.5619,14.7458,-8.9279,7.4863
DD<=-10 + RET20<-5,2,20,3,82,33.3333,109.0000,21.3351,0.5619,0.5619,14.7458,-8.9279,7.4863
DD<=-10 + RET20<-5 + vsMA25<-5,3,20,3,27,33.3333,109.0000,21.3351,0.5619,0.5619,14.7458,-8.9279,7.4863
DD<=-10 + vsMA75<-5 + GOLDEN,3,10,4,23,75.0000,32.0000,10.0111,-0.0960,-0.0960,10.3510,-7.2474,7.4844
RSI<35 + 52W<30,2,10,5,28,80.0000,33.7500,10.1639,-3.3643,-3.3643,10.1431,-4.8639,7.4583
RSI<35 + RSI<40 + 52W<30,3,10,5,28,80.0000,33.7500,10.1639,-3.3643,-3.3643,10.1431,-4.8639,7.4583
RSI<35 + BB<20 + 52W<30,3,10,5,26,80.0000,33.7500,10.1639,-3.3643,-3.3643,10.1431,-4.8639,7.4583
RSI<35 + RSI<40 + vsMA75<-5,3,15,3,24,33.3333,64.0000,15.7595,3.1909,3.1909,12.9651,-7.4454,7.3804
RSI<35 + RET20<-5 + vsMA75<-5,3,15,3,21,33.3333,64.0000,15.7595,3.1909,3.1909,12.9651,-7.4454,7.3804
RSI<35 + BB<20 + vsMA75<-5,3,15,3,24,33.3333,64.0000,15.7595,3.1909,3.1909,12.9651,-7.4454,7.3804
RSI<35 + vsMA75<-5,2,15,3,24,33.3333,64.0000,15.7595,3.1909,3.1909,12.9651,-7.4454,7.3804
RSI<35 + BB<10 + vsMA75<-5,3,15,3,21,33.3333,64.0000,15.7595,3.1909,3.1909,12.9651,-7.4454,7.3804
BB<10 + 52W<30 + RET20<-5,3,10,5,25,80.0000,24.0000,10.0026,-3.2176,-3.2176,10.3006,-4.2353,7.3586
RSI<35 + RSI<40 + BB<20,3,15,4,49,50.0000,110.5000,15.3221,-0.6150,-0.6150,14.1902,-8.2219,7.3535
RSI<35 + RSI<40,2,15,4,51,50.0000,110.5000,15.3221,-0.6150,-0.6150,14.1902,-8.2219,7.3535
RSI<35 + BB<20,2,15,4,49,50.0000,110.5000,15.3221,-0.6150,-0.6150,14.1902,-8.2219,7.3535
RSI<35,1,15,4,51,50.0000,110.5000,15.3221,-0.6150,-0.6150,14.1902,-8.2219,7.3535
RSI<35 + RET5<-3,2,15,4,38,50.0000,110.5000,15.3221,-0.6150,-0.6150,14.1902,-8.2219,7.3535
RSI<35 + RET20<-5,2,15,4,42,50.0000,110.5000,15.3221,-0.6150,-0.6150,14.1902,-8.2219,7.3535
RSI<35 + BB<20 + BB<10,3,15,4,42,50.0000,110.5000,15.3221,-0.6150,-0.6150,14.1902,-8.2219,7.3535
RSI<35 + RSI<40 + RET5<-3,3,15,4,38,50.0000,110.5000,15.3221,-0.6150,-0.6150,14.1902,-8.2219,7.3535
RSI<35 + BB<20 + RET20<-5,3,15,4,40,50.0000,110.5000,15.3221,-0.6150,-0.6150,14.1902,-8.2219,7.3535
RSI<35 + BB<10,2,15,4,42,50.0000,110.5000,15.3221,-0.6150,-0.6150,14.1902,-8.2219,7.3535
RSI<35 + BB<20 + RET5<-3,3,15,4,38,50.0000,110.5000,15.3221,-0.6150,-0.6150,14.1902,-8.2219,7.3535
RSI<35 + RSI<40 + RET20<-5,3,15,4,42,50.0000,110.5000,15.3221,-0.6150,-0.6150,14.1902,-8.2219,7.3535
RSI<35 + BB<10 + RET5<-3,3,15,4,38,50.0000,110.5000,15.3221,-0.6150,-0.6150,14.1902,-8.2219,7.3535
RSI<35 + RET20<-5 + RET5<-3,3,15,4,29,50.0000,110.5000,15.3221,-0.6150,-0.6150,14.1902,-8.2219,7.3535
RSI<35 + BB<10 + RET20<-5,3,15,4,33,50.0000,110.5000,15.3221,-0.6150,-0.6150,14.1902,-8.2219,7.3535
RSI<35 + RSI<40 + BB<10,3,15,4,42,50.0000,110.5000,15.3221,-0.6150,-0.6150,14.1902,-8.2219,7.3535
RSI<35 + BB<10 + 52W<30,3,10,5,23,80.0000,24.0000,10.0026,-3.3643,-3.3643,10.0163,-4.4695,7.3292
GOLDEN,1,15,4,533,50.0000,176.0000,16.1447,-1.6341,-1.6341,11.0851,-12.9763,7.2553
RET20<-5 + RET5<-3 + vsMA75<-5,3,15,3,20,33.3333,64.0000,15.7595,2.9149,2.9149,13.0100,-7.4074,7.1965
BB<20 + BB<10 + vsMA75<-5,3,15,3,29,33.3333,64.0000,15.7595,2.9149,2.9149,13.0100,-7.4074,7.1965
RET20<-5 + vsMA75<-5,2,15,3,50,33.3333,64.0000,15.7595,2.9149,2.9149,13.0100,-7.4074,7.1965
vsMA75<-5,1,15,3,67,33.3333,64.0000,15.7595,2.9149,2.9149,13.0100,-7.4074,7.1965
BB<10 + vsMA75<-5,2,15,3,29,33.3333,64.0000,15.7595,2.9149,2.9149,13.0100,-7.4074,7.1965
RET5<-3 + vsMA75<-5,2,15,3,28,33.3333,64.0000,15.7595,2.9149,2.9149,13.0100,-7.4074,7.1965
BB<10 + RET20<-5 + vsMA75<-5,3,15,3,22,33.3333,64.0000,15.7595,2.9149,2.9149,13.0100,-7.4074,7.1965
RSI<40 + BB<20 + vsMA75<-5,3,15,3,36,33.3333,64.0000,15.7595,2.9149,2.9149,13.0100,-7.4074,7.1965
BB<20 + RET20<-5 + vsMA75<-5,3,15,3,29,33.3333,64.0000,15.7595,2.9149,2.9149,13.0100,-7.4074,7.1965
BB<20 + RET5<-3 + vsMA75<-5,3,15,3,25,33.3333,64.0000,15.7595,2.9149,2.9149,13.0100,-7.4074,7.1965
RSI<40 + BB<10 + vsMA75<-5,3,15,3,29,33.3333,64.0000,15.7595,2.9149,2.9149,13.0100,-7.4074,7.1965
BB<20 + vsMA75<-5,2,15,3,40,33.3333,64.0000,15.7595,2.9149,2.9149,13.0100,-7.4074,7.1965
RSI<40 + RET20<-5 + vsMA75<-5,3,15,3,31,33.3333,64.0000,15.7595,2.9149,2.9149,13.0100,-7.4074,7.1965
RSI<40 + RET5<-3 + vsMA75<-5,3,15,3,25,33.3333,64.0000,15.7595,2.9149,2.9149,13.0100,-7.4074,7.1965
BB<10 + RET5<-3 + vsMA75<-5,3,15,3,22,33.3333,64.0000,15.7595,2.9149,2.9149,13.0100,-7.4074,7.1965
RSI<40 + vsMA75<-5,2,15,3,38,33.3333,64.0000,15.7595,2.9149,2.9149,13.0100,-7.4074,7.1965
BB<10 + RET20<-5 + GOLDEN,3,10,5,25,80.0000,63.0000,9.5387,-2.2273,-2.2273,8.6609,-7.3923,7.1855
RET20<-5 + RET5<-3 + GOLDEN,3,10,5,22,80.0000,63.0000,9.5387,-2.2273,-2.2273,8.6609,-7.3923,7.1855
RSI<35 + RET20<-5 + GOLDEN,3,10,5,26,80.0000,61.7500,9.4641,-2.2273,-2.2273,8.5318,-6.9572,7.1258
RET20<-5 + RET5<-3 + vsMA25<-5,3,10,6,25,66.6667,46.7500,9.5258,1.9986,1.9986,9.5648,-6.1886,7.0167
BB<20 + RET20<-5 + vsMA25<-5,3,10,6,27,66.6667,46.7500,9.5258,1.9986,1.9986,9.5648,-6.1886,7.0167
RSI<40 + RET20<-5 + vsMA25<-5,3,10,6,28,66.6667,46.7500,9.5258,1.9986,1.9986,9.5648,-6.1886,7.0167
RSI<35 + RET20<-5 + vsMA25<-5,3,10,6,21,66.6667,46.7500,9.5258,1.9986,1.9986,9.5648,-6.1886,7.0167
BB<10 + RET20<-5 + vsMA25<-5,3,10,6,23,66.6667,46.7500,9.5258,1.9986,1.9986,9.5648,-6.1886,7.0167
RET20<-5 + vsMA25<-5,2,10,6,31,66.6667,46.7500,9.5258,1.9986,1.9986,9.5648,-6.1886,7.0167
RSI<35 + DD<=-10 + STREAK>=5,3,10,3,20,66.6667,139.0000,10.6920,-0.5218,-0.5218,8.2820,-8.6115,6.9541
RSI<35 + STREAK>=5,2,10,3,20,66.6667,139.0000,10.6920,-0.5218,-0.5218,8.2820,-8.6115,6.9541
RSI<35 + RSI<40 + STREAK>=5,3,10,3,20,66.6667,139.0000,10.6920,-0.5218,-0.5218,8.2820,-8.6115,6.9541
RSI<40 + BB<20 + GOLDEN,3,15,3,59,66.6667,129.0000,14.1576,-7.4680,-7.4680,13.7100,-9.0613,6.9491
RSI<40 + GOLDEN,2,15,3,66,66.6667,129.0000,14.1576,-7.4680,-7.4680,13.7100,-9.0613,6.9491
RSI<40 + BB<10 + GOLDEN,3,15,3,41,66.6667,129.0000,14.1576,-7.4680,-7.4680,13.7100,-9.0613,6.9491
BB<20 + 52W<30 + vsMA75<-5,3,10,3,22,66.6667,9.0000,9.6680,1.4885,1.4885,9.9307,-5.3561,6.9415
52W<30 + DD<=-10 + vsMA75<-5,3,10,3,38,66.6667,9.0000,9.6680,1.4885,1.4885,9.9307,-5.3561,6.9415
RSI<40 + 52W<30 + vsMA75<-5,3,10,3,20,66.6667,9.0000,9.6680,1.4885,1.4885,9.9307,-5.3561,6.9415
52W<30 + vsMA75<-5,2,10,3,38,66.6667,9.0000,9.6680,1.4885,1.4885,9.9307,-5.3561,6.9415
52W<30 + RET20<-5 + vsMA75<-5,3,10,3,30,66.6667,9.0000,9.6680,1.4885,1.4885,9.9307,-5.3561,6.9415
52W<30 + 52W<20 + vsMA75<-5,3,10,3,26,66.6667,6.0000,9.6427,1.4885,1.4885,10.1088,-3.4759,6.9247
52W<20 + vsMA75<-5,2,10,3,26,66.6667,6.0000,9.6427,1.4885,1.4885,10.1088,-3.4759,6.9247
52W<20 + DD<=-10 + vsMA75<-5,3,10,3,26,66.6667,6.0000,9.6427,1.4885,1.4885,10.1088,-3.4759,6.9247
52W<20 + DD<=-10,2,5,4,33,100.0000,36.5000,6.9030,0.0000,0.0000,7.1466,-2.9048,6.9030
BB<20 + 52W<20 + DD<=-10,3,5,4,24,100.0000,36.5000,6.9030,0.0000,0.0000,7.1466,-2.9048,6.9030
52W<30 + 52W<20 + DD<=-10,3,5,4,33,100.0000,36.5000,6.9030,0.0000,0.0000,7.1466,-2.9048,6.9030
RSI<40 + 52W<20 + DD<=-10,3,5,4,22,100.0000,36.5000,6.9030,0.0000,0.0000,7.1466,-2.9048,6.9030
RSI<40 + 52W<20 + RET5<-3,3,5,5,20,100.0000,35.2000,6.8213,0.0000,0.0000,7.0319,-2.6141,6.8213
BB<20 + GOLDEN,2,15,3,95,66.6667,163.5000,14.9897,-9.5780,-9.5780,13.5564,-11.3689,6.8005
52W<30 + DD<=-15 + vsMA75<-5,3,5,3,22,100.0000,9.6667,6.7459,0.0000,0.0000,7.2869,-4.3224,6.7459
BB<20 + DD<=-10 + GOLDEN,3,15,2,37,50.0000,179.0000,16.1714,-2.6810,-2.6810,11.5326,-13.0667,6.7452
BB<10 + DD<=-10 + GOLDEN,3,15,2,25,50.0000,179.0000,16.1714,-2.6810,-2.6810,11.5326,-13.0667,6.7452
DD<=-10 + GOLDEN,2,15,2,67,50.0000,179.0000,16.1714,-2.6810,-2.6810,11.5326,-13.0667,6.7452
BB<20 + 52W<30 + DD<=-10,3,10,4,42,75.0000,33.0000,10.0403,-3.2176,-3.2176,10.2873,-5.0733,6.7258
RSI<40 + 52W<30 + DD<=-10,3,10,4,38,75.0000,33.0000,10.0403,-3.2176,-3.2176,10.2873,-5.0733,6.7258
52W<30 + DD<=-10,2,10,4,84,75.0000,33.0000,10.0403,-3.2176,-3.2176,10.2873,-5.0733,6.7258
RSI<35 + 52W<30 + DD<=-10,3,10,4,22,75.0000,33.0000,10.0403,-3.2176,-3.2176,10.2873,-5.0733,6.7258
52W<30 + DD<=-10 + RET20<-5,3,10,4,48,75.0000,33.0000,10.0403,-3.2176,-3.2176,10.2873,-5.0733,6.7258
RSI<40 + 52W<30,2,10,4,53,75.0000,55.0000,9.6709,-2.1459,-2.1459,10.1253,-5.9700,6.7167
RSI<40 + BB<20 + 52W<30,3,10,4,48,75.0000,55.0000,9.6709,-2.1459,-2.1459,10.1253,-5.9700,6.7167
RSI<40 + BB<10 + 52W<30,3,10,4,38,75.0000,55.0000,9.6709,-2.1459,-2.1459,10.1253,-5.9700,6.7167
52W<30 + RET20<-5 + RET5<-3,3,10,4,23,75.0000,18.0000,9.9568,-3.2176,-3.2176,10.3164,-5.1917,6.6632
52W<20 + RET20<-5,2,10,4,23,75.0000,16.0000,9.9400,-3.2176,-3.2176,10.4500,-3.7815,6.6506
52W<30 + 52W<20 + RET20<-5,3,10,4,23,75.0000,16.0000,9.9400,-3.2176,-3.2176,10.4500,-3.7815,6.6506
BB<20 + RET20<-5 + GOLDEN,3,10,4,40,75.0000,77.6667,9.4544,-1.7747,-1.7747,9.6803,-6.2425,6.6471
RSI<40 + RET20<-5 + GOLDEN,3,10,4,46,75.0000,77.6667,9.4544,-1.7747,-1.7747,9.6803,-6.2425,6.6471
RET20<-5 + GOLDEN,2,10,4,60,75.0000,77.6667,9.4544,-1.7747,-1.7747,9.6803,-6.2425,6.6471
RSI<35 + 52W<30 + RET5<-3,3,10,4,21,75.0000,18.0000,9.9568,-3.3643,-3.3643,9.9610,-5.4844,6.6265
BB<10,1,20,4,109,50.0000,171.0000,20.7022,-7.4517,-7.4517,15.0318,-11.8019,6.6253
BB<20 + BB<10,2,20,4,109,50.0000,171.0000,20.7022,-7.4517,-7.4517,15.0318,-11.8019,6.6253
RET20<-5 + RET5<-3,2,15,4,41,50.0000,110.5000,15.3221,-2.0798,-2.0798,13.8098,-8.4980,6.6212
RET20<-5,1,15,4,118,50.0000,110.5000,15.3221,-2.0798,-2.0798,13.8098,-8.4980,6.6212
BB<10 + RET20<-5,2,15,4,46,50.0000,110.5000,15.3221,-2.0798,-2.0798,13.8098,-8.4980,6.6212
BB<10 + RET20<-5 + RET5<-3,3,15,4,36,50.0000,110.5000,15.3221,-2.0798,-2.0798,13.8098,-8.4980,6.6212
RSI<40 + RET20<-5 + RET5<-3,3,15,4,39,50.0000,110.5000,15.3221,-2.0798,-2.0798,13.8098,-8.4980,6.6212
BB<20 + BB<10 + RET20<-5,3,15,4,46,50.0000,110.5000,15.3221,-2.0798,-2.0798,13.8098,-8.4980,6.6212
RSI<40 + BB<10 + RET20<-5,3,15,4,44,50.0000,110.5000,15.3221,-2.0798,-2.0798,13.8098,-8.4980,6.6212
RSI<40 + BB<20 + RET20<-5,3,15,4,63,50.0000,110.5000,15.3221,-2.0798,-2.0798,13.8098,-8.4980,6.6212
BB<20 + RET20<-5,2,15,4,67,50.0000,110.5000,15.3221,-2.0798,-2.0798,13.8098,-8.4980,6.6212
RSI<40 + RET20<-5,2,15,4,72,50.0000,110.5000,15.3221,-2.0798,-2.0798,13.8098,-8.4980,6.6212
BB<20 + RET20<-5 + RET5<-3,3,15,4,39,50.0000,110.5000,15.3221,-2.0798,-2.0798,13.8098,-8.4980,6.6212
RSI<40 + 52W<20 + RET5<-3,3,10,4,20,75.0000,15.0000,9.8767,-3.2176,-3.2176,10.3447,-3.4306,6.6031
DD<=-10 + STREAK>=10 + STREAK>=20,3,20,2,40,0.0000,,20.0000,6.5942,6.5942,10.4475,-0.3512,6.5942
DD<=-10 + STREAK>=5 + STREAK>=20,3,20,2,40,0.0000,,20.0000,6.5942,6.5942,10.4475,-0.3512,6.5942
STREAK>=5 + STREAK>=20,2,20,2,40,0.0000,,20.0000,6.5942,6.5942,10.4475,-0.3512,6.5942
DD<=-10 + STREAK>=20,2,20,2,40,0.0000,,20.0000,6.5942,6.5942,10.4475,-0.3512,6.5942
STREAK>=5 + STREAK>=10 + STREAK>=20,3,20,2,40,0.0000,,20.0000,6.5942,6.5942,10.4475,-0.3512,6.5942
STREAK>=10 + STREAK>=20,2,20,2,40,0.0000,,20.0000,6.5942,6.5942,10.4475,-0.3512,6.5942
STREAK>=20,1,20,2,40,0.0000,,20.0000,6.5942,6.5942,10.4475,-0.3512,6.5942
RSI<40 + BB<20 + 52W<20,3,5,5,29,100.0000,36.8000,6.5807,0.0000,0.0000,6.8686,-3.3501,6.5807
RSI<40 + BB<10 + 52W<20,3,5,5,27,100.0000,36.8000,6.5807,0.0000,0.0000,6.8686,-3.3501,6.5807
RSI<40 + 52W<30 + 52W<20,3,5,5,30,100.0000,36.8000,6.5807,0.0000,0.0000,6.8686,-3.3501,6.5807
RSI<40 + 52W<20,2,5,5,30,100.0000,36.8000,6.5807,0.0000,0.0000,6.8686,-3.3501,6.5807
RSI<40 + 52W<30 + RET5<-3,3,10,4,32,75.0000,17.0000,9.8935,-3.3643,-3.3643,9.8557,-5.1334,6.5790
BB<10 + 52W<30 + DD<=-10,3,10,4,30,75.0000,20.0000,9.8253,-3.2176,-3.2176,10.1289,-4.5804,6.5646
52W<20 + STREAK>=5 + vsMA75<-5,3,5,3,22,100.0000,10.0000,6.5392,0.0000,0.0000,6.8242,-2.9767,6.5392
52W<30 + vsMA25<-5,2,10,4,20,75.0000,20.0000,9.8253,-3.3643,-3.3643,9.7735,-4.8731,6.5279
52W<20 + RET20<-5,2,5,5,23,100.0000,34.0000,6.5079,0.0000,0.0000,6.6999,-2.6985,6.5079
52W<30 + 52W<20 + RET20<-5,3,5,5,23,100.0000,34.0000,6.5079,0.0000,0.0000,6.6999,-2.6985,6.5079
BB<10 + 52W<20 + RET5<-3,3,5,5,20,100.0000,39.6000,6.5066,0.0000,0.0000,6.7941,-3.4169,6.5066
52W<20 + RET5<-3,2,5,5,22,100.0000,39.6000,6.5066,0.0000,0.0000,6.7941,-3.4169,6.5066
52W<20,1,5,5,52,100.0000,39.6000,6.5066,0.0000,0.0000,6.7941,-3.4169,6.5066
BB<10 + 52W<30 + 52W<20,3,5,5,30,100.0000,39.6000,6.5066,0.0000,0.0000,6.7941,-3.4169,6.5066
BB<20 + 52W<20,2,5,5,37,100.0000,39.6000,6.5066,0.0000,0.0000,6.7941,-3.4169,6.5066
BB<20 + BB<10 + 52W<20,3,5,5,30,100.0000,39.6000,6.5066,0.0000,0.0000,6.7941,-3.4169,6.5066
52W<30 + 52W<20,2,5,5,52,100.0000,39.6000,6.5066,0.0000,0.0000,6.7941,-3.4169,6.5066
52W<30 + 52W<20 + RET5<-3,3,5,5,22,100.0000,39.6000,6.5066,0.0000,0.0000,6.7941,-3.4169,6.5066
BB<20 + 52W<20 + RET5<-3,3,5,5,21,100.0000,39.6000,6.5066,0.0000,0.0000,6.7941,-3.4169,6.5066
BB<20 + 52W<30 + 52W<20,3,5,5,37,100.0000,39.6000,6.5066,0.0000,0.0000,6.7941,-3.4169,6.5066
BB<10 + 52W<20,2,5,5,30,100.0000,39.6000,6.5066,0.0000,0.0000,6.7941,-3.4169,6.5066
52W<30,1,10,5,123,80.0000,48.2500,9.9221,-7.4353,-7.4353,10.1785,-4.9452,6.4506
52W<30 + DD<=-15 + RET20<-5,3,5,4,21,100.0000,8.2500,6.3948,0.0000,0.0000,6.8562,-2.8451,6.3948
RSI<40 + RET20<-5 + vsMA25<-5,3,15,4,28,50.0000,80.5000,15.4525,-2.6676,-2.6676,13.5826,-8.0227,6.3924
RET20<-5 + RET5<-3 + vsMA25<-5,3,15,4,25,50.0000,80.5000,15.4525,-2.6676,-2.6676,13.5826,-8.0227,6.3924
BB<10 + RET20<-5 + vsMA25<-5,3,15,4,23,50.0000,80.5000,15.4525,-2.6676,-2.6676,13.5826,-8.0227,6.3924
RET20<-5 + vsMA25<-5,2,15,4,31,50.0000,80.5000,15.4525,-2.6676,-2.6676,13.5826,-8.0227,6.3924
RSI<35 + RET20<-5 + vsMA25<-5,3,15,4,21,50.0000,80.5000,15.4525,-2.6676,-2.6676,13.5826,-8.0227,6.3924
BB<20 + RET20<-5 + vsMA25<-5,3,15,4,27,50.0000,80.5000,15.4525,-2.6676,-2.6676,13.5826,-8.0227,6.3924
RSI<40 + RET5<-3 + vsMA75<-5,3,10,5,25,60.0000,23.6667,9.3715,1.8823,1.8823,8.4584,-7.7353,6.3758
BB<10 + RET5<-3 + vsMA75<-5,3,10,5,22,60.0000,23.6667,9.3715,1.8823,1.8823,8.4584,-7.7353,6.3758
BB<20 + RET5<-3 + vsMA75<-5,3,10,5,25,60.0000,23.6667,9.3715,1.8823,1.8823,8.4584,-7.7353,6.3758
RSI<40 + vsMA25<-5,2,15,4,31,50.0000,80.5000,15.4525,-2.7410,-2.7410,13.2273,-8.3155,6.3558
BB<20 + BB<10 + vsMA25<-5,3,15,4,26,50.0000,80.5000,15.4525,-2.7410,-2.7410,13.2273,-8.3155,6.3558
RSI<40 + BB<20 + vsMA25<-5,3,15,4,30,50.0000,80.5000,15.4525,-2.7410,-2.7410,13.2273,-8.3155,6.3558
RSI<40 + BB<10 + vsMA25<-5,3,15,4,26,50.0000,80.5000,15.4525,-2.7410,-2.7410,13.2273,-8.3155,6.3558
BB<20 + RET5<-3 + vsMA25<-5,3,15,4,28,50.0000,80.5000,15.4525,-2.7410,-2.7410,13.2273,-8.3155,6.3558
RSI<35 + vsMA25<-5,2,15,4,24,50.0000,80.5000,15.4525,-2.7410,-2.7410,13.2273,-8.3155,6.3558
BB<10 + vsMA25<-5,2,15,4,26,50.0000,80.5000,15.4525,-2.7410,-2.7410,13.2273,-8.3155,6.3558
RSI<35 + RET5<-3 + vsMA25<-5,3,15,4,23,50.0000,80.5000,15.4525,-2.7410,-2.7410,13.2273,-8.3155,6.3558
BB<10 + RET5<-3 + vsMA25<-5,3,15,4,25,50.0000,80.5000,15.4525,-2.7410,-2.7410,13.2273,-8.3155,6.3558
BB<20 + vsMA25<-5,2,15,4,30,50.0000,80.5000,15.4525,-2.7410,-2.7410,13.2273,-8.3155,6.3558
RSI<35 + BB<20 + vsMA25<-5,3,15,4,24,50.0000,80.5000,15.4525,-2.7410,-2.7410,13.2273,-8.3155,6.3558
vsMA25<-5,1,15,4,34,50.0000,80.5000,15.4525,-2.7410,-2.7410,13.2273,-8.3155,6.3558
RET5<-3 + vsMA25<-5,2,15,4,28,50.0000,80.5000,15.4525,-2.7410,-2.7410,13.2273,-8.3155,6.3558
RSI<35 + BB<10 + vsMA25<-5,3,15,4,24,50.0000,80.5000,15.4525,-2.7410,-2.7410,13.2273,-8.3155,6.3558
RSI<40 + RET5<-3 + vsMA25<-5,3,15,4,28,50.0000,80.5000,15.4525,-2.7410,-2.7410,13.2273,-8.3155,6.3558
RSI<35 + RSI<40 + vsMA25<-5,3,15,4,24,50.0000,80.5000,15.4525,-2.7410,-2.7410,13.2273,-8.3155,6.3558
BB<20 + BB<10 + RET5<-3,3,20,4,67,50.0000,169.5000,20.1603,-7.4517,-7.4517,14.7125,-11.6742,6.3543
BB<10 + RET5<-3,2,20,4,67,50.0000,169.5000,20.1603,-7.4517,-7.4517,14.7125,-11.6742,6.3543
BB<20 + RET5<-3,2,20,4,77,50.0000,169.5000,20.1603,-7.4517,-7.4517,14.7125,-11.6742,6.3543
RSI<35 + GOLDEN,2,10,4,29,75.0000,76.0000,9.3549,-2.6810,-2.6810,9.2701,-5.8883,6.3459
RSI<35 + BB<20 + GOLDEN,3,10,4,27,75.0000,76.0000,9.3549,-2.6810,-2.6810,9.2701,-5.8883,6.3459
RSI<35 + RSI<40 + GOLDEN,3,10,4,29,75.0000,76.0000,9.3549,-2.6810,-2.6810,9.2701,-5.8883,6.3459
RSI<35 + BB<10 + GOLDEN,3,10,4,20,75.0000,76.0000,9.3549,-2.6810,-2.6810,9.2701,-5.8883,6.3459
52W<30 + DD<=-10 + DD<=-15,3,5,5,26,100.0000,12.2000,6.3319,0.0000,0.0000,6.6907,-3.0911,6.3319
52W<30 + DD<=-15,2,5,5,26,100.0000,12.2000,6.3319,0.0000,0.0000,6.6907,-3.0911,6.3319
52W<30 + 52W<20 + STREAK>=5,3,5,5,25,100.0000,12.2000,6.2775,0.0000,0.0000,6.4826,-1.9729,6.2775
52W<20 + DD<=-10 + STREAK>=5,3,5,5,25,100.0000,12.2000,6.2775,0.0000,0.0000,6.4826,-1.9729,6.2775
52W<20 + STREAK>=5,2,5,5,25,100.0000,12.2000,6.2775,0.0000,0.0000,6.4826,-1.9729,6.2775
RSI<40 + BB<20 + RET5<-3,3,15,4,62,50.0000,129.0000,15.4153,-2.9117,-2.9117,13.4502,-9.2405,6.2518
RSI<40 + RET5<-3,2,15,4,63,50.0000,129.0000,15.4153,-2.9117,-2.9117,13.4502,-9.2405,6.2518
RSI<40 + BB<10 + RET5<-3,3,15,4,57,50.0000,129.0000,15.4153,-2.9117,-2.9117,13.4502,-9.2405,6.2518
DD<=-15 + STREAK>=5 + vsMA75<-5,3,5,4,30,100.0000,11.7500,6.2089,0.0000,0.0000,6.7217,-5.3246,6.2089
RSI<40 + BB<10 + RET20<-5,3,10,7,44,71.4286,45.8000,9.7651,-2.7224,-2.7224,8.9605,-7.1905,6.1972
BB<10 + RET20<-5,2,10,7,46,71.4286,45.8000,9.7651,-2.7224,-2.7224,8.9605,-7.1905,6.1972
RET20<-5 + RET5<-3,2,10,7,41,71.4286,45.8000,9.7651,-2.7224,-2.7224,8.9605,-7.1905,6.1972
RSI<40 + RET20<-5 + RET5<-3,3,10,7,39,71.4286,45.8000,9.7651,-2.7224,-2.7224,8.9605,-7.1905,6.1972
BB<20 + RET20<-5 + RET5<-3,3,10,7,39,71.4286,45.8000,9.7651,-2.7224,-2.7224,8.9605,-7.1905,6.1972
BB<20 + BB<10 + RET20<-5,3,10,7,46,71.4286,45.8000,9.7651,-2.7224,-2.7224,8.9605,-7.1905,6.1972
BB<10 + RET20<-5 + RET5<-3,3,10,7,36,71.4286,45.8000,9.7651,-2.7224,-2.7224,8.9605,-7.1905,6.1972
RSI<40 + DD<=-10 + GOLDEN,3,15,2,40,50.0000,158.0000,15.0448,-2.6810,-2.6810,11.1863,-11.4223,6.1819
DD<=-15 + STREAK>=5 + RET20<-5,3,5,4,27,100.0000,10.2500,6.1744,0.0000,0.0000,6.4741,-4.2092,6.1744
52W<30 + STREAK>=10 + RET20<-5,3,10,2,24,50.0000,11.0000,10.4715,1.8706,1.8706,9.3609,-4.4557,6.1711
52W<30 + STREAK>=5 + STREAK>=10,3,10,2,41,50.0000,11.0000,10.4715,1.8706,1.8706,9.3609,-4.4557,6.1711
52W<30 + STREAK>=10,2,10,2,41,50.0000,11.0000,10.4715,1.8706,1.8706,9.3609,-4.4557,6.1711
52W<30 + DD<=-10 + STREAK>=10,3,10,2,41,50.0000,11.0000,10.4715,1.8706,1.8706,9.3609,-4.4557,6.1711
RSI<35 + DD<=-10 + GOLDEN,3,15,2,22,50.0000,156.0000,15.0028,-2.6810,-2.6810,11.1236,-11.0731,6.1609
RSI<35 + RET20<-5 + RET5<-3,3,10,7,29,71.4286,44.8000,9.7054,-2.7224,-2.7224,8.8684,-6.8797,6.1546
RSI<35 + BB<10 + RET20<-5,3,10,7,33,71.4286,44.8000,9.7054,-2.7224,-2.7224,8.8684,-6.8797,6.1546
RSI<35 + RSI<40 + RET20<-5,3,10,7,42,71.4286,44.8000,9.7054,-2.7224,-2.7224,8.8684,-6.8797,6.1546
RSI<35 + RET20<-5,2,10,7,42,71.4286,44.8000,9.7054,-2.7224,-2.7224,8.8684,-6.8797,6.1546
RSI<35 + BB<20 + RET20<-5,3,10,7,40,71.4286,44.8000,9.7054,-2.7224,-2.7224,8.8684,-6.8797,6.1546
BB<20,1,20,4,169,50.0000,171.0000,20.7022,-8.5066,-8.5066,14.9161,-11.8860,6.0978
DD<=-15 + STREAK>=10 + RET20<-5,3,5,4,21,100.0000,7.5000,6.0967,0.0000,0.0000,6.2863,-1.3201,6.0967
DD<=-15 + STREAK>=10 + vsMA75<-5,3,5,3,21,100.0000,6.3333,6.0927,0.0000,0.0000,6.3296,-1.5800,6.0927
RSI<40 + DD<=-15 + STREAK>=5,3,5,6,20,100.0000,13.1667,6.0429,0.0000,0.0000,6.4133,-3.9645,6.0429
DD<=-10 + DD<=-15 + STREAK>=5,3,5,6,36,100.0000,13.1667,6.0429,0.0000,0.0000,6.4133,-3.9645,6.0429
DD<=-15 + STREAK>=5,2,5,6,36,100.0000,13.1667,6.0429,0.0000,0.0000,6.4133,-3.9645,6.0429
DD<=-15 + STREAK>=5 + vsMA75<-5,3,20,2,30,0.0000,,20.0000,5.9984,5.9984,13.0067,-9.2712,5.9984
RSI<40 + DD<=-15 + STREAK>=5,3,20,2,20,0.0000,,20.0000,5.9984,5.9984,13.0067,-9.2712,5.9984
RSI<40 + DD<=-15 + STREAK>=5,3,15,2,20,0.0000,,15.0000,5.9984,5.9984,13.0067,-9.2712,5.9984
DD<=-15 + STREAK>=5,2,15,2,36,0.0000,,15.0000,5.9984,5.9984,13.0067,-9.2712,5.9984
DD<=-15 + STREAK>=5,2,20,2,36,0.0000,,20.0000,5.9984,5.9984,13.0067,-9.2712,5.9984
DD<=-10 + DD<=-15 + STREAK>=5,3,20,2,36,0.0000,,20.0000,5.9984,5.9984,13.0067,-9.2712,5.9984
DD<=-10 + DD<=-15 + STREAK>=5,3,15,2,36,0.0000,,15.0000,5.9984,5.9984,13.0067,-9.2712,5.9984
DD<=-15 + STREAK>=5 + vsMA75<-5,3,15,2,30,0.0000,,15.0000,5.9984,5.9984,13.0067,-9.2712,5.9984
DD<=-10 + RET20<-5 + vsMA25<-5,3,10,4,27,50.0000,53.5000,9.8022,1.9986,1.9986,9.3052,-8.9976,5.9004
52W<30 + DD<=-10 + vsMA75<-5,3,5,5,38,100.0000,31.8000,5.8990,0.0000,0.0000,6.3494,-3.4175,5.8990
52W<30 + RET20<-5 + vsMA75<-5,3,5,5,30,100.0000,31.8000,5.8990,0.0000,0.0000,6.3494,-3.4175,5.8990
52W<30 + vsMA75<-5,2,5,5,38,100.0000,31.8000,5.8990,0.0000,0.0000,6.3494,-3.4175,5.8990
RSI<40 + 52W<30 + vsMA75<-5,3,5,5,20,100.0000,31.8000,5.8990,0.0000,0.0000,6.3494,-3.4175,5.8990
BB<20 + 52W<30 + vsMA75<-5,3,5,5,22,100.0000,31.8000,5.8990,0.0000,0.0000,6.3494,-3.4175,5.8990
52W<30 + DD<=-15 + STREAK>=5,3,5,4,25,100.0000,15.2500,5.8900,0.0000,0.0000,6.1543,-3.8639,5.8900
DD<=-10 + RET5<-3 + GOLDEN,3,15,2,23,50.0000,161.0000,14.4313,-2.6810,-2.6810,11.3921,-11.9071,5.8752
RSI<40 + BB<20 + vsMA75<-5,3,10,5,36,60.0000,23.6667,9.3715,0.4834,0.4834,8.5689,-8.2038,5.8163
BB<10 + vsMA75<-5,2,10,5,29,60.0000,23.6667,9.3715,0.4834,0.4834,8.5689,-8.2038,5.8163
RSI<40 + BB<10 + vsMA75<-5,3,10,5,29,60.0000,23.6667,9.3715,0.4834,0.4834,8.5689,-8.2038,5.8163
RSI<40 + vsMA75<-5,2,10,5,38,60.0000,23.6667,9.3715,0.4834,0.4834,8.5689,-8.2038,5.8163
BB<20 + vsMA75<-5,2,10,5,40,60.0000,23.6667,9.3715,0.4834,0.4834,8.5689,-8.2038,5.8163
BB<20 + BB<10 + vsMA75<-5,3,10,5,29,60.0000,23.6667,9.3715,0.4834,0.4834,8.5689,-8.2038,5.8163
DD<=-10 + vsMA25<-5 + vsMA75<-5,3,5,6,22,100.0000,9.0000,5.8132,0.0000,0.0000,6.2306,-4.0951,5.8132
52W<30 + DD<=-10 + STREAK>=10,3,5,3,41,100.0000,45.0000,5.8103,0.0000,0.0000,5.9686,-3.3115,5.8103
52W<30 + STREAK>=10,2,5,3,41,100.0000,45.0000,5.8103,0.0000,0.0000,5.9686,-3.3115,5.8103
52W<30 + STREAK>=5 + STREAK>=10,3,5,3,41,100.0000,45.0000,5.8103,0.0000,0.0000,5.9686,-3.3115,5.8103
52W<30 + STREAK>=10 + RET20<-5,3,5,3,24,100.0000,45.0000,5.8103,0.0000,0.0000,5.9686,-3.3115,5.8103
RSI<40 + vsMA25<-5 + vsMA75<-5,3,5,7,20,100.0000,8.2857,5.8013,0.0000,0.0000,6.1591,-3.5883,5.8013
vsMA25<-5 + vsMA75<-5,2,5,7,23,100.0000,8.2857,5.8013,0.0000,0.0000,6.1591,-3.5883,5.8013
RET20<-5 + vsMA25<-5 + vsMA75<-5,3,5,7,23,100.0000,8.2857,5.8013,0.0000,0.0000,6.1591,-3.5883,5.8013
DD<=-10 + RET20<-5 + GOLDEN,3,10,3,39,66.6667,83.0000,9.7342,-2.2273,-2.2273,7.5346,-11.1262,5.7470
RSI<40 + STREAK>=5 + RET5<-3,3,5,8,21,100.0000,13.6250,5.7342,0.0000,0.0000,6.0256,-3.4989,5.7342
RSI<40 + BB<10 + 52W<20,3,10,3,27,66.6667,6.0000,9.6427,-2.1459,-2.1459,10.3015,-4.8718,5.7132
RSI<40 + 52W<30 + 52W<20,3,10,3,30,66.6667,6.0000,9.6427,-2.1459,-2.1459,10.3015,-4.8718,5.7132
RSI<40 + BB<20 + 52W<20,3,10,3,29,66.6667,6.0000,9.6427,-2.1459,-2.1459,10.3015,-4.8718,5.7132
RSI<40 + 52W<20,2,10,3,30,66.6667,6.0000,9.6427,-2.1459,-2.1459,10.3015,-4.8718,5.7132
52W<30 + DD<=-10 + RET5<-3,3,5,5,27,100.0000,36.8000,5.7088,0.0000,0.0000,6.1031,-4.1767,5.7088
BB<10 + 52W<30 + DD<=-10,3,5,6,30,100.0000,32.6667,5.7084,0.0000,0.0000,6.0897,-3.5490,5.7084
RET20<-5 + RET5<-3 + vsMA75<-5,3,10,4,20,50.0000,24.5000,9.2142,2.1829,2.1829,8.0643,-8.7651,5.6985
DD<=-10 + DD<=-15 + RET20<-5,3,5,5,31,80.0000,6.0000,6.3991,2.8772,2.8772,6.1484,-3.8781,5.6947
DD<=-15 + RET20<-5,2,5,5,31,80.0000,6.0000,6.3991,2.8772,2.8772,6.1484,-3.8781,5.6947
RET20<-5,1,10,6,118,66.6667,52.5000,9.7585,-2.4961,-2.4961,9.6901,-6.3903,5.6736
RSI<40 + BB<20 + RET20<-5,3,10,6,63,66.6667,52.5000,9.7585,-2.4961,-2.4961,9.6901,-6.3903,5.6736
RSI<40 + RET20<-5,2,10,6,72,66.6667,52.5000,9.7585,-2.4961,-2.4961,9.6901,-6.3903,5.6736
BB<20 + RET20<-5,2,10,6,67,66.6667,52.5000,9.7585,-2.4961,-2.4961,9.6901,-6.3903,5.6736
52W<30 + vsMA25<-5,2,5,7,20,100.0000,11.1429,5.6692,0.0000,0.0000,6.2232,-2.2145,5.6692
BB<20 + STREAK>=5 + RET5<-3,3,5,8,22,100.0000,15.0000,5.6642,0.0000,0.0000,5.9472,-3.8430,5.6642
DD<=-10 + STREAK>=5 + RET5<-3,3,5,8,24,100.0000,16.3750,5.6613,0.0000,0.0000,5.9444,-3.8456,5.6613
STREAK>=5 + RET5<-3,2,5,8,24,100.0000,16.3750,5.6613,0.0000,0.0000,5.9444,-3.8456,5.6613
52W<30 + STREAK>=10 + vsMA75<-5,3,5,3,20,100.0000,8.6667,5.6561,0.0000,0.0000,6.0492,-3.0183,5.6561
RSI<40 + 52W<30 + RET5<-3,3,5,7,32,100.0000,34.2857,5.6394,0.0000,0.0000,6.0555,-3.6806,5.6394
RSI<35 + 52W<30 + RET5<-3,3,5,9,21,100.0000,16.3333,5.6140,0.0000,0.0000,6.0170,-2.7216,5.6140
RET5<-3 + GOLDEN,2,10,4,55,75.0000,125.3333,10.1174,-7.9724,-7.9724,8.2771,-10.1320,5.5950
DD<=-15 + RET20<-5 + vsMA75<-5,3,5,4,30,75.0000,4.3333,6.4960,2.8772,2.8772,6.1463,-4.7125,5.5913
RSI<40 + 52W<30 + STREAK>=5,3,5,7,24,100.0000,14.7143,5.5863,0.0000,0.0000,5.8909,-2.6879,5.5863
DD<=-10 + RET20<-5 + vsMA25<-5,3,5,7,27,100.0000,17.2857,5.5796,0.0000,0.0000,5.9023,-4.3913,5.5796
RSI<40 + DD<=-15,2,5,7,25,85.7143,9.6667,6.0878,2.2760,2.2760,6.0515,-3.5651,5.5432
DD<=-10 + DD<=-15,2,5,7,41,85.7143,9.6667,6.0878,2.2760,2.2760,6.0515,-3.5651,5.5432
RSI<40 + DD<=-10 + DD<=-15,3,5,7,25,85.7143,9.6667,6.0878,2.2760,2.2760,6.0515,-3.5651,5.5432
BB<20 + DD<=-15,2,5,7,22,85.7143,9.6667,6.0878,2.2760,2.2760,6.0515,-3.5651,5.5432
RSI<40 + DD<=-15 + RET5<-3,3,5,7,21,85.7143,9.6667,6.0878,2.2760,2.2760,6.0515,-3.5651,5.5432
BB<20 + DD<=-10 + DD<=-15,3,5,7,22,85.7143,9.6667,6.0878,2.2760,2.2760,6.0515,-3.5651,5.5432
DD<=-15,1,5,7,41,85.7143,9.6667,6.0878,2.2760,2.2760,6.0515,-3.5651,5.5432
DD<=-10 + DD<=-15 + RET5<-3,3,5,7,22,85.7143,9.6667,6.0878,2.2760,2.2760,6.0515,-3.5651,5.5432
BB<20 + DD<=-15 + RET5<-3,3,5,7,21,85.7143,9.6667,6.0878,2.2760,2.2760,6.0515,-3.5651,5.5432
DD<=-15 + RET5<-3,2,5,7,22,85.7143,9.6667,6.0878,2.2760,2.2760,6.0515,-3.5651,5.5432
RSI<40 + BB<20 + DD<=-15,3,5,7,22,85.7143,9.6667,6.0878,2.2760,2.2760,6.0515,-3.5651,5.5432
52W<30 + DD<=-10,2,5,6,84,100.0000,34.3333,5.5318,0.0000,0.0000,5.9257,-3.8776,5.5318
BB<20 + 52W<30 + DD<=-10,3,5,6,42,100.0000,34.3333,5.5318,0.0000,0.0000,5.9257,-3.8776,5.5318
RSI<40 + 52W<30 + DD<=-10,3,5,6,38,100.0000,34.3333,5.5318,0.0000,0.0000,5.9257,-3.8776,5.5318
52W<30 + DD<=-10 + RET20<-5,3,5,6,48,100.0000,33.5000,5.5235,0.0000,0.0000,5.9020,-3.7139,5.5235
RSI<35 + RET20<-5 + vsMA25<-5,3,5,9,21,100.0000,15.7778,5.5220,0.0000,0.0000,5.8826,-3.5325,5.5220
BB<10 + RET20<-5 + vsMA25<-5,3,5,9,23,100.0000,15.7778,5.5220,0.0000,0.0000,5.8826,-3.5325,5.5220
RET20<-5 + vsMA25<-5,2,5,9,31,100.0000,15.7778,5.5220,0.0000,0.0000,5.8826,-3.5325,5.5220
RSI<40 + RET20<-5 + vsMA25<-5,3,5,9,28,100.0000,15.7778,5.5220,0.0000,0.0000,5.8826,-3.5325,5.5220
RET20<-5 + RET5<-3 + vsMA25<-5,3,5,9,25,100.0000,15.7778,5.5220,0.0000,0.0000,5.8826,-3.5325,5.5220
BB<20 + RET20<-5 + vsMA25<-5,3,5,9,27,100.0000,15.7778,5.5220,0.0000,0.0000,5.8826,-3.5325,5.5220
BB<10 + 52W<30 + RET20<-5,3,5,8,25,100.0000,29.7500,5.5074,0.0000,0.0000,5.8150,-2.9534,5.5074
BB<20 + 52W<30 + STREAK>=5,3,5,7,29,100.0000,16.2857,5.5063,0.0000,0.0000,5.8013,-3.0811,5.5063
RSI<35 + 52W<30 + DD<=-10,3,5,6,22,100.0000,33.3333,5.5015,0.0000,0.0000,5.8801,-3.7329,5.5015
RSI<40 + BB<10 + 52W<30,3,5,8,38,100.0000,32.5000,5.4974,0.0000,0.0000,5.9493,-3.7317,5.4974
52W<30 + RET20<-5 + RET5<-3,3,5,7,23,100.0000,32.2857,5.4790,0.0000,0.0000,5.7853,-3.3168,5.4790
52W<30 + STREAK>=5 + RET20<-5,3,5,7,37,100.0000,13.7143,5.4768,0.0000,0.0000,5.7968,-2.4720,5.4768
DD<=-15 + vsMA75<-5,2,5,5,35,80.0000,6.5000,6.2762,2.2760,2.2760,6.1536,-4.4935,5.4762
RSI<40 + DD<=-15 + vsMA75<-5,3,5,5,21,80.0000,6.5000,6.2762,2.2760,2.2760,6.1536,-4.4935,5.4762
DD<=-10 + DD<=-15 + vsMA75<-5,3,5,5,35,80.0000,6.5000,6.2762,2.2760,2.2760,6.1536,-4.4935,5.4762
RSI<35 + BB<20,2,10,6,49,66.6667,51.5000,9.6893,-3.0226,-3.0226,9.1834,-6.3462,5.4520
RSI<35 + BB<20 + BB<10,3,10,6,42,66.6667,51.5000,9.6893,-3.0226,-3.0226,9.1834,-6.3462,5.4520
RSI<35 + RSI<40 + RET5<-3,3,10,6,38,66.6667,51.5000,9.6893,-3.0226,-3.0226,9.1834,-6.3462,5.4520
RSI<35 + RSI<40 + BB<20,3,10,6,49,66.6667,51.5000,9.6893,-3.0226,-3.0226,9.1834,-6.3462,5.4520
RSI<35 + RSI<40,2,10,6,51,66.6667,51.5000,9.6893,-3.0226,-3.0226,9.1834,-6.3462,5.4520
RSI<35 + RSI<40 + BB<10,3,10,6,42,66.6667,51.5000,9.6893,-3.0226,-3.0226,9.1834,-6.3462,5.4520
RSI<35,1,10,6,51,66.6667,51.5000,9.6893,-3.0226,-3.0226,9.1834,-6.3462,5.4520
RSI<35 + RET5<-3,2,10,6,38,66.6667,51.5000,9.6893,-3.0226,-3.0226,9.1834,-6.3462,5.4520
RSI<35 + BB<10,2,10,6,42,66.6667,51.5000,9.6893,-3.0226,-3.0226,9.1834,-6.3462,5.4520
RSI<35 + BB<10 + RET5<-3,3,10,6,38,66.6667,51.5000,9.6893,-3.0226,-3.0226,9.1834,-6.3462,5.4520
RSI<35 + BB<20 + RET5<-3,3,10,6,38,66.6667,51.5000,9.6893,-3.0226,-3.0226,9.1834,-6.3462,5.4520
BB<10 + 52W<30,2,5,8,47,100.0000,34.2500,5.4511,0.0000,0.0000,5.9028,-3.7735,5.4511
BB<20 + BB<10 + 52W<30,3,5,8,47,100.0000,34.2500,5.4511,0.0000,0.0000,5.9028,-3.7735,5.4511
RSI<35 + BB<10 + 52W<30,3,5,8,23,100.0000,30.6250,5.4355,0.0000,0.0000,5.8275,-3.3388,5.4355
RSI<40 + DD<=-10 + RET20<-5,3,15,3,50,33.3333,97.0000,15.1455,0.5619,0.5619,12.7996,-8.9279,5.4231
RSI<35 + DD<=-10 + RET20<-5,3,15,3,32,33.3333,97.0000,15.1455,0.5619,0.5619,12.7996,-8.9279,5.4231
BB<10 + DD<=-10 + RET20<-5,3,15,3,31,33.3333,97.0000,15.1455,0.5619,0.5619,12.7996,-8.9279,5.4231
DD<=-10 + RET20<-5 + vsMA25<-5,3,15,3,27,33.3333,97.0000,15.1455,0.5619,0.5619,12.7996,-8.9279,5.4231
BB<20 + DD<=-10 + RET20<-5,3,15,3,43,33.3333,97.0000,15.1455,0.5619,0.5619,12.7996,-8.9279,5.4231
DD<=-10 + RET20<-5 + RET5<-3,3,15,3,29,33.3333,97.0000,15.1455,0.5619,0.5619,12.7996,-8.9279,5.4231
DD<=-10 + RET20<-5,2,15,3,82,33.3333,97.0000,15.1455,0.5619,0.5619,12.7996,-8.9279,5.4231
RET20<-5 + RET5<-3 + vsMA75<-5,3,5,5,20,80.0000,36.7500,6.0579,2.8772,2.8772,5.6524,-7.1163,5.4217
52W<30 + RET5<-3,2,5,7,37,100.0000,37.4286,5.4146,0.0000,0.0000,5.8856,-4.2540,5.4146
BB<20 + 52W<30 + RET5<-3,3,5,7,34,100.0000,37.4286,5.4146,0.0000,0.0000,5.8856,-4.2540,5.4146
BB<10 + 52W<30 + RET5<-3,3,5,7,31,100.0000,37.4286,5.4146,0.0000,0.0000,5.8856,-4.2540,5.4146
BB<10 + 52W<30 + STREAK>=5,3,5,6,21,100.0000,17.1667,5.4145,0.0000,0.0000,5.7057,-3.5814,5.4145
BB<20 + 52W<30 + RET5<-3,3,10,4,34,75.0000,55.0000,9.6709,-7.4353,-7.4353,10.0299,-6.0464,5.3943
BB<10 + 52W<30 + RET5<-3,3,10,4,31,75.0000,55.0000,9.6709,-7.4353,-7.4353,10.0299,-6.0464,5.3943
BB<10 + 52W<30,2,10,4,47,75.0000,55.0000,9.6709,-7.4353,-7.4353,10.0299,-6.0464,5.3943
BB<20 + 52W<30,2,10,4,64,75.0000,55.0000,9.6709,-7.4353,-7.4353,10.0299,-6.0464,5.3943
BB<20 + BB<10 + 52W<30,3,10,4,47,75.0000,55.0000,9.6709,-7.4353,-7.4353,10.0299,-6.0464,5.3943
52W<30 + RET5<-3,2,10,4,37,75.0000,55.0000,9.6709,-7.4353,-7.4353,10.0299,-6.0464,5.3943
52W<30 + STREAK>=5 + vsMA75<-5,3,5,5,33,100.0000,10.6000,5.3942,0.0000,0.0000,5.8493,-3.0519,5.3942
DD<=-15 + STREAK>=10,2,5,6,25,83.3333,8.2000,5.9967,2.3167,2.3167,5.6215,-0.9605,5.3834
DD<=-15 + STREAK>=5 + STREAK>=10,3,5,6,25,83.3333,8.2000,5.9967,2.3167,2.3167,5.6215,-0.9605,5.3834
DD<=-10 + DD<=-15 + STREAK>=10,3,5,6,25,83.3333,8.2000,5.9967,2.3167,2.3167,5.6215,-0.9605,5.3834
52W<30 + RET20<-5,2,5,8,58,100.0000,31.0000,5.3749,0.0000,0.0000,5.6919,-3.1999,5.3749
BB<20 + 52W<30 + RET20<-5,3,5,8,35,100.0000,31.0000,5.3749,0.0000,0.0000,5.6919,-3.1999,5.3749
RSI<40 + 52W<30 + RET20<-5,3,5,8,37,100.0000,31.0000,5.3749,0.0000,0.0000,5.6919,-3.1999,5.3749
RET5<-3 + vsMA75<-5,2,5,6,28,83.3333,31.8000,5.9929,2.2760,2.2760,5.5651,-6.7236,5.3734
52W<30 + DD<=-10 + RET5<-3,3,10,3,27,66.6667,9.0000,9.6680,-3.2176,-3.2176,10.0926,-5.9705,5.3728
RSI<40 + BB<20 + 52W<30,3,5,8,48,100.0000,33.7500,5.3649,0.0000,0.0000,5.8263,-3.9782,5.3649
RSI<40 + 52W<30,2,5,8,53,100.0000,33.7500,5.3649,0.0000,0.0000,5.8263,-3.9782,5.3649
RSI<35 + 52W<30 + RET20<-5,3,5,8,24,100.0000,30.8750,5.3585,0.0000,0.0000,5.6755,-3.2141,5.3585
52W<30 + 52W<20 + DD<=-10,3,10,3,33,66.6667,6.0000,9.6427,-3.2176,-3.2176,10.2708,-4.0903,5.3560
RSI<40 + 52W<20 + DD<=-10,3,10,3,22,66.6667,6.0000,9.6427,-3.2176,-3.2176,10.2708,-4.0903,5.3560
52W<20 + DD<=-10,2,10,3,33,66.6667,6.0000,9.6427,-3.2176,-3.2176,10.2708,-4.0903,5.3560
BB<20 + 52W<20 + DD<=-10,3,10,3,24,66.6667,6.0000,9.6427,-3.2176,-3.2176,10.2708,-4.0903,5.3560
BB<10 + STREAK>=5 + RET5<-3,3,5,7,20,100.0000,16.5714,5.3433,0.0000,0.0000,5.6340,-4.0571,5.3433
52W<30,1,5,8,123,100.0000,35.5000,5.3186,0.0000,0.0000,5.7798,-4.0199,5.3186
BB<20 + 52W<30,2,5,8,64,100.0000,35.5000,5.3186,0.0000,0.0000,5.7798,-4.0199,5.3186
RSI<35 + BB<20 + 52W<30,3,5,8,26,100.0000,31.8750,5.3030,0.0000,0.0000,5.7044,-3.5852,5.3030
RSI<35 + 52W<30,2,5,8,28,100.0000,31.8750,5.3030,0.0000,0.0000,5.7044,-3.5852,5.3030
RSI<35 + RSI<40 + 52W<30,3,5,8,28,100.0000,31.8750,5.3030,0.0000,0.0000,5.7044,-3.5852,5.3030
DD<=-10 + RET5<-3 + vsMA75<-5,3,5,5,27,80.0000,38.7500,6.0586,2.2760,2.2760,5.5322,-7.9588,5.3021
52W<30 + DD<=-10 + STREAK>=5,3,5,7,65,100.0000,18.2857,5.2614,0.0000,0.0000,5.5477,-3.3298,5.2614
52W<30 + STREAK>=5,2,5,7,65,100.0000,18.2857,5.2614,0.0000,0.0000,5.5477,-3.3298,5.2614
RET5<-3,1,20,5,106,20.0000,72.0000,18.6983,1.8936,0.1069,12.0370,-11.5107,5.2545
DD<=-15 + STREAK>=5 + RET20<-5,3,15,2,27,0.0000,,15.0000,5.2340,5.2340,14.2660,-8.2076,5.2340
DD<=-15 + STREAK>=5 + RET20<-5,3,20,2,27,0.0000,,20.0000,5.2340,5.2340,14.2660,-8.2076,5.2340
STREAK>=5 + STREAK>=20,2,5,3,40,100.0000,34.6667,5.2225,0.0000,0.0000,5.4267,-2.1672,5.2225
STREAK>=20,1,5,3,40,100.0000,34.6667,5.2225,0.0000,0.0000,5.4267,-2.1672,5.2225
DD<=-10 + STREAK>=5 + STREAK>=20,3,5,3,40,100.0000,34.6667,5.2225,0.0000,0.0000,5.4267,-2.1672,5.2225
DD<=-10 + STREAK>=10 + STREAK>=20,3,5,3,40,100.0000,34.6667,5.2225,0.0000,0.0000,5.4267,-2.1672,5.2225
DD<=-10 + STREAK>=20,2,5,3,40,100.0000,34.6667,5.2225,0.0000,0.0000,5.4267,-2.1672,5.2225
STREAK>=10 + STREAK>=20,2,5,3,40,100.0000,34.6667,5.2225,0.0000,0.0000,5.4267,-2.1672,5.2225
STREAK>=5 + STREAK>=10 + STREAK>=20,3,5,3,40,100.0000,34.6667,5.2225,0.0000,0.0000,5.4267,-2.1672,5.2225
BB<20 + DD<=-10 + vsMA25<-5,3,5,7,25,100.0000,22.1429,5.2093,0.0000,0.0000,5.4992,-5.2411,5.2093
RSI<40 + DD<=-10 + vsMA25<-5,3,5,7,26,100.0000,22.1429,5.2093,0.0000,0.0000,5.4992,-5.2411,5.2093
BB<10 + DD<=-10 + vsMA25<-5,3,5,7,21,100.0000,22.1429,5.2093,0.0000,0.0000,5.4992,-5.2411,5.2093
DD<=-10 + RET5<-3 + vsMA25<-5,3,5,7,23,100.0000,22.1429,5.2093,0.0000,0.0000,5.4992,-5.2411,5.2093
RSI<35 + DD<=-10 + vsMA25<-5,3,5,7,20,100.0000,22.1429,5.2093,0.0000,0.0000,5.4992,-5.2411,5.2093
DD<=-10 + vsMA25<-5,2,5,7,29,100.0000,22.1429,5.2093,0.0000,0.0000,5.4992,-5.2411,5.2093
vsMA75<-5,1,5,8,67,87.5000,25.1429,6.0236,-0.5218,-0.5218,5.8312,-5.4582,5.2054
vsMA75<-5 + GOLDEN,2,5,7,25,85.7143,7.1667,6.1415,-0.5218,-0.5218,5.9048,-4.9603,5.1896
BB<20 + BB<10 + vsMA25<-5,3,5,9,26,100.0000,20.0000,5.1548,0.0000,0.0000,5.5770,-4.4636,5.1548
BB<20 + RET5<-3 + vsMA25<-5,3,5,9,28,100.0000,20.0000,5.1548,0.0000,0.0000,5.5770,-4.4636,5.1548
BB<20 + vsMA25<-5,2,5,9,30,100.0000,20.0000,5.1548,0.0000,0.0000,5.5770,-4.4636,5.1548
RSI<40 + BB<20 + vsMA25<-5,3,5,9,30,100.0000,20.0000,5.1548,0.0000,0.0000,5.5770,-4.4636,5.1548
RSI<40 + BB<10 + vsMA25<-5,3,5,9,26,100.0000,20.0000,5.1548,0.0000,0.0000,5.5770,-4.4636,5.1548
RSI<35 + BB<10 + vsMA25<-5,3,5,9,24,100.0000,20.0000,5.1548,0.0000,0.0000,5.5770,-4.4636,5.1548
RSI<40 + RET5<-3 + vsMA25<-5,3,5,9,28,100.0000,20.0000,5.1548,0.0000,0.0000,5.5770,-4.4636,5.1548
RSI<35 + RSI<40 + vsMA25<-5,3,5,9,24,100.0000,20.0000,5.1548,0.0000,0.0000,5.5770,-4.4636,5.1548
RET5<-3 + vsMA25<-5,2,5,9,28,100.0000,20.0000,5.1548,0.0000,0.0000,5.5770,-4.4636,5.1548
RSI<35 + RET5<-3 + vsMA25<-5,3,5,9,23,100.0000,20.0000,5.1548,0.0000,0.0000,5.5770,-4.4636,5.1548
vsMA25<-5,1,5,9,34,100.0000,20.0000,5.1548,0.0000,0.0000,5.5770,-4.4636,5.1548
RSI<35 + BB<20 + vsMA25<-5,3,5,9,24,100.0000,20.0000,5.1548,0.0000,0.0000,5.5770,-4.4636,5.1548
BB<10 + vsMA25<-5,2,5,9,26,100.0000,20.0000,5.1548,0.0000,0.0000,5.5770,-4.4636,5.1548
RSI<40 + vsMA25<-5,2,5,9,31,100.0000,20.0000,5.1548,0.0000,0.0000,5.5770,-4.4636,5.1548
BB<10 + RET5<-3 + vsMA25<-5,3,5,9,25,100.0000,20.0000,5.1548,0.0000,0.0000,5.5770,-4.4636,5.1548
RSI<35 + vsMA25<-5,2,5,9,24,100.0000,20.0000,5.1548,0.0000,0.0000,5.5770,-4.4636,5.1548
RSI<40 + DD<=-10 + RET5<-3,3,20,3,40,33.3333,109.0000,21.3351,-2.9493,-2.9493,12.1747,-10.8876,5.1455
BB<20 + BB<10 + DD<=-10,3,20,3,53,33.3333,109.0000,21.3351,-2.9493,-2.9493,12.1747,-10.8876,5.1455
BB<20 + DD<=-10 + RET5<-3,3,20,3,42,33.3333,109.0000,21.3351,-2.9493,-2.9493,12.1747,-10.8876,5.1455
RSI<35 + DD<=-10 + vsMA25<-5,3,20,3,20,33.3333,109.0000,21.3351,-2.9493,-2.9493,12.1747,-10.8876,5.1455
RSI<40 + BB<10 + DD<=-10,3,20,3,47,33.3333,109.0000,21.3351,-2.9493,-2.9493,12.1747,-10.8876,5.1455
RSI<40 + DD<=-10,2,20,3,69,33.3333,109.0000,21.3351,-2.9493,-2.9493,12.1747,-10.8876,5.1455
RSI<40 + BB<20 + DD<=-10,3,20,3,60,33.3333,109.0000,21.3351,-2.9493,-2.9493,12.1747,-10.8876,5.1455
DD<=-10 + vsMA25<-5,2,20,3,29,33.3333,109.0000,21.3351,-2.9493,-2.9493,12.1747,-10.8876,5.1455
DD<=-10 + RET5<-3,2,20,3,52,33.3333,109.0000,21.3351,-2.9493,-2.9493,12.1747,-10.8876,5.1455
RSI<35 + DD<=-10 + RET5<-3,3,20,3,26,33.3333,109.0000,21.3351,-2.9493,-2.9493,12.1747,-10.8876,5.1455
BB<20 + DD<=-10,2,20,3,75,33.3333,109.0000,21.3351,-2.9493,-2.9493,12.1747,-10.8876,5.1455
RSI<35 + DD<=-10,2,20,3,38,33.3333,109.0000,21.3351,-2.9493,-2.9493,12.1747,-10.8876,5.1455
RSI<40 + DD<=-10 + vsMA25<-5,3,20,3,26,33.3333,109.0000,21.3351,-2.9493,-2.9493,12.1747,-10.8876,5.1455
BB<10 + DD<=-10,2,20,3,53,33.3333,109.0000,21.3351,-2.9493,-2.9493,12.1747,-10.8876,5.1455
BB<20 + DD<=-10 + vsMA25<-5,3,20,3,25,33.3333,109.0000,21.3351,-2.9493,-2.9493,12.1747,-10.8876,5.1455
DD<=-10,1,20,3,208,33.3333,109.0000,21.3351,-2.9493,-2.9493,12.1747,-10.8876,5.1455
DD<=-10 + RET5<-3 + vsMA25<-5,3,20,3,23,33.3333,109.0000,21.3351,-2.9493,-2.9493,12.1747,-10.8876,5.1455
BB<10 + DD<=-10 + RET5<-3,3,20,3,37,33.3333,109.0000,21.3351,-2.9493,-2.9493,12.1747,-10.8876,5.1455
BB<10 + DD<=-10 + vsMA25<-5,3,20,3,21,33.3333,109.0000,21.3351,-2.9493,-2.9493,12.1747,-10.8876,5.1455
RSI<35 + RSI<40 + DD<=-10,3,20,3,38,33.3333,109.0000,21.3351,-2.9493,-2.9493,12.1747,-10.8876,5.1455
RSI<35 + BB<20 + DD<=-10,3,20,3,36,33.3333,109.0000,21.3351,-2.9493,-2.9493,12.1747,-10.8876,5.1455
RSI<35 + BB<10 + DD<=-10,3,20,3,30,33.3333,109.0000,21.3351,-2.9493,-2.9493,12.1747,-10.8876,5.1455
STREAK>=10 + RET20<-5 + vsMA75<-5,3,10,2,21,50.0000,13.0000,9.8141,0.4723,0.4723,7.4800,-9.7988,5.1432
BB<10 + RET20<-5 + vsMA75<-5,3,5,7,22,85.7143,27.3333,6.0720,-0.5218,-0.5218,5.8452,-5.6298,5.1301
BB<20 + RET20<-5 + vsMA75<-5,3,5,7,29,85.7143,27.3333,6.0720,-0.5218,-0.5218,5.8452,-5.6298,5.1301
RSI<40 + RET20<-5 + vsMA75<-5,3,5,7,31,85.7143,27.3333,6.0720,-0.5218,-0.5218,5.8452,-5.6298,5.1301
RET20<-5 + vsMA75<-5,2,5,7,50,85.7143,27.3333,6.0720,-0.5218,-0.5218,5.8452,-5.6298,5.1301
BB<10 + RET5<-3 + vsMA75<-5,3,5,6,22,83.3333,31.0000,5.7007,2.2760,2.2760,5.5445,-6.5330,5.1299
RSI<40 + RET5<-3 + vsMA75<-5,3,5,6,25,83.3333,31.0000,5.7007,2.2760,2.2760,5.5445,-6.5330,5.1299
BB<20 + RET5<-3 + vsMA75<-5,3,5,6,25,83.3333,31.0000,5.7007,2.2760,2.2760,5.5445,-6.5330,5.1299
DD<=-10 + STREAK>=5 + RET20<-5,3,5,8,56,87.5000,12.7143,5.9354,-0.5218,-0.5218,5.8210,-3.6006,5.1282
STREAK>=5 + RET20<-5,2,5,8,56,87.5000,12.7143,5.9354,-0.5218,-0.5218,5.8210,-3.6006,5.1282
RSI<40 + DD<=-10 + STREAK>=5,3,5,9,37,88.8889,12.6250,5.8185,-0.5218,-0.5218,5.7951,-3.6560,5.1140
RSI<40 + STREAK>=5,2,5,9,37,88.8889,12.6250,5.8185,-0.5218,-0.5218,5.7951,-3.6560,5.1140
RSI<40 + BB<20 + STREAK>=5,3,5,9,31,88.8889,12.6250,5.8185,-0.5218,-0.5218,5.7951,-3.6560,5.1140
BB<20 + DD<=-10 + vsMA75<-5,3,10,4,38,50.0000,20.5000,9.7389,0.4834,0.4834,8.1734,-10.0959,5.1112
BB<10 + DD<=-10 + vsMA75<-5,3,10,4,27,50.0000,20.5000,9.7389,0.4834,0.4834,8.1734,-10.0959,5.1112
RSI<40 + DD<=-10 + vsMA75<-5,3,10,4,36,50.0000,20.5000,9.7389,0.4834,0.4834,8.1734,-10.0959,5.1112
RSI<40 + STREAK>=5 + RET20<-5,3,5,7,29,85.7143,11.0000,6.0072,-0.5218,-0.5218,5.8582,-3.7757,5.0745
BB<10 + vsMA75<-5,2,5,8,29,87.5000,24.5714,5.8149,-0.5218,-0.5218,5.8158,-5.3152,5.0228
RSI<40 + vsMA75<-5,2,5,8,38,87.5000,24.5714,5.8149,-0.5218,-0.5218,5.8158,-5.3152,5.0228
RSI<40 + BB<10 + vsMA75<-5,3,5,8,29,87.5000,24.5714,5.8149,-0.5218,-0.5218,5.8158,-5.3152,5.0228
BB<20 + vsMA75<-5,2,5,8,40,87.5000,24.5714,5.8149,-0.5218,-0.5218,5.8158,-5.3152,5.0228
BB<20 + BB<10 + vsMA75<-5,3,5,8,29,87.5000,24.5714,5.8149,-0.5218,-0.5218,5.8158,-5.3152,5.0228
RSI<40 + BB<20 + vsMA75<-5,3,5,8,36,87.5000,24.5714,5.8149,-0.5218,-0.5218,5.8158,-5.3152,5.0228
BB<20 + DD<=-10 + STREAK>=5,3,5,9,41,88.8889,14.5000,5.6801,-0.5218,-0.5218,5.7212,-4.0882,4.9910
BB<20 + STREAK>=5,2,5,9,41,88.8889,14.5000,5.6801,-0.5218,-0.5218,5.7212,-4.0882,4.9910
RSI<35 + RET20<-5 + vsMA75<-5,3,10,4,21,50.0000,24.5000,9.2142,0.7593,0.7593,8.0176,-9.5050,4.9868
RSI<35 + BB<20 + vsMA75<-5,3,10,4,24,50.0000,24.5000,9.2142,0.7593,0.7593,8.0176,-9.5050,4.9868
RSI<35 + BB<10 + vsMA75<-5,3,10,4,21,50.0000,24.5000,9.2142,0.7593,0.7593,8.0176,-9.5050,4.9868
RSI<35 + vsMA75<-5,2,10,4,24,50.0000,24.5000,9.2142,0.7593,0.7593,8.0176,-9.5050,4.9868
RSI<35 + RSI<40 + vsMA75<-5,3,10,4,24,50.0000,24.5000,9.2142,0.7593,0.7593,8.0176,-9.5050,4.9868
RSI<40 + STREAK>=5 + vsMA75<-5,3,5,7,26,85.7143,8.3333,5.8928,-0.5218,-0.5218,5.8727,-4.0741,4.9764
BB<20 + STREAK>=5 + vsMA75<-5,3,5,7,28,85.7143,8.3333,5.8928,-0.5218,-0.5218,5.8727,-4.0741,4.9764
vsMA75<-5,1,10,4,67,50.0000,24.5000,9.2142,0.6963,0.6963,9.6406,-9.3874,4.9552
RET5<-3 + vsMA75<-5,2,10,4,28,50.0000,24.5000,9.2142,0.6963,0.6963,9.6406,-9.3874,4.9552
STREAK>=5 + RET20<-5 + vsMA75<-5,3,5,6,39,83.3333,7.2000,6.0332,-0.5218,-0.5218,5.8994,-3.9988,4.9407
BB<20 + STREAK>=5 + RET20<-5,3,5,7,25,85.7143,12.8333,5.8286,-0.5218,-0.5218,5.7062,-4.0996,4.9214
DD<=-10 + vsMA75<-5,2,5,6,65,83.3333,33.4000,5.9882,-0.5218,-0.5218,5.7061,-7.0910,4.9032
RSI<35 + vsMA75<-5,2,5,6,24,83.3333,31.6000,5.9612,-0.5218,-0.5218,5.6836,-6.4918,4.8807
RSI<35 + BB<10 + vsMA75<-5,3,5,6,21,83.3333,31.6000,5.9612,-0.5218,-0.5218,5.6836,-6.4918,4.8807
RSI<35 + BB<20 + vsMA75<-5,3,5,6,24,83.3333,31.6000,5.9612,-0.5218,-0.5218,5.6836,-6.4918,4.8807
RSI<35 + RET20<-5 + vsMA75<-5,3,5,6,21,83.3333,31.6000,5.9612,-0.5218,-0.5218,5.6836,-6.4918,4.8807
RSI<35 + RSI<40 + vsMA75<-5,3,5,6,24,83.3333,31.6000,5.9612,-0.5218,-0.5218,5.6836,-6.4918,4.8807
GOLDEN,1,10,6,533,66.6667,90.2500,9.7250,-4.8797,-4.8797,8.1564,-8.9943,4.8567
BB<20 + RET20<-5 + vsMA75<-5,3,10,4,29,50.0000,24.5000,9.2142,0.4834,0.4834,8.0513,-9.4765,4.8488
BB<10 + RET20<-5 + vsMA75<-5,3,10,4,22,50.0000,24.5000,9.2142,0.4834,0.4834,8.0513,-9.4765,4.8488
RSI<40 + RET20<-5 + vsMA75<-5,3,10,4,31,50.0000,24.5000,9.2142,0.4834,0.4834,8.0513,-9.4765,4.8488
RET20<-5 + vsMA75<-5,2,10,4,50,50.0000,24.5000,9.2142,0.4834,0.4834,8.0513,-9.4765,4.8488
STREAK>=5 + vsMA75<-5,2,5,7,52,85.7143,8.5000,5.7358,-0.5218,-0.5218,5.7381,-4.1926,4.8419
DD<=-10 + STREAK>=5 + vsMA75<-5,3,5,7,52,85.7143,8.5000,5.7358,-0.5218,-0.5218,5.7381,-4.1926,4.8419
BB<20 + BB<10 + RET20<-5,3,5,11,46,90.9091,32.5000,5.5453,-2.2273,-2.2273,5.3188,-4.8505,4.8387
BB<10 + RET20<-5,2,5,11,46,90.9091,32.5000,5.5453,-2.2273,-2.2273,5.3188,-4.8505,4.8387
RSI<40 + BB<10 + RET20<-5,3,5,11,44,90.9091,32.5000,5.5453,-2.2273,-2.2273,5.3188,-4.8505,4.8387
DD<=-10 + STREAK>=5,2,5,10,147,90.0000,15.4444,5.4941,-1.1254,-1.1254,5.5214,-3.8684,4.8322
STREAK>=5,1,5,10,147,90.0000,15.4444,5.4941,-1.1254,-1.1254,5.5214,-3.8684,4.8322
DD<=-10 + vsMA75<-5 + GOLDEN,3,5,5,23,80.0000,8.5000,6.1562,-0.5218,-0.5218,5.7840,-6.7205,4.8206
RSI<35 + RET20<-5 + RET5<-3,3,5,11,29,90.9091,17.4000,5.4973,-2.2273,-2.2273,5.4001,-3.9424,4.7951
BB<20 + RET5<-3,2,15,4,77,50.0000,163.0000,16.9579,-7.4517,-7.4517,13.0038,-11.6742,4.7531
BB<20 + BB<10 + RET5<-3,3,15,4,67,50.0000,163.0000,16.9579,-7.4517,-7.4517,13.0038,-11.6742,4.7531
BB<10 + RET5<-3,2,15,4,67,50.0000,163.0000,16.9579,-7.4517,-7.4517,13.0038,-11.6742,4.7531
RSI<35 + STREAK>=5,2,5,6,20,83.3333,15.6000,5.7927,-0.5218,-0.5218,5.5874,-4.4253,4.7403
RSI<35 + DD<=-10 + STREAK>=5,3,5,6,20,83.3333,15.6000,5.7927,-0.5218,-0.5218,5.5874,-4.4253,4.7403
RSI<35 + RSI<40 + STREAK>=5,3,5,6,20,83.3333,15.6000,5.7927,-0.5218,-0.5218,5.5874,-4.4253,4.7403
DD<=-10 + RET20<-5 + vsMA75<-5,3,5,5,48,80.0000,38.7500,6.0520,-0.5218,-0.5218,5.7007,-7.6579,4.7372
BB<10 + RET20<-5 + GOLDEN,3,5,7,25,85.7143,23.1667,5.8681,-2.2273,-2.2273,5.4210,-5.8409,4.7116
RSI<35 + DD<=-10 + vsMA75<-5,3,5,5,23,80.0000,38.5000,6.0191,-0.5218,-0.5218,5.6743,-7.6806,4.7109
RSI<40 + BB<20 + RET20<-5,3,5,11,63,90.9091,35.4000,5.3843,-2.2273,-2.2273,5.1515,-5.3215,4.6923
RSI<40 + RET20<-5,2,5,11,72,90.9091,35.4000,5.3843,-2.2273,-2.2273,5.1515,-5.3215,4.6923
BB<20 + RET20<-5,2,5,11,67,90.9091,35.4000,5.3843,-2.2273,-2.2273,5.1515,-5.3215,4.6923
RSI<35 + RET5<-3,2,5,12,38,91.6667,22.4545,5.3072,-2.2273,-2.2273,5.2635,-4.8179,4.6793
RSI<35 + RSI<40 + RET5<-3,3,5,12,38,91.6667,22.4545,5.3072,-2.2273,-2.2273,5.2635,-4.8179,4.6793
RSI<35 + BB<20 + RET5<-3,3,5,12,38,91.6667,22.4545,5.3072,-2.2273,-2.2273,5.2635,-4.8179,4.6793
RSI<35 + BB<10 + RET5<-3,3,5,12,38,91.6667,22.4545,5.3072,-2.2273,-2.2273,5.2635,-4.8179,4.6793
RSI<40,1,15,4,113,50.0000,129.0000,14.1576,-4.8070,-4.8070,12.3794,-10.0788,4.6753
RSI<40 + BB<10,2,15,4,79,50.0000,129.0000,14.1576,-4.8070,-4.8070,12.3794,-10.0788,4.6753
RSI<40 + BB<20 + BB<10,3,15,4,79,50.0000,129.0000,14.1576,-4.8070,-4.8070,12.3794,-10.0788,4.6753
RSI<40 + BB<20,2,15,4,104,50.0000,129.0000,14.1576,-4.8070,-4.8070,12.3794,-10.0788,4.6753
RET20<-5 + RET5<-3,2,5,10,41,90.0000,35.5556,5.4399,-2.2273,-2.2273,5.1823,-5.2784,4.6732
BB<20 + RET20<-5 + RET5<-3,3,5,10,39,90.0000,35.5556,5.4399,-2.2273,-2.2273,5.1823,-5.2784,4.6732
RSI<40 + RET20<-5 + RET5<-3,3,5,10,39,90.0000,35.5556,5.4399,-2.2273,-2.2273,5.1823,-5.2784,4.6732
BB<10 + RET20<-5 + RET5<-3,3,5,10,36,90.0000,35.5556,5.4399,-2.2273,-2.2273,5.1823,-5.2784,4.6732
RSI<40 + DD<=-10 + vsMA75<-5,3,5,6,36,83.3333,32.6000,5.6960,-0.5218,-0.5218,5.6854,-6.9004,4.6597
BB<10 + DD<=-10 + vsMA75<-5,3,5,6,27,83.3333,32.6000,5.6960,-0.5218,-0.5218,5.6854,-6.9004,4.6597
BB<20 + DD<=-10 + vsMA75<-5,3,5,6,38,83.3333,32.6000,5.6960,-0.5218,-0.5218,5.6854,-6.9004,4.6597
RSI<35 + BB<10 + RET20<-5,3,5,10,33,90.0000,32.2222,5.4051,-2.2273,-2.2273,5.2175,-5.0722,4.6419
RSI<35 + RET20<-5,2,5,10,42,90.0000,32.2222,5.4051,-2.2273,-2.2273,5.2175,-5.0722,4.6419
RSI<35 + RSI<40 + RET20<-5,3,5,10,42,90.0000,32.2222,5.4051,-2.2273,-2.2273,5.2175,-5.0722,4.6419
RSI<35 + BB<20 + RET20<-5,3,5,10,40,90.0000,32.2222,5.4051,-2.2273,-2.2273,5.2175,-5.0722,4.6419
DD<=-10 + STREAK>=5 + GOLDEN,3,5,6,32,83.3333,11.0000,5.7632,-1.1254,-1.1254,5.6302,-4.1809,4.6151
STREAK>=5 + GOLDEN,2,5,6,32,83.3333,11.0000,5.7632,-1.1254,-1.1254,5.6302,-4.1809,4.6151
RSI<40 + BB<10 + STREAK>=5,3,5,7,23,85.7143,14.3333,5.4300,-0.5218,-0.5218,5.3773,-4.3544,4.5797
DD<=-10 + vsMA25<-5 + vsMA75<-5,3,15,2,22,0.0000,,15.0000,4.5461,4.5461,12.5871,-9.6286,4.5461
DD<=-10 + vsMA25<-5 + vsMA75<-5,3,20,2,22,0.0000,,20.0000,4.5461,4.5461,12.5871,-9.6286,4.5461
RSI<35 + DD<=-10 + RET5<-3,3,5,8,26,87.5000,24.1429,5.4873,-2.2273,-2.2273,5.1584,-6.2678,4.5230
RSI<40 + STREAK>=5,2,15,2,37,0.0000,,15.0000,4.5121,4.5121,12.5498,-9.6571,4.5121
RSI<40 + STREAK>=5,2,20,2,37,0.0000,,20.0000,4.5121,4.5121,12.5498,-9.6571,4.5121
STREAK>=5 + RET5<-3,2,20,2,24,0.0000,,20.0000,4.5121,4.5121,12.5498,-9.6571,4.5121
STREAK>=5,1,20,2,147,0.0000,,20.0000,4.5121,4.5121,12.5498,-9.6571,4.5121
STREAK>=5,1,15,2,147,0.0000,,15.0000,4.5121,4.5121,12.5498,-9.6571,4.5121
DD<=-10 + STREAK>=5 + RET5<-3,3,15,2,24,0.0000,,15.0000,4.5121,4.5121,12.5498,-9.6571,4.5121
DD<=-10 + STREAK>=5 + vsMA75<-5,3,20,2,52,0.0000,,20.0000,4.5121,4.5121,12.5498,-9.6571,4.5121
DD<=-10 + STREAK>=5 + RET5<-3,3,20,2,24,0.0000,,20.0000,4.5121,4.5121,12.5498,-9.6571,4.5121
DD<=-10 + STREAK>=5 + vsMA75<-5,3,15,2,52,0.0000,,15.0000,4.5121,4.5121,12.5498,-9.6571,4.5121
BB<20 + STREAK>=5 + vsMA75<-5,3,15,2,28,0.0000,,15.0000,4.5121,4.5121,12.5498,-9.6571,4.5121
BB<20 + DD<=-10 + STREAK>=5,3,20,2,41,0.0000,,20.0000,4.5121,4.5121,12.5498,-9.6571,4.5121
RSI<40 + STREAK>=5 + RET20<-5,3,15,2,29,0.0000,,15.0000,4.5121,4.5121,12.5498,-9.6571,4.5121
BB<20 + STREAK>=5 + RET20<-5,3,15,2,25,0.0000,,15.0000,4.5121,4.5121,12.5498,-9.6571,4.5121
BB<20 + STREAK>=5 + RET5<-3,3,20,2,22,0.0000,,20.0000,4.5121,4.5121,12.5498,-9.6571,4.5121
DD<=-10 + STREAK>=5 + RET20<-5,3,15,2,56,0.0000,,15.0000,4.5121,4.5121,12.5498,-9.6571,4.5121
DD<=-10 + STREAK>=5 + RET20<-5,3,20,2,56,0.0000,,20.0000,4.5121,4.5121,12.5498,-9.6571,4.5121
BB<20 + STREAK>=5 + RET5<-3,3,15,2,22,0.0000,,15.0000,4.5121,4.5121,12.5498,-9.6571,4.5121
BB<20 + DD<=-10 + STREAK>=5,3,15,2,41,0.0000,,15.0000,4.5121,4.5121,12.5498,-9.6571,4.5121
STREAK>=5 + vsMA75<-5,2,15,2,52,0.0000,,15.0000,4.5121,4.5121,12.5498,-9.6571,4.5121
BB<20 + STREAK>=5,2,15,2,41,0.0000,,15.0000,4.5121,4.5121,12.5498,-9.6571,4.5121
BB<20 + STREAK>=5,2,20,2,41,0.0000,,20.0000,4.5121,4.5121,12.5498,-9.6571,4.5121
STREAK>=5 + RET5<-3,2,15,2,24,0.0000,,15.0000,4.5121,4.5121,12.5498,-9.6571,4.5121
STREAK>=5 + RET20<-5 + vsMA75<-5,3,15,2,39,0.0000,,15.0000,4.5121,4.5121,12.5498,-9.6571,4.5121
STREAK>=5 + RET20<-5 + vsMA75<-5,3,20,2,39,0.0000,,20.0000,4.5121,4.5121,12.5498,-9.6571,4.5121
STREAK>=5 + RET20<-5,2,15,2,56,0.0000,,15.0000,4.5121,4.5121,12.5498,-9.6571,4.5121
RSI<40 + BB<20 + STREAK>=5,3,20,2,31,0.0000,,20.0000,4.5121,4.5121,12.5498,-9.6571,4.5121
RSI<40 + DD<=-10 + STREAK>=5,3,20,2,37,0.0000,,20.0000,4.5121,4.5121,12.5498,-9.6571,4.5121
RSI<40 + STREAK>=5 + RET5<-3,3,15,2,21,0.0000,,15.0000,4.5121,4.5121,12.5498,-9.6571,4.5121
RSI<40 + STREAK>=5 + RET5<-3,3,20,2,21,0.0000,,20.0000,4.5121,4.5121,12.5498,-9.6571,4.5121
RSI<40 + STREAK>=5 + RET20<-5,3,20,2,29,0.0000,,20.0000,4.5121,4.5121,12.5498,-9.6571,4.5121
DD<=-10 + STREAK>=5,2,15,2,147,0.0000,,15.0000,4.5121,4.5121,12.5498,-9.6571,4.5121
STREAK>=5 + RET20<-5,2,20,2,56,0.0000,,20.0000,4.5121,4.5121,12.5498,-9.6571,4.5121
RSI<40 + DD<=-10 + STREAK>=5,3,15,2,37,0.0000,,15.0000,4.5121,4.5121,12.5498,-9.6571,4.5121
DD<=-10 + STREAK>=5,2,20,2,147,0.0000,,20.0000,4.5121,4.5121,12.5498,-9.6571,4.5121
RSI<40 + BB<20 + STREAK>=5,3,15,2,31,0.0000,,15.0000,4.5121,4.5121,12.5498,-9.6571,4.5121
RSI<40 + STREAK>=5 + vsMA75<-5,3,15,2,26,0.0000,,15.0000,4.5121,4.5121,12.5498,-9.6571,4.5121
RSI<40 + STREAK>=5 + vsMA75<-5,3,20,2,26,0.0000,,20.0000,4.5121,4.5121,12.5498,-9.6571,4.5121
BB<20 + STREAK>=5 + RET20<-5,3,20,2,25,0.0000,,20.0000,4.5121,4.5121,12.5498,-9.6571,4.5121
STREAK>=5 + vsMA75<-5,2,20,2,52,0.0000,,20.0000,4.5121,4.5121,12.5498,-9.6571,4.5121
BB<20 + STREAK>=5 + vsMA75<-5,3,20,2,28,0.0000,,20.0000,4.5121,4.5121,12.5498,-9.6571,4.5121
BB<20 + BB<10 + STREAK>=5,3,5,7,27,85.7143,16.1667,5.3367,-0.5218,-0.5218,5.2878,-4.7476,4.4997
BB<10 + DD<=-10 + STREAK>=5,3,5,7,27,85.7143,16.1667,5.3367,-0.5218,-0.5218,5.2878,-4.7476,4.4997
BB<10 + STREAK>=5,2,5,7,27,85.7143,16.1667,5.3367,-0.5218,-0.5218,5.2878,-4.7476,4.4997
DD<=-10 + RET20<-5,2,5,7,82,85.7143,41.3333,5.6036,-2.2273,-2.2273,5.1284,-7.5365,4.4849
BB<20 + RET20<-5 + GOLDEN,3,5,7,40,85.7143,28.0000,5.5996,-2.2273,-2.2273,5.1582,-6.5811,4.4815
RSI<40 + RET20<-5 + GOLDEN,3,5,7,46,85.7143,28.0000,5.5996,-2.2273,-2.2273,5.1582,-6.5811,4.4815
RET20<-5 + GOLDEN,2,5,7,60,85.7143,28.0000,5.5996,-2.2273,-2.2273,5.1582,-6.5811,4.4815
RSI<35 + RSI<40 + vsMA25<-5,3,10,5,24,60.0000,56.0000,9.4372,-3.0226,-3.0226,8.8407,-6.9950,4.4532
RET5<-3 + vsMA25<-5,2,10,5,28,60.0000,56.0000,9.4372,-3.0226,-3.0226,8.8407,-6.9950,4.4532
BB<10 + RET5<-3 + vsMA25<-5,3,10,5,25,60.0000,56.0000,9.4372,-3.0226,-3.0226,8.8407,-6.9950,4.4532
RSI<40 + BB<10 + vsMA25<-5,3,10,5,26,60.0000,56.0000,9.4372,-3.0226,-3.0226,8.8407,-6.9950,4.4532
BB<10 + vsMA25<-5,2,10,5,26,60.0000,56.0000,9.4372,-3.0226,-3.0226,8.8407,-6.9950,4.4532
RSI<35 + BB<20 + vsMA25<-5,3,10,5,24,60.0000,56.0000,9.4372,-3.0226,-3.0226,8.8407,-6.9950,4.4532
RSI<35 + BB<10 + vsMA25<-5,3,10,5,24,60.0000,56.0000,9.4372,-3.0226,-3.0226,8.8407,-6.9950,4.4532
RSI<35 + RET5<-3 + vsMA25<-5,3,10,5,23,60.0000,56.0000,9.4372,-3.0226,-3.0226,8.8407,-6.9950,4.4532
RSI<40 + vsMA25<-5,2,10,5,31,60.0000,56.0000,9.4372,-3.0226,-3.0226,8.8407,-6.9950,4.4532
RSI<40 + BB<20 + vsMA25<-5,3,10,5,30,60.0000,56.0000,9.4372,-3.0226,-3.0226,8.8407,-6.9950,4.4532
BB<20 + vsMA25<-5,2,10,5,30,60.0000,56.0000,9.4372,-3.0226,-3.0226,8.8407,-6.9950,4.4532
RSI<35 + vsMA25<-5,2,10,5,24,60.0000,56.0000,9.4372,-3.0226,-3.0226,8.8407,-6.9950,4.4532
BB<20 + RET5<-3 + vsMA25<-5,3,10,5,28,60.0000,56.0000,9.4372,-3.0226,-3.0226,8.8407,-6.9950,4.4532
vsMA25<-5,1,10,5,34,60.0000,56.0000,9.4372,-3.0226,-3.0226,8.8407,-6.9950,4.4532
BB<20 + BB<10 + vsMA25<-5,3,10,5,26,60.0000,56.0000,9.4372,-3.0226,-3.0226,8.8407,-6.9950,4.4532
RSI<40 + RET5<-3 + vsMA25<-5,3,10,5,28,60.0000,56.0000,9.4372,-3.0226,-3.0226,8.8407,-6.9950,4.4532
RSI<40 + RET5<-3 + GOLDEN,3,10,3,30,66.6667,121.0000,10.3798,-7.4680,-7.4680,10.5017,-9.0666,4.4305
RET5<-3,1,15,5,106,40.0000,167.5000,14.6800,-2.4072,-2.0622,10.6829,-12.5310,4.4277
RET20<-5 + RET5<-3 + GOLDEN,3,5,6,22,83.3333,26.8000,5.7428,-2.2273,-2.2273,5.2106,-6.7192,4.4144
RSI<35 + RET20<-5 + GOLDEN,3,5,6,26,83.3333,21.0000,5.7065,-2.2273,-2.2273,5.2911,-6.3566,4.3842
BB<20 + RET5<-3 + GOLDEN,3,10,3,38,66.6667,146.5000,10.2975,-7.4680,-7.4680,10.5641,-11.0865,4.3757
BB<10 + RET5<-3 + GOLDEN,3,10,3,34,66.6667,146.5000,10.2975,-7.4680,-7.4680,10.5641,-11.0865,4.3757
RSI<40 + BB<10 + GOLDEN,3,10,3,41,66.6667,124.5000,10.2968,-7.4680,-7.4680,10.2885,-9.0613,4.3752
RSI<40 + GOLDEN,2,10,3,66,66.6667,124.5000,10.2968,-7.4680,-7.4680,10.2885,-9.0613,4.3752
RSI<40 + BB<20 + GOLDEN,3,10,3,59,66.6667,124.5000,10.2968,-7.4680,-7.4680,10.2885,-9.0613,4.3752
DD<=-10 + RET20<-5 + RET5<-3,3,5,6,29,83.3333,44.4000,5.6772,-2.2273,-2.2273,5.1105,-7.6476,4.3598
BB<20 + DD<=-10 + RET20<-5,3,5,6,43,83.3333,44.4000,5.6772,-2.2273,-2.2273,5.1105,-7.6476,4.3598
BB<10 + DD<=-10 + RET20<-5,3,5,6,31,83.3333,44.4000,5.6772,-2.2273,-2.2273,5.1105,-7.6476,4.3598
RSI<40 + DD<=-10 + RET20<-5,3,5,6,50,83.3333,44.4000,5.6772,-2.2273,-2.2273,5.1105,-7.6476,4.3598
RSI<35 + RSI<40 + BB<20,3,5,10,49,90.0000,37.0000,5.0701,-2.2273,-2.2273,4.9605,-5.9620,4.3403
RSI<35 + RSI<40 + BB<10,3,5,10,42,90.0000,37.0000,5.0701,-2.2273,-2.2273,4.9605,-5.9620,4.3403
RSI<35 + BB<20 + BB<10,3,5,10,42,90.0000,37.0000,5.0701,-2.2273,-2.2273,4.9605,-5.9620,4.3403
RSI<35 + BB<10,2,5,10,42,90.0000,37.0000,5.0701,-2.2273,-2.2273,4.9605,-5.9620,4.3403
RSI<35,1,5,10,51,90.0000,37.0000,5.0701,-2.2273,-2.2273,4.9605,-5.9620,4.3403
RSI<35 + RSI<40,2,5,10,51,90.0000,37.0000,5.0701,-2.2273,-2.2273,4.9605,-5.9620,4.3403
RSI<35 + BB<20,2,5,10,49,90.0000,37.0000,5.0701,-2.2273,-2.2273,4.9605,-5.9620,4.3403
RSI<35 + DD<=-10 + RET20<-5,3,5,6,32,83.3333,44.2000,5.6509,-2.2273,-2.2273,5.0886,-7.6666,4.3378
DD<=-10 + RET20<-5 + GOLDEN,3,5,5,39,80.0000,27.2500,5.8089,-2.2273,-2.2273,5.0927,-8.7204,4.2017
RSI<40 + RET5<-3 + GOLDEN,3,5,7,30,85.7143,31.1667,5.2611,-2.2273,-2.2273,4.8556,-6.9746,4.1913
BB<10 + GOLDEN,2,10,3,59,66.6667,147.5000,9.9911,-7.4680,-7.4680,10.3593,-11.2569,4.1714
BB<20 + BB<10 + GOLDEN,3,10,3,59,66.6667,147.5000,9.9911,-7.4680,-7.4680,10.3593,-11.2569,4.1714
RSI<40 + BB<10 + GOLDEN,3,5,7,41,85.7143,36.5000,5.3869,-3.5760,-3.5760,4.8544,-7.9293,4.1065
RSI<40 + BB<20 + GOLDEN,3,5,7,59,85.7143,36.5000,5.3869,-3.5760,-3.5760,4.8544,-7.9293,4.1065
RSI<40 + GOLDEN,2,5,7,66,85.7143,36.5000,5.3869,-3.5760,-3.5760,4.8544,-7.9293,4.1065
RSI<40 + BB<10 + DD<=-10,3,5,6,47,83.3333,53.0000,5.3091,-2.2273,-2.2273,4.7774,-8.9191,4.0531
RSI<40 + DD<=-10,2,5,6,69,83.3333,53.0000,5.3091,-2.2273,-2.2273,4.7774,-8.9191,4.0531
RSI<40 + BB<20 + DD<=-10,3,5,6,60,83.3333,53.0000,5.3091,-2.2273,-2.2273,4.7774,-8.9191,4.0531
RSI<40 + DD<=-10 + GOLDEN,3,10,2,40,50.0000,154.0000,10.6309,-2.6810,-2.6810,8.7682,-11.4223,3.9750
RSI<35 + BB<10 + GOLDEN,3,5,6,20,83.3333,28.0000,5.1922,-2.2273,-2.2273,4.8244,-7.3449,3.9556
RSI<35 + RSI<40 + GOLDEN,3,5,6,29,83.3333,28.0000,5.1922,-2.2273,-2.2273,4.8244,-7.3449,3.9556
RSI<35 + GOLDEN,2,5,6,29,83.3333,28.0000,5.1922,-2.2273,-2.2273,4.8244,-7.3449,3.9556
RSI<35 + BB<20 + GOLDEN,3,5,6,27,83.3333,28.0000,5.1922,-2.2273,-2.2273,4.8244,-7.3449,3.9556
BB<20 + BB<10 + 52W<20,3,10,3,30,66.6667,6.0000,9.6427,-7.4353,-7.4353,10.1743,-4.9738,3.9501
52W<20,1,10,3,52,66.6667,6.0000,9.6427,-7.4353,-7.4353,10.1743,-4.9738,3.9501
52W<30 + 52W<20 + RET5<-3,3,10,3,22,66.6667,6.0000,9.6427,-7.4353,-7.4353,10.1743,-4.9738,3.9501
BB<20 + 52W<20,2,10,3,37,66.6667,6.0000,9.6427,-7.4353,-7.4353,10.1743,-4.9738,3.9501
BB<20 + 52W<20 + RET5<-3,3,10,3,21,66.6667,6.0000,9.6427,-7.4353,-7.4353,10.1743,-4.9738,3.9501
BB<20 + 52W<30 + 52W<20,3,10,3,37,66.6667,6.0000,9.6427,-7.4353,-7.4353,10.1743,-4.9738,3.9501
BB<10 + 52W<30 + 52W<20,3,10,3,30,66.6667,6.0000,9.6427,-7.4353,-7.4353,10.1743,-4.9738,3.9501
52W<30 + 52W<20,2,10,3,52,66.6667,6.0000,9.6427,-7.4353,-7.4353,10.1743,-4.9738,3.9501
52W<20 + RET5<-3,2,10,3,22,66.6667,6.0000,9.6427,-7.4353,-7.4353,10.1743,-4.9738,3.9501
BB<10 + 52W<20 + RET5<-3,3,10,3,20,66.6667,6.0000,9.6427,-7.4353,-7.4353,10.1743,-4.9738,3.9501
BB<10 + 52W<20,2,10,3,30,66.6667,6.0000,9.6427,-7.4353,-7.4353,10.1743,-4.9738,3.9501
BB<10 + DD<=-10 + RET5<-3,3,5,6,37,83.3333,54.8000,5.1836,-2.2273,-2.2273,4.7052,-9.0807,3.9485
BB<20 + DD<=-10 + RET5<-3,3,5,6,42,83.3333,54.8000,5.1836,-2.2273,-2.2273,4.7052,-9.0807,3.9485
DD<=-10 + RET5<-3,2,5,6,52,83.3333,54.8000,5.1836,-2.2273,-2.2273,4.7052,-9.0807,3.9485
DD<=-10,1,5,7,208,85.7143,59.6667,4.9651,-2.2273,-2.2273,4.7160,-7.8529,3.9376
RSI<40 + DD<=-10 + RET5<-3,3,5,6,40,83.3333,52.2000,5.1687,-2.2273,-2.2273,4.6640,-8.8027,3.9361
DD<=-10 + STREAK>=10,2,5,4,99,75.0000,54.0000,5.0882,0.4723,0.4723,5.0282,-7.0276,3.9342
DD<=-10 + STREAK>=5 + STREAK>=10,3,5,4,99,75.0000,54.0000,5.0882,0.4723,0.4723,5.0282,-7.0276,3.9342
STREAK>=10,1,5,4,99,75.0000,54.0000,5.0882,0.4723,0.4723,5.0282,-7.0276,3.9342
STREAK>=5 + STREAK>=10,2,5,4,99,75.0000,54.0000,5.0882,0.4723,0.4723,5.0282,-7.0276,3.9342
RSI<35 + DD<=-10,2,5,6,38,83.3333,51.0000,5.1325,-2.2273,-2.2273,4.6183,-8.6580,3.9058
RSI<35 + BB<10 + DD<=-10,3,5,6,30,83.3333,51.0000,5.1325,-2.2273,-2.2273,4.6183,-8.6580,3.9058
RSI<35 + BB<20 + DD<=-10,3,5,6,36,83.3333,51.0000,5.1325,-2.2273,-2.2273,4.6183,-8.6580,3.9058
RSI<35 + RSI<40 + DD<=-10,3,5,6,38,83.3333,51.0000,5.1325,-2.2273,-2.2273,4.6183,-8.6580,3.9058
BB<20 + DD<=-10,2,5,6,75,83.3333,69.8000,5.0803,-2.2273,-2.2273,4.6193,-8.9082,3.8624
DD<=-10 + RET5<-3 + GOLDEN,3,10,2,23,50.0000,156.0000,10.3107,-2.6810,-2.6810,8.7382,-11.9071,3.8149
DD<=-10 + GOLDEN,2,10,2,67,50.0000,167.0000,10.2451,-2.6810,-2.6810,8.7375,-13.0667,3.7821
BB<20 + DD<=-10 + GOLDEN,3,10,2,37,50.0000,167.0000,10.2451,-2.6810,-2.6810,8.7375,-13.0667,3.7821
BB<10 + DD<=-10 + GOLDEN,3,10,2,25,50.0000,167.0000,10.2451,-2.6810,-2.6810,8.7375,-13.0667,3.7821
RSI<35 + DD<=-10 + vsMA75<-5,3,10,3,23,33.3333,19.0000,9.7917,0.7593,0.7593,7.3065,-12.4614,3.7701
BB<10,1,15,4,109,50.0000,163.5000,14.9897,-7.4517,-7.4517,12.2846,-11.8019,3.7690
BB<20 + BB<10,2,15,4,109,50.0000,163.5000,14.9897,-7.4517,-7.4517,12.2846,-11.8019,3.7690
DD<=-10 + RET5<-3 + vsMA75<-5,3,10,3,27,33.3333,19.0000,9.7917,0.6963,0.6963,9.4705,-12.3047,3.7281
DD<=-10 + vsMA75<-5,2,10,3,65,33.3333,19.0000,9.7917,0.6963,0.6963,9.4705,-12.3047,3.7281
BB<20 + BB<10 + DD<=-10,3,5,5,53,80.0000,85.7500,5.2097,-2.2273,-2.2273,4.5332,-10.6899,3.7223
BB<10 + DD<=-10,2,5,5,53,80.0000,85.7500,5.2097,-2.2273,-2.2273,4.5332,-10.6899,3.7223
RSI<40 + BB<20 + RET5<-3,3,5,10,62,80.0000,27.5000,5.2784,-2.9263,-2.9263,4.8319,-6.4136,3.6374
RSI<40 + RET5<-3,2,5,10,63,80.0000,27.5000,5.2784,-2.9263,-2.9263,4.8319,-6.4136,3.6374
DD<=-10 + RET20<-5 + vsMA75<-5,3,10,3,48,33.3333,19.0000,9.7917,0.4834,0.4834,7.3514,-12.4235,3.5861
STREAK>=5 + STREAK>=10 + vsMA75<-5,3,5,3,26,66.6667,10.5000,5.1071,0.4723,0.4723,5.1091,-7.9708,3.5622
DD<=-10 + STREAK>=10 + vsMA75<-5,3,5,3,26,66.6667,10.5000,5.1071,0.4723,0.4723,5.1091,-7.9708,3.5622
STREAK>=10 + vsMA75<-5,2,5,3,26,66.6667,10.5000,5.1071,0.4723,0.4723,5.1091,-7.9708,3.5622
BB<10 + DD<=-10 + RET20<-5,3,10,4,31,50.0000,53.5000,9.8022,-2.7224,-2.7224,7.7589,-10.9738,3.5399
RSI<40 + DD<=-10 + RET20<-5,3,10,4,50,50.0000,53.5000,9.8022,-2.7224,-2.7224,7.7589,-10.9738,3.5399
BB<20 + DD<=-10 + RET20<-5,3,10,4,43,50.0000,53.5000,9.8022,-2.7224,-2.7224,7.7589,-10.9738,3.5399
RSI<35 + DD<=-10 + RET20<-5,3,10,4,32,50.0000,53.5000,9.8022,-2.7224,-2.7224,7.7589,-10.9738,3.5399
DD<=-10 + RET20<-5,2,10,4,82,50.0000,53.5000,9.8022,-2.7224,-2.7224,7.7589,-10.9738,3.5399
DD<=-10 + RET20<-5 + RET5<-3,3,10,4,29,50.0000,53.5000,9.8022,-2.7224,-2.7224,7.7589,-10.9738,3.5399
RSI<40 + BB<10 + RET5<-3,3,5,9,57,77.7778,28.5714,5.3596,-2.9263,-2.9263,4.8108,-7.0093,3.5183
RSI<35 + DD<=-10 + GOLDEN,3,10,2,22,50.0000,147.0000,9.6766,-2.6810,-2.6810,8.5125,-11.0731,3.4978
RSI<40 + DD<=-10 + GOLDEN,3,5,4,40,75.0000,40.3333,5.3699,-2.2273,-2.2273,4.5217,-10.8449,3.4706
BB<10 + RET5<-3 + GOLDEN,3,5,5,34,80.0000,93.7500,5.5967,-5.0422,-5.0422,5.4115,-11.1851,3.4689
BB<20 + GOLDEN,2,10,3,95,66.6667,147.5000,9.9911,-9.5780,-9.5780,10.2050,-11.3689,3.4681
RSI<40 + RET5<-3,2,10,5,63,60.0000,72.3333,10.4207,-6.9657,-6.9657,9.8082,-8.0743,3.4661
RSI<40 + BB<10 + RET5<-3,3,10,5,57,60.0000,72.3333,10.4207,-6.9657,-6.9657,9.8082,-8.0743,3.4661
RSI<40 + BB<20 + RET5<-3,3,10,5,62,60.0000,72.3333,10.4207,-6.9657,-6.9657,9.8082,-8.0743,3.4661
RSI<40 + BB<10 + STREAK>=5,3,15,2,23,0.0000,,15.0000,3.4159,3.4159,11.3457,-10.5749,3.4159
BB<10 + STREAK>=5 + RET5<-3,3,15,2,20,0.0000,,15.0000,3.4159,3.4159,11.3457,-10.5749,3.4159
RSI<40 + BB<10 + STREAK>=5,3,20,2,23,0.0000,,20.0000,3.4159,3.4159,11.3457,-10.5749,3.4159
BB<10 + STREAK>=5,2,15,2,27,0.0000,,15.0000,3.4159,3.4159,11.3457,-10.5749,3.4159
BB<10 + STREAK>=5,2,20,2,27,0.0000,,20.0000,3.4159,3.4159,11.3457,-10.5749,3.4159
BB<20 + BB<10 + STREAK>=5,3,15,2,27,0.0000,,15.0000,3.4159,3.4159,11.3457,-10.5749,3.4159
BB<20 + BB<10 + STREAK>=5,3,20,2,27,0.0000,,20.0000,3.4159,3.4159,11.3457,-10.5749,3.4159
BB<10 + DD<=-10 + STREAK>=5,3,20,2,27,0.0000,,20.0000,3.4159,3.4159,11.3457,-10.5749,3.4159
BB<10 + DD<=-10 + STREAK>=5,3,15,2,27,0.0000,,15.0000,3.4159,3.4159,11.3457,-10.5749,3.4159
BB<10 + STREAK>=5 + RET5<-3,3,20,2,20,0.0000,,20.0000,3.4159,3.4159,11.3457,-10.5749,3.4159
GOLDEN,1,5,9,533,88.8889,55.1250,5.3071,-11.7335,-11.7335,4.9807,-5.9450,3.4137
RET20<-5,1,5,9,118,77.7778,25.0000,5.5436,-4.1002,-4.1002,4.9718,-6.6873,3.4005
RSI<40,1,5,10,113,80.0000,32.0000,5.1346,-3.6007,-3.6007,4.6813,-7.3800,3.3875
RSI<40 + BB<20,2,5,10,104,80.0000,32.0000,5.1346,-3.6007,-3.6007,4.6813,-7.3800,3.3875
BB<20 + BB<10 + GOLDEN,3,5,5,59,80.0000,94.2500,5.4513,-5.0152,-5.0152,5.3011,-11.2827,3.3580
BB<10 + GOLDEN,2,5,5,59,80.0000,94.2500,5.4513,-5.0152,-5.0152,5.3011,-11.2827,3.3580
STREAK>=10 + RET20<-5 + vsMA75<-5,3,5,2,21,50.0000,10.0000,6.2028,0.4723,0.4723,5.4235,-9.7988,3.3375
STREAK>=10 + RET20<-5 + vsMA75<-5,3,20,2,21,0.0000,,20.0000,3.3335,3.3335,9.2042,-9.7988,3.3335
STREAK>=10 + RET20<-5 + vsMA75<-5,3,15,2,21,0.0000,,15.0000,3.3335,3.3335,9.2042,-9.7988,3.3335
DD<=-10 + RET5<-3 + GOLDEN,3,5,4,23,75.0000,43.3333,5.1607,-2.2273,-2.2273,4.4133,-11.0873,3.3137
RSI<35 + DD<=-10 + GOLDEN,3,5,4,22,75.0000,39.0000,5.1359,-2.2273,-2.2273,4.3515,-10.6703,3.2951
BB<20,1,15,4,169,50.0000,163.5000,14.9897,-8.5066,-8.5066,12.1688,-11.8860,3.2415
RSI<40 + BB<10,2,5,9,79,77.7778,33.7143,5.1953,-3.6007,-3.6007,4.6435,-8.0831,3.2406
RSI<40 + BB<20 + BB<10,3,5,9,79,77.7778,33.7143,5.1953,-3.6007,-3.6007,4.6435,-8.0831,3.2406
RSI<35 + DD<=-10 + vsMA75<-5,3,20,2,23,0.0000,,20.0000,3.1909,3.1909,11.1408,-10.8502,3.1909
RSI<35 + DD<=-10 + vsMA75<-5,3,15,2,23,0.0000,,15.0000,3.1909,3.1909,11.1408,-10.8502,3.1909
RET5<-3 + GOLDEN,2,5,5,55,80.0000,88.5000,5.9194,-7.9724,-7.9724,5.1339,-8.9064,3.1411
BB<20 + RET5<-3 + GOLDEN,3,5,4,38,75.0000,111.0000,5.6659,-4.5284,-4.5284,5.6346,-9.4836,3.1173
BB<20 + BB<10 + DD<=-10,3,15,3,53,33.3333,97.0000,15.1455,-2.9493,-2.9493,10.2285,-10.8876,3.0823
RSI<35 + BB<10 + DD<=-10,3,15,3,30,33.3333,97.0000,15.1455,-2.9493,-2.9493,10.2285,-10.8876,3.0823
BB<10 + DD<=-10 + RET5<-3,3,15,3,37,33.3333,97.0000,15.1455,-2.9493,-2.9493,10.2285,-10.8876,3.0823
BB<20 + DD<=-10,2,15,3,75,33.3333,97.0000,15.1455,-2.9493,-2.9493,10.2285,-10.8876,3.0823
BB<20 + DD<=-10 + RET5<-3,3,15,3,42,33.3333,97.0000,15.1455,-2.9493,-2.9493,10.2285,-10.8876,3.0823
DD<=-10 + RET5<-3,2,15,3,52,33.3333,97.0000,15.1455,-2.9493,-2.9493,10.2285,-10.8876,3.0823
RSI<40 + BB<20 + DD<=-10,3,15,3,60,33.3333,97.0000,15.1455,-2.9493,-2.9493,10.2285,-10.8876,3.0823
DD<=-10 + RET5<-3 + vsMA25<-5,3,15,3,23,33.3333,97.0000,15.1455,-2.9493,-2.9493,10.2285,-10.8876,3.0823
RSI<40 + BB<10 + DD<=-10,3,15,3,47,33.3333,97.0000,15.1455,-2.9493,-2.9493,10.2285,-10.8876,3.0823
BB<10 + DD<=-10,2,15,3,53,33.3333,97.0000,15.1455,-2.9493,-2.9493,10.2285,-10.8876,3.0823
RSI<35 + BB<20 + DD<=-10,3,15,3,36,33.3333,97.0000,15.1455,-2.9493,-2.9493,10.2285,-10.8876,3.0823
BB<10 + DD<=-10 + vsMA25<-5,3,15,3,21,33.3333,97.0000,15.1455,-2.9493,-2.9493,10.2285,-10.8876,3.0823
RSI<40 + DD<=-10 + RET5<-3,3,15,3,40,33.3333,97.0000,15.1455,-2.9493,-2.9493,10.2285,-10.8876,3.0823
DD<=-10 + vsMA25<-5,2,15,3,29,33.3333,97.0000,15.1455,-2.9493,-2.9493,10.2285,-10.8876,3.0823
RSI<40 + DD<=-10,2,15,3,69,33.3333,97.0000,15.1455,-2.9493,-2.9493,10.2285,-10.8876,3.0823
RSI<35 + DD<=-10 + vsMA25<-5,3,15,3,20,33.3333,97.0000,15.1455,-2.9493,-2.9493,10.2285,-10.8876,3.0823
RSI<35 + DD<=-10 + RET5<-3,3,15,3,26,33.3333,97.0000,15.1455,-2.9493,-2.9493,10.2285,-10.8876,3.0823
BB<20 + DD<=-10 + vsMA25<-5,3,15,3,25,33.3333,97.0000,15.1455,-2.9493,-2.9493,10.2285,-10.8876,3.0823
DD<=-10,1,15,3,208,33.3333,97.0000,15.1455,-2.9493,-2.9493,10.2285,-10.8876,3.0823
RSI<35 + RSI<40 + DD<=-10,3,15,3,38,33.3333,97.0000,15.1455,-2.9493,-2.9493,10.2285,-10.8876,3.0823
RSI<35 + DD<=-10,2,15,3,38,33.3333,97.0000,15.1455,-2.9493,-2.9493,10.2285,-10.8876,3.0823
RSI<40 + DD<=-10 + vsMA25<-5,3,15,3,26,33.3333,97.0000,15.1455,-2.9493,-2.9493,10.2285,-10.8876,3.0823
DD<=-10 + RET5<-3 + vsMA75<-5,3,20,2,27,0.0000,,20.0000,2.9149,2.9149,11.2081,-10.7933,2.9149
DD<=-10 + RET5<-3 + vsMA75<-5,3,15,2,27,0.0000,,15.0000,2.9149,2.9149,11.2081,-10.7933,2.9149
RSI<40 + DD<=-10 + vsMA75<-5,3,20,2,36,0.0000,,20.0000,2.9149,2.9149,11.2081,-10.7933,2.9149
DD<=-10 + vsMA75<-5,2,20,2,65,0.0000,,20.0000,2.9149,2.9149,11.2081,-10.7933,2.9149
RSI<40 + DD<=-10 + vsMA75<-5,3,15,2,36,0.0000,,15.0000,2.9149,2.9149,11.2081,-10.7933,2.9149
BB<10 + DD<=-10 + vsMA75<-5,3,20,2,27,0.0000,,20.0000,2.9149,2.9149,11.2081,-10.7933,2.9149
DD<=-10 + vsMA75<-5,2,15,2,65,0.0000,,15.0000,2.9149,2.9149,11.2081,-10.7933,2.9149
BB<10 + DD<=-10 + vsMA75<-5,3,15,2,27,0.0000,,15.0000,2.9149,2.9149,11.2081,-10.7933,2.9149
BB<20 + DD<=-10 + vsMA75<-5,3,15,2,38,0.0000,,15.0000,2.9149,2.9149,11.2081,-10.7933,2.9149
BB<20 + DD<=-10 + vsMA75<-5,3,20,2,38,0.0000,,20.0000,2.9149,2.9149,11.2081,-10.7933,2.9149
DD<=-10 + RET20<-5 + vsMA75<-5,3,20,2,48,0.0000,,20.0000,2.9149,2.9149,11.2081,-10.7933,2.9149
DD<=-10 + RET20<-5 + vsMA75<-5,3,15,2,48,0.0000,,15.0000,2.9149,2.9149,11.2081,-10.7933,2.9149
STREAK>=10 + RET20<-5,2,5,2,31,50.0000,126.0000,5.3553,0.4723,0.4723,4.8821,-12.3961,2.9138
STREAK>=5 + STREAK>=10 + RET20<-5,3,5,2,31,50.0000,126.0000,5.3553,0.4723,0.4723,4.8821,-12.3961,2.9138
DD<=-10 + STREAK>=10 + RET20<-5,3,5,2,31,50.0000,126.0000,5.3553,0.4723,0.4723,4.8821,-12.3961,2.9138
BB<20 + GOLDEN,2,5,4,95,75.0000,112.0000,5.3243,-4.5284,-4.5284,5.3781,-9.7116,2.8611
DD<=-10 + STREAK>=10 + vsMA75<-5,3,15,2,26,0.0000,,15.0000,2.7523,2.7523,9.0983,-12.3570,2.7523
DD<=-10 + STREAK>=10 + vsMA75<-5,3,20,2,26,0.0000,,20.0000,2.7523,2.7523,9.0983,-12.3570,2.7523
STREAK>=10 + vsMA75<-5,2,10,2,26,0.0000,,10.0000,2.7523,2.7523,9.0983,-12.3570,2.7523
DD<=-10 + STREAK>=10 + vsMA75<-5,3,10,2,26,0.0000,,10.0000,2.7523,2.7523,9.0983,-12.3570,2.7523
STREAK>=5 + STREAK>=10 + vsMA75<-5,3,15,2,26,0.0000,,15.0000,2.7523,2.7523,9.0983,-12.3570,2.7523
STREAK>=10 + vsMA75<-5,2,15,2,26,0.0000,,15.0000,2.7523,2.7523,9.0983,-12.3570,2.7523
STREAK>=10 + vsMA75<-5,2,20,2,26,0.0000,,20.0000,2.7523,2.7523,9.0983,-12.3570,2.7523
STREAK>=5 + STREAK>=10 + vsMA75<-5,3,10,2,26,0.0000,,10.0000,2.7523,2.7523,9.0983,-12.3570,2.7523
STREAK>=5 + STREAK>=10 + vsMA75<-5,3,20,2,26,0.0000,,20.0000,2.7523,2.7523,9.0983,-12.3570,2.7523
RSI<40 + BB<20 + BB<10,3,10,4,79,50.0000,124.5000,10.2968,-4.8070,-4.8070,9.8132,-10.0788,2.7449
RSI<40 + BB<10,2,10,4,79,50.0000,124.5000,10.2968,-4.8070,-4.8070,9.8132,-10.0788,2.7449
RSI<40,1,10,4,113,50.0000,124.5000,10.2968,-4.8070,-4.8070,9.8132,-10.0788,2.7449
RSI<40 + BB<20,2,10,4,104,50.0000,124.5000,10.2968,-4.8070,-4.8070,9.8132,-10.0788,2.7449
DD<=-10 + GOLDEN,2,5,3,67,66.6667,99.5000,5.2015,-2.2273,-2.2273,4.0295,-14.4381,2.7253
BB<20 + DD<=-10 + GOLDEN,3,5,3,37,66.6667,99.5000,5.2015,-2.2273,-2.2273,4.0295,-14.4381,2.7253
BB<10 + DD<=-10 + GOLDEN,3,5,3,25,66.6667,99.5000,5.2015,-2.2273,-2.2273,4.0295,-14.4381,2.7253
RET5<-3,1,10,5,106,60.0000,128.6667,9.4647,-7.7039,-7.7039,8.0415,-11.3476,2.5973
RSI<35 + DD<=-10 + STREAK>=5,3,20,2,20,0.0000,,20.0000,2.1145,2.1145,6.9715,-11.6644,2.1145
RSI<35 + DD<=-10 + STREAK>=5,3,15,2,20,0.0000,,15.0000,2.1145,2.1145,6.9715,-11.6644,2.1145
RSI<35 + RSI<40 + STREAK>=5,3,15,2,20,0.0000,,15.0000,2.1145,2.1145,6.9715,-11.6644,2.1145
RSI<35 + RSI<40 + STREAK>=5,3,20,2,20,0.0000,,20.0000,2.1145,2.1145,6.9715,-11.6644,2.1145
RSI<35 + STREAK>=5,2,15,2,20,0.0000,,15.0000,2.1145,2.1145,6.9715,-11.6644,2.1145
RSI<35 + STREAK>=5,2,20,2,20,0.0000,,20.0000,2.1145,2.1145,6.9715,-11.6644,2.1145
BB<20 + BB<10,2,5,7,109,71.4286,72.8000,5.4375,-7.0655,-7.0655,5.0724,-10.9070,1.8652
BB<10,1,5,7,109,71.4286,72.8000,5.4375,-7.0655,-7.0655,5.0724,-10.9070,1.8652
BB<20 + BB<10 + RET5<-3,3,5,7,67,71.4286,63.0000,5.3726,-7.0790,-7.0790,5.0282,-10.3842,1.8150
BB<10 + RET5<-3,2,5,7,67,71.4286,63.0000,5.3726,-7.0790,-7.0790,5.0282,-10.3842,1.8150
RET5<-3,1,5,9,106,77.7778,48.2857,5.3299,-10.4985,-10.4985,4.6292,-7.4756,1.8125
BB<20 + RET5<-3,2,5,7,77,71.4286,60.2000,5.1688,-6.8221,-6.8221,5.1041,-8.2250,1.7428
BB<20 + RET5<-3,2,10,4,77,50.0000,146.5000,10.2975,-7.4517,-7.4517,9.9245,-11.6742,1.4229
BB<10 + RET5<-3,2,10,4,67,50.0000,146.5000,10.2975,-7.4517,-7.4517,9.9245,-11.6742,1.4229
BB<20 + BB<10 + RET5<-3,3,10,4,67,50.0000,146.5000,10.2975,-7.4517,-7.4517,9.9245,-11.6742,1.4229
DD<=-10,1,10,3,208,33.3333,88.0000,9.8127,-2.9493,-2.9493,8.4856,-10.8876,1.3047
RSI<35 + RSI<40 + DD<=-10,3,10,3,38,33.3333,88.0000,9.8127,-2.9493,-2.9493,8.4856,-10.8876,1.3047
RSI<40 + DD<=-10,2,10,3,69,33.3333,88.0000,9.8127,-2.9493,-2.9493,8.4856,-10.8876,1.3047
BB<10 + DD<=-10,2,10,3,53,33.3333,88.0000,9.8127,-2.9493,-2.9493,8.4856,-10.8876,1.3047
DD<=-10 + RET5<-3 + vsMA25<-5,3,10,3,23,33.3333,88.0000,9.8127,-2.9493,-2.9493,8.4856,-10.8876,1.3047
RSI<40 + BB<10 + DD<=-10,3,10,3,47,33.3333,88.0000,9.8127,-2.9493,-2.9493,8.4856,-10.8876,1.3047
RSI<35 + BB<20 + DD<=-10,3,10,3,36,33.3333,88.0000,9.8127,-2.9493,-2.9493,8.4856,-10.8876,1.3047
DD<=-10 + RET5<-3,2,10,3,52,33.3333,88.0000,9.8127,-2.9493,-2.9493,8.4856,-10.8876,1.3047
RSI<40 + BB<20 + DD<=-10,3,10,3,60,33.3333,88.0000,9.8127,-2.9493,-2.9493,8.4856,-10.8876,1.3047
RSI<35 + DD<=-10 + vsMA25<-5,3,10,3,20,33.3333,88.0000,9.8127,-2.9493,-2.9493,8.4856,-10.8876,1.3047
DD<=-10 + vsMA25<-5,2,10,3,29,33.3333,88.0000,9.8127,-2.9493,-2.9493,8.4856,-10.8876,1.3047
BB<10 + DD<=-10 + vsMA25<-5,3,10,3,21,33.3333,88.0000,9.8127,-2.9493,-2.9493,8.4856,-10.8876,1.3047
RSI<40 + DD<=-10 + RET5<-3,3,10,3,40,33.3333,88.0000,9.8127,-2.9493,-2.9493,8.4856,-10.8876,1.3047
BB<10 + DD<=-10 + RET5<-3,3,10,3,37,33.3333,88.0000,9.8127,-2.9493,-2.9493,8.4856,-10.8876,1.3047
RSI<35 + BB<10 + DD<=-10,3,10,3,30,33.3333,88.0000,9.8127,-2.9493,-2.9493,8.4856,-10.8876,1.3047
RSI<35 + DD<=-10 + RET5<-3,3,10,3,26,33.3333,88.0000,9.8127,-2.9493,-2.9493,8.4856,-10.8876,1.3047
RSI<35 + DD<=-10,2,10,3,38,33.3333,88.0000,9.8127,-2.9493,-2.9493,8.4856,-10.8876,1.3047
BB<20 + DD<=-10,2,10,3,75,33.3333,88.0000,9.8127,-2.9493,-2.9493,8.4856,-10.8876,1.3047
BB<20 + DD<=-10 + vsMA25<-5,3,10,3,25,33.3333,88.0000,9.8127,-2.9493,-2.9493,8.4856,-10.8876,1.3047
BB<20 + BB<10 + DD<=-10,3,10,3,53,33.3333,88.0000,9.8127,-2.9493,-2.9493,8.4856,-10.8876,1.3047
BB<20 + DD<=-10 + RET5<-3,3,10,3,42,33.3333,88.0000,9.8127,-2.9493,-2.9493,8.4856,-10.8876,1.3047
RSI<40 + DD<=-10 + vsMA25<-5,3,10,3,26,33.3333,88.0000,9.8127,-2.9493,-2.9493,8.4856,-10.8876,1.3047
BB<20,1,5,6,169,66.6667,81.0000,5.3500,-6.8221,-6.8221,5.0931,-9.7904,1.2927
BB<20 + BB<10,2,10,4,109,50.0000,147.5000,9.9911,-7.4517,-7.4517,9.7710,-11.8019,1.2697
BB<10,1,10,4,109,50.0000,147.5000,9.9911,-7.4517,-7.4517,9.7710,-11.8019,1.2697
STREAK>=5 + STREAK>=10 + RET20<-5,3,15,2,31,0.0000,,15.0000,1.1715,1.1715,6.1291,-12.3961,1.1715
STREAK>=5 + STREAK>=10 + RET20<-5,3,20,2,31,0.0000,,20.0000,1.1715,1.1715,6.1291,-12.3961,1.1715
STREAK>=10 + RET20<-5,2,10,2,31,0.0000,,10.0000,1.1715,1.1715,6.1291,-12.3961,1.1715
DD<=-10 + STREAK>=10 + RET20<-5,3,10,2,31,0.0000,,10.0000,1.1715,1.1715,6.1291,-12.3961,1.1715
STREAK>=10 + RET20<-5,2,20,2,31,0.0000,,20.0000,1.1715,1.1715,6.1291,-12.3961,1.1715
STREAK>=10 + RET20<-5,2,15,2,31,0.0000,,15.0000,1.1715,1.1715,6.1291,-12.3961,1.1715
STREAK>=5 + STREAK>=10 + RET20<-5,3,10,2,31,0.0000,,10.0000,1.1715,1.1715,6.1291,-12.3961,1.1715
DD<=-10 + STREAK>=10 + RET20<-5,3,20,2,31,0.0000,,20.0000,1.1715,1.1715,6.1291,-12.3961,1.1715
DD<=-10 + STREAK>=10 + RET20<-5,3,15,2,31,0.0000,,15.0000,1.1715,1.1715,6.1291,-12.3961,1.1715
BB<20,1,10,4,169,50.0000,147.5000,9.9911,-8.5066,-8.5066,9.6552,-11.8860,0.7422
DD<=-10 + STREAK>=10,2,20,2,99,0.0000,,20.0000,0.6928,0.6928,8.5776,-12.7968,0.6928
DD<=-10 + STREAK>=10,2,15,2,99,0.0000,,15.0000,0.6928,0.6928,8.5776,-12.7968,0.6928
STREAK>=5 + STREAK>=10,2,20,2,99,0.0000,,20.0000,0.6928,0.6928,8.5776,-12.7968,0.6928
DD<=-10 + STREAK>=10,2,10,2,99,0.0000,,10.0000,0.6928,0.6928,8.5776,-12.7968,0.6928
STREAK>=5 + STREAK>=10,2,10,2,99,0.0000,,10.0000,0.6928,0.6928,8.5776,-12.7968,0.6928
STREAK>=5 + STREAK>=10,2,15,2,99,0.0000,,15.0000,0.6928,0.6928,8.5776,-12.7968,0.6928
DD<=-10 + STREAK>=5 + STREAK>=10,3,20,2,99,0.0000,,20.0000,0.6928,0.6928,8.5776,-12.7968,0.6928
DD<=-10 + STREAK>=5 + STREAK>=10,3,10,2,99,0.0000,,10.0000,0.6928,0.6928,8.5776,-12.7968,0.6928
DD<=-10 + STREAK>=5 + STREAK>=10,3,15,2,99,0.0000,,15.0000,0.6928,0.6928,8.5776,-12.7968,0.6928
STREAK>=10,1,10,2,99,0.0000,,10.0000,0.6928,0.6928,8.5776,-12.7968,0.6928
STREAK>=10,1,20,2,99,0.0000,,20.0000,0.6928,0.6928,8.5776,-12.7968,0.6928
STREAK>=10,1,15,2,99,0.0000,,15.0000,0.6928,0.6928,8.5776,-12.7968,0.6928
